solid 
 facet normal -1.000000e+00  0.000000e+00 -0.000000e+00
   outer loop
     vertex -9.000000e+01  2.500000e+00  1.300000e+02
     vertex -9.000000e+01  2.500000e+00  0.000000e+00
     vertex -9.000000e+01 -2.500000e+00  0.000000e+00
   endloop
 endfacet
 facet normal -1.000000e+00  0.000000e+00  0.000000e+00
   outer loop
     vertex -9.000000e+01 -2.500000e+00  1.300000e+02
     vertex -9.000000e+01  2.500000e+00  1.300000e+02
     vertex -9.000000e+01 -2.500000e+00  0.000000e+00
   endloop
 endfacet
 facet normal  0.000000e+00 -1.000000e+00  0.000000e+00
   outer loop
     vertex -1.500000e+01 -2.500000e+00  0.000000e+00
     vertex -4.400000e+01 -2.500000e+00  2.150000e+01
     vertex -9.000000e+01 -2.500000e+00  0.000000e+00
   endloop
 endfacet
 facet normal -0.000000e+00 -1.000000e+00 -0.000000e+00
   outer loop
     vertex -1.500000e+01 -2.500000e+00  1.000000e+01
     vertex -4.400000e+01 -2.500000e+00  2.150000e+01
     vertex -1.500000e+01 -2.500000e+00  0.000000e+00
   endloop
 endfacet
 facet normal -0.000000e+00 -1.000000e+00  0.000000e+00
   outer loop
     vertex -1.400000e+01 -2.500000e+00  2.150000e+01
     vertex -4.400000e+01 -2.500000e+00  2.150000e+01
     vertex -1.500000e+01 -2.500000e+00  1.000000e+01
   endloop
 endfacet
 facet normal  0.000000e+00 -1.000000e+00 -0.000000e+00
   outer loop
     vertex -4.400000e+01 -2.500000e+00  5.150000e+01
     vertex -9.000000e+01 -2.500000e+00  0.000000e+00
     vertex -4.400000e+01 -2.500000e+00  2.150000e+01
   endloop
 endfacet
 facet normal  0.000000e+00 -1.000000e+00 -0.000000e+00
   outer loop
     vertex -4.400000e+01 -2.500000e+00  7.050000e+01
     vertex -9.000000e+01 -2.500000e+00  0.000000e+00
     vertex -4.400000e+01 -2.500000e+00  5.150000e+01
   endloop
 endfacet
 facet normal  0.000000e+00 -1.000000e+00 -0.000000e+00
   outer loop
     vertex  1.400000e+01 -2.500000e+00  2.150000e+01
     vertex -1.500000e+01 -2.500000e+00  1.000000e+01
     vertex  1.500000e+01 -2.500000e+00  1.000000e+01
   endloop
 endfacet
 facet normal -0.000000e+00 -1.000000e+00  0.000000e+00
   outer loop
     vertex  1.400000e+01 -2.500000e+00  2.150000e+01
     vertex -1.400000e+01 -2.500000e+00  2.150000e+01
     vertex -1.500000e+01 -2.500000e+00  1.000000e+01
   endloop
 endfacet
 facet normal  0.000000e+00 -1.000000e+00  0.000000e+00
   outer loop
     vertex -9.000000e+01 -2.500000e+00  1.300000e+02
     vertex -9.000000e+01 -2.500000e+00  0.000000e+00
     vertex -4.400000e+01 -2.500000e+00  7.050000e+01
   endloop
 endfacet
 facet normal  0.000000e+00 -1.000000e+00 -0.000000e+00
   outer loop
     vertex -1.400000e+01 -2.500000e+00  7.050000e+01
     vertex -4.400000e+01 -2.500000e+00  5.150000e+01
     vertex -1.400000e+01 -2.500000e+00  5.150000e+01
   endloop
 endfacet
 facet normal -0.000000e+00 -1.000000e+00  0.000000e+00
   outer loop
     vertex -1.400000e+01 -2.500000e+00  7.050000e+01
     vertex -4.400000e+01 -2.500000e+00  7.050000e+01
     vertex -4.400000e+01 -2.500000e+00  5.150000e+01
   endloop
 endfacet
 facet normal -0.000000e+00 -1.000000e+00 -0.000000e+00
   outer loop
     vertex -4.400000e+01 -2.500000e+00  1.005000e+02
     vertex -9.000000e+01 -2.500000e+00  1.300000e+02
     vertex -4.400000e+01 -2.500000e+00  7.050000e+01
   endloop
 endfacet
 facet normal -0.000000e+00 -1.000000e+00 -0.000000e+00
   outer loop
     vertex -5.699066e+01 -2.500000e+00  1.211027e+02
     vertex -9.000000e+01 -2.500000e+00  1.300000e+02
     vertex -5.693786e+01 -2.500000e+00  1.210488e+02
   endloop
 endfacet
 facet normal  0.000000e+00 -1.000000e+00  0.000000e+00
   outer loop
     vertex -5.688360e+01 -2.500000e+00  1.209964e+02
     vertex -5.693786e+01 -2.500000e+00  1.210488e+02
     vertex -9.000000e+01 -2.500000e+00  1.300000e+02
   endloop
 endfacet
 facet normal -0.000000e+00 -1.000000e+00 -0.000000e+00
   outer loop
     vertex -5.704196e+01 -2.500000e+00  1.211580e+02
     vertex -9.000000e+01 -2.500000e+00  1.300000e+02
     vertex -5.699066e+01 -2.500000e+00  1.211027e+02
   endloop
 endfacet
 facet normal  0.000000e+00 -1.000000e+00  0.000000e+00
   outer loop
     vertex -5.682793e+01 -2.500000e+00  1.209454e+02
     vertex -5.688360e+01 -2.500000e+00  1.209964e+02
     vertex -9.000000e+01 -2.500000e+00  1.300000e+02
   endloop
 endfacet
 facet normal -0.000000e+00 -1.000000e+00 -0.000000e+00
   outer loop
     vertex -5.709173e+01 -2.500000e+00  1.212147e+02
     vertex -9.000000e+01 -2.500000e+00  1.300000e+02
     vertex -5.704196e+01 -2.500000e+00  1.211580e+02
   endloop
 endfacet
 facet normal -0.000000e+00 -1.000000e+00 -0.000000e+00
   outer loop
     vertex -5.677088e+01 -2.500000e+00  1.208961e+02
     vertex -9.000000e+01 -2.500000e+00  1.300000e+02
     vertex -4.400000e+01 -2.500000e+00  1.005000e+02
   endloop
 endfacet
 facet normal  0.000000e+00 -1.000000e+00  0.000000e+00
   outer loop
     vertex -5.677088e+01 -2.500000e+00  1.208961e+02
     vertex -5.682793e+01 -2.500000e+00  1.209454e+02
     vertex -9.000000e+01 -2.500000e+00  1.300000e+02
   endloop
 endfacet
 facet normal -0.000000e+00 -1.000000e+00 -0.000000e+00
   outer loop
     vertex -5.713992e+01 -2.500000e+00  1.212728e+02
     vertex -9.000000e+01 -2.500000e+00  1.300000e+02
     vertex -5.709173e+01 -2.500000e+00  1.212147e+02
   endloop
 endfacet
 facet normal -0.000000e+00 -1.000000e+00 -0.000000e+00
   outer loop
     vertex -5.671249e+01 -2.500000e+00  1.208483e+02
     vertex -5.677088e+01 -2.500000e+00  1.208961e+02
     vertex -4.400000e+01 -2.500000e+00  1.005000e+02
   endloop
 endfacet
 facet normal -0.000000e+00 -1.000000e+00 -0.000000e+00
   outer loop
     vertex -5.718650e+01 -2.500000e+00  1.213321e+02
     vertex -9.000000e+01 -2.500000e+00  1.300000e+02
     vertex -5.713992e+01 -2.500000e+00  1.212728e+02
   endloop
 endfacet
 facet normal -0.000000e+00 -1.000000e+00 -0.000000e+00
   outer loop
     vertex -5.665281e+01 -2.500000e+00  1.208021e+02
     vertex -5.671249e+01 -2.500000e+00  1.208483e+02
     vertex -4.400000e+01 -2.500000e+00  1.005000e+02
   endloop
 endfacet
 facet normal -0.000000e+00 -1.000000e+00 -0.000000e+00
   outer loop
     vertex -5.723143e+01 -2.500000e+00  1.213928e+02
     vertex -9.000000e+01 -2.500000e+00  1.300000e+02
     vertex -5.718650e+01 -2.500000e+00  1.213321e+02
   endloop
 endfacet
 facet normal -0.000000e+00 -1.000000e+00 -0.000000e+00
   outer loop
     vertex -5.659190e+01 -2.500000e+00  1.207576e+02
     vertex -5.665281e+01 -2.500000e+00  1.208021e+02
     vertex -4.400000e+01 -2.500000e+00  1.005000e+02
   endloop
 endfacet
 facet normal -0.000000e+00 -1.000000e+00 -0.000000e+00
   outer loop
     vertex -5.727468e+01 -2.500000e+00  1.214546e+02
     vertex -9.000000e+01 -2.500000e+00  1.300000e+02
     vertex -5.723143e+01 -2.500000e+00  1.213928e+02
   endloop
 endfacet
 facet normal -0.000000e+00 -1.000000e+00 -0.000000e+00
   outer loop
     vertex -5.652978e+01 -2.500000e+00  1.207148e+02
     vertex -5.659190e+01 -2.500000e+00  1.207576e+02
     vertex -4.400000e+01 -2.500000e+00  1.005000e+02
   endloop
 endfacet
 facet normal -0.000000e+00 -1.000000e+00 -0.000000e+00
   outer loop
     vertex -5.731622e+01 -2.500000e+00  1.215176e+02
     vertex -9.000000e+01 -2.500000e+00  1.300000e+02
     vertex -5.727468e+01 -2.500000e+00  1.214546e+02
   endloop
 endfacet
 facet normal -0.000000e+00 -1.000000e+00 -0.000000e+00
   outer loop
     vertex -5.646651e+01 -2.500000e+00  1.206737e+02
     vertex -5.652978e+01 -2.500000e+00  1.207148e+02
     vertex -4.400000e+01 -2.500000e+00  1.005000e+02
   endloop
 endfacet
 facet normal -0.000000e+00 -1.000000e+00 -0.000000e+00
   outer loop
     vertex -5.735602e+01 -2.500000e+00  1.215817e+02
     vertex -9.000000e+01 -2.500000e+00  1.300000e+02
     vertex -5.731622e+01 -2.500000e+00  1.215176e+02
   endloop
 endfacet
 facet normal -0.000000e+00 -1.000000e+00 -0.000000e+00
   outer loop
     vertex -5.640214e+01 -2.500000e+00  1.206343e+02
     vertex -5.646651e+01 -2.500000e+00  1.206737e+02
     vertex -4.400000e+01 -2.500000e+00  1.005000e+02
   endloop
 endfacet
 facet normal -0.000000e+00 -1.000000e+00 -0.000000e+00
   outer loop
     vertex -5.739405e+01 -2.500000e+00  1.216468e+02
     vertex -9.000000e+01 -2.500000e+00  1.300000e+02
     vertex -5.735602e+01 -2.500000e+00  1.215817e+02
   endloop
 endfacet
 facet normal -0.000000e+00 -1.000000e+00 -0.000000e+00
   outer loop
     vertex -5.633671e+01 -2.500000e+00  1.205967e+02
     vertex -5.640214e+01 -2.500000e+00  1.206343e+02
     vertex -4.400000e+01 -2.500000e+00  1.005000e+02
   endloop
 endfacet
 facet normal -0.000000e+00 -1.000000e+00 -0.000000e+00
   outer loop
     vertex -5.743027e+01 -2.500000e+00  1.217130e+02
     vertex -9.000000e+01 -2.500000e+00  1.300000e+02
     vertex -5.739405e+01 -2.500000e+00  1.216468e+02
   endloop
 endfacet
 facet normal -0.000000e+00 -1.000000e+00 -0.000000e+00
   outer loop
     vertex -5.627027e+01 -2.500000e+00  1.205610e+02
     vertex -5.633671e+01 -2.500000e+00  1.205967e+02
     vertex -4.400000e+01 -2.500000e+00  1.005000e+02
   endloop
 endfacet
 facet normal -0.000000e+00 -1.000000e+00 -0.000000e+00
   outer loop
     vertex -5.746466e+01 -2.500000e+00  1.217802e+02
     vertex -9.000000e+01 -2.500000e+00  1.300000e+02
     vertex -5.743027e+01 -2.500000e+00  1.217130e+02
   endloop
 endfacet
 facet normal -0.000000e+00 -1.000000e+00 -0.000000e+00
   outer loop
     vertex -5.620288e+01 -2.500000e+00  1.205270e+02
     vertex -5.627027e+01 -2.500000e+00  1.205610e+02
     vertex -4.400000e+01 -2.500000e+00  1.005000e+02
   endloop
 endfacet
 facet normal -0.000000e+00 -1.000000e+00 -0.000000e+00
   outer loop
     vertex -5.749720e+01 -2.500000e+00  1.218483e+02
     vertex -9.000000e+01 -2.500000e+00  1.300000e+02
     vertex -5.746466e+01 -2.500000e+00  1.217802e+02
   endloop
 endfacet
 facet normal -0.000000e+00 -1.000000e+00 -0.000000e+00
   outer loop
     vertex -5.613459e+01 -2.500000e+00  1.204950e+02
     vertex -5.620288e+01 -2.500000e+00  1.205270e+02
     vertex -4.400000e+01 -2.500000e+00  1.005000e+02
   endloop
 endfacet
 facet normal -0.000000e+00 -1.000000e+00 -0.000000e+00
   outer loop
     vertex -5.752785e+01 -2.500000e+00  1.219172e+02
     vertex -9.000000e+01 -2.500000e+00  1.300000e+02
     vertex -5.749720e+01 -2.500000e+00  1.218483e+02
   endloop
 endfacet
 facet normal -0.000000e+00 -1.000000e+00 -0.000000e+00
   outer loop
     vertex -5.606544e+01 -2.500000e+00  1.204648e+02
     vertex -5.613459e+01 -2.500000e+00  1.204950e+02
     vertex -4.400000e+01 -2.500000e+00  1.005000e+02
   endloop
 endfacet
 facet normal -0.000000e+00 -1.000000e+00 -0.000000e+00
   outer loop
     vertex -5.755661e+01 -2.500000e+00  1.219870e+02
     vertex -9.000000e+01 -2.500000e+00  1.300000e+02
     vertex -5.752785e+01 -2.500000e+00  1.219172e+02
   endloop
 endfacet
 facet normal -0.000000e+00 -1.000000e+00 -0.000000e+00
   outer loop
     vertex -5.599548e+01 -2.500000e+00  1.204365e+02
     vertex -5.606544e+01 -2.500000e+00  1.204648e+02
     vertex -4.400000e+01 -2.500000e+00  1.005000e+02
   endloop
 endfacet
 facet normal -0.000000e+00 -1.000000e+00 -0.000000e+00
   outer loop
     vertex -5.758344e+01 -2.500000e+00  1.220575e+02
     vertex -9.000000e+01 -2.500000e+00  1.300000e+02
     vertex -5.755661e+01 -2.500000e+00  1.219870e+02
   endloop
 endfacet
 facet normal -0.000000e+00 -1.000000e+00 -0.000000e+00
   outer loop
     vertex -5.592478e+01 -2.500000e+00  1.204102e+02
     vertex -5.599548e+01 -2.500000e+00  1.204365e+02
     vertex -4.400000e+01 -2.500000e+00  1.005000e+02
   endloop
 endfacet
 facet normal -0.000000e+00 -1.000000e+00 -0.000000e+00
   outer loop
     vertex -5.760832e+01 -2.500000e+00  1.221287e+02
     vertex -9.000000e+01 -2.500000e+00  1.300000e+02
     vertex -5.758344e+01 -2.500000e+00  1.220575e+02
   endloop
 endfacet
 facet normal -0.000000e+00 -1.000000e+00 -0.000000e+00
   outer loop
     vertex -5.585338e+01 -2.500000e+00  1.203858e+02
     vertex -5.592478e+01 -2.500000e+00  1.204102e+02
     vertex -4.400000e+01 -2.500000e+00  1.005000e+02
   endloop
 endfacet
 facet normal -0.000000e+00 -1.000000e+00 -0.000000e+00
   outer loop
     vertex -5.763124e+01 -2.500000e+00  1.222006e+02
     vertex -9.000000e+01 -2.500000e+00  1.300000e+02
     vertex -5.760832e+01 -2.500000e+00  1.221287e+02
   endloop
 endfacet
 facet normal -0.000000e+00 -1.000000e+00 -0.000000e+00
   outer loop
     vertex -5.578134e+01 -2.500000e+00  1.203633e+02
     vertex -5.585338e+01 -2.500000e+00  1.203858e+02
     vertex -4.400000e+01 -2.500000e+00  1.005000e+02
   endloop
 endfacet
 facet normal -0.000000e+00 -1.000000e+00 -0.000000e+00
   outer loop
     vertex -5.765218e+01 -2.500000e+00  1.222731e+02
     vertex -9.000000e+01 -2.500000e+00  1.300000e+02
     vertex -5.763124e+01 -2.500000e+00  1.222006e+02
   endloop
 endfacet
 facet normal -0.000000e+00 -1.000000e+00 -0.000000e+00
   outer loop
     vertex -5.570872e+01 -2.500000e+00  1.203429e+02
     vertex -5.578134e+01 -2.500000e+00  1.203633e+02
     vertex -4.400000e+01 -2.500000e+00  1.005000e+02
   endloop
 endfacet
 facet normal -0.000000e+00 -1.000000e+00 -0.000000e+00
   outer loop
     vertex -5.767113e+01 -2.500000e+00  1.223461e+02
     vertex -9.000000e+01 -2.500000e+00  1.300000e+02
     vertex -5.765218e+01 -2.500000e+00  1.222731e+02
   endloop
 endfacet
 facet normal -0.000000e+00 -1.000000e+00 -0.000000e+00
   outer loop
     vertex -5.563555e+01 -2.500000e+00  1.203244e+02
     vertex -5.570872e+01 -2.500000e+00  1.203429e+02
     vertex -4.400000e+01 -2.500000e+00  1.005000e+02
   endloop
 endfacet
 facet normal -0.000000e+00 -1.000000e+00 -0.000000e+00
   outer loop
     vertex -5.768806e+01 -2.500000e+00  1.224196e+02
     vertex -9.000000e+01 -2.500000e+00  1.300000e+02
     vertex -5.767113e+01 -2.500000e+00  1.223461e+02
   endloop
 endfacet
 facet normal -0.000000e+00 -1.000000e+00 -0.000000e+00
   outer loop
     vertex -5.556191e+01 -2.500000e+00  1.203080e+02
     vertex -5.563555e+01 -2.500000e+00  1.203244e+02
     vertex -4.400000e+01 -2.500000e+00  1.005000e+02
   endloop
 endfacet
 facet normal -0.000000e+00 -1.000000e+00 -0.000000e+00
   outer loop
     vertex -5.770297e+01 -2.500000e+00  1.224936e+02
     vertex -9.000000e+01 -2.500000e+00  1.300000e+02
     vertex -5.768806e+01 -2.500000e+00  1.224196e+02
   endloop
 endfacet
 facet normal -0.000000e+00 -1.000000e+00 -0.000000e+00
   outer loop
     vertex -5.548785e+01 -2.500000e+00  1.202936e+02
     vertex -5.556191e+01 -2.500000e+00  1.203080e+02
     vertex -4.400000e+01 -2.500000e+00  1.005000e+02
   endloop
 endfacet
 facet normal -0.000000e+00 -1.000000e+00 -0.000000e+00
   outer loop
     vertex -5.771585e+01 -2.500000e+00  1.225679e+02
     vertex -9.000000e+01 -2.500000e+00  1.300000e+02
     vertex -5.770297e+01 -2.500000e+00  1.224936e+02
   endloop
 endfacet
 facet normal -0.000000e+00 -1.000000e+00 -0.000000e+00
   outer loop
     vertex -5.541342e+01 -2.500000e+00  1.202813e+02
     vertex -5.548785e+01 -2.500000e+00  1.202936e+02
     vertex -4.400000e+01 -2.500000e+00  1.005000e+02
   endloop
 endfacet
 facet normal -0.000000e+00 -1.000000e+00 -0.000000e+00
   outer loop
     vertex -5.772668e+01 -2.500000e+00  1.226426e+02
     vertex -9.000000e+01 -2.500000e+00  1.300000e+02
     vertex -5.771585e+01 -2.500000e+00  1.225679e+02
   endloop
 endfacet
 facet normal -0.000000e+00 -1.000000e+00 -0.000000e+00
   outer loop
     vertex -5.533868e+01 -2.500000e+00  1.202709e+02
     vertex -5.541342e+01 -2.500000e+00  1.202813e+02
     vertex -4.400000e+01 -2.500000e+00  1.005000e+02
   endloop
 endfacet
 facet normal -0.000000e+00 -1.000000e+00 -0.000000e+00
   outer loop
     vertex -5.773546e+01 -2.500000e+00  1.227175e+02
     vertex -9.000000e+01 -2.500000e+00  1.300000e+02
     vertex -5.772668e+01 -2.500000e+00  1.226426e+02
   endloop
 endfacet
 facet normal -0.000000e+00 -1.000000e+00 -0.000000e+00
   outer loop
     vertex -5.526368e+01 -2.500000e+00  1.202627e+02
     vertex -5.533868e+01 -2.500000e+00  1.202709e+02
     vertex -4.400000e+01 -2.500000e+00  1.005000e+02
   endloop
 endfacet
 facet normal -0.000000e+00 -1.000000e+00 -0.000000e+00
   outer loop
     vertex -5.774218e+01 -2.500000e+00  1.227927e+02
     vertex -9.000000e+01 -2.500000e+00  1.300000e+02
     vertex -5.773546e+01 -2.500000e+00  1.227175e+02
   endloop
 endfacet
 facet normal -0.000000e+00 -1.000000e+00 -0.000000e+00
   outer loop
     vertex -5.518848e+01 -2.500000e+00  1.202565e+02
     vertex -5.526368e+01 -2.500000e+00  1.202627e+02
     vertex -4.400000e+01 -2.500000e+00  1.005000e+02
   endloop
 endfacet
 facet normal -0.000000e+00 -1.000000e+00 -0.000000e+00
   outer loop
     vertex -5.774683e+01 -2.500000e+00  1.228680e+02
     vertex -9.000000e+01 -2.500000e+00  1.300000e+02
     vertex -5.774218e+01 -2.500000e+00  1.227927e+02
   endloop
 endfacet
 facet normal -0.000000e+00 -1.000000e+00 -0.000000e+00
   outer loop
     vertex -5.511315e+01 -2.500000e+00  1.202523e+02
     vertex -5.518848e+01 -2.500000e+00  1.202565e+02
     vertex -4.400000e+01 -2.500000e+00  1.005000e+02
   endloop
 endfacet
 facet normal -0.000000e+00 -1.000000e+00 -0.000000e+00
   outer loop
     vertex -5.774942e+01 -2.500000e+00  1.229434e+02
     vertex -9.000000e+01 -2.500000e+00  1.300000e+02
     vertex -5.774683e+01 -2.500000e+00  1.228680e+02
   endloop
 endfacet
 facet normal -0.000000e+00 -1.000000e+00 -0.000000e+00
   outer loop
     vertex -5.503773e+01 -2.500000e+00  1.202503e+02
     vertex -5.511315e+01 -2.500000e+00  1.202523e+02
     vertex -4.400000e+01 -2.500000e+00  1.005000e+02
   endloop
 endfacet
 facet normal -0.000000e+00 -1.000000e+00 -0.000000e+00
   outer loop
     vertex -5.774994e+01 -2.500000e+00  1.230189e+02
     vertex -9.000000e+01 -2.500000e+00  1.300000e+02
     vertex -5.774942e+01 -2.500000e+00  1.229434e+02
   endloop
 endfacet
 facet normal -0.000000e+00 -1.000000e+00 -0.000000e+00
   outer loop
     vertex -5.496227e+01 -2.500000e+00  1.202503e+02
     vertex -5.503773e+01 -2.500000e+00  1.202503e+02
     vertex -4.400000e+01 -2.500000e+00  1.005000e+02
   endloop
 endfacet
 facet normal -0.000000e+00 -1.000000e+00  0.000000e+00
   outer loop
     vertex -5.774838e+01 -2.500000e+00  1.230943e+02
     vertex -9.000000e+01 -2.500000e+00  1.300000e+02
     vertex -5.774994e+01 -2.500000e+00  1.230189e+02
   endloop
 endfacet
 facet normal  0.000000e+00 -1.000000e+00 -0.000000e+00
   outer loop
     vertex -5.488685e+01 -2.500000e+00  1.202523e+02
     vertex -5.496227e+01 -2.500000e+00  1.202503e+02
     vertex -4.400000e+01 -2.500000e+00  1.005000e+02
   endloop
 endfacet
 facet normal -0.000000e+00 -1.000000e+00  0.000000e+00
   outer loop
     vertex -5.774476e+01 -2.500000e+00  1.231697e+02
     vertex -9.000000e+01 -2.500000e+00  1.300000e+02
     vertex -5.774838e+01 -2.500000e+00  1.230943e+02
   endloop
 endfacet
 facet normal  0.000000e+00 -1.000000e+00 -0.000000e+00
   outer loop
     vertex -5.481152e+01 -2.500000e+00  1.202565e+02
     vertex -5.488685e+01 -2.500000e+00  1.202523e+02
     vertex -4.400000e+01 -2.500000e+00  1.005000e+02
   endloop
 endfacet
 facet normal -0.000000e+00 -1.000000e+00  0.000000e+00
   outer loop
     vertex  1.400000e+01 -2.500000e+00  5.150000e+01
     vertex -1.400000e+01 -2.500000e+00  5.150000e+01
     vertex -1.400000e+01 -2.500000e+00  2.150000e+01
   endloop
 endfacet
 facet normal  0.000000e+00 -1.000000e+00 -0.000000e+00
   outer loop
     vertex  1.400000e+01 -2.500000e+00  5.150000e+01
     vertex -1.400000e+01 -2.500000e+00  2.150000e+01
     vertex  1.400000e+01 -2.500000e+00  2.150000e+01
   endloop
 endfacet
 facet normal  0.000000e+00 -1.000000e+00  0.000000e+00
   outer loop
     vertex  4.400000e+01 -2.500000e+00  2.150000e+01
     vertex  1.500000e+01 -2.500000e+00  1.000000e+01
     vertex  1.500000e+01 -2.500000e+00  0.000000e+00
   endloop
 endfacet
 facet normal -0.000000e+00 -1.000000e+00  0.000000e+00
   outer loop
     vertex  4.400000e+01 -2.500000e+00  2.150000e+01
     vertex  1.400000e+01 -2.500000e+00  2.150000e+01
     vertex  1.500000e+01 -2.500000e+00  1.000000e+01
   endloop
 endfacet
 facet normal -0.000000e+00 -1.000000e+00  0.000000e+00
   outer loop
     vertex -5.773907e+01 -2.500000e+00  1.232449e+02
     vertex -9.000000e+01 -2.500000e+00  1.300000e+02
     vertex -5.774476e+01 -2.500000e+00  1.231697e+02
   endloop
 endfacet
 facet normal  0.000000e+00 -1.000000e+00 -0.000000e+00
   outer loop
     vertex -5.473632e+01 -2.500000e+00  1.202627e+02
     vertex -5.481152e+01 -2.500000e+00  1.202565e+02
     vertex -4.400000e+01 -2.500000e+00  1.005000e+02
   endloop
 endfacet
 facet normal -0.000000e+00 -1.000000e+00  0.000000e+00
   outer loop
     vertex -5.773132e+01 -2.500000e+00  1.233199e+02
     vertex -9.000000e+01 -2.500000e+00  1.300000e+02
     vertex -5.773907e+01 -2.500000e+00  1.232449e+02
   endloop
 endfacet
 facet normal  0.000000e+00 -1.000000e+00 -0.000000e+00
   outer loop
     vertex -5.466132e+01 -2.500000e+00  1.202709e+02
     vertex -5.473632e+01 -2.500000e+00  1.202627e+02
     vertex -4.400000e+01 -2.500000e+00  1.005000e+02
   endloop
 endfacet
 facet normal -0.000000e+00 -1.000000e+00  0.000000e+00
   outer loop
     vertex -5.772152e+01 -2.500000e+00  1.233948e+02
     vertex -9.000000e+01 -2.500000e+00  1.300000e+02
     vertex -5.773132e+01 -2.500000e+00  1.233199e+02
   endloop
 endfacet
 facet normal  0.000000e+00 -1.000000e+00 -0.000000e+00
   outer loop
     vertex -5.458658e+01 -2.500000e+00  1.202813e+02
     vertex -5.466132e+01 -2.500000e+00  1.202709e+02
     vertex -4.400000e+01 -2.500000e+00  1.005000e+02
   endloop
 endfacet
 facet normal -0.000000e+00 -1.000000e+00  0.000000e+00
   outer loop
     vertex -5.770966e+01 -2.500000e+00  1.234693e+02
     vertex -9.000000e+01 -2.500000e+00  1.300000e+02
     vertex -5.772152e+01 -2.500000e+00  1.233948e+02
   endloop
 endfacet
 facet normal  0.000000e+00 -1.000000e+00 -0.000000e+00
   outer loop
     vertex -5.451215e+01 -2.500000e+00  1.202936e+02
     vertex -5.458658e+01 -2.500000e+00  1.202813e+02
     vertex -4.400000e+01 -2.500000e+00  1.005000e+02
   endloop
 endfacet
 facet normal -0.000000e+00 -1.000000e+00  0.000000e+00
   outer loop
     vertex -5.769577e+01 -2.500000e+00  1.235434e+02
     vertex -9.000000e+01 -2.500000e+00  1.300000e+02
     vertex -5.770966e+01 -2.500000e+00  1.234693e+02
   endloop
 endfacet
 facet normal  0.000000e+00 -1.000000e+00 -0.000000e+00
   outer loop
     vertex -5.443809e+01 -2.500000e+00  1.203080e+02
     vertex -5.451215e+01 -2.500000e+00  1.202936e+02
     vertex -4.400000e+01 -2.500000e+00  1.005000e+02
   endloop
 endfacet
 facet normal -0.000000e+00 -1.000000e+00  0.000000e+00
   outer loop
     vertex -5.767985e+01 -2.500000e+00  1.236172e+02
     vertex -9.000000e+01 -2.500000e+00  1.300000e+02
     vertex -5.769577e+01 -2.500000e+00  1.235434e+02
   endloop
 endfacet
 facet normal  0.000000e+00 -1.000000e+00 -0.000000e+00
   outer loop
     vertex -5.436445e+01 -2.500000e+00  1.203244e+02
     vertex -5.443809e+01 -2.500000e+00  1.203080e+02
     vertex -4.400000e+01 -2.500000e+00  1.005000e+02
   endloop
 endfacet
 facet normal -0.000000e+00 -1.000000e+00  0.000000e+00
   outer loop
     vertex -5.766191e+01 -2.500000e+00  1.236905e+02
     vertex -9.000000e+01 -2.500000e+00  1.300000e+02
     vertex -5.767985e+01 -2.500000e+00  1.236172e+02
   endloop
 endfacet
 facet normal  0.000000e+00 -1.000000e+00 -0.000000e+00
   outer loop
     vertex -5.429128e+01 -2.500000e+00  1.203429e+02
     vertex -5.436445e+01 -2.500000e+00  1.203244e+02
     vertex -4.400000e+01 -2.500000e+00  1.005000e+02
   endloop
 endfacet
 facet normal -0.000000e+00 -1.000000e+00  0.000000e+00
   outer loop
     vertex -5.764196e+01 -2.500000e+00  1.237632e+02
     vertex -9.000000e+01 -2.500000e+00  1.300000e+02
     vertex -5.766191e+01 -2.500000e+00  1.236905e+02
   endloop
 endfacet
 facet normal  0.000000e+00 -1.000000e+00 -0.000000e+00
   outer loop
     vertex -5.421866e+01 -2.500000e+00  1.203633e+02
     vertex -5.429128e+01 -2.500000e+00  1.203429e+02
     vertex -4.400000e+01 -2.500000e+00  1.005000e+02
   endloop
 endfacet
 facet normal -0.000000e+00 -1.000000e+00  0.000000e+00
   outer loop
     vertex -5.762003e+01 -2.500000e+00  1.238354e+02
     vertex -9.000000e+01 -2.500000e+00  1.300000e+02
     vertex -5.764196e+01 -2.500000e+00  1.237632e+02
   endloop
 endfacet
 facet normal  0.000000e+00 -1.000000e+00 -0.000000e+00
   outer loop
     vertex -5.414662e+01 -2.500000e+00  1.203858e+02
     vertex -5.421866e+01 -2.500000e+00  1.203633e+02
     vertex -4.400000e+01 -2.500000e+00  1.005000e+02
   endloop
 endfacet
 facet normal -0.000000e+00 -1.000000e+00  0.000000e+00
   outer loop
     vertex -5.759612e+01 -2.500000e+00  1.239070e+02
     vertex -9.000000e+01 -2.500000e+00  1.300000e+02
     vertex -5.762003e+01 -2.500000e+00  1.238354e+02
   endloop
 endfacet
 facet normal  0.000000e+00 -1.000000e+00 -0.000000e+00
   outer loop
     vertex -5.407522e+01 -2.500000e+00  1.204102e+02
     vertex -5.414662e+01 -2.500000e+00  1.203858e+02
     vertex -4.400000e+01 -2.500000e+00  1.005000e+02
   endloop
 endfacet
 facet normal -0.000000e+00 -1.000000e+00  0.000000e+00
   outer loop
     vertex -5.757026e+01 -2.500000e+00  1.239779e+02
     vertex -9.000000e+01 -2.500000e+00  1.300000e+02
     vertex -5.759612e+01 -2.500000e+00  1.239070e+02
   endloop
 endfacet
 facet normal  0.000000e+00 -1.000000e+00 -0.000000e+00
   outer loop
     vertex -5.400452e+01 -2.500000e+00  1.204365e+02
     vertex -5.407522e+01 -2.500000e+00  1.204102e+02
     vertex -4.400000e+01 -2.500000e+00  1.005000e+02
   endloop
 endfacet
 facet normal -0.000000e+00 -1.000000e+00  0.000000e+00
   outer loop
     vertex -5.754247e+01 -2.500000e+00  1.240480e+02
     vertex -9.000000e+01 -2.500000e+00  1.300000e+02
     vertex -5.757026e+01 -2.500000e+00  1.239779e+02
   endloop
 endfacet
 facet normal  0.000000e+00 -1.000000e+00 -0.000000e+00
   outer loop
     vertex -5.393456e+01 -2.500000e+00  1.204648e+02
     vertex -5.400452e+01 -2.500000e+00  1.204365e+02
     vertex -4.400000e+01 -2.500000e+00  1.005000e+02
   endloop
 endfacet
 facet normal -0.000000e+00 -1.000000e+00  0.000000e+00
   outer loop
     vertex -5.751276e+01 -2.500000e+00  1.241174e+02
     vertex -9.000000e+01 -2.500000e+00  1.300000e+02
     vertex -5.754247e+01 -2.500000e+00  1.240480e+02
   endloop
 endfacet
 facet normal  0.000000e+00 -1.000000e+00 -0.000000e+00
   outer loop
     vertex -5.386541e+01 -2.500000e+00  1.204950e+02
     vertex -5.393456e+01 -2.500000e+00  1.204648e+02
     vertex -4.400000e+01 -2.500000e+00  1.005000e+02
   endloop
 endfacet
 facet normal -0.000000e+00 -1.000000e+00  0.000000e+00
   outer loop
     vertex -5.748116e+01 -2.500000e+00  1.241859e+02
     vertex -9.000000e+01 -2.500000e+00  1.300000e+02
     vertex -5.751276e+01 -2.500000e+00  1.241174e+02
   endloop
 endfacet
 facet normal  0.000000e+00 -1.000000e+00 -0.000000e+00
   outer loop
     vertex -5.379712e+01 -2.500000e+00  1.205270e+02
     vertex -5.386541e+01 -2.500000e+00  1.204950e+02
     vertex -4.400000e+01 -2.500000e+00  1.005000e+02
   endloop
 endfacet
 facet normal -0.000000e+00 -1.000000e+00  0.000000e+00
   outer loop
     vertex -5.744769e+01 -2.500000e+00  1.242535e+02
     vertex -9.000000e+01 -2.500000e+00  1.300000e+02
     vertex -5.748116e+01 -2.500000e+00  1.241859e+02
   endloop
 endfacet
 facet normal  0.000000e+00 -1.000000e+00 -0.000000e+00
   outer loop
     vertex -5.372973e+01 -2.500000e+00  1.205610e+02
     vertex -5.379712e+01 -2.500000e+00  1.205270e+02
     vertex -4.400000e+01 -2.500000e+00  1.005000e+02
   endloop
 endfacet
 facet normal -0.000000e+00 -1.000000e+00  0.000000e+00
   outer loop
     vertex -5.741238e+01 -2.500000e+00  1.243202e+02
     vertex -9.000000e+01 -2.500000e+00  1.300000e+02
     vertex -5.744769e+01 -2.500000e+00  1.242535e+02
   endloop
 endfacet
 facet normal  0.000000e+00 -1.000000e+00 -0.000000e+00
   outer loop
     vertex -5.366329e+01 -2.500000e+00  1.205967e+02
     vertex -5.372973e+01 -2.500000e+00  1.205610e+02
     vertex -4.400000e+01 -2.500000e+00  1.005000e+02
   endloop
 endfacet
 facet normal -0.000000e+00 -1.000000e+00  0.000000e+00
   outer loop
     vertex -5.737526e+01 -2.500000e+00  1.243859e+02
     vertex -9.000000e+01 -2.500000e+00  1.300000e+02
     vertex -5.741238e+01 -2.500000e+00  1.243202e+02
   endloop
 endfacet
 facet normal  0.000000e+00 -1.000000e+00 -0.000000e+00
   outer loop
     vertex -5.359786e+01 -2.500000e+00  1.206343e+02
     vertex -5.366329e+01 -2.500000e+00  1.205967e+02
     vertex -4.400000e+01 -2.500000e+00  1.005000e+02
   endloop
 endfacet
 facet normal -0.000000e+00 -1.000000e+00  0.000000e+00
   outer loop
     vertex -5.733634e+01 -2.500000e+00  1.244505e+02
     vertex -9.000000e+01 -2.500000e+00  1.300000e+02
     vertex -5.737526e+01 -2.500000e+00  1.243859e+02
   endloop
 endfacet
 facet normal  0.000000e+00 -1.000000e+00 -0.000000e+00
   outer loop
     vertex -5.353349e+01 -2.500000e+00  1.206737e+02
     vertex -5.359786e+01 -2.500000e+00  1.206343e+02
     vertex -4.400000e+01 -2.500000e+00  1.005000e+02
   endloop
 endfacet
 facet normal -0.000000e+00 -1.000000e+00  0.000000e+00
   outer loop
     vertex -5.729567e+01 -2.500000e+00  1.245141e+02
     vertex -9.000000e+01 -2.500000e+00  1.300000e+02
     vertex -5.733634e+01 -2.500000e+00  1.244505e+02
   endloop
 endfacet
 facet normal  0.000000e+00 -1.000000e+00 -0.000000e+00
   outer loop
     vertex -5.347022e+01 -2.500000e+00  1.207148e+02
     vertex -5.353349e+01 -2.500000e+00  1.206737e+02
     vertex -4.400000e+01 -2.500000e+00  1.005000e+02
   endloop
 endfacet
 facet normal -0.000000e+00 -1.000000e+00  0.000000e+00
   outer loop
     vertex -5.725327e+01 -2.500000e+00  1.245765e+02
     vertex -9.000000e+01 -2.500000e+00  1.300000e+02
     vertex -5.729567e+01 -2.500000e+00  1.245141e+02
   endloop
 endfacet
 facet normal  0.000000e+00 -1.000000e+00 -0.000000e+00
   outer loop
     vertex -5.340810e+01 -2.500000e+00  1.207576e+02
     vertex -5.347022e+01 -2.500000e+00  1.207148e+02
     vertex -4.400000e+01 -2.500000e+00  1.005000e+02
   endloop
 endfacet
 facet normal -0.000000e+00 -1.000000e+00  0.000000e+00
   outer loop
     vertex -5.720917e+01 -2.500000e+00  1.246377e+02
     vertex -9.000000e+01 -2.500000e+00  1.300000e+02
     vertex -5.725327e+01 -2.500000e+00  1.245765e+02
   endloop
 endfacet
 facet normal  0.000000e+00 -1.000000e+00 -0.000000e+00
   outer loop
     vertex -5.334719e+01 -2.500000e+00  1.208021e+02
     vertex -5.340810e+01 -2.500000e+00  1.207576e+02
     vertex -4.400000e+01 -2.500000e+00  1.005000e+02
   endloop
 endfacet
 facet normal -0.000000e+00 -1.000000e+00  0.000000e+00
   outer loop
     vertex -5.716341e+01 -2.500000e+00  1.246977e+02
     vertex -9.000000e+01 -2.500000e+00  1.300000e+02
     vertex -5.720917e+01 -2.500000e+00  1.246377e+02
   endloop
 endfacet
 facet normal  0.000000e+00 -1.000000e+00 -0.000000e+00
   outer loop
     vertex -5.328751e+01 -2.500000e+00  1.208483e+02
     vertex -5.334719e+01 -2.500000e+00  1.208021e+02
     vertex -4.400000e+01 -2.500000e+00  1.005000e+02
   endloop
 endfacet
 facet normal -0.000000e+00 -1.000000e+00  0.000000e+00
   outer loop
     vertex -5.711602e+01 -2.500000e+00  1.247564e+02
     vertex -9.000000e+01 -2.500000e+00  1.300000e+02
     vertex -5.716341e+01 -2.500000e+00  1.246977e+02
   endloop
 endfacet
 facet normal  0.000000e+00 -1.000000e+00 -0.000000e+00
   outer loop
     vertex -5.322912e+01 -2.500000e+00  1.208961e+02
     vertex -5.328751e+01 -2.500000e+00  1.208483e+02
     vertex -4.400000e+01 -2.500000e+00  1.005000e+02
   endloop
 endfacet
 facet normal -0.000000e+00 -1.000000e+00  0.000000e+00
   outer loop
     vertex -5.706704e+01 -2.500000e+00  1.248138e+02
     vertex -9.000000e+01 -2.500000e+00  1.300000e+02
     vertex -5.711602e+01 -2.500000e+00  1.247564e+02
   endloop
 endfacet
 facet normal  0.000000e+00 -1.000000e+00 -0.000000e+00
   outer loop
     vertex -5.317207e+01 -2.500000e+00  1.209454e+02
     vertex -5.322912e+01 -2.500000e+00  1.208961e+02
     vertex -4.400000e+01 -2.500000e+00  1.005000e+02
   endloop
 endfacet
 facet normal -0.000000e+00 -1.000000e+00  0.000000e+00
   outer loop
     vertex -5.701650e+01 -2.500000e+00  1.248698e+02
     vertex -9.000000e+01 -2.500000e+00  1.300000e+02
     vertex -5.706704e+01 -2.500000e+00  1.248138e+02
   endloop
 endfacet
 facet normal  0.000000e+00 -1.000000e+00 -0.000000e+00
   outer loop
     vertex -5.311640e+01 -2.500000e+00  1.209964e+02
     vertex -5.317207e+01 -2.500000e+00  1.209454e+02
     vertex -4.400000e+01 -2.500000e+00  1.005000e+02
   endloop
 endfacet
 facet normal -0.000000e+00 -1.000000e+00  0.000000e+00
   outer loop
     vertex -5.696445e+01 -2.500000e+00  1.249244e+02
     vertex -9.000000e+01 -2.500000e+00  1.300000e+02
     vertex -5.701650e+01 -2.500000e+00  1.248698e+02
   endloop
 endfacet
 facet normal  0.000000e+00 -1.000000e+00 -0.000000e+00
   outer loop
     vertex -5.306214e+01 -2.500000e+00  1.210488e+02
     vertex -5.311640e+01 -2.500000e+00  1.209964e+02
     vertex -4.400000e+01 -2.500000e+00  1.005000e+02
   endloop
 endfacet
 facet normal -0.000000e+00 -1.000000e+00  0.000000e+00
   outer loop
     vertex -5.691091e+01 -2.500000e+00  1.249776e+02
     vertex -9.000000e+01 -2.500000e+00  1.300000e+02
     vertex -5.696445e+01 -2.500000e+00  1.249244e+02
   endloop
 endfacet
 facet normal  0.000000e+00 -1.000000e+00 -0.000000e+00
   outer loop
     vertex -5.300934e+01 -2.500000e+00  1.211027e+02
     vertex -5.306214e+01 -2.500000e+00  1.210488e+02
     vertex -4.400000e+01 -2.500000e+00  1.005000e+02
   endloop
 endfacet
 facet normal -0.000000e+00 -1.000000e+00  0.000000e+00
   outer loop
     vertex -5.685594e+01 -2.500000e+00  1.250293e+02
     vertex -9.000000e+01 -2.500000e+00  1.300000e+02
     vertex -5.691091e+01 -2.500000e+00  1.249776e+02
   endloop
 endfacet
 facet normal -0.000000e+00 -1.000000e+00  0.000000e+00
   outer loop
     vertex -5.679957e+01 -2.500000e+00  1.250794e+02
     vertex -9.000000e+01 -2.500000e+00  1.300000e+02
     vertex -5.685594e+01 -2.500000e+00  1.250293e+02
   endloop
 endfacet
 facet normal -0.000000e+00 -1.000000e+00  0.000000e+00
   outer loop
     vertex -5.674185e+01 -2.500000e+00  1.251280e+02
     vertex -9.000000e+01 -2.500000e+00  1.300000e+02
     vertex -5.679957e+01 -2.500000e+00  1.250794e+02
   endloop
 endfacet
 facet normal -0.000000e+00 -1.000000e+00  0.000000e+00
   outer loop
     vertex -5.668281e+01 -2.500000e+00  1.251750e+02
     vertex -9.000000e+01 -2.500000e+00  1.300000e+02
     vertex -5.674185e+01 -2.500000e+00  1.251280e+02
   endloop
 endfacet
 facet normal -0.000000e+00 -1.000000e+00  0.000000e+00
   outer loop
     vertex -5.662251e+01 -2.500000e+00  1.252204e+02
     vertex -9.000000e+01 -2.500000e+00  1.300000e+02
     vertex -5.668281e+01 -2.500000e+00  1.251750e+02
   endloop
 endfacet
 facet normal -0.000000e+00 -1.000000e+00  0.000000e+00
   outer loop
     vertex -5.656098e+01 -2.500000e+00  1.252640e+02
     vertex -9.000000e+01 -2.500000e+00  1.300000e+02
     vertex -5.662251e+01 -2.500000e+00  1.252204e+02
   endloop
 endfacet
 facet normal -0.000000e+00 -1.000000e+00  0.000000e+00
   outer loop
     vertex -5.649828e+01 -2.500000e+00  1.253060e+02
     vertex -9.000000e+01 -2.500000e+00  1.300000e+02
     vertex -5.656098e+01 -2.500000e+00  1.252640e+02
   endloop
 endfacet
 facet normal -0.000000e+00 -1.000000e+00  0.000000e+00
   outer loop
     vertex -5.643446e+01 -2.500000e+00  1.253462e+02
     vertex -9.000000e+01 -2.500000e+00  1.300000e+02
     vertex -5.649828e+01 -2.500000e+00  1.253060e+02
   endloop
 endfacet
 facet normal -0.000000e+00 -1.000000e+00  0.000000e+00
   outer loop
     vertex -5.636955e+01 -2.500000e+00  1.253847e+02
     vertex -9.000000e+01 -2.500000e+00  1.300000e+02
     vertex -5.643446e+01 -2.500000e+00  1.253462e+02
   endloop
 endfacet
 facet normal -0.000000e+00 -1.000000e+00  0.000000e+00
   outer loop
     vertex -5.630361e+01 -2.500000e+00  1.254214e+02
     vertex -9.000000e+01 -2.500000e+00  1.300000e+02
     vertex -5.636955e+01 -2.500000e+00  1.253847e+02
   endloop
 endfacet
 facet normal -0.000000e+00 -1.000000e+00  0.000000e+00
   outer loop
     vertex -5.623669e+01 -2.500000e+00  1.254562e+02
     vertex -9.000000e+01 -2.500000e+00  1.300000e+02
     vertex -5.630361e+01 -2.500000e+00  1.254214e+02
   endloop
 endfacet
 facet normal -0.000000e+00 -1.000000e+00  0.000000e+00
   outer loop
     vertex -5.616884e+01 -2.500000e+00  1.254892e+02
     vertex -9.000000e+01 -2.500000e+00  1.300000e+02
     vertex -5.623669e+01 -2.500000e+00  1.254562e+02
   endloop
 endfacet
 facet normal -0.000000e+00 -1.000000e+00  0.000000e+00
   outer loop
     vertex -5.610011e+01 -2.500000e+00  1.255204e+02
     vertex -9.000000e+01 -2.500000e+00  1.300000e+02
     vertex -5.616884e+01 -2.500000e+00  1.254892e+02
   endloop
 endfacet
 facet normal -0.000000e+00 -1.000000e+00  0.000000e+00
   outer loop
     vertex -5.603056e+01 -2.500000e+00  1.255496e+02
     vertex -9.000000e+01 -2.500000e+00  1.300000e+02
     vertex -5.610011e+01 -2.500000e+00  1.255204e+02
   endloop
 endfacet
 facet normal -0.000000e+00 -1.000000e+00  0.000000e+00
   outer loop
     vertex -5.596022e+01 -2.500000e+00  1.255769e+02
     vertex -9.000000e+01 -2.500000e+00  1.300000e+02
     vertex -5.603056e+01 -2.500000e+00  1.255496e+02
   endloop
 endfacet
 facet normal -0.000000e+00 -1.000000e+00  0.000000e+00
   outer loop
     vertex -5.588917e+01 -2.500000e+00  1.256023e+02
     vertex -9.000000e+01 -2.500000e+00  1.300000e+02
     vertex -5.596022e+01 -2.500000e+00  1.255769e+02
   endloop
 endfacet
 facet normal -0.000000e+00 -1.000000e+00  0.000000e+00
   outer loop
     vertex -5.581744e+01 -2.500000e+00  1.256257e+02
     vertex -9.000000e+01 -2.500000e+00  1.300000e+02
     vertex -5.588917e+01 -2.500000e+00  1.256023e+02
   endloop
 endfacet
 facet normal -0.000000e+00 -1.000000e+00  0.000000e+00
   outer loop
     vertex -5.574510e+01 -2.500000e+00  1.256471e+02
     vertex -9.000000e+01 -2.500000e+00  1.300000e+02
     vertex -5.581744e+01 -2.500000e+00  1.256257e+02
   endloop
 endfacet
 facet normal -0.000000e+00 -1.000000e+00  0.000000e+00
   outer loop
     vertex -5.567220e+01 -2.500000e+00  1.256666e+02
     vertex -9.000000e+01 -2.500000e+00  1.300000e+02
     vertex -5.574510e+01 -2.500000e+00  1.256471e+02
   endloop
 endfacet
 facet normal -0.000000e+00 -1.000000e+00  0.000000e+00
   outer loop
     vertex -5.559879e+01 -2.500000e+00  1.256840e+02
     vertex -9.000000e+01 -2.500000e+00  1.300000e+02
     vertex -5.567220e+01 -2.500000e+00  1.256666e+02
   endloop
 endfacet
 facet normal -0.000000e+00 -1.000000e+00  0.000000e+00
   outer loop
     vertex -5.552493e+01 -2.500000e+00  1.256994e+02
     vertex -9.000000e+01 -2.500000e+00  1.300000e+02
     vertex -5.559879e+01 -2.500000e+00  1.256840e+02
   endloop
 endfacet
 facet normal -0.000000e+00 -1.000000e+00  0.000000e+00
   outer loop
     vertex -5.545068e+01 -2.500000e+00  1.257128e+02
     vertex -9.000000e+01 -2.500000e+00  1.300000e+02
     vertex -5.552493e+01 -2.500000e+00  1.256994e+02
   endloop
 endfacet
 facet normal -0.000000e+00 -1.000000e+00  0.000000e+00
   outer loop
     vertex -5.537608e+01 -2.500000e+00  1.257242e+02
     vertex -9.000000e+01 -2.500000e+00  1.300000e+02
     vertex -5.545068e+01 -2.500000e+00  1.257128e+02
   endloop
 endfacet
 facet normal -0.000000e+00 -1.000000e+00  0.000000e+00
   outer loop
     vertex -5.530121e+01 -2.500000e+00  1.257335e+02
     vertex -9.000000e+01 -2.500000e+00  1.300000e+02
     vertex -5.537608e+01 -2.500000e+00  1.257242e+02
   endloop
 endfacet
 facet normal -0.000000e+00 -1.000000e+00  0.000000e+00
   outer loop
     vertex -5.522610e+01 -2.500000e+00  1.257407e+02
     vertex -9.000000e+01 -2.500000e+00  1.300000e+02
     vertex -5.530121e+01 -2.500000e+00  1.257335e+02
   endloop
 endfacet
 facet normal -0.000000e+00 -1.000000e+00  0.000000e+00
   outer loop
     vertex -5.515083e+01 -2.500000e+00  1.257459e+02
     vertex -9.000000e+01 -2.500000e+00  1.300000e+02
     vertex -5.522610e+01 -2.500000e+00  1.257407e+02
   endloop
 endfacet
 facet normal -0.000000e+00 -1.000000e+00  0.000000e+00
   outer loop
     vertex -5.507544e+01 -2.500000e+00  1.257490e+02
     vertex -9.000000e+01 -2.500000e+00  1.300000e+02
     vertex -5.515083e+01 -2.500000e+00  1.257459e+02
   endloop
 endfacet
 facet normal -0.000000e+00 -1.000000e+00  0.000000e+00
   outer loop
     vertex -5.500000e+01 -2.500000e+00  1.257500e+02
     vertex -9.000000e+01 -2.500000e+00  1.300000e+02
     vertex -5.507544e+01 -2.500000e+00  1.257490e+02
   endloop
 endfacet
 facet normal  0.000000e+00 -1.000000e+00  0.000000e+00
   outer loop
     vertex -5.492456e+01 -2.500000e+00  1.257490e+02
     vertex -9.000000e+01 -2.500000e+00  1.300000e+02
     vertex -5.500000e+01 -2.500000e+00  1.257500e+02
   endloop
 endfacet
 facet normal -0.000000e+00 -1.000000e+00  0.000000e+00
   outer loop
     vertex  1.400000e+01 -2.500000e+00  7.050000e+01
     vertex -1.400000e+01 -2.500000e+00  7.050000e+01
     vertex -1.400000e+01 -2.500000e+00  5.150000e+01
   endloop
 endfacet
 facet normal  0.000000e+00 -1.000000e+00 -0.000000e+00
   outer loop
     vertex  1.400000e+01 -2.500000e+00  7.050000e+01
     vertex -1.400000e+01 -2.500000e+00  5.150000e+01
     vertex  1.400000e+01 -2.500000e+00  5.150000e+01
   endloop
 endfacet
 facet normal -0.000000e+00 -1.000000e+00  0.000000e+00
   outer loop
     vertex -3.499066e+01 -2.500000e+00  1.211027e+02
     vertex -5.295804e+01 -2.500000e+00  1.211580e+02
     vertex -5.300934e+01 -2.500000e+00  1.211027e+02
   endloop
 endfacet
 facet normal  0.000000e+00 -1.000000e+00 -0.000000e+00
   outer loop
     vertex -3.499066e+01 -2.500000e+00  1.211027e+02
     vertex -4.400000e+01 -2.500000e+00  1.005000e+02
     vertex -3.493786e+01 -2.500000e+00  1.210488e+02
   endloop
 endfacet
 facet normal  0.000000e+00 -1.000000e+00  0.000000e+00
   outer loop
     vertex -3.499066e+01 -2.500000e+00  1.211027e+02
     vertex -5.300934e+01 -2.500000e+00  1.211027e+02
     vertex -4.400000e+01 -2.500000e+00  1.005000e+02
   endloop
 endfacet
 facet normal -0.000000e+00 -1.000000e+00  0.000000e+00
   outer loop
     vertex -3.488360e+01 -2.500000e+00  1.209964e+02
     vertex -3.493786e+01 -2.500000e+00  1.210488e+02
     vertex -4.400000e+01 -2.500000e+00  1.005000e+02
   endloop
 endfacet
 facet normal  0.000000e+00 -1.000000e+00 -0.000000e+00
   outer loop
     vertex -3.504196e+01 -2.500000e+00  1.211580e+02
     vertex -5.295804e+01 -2.500000e+00  1.211580e+02
     vertex -3.499066e+01 -2.500000e+00  1.211027e+02
   endloop
 endfacet
 facet normal -0.000000e+00 -1.000000e+00  0.000000e+00
   outer loop
     vertex -3.482793e+01 -2.500000e+00  1.209454e+02
     vertex -3.488360e+01 -2.500000e+00  1.209964e+02
     vertex -4.400000e+01 -2.500000e+00  1.005000e+02
   endloop
 endfacet
 facet normal  0.000000e+00 -1.000000e+00 -0.000000e+00
   outer loop
     vertex -3.509173e+01 -2.500000e+00  1.212147e+02
     vertex -5.295804e+01 -2.500000e+00  1.211580e+02
     vertex -3.504196e+01 -2.500000e+00  1.211580e+02
   endloop
 endfacet
 facet normal -0.000000e+00 -1.000000e+00  0.000000e+00
   outer loop
     vertex -3.509173e+01 -2.500000e+00  1.212147e+02
     vertex -5.286008e+01 -2.500000e+00  1.212728e+02
     vertex -5.290827e+01 -2.500000e+00  1.212147e+02
   endloop
 endfacet
 facet normal  0.000000e+00 -1.000000e+00  0.000000e+00
   outer loop
     vertex -3.509173e+01 -2.500000e+00  1.212147e+02
     vertex -5.290827e+01 -2.500000e+00  1.212147e+02
     vertex -5.295804e+01 -2.500000e+00  1.211580e+02
   endloop
 endfacet
 facet normal -0.000000e+00 -1.000000e+00  0.000000e+00
   outer loop
     vertex -3.477088e+01 -2.500000e+00  1.208961e+02
     vertex -3.482793e+01 -2.500000e+00  1.209454e+02
     vertex -4.400000e+01 -2.500000e+00  1.005000e+02
   endloop
 endfacet
 facet normal  0.000000e+00 -1.000000e+00 -0.000000e+00
   outer loop
     vertex -3.513992e+01 -2.500000e+00  1.212728e+02
     vertex -5.286008e+01 -2.500000e+00  1.212728e+02
     vertex -3.509173e+01 -2.500000e+00  1.212147e+02
   endloop
 endfacet
 facet normal -0.000000e+00 -1.000000e+00  0.000000e+00
   outer loop
     vertex -3.471249e+01 -2.500000e+00  1.208483e+02
     vertex -3.477088e+01 -2.500000e+00  1.208961e+02
     vertex -4.400000e+01 -2.500000e+00  1.005000e+02
   endloop
 endfacet
 facet normal  0.000000e+00 -1.000000e+00 -0.000000e+00
   outer loop
     vertex -3.518650e+01 -2.500000e+00  1.213321e+02
     vertex -5.286008e+01 -2.500000e+00  1.212728e+02
     vertex -3.513992e+01 -2.500000e+00  1.212728e+02
   endloop
 endfacet
 facet normal  0.000000e+00 -1.000000e+00  0.000000e+00
   outer loop
     vertex -3.518650e+01 -2.500000e+00  1.213321e+02
     vertex -5.281350e+01 -2.500000e+00  1.213321e+02
     vertex -5.286008e+01 -2.500000e+00  1.212728e+02
   endloop
 endfacet
 facet normal -0.000000e+00 -1.000000e+00  0.000000e+00
   outer loop
     vertex -3.465281e+01 -2.500000e+00  1.208021e+02
     vertex -3.471249e+01 -2.500000e+00  1.208483e+02
     vertex -4.400000e+01 -2.500000e+00  1.005000e+02
   endloop
 endfacet
 facet normal  0.000000e+00 -1.000000e+00 -0.000000e+00
   outer loop
     vertex -3.523143e+01 -2.500000e+00  1.213928e+02
     vertex -5.281350e+01 -2.500000e+00  1.213321e+02
     vertex -3.518650e+01 -2.500000e+00  1.213321e+02
   endloop
 endfacet
 facet normal -0.000000e+00 -1.000000e+00  0.000000e+00
   outer loop
     vertex -3.523143e+01 -2.500000e+00  1.213928e+02
     vertex -5.272532e+01 -2.500000e+00  1.214546e+02
     vertex -5.276857e+01 -2.500000e+00  1.213928e+02
   endloop
 endfacet
 facet normal  0.000000e+00 -1.000000e+00  0.000000e+00
   outer loop
     vertex -3.523143e+01 -2.500000e+00  1.213928e+02
     vertex -5.276857e+01 -2.500000e+00  1.213928e+02
     vertex -5.281350e+01 -2.500000e+00  1.213321e+02
   endloop
 endfacet
 facet normal -0.000000e+00 -1.000000e+00  0.000000e+00
   outer loop
     vertex -3.459190e+01 -2.500000e+00  1.207576e+02
     vertex -3.465281e+01 -2.500000e+00  1.208021e+02
     vertex -4.400000e+01 -2.500000e+00  1.005000e+02
   endloop
 endfacet
 facet normal  0.000000e+00 -1.000000e+00 -0.000000e+00
   outer loop
     vertex -3.527468e+01 -2.500000e+00  1.214546e+02
     vertex -5.272532e+01 -2.500000e+00  1.214546e+02
     vertex -3.523143e+01 -2.500000e+00  1.213928e+02
   endloop
 endfacet
 facet normal -0.000000e+00 -1.000000e+00  0.000000e+00
   outer loop
     vertex -3.452978e+01 -2.500000e+00  1.207148e+02
     vertex -3.459190e+01 -2.500000e+00  1.207576e+02
     vertex -4.400000e+01 -2.500000e+00  1.005000e+02
   endloop
 endfacet
 facet normal  0.000000e+00 -1.000000e+00 -0.000000e+00
   outer loop
     vertex -3.531622e+01 -2.500000e+00  1.215176e+02
     vertex -5.272532e+01 -2.500000e+00  1.214546e+02
     vertex -3.527468e+01 -2.500000e+00  1.214546e+02
   endloop
 endfacet
 facet normal  0.000000e+00 -1.000000e+00  0.000000e+00
   outer loop
     vertex -3.531622e+01 -2.500000e+00  1.215176e+02
     vertex -5.268378e+01 -2.500000e+00  1.215176e+02
     vertex -5.272532e+01 -2.500000e+00  1.214546e+02
   endloop
 endfacet
 facet normal -0.000000e+00 -1.000000e+00  0.000000e+00
   outer loop
     vertex -3.446651e+01 -2.500000e+00  1.206737e+02
     vertex -3.452978e+01 -2.500000e+00  1.207148e+02
     vertex -4.400000e+01 -2.500000e+00  1.005000e+02
   endloop
 endfacet
 facet normal  0.000000e+00 -1.000000e+00 -0.000000e+00
   outer loop
     vertex -3.535602e+01 -2.500000e+00  1.215817e+02
     vertex -5.268378e+01 -2.500000e+00  1.215176e+02
     vertex -3.531622e+01 -2.500000e+00  1.215176e+02
   endloop
 endfacet
 facet normal -0.000000e+00 -1.000000e+00  0.000000e+00
   outer loop
     vertex -3.535602e+01 -2.500000e+00  1.215817e+02
     vertex -5.260595e+01 -2.500000e+00  1.216468e+02
     vertex -5.264398e+01 -2.500000e+00  1.215817e+02
   endloop
 endfacet
 facet normal  0.000000e+00 -1.000000e+00  0.000000e+00
   outer loop
     vertex -3.535602e+01 -2.500000e+00  1.215817e+02
     vertex -5.264398e+01 -2.500000e+00  1.215817e+02
     vertex -5.268378e+01 -2.500000e+00  1.215176e+02
   endloop
 endfacet
 facet normal -0.000000e+00 -1.000000e+00  0.000000e+00
   outer loop
     vertex -3.440214e+01 -2.500000e+00  1.206343e+02
     vertex -3.446651e+01 -2.500000e+00  1.206737e+02
     vertex -4.400000e+01 -2.500000e+00  1.005000e+02
   endloop
 endfacet
 facet normal  0.000000e+00 -1.000000e+00 -0.000000e+00
   outer loop
     vertex -3.539405e+01 -2.500000e+00  1.216468e+02
     vertex -5.260595e+01 -2.500000e+00  1.216468e+02
     vertex -3.535602e+01 -2.500000e+00  1.215817e+02
   endloop
 endfacet
 facet normal -0.000000e+00 -1.000000e+00  0.000000e+00
   outer loop
     vertex -3.433671e+01 -2.500000e+00  1.205967e+02
     vertex -3.440214e+01 -2.500000e+00  1.206343e+02
     vertex -4.400000e+01 -2.500000e+00  1.005000e+02
   endloop
 endfacet
 facet normal  0.000000e+00 -1.000000e+00 -0.000000e+00
   outer loop
     vertex -3.543027e+01 -2.500000e+00  1.217130e+02
     vertex -5.260595e+01 -2.500000e+00  1.216468e+02
     vertex -3.539405e+01 -2.500000e+00  1.216468e+02
   endloop
 endfacet
 facet normal -0.000000e+00 -1.000000e+00  0.000000e+00
   outer loop
     vertex -3.543027e+01 -2.500000e+00  1.217130e+02
     vertex -5.253534e+01 -2.500000e+00  1.217802e+02
     vertex -5.256973e+01 -2.500000e+00  1.217130e+02
   endloop
 endfacet
 facet normal  0.000000e+00 -1.000000e+00  0.000000e+00
   outer loop
     vertex -3.543027e+01 -2.500000e+00  1.217130e+02
     vertex -5.256973e+01 -2.500000e+00  1.217130e+02
     vertex -5.260595e+01 -2.500000e+00  1.216468e+02
   endloop
 endfacet
 facet normal -0.000000e+00 -1.000000e+00  0.000000e+00
   outer loop
     vertex -3.427027e+01 -2.500000e+00  1.205610e+02
     vertex -3.433671e+01 -2.500000e+00  1.205967e+02
     vertex -4.400000e+01 -2.500000e+00  1.005000e+02
   endloop
 endfacet
 facet normal  0.000000e+00 -1.000000e+00 -0.000000e+00
   outer loop
     vertex -3.546466e+01 -2.500000e+00  1.217802e+02
     vertex -5.253534e+01 -2.500000e+00  1.217802e+02
     vertex -3.543027e+01 -2.500000e+00  1.217130e+02
   endloop
 endfacet
 facet normal -0.000000e+00 -1.000000e+00  0.000000e+00
   outer loop
     vertex -3.546466e+01 -2.500000e+00  1.217802e+02
     vertex -5.250280e+01 -2.500000e+00  1.218483e+02
     vertex -5.253534e+01 -2.500000e+00  1.217802e+02
   endloop
 endfacet
 facet normal -0.000000e+00 -1.000000e+00  0.000000e+00
   outer loop
     vertex -3.420288e+01 -2.500000e+00  1.205270e+02
     vertex -3.427027e+01 -2.500000e+00  1.205610e+02
     vertex -4.400000e+01 -2.500000e+00  1.005000e+02
   endloop
 endfacet
 facet normal  0.000000e+00 -1.000000e+00 -0.000000e+00
   outer loop
     vertex -3.549720e+01 -2.500000e+00  1.218483e+02
     vertex -5.250280e+01 -2.500000e+00  1.218483e+02
     vertex -3.546466e+01 -2.500000e+00  1.217802e+02
   endloop
 endfacet
 facet normal -0.000000e+00 -1.000000e+00  0.000000e+00
   outer loop
     vertex -3.549720e+01 -2.500000e+00  1.218483e+02
     vertex -5.247215e+01 -2.500000e+00  1.219172e+02
     vertex -5.250280e+01 -2.500000e+00  1.218483e+02
   endloop
 endfacet
 facet normal -0.000000e+00 -1.000000e+00  0.000000e+00
   outer loop
     vertex -3.413459e+01 -2.500000e+00  1.204950e+02
     vertex -3.420288e+01 -2.500000e+00  1.205270e+02
     vertex -4.400000e+01 -2.500000e+00  1.005000e+02
   endloop
 endfacet
 facet normal  0.000000e+00 -1.000000e+00 -0.000000e+00
   outer loop
     vertex -3.552785e+01 -2.500000e+00  1.219172e+02
     vertex -5.247215e+01 -2.500000e+00  1.219172e+02
     vertex -3.549720e+01 -2.500000e+00  1.218483e+02
   endloop
 endfacet
 facet normal -0.000000e+00 -1.000000e+00  0.000000e+00
   outer loop
     vertex -3.406544e+01 -2.500000e+00  1.204648e+02
     vertex -3.413459e+01 -2.500000e+00  1.204950e+02
     vertex -4.400000e+01 -2.500000e+00  1.005000e+02
   endloop
 endfacet
 facet normal  0.000000e+00 -1.000000e+00 -0.000000e+00
   outer loop
     vertex -3.555661e+01 -2.500000e+00  1.219870e+02
     vertex -5.247215e+01 -2.500000e+00  1.219172e+02
     vertex -3.552785e+01 -2.500000e+00  1.219172e+02
   endloop
 endfacet
 facet normal  0.000000e+00 -1.000000e+00  0.000000e+00
   outer loop
     vertex -3.555661e+01 -2.500000e+00  1.219870e+02
     vertex -5.244339e+01 -2.500000e+00  1.219870e+02
     vertex -5.247215e+01 -2.500000e+00  1.219172e+02
   endloop
 endfacet
 facet normal -0.000000e+00 -1.000000e+00  0.000000e+00
   outer loop
     vertex -3.399548e+01 -2.500000e+00  1.204365e+02
     vertex -3.406544e+01 -2.500000e+00  1.204648e+02
     vertex -4.400000e+01 -2.500000e+00  1.005000e+02
   endloop
 endfacet
 facet normal  0.000000e+00 -1.000000e+00 -0.000000e+00
   outer loop
     vertex -3.558344e+01 -2.500000e+00  1.220575e+02
     vertex -5.244339e+01 -2.500000e+00  1.219870e+02
     vertex -3.555661e+01 -2.500000e+00  1.219870e+02
   endloop
 endfacet
 facet normal -0.000000e+00 -1.000000e+00  0.000000e+00
   outer loop
     vertex -3.558344e+01 -2.500000e+00  1.220575e+02
     vertex -5.239168e+01 -2.500000e+00  1.221287e+02
     vertex -5.241656e+01 -2.500000e+00  1.220575e+02
   endloop
 endfacet
 facet normal  0.000000e+00 -1.000000e+00  0.000000e+00
   outer loop
     vertex -3.558344e+01 -2.500000e+00  1.220575e+02
     vertex -5.241656e+01 -2.500000e+00  1.220575e+02
     vertex -5.244339e+01 -2.500000e+00  1.219870e+02
   endloop
 endfacet
 facet normal -0.000000e+00 -1.000000e+00  0.000000e+00
   outer loop
     vertex -3.392478e+01 -2.500000e+00  1.204102e+02
     vertex -3.399548e+01 -2.500000e+00  1.204365e+02
     vertex -4.400000e+01 -2.500000e+00  1.005000e+02
   endloop
 endfacet
 facet normal  0.000000e+00 -1.000000e+00 -0.000000e+00
   outer loop
     vertex -3.560832e+01 -2.500000e+00  1.221287e+02
     vertex -5.239168e+01 -2.500000e+00  1.221287e+02
     vertex -3.558344e+01 -2.500000e+00  1.220575e+02
   endloop
 endfacet
 facet normal -0.000000e+00 -1.000000e+00  0.000000e+00
   outer loop
     vertex -3.385338e+01 -2.500000e+00  1.203858e+02
     vertex -3.392478e+01 -2.500000e+00  1.204102e+02
     vertex -4.400000e+01 -2.500000e+00  1.005000e+02
   endloop
 endfacet
 facet normal  0.000000e+00 -1.000000e+00  0.000000e+00
   outer loop
     vertex -3.563124e+01 -2.500000e+00  1.222006e+02
     vertex -5.236876e+01 -2.500000e+00  1.222006e+02
     vertex -5.239168e+01 -2.500000e+00  1.221287e+02
   endloop
 endfacet
 facet normal  0.000000e+00 -1.000000e+00 -0.000000e+00
   outer loop
     vertex -3.563124e+01 -2.500000e+00  1.222006e+02
     vertex -5.239168e+01 -2.500000e+00  1.221287e+02
     vertex -3.560832e+01 -2.500000e+00  1.221287e+02
   endloop
 endfacet
 facet normal -0.000000e+00 -1.000000e+00  0.000000e+00
   outer loop
     vertex -3.378134e+01 -2.500000e+00  1.203633e+02
     vertex -3.385338e+01 -2.500000e+00  1.203858e+02
     vertex -4.400000e+01 -2.500000e+00  1.005000e+02
   endloop
 endfacet
 facet normal  0.000000e+00 -1.000000e+00  0.000000e+00
   outer loop
     vertex -3.565218e+01 -2.500000e+00  1.222731e+02
     vertex -5.234782e+01 -2.500000e+00  1.222731e+02
     vertex -5.236876e+01 -2.500000e+00  1.222006e+02
   endloop
 endfacet
 facet normal  0.000000e+00 -1.000000e+00 -0.000000e+00
   outer loop
     vertex -3.565218e+01 -2.500000e+00  1.222731e+02
     vertex -5.236876e+01 -2.500000e+00  1.222006e+02
     vertex -3.563124e+01 -2.500000e+00  1.222006e+02
   endloop
 endfacet
 facet normal -0.000000e+00 -1.000000e+00  0.000000e+00
   outer loop
     vertex -3.370872e+01 -2.500000e+00  1.203429e+02
     vertex -3.378134e+01 -2.500000e+00  1.203633e+02
     vertex -4.400000e+01 -2.500000e+00  1.005000e+02
   endloop
 endfacet
 facet normal  0.000000e+00 -1.000000e+00 -0.000000e+00
   outer loop
     vertex -3.567113e+01 -2.500000e+00  1.223461e+02
     vertex -5.234782e+01 -2.500000e+00  1.222731e+02
     vertex -3.565218e+01 -2.500000e+00  1.222731e+02
   endloop
 endfacet
 facet normal  0.000000e+00 -1.000000e+00  0.000000e+00
   outer loop
     vertex -3.567113e+01 -2.500000e+00  1.223461e+02
     vertex -5.232887e+01 -2.500000e+00  1.223461e+02
     vertex -5.234782e+01 -2.500000e+00  1.222731e+02
   endloop
 endfacet
 facet normal -0.000000e+00 -1.000000e+00  0.000000e+00
   outer loop
     vertex -3.363555e+01 -2.500000e+00  1.203244e+02
     vertex -3.370872e+01 -2.500000e+00  1.203429e+02
     vertex -4.400000e+01 -2.500000e+00  1.005000e+02
   endloop
 endfacet
 facet normal  0.000000e+00 -1.000000e+00 -0.000000e+00
   outer loop
     vertex -3.568806e+01 -2.500000e+00  1.224196e+02
     vertex -5.232887e+01 -2.500000e+00  1.223461e+02
     vertex -3.567113e+01 -2.500000e+00  1.223461e+02
   endloop
 endfacet
 facet normal -0.000000e+00 -1.000000e+00  0.000000e+00
   outer loop
     vertex -3.568806e+01 -2.500000e+00  1.224196e+02
     vertex -5.229703e+01 -2.500000e+00  1.224936e+02
     vertex -5.231194e+01 -2.500000e+00  1.224196e+02
   endloop
 endfacet
 facet normal  0.000000e+00 -1.000000e+00  0.000000e+00
   outer loop
     vertex -3.568806e+01 -2.500000e+00  1.224196e+02
     vertex -5.231194e+01 -2.500000e+00  1.224196e+02
     vertex -5.232887e+01 -2.500000e+00  1.223461e+02
   endloop
 endfacet
 facet normal -0.000000e+00 -1.000000e+00  0.000000e+00
   outer loop
     vertex -3.356191e+01 -2.500000e+00  1.203080e+02
     vertex -3.363555e+01 -2.500000e+00  1.203244e+02
     vertex -4.400000e+01 -2.500000e+00  1.005000e+02
   endloop
 endfacet
 facet normal  0.000000e+00 -1.000000e+00 -0.000000e+00
   outer loop
     vertex -3.570297e+01 -2.500000e+00  1.224936e+02
     vertex -5.229703e+01 -2.500000e+00  1.224936e+02
     vertex -3.568806e+01 -2.500000e+00  1.224196e+02
   endloop
 endfacet
 facet normal -0.000000e+00 -1.000000e+00  0.000000e+00
   outer loop
     vertex -3.348785e+01 -2.500000e+00  1.202936e+02
     vertex -3.356191e+01 -2.500000e+00  1.203080e+02
     vertex -4.400000e+01 -2.500000e+00  1.005000e+02
   endloop
 endfacet
 facet normal  0.000000e+00 -1.000000e+00 -0.000000e+00
   outer loop
     vertex -3.571585e+01 -2.500000e+00  1.225679e+02
     vertex -5.229703e+01 -2.500000e+00  1.224936e+02
     vertex -3.570297e+01 -2.500000e+00  1.224936e+02
   endloop
 endfacet
 facet normal  0.000000e+00 -1.000000e+00  0.000000e+00
   outer loop
     vertex -3.571585e+01 -2.500000e+00  1.225679e+02
     vertex -5.228415e+01 -2.500000e+00  1.225679e+02
     vertex -5.229703e+01 -2.500000e+00  1.224936e+02
   endloop
 endfacet
 facet normal -0.000000e+00 -1.000000e+00  0.000000e+00
   outer loop
     vertex -3.341342e+01 -2.500000e+00  1.202813e+02
     vertex -3.348785e+01 -2.500000e+00  1.202936e+02
     vertex -4.400000e+01 -2.500000e+00  1.005000e+02
   endloop
 endfacet
 facet normal  0.000000e+00 -1.000000e+00 -0.000000e+00
   outer loop
     vertex -3.572668e+01 -2.500000e+00  1.226426e+02
     vertex -5.228415e+01 -2.500000e+00  1.225679e+02
     vertex -3.571585e+01 -2.500000e+00  1.225679e+02
   endloop
 endfacet
 facet normal  0.000000e+00 -1.000000e+00  0.000000e+00
   outer loop
     vertex -3.572668e+01 -2.500000e+00  1.226426e+02
     vertex -5.227332e+01 -2.500000e+00  1.226426e+02
     vertex -5.228415e+01 -2.500000e+00  1.225679e+02
   endloop
 endfacet
 facet normal -0.000000e+00 -1.000000e+00  0.000000e+00
   outer loop
     vertex -3.333868e+01 -2.500000e+00  1.202709e+02
     vertex -3.341342e+01 -2.500000e+00  1.202813e+02
     vertex -4.400000e+01 -2.500000e+00  1.005000e+02
   endloop
 endfacet
 facet normal  0.000000e+00 -1.000000e+00 -0.000000e+00
   outer loop
     vertex -3.573546e+01 -2.500000e+00  1.227175e+02
     vertex -5.227332e+01 -2.500000e+00  1.226426e+02
     vertex -3.572668e+01 -2.500000e+00  1.226426e+02
   endloop
 endfacet
 facet normal  0.000000e+00 -1.000000e+00  0.000000e+00
   outer loop
     vertex -3.573546e+01 -2.500000e+00  1.227175e+02
     vertex -5.226454e+01 -2.500000e+00  1.227175e+02
     vertex -5.227332e+01 -2.500000e+00  1.226426e+02
   endloop
 endfacet
 facet normal -0.000000e+00 -1.000000e+00  0.000000e+00
   outer loop
     vertex -3.326368e+01 -2.500000e+00  1.202627e+02
     vertex -3.333868e+01 -2.500000e+00  1.202709e+02
     vertex -4.400000e+01 -2.500000e+00  1.005000e+02
   endloop
 endfacet
 facet normal  0.000000e+00 -1.000000e+00 -0.000000e+00
   outer loop
     vertex -3.574218e+01 -2.500000e+00  1.227927e+02
     vertex -5.226454e+01 -2.500000e+00  1.227175e+02
     vertex -3.573546e+01 -2.500000e+00  1.227175e+02
   endloop
 endfacet
 facet normal -0.000000e+00 -1.000000e+00  0.000000e+00
   outer loop
     vertex -3.574218e+01 -2.500000e+00  1.227927e+02
     vertex -5.225317e+01 -2.500000e+00  1.228680e+02
     vertex -5.225782e+01 -2.500000e+00  1.227927e+02
   endloop
 endfacet
 facet normal  0.000000e+00 -1.000000e+00  0.000000e+00
   outer loop
     vertex -3.574218e+01 -2.500000e+00  1.227927e+02
     vertex -5.225782e+01 -2.500000e+00  1.227927e+02
     vertex -5.226454e+01 -2.500000e+00  1.227175e+02
   endloop
 endfacet
 facet normal -0.000000e+00 -1.000000e+00  0.000000e+00
   outer loop
     vertex -3.318848e+01 -2.500000e+00  1.202565e+02
     vertex -3.326368e+01 -2.500000e+00  1.202627e+02
     vertex -4.400000e+01 -2.500000e+00  1.005000e+02
   endloop
 endfacet
 facet normal  0.000000e+00 -1.000000e+00 -0.000000e+00
   outer loop
     vertex -3.574683e+01 -2.500000e+00  1.228680e+02
     vertex -5.225317e+01 -2.500000e+00  1.228680e+02
     vertex -3.574218e+01 -2.500000e+00  1.227927e+02
   endloop
 endfacet
 facet normal -0.000000e+00 -1.000000e+00  0.000000e+00
   outer loop
     vertex -3.574683e+01 -2.500000e+00  1.228680e+02
     vertex -5.225058e+01 -2.500000e+00  1.229434e+02
     vertex -5.225317e+01 -2.500000e+00  1.228680e+02
   endloop
 endfacet
 facet normal -0.000000e+00 -1.000000e+00  0.000000e+00
   outer loop
     vertex -3.311315e+01 -2.500000e+00  1.202523e+02
     vertex -3.318848e+01 -2.500000e+00  1.202565e+02
     vertex -4.400000e+01 -2.500000e+00  1.005000e+02
   endloop
 endfacet
 facet normal  0.000000e+00 -1.000000e+00 -0.000000e+00
   outer loop
     vertex -3.574942e+01 -2.500000e+00  1.229434e+02
     vertex -5.225058e+01 -2.500000e+00  1.229434e+02
     vertex -3.574683e+01 -2.500000e+00  1.228680e+02
   endloop
 endfacet
 facet normal -0.000000e+00 -1.000000e+00  0.000000e+00
   outer loop
     vertex -3.303773e+01 -2.500000e+00  1.202503e+02
     vertex -3.311315e+01 -2.500000e+00  1.202523e+02
     vertex -4.400000e+01 -2.500000e+00  1.005000e+02
   endloop
 endfacet
 facet normal  0.000000e+00 -1.000000e+00 -0.000000e+00
   outer loop
     vertex -3.574994e+01 -2.500000e+00  1.230189e+02
     vertex -5.225058e+01 -2.500000e+00  1.229434e+02
     vertex -3.574942e+01 -2.500000e+00  1.229434e+02
   endloop
 endfacet
 facet normal  0.000000e+00 -1.000000e+00  0.000000e+00
   outer loop
     vertex -3.574994e+01 -2.500000e+00  1.230189e+02
     vertex -5.225006e+01 -2.500000e+00  1.230189e+02
     vertex -5.225058e+01 -2.500000e+00  1.229434e+02
   endloop
 endfacet
 facet normal -0.000000e+00 -1.000000e+00  0.000000e+00
   outer loop
     vertex -3.296227e+01 -2.500000e+00  1.202503e+02
     vertex -3.303773e+01 -2.500000e+00  1.202503e+02
     vertex -4.400000e+01 -2.500000e+00  1.005000e+02
   endloop
 endfacet
 facet normal  0.000000e+00 -1.000000e+00  0.000000e+00
   outer loop
     vertex -3.574838e+01 -2.500000e+00  1.230943e+02
     vertex -5.225006e+01 -2.500000e+00  1.230189e+02
     vertex -3.574994e+01 -2.500000e+00  1.230189e+02
   endloop
 endfacet
 facet normal  0.000000e+00 -1.000000e+00  0.000000e+00
   outer loop
     vertex -3.574838e+01 -2.500000e+00  1.230943e+02
     vertex -5.225162e+01 -2.500000e+00  1.230943e+02
     vertex -5.225006e+01 -2.500000e+00  1.230189e+02
   endloop
 endfacet
 facet normal  0.000000e+00 -1.000000e+00  0.000000e+00
   outer loop
     vertex -3.288685e+01 -2.500000e+00  1.202523e+02
     vertex -3.296227e+01 -2.500000e+00  1.202503e+02
     vertex -4.400000e+01 -2.500000e+00  1.005000e+02
   endloop
 endfacet
 facet normal  0.000000e+00 -1.000000e+00  0.000000e+00
   outer loop
     vertex -3.574476e+01 -2.500000e+00  1.231697e+02
     vertex -5.225162e+01 -2.500000e+00  1.230943e+02
     vertex -3.574838e+01 -2.500000e+00  1.230943e+02
   endloop
 endfacet
 facet normal -0.000000e+00 -1.000000e+00  0.000000e+00
   outer loop
     vertex -3.574476e+01 -2.500000e+00  1.231697e+02
     vertex -5.226093e+01 -2.500000e+00  1.232449e+02
     vertex -5.225524e+01 -2.500000e+00  1.231697e+02
   endloop
 endfacet
 facet normal  0.000000e+00 -1.000000e+00  0.000000e+00
   outer loop
     vertex -3.574476e+01 -2.500000e+00  1.231697e+02
     vertex -5.225524e+01 -2.500000e+00  1.231697e+02
     vertex -5.225162e+01 -2.500000e+00  1.230943e+02
   endloop
 endfacet
 facet normal  0.000000e+00 -1.000000e+00  0.000000e+00
   outer loop
     vertex -3.281152e+01 -2.500000e+00  1.202565e+02
     vertex -3.288685e+01 -2.500000e+00  1.202523e+02
     vertex -4.400000e+01 -2.500000e+00  1.005000e+02
   endloop
 endfacet
 facet normal  0.000000e+00 -1.000000e+00  0.000000e+00
   outer loop
     vertex -3.573907e+01 -2.500000e+00  1.232449e+02
     vertex -5.226093e+01 -2.500000e+00  1.232449e+02
     vertex -3.574476e+01 -2.500000e+00  1.231697e+02
   endloop
 endfacet
 facet normal  0.000000e+00 -1.000000e+00  0.000000e+00
   outer loop
     vertex -3.273632e+01 -2.500000e+00  1.202627e+02
     vertex -3.281152e+01 -2.500000e+00  1.202565e+02
     vertex -4.400000e+01 -2.500000e+00  1.005000e+02
   endloop
 endfacet
 facet normal  0.000000e+00 -1.000000e+00  0.000000e+00
   outer loop
     vertex -3.573132e+01 -2.500000e+00  1.233199e+02
     vertex -5.226093e+01 -2.500000e+00  1.232449e+02
     vertex -3.573907e+01 -2.500000e+00  1.232449e+02
   endloop
 endfacet
 facet normal  0.000000e+00 -1.000000e+00  0.000000e+00
   outer loop
     vertex -3.573132e+01 -2.500000e+00  1.233199e+02
     vertex -5.226868e+01 -2.500000e+00  1.233199e+02
     vertex -5.226093e+01 -2.500000e+00  1.232449e+02
   endloop
 endfacet
 facet normal  0.000000e+00 -1.000000e+00  0.000000e+00
   outer loop
     vertex -3.266132e+01 -2.500000e+00  1.202709e+02
     vertex -3.273632e+01 -2.500000e+00  1.202627e+02
     vertex -4.400000e+01 -2.500000e+00  1.005000e+02
   endloop
 endfacet
 facet normal  0.000000e+00 -1.000000e+00  0.000000e+00
   outer loop
     vertex -3.572152e+01 -2.500000e+00  1.233948e+02
     vertex -5.226868e+01 -2.500000e+00  1.233199e+02
     vertex -3.573132e+01 -2.500000e+00  1.233199e+02
   endloop
 endfacet
 facet normal  0.000000e+00 -1.000000e+00  0.000000e+00
   outer loop
     vertex -3.572152e+01 -2.500000e+00  1.233948e+02
     vertex -5.227848e+01 -2.500000e+00  1.233948e+02
     vertex -5.226868e+01 -2.500000e+00  1.233199e+02
   endloop
 endfacet
 facet normal  0.000000e+00 -1.000000e+00  0.000000e+00
   outer loop
     vertex -3.258658e+01 -2.500000e+00  1.202813e+02
     vertex -3.266132e+01 -2.500000e+00  1.202709e+02
     vertex -4.400000e+01 -2.500000e+00  1.005000e+02
   endloop
 endfacet
 facet normal  0.000000e+00 -1.000000e+00  0.000000e+00
   outer loop
     vertex -3.570966e+01 -2.500000e+00  1.234693e+02
     vertex -5.227848e+01 -2.500000e+00  1.233948e+02
     vertex -3.572152e+01 -2.500000e+00  1.233948e+02
   endloop
 endfacet
 facet normal  0.000000e+00 -1.000000e+00  0.000000e+00
   outer loop
     vertex -3.570966e+01 -2.500000e+00  1.234693e+02
     vertex -5.229034e+01 -2.500000e+00  1.234693e+02
     vertex -5.227848e+01 -2.500000e+00  1.233948e+02
   endloop
 endfacet
 facet normal  0.000000e+00 -1.000000e+00  0.000000e+00
   outer loop
     vertex -3.251215e+01 -2.500000e+00  1.202936e+02
     vertex -3.258658e+01 -2.500000e+00  1.202813e+02
     vertex -4.400000e+01 -2.500000e+00  1.005000e+02
   endloop
 endfacet
 facet normal  0.000000e+00 -1.000000e+00  0.000000e+00
   outer loop
     vertex -3.569577e+01 -2.500000e+00  1.235434e+02
     vertex -5.229034e+01 -2.500000e+00  1.234693e+02
     vertex -3.570966e+01 -2.500000e+00  1.234693e+02
   endloop
 endfacet
 facet normal  0.000000e+00 -1.000000e+00  0.000000e+00
   outer loop
     vertex -3.569577e+01 -2.500000e+00  1.235434e+02
     vertex -5.230423e+01 -2.500000e+00  1.235434e+02
     vertex -5.229034e+01 -2.500000e+00  1.234693e+02
   endloop
 endfacet
 facet normal  0.000000e+00 -1.000000e+00 -0.000000e+00
   outer loop
     vertex -3.243809e+01 -2.500000e+00  1.203080e+02
     vertex -4.400000e+01 -2.500000e+00  1.005000e+02
     vertex -1.400000e+01 -2.500000e+00  1.005000e+02
   endloop
 endfacet
 facet normal  0.000000e+00 -1.000000e+00  0.000000e+00
   outer loop
     vertex -3.243809e+01 -2.500000e+00  1.203080e+02
     vertex -3.251215e+01 -2.500000e+00  1.202936e+02
     vertex -4.400000e+01 -2.500000e+00  1.005000e+02
   endloop
 endfacet
 facet normal -0.000000e+00 -1.000000e+00  0.000000e+00
   outer loop
     vertex -3.567985e+01 -2.500000e+00  1.236172e+02
     vertex -5.233809e+01 -2.500000e+00  1.236905e+02
     vertex -5.232015e+01 -2.500000e+00  1.236172e+02
   endloop
 endfacet
 facet normal  0.000000e+00 -1.000000e+00  0.000000e+00
   outer loop
     vertex -3.567985e+01 -2.500000e+00  1.236172e+02
     vertex -5.232015e+01 -2.500000e+00  1.236172e+02
     vertex -5.230423e+01 -2.500000e+00  1.235434e+02
   endloop
 endfacet
 facet normal  0.000000e+00 -1.000000e+00  0.000000e+00
   outer loop
     vertex -3.567985e+01 -2.500000e+00  1.236172e+02
     vertex -5.230423e+01 -2.500000e+00  1.235434e+02
     vertex -3.569577e+01 -2.500000e+00  1.235434e+02
   endloop
 endfacet
 facet normal  0.000000e+00 -1.000000e+00 -0.000000e+00
   outer loop
     vertex -3.236445e+01 -2.500000e+00  1.203244e+02
     vertex -3.243809e+01 -2.500000e+00  1.203080e+02
     vertex -1.400000e+01 -2.500000e+00  1.005000e+02
   endloop
 endfacet
 facet normal  0.000000e+00 -1.000000e+00  0.000000e+00
   outer loop
     vertex -3.566191e+01 -2.500000e+00  1.236905e+02
     vertex -5.233809e+01 -2.500000e+00  1.236905e+02
     vertex -3.567985e+01 -2.500000e+00  1.236172e+02
   endloop
 endfacet
 facet normal -0.000000e+00 -1.000000e+00  0.000000e+00
   outer loop
     vertex -3.566191e+01 -2.500000e+00  1.236905e+02
     vertex -5.235804e+01 -2.500000e+00  1.237632e+02
     vertex -5.233809e+01 -2.500000e+00  1.236905e+02
   endloop
 endfacet
 facet normal  0.000000e+00 -1.000000e+00 -0.000000e+00
   outer loop
     vertex -3.229128e+01 -2.500000e+00  1.203429e+02
     vertex -3.236445e+01 -2.500000e+00  1.203244e+02
     vertex -1.400000e+01 -2.500000e+00  1.005000e+02
   endloop
 endfacet
 facet normal  0.000000e+00 -1.000000e+00  0.000000e+00
   outer loop
     vertex -3.564196e+01 -2.500000e+00  1.237632e+02
     vertex -5.235804e+01 -2.500000e+00  1.237632e+02
     vertex -3.566191e+01 -2.500000e+00  1.236905e+02
   endloop
 endfacet
 facet normal  0.000000e+00 -1.000000e+00 -0.000000e+00
   outer loop
     vertex -3.221866e+01 -2.500000e+00  1.203633e+02
     vertex -3.229128e+01 -2.500000e+00  1.203429e+02
     vertex -1.400000e+01 -2.500000e+00  1.005000e+02
   endloop
 endfacet
 facet normal  0.000000e+00 -1.000000e+00  0.000000e+00
   outer loop
     vertex -3.562003e+01 -2.500000e+00  1.238354e+02
     vertex -5.237997e+01 -2.500000e+00  1.238354e+02
     vertex -5.235804e+01 -2.500000e+00  1.237632e+02
   endloop
 endfacet
 facet normal  0.000000e+00 -1.000000e+00  0.000000e+00
   outer loop
     vertex -3.562003e+01 -2.500000e+00  1.238354e+02
     vertex -5.235804e+01 -2.500000e+00  1.237632e+02
     vertex -3.564196e+01 -2.500000e+00  1.237632e+02
   endloop
 endfacet
 facet normal  0.000000e+00 -1.000000e+00 -0.000000e+00
   outer loop
     vertex -3.214662e+01 -2.500000e+00  1.203858e+02
     vertex -3.221866e+01 -2.500000e+00  1.203633e+02
     vertex -1.400000e+01 -2.500000e+00  1.005000e+02
   endloop
 endfacet
 facet normal -0.000000e+00 -1.000000e+00  0.000000e+00
   outer loop
     vertex -3.559612e+01 -2.500000e+00  1.239070e+02
     vertex -5.242974e+01 -2.500000e+00  1.239779e+02
     vertex -5.240388e+01 -2.500000e+00  1.239070e+02
   endloop
 endfacet
 facet normal  0.000000e+00 -1.000000e+00  0.000000e+00
   outer loop
     vertex -3.559612e+01 -2.500000e+00  1.239070e+02
     vertex -5.240388e+01 -2.500000e+00  1.239070e+02
     vertex -5.237997e+01 -2.500000e+00  1.238354e+02
   endloop
 endfacet
 facet normal  0.000000e+00 -1.000000e+00  0.000000e+00
   outer loop
     vertex -3.559612e+01 -2.500000e+00  1.239070e+02
     vertex -5.237997e+01 -2.500000e+00  1.238354e+02
     vertex -3.562003e+01 -2.500000e+00  1.238354e+02
   endloop
 endfacet
 facet normal  0.000000e+00 -1.000000e+00 -0.000000e+00
   outer loop
     vertex -3.207522e+01 -2.500000e+00  1.204102e+02
     vertex -3.214662e+01 -2.500000e+00  1.203858e+02
     vertex -1.400000e+01 -2.500000e+00  1.005000e+02
   endloop
 endfacet
 facet normal -0.000000e+00 -1.000000e+00  0.000000e+00
   outer loop
     vertex -3.557026e+01 -2.500000e+00  1.239779e+02
     vertex -5.245753e+01 -2.500000e+00  1.240480e+02
     vertex -5.242974e+01 -2.500000e+00  1.239779e+02
   endloop
 endfacet
 facet normal  0.000000e+00 -1.000000e+00  0.000000e+00
   outer loop
     vertex -3.557026e+01 -2.500000e+00  1.239779e+02
     vertex -5.242974e+01 -2.500000e+00  1.239779e+02
     vertex -3.559612e+01 -2.500000e+00  1.239070e+02
   endloop
 endfacet
 facet normal  0.000000e+00 -1.000000e+00 -0.000000e+00
   outer loop
     vertex -3.200452e+01 -2.500000e+00  1.204365e+02
     vertex -3.207522e+01 -2.500000e+00  1.204102e+02
     vertex -1.400000e+01 -2.500000e+00  1.005000e+02
   endloop
 endfacet
 facet normal -0.000000e+00 -1.000000e+00  0.000000e+00
   outer loop
     vertex -3.554247e+01 -2.500000e+00  1.240480e+02
     vertex -5.248724e+01 -2.500000e+00  1.241174e+02
     vertex -5.245753e+01 -2.500000e+00  1.240480e+02
   endloop
 endfacet
 facet normal  0.000000e+00 -1.000000e+00  0.000000e+00
   outer loop
     vertex -3.554247e+01 -2.500000e+00  1.240480e+02
     vertex -5.245753e+01 -2.500000e+00  1.240480e+02
     vertex -3.557026e+01 -2.500000e+00  1.239779e+02
   endloop
 endfacet
 facet normal  0.000000e+00 -1.000000e+00 -0.000000e+00
   outer loop
     vertex -3.193456e+01 -2.500000e+00  1.204648e+02
     vertex -3.200452e+01 -2.500000e+00  1.204365e+02
     vertex -1.400000e+01 -2.500000e+00  1.005000e+02
   endloop
 endfacet
 facet normal  0.000000e+00 -1.000000e+00  0.000000e+00
   outer loop
     vertex -3.551276e+01 -2.500000e+00  1.241174e+02
     vertex -5.248724e+01 -2.500000e+00  1.241174e+02
     vertex -3.554247e+01 -2.500000e+00  1.240480e+02
   endloop
 endfacet
 facet normal  0.000000e+00 -1.000000e+00 -0.000000e+00
   outer loop
     vertex -3.186541e+01 -2.500000e+00  1.204950e+02
     vertex -3.193456e+01 -2.500000e+00  1.204648e+02
     vertex -1.400000e+01 -2.500000e+00  1.005000e+02
   endloop
 endfacet
 facet normal  0.000000e+00 -1.000000e+00  0.000000e+00
   outer loop
     vertex -3.548116e+01 -2.500000e+00  1.241859e+02
     vertex -5.248724e+01 -2.500000e+00  1.241174e+02
     vertex -3.551276e+01 -2.500000e+00  1.241174e+02
   endloop
 endfacet
 facet normal  0.000000e+00 -1.000000e+00  0.000000e+00
   outer loop
     vertex -3.548116e+01 -2.500000e+00  1.241859e+02
     vertex -5.251884e+01 -2.500000e+00  1.241859e+02
     vertex -5.248724e+01 -2.500000e+00  1.241174e+02
   endloop
 endfacet
 facet normal  0.000000e+00 -1.000000e+00 -0.000000e+00
   outer loop
     vertex -3.179712e+01 -2.500000e+00  1.205270e+02
     vertex -3.186541e+01 -2.500000e+00  1.204950e+02
     vertex -1.400000e+01 -2.500000e+00  1.005000e+02
   endloop
 endfacet
 facet normal  0.000000e+00 -1.000000e+00  0.000000e+00
   outer loop
     vertex -3.544769e+01 -2.500000e+00  1.242535e+02
     vertex -5.251884e+01 -2.500000e+00  1.241859e+02
     vertex -3.548116e+01 -2.500000e+00  1.241859e+02
   endloop
 endfacet
 facet normal  0.000000e+00 -1.000000e+00  0.000000e+00
   outer loop
     vertex -3.544769e+01 -2.500000e+00  1.242535e+02
     vertex -5.255231e+01 -2.500000e+00  1.242535e+02
     vertex -5.251884e+01 -2.500000e+00  1.241859e+02
   endloop
 endfacet
 facet normal  0.000000e+00 -1.000000e+00 -0.000000e+00
   outer loop
     vertex -3.172973e+01 -2.500000e+00  1.205610e+02
     vertex -3.179712e+01 -2.500000e+00  1.205270e+02
     vertex -1.400000e+01 -2.500000e+00  1.005000e+02
   endloop
 endfacet
 facet normal  0.000000e+00 -1.000000e+00  0.000000e+00
   outer loop
     vertex -3.541238e+01 -2.500000e+00  1.243202e+02
     vertex -5.255231e+01 -2.500000e+00  1.242535e+02
     vertex -3.544769e+01 -2.500000e+00  1.242535e+02
   endloop
 endfacet
 facet normal  0.000000e+00 -1.000000e+00  0.000000e+00
   outer loop
     vertex -3.541238e+01 -2.500000e+00  1.243202e+02
     vertex -5.258762e+01 -2.500000e+00  1.243202e+02
     vertex -5.255231e+01 -2.500000e+00  1.242535e+02
   endloop
 endfacet
 facet normal  0.000000e+00 -1.000000e+00 -0.000000e+00
   outer loop
     vertex -3.166329e+01 -2.500000e+00  1.205967e+02
     vertex -3.172973e+01 -2.500000e+00  1.205610e+02
     vertex -1.400000e+01 -2.500000e+00  1.005000e+02
   endloop
 endfacet
 facet normal  0.000000e+00 -1.000000e+00  0.000000e+00
   outer loop
     vertex -3.537526e+01 -2.500000e+00  1.243859e+02
     vertex -5.258762e+01 -2.500000e+00  1.243202e+02
     vertex -3.541238e+01 -2.500000e+00  1.243202e+02
   endloop
 endfacet
 facet normal -0.000000e+00 -1.000000e+00  0.000000e+00
   outer loop
     vertex -3.537526e+01 -2.500000e+00  1.243859e+02
     vertex -5.266366e+01 -2.500000e+00  1.244505e+02
     vertex -5.262474e+01 -2.500000e+00  1.243859e+02
   endloop
 endfacet
 facet normal  0.000000e+00 -1.000000e+00  0.000000e+00
   outer loop
     vertex -3.537526e+01 -2.500000e+00  1.243859e+02
     vertex -5.262474e+01 -2.500000e+00  1.243859e+02
     vertex -5.258762e+01 -2.500000e+00  1.243202e+02
   endloop
 endfacet
 facet normal  0.000000e+00 -1.000000e+00 -0.000000e+00
   outer loop
     vertex -3.159786e+01 -2.500000e+00  1.206343e+02
     vertex -3.166329e+01 -2.500000e+00  1.205967e+02
     vertex -1.400000e+01 -2.500000e+00  1.005000e+02
   endloop
 endfacet
 facet normal  0.000000e+00 -1.000000e+00  0.000000e+00
   outer loop
     vertex -3.533634e+01 -2.500000e+00  1.244505e+02
     vertex -5.266366e+01 -2.500000e+00  1.244505e+02
     vertex -3.537526e+01 -2.500000e+00  1.243859e+02
   endloop
 endfacet
 facet normal  0.000000e+00 -1.000000e+00 -0.000000e+00
   outer loop
     vertex -3.153349e+01 -2.500000e+00  1.206737e+02
     vertex -3.159786e+01 -2.500000e+00  1.206343e+02
     vertex -1.400000e+01 -2.500000e+00  1.005000e+02
   endloop
 endfacet
 facet normal -0.000000e+00 -1.000000e+00  0.000000e+00
   outer loop
     vertex -3.529567e+01 -2.500000e+00  1.245141e+02
     vertex -5.274673e+01 -2.500000e+00  1.245765e+02
     vertex -5.270433e+01 -2.500000e+00  1.245141e+02
   endloop
 endfacet
 facet normal  0.000000e+00 -1.000000e+00  0.000000e+00
   outer loop
     vertex -3.529567e+01 -2.500000e+00  1.245141e+02
     vertex -5.270433e+01 -2.500000e+00  1.245141e+02
     vertex -5.266366e+01 -2.500000e+00  1.244505e+02
   endloop
 endfacet
 facet normal  0.000000e+00 -1.000000e+00  0.000000e+00
   outer loop
     vertex -3.529567e+01 -2.500000e+00  1.245141e+02
     vertex -5.266366e+01 -2.500000e+00  1.244505e+02
     vertex -3.533634e+01 -2.500000e+00  1.244505e+02
   endloop
 endfacet
 facet normal  0.000000e+00 -1.000000e+00 -0.000000e+00
   outer loop
     vertex -3.147022e+01 -2.500000e+00  1.207148e+02
     vertex -3.153349e+01 -2.500000e+00  1.206737e+02
     vertex -1.400000e+01 -2.500000e+00  1.005000e+02
   endloop
 endfacet
 facet normal  0.000000e+00 -1.000000e+00  0.000000e+00
   outer loop
     vertex -3.525327e+01 -2.500000e+00  1.245765e+02
     vertex -5.274673e+01 -2.500000e+00  1.245765e+02
     vertex -3.529567e+01 -2.500000e+00  1.245141e+02
   endloop
 endfacet
 facet normal -0.000000e+00 -1.000000e+00  0.000000e+00
   outer loop
     vertex -3.525327e+01 -2.500000e+00  1.245765e+02
     vertex -5.279083e+01 -2.500000e+00  1.246377e+02
     vertex -5.274673e+01 -2.500000e+00  1.245765e+02
   endloop
 endfacet
 facet normal  0.000000e+00 -1.000000e+00 -0.000000e+00
   outer loop
     vertex -3.140810e+01 -2.500000e+00  1.207576e+02
     vertex -3.147022e+01 -2.500000e+00  1.207148e+02
     vertex -1.400000e+01 -2.500000e+00  1.005000e+02
   endloop
 endfacet
 facet normal  0.000000e+00 -1.000000e+00  0.000000e+00
   outer loop
     vertex -3.520917e+01 -2.500000e+00  1.246377e+02
     vertex -5.279083e+01 -2.500000e+00  1.246377e+02
     vertex -3.525327e+01 -2.500000e+00  1.245765e+02
   endloop
 endfacet
 facet normal  0.000000e+00 -1.000000e+00 -0.000000e+00
   outer loop
     vertex -3.134719e+01 -2.500000e+00  1.208021e+02
     vertex -3.140810e+01 -2.500000e+00  1.207576e+02
     vertex -1.400000e+01 -2.500000e+00  1.005000e+02
   endloop
 endfacet
 facet normal  0.000000e+00 -1.000000e+00  0.000000e+00
   outer loop
     vertex -3.516341e+01 -2.500000e+00  1.246977e+02
     vertex -5.279083e+01 -2.500000e+00  1.246377e+02
     vertex -3.520917e+01 -2.500000e+00  1.246377e+02
   endloop
 endfacet
 facet normal  0.000000e+00 -1.000000e+00  0.000000e+00
   outer loop
     vertex -3.516341e+01 -2.500000e+00  1.246977e+02
     vertex -5.283659e+01 -2.500000e+00  1.246977e+02
     vertex -5.279083e+01 -2.500000e+00  1.246377e+02
   endloop
 endfacet
 facet normal  0.000000e+00 -1.000000e+00 -0.000000e+00
   outer loop
     vertex -3.128751e+01 -2.500000e+00  1.208483e+02
     vertex -3.134719e+01 -2.500000e+00  1.208021e+02
     vertex -1.400000e+01 -2.500000e+00  1.005000e+02
   endloop
 endfacet
 facet normal  0.000000e+00 -1.000000e+00  0.000000e+00
   outer loop
     vertex -3.511602e+01 -2.500000e+00  1.247564e+02
     vertex -5.283659e+01 -2.500000e+00  1.246977e+02
     vertex -3.516341e+01 -2.500000e+00  1.246977e+02
   endloop
 endfacet
 facet normal  0.000000e+00 -1.000000e+00  0.000000e+00
   outer loop
     vertex -3.511602e+01 -2.500000e+00  1.247564e+02
     vertex -5.288398e+01 -2.500000e+00  1.247564e+02
     vertex -5.283659e+01 -2.500000e+00  1.246977e+02
   endloop
 endfacet
 facet normal  0.000000e+00 -1.000000e+00 -0.000000e+00
   outer loop
     vertex -3.122912e+01 -2.500000e+00  1.208961e+02
     vertex -3.128751e+01 -2.500000e+00  1.208483e+02
     vertex -1.400000e+01 -2.500000e+00  1.005000e+02
   endloop
 endfacet
 facet normal  0.000000e+00 -1.000000e+00  0.000000e+00
   outer loop
     vertex -3.506704e+01 -2.500000e+00  1.248138e+02
     vertex -5.288398e+01 -2.500000e+00  1.247564e+02
     vertex -3.511602e+01 -2.500000e+00  1.247564e+02
   endloop
 endfacet
 facet normal  0.000000e+00 -1.000000e+00  0.000000e+00
   outer loop
     vertex -3.506704e+01 -2.500000e+00  1.248138e+02
     vertex -5.293296e+01 -2.500000e+00  1.248138e+02
     vertex -5.288398e+01 -2.500000e+00  1.247564e+02
   endloop
 endfacet
 facet normal  0.000000e+00 -1.000000e+00 -0.000000e+00
   outer loop
     vertex -3.117207e+01 -2.500000e+00  1.209454e+02
     vertex -3.122912e+01 -2.500000e+00  1.208961e+02
     vertex -1.400000e+01 -2.500000e+00  1.005000e+02
   endloop
 endfacet
 facet normal  0.000000e+00 -1.000000e+00  0.000000e+00
   outer loop
     vertex -3.501650e+01 -2.500000e+00  1.248698e+02
     vertex -5.293296e+01 -2.500000e+00  1.248138e+02
     vertex -3.506704e+01 -2.500000e+00  1.248138e+02
   endloop
 endfacet
 facet normal -0.000000e+00 -1.000000e+00  0.000000e+00
   outer loop
     vertex -3.501650e+01 -2.500000e+00  1.248698e+02
     vertex -5.303555e+01 -2.500000e+00  1.249244e+02
     vertex -5.298350e+01 -2.500000e+00  1.248698e+02
   endloop
 endfacet
 facet normal  0.000000e+00 -1.000000e+00  0.000000e+00
   outer loop
     vertex -3.501650e+01 -2.500000e+00  1.248698e+02
     vertex -5.298350e+01 -2.500000e+00  1.248698e+02
     vertex -5.293296e+01 -2.500000e+00  1.248138e+02
   endloop
 endfacet
 facet normal  0.000000e+00 -1.000000e+00 -0.000000e+00
   outer loop
     vertex -3.111640e+01 -2.500000e+00  1.209964e+02
     vertex -3.117207e+01 -2.500000e+00  1.209454e+02
     vertex -1.400000e+01 -2.500000e+00  1.005000e+02
   endloop
 endfacet
 facet normal  0.000000e+00 -1.000000e+00  0.000000e+00
   outer loop
     vertex -3.496445e+01 -2.500000e+00  1.249244e+02
     vertex -5.303555e+01 -2.500000e+00  1.249244e+02
     vertex -3.501650e+01 -2.500000e+00  1.248698e+02
   endloop
 endfacet
 facet normal  0.000000e+00 -1.000000e+00 -0.000000e+00
   outer loop
     vertex -3.106214e+01 -2.500000e+00  1.210488e+02
     vertex -3.111640e+01 -2.500000e+00  1.209964e+02
     vertex -1.400000e+01 -2.500000e+00  1.005000e+02
   endloop
 endfacet
 facet normal  0.000000e+00 -1.000000e+00  0.000000e+00
   outer loop
     vertex  9.000000e+01 -2.500000e+00  0.000000e+00
     vertex  4.400000e+01 -2.500000e+00  2.150000e+01
     vertex  1.500000e+01 -2.500000e+00  0.000000e+00
   endloop
 endfacet
 facet normal -0.000000e+00 -1.000000e+00  0.000000e+00
   outer loop
     vertex -3.491091e+01 -2.500000e+00  1.249776e+02
     vertex -5.314406e+01 -2.500000e+00  1.250293e+02
     vertex -5.308909e+01 -2.500000e+00  1.249776e+02
   endloop
 endfacet
 facet normal  0.000000e+00 -1.000000e+00  0.000000e+00
   outer loop
     vertex -3.491091e+01 -2.500000e+00  1.249776e+02
     vertex -5.308909e+01 -2.500000e+00  1.249776e+02
     vertex -5.303555e+01 -2.500000e+00  1.249244e+02
   endloop
 endfacet
 facet normal  0.000000e+00 -1.000000e+00  0.000000e+00
   outer loop
     vertex -3.491091e+01 -2.500000e+00  1.249776e+02
     vertex -5.303555e+01 -2.500000e+00  1.249244e+02
     vertex -3.496445e+01 -2.500000e+00  1.249244e+02
   endloop
 endfacet
 facet normal  0.000000e+00 -1.000000e+00 -0.000000e+00
   outer loop
     vertex -3.100934e+01 -2.500000e+00  1.211027e+02
     vertex -3.106214e+01 -2.500000e+00  1.210488e+02
     vertex -1.400000e+01 -2.500000e+00  1.005000e+02
   endloop
 endfacet
 facet normal -0.000000e+00 -1.000000e+00  0.000000e+00
   outer loop
     vertex -3.485594e+01 -2.500000e+00  1.250293e+02
     vertex -5.320043e+01 -2.500000e+00  1.250794e+02
     vertex -5.314406e+01 -2.500000e+00  1.250293e+02
   endloop
 endfacet
 facet normal  0.000000e+00 -1.000000e+00  0.000000e+00
   outer loop
     vertex -3.485594e+01 -2.500000e+00  1.250293e+02
     vertex -5.314406e+01 -2.500000e+00  1.250293e+02
     vertex -3.491091e+01 -2.500000e+00  1.249776e+02
   endloop
 endfacet
 facet normal  0.000000e+00 -1.000000e+00 -0.000000e+00
   outer loop
     vertex -3.095804e+01 -2.500000e+00  1.211580e+02
     vertex -3.100934e+01 -2.500000e+00  1.211027e+02
     vertex -1.400000e+01 -2.500000e+00  1.005000e+02
   endloop
 endfacet
 facet normal  0.000000e+00 -1.000000e+00  0.000000e+00
   outer loop
     vertex -3.479957e+01 -2.500000e+00  1.250794e+02
     vertex -5.320043e+01 -2.500000e+00  1.250794e+02
     vertex -3.485594e+01 -2.500000e+00  1.250293e+02
   endloop
 endfacet
 facet normal  0.000000e+00 -1.000000e+00 -0.000000e+00
   outer loop
     vertex -3.090827e+01 -2.500000e+00  1.212147e+02
     vertex -3.095804e+01 -2.500000e+00  1.211580e+02
     vertex -1.400000e+01 -2.500000e+00  1.005000e+02
   endloop
 endfacet
 facet normal -0.000000e+00 -1.000000e+00  0.000000e+00
   outer loop
     vertex -3.474185e+01 -2.500000e+00  1.251280e+02
     vertex -5.331719e+01 -2.500000e+00  1.251750e+02
     vertex -5.325815e+01 -2.500000e+00  1.251280e+02
   endloop
 endfacet
 facet normal  0.000000e+00 -1.000000e+00  0.000000e+00
   outer loop
     vertex -3.474185e+01 -2.500000e+00  1.251280e+02
     vertex -5.325815e+01 -2.500000e+00  1.251280e+02
     vertex -5.320043e+01 -2.500000e+00  1.250794e+02
   endloop
 endfacet
 facet normal  0.000000e+00 -1.000000e+00  0.000000e+00
   outer loop
     vertex -3.474185e+01 -2.500000e+00  1.251280e+02
     vertex -5.320043e+01 -2.500000e+00  1.250794e+02
     vertex -3.479957e+01 -2.500000e+00  1.250794e+02
   endloop
 endfacet
 facet normal  0.000000e+00 -1.000000e+00 -0.000000e+00
   outer loop
     vertex -3.086008e+01 -2.500000e+00  1.212728e+02
     vertex -3.090827e+01 -2.500000e+00  1.212147e+02
     vertex -1.400000e+01 -2.500000e+00  1.005000e+02
   endloop
 endfacet
 facet normal -0.000000e+00 -1.000000e+00  0.000000e+00
   outer loop
     vertex -3.468281e+01 -2.500000e+00  1.251750e+02
     vertex -5.331719e+01 -2.500000e+00  1.251750e+02
     vertex -3.474185e+01 -2.500000e+00  1.251280e+02
   endloop
 endfacet
 facet normal  0.000000e+00 -1.000000e+00 -0.000000e+00
   outer loop
     vertex -3.081350e+01 -2.500000e+00  1.213321e+02
     vertex -3.086008e+01 -2.500000e+00  1.212728e+02
     vertex -1.400000e+01 -2.500000e+00  1.005000e+02
   endloop
 endfacet
 facet normal  0.000000e+00 -1.000000e+00  0.000000e+00
   outer loop
     vertex -3.462251e+01 -2.500000e+00  1.252204e+02
     vertex -5.337749e+01 -2.500000e+00  1.252204e+02
     vertex -5.331719e+01 -2.500000e+00  1.251750e+02
   endloop
 endfacet
 facet normal  0.000000e+00 -1.000000e+00  0.000000e+00
   outer loop
     vertex -3.462251e+01 -2.500000e+00  1.252204e+02
     vertex -5.331719e+01 -2.500000e+00  1.251750e+02
     vertex -3.468281e+01 -2.500000e+00  1.251750e+02
   endloop
 endfacet
 facet normal  0.000000e+00 -1.000000e+00 -0.000000e+00
   outer loop
     vertex -3.076857e+01 -2.500000e+00  1.213928e+02
     vertex -3.081350e+01 -2.500000e+00  1.213321e+02
     vertex -1.400000e+01 -2.500000e+00  1.005000e+02
   endloop
 endfacet
 facet normal  0.000000e+00 -1.000000e+00  0.000000e+00
   outer loop
     vertex -3.456098e+01 -2.500000e+00  1.252640e+02
     vertex -5.337749e+01 -2.500000e+00  1.252204e+02
     vertex -3.462251e+01 -2.500000e+00  1.252204e+02
   endloop
 endfacet
 facet normal  0.000000e+00 -1.000000e+00  0.000000e+00
   outer loop
     vertex -3.456098e+01 -2.500000e+00  1.252640e+02
     vertex -5.343902e+01 -2.500000e+00  1.252640e+02
     vertex -5.337749e+01 -2.500000e+00  1.252204e+02
   endloop
 endfacet
 facet normal  0.000000e+00 -1.000000e+00 -0.000000e+00
   outer loop
     vertex -3.072532e+01 -2.500000e+00  1.214546e+02
     vertex -3.076857e+01 -2.500000e+00  1.213928e+02
     vertex -1.400000e+01 -2.500000e+00  1.005000e+02
   endloop
 endfacet
 facet normal  0.000000e+00 -1.000000e+00  0.000000e+00
   outer loop
     vertex -3.449828e+01 -2.500000e+00  1.253060e+02
     vertex -5.350172e+01 -2.500000e+00  1.253060e+02
     vertex -5.343902e+01 -2.500000e+00  1.252640e+02
   endloop
 endfacet
 facet normal  0.000000e+00 -1.000000e+00  0.000000e+00
   outer loop
     vertex -3.449828e+01 -2.500000e+00  1.253060e+02
     vertex -5.343902e+01 -2.500000e+00  1.252640e+02
     vertex -3.456098e+01 -2.500000e+00  1.252640e+02
   endloop
 endfacet
 facet normal  0.000000e+00 -1.000000e+00 -0.000000e+00
   outer loop
     vertex -3.068378e+01 -2.500000e+00  1.215176e+02
     vertex -3.072532e+01 -2.500000e+00  1.214546e+02
     vertex -1.400000e+01 -2.500000e+00  1.005000e+02
   endloop
 endfacet
 facet normal -0.000000e+00 -1.000000e+00  0.000000e+00
   outer loop
     vertex -3.443446e+01 -2.500000e+00  1.253462e+02
     vertex -5.363045e+01 -2.500000e+00  1.253847e+02
     vertex -5.356554e+01 -2.500000e+00  1.253462e+02
   endloop
 endfacet
 facet normal  0.000000e+00 -1.000000e+00  0.000000e+00
   outer loop
     vertex -3.443446e+01 -2.500000e+00  1.253462e+02
     vertex -5.356554e+01 -2.500000e+00  1.253462e+02
     vertex -5.350172e+01 -2.500000e+00  1.253060e+02
   endloop
 endfacet
 facet normal  0.000000e+00 -1.000000e+00  0.000000e+00
   outer loop
     vertex -3.443446e+01 -2.500000e+00  1.253462e+02
     vertex -5.350172e+01 -2.500000e+00  1.253060e+02
     vertex -3.449828e+01 -2.500000e+00  1.253060e+02
   endloop
 endfacet
 facet normal  0.000000e+00 -1.000000e+00 -0.000000e+00
   outer loop
     vertex -3.064398e+01 -2.500000e+00  1.215817e+02
     vertex -3.068378e+01 -2.500000e+00  1.215176e+02
     vertex -1.400000e+01 -2.500000e+00  1.005000e+02
   endloop
 endfacet
 facet normal  0.000000e+00 -1.000000e+00  0.000000e+00
   outer loop
     vertex -3.436955e+01 -2.500000e+00  1.253847e+02
     vertex -5.363045e+01 -2.500000e+00  1.253847e+02
     vertex -3.443446e+01 -2.500000e+00  1.253462e+02
   endloop
 endfacet
 facet normal -0.000000e+00 -1.000000e+00  0.000000e+00
   outer loop
     vertex -3.436955e+01 -2.500000e+00  1.253847e+02
     vertex -5.369639e+01 -2.500000e+00  1.254214e+02
     vertex -5.363045e+01 -2.500000e+00  1.253847e+02
   endloop
 endfacet
 facet normal  0.000000e+00 -1.000000e+00 -0.000000e+00
   outer loop
     vertex -3.060595e+01 -2.500000e+00  1.216468e+02
     vertex -3.064398e+01 -2.500000e+00  1.215817e+02
     vertex -1.400000e+01 -2.500000e+00  1.005000e+02
   endloop
 endfacet
 facet normal -0.000000e+00 -1.000000e+00  0.000000e+00
   outer loop
     vertex -3.430361e+01 -2.500000e+00  1.254214e+02
     vertex -5.369639e+01 -2.500000e+00  1.254214e+02
     vertex -3.436955e+01 -2.500000e+00  1.253847e+02
   endloop
 endfacet
 facet normal  0.000000e+00 -1.000000e+00 -0.000000e+00
   outer loop
     vertex -3.056973e+01 -2.500000e+00  1.217130e+02
     vertex -3.060595e+01 -2.500000e+00  1.216468e+02
     vertex -1.400000e+01 -2.500000e+00  1.005000e+02
   endloop
 endfacet
 facet normal  0.000000e+00 -1.000000e+00  0.000000e+00
   outer loop
     vertex -3.423669e+01 -2.500000e+00  1.254562e+02
     vertex -5.376331e+01 -2.500000e+00  1.254562e+02
     vertex -5.369639e+01 -2.500000e+00  1.254214e+02
   endloop
 endfacet
 facet normal  0.000000e+00 -1.000000e+00  0.000000e+00
   outer loop
     vertex -3.423669e+01 -2.500000e+00  1.254562e+02
     vertex -5.369639e+01 -2.500000e+00  1.254214e+02
     vertex -3.430361e+01 -2.500000e+00  1.254214e+02
   endloop
 endfacet
 facet normal  0.000000e+00 -1.000000e+00 -0.000000e+00
   outer loop
     vertex -3.053534e+01 -2.500000e+00  1.217802e+02
     vertex -3.056973e+01 -2.500000e+00  1.217130e+02
     vertex -1.400000e+01 -2.500000e+00  1.005000e+02
   endloop
 endfacet
 facet normal  0.000000e+00 -1.000000e+00  0.000000e+00
   outer loop
     vertex -3.416884e+01 -2.500000e+00  1.254892e+02
     vertex -5.376331e+01 -2.500000e+00  1.254562e+02
     vertex -3.423669e+01 -2.500000e+00  1.254562e+02
   endloop
 endfacet
 facet normal  0.000000e+00 -1.000000e+00  0.000000e+00
   outer loop
     vertex -3.416884e+01 -2.500000e+00  1.254892e+02
     vertex -5.389989e+01 -2.500000e+00  1.255204e+02
     vertex -5.383116e+01 -2.500000e+00  1.254892e+02
   endloop
 endfacet
 facet normal -0.000000e+00 -1.000000e+00  0.000000e+00
   outer loop
     vertex -3.416884e+01 -2.500000e+00  1.254892e+02
     vertex -5.383116e+01 -2.500000e+00  1.254892e+02
     vertex -5.376331e+01 -2.500000e+00  1.254562e+02
   endloop
 endfacet
 facet normal  0.000000e+00 -1.000000e+00 -0.000000e+00
   outer loop
     vertex -3.050280e+01 -2.500000e+00  1.218483e+02
     vertex -3.053534e+01 -2.500000e+00  1.217802e+02
     vertex -1.400000e+01 -2.500000e+00  1.005000e+02
   endloop
 endfacet
 facet normal -0.000000e+00 -1.000000e+00  0.000000e+00
   outer loop
     vertex -3.410011e+01 -2.500000e+00  1.255204e+02
     vertex -5.396944e+01 -2.500000e+00  1.255496e+02
     vertex -5.389989e+01 -2.500000e+00  1.255204e+02
   endloop
 endfacet
 facet normal  0.000000e+00 -1.000000e+00  0.000000e+00
   outer loop
     vertex -3.410011e+01 -2.500000e+00  1.255204e+02
     vertex -5.389989e+01 -2.500000e+00  1.255204e+02
     vertex -3.416884e+01 -2.500000e+00  1.254892e+02
   endloop
 endfacet
 facet normal  0.000000e+00 -1.000000e+00 -0.000000e+00
   outer loop
     vertex -3.047215e+01 -2.500000e+00  1.219172e+02
     vertex -3.050280e+01 -2.500000e+00  1.218483e+02
     vertex -1.400000e+01 -2.500000e+00  1.005000e+02
   endloop
 endfacet
 facet normal -0.000000e+00 -1.000000e+00  0.000000e+00
   outer loop
     vertex -3.403056e+01 -2.500000e+00  1.255496e+02
     vertex -5.396944e+01 -2.500000e+00  1.255496e+02
     vertex -3.410011e+01 -2.500000e+00  1.255204e+02
   endloop
 endfacet
 facet normal  0.000000e+00 -1.000000e+00 -0.000000e+00
   outer loop
     vertex -3.044339e+01 -2.500000e+00  1.219870e+02
     vertex -3.047215e+01 -2.500000e+00  1.219172e+02
     vertex -1.400000e+01 -2.500000e+00  1.005000e+02
   endloop
 endfacet
 facet normal -0.000000e+00 -1.000000e+00  0.000000e+00
   outer loop
     vertex -3.396022e+01 -2.500000e+00  1.255769e+02
     vertex -5.411083e+01 -2.500000e+00  1.256023e+02
     vertex -5.403978e+01 -2.500000e+00  1.255769e+02
   endloop
 endfacet
 facet normal  0.000000e+00 -1.000000e+00  0.000000e+00
   outer loop
     vertex -3.396022e+01 -2.500000e+00  1.255769e+02
     vertex -5.403978e+01 -2.500000e+00  1.255769e+02
     vertex -5.396944e+01 -2.500000e+00  1.255496e+02
   endloop
 endfacet
 facet normal  0.000000e+00 -1.000000e+00  0.000000e+00
   outer loop
     vertex -3.396022e+01 -2.500000e+00  1.255769e+02
     vertex -5.396944e+01 -2.500000e+00  1.255496e+02
     vertex -3.403056e+01 -2.500000e+00  1.255496e+02
   endloop
 endfacet
 facet normal  0.000000e+00 -1.000000e+00 -0.000000e+00
   outer loop
     vertex -3.041656e+01 -2.500000e+00  1.220575e+02
     vertex -3.044339e+01 -2.500000e+00  1.219870e+02
     vertex -1.400000e+01 -2.500000e+00  1.005000e+02
   endloop
 endfacet
 facet normal -0.000000e+00 -1.000000e+00  0.000000e+00
   outer loop
     vertex -3.388917e+01 -2.500000e+00  1.256023e+02
     vertex -5.411083e+01 -2.500000e+00  1.256023e+02
     vertex -3.396022e+01 -2.500000e+00  1.255769e+02
   endloop
 endfacet
 facet normal  0.000000e+00 -1.000000e+00  0.000000e+00
   outer loop
     vertex -3.388917e+01 -2.500000e+00  1.256023e+02
     vertex -5.418256e+01 -2.500000e+00  1.256257e+02
     vertex -5.411083e+01 -2.500000e+00  1.256023e+02
   endloop
 endfacet
 facet normal  0.000000e+00 -1.000000e+00 -0.000000e+00
   outer loop
     vertex -3.039168e+01 -2.500000e+00  1.221287e+02
     vertex -3.041656e+01 -2.500000e+00  1.220575e+02
     vertex -1.400000e+01 -2.500000e+00  1.005000e+02
   endloop
 endfacet
 facet normal -0.000000e+00 -1.000000e+00  0.000000e+00
   outer loop
     vertex -3.381744e+01 -2.500000e+00  1.256257e+02
     vertex -5.418256e+01 -2.500000e+00  1.256257e+02
     vertex -3.388917e+01 -2.500000e+00  1.256023e+02
   endloop
 endfacet
 facet normal  0.000000e+00 -1.000000e+00 -0.000000e+00
   outer loop
     vertex -3.036876e+01 -2.500000e+00  1.222006e+02
     vertex -3.039168e+01 -2.500000e+00  1.221287e+02
     vertex -1.400000e+01 -2.500000e+00  1.005000e+02
   endloop
 endfacet
 facet normal  0.000000e+00 -1.000000e+00  0.000000e+00
   outer loop
     vertex -3.374510e+01 -2.500000e+00  1.256471e+02
     vertex -5.418256e+01 -2.500000e+00  1.256257e+02
     vertex -3.381744e+01 -2.500000e+00  1.256257e+02
   endloop
 endfacet
 facet normal -0.000000e+00 -1.000000e+00  0.000000e+00
   outer loop
     vertex -3.374510e+01 -2.500000e+00  1.256471e+02
     vertex -5.432780e+01 -2.500000e+00  1.256666e+02
     vertex -5.425490e+01 -2.500000e+00  1.256471e+02
   endloop
 endfacet
 facet normal  0.000000e+00 -1.000000e+00  0.000000e+00
   outer loop
     vertex -3.374510e+01 -2.500000e+00  1.256471e+02
     vertex -5.425490e+01 -2.500000e+00  1.256471e+02
     vertex -5.418256e+01 -2.500000e+00  1.256257e+02
   endloop
 endfacet
 facet normal  0.000000e+00 -1.000000e+00 -0.000000e+00
   outer loop
     vertex -3.034782e+01 -2.500000e+00  1.222731e+02
     vertex -3.036876e+01 -2.500000e+00  1.222006e+02
     vertex -1.400000e+01 -2.500000e+00  1.005000e+02
   endloop
 endfacet
 facet normal -0.000000e+00 -1.000000e+00  0.000000e+00
   outer loop
     vertex -3.367220e+01 -2.500000e+00  1.256666e+02
     vertex -5.432780e+01 -2.500000e+00  1.256666e+02
     vertex -3.374510e+01 -2.500000e+00  1.256471e+02
   endloop
 endfacet
 facet normal  0.000000e+00 -1.000000e+00 -0.000000e+00
   outer loop
     vertex -3.032887e+01 -2.500000e+00  1.223461e+02
     vertex -3.034782e+01 -2.500000e+00  1.222731e+02
     vertex -1.400000e+01 -2.500000e+00  1.005000e+02
   endloop
 endfacet
 facet normal  0.000000e+00 -1.000000e+00  0.000000e+00
   outer loop
     vertex -3.359879e+01 -2.500000e+00  1.256840e+02
     vertex -5.440121e+01 -2.500000e+00  1.256840e+02
     vertex -5.432780e+01 -2.500000e+00  1.256666e+02
   endloop
 endfacet
 facet normal  0.000000e+00 -1.000000e+00  0.000000e+00
   outer loop
     vertex -3.359879e+01 -2.500000e+00  1.256840e+02
     vertex -5.432780e+01 -2.500000e+00  1.256666e+02
     vertex -3.367220e+01 -2.500000e+00  1.256666e+02
   endloop
 endfacet
 facet normal  0.000000e+00 -1.000000e+00 -0.000000e+00
   outer loop
     vertex -3.031194e+01 -2.500000e+00  1.224196e+02
     vertex -3.032887e+01 -2.500000e+00  1.223461e+02
     vertex -1.400000e+01 -2.500000e+00  1.005000e+02
   endloop
 endfacet
 facet normal  0.000000e+00 -1.000000e+00  0.000000e+00
   outer loop
     vertex -3.352493e+01 -2.500000e+00  1.256994e+02
     vertex -5.440121e+01 -2.500000e+00  1.256840e+02
     vertex -3.359879e+01 -2.500000e+00  1.256840e+02
   endloop
 endfacet
 facet normal  0.000000e+00 -1.000000e+00  0.000000e+00
   outer loop
     vertex -3.352493e+01 -2.500000e+00  1.256994e+02
     vertex -5.447507e+01 -2.500000e+00  1.256994e+02
     vertex -5.440121e+01 -2.500000e+00  1.256840e+02
   endloop
 endfacet
 facet normal  0.000000e+00 -1.000000e+00 -0.000000e+00
   outer loop
     vertex -3.029703e+01 -2.500000e+00  1.224936e+02
     vertex -3.031194e+01 -2.500000e+00  1.224196e+02
     vertex -1.400000e+01 -2.500000e+00  1.005000e+02
   endloop
 endfacet
 facet normal  0.000000e+00 -1.000000e+00  0.000000e+00
   outer loop
     vertex -3.345068e+01 -2.500000e+00  1.257128e+02
     vertex -5.447507e+01 -2.500000e+00  1.256994e+02
     vertex -3.352493e+01 -2.500000e+00  1.256994e+02
   endloop
 endfacet
 facet normal  0.000000e+00 -1.000000e+00  0.000000e+00
   outer loop
     vertex -3.345068e+01 -2.500000e+00  1.257128e+02
     vertex -5.462392e+01 -2.500000e+00  1.257242e+02
     vertex -5.454932e+01 -2.500000e+00  1.257128e+02
   endloop
 endfacet
 facet normal -0.000000e+00 -1.000000e+00  0.000000e+00
   outer loop
     vertex -3.345068e+01 -2.500000e+00  1.257128e+02
     vertex -5.454932e+01 -2.500000e+00  1.257128e+02
     vertex -5.447507e+01 -2.500000e+00  1.256994e+02
   endloop
 endfacet
 facet normal  0.000000e+00 -1.000000e+00 -0.000000e+00
   outer loop
     vertex -3.028415e+01 -2.500000e+00  1.225679e+02
     vertex -3.029703e+01 -2.500000e+00  1.224936e+02
     vertex -1.400000e+01 -2.500000e+00  1.005000e+02
   endloop
 endfacet
 facet normal -0.000000e+00 -1.000000e+00  0.000000e+00
   outer loop
     vertex -3.337608e+01 -2.500000e+00  1.257242e+02
     vertex -5.462392e+01 -2.500000e+00  1.257242e+02
     vertex -3.345068e+01 -2.500000e+00  1.257128e+02
   endloop
 endfacet
 facet normal  0.000000e+00 -1.000000e+00 -0.000000e+00
   outer loop
     vertex -3.027332e+01 -2.500000e+00  1.226426e+02
     vertex -3.028415e+01 -2.500000e+00  1.225679e+02
     vertex -1.400000e+01 -2.500000e+00  1.005000e+02
   endloop
 endfacet
 facet normal  0.000000e+00 -1.000000e+00  0.000000e+00
   outer loop
     vertex -3.330121e+01 -2.500000e+00  1.257335e+02
     vertex -5.469879e+01 -2.500000e+00  1.257335e+02
     vertex -5.462392e+01 -2.500000e+00  1.257242e+02
   endloop
 endfacet
 facet normal  0.000000e+00 -1.000000e+00  0.000000e+00
   outer loop
     vertex -3.330121e+01 -2.500000e+00  1.257335e+02
     vertex -5.462392e+01 -2.500000e+00  1.257242e+02
     vertex -3.337608e+01 -2.500000e+00  1.257242e+02
   endloop
 endfacet
 facet normal  0.000000e+00 -1.000000e+00 -0.000000e+00
   outer loop
     vertex -3.026454e+01 -2.500000e+00  1.227175e+02
     vertex -3.027332e+01 -2.500000e+00  1.226426e+02
     vertex -1.400000e+01 -2.500000e+00  1.005000e+02
   endloop
 endfacet
 facet normal -0.000000e+00 -1.000000e+00  0.000000e+00
   outer loop
     vertex -3.322610e+01 -2.500000e+00  1.257407e+02
     vertex -5.477390e+01 -2.500000e+00  1.257407e+02
     vertex -5.469879e+01 -2.500000e+00  1.257335e+02
   endloop
 endfacet
 facet normal  0.000000e+00 -1.000000e+00  0.000000e+00
   outer loop
     vertex -3.322610e+01 -2.500000e+00  1.257407e+02
     vertex -5.469879e+01 -2.500000e+00  1.257335e+02
     vertex -3.330121e+01 -2.500000e+00  1.257335e+02
   endloop
 endfacet
 facet normal  0.000000e+00 -1.000000e+00 -0.000000e+00
   outer loop
     vertex -3.025782e+01 -2.500000e+00  1.227927e+02
     vertex -3.026454e+01 -2.500000e+00  1.227175e+02
     vertex -1.400000e+01 -2.500000e+00  1.005000e+02
   endloop
 endfacet
 facet normal  0.000000e+00 -1.000000e+00  0.000000e+00
   outer loop
     vertex -3.315083e+01 -2.500000e+00  1.257459e+02
     vertex -5.484917e+01 -2.500000e+00  1.257459e+02
     vertex -5.477390e+01 -2.500000e+00  1.257407e+02
   endloop
 endfacet
 facet normal  0.000000e+00 -1.000000e+00  0.000000e+00
   outer loop
     vertex -3.315083e+01 -2.500000e+00  1.257459e+02
     vertex -5.477390e+01 -2.500000e+00  1.257407e+02
     vertex -3.322610e+01 -2.500000e+00  1.257407e+02
   endloop
 endfacet
 facet normal  0.000000e+00 -1.000000e+00 -0.000000e+00
   outer loop
     vertex -3.025317e+01 -2.500000e+00  1.228680e+02
     vertex -3.025782e+01 -2.500000e+00  1.227927e+02
     vertex -1.400000e+01 -2.500000e+00  1.005000e+02
   endloop
 endfacet
 facet normal  0.000000e+00 -1.000000e+00 -0.000000e+00
   outer loop
     vertex -3.025058e+01 -2.500000e+00  1.229434e+02
     vertex -3.025317e+01 -2.500000e+00  1.228680e+02
     vertex -1.400000e+01 -2.500000e+00  1.005000e+02
   endloop
 endfacet
 facet normal  0.000000e+00 -1.000000e+00 -0.000000e+00
   outer loop
     vertex -3.025006e+01 -2.500000e+00  1.230189e+02
     vertex -3.025058e+01 -2.500000e+00  1.229434e+02
     vertex -1.400000e+01 -2.500000e+00  1.005000e+02
   endloop
 endfacet
 facet normal  0.000000e+00 -1.000000e+00  0.000000e+00
   outer loop
     vertex -3.025162e+01 -2.500000e+00  1.230943e+02
     vertex -3.025006e+01 -2.500000e+00  1.230189e+02
     vertex -1.400000e+01 -2.500000e+00  1.005000e+02
   endloop
 endfacet
 facet normal  0.000000e+00 -1.000000e+00  0.000000e+00
   outer loop
     vertex -3.025524e+01 -2.500000e+00  1.231697e+02
     vertex -3.025162e+01 -2.500000e+00  1.230943e+02
     vertex -1.400000e+01 -2.500000e+00  1.005000e+02
   endloop
 endfacet
 facet normal  0.000000e+00 -1.000000e+00  0.000000e+00
   outer loop
     vertex -3.026093e+01 -2.500000e+00  1.232449e+02
     vertex -3.025524e+01 -2.500000e+00  1.231697e+02
     vertex -1.400000e+01 -2.500000e+00  1.005000e+02
   endloop
 endfacet
 facet normal  0.000000e+00 -1.000000e+00  0.000000e+00
   outer loop
     vertex -3.026868e+01 -2.500000e+00  1.233199e+02
     vertex -3.026093e+01 -2.500000e+00  1.232449e+02
     vertex -1.400000e+01 -2.500000e+00  1.005000e+02
   endloop
 endfacet
 facet normal  0.000000e+00 -1.000000e+00  0.000000e+00
   outer loop
     vertex -3.027848e+01 -2.500000e+00  1.233948e+02
     vertex -3.026868e+01 -2.500000e+00  1.233199e+02
     vertex -1.400000e+01 -2.500000e+00  1.005000e+02
   endloop
 endfacet
 facet normal  0.000000e+00 -1.000000e+00  0.000000e+00
   outer loop
     vertex  4.400000e+01 -2.500000e+00  5.150000e+01
     vertex  4.400000e+01 -2.500000e+00  2.150000e+01
     vertex  9.000000e+01 -2.500000e+00  0.000000e+00
   endloop
 endfacet
 facet normal -0.000000e+00 -1.000000e+00  0.000000e+00
   outer loop
     vertex  1.400000e+01 -2.500000e+00  1.005000e+02
     vertex -1.400000e+01 -2.500000e+00  1.005000e+02
     vertex -1.400000e+01 -2.500000e+00  7.050000e+01
   endloop
 endfacet
 facet normal  0.000000e+00 -1.000000e+00 -0.000000e+00
   outer loop
     vertex  1.400000e+01 -2.500000e+00  1.005000e+02
     vertex -1.400000e+01 -2.500000e+00  7.050000e+01
     vertex  1.400000e+01 -2.500000e+00  7.050000e+01
   endloop
 endfacet
 facet normal  0.000000e+00 -1.000000e+00  0.000000e+00
   outer loop
     vertex  1.400000e+01 -2.500000e+00  1.005000e+02
     vertex -3.027848e+01 -2.500000e+00  1.233948e+02
     vertex -1.400000e+01 -2.500000e+00  1.005000e+02
   endloop
 endfacet
 facet normal -0.000000e+00 -1.000000e+00  0.000000e+00
   outer loop
     vertex  4.400000e+01 -2.500000e+00  7.050000e+01
     vertex  1.400000e+01 -2.500000e+00  7.050000e+01
     vertex  1.400000e+01 -2.500000e+00  5.150000e+01
   endloop
 endfacet
 facet normal  0.000000e+00 -1.000000e+00 -0.000000e+00
   outer loop
     vertex  4.400000e+01 -2.500000e+00  7.050000e+01
     vertex  1.400000e+01 -2.500000e+00  5.150000e+01
     vertex  4.400000e+01 -2.500000e+00  5.150000e+01
   endloop
 endfacet
 facet normal  0.000000e+00 -1.000000e+00  0.000000e+00
   outer loop
     vertex  4.400000e+01 -2.500000e+00  7.050000e+01
     vertex  4.400000e+01 -2.500000e+00  5.150000e+01
     vertex  9.000000e+01 -2.500000e+00  0.000000e+00
   endloop
 endfacet
 facet normal  0.000000e+00 -1.000000e+00 -0.000000e+00
   outer loop
     vertex  3.100934e+01 -2.500000e+00  1.211027e+02
     vertex  1.400000e+01 -2.500000e+00  1.005000e+02
     vertex  3.106214e+01 -2.500000e+00  1.210488e+02
   endloop
 endfacet
 facet normal -0.000000e+00 -1.000000e+00  0.000000e+00
   outer loop
     vertex  3.111640e+01 -2.500000e+00  1.209964e+02
     vertex  3.106214e+01 -2.500000e+00  1.210488e+02
     vertex  1.400000e+01 -2.500000e+00  1.005000e+02
   endloop
 endfacet
 facet normal  0.000000e+00 -1.000000e+00 -0.000000e+00
   outer loop
     vertex  3.095804e+01 -2.500000e+00  1.211580e+02
     vertex  1.400000e+01 -2.500000e+00  1.005000e+02
     vertex  3.100934e+01 -2.500000e+00  1.211027e+02
   endloop
 endfacet
 facet normal -0.000000e+00 -1.000000e+00  0.000000e+00
   outer loop
     vertex  3.117207e+01 -2.500000e+00  1.209454e+02
     vertex  3.111640e+01 -2.500000e+00  1.209964e+02
     vertex  1.400000e+01 -2.500000e+00  1.005000e+02
   endloop
 endfacet
 facet normal  0.000000e+00 -1.000000e+00 -0.000000e+00
   outer loop
     vertex  3.090827e+01 -2.500000e+00  1.212147e+02
     vertex  1.400000e+01 -2.500000e+00  1.005000e+02
     vertex  3.095804e+01 -2.500000e+00  1.211580e+02
   endloop
 endfacet
 facet normal -0.000000e+00 -1.000000e+00  0.000000e+00
   outer loop
     vertex  3.122912e+01 -2.500000e+00  1.208961e+02
     vertex  3.117207e+01 -2.500000e+00  1.209454e+02
     vertex  1.400000e+01 -2.500000e+00  1.005000e+02
   endloop
 endfacet
 facet normal  0.000000e+00 -1.000000e+00 -0.000000e+00
   outer loop
     vertex  3.086008e+01 -2.500000e+00  1.212728e+02
     vertex  1.400000e+01 -2.500000e+00  1.005000e+02
     vertex  3.090827e+01 -2.500000e+00  1.212147e+02
   endloop
 endfacet
 facet normal -0.000000e+00 -1.000000e+00  0.000000e+00
   outer loop
     vertex  3.128751e+01 -2.500000e+00  1.208483e+02
     vertex  3.122912e+01 -2.500000e+00  1.208961e+02
     vertex  1.400000e+01 -2.500000e+00  1.005000e+02
   endloop
 endfacet
 facet normal  0.000000e+00 -1.000000e+00 -0.000000e+00
   outer loop
     vertex  3.081350e+01 -2.500000e+00  1.213321e+02
     vertex  1.400000e+01 -2.500000e+00  1.005000e+02
     vertex  3.086008e+01 -2.500000e+00  1.212728e+02
   endloop
 endfacet
 facet normal -0.000000e+00 -1.000000e+00  0.000000e+00
   outer loop
     vertex  3.134719e+01 -2.500000e+00  1.208021e+02
     vertex  3.128751e+01 -2.500000e+00  1.208483e+02
     vertex  1.400000e+01 -2.500000e+00  1.005000e+02
   endloop
 endfacet
 facet normal  0.000000e+00 -1.000000e+00 -0.000000e+00
   outer loop
     vertex  3.076857e+01 -2.500000e+00  1.213928e+02
     vertex  1.400000e+01 -2.500000e+00  1.005000e+02
     vertex  3.081350e+01 -2.500000e+00  1.213321e+02
   endloop
 endfacet
 facet normal -0.000000e+00 -1.000000e+00  0.000000e+00
   outer loop
     vertex  3.140810e+01 -2.500000e+00  1.207576e+02
     vertex  3.134719e+01 -2.500000e+00  1.208021e+02
     vertex  1.400000e+01 -2.500000e+00  1.005000e+02
   endloop
 endfacet
 facet normal  0.000000e+00 -1.000000e+00 -0.000000e+00
   outer loop
     vertex  3.072532e+01 -2.500000e+00  1.214546e+02
     vertex  1.400000e+01 -2.500000e+00  1.005000e+02
     vertex  3.076857e+01 -2.500000e+00  1.213928e+02
   endloop
 endfacet
 facet normal -0.000000e+00 -1.000000e+00  0.000000e+00
   outer loop
     vertex  3.147022e+01 -2.500000e+00  1.207148e+02
     vertex  3.140810e+01 -2.500000e+00  1.207576e+02
     vertex  1.400000e+01 -2.500000e+00  1.005000e+02
   endloop
 endfacet
 facet normal  0.000000e+00 -1.000000e+00 -0.000000e+00
   outer loop
     vertex  3.068378e+01 -2.500000e+00  1.215176e+02
     vertex  1.400000e+01 -2.500000e+00  1.005000e+02
     vertex  3.072532e+01 -2.500000e+00  1.214546e+02
   endloop
 endfacet
 facet normal -0.000000e+00 -1.000000e+00  0.000000e+00
   outer loop
     vertex  3.153349e+01 -2.500000e+00  1.206737e+02
     vertex  3.147022e+01 -2.500000e+00  1.207148e+02
     vertex  1.400000e+01 -2.500000e+00  1.005000e+02
   endloop
 endfacet
 facet normal  0.000000e+00 -1.000000e+00 -0.000000e+00
   outer loop
     vertex  3.064398e+01 -2.500000e+00  1.215817e+02
     vertex  1.400000e+01 -2.500000e+00  1.005000e+02
     vertex  3.068378e+01 -2.500000e+00  1.215176e+02
   endloop
 endfacet
 facet normal -0.000000e+00 -1.000000e+00  0.000000e+00
   outer loop
     vertex  3.159786e+01 -2.500000e+00  1.206343e+02
     vertex  3.153349e+01 -2.500000e+00  1.206737e+02
     vertex  1.400000e+01 -2.500000e+00  1.005000e+02
   endloop
 endfacet
 facet normal  0.000000e+00 -1.000000e+00 -0.000000e+00
   outer loop
     vertex  3.060595e+01 -2.500000e+00  1.216468e+02
     vertex  1.400000e+01 -2.500000e+00  1.005000e+02
     vertex  3.064398e+01 -2.500000e+00  1.215817e+02
   endloop
 endfacet
 facet normal -0.000000e+00 -1.000000e+00  0.000000e+00
   outer loop
     vertex  3.166329e+01 -2.500000e+00  1.205967e+02
     vertex  3.159786e+01 -2.500000e+00  1.206343e+02
     vertex  1.400000e+01 -2.500000e+00  1.005000e+02
   endloop
 endfacet
 facet normal  0.000000e+00 -1.000000e+00 -0.000000e+00
   outer loop
     vertex  3.056973e+01 -2.500000e+00  1.217130e+02
     vertex  1.400000e+01 -2.500000e+00  1.005000e+02
     vertex  3.060595e+01 -2.500000e+00  1.216468e+02
   endloop
 endfacet
 facet normal -0.000000e+00 -1.000000e+00  0.000000e+00
   outer loop
     vertex  3.172973e+01 -2.500000e+00  1.205610e+02
     vertex  3.166329e+01 -2.500000e+00  1.205967e+02
     vertex  1.400000e+01 -2.500000e+00  1.005000e+02
   endloop
 endfacet
 facet normal  0.000000e+00 -1.000000e+00 -0.000000e+00
   outer loop
     vertex  3.053534e+01 -2.500000e+00  1.217802e+02
     vertex  1.400000e+01 -2.500000e+00  1.005000e+02
     vertex  3.056973e+01 -2.500000e+00  1.217130e+02
   endloop
 endfacet
 facet normal -0.000000e+00 -1.000000e+00  0.000000e+00
   outer loop
     vertex  3.179712e+01 -2.500000e+00  1.205270e+02
     vertex  3.172973e+01 -2.500000e+00  1.205610e+02
     vertex  1.400000e+01 -2.500000e+00  1.005000e+02
   endloop
 endfacet
 facet normal  0.000000e+00 -1.000000e+00 -0.000000e+00
   outer loop
     vertex  3.050280e+01 -2.500000e+00  1.218483e+02
     vertex  1.400000e+01 -2.500000e+00  1.005000e+02
     vertex  3.053534e+01 -2.500000e+00  1.217802e+02
   endloop
 endfacet
 facet normal -0.000000e+00 -1.000000e+00  0.000000e+00
   outer loop
     vertex  3.186541e+01 -2.500000e+00  1.204950e+02
     vertex  3.179712e+01 -2.500000e+00  1.205270e+02
     vertex  1.400000e+01 -2.500000e+00  1.005000e+02
   endloop
 endfacet
 facet normal  0.000000e+00 -1.000000e+00 -0.000000e+00
   outer loop
     vertex  3.047215e+01 -2.500000e+00  1.219172e+02
     vertex  1.400000e+01 -2.500000e+00  1.005000e+02
     vertex  3.050280e+01 -2.500000e+00  1.218483e+02
   endloop
 endfacet
 facet normal -0.000000e+00 -1.000000e+00  0.000000e+00
   outer loop
     vertex  3.193456e+01 -2.500000e+00  1.204648e+02
     vertex  3.186541e+01 -2.500000e+00  1.204950e+02
     vertex  1.400000e+01 -2.500000e+00  1.005000e+02
   endloop
 endfacet
 facet normal  0.000000e+00 -1.000000e+00 -0.000000e+00
   outer loop
     vertex  3.044339e+01 -2.500000e+00  1.219870e+02
     vertex  1.400000e+01 -2.500000e+00  1.005000e+02
     vertex  3.047215e+01 -2.500000e+00  1.219172e+02
   endloop
 endfacet
 facet normal -0.000000e+00 -1.000000e+00  0.000000e+00
   outer loop
     vertex  3.200452e+01 -2.500000e+00  1.204365e+02
     vertex  3.193456e+01 -2.500000e+00  1.204648e+02
     vertex  1.400000e+01 -2.500000e+00  1.005000e+02
   endloop
 endfacet
 facet normal  0.000000e+00 -1.000000e+00 -0.000000e+00
   outer loop
     vertex  3.041656e+01 -2.500000e+00  1.220575e+02
     vertex  1.400000e+01 -2.500000e+00  1.005000e+02
     vertex  3.044339e+01 -2.500000e+00  1.219870e+02
   endloop
 endfacet
 facet normal -0.000000e+00 -1.000000e+00  0.000000e+00
   outer loop
     vertex  3.207522e+01 -2.500000e+00  1.204102e+02
     vertex  3.200452e+01 -2.500000e+00  1.204365e+02
     vertex  1.400000e+01 -2.500000e+00  1.005000e+02
   endloop
 endfacet
 facet normal  0.000000e+00 -1.000000e+00 -0.000000e+00
   outer loop
     vertex  3.039168e+01 -2.500000e+00  1.221287e+02
     vertex  1.400000e+01 -2.500000e+00  1.005000e+02
     vertex  3.041656e+01 -2.500000e+00  1.220575e+02
   endloop
 endfacet
 facet normal -0.000000e+00 -1.000000e+00  0.000000e+00
   outer loop
     vertex  3.214662e+01 -2.500000e+00  1.203858e+02
     vertex  3.207522e+01 -2.500000e+00  1.204102e+02
     vertex  1.400000e+01 -2.500000e+00  1.005000e+02
   endloop
 endfacet
 facet normal  0.000000e+00 -1.000000e+00 -0.000000e+00
   outer loop
     vertex  3.036876e+01 -2.500000e+00  1.222006e+02
     vertex  1.400000e+01 -2.500000e+00  1.005000e+02
     vertex  3.039168e+01 -2.500000e+00  1.221287e+02
   endloop
 endfacet
 facet normal -0.000000e+00 -1.000000e+00  0.000000e+00
   outer loop
     vertex  3.221866e+01 -2.500000e+00  1.203633e+02
     vertex  3.214662e+01 -2.500000e+00  1.203858e+02
     vertex  1.400000e+01 -2.500000e+00  1.005000e+02
   endloop
 endfacet
 facet normal  0.000000e+00 -1.000000e+00 -0.000000e+00
   outer loop
     vertex  3.034782e+01 -2.500000e+00  1.222731e+02
     vertex  1.400000e+01 -2.500000e+00  1.005000e+02
     vertex  3.036876e+01 -2.500000e+00  1.222006e+02
   endloop
 endfacet
 facet normal -0.000000e+00 -1.000000e+00  0.000000e+00
   outer loop
     vertex  3.229128e+01 -2.500000e+00  1.203429e+02
     vertex  3.221866e+01 -2.500000e+00  1.203633e+02
     vertex  1.400000e+01 -2.500000e+00  1.005000e+02
   endloop
 endfacet
 facet normal  0.000000e+00 -1.000000e+00 -0.000000e+00
   outer loop
     vertex  3.032887e+01 -2.500000e+00  1.223461e+02
     vertex  1.400000e+01 -2.500000e+00  1.005000e+02
     vertex  3.034782e+01 -2.500000e+00  1.222731e+02
   endloop
 endfacet
 facet normal -0.000000e+00 -1.000000e+00  0.000000e+00
   outer loop
     vertex  3.236445e+01 -2.500000e+00  1.203244e+02
     vertex  3.229128e+01 -2.500000e+00  1.203429e+02
     vertex  1.400000e+01 -2.500000e+00  1.005000e+02
   endloop
 endfacet
 facet normal  0.000000e+00 -1.000000e+00 -0.000000e+00
   outer loop
     vertex  3.031194e+01 -2.500000e+00  1.224196e+02
     vertex  1.400000e+01 -2.500000e+00  1.005000e+02
     vertex  3.032887e+01 -2.500000e+00  1.223461e+02
   endloop
 endfacet
 facet normal -0.000000e+00 -1.000000e+00  0.000000e+00
   outer loop
     vertex  3.243809e+01 -2.500000e+00  1.203080e+02
     vertex  3.236445e+01 -2.500000e+00  1.203244e+02
     vertex  1.400000e+01 -2.500000e+00  1.005000e+02
   endloop
 endfacet
 facet normal  0.000000e+00 -1.000000e+00 -0.000000e+00
   outer loop
     vertex  3.243809e+01 -2.500000e+00  1.203080e+02
     vertex  1.400000e+01 -2.500000e+00  1.005000e+02
     vertex  4.400000e+01 -2.500000e+00  1.005000e+02
   endloop
 endfacet
 facet normal  0.000000e+00 -1.000000e+00 -0.000000e+00
   outer loop
     vertex  3.029703e+01 -2.500000e+00  1.224936e+02
     vertex  1.400000e+01 -2.500000e+00  1.005000e+02
     vertex  3.031194e+01 -2.500000e+00  1.224196e+02
   endloop
 endfacet
 facet normal -0.000000e+00 -1.000000e+00 -0.000000e+00
   outer loop
     vertex  3.251215e+01 -2.500000e+00  1.202936e+02
     vertex  3.243809e+01 -2.500000e+00  1.203080e+02
     vertex  4.400000e+01 -2.500000e+00  1.005000e+02
   endloop
 endfacet
 facet normal  0.000000e+00 -1.000000e+00 -0.000000e+00
   outer loop
     vertex  3.028415e+01 -2.500000e+00  1.225679e+02
     vertex  1.400000e+01 -2.500000e+00  1.005000e+02
     vertex  3.029703e+01 -2.500000e+00  1.224936e+02
   endloop
 endfacet
 facet normal -0.000000e+00 -1.000000e+00 -0.000000e+00
   outer loop
     vertex  3.258658e+01 -2.500000e+00  1.202813e+02
     vertex  3.251215e+01 -2.500000e+00  1.202936e+02
     vertex  4.400000e+01 -2.500000e+00  1.005000e+02
   endloop
 endfacet
 facet normal  0.000000e+00 -1.000000e+00 -0.000000e+00
   outer loop
     vertex  3.027332e+01 -2.500000e+00  1.226426e+02
     vertex  1.400000e+01 -2.500000e+00  1.005000e+02
     vertex  3.028415e+01 -2.500000e+00  1.225679e+02
   endloop
 endfacet
 facet normal -0.000000e+00 -1.000000e+00 -0.000000e+00
   outer loop
     vertex  3.266132e+01 -2.500000e+00  1.202709e+02
     vertex  3.258658e+01 -2.500000e+00  1.202813e+02
     vertex  4.400000e+01 -2.500000e+00  1.005000e+02
   endloop
 endfacet
 facet normal  0.000000e+00 -1.000000e+00 -0.000000e+00
   outer loop
     vertex  3.026454e+01 -2.500000e+00  1.227175e+02
     vertex  1.400000e+01 -2.500000e+00  1.005000e+02
     vertex  3.027332e+01 -2.500000e+00  1.226426e+02
   endloop
 endfacet
 facet normal -0.000000e+00 -1.000000e+00 -0.000000e+00
   outer loop
     vertex  3.273632e+01 -2.500000e+00  1.202627e+02
     vertex  3.266132e+01 -2.500000e+00  1.202709e+02
     vertex  4.400000e+01 -2.500000e+00  1.005000e+02
   endloop
 endfacet
 facet normal  0.000000e+00 -1.000000e+00 -0.000000e+00
   outer loop
     vertex  3.025782e+01 -2.500000e+00  1.227927e+02
     vertex  1.400000e+01 -2.500000e+00  1.005000e+02
     vertex  3.026454e+01 -2.500000e+00  1.227175e+02
   endloop
 endfacet
 facet normal -0.000000e+00 -1.000000e+00 -0.000000e+00
   outer loop
     vertex  3.281152e+01 -2.500000e+00  1.202565e+02
     vertex  3.273632e+01 -2.500000e+00  1.202627e+02
     vertex  4.400000e+01 -2.500000e+00  1.005000e+02
   endloop
 endfacet
 facet normal  0.000000e+00 -1.000000e+00 -0.000000e+00
   outer loop
     vertex  3.025317e+01 -2.500000e+00  1.228680e+02
     vertex  1.400000e+01 -2.500000e+00  1.005000e+02
     vertex  3.025782e+01 -2.500000e+00  1.227927e+02
   endloop
 endfacet
 facet normal -0.000000e+00 -1.000000e+00 -0.000000e+00
   outer loop
     vertex  3.288685e+01 -2.500000e+00  1.202523e+02
     vertex  3.281152e+01 -2.500000e+00  1.202565e+02
     vertex  4.400000e+01 -2.500000e+00  1.005000e+02
   endloop
 endfacet
 facet normal  0.000000e+00 -1.000000e+00 -0.000000e+00
   outer loop
     vertex  3.025058e+01 -2.500000e+00  1.229434e+02
     vertex  1.400000e+01 -2.500000e+00  1.005000e+02
     vertex  3.025317e+01 -2.500000e+00  1.228680e+02
   endloop
 endfacet
 facet normal -0.000000e+00 -1.000000e+00 -0.000000e+00
   outer loop
     vertex  3.296227e+01 -2.500000e+00  1.202503e+02
     vertex  3.288685e+01 -2.500000e+00  1.202523e+02
     vertex  4.400000e+01 -2.500000e+00  1.005000e+02
   endloop
 endfacet
 facet normal  0.000000e+00 -1.000000e+00 -0.000000e+00
   outer loop
     vertex  3.025006e+01 -2.500000e+00  1.230189e+02
     vertex  1.400000e+01 -2.500000e+00  1.005000e+02
     vertex  3.025058e+01 -2.500000e+00  1.229434e+02
   endloop
 endfacet
 facet normal -0.000000e+00 -1.000000e+00 -0.000000e+00
   outer loop
     vertex  3.303773e+01 -2.500000e+00  1.202503e+02
     vertex  3.296227e+01 -2.500000e+00  1.202503e+02
     vertex  4.400000e+01 -2.500000e+00  1.005000e+02
   endloop
 endfacet
 facet normal  0.000000e+00 -1.000000e+00  0.000000e+00
   outer loop
     vertex  3.025162e+01 -2.500000e+00  1.230943e+02
     vertex  1.400000e+01 -2.500000e+00  1.005000e+02
     vertex  3.025006e+01 -2.500000e+00  1.230189e+02
   endloop
 endfacet
 facet normal  0.000000e+00 -1.000000e+00 -0.000000e+00
   outer loop
     vertex  3.311315e+01 -2.500000e+00  1.202523e+02
     vertex  3.303773e+01 -2.500000e+00  1.202503e+02
     vertex  4.400000e+01 -2.500000e+00  1.005000e+02
   endloop
 endfacet
 facet normal  0.000000e+00 -1.000000e+00  0.000000e+00
   outer loop
     vertex  3.025524e+01 -2.500000e+00  1.231697e+02
     vertex  1.400000e+01 -2.500000e+00  1.005000e+02
     vertex  3.025162e+01 -2.500000e+00  1.230943e+02
   endloop
 endfacet
 facet normal  0.000000e+00 -1.000000e+00 -0.000000e+00
   outer loop
     vertex  3.318848e+01 -2.500000e+00  1.202565e+02
     vertex  3.311315e+01 -2.500000e+00  1.202523e+02
     vertex  4.400000e+01 -2.500000e+00  1.005000e+02
   endloop
 endfacet
 facet normal  0.000000e+00 -1.000000e+00  0.000000e+00
   outer loop
     vertex  3.026093e+01 -2.500000e+00  1.232449e+02
     vertex  1.400000e+01 -2.500000e+00  1.005000e+02
     vertex  3.025524e+01 -2.500000e+00  1.231697e+02
   endloop
 endfacet
 facet normal  0.000000e+00 -1.000000e+00 -0.000000e+00
   outer loop
     vertex  3.326368e+01 -2.500000e+00  1.202627e+02
     vertex  3.318848e+01 -2.500000e+00  1.202565e+02
     vertex  4.400000e+01 -2.500000e+00  1.005000e+02
   endloop
 endfacet
 facet normal  0.000000e+00 -1.000000e+00  0.000000e+00
   outer loop
     vertex  3.026868e+01 -2.500000e+00  1.233199e+02
     vertex  1.400000e+01 -2.500000e+00  1.005000e+02
     vertex  3.026093e+01 -2.500000e+00  1.232449e+02
   endloop
 endfacet
 facet normal  0.000000e+00 -1.000000e+00 -0.000000e+00
   outer loop
     vertex  3.333868e+01 -2.500000e+00  1.202709e+02
     vertex  3.326368e+01 -2.500000e+00  1.202627e+02
     vertex  4.400000e+01 -2.500000e+00  1.005000e+02
   endloop
 endfacet
 facet normal  0.000000e+00 -1.000000e+00  0.000000e+00
   outer loop
     vertex  3.027848e+01 -2.500000e+00  1.233948e+02
     vertex  1.400000e+01 -2.500000e+00  1.005000e+02
     vertex  3.026868e+01 -2.500000e+00  1.233199e+02
   endloop
 endfacet
 facet normal  0.000000e+00 -1.000000e+00  0.000000e+00
   outer loop
     vertex  3.027848e+01 -2.500000e+00  1.233948e+02
     vertex -3.027848e+01 -2.500000e+00  1.233948e+02
     vertex  1.400000e+01 -2.500000e+00  1.005000e+02
   endloop
 endfacet
 facet normal  0.000000e+00 -1.000000e+00 -0.000000e+00
   outer loop
     vertex  3.341342e+01 -2.500000e+00  1.202813e+02
     vertex  3.333868e+01 -2.500000e+00  1.202709e+02
     vertex  4.400000e+01 -2.500000e+00  1.005000e+02
   endloop
 endfacet
 facet normal  0.000000e+00 -1.000000e+00  0.000000e+00
   outer loop
     vertex  3.029034e+01 -2.500000e+00  1.234693e+02
     vertex -3.027848e+01 -2.500000e+00  1.233948e+02
     vertex  3.027848e+01 -2.500000e+00  1.233948e+02
   endloop
 endfacet
 facet normal  0.000000e+00 -1.000000e+00  0.000000e+00
   outer loop
     vertex  3.029034e+01 -2.500000e+00  1.234693e+02
     vertex -3.029034e+01 -2.500000e+00  1.234693e+02
     vertex -3.027848e+01 -2.500000e+00  1.233948e+02
   endloop
 endfacet
 facet normal  0.000000e+00 -1.000000e+00 -0.000000e+00
   outer loop
     vertex  3.348785e+01 -2.500000e+00  1.202936e+02
     vertex  3.341342e+01 -2.500000e+00  1.202813e+02
     vertex  4.400000e+01 -2.500000e+00  1.005000e+02
   endloop
 endfacet
 facet normal  0.000000e+00 -1.000000e+00  0.000000e+00
   outer loop
     vertex  3.030423e+01 -2.500000e+00  1.235434e+02
     vertex -3.029034e+01 -2.500000e+00  1.234693e+02
     vertex  3.029034e+01 -2.500000e+00  1.234693e+02
   endloop
 endfacet
 facet normal -0.000000e+00 -1.000000e+00  0.000000e+00
   outer loop
     vertex  3.030423e+01 -2.500000e+00  1.235434e+02
     vertex -3.032015e+01 -2.500000e+00  1.236172e+02
     vertex -3.030423e+01 -2.500000e+00  1.235434e+02
   endloop
 endfacet
 facet normal  0.000000e+00 -1.000000e+00  0.000000e+00
   outer loop
     vertex  3.030423e+01 -2.500000e+00  1.235434e+02
     vertex -3.030423e+01 -2.500000e+00  1.235434e+02
     vertex -3.029034e+01 -2.500000e+00  1.234693e+02
   endloop
 endfacet
 facet normal  0.000000e+00 -1.000000e+00 -0.000000e+00
   outer loop
     vertex  3.356191e+01 -2.500000e+00  1.203080e+02
     vertex  3.348785e+01 -2.500000e+00  1.202936e+02
     vertex  4.400000e+01 -2.500000e+00  1.005000e+02
   endloop
 endfacet
 facet normal  0.000000e+00 -1.000000e+00  0.000000e+00
   outer loop
     vertex  3.032015e+01 -2.500000e+00  1.236172e+02
     vertex -3.032015e+01 -2.500000e+00  1.236172e+02
     vertex  3.030423e+01 -2.500000e+00  1.235434e+02
   endloop
 endfacet
 facet normal  0.000000e+00 -1.000000e+00 -0.000000e+00
   outer loop
     vertex  3.363555e+01 -2.500000e+00  1.203244e+02
     vertex  3.356191e+01 -2.500000e+00  1.203080e+02
     vertex  4.400000e+01 -2.500000e+00  1.005000e+02
   endloop
 endfacet
 facet normal  0.000000e+00 -1.000000e+00  0.000000e+00
   outer loop
     vertex  3.033809e+01 -2.500000e+00  1.236905e+02
     vertex -3.032015e+01 -2.500000e+00  1.236172e+02
     vertex  3.032015e+01 -2.500000e+00  1.236172e+02
   endloop
 endfacet
 facet normal -0.000000e+00 -1.000000e+00  0.000000e+00
   outer loop
     vertex  3.033809e+01 -2.500000e+00  1.236905e+02
     vertex -3.035804e+01 -2.500000e+00  1.237632e+02
     vertex -3.033809e+01 -2.500000e+00  1.236905e+02
   endloop
 endfacet
 facet normal  0.000000e+00 -1.000000e+00  0.000000e+00
   outer loop
     vertex  3.033809e+01 -2.500000e+00  1.236905e+02
     vertex -3.033809e+01 -2.500000e+00  1.236905e+02
     vertex -3.032015e+01 -2.500000e+00  1.236172e+02
   endloop
 endfacet
 facet normal  0.000000e+00 -1.000000e+00 -0.000000e+00
   outer loop
     vertex  3.370872e+01 -2.500000e+00  1.203429e+02
     vertex  3.363555e+01 -2.500000e+00  1.203244e+02
     vertex  4.400000e+01 -2.500000e+00  1.005000e+02
   endloop
 endfacet
 facet normal  0.000000e+00 -1.000000e+00  0.000000e+00
   outer loop
     vertex  3.035804e+01 -2.500000e+00  1.237632e+02
     vertex -3.035804e+01 -2.500000e+00  1.237632e+02
     vertex  3.033809e+01 -2.500000e+00  1.236905e+02
   endloop
 endfacet
 facet normal  0.000000e+00 -1.000000e+00 -0.000000e+00
   outer loop
     vertex  3.378134e+01 -2.500000e+00  1.203633e+02
     vertex  3.370872e+01 -2.500000e+00  1.203429e+02
     vertex  4.400000e+01 -2.500000e+00  1.005000e+02
   endloop
 endfacet
 facet normal  0.000000e+00 -1.000000e+00  0.000000e+00
   outer loop
     vertex  3.037997e+01 -2.500000e+00  1.238354e+02
     vertex -3.035804e+01 -2.500000e+00  1.237632e+02
     vertex  3.035804e+01 -2.500000e+00  1.237632e+02
   endloop
 endfacet
 facet normal -0.000000e+00 -1.000000e+00  0.000000e+00
   outer loop
     vertex  3.037997e+01 -2.500000e+00  1.238354e+02
     vertex -3.040388e+01 -2.500000e+00  1.239070e+02
     vertex -3.037997e+01 -2.500000e+00  1.238354e+02
   endloop
 endfacet
 facet normal  0.000000e+00 -1.000000e+00  0.000000e+00
   outer loop
     vertex  3.037997e+01 -2.500000e+00  1.238354e+02
     vertex -3.037997e+01 -2.500000e+00  1.238354e+02
     vertex -3.035804e+01 -2.500000e+00  1.237632e+02
   endloop
 endfacet
 facet normal  0.000000e+00 -1.000000e+00 -0.000000e+00
   outer loop
     vertex  3.385338e+01 -2.500000e+00  1.203858e+02
     vertex  3.378134e+01 -2.500000e+00  1.203633e+02
     vertex  4.400000e+01 -2.500000e+00  1.005000e+02
   endloop
 endfacet
 facet normal  0.000000e+00 -1.000000e+00  0.000000e+00
   outer loop
     vertex  3.040388e+01 -2.500000e+00  1.239070e+02
     vertex -3.040388e+01 -2.500000e+00  1.239070e+02
     vertex  3.037997e+01 -2.500000e+00  1.238354e+02
   endloop
 endfacet
 facet normal -0.000000e+00 -1.000000e+00  0.000000e+00
   outer loop
     vertex  3.040388e+01 -2.500000e+00  1.239070e+02
     vertex -3.042974e+01 -2.500000e+00  1.239779e+02
     vertex -3.040388e+01 -2.500000e+00  1.239070e+02
   endloop
 endfacet
 facet normal  0.000000e+00 -1.000000e+00 -0.000000e+00
   outer loop
     vertex  3.392478e+01 -2.500000e+00  1.204102e+02
     vertex  3.385338e+01 -2.500000e+00  1.203858e+02
     vertex  4.400000e+01 -2.500000e+00  1.005000e+02
   endloop
 endfacet
 facet normal  0.000000e+00 -1.000000e+00  0.000000e+00
   outer loop
     vertex  3.042974e+01 -2.500000e+00  1.239779e+02
     vertex -3.042974e+01 -2.500000e+00  1.239779e+02
     vertex  3.040388e+01 -2.500000e+00  1.239070e+02
   endloop
 endfacet
 facet normal  0.000000e+00 -1.000000e+00 -0.000000e+00
   outer loop
     vertex  3.399548e+01 -2.500000e+00  1.204365e+02
     vertex  3.392478e+01 -2.500000e+00  1.204102e+02
     vertex  4.400000e+01 -2.500000e+00  1.005000e+02
   endloop
 endfacet
 facet normal  0.000000e+00 -1.000000e+00  0.000000e+00
   outer loop
     vertex  3.045753e+01 -2.500000e+00  1.240480e+02
     vertex -3.042974e+01 -2.500000e+00  1.239779e+02
     vertex  3.042974e+01 -2.500000e+00  1.239779e+02
   endloop
 endfacet
 facet normal  0.000000e+00 -1.000000e+00  0.000000e+00
   outer loop
     vertex  3.045753e+01 -2.500000e+00  1.240480e+02
     vertex -3.045753e+01 -2.500000e+00  1.240480e+02
     vertex -3.042974e+01 -2.500000e+00  1.239779e+02
   endloop
 endfacet
 facet normal  0.000000e+00 -1.000000e+00 -0.000000e+00
   outer loop
     vertex  3.406544e+01 -2.500000e+00  1.204648e+02
     vertex  3.399548e+01 -2.500000e+00  1.204365e+02
     vertex  4.400000e+01 -2.500000e+00  1.005000e+02
   endloop
 endfacet
 facet normal  0.000000e+00 -1.000000e+00  0.000000e+00
   outer loop
     vertex  3.048724e+01 -2.500000e+00  1.241174e+02
     vertex -3.045753e+01 -2.500000e+00  1.240480e+02
     vertex  3.045753e+01 -2.500000e+00  1.240480e+02
   endloop
 endfacet
 facet normal -0.000000e+00 -1.000000e+00  0.000000e+00
   outer loop
     vertex  3.048724e+01 -2.500000e+00  1.241174e+02
     vertex -3.051884e+01 -2.500000e+00  1.241859e+02
     vertex -3.048724e+01 -2.500000e+00  1.241174e+02
   endloop
 endfacet
 facet normal  0.000000e+00 -1.000000e+00  0.000000e+00
   outer loop
     vertex  3.048724e+01 -2.500000e+00  1.241174e+02
     vertex -3.048724e+01 -2.500000e+00  1.241174e+02
     vertex -3.045753e+01 -2.500000e+00  1.240480e+02
   endloop
 endfacet
 facet normal  0.000000e+00 -1.000000e+00 -0.000000e+00
   outer loop
     vertex  3.413459e+01 -2.500000e+00  1.204950e+02
     vertex  3.406544e+01 -2.500000e+00  1.204648e+02
     vertex  4.400000e+01 -2.500000e+00  1.005000e+02
   endloop
 endfacet
 facet normal  0.000000e+00 -1.000000e+00  0.000000e+00
   outer loop
     vertex  3.051884e+01 -2.500000e+00  1.241859e+02
     vertex -3.051884e+01 -2.500000e+00  1.241859e+02
     vertex  3.048724e+01 -2.500000e+00  1.241174e+02
   endloop
 endfacet
 facet normal -0.000000e+00 -1.000000e+00  0.000000e+00
   outer loop
     vertex  3.051884e+01 -2.500000e+00  1.241859e+02
     vertex -3.055231e+01 -2.500000e+00  1.242535e+02
     vertex -3.051884e+01 -2.500000e+00  1.241859e+02
   endloop
 endfacet
 facet normal  0.000000e+00 -1.000000e+00 -0.000000e+00
   outer loop
     vertex  3.420288e+01 -2.500000e+00  1.205270e+02
     vertex  3.413459e+01 -2.500000e+00  1.204950e+02
     vertex  4.400000e+01 -2.500000e+00  1.005000e+02
   endloop
 endfacet
 facet normal  0.000000e+00 -1.000000e+00  0.000000e+00
   outer loop
     vertex  3.055231e+01 -2.500000e+00  1.242535e+02
     vertex -3.055231e+01 -2.500000e+00  1.242535e+02
     vertex  3.051884e+01 -2.500000e+00  1.241859e+02
   endloop
 endfacet
 facet normal -0.000000e+00 -1.000000e+00  0.000000e+00
   outer loop
     vertex  3.055231e+01 -2.500000e+00  1.242535e+02
     vertex -3.058762e+01 -2.500000e+00  1.243202e+02
     vertex -3.055231e+01 -2.500000e+00  1.242535e+02
   endloop
 endfacet
 facet normal  0.000000e+00 -1.000000e+00 -0.000000e+00
   outer loop
     vertex  3.427027e+01 -2.500000e+00  1.205610e+02
     vertex  3.420288e+01 -2.500000e+00  1.205270e+02
     vertex  4.400000e+01 -2.500000e+00  1.005000e+02
   endloop
 endfacet
 facet normal  0.000000e+00 -1.000000e+00  0.000000e+00
   outer loop
     vertex  3.058762e+01 -2.500000e+00  1.243202e+02
     vertex -3.058762e+01 -2.500000e+00  1.243202e+02
     vertex  3.055231e+01 -2.500000e+00  1.242535e+02
   endloop
 endfacet
 facet normal -0.000000e+00 -1.000000e+00  0.000000e+00
   outer loop
     vertex  3.058762e+01 -2.500000e+00  1.243202e+02
     vertex -3.062474e+01 -2.500000e+00  1.243859e+02
     vertex -3.058762e+01 -2.500000e+00  1.243202e+02
   endloop
 endfacet
 facet normal  0.000000e+00 -1.000000e+00 -0.000000e+00
   outer loop
     vertex  3.433671e+01 -2.500000e+00  1.205967e+02
     vertex  3.427027e+01 -2.500000e+00  1.205610e+02
     vertex  4.400000e+01 -2.500000e+00  1.005000e+02
   endloop
 endfacet
 facet normal  0.000000e+00 -1.000000e+00  0.000000e+00
   outer loop
     vertex  3.062474e+01 -2.500000e+00  1.243859e+02
     vertex -3.062474e+01 -2.500000e+00  1.243859e+02
     vertex  3.058762e+01 -2.500000e+00  1.243202e+02
   endloop
 endfacet
 facet normal  0.000000e+00 -1.000000e+00 -0.000000e+00
   outer loop
     vertex  3.440214e+01 -2.500000e+00  1.206343e+02
     vertex  3.433671e+01 -2.500000e+00  1.205967e+02
     vertex  4.400000e+01 -2.500000e+00  1.005000e+02
   endloop
 endfacet
 facet normal  0.000000e+00 -1.000000e+00  0.000000e+00
   outer loop
     vertex  3.066366e+01 -2.500000e+00  1.244505e+02
     vertex -3.062474e+01 -2.500000e+00  1.243859e+02
     vertex  3.062474e+01 -2.500000e+00  1.243859e+02
   endloop
 endfacet
 facet normal -0.000000e+00 -1.000000e+00  0.000000e+00
   outer loop
     vertex  3.066366e+01 -2.500000e+00  1.244505e+02
     vertex -3.070433e+01 -2.500000e+00  1.245141e+02
     vertex -3.066366e+01 -2.500000e+00  1.244505e+02
   endloop
 endfacet
 facet normal  0.000000e+00 -1.000000e+00  0.000000e+00
   outer loop
     vertex  3.066366e+01 -2.500000e+00  1.244505e+02
     vertex -3.066366e+01 -2.500000e+00  1.244505e+02
     vertex -3.062474e+01 -2.500000e+00  1.243859e+02
   endloop
 endfacet
 facet normal  0.000000e+00 -1.000000e+00 -0.000000e+00
   outer loop
     vertex  3.446651e+01 -2.500000e+00  1.206737e+02
     vertex  3.440214e+01 -2.500000e+00  1.206343e+02
     vertex  4.400000e+01 -2.500000e+00  1.005000e+02
   endloop
 endfacet
 facet normal -0.000000e+00 -1.000000e+00  0.000000e+00
   outer loop
     vertex  3.070433e+01 -2.500000e+00  1.245141e+02
     vertex -3.074673e+01 -2.500000e+00  1.245765e+02
     vertex -3.070433e+01 -2.500000e+00  1.245141e+02
   endloop
 endfacet
 facet normal  0.000000e+00 -1.000000e+00  0.000000e+00
   outer loop
     vertex  3.070433e+01 -2.500000e+00  1.245141e+02
     vertex -3.070433e+01 -2.500000e+00  1.245141e+02
     vertex  3.066366e+01 -2.500000e+00  1.244505e+02
   endloop
 endfacet
 facet normal  0.000000e+00 -1.000000e+00 -0.000000e+00
   outer loop
     vertex  3.452978e+01 -2.500000e+00  1.207148e+02
     vertex  3.446651e+01 -2.500000e+00  1.206737e+02
     vertex  4.400000e+01 -2.500000e+00  1.005000e+02
   endloop
 endfacet
 facet normal -0.000000e+00 -1.000000e+00  0.000000e+00
   outer loop
     vertex  3.074673e+01 -2.500000e+00  1.245765e+02
     vertex -3.079083e+01 -2.500000e+00  1.246377e+02
     vertex -3.074673e+01 -2.500000e+00  1.245765e+02
   endloop
 endfacet
 facet normal  0.000000e+00 -1.000000e+00  0.000000e+00
   outer loop
     vertex  3.074673e+01 -2.500000e+00  1.245765e+02
     vertex -3.074673e+01 -2.500000e+00  1.245765e+02
     vertex  3.070433e+01 -2.500000e+00  1.245141e+02
   endloop
 endfacet
 facet normal  0.000000e+00 -1.000000e+00 -0.000000e+00
   outer loop
     vertex  3.459190e+01 -2.500000e+00  1.207576e+02
     vertex  3.452978e+01 -2.500000e+00  1.207148e+02
     vertex  4.400000e+01 -2.500000e+00  1.005000e+02
   endloop
 endfacet
 facet normal  0.000000e+00 -1.000000e+00  0.000000e+00
   outer loop
     vertex  3.079083e+01 -2.500000e+00  1.246377e+02
     vertex -3.079083e+01 -2.500000e+00  1.246377e+02
     vertex  3.074673e+01 -2.500000e+00  1.245765e+02
   endloop
 endfacet
 facet normal  0.000000e+00 -1.000000e+00 -0.000000e+00
   outer loop
     vertex  3.465281e+01 -2.500000e+00  1.208021e+02
     vertex  3.459190e+01 -2.500000e+00  1.207576e+02
     vertex  4.400000e+01 -2.500000e+00  1.005000e+02
   endloop
 endfacet
 facet normal  0.000000e+00 -1.000000e+00  0.000000e+00
   outer loop
     vertex  3.083659e+01 -2.500000e+00  1.246977e+02
     vertex -3.083659e+01 -2.500000e+00  1.246977e+02
     vertex -3.079083e+01 -2.500000e+00  1.246377e+02
   endloop
 endfacet
 facet normal  0.000000e+00 -1.000000e+00  0.000000e+00
   outer loop
     vertex  3.083659e+01 -2.500000e+00  1.246977e+02
     vertex -3.079083e+01 -2.500000e+00  1.246377e+02
     vertex  3.079083e+01 -2.500000e+00  1.246377e+02
   endloop
 endfacet
 facet normal  0.000000e+00 -1.000000e+00 -0.000000e+00
   outer loop
     vertex  3.471249e+01 -2.500000e+00  1.208483e+02
     vertex  3.465281e+01 -2.500000e+00  1.208021e+02
     vertex  4.400000e+01 -2.500000e+00  1.005000e+02
   endloop
 endfacet
 facet normal -0.000000e+00 -1.000000e+00  0.000000e+00
   outer loop
     vertex  3.088398e+01 -2.500000e+00  1.247564e+02
     vertex -3.093296e+01 -2.500000e+00  1.248138e+02
     vertex -3.088398e+01 -2.500000e+00  1.247564e+02
   endloop
 endfacet
 facet normal  0.000000e+00 -1.000000e+00  0.000000e+00
   outer loop
     vertex  3.088398e+01 -2.500000e+00  1.247564e+02
     vertex -3.088398e+01 -2.500000e+00  1.247564e+02
     vertex -3.083659e+01 -2.500000e+00  1.246977e+02
   endloop
 endfacet
 facet normal  0.000000e+00 -1.000000e+00  0.000000e+00
   outer loop
     vertex  3.088398e+01 -2.500000e+00  1.247564e+02
     vertex -3.083659e+01 -2.500000e+00  1.246977e+02
     vertex  3.083659e+01 -2.500000e+00  1.246977e+02
   endloop
 endfacet
 facet normal  0.000000e+00 -1.000000e+00 -0.000000e+00
   outer loop
     vertex  3.477088e+01 -2.500000e+00  1.208961e+02
     vertex  3.471249e+01 -2.500000e+00  1.208483e+02
     vertex  4.400000e+01 -2.500000e+00  1.005000e+02
   endloop
 endfacet
 facet normal  0.000000e+00 -1.000000e+00  0.000000e+00
   outer loop
     vertex  3.093296e+01 -2.500000e+00  1.248138e+02
     vertex -3.093296e+01 -2.500000e+00  1.248138e+02
     vertex  3.088398e+01 -2.500000e+00  1.247564e+02
   endloop
 endfacet
 facet normal  0.000000e+00 -1.000000e+00 -0.000000e+00
   outer loop
     vertex  3.482793e+01 -2.500000e+00  1.209454e+02
     vertex  3.477088e+01 -2.500000e+00  1.208961e+02
     vertex  4.400000e+01 -2.500000e+00  1.005000e+02
   endloop
 endfacet
 facet normal  0.000000e+00 -1.000000e+00  0.000000e+00
   outer loop
     vertex  3.098350e+01 -2.500000e+00  1.248698e+02
     vertex -3.093296e+01 -2.500000e+00  1.248138e+02
     vertex  3.093296e+01 -2.500000e+00  1.248138e+02
   endloop
 endfacet
 facet normal  0.000000e+00 -1.000000e+00  0.000000e+00
   outer loop
     vertex  3.098350e+01 -2.500000e+00  1.248698e+02
     vertex -3.098350e+01 -2.500000e+00  1.248698e+02
     vertex -3.093296e+01 -2.500000e+00  1.248138e+02
   endloop
 endfacet
 facet normal  0.000000e+00 -1.000000e+00 -0.000000e+00
   outer loop
     vertex  3.488360e+01 -2.500000e+00  1.209964e+02
     vertex  3.482793e+01 -2.500000e+00  1.209454e+02
     vertex  4.400000e+01 -2.500000e+00  1.005000e+02
   endloop
 endfacet
 facet normal  0.000000e+00 -1.000000e+00  0.000000e+00
   outer loop
     vertex  3.103555e+01 -2.500000e+00  1.249244e+02
     vertex -3.098350e+01 -2.500000e+00  1.248698e+02
     vertex  3.098350e+01 -2.500000e+00  1.248698e+02
   endloop
 endfacet
 facet normal -0.000000e+00 -1.000000e+00  0.000000e+00
   outer loop
     vertex  3.103555e+01 -2.500000e+00  1.249244e+02
     vertex -3.108909e+01 -2.500000e+00  1.249776e+02
     vertex -3.103555e+01 -2.500000e+00  1.249244e+02
   endloop
 endfacet
 facet normal  0.000000e+00 -1.000000e+00  0.000000e+00
   outer loop
     vertex  3.103555e+01 -2.500000e+00  1.249244e+02
     vertex -3.103555e+01 -2.500000e+00  1.249244e+02
     vertex -3.098350e+01 -2.500000e+00  1.248698e+02
   endloop
 endfacet
 facet normal  0.000000e+00 -1.000000e+00 -0.000000e+00
   outer loop
     vertex  3.493786e+01 -2.500000e+00  1.210488e+02
     vertex  3.488360e+01 -2.500000e+00  1.209964e+02
     vertex  4.400000e+01 -2.500000e+00  1.005000e+02
   endloop
 endfacet
 facet normal -0.000000e+00 -1.000000e+00  0.000000e+00
   outer loop
     vertex  3.108909e+01 -2.500000e+00  1.249776e+02
     vertex -3.114406e+01 -2.500000e+00  1.250293e+02
     vertex -3.108909e+01 -2.500000e+00  1.249776e+02
   endloop
 endfacet
 facet normal  0.000000e+00 -1.000000e+00  0.000000e+00
   outer loop
     vertex  3.108909e+01 -2.500000e+00  1.249776e+02
     vertex -3.108909e+01 -2.500000e+00  1.249776e+02
     vertex  3.103555e+01 -2.500000e+00  1.249244e+02
   endloop
 endfacet
 facet normal  0.000000e+00 -1.000000e+00 -0.000000e+00
   outer loop
     vertex  3.499066e+01 -2.500000e+00  1.211027e+02
     vertex  3.493786e+01 -2.500000e+00  1.210488e+02
     vertex  4.400000e+01 -2.500000e+00  1.005000e+02
   endloop
 endfacet
 facet normal  0.000000e+00 -1.000000e+00  0.000000e+00
   outer loop
     vertex  3.114406e+01 -2.500000e+00  1.250293e+02
     vertex -3.114406e+01 -2.500000e+00  1.250293e+02
     vertex  3.108909e+01 -2.500000e+00  1.249776e+02
   endloop
 endfacet
 facet normal -0.000000e+00 -1.000000e+00  0.000000e+00
   outer loop
     vertex  3.114406e+01 -2.500000e+00  1.250293e+02
     vertex -3.120043e+01 -2.500000e+00  1.250794e+02
     vertex -3.114406e+01 -2.500000e+00  1.250293e+02
   endloop
 endfacet
 facet normal  0.000000e+00 -1.000000e+00  0.000000e+00
   outer loop
     vertex  3.120043e+01 -2.500000e+00  1.250794e+02
     vertex -3.120043e+01 -2.500000e+00  1.250794e+02
     vertex  3.114406e+01 -2.500000e+00  1.250293e+02
   endloop
 endfacet
 facet normal -0.000000e+00 -1.000000e+00  0.000000e+00
   outer loop
     vertex  3.120043e+01 -2.500000e+00  1.250794e+02
     vertex -3.125815e+01 -2.500000e+00  1.251280e+02
     vertex -3.120043e+01 -2.500000e+00  1.250794e+02
   endloop
 endfacet
 facet normal  0.000000e+00 -1.000000e+00  0.000000e+00
   outer loop
     vertex  3.125815e+01 -2.500000e+00  1.251280e+02
     vertex -3.125815e+01 -2.500000e+00  1.251280e+02
     vertex  3.120043e+01 -2.500000e+00  1.250794e+02
   endloop
 endfacet
 facet normal -0.000000e+00 -1.000000e+00  0.000000e+00
   outer loop
     vertex  3.125815e+01 -2.500000e+00  1.251280e+02
     vertex -3.131719e+01 -2.500000e+00  1.251750e+02
     vertex -3.125815e+01 -2.500000e+00  1.251280e+02
   endloop
 endfacet
 facet normal -0.000000e+00 -1.000000e+00  0.000000e+00
   outer loop
     vertex  3.131719e+01 -2.500000e+00  1.251750e+02
     vertex -3.131719e+01 -2.500000e+00  1.251750e+02
     vertex  3.125815e+01 -2.500000e+00  1.251280e+02
   endloop
 endfacet
 facet normal  0.000000e+00 -1.000000e+00  0.000000e+00
   outer loop
     vertex  3.131719e+01 -2.500000e+00  1.251750e+02
     vertex -3.137749e+01 -2.500000e+00  1.252204e+02
     vertex -3.131719e+01 -2.500000e+00  1.251750e+02
   endloop
 endfacet
 facet normal  0.000000e+00 -1.000000e+00  0.000000e+00
   outer loop
     vertex  3.137749e+01 -2.500000e+00  1.252204e+02
     vertex -3.137749e+01 -2.500000e+00  1.252204e+02
     vertex  3.131719e+01 -2.500000e+00  1.251750e+02
   endloop
 endfacet
 facet normal  0.000000e+00 -1.000000e+00  0.000000e+00
   outer loop
     vertex  3.143902e+01 -2.500000e+00  1.252640e+02
     vertex -3.137749e+01 -2.500000e+00  1.252204e+02
     vertex  3.137749e+01 -2.500000e+00  1.252204e+02
   endloop
 endfacet
 facet normal  0.000000e+00 -1.000000e+00  0.000000e+00
   outer loop
     vertex  3.143902e+01 -2.500000e+00  1.252640e+02
     vertex -3.143902e+01 -2.500000e+00  1.252640e+02
     vertex -3.137749e+01 -2.500000e+00  1.252204e+02
   endloop
 endfacet
 facet normal  0.000000e+00 -1.000000e+00  0.000000e+00
   outer loop
     vertex  3.150172e+01 -2.500000e+00  1.253060e+02
     vertex -3.143902e+01 -2.500000e+00  1.252640e+02
     vertex  3.143902e+01 -2.500000e+00  1.252640e+02
   endloop
 endfacet
 facet normal  0.000000e+00 -1.000000e+00  0.000000e+00
   outer loop
     vertex  3.150172e+01 -2.500000e+00  1.253060e+02
     vertex -3.150172e+01 -2.500000e+00  1.253060e+02
     vertex -3.143902e+01 -2.500000e+00  1.252640e+02
   endloop
 endfacet
 facet normal  0.000000e+00 -1.000000e+00  0.000000e+00
   outer loop
     vertex  3.156554e+01 -2.500000e+00  1.253462e+02
     vertex -3.150172e+01 -2.500000e+00  1.253060e+02
     vertex  3.150172e+01 -2.500000e+00  1.253060e+02
   endloop
 endfacet
 facet normal -0.000000e+00 -1.000000e+00  0.000000e+00
   outer loop
     vertex  3.156554e+01 -2.500000e+00  1.253462e+02
     vertex -3.163045e+01 -2.500000e+00  1.253847e+02
     vertex -3.156554e+01 -2.500000e+00  1.253462e+02
   endloop
 endfacet
 facet normal  0.000000e+00 -1.000000e+00  0.000000e+00
   outer loop
     vertex  3.156554e+01 -2.500000e+00  1.253462e+02
     vertex -3.156554e+01 -2.500000e+00  1.253462e+02
     vertex -3.150172e+01 -2.500000e+00  1.253060e+02
   endloop
 endfacet
 facet normal  0.000000e+00 -1.000000e+00  0.000000e+00
   outer loop
     vertex  3.163045e+01 -2.500000e+00  1.253847e+02
     vertex -3.163045e+01 -2.500000e+00  1.253847e+02
     vertex  3.156554e+01 -2.500000e+00  1.253462e+02
   endloop
 endfacet
 facet normal  0.000000e+00 -1.000000e+00  0.000000e+00
   outer loop
     vertex  3.169639e+01 -2.500000e+00  1.254214e+02
     vertex -3.163045e+01 -2.500000e+00  1.253847e+02
     vertex  3.163045e+01 -2.500000e+00  1.253847e+02
   endloop
 endfacet
 facet normal -0.000000e+00 -1.000000e+00  0.000000e+00
   outer loop
     vertex  3.169639e+01 -2.500000e+00  1.254214e+02
     vertex -3.169639e+01 -2.500000e+00  1.254214e+02
     vertex -3.163045e+01 -2.500000e+00  1.253847e+02
   endloop
 endfacet
 facet normal  0.000000e+00 -1.000000e+00  0.000000e+00
   outer loop
     vertex  3.176331e+01 -2.500000e+00  1.254562e+02
     vertex -3.169639e+01 -2.500000e+00  1.254214e+02
     vertex  3.169639e+01 -2.500000e+00  1.254214e+02
   endloop
 endfacet
 facet normal  0.000000e+00 -1.000000e+00  0.000000e+00
   outer loop
     vertex  3.176331e+01 -2.500000e+00  1.254562e+02
     vertex -3.176331e+01 -2.500000e+00  1.254562e+02
     vertex -3.169639e+01 -2.500000e+00  1.254214e+02
   endloop
 endfacet
 facet normal  0.000000e+00 -1.000000e+00  0.000000e+00
   outer loop
     vertex  3.183116e+01 -2.500000e+00  1.254892e+02
     vertex -3.189989e+01 -2.500000e+00  1.255204e+02
     vertex -3.183116e+01 -2.500000e+00  1.254892e+02
   endloop
 endfacet
 facet normal -0.000000e+00 -1.000000e+00  0.000000e+00
   outer loop
     vertex  3.183116e+01 -2.500000e+00  1.254892e+02
     vertex -3.183116e+01 -2.500000e+00  1.254892e+02
     vertex -3.176331e+01 -2.500000e+00  1.254562e+02
   endloop
 endfacet
 facet normal  0.000000e+00 -1.000000e+00  0.000000e+00
   outer loop
     vertex  3.183116e+01 -2.500000e+00  1.254892e+02
     vertex -3.176331e+01 -2.500000e+00  1.254562e+02
     vertex  3.176331e+01 -2.500000e+00  1.254562e+02
   endloop
 endfacet
 facet normal  0.000000e+00 -1.000000e+00  0.000000e+00
   outer loop
     vertex  3.189989e+01 -2.500000e+00  1.255204e+02
     vertex -3.189989e+01 -2.500000e+00  1.255204e+02
     vertex  3.183116e+01 -2.500000e+00  1.254892e+02
   endloop
 endfacet
 facet normal  0.000000e+00 -1.000000e+00  0.000000e+00
   outer loop
     vertex  3.196944e+01 -2.500000e+00  1.255496e+02
     vertex -3.203978e+01 -2.500000e+00  1.255769e+02
     vertex -3.196944e+01 -2.500000e+00  1.255496e+02
   endloop
 endfacet
 facet normal -0.000000e+00 -1.000000e+00  0.000000e+00
   outer loop
     vertex  3.196944e+01 -2.500000e+00  1.255496e+02
     vertex -3.196944e+01 -2.500000e+00  1.255496e+02
     vertex -3.189989e+01 -2.500000e+00  1.255204e+02
   endloop
 endfacet
 facet normal  0.000000e+00 -1.000000e+00  0.000000e+00
   outer loop
     vertex  3.196944e+01 -2.500000e+00  1.255496e+02
     vertex -3.189989e+01 -2.500000e+00  1.255204e+02
     vertex  3.189989e+01 -2.500000e+00  1.255204e+02
   endloop
 endfacet
 facet normal  0.000000e+00 -1.000000e+00  0.000000e+00
   outer loop
     vertex  3.203978e+01 -2.500000e+00  1.255769e+02
     vertex -3.203978e+01 -2.500000e+00  1.255769e+02
     vertex  3.196944e+01 -2.500000e+00  1.255496e+02
   endloop
 endfacet
 facet normal  0.000000e+00 -1.000000e+00  0.000000e+00
   outer loop
     vertex  3.211083e+01 -2.500000e+00  1.256023e+02
     vertex -3.203978e+01 -2.500000e+00  1.255769e+02
     vertex  3.203978e+01 -2.500000e+00  1.255769e+02
   endloop
 endfacet
 facet normal -0.000000e+00 -1.000000e+00  0.000000e+00
   outer loop
     vertex  3.211083e+01 -2.500000e+00  1.256023e+02
     vertex -3.211083e+01 -2.500000e+00  1.256023e+02
     vertex -3.203978e+01 -2.500000e+00  1.255769e+02
   endloop
 endfacet
 facet normal  0.000000e+00 -1.000000e+00  0.000000e+00
   outer loop
     vertex  3.218256e+01 -2.500000e+00  1.256257e+02
     vertex -3.211083e+01 -2.500000e+00  1.256023e+02
     vertex  3.211083e+01 -2.500000e+00  1.256023e+02
   endloop
 endfacet
 facet normal -0.000000e+00 -1.000000e+00  0.000000e+00
   outer loop
     vertex  3.218256e+01 -2.500000e+00  1.256257e+02
     vertex -3.218256e+01 -2.500000e+00  1.256257e+02
     vertex -3.211083e+01 -2.500000e+00  1.256023e+02
   endloop
 endfacet
 facet normal  0.000000e+00 -1.000000e+00  0.000000e+00
   outer loop
     vertex  3.225490e+01 -2.500000e+00  1.256471e+02
     vertex -3.225490e+01 -2.500000e+00  1.256471e+02
     vertex -3.218256e+01 -2.500000e+00  1.256257e+02
   endloop
 endfacet
 facet normal  0.000000e+00 -1.000000e+00  0.000000e+00
   outer loop
     vertex  3.225490e+01 -2.500000e+00  1.256471e+02
     vertex -3.218256e+01 -2.500000e+00  1.256257e+02
     vertex  3.218256e+01 -2.500000e+00  1.256257e+02
   endloop
 endfacet
 facet normal  0.000000e+00 -1.000000e+00  0.000000e+00
   outer loop
     vertex  3.232780e+01 -2.500000e+00  1.256666e+02
     vertex -3.225490e+01 -2.500000e+00  1.256471e+02
     vertex  3.225490e+01 -2.500000e+00  1.256471e+02
   endloop
 endfacet
 facet normal -0.000000e+00 -1.000000e+00  0.000000e+00
   outer loop
     vertex  3.232780e+01 -2.500000e+00  1.256666e+02
     vertex -3.232780e+01 -2.500000e+00  1.256666e+02
     vertex -3.225490e+01 -2.500000e+00  1.256471e+02
   endloop
 endfacet
 facet normal  0.000000e+00 -1.000000e+00  0.000000e+00
   outer loop
     vertex  3.240121e+01 -2.500000e+00  1.256840e+02
     vertex -3.232780e+01 -2.500000e+00  1.256666e+02
     vertex  3.232780e+01 -2.500000e+00  1.256666e+02
   endloop
 endfacet
 facet normal  0.000000e+00 -1.000000e+00  0.000000e+00
   outer loop
     vertex  3.240121e+01 -2.500000e+00  1.256840e+02
     vertex -3.240121e+01 -2.500000e+00  1.256840e+02
     vertex -3.232780e+01 -2.500000e+00  1.256666e+02
   endloop
 endfacet
 facet normal  0.000000e+00 -1.000000e+00  0.000000e+00
   outer loop
     vertex  3.247507e+01 -2.500000e+00  1.256994e+02
     vertex -3.247507e+01 -2.500000e+00  1.256994e+02
     vertex -3.240121e+01 -2.500000e+00  1.256840e+02
   endloop
 endfacet
 facet normal  0.000000e+00 -1.000000e+00  0.000000e+00
   outer loop
     vertex  3.247507e+01 -2.500000e+00  1.256994e+02
     vertex -3.240121e+01 -2.500000e+00  1.256840e+02
     vertex  3.240121e+01 -2.500000e+00  1.256840e+02
   endloop
 endfacet
 facet normal -0.000000e+00 -1.000000e+00  0.000000e+00
   outer loop
     vertex  3.254932e+01 -2.500000e+00  1.257128e+02
     vertex -3.254932e+01 -2.500000e+00  1.257128e+02
     vertex -3.247507e+01 -2.500000e+00  1.256994e+02
   endloop
 endfacet
 facet normal  0.000000e+00 -1.000000e+00  0.000000e+00
   outer loop
     vertex  3.254932e+01 -2.500000e+00  1.257128e+02
     vertex -3.247507e+01 -2.500000e+00  1.256994e+02
     vertex  3.247507e+01 -2.500000e+00  1.256994e+02
   endloop
 endfacet
 facet normal -0.000000e+00 -1.000000e+00  0.000000e+00
   outer loop
     vertex  3.262392e+01 -2.500000e+00  1.257242e+02
     vertex -3.262392e+01 -2.500000e+00  1.257242e+02
     vertex -3.254932e+01 -2.500000e+00  1.257128e+02
   endloop
 endfacet
 facet normal  0.000000e+00 -1.000000e+00  0.000000e+00
   outer loop
     vertex  3.262392e+01 -2.500000e+00  1.257242e+02
     vertex -3.254932e+01 -2.500000e+00  1.257128e+02
     vertex  3.254932e+01 -2.500000e+00  1.257128e+02
   endloop
 endfacet
 facet normal  0.000000e+00 -1.000000e+00  0.000000e+00
   outer loop
     vertex  5.300934e+01 -2.500000e+00  1.211027e+02
     vertex  3.499066e+01 -2.500000e+00  1.211027e+02
     vertex  4.400000e+01 -2.500000e+00  1.005000e+02
   endloop
 endfacet
 facet normal  0.000000e+00 -1.000000e+00 -0.000000e+00
   outer loop
     vertex  5.300934e+01 -2.500000e+00  1.211027e+02
     vertex  4.400000e+01 -2.500000e+00  1.005000e+02
     vertex  5.306214e+01 -2.500000e+00  1.210488e+02
   endloop
 endfacet
 facet normal -0.000000e+00 -1.000000e+00  0.000000e+00
   outer loop
     vertex  5.311640e+01 -2.500000e+00  1.209964e+02
     vertex  5.306214e+01 -2.500000e+00  1.210488e+02
     vertex  4.400000e+01 -2.500000e+00  1.005000e+02
   endloop
 endfacet
 facet normal  0.000000e+00 -1.000000e+00 -0.000000e+00
   outer loop
     vertex  5.295804e+01 -2.500000e+00  1.211580e+02
     vertex  3.499066e+01 -2.500000e+00  1.211027e+02
     vertex  5.300934e+01 -2.500000e+00  1.211027e+02
   endloop
 endfacet
 facet normal  0.000000e+00 -1.000000e+00  0.000000e+00
   outer loop
     vertex  5.295804e+01 -2.500000e+00  1.211580e+02
     vertex  3.504196e+01 -2.500000e+00  1.211580e+02
     vertex  3.499066e+01 -2.500000e+00  1.211027e+02
   endloop
 endfacet
 facet normal -0.000000e+00 -1.000000e+00  0.000000e+00
   outer loop
     vertex  5.317207e+01 -2.500000e+00  1.209454e+02
     vertex  5.311640e+01 -2.500000e+00  1.209964e+02
     vertex  4.400000e+01 -2.500000e+00  1.005000e+02
   endloop
 endfacet
 facet normal  0.000000e+00 -1.000000e+00 -0.000000e+00
   outer loop
     vertex  5.290827e+01 -2.500000e+00  1.212147e+02
     vertex  3.504196e+01 -2.500000e+00  1.211580e+02
     vertex  5.295804e+01 -2.500000e+00  1.211580e+02
   endloop
 endfacet
 facet normal -0.000000e+00 -1.000000e+00  0.000000e+00
   outer loop
     vertex  5.290827e+01 -2.500000e+00  1.212147e+02
     vertex  3.513992e+01 -2.500000e+00  1.212728e+02
     vertex  3.509173e+01 -2.500000e+00  1.212147e+02
   endloop
 endfacet
 facet normal  0.000000e+00 -1.000000e+00  0.000000e+00
   outer loop
     vertex  5.290827e+01 -2.500000e+00  1.212147e+02
     vertex  3.509173e+01 -2.500000e+00  1.212147e+02
     vertex  3.504196e+01 -2.500000e+00  1.211580e+02
   endloop
 endfacet
 facet normal -0.000000e+00 -1.000000e+00  0.000000e+00
   outer loop
     vertex  5.322912e+01 -2.500000e+00  1.208961e+02
     vertex  5.317207e+01 -2.500000e+00  1.209454e+02
     vertex  4.400000e+01 -2.500000e+00  1.005000e+02
   endloop
 endfacet
 facet normal -0.000000e+00 -1.000000e+00  0.000000e+00
   outer loop
     vertex  5.286008e+01 -2.500000e+00  1.212728e+02
     vertex  3.518650e+01 -2.500000e+00  1.213321e+02
     vertex  3.513992e+01 -2.500000e+00  1.212728e+02
   endloop
 endfacet
 facet normal  0.000000e+00 -1.000000e+00 -0.000000e+00
   outer loop
     vertex  5.286008e+01 -2.500000e+00  1.212728e+02
     vertex  3.513992e+01 -2.500000e+00  1.212728e+02
     vertex  5.290827e+01 -2.500000e+00  1.212147e+02
   endloop
 endfacet
 facet normal -0.000000e+00 -1.000000e+00  0.000000e+00
   outer loop
     vertex  5.328751e+01 -2.500000e+00  1.208483e+02
     vertex  5.322912e+01 -2.500000e+00  1.208961e+02
     vertex  4.400000e+01 -2.500000e+00  1.005000e+02
   endloop
 endfacet
 facet normal  0.000000e+00 -1.000000e+00 -0.000000e+00
   outer loop
     vertex  5.281350e+01 -2.500000e+00  1.213321e+02
     vertex  3.518650e+01 -2.500000e+00  1.213321e+02
     vertex  5.286008e+01 -2.500000e+00  1.212728e+02
   endloop
 endfacet
 facet normal -0.000000e+00 -1.000000e+00  0.000000e+00
   outer loop
     vertex  5.281350e+01 -2.500000e+00  1.213321e+02
     vertex  3.523143e+01 -2.500000e+00  1.213928e+02
     vertex  3.518650e+01 -2.500000e+00  1.213321e+02
   endloop
 endfacet
 facet normal -0.000000e+00 -1.000000e+00  0.000000e+00
   outer loop
     vertex  5.334719e+01 -2.500000e+00  1.208021e+02
     vertex  5.328751e+01 -2.500000e+00  1.208483e+02
     vertex  4.400000e+01 -2.500000e+00  1.005000e+02
   endloop
 endfacet
 facet normal  0.000000e+00 -1.000000e+00 -0.000000e+00
   outer loop
     vertex  5.276857e+01 -2.500000e+00  1.213928e+02
     vertex  3.523143e+01 -2.500000e+00  1.213928e+02
     vertex  5.281350e+01 -2.500000e+00  1.213321e+02
   endloop
 endfacet
 facet normal -0.000000e+00 -1.000000e+00  0.000000e+00
   outer loop
     vertex  5.340810e+01 -2.500000e+00  1.207576e+02
     vertex  5.334719e+01 -2.500000e+00  1.208021e+02
     vertex  4.400000e+01 -2.500000e+00  1.005000e+02
   endloop
 endfacet
 facet normal  0.000000e+00 -1.000000e+00  0.000000e+00
   outer loop
     vertex  5.272532e+01 -2.500000e+00  1.214546e+02
     vertex  3.527468e+01 -2.500000e+00  1.214546e+02
     vertex  3.523143e+01 -2.500000e+00  1.213928e+02
   endloop
 endfacet
 facet normal  0.000000e+00 -1.000000e+00 -0.000000e+00
   outer loop
     vertex  5.272532e+01 -2.500000e+00  1.214546e+02
     vertex  3.523143e+01 -2.500000e+00  1.213928e+02
     vertex  5.276857e+01 -2.500000e+00  1.213928e+02
   endloop
 endfacet
 facet normal -0.000000e+00 -1.000000e+00  0.000000e+00
   outer loop
     vertex  5.347022e+01 -2.500000e+00  1.207148e+02
     vertex  5.340810e+01 -2.500000e+00  1.207576e+02
     vertex  4.400000e+01 -2.500000e+00  1.005000e+02
   endloop
 endfacet
 facet normal  0.000000e+00 -1.000000e+00  0.000000e+00
   outer loop
     vertex  5.268378e+01 -2.500000e+00  1.215176e+02
     vertex  3.531622e+01 -2.500000e+00  1.215176e+02
     vertex  3.527468e+01 -2.500000e+00  1.214546e+02
   endloop
 endfacet
 facet normal  0.000000e+00 -1.000000e+00 -0.000000e+00
   outer loop
     vertex  5.268378e+01 -2.500000e+00  1.215176e+02
     vertex  3.527468e+01 -2.500000e+00  1.214546e+02
     vertex  5.272532e+01 -2.500000e+00  1.214546e+02
   endloop
 endfacet
 facet normal -0.000000e+00 -1.000000e+00  0.000000e+00
   outer loop
     vertex  5.353349e+01 -2.500000e+00  1.206737e+02
     vertex  5.347022e+01 -2.500000e+00  1.207148e+02
     vertex  4.400000e+01 -2.500000e+00  1.005000e+02
   endloop
 endfacet
 facet normal  0.000000e+00 -1.000000e+00  0.000000e+00
   outer loop
     vertex  5.264398e+01 -2.500000e+00  1.215817e+02
     vertex  3.535602e+01 -2.500000e+00  1.215817e+02
     vertex  3.531622e+01 -2.500000e+00  1.215176e+02
   endloop
 endfacet
 facet normal  0.000000e+00 -1.000000e+00 -0.000000e+00
   outer loop
     vertex  5.264398e+01 -2.500000e+00  1.215817e+02
     vertex  3.531622e+01 -2.500000e+00  1.215176e+02
     vertex  5.268378e+01 -2.500000e+00  1.215176e+02
   endloop
 endfacet
 facet normal -0.000000e+00 -1.000000e+00  0.000000e+00
   outer loop
     vertex  5.359786e+01 -2.500000e+00  1.206343e+02
     vertex  5.353349e+01 -2.500000e+00  1.206737e+02
     vertex  4.400000e+01 -2.500000e+00  1.005000e+02
   endloop
 endfacet
 facet normal  0.000000e+00 -1.000000e+00  0.000000e+00
   outer loop
     vertex  5.260595e+01 -2.500000e+00  1.216468e+02
     vertex  3.539405e+01 -2.500000e+00  1.216468e+02
     vertex  3.535602e+01 -2.500000e+00  1.215817e+02
   endloop
 endfacet
 facet normal  0.000000e+00 -1.000000e+00 -0.000000e+00
   outer loop
     vertex  5.260595e+01 -2.500000e+00  1.216468e+02
     vertex  3.535602e+01 -2.500000e+00  1.215817e+02
     vertex  5.264398e+01 -2.500000e+00  1.215817e+02
   endloop
 endfacet
 facet normal -0.000000e+00 -1.000000e+00  0.000000e+00
   outer loop
     vertex  5.366329e+01 -2.500000e+00  1.205967e+02
     vertex  5.359786e+01 -2.500000e+00  1.206343e+02
     vertex  4.400000e+01 -2.500000e+00  1.005000e+02
   endloop
 endfacet
 facet normal  0.000000e+00 -1.000000e+00  0.000000e+00
   outer loop
     vertex  5.256973e+01 -2.500000e+00  1.217130e+02
     vertex  3.543027e+01 -2.500000e+00  1.217130e+02
     vertex  3.539405e+01 -2.500000e+00  1.216468e+02
   endloop
 endfacet
 facet normal  0.000000e+00 -1.000000e+00 -0.000000e+00
   outer loop
     vertex  5.256973e+01 -2.500000e+00  1.217130e+02
     vertex  3.539405e+01 -2.500000e+00  1.216468e+02
     vertex  5.260595e+01 -2.500000e+00  1.216468e+02
   endloop
 endfacet
 facet normal -0.000000e+00 -1.000000e+00  0.000000e+00
   outer loop
     vertex  5.372973e+01 -2.500000e+00  1.205610e+02
     vertex  5.366329e+01 -2.500000e+00  1.205967e+02
     vertex  4.400000e+01 -2.500000e+00  1.005000e+02
   endloop
 endfacet
 facet normal -0.000000e+00 -1.000000e+00  0.000000e+00
   outer loop
     vertex  5.253534e+01 -2.500000e+00  1.217802e+02
     vertex  3.549720e+01 -2.500000e+00  1.218483e+02
     vertex  3.546466e+01 -2.500000e+00  1.217802e+02
   endloop
 endfacet
 facet normal  0.000000e+00 -1.000000e+00  0.000000e+00
   outer loop
     vertex  5.253534e+01 -2.500000e+00  1.217802e+02
     vertex  3.546466e+01 -2.500000e+00  1.217802e+02
     vertex  3.543027e+01 -2.500000e+00  1.217130e+02
   endloop
 endfacet
 facet normal  0.000000e+00 -1.000000e+00 -0.000000e+00
   outer loop
     vertex  5.253534e+01 -2.500000e+00  1.217802e+02
     vertex  3.543027e+01 -2.500000e+00  1.217130e+02
     vertex  5.256973e+01 -2.500000e+00  1.217130e+02
   endloop
 endfacet
 facet normal -0.000000e+00 -1.000000e+00  0.000000e+00
   outer loop
     vertex  5.379712e+01 -2.500000e+00  1.205270e+02
     vertex  5.372973e+01 -2.500000e+00  1.205610e+02
     vertex  4.400000e+01 -2.500000e+00  1.005000e+02
   endloop
 endfacet
 facet normal  0.000000e+00 -1.000000e+00 -0.000000e+00
   outer loop
     vertex  5.250280e+01 -2.500000e+00  1.218483e+02
     vertex  3.549720e+01 -2.500000e+00  1.218483e+02
     vertex  5.253534e+01 -2.500000e+00  1.217802e+02
   endloop
 endfacet
 facet normal -0.000000e+00 -1.000000e+00  0.000000e+00
   outer loop
     vertex  5.386541e+01 -2.500000e+00  1.204950e+02
     vertex  5.379712e+01 -2.500000e+00  1.205270e+02
     vertex  4.400000e+01 -2.500000e+00  1.005000e+02
   endloop
 endfacet
 facet normal  0.000000e+00 -1.000000e+00  0.000000e+00
   outer loop
     vertex  5.247215e+01 -2.500000e+00  1.219172e+02
     vertex  3.552785e+01 -2.500000e+00  1.219172e+02
     vertex  3.549720e+01 -2.500000e+00  1.218483e+02
   endloop
 endfacet
 facet normal  0.000000e+00 -1.000000e+00 -0.000000e+00
   outer loop
     vertex  5.247215e+01 -2.500000e+00  1.219172e+02
     vertex  3.549720e+01 -2.500000e+00  1.218483e+02
     vertex  5.250280e+01 -2.500000e+00  1.218483e+02
   endloop
 endfacet
 facet normal -0.000000e+00 -1.000000e+00  0.000000e+00
   outer loop
     vertex  5.393456e+01 -2.500000e+00  1.204648e+02
     vertex  5.386541e+01 -2.500000e+00  1.204950e+02
     vertex  4.400000e+01 -2.500000e+00  1.005000e+02
   endloop
 endfacet
 facet normal  0.000000e+00 -1.000000e+00  0.000000e+00
   outer loop
     vertex  5.244339e+01 -2.500000e+00  1.219870e+02
     vertex  3.555661e+01 -2.500000e+00  1.219870e+02
     vertex  3.552785e+01 -2.500000e+00  1.219172e+02
   endloop
 endfacet
 facet normal  0.000000e+00 -1.000000e+00 -0.000000e+00
   outer loop
     vertex  5.244339e+01 -2.500000e+00  1.219870e+02
     vertex  3.552785e+01 -2.500000e+00  1.219172e+02
     vertex  5.247215e+01 -2.500000e+00  1.219172e+02
   endloop
 endfacet
 facet normal -0.000000e+00 -1.000000e+00  0.000000e+00
   outer loop
     vertex  5.400452e+01 -2.500000e+00  1.204365e+02
     vertex  5.393456e+01 -2.500000e+00  1.204648e+02
     vertex  4.400000e+01 -2.500000e+00  1.005000e+02
   endloop
 endfacet
 facet normal -0.000000e+00 -1.000000e+00  0.000000e+00
   outer loop
     vertex  5.241656e+01 -2.500000e+00  1.220575e+02
     vertex  3.560832e+01 -2.500000e+00  1.221287e+02
     vertex  3.558344e+01 -2.500000e+00  1.220575e+02
   endloop
 endfacet
 facet normal  0.000000e+00 -1.000000e+00  0.000000e+00
   outer loop
     vertex  5.241656e+01 -2.500000e+00  1.220575e+02
     vertex  3.558344e+01 -2.500000e+00  1.220575e+02
     vertex  3.555661e+01 -2.500000e+00  1.219870e+02
   endloop
 endfacet
 facet normal  0.000000e+00 -1.000000e+00 -0.000000e+00
   outer loop
     vertex  5.241656e+01 -2.500000e+00  1.220575e+02
     vertex  3.555661e+01 -2.500000e+00  1.219870e+02
     vertex  5.244339e+01 -2.500000e+00  1.219870e+02
   endloop
 endfacet
 facet normal -0.000000e+00 -1.000000e+00  0.000000e+00
   outer loop
     vertex  5.407522e+01 -2.500000e+00  1.204102e+02
     vertex  5.400452e+01 -2.500000e+00  1.204365e+02
     vertex  4.400000e+01 -2.500000e+00  1.005000e+02
   endloop
 endfacet
 facet normal  0.000000e+00 -1.000000e+00 -0.000000e+00
   outer loop
     vertex  5.239168e+01 -2.500000e+00  1.221287e+02
     vertex  3.560832e+01 -2.500000e+00  1.221287e+02
     vertex  5.241656e+01 -2.500000e+00  1.220575e+02
   endloop
 endfacet
 facet normal -0.000000e+00 -1.000000e+00  0.000000e+00
   outer loop
     vertex  5.414662e+01 -2.500000e+00  1.203858e+02
     vertex  5.407522e+01 -2.500000e+00  1.204102e+02
     vertex  4.400000e+01 -2.500000e+00  1.005000e+02
   endloop
 endfacet
 facet normal  0.000000e+00 -1.000000e+00  0.000000e+00
   outer loop
     vertex  5.236876e+01 -2.500000e+00  1.222006e+02
     vertex  3.563124e+01 -2.500000e+00  1.222006e+02
     vertex  3.560832e+01 -2.500000e+00  1.221287e+02
   endloop
 endfacet
 facet normal  0.000000e+00 -1.000000e+00 -0.000000e+00
   outer loop
     vertex  5.236876e+01 -2.500000e+00  1.222006e+02
     vertex  3.560832e+01 -2.500000e+00  1.221287e+02
     vertex  5.239168e+01 -2.500000e+00  1.221287e+02
   endloop
 endfacet
 facet normal -0.000000e+00 -1.000000e+00  0.000000e+00
   outer loop
     vertex  5.421866e+01 -2.500000e+00  1.203633e+02
     vertex  5.414662e+01 -2.500000e+00  1.203858e+02
     vertex  4.400000e+01 -2.500000e+00  1.005000e+02
   endloop
 endfacet
 facet normal  0.000000e+00 -1.000000e+00  0.000000e+00
   outer loop
     vertex  5.234782e+01 -2.500000e+00  1.222731e+02
     vertex  3.565218e+01 -2.500000e+00  1.222731e+02
     vertex  3.563124e+01 -2.500000e+00  1.222006e+02
   endloop
 endfacet
 facet normal  0.000000e+00 -1.000000e+00 -0.000000e+00
   outer loop
     vertex  5.234782e+01 -2.500000e+00  1.222731e+02
     vertex  3.563124e+01 -2.500000e+00  1.222006e+02
     vertex  5.236876e+01 -2.500000e+00  1.222006e+02
   endloop
 endfacet
 facet normal -0.000000e+00 -1.000000e+00  0.000000e+00
   outer loop
     vertex  5.429128e+01 -2.500000e+00  1.203429e+02
     vertex  5.421866e+01 -2.500000e+00  1.203633e+02
     vertex  4.400000e+01 -2.500000e+00  1.005000e+02
   endloop
 endfacet
 facet normal  0.000000e+00 -1.000000e+00 -0.000000e+00
   outer loop
     vertex  5.232887e+01 -2.500000e+00  1.223461e+02
     vertex  3.565218e+01 -2.500000e+00  1.222731e+02
     vertex  5.234782e+01 -2.500000e+00  1.222731e+02
   endloop
 endfacet
 facet normal  0.000000e+00 -1.000000e+00  0.000000e+00
   outer loop
     vertex  5.232887e+01 -2.500000e+00  1.223461e+02
     vertex  3.567113e+01 -2.500000e+00  1.223461e+02
     vertex  3.565218e+01 -2.500000e+00  1.222731e+02
   endloop
 endfacet
 facet normal -0.000000e+00 -1.000000e+00  0.000000e+00
   outer loop
     vertex  5.436445e+01 -2.500000e+00  1.203244e+02
     vertex  5.429128e+01 -2.500000e+00  1.203429e+02
     vertex  4.400000e+01 -2.500000e+00  1.005000e+02
   endloop
 endfacet
 facet normal  0.000000e+00 -1.000000e+00  0.000000e+00
   outer loop
     vertex  5.231194e+01 -2.500000e+00  1.224196e+02
     vertex  3.568806e+01 -2.500000e+00  1.224196e+02
     vertex  3.567113e+01 -2.500000e+00  1.223461e+02
   endloop
 endfacet
 facet normal  0.000000e+00 -1.000000e+00 -0.000000e+00
   outer loop
     vertex  5.231194e+01 -2.500000e+00  1.224196e+02
     vertex  3.567113e+01 -2.500000e+00  1.223461e+02
     vertex  5.232887e+01 -2.500000e+00  1.223461e+02
   endloop
 endfacet
 facet normal -0.000000e+00 -1.000000e+00  0.000000e+00
   outer loop
     vertex  5.443809e+01 -2.500000e+00  1.203080e+02
     vertex  5.436445e+01 -2.500000e+00  1.203244e+02
     vertex  4.400000e+01 -2.500000e+00  1.005000e+02
   endloop
 endfacet
 facet normal  0.000000e+00 -1.000000e+00 -0.000000e+00
   outer loop
     vertex  5.229703e+01 -2.500000e+00  1.224936e+02
     vertex  3.568806e+01 -2.500000e+00  1.224196e+02
     vertex  5.231194e+01 -2.500000e+00  1.224196e+02
   endloop
 endfacet
 facet normal -0.000000e+00 -1.000000e+00  0.000000e+00
   outer loop
     vertex  5.229703e+01 -2.500000e+00  1.224936e+02
     vertex  3.571585e+01 -2.500000e+00  1.225679e+02
     vertex  3.570297e+01 -2.500000e+00  1.224936e+02
   endloop
 endfacet
 facet normal  0.000000e+00 -1.000000e+00  0.000000e+00
   outer loop
     vertex  5.229703e+01 -2.500000e+00  1.224936e+02
     vertex  3.570297e+01 -2.500000e+00  1.224936e+02
     vertex  3.568806e+01 -2.500000e+00  1.224196e+02
   endloop
 endfacet
 facet normal -0.000000e+00 -1.000000e+00  0.000000e+00
   outer loop
     vertex  5.451215e+01 -2.500000e+00  1.202936e+02
     vertex  5.443809e+01 -2.500000e+00  1.203080e+02
     vertex  4.400000e+01 -2.500000e+00  1.005000e+02
   endloop
 endfacet
 facet normal  0.000000e+00 -1.000000e+00 -0.000000e+00
   outer loop
     vertex  5.228415e+01 -2.500000e+00  1.225679e+02
     vertex  3.571585e+01 -2.500000e+00  1.225679e+02
     vertex  5.229703e+01 -2.500000e+00  1.224936e+02
   endloop
 endfacet
 facet normal -0.000000e+00 -1.000000e+00  0.000000e+00
   outer loop
     vertex  5.458658e+01 -2.500000e+00  1.202813e+02
     vertex  5.451215e+01 -2.500000e+00  1.202936e+02
     vertex  4.400000e+01 -2.500000e+00  1.005000e+02
   endloop
 endfacet
 facet normal  0.000000e+00 -1.000000e+00 -0.000000e+00
   outer loop
     vertex  5.227332e+01 -2.500000e+00  1.226426e+02
     vertex  3.571585e+01 -2.500000e+00  1.225679e+02
     vertex  5.228415e+01 -2.500000e+00  1.225679e+02
   endloop
 endfacet
 facet normal  0.000000e+00 -1.000000e+00  0.000000e+00
   outer loop
     vertex  5.227332e+01 -2.500000e+00  1.226426e+02
     vertex  3.572668e+01 -2.500000e+00  1.226426e+02
     vertex  3.571585e+01 -2.500000e+00  1.225679e+02
   endloop
 endfacet
 facet normal -0.000000e+00 -1.000000e+00  0.000000e+00
   outer loop
     vertex  5.466132e+01 -2.500000e+00  1.202709e+02
     vertex  5.458658e+01 -2.500000e+00  1.202813e+02
     vertex  4.400000e+01 -2.500000e+00  1.005000e+02
   endloop
 endfacet
 facet normal  0.000000e+00 -1.000000e+00  0.000000e+00
   outer loop
     vertex  5.226454e+01 -2.500000e+00  1.227175e+02
     vertex  3.573546e+01 -2.500000e+00  1.227175e+02
     vertex  3.572668e+01 -2.500000e+00  1.226426e+02
   endloop
 endfacet
 facet normal  0.000000e+00 -1.000000e+00 -0.000000e+00
   outer loop
     vertex  5.226454e+01 -2.500000e+00  1.227175e+02
     vertex  3.572668e+01 -2.500000e+00  1.226426e+02
     vertex  5.227332e+01 -2.500000e+00  1.226426e+02
   endloop
 endfacet
 facet normal -0.000000e+00 -1.000000e+00  0.000000e+00
   outer loop
     vertex  5.473632e+01 -2.500000e+00  1.202627e+02
     vertex  5.466132e+01 -2.500000e+00  1.202709e+02
     vertex  4.400000e+01 -2.500000e+00  1.005000e+02
   endloop
 endfacet
 facet normal  0.000000e+00 -1.000000e+00 -0.000000e+00
   outer loop
     vertex  5.225782e+01 -2.500000e+00  1.227927e+02
     vertex  3.573546e+01 -2.500000e+00  1.227175e+02
     vertex  5.226454e+01 -2.500000e+00  1.227175e+02
   endloop
 endfacet
 facet normal -0.000000e+00 -1.000000e+00  0.000000e+00
   outer loop
     vertex  5.225782e+01 -2.500000e+00  1.227927e+02
     vertex  3.574683e+01 -2.500000e+00  1.228680e+02
     vertex  3.574218e+01 -2.500000e+00  1.227927e+02
   endloop
 endfacet
 facet normal  0.000000e+00 -1.000000e+00  0.000000e+00
   outer loop
     vertex  5.225782e+01 -2.500000e+00  1.227927e+02
     vertex  3.574218e+01 -2.500000e+00  1.227927e+02
     vertex  3.573546e+01 -2.500000e+00  1.227175e+02
   endloop
 endfacet
 facet normal -0.000000e+00 -1.000000e+00  0.000000e+00
   outer loop
     vertex  5.481152e+01 -2.500000e+00  1.202565e+02
     vertex  5.473632e+01 -2.500000e+00  1.202627e+02
     vertex  4.400000e+01 -2.500000e+00  1.005000e+02
   endloop
 endfacet
 facet normal  0.000000e+00 -1.000000e+00 -0.000000e+00
   outer loop
     vertex  5.225317e+01 -2.500000e+00  1.228680e+02
     vertex  3.574683e+01 -2.500000e+00  1.228680e+02
     vertex  5.225782e+01 -2.500000e+00  1.227927e+02
   endloop
 endfacet
 facet normal -0.000000e+00 -1.000000e+00  0.000000e+00
   outer loop
     vertex  5.488685e+01 -2.500000e+00  1.202523e+02
     vertex  5.481152e+01 -2.500000e+00  1.202565e+02
     vertex  4.400000e+01 -2.500000e+00  1.005000e+02
   endloop
 endfacet
 facet normal  0.000000e+00 -1.000000e+00  0.000000e+00
   outer loop
     vertex  5.225058e+01 -2.500000e+00  1.229434e+02
     vertex  3.574942e+01 -2.500000e+00  1.229434e+02
     vertex  3.574683e+01 -2.500000e+00  1.228680e+02
   endloop
 endfacet
 facet normal  0.000000e+00 -1.000000e+00 -0.000000e+00
   outer loop
     vertex  5.225058e+01 -2.500000e+00  1.229434e+02
     vertex  3.574683e+01 -2.500000e+00  1.228680e+02
     vertex  5.225317e+01 -2.500000e+00  1.228680e+02
   endloop
 endfacet
 facet normal -0.000000e+00 -1.000000e+00  0.000000e+00
   outer loop
     vertex  5.496227e+01 -2.500000e+00  1.202503e+02
     vertex  5.488685e+01 -2.500000e+00  1.202523e+02
     vertex  4.400000e+01 -2.500000e+00  1.005000e+02
   endloop
 endfacet
 facet normal -0.000000e+00 -1.000000e+00  0.000000e+00
   outer loop
     vertex  5.225006e+01 -2.500000e+00  1.230189e+02
     vertex  3.574838e+01 -2.500000e+00  1.230943e+02
     vertex  3.574994e+01 -2.500000e+00  1.230189e+02
   endloop
 endfacet
 facet normal  0.000000e+00 -1.000000e+00  0.000000e+00
   outer loop
     vertex  5.225006e+01 -2.500000e+00  1.230189e+02
     vertex  3.574994e+01 -2.500000e+00  1.230189e+02
     vertex  3.574942e+01 -2.500000e+00  1.229434e+02
   endloop
 endfacet
 facet normal  0.000000e+00 -1.000000e+00 -0.000000e+00
   outer loop
     vertex  5.225006e+01 -2.500000e+00  1.230189e+02
     vertex  3.574942e+01 -2.500000e+00  1.229434e+02
     vertex  5.225058e+01 -2.500000e+00  1.229434e+02
   endloop
 endfacet
 facet normal -0.000000e+00 -1.000000e+00  0.000000e+00
   outer loop
     vertex  5.503773e+01 -2.500000e+00  1.202503e+02
     vertex  5.496227e+01 -2.500000e+00  1.202503e+02
     vertex  4.400000e+01 -2.500000e+00  1.005000e+02
   endloop
 endfacet
 facet normal  0.000000e+00 -1.000000e+00  0.000000e+00
   outer loop
     vertex  5.225162e+01 -2.500000e+00  1.230943e+02
     vertex  3.574838e+01 -2.500000e+00  1.230943e+02
     vertex  5.225006e+01 -2.500000e+00  1.230189e+02
   endloop
 endfacet
 facet normal  0.000000e+00 -1.000000e+00  0.000000e+00
   outer loop
     vertex  5.511315e+01 -2.500000e+00  1.202523e+02
     vertex  5.503773e+01 -2.500000e+00  1.202503e+02
     vertex  4.400000e+01 -2.500000e+00  1.005000e+02
   endloop
 endfacet
 facet normal  0.000000e+00 -1.000000e+00  0.000000e+00
   outer loop
     vertex  5.225524e+01 -2.500000e+00  1.231697e+02
     vertex  3.574838e+01 -2.500000e+00  1.230943e+02
     vertex  5.225162e+01 -2.500000e+00  1.230943e+02
   endloop
 endfacet
 facet normal  0.000000e+00 -1.000000e+00  0.000000e+00
   outer loop
     vertex  5.225524e+01 -2.500000e+00  1.231697e+02
     vertex  3.574476e+01 -2.500000e+00  1.231697e+02
     vertex  3.574838e+01 -2.500000e+00  1.230943e+02
   endloop
 endfacet
 facet normal  0.000000e+00 -1.000000e+00  0.000000e+00
   outer loop
     vertex  5.518848e+01 -2.500000e+00  1.202565e+02
     vertex  5.511315e+01 -2.500000e+00  1.202523e+02
     vertex  4.400000e+01 -2.500000e+00  1.005000e+02
   endloop
 endfacet
 facet normal  0.000000e+00 -1.000000e+00  0.000000e+00
   outer loop
     vertex  5.226093e+01 -2.500000e+00  1.232449e+02
     vertex  3.574476e+01 -2.500000e+00  1.231697e+02
     vertex  5.225524e+01 -2.500000e+00  1.231697e+02
   endloop
 endfacet
 facet normal  0.000000e+00 -1.000000e+00  0.000000e+00
   outer loop
     vertex  5.226093e+01 -2.500000e+00  1.232449e+02
     vertex  3.573907e+01 -2.500000e+00  1.232449e+02
     vertex  3.574476e+01 -2.500000e+00  1.231697e+02
   endloop
 endfacet
 facet normal  0.000000e+00 -1.000000e+00  0.000000e+00
   outer loop
     vertex  5.526368e+01 -2.500000e+00  1.202627e+02
     vertex  5.518848e+01 -2.500000e+00  1.202565e+02
     vertex  4.400000e+01 -2.500000e+00  1.005000e+02
   endloop
 endfacet
 facet normal -0.000000e+00 -1.000000e+00  0.000000e+00
   outer loop
     vertex  5.226868e+01 -2.500000e+00  1.233199e+02
     vertex  3.572152e+01 -2.500000e+00  1.233948e+02
     vertex  3.573132e+01 -2.500000e+00  1.233199e+02
   endloop
 endfacet
 facet normal  0.000000e+00 -1.000000e+00  0.000000e+00
   outer loop
     vertex  5.226868e+01 -2.500000e+00  1.233199e+02
     vertex  3.573132e+01 -2.500000e+00  1.233199e+02
     vertex  3.573907e+01 -2.500000e+00  1.232449e+02
   endloop
 endfacet
 facet normal  0.000000e+00 -1.000000e+00  0.000000e+00
   outer loop
     vertex  5.226868e+01 -2.500000e+00  1.233199e+02
     vertex  3.573907e+01 -2.500000e+00  1.232449e+02
     vertex  5.226093e+01 -2.500000e+00  1.232449e+02
   endloop
 endfacet
 facet normal  0.000000e+00 -1.000000e+00  0.000000e+00
   outer loop
     vertex  5.533868e+01 -2.500000e+00  1.202709e+02
     vertex  5.526368e+01 -2.500000e+00  1.202627e+02
     vertex  4.400000e+01 -2.500000e+00  1.005000e+02
   endloop
 endfacet
 facet normal  0.000000e+00 -1.000000e+00  0.000000e+00
   outer loop
     vertex  5.227848e+01 -2.500000e+00  1.233948e+02
     vertex  3.572152e+01 -2.500000e+00  1.233948e+02
     vertex  5.226868e+01 -2.500000e+00  1.233199e+02
   endloop
 endfacet
 facet normal  0.000000e+00 -1.000000e+00  0.000000e+00
   outer loop
     vertex  5.541342e+01 -2.500000e+00  1.202813e+02
     vertex  5.533868e+01 -2.500000e+00  1.202709e+02
     vertex  4.400000e+01 -2.500000e+00  1.005000e+02
   endloop
 endfacet
 facet normal  0.000000e+00 -1.000000e+00  0.000000e+00
   outer loop
     vertex  5.229034e+01 -2.500000e+00  1.234693e+02
     vertex  3.570966e+01 -2.500000e+00  1.234693e+02
     vertex  3.572152e+01 -2.500000e+00  1.233948e+02
   endloop
 endfacet
 facet normal  0.000000e+00 -1.000000e+00  0.000000e+00
   outer loop
     vertex  5.229034e+01 -2.500000e+00  1.234693e+02
     vertex  3.572152e+01 -2.500000e+00  1.233948e+02
     vertex  5.227848e+01 -2.500000e+00  1.233948e+02
   endloop
 endfacet
 facet normal  0.000000e+00 -1.000000e+00  0.000000e+00
   outer loop
     vertex  5.548785e+01 -2.500000e+00  1.202936e+02
     vertex  5.541342e+01 -2.500000e+00  1.202813e+02
     vertex  4.400000e+01 -2.500000e+00  1.005000e+02
   endloop
 endfacet
 facet normal  0.000000e+00 -1.000000e+00  0.000000e+00
   outer loop
     vertex  5.230423e+01 -2.500000e+00  1.235434e+02
     vertex  3.570966e+01 -2.500000e+00  1.234693e+02
     vertex  5.229034e+01 -2.500000e+00  1.234693e+02
   endloop
 endfacet
 facet normal -0.000000e+00 -1.000000e+00  0.000000e+00
   outer loop
     vertex  5.230423e+01 -2.500000e+00  1.235434e+02
     vertex  3.567985e+01 -2.500000e+00  1.236172e+02
     vertex  3.569577e+01 -2.500000e+00  1.235434e+02
   endloop
 endfacet
 facet normal  0.000000e+00 -1.000000e+00  0.000000e+00
   outer loop
     vertex  5.230423e+01 -2.500000e+00  1.235434e+02
     vertex  3.569577e+01 -2.500000e+00  1.235434e+02
     vertex  3.570966e+01 -2.500000e+00  1.234693e+02
   endloop
 endfacet
 facet normal  0.000000e+00 -1.000000e+00  0.000000e+00
   outer loop
     vertex  5.556191e+01 -2.500000e+00  1.203080e+02
     vertex  5.548785e+01 -2.500000e+00  1.202936e+02
     vertex  4.400000e+01 -2.500000e+00  1.005000e+02
   endloop
 endfacet
 facet normal -0.000000e+00 -1.000000e+00  0.000000e+00
   outer loop
     vertex  5.232015e+01 -2.500000e+00  1.236172e+02
     vertex  3.566191e+01 -2.500000e+00  1.236905e+02
     vertex  3.567985e+01 -2.500000e+00  1.236172e+02
   endloop
 endfacet
 facet normal  0.000000e+00 -1.000000e+00  0.000000e+00
   outer loop
     vertex  5.232015e+01 -2.500000e+00  1.236172e+02
     vertex  3.567985e+01 -2.500000e+00  1.236172e+02
     vertex  5.230423e+01 -2.500000e+00  1.235434e+02
   endloop
 endfacet
 facet normal  0.000000e+00 -1.000000e+00  0.000000e+00
   outer loop
     vertex  5.563555e+01 -2.500000e+00  1.203244e+02
     vertex  5.556191e+01 -2.500000e+00  1.203080e+02
     vertex  4.400000e+01 -2.500000e+00  1.005000e+02
   endloop
 endfacet
 facet normal -0.000000e+00 -1.000000e+00  0.000000e+00
   outer loop
     vertex  5.233809e+01 -2.500000e+00  1.236905e+02
     vertex  3.564196e+01 -2.500000e+00  1.237632e+02
     vertex  3.566191e+01 -2.500000e+00  1.236905e+02
   endloop
 endfacet
 facet normal  0.000000e+00 -1.000000e+00  0.000000e+00
   outer loop
     vertex  5.233809e+01 -2.500000e+00  1.236905e+02
     vertex  3.566191e+01 -2.500000e+00  1.236905e+02
     vertex  5.232015e+01 -2.500000e+00  1.236172e+02
   endloop
 endfacet
 facet normal  0.000000e+00 -1.000000e+00  0.000000e+00
   outer loop
     vertex  5.570872e+01 -2.500000e+00  1.203429e+02
     vertex  5.563555e+01 -2.500000e+00  1.203244e+02
     vertex  4.400000e+01 -2.500000e+00  1.005000e+02
   endloop
 endfacet
 facet normal  0.000000e+00 -1.000000e+00  0.000000e+00
   outer loop
     vertex  5.235804e+01 -2.500000e+00  1.237632e+02
     vertex  3.564196e+01 -2.500000e+00  1.237632e+02
     vertex  5.233809e+01 -2.500000e+00  1.236905e+02
   endloop
 endfacet
 facet normal  0.000000e+00 -1.000000e+00  0.000000e+00
   outer loop
     vertex  5.578134e+01 -2.500000e+00  1.203633e+02
     vertex  5.570872e+01 -2.500000e+00  1.203429e+02
     vertex  4.400000e+01 -2.500000e+00  1.005000e+02
   endloop
 endfacet
 facet normal  0.000000e+00 -1.000000e+00  0.000000e+00
   outer loop
     vertex  5.237997e+01 -2.500000e+00  1.238354e+02
     vertex  3.562003e+01 -2.500000e+00  1.238354e+02
     vertex  3.564196e+01 -2.500000e+00  1.237632e+02
   endloop
 endfacet
 facet normal  0.000000e+00 -1.000000e+00  0.000000e+00
   outer loop
     vertex  5.237997e+01 -2.500000e+00  1.238354e+02
     vertex  3.564196e+01 -2.500000e+00  1.237632e+02
     vertex  5.235804e+01 -2.500000e+00  1.237632e+02
   endloop
 endfacet
 facet normal  0.000000e+00 -1.000000e+00  0.000000e+00
   outer loop
     vertex  5.585338e+01 -2.500000e+00  1.203858e+02
     vertex  5.578134e+01 -2.500000e+00  1.203633e+02
     vertex  4.400000e+01 -2.500000e+00  1.005000e+02
   endloop
 endfacet
 facet normal -0.000000e+00 -1.000000e+00  0.000000e+00
   outer loop
     vertex  5.240388e+01 -2.500000e+00  1.239070e+02
     vertex  3.557026e+01 -2.500000e+00  1.239779e+02
     vertex  3.559612e+01 -2.500000e+00  1.239070e+02
   endloop
 endfacet
 facet normal  0.000000e+00 -1.000000e+00  0.000000e+00
   outer loop
     vertex  5.240388e+01 -2.500000e+00  1.239070e+02
     vertex  3.559612e+01 -2.500000e+00  1.239070e+02
     vertex  3.562003e+01 -2.500000e+00  1.238354e+02
   endloop
 endfacet
 facet normal  0.000000e+00 -1.000000e+00  0.000000e+00
   outer loop
     vertex  5.240388e+01 -2.500000e+00  1.239070e+02
     vertex  3.562003e+01 -2.500000e+00  1.238354e+02
     vertex  5.237997e+01 -2.500000e+00  1.238354e+02
   endloop
 endfacet
 facet normal  0.000000e+00 -1.000000e+00  0.000000e+00
   outer loop
     vertex  5.592478e+01 -2.500000e+00  1.204102e+02
     vertex  5.585338e+01 -2.500000e+00  1.203858e+02
     vertex  4.400000e+01 -2.500000e+00  1.005000e+02
   endloop
 endfacet
 facet normal  0.000000e+00 -1.000000e+00  0.000000e+00
   outer loop
     vertex  5.242974e+01 -2.500000e+00  1.239779e+02
     vertex  3.557026e+01 -2.500000e+00  1.239779e+02
     vertex  5.240388e+01 -2.500000e+00  1.239070e+02
   endloop
 endfacet
 facet normal  0.000000e+00 -1.000000e+00  0.000000e+00
   outer loop
     vertex  5.599548e+01 -2.500000e+00  1.204365e+02
     vertex  5.592478e+01 -2.500000e+00  1.204102e+02
     vertex  4.400000e+01 -2.500000e+00  1.005000e+02
   endloop
 endfacet
 facet normal  0.000000e+00 -1.000000e+00  0.000000e+00
   outer loop
     vertex  5.245753e+01 -2.500000e+00  1.240480e+02
     vertex  3.554247e+01 -2.500000e+00  1.240480e+02
     vertex  3.557026e+01 -2.500000e+00  1.239779e+02
   endloop
 endfacet
 facet normal  0.000000e+00 -1.000000e+00  0.000000e+00
   outer loop
     vertex  5.245753e+01 -2.500000e+00  1.240480e+02
     vertex  3.557026e+01 -2.500000e+00  1.239779e+02
     vertex  5.242974e+01 -2.500000e+00  1.239779e+02
   endloop
 endfacet
 facet normal  0.000000e+00 -1.000000e+00  0.000000e+00
   outer loop
     vertex  5.606544e+01 -2.500000e+00  1.204648e+02
     vertex  5.599548e+01 -2.500000e+00  1.204365e+02
     vertex  4.400000e+01 -2.500000e+00  1.005000e+02
   endloop
 endfacet
 facet normal  0.000000e+00 -1.000000e+00  0.000000e+00
   outer loop
     vertex  5.248724e+01 -2.500000e+00  1.241174e+02
     vertex  3.554247e+01 -2.500000e+00  1.240480e+02
     vertex  5.245753e+01 -2.500000e+00  1.240480e+02
   endloop
 endfacet
 facet normal  0.000000e+00 -1.000000e+00  0.000000e+00
   outer loop
     vertex  5.248724e+01 -2.500000e+00  1.241174e+02
     vertex  3.551276e+01 -2.500000e+00  1.241174e+02
     vertex  3.554247e+01 -2.500000e+00  1.240480e+02
   endloop
 endfacet
 facet normal  0.000000e+00 -1.000000e+00  0.000000e+00
   outer loop
     vertex  5.613459e+01 -2.500000e+00  1.204950e+02
     vertex  5.606544e+01 -2.500000e+00  1.204648e+02
     vertex  4.400000e+01 -2.500000e+00  1.005000e+02
   endloop
 endfacet
 facet normal  0.000000e+00 -1.000000e+00  0.000000e+00
   outer loop
     vertex  5.251884e+01 -2.500000e+00  1.241859e+02
     vertex  3.548116e+01 -2.500000e+00  1.241859e+02
     vertex  3.551276e+01 -2.500000e+00  1.241174e+02
   endloop
 endfacet
 facet normal  0.000000e+00 -1.000000e+00  0.000000e+00
   outer loop
     vertex  5.251884e+01 -2.500000e+00  1.241859e+02
     vertex  3.551276e+01 -2.500000e+00  1.241174e+02
     vertex  5.248724e+01 -2.500000e+00  1.241174e+02
   endloop
 endfacet
 facet normal  0.000000e+00 -1.000000e+00  0.000000e+00
   outer loop
     vertex  5.620288e+01 -2.500000e+00  1.205270e+02
     vertex  5.613459e+01 -2.500000e+00  1.204950e+02
     vertex  4.400000e+01 -2.500000e+00  1.005000e+02
   endloop
 endfacet
 facet normal  0.000000e+00 -1.000000e+00  0.000000e+00
   outer loop
     vertex  5.255231e+01 -2.500000e+00  1.242535e+02
     vertex  3.544769e+01 -2.500000e+00  1.242535e+02
     vertex  3.548116e+01 -2.500000e+00  1.241859e+02
   endloop
 endfacet
 facet normal  0.000000e+00 -1.000000e+00  0.000000e+00
   outer loop
     vertex  5.255231e+01 -2.500000e+00  1.242535e+02
     vertex  3.548116e+01 -2.500000e+00  1.241859e+02
     vertex  5.251884e+01 -2.500000e+00  1.241859e+02
   endloop
 endfacet
 facet normal  0.000000e+00 -1.000000e+00  0.000000e+00
   outer loop
     vertex  5.627027e+01 -2.500000e+00  1.205610e+02
     vertex  5.620288e+01 -2.500000e+00  1.205270e+02
     vertex  4.400000e+01 -2.500000e+00  1.005000e+02
   endloop
 endfacet
 facet normal  0.000000e+00 -1.000000e+00  0.000000e+00
   outer loop
     vertex  5.258762e+01 -2.500000e+00  1.243202e+02
     vertex  3.541238e+01 -2.500000e+00  1.243202e+02
     vertex  3.544769e+01 -2.500000e+00  1.242535e+02
   endloop
 endfacet
 facet normal  0.000000e+00 -1.000000e+00  0.000000e+00
   outer loop
     vertex  5.258762e+01 -2.500000e+00  1.243202e+02
     vertex  3.544769e+01 -2.500000e+00  1.242535e+02
     vertex  5.255231e+01 -2.500000e+00  1.242535e+02
   endloop
 endfacet
 facet normal  0.000000e+00 -1.000000e+00  0.000000e+00
   outer loop
     vertex  5.633671e+01 -2.500000e+00  1.205967e+02
     vertex  5.627027e+01 -2.500000e+00  1.205610e+02
     vertex  4.400000e+01 -2.500000e+00  1.005000e+02
   endloop
 endfacet
 facet normal -0.000000e+00 -1.000000e+00  0.000000e+00
   outer loop
     vertex  5.262474e+01 -2.500000e+00  1.243859e+02
     vertex  3.533634e+01 -2.500000e+00  1.244505e+02
     vertex  3.537526e+01 -2.500000e+00  1.243859e+02
   endloop
 endfacet
 facet normal  0.000000e+00 -1.000000e+00  0.000000e+00
   outer loop
     vertex  5.262474e+01 -2.500000e+00  1.243859e+02
     vertex  3.537526e+01 -2.500000e+00  1.243859e+02
     vertex  3.541238e+01 -2.500000e+00  1.243202e+02
   endloop
 endfacet
 facet normal  0.000000e+00 -1.000000e+00  0.000000e+00
   outer loop
     vertex  5.262474e+01 -2.500000e+00  1.243859e+02
     vertex  3.541238e+01 -2.500000e+00  1.243202e+02
     vertex  5.258762e+01 -2.500000e+00  1.243202e+02
   endloop
 endfacet
 facet normal  0.000000e+00 -1.000000e+00  0.000000e+00
   outer loop
     vertex  5.640214e+01 -2.500000e+00  1.206343e+02
     vertex  5.633671e+01 -2.500000e+00  1.205967e+02
     vertex  4.400000e+01 -2.500000e+00  1.005000e+02
   endloop
 endfacet
 facet normal  0.000000e+00 -1.000000e+00  0.000000e+00
   outer loop
     vertex  5.266366e+01 -2.500000e+00  1.244505e+02
     vertex  3.533634e+01 -2.500000e+00  1.244505e+02
     vertex  5.262474e+01 -2.500000e+00  1.243859e+02
   endloop
 endfacet
 facet normal  0.000000e+00 -1.000000e+00  0.000000e+00
   outer loop
     vertex  5.646651e+01 -2.500000e+00  1.206737e+02
     vertex  5.640214e+01 -2.500000e+00  1.206343e+02
     vertex  4.400000e+01 -2.500000e+00  1.005000e+02
   endloop
 endfacet
 facet normal  0.000000e+00 -1.000000e+00  0.000000e+00
   outer loop
     vertex  5.270433e+01 -2.500000e+00  1.245141e+02
     vertex  3.529567e+01 -2.500000e+00  1.245141e+02
     vertex  3.533634e+01 -2.500000e+00  1.244505e+02
   endloop
 endfacet
 facet normal  0.000000e+00 -1.000000e+00  0.000000e+00
   outer loop
     vertex  5.270433e+01 -2.500000e+00  1.245141e+02
     vertex  3.533634e+01 -2.500000e+00  1.244505e+02
     vertex  5.266366e+01 -2.500000e+00  1.244505e+02
   endloop
 endfacet
 facet normal  0.000000e+00 -1.000000e+00  0.000000e+00
   outer loop
     vertex  5.652978e+01 -2.500000e+00  1.207148e+02
     vertex  5.646651e+01 -2.500000e+00  1.206737e+02
     vertex  4.400000e+01 -2.500000e+00  1.005000e+02
   endloop
 endfacet
 facet normal  0.000000e+00 -1.000000e+00  0.000000e+00
   outer loop
     vertex  5.274673e+01 -2.500000e+00  1.245765e+02
     vertex  3.525327e+01 -2.500000e+00  1.245765e+02
     vertex  3.529567e+01 -2.500000e+00  1.245141e+02
   endloop
 endfacet
 facet normal  0.000000e+00 -1.000000e+00  0.000000e+00
   outer loop
     vertex  5.274673e+01 -2.500000e+00  1.245765e+02
     vertex  3.529567e+01 -2.500000e+00  1.245141e+02
     vertex  5.270433e+01 -2.500000e+00  1.245141e+02
   endloop
 endfacet
 facet normal  0.000000e+00 -1.000000e+00  0.000000e+00
   outer loop
     vertex  5.659190e+01 -2.500000e+00  1.207576e+02
     vertex  5.652978e+01 -2.500000e+00  1.207148e+02
     vertex  4.400000e+01 -2.500000e+00  1.005000e+02
   endloop
 endfacet
 facet normal  0.000000e+00 -1.000000e+00  0.000000e+00
   outer loop
     vertex  5.279083e+01 -2.500000e+00  1.246377e+02
     vertex  3.520917e+01 -2.500000e+00  1.246377e+02
     vertex  3.525327e+01 -2.500000e+00  1.245765e+02
   endloop
 endfacet
 facet normal  0.000000e+00 -1.000000e+00  0.000000e+00
   outer loop
     vertex  5.279083e+01 -2.500000e+00  1.246377e+02
     vertex  3.525327e+01 -2.500000e+00  1.245765e+02
     vertex  5.274673e+01 -2.500000e+00  1.245765e+02
   endloop
 endfacet
 facet normal  0.000000e+00 -1.000000e+00  0.000000e+00
   outer loop
     vertex  5.665281e+01 -2.500000e+00  1.208021e+02
     vertex  5.659190e+01 -2.500000e+00  1.207576e+02
     vertex  4.400000e+01 -2.500000e+00  1.005000e+02
   endloop
 endfacet
 facet normal  0.000000e+00 -1.000000e+00  0.000000e+00
   outer loop
     vertex  5.283659e+01 -2.500000e+00  1.246977e+02
     vertex  3.520917e+01 -2.500000e+00  1.246377e+02
     vertex  5.279083e+01 -2.500000e+00  1.246377e+02
   endloop
 endfacet
 facet normal  0.000000e+00 -1.000000e+00  0.000000e+00
   outer loop
     vertex  5.283659e+01 -2.500000e+00  1.246977e+02
     vertex  3.516341e+01 -2.500000e+00  1.246977e+02
     vertex  3.520917e+01 -2.500000e+00  1.246377e+02
   endloop
 endfacet
 facet normal  0.000000e+00 -1.000000e+00  0.000000e+00
   outer loop
     vertex  5.671249e+01 -2.500000e+00  1.208483e+02
     vertex  5.665281e+01 -2.500000e+00  1.208021e+02
     vertex  4.400000e+01 -2.500000e+00  1.005000e+02
   endloop
 endfacet
 facet normal  0.000000e+00 -1.000000e+00  0.000000e+00
   outer loop
     vertex  5.288398e+01 -2.500000e+00  1.247564e+02
     vertex  3.511602e+01 -2.500000e+00  1.247564e+02
     vertex  3.516341e+01 -2.500000e+00  1.246977e+02
   endloop
 endfacet
 facet normal  0.000000e+00 -1.000000e+00  0.000000e+00
   outer loop
     vertex  5.288398e+01 -2.500000e+00  1.247564e+02
     vertex  3.516341e+01 -2.500000e+00  1.246977e+02
     vertex  5.283659e+01 -2.500000e+00  1.246977e+02
   endloop
 endfacet
 facet normal  0.000000e+00 -1.000000e+00  0.000000e+00
   outer loop
     vertex  5.677088e+01 -2.500000e+00  1.208961e+02
     vertex  5.671249e+01 -2.500000e+00  1.208483e+02
     vertex  4.400000e+01 -2.500000e+00  1.005000e+02
   endloop
 endfacet
 facet normal  0.000000e+00 -1.000000e+00  0.000000e+00
   outer loop
     vertex  5.293296e+01 -2.500000e+00  1.248138e+02
     vertex  3.506704e+01 -2.500000e+00  1.248138e+02
     vertex  3.511602e+01 -2.500000e+00  1.247564e+02
   endloop
 endfacet
 facet normal  0.000000e+00 -1.000000e+00  0.000000e+00
   outer loop
     vertex  5.293296e+01 -2.500000e+00  1.248138e+02
     vertex  3.511602e+01 -2.500000e+00  1.247564e+02
     vertex  5.288398e+01 -2.500000e+00  1.247564e+02
   endloop
 endfacet
 facet normal -0.000000e+00 -1.000000e+00  0.000000e+00
   outer loop
     vertex  5.298350e+01 -2.500000e+00  1.248698e+02
     vertex  3.496445e+01 -2.500000e+00  1.249244e+02
     vertex  3.501650e+01 -2.500000e+00  1.248698e+02
   endloop
 endfacet
 facet normal  0.000000e+00 -1.000000e+00  0.000000e+00
   outer loop
     vertex  5.298350e+01 -2.500000e+00  1.248698e+02
     vertex  3.501650e+01 -2.500000e+00  1.248698e+02
     vertex  3.506704e+01 -2.500000e+00  1.248138e+02
   endloop
 endfacet
 facet normal  0.000000e+00 -1.000000e+00  0.000000e+00
   outer loop
     vertex  5.298350e+01 -2.500000e+00  1.248698e+02
     vertex  3.506704e+01 -2.500000e+00  1.248138e+02
     vertex  5.293296e+01 -2.500000e+00  1.248138e+02
   endloop
 endfacet
 facet normal  0.000000e+00 -1.000000e+00  0.000000e+00
   outer loop
     vertex  5.303555e+01 -2.500000e+00  1.249244e+02
     vertex  3.496445e+01 -2.500000e+00  1.249244e+02
     vertex  5.298350e+01 -2.500000e+00  1.248698e+02
   endloop
 endfacet
 facet normal -0.000000e+00 -1.000000e+00  0.000000e+00
   outer loop
     vertex  5.308909e+01 -2.500000e+00  1.249776e+02
     vertex  3.485594e+01 -2.500000e+00  1.250293e+02
     vertex  3.491091e+01 -2.500000e+00  1.249776e+02
   endloop
 endfacet
 facet normal  0.000000e+00 -1.000000e+00  0.000000e+00
   outer loop
     vertex  5.308909e+01 -2.500000e+00  1.249776e+02
     vertex  3.491091e+01 -2.500000e+00  1.249776e+02
     vertex  3.496445e+01 -2.500000e+00  1.249244e+02
   endloop
 endfacet
 facet normal  0.000000e+00 -1.000000e+00  0.000000e+00
   outer loop
     vertex  5.308909e+01 -2.500000e+00  1.249776e+02
     vertex  3.496445e+01 -2.500000e+00  1.249244e+02
     vertex  5.303555e+01 -2.500000e+00  1.249244e+02
   endloop
 endfacet
 facet normal -0.000000e+00 -1.000000e+00  0.000000e+00
   outer loop
     vertex  5.314406e+01 -2.500000e+00  1.250293e+02
     vertex  3.479957e+01 -2.500000e+00  1.250794e+02
     vertex  3.485594e+01 -2.500000e+00  1.250293e+02
   endloop
 endfacet
 facet normal  0.000000e+00 -1.000000e+00  0.000000e+00
   outer loop
     vertex  5.314406e+01 -2.500000e+00  1.250293e+02
     vertex  3.485594e+01 -2.500000e+00  1.250293e+02
     vertex  5.308909e+01 -2.500000e+00  1.249776e+02
   endloop
 endfacet
 facet normal  0.000000e+00 -1.000000e+00  0.000000e+00
   outer loop
     vertex  5.320043e+01 -2.500000e+00  1.250794e+02
     vertex  3.479957e+01 -2.500000e+00  1.250794e+02
     vertex  5.314406e+01 -2.500000e+00  1.250293e+02
   endloop
 endfacet
 facet normal -0.000000e+00 -1.000000e+00  0.000000e+00
   outer loop
     vertex  5.325815e+01 -2.500000e+00  1.251280e+02
     vertex  3.468281e+01 -2.500000e+00  1.251750e+02
     vertex  3.474185e+01 -2.500000e+00  1.251280e+02
   endloop
 endfacet
 facet normal  0.000000e+00 -1.000000e+00  0.000000e+00
   outer loop
     vertex  5.325815e+01 -2.500000e+00  1.251280e+02
     vertex  3.474185e+01 -2.500000e+00  1.251280e+02
     vertex  3.479957e+01 -2.500000e+00  1.250794e+02
   endloop
 endfacet
 facet normal  0.000000e+00 -1.000000e+00  0.000000e+00
   outer loop
     vertex  5.325815e+01 -2.500000e+00  1.251280e+02
     vertex  3.479957e+01 -2.500000e+00  1.250794e+02
     vertex  5.320043e+01 -2.500000e+00  1.250794e+02
   endloop
 endfacet
 facet normal -0.000000e+00 -1.000000e+00  0.000000e+00
   outer loop
     vertex  5.331719e+01 -2.500000e+00  1.251750e+02
     vertex  3.468281e+01 -2.500000e+00  1.251750e+02
     vertex  5.325815e+01 -2.500000e+00  1.251280e+02
   endloop
 endfacet
 facet normal  0.000000e+00 -1.000000e+00  0.000000e+00
   outer loop
     vertex  5.337749e+01 -2.500000e+00  1.252204e+02
     vertex  3.462251e+01 -2.500000e+00  1.252204e+02
     vertex  3.468281e+01 -2.500000e+00  1.251750e+02
   endloop
 endfacet
 facet normal  0.000000e+00 -1.000000e+00  0.000000e+00
   outer loop
     vertex  5.337749e+01 -2.500000e+00  1.252204e+02
     vertex  3.468281e+01 -2.500000e+00  1.251750e+02
     vertex  5.331719e+01 -2.500000e+00  1.251750e+02
   endloop
 endfacet
 facet normal  0.000000e+00 -1.000000e+00  0.000000e+00
   outer loop
     vertex  5.343902e+01 -2.500000e+00  1.252640e+02
     vertex  3.456098e+01 -2.500000e+00  1.252640e+02
     vertex  3.462251e+01 -2.500000e+00  1.252204e+02
   endloop
 endfacet
 facet normal  0.000000e+00 -1.000000e+00  0.000000e+00
   outer loop
     vertex  5.343902e+01 -2.500000e+00  1.252640e+02
     vertex  3.462251e+01 -2.500000e+00  1.252204e+02
     vertex  5.337749e+01 -2.500000e+00  1.252204e+02
   endloop
 endfacet
 facet normal -0.000000e+00 -1.000000e+00  0.000000e+00
   outer loop
     vertex  5.343902e+01 -2.500000e+00  1.252640e+02
     vertex  3.449828e+01 -2.500000e+00  1.253060e+02
     vertex  3.456098e+01 -2.500000e+00  1.252640e+02
   endloop
 endfacet
 facet normal  0.000000e+00 -1.000000e+00  0.000000e+00
   outer loop
     vertex  5.350172e+01 -2.500000e+00  1.253060e+02
     vertex  3.449828e+01 -2.500000e+00  1.253060e+02
     vertex  5.343902e+01 -2.500000e+00  1.252640e+02
   endloop
 endfacet
 facet normal  0.000000e+00 -1.000000e+00  0.000000e+00
   outer loop
     vertex  5.356554e+01 -2.500000e+00  1.253462e+02
     vertex  3.449828e+01 -2.500000e+00  1.253060e+02
     vertex  5.350172e+01 -2.500000e+00  1.253060e+02
   endloop
 endfacet
 facet normal -0.000000e+00 -1.000000e+00  0.000000e+00
   outer loop
     vertex  5.356554e+01 -2.500000e+00  1.253462e+02
     vertex  3.436955e+01 -2.500000e+00  1.253847e+02
     vertex  3.443446e+01 -2.500000e+00  1.253462e+02
   endloop
 endfacet
 facet normal  0.000000e+00 -1.000000e+00  0.000000e+00
   outer loop
     vertex  5.356554e+01 -2.500000e+00  1.253462e+02
     vertex  3.443446e+01 -2.500000e+00  1.253462e+02
     vertex  3.449828e+01 -2.500000e+00  1.253060e+02
   endloop
 endfacet
 facet normal  0.000000e+00 -1.000000e+00  0.000000e+00
   outer loop
     vertex  5.363045e+01 -2.500000e+00  1.253847e+02
     vertex  3.436955e+01 -2.500000e+00  1.253847e+02
     vertex  5.356554e+01 -2.500000e+00  1.253462e+02
   endloop
 endfacet
 facet normal  0.000000e+00 -1.000000e+00  0.000000e+00
   outer loop
     vertex  5.369639e+01 -2.500000e+00  1.254214e+02
     vertex  3.436955e+01 -2.500000e+00  1.253847e+02
     vertex  5.363045e+01 -2.500000e+00  1.253847e+02
   endloop
 endfacet
 facet normal -0.000000e+00 -1.000000e+00  0.000000e+00
   outer loop
     vertex  5.369639e+01 -2.500000e+00  1.254214e+02
     vertex  3.430361e+01 -2.500000e+00  1.254214e+02
     vertex  3.436955e+01 -2.500000e+00  1.253847e+02
   endloop
 endfacet
 facet normal  0.000000e+00 -1.000000e+00  0.000000e+00
   outer loop
     vertex  5.376331e+01 -2.500000e+00  1.254562e+02
     vertex  3.430361e+01 -2.500000e+00  1.254214e+02
     vertex  5.369639e+01 -2.500000e+00  1.254214e+02
   endloop
 endfacet
 facet normal  0.000000e+00 -1.000000e+00  0.000000e+00
   outer loop
     vertex  5.376331e+01 -2.500000e+00  1.254562e+02
     vertex  3.423669e+01 -2.500000e+00  1.254562e+02
     vertex  3.430361e+01 -2.500000e+00  1.254214e+02
   endloop
 endfacet
 facet normal  0.000000e+00 -1.000000e+00  0.000000e+00
   outer loop
     vertex  5.383116e+01 -2.500000e+00  1.254892e+02
     vertex  3.423669e+01 -2.500000e+00  1.254562e+02
     vertex  5.376331e+01 -2.500000e+00  1.254562e+02
   endloop
 endfacet
 facet normal  0.000000e+00 -1.000000e+00  0.000000e+00
   outer loop
     vertex  5.383116e+01 -2.500000e+00  1.254892e+02
     vertex  3.410011e+01 -2.500000e+00  1.255204e+02
     vertex  3.416884e+01 -2.500000e+00  1.254892e+02
   endloop
 endfacet
 facet normal -0.000000e+00 -1.000000e+00  0.000000e+00
   outer loop
     vertex  5.383116e+01 -2.500000e+00  1.254892e+02
     vertex  3.416884e+01 -2.500000e+00  1.254892e+02
     vertex  3.423669e+01 -2.500000e+00  1.254562e+02
   endloop
 endfacet
 facet normal  0.000000e+00 -1.000000e+00  0.000000e+00
   outer loop
     vertex  5.389989e+01 -2.500000e+00  1.255204e+02
     vertex  3.410011e+01 -2.500000e+00  1.255204e+02
     vertex  5.383116e+01 -2.500000e+00  1.254892e+02
   endloop
 endfacet
 facet normal -0.000000e+00 -1.000000e+00  0.000000e+00
   outer loop
     vertex  5.389989e+01 -2.500000e+00  1.255204e+02
     vertex  3.403056e+01 -2.500000e+00  1.255496e+02
     vertex  3.410011e+01 -2.500000e+00  1.255204e+02
   endloop
 endfacet
 facet normal -0.000000e+00 -1.000000e+00  0.000000e+00
   outer loop
     vertex  5.396944e+01 -2.500000e+00  1.255496e+02
     vertex  3.403056e+01 -2.500000e+00  1.255496e+02
     vertex  5.389989e+01 -2.500000e+00  1.255204e+02
   endloop
 endfacet
 facet normal  0.000000e+00 -1.000000e+00  0.000000e+00
   outer loop
     vertex  5.403978e+01 -2.500000e+00  1.255769e+02
     vertex  3.403056e+01 -2.500000e+00  1.255496e+02
     vertex  5.396944e+01 -2.500000e+00  1.255496e+02
   endloop
 endfacet
 facet normal -0.000000e+00 -1.000000e+00  0.000000e+00
   outer loop
     vertex  5.403978e+01 -2.500000e+00  1.255769e+02
     vertex  3.388917e+01 -2.500000e+00  1.256023e+02
     vertex  3.396022e+01 -2.500000e+00  1.255769e+02
   endloop
 endfacet
 facet normal  0.000000e+00 -1.000000e+00  0.000000e+00
   outer loop
     vertex  5.403978e+01 -2.500000e+00  1.255769e+02
     vertex  3.396022e+01 -2.500000e+00  1.255769e+02
     vertex  3.403056e+01 -2.500000e+00  1.255496e+02
   endloop
 endfacet
 facet normal -0.000000e+00 -1.000000e+00  0.000000e+00
   outer loop
     vertex  5.411083e+01 -2.500000e+00  1.256023e+02
     vertex  3.388917e+01 -2.500000e+00  1.256023e+02
     vertex  5.403978e+01 -2.500000e+00  1.255769e+02
   endloop
 endfacet
 facet normal  0.000000e+00 -1.000000e+00  0.000000e+00
   outer loop
     vertex  5.411083e+01 -2.500000e+00  1.256023e+02
     vertex  3.381744e+01 -2.500000e+00  1.256257e+02
     vertex  3.388917e+01 -2.500000e+00  1.256023e+02
   endloop
 endfacet
 facet normal -0.000000e+00 -1.000000e+00  0.000000e+00
   outer loop
     vertex  5.418256e+01 -2.500000e+00  1.256257e+02
     vertex  3.381744e+01 -2.500000e+00  1.256257e+02
     vertex  5.411083e+01 -2.500000e+00  1.256023e+02
   endloop
 endfacet
 facet normal  0.000000e+00 -1.000000e+00  0.000000e+00
   outer loop
     vertex  5.425490e+01 -2.500000e+00  1.256471e+02
     vertex  3.381744e+01 -2.500000e+00  1.256257e+02
     vertex  5.418256e+01 -2.500000e+00  1.256257e+02
   endloop
 endfacet
 facet normal -0.000000e+00 -1.000000e+00  0.000000e+00
   outer loop
     vertex  5.425490e+01 -2.500000e+00  1.256471e+02
     vertex  3.367220e+01 -2.500000e+00  1.256666e+02
     vertex  3.374510e+01 -2.500000e+00  1.256471e+02
   endloop
 endfacet
 facet normal  0.000000e+00 -1.000000e+00  0.000000e+00
   outer loop
     vertex  5.425490e+01 -2.500000e+00  1.256471e+02
     vertex  3.374510e+01 -2.500000e+00  1.256471e+02
     vertex  3.381744e+01 -2.500000e+00  1.256257e+02
   endloop
 endfacet
 facet normal -0.000000e+00 -1.000000e+00  0.000000e+00
   outer loop
     vertex  5.432780e+01 -2.500000e+00  1.256666e+02
     vertex  3.367220e+01 -2.500000e+00  1.256666e+02
     vertex  5.425490e+01 -2.500000e+00  1.256471e+02
   endloop
 endfacet
 facet normal  0.000000e+00 -1.000000e+00  0.000000e+00
   outer loop
     vertex  5.440121e+01 -2.500000e+00  1.256840e+02
     vertex  3.367220e+01 -2.500000e+00  1.256666e+02
     vertex  5.432780e+01 -2.500000e+00  1.256666e+02
   endloop
 endfacet
 facet normal -0.000000e+00 -1.000000e+00  0.000000e+00
   outer loop
     vertex  5.440121e+01 -2.500000e+00  1.256840e+02
     vertex  3.352493e+01 -2.500000e+00  1.256994e+02
     vertex  3.359879e+01 -2.500000e+00  1.256840e+02
   endloop
 endfacet
 facet normal  0.000000e+00 -1.000000e+00  0.000000e+00
   outer loop
     vertex  5.440121e+01 -2.500000e+00  1.256840e+02
     vertex  3.359879e+01 -2.500000e+00  1.256840e+02
     vertex  3.367220e+01 -2.500000e+00  1.256666e+02
   endloop
 endfacet
 facet normal  0.000000e+00 -1.000000e+00  0.000000e+00
   outer loop
     vertex  5.447507e+01 -2.500000e+00  1.256994e+02
     vertex  3.352493e+01 -2.500000e+00  1.256994e+02
     vertex  5.440121e+01 -2.500000e+00  1.256840e+02
   endloop
 endfacet
 facet normal  0.000000e+00 -1.000000e+00  0.000000e+00
   outer loop
     vertex  5.454932e+01 -2.500000e+00  1.257128e+02
     vertex  3.352493e+01 -2.500000e+00  1.256994e+02
     vertex  5.447507e+01 -2.500000e+00  1.256994e+02
   endloop
 endfacet
 facet normal  0.000000e+00 -1.000000e+00  0.000000e+00
   outer loop
     vertex  5.454932e+01 -2.500000e+00  1.257128e+02
     vertex  3.337608e+01 -2.500000e+00  1.257242e+02
     vertex  3.345068e+01 -2.500000e+00  1.257128e+02
   endloop
 endfacet
 facet normal -0.000000e+00 -1.000000e+00  0.000000e+00
   outer loop
     vertex  5.454932e+01 -2.500000e+00  1.257128e+02
     vertex  3.345068e+01 -2.500000e+00  1.257128e+02
     vertex  3.352493e+01 -2.500000e+00  1.256994e+02
   endloop
 endfacet
 facet normal -0.000000e+00 -1.000000e+00  0.000000e+00
   outer loop
     vertex  5.462392e+01 -2.500000e+00  1.257242e+02
     vertex  3.337608e+01 -2.500000e+00  1.257242e+02
     vertex  5.454932e+01 -2.500000e+00  1.257128e+02
   endloop
 endfacet
 facet normal  0.000000e+00 -1.000000e+00  0.000000e+00
   outer loop
     vertex  5.469879e+01 -2.500000e+00  1.257335e+02
     vertex  3.337608e+01 -2.500000e+00  1.257242e+02
     vertex  5.462392e+01 -2.500000e+00  1.257242e+02
   endloop
 endfacet
 facet normal  0.000000e+00 -1.000000e+00  0.000000e+00
   outer loop
     vertex  5.469879e+01 -2.500000e+00  1.257335e+02
     vertex  3.330121e+01 -2.500000e+00  1.257335e+02
     vertex  3.337608e+01 -2.500000e+00  1.257242e+02
   endloop
 endfacet
 facet normal  0.000000e+00 -1.000000e+00  0.000000e+00
   outer loop
     vertex  5.477390e+01 -2.500000e+00  1.257407e+02
     vertex  3.330121e+01 -2.500000e+00  1.257335e+02
     vertex  5.469879e+01 -2.500000e+00  1.257335e+02
   endloop
 endfacet
 facet normal -0.000000e+00 -1.000000e+00  0.000000e+00
   outer loop
     vertex  5.477390e+01 -2.500000e+00  1.257407e+02
     vertex  3.322610e+01 -2.500000e+00  1.257407e+02
     vertex  3.330121e+01 -2.500000e+00  1.257335e+02
   endloop
 endfacet
 facet normal  0.000000e+00 -1.000000e+00  0.000000e+00
   outer loop
     vertex  5.484917e+01 -2.500000e+00  1.257459e+02
     vertex  3.322610e+01 -2.500000e+00  1.257407e+02
     vertex  5.477390e+01 -2.500000e+00  1.257407e+02
   endloop
 endfacet
 facet normal  0.000000e+00 -1.000000e+00  0.000000e+00
   outer loop
     vertex  5.484917e+01 -2.500000e+00  1.257459e+02
     vertex  3.315083e+01 -2.500000e+00  1.257459e+02
     vertex  3.322610e+01 -2.500000e+00  1.257407e+02
   endloop
 endfacet
 facet normal  0.000000e+00 -1.000000e+00  0.000000e+00
   outer loop
     vertex  9.000000e+01 -2.500000e+00  1.300000e+02
     vertex  5.500000e+01 -2.500000e+00  1.257500e+02
     vertex  5.507544e+01 -2.500000e+00  1.257490e+02
   endloop
 endfacet
 facet normal  0.000000e+00 -1.000000e+00  0.000000e+00
   outer loop
     vertex  9.000000e+01 -2.500000e+00  1.300000e+02
     vertex  5.507544e+01 -2.500000e+00  1.257490e+02
     vertex  5.515083e+01 -2.500000e+00  1.257459e+02
   endloop
 endfacet
 facet normal  0.000000e+00 -1.000000e+00  0.000000e+00
   outer loop
     vertex  9.000000e+01 -2.500000e+00  1.300000e+02
     vertex  5.515083e+01 -2.500000e+00  1.257459e+02
     vertex  5.522610e+01 -2.500000e+00  1.257407e+02
   endloop
 endfacet
 facet normal  0.000000e+00 -1.000000e+00  0.000000e+00
   outer loop
     vertex  9.000000e+01 -2.500000e+00  1.300000e+02
     vertex  5.522610e+01 -2.500000e+00  1.257407e+02
     vertex  5.530121e+01 -2.500000e+00  1.257335e+02
   endloop
 endfacet
 facet normal  0.000000e+00 -1.000000e+00  0.000000e+00
   outer loop
     vertex  9.000000e+01 -2.500000e+00  1.300000e+02
     vertex  5.530121e+01 -2.500000e+00  1.257335e+02
     vertex  5.537608e+01 -2.500000e+00  1.257242e+02
   endloop
 endfacet
 facet normal  0.000000e+00 -1.000000e+00  0.000000e+00
   outer loop
     vertex  9.000000e+01 -2.500000e+00  1.300000e+02
     vertex  5.537608e+01 -2.500000e+00  1.257242e+02
     vertex  5.545068e+01 -2.500000e+00  1.257128e+02
   endloop
 endfacet
 facet normal  0.000000e+00 -1.000000e+00  0.000000e+00
   outer loop
     vertex  9.000000e+01 -2.500000e+00  1.300000e+02
     vertex  5.545068e+01 -2.500000e+00  1.257128e+02
     vertex  5.552493e+01 -2.500000e+00  1.256994e+02
   endloop
 endfacet
 facet normal  0.000000e+00 -1.000000e+00  0.000000e+00
   outer loop
     vertex  9.000000e+01 -2.500000e+00  1.300000e+02
     vertex  5.552493e+01 -2.500000e+00  1.256994e+02
     vertex  5.559879e+01 -2.500000e+00  1.256840e+02
   endloop
 endfacet
 facet normal  0.000000e+00 -1.000000e+00  0.000000e+00
   outer loop
     vertex  9.000000e+01 -2.500000e+00  1.300000e+02
     vertex  5.559879e+01 -2.500000e+00  1.256840e+02
     vertex  5.567220e+01 -2.500000e+00  1.256666e+02
   endloop
 endfacet
 facet normal  0.000000e+00 -1.000000e+00  0.000000e+00
   outer loop
     vertex  9.000000e+01 -2.500000e+00  1.300000e+02
     vertex  5.567220e+01 -2.500000e+00  1.256666e+02
     vertex  5.574510e+01 -2.500000e+00  1.256471e+02
   endloop
 endfacet
 facet normal  0.000000e+00 -1.000000e+00  0.000000e+00
   outer loop
     vertex  9.000000e+01 -2.500000e+00  1.300000e+02
     vertex  5.574510e+01 -2.500000e+00  1.256471e+02
     vertex  5.581744e+01 -2.500000e+00  1.256257e+02
   endloop
 endfacet
 facet normal  0.000000e+00 -1.000000e+00  0.000000e+00
   outer loop
     vertex  9.000000e+01 -2.500000e+00  1.300000e+02
     vertex  5.581744e+01 -2.500000e+00  1.256257e+02
     vertex  5.588917e+01 -2.500000e+00  1.256023e+02
   endloop
 endfacet
 facet normal  0.000000e+00 -1.000000e+00  0.000000e+00
   outer loop
     vertex  9.000000e+01 -2.500000e+00  1.300000e+02
     vertex  5.588917e+01 -2.500000e+00  1.256023e+02
     vertex  5.596022e+01 -2.500000e+00  1.255769e+02
   endloop
 endfacet
 facet normal  0.000000e+00 -1.000000e+00  0.000000e+00
   outer loop
     vertex  9.000000e+01 -2.500000e+00  1.300000e+02
     vertex  5.596022e+01 -2.500000e+00  1.255769e+02
     vertex  5.603056e+01 -2.500000e+00  1.255496e+02
   endloop
 endfacet
 facet normal  0.000000e+00 -1.000000e+00  0.000000e+00
   outer loop
     vertex  9.000000e+01 -2.500000e+00  1.300000e+02
     vertex  5.603056e+01 -2.500000e+00  1.255496e+02
     vertex  5.610011e+01 -2.500000e+00  1.255204e+02
   endloop
 endfacet
 facet normal  0.000000e+00 -1.000000e+00  0.000000e+00
   outer loop
     vertex  9.000000e+01 -2.500000e+00  1.300000e+02
     vertex  5.610011e+01 -2.500000e+00  1.255204e+02
     vertex  5.616884e+01 -2.500000e+00  1.254892e+02
   endloop
 endfacet
 facet normal  0.000000e+00 -1.000000e+00  0.000000e+00
   outer loop
     vertex  9.000000e+01 -2.500000e+00  1.300000e+02
     vertex  5.616884e+01 -2.500000e+00  1.254892e+02
     vertex  5.623669e+01 -2.500000e+00  1.254562e+02
   endloop
 endfacet
 facet normal  0.000000e+00 -1.000000e+00  0.000000e+00
   outer loop
     vertex  9.000000e+01 -2.500000e+00  1.300000e+02
     vertex  5.623669e+01 -2.500000e+00  1.254562e+02
     vertex  5.630361e+01 -2.500000e+00  1.254214e+02
   endloop
 endfacet
 facet normal  0.000000e+00 -1.000000e+00  0.000000e+00
   outer loop
     vertex  9.000000e+01 -2.500000e+00  1.300000e+02
     vertex  5.630361e+01 -2.500000e+00  1.254214e+02
     vertex  5.636955e+01 -2.500000e+00  1.253847e+02
   endloop
 endfacet
 facet normal  0.000000e+00 -1.000000e+00  0.000000e+00
   outer loop
     vertex  9.000000e+01 -2.500000e+00  1.300000e+02
     vertex  5.636955e+01 -2.500000e+00  1.253847e+02
     vertex  5.643446e+01 -2.500000e+00  1.253462e+02
   endloop
 endfacet
 facet normal  0.000000e+00 -1.000000e+00  0.000000e+00
   outer loop
     vertex  9.000000e+01 -2.500000e+00  1.300000e+02
     vertex  5.643446e+01 -2.500000e+00  1.253462e+02
     vertex  5.649828e+01 -2.500000e+00  1.253060e+02
   endloop
 endfacet
 facet normal  0.000000e+00 -1.000000e+00  0.000000e+00
   outer loop
     vertex  9.000000e+01 -2.500000e+00  1.300000e+02
     vertex  5.649828e+01 -2.500000e+00  1.253060e+02
     vertex  5.656098e+01 -2.500000e+00  1.252640e+02
   endloop
 endfacet
 facet normal  0.000000e+00 -1.000000e+00  0.000000e+00
   outer loop
     vertex  9.000000e+01 -2.500000e+00  1.300000e+02
     vertex  5.656098e+01 -2.500000e+00  1.252640e+02
     vertex  5.662251e+01 -2.500000e+00  1.252204e+02
   endloop
 endfacet
 facet normal  0.000000e+00 -1.000000e+00  0.000000e+00
   outer loop
     vertex  9.000000e+01 -2.500000e+00  1.300000e+02
     vertex  5.662251e+01 -2.500000e+00  1.252204e+02
     vertex  5.668281e+01 -2.500000e+00  1.251750e+02
   endloop
 endfacet
 facet normal  0.000000e+00 -1.000000e+00  0.000000e+00
   outer loop
     vertex  9.000000e+01 -2.500000e+00  1.300000e+02
     vertex  5.668281e+01 -2.500000e+00  1.251750e+02
     vertex  5.674185e+01 -2.500000e+00  1.251280e+02
   endloop
 endfacet
 facet normal  0.000000e+00 -1.000000e+00  0.000000e+00
   outer loop
     vertex  9.000000e+01 -2.500000e+00  1.300000e+02
     vertex  5.484917e+01 -2.500000e+00  1.257459e+02
     vertex  5.492456e+01 -2.500000e+00  1.257490e+02
   endloop
 endfacet
 facet normal  0.000000e+00 -1.000000e+00  0.000000e+00
   outer loop
     vertex  9.000000e+01 -2.500000e+00  1.300000e+02
     vertex  5.674185e+01 -2.500000e+00  1.251280e+02
     vertex  5.679957e+01 -2.500000e+00  1.250794e+02
   endloop
 endfacet
 facet normal  0.000000e+00 -1.000000e+00  0.000000e+00
   outer loop
     vertex  9.000000e+01 -2.500000e+00  1.300000e+02
     vertex  5.492456e+01 -2.500000e+00  1.257490e+02
     vertex  5.500000e+01 -2.500000e+00  1.257500e+02
   endloop
 endfacet
 facet normal  0.000000e+00 -1.000000e+00  0.000000e+00
   outer loop
     vertex  9.000000e+01 -2.500000e+00  1.300000e+02
     vertex  5.679957e+01 -2.500000e+00  1.250794e+02
     vertex  5.685594e+01 -2.500000e+00  1.250293e+02
   endloop
 endfacet
 facet normal  0.000000e+00 -1.000000e+00  0.000000e+00
   outer loop
     vertex  9.000000e+01 -2.500000e+00  1.300000e+02
     vertex  5.685594e+01 -2.500000e+00  1.250293e+02
     vertex  5.691091e+01 -2.500000e+00  1.249776e+02
   endloop
 endfacet
 facet normal  0.000000e+00 -1.000000e+00  0.000000e+00
   outer loop
     vertex  9.000000e+01 -2.500000e+00  1.300000e+02
     vertex  5.691091e+01 -2.500000e+00  1.249776e+02
     vertex  5.696445e+01 -2.500000e+00  1.249244e+02
   endloop
 endfacet
 facet normal  0.000000e+00 -1.000000e+00  0.000000e+00
   outer loop
     vertex  9.000000e+01 -2.500000e+00  1.300000e+02
     vertex  5.696445e+01 -2.500000e+00  1.249244e+02
     vertex  5.701650e+01 -2.500000e+00  1.248698e+02
   endloop
 endfacet
 facet normal  0.000000e+00 -1.000000e+00  0.000000e+00
   outer loop
     vertex  9.000000e+01 -2.500000e+00  1.300000e+02
     vertex  5.701650e+01 -2.500000e+00  1.248698e+02
     vertex  5.706704e+01 -2.500000e+00  1.248138e+02
   endloop
 endfacet
 facet normal  0.000000e+00 -1.000000e+00  0.000000e+00
   outer loop
     vertex  9.000000e+01 -2.500000e+00  1.300000e+02
     vertex  5.706704e+01 -2.500000e+00  1.248138e+02
     vertex  5.711602e+01 -2.500000e+00  1.247564e+02
   endloop
 endfacet
 facet normal  0.000000e+00 -1.000000e+00  0.000000e+00
   outer loop
     vertex  9.000000e+01 -2.500000e+00  1.300000e+02
     vertex  5.711602e+01 -2.500000e+00  1.247564e+02
     vertex  5.716341e+01 -2.500000e+00  1.246977e+02
   endloop
 endfacet
 facet normal  0.000000e+00 -1.000000e+00  0.000000e+00
   outer loop
     vertex  9.000000e+01 -2.500000e+00  1.300000e+02
     vertex  5.716341e+01 -2.500000e+00  1.246977e+02
     vertex  5.720917e+01 -2.500000e+00  1.246377e+02
   endloop
 endfacet
 facet normal  0.000000e+00 -1.000000e+00  0.000000e+00
   outer loop
     vertex  9.000000e+01 -2.500000e+00  1.300000e+02
     vertex  5.720917e+01 -2.500000e+00  1.246377e+02
     vertex  5.725327e+01 -2.500000e+00  1.245765e+02
   endloop
 endfacet
 facet normal  0.000000e+00 -1.000000e+00  0.000000e+00
   outer loop
     vertex  9.000000e+01 -2.500000e+00  1.300000e+02
     vertex  5.725327e+01 -2.500000e+00  1.245765e+02
     vertex  5.729567e+01 -2.500000e+00  1.245141e+02
   endloop
 endfacet
 facet normal  0.000000e+00 -1.000000e+00  0.000000e+00
   outer loop
     vertex  9.000000e+01 -2.500000e+00  1.300000e+02
     vertex  5.729567e+01 -2.500000e+00  1.245141e+02
     vertex  5.733634e+01 -2.500000e+00  1.244505e+02
   endloop
 endfacet
 facet normal  0.000000e+00 -1.000000e+00  0.000000e+00
   outer loop
     vertex  9.000000e+01 -2.500000e+00  1.300000e+02
     vertex  5.733634e+01 -2.500000e+00  1.244505e+02
     vertex  5.737526e+01 -2.500000e+00  1.243859e+02
   endloop
 endfacet
 facet normal  0.000000e+00 -1.000000e+00  0.000000e+00
   outer loop
     vertex  9.000000e+01 -2.500000e+00  1.300000e+02
     vertex  5.737526e+01 -2.500000e+00  1.243859e+02
     vertex  5.741238e+01 -2.500000e+00  1.243202e+02
   endloop
 endfacet
 facet normal  0.000000e+00 -1.000000e+00  0.000000e+00
   outer loop
     vertex  9.000000e+01 -2.500000e+00  1.300000e+02
     vertex  5.741238e+01 -2.500000e+00  1.243202e+02
     vertex  5.744769e+01 -2.500000e+00  1.242535e+02
   endloop
 endfacet
 facet normal  0.000000e+00 -1.000000e+00  0.000000e+00
   outer loop
     vertex  9.000000e+01 -2.500000e+00  1.300000e+02
     vertex  5.744769e+01 -2.500000e+00  1.242535e+02
     vertex  5.748116e+01 -2.500000e+00  1.241859e+02
   endloop
 endfacet
 facet normal  0.000000e+00 -1.000000e+00  0.000000e+00
   outer loop
     vertex  9.000000e+01 -2.500000e+00  1.300000e+02
     vertex  5.748116e+01 -2.500000e+00  1.241859e+02
     vertex  5.751276e+01 -2.500000e+00  1.241174e+02
   endloop
 endfacet
 facet normal  0.000000e+00 -1.000000e+00  0.000000e+00
   outer loop
     vertex  9.000000e+01 -2.500000e+00  1.300000e+02
     vertex  5.751276e+01 -2.500000e+00  1.241174e+02
     vertex  5.754247e+01 -2.500000e+00  1.240480e+02
   endloop
 endfacet
 facet normal  0.000000e+00 -1.000000e+00  0.000000e+00
   outer loop
     vertex  9.000000e+01 -2.500000e+00  1.300000e+02
     vertex  5.754247e+01 -2.500000e+00  1.240480e+02
     vertex  5.757026e+01 -2.500000e+00  1.239779e+02
   endloop
 endfacet
 facet normal  0.000000e+00 -1.000000e+00  0.000000e+00
   outer loop
     vertex  9.000000e+01 -2.500000e+00  1.300000e+02
     vertex  5.757026e+01 -2.500000e+00  1.239779e+02
     vertex  5.759612e+01 -2.500000e+00  1.239070e+02
   endloop
 endfacet
 facet normal  0.000000e+00 -1.000000e+00  0.000000e+00
   outer loop
     vertex  9.000000e+01 -2.500000e+00  1.300000e+02
     vertex  5.759612e+01 -2.500000e+00  1.239070e+02
     vertex  5.762003e+01 -2.500000e+00  1.238354e+02
   endloop
 endfacet
 facet normal  0.000000e+00 -1.000000e+00  0.000000e+00
   outer loop
     vertex  9.000000e+01 -2.500000e+00  1.300000e+02
     vertex  5.762003e+01 -2.500000e+00  1.238354e+02
     vertex  5.764196e+01 -2.500000e+00  1.237632e+02
   endloop
 endfacet
 facet normal  0.000000e+00 -1.000000e+00  0.000000e+00
   outer loop
     vertex  9.000000e+01 -2.500000e+00  1.300000e+02
     vertex  5.764196e+01 -2.500000e+00  1.237632e+02
     vertex  5.766191e+01 -2.500000e+00  1.236905e+02
   endloop
 endfacet
 facet normal  0.000000e+00 -1.000000e+00  0.000000e+00
   outer loop
     vertex  9.000000e+01 -2.500000e+00  1.300000e+02
     vertex  5.677088e+01 -2.500000e+00  1.208961e+02
     vertex  4.400000e+01 -2.500000e+00  1.005000e+02
   endloop
 endfacet
 facet normal  0.000000e+00 -1.000000e+00  0.000000e+00
   outer loop
     vertex  9.000000e+01 -2.500000e+00  1.300000e+02
     vertex  5.766191e+01 -2.500000e+00  1.236905e+02
     vertex  5.767985e+01 -2.500000e+00  1.236172e+02
   endloop
 endfacet
 facet normal  0.000000e+00 -1.000000e+00  0.000000e+00
   outer loop
     vertex  9.000000e+01 -2.500000e+00  1.300000e+02
     vertex  5.767985e+01 -2.500000e+00  1.236172e+02
     vertex  5.769577e+01 -2.500000e+00  1.235434e+02
   endloop
 endfacet
 facet normal  0.000000e+00 -1.000000e+00  0.000000e+00
   outer loop
     vertex  9.000000e+01 -2.500000e+00  1.300000e+02
     vertex  5.769577e+01 -2.500000e+00  1.235434e+02
     vertex  5.770966e+01 -2.500000e+00  1.234693e+02
   endloop
 endfacet
 facet normal  0.000000e+00 -1.000000e+00  0.000000e+00
   outer loop
     vertex  9.000000e+01 -2.500000e+00  1.300000e+02
     vertex  5.770966e+01 -2.500000e+00  1.234693e+02
     vertex  5.772152e+01 -2.500000e+00  1.233948e+02
   endloop
 endfacet
 facet normal  0.000000e+00 -1.000000e+00  0.000000e+00
   outer loop
     vertex  9.000000e+01 -2.500000e+00  1.300000e+02
     vertex  5.772152e+01 -2.500000e+00  1.233948e+02
     vertex  5.773132e+01 -2.500000e+00  1.233199e+02
   endloop
 endfacet
 facet normal  0.000000e+00 -1.000000e+00  0.000000e+00
   outer loop
     vertex  9.000000e+01 -2.500000e+00  1.300000e+02
     vertex  5.773132e+01 -2.500000e+00  1.233199e+02
     vertex  5.773907e+01 -2.500000e+00  1.232449e+02
   endloop
 endfacet
 facet normal  0.000000e+00 -1.000000e+00  0.000000e+00
   outer loop
     vertex  9.000000e+01 -2.500000e+00  1.300000e+02
     vertex  5.773907e+01 -2.500000e+00  1.232449e+02
     vertex  5.774476e+01 -2.500000e+00  1.231697e+02
   endloop
 endfacet
 facet normal  0.000000e+00 -1.000000e+00  0.000000e+00
   outer loop
     vertex  9.000000e+01 -2.500000e+00  1.300000e+02
     vertex  5.774476e+01 -2.500000e+00  1.231697e+02
     vertex  5.774838e+01 -2.500000e+00  1.230943e+02
   endloop
 endfacet
 facet normal  0.000000e+00 -1.000000e+00  0.000000e+00
   outer loop
     vertex  9.000000e+01 -2.500000e+00  1.300000e+02
     vertex  5.774838e+01 -2.500000e+00  1.230943e+02
     vertex  5.774994e+01 -2.500000e+00  1.230189e+02
   endloop
 endfacet
 facet normal  0.000000e+00 -1.000000e+00  0.000000e+00
   outer loop
     vertex  9.000000e+01 -2.500000e+00  1.300000e+02
     vertex  5.774994e+01 -2.500000e+00  1.230189e+02
     vertex  5.774942e+01 -2.500000e+00  1.229434e+02
   endloop
 endfacet
 facet normal  0.000000e+00 -1.000000e+00  0.000000e+00
   outer loop
     vertex  9.000000e+01 -2.500000e+00  1.300000e+02
     vertex  5.774942e+01 -2.500000e+00  1.229434e+02
     vertex  5.774683e+01 -2.500000e+00  1.228680e+02
   endloop
 endfacet
 facet normal  0.000000e+00 -1.000000e+00  0.000000e+00
   outer loop
     vertex  9.000000e+01 -2.500000e+00  1.300000e+02
     vertex  5.774683e+01 -2.500000e+00  1.228680e+02
     vertex  5.774218e+01 -2.500000e+00  1.227927e+02
   endloop
 endfacet
 facet normal  0.000000e+00 -1.000000e+00  0.000000e+00
   outer loop
     vertex  9.000000e+01 -2.500000e+00  1.300000e+02
     vertex  5.774218e+01 -2.500000e+00  1.227927e+02
     vertex  5.773546e+01 -2.500000e+00  1.227175e+02
   endloop
 endfacet
 facet normal  0.000000e+00 -1.000000e+00  0.000000e+00
   outer loop
     vertex  9.000000e+01 -2.500000e+00  1.300000e+02
     vertex  5.773546e+01 -2.500000e+00  1.227175e+02
     vertex  5.772668e+01 -2.500000e+00  1.226426e+02
   endloop
 endfacet
 facet normal  0.000000e+00 -1.000000e+00  0.000000e+00
   outer loop
     vertex  9.000000e+01 -2.500000e+00  1.300000e+02
     vertex  5.772668e+01 -2.500000e+00  1.226426e+02
     vertex  5.771585e+01 -2.500000e+00  1.225679e+02
   endloop
 endfacet
 facet normal  0.000000e+00 -1.000000e+00  0.000000e+00
   outer loop
     vertex  9.000000e+01 -2.500000e+00  1.300000e+02
     vertex  5.771585e+01 -2.500000e+00  1.225679e+02
     vertex  5.770297e+01 -2.500000e+00  1.224936e+02
   endloop
 endfacet
 facet normal  0.000000e+00 -1.000000e+00  0.000000e+00
   outer loop
     vertex  9.000000e+01 -2.500000e+00  1.300000e+02
     vertex  5.770297e+01 -2.500000e+00  1.224936e+02
     vertex  5.768806e+01 -2.500000e+00  1.224196e+02
   endloop
 endfacet
 facet normal  0.000000e+00 -1.000000e+00  0.000000e+00
   outer loop
     vertex  9.000000e+01 -2.500000e+00  1.300000e+02
     vertex  5.768806e+01 -2.500000e+00  1.224196e+02
     vertex  5.767113e+01 -2.500000e+00  1.223461e+02
   endloop
 endfacet
 facet normal  0.000000e+00 -1.000000e+00  0.000000e+00
   outer loop
     vertex  9.000000e+01 -2.500000e+00  1.300000e+02
     vertex  5.767113e+01 -2.500000e+00  1.223461e+02
     vertex  5.765218e+01 -2.500000e+00  1.222731e+02
   endloop
 endfacet
 facet normal  0.000000e+00 -1.000000e+00  0.000000e+00
   outer loop
     vertex  9.000000e+01 -2.500000e+00  1.300000e+02
     vertex  5.765218e+01 -2.500000e+00  1.222731e+02
     vertex  5.763124e+01 -2.500000e+00  1.222006e+02
   endloop
 endfacet
 facet normal  0.000000e+00 -1.000000e+00  0.000000e+00
   outer loop
     vertex  9.000000e+01 -2.500000e+00  1.300000e+02
     vertex  5.763124e+01 -2.500000e+00  1.222006e+02
     vertex  5.760832e+01 -2.500000e+00  1.221287e+02
   endloop
 endfacet
 facet normal  0.000000e+00 -1.000000e+00  0.000000e+00
   outer loop
     vertex  9.000000e+01 -2.500000e+00  1.300000e+02
     vertex  5.760832e+01 -2.500000e+00  1.221287e+02
     vertex  5.758344e+01 -2.500000e+00  1.220575e+02
   endloop
 endfacet
 facet normal  0.000000e+00 -1.000000e+00  0.000000e+00
   outer loop
     vertex  9.000000e+01 -2.500000e+00  1.300000e+02
     vertex  5.758344e+01 -2.500000e+00  1.220575e+02
     vertex  5.755661e+01 -2.500000e+00  1.219870e+02
   endloop
 endfacet
 facet normal  0.000000e+00 -1.000000e+00  0.000000e+00
   outer loop
     vertex  9.000000e+01 -2.500000e+00  1.300000e+02
     vertex  3.315083e+01 -2.500000e+00  1.257459e+02
     vertex  5.484917e+01 -2.500000e+00  1.257459e+02
   endloop
 endfacet
 facet normal  0.000000e+00 -1.000000e+00  0.000000e+00
   outer loop
     vertex  9.000000e+01 -2.500000e+00  1.300000e+02
     vertex  5.755661e+01 -2.500000e+00  1.219870e+02
     vertex  5.752785e+01 -2.500000e+00  1.219172e+02
   endloop
 endfacet
 facet normal  0.000000e+00 -1.000000e+00  0.000000e+00
   outer loop
     vertex  9.000000e+01 -2.500000e+00  1.300000e+02
     vertex  5.752785e+01 -2.500000e+00  1.219172e+02
     vertex  5.749720e+01 -2.500000e+00  1.218483e+02
   endloop
 endfacet
 facet normal  0.000000e+00 -1.000000e+00  0.000000e+00
   outer loop
     vertex  9.000000e+01 -2.500000e+00  1.300000e+02
     vertex  4.400000e+01 -2.500000e+00  1.005000e+02
     vertex  4.400000e+01 -2.500000e+00  7.050000e+01
   endloop
 endfacet
 facet normal  0.000000e+00 -1.000000e+00  0.000000e+00
   outer loop
     vertex  9.000000e+01 -2.500000e+00  1.300000e+02
     vertex  5.749720e+01 -2.500000e+00  1.218483e+02
     vertex  5.746466e+01 -2.500000e+00  1.217802e+02
   endloop
 endfacet
 facet normal  0.000000e+00 -1.000000e+00  0.000000e+00
   outer loop
     vertex  9.000000e+01 -2.500000e+00  1.300000e+02
     vertex  5.746466e+01 -2.500000e+00  1.217802e+02
     vertex  5.743027e+01 -2.500000e+00  1.217130e+02
   endloop
 endfacet
 facet normal  0.000000e+00 -1.000000e+00  0.000000e+00
   outer loop
     vertex  9.000000e+01 -2.500000e+00  1.300000e+02
     vertex  5.743027e+01 -2.500000e+00  1.217130e+02
     vertex  5.739405e+01 -2.500000e+00  1.216468e+02
   endloop
 endfacet
 facet normal  0.000000e+00 -1.000000e+00  0.000000e+00
   outer loop
     vertex  9.000000e+01 -2.500000e+00  1.300000e+02
     vertex  3.307544e+01 -2.500000e+00  1.257490e+02
     vertex  3.315083e+01 -2.500000e+00  1.257459e+02
   endloop
 endfacet
 facet normal  0.000000e+00 -1.000000e+00  0.000000e+00
   outer loop
     vertex  9.000000e+01 -2.500000e+00  1.300000e+02
     vertex  5.739405e+01 -2.500000e+00  1.216468e+02
     vertex  5.735602e+01 -2.500000e+00  1.215817e+02
   endloop
 endfacet
 facet normal  0.000000e+00 -1.000000e+00  0.000000e+00
   outer loop
     vertex  9.000000e+01 -2.500000e+00  1.300000e+02
     vertex  5.735602e+01 -2.500000e+00  1.215817e+02
     vertex  5.731622e+01 -2.500000e+00  1.215176e+02
   endloop
 endfacet
 facet normal  0.000000e+00 -1.000000e+00  0.000000e+00
   outer loop
     vertex  9.000000e+01 -2.500000e+00  1.300000e+02
     vertex  5.731622e+01 -2.500000e+00  1.215176e+02
     vertex  5.727468e+01 -2.500000e+00  1.214546e+02
   endloop
 endfacet
 facet normal  0.000000e+00 -1.000000e+00  0.000000e+00
   outer loop
     vertex  9.000000e+01 -2.500000e+00  1.300000e+02
     vertex  5.727468e+01 -2.500000e+00  1.214546e+02
     vertex  5.723143e+01 -2.500000e+00  1.213928e+02
   endloop
 endfacet
 facet normal  0.000000e+00 -1.000000e+00  0.000000e+00
   outer loop
     vertex  9.000000e+01 -2.500000e+00  1.300000e+02
     vertex  5.723143e+01 -2.500000e+00  1.213928e+02
     vertex  5.718650e+01 -2.500000e+00  1.213321e+02
   endloop
 endfacet
 facet normal  0.000000e+00 -1.000000e+00  0.000000e+00
   outer loop
     vertex  9.000000e+01 -2.500000e+00  1.300000e+02
     vertex  5.718650e+01 -2.500000e+00  1.213321e+02
     vertex  5.713992e+01 -2.500000e+00  1.212728e+02
   endloop
 endfacet
 facet normal  0.000000e+00 -1.000000e+00 -0.000000e+00
   outer loop
     vertex  9.000000e+01 -2.500000e+00  1.300000e+02
     vertex  4.400000e+01 -2.500000e+00  7.050000e+01
     vertex  9.000000e+01 -2.500000e+00  0.000000e+00
   endloop
 endfacet
 facet normal  0.000000e+00 -1.000000e+00  0.000000e+00
   outer loop
     vertex  9.000000e+01 -2.500000e+00  1.300000e+02
     vertex  5.713992e+01 -2.500000e+00  1.212728e+02
     vertex  5.709173e+01 -2.500000e+00  1.212147e+02
   endloop
 endfacet
 facet normal  0.000000e+00 -1.000000e+00  0.000000e+00
   outer loop
     vertex  9.000000e+01 -2.500000e+00  1.300000e+02
     vertex  5.709173e+01 -2.500000e+00  1.212147e+02
     vertex  5.704196e+01 -2.500000e+00  1.211580e+02
   endloop
 endfacet
 facet normal  0.000000e+00 -1.000000e+00  0.000000e+00
   outer loop
     vertex  9.000000e+01 -2.500000e+00  1.300000e+02
     vertex  5.704196e+01 -2.500000e+00  1.211580e+02
     vertex  5.699066e+01 -2.500000e+00  1.211027e+02
   endloop
 endfacet
 facet normal  0.000000e+00 -1.000000e+00  0.000000e+00
   outer loop
     vertex  9.000000e+01 -2.500000e+00  1.300000e+02
     vertex  5.699066e+01 -2.500000e+00  1.211027e+02
     vertex  5.693786e+01 -2.500000e+00  1.210488e+02
   endloop
 endfacet
 facet normal  0.000000e+00 -1.000000e+00  0.000000e+00
   outer loop
     vertex  9.000000e+01 -2.500000e+00  1.300000e+02
     vertex  5.693786e+01 -2.500000e+00  1.210488e+02
     vertex  5.688360e+01 -2.500000e+00  1.209964e+02
   endloop
 endfacet
 facet normal  0.000000e+00 -1.000000e+00  0.000000e+00
   outer loop
     vertex  9.000000e+01 -2.500000e+00  1.300000e+02
     vertex  5.688360e+01 -2.500000e+00  1.209964e+02
     vertex  5.682793e+01 -2.500000e+00  1.209454e+02
   endloop
 endfacet
 facet normal  0.000000e+00 -1.000000e+00  0.000000e+00
   outer loop
     vertex  9.000000e+01 -2.500000e+00  1.300000e+02
     vertex  5.682793e+01 -2.500000e+00  1.209454e+02
     vertex  5.677088e+01 -2.500000e+00  1.208961e+02
   endloop
 endfacet
 facet normal  0.000000e+00 -1.000000e+00  0.000000e+00
   outer loop
     vertex -9.000000e+01 -2.500000e+00  1.300000e+02
     vertex  3.300000e+01 -2.500000e+00  1.257500e+02
     vertex  9.000000e+01 -2.500000e+00  1.300000e+02
   endloop
 endfacet
 facet normal  0.000000e+00 -1.000000e+00  0.000000e+00
   outer loop
     vertex  3.300000e+01 -2.500000e+00  1.257500e+02
     vertex  3.307544e+01 -2.500000e+00  1.257490e+02
     vertex  9.000000e+01 -2.500000e+00  1.300000e+02
   endloop
 endfacet
 facet normal  0.000000e+00 -1.000000e+00  0.000000e+00
   outer loop
     vertex -9.000000e+01 -2.500000e+00  1.300000e+02
     vertex  3.292456e+01 -2.500000e+00  1.257490e+02
     vertex  3.300000e+01 -2.500000e+00  1.257500e+02
   endloop
 endfacet
 facet normal  0.000000e+00 -1.000000e+00  0.000000e+00
   outer loop
     vertex -9.000000e+01 -2.500000e+00  1.300000e+02
     vertex  3.284917e+01 -2.500000e+00  1.257459e+02
     vertex  3.292456e+01 -2.500000e+00  1.257490e+02
   endloop
 endfacet
 facet normal  0.000000e+00 -1.000000e+00  0.000000e+00
   outer loop
     vertex -9.000000e+01 -2.500000e+00  1.300000e+02
     vertex  3.277390e+01 -2.500000e+00  1.257407e+02
     vertex  3.284917e+01 -2.500000e+00  1.257459e+02
   endloop
 endfacet
 facet normal  0.000000e+00 -1.000000e+00  0.000000e+00
   outer loop
     vertex -9.000000e+01 -2.500000e+00  1.300000e+02
     vertex  3.269879e+01 -2.500000e+00  1.257335e+02
     vertex  3.277390e+01 -2.500000e+00  1.257407e+02
   endloop
 endfacet
 facet normal  0.000000e+00 -1.000000e+00  0.000000e+00
   outer loop
     vertex -9.000000e+01 -2.500000e+00  1.300000e+02
     vertex  3.262392e+01 -2.500000e+00  1.257242e+02
     vertex  3.269879e+01 -2.500000e+00  1.257335e+02
   endloop
 endfacet
 facet normal  0.000000e+00 -1.000000e+00  0.000000e+00
   outer loop
     vertex -9.000000e+01 -2.500000e+00  1.300000e+02
     vertex -3.292456e+01 -2.500000e+00  1.257490e+02
     vertex  3.262392e+01 -2.500000e+00  1.257242e+02
   endloop
 endfacet
 facet normal  0.000000e+00 -1.000000e+00  0.000000e+00
   outer loop
     vertex -3.292456e+01 -2.500000e+00  1.257490e+02
     vertex -3.284917e+01 -2.500000e+00  1.257459e+02
     vertex  3.262392e+01 -2.500000e+00  1.257242e+02
   endloop
 endfacet
 facet normal  0.000000e+00 -1.000000e+00  0.000000e+00
   outer loop
     vertex -3.284917e+01 -2.500000e+00  1.257459e+02
     vertex -3.277390e+01 -2.500000e+00  1.257407e+02
     vertex  3.262392e+01 -2.500000e+00  1.257242e+02
   endloop
 endfacet
 facet normal  0.000000e+00 -1.000000e+00  0.000000e+00
   outer loop
     vertex -3.277390e+01 -2.500000e+00  1.257407e+02
     vertex -3.269879e+01 -2.500000e+00  1.257335e+02
     vertex  3.262392e+01 -2.500000e+00  1.257242e+02
   endloop
 endfacet
 facet normal  0.000000e+00 -1.000000e+00  0.000000e+00
   outer loop
     vertex -3.269879e+01 -2.500000e+00  1.257335e+02
     vertex -3.262392e+01 -2.500000e+00  1.257242e+02
     vertex  3.262392e+01 -2.500000e+00  1.257242e+02
   endloop
 endfacet
 facet normal  0.000000e+00 -1.000000e+00  0.000000e+00
   outer loop
     vertex -9.000000e+01 -2.500000e+00  1.300000e+02
     vertex -3.300000e+01 -2.500000e+00  1.257500e+02
     vertex -3.292456e+01 -2.500000e+00  1.257490e+02
   endloop
 endfacet
 facet normal  0.000000e+00 -1.000000e+00  0.000000e+00
   outer loop
     vertex -9.000000e+01 -2.500000e+00  1.300000e+02
     vertex -3.307544e+01 -2.500000e+00  1.257490e+02
     vertex -3.300000e+01 -2.500000e+00  1.257500e+02
   endloop
 endfacet
 facet normal  0.000000e+00 -1.000000e+00  0.000000e+00
   outer loop
     vertex -9.000000e+01 -2.500000e+00  1.300000e+02
     vertex -3.315083e+01 -2.500000e+00  1.257459e+02
     vertex -3.307544e+01 -2.500000e+00  1.257490e+02
   endloop
 endfacet
 facet normal  0.000000e+00 -1.000000e+00  0.000000e+00
   outer loop
     vertex -9.000000e+01 -2.500000e+00  1.300000e+02
     vertex -5.484917e+01 -2.500000e+00  1.257459e+02
     vertex -3.315083e+01 -2.500000e+00  1.257459e+02
   endloop
 endfacet
 facet normal  0.000000e+00 -1.000000e+00  0.000000e+00
   outer loop
     vertex -9.000000e+01 -2.500000e+00  1.300000e+02
     vertex -5.492456e+01 -2.500000e+00  1.257490e+02
     vertex -5.484917e+01 -2.500000e+00  1.257459e+02
   endloop
 endfacet
 facet normal  0.000000e+00  0.000000e+00  1.000000e+00
   outer loop
     vertex  9.000000e+01  2.500000e+00  1.300000e+02
     vertex -9.000000e+01  2.500000e+00  1.300000e+02
     vertex -9.000000e+01 -2.500000e+00  1.300000e+02
   endloop
 endfacet
 facet normal  0.000000e+00  0.000000e+00  1.000000e+00
   outer loop
     vertex  9.000000e+01  2.500000e+00  1.300000e+02
     vertex -9.000000e+01 -2.500000e+00  1.300000e+02
     vertex  9.000000e+01 -2.500000e+00  1.300000e+02
   endloop
 endfacet
 facet normal  0.000000e+00  1.000000e+00  2.065531e-17
   outer loop
     vertex -1.500000e+01  2.500000e+00  0.000000e+00
     vertex -9.000000e+01  2.500000e+00  0.000000e+00
     vertex -4.400000e+01  2.500000e+00  2.150000e+01
   endloop
 endfacet
 facet normal  1.761043e-17  1.000000e+00  4.440892e-17
   outer loop
     vertex -1.500000e+01  2.500000e+00  1.000000e+01
     vertex -1.500000e+01  2.500000e+00  0.000000e+00
     vertex -4.400000e+01  2.500000e+00  2.150000e+01
   endloop
 endfacet
 facet normal  0.000000e+00  1.000000e+00  0.000000e+00
   outer loop
     vertex -1.400000e+01  2.500000e+00  2.150000e+01
     vertex -1.500000e+01  2.500000e+00  1.000000e+01
     vertex -4.400000e+01  2.500000e+00  2.150000e+01
   endloop
 endfacet
 facet normal  9.654113e-18  1.000000e+00  0.000000e+00
   outer loop
     vertex -4.400000e+01  2.500000e+00  5.150000e+01
     vertex -4.400000e+01  2.500000e+00  2.150000e+01
     vertex -9.000000e+01  2.500000e+00  0.000000e+00
   endloop
 endfacet
 facet normal  9.654113e-18  1.000000e+00  0.000000e+00
   outer loop
     vertex -4.400000e+01  2.500000e+00  7.050000e+01
     vertex -4.400000e+01  2.500000e+00  5.150000e+01
     vertex -9.000000e+01  2.500000e+00  0.000000e+00
   endloop
 endfacet
 facet normal  0.000000e+00  1.000000e+00  0.000000e+00
   outer loop
     vertex  1.400000e+01  2.500000e+00  2.150000e+01
     vertex  1.500000e+01  2.500000e+00  1.000000e+01
     vertex -1.500000e+01  2.500000e+00  1.000000e+01
   endloop
 endfacet
 facet normal  0.000000e+00  1.000000e+00  0.000000e+00
   outer loop
     vertex  1.400000e+01  2.500000e+00  2.150000e+01
     vertex -1.500000e+01  2.500000e+00  1.000000e+01
     vertex -1.400000e+01  2.500000e+00  2.150000e+01
   endloop
 endfacet
 facet normal  9.654113e-18  1.000000e+00  0.000000e+00
   outer loop
     vertex -9.000000e+01  2.500000e+00  1.300000e+02
     vertex -4.400000e+01  2.500000e+00  7.050000e+01
     vertex -9.000000e+01  2.500000e+00  0.000000e+00
   endloop
 endfacet
 facet normal  0.000000e+00  1.000000e+00  0.000000e+00
   outer loop
     vertex -1.400000e+01  2.500000e+00  7.050000e+01
     vertex -1.400000e+01  2.500000e+00  5.150000e+01
     vertex -4.400000e+01  2.500000e+00  5.150000e+01
   endloop
 endfacet
 facet normal  0.000000e+00  1.000000e+00  0.000000e+00
   outer loop
     vertex -1.400000e+01  2.500000e+00  7.050000e+01
     vertex -4.400000e+01  2.500000e+00  5.150000e+01
     vertex -4.400000e+01  2.500000e+00  7.050000e+01
   endloop
 endfacet
 facet normal  9.654113e-18  1.000000e+00  0.000000e+00
   outer loop
     vertex -4.400000e+01  2.500000e+00  1.005000e+02
     vertex -4.400000e+01  2.500000e+00  7.050000e+01
     vertex -9.000000e+01  2.500000e+00  1.300000e+02
   endloop
 endfacet
 facet normal  0.000000e+00  1.000000e+00  0.000000e+00
   outer loop
     vertex -5.699066e+01  2.500000e+00  1.211027e+02
     vertex -5.693786e+01  2.500000e+00  1.210488e+02
     vertex -9.000000e+01  2.500000e+00  1.300000e+02
   endloop
 endfacet
 facet normal  0.000000e+00  1.000000e+00  0.000000e+00
   outer loop
     vertex -5.688360e+01  2.500000e+00  1.209964e+02
     vertex -9.000000e+01  2.500000e+00  1.300000e+02
     vertex -5.693786e+01  2.500000e+00  1.210488e+02
   endloop
 endfacet
 facet normal  0.000000e+00  1.000000e+00  0.000000e+00
   outer loop
     vertex -5.704196e+01  2.500000e+00  1.211580e+02
     vertex -5.699066e+01  2.500000e+00  1.211027e+02
     vertex -9.000000e+01  2.500000e+00  1.300000e+02
   endloop
 endfacet
 facet normal  0.000000e+00  1.000000e+00  0.000000e+00
   outer loop
     vertex -5.682793e+01  2.500000e+00  1.209454e+02
     vertex -9.000000e+01  2.500000e+00  1.300000e+02
     vertex -5.688360e+01  2.500000e+00  1.209964e+02
   endloop
 endfacet
 facet normal  0.000000e+00  1.000000e+00  0.000000e+00
   outer loop
     vertex -5.709173e+01  2.500000e+00  1.212147e+02
     vertex -5.704196e+01  2.500000e+00  1.211580e+02
     vertex -9.000000e+01  2.500000e+00  1.300000e+02
   endloop
 endfacet
 facet normal -7.200550e-18  1.000000e+00 -2.628185e-17
   outer loop
     vertex -5.677088e+01  2.500000e+00  1.208961e+02
     vertex -4.400000e+01  2.500000e+00  1.005000e+02
     vertex -9.000000e+01  2.500000e+00  1.300000e+02
   endloop
 endfacet
 facet normal  0.000000e+00  1.000000e+00  0.000000e+00
   outer loop
     vertex -5.677088e+01  2.500000e+00  1.208961e+02
     vertex -9.000000e+01  2.500000e+00  1.300000e+02
     vertex -5.682793e+01  2.500000e+00  1.209454e+02
   endloop
 endfacet
 facet normal  0.000000e+00  1.000000e+00  0.000000e+00
   outer loop
     vertex -5.713992e+01  2.500000e+00  1.212728e+02
     vertex -5.709173e+01  2.500000e+00  1.212147e+02
     vertex -9.000000e+01  2.500000e+00  1.300000e+02
   endloop
 endfacet
 facet normal -3.655929e-17  1.000000e+00 -4.466464e-17
   outer loop
     vertex -5.671249e+01  2.500000e+00  1.208483e+02
     vertex -4.400000e+01  2.500000e+00  1.005000e+02
     vertex -5.677088e+01  2.500000e+00  1.208961e+02
   endloop
 endfacet
 facet normal  0.000000e+00  1.000000e+00  0.000000e+00
   outer loop
     vertex -5.718650e+01  2.500000e+00  1.213321e+02
     vertex -5.713992e+01  2.500000e+00  1.212728e+02
     vertex -9.000000e+01  2.500000e+00  1.300000e+02
   endloop
 endfacet
 facet normal -3.268403e-17  1.000000e+00 -4.224359e-17
   outer loop
     vertex -5.665281e+01  2.500000e+00  1.208021e+02
     vertex -4.400000e+01  2.500000e+00  1.005000e+02
     vertex -5.671249e+01  2.500000e+00  1.208483e+02
   endloop
 endfacet
 facet normal  0.000000e+00  1.000000e+00  0.000000e+00
   outer loop
     vertex -5.723143e+01  2.500000e+00  1.213928e+02
     vertex -5.718650e+01  2.500000e+00  1.213321e+02
     vertex -9.000000e+01  2.500000e+00  1.300000e+02
   endloop
 endfacet
 facet normal -2.935152e-17  1.000000e+00 -4.016668e-17
   outer loop
     vertex -5.659190e+01  2.500000e+00  1.207576e+02
     vertex -4.400000e+01  2.500000e+00  1.005000e+02
     vertex -5.665281e+01  2.500000e+00  1.208021e+02
   endloop
 endfacet
 facet normal  0.000000e+00  1.000000e+00  0.000000e+00
   outer loop
     vertex -5.727468e+01  2.500000e+00  1.214546e+02
     vertex -5.723143e+01  2.500000e+00  1.213928e+02
     vertex -9.000000e+01  2.500000e+00  1.300000e+02
   endloop
 endfacet
 facet normal -2.645049e-17  1.000000e+00 -3.836344e-17
   outer loop
     vertex -5.652978e+01  2.500000e+00  1.207148e+02
     vertex -4.400000e+01  2.500000e+00  1.005000e+02
     vertex -5.659190e+01  2.500000e+00  1.207576e+02
   endloop
 endfacet
 facet normal  0.000000e+00  1.000000e+00  0.000000e+00
   outer loop
     vertex -5.731622e+01  2.500000e+00  1.215176e+02
     vertex -5.727468e+01  2.500000e+00  1.214546e+02
     vertex -9.000000e+01  2.500000e+00  1.300000e+02
   endloop
 endfacet
 facet normal -2.389804e-17  1.000000e+00 -3.678134e-17
   outer loop
     vertex -5.646651e+01  2.500000e+00  1.206737e+02
     vertex -4.400000e+01  2.500000e+00  1.005000e+02
     vertex -5.652978e+01  2.500000e+00  1.207148e+02
   endloop
 endfacet
 facet normal  0.000000e+00  1.000000e+00  0.000000e+00
   outer loop
     vertex -5.735602e+01  2.500000e+00  1.215817e+02
     vertex -5.731622e+01  2.500000e+00  1.215176e+02
     vertex -9.000000e+01  2.500000e+00  1.300000e+02
   endloop
 endfacet
 facet normal -2.163116e-17  1.000000e+00 -3.538050e-17
   outer loop
     vertex -5.640214e+01  2.500000e+00  1.206343e+02
     vertex -4.400000e+01  2.500000e+00  1.005000e+02
     vertex -5.646651e+01  2.500000e+00  1.206737e+02
   endloop
 endfacet
 facet normal  0.000000e+00  1.000000e+00  0.000000e+00
   outer loop
     vertex -5.739405e+01  2.500000e+00  1.216468e+02
     vertex -5.735602e+01  2.500000e+00  1.215817e+02
     vertex -9.000000e+01  2.500000e+00  1.300000e+02
   endloop
 endfacet
 facet normal -1.960107e-17  1.000000e+00 -3.413002e-17
   outer loop
     vertex -5.633671e+01  2.500000e+00  1.205967e+02
     vertex -4.400000e+01  2.500000e+00  1.005000e+02
     vertex -5.640214e+01  2.500000e+00  1.206343e+02
   endloop
 endfacet
 facet normal  0.000000e+00  1.000000e+00  0.000000e+00
   outer loop
     vertex -5.743027e+01  2.500000e+00  1.217130e+02
     vertex -5.739405e+01  2.500000e+00  1.216468e+02
     vertex -9.000000e+01  2.500000e+00  1.300000e+02
   endloop
 endfacet
 facet normal -1.776944e-17  1.000000e+00 -3.300565e-17
   outer loop
     vertex -5.627027e+01  2.500000e+00  1.205610e+02
     vertex -4.400000e+01  2.500000e+00  1.005000e+02
     vertex -5.633671e+01  2.500000e+00  1.205967e+02
   endloop
 endfacet
 facet normal  0.000000e+00  1.000000e+00  0.000000e+00
   outer loop
     vertex -5.746466e+01  2.500000e+00  1.217802e+02
     vertex -5.743027e+01  2.500000e+00  1.217130e+02
     vertex -9.000000e+01  2.500000e+00  1.300000e+02
   endloop
 endfacet
 facet normal -1.610572e-17  1.000000e+00 -3.198804e-17
   outer loop
     vertex -5.620288e+01  2.500000e+00  1.205270e+02
     vertex -4.400000e+01  2.500000e+00  1.005000e+02
     vertex -5.627027e+01  2.500000e+00  1.205610e+02
   endloop
 endfacet
 facet normal  0.000000e+00  1.000000e+00  0.000000e+00
   outer loop
     vertex -5.749720e+01  2.500000e+00  1.218483e+02
     vertex -5.746466e+01  2.500000e+00  1.217802e+02
     vertex -9.000000e+01  2.500000e+00  1.300000e+02
   endloop
 endfacet
 facet normal -1.458526e-17  1.000000e+00 -3.106159e-17
   outer loop
     vertex -5.613459e+01  2.500000e+00  1.204950e+02
     vertex -4.400000e+01  2.500000e+00  1.005000e+02
     vertex -5.620288e+01  2.500000e+00  1.205270e+02
   endloop
 endfacet
 facet normal  0.000000e+00  1.000000e+00  0.000000e+00
   outer loop
     vertex -5.752785e+01  2.500000e+00  1.219172e+02
     vertex -5.749720e+01  2.500000e+00  1.218483e+02
     vertex -9.000000e+01  2.500000e+00  1.300000e+02
   endloop
 endfacet
 facet normal -1.318792e-17  1.000000e+00 -3.021357e-17
   outer loop
     vertex -5.606544e+01  2.500000e+00  1.204648e+02
     vertex -4.400000e+01  2.500000e+00  1.005000e+02
     vertex -5.613459e+01  2.500000e+00  1.204950e+02
   endloop
 endfacet
 facet normal  0.000000e+00  1.000000e+00  0.000000e+00
   outer loop
     vertex -5.755661e+01  2.500000e+00  1.219870e+02
     vertex -5.752785e+01  2.500000e+00  1.219172e+02
     vertex -9.000000e+01  2.500000e+00  1.300000e+02
   endloop
 endfacet
 facet normal -1.189712e-17  1.000000e+00 -2.943349e-17
   outer loop
     vertex -5.599548e+01  2.500000e+00  1.204365e+02
     vertex -4.400000e+01  2.500000e+00  1.005000e+02
     vertex -5.606544e+01  2.500000e+00  1.204648e+02
   endloop
 endfacet
 facet normal  0.000000e+00  1.000000e+00  0.000000e+00
   outer loop
     vertex -5.758344e+01  2.500000e+00  1.220575e+02
     vertex -5.755661e+01  2.500000e+00  1.219870e+02
     vertex -9.000000e+01  2.500000e+00  1.300000e+02
   endloop
 endfacet
 facet normal -1.069906e-17  1.000000e+00 -2.871264e-17
   outer loop
     vertex -5.592478e+01  2.500000e+00  1.204102e+02
     vertex -4.400000e+01  2.500000e+00  1.005000e+02
     vertex -5.599548e+01  2.500000e+00  1.204365e+02
   endloop
 endfacet
 facet normal  0.000000e+00  1.000000e+00  0.000000e+00
   outer loop
     vertex -5.760832e+01  2.500000e+00  1.221287e+02
     vertex -5.758344e+01  2.500000e+00  1.220575e+02
     vertex -9.000000e+01  2.500000e+00  1.300000e+02
   endloop
 endfacet
 facet normal -9.582165e-18  1.000000e+00 -2.804370e-17
   outer loop
     vertex -5.585338e+01  2.500000e+00  1.203858e+02
     vertex -4.400000e+01  2.500000e+00  1.005000e+02
     vertex -5.592478e+01  2.500000e+00  1.204102e+02
   endloop
 endfacet
 facet normal  0.000000e+00  1.000000e+00  0.000000e+00
   outer loop
     vertex -5.763124e+01  2.500000e+00  1.222006e+02
     vertex -5.760832e+01  2.500000e+00  1.221287e+02
     vertex -9.000000e+01  2.500000e+00  1.300000e+02
   endloop
 endfacet
 facet normal -8.536631e-18  1.000000e+00 -2.742048e-17
   outer loop
     vertex -5.578134e+01  2.500000e+00  1.203633e+02
     vertex -4.400000e+01  2.500000e+00  1.005000e+02
     vertex -5.585338e+01  2.500000e+00  1.203858e+02
   endloop
 endfacet
 facet normal  0.000000e+00  1.000000e+00  0.000000e+00
   outer loop
     vertex -5.765218e+01  2.500000e+00  1.222731e+02
     vertex -5.763124e+01  2.500000e+00  1.222006e+02
     vertex -9.000000e+01  2.500000e+00  1.300000e+02
   endloop
 endfacet
 facet normal -7.554121e-18  1.000000e+00 -2.683773e-17
   outer loop
     vertex -5.570872e+01  2.500000e+00  1.203429e+02
     vertex -4.400000e+01  2.500000e+00  1.005000e+02
     vertex -5.578134e+01  2.500000e+00  1.203633e+02
   endloop
 endfacet
 facet normal  0.000000e+00  1.000000e+00  0.000000e+00
   outer loop
     vertex -5.767113e+01  2.500000e+00  1.223461e+02
     vertex -5.765218e+01  2.500000e+00  1.222731e+02
     vertex -9.000000e+01  2.500000e+00  1.300000e+02
   endloop
 endfacet
 facet normal -6.627481e-18  1.000000e+00 -2.629095e-17
   outer loop
     vertex -5.563555e+01  2.500000e+00  1.203244e+02
     vertex -4.400000e+01  2.500000e+00  1.005000e+02
     vertex -5.570872e+01  2.500000e+00  1.203429e+02
   endloop
 endfacet
 facet normal  0.000000e+00  1.000000e+00  0.000000e+00
   outer loop
     vertex -5.768806e+01  2.500000e+00  1.224196e+02
     vertex -5.767113e+01  2.500000e+00  1.223461e+02
     vertex -9.000000e+01  2.500000e+00  1.300000e+02
   endloop
 endfacet
 facet normal -5.750536e-18  1.000000e+00 -2.577625e-17
   outer loop
     vertex -5.556191e+01  2.500000e+00  1.203080e+02
     vertex -4.400000e+01  2.500000e+00  1.005000e+02
     vertex -5.563555e+01  2.500000e+00  1.203244e+02
   endloop
 endfacet
 facet normal  0.000000e+00  1.000000e+00  0.000000e+00
   outer loop
     vertex -5.770297e+01  2.500000e+00  1.224936e+02
     vertex -5.768806e+01  2.500000e+00  1.224196e+02
     vertex -9.000000e+01  2.500000e+00  1.300000e+02
   endloop
 endfacet
 facet normal -4.917928e-18  1.000000e+00 -2.529025e-17
   outer loop
     vertex -5.548785e+01  2.500000e+00  1.202936e+02
     vertex -4.400000e+01  2.500000e+00  1.005000e+02
     vertex -5.556191e+01  2.500000e+00  1.203080e+02
   endloop
 endfacet
 facet normal  0.000000e+00  1.000000e+00  0.000000e+00
   outer loop
     vertex -5.771585e+01  2.500000e+00  1.225679e+02
     vertex -5.770297e+01  2.500000e+00  1.224936e+02
     vertex -9.000000e+01  2.500000e+00  1.300000e+02
   endloop
 endfacet
 facet normal -4.124975e-18  1.000000e+00 -2.483004e-17
   outer loop
     vertex -5.541342e+01  2.500000e+00  1.202813e+02
     vertex -4.400000e+01  2.500000e+00  1.005000e+02
     vertex -5.548785e+01  2.500000e+00  1.202936e+02
   endloop
 endfacet
 facet normal  0.000000e+00  1.000000e+00  0.000000e+00
   outer loop
     vertex -5.772668e+01  2.500000e+00  1.226426e+02
     vertex -5.771585e+01  2.500000e+00  1.225679e+02
     vertex -9.000000e+01  2.500000e+00  1.300000e+02
   endloop
 endfacet
 facet normal -3.367571e-18  1.000000e+00 -2.439303e-17
   outer loop
     vertex -5.533868e+01  2.500000e+00  1.202709e+02
     vertex -4.400000e+01  2.500000e+00  1.005000e+02
     vertex -5.541342e+01  2.500000e+00  1.202813e+02
   endloop
 endfacet
 facet normal  0.000000e+00  1.000000e+00  0.000000e+00
   outer loop
     vertex -5.773546e+01  2.500000e+00  1.227175e+02
     vertex -5.772668e+01  2.500000e+00  1.226426e+02
     vertex -9.000000e+01  2.500000e+00  1.300000e+02
   endloop
 endfacet
 facet normal -2.642087e-18  1.000000e+00 -2.397696e-17
   outer loop
     vertex -5.526368e+01  2.500000e+00  1.202627e+02
     vertex -4.400000e+01  2.500000e+00  1.005000e+02
     vertex -5.533868e+01  2.500000e+00  1.202709e+02
   endloop
 endfacet
 facet normal  0.000000e+00  1.000000e+00  0.000000e+00
   outer loop
     vertex -5.774218e+01  2.500000e+00  1.227927e+02
     vertex -5.773546e+01  2.500000e+00  1.227175e+02
     vertex -9.000000e+01  2.500000e+00  1.300000e+02
   endloop
 endfacet
 facet normal -1.945310e-18  1.000000e+00 -2.357984e-17
   outer loop
     vertex -5.518848e+01  2.500000e+00  1.202565e+02
     vertex -4.400000e+01  2.500000e+00  1.005000e+02
     vertex -5.526368e+01  2.500000e+00  1.202627e+02
   endloop
 endfacet
 facet normal  0.000000e+00  1.000000e+00  0.000000e+00
   outer loop
     vertex -5.774683e+01  2.500000e+00  1.228680e+02
     vertex -5.774218e+01  2.500000e+00  1.227927e+02
     vertex -9.000000e+01  2.500000e+00  1.300000e+02
   endloop
 endfacet
 facet normal -1.274372e-18  1.000000e+00 -2.319987e-17
   outer loop
     vertex -5.511315e+01  2.500000e+00  1.202523e+02
     vertex -4.400000e+01  2.500000e+00  1.005000e+02
     vertex -5.518848e+01  2.500000e+00  1.202565e+02
   endloop
 endfacet
 facet normal  0.000000e+00  1.000000e+00  0.000000e+00
   outer loop
     vertex -5.774942e+01  2.500000e+00  1.229434e+02
     vertex -5.774683e+01  2.500000e+00  1.228680e+02
     vertex -9.000000e+01  2.500000e+00  1.300000e+02
   endloop
 endfacet
 facet normal -6.267055e-19  1.000000e+00 -2.283548e-17
   outer loop
     vertex -5.503773e+01  2.500000e+00  1.202503e+02
     vertex -4.400000e+01  2.500000e+00  1.005000e+02
     vertex -5.511315e+01  2.500000e+00  1.202523e+02
   endloop
 endfacet
 facet normal  0.000000e+00  1.000000e+00  0.000000e+00
   outer loop
     vertex -5.774994e+01  2.500000e+00  1.230189e+02
     vertex -5.774942e+01  2.500000e+00  1.229434e+02
     vertex -9.000000e+01  2.500000e+00  1.300000e+02
   endloop
 endfacet
 facet normal  0.000000e+00  1.000000e+00 -2.248523e-17
   outer loop
     vertex -5.496227e+01  2.500000e+00  1.202503e+02
     vertex -4.400000e+01  2.500000e+00  1.005000e+02
     vertex -5.503773e+01  2.500000e+00  1.202503e+02
   endloop
 endfacet
 facet normal  0.000000e+00  1.000000e+00  0.000000e+00
   outer loop
     vertex -5.774838e+01  2.500000e+00  1.230943e+02
     vertex -5.774994e+01  2.500000e+00  1.230189e+02
     vertex -9.000000e+01  2.500000e+00  1.300000e+02
   endloop
 endfacet
 facet normal  6.078342e-19  1.000000e+00 -2.214786e-17
   outer loop
     vertex -5.488685e+01  2.500000e+00  1.202523e+02
     vertex -4.400000e+01  2.500000e+00  1.005000e+02
     vertex -5.496227e+01  2.500000e+00  1.202503e+02
   endloop
 endfacet
 facet normal  0.000000e+00  1.000000e+00  0.000000e+00
   outer loop
     vertex -5.774476e+01  2.500000e+00  1.231697e+02
     vertex -5.774838e+01  2.500000e+00  1.230943e+02
     vertex -9.000000e+01  2.500000e+00  1.300000e+02
   endloop
 endfacet
 facet normal  1.198696e-18  1.000000e+00 -2.182220e-17
   outer loop
     vertex -5.481152e+01  2.500000e+00  1.202565e+02
     vertex -4.400000e+01  2.500000e+00  1.005000e+02
     vertex -5.488685e+01  2.500000e+00  1.202523e+02
   endloop
 endfacet
 facet normal  0.000000e+00  1.000000e+00  0.000000e+00
   outer loop
     vertex  1.400000e+01  2.500000e+00  5.150000e+01
     vertex -1.400000e+01  2.500000e+00  2.150000e+01
     vertex -1.400000e+01  2.500000e+00  5.150000e+01
   endloop
 endfacet
 facet normal  0.000000e+00  1.000000e+00  0.000000e+00
   outer loop
     vertex  1.400000e+01  2.500000e+00  5.150000e+01
     vertex  1.400000e+01  2.500000e+00  2.150000e+01
     vertex -1.400000e+01  2.500000e+00  2.150000e+01
   endloop
 endfacet
 facet normal -1.761043e-17  1.000000e+00  4.440892e-17
   outer loop
     vertex  4.400000e+01  2.500000e+00  2.150000e+01
     vertex  1.500000e+01  2.500000e+00  0.000000e+00
     vertex  1.500000e+01  2.500000e+00  1.000000e+01
   endloop
 endfacet
 facet normal  0.000000e+00  1.000000e+00  0.000000e+00
   outer loop
     vertex  4.400000e+01  2.500000e+00  2.150000e+01
     vertex  1.500000e+01  2.500000e+00  1.000000e+01
     vertex  1.400000e+01  2.500000e+00  2.150000e+01
   endloop
 endfacet
 facet normal  0.000000e+00  1.000000e+00  0.000000e+00
   outer loop
     vertex -5.773907e+01  2.500000e+00  1.232449e+02
     vertex -5.774476e+01  2.500000e+00  1.231697e+02
     vertex -9.000000e+01  2.500000e+00  1.300000e+02
   endloop
 endfacet
 facet normal  1.774319e-18  1.000000e+00 -2.150719e-17
   outer loop
     vertex -5.473632e+01  2.500000e+00  1.202627e+02
     vertex -4.400000e+01  2.500000e+00  1.005000e+02
     vertex -5.481152e+01  2.500000e+00  1.202565e+02
   endloop
 endfacet
 facet normal  0.000000e+00  1.000000e+00  0.000000e+00
   outer loop
     vertex -5.773132e+01  2.500000e+00  1.233199e+02
     vertex -5.773907e+01  2.500000e+00  1.232449e+02
     vertex -9.000000e+01  2.500000e+00  1.300000e+02
   endloop
 endfacet
 facet normal  2.336295e-18  1.000000e+00 -2.120189e-17
   outer loop
     vertex -5.466132e+01  2.500000e+00  1.202709e+02
     vertex -4.400000e+01  2.500000e+00  1.005000e+02
     vertex -5.473632e+01  2.500000e+00  1.202627e+02
   endloop
 endfacet
 facet normal  0.000000e+00  1.000000e+00  0.000000e+00
   outer loop
     vertex -5.772152e+01  2.500000e+00  1.233948e+02
     vertex -5.773132e+01  2.500000e+00  1.233199e+02
     vertex -9.000000e+01  2.500000e+00  1.300000e+02
   endloop
 endfacet
 facet normal  2.886090e-18  1.000000e+00 -2.090542e-17
   outer loop
     vertex -5.458658e+01  2.500000e+00  1.202813e+02
     vertex -4.400000e+01  2.500000e+00  1.005000e+02
     vertex -5.466132e+01  2.500000e+00  1.202709e+02
   endloop
 endfacet
 facet normal  0.000000e+00  1.000000e+00  0.000000e+00
   outer loop
     vertex -5.770966e+01  2.500000e+00  1.234693e+02
     vertex -5.772152e+01  2.500000e+00  1.233948e+02
     vertex -9.000000e+01  2.500000e+00  1.300000e+02
   endloop
 endfacet
 facet normal  3.425065e-18  1.000000e+00 -2.061697e-17
   outer loop
     vertex -5.451215e+01  2.500000e+00  1.202936e+02
     vertex -4.400000e+01  2.500000e+00  1.005000e+02
     vertex -5.458658e+01  2.500000e+00  1.202813e+02
   endloop
 endfacet
 facet normal  0.000000e+00  1.000000e+00  0.000000e+00
   outer loop
     vertex -5.769577e+01  2.500000e+00  1.235434e+02
     vertex -5.770966e+01  2.500000e+00  1.234693e+02
     vertex -9.000000e+01  2.500000e+00  1.300000e+02
   endloop
 endfacet
 facet normal  3.954487e-18  1.000000e+00 -2.033580e-17
   outer loop
     vertex -5.443809e+01  2.500000e+00  1.203080e+02
     vertex -4.400000e+01  2.500000e+00  1.005000e+02
     vertex -5.451215e+01  2.500000e+00  1.202936e+02
   endloop
 endfacet
 facet normal  0.000000e+00  1.000000e+00  0.000000e+00
   outer loop
     vertex -5.767985e+01  2.500000e+00  1.236172e+02
     vertex -5.769577e+01  2.500000e+00  1.235434e+02
     vertex -9.000000e+01  2.500000e+00  1.300000e+02
   endloop
 endfacet
 facet normal  4.475546e-18  1.000000e+00 -2.006122e-17
   outer loop
     vertex -5.436445e+01  2.500000e+00  1.203244e+02
     vertex -4.400000e+01  2.500000e+00  1.005000e+02
     vertex -5.443809e+01  2.500000e+00  1.203080e+02
   endloop
 endfacet
 facet normal  0.000000e+00  1.000000e+00  0.000000e+00
   outer loop
     vertex -5.766191e+01  2.500000e+00  1.236905e+02
     vertex -5.767985e+01  2.500000e+00  1.236172e+02
     vertex -9.000000e+01  2.500000e+00  1.300000e+02
   endloop
 endfacet
 facet normal  4.989360e-18  1.000000e+00 -1.979259e-17
   outer loop
     vertex -5.429128e+01  2.500000e+00  1.203429e+02
     vertex -4.400000e+01  2.500000e+00  1.005000e+02
     vertex -5.436445e+01  2.500000e+00  1.203244e+02
   endloop
 endfacet
 facet normal  0.000000e+00  1.000000e+00  0.000000e+00
   outer loop
     vertex -5.764196e+01  2.500000e+00  1.237632e+02
     vertex -5.766191e+01  2.500000e+00  1.236905e+02
     vertex -9.000000e+01  2.500000e+00  1.300000e+02
   endloop
 endfacet
 facet normal  5.496992e-18  1.000000e+00 -1.952932e-17
   outer loop
     vertex -5.421866e+01  2.500000e+00  1.203633e+02
     vertex -4.400000e+01  2.500000e+00  1.005000e+02
     vertex -5.429128e+01  2.500000e+00  1.203429e+02
   endloop
 endfacet
 facet normal  0.000000e+00  1.000000e+00  0.000000e+00
   outer loop
     vertex -5.762003e+01  2.500000e+00  1.238354e+02
     vertex -5.764196e+01  2.500000e+00  1.237632e+02
     vertex -9.000000e+01  2.500000e+00  1.300000e+02
   endloop
 endfacet
 facet normal  5.999455e-18  1.000000e+00 -1.927082e-17
   outer loop
     vertex -5.414662e+01  2.500000e+00  1.203858e+02
     vertex -4.400000e+01  2.500000e+00  1.005000e+02
     vertex -5.421866e+01  2.500000e+00  1.203633e+02
   endloop
 endfacet
 facet normal  0.000000e+00  1.000000e+00  0.000000e+00
   outer loop
     vertex -5.759612e+01  2.500000e+00  1.239070e+02
     vertex -5.762003e+01  2.500000e+00  1.238354e+02
     vertex -9.000000e+01  2.500000e+00  1.300000e+02
   endloop
 endfacet
 facet normal  6.497720e-18  1.000000e+00 -1.901659e-17
   outer loop
     vertex -5.407522e+01  2.500000e+00  1.204102e+02
     vertex -4.400000e+01  2.500000e+00  1.005000e+02
     vertex -5.414662e+01  2.500000e+00  1.203858e+02
   endloop
 endfacet
 facet normal  0.000000e+00  1.000000e+00  0.000000e+00
   outer loop
     vertex -5.757026e+01  2.500000e+00  1.239779e+02
     vertex -5.759612e+01  2.500000e+00  1.239070e+02
     vertex -9.000000e+01  2.500000e+00  1.300000e+02
   endloop
 endfacet
 facet normal  6.992728e-18  1.000000e+00 -1.876610e-17
   outer loop
     vertex -5.400452e+01  2.500000e+00  1.204365e+02
     vertex -4.400000e+01  2.500000e+00  1.005000e+02
     vertex -5.407522e+01  2.500000e+00  1.204102e+02
   endloop
 endfacet
 facet normal  0.000000e+00  1.000000e+00  0.000000e+00
   outer loop
     vertex -5.754247e+01  2.500000e+00  1.240480e+02
     vertex -5.757026e+01  2.500000e+00  1.239779e+02
     vertex -9.000000e+01  2.500000e+00  1.300000e+02
   endloop
 endfacet
 facet normal  7.485392e-18  1.000000e+00 -1.851887e-17
   outer loop
     vertex -5.393456e+01  2.500000e+00  1.204648e+02
     vertex -4.400000e+01  2.500000e+00  1.005000e+02
     vertex -5.400452e+01  2.500000e+00  1.204365e+02
   endloop
 endfacet
 facet normal  0.000000e+00  1.000000e+00  0.000000e+00
   outer loop
     vertex -5.751276e+01  2.500000e+00  1.241174e+02
     vertex -5.754247e+01  2.500000e+00  1.240480e+02
     vertex -9.000000e+01  2.500000e+00  1.300000e+02
   endloop
 endfacet
 facet normal  7.976608e-18  1.000000e+00 -1.827444e-17
   outer loop
     vertex -5.386541e+01  2.500000e+00  1.204950e+02
     vertex -4.400000e+01  2.500000e+00  1.005000e+02
     vertex -5.393456e+01  2.500000e+00  1.204648e+02
   endloop
 endfacet
 facet normal  0.000000e+00  1.000000e+00  0.000000e+00
   outer loop
     vertex -5.748116e+01  2.500000e+00  1.241859e+02
     vertex -5.751276e+01  2.500000e+00  1.241174e+02
     vertex -9.000000e+01  2.500000e+00  1.300000e+02
   endloop
 endfacet
 facet normal  8.467258e-18  1.000000e+00 -1.803235e-17
   outer loop
     vertex -5.379712e+01  2.500000e+00  1.205270e+02
     vertex -4.400000e+01  2.500000e+00  1.005000e+02
     vertex -5.386541e+01  2.500000e+00  1.204950e+02
   endloop
 endfacet
 facet normal  0.000000e+00  1.000000e+00  0.000000e+00
   outer loop
     vertex -5.744769e+01  2.500000e+00  1.242535e+02
     vertex -5.748116e+01  2.500000e+00  1.241859e+02
     vertex -9.000000e+01  2.500000e+00  1.300000e+02
   endloop
 endfacet
 facet normal  8.958219e-18  1.000000e+00 -1.779218e-17
   outer loop
     vertex -5.372973e+01  2.500000e+00  1.205610e+02
     vertex -4.400000e+01  2.500000e+00  1.005000e+02
     vertex -5.379712e+01  2.500000e+00  1.205270e+02
   endloop
 endfacet
 facet normal  0.000000e+00  1.000000e+00  0.000000e+00
   outer loop
     vertex -5.741238e+01  2.500000e+00  1.243202e+02
     vertex -5.744769e+01  2.500000e+00  1.242535e+02
     vertex -9.000000e+01  2.500000e+00  1.300000e+02
   endloop
 endfacet
 facet normal  9.450368e-18  1.000000e+00 -1.755348e-17
   outer loop
     vertex -5.366329e+01  2.500000e+00  1.205967e+02
     vertex -4.400000e+01  2.500000e+00  1.005000e+02
     vertex -5.372973e+01  2.500000e+00  1.205610e+02
   endloop
 endfacet
 facet normal  0.000000e+00  1.000000e+00  0.000000e+00
   outer loop
     vertex -5.737526e+01  2.500000e+00  1.243859e+02
     vertex -5.741238e+01  2.500000e+00  1.243202e+02
     vertex -9.000000e+01  2.500000e+00  1.300000e+02
   endloop
 endfacet
 facet normal  9.944586e-18  1.000000e+00 -1.731584e-17
   outer loop
     vertex -5.359786e+01  2.500000e+00  1.206343e+02
     vertex -4.400000e+01  2.500000e+00  1.005000e+02
     vertex -5.366329e+01  2.500000e+00  1.205967e+02
   endloop
 endfacet
 facet normal  0.000000e+00  1.000000e+00  0.000000e+00
   outer loop
     vertex -5.733634e+01  2.500000e+00  1.244505e+02
     vertex -5.737526e+01  2.500000e+00  1.243859e+02
     vertex -9.000000e+01  2.500000e+00  1.300000e+02
   endloop
 endfacet
 facet normal  1.044177e-17  1.000000e+00 -1.707884e-17
   outer loop
     vertex -5.353349e+01  2.500000e+00  1.206737e+02
     vertex -4.400000e+01  2.500000e+00  1.005000e+02
     vertex -5.359786e+01  2.500000e+00  1.206343e+02
   endloop
 endfacet
 facet normal  0.000000e+00  1.000000e+00  0.000000e+00
   outer loop
     vertex -5.729567e+01  2.500000e+00  1.245141e+02
     vertex -5.733634e+01  2.500000e+00  1.244505e+02
     vertex -9.000000e+01  2.500000e+00  1.300000e+02
   endloop
 endfacet
 facet normal  1.094283e-17  1.000000e+00 -1.684205e-17
   outer loop
     vertex -5.347022e+01  2.500000e+00  1.207148e+02
     vertex -4.400000e+01  2.500000e+00  1.005000e+02
     vertex -5.353349e+01  2.500000e+00  1.206737e+02
   endloop
 endfacet
 facet normal  0.000000e+00  1.000000e+00  0.000000e+00
   outer loop
     vertex -5.725327e+01  2.500000e+00  1.245765e+02
     vertex -5.729567e+01  2.500000e+00  1.245141e+02
     vertex -9.000000e+01  2.500000e+00  1.300000e+02
   endloop
 endfacet
 facet normal  1.144871e-17  1.000000e+00 -1.660506e-17
   outer loop
     vertex -5.340810e+01  2.500000e+00  1.207576e+02
     vertex -4.400000e+01  2.500000e+00  1.005000e+02
     vertex -5.347022e+01  2.500000e+00  1.207148e+02
   endloop
 endfacet
 facet normal  0.000000e+00  1.000000e+00  0.000000e+00
   outer loop
     vertex -5.720917e+01  2.500000e+00  1.246377e+02
     vertex -5.725327e+01  2.500000e+00  1.245765e+02
     vertex -9.000000e+01  2.500000e+00  1.300000e+02
   endloop
 endfacet
 facet normal  1.196038e-17  1.000000e+00 -1.636742e-17
   outer loop
     vertex -5.334719e+01  2.500000e+00  1.208021e+02
     vertex -4.400000e+01  2.500000e+00  1.005000e+02
     vertex -5.340810e+01  2.500000e+00  1.207576e+02
   endloop
 endfacet
 facet normal  0.000000e+00  1.000000e+00  0.000000e+00
   outer loop
     vertex -5.716341e+01  2.500000e+00  1.246977e+02
     vertex -5.720917e+01  2.500000e+00  1.246377e+02
     vertex -9.000000e+01  2.500000e+00  1.300000e+02
   endloop
 endfacet
 facet normal  1.247885e-17  1.000000e+00 -1.612872e-17
   outer loop
     vertex -5.328751e+01  2.500000e+00  1.208483e+02
     vertex -4.400000e+01  2.500000e+00  1.005000e+02
     vertex -5.334719e+01  2.500000e+00  1.208021e+02
   endloop
 endfacet
 facet normal  0.000000e+00  1.000000e+00  0.000000e+00
   outer loop
     vertex -5.711602e+01  2.500000e+00  1.247564e+02
     vertex -5.716341e+01  2.500000e+00  1.246977e+02
     vertex -9.000000e+01  2.500000e+00  1.300000e+02
   endloop
 endfacet
 facet normal  1.300518e-17  1.000000e+00 -1.588849e-17
   outer loop
     vertex -5.322912e+01  2.500000e+00  1.208961e+02
     vertex -4.400000e+01  2.500000e+00  1.005000e+02
     vertex -5.328751e+01  2.500000e+00  1.208483e+02
   endloop
 endfacet
 facet normal  0.000000e+00  1.000000e+00  0.000000e+00
   outer loop
     vertex -5.706704e+01  2.500000e+00  1.248138e+02
     vertex -5.711602e+01  2.500000e+00  1.247564e+02
     vertex -9.000000e+01  2.500000e+00  1.300000e+02
   endloop
 endfacet
 facet normal  1.354049e-17  1.000000e+00 -1.564626e-17
   outer loop
     vertex -5.317207e+01  2.500000e+00  1.209454e+02
     vertex -4.400000e+01  2.500000e+00  1.005000e+02
     vertex -5.322912e+01  2.500000e+00  1.208961e+02
   endloop
 endfacet
 facet normal  0.000000e+00  1.000000e+00  0.000000e+00
   outer loop
     vertex -5.701650e+01  2.500000e+00  1.248698e+02
     vertex -5.706704e+01  2.500000e+00  1.248138e+02
     vertex -9.000000e+01  2.500000e+00  1.300000e+02
   endloop
 endfacet
 facet normal  1.408596e-17  1.000000e+00 -1.540156e-17
   outer loop
     vertex -5.311640e+01  2.500000e+00  1.209964e+02
     vertex -4.400000e+01  2.500000e+00  1.005000e+02
     vertex -5.317207e+01  2.500000e+00  1.209454e+02
   endloop
 endfacet
 facet normal  0.000000e+00  1.000000e+00  0.000000e+00
   outer loop
     vertex -5.696445e+01  2.500000e+00  1.249244e+02
     vertex -5.701650e+01  2.500000e+00  1.248698e+02
     vertex -9.000000e+01  2.500000e+00  1.300000e+02
   endloop
 endfacet
 facet normal  1.464285e-17  1.000000e+00 -1.515386e-17
   outer loop
     vertex -5.306214e+01  2.500000e+00  1.210488e+02
     vertex -4.400000e+01  2.500000e+00  1.005000e+02
     vertex -5.311640e+01  2.500000e+00  1.209964e+02
   endloop
 endfacet
 facet normal  0.000000e+00  1.000000e+00  0.000000e+00
   outer loop
     vertex -5.691091e+01  2.500000e+00  1.249776e+02
     vertex -5.696445e+01  2.500000e+00  1.249244e+02
     vertex -9.000000e+01  2.500000e+00  1.300000e+02
   endloop
 endfacet
 facet normal  1.521251e-17  1.000000e+00 -1.490264e-17
   outer loop
     vertex -5.300934e+01  2.500000e+00  1.211027e+02
     vertex -4.400000e+01  2.500000e+00  1.005000e+02
     vertex -5.306214e+01  2.500000e+00  1.210488e+02
   endloop
 endfacet
 facet normal  0.000000e+00  1.000000e+00  0.000000e+00
   outer loop
     vertex -5.685594e+01  2.500000e+00  1.250293e+02
     vertex -5.691091e+01  2.500000e+00  1.249776e+02
     vertex -9.000000e+01  2.500000e+00  1.300000e+02
   endloop
 endfacet
 facet normal  0.000000e+00  1.000000e+00  0.000000e+00
   outer loop
     vertex -5.679957e+01  2.500000e+00  1.250794e+02
     vertex -5.685594e+01  2.500000e+00  1.250293e+02
     vertex -9.000000e+01  2.500000e+00  1.300000e+02
   endloop
 endfacet
 facet normal  0.000000e+00  1.000000e+00  0.000000e+00
   outer loop
     vertex -5.674185e+01  2.500000e+00  1.251280e+02
     vertex -5.679957e+01  2.500000e+00  1.250794e+02
     vertex -9.000000e+01  2.500000e+00  1.300000e+02
   endloop
 endfacet
 facet normal  0.000000e+00  1.000000e+00  0.000000e+00
   outer loop
     vertex -5.668281e+01  2.500000e+00  1.251750e+02
     vertex -5.674185e+01  2.500000e+00  1.251280e+02
     vertex -9.000000e+01  2.500000e+00  1.300000e+02
   endloop
 endfacet
 facet normal  0.000000e+00  1.000000e+00  0.000000e+00
   outer loop
     vertex -5.662251e+01  2.500000e+00  1.252204e+02
     vertex -5.668281e+01  2.500000e+00  1.251750e+02
     vertex -9.000000e+01  2.500000e+00  1.300000e+02
   endloop
 endfacet
 facet normal  0.000000e+00  1.000000e+00  0.000000e+00
   outer loop
     vertex -5.656098e+01  2.500000e+00  1.252640e+02
     vertex -5.662251e+01  2.500000e+00  1.252204e+02
     vertex -9.000000e+01  2.500000e+00  1.300000e+02
   endloop
 endfacet
 facet normal  0.000000e+00  1.000000e+00  0.000000e+00
   outer loop
     vertex -5.649828e+01  2.500000e+00  1.253060e+02
     vertex -5.656098e+01  2.500000e+00  1.252640e+02
     vertex -9.000000e+01  2.500000e+00  1.300000e+02
   endloop
 endfacet
 facet normal  0.000000e+00  1.000000e+00  0.000000e+00
   outer loop
     vertex -5.643446e+01  2.500000e+00  1.253462e+02
     vertex -5.649828e+01  2.500000e+00  1.253060e+02
     vertex -9.000000e+01  2.500000e+00  1.300000e+02
   endloop
 endfacet
 facet normal  0.000000e+00  1.000000e+00  0.000000e+00
   outer loop
     vertex -5.636955e+01  2.500000e+00  1.253847e+02
     vertex -5.643446e+01  2.500000e+00  1.253462e+02
     vertex -9.000000e+01  2.500000e+00  1.300000e+02
   endloop
 endfacet
 facet normal  0.000000e+00  1.000000e+00  0.000000e+00
   outer loop
     vertex -5.630361e+01  2.500000e+00  1.254214e+02
     vertex -5.636955e+01  2.500000e+00  1.253847e+02
     vertex -9.000000e+01  2.500000e+00  1.300000e+02
   endloop
 endfacet
 facet normal  0.000000e+00  1.000000e+00  0.000000e+00
   outer loop
     vertex -5.623669e+01  2.500000e+00  1.254562e+02
     vertex -5.630361e+01  2.500000e+00  1.254214e+02
     vertex -9.000000e+01  2.500000e+00  1.300000e+02
   endloop
 endfacet
 facet normal  0.000000e+00  1.000000e+00  0.000000e+00
   outer loop
     vertex -5.616884e+01  2.500000e+00  1.254892e+02
     vertex -5.623669e+01  2.500000e+00  1.254562e+02
     vertex -9.000000e+01  2.500000e+00  1.300000e+02
   endloop
 endfacet
 facet normal  0.000000e+00  1.000000e+00  0.000000e+00
   outer loop
     vertex -5.610011e+01  2.500000e+00  1.255204e+02
     vertex -5.616884e+01  2.500000e+00  1.254892e+02
     vertex -9.000000e+01  2.500000e+00  1.300000e+02
   endloop
 endfacet
 facet normal  0.000000e+00  1.000000e+00  0.000000e+00
   outer loop
     vertex -5.603056e+01  2.500000e+00  1.255496e+02
     vertex -5.610011e+01  2.500000e+00  1.255204e+02
     vertex -9.000000e+01  2.500000e+00  1.300000e+02
   endloop
 endfacet
 facet normal  0.000000e+00  1.000000e+00  0.000000e+00
   outer loop
     vertex -5.596022e+01  2.500000e+00  1.255769e+02
     vertex -5.603056e+01  2.500000e+00  1.255496e+02
     vertex -9.000000e+01  2.500000e+00  1.300000e+02
   endloop
 endfacet
 facet normal  0.000000e+00  1.000000e+00  0.000000e+00
   outer loop
     vertex -5.588917e+01  2.500000e+00  1.256023e+02
     vertex -5.596022e+01  2.500000e+00  1.255769e+02
     vertex -9.000000e+01  2.500000e+00  1.300000e+02
   endloop
 endfacet
 facet normal  0.000000e+00  1.000000e+00  0.000000e+00
   outer loop
     vertex -5.581744e+01  2.500000e+00  1.256257e+02
     vertex -5.588917e+01  2.500000e+00  1.256023e+02
     vertex -9.000000e+01  2.500000e+00  1.300000e+02
   endloop
 endfacet
 facet normal  0.000000e+00  1.000000e+00  0.000000e+00
   outer loop
     vertex -5.574510e+01  2.500000e+00  1.256471e+02
     vertex -5.581744e+01  2.500000e+00  1.256257e+02
     vertex -9.000000e+01  2.500000e+00  1.300000e+02
   endloop
 endfacet
 facet normal  0.000000e+00  1.000000e+00  0.000000e+00
   outer loop
     vertex -5.567220e+01  2.500000e+00  1.256666e+02
     vertex -5.574510e+01  2.500000e+00  1.256471e+02
     vertex -9.000000e+01  2.500000e+00  1.300000e+02
   endloop
 endfacet
 facet normal  0.000000e+00  1.000000e+00  0.000000e+00
   outer loop
     vertex -5.559879e+01  2.500000e+00  1.256840e+02
     vertex -5.567220e+01  2.500000e+00  1.256666e+02
     vertex -9.000000e+01  2.500000e+00  1.300000e+02
   endloop
 endfacet
 facet normal  0.000000e+00  1.000000e+00  0.000000e+00
   outer loop
     vertex -5.552493e+01  2.500000e+00  1.256994e+02
     vertex -5.559879e+01  2.500000e+00  1.256840e+02
     vertex -9.000000e+01  2.500000e+00  1.300000e+02
   endloop
 endfacet
 facet normal  0.000000e+00  1.000000e+00  0.000000e+00
   outer loop
     vertex -5.545068e+01  2.500000e+00  1.257128e+02
     vertex -5.552493e+01  2.500000e+00  1.256994e+02
     vertex -9.000000e+01  2.500000e+00  1.300000e+02
   endloop
 endfacet
 facet normal  0.000000e+00  1.000000e+00  0.000000e+00
   outer loop
     vertex -5.537608e+01  2.500000e+00  1.257242e+02
     vertex -5.545068e+01  2.500000e+00  1.257128e+02
     vertex -9.000000e+01  2.500000e+00  1.300000e+02
   endloop
 endfacet
 facet normal  0.000000e+00  1.000000e+00  0.000000e+00
   outer loop
     vertex -5.530121e+01  2.500000e+00  1.257335e+02
     vertex -5.537608e+01  2.500000e+00  1.257242e+02
     vertex -9.000000e+01  2.500000e+00  1.300000e+02
   endloop
 endfacet
 facet normal  0.000000e+00  1.000000e+00  0.000000e+00
   outer loop
     vertex -5.522610e+01  2.500000e+00  1.257407e+02
     vertex -5.530121e+01  2.500000e+00  1.257335e+02
     vertex -9.000000e+01  2.500000e+00  1.300000e+02
   endloop
 endfacet
 facet normal  0.000000e+00  1.000000e+00  0.000000e+00
   outer loop
     vertex -5.515083e+01  2.500000e+00  1.257459e+02
     vertex -5.522610e+01  2.500000e+00  1.257407e+02
     vertex -9.000000e+01  2.500000e+00  1.300000e+02
   endloop
 endfacet
 facet normal  0.000000e+00  1.000000e+00  0.000000e+00
   outer loop
     vertex -5.507544e+01  2.500000e+00  1.257490e+02
     vertex -5.515083e+01  2.500000e+00  1.257459e+02
     vertex -9.000000e+01  2.500000e+00  1.300000e+02
   endloop
 endfacet
 facet normal  0.000000e+00  1.000000e+00  0.000000e+00
   outer loop
     vertex -5.500000e+01  2.500000e+00  1.257500e+02
     vertex -5.507544e+01  2.500000e+00  1.257490e+02
     vertex -9.000000e+01  2.500000e+00  1.300000e+02
   endloop
 endfacet
 facet normal  0.000000e+00  1.000000e+00  0.000000e+00
   outer loop
     vertex -5.492456e+01  2.500000e+00  1.257490e+02
     vertex -5.500000e+01  2.500000e+00  1.257500e+02
     vertex -9.000000e+01  2.500000e+00  1.300000e+02
   endloop
 endfacet
 facet normal  0.000000e+00  1.000000e+00  0.000000e+00
   outer loop
     vertex  1.400000e+01  2.500000e+00  7.050000e+01
     vertex -1.400000e+01  2.500000e+00  5.150000e+01
     vertex -1.400000e+01  2.500000e+00  7.050000e+01
   endloop
 endfacet
 facet normal  0.000000e+00  1.000000e+00  0.000000e+00
   outer loop
     vertex  1.400000e+01  2.500000e+00  7.050000e+01
     vertex  1.400000e+01  2.500000e+00  5.150000e+01
     vertex -1.400000e+01  2.500000e+00  5.150000e+01
   endloop
 endfacet
 facet normal  0.000000e+00  1.000000e+00  0.000000e+00
   outer loop
     vertex -3.499066e+01  2.500000e+00  1.211027e+02
     vertex -5.300934e+01  2.500000e+00  1.211027e+02
     vertex -5.295804e+01  2.500000e+00  1.211580e+02
   endloop
 endfacet
 facet normal -1.521251e-17  1.000000e+00 -1.490264e-17
   outer loop
     vertex -3.499066e+01  2.500000e+00  1.211027e+02
     vertex -3.493786e+01  2.500000e+00  1.210488e+02
     vertex -4.400000e+01  2.500000e+00  1.005000e+02
   endloop
 endfacet
 facet normal  3.399958e-32  1.000000e+00 -2.155491e-17
   outer loop
     vertex -3.499066e+01  2.500000e+00  1.211027e+02
     vertex -4.400000e+01  2.500000e+00  1.005000e+02
     vertex -5.300934e+01  2.500000e+00  1.211027e+02
   endloop
 endfacet
 facet normal -1.464285e-17  1.000000e+00 -1.515386e-17
   outer loop
     vertex -3.488360e+01  2.500000e+00  1.209964e+02
     vertex -4.400000e+01  2.500000e+00  1.005000e+02
     vertex -3.493786e+01  2.500000e+00  1.210488e+02
   endloop
 endfacet
 facet normal  0.000000e+00  1.000000e+00  0.000000e+00
   outer loop
     vertex -3.504196e+01  2.500000e+00  1.211580e+02
     vertex -3.499066e+01  2.500000e+00  1.211027e+02
     vertex -5.295804e+01  2.500000e+00  1.211580e+02
   endloop
 endfacet
 facet normal -1.408596e-17  1.000000e+00 -1.540156e-17
   outer loop
     vertex -3.482793e+01  2.500000e+00  1.209454e+02
     vertex -4.400000e+01  2.500000e+00  1.005000e+02
     vertex -3.488360e+01  2.500000e+00  1.209964e+02
   endloop
 endfacet
 facet normal  0.000000e+00  1.000000e+00  0.000000e+00
   outer loop
     vertex -3.509173e+01  2.500000e+00  1.212147e+02
     vertex -3.504196e+01  2.500000e+00  1.211580e+02
     vertex -5.295804e+01  2.500000e+00  1.211580e+02
   endloop
 endfacet
 facet normal  0.000000e+00  1.000000e+00  0.000000e+00
   outer loop
     vertex -3.509173e+01  2.500000e+00  1.212147e+02
     vertex -5.290827e+01  2.500000e+00  1.212147e+02
     vertex -5.286008e+01  2.500000e+00  1.212728e+02
   endloop
 endfacet
 facet normal  0.000000e+00  1.000000e+00  0.000000e+00
   outer loop
     vertex -3.509173e+01  2.500000e+00  1.212147e+02
     vertex -5.295804e+01  2.500000e+00  1.211580e+02
     vertex -5.290827e+01  2.500000e+00  1.212147e+02
   endloop
 endfacet
 facet normal -1.354049e-17  1.000000e+00 -1.564626e-17
   outer loop
     vertex -3.477088e+01  2.500000e+00  1.208961e+02
     vertex -4.400000e+01  2.500000e+00  1.005000e+02
     vertex -3.482793e+01  2.500000e+00  1.209454e+02
   endloop
 endfacet
 facet normal  0.000000e+00  1.000000e+00  0.000000e+00
   outer loop
     vertex -3.513992e+01  2.500000e+00  1.212728e+02
     vertex -3.509173e+01  2.500000e+00  1.212147e+02
     vertex -5.286008e+01  2.500000e+00  1.212728e+02
   endloop
 endfacet
 facet normal -1.300518e-17  1.000000e+00 -1.588849e-17
   outer loop
     vertex -3.471249e+01  2.500000e+00  1.208483e+02
     vertex -4.400000e+01  2.500000e+00  1.005000e+02
     vertex -3.477088e+01  2.500000e+00  1.208961e+02
   endloop
 endfacet
 facet normal  0.000000e+00  1.000000e+00  0.000000e+00
   outer loop
     vertex -3.518650e+01  2.500000e+00  1.213321e+02
     vertex -3.513992e+01  2.500000e+00  1.212728e+02
     vertex -5.286008e+01  2.500000e+00  1.212728e+02
   endloop
 endfacet
 facet normal  0.000000e+00  1.000000e+00  0.000000e+00
   outer loop
     vertex -3.518650e+01  2.500000e+00  1.213321e+02
     vertex -5.286008e+01  2.500000e+00  1.212728e+02
     vertex -5.281350e+01  2.500000e+00  1.213321e+02
   endloop
 endfacet
 facet normal -1.247885e-17  1.000000e+00 -1.612872e-17
   outer loop
     vertex -3.465281e+01  2.500000e+00  1.208021e+02
     vertex -4.400000e+01  2.500000e+00  1.005000e+02
     vertex -3.471249e+01  2.500000e+00  1.208483e+02
   endloop
 endfacet
 facet normal  0.000000e+00  1.000000e+00  0.000000e+00
   outer loop
     vertex -3.523143e+01  2.500000e+00  1.213928e+02
     vertex -3.518650e+01  2.500000e+00  1.213321e+02
     vertex -5.281350e+01  2.500000e+00  1.213321e+02
   endloop
 endfacet
 facet normal  0.000000e+00  1.000000e+00  0.000000e+00
   outer loop
     vertex -3.523143e+01  2.500000e+00  1.213928e+02
     vertex -5.276857e+01  2.500000e+00  1.213928e+02
     vertex -5.272532e+01  2.500000e+00  1.214546e+02
   endloop
 endfacet
 facet normal  0.000000e+00  1.000000e+00  0.000000e+00
   outer loop
     vertex -3.523143e+01  2.500000e+00  1.213928e+02
     vertex -5.281350e+01  2.500000e+00  1.213321e+02
     vertex -5.276857e+01  2.500000e+00  1.213928e+02
   endloop
 endfacet
 facet normal -1.196038e-17  1.000000e+00 -1.636742e-17
   outer loop
     vertex -3.459190e+01  2.500000e+00  1.207576e+02
     vertex -4.400000e+01  2.500000e+00  1.005000e+02
     vertex -3.465281e+01  2.500000e+00  1.208021e+02
   endloop
 endfacet
 facet normal  0.000000e+00  1.000000e+00  0.000000e+00
   outer loop
     vertex -3.527468e+01  2.500000e+00  1.214546e+02
     vertex -3.523143e+01  2.500000e+00  1.213928e+02
     vertex -5.272532e+01  2.500000e+00  1.214546e+02
   endloop
 endfacet
 facet normal -1.144871e-17  1.000000e+00 -1.660506e-17
   outer loop
     vertex -3.452978e+01  2.500000e+00  1.207148e+02
     vertex -4.400000e+01  2.500000e+00  1.005000e+02
     vertex -3.459190e+01  2.500000e+00  1.207576e+02
   endloop
 endfacet
 facet normal  0.000000e+00  1.000000e+00  0.000000e+00
   outer loop
     vertex -3.531622e+01  2.500000e+00  1.215176e+02
     vertex -3.527468e+01  2.500000e+00  1.214546e+02
     vertex -5.272532e+01  2.500000e+00  1.214546e+02
   endloop
 endfacet
 facet normal  0.000000e+00  1.000000e+00  0.000000e+00
   outer loop
     vertex -3.531622e+01  2.500000e+00  1.215176e+02
     vertex -5.272532e+01  2.500000e+00  1.214546e+02
     vertex -5.268378e+01  2.500000e+00  1.215176e+02
   endloop
 endfacet
 facet normal -1.094283e-17  1.000000e+00 -1.684205e-17
   outer loop
     vertex -3.446651e+01  2.500000e+00  1.206737e+02
     vertex -4.400000e+01  2.500000e+00  1.005000e+02
     vertex -3.452978e+01  2.500000e+00  1.207148e+02
   endloop
 endfacet
 facet normal  0.000000e+00  1.000000e+00  0.000000e+00
   outer loop
     vertex -3.535602e+01  2.500000e+00  1.215817e+02
     vertex -3.531622e+01  2.500000e+00  1.215176e+02
     vertex -5.268378e+01  2.500000e+00  1.215176e+02
   endloop
 endfacet
 facet normal  0.000000e+00  1.000000e+00  0.000000e+00
   outer loop
     vertex -3.535602e+01  2.500000e+00  1.215817e+02
     vertex -5.264398e+01  2.500000e+00  1.215817e+02
     vertex -5.260595e+01  2.500000e+00  1.216468e+02
   endloop
 endfacet
 facet normal  0.000000e+00  1.000000e+00  0.000000e+00
   outer loop
     vertex -3.535602e+01  2.500000e+00  1.215817e+02
     vertex -5.268378e+01  2.500000e+00  1.215176e+02
     vertex -5.264398e+01  2.500000e+00  1.215817e+02
   endloop
 endfacet
 facet normal -1.044177e-17  1.000000e+00 -1.707884e-17
   outer loop
     vertex -3.440214e+01  2.500000e+00  1.206343e+02
     vertex -4.400000e+01  2.500000e+00  1.005000e+02
     vertex -3.446651e+01  2.500000e+00  1.206737e+02
   endloop
 endfacet
 facet normal  0.000000e+00  1.000000e+00  0.000000e+00
   outer loop
     vertex -3.539405e+01  2.500000e+00  1.216468e+02
     vertex -3.535602e+01  2.500000e+00  1.215817e+02
     vertex -5.260595e+01  2.500000e+00  1.216468e+02
   endloop
 endfacet
 facet normal -9.944586e-18  1.000000e+00 -1.731584e-17
   outer loop
     vertex -3.433671e+01  2.500000e+00  1.205967e+02
     vertex -4.400000e+01  2.500000e+00  1.005000e+02
     vertex -3.440214e+01  2.500000e+00  1.206343e+02
   endloop
 endfacet
 facet normal  0.000000e+00  1.000000e+00  0.000000e+00
   outer loop
     vertex -3.543027e+01  2.500000e+00  1.217130e+02
     vertex -3.539405e+01  2.500000e+00  1.216468e+02
     vertex -5.260595e+01  2.500000e+00  1.216468e+02
   endloop
 endfacet
 facet normal  0.000000e+00  1.000000e+00  0.000000e+00
   outer loop
     vertex -3.543027e+01  2.500000e+00  1.217130e+02
     vertex -5.256973e+01  2.500000e+00  1.217130e+02
     vertex -5.253534e+01  2.500000e+00  1.217802e+02
   endloop
 endfacet
 facet normal  0.000000e+00  1.000000e+00  0.000000e+00
   outer loop
     vertex -3.543027e+01  2.500000e+00  1.217130e+02
     vertex -5.260595e+01  2.500000e+00  1.216468e+02
     vertex -5.256973e+01  2.500000e+00  1.217130e+02
   endloop
 endfacet
 facet normal -9.450368e-18  1.000000e+00 -1.755348e-17
   outer loop
     vertex -3.427027e+01  2.500000e+00  1.205610e+02
     vertex -4.400000e+01  2.500000e+00  1.005000e+02
     vertex -3.433671e+01  2.500000e+00  1.205967e+02
   endloop
 endfacet
 facet normal  0.000000e+00  1.000000e+00  0.000000e+00
   outer loop
     vertex -3.546466e+01  2.500000e+00  1.217802e+02
     vertex -3.543027e+01  2.500000e+00  1.217130e+02
     vertex -5.253534e+01  2.500000e+00  1.217802e+02
   endloop
 endfacet
 facet normal  0.000000e+00  1.000000e+00  0.000000e+00
   outer loop
     vertex -3.546466e+01  2.500000e+00  1.217802e+02
     vertex -5.253534e+01  2.500000e+00  1.217802e+02
     vertex -5.250280e+01  2.500000e+00  1.218483e+02
   endloop
 endfacet
 facet normal -8.958219e-18  1.000000e+00 -1.779218e-17
   outer loop
     vertex -3.420288e+01  2.500000e+00  1.205270e+02
     vertex -4.400000e+01  2.500000e+00  1.005000e+02
     vertex -3.427027e+01  2.500000e+00  1.205610e+02
   endloop
 endfacet
 facet normal  0.000000e+00  1.000000e+00  0.000000e+00
   outer loop
     vertex -3.549720e+01  2.500000e+00  1.218483e+02
     vertex -3.546466e+01  2.500000e+00  1.217802e+02
     vertex -5.250280e+01  2.500000e+00  1.218483e+02
   endloop
 endfacet
 facet normal  0.000000e+00  1.000000e+00  0.000000e+00
   outer loop
     vertex -3.549720e+01  2.500000e+00  1.218483e+02
     vertex -5.250280e+01  2.500000e+00  1.218483e+02
     vertex -5.247215e+01  2.500000e+00  1.219172e+02
   endloop
 endfacet
 facet normal -8.467258e-18  1.000000e+00 -1.803235e-17
   outer loop
     vertex -3.413459e+01  2.500000e+00  1.204950e+02
     vertex -4.400000e+01  2.500000e+00  1.005000e+02
     vertex -3.420288e+01  2.500000e+00  1.205270e+02
   endloop
 endfacet
 facet normal  0.000000e+00  1.000000e+00  0.000000e+00
   outer loop
     vertex -3.552785e+01  2.500000e+00  1.219172e+02
     vertex -3.549720e+01  2.500000e+00  1.218483e+02
     vertex -5.247215e+01  2.500000e+00  1.219172e+02
   endloop
 endfacet
 facet normal -7.976608e-18  1.000000e+00 -1.827444e-17
   outer loop
     vertex -3.406544e+01  2.500000e+00  1.204648e+02
     vertex -4.400000e+01  2.500000e+00  1.005000e+02
     vertex -3.413459e+01  2.500000e+00  1.204950e+02
   endloop
 endfacet
 facet normal  0.000000e+00  1.000000e+00  0.000000e+00
   outer loop
     vertex -3.555661e+01  2.500000e+00  1.219870e+02
     vertex -3.552785e+01  2.500000e+00  1.219172e+02
     vertex -5.247215e+01  2.500000e+00  1.219172e+02
   endloop
 endfacet
 facet normal  0.000000e+00  1.000000e+00  0.000000e+00
   outer loop
     vertex -3.555661e+01  2.500000e+00  1.219870e+02
     vertex -5.247215e+01  2.500000e+00  1.219172e+02
     vertex -5.244339e+01  2.500000e+00  1.219870e+02
   endloop
 endfacet
 facet normal -7.485392e-18  1.000000e+00 -1.851887e-17
   outer loop
     vertex -3.399548e+01  2.500000e+00  1.204365e+02
     vertex -4.400000e+01  2.500000e+00  1.005000e+02
     vertex -3.406544e+01  2.500000e+00  1.204648e+02
   endloop
 endfacet
 facet normal  0.000000e+00  1.000000e+00  0.000000e+00
   outer loop
     vertex -3.558344e+01  2.500000e+00  1.220575e+02
     vertex -3.555661e+01  2.500000e+00  1.219870e+02
     vertex -5.244339e+01  2.500000e+00  1.219870e+02
   endloop
 endfacet
 facet normal  0.000000e+00  1.000000e+00  0.000000e+00
   outer loop
     vertex -3.558344e+01  2.500000e+00  1.220575e+02
     vertex -5.241656e+01  2.500000e+00  1.220575e+02
     vertex -5.239168e+01  2.500000e+00  1.221287e+02
   endloop
 endfacet
 facet normal  0.000000e+00  1.000000e+00  0.000000e+00
   outer loop
     vertex -3.558344e+01  2.500000e+00  1.220575e+02
     vertex -5.244339e+01  2.500000e+00  1.219870e+02
     vertex -5.241656e+01  2.500000e+00  1.220575e+02
   endloop
 endfacet
 facet normal -6.992728e-18  1.000000e+00 -1.876610e-17
   outer loop
     vertex -3.392478e+01  2.500000e+00  1.204102e+02
     vertex -4.400000e+01  2.500000e+00  1.005000e+02
     vertex -3.399548e+01  2.500000e+00  1.204365e+02
   endloop
 endfacet
 facet normal  0.000000e+00  1.000000e+00  0.000000e+00
   outer loop
     vertex -3.560832e+01  2.500000e+00  1.221287e+02
     vertex -3.558344e+01  2.500000e+00  1.220575e+02
     vertex -5.239168e+01  2.500000e+00  1.221287e+02
   endloop
 endfacet
 facet normal -6.497720e-18  1.000000e+00 -1.901659e-17
   outer loop
     vertex -3.385338e+01  2.500000e+00  1.203858e+02
     vertex -4.400000e+01  2.500000e+00  1.005000e+02
     vertex -3.392478e+01  2.500000e+00  1.204102e+02
   endloop
 endfacet
 facet normal  0.000000e+00  1.000000e+00  0.000000e+00
   outer loop
     vertex -3.563124e+01  2.500000e+00  1.222006e+02
     vertex -5.239168e+01  2.500000e+00  1.221287e+02
     vertex -5.236876e+01  2.500000e+00  1.222006e+02
   endloop
 endfacet
 facet normal  0.000000e+00  1.000000e+00  0.000000e+00
   outer loop
     vertex -3.563124e+01  2.500000e+00  1.222006e+02
     vertex -3.560832e+01  2.500000e+00  1.221287e+02
     vertex -5.239168e+01  2.500000e+00  1.221287e+02
   endloop
 endfacet
 facet normal -5.999455e-18  1.000000e+00 -1.927082e-17
   outer loop
     vertex -3.378134e+01  2.500000e+00  1.203633e+02
     vertex -4.400000e+01  2.500000e+00  1.005000e+02
     vertex -3.385338e+01  2.500000e+00  1.203858e+02
   endloop
 endfacet
 facet normal  0.000000e+00  1.000000e+00  0.000000e+00
   outer loop
     vertex -3.565218e+01  2.500000e+00  1.222731e+02
     vertex -5.236876e+01  2.500000e+00  1.222006e+02
     vertex -5.234782e+01  2.500000e+00  1.222731e+02
   endloop
 endfacet
 facet normal  0.000000e+00  1.000000e+00  0.000000e+00
   outer loop
     vertex -3.565218e+01  2.500000e+00  1.222731e+02
     vertex -3.563124e+01  2.500000e+00  1.222006e+02
     vertex -5.236876e+01  2.500000e+00  1.222006e+02
   endloop
 endfacet
 facet normal -5.496992e-18  1.000000e+00 -1.952932e-17
   outer loop
     vertex -3.370872e+01  2.500000e+00  1.203429e+02
     vertex -4.400000e+01  2.500000e+00  1.005000e+02
     vertex -3.378134e+01  2.500000e+00  1.203633e+02
   endloop
 endfacet
 facet normal  0.000000e+00  1.000000e+00  0.000000e+00
   outer loop
     vertex -3.567113e+01  2.500000e+00  1.223461e+02
     vertex -3.565218e+01  2.500000e+00  1.222731e+02
     vertex -5.234782e+01  2.500000e+00  1.222731e+02
   endloop
 endfacet
 facet normal  0.000000e+00  1.000000e+00  0.000000e+00
   outer loop
     vertex -3.567113e+01  2.500000e+00  1.223461e+02
     vertex -5.234782e+01  2.500000e+00  1.222731e+02
     vertex -5.232887e+01  2.500000e+00  1.223461e+02
   endloop
 endfacet
 facet normal -4.989360e-18  1.000000e+00 -1.979259e-17
   outer loop
     vertex -3.363555e+01  2.500000e+00  1.203244e+02
     vertex -4.400000e+01  2.500000e+00  1.005000e+02
     vertex -3.370872e+01  2.500000e+00  1.203429e+02
   endloop
 endfacet
 facet normal  0.000000e+00  1.000000e+00  0.000000e+00
   outer loop
     vertex -3.568806e+01  2.500000e+00  1.224196e+02
     vertex -3.567113e+01  2.500000e+00  1.223461e+02
     vertex -5.232887e+01  2.500000e+00  1.223461e+02
   endloop
 endfacet
 facet normal  0.000000e+00  1.000000e+00  0.000000e+00
   outer loop
     vertex -3.568806e+01  2.500000e+00  1.224196e+02
     vertex -5.231194e+01  2.500000e+00  1.224196e+02
     vertex -5.229703e+01  2.500000e+00  1.224936e+02
   endloop
 endfacet
 facet normal  0.000000e+00  1.000000e+00  0.000000e+00
   outer loop
     vertex -3.568806e+01  2.500000e+00  1.224196e+02
     vertex -5.232887e+01  2.500000e+00  1.223461e+02
     vertex -5.231194e+01  2.500000e+00  1.224196e+02
   endloop
 endfacet
 facet normal -4.475546e-18  1.000000e+00 -2.006122e-17
   outer loop
     vertex -3.356191e+01  2.500000e+00  1.203080e+02
     vertex -4.400000e+01  2.500000e+00  1.005000e+02
     vertex -3.363555e+01  2.500000e+00  1.203244e+02
   endloop
 endfacet
 facet normal  0.000000e+00  1.000000e+00  0.000000e+00
   outer loop
     vertex -3.570297e+01  2.500000e+00  1.224936e+02
     vertex -3.568806e+01  2.500000e+00  1.224196e+02
     vertex -5.229703e+01  2.500000e+00  1.224936e+02
   endloop
 endfacet
 facet normal -3.954487e-18  1.000000e+00 -2.033580e-17
   outer loop
     vertex -3.348785e+01  2.500000e+00  1.202936e+02
     vertex -4.400000e+01  2.500000e+00  1.005000e+02
     vertex -3.356191e+01  2.500000e+00  1.203080e+02
   endloop
 endfacet
 facet normal  0.000000e+00  1.000000e+00  0.000000e+00
   outer loop
     vertex -3.571585e+01  2.500000e+00  1.225679e+02
     vertex -3.570297e+01  2.500000e+00  1.224936e+02
     vertex -5.229703e+01  2.500000e+00  1.224936e+02
   endloop
 endfacet
 facet normal  0.000000e+00  1.000000e+00  0.000000e+00
   outer loop
     vertex -3.571585e+01  2.500000e+00  1.225679e+02
     vertex -5.229703e+01  2.500000e+00  1.224936e+02
     vertex -5.228415e+01  2.500000e+00  1.225679e+02
   endloop
 endfacet
 facet normal -3.425065e-18  1.000000e+00 -2.061697e-17
   outer loop
     vertex -3.341342e+01  2.500000e+00  1.202813e+02
     vertex -4.400000e+01  2.500000e+00  1.005000e+02
     vertex -3.348785e+01  2.500000e+00  1.202936e+02
   endloop
 endfacet
 facet normal  0.000000e+00  1.000000e+00  0.000000e+00
   outer loop
     vertex -3.572668e+01  2.500000e+00  1.226426e+02
     vertex -3.571585e+01  2.500000e+00  1.225679e+02
     vertex -5.228415e+01  2.500000e+00  1.225679e+02
   endloop
 endfacet
 facet normal  0.000000e+00  1.000000e+00  0.000000e+00
   outer loop
     vertex -3.572668e+01  2.500000e+00  1.226426e+02
     vertex -5.228415e+01  2.500000e+00  1.225679e+02
     vertex -5.227332e+01  2.500000e+00  1.226426e+02
   endloop
 endfacet
 facet normal -2.886090e-18  1.000000e+00 -2.090542e-17
   outer loop
     vertex -3.333868e+01  2.500000e+00  1.202709e+02
     vertex -4.400000e+01  2.500000e+00  1.005000e+02
     vertex -3.341342e+01  2.500000e+00  1.202813e+02
   endloop
 endfacet
 facet normal  0.000000e+00  1.000000e+00  0.000000e+00
   outer loop
     vertex -3.573546e+01  2.500000e+00  1.227175e+02
     vertex -3.572668e+01  2.500000e+00  1.226426e+02
     vertex -5.227332e+01  2.500000e+00  1.226426e+02
   endloop
 endfacet
 facet normal  0.000000e+00  1.000000e+00  0.000000e+00
   outer loop
     vertex -3.573546e+01  2.500000e+00  1.227175e+02
     vertex -5.227332e+01  2.500000e+00  1.226426e+02
     vertex -5.226454e+01  2.500000e+00  1.227175e+02
   endloop
 endfacet
 facet normal -2.336295e-18  1.000000e+00 -2.120189e-17
   outer loop
     vertex -3.326368e+01  2.500000e+00  1.202627e+02
     vertex -4.400000e+01  2.500000e+00  1.005000e+02
     vertex -3.333868e+01  2.500000e+00  1.202709e+02
   endloop
 endfacet
 facet normal  0.000000e+00  1.000000e+00  0.000000e+00
   outer loop
     vertex -3.574218e+01  2.500000e+00  1.227927e+02
     vertex -3.573546e+01  2.500000e+00  1.227175e+02
     vertex -5.226454e+01  2.500000e+00  1.227175e+02
   endloop
 endfacet
 facet normal  0.000000e+00  1.000000e+00  0.000000e+00
   outer loop
     vertex -3.574218e+01  2.500000e+00  1.227927e+02
     vertex -5.225782e+01  2.500000e+00  1.227927e+02
     vertex -5.225317e+01  2.500000e+00  1.228680e+02
   endloop
 endfacet
 facet normal  0.000000e+00  1.000000e+00  0.000000e+00
   outer loop
     vertex -3.574218e+01  2.500000e+00  1.227927e+02
     vertex -5.226454e+01  2.500000e+00  1.227175e+02
     vertex -5.225782e+01  2.500000e+00  1.227927e+02
   endloop
 endfacet
 facet normal -1.774319e-18  1.000000e+00 -2.150719e-17
   outer loop
     vertex -3.318848e+01  2.500000e+00  1.202565e+02
     vertex -4.400000e+01  2.500000e+00  1.005000e+02
     vertex -3.326368e+01  2.500000e+00  1.202627e+02
   endloop
 endfacet
 facet normal  0.000000e+00  1.000000e+00  0.000000e+00
   outer loop
     vertex -3.574683e+01  2.500000e+00  1.228680e+02
     vertex -3.574218e+01  2.500000e+00  1.227927e+02
     vertex -5.225317e+01  2.500000e+00  1.228680e+02
   endloop
 endfacet
 facet normal  0.000000e+00  1.000000e+00  0.000000e+00
   outer loop
     vertex -3.574683e+01  2.500000e+00  1.228680e+02
     vertex -5.225317e+01  2.500000e+00  1.228680e+02
     vertex -5.225058e+01  2.500000e+00  1.229434e+02
   endloop
 endfacet
 facet normal -1.198696e-18  1.000000e+00 -2.182220e-17
   outer loop
     vertex -3.311315e+01  2.500000e+00  1.202523e+02
     vertex -4.400000e+01  2.500000e+00  1.005000e+02
     vertex -3.318848e+01  2.500000e+00  1.202565e+02
   endloop
 endfacet
 facet normal  0.000000e+00  1.000000e+00  0.000000e+00
   outer loop
     vertex -3.574942e+01  2.500000e+00  1.229434e+02
     vertex -3.574683e+01  2.500000e+00  1.228680e+02
     vertex -5.225058e+01  2.500000e+00  1.229434e+02
   endloop
 endfacet
 facet normal -6.078342e-19  1.000000e+00 -2.214786e-17
   outer loop
     vertex -3.303773e+01  2.500000e+00  1.202503e+02
     vertex -4.400000e+01  2.500000e+00  1.005000e+02
     vertex -3.311315e+01  2.500000e+00  1.202523e+02
   endloop
 endfacet
 facet normal  0.000000e+00  1.000000e+00  0.000000e+00
   outer loop
     vertex -3.574994e+01  2.500000e+00  1.230189e+02
     vertex -3.574942e+01  2.500000e+00  1.229434e+02
     vertex -5.225058e+01  2.500000e+00  1.229434e+02
   endloop
 endfacet
 facet normal  0.000000e+00  1.000000e+00  0.000000e+00
   outer loop
     vertex -3.574994e+01  2.500000e+00  1.230189e+02
     vertex -5.225058e+01  2.500000e+00  1.229434e+02
     vertex -5.225006e+01  2.500000e+00  1.230189e+02
   endloop
 endfacet
 facet normal  0.000000e+00  1.000000e+00 -2.248523e-17
   outer loop
     vertex -3.296227e+01  2.500000e+00  1.202503e+02
     vertex -4.400000e+01  2.500000e+00  1.005000e+02
     vertex -3.303773e+01  2.500000e+00  1.202503e+02
   endloop
 endfacet
 facet normal  0.000000e+00  1.000000e+00  0.000000e+00
   outer loop
     vertex -3.574838e+01  2.500000e+00  1.230943e+02
     vertex -3.574994e+01  2.500000e+00  1.230189e+02
     vertex -5.225006e+01  2.500000e+00  1.230189e+02
   endloop
 endfacet
 facet normal  0.000000e+00  1.000000e+00  0.000000e+00
   outer loop
     vertex -3.574838e+01  2.500000e+00  1.230943e+02
     vertex -5.225006e+01  2.500000e+00  1.230189e+02
     vertex -5.225162e+01  2.500000e+00  1.230943e+02
   endloop
 endfacet
 facet normal  6.267055e-19  1.000000e+00 -2.283548e-17
   outer loop
     vertex -3.288685e+01  2.500000e+00  1.202523e+02
     vertex -4.400000e+01  2.500000e+00  1.005000e+02
     vertex -3.296227e+01  2.500000e+00  1.202503e+02
   endloop
 endfacet
 facet normal  0.000000e+00  1.000000e+00  0.000000e+00
   outer loop
     vertex -3.574476e+01  2.500000e+00  1.231697e+02
     vertex -3.574838e+01  2.500000e+00  1.230943e+02
     vertex -5.225162e+01  2.500000e+00  1.230943e+02
   endloop
 endfacet
 facet normal  0.000000e+00  1.000000e+00  0.000000e+00
   outer loop
     vertex -3.574476e+01  2.500000e+00  1.231697e+02
     vertex -5.225524e+01  2.500000e+00  1.231697e+02
     vertex -5.226093e+01  2.500000e+00  1.232449e+02
   endloop
 endfacet
 facet normal  0.000000e+00  1.000000e+00  0.000000e+00
   outer loop
     vertex -3.574476e+01  2.500000e+00  1.231697e+02
     vertex -5.225162e+01  2.500000e+00  1.230943e+02
     vertex -5.225524e+01  2.500000e+00  1.231697e+02
   endloop
 endfacet
 facet normal  1.274372e-18  1.000000e+00 -2.319987e-17
   outer loop
     vertex -3.281152e+01  2.500000e+00  1.202565e+02
     vertex -4.400000e+01  2.500000e+00  1.005000e+02
     vertex -3.288685e+01  2.500000e+00  1.202523e+02
   endloop
 endfacet
 facet normal  0.000000e+00  1.000000e+00  0.000000e+00
   outer loop
     vertex -3.573907e+01  2.500000e+00  1.232449e+02
     vertex -3.574476e+01  2.500000e+00  1.231697e+02
     vertex -5.226093e+01  2.500000e+00  1.232449e+02
   endloop
 endfacet
 facet normal  1.945310e-18  1.000000e+00 -2.357984e-17
   outer loop
     vertex -3.273632e+01  2.500000e+00  1.202627e+02
     vertex -4.400000e+01  2.500000e+00  1.005000e+02
     vertex -3.281152e+01  2.500000e+00  1.202565e+02
   endloop
 endfacet
 facet normal  0.000000e+00  1.000000e+00  0.000000e+00
   outer loop
     vertex -3.573132e+01  2.500000e+00  1.233199e+02
     vertex -3.573907e+01  2.500000e+00  1.232449e+02
     vertex -5.226093e+01  2.500000e+00  1.232449e+02
   endloop
 endfacet
 facet normal  0.000000e+00  1.000000e+00  0.000000e+00
   outer loop
     vertex -3.573132e+01  2.500000e+00  1.233199e+02
     vertex -5.226093e+01  2.500000e+00  1.232449e+02
     vertex -5.226868e+01  2.500000e+00  1.233199e+02
   endloop
 endfacet
 facet normal  2.642087e-18  1.000000e+00 -2.397696e-17
   outer loop
     vertex -3.266132e+01  2.500000e+00  1.202709e+02
     vertex -4.400000e+01  2.500000e+00  1.005000e+02
     vertex -3.273632e+01  2.500000e+00  1.202627e+02
   endloop
 endfacet
 facet normal  0.000000e+00  1.000000e+00  0.000000e+00
   outer loop
     vertex -3.572152e+01  2.500000e+00  1.233948e+02
     vertex -3.573132e+01  2.500000e+00  1.233199e+02
     vertex -5.226868e+01  2.500000e+00  1.233199e+02
   endloop
 endfacet
 facet normal  0.000000e+00  1.000000e+00  0.000000e+00
   outer loop
     vertex -3.572152e+01  2.500000e+00  1.233948e+02
     vertex -5.226868e+01  2.500000e+00  1.233199e+02
     vertex -5.227848e+01  2.500000e+00  1.233948e+02
   endloop
 endfacet
 facet normal  3.367571e-18  1.000000e+00 -2.439303e-17
   outer loop
     vertex -3.258658e+01  2.500000e+00  1.202813e+02
     vertex -4.400000e+01  2.500000e+00  1.005000e+02
     vertex -3.266132e+01  2.500000e+00  1.202709e+02
   endloop
 endfacet
 facet normal  0.000000e+00  1.000000e+00  0.000000e+00
   outer loop
     vertex -3.570966e+01  2.500000e+00  1.234693e+02
     vertex -3.572152e+01  2.500000e+00  1.233948e+02
     vertex -5.227848e+01  2.500000e+00  1.233948e+02
   endloop
 endfacet
 facet normal  0.000000e+00  1.000000e+00  0.000000e+00
   outer loop
     vertex -3.570966e+01  2.500000e+00  1.234693e+02
     vertex -5.227848e+01  2.500000e+00  1.233948e+02
     vertex -5.229034e+01  2.500000e+00  1.234693e+02
   endloop
 endfacet
 facet normal  4.124975e-18  1.000000e+00 -2.483004e-17
   outer loop
     vertex -3.251215e+01  2.500000e+00  1.202936e+02
     vertex -4.400000e+01  2.500000e+00  1.005000e+02
     vertex -3.258658e+01  2.500000e+00  1.202813e+02
   endloop
 endfacet
 facet normal  0.000000e+00  1.000000e+00  0.000000e+00
   outer loop
     vertex -3.569577e+01  2.500000e+00  1.235434e+02
     vertex -3.570966e+01  2.500000e+00  1.234693e+02
     vertex -5.229034e+01  2.500000e+00  1.234693e+02
   endloop
 endfacet
 facet normal  0.000000e+00  1.000000e+00  0.000000e+00
   outer loop
     vertex -3.569577e+01  2.500000e+00  1.235434e+02
     vertex -5.229034e+01  2.500000e+00  1.234693e+02
     vertex -5.230423e+01  2.500000e+00  1.235434e+02
   endloop
 endfacet
 facet normal  0.000000e+00  1.000000e+00 -2.241967e-17
   outer loop
     vertex -3.243809e+01  2.500000e+00  1.203080e+02
     vertex -1.400000e+01  2.500000e+00  1.005000e+02
     vertex -4.400000e+01  2.500000e+00  1.005000e+02
   endloop
 endfacet
 facet normal  4.917928e-18  1.000000e+00 -2.529025e-17
   outer loop
     vertex -3.243809e+01  2.500000e+00  1.203080e+02
     vertex -4.400000e+01  2.500000e+00  1.005000e+02
     vertex -3.251215e+01  2.500000e+00  1.202936e+02
   endloop
 endfacet
 facet normal  0.000000e+00  1.000000e+00  0.000000e+00
   outer loop
     vertex -3.567985e+01  2.500000e+00  1.236172e+02
     vertex -5.232015e+01  2.500000e+00  1.236172e+02
     vertex -5.233809e+01  2.500000e+00  1.236905e+02
   endloop
 endfacet
 facet normal  0.000000e+00  1.000000e+00  0.000000e+00
   outer loop
     vertex -3.567985e+01  2.500000e+00  1.236172e+02
     vertex -5.230423e+01  2.500000e+00  1.235434e+02
     vertex -5.232015e+01  2.500000e+00  1.236172e+02
   endloop
 endfacet
 facet normal  0.000000e+00  1.000000e+00  0.000000e+00
   outer loop
     vertex -3.567985e+01  2.500000e+00  1.236172e+02
     vertex -3.569577e+01  2.500000e+00  1.235434e+02
     vertex -5.230423e+01  2.500000e+00  1.235434e+02
   endloop
 endfacet
 facet normal  4.141630e-18  1.000000e+00 -1.856447e-17
   outer loop
     vertex -3.236445e+01  2.500000e+00  1.203244e+02
     vertex -1.400000e+01  2.500000e+00  1.005000e+02
     vertex -3.243809e+01  2.500000e+00  1.203080e+02
   endloop
 endfacet
 facet normal  0.000000e+00  1.000000e+00  0.000000e+00
   outer loop
     vertex -3.566191e+01  2.500000e+00  1.236905e+02
     vertex -3.567985e+01  2.500000e+00  1.236172e+02
     vertex -5.233809e+01  2.500000e+00  1.236905e+02
   endloop
 endfacet
 facet normal  0.000000e+00  1.000000e+00  0.000000e+00
   outer loop
     vertex -3.566191e+01  2.500000e+00  1.236905e+02
     vertex -5.233809e+01  2.500000e+00  1.236905e+02
     vertex -5.235804e+01  2.500000e+00  1.237632e+02
   endloop
 endfacet
 facet normal  4.577897e-18  1.000000e+00 -1.816034e-17
   outer loop
     vertex -3.229128e+01  2.500000e+00  1.203429e+02
     vertex -1.400000e+01  2.500000e+00  1.005000e+02
     vertex -3.236445e+01  2.500000e+00  1.203244e+02
   endloop
 endfacet
 facet normal  0.000000e+00  1.000000e+00  0.000000e+00
   outer loop
     vertex -3.564196e+01  2.500000e+00  1.237632e+02
     vertex -3.566191e+01  2.500000e+00  1.236905e+02
     vertex -5.235804e+01  2.500000e+00  1.237632e+02
   endloop
 endfacet
 facet normal  5.001699e-18  1.000000e+00 -1.776967e-17
   outer loop
     vertex -3.221866e+01  2.500000e+00  1.203633e+02
     vertex -1.400000e+01  2.500000e+00  1.005000e+02
     vertex -3.229128e+01  2.500000e+00  1.203429e+02
   endloop
 endfacet
 facet normal  0.000000e+00  1.000000e+00  0.000000e+00
   outer loop
     vertex -3.562003e+01  2.500000e+00  1.238354e+02
     vertex -5.235804e+01  2.500000e+00  1.237632e+02
     vertex -5.237997e+01  2.500000e+00  1.238354e+02
   endloop
 endfacet
 facet normal  0.000000e+00  1.000000e+00  0.000000e+00
   outer loop
     vertex -3.562003e+01  2.500000e+00  1.238354e+02
     vertex -3.564196e+01  2.500000e+00  1.237632e+02
     vertex -5.235804e+01  2.500000e+00  1.237632e+02
   endloop
 endfacet
 facet normal  5.414296e-18  1.000000e+00 -1.739124e-17
   outer loop
     vertex -3.214662e+01  2.500000e+00  1.203858e+02
     vertex -1.400000e+01  2.500000e+00  1.005000e+02
     vertex -3.221866e+01  2.500000e+00  1.203633e+02
   endloop
 endfacet
 facet normal  0.000000e+00  1.000000e+00  0.000000e+00
   outer loop
     vertex -3.559612e+01  2.500000e+00  1.239070e+02
     vertex -5.240388e+01  2.500000e+00  1.239070e+02
     vertex -5.242974e+01  2.500000e+00  1.239779e+02
   endloop
 endfacet
 facet normal  0.000000e+00  1.000000e+00  0.000000e+00
   outer loop
     vertex -3.559612e+01  2.500000e+00  1.239070e+02
     vertex -5.237997e+01  2.500000e+00  1.238354e+02
     vertex -5.240388e+01  2.500000e+00  1.239070e+02
   endloop
 endfacet
 facet normal  0.000000e+00  1.000000e+00  0.000000e+00
   outer loop
     vertex -3.559612e+01  2.500000e+00  1.239070e+02
     vertex -3.562003e+01  2.500000e+00  1.238354e+02
     vertex -5.237997e+01  2.500000e+00  1.238354e+02
   endloop
 endfacet
 facet normal  5.816844e-18  1.000000e+00 -1.702390e-17
   outer loop
     vertex -3.207522e+01  2.500000e+00  1.204102e+02
     vertex -1.400000e+01  2.500000e+00  1.005000e+02
     vertex -3.214662e+01  2.500000e+00  1.203858e+02
   endloop
 endfacet
 facet normal  0.000000e+00  1.000000e+00  0.000000e+00
   outer loop
     vertex -3.557026e+01  2.500000e+00  1.239779e+02
     vertex -5.242974e+01  2.500000e+00  1.239779e+02
     vertex -5.245753e+01  2.500000e+00  1.240480e+02
   endloop
 endfacet
 facet normal  0.000000e+00  1.000000e+00  0.000000e+00
   outer loop
     vertex -3.557026e+01  2.500000e+00  1.239779e+02
     vertex -3.559612e+01  2.500000e+00  1.239070e+02
     vertex -5.242974e+01  2.500000e+00  1.239779e+02
   endloop
 endfacet
 facet normal  6.210404e-18  1.000000e+00 -1.666661e-17
   outer loop
     vertex -3.200452e+01  2.500000e+00  1.204365e+02
     vertex -1.400000e+01  2.500000e+00  1.005000e+02
     vertex -3.207522e+01  2.500000e+00  1.204102e+02
   endloop
 endfacet
 facet normal  0.000000e+00  1.000000e+00  0.000000e+00
   outer loop
     vertex -3.554247e+01  2.500000e+00  1.240480e+02
     vertex -5.245753e+01  2.500000e+00  1.240480e+02
     vertex -5.248724e+01  2.500000e+00  1.241174e+02
   endloop
 endfacet
 facet normal  0.000000e+00  1.000000e+00  0.000000e+00
   outer loop
     vertex -3.554247e+01  2.500000e+00  1.240480e+02
     vertex -3.557026e+01  2.500000e+00  1.239779e+02
     vertex -5.245753e+01  2.500000e+00  1.240480e+02
   endloop
 endfacet
 facet normal  6.595961e-18  1.000000e+00 -1.631841e-17
   outer loop
     vertex -3.193456e+01  2.500000e+00  1.204648e+02
     vertex -1.400000e+01  2.500000e+00  1.005000e+02
     vertex -3.200452e+01  2.500000e+00  1.204365e+02
   endloop
 endfacet
 facet normal  0.000000e+00  1.000000e+00  0.000000e+00
   outer loop
     vertex -3.551276e+01  2.500000e+00  1.241174e+02
     vertex -3.554247e+01  2.500000e+00  1.240480e+02
     vertex -5.248724e+01  2.500000e+00  1.241174e+02
   endloop
 endfacet
 facet normal  6.974426e-18  1.000000e+00 -1.597843e-17
   outer loop
     vertex -3.186541e+01  2.500000e+00  1.204950e+02
     vertex -1.400000e+01  2.500000e+00  1.005000e+02
     vertex -3.193456e+01  2.500000e+00  1.204648e+02
   endloop
 endfacet
 facet normal  0.000000e+00  1.000000e+00  0.000000e+00
   outer loop
     vertex -3.548116e+01  2.500000e+00  1.241859e+02
     vertex -3.551276e+01  2.500000e+00  1.241174e+02
     vertex -5.248724e+01  2.500000e+00  1.241174e+02
   endloop
 endfacet
 facet normal  0.000000e+00  1.000000e+00  0.000000e+00
   outer loop
     vertex -3.548116e+01  2.500000e+00  1.241859e+02
     vertex -5.248724e+01  2.500000e+00  1.241174e+02
     vertex -5.251884e+01  2.500000e+00  1.241859e+02
   endloop
 endfacet
 facet normal  7.346654e-18  1.000000e+00 -1.564585e-17
   outer loop
     vertex -3.179712e+01  2.500000e+00  1.205270e+02
     vertex -1.400000e+01  2.500000e+00  1.005000e+02
     vertex -3.186541e+01  2.500000e+00  1.204950e+02
   endloop
 endfacet
 facet normal  0.000000e+00  1.000000e+00  0.000000e+00
   outer loop
     vertex -3.544769e+01  2.500000e+00  1.242535e+02
     vertex -3.548116e+01  2.500000e+00  1.241859e+02
     vertex -5.251884e+01  2.500000e+00  1.241859e+02
   endloop
 endfacet
 facet normal  0.000000e+00  1.000000e+00  0.000000e+00
   outer loop
     vertex -3.544769e+01  2.500000e+00  1.242535e+02
     vertex -5.251884e+01  2.500000e+00  1.241859e+02
     vertex -5.255231e+01  2.500000e+00  1.242535e+02
   endloop
 endfacet
 facet normal  7.713447e-18  1.000000e+00 -1.531990e-17
   outer loop
     vertex -3.172973e+01  2.500000e+00  1.205610e+02
     vertex -1.400000e+01  2.500000e+00  1.005000e+02
     vertex -3.179712e+01  2.500000e+00  1.205270e+02
   endloop
 endfacet
 facet normal  0.000000e+00  1.000000e+00  0.000000e+00
   outer loop
     vertex -3.541238e+01  2.500000e+00  1.243202e+02
     vertex -3.544769e+01  2.500000e+00  1.242535e+02
     vertex -5.255231e+01  2.500000e+00  1.242535e+02
   endloop
 endfacet
 facet normal  0.000000e+00  1.000000e+00  0.000000e+00
   outer loop
     vertex -3.541238e+01  2.500000e+00  1.243202e+02
     vertex -5.255231e+01  2.500000e+00  1.242535e+02
     vertex -5.258762e+01  2.500000e+00  1.243202e+02
   endloop
 endfacet
 facet normal  8.075562e-18  1.000000e+00 -1.499986e-17
   outer loop
     vertex -3.166329e+01  2.500000e+00  1.205967e+02
     vertex -1.400000e+01  2.500000e+00  1.005000e+02
     vertex -3.172973e+01  2.500000e+00  1.205610e+02
   endloop
 endfacet
 facet normal  0.000000e+00  1.000000e+00  0.000000e+00
   outer loop
     vertex -3.537526e+01  2.500000e+00  1.243859e+02
     vertex -3.541238e+01  2.500000e+00  1.243202e+02
     vertex -5.258762e+01  2.500000e+00  1.243202e+02
   endloop
 endfacet
 facet normal  0.000000e+00  1.000000e+00  0.000000e+00
   outer loop
     vertex -3.537526e+01  2.500000e+00  1.243859e+02
     vertex -5.262474e+01  2.500000e+00  1.243859e+02
     vertex -5.266366e+01  2.500000e+00  1.244505e+02
   endloop
 endfacet
 facet normal  0.000000e+00  1.000000e+00  0.000000e+00
   outer loop
     vertex -3.537526e+01  2.500000e+00  1.243859e+02
     vertex -5.258762e+01  2.500000e+00  1.243202e+02
     vertex -5.262474e+01  2.500000e+00  1.243859e+02
   endloop
 endfacet
 facet normal  8.433721e-18  1.000000e+00 -1.468507e-17
   outer loop
     vertex -3.159786e+01  2.500000e+00  1.206343e+02
     vertex -1.400000e+01  2.500000e+00  1.005000e+02
     vertex -3.166329e+01  2.500000e+00  1.205967e+02
   endloop
 endfacet
 facet normal  0.000000e+00  1.000000e+00  0.000000e+00
   outer loop
     vertex -3.533634e+01  2.500000e+00  1.244505e+02
     vertex -3.537526e+01  2.500000e+00  1.243859e+02
     vertex -5.266366e+01  2.500000e+00  1.244505e+02
   endloop
 endfacet
 facet normal  8.788612e-18  1.000000e+00 -1.437489e-17
   outer loop
     vertex -3.153349e+01  2.500000e+00  1.206737e+02
     vertex -1.400000e+01  2.500000e+00  1.005000e+02
     vertex -3.159786e+01  2.500000e+00  1.206343e+02
   endloop
 endfacet
 facet normal  0.000000e+00  1.000000e+00  0.000000e+00
   outer loop
     vertex -3.529567e+01  2.500000e+00  1.245141e+02
     vertex -5.270433e+01  2.500000e+00  1.245141e+02
     vertex -5.274673e+01  2.500000e+00  1.245765e+02
   endloop
 endfacet
 facet normal  0.000000e+00  1.000000e+00  0.000000e+00
   outer loop
     vertex -3.529567e+01  2.500000e+00  1.245141e+02
     vertex -5.266366e+01  2.500000e+00  1.244505e+02
     vertex -5.270433e+01  2.500000e+00  1.245141e+02
   endloop
 endfacet
 facet normal  0.000000e+00  1.000000e+00  0.000000e+00
   outer loop
     vertex -3.529567e+01  2.500000e+00  1.245141e+02
     vertex -3.533634e+01  2.500000e+00  1.244505e+02
     vertex -5.266366e+01  2.500000e+00  1.244505e+02
   endloop
 endfacet
 facet normal  9.140899e-18  1.000000e+00 -1.406871e-17
   outer loop
     vertex -3.147022e+01  2.500000e+00  1.207148e+02
     vertex -1.400000e+01  2.500000e+00  1.005000e+02
     vertex -3.153349e+01  2.500000e+00  1.206737e+02
   endloop
 endfacet
 facet normal  0.000000e+00  1.000000e+00  0.000000e+00
   outer loop
     vertex -3.525327e+01  2.500000e+00  1.245765e+02
     vertex -3.529567e+01  2.500000e+00  1.245141e+02
     vertex -5.274673e+01  2.500000e+00  1.245765e+02
   endloop
 endfacet
 facet normal  0.000000e+00  1.000000e+00  0.000000e+00
   outer loop
     vertex -3.525327e+01  2.500000e+00  1.245765e+02
     vertex -5.274673e+01  2.500000e+00  1.245765e+02
     vertex -5.279083e+01  2.500000e+00  1.246377e+02
   endloop
 endfacet
 facet normal  9.491225e-18  1.000000e+00 -1.376594e-17
   outer loop
     vertex -3.140810e+01  2.500000e+00  1.207576e+02
     vertex -1.400000e+01  2.500000e+00  1.005000e+02
     vertex -3.147022e+01  2.500000e+00  1.207148e+02
   endloop
 endfacet
 facet normal  0.000000e+00  1.000000e+00  0.000000e+00
   outer loop
     vertex -3.520917e+01  2.500000e+00  1.246377e+02
     vertex -3.525327e+01  2.500000e+00  1.245765e+02
     vertex -5.279083e+01  2.500000e+00  1.246377e+02
   endloop
 endfacet
 facet normal  9.840217e-18  1.000000e+00 -1.346604e-17
   outer loop
     vertex -3.134719e+01  2.500000e+00  1.208021e+02
     vertex -1.400000e+01  2.500000e+00  1.005000e+02
     vertex -3.140810e+01  2.500000e+00  1.207576e+02
   endloop
 endfacet
 facet normal  0.000000e+00  1.000000e+00  0.000000e+00
   outer loop
     vertex -3.516341e+01  2.500000e+00  1.246977e+02
     vertex -3.520917e+01  2.500000e+00  1.246377e+02
     vertex -5.279083e+01  2.500000e+00  1.246377e+02
   endloop
 endfacet
 facet normal  0.000000e+00  1.000000e+00  0.000000e+00
   outer loop
     vertex -3.516341e+01  2.500000e+00  1.246977e+02
     vertex -5.279083e+01  2.500000e+00  1.246377e+02
     vertex -5.283659e+01  2.500000e+00  1.246977e+02
   endloop
 endfacet
 facet normal  1.018849e-17  1.000000e+00 -1.316846e-17
   outer loop
     vertex -3.128751e+01  2.500000e+00  1.208483e+02
     vertex -1.400000e+01  2.500000e+00  1.005000e+02
     vertex -3.134719e+01  2.500000e+00  1.208021e+02
   endloop
 endfacet
 facet normal  0.000000e+00  1.000000e+00  0.000000e+00
   outer loop
     vertex -3.511602e+01  2.500000e+00  1.247564e+02
     vertex -3.516341e+01  2.500000e+00  1.246977e+02
     vertex -5.283659e+01  2.500000e+00  1.246977e+02
   endloop
 endfacet
 facet normal  0.000000e+00  1.000000e+00  0.000000e+00
   outer loop
     vertex -3.511602e+01  2.500000e+00  1.247564e+02
     vertex -5.283659e+01  2.500000e+00  1.246977e+02
     vertex -5.288398e+01  2.500000e+00  1.247564e+02
   endloop
 endfacet
 facet normal  1.053665e-17  1.000000e+00 -1.287267e-17
   outer loop
     vertex -3.122912e+01  2.500000e+00  1.208961e+02
     vertex -1.400000e+01  2.500000e+00  1.005000e+02
     vertex -3.128751e+01  2.500000e+00  1.208483e+02
   endloop
 endfacet
 facet normal  0.000000e+00  1.000000e+00  0.000000e+00
   outer loop
     vertex -3.506704e+01  2.500000e+00  1.248138e+02
     vertex -3.511602e+01  2.500000e+00  1.247564e+02
     vertex -5.288398e+01  2.500000e+00  1.247564e+02
   endloop
 endfacet
 facet normal  0.000000e+00  1.000000e+00  0.000000e+00
   outer loop
     vertex -3.506704e+01  2.500000e+00  1.248138e+02
     vertex -5.288398e+01  2.500000e+00  1.247564e+02
     vertex -5.293296e+01  2.500000e+00  1.248138e+02
   endloop
 endfacet
 facet normal  1.088531e-17  1.000000e+00 -1.257815e-17
   outer loop
     vertex -3.117207e+01  2.500000e+00  1.209454e+02
     vertex -1.400000e+01  2.500000e+00  1.005000e+02
     vertex -3.122912e+01  2.500000e+00  1.208961e+02
   endloop
 endfacet
 facet normal  0.000000e+00  1.000000e+00  0.000000e+00
   outer loop
     vertex -3.501650e+01  2.500000e+00  1.248698e+02
     vertex -3.506704e+01  2.500000e+00  1.248138e+02
     vertex -5.293296e+01  2.500000e+00  1.248138e+02
   endloop
 endfacet
 facet normal  0.000000e+00  1.000000e+00  0.000000e+00
   outer loop
     vertex -3.501650e+01  2.500000e+00  1.248698e+02
     vertex -5.298350e+01  2.500000e+00  1.248698e+02
     vertex -5.303555e+01  2.500000e+00  1.249244e+02
   endloop
 endfacet
 facet normal  0.000000e+00  1.000000e+00  0.000000e+00
   outer loop
     vertex -3.501650e+01  2.500000e+00  1.248698e+02
     vertex -5.293296e+01  2.500000e+00  1.248138e+02
     vertex -5.298350e+01  2.500000e+00  1.248698e+02
   endloop
 endfacet
 facet normal  1.123506e-17  1.000000e+00 -1.228439e-17
   outer loop
     vertex -3.111640e+01  2.500000e+00  1.209964e+02
     vertex -1.400000e+01  2.500000e+00  1.005000e+02
     vertex -3.117207e+01  2.500000e+00  1.209454e+02
   endloop
 endfacet
 facet normal  0.000000e+00  1.000000e+00  0.000000e+00
   outer loop
     vertex -3.496445e+01  2.500000e+00  1.249244e+02
     vertex -3.501650e+01  2.500000e+00  1.248698e+02
     vertex -5.303555e+01  2.500000e+00  1.249244e+02
   endloop
 endfacet
 facet normal  1.158653e-17  1.000000e+00 -1.199088e-17
   outer loop
     vertex -3.106214e+01  2.500000e+00  1.210488e+02
     vertex -1.400000e+01  2.500000e+00  1.005000e+02
     vertex -3.111640e+01  2.500000e+00  1.209964e+02
   endloop
 endfacet
 facet normal  0.000000e+00  1.000000e+00  2.065531e-17
   outer loop
     vertex  9.000000e+01  2.500000e+00  0.000000e+00
     vertex  1.500000e+01  2.500000e+00  0.000000e+00
     vertex  4.400000e+01  2.500000e+00  2.150000e+01
   endloop
 endfacet
 facet normal  0.000000e+00  1.000000e+00  0.000000e+00
   outer loop
     vertex -3.491091e+01  2.500000e+00  1.249776e+02
     vertex -5.308909e+01  2.500000e+00  1.249776e+02
     vertex -5.314406e+01  2.500000e+00  1.250293e+02
   endloop
 endfacet
 facet normal  0.000000e+00  1.000000e+00  0.000000e+00
   outer loop
     vertex -3.491091e+01  2.500000e+00  1.249776e+02
     vertex -5.303555e+01  2.500000e+00  1.249244e+02
     vertex -5.308909e+01  2.500000e+00  1.249776e+02
   endloop
 endfacet
 facet normal  0.000000e+00  1.000000e+00  0.000000e+00
   outer loop
     vertex -3.491091e+01  2.500000e+00  1.249776e+02
     vertex -3.496445e+01  2.500000e+00  1.249244e+02
     vertex -5.303555e+01  2.500000e+00  1.249244e+02
   endloop
 endfacet
 facet normal  1.194033e-17  1.000000e+00 -1.169711e-17
   outer loop
     vertex -3.100934e+01  2.500000e+00  1.211027e+02
     vertex -1.400000e+01  2.500000e+00  1.005000e+02
     vertex -3.106214e+01  2.500000e+00  1.210488e+02
   endloop
 endfacet
 facet normal  0.000000e+00  1.000000e+00  0.000000e+00
   outer loop
     vertex -3.485594e+01  2.500000e+00  1.250293e+02
     vertex -5.314406e+01  2.500000e+00  1.250293e+02
     vertex -5.320043e+01  2.500000e+00  1.250794e+02
   endloop
 endfacet
 facet normal  0.000000e+00  1.000000e+00  0.000000e+00
   outer loop
     vertex -3.485594e+01  2.500000e+00  1.250293e+02
     vertex -3.491091e+01  2.500000e+00  1.249776e+02
     vertex -5.314406e+01  2.500000e+00  1.250293e+02
   endloop
 endfacet
 facet normal  1.229710e-17  1.000000e+00 -1.140257e-17
   outer loop
     vertex -3.095804e+01  2.500000e+00  1.211580e+02
     vertex -1.400000e+01  2.500000e+00  1.005000e+02
     vertex -3.100934e+01  2.500000e+00  1.211027e+02
   endloop
 endfacet
 facet normal  0.000000e+00  1.000000e+00  0.000000e+00
   outer loop
     vertex -3.479957e+01  2.500000e+00  1.250794e+02
     vertex -3.485594e+01  2.500000e+00  1.250293e+02
     vertex -5.320043e+01  2.500000e+00  1.250794e+02
   endloop
 endfacet
 facet normal  1.265749e-17  1.000000e+00 -1.110673e-17
   outer loop
     vertex -3.090827e+01  2.500000e+00  1.212147e+02
     vertex -1.400000e+01  2.500000e+00  1.005000e+02
     vertex -3.095804e+01  2.500000e+00  1.211580e+02
   endloop
 endfacet
 facet normal  0.000000e+00  1.000000e+00  0.000000e+00
   outer loop
     vertex -3.474185e+01  2.500000e+00  1.251280e+02
     vertex -5.325815e+01  2.500000e+00  1.251280e+02
     vertex -5.331719e+01  2.500000e+00  1.251750e+02
   endloop
 endfacet
 facet normal  0.000000e+00  1.000000e+00  0.000000e+00
   outer loop
     vertex -3.474185e+01  2.500000e+00  1.251280e+02
     vertex -5.320043e+01  2.500000e+00  1.250794e+02
     vertex -5.325815e+01  2.500000e+00  1.251280e+02
   endloop
 endfacet
 facet normal  0.000000e+00  1.000000e+00  0.000000e+00
   outer loop
     vertex -3.474185e+01  2.500000e+00  1.251280e+02
     vertex -3.479957e+01  2.500000e+00  1.250794e+02
     vertex -5.320043e+01  2.500000e+00  1.250794e+02
   endloop
 endfacet
 facet normal  1.302219e-17  1.000000e+00 -1.080905e-17
   outer loop
     vertex -3.086008e+01  2.500000e+00  1.212728e+02
     vertex -1.400000e+01  2.500000e+00  1.005000e+02
     vertex -3.090827e+01  2.500000e+00  1.212147e+02
   endloop
 endfacet
 facet normal  0.000000e+00  1.000000e+00  0.000000e+00
   outer loop
     vertex -3.468281e+01  2.500000e+00  1.251750e+02
     vertex -3.474185e+01  2.500000e+00  1.251280e+02
     vertex -5.331719e+01  2.500000e+00  1.251750e+02
   endloop
 endfacet
 facet normal  1.339188e-17  1.000000e+00 -1.050899e-17
   outer loop
     vertex -3.081350e+01  2.500000e+00  1.213321e+02
     vertex -1.400000e+01  2.500000e+00  1.005000e+02
     vertex -3.086008e+01  2.500000e+00  1.212728e+02
   endloop
 endfacet
 facet normal  0.000000e+00  1.000000e+00  0.000000e+00
   outer loop
     vertex -3.462251e+01  2.500000e+00  1.252204e+02
     vertex -5.331719e+01  2.500000e+00  1.251750e+02
     vertex -5.337749e+01  2.500000e+00  1.252204e+02
   endloop
 endfacet
 facet normal  0.000000e+00  1.000000e+00  0.000000e+00
   outer loop
     vertex -3.462251e+01  2.500000e+00  1.252204e+02
     vertex -3.468281e+01  2.500000e+00  1.251750e+02
     vertex -5.331719e+01  2.500000e+00  1.251750e+02
   endloop
 endfacet
 facet normal  1.376732e-17  1.000000e+00 -1.020597e-17
   outer loop
     vertex -3.076857e+01  2.500000e+00  1.213928e+02
     vertex -1.400000e+01  2.500000e+00  1.005000e+02
     vertex -3.081350e+01  2.500000e+00  1.213321e+02
   endloop
 endfacet
 facet normal  0.000000e+00  1.000000e+00  0.000000e+00
   outer loop
     vertex -3.456098e+01  2.500000e+00  1.252640e+02
     vertex -3.462251e+01  2.500000e+00  1.252204e+02
     vertex -5.337749e+01  2.500000e+00  1.252204e+02
   endloop
 endfacet
 facet normal  0.000000e+00  1.000000e+00  0.000000e+00
   outer loop
     vertex -3.456098e+01  2.500000e+00  1.252640e+02
     vertex -5.337749e+01  2.500000e+00  1.252204e+02
     vertex -5.343902e+01  2.500000e+00  1.252640e+02
   endloop
 endfacet
 facet normal  1.414929e-17  1.000000e+00 -9.899405e-18
   outer loop
     vertex -3.072532e+01  2.500000e+00  1.214546e+02
     vertex -1.400000e+01  2.500000e+00  1.005000e+02
     vertex -3.076857e+01  2.500000e+00  1.213928e+02
   endloop
 endfacet
 facet normal  0.000000e+00  1.000000e+00  0.000000e+00
   outer loop
     vertex -3.449828e+01  2.500000e+00  1.253060e+02
     vertex -5.343902e+01  2.500000e+00  1.252640e+02
     vertex -5.350172e+01  2.500000e+00  1.253060e+02
   endloop
 endfacet
 facet normal  0.000000e+00  1.000000e+00  0.000000e+00
   outer loop
     vertex -3.449828e+01  2.500000e+00  1.253060e+02
     vertex -3.456098e+01  2.500000e+00  1.252640e+02
     vertex -5.343902e+01  2.500000e+00  1.252640e+02
   endloop
 endfacet
 facet normal  1.453860e-17  1.000000e+00 -9.588667e-18
   outer loop
     vertex -3.068378e+01  2.500000e+00  1.215176e+02
     vertex -1.400000e+01  2.500000e+00  1.005000e+02
     vertex -3.072532e+01  2.500000e+00  1.214546e+02
   endloop
 endfacet
 facet normal  0.000000e+00  1.000000e+00  0.000000e+00
   outer loop
     vertex -3.443446e+01  2.500000e+00  1.253462e+02
     vertex -5.356554e+01  2.500000e+00  1.253462e+02
     vertex -5.363045e+01  2.500000e+00  1.253847e+02
   endloop
 endfacet
 facet normal  0.000000e+00  1.000000e+00  0.000000e+00
   outer loop
     vertex -3.443446e+01  2.500000e+00  1.253462e+02
     vertex -5.350172e+01  2.500000e+00  1.253060e+02
     vertex -5.356554e+01  2.500000e+00  1.253462e+02
   endloop
 endfacet
 facet normal  0.000000e+00  1.000000e+00  0.000000e+00
   outer loop
     vertex -3.443446e+01  2.500000e+00  1.253462e+02
     vertex -3.449828e+01  2.500000e+00  1.253060e+02
     vertex -5.350172e+01  2.500000e+00  1.253060e+02
   endloop
 endfacet
 facet normal  1.493614e-17  1.000000e+00 -9.273098e-18
   outer loop
     vertex -3.064398e+01  2.500000e+00  1.215817e+02
     vertex -1.400000e+01  2.500000e+00  1.005000e+02
     vertex -3.068378e+01  2.500000e+00  1.215176e+02
   endloop
 endfacet
 facet normal  0.000000e+00  1.000000e+00  0.000000e+00
   outer loop
     vertex -3.436955e+01  2.500000e+00  1.253847e+02
     vertex -3.443446e+01  2.500000e+00  1.253462e+02
     vertex -5.363045e+01  2.500000e+00  1.253847e+02
   endloop
 endfacet
 facet normal  0.000000e+00  1.000000e+00  0.000000e+00
   outer loop
     vertex -3.436955e+01  2.500000e+00  1.253847e+02
     vertex -5.363045e+01  2.500000e+00  1.253847e+02
     vertex -5.369639e+01  2.500000e+00  1.254214e+02
   endloop
 endfacet
 facet normal  1.534285e-17  1.000000e+00 -8.951998e-18
   outer loop
     vertex -3.060595e+01  2.500000e+00  1.216468e+02
     vertex -1.400000e+01  2.500000e+00  1.005000e+02
     vertex -3.064398e+01  2.500000e+00  1.215817e+02
   endloop
 endfacet
 facet normal  0.000000e+00  1.000000e+00  0.000000e+00
   outer loop
     vertex -3.430361e+01  2.500000e+00  1.254214e+02
     vertex -3.436955e+01  2.500000e+00  1.253847e+02
     vertex -5.369639e+01  2.500000e+00  1.254214e+02
   endloop
 endfacet
 facet normal  1.575975e-17  1.000000e+00 -8.624622e-18
   outer loop
     vertex -3.056973e+01  2.500000e+00  1.217130e+02
     vertex -1.400000e+01  2.500000e+00  1.005000e+02
     vertex -3.060595e+01  2.500000e+00  1.216468e+02
   endloop
 endfacet
 facet normal  0.000000e+00  1.000000e+00  0.000000e+00
   outer loop
     vertex -3.423669e+01  2.500000e+00  1.254562e+02
     vertex -5.369639e+01  2.500000e+00  1.254214e+02
     vertex -5.376331e+01  2.500000e+00  1.254562e+02
   endloop
 endfacet
 facet normal  0.000000e+00  1.000000e+00  0.000000e+00
   outer loop
     vertex -3.423669e+01  2.500000e+00  1.254562e+02
     vertex -3.430361e+01  2.500000e+00  1.254214e+02
     vertex -5.369639e+01  2.500000e+00  1.254214e+02
   endloop
 endfacet
 facet normal  1.618793e-17  1.000000e+00 -8.290167e-18
   outer loop
     vertex -3.053534e+01  2.500000e+00  1.217802e+02
     vertex -1.400000e+01  2.500000e+00  1.005000e+02
     vertex -3.056973e+01  2.500000e+00  1.217130e+02
   endloop
 endfacet
 facet normal  0.000000e+00  1.000000e+00  0.000000e+00
   outer loop
     vertex -3.416884e+01  2.500000e+00  1.254892e+02
     vertex -3.423669e+01  2.500000e+00  1.254562e+02
     vertex -5.376331e+01  2.500000e+00  1.254562e+02
   endloop
 endfacet
 facet normal  0.000000e+00  1.000000e+00  0.000000e+00
   outer loop
     vertex -3.416884e+01  2.500000e+00  1.254892e+02
     vertex -5.383116e+01  2.500000e+00  1.254892e+02
     vertex -5.389989e+01  2.500000e+00  1.255204e+02
   endloop
 endfacet
 facet normal  0.000000e+00  1.000000e+00  0.000000e+00
   outer loop
     vertex -3.416884e+01  2.500000e+00  1.254892e+02
     vertex -5.376331e+01  2.500000e+00  1.254562e+02
     vertex -5.383116e+01  2.500000e+00  1.254892e+02
   endloop
 endfacet
 facet normal  1.662858e-17  1.000000e+00 -7.947768e-18
   outer loop
     vertex -3.050280e+01  2.500000e+00  1.218483e+02
     vertex -1.400000e+01  2.500000e+00  1.005000e+02
     vertex -3.053534e+01  2.500000e+00  1.217802e+02
   endloop
 endfacet
 facet normal  0.000000e+00  1.000000e+00  0.000000e+00
   outer loop
     vertex -3.410011e+01  2.500000e+00  1.255204e+02
     vertex -5.389989e+01  2.500000e+00  1.255204e+02
     vertex -5.396944e+01  2.500000e+00  1.255496e+02
   endloop
 endfacet
 facet normal  0.000000e+00  1.000000e+00  0.000000e+00
   outer loop
     vertex -3.410011e+01  2.500000e+00  1.255204e+02
     vertex -3.416884e+01  2.500000e+00  1.254892e+02
     vertex -5.389989e+01  2.500000e+00  1.255204e+02
   endloop
 endfacet
 facet normal  1.708301e-17  1.000000e+00 -7.596485e-18
   outer loop
     vertex -3.047215e+01  2.500000e+00  1.219172e+02
     vertex -1.400000e+01  2.500000e+00  1.005000e+02
     vertex -3.050280e+01  2.500000e+00  1.218483e+02
   endloop
 endfacet
 facet normal  0.000000e+00  1.000000e+00  0.000000e+00
   outer loop
     vertex -3.403056e+01  2.500000e+00  1.255496e+02
     vertex -3.410011e+01  2.500000e+00  1.255204e+02
     vertex -5.396944e+01  2.500000e+00  1.255496e+02
   endloop
 endfacet
 facet normal  1.755263e-17  1.000000e+00 -7.235296e-18
   outer loop
     vertex -3.044339e+01  2.500000e+00  1.219870e+02
     vertex -1.400000e+01  2.500000e+00  1.005000e+02
     vertex -3.047215e+01  2.500000e+00  1.219172e+02
   endloop
 endfacet
 facet normal  0.000000e+00  1.000000e+00  0.000000e+00
   outer loop
     vertex -3.396022e+01  2.500000e+00  1.255769e+02
     vertex -5.403978e+01  2.500000e+00  1.255769e+02
     vertex -5.411083e+01  2.500000e+00  1.256023e+02
   endloop
 endfacet
 facet normal  0.000000e+00  1.000000e+00  0.000000e+00
   outer loop
     vertex -3.396022e+01  2.500000e+00  1.255769e+02
     vertex -5.396944e+01  2.500000e+00  1.255496e+02
     vertex -5.403978e+01  2.500000e+00  1.255769e+02
   endloop
 endfacet
 facet normal  0.000000e+00  1.000000e+00  0.000000e+00
   outer loop
     vertex -3.396022e+01  2.500000e+00  1.255769e+02
     vertex -3.403056e+01  2.500000e+00  1.255496e+02
     vertex -5.396944e+01  2.500000e+00  1.255496e+02
   endloop
 endfacet
 facet normal  1.803901e-17  1.000000e+00 -6.863078e-18
   outer loop
     vertex -3.041656e+01  2.500000e+00  1.220575e+02
     vertex -1.400000e+01  2.500000e+00  1.005000e+02
     vertex -3.044339e+01  2.500000e+00  1.219870e+02
   endloop
 endfacet
 facet normal  0.000000e+00  1.000000e+00  0.000000e+00
   outer loop
     vertex -3.388917e+01  2.500000e+00  1.256023e+02
     vertex -3.396022e+01  2.500000e+00  1.255769e+02
     vertex -5.411083e+01  2.500000e+00  1.256023e+02
   endloop
 endfacet
 facet normal  0.000000e+00  1.000000e+00  0.000000e+00
   outer loop
     vertex -3.388917e+01  2.500000e+00  1.256023e+02
     vertex -5.411083e+01  2.500000e+00  1.256023e+02
     vertex -5.418256e+01  2.500000e+00  1.256257e+02
   endloop
 endfacet
 facet normal  1.854390e-17  1.000000e+00 -6.478594e-18
   outer loop
     vertex -3.039168e+01  2.500000e+00  1.221287e+02
     vertex -1.400000e+01  2.500000e+00  1.005000e+02
     vertex -3.041656e+01  2.500000e+00  1.220575e+02
   endloop
 endfacet
 facet normal  0.000000e+00  1.000000e+00  0.000000e+00
   outer loop
     vertex -3.381744e+01  2.500000e+00  1.256257e+02
     vertex -3.388917e+01  2.500000e+00  1.256023e+02
     vertex -5.418256e+01  2.500000e+00  1.256257e+02
   endloop
 endfacet
 facet normal  1.906921e-17  1.000000e+00 -6.080477e-18
   outer loop
     vertex -3.036876e+01  2.500000e+00  1.222006e+02
     vertex -1.400000e+01  2.500000e+00  1.005000e+02
     vertex -3.039168e+01  2.500000e+00  1.221287e+02
   endloop
 endfacet
 facet normal  0.000000e+00  1.000000e+00  0.000000e+00
   outer loop
     vertex -3.374510e+01  2.500000e+00  1.256471e+02
     vertex -3.381744e+01  2.500000e+00  1.256257e+02
     vertex -5.418256e+01  2.500000e+00  1.256257e+02
   endloop
 endfacet
 facet normal  0.000000e+00  1.000000e+00  0.000000e+00
   outer loop
     vertex -3.374510e+01  2.500000e+00  1.256471e+02
     vertex -5.425490e+01  2.500000e+00  1.256471e+02
     vertex -5.432780e+01  2.500000e+00  1.256666e+02
   endloop
 endfacet
 facet normal  0.000000e+00  1.000000e+00  0.000000e+00
   outer loop
     vertex -3.374510e+01  2.500000e+00  1.256471e+02
     vertex -5.418256e+01  2.500000e+00  1.256257e+02
     vertex -5.425490e+01  2.500000e+00  1.256471e+02
   endloop
 endfacet
 facet normal  1.961710e-17  1.000000e+00 -5.667206e-18
   outer loop
     vertex -3.034782e+01  2.500000e+00  1.222731e+02
     vertex -1.400000e+01  2.500000e+00  1.005000e+02
     vertex -3.036876e+01  2.500000e+00  1.222006e+02
   endloop
 endfacet
 facet normal  0.000000e+00  1.000000e+00  0.000000e+00
   outer loop
     vertex -3.367220e+01  2.500000e+00  1.256666e+02
     vertex -3.374510e+01  2.500000e+00  1.256471e+02
     vertex -5.432780e+01  2.500000e+00  1.256666e+02
   endloop
 endfacet
 facet normal  2.018997e-17  1.000000e+00 -5.237080e-18
   outer loop
     vertex -3.032887e+01  2.500000e+00  1.223461e+02
     vertex -1.400000e+01  2.500000e+00  1.005000e+02
     vertex -3.034782e+01  2.500000e+00  1.222731e+02
   endloop
 endfacet
 facet normal  0.000000e+00  1.000000e+00  0.000000e+00
   outer loop
     vertex -3.359879e+01  2.500000e+00  1.256840e+02
     vertex -5.432780e+01  2.500000e+00  1.256666e+02
     vertex -5.440121e+01  2.500000e+00  1.256840e+02
   endloop
 endfacet
 facet normal  0.000000e+00  1.000000e+00  0.000000e+00
   outer loop
     vertex -3.359879e+01  2.500000e+00  1.256840e+02
     vertex -3.367220e+01  2.500000e+00  1.256666e+02
     vertex -5.432780e+01  2.500000e+00  1.256666e+02
   endloop
 endfacet
 facet normal  2.079053e-17  1.000000e+00 -4.788190e-18
   outer loop
     vertex -3.031194e+01  2.500000e+00  1.224196e+02
     vertex -1.400000e+01  2.500000e+00  1.005000e+02
     vertex -3.032887e+01  2.500000e+00  1.223461e+02
   endloop
 endfacet
 facet normal  0.000000e+00  1.000000e+00  0.000000e+00
   outer loop
     vertex -3.352493e+01  2.500000e+00  1.256994e+02
     vertex -3.359879e+01  2.500000e+00  1.256840e+02
     vertex -5.440121e+01  2.500000e+00  1.256840e+02
   endloop
 endfacet
 facet normal  0.000000e+00  1.000000e+00  0.000000e+00
   outer loop
     vertex -3.352493e+01  2.500000e+00  1.256994e+02
     vertex -5.440121e+01  2.500000e+00  1.256840e+02
     vertex -5.447507e+01  2.500000e+00  1.256994e+02
   endloop
 endfacet
 facet normal  2.142185e-17  1.000000e+00 -4.318383e-18
   outer loop
     vertex -3.029703e+01  2.500000e+00  1.224936e+02
     vertex -1.400000e+01  2.500000e+00  1.005000e+02
     vertex -3.031194e+01  2.500000e+00  1.224196e+02
   endloop
 endfacet
 facet normal  0.000000e+00  1.000000e+00  0.000000e+00
   outer loop
     vertex -3.345068e+01  2.500000e+00  1.257128e+02
     vertex -3.352493e+01  2.500000e+00  1.256994e+02
     vertex -5.447507e+01  2.500000e+00  1.256994e+02
   endloop
 endfacet
 facet normal  0.000000e+00  1.000000e+00  0.000000e+00
   outer loop
     vertex -3.345068e+01  2.500000e+00  1.257128e+02
     vertex -5.454932e+01  2.500000e+00  1.257128e+02
     vertex -5.462392e+01  2.500000e+00  1.257242e+02
   endloop
 endfacet
 facet normal  0.000000e+00  1.000000e+00  0.000000e+00
   outer loop
     vertex -3.345068e+01  2.500000e+00  1.257128e+02
     vertex -5.447507e+01  2.500000e+00  1.256994e+02
     vertex -5.454932e+01  2.500000e+00  1.257128e+02
   endloop
 endfacet
 facet normal  2.208740e-17  1.000000e+00 -3.825213e-18
   outer loop
     vertex -3.028415e+01  2.500000e+00  1.225679e+02
     vertex -1.400000e+01  2.500000e+00  1.005000e+02
     vertex -3.029703e+01  2.500000e+00  1.224936e+02
   endloop
 endfacet
 facet normal  0.000000e+00  1.000000e+00  0.000000e+00
   outer loop
     vertex -3.337608e+01  2.500000e+00  1.257242e+02
     vertex -3.345068e+01  2.500000e+00  1.257128e+02
     vertex -5.462392e+01  2.500000e+00  1.257242e+02
   endloop
 endfacet
 facet normal  2.279117e-17  1.000000e+00 -3.305893e-18
   outer loop
     vertex -3.027332e+01  2.500000e+00  1.226426e+02
     vertex -1.400000e+01  2.500000e+00  1.005000e+02
     vertex -3.028415e+01  2.500000e+00  1.225679e+02
   endloop
 endfacet
 facet normal  0.000000e+00  1.000000e+00  0.000000e+00
   outer loop
     vertex -3.330121e+01  2.500000e+00  1.257335e+02
     vertex -5.462392e+01  2.500000e+00  1.257242e+02
     vertex -5.469879e+01  2.500000e+00  1.257335e+02
   endloop
 endfacet
 facet normal  0.000000e+00  1.000000e+00  0.000000e+00
   outer loop
     vertex -3.330121e+01  2.500000e+00  1.257335e+02
     vertex -3.337608e+01  2.500000e+00  1.257242e+02
     vertex -5.462392e+01  2.500000e+00  1.257242e+02
   endloop
 endfacet
 facet normal  2.353773e-17  1.000000e+00 -2.757227e-18
   outer loop
     vertex -3.026454e+01  2.500000e+00  1.227175e+02
     vertex -1.400000e+01  2.500000e+00  1.005000e+02
     vertex -3.027332e+01  2.500000e+00  1.226426e+02
   endloop
 endfacet
 facet normal  0.000000e+00  1.000000e+00  0.000000e+00
   outer loop
     vertex -3.322610e+01  2.500000e+00  1.257407e+02
     vertex -5.469879e+01  2.500000e+00  1.257335e+02
     vertex -5.477390e+01  2.500000e+00  1.257407e+02
   endloop
 endfacet
 facet normal  0.000000e+00  1.000000e+00  0.000000e+00
   outer loop
     vertex -3.322610e+01  2.500000e+00  1.257407e+02
     vertex -3.330121e+01  2.500000e+00  1.257335e+02
     vertex -5.469879e+01  2.500000e+00  1.257335e+02
   endloop
 endfacet
 facet normal  2.433233e-17  1.000000e+00 -2.175528e-18
   outer loop
     vertex -3.025782e+01  2.500000e+00  1.227927e+02
     vertex -1.400000e+01  2.500000e+00  1.005000e+02
     vertex -3.026454e+01  2.500000e+00  1.227175e+02
   endloop
 endfacet
 facet normal  0.000000e+00  1.000000e+00  0.000000e+00
   outer loop
     vertex -3.315083e+01  2.500000e+00  1.257459e+02
     vertex -5.477390e+01  2.500000e+00  1.257407e+02
     vertex -5.484917e+01  2.500000e+00  1.257459e+02
   endloop
 endfacet
 facet normal  0.000000e+00  1.000000e+00  0.000000e+00
   outer loop
     vertex -3.315083e+01  2.500000e+00  1.257459e+02
     vertex -3.322610e+01  2.500000e+00  1.257407e+02
     vertex -5.477390e+01  2.500000e+00  1.257407e+02
   endloop
 endfacet
 facet normal  2.518112e-17  1.000000e+00 -1.556518e-18
   outer loop
     vertex -3.025317e+01  2.500000e+00  1.228680e+02
     vertex -1.400000e+01  2.500000e+00  1.005000e+02
     vertex -3.025782e+01  2.500000e+00  1.227927e+02
   endloop
 endfacet
 facet normal  2.609124e-17  1.000000e+00 -8.951988e-19
   outer loop
     vertex -3.025058e+01  2.500000e+00  1.229434e+02
     vertex -1.400000e+01  2.500000e+00  1.005000e+02
     vertex -3.025317e+01  2.500000e+00  1.228680e+02
   endloop
 endfacet
 facet normal  2.707113e-17  1.000000e+00 -1.856939e-19
   outer loop
     vertex -3.025006e+01  2.500000e+00  1.230189e+02
     vertex -1.400000e+01  2.500000e+00  1.005000e+02
     vertex -3.025058e+01  2.500000e+00  1.229434e+02
   endloop
 endfacet
 facet normal  2.813076e-17  1.000000e+00  5.789599e-19
   outer loop
     vertex -3.025162e+01  2.500000e+00  1.230943e+02
     vertex -1.400000e+01  2.500000e+00  1.005000e+02
     vertex -3.025006e+01  2.500000e+00  1.230189e+02
   endloop
 endfacet
 facet normal  2.928208e-17  1.000000e+00  1.407078e-18
   outer loop
     vertex -3.025524e+01  2.500000e+00  1.231697e+02
     vertex -1.400000e+01  2.500000e+00  1.005000e+02
     vertex -3.025162e+01  2.500000e+00  1.230943e+02
   endloop
 endfacet
 facet normal  3.053946e-17  1.000000e+00  2.308680e-18
   outer loop
     vertex -3.026093e+01  2.500000e+00  1.232449e+02
     vertex -1.400000e+01  2.500000e+00  1.005000e+02
     vertex -3.025524e+01  2.500000e+00  1.231697e+02
   endloop
 endfacet
 facet normal  3.192040e-17  1.000000e+00  3.295947e-18
   outer loop
     vertex -3.026868e+01  2.500000e+00  1.233199e+02
     vertex -1.400000e+01  2.500000e+00  1.005000e+02
     vertex -3.026093e+01  2.500000e+00  1.232449e+02
   endloop
 endfacet
 facet normal  3.344639e-17  1.000000e+00  4.383853e-18
   outer loop
     vertex -3.027848e+01  2.500000e+00  1.233948e+02
     vertex -1.400000e+01  2.500000e+00  1.005000e+02
     vertex -3.026868e+01  2.500000e+00  1.233199e+02
   endloop
 endfacet
 facet normal -9.654113e-18  1.000000e+00  0.000000e+00
   outer loop
     vertex  4.400000e+01  2.500000e+00  5.150000e+01
     vertex  9.000000e+01  2.500000e+00  0.000000e+00
     vertex  4.400000e+01  2.500000e+00  2.150000e+01
   endloop
 endfacet
 facet normal  0.000000e+00  1.000000e+00  0.000000e+00
   outer loop
     vertex  1.400000e+01  2.500000e+00  1.005000e+02
     vertex -1.400000e+01  2.500000e+00  7.050000e+01
     vertex -1.400000e+01  2.500000e+00  1.005000e+02
   endloop
 endfacet
 facet normal  0.000000e+00  1.000000e+00  0.000000e+00
   outer loop
     vertex  1.400000e+01  2.500000e+00  1.005000e+02
     vertex  1.400000e+01  2.500000e+00  7.050000e+01
     vertex -1.400000e+01  2.500000e+00  7.050000e+01
   endloop
 endfacet
 facet normal  0.000000e+00  1.000000e+00 -1.939698e-17
   outer loop
     vertex  1.400000e+01  2.500000e+00  1.005000e+02
     vertex -1.400000e+01  2.500000e+00  1.005000e+02
     vertex -3.027848e+01  2.500000e+00  1.233948e+02
   endloop
 endfacet
 facet normal  0.000000e+00  1.000000e+00  0.000000e+00
   outer loop
     vertex  4.400000e+01  2.500000e+00  7.050000e+01
     vertex  1.400000e+01  2.500000e+00  5.150000e+01
     vertex  1.400000e+01  2.500000e+00  7.050000e+01
   endloop
 endfacet
 facet normal  0.000000e+00  1.000000e+00  0.000000e+00
   outer loop
     vertex  4.400000e+01  2.500000e+00  7.050000e+01
     vertex  4.400000e+01  2.500000e+00  5.150000e+01
     vertex  1.400000e+01  2.500000e+00  5.150000e+01
   endloop
 endfacet
 facet normal -9.654113e-18  1.000000e+00  0.000000e+00
   outer loop
     vertex  4.400000e+01  2.500000e+00  7.050000e+01
     vertex  9.000000e+01  2.500000e+00  0.000000e+00
     vertex  4.400000e+01  2.500000e+00  5.150000e+01
   endloop
 endfacet
 facet normal -1.194033e-17  1.000000e+00 -1.169711e-17
   outer loop
     vertex  3.100934e+01  2.500000e+00  1.211027e+02
     vertex  3.106214e+01  2.500000e+00  1.210488e+02
     vertex  1.400000e+01  2.500000e+00  1.005000e+02
   endloop
 endfacet
 facet normal -1.158653e-17  1.000000e+00 -1.199088e-17
   outer loop
     vertex  3.111640e+01  2.500000e+00  1.209964e+02
     vertex  1.400000e+01  2.500000e+00  1.005000e+02
     vertex  3.106214e+01  2.500000e+00  1.210488e+02
   endloop
 endfacet
 facet normal -1.229710e-17  1.000000e+00 -1.140257e-17
   outer loop
     vertex  3.095804e+01  2.500000e+00  1.211580e+02
     vertex  3.100934e+01  2.500000e+00  1.211027e+02
     vertex  1.400000e+01  2.500000e+00  1.005000e+02
   endloop
 endfacet
 facet normal -1.123506e-17  1.000000e+00 -1.228439e-17
   outer loop
     vertex  3.117207e+01  2.500000e+00  1.209454e+02
     vertex  1.400000e+01  2.500000e+00  1.005000e+02
     vertex  3.111640e+01  2.500000e+00  1.209964e+02
   endloop
 endfacet
 facet normal -1.265749e-17  1.000000e+00 -1.110673e-17
   outer loop
     vertex  3.090827e+01  2.500000e+00  1.212147e+02
     vertex  3.095804e+01  2.500000e+00  1.211580e+02
     vertex  1.400000e+01  2.500000e+00  1.005000e+02
   endloop
 endfacet
 facet normal -1.088531e-17  1.000000e+00 -1.257815e-17
   outer loop
     vertex  3.122912e+01  2.500000e+00  1.208961e+02
     vertex  1.400000e+01  2.500000e+00  1.005000e+02
     vertex  3.117207e+01  2.500000e+00  1.209454e+02
   endloop
 endfacet
 facet normal -1.302219e-17  1.000000e+00 -1.080905e-17
   outer loop
     vertex  3.086008e+01  2.500000e+00  1.212728e+02
     vertex  3.090827e+01  2.500000e+00  1.212147e+02
     vertex  1.400000e+01  2.500000e+00  1.005000e+02
   endloop
 endfacet
 facet normal -1.053665e-17  1.000000e+00 -1.287267e-17
   outer loop
     vertex  3.128751e+01  2.500000e+00  1.208483e+02
     vertex  1.400000e+01  2.500000e+00  1.005000e+02
     vertex  3.122912e+01  2.500000e+00  1.208961e+02
   endloop
 endfacet
 facet normal -1.339188e-17  1.000000e+00 -1.050899e-17
   outer loop
     vertex  3.081350e+01  2.500000e+00  1.213321e+02
     vertex  3.086008e+01  2.500000e+00  1.212728e+02
     vertex  1.400000e+01  2.500000e+00  1.005000e+02
   endloop
 endfacet
 facet normal -1.018849e-17  1.000000e+00 -1.316846e-17
   outer loop
     vertex  3.134719e+01  2.500000e+00  1.208021e+02
     vertex  1.400000e+01  2.500000e+00  1.005000e+02
     vertex  3.128751e+01  2.500000e+00  1.208483e+02
   endloop
 endfacet
 facet normal -1.376732e-17  1.000000e+00 -1.020597e-17
   outer loop
     vertex  3.076857e+01  2.500000e+00  1.213928e+02
     vertex  3.081350e+01  2.500000e+00  1.213321e+02
     vertex  1.400000e+01  2.500000e+00  1.005000e+02
   endloop
 endfacet
 facet normal -9.840217e-18  1.000000e+00 -1.346604e-17
   outer loop
     vertex  3.140810e+01  2.500000e+00  1.207576e+02
     vertex  1.400000e+01  2.500000e+00  1.005000e+02
     vertex  3.134719e+01  2.500000e+00  1.208021e+02
   endloop
 endfacet
 facet normal -1.414929e-17  1.000000e+00 -9.899405e-18
   outer loop
     vertex  3.072532e+01  2.500000e+00  1.214546e+02
     vertex  3.076857e+01  2.500000e+00  1.213928e+02
     vertex  1.400000e+01  2.500000e+00  1.005000e+02
   endloop
 endfacet
 facet normal -9.491225e-18  1.000000e+00 -1.376594e-17
   outer loop
     vertex  3.147022e+01  2.500000e+00  1.207148e+02
     vertex  1.400000e+01  2.500000e+00  1.005000e+02
     vertex  3.140810e+01  2.500000e+00  1.207576e+02
   endloop
 endfacet
 facet normal -1.453860e-17  1.000000e+00 -9.588667e-18
   outer loop
     vertex  3.068378e+01  2.500000e+00  1.215176e+02
     vertex  3.072532e+01  2.500000e+00  1.214546e+02
     vertex  1.400000e+01  2.500000e+00  1.005000e+02
   endloop
 endfacet
 facet normal -9.140899e-18  1.000000e+00 -1.406871e-17
   outer loop
     vertex  3.153349e+01  2.500000e+00  1.206737e+02
     vertex  1.400000e+01  2.500000e+00  1.005000e+02
     vertex  3.147022e+01  2.500000e+00  1.207148e+02
   endloop
 endfacet
 facet normal -1.493614e-17  1.000000e+00 -9.273098e-18
   outer loop
     vertex  3.064398e+01  2.500000e+00  1.215817e+02
     vertex  3.068378e+01  2.500000e+00  1.215176e+02
     vertex  1.400000e+01  2.500000e+00  1.005000e+02
   endloop
 endfacet
 facet normal -8.788612e-18  1.000000e+00 -1.437489e-17
   outer loop
     vertex  3.159786e+01  2.500000e+00  1.206343e+02
     vertex  1.400000e+01  2.500000e+00  1.005000e+02
     vertex  3.153349e+01  2.500000e+00  1.206737e+02
   endloop
 endfacet
 facet normal -1.534285e-17  1.000000e+00 -8.951998e-18
   outer loop
     vertex  3.060595e+01  2.500000e+00  1.216468e+02
     vertex  3.064398e+01  2.500000e+00  1.215817e+02
     vertex  1.400000e+01  2.500000e+00  1.005000e+02
   endloop
 endfacet
 facet normal -8.433721e-18  1.000000e+00 -1.468507e-17
   outer loop
     vertex  3.166329e+01  2.500000e+00  1.205967e+02
     vertex  1.400000e+01  2.500000e+00  1.005000e+02
     vertex  3.159786e+01  2.500000e+00  1.206343e+02
   endloop
 endfacet
 facet normal -1.575975e-17  1.000000e+00 -8.624622e-18
   outer loop
     vertex  3.056973e+01  2.500000e+00  1.217130e+02
     vertex  3.060595e+01  2.500000e+00  1.216468e+02
     vertex  1.400000e+01  2.500000e+00  1.005000e+02
   endloop
 endfacet
 facet normal -8.075562e-18  1.000000e+00 -1.499986e-17
   outer loop
     vertex  3.172973e+01  2.500000e+00  1.205610e+02
     vertex  1.400000e+01  2.500000e+00  1.005000e+02
     vertex  3.166329e+01  2.500000e+00  1.205967e+02
   endloop
 endfacet
 facet normal -1.618793e-17  1.000000e+00 -8.290167e-18
   outer loop
     vertex  3.053534e+01  2.500000e+00  1.217802e+02
     vertex  3.056973e+01  2.500000e+00  1.217130e+02
     vertex  1.400000e+01  2.500000e+00  1.005000e+02
   endloop
 endfacet
 facet normal -7.713447e-18  1.000000e+00 -1.531990e-17
   outer loop
     vertex  3.179712e+01  2.500000e+00  1.205270e+02
     vertex  1.400000e+01  2.500000e+00  1.005000e+02
     vertex  3.172973e+01  2.500000e+00  1.205610e+02
   endloop
 endfacet
 facet normal -1.662858e-17  1.000000e+00 -7.947768e-18
   outer loop
     vertex  3.050280e+01  2.500000e+00  1.218483e+02
     vertex  3.053534e+01  2.500000e+00  1.217802e+02
     vertex  1.400000e+01  2.500000e+00  1.005000e+02
   endloop
 endfacet
 facet normal -7.346654e-18  1.000000e+00 -1.564585e-17
   outer loop
     vertex  3.186541e+01  2.500000e+00  1.204950e+02
     vertex  1.400000e+01  2.500000e+00  1.005000e+02
     vertex  3.179712e+01  2.500000e+00  1.205270e+02
   endloop
 endfacet
 facet normal -1.708301e-17  1.000000e+00 -7.596485e-18
   outer loop
     vertex  3.047215e+01  2.500000e+00  1.219172e+02
     vertex  3.050280e+01  2.500000e+00  1.218483e+02
     vertex  1.400000e+01  2.500000e+00  1.005000e+02
   endloop
 endfacet
 facet normal -6.974426e-18  1.000000e+00 -1.597843e-17
   outer loop
     vertex  3.193456e+01  2.500000e+00  1.204648e+02
     vertex  1.400000e+01  2.500000e+00  1.005000e+02
     vertex  3.186541e+01  2.500000e+00  1.204950e+02
   endloop
 endfacet
 facet normal -1.755263e-17  1.000000e+00 -7.235296e-18
   outer loop
     vertex  3.044339e+01  2.500000e+00  1.219870e+02
     vertex  3.047215e+01  2.500000e+00  1.219172e+02
     vertex  1.400000e+01  2.500000e+00  1.005000e+02
   endloop
 endfacet
 facet normal -6.595961e-18  1.000000e+00 -1.631841e-17
   outer loop
     vertex  3.200452e+01  2.500000e+00  1.204365e+02
     vertex  1.400000e+01  2.500000e+00  1.005000e+02
     vertex  3.193456e+01  2.500000e+00  1.204648e+02
   endloop
 endfacet
 facet normal -1.803901e-17  1.000000e+00 -6.863078e-18
   outer loop
     vertex  3.041656e+01  2.500000e+00  1.220575e+02
     vertex  3.044339e+01  2.500000e+00  1.219870e+02
     vertex  1.400000e+01  2.500000e+00  1.005000e+02
   endloop
 endfacet
 facet normal -6.210404e-18  1.000000e+00 -1.666661e-17
   outer loop
     vertex  3.207522e+01  2.500000e+00  1.204102e+02
     vertex  1.400000e+01  2.500000e+00  1.005000e+02
     vertex  3.200452e+01  2.500000e+00  1.204365e+02
   endloop
 endfacet
 facet normal -1.854390e-17  1.000000e+00 -6.478594e-18
   outer loop
     vertex  3.039168e+01  2.500000e+00  1.221287e+02
     vertex  3.041656e+01  2.500000e+00  1.220575e+02
     vertex  1.400000e+01  2.500000e+00  1.005000e+02
   endloop
 endfacet
 facet normal -5.816844e-18  1.000000e+00 -1.702390e-17
   outer loop
     vertex  3.214662e+01  2.500000e+00  1.203858e+02
     vertex  1.400000e+01  2.500000e+00  1.005000e+02
     vertex  3.207522e+01  2.500000e+00  1.204102e+02
   endloop
 endfacet
 facet normal -1.906921e-17  1.000000e+00 -6.080477e-18
   outer loop
     vertex  3.036876e+01  2.500000e+00  1.222006e+02
     vertex  3.039168e+01  2.500000e+00  1.221287e+02
     vertex  1.400000e+01  2.500000e+00  1.005000e+02
   endloop
 endfacet
 facet normal -5.414296e-18  1.000000e+00 -1.739124e-17
   outer loop
     vertex  3.221866e+01  2.500000e+00  1.203633e+02
     vertex  1.400000e+01  2.500000e+00  1.005000e+02
     vertex  3.214662e+01  2.500000e+00  1.203858e+02
   endloop
 endfacet
 facet normal -1.961710e-17  1.000000e+00 -5.667206e-18
   outer loop
     vertex  3.034782e+01  2.500000e+00  1.222731e+02
     vertex  3.036876e+01  2.500000e+00  1.222006e+02
     vertex  1.400000e+01  2.500000e+00  1.005000e+02
   endloop
 endfacet
 facet normal -5.001699e-18  1.000000e+00 -1.776967e-17
   outer loop
     vertex  3.229128e+01  2.500000e+00  1.203429e+02
     vertex  1.400000e+01  2.500000e+00  1.005000e+02
     vertex  3.221866e+01  2.500000e+00  1.203633e+02
   endloop
 endfacet
 facet normal -2.018997e-17  1.000000e+00 -5.237080e-18
   outer loop
     vertex  3.032887e+01  2.500000e+00  1.223461e+02
     vertex  3.034782e+01  2.500000e+00  1.222731e+02
     vertex  1.400000e+01  2.500000e+00  1.005000e+02
   endloop
 endfacet
 facet normal -4.577897e-18  1.000000e+00 -1.816034e-17
   outer loop
     vertex  3.236445e+01  2.500000e+00  1.203244e+02
     vertex  1.400000e+01  2.500000e+00  1.005000e+02
     vertex  3.229128e+01  2.500000e+00  1.203429e+02
   endloop
 endfacet
 facet normal -2.079053e-17  1.000000e+00 -4.788190e-18
   outer loop
     vertex  3.031194e+01  2.500000e+00  1.224196e+02
     vertex  3.032887e+01  2.500000e+00  1.223461e+02
     vertex  1.400000e+01  2.500000e+00  1.005000e+02
   endloop
 endfacet
 facet normal -4.141630e-18  1.000000e+00 -1.856447e-17
   outer loop
     vertex  3.243809e+01  2.500000e+00  1.203080e+02
     vertex  1.400000e+01  2.500000e+00  1.005000e+02
     vertex  3.236445e+01  2.500000e+00  1.203244e+02
   endloop
 endfacet
 facet normal  0.000000e+00  1.000000e+00 -2.241967e-17
   outer loop
     vertex  3.243809e+01  2.500000e+00  1.203080e+02
     vertex  4.400000e+01  2.500000e+00  1.005000e+02
     vertex  1.400000e+01  2.500000e+00  1.005000e+02
   endloop
 endfacet
 facet normal -2.142185e-17  1.000000e+00 -4.318383e-18
   outer loop
     vertex  3.029703e+01  2.500000e+00  1.224936e+02
     vertex  3.031194e+01  2.500000e+00  1.224196e+02
     vertex  1.400000e+01  2.500000e+00  1.005000e+02
   endloop
 endfacet
 facet normal -4.917928e-18  1.000000e+00 -2.529025e-17
   outer loop
     vertex  3.251215e+01  2.500000e+00  1.202936e+02
     vertex  4.400000e+01  2.500000e+00  1.005000e+02
     vertex  3.243809e+01  2.500000e+00  1.203080e+02
   endloop
 endfacet
 facet normal -2.208740e-17  1.000000e+00 -3.825213e-18
   outer loop
     vertex  3.028415e+01  2.500000e+00  1.225679e+02
     vertex  3.029703e+01  2.500000e+00  1.224936e+02
     vertex  1.400000e+01  2.500000e+00  1.005000e+02
   endloop
 endfacet
 facet normal -4.124975e-18  1.000000e+00 -2.483004e-17
   outer loop
     vertex  3.258658e+01  2.500000e+00  1.202813e+02
     vertex  4.400000e+01  2.500000e+00  1.005000e+02
     vertex  3.251215e+01  2.500000e+00  1.202936e+02
   endloop
 endfacet
 facet normal -2.279117e-17  1.000000e+00 -3.305893e-18
   outer loop
     vertex  3.027332e+01  2.500000e+00  1.226426e+02
     vertex  3.028415e+01  2.500000e+00  1.225679e+02
     vertex  1.400000e+01  2.500000e+00  1.005000e+02
   endloop
 endfacet
 facet normal -3.367571e-18  1.000000e+00 -2.439303e-17
   outer loop
     vertex  3.266132e+01  2.500000e+00  1.202709e+02
     vertex  4.400000e+01  2.500000e+00  1.005000e+02
     vertex  3.258658e+01  2.500000e+00  1.202813e+02
   endloop
 endfacet
 facet normal -2.353773e-17  1.000000e+00 -2.757227e-18
   outer loop
     vertex  3.026454e+01  2.500000e+00  1.227175e+02
     vertex  3.027332e+01  2.500000e+00  1.226426e+02
     vertex  1.400000e+01  2.500000e+00  1.005000e+02
   endloop
 endfacet
 facet normal -2.642087e-18  1.000000e+00 -2.397696e-17
   outer loop
     vertex  3.273632e+01  2.500000e+00  1.202627e+02
     vertex  4.400000e+01  2.500000e+00  1.005000e+02
     vertex  3.266132e+01  2.500000e+00  1.202709e+02
   endloop
 endfacet
 facet normal -2.433233e-17  1.000000e+00 -2.175528e-18
   outer loop
     vertex  3.025782e+01  2.500000e+00  1.227927e+02
     vertex  3.026454e+01  2.500000e+00  1.227175e+02
     vertex  1.400000e+01  2.500000e+00  1.005000e+02
   endloop
 endfacet
 facet normal -1.945310e-18  1.000000e+00 -2.357984e-17
   outer loop
     vertex  3.281152e+01  2.500000e+00  1.202565e+02
     vertex  4.400000e+01  2.500000e+00  1.005000e+02
     vertex  3.273632e+01  2.500000e+00  1.202627e+02
   endloop
 endfacet
 facet normal -2.518112e-17  1.000000e+00 -1.556518e-18
   outer loop
     vertex  3.025317e+01  2.500000e+00  1.228680e+02
     vertex  3.025782e+01  2.500000e+00  1.227927e+02
     vertex  1.400000e+01  2.500000e+00  1.005000e+02
   endloop
 endfacet
 facet normal -1.274372e-18  1.000000e+00 -2.319987e-17
   outer loop
     vertex  3.288685e+01  2.500000e+00  1.202523e+02
     vertex  4.400000e+01  2.500000e+00  1.005000e+02
     vertex  3.281152e+01  2.500000e+00  1.202565e+02
   endloop
 endfacet
 facet normal -2.609124e-17  1.000000e+00 -8.951988e-19
   outer loop
     vertex  3.025058e+01  2.500000e+00  1.229434e+02
     vertex  3.025317e+01  2.500000e+00  1.228680e+02
     vertex  1.400000e+01  2.500000e+00  1.005000e+02
   endloop
 endfacet
 facet normal -6.267055e-19  1.000000e+00 -2.283548e-17
   outer loop
     vertex  3.296227e+01  2.500000e+00  1.202503e+02
     vertex  4.400000e+01  2.500000e+00  1.005000e+02
     vertex  3.288685e+01  2.500000e+00  1.202523e+02
   endloop
 endfacet
 facet normal -2.707113e-17  1.000000e+00 -1.856939e-19
   outer loop
     vertex  3.025006e+01  2.500000e+00  1.230189e+02
     vertex  3.025058e+01  2.500000e+00  1.229434e+02
     vertex  1.400000e+01  2.500000e+00  1.005000e+02
   endloop
 endfacet
 facet normal  0.000000e+00  1.000000e+00 -2.248523e-17
   outer loop
     vertex  3.303773e+01  2.500000e+00  1.202503e+02
     vertex  4.400000e+01  2.500000e+00  1.005000e+02
     vertex  3.296227e+01  2.500000e+00  1.202503e+02
   endloop
 endfacet
 facet normal -2.813076e-17  1.000000e+00  5.789599e-19
   outer loop
     vertex  3.025162e+01  2.500000e+00  1.230943e+02
     vertex  3.025006e+01  2.500000e+00  1.230189e+02
     vertex  1.400000e+01  2.500000e+00  1.005000e+02
   endloop
 endfacet
 facet normal  6.078342e-19  1.000000e+00 -2.214786e-17
   outer loop
     vertex  3.311315e+01  2.500000e+00  1.202523e+02
     vertex  4.400000e+01  2.500000e+00  1.005000e+02
     vertex  3.303773e+01  2.500000e+00  1.202503e+02
   endloop
 endfacet
 facet normal -2.928208e-17  1.000000e+00  1.407078e-18
   outer loop
     vertex  3.025524e+01  2.500000e+00  1.231697e+02
     vertex  3.025162e+01  2.500000e+00  1.230943e+02
     vertex  1.400000e+01  2.500000e+00  1.005000e+02
   endloop
 endfacet
 facet normal  1.198696e-18  1.000000e+00 -2.182220e-17
   outer loop
     vertex  3.318848e+01  2.500000e+00  1.202565e+02
     vertex  4.400000e+01  2.500000e+00  1.005000e+02
     vertex  3.311315e+01  2.500000e+00  1.202523e+02
   endloop
 endfacet
 facet normal -3.053946e-17  1.000000e+00  2.308680e-18
   outer loop
     vertex  3.026093e+01  2.500000e+00  1.232449e+02
     vertex  3.025524e+01  2.500000e+00  1.231697e+02
     vertex  1.400000e+01  2.500000e+00  1.005000e+02
   endloop
 endfacet
 facet normal  1.774319e-18  1.000000e+00 -2.150719e-17
   outer loop
     vertex  3.326368e+01  2.500000e+00  1.202627e+02
     vertex  4.400000e+01  2.500000e+00  1.005000e+02
     vertex  3.318848e+01  2.500000e+00  1.202565e+02
   endloop
 endfacet
 facet normal -3.192040e-17  1.000000e+00  3.295947e-18
   outer loop
     vertex  3.026868e+01  2.500000e+00  1.233199e+02
     vertex  3.026093e+01  2.500000e+00  1.232449e+02
     vertex  1.400000e+01  2.500000e+00  1.005000e+02
   endloop
 endfacet
 facet normal  2.336295e-18  1.000000e+00 -2.120189e-17
   outer loop
     vertex  3.333868e+01  2.500000e+00  1.202709e+02
     vertex  4.400000e+01  2.500000e+00  1.005000e+02
     vertex  3.326368e+01  2.500000e+00  1.202627e+02
   endloop
 endfacet
 facet normal -3.344639e-17  1.000000e+00  4.383853e-18
   outer loop
     vertex  3.027848e+01  2.500000e+00  1.233948e+02
     vertex  3.026868e+01  2.500000e+00  1.233199e+02
     vertex  1.400000e+01  2.500000e+00  1.005000e+02
   endloop
 endfacet
 facet normal  9.103748e-33  1.000000e+00 -1.939698e-17
   outer loop
     vertex  3.027848e+01  2.500000e+00  1.233948e+02
     vertex  1.400000e+01  2.500000e+00  1.005000e+02
     vertex -3.027848e+01  2.500000e+00  1.233948e+02
   endloop
 endfacet
 facet normal  2.886090e-18  1.000000e+00 -2.090542e-17
   outer loop
     vertex  3.341342e+01  2.500000e+00  1.202813e+02
     vertex  4.400000e+01  2.500000e+00  1.005000e+02
     vertex  3.333868e+01  2.500000e+00  1.202709e+02
   endloop
 endfacet
 facet normal  0.000000e+00  1.000000e+00  0.000000e+00
   outer loop
     vertex  3.029034e+01  2.500000e+00  1.234693e+02
     vertex  3.027848e+01  2.500000e+00  1.233948e+02
     vertex -3.027848e+01  2.500000e+00  1.233948e+02
   endloop
 endfacet
 facet normal  0.000000e+00  1.000000e+00  0.000000e+00
   outer loop
     vertex  3.029034e+01  2.500000e+00  1.234693e+02
     vertex -3.027848e+01  2.500000e+00  1.233948e+02
     vertex -3.029034e+01  2.500000e+00  1.234693e+02
   endloop
 endfacet
 facet normal  3.425065e-18  1.000000e+00 -2.061697e-17
   outer loop
     vertex  3.348785e+01  2.500000e+00  1.202936e+02
     vertex  4.400000e+01  2.500000e+00  1.005000e+02
     vertex  3.341342e+01  2.500000e+00  1.202813e+02
   endloop
 endfacet
 facet normal  0.000000e+00  1.000000e+00  0.000000e+00
   outer loop
     vertex  3.030423e+01  2.500000e+00  1.235434e+02
     vertex  3.029034e+01  2.500000e+00  1.234693e+02
     vertex -3.029034e+01  2.500000e+00  1.234693e+02
   endloop
 endfacet
 facet normal  0.000000e+00  1.000000e+00  0.000000e+00
   outer loop
     vertex  3.030423e+01  2.500000e+00  1.235434e+02
     vertex -3.030423e+01  2.500000e+00  1.235434e+02
     vertex -3.032015e+01  2.500000e+00  1.236172e+02
   endloop
 endfacet
 facet normal  0.000000e+00  1.000000e+00  0.000000e+00
   outer loop
     vertex  3.030423e+01  2.500000e+00  1.235434e+02
     vertex -3.029034e+01  2.500000e+00  1.234693e+02
     vertex -3.030423e+01  2.500000e+00  1.235434e+02
   endloop
 endfacet
 facet normal  3.954487e-18  1.000000e+00 -2.033580e-17
   outer loop
     vertex  3.356191e+01  2.500000e+00  1.203080e+02
     vertex  4.400000e+01  2.500000e+00  1.005000e+02
     vertex  3.348785e+01  2.500000e+00  1.202936e+02
   endloop
 endfacet
 facet normal  0.000000e+00  1.000000e+00  0.000000e+00
   outer loop
     vertex  3.032015e+01  2.500000e+00  1.236172e+02
     vertex  3.030423e+01  2.500000e+00  1.235434e+02
     vertex -3.032015e+01  2.500000e+00  1.236172e+02
   endloop
 endfacet
 facet normal  4.475546e-18  1.000000e+00 -2.006122e-17
   outer loop
     vertex  3.363555e+01  2.500000e+00  1.203244e+02
     vertex  4.400000e+01  2.500000e+00  1.005000e+02
     vertex  3.356191e+01  2.500000e+00  1.203080e+02
   endloop
 endfacet
 facet normal  0.000000e+00  1.000000e+00  0.000000e+00
   outer loop
     vertex  3.033809e+01  2.500000e+00  1.236905e+02
     vertex  3.032015e+01  2.500000e+00  1.236172e+02
     vertex -3.032015e+01  2.500000e+00  1.236172e+02
   endloop
 endfacet
 facet normal  0.000000e+00  1.000000e+00  0.000000e+00
   outer loop
     vertex  3.033809e+01  2.500000e+00  1.236905e+02
     vertex -3.033809e+01  2.500000e+00  1.236905e+02
     vertex -3.035804e+01  2.500000e+00  1.237632e+02
   endloop
 endfacet
 facet normal  0.000000e+00  1.000000e+00  0.000000e+00
   outer loop
     vertex  3.033809e+01  2.500000e+00  1.236905e+02
     vertex -3.032015e+01  2.500000e+00  1.236172e+02
     vertex -3.033809e+01  2.500000e+00  1.236905e+02
   endloop
 endfacet
 facet normal  4.989360e-18  1.000000e+00 -1.979259e-17
   outer loop
     vertex  3.370872e+01  2.500000e+00  1.203429e+02
     vertex  4.400000e+01  2.500000e+00  1.005000e+02
     vertex  3.363555e+01  2.500000e+00  1.203244e+02
   endloop
 endfacet
 facet normal  0.000000e+00  1.000000e+00  0.000000e+00
   outer loop
     vertex  3.035804e+01  2.500000e+00  1.237632e+02
     vertex  3.033809e+01  2.500000e+00  1.236905e+02
     vertex -3.035804e+01  2.500000e+00  1.237632e+02
   endloop
 endfacet
 facet normal  5.496992e-18  1.000000e+00 -1.952932e-17
   outer loop
     vertex  3.378134e+01  2.500000e+00  1.203633e+02
     vertex  4.400000e+01  2.500000e+00  1.005000e+02
     vertex  3.370872e+01  2.500000e+00  1.203429e+02
   endloop
 endfacet
 facet normal  0.000000e+00  1.000000e+00  0.000000e+00
   outer loop
     vertex  3.037997e+01  2.500000e+00  1.238354e+02
     vertex  3.035804e+01  2.500000e+00  1.237632e+02
     vertex -3.035804e+01  2.500000e+00  1.237632e+02
   endloop
 endfacet
 facet normal  0.000000e+00  1.000000e+00  0.000000e+00
   outer loop
     vertex  3.037997e+01  2.500000e+00  1.238354e+02
     vertex -3.037997e+01  2.500000e+00  1.238354e+02
     vertex -3.040388e+01  2.500000e+00  1.239070e+02
   endloop
 endfacet
 facet normal  0.000000e+00  1.000000e+00  0.000000e+00
   outer loop
     vertex  3.037997e+01  2.500000e+00  1.238354e+02
     vertex -3.035804e+01  2.500000e+00  1.237632e+02
     vertex -3.037997e+01  2.500000e+00  1.238354e+02
   endloop
 endfacet
 facet normal  5.999455e-18  1.000000e+00 -1.927082e-17
   outer loop
     vertex  3.385338e+01  2.500000e+00  1.203858e+02
     vertex  4.400000e+01  2.500000e+00  1.005000e+02
     vertex  3.378134e+01  2.500000e+00  1.203633e+02
   endloop
 endfacet
 facet normal  0.000000e+00  1.000000e+00  0.000000e+00
   outer loop
     vertex  3.040388e+01  2.500000e+00  1.239070e+02
     vertex  3.037997e+01  2.500000e+00  1.238354e+02
     vertex -3.040388e+01  2.500000e+00  1.239070e+02
   endloop
 endfacet
 facet normal  0.000000e+00  1.000000e+00  0.000000e+00
   outer loop
     vertex  3.040388e+01  2.500000e+00  1.239070e+02
     vertex -3.040388e+01  2.500000e+00  1.239070e+02
     vertex -3.042974e+01  2.500000e+00  1.239779e+02
   endloop
 endfacet
 facet normal  6.497720e-18  1.000000e+00 -1.901659e-17
   outer loop
     vertex  3.392478e+01  2.500000e+00  1.204102e+02
     vertex  4.400000e+01  2.500000e+00  1.005000e+02
     vertex  3.385338e+01  2.500000e+00  1.203858e+02
   endloop
 endfacet
 facet normal  0.000000e+00  1.000000e+00  0.000000e+00
   outer loop
     vertex  3.042974e+01  2.500000e+00  1.239779e+02
     vertex  3.040388e+01  2.500000e+00  1.239070e+02
     vertex -3.042974e+01  2.500000e+00  1.239779e+02
   endloop
 endfacet
 facet normal  6.992728e-18  1.000000e+00 -1.876610e-17
   outer loop
     vertex  3.399548e+01  2.500000e+00  1.204365e+02
     vertex  4.400000e+01  2.500000e+00  1.005000e+02
     vertex  3.392478e+01  2.500000e+00  1.204102e+02
   endloop
 endfacet
 facet normal  0.000000e+00  1.000000e+00  0.000000e+00
   outer loop
     vertex  3.045753e+01  2.500000e+00  1.240480e+02
     vertex  3.042974e+01  2.500000e+00  1.239779e+02
     vertex -3.042974e+01  2.500000e+00  1.239779e+02
   endloop
 endfacet
 facet normal  0.000000e+00  1.000000e+00  0.000000e+00
   outer loop
     vertex  3.045753e+01  2.500000e+00  1.240480e+02
     vertex -3.042974e+01  2.500000e+00  1.239779e+02
     vertex -3.045753e+01  2.500000e+00  1.240480e+02
   endloop
 endfacet
 facet normal  7.485392e-18  1.000000e+00 -1.851887e-17
   outer loop
     vertex  3.406544e+01  2.500000e+00  1.204648e+02
     vertex  4.400000e+01  2.500000e+00  1.005000e+02
     vertex  3.399548e+01  2.500000e+00  1.204365e+02
   endloop
 endfacet
 facet normal  0.000000e+00  1.000000e+00  0.000000e+00
   outer loop
     vertex  3.048724e+01  2.500000e+00  1.241174e+02
     vertex  3.045753e+01  2.500000e+00  1.240480e+02
     vertex -3.045753e+01  2.500000e+00  1.240480e+02
   endloop
 endfacet
 facet normal  0.000000e+00  1.000000e+00  0.000000e+00
   outer loop
     vertex  3.048724e+01  2.500000e+00  1.241174e+02
     vertex -3.048724e+01  2.500000e+00  1.241174e+02
     vertex -3.051884e+01  2.500000e+00  1.241859e+02
   endloop
 endfacet
 facet normal  0.000000e+00  1.000000e+00  0.000000e+00
   outer loop
     vertex  3.048724e+01  2.500000e+00  1.241174e+02
     vertex -3.045753e+01  2.500000e+00  1.240480e+02
     vertex -3.048724e+01  2.500000e+00  1.241174e+02
   endloop
 endfacet
 facet normal  7.976608e-18  1.000000e+00 -1.827444e-17
   outer loop
     vertex  3.413459e+01  2.500000e+00  1.204950e+02
     vertex  4.400000e+01  2.500000e+00  1.005000e+02
     vertex  3.406544e+01  2.500000e+00  1.204648e+02
   endloop
 endfacet
 facet normal  0.000000e+00  1.000000e+00  0.000000e+00
   outer loop
     vertex  3.051884e+01  2.500000e+00  1.241859e+02
     vertex  3.048724e+01  2.500000e+00  1.241174e+02
     vertex -3.051884e+01  2.500000e+00  1.241859e+02
   endloop
 endfacet
 facet normal  0.000000e+00  1.000000e+00  0.000000e+00
   outer loop
     vertex  3.051884e+01  2.500000e+00  1.241859e+02
     vertex -3.051884e+01  2.500000e+00  1.241859e+02
     vertex -3.055231e+01  2.500000e+00  1.242535e+02
   endloop
 endfacet
 facet normal  8.467258e-18  1.000000e+00 -1.803235e-17
   outer loop
     vertex  3.420288e+01  2.500000e+00  1.205270e+02
     vertex  4.400000e+01  2.500000e+00  1.005000e+02
     vertex  3.413459e+01  2.500000e+00  1.204950e+02
   endloop
 endfacet
 facet normal  0.000000e+00  1.000000e+00  0.000000e+00
   outer loop
     vertex  3.055231e+01  2.500000e+00  1.242535e+02
     vertex  3.051884e+01  2.500000e+00  1.241859e+02
     vertex -3.055231e+01  2.500000e+00  1.242535e+02
   endloop
 endfacet
 facet normal  0.000000e+00  1.000000e+00  0.000000e+00
   outer loop
     vertex  3.055231e+01  2.500000e+00  1.242535e+02
     vertex -3.055231e+01  2.500000e+00  1.242535e+02
     vertex -3.058762e+01  2.500000e+00  1.243202e+02
   endloop
 endfacet
 facet normal  8.958219e-18  1.000000e+00 -1.779218e-17
   outer loop
     vertex  3.427027e+01  2.500000e+00  1.205610e+02
     vertex  4.400000e+01  2.500000e+00  1.005000e+02
     vertex  3.420288e+01  2.500000e+00  1.205270e+02
   endloop
 endfacet
 facet normal  0.000000e+00  1.000000e+00  0.000000e+00
   outer loop
     vertex  3.058762e+01  2.500000e+00  1.243202e+02
     vertex  3.055231e+01  2.500000e+00  1.242535e+02
     vertex -3.058762e+01  2.500000e+00  1.243202e+02
   endloop
 endfacet
 facet normal  0.000000e+00  1.000000e+00  0.000000e+00
   outer loop
     vertex  3.058762e+01  2.500000e+00  1.243202e+02
     vertex -3.058762e+01  2.500000e+00  1.243202e+02
     vertex -3.062474e+01  2.500000e+00  1.243859e+02
   endloop
 endfacet
 facet normal  9.450368e-18  1.000000e+00 -1.755348e-17
   outer loop
     vertex  3.433671e+01  2.500000e+00  1.205967e+02
     vertex  4.400000e+01  2.500000e+00  1.005000e+02
     vertex  3.427027e+01  2.500000e+00  1.205610e+02
   endloop
 endfacet
 facet normal  0.000000e+00  1.000000e+00  0.000000e+00
   outer loop
     vertex  3.062474e+01  2.500000e+00  1.243859e+02
     vertex  3.058762e+01  2.500000e+00  1.243202e+02
     vertex -3.062474e+01  2.500000e+00  1.243859e+02
   endloop
 endfacet
 facet normal  9.944586e-18  1.000000e+00 -1.731584e-17
   outer loop
     vertex  3.440214e+01  2.500000e+00  1.206343e+02
     vertex  4.400000e+01  2.500000e+00  1.005000e+02
     vertex  3.433671e+01  2.500000e+00  1.205967e+02
   endloop
 endfacet
 facet normal  0.000000e+00  1.000000e+00  0.000000e+00
   outer loop
     vertex  3.066366e+01  2.500000e+00  1.244505e+02
     vertex  3.062474e+01  2.500000e+00  1.243859e+02
     vertex -3.062474e+01  2.500000e+00  1.243859e+02
   endloop
 endfacet
 facet normal  0.000000e+00  1.000000e+00  0.000000e+00
   outer loop
     vertex  3.066366e+01  2.500000e+00  1.244505e+02
     vertex -3.066366e+01  2.500000e+00  1.244505e+02
     vertex -3.070433e+01  2.500000e+00  1.245141e+02
   endloop
 endfacet
 facet normal  0.000000e+00  1.000000e+00  0.000000e+00
   outer loop
     vertex  3.066366e+01  2.500000e+00  1.244505e+02
     vertex -3.062474e+01  2.500000e+00  1.243859e+02
     vertex -3.066366e+01  2.500000e+00  1.244505e+02
   endloop
 endfacet
 facet normal  1.044177e-17  1.000000e+00 -1.707884e-17
   outer loop
     vertex  3.446651e+01  2.500000e+00  1.206737e+02
     vertex  4.400000e+01  2.500000e+00  1.005000e+02
     vertex  3.440214e+01  2.500000e+00  1.206343e+02
   endloop
 endfacet
 facet normal  0.000000e+00  1.000000e+00  0.000000e+00
   outer loop
     vertex  3.070433e+01  2.500000e+00  1.245141e+02
     vertex -3.070433e+01  2.500000e+00  1.245141e+02
     vertex -3.074673e+01  2.500000e+00  1.245765e+02
   endloop
 endfacet
 facet normal  0.000000e+00  1.000000e+00  0.000000e+00
   outer loop
     vertex  3.070433e+01  2.500000e+00  1.245141e+02
     vertex  3.066366e+01  2.500000e+00  1.244505e+02
     vertex -3.070433e+01  2.500000e+00  1.245141e+02
   endloop
 endfacet
 facet normal  1.094283e-17  1.000000e+00 -1.684205e-17
   outer loop
     vertex  3.452978e+01  2.500000e+00  1.207148e+02
     vertex  4.400000e+01  2.500000e+00  1.005000e+02
     vertex  3.446651e+01  2.500000e+00  1.206737e+02
   endloop
 endfacet
 facet normal  0.000000e+00  1.000000e+00  0.000000e+00
   outer loop
     vertex  3.074673e+01  2.500000e+00  1.245765e+02
     vertex -3.074673e+01  2.500000e+00  1.245765e+02
     vertex -3.079083e+01  2.500000e+00  1.246377e+02
   endloop
 endfacet
 facet normal  0.000000e+00  1.000000e+00  0.000000e+00
   outer loop
     vertex  3.074673e+01  2.500000e+00  1.245765e+02
     vertex  3.070433e+01  2.500000e+00  1.245141e+02
     vertex -3.074673e+01  2.500000e+00  1.245765e+02
   endloop
 endfacet
 facet normal  1.144871e-17  1.000000e+00 -1.660506e-17
   outer loop
     vertex  3.459190e+01  2.500000e+00  1.207576e+02
     vertex  4.400000e+01  2.500000e+00  1.005000e+02
     vertex  3.452978e+01  2.500000e+00  1.207148e+02
   endloop
 endfacet
 facet normal  0.000000e+00  1.000000e+00  0.000000e+00
   outer loop
     vertex  3.079083e+01  2.500000e+00  1.246377e+02
     vertex  3.074673e+01  2.500000e+00  1.245765e+02
     vertex -3.079083e+01  2.500000e+00  1.246377e+02
   endloop
 endfacet
 facet normal  1.196038e-17  1.000000e+00 -1.636742e-17
   outer loop
     vertex  3.465281e+01  2.500000e+00  1.208021e+02
     vertex  4.400000e+01  2.500000e+00  1.005000e+02
     vertex  3.459190e+01  2.500000e+00  1.207576e+02
   endloop
 endfacet
 facet normal  0.000000e+00  1.000000e+00  0.000000e+00
   outer loop
     vertex  3.083659e+01  2.500000e+00  1.246977e+02
     vertex -3.079083e+01  2.500000e+00  1.246377e+02
     vertex -3.083659e+01  2.500000e+00  1.246977e+02
   endloop
 endfacet
 facet normal  0.000000e+00  1.000000e+00  0.000000e+00
   outer loop
     vertex  3.083659e+01  2.500000e+00  1.246977e+02
     vertex  3.079083e+01  2.500000e+00  1.246377e+02
     vertex -3.079083e+01  2.500000e+00  1.246377e+02
   endloop
 endfacet
 facet normal  1.247885e-17  1.000000e+00 -1.612872e-17
   outer loop
     vertex  3.471249e+01  2.500000e+00  1.208483e+02
     vertex  4.400000e+01  2.500000e+00  1.005000e+02
     vertex  3.465281e+01  2.500000e+00  1.208021e+02
   endloop
 endfacet
 facet normal  0.000000e+00  1.000000e+00  0.000000e+00
   outer loop
     vertex  3.088398e+01  2.500000e+00  1.247564e+02
     vertex -3.088398e+01  2.500000e+00  1.247564e+02
     vertex -3.093296e+01  2.500000e+00  1.248138e+02
   endloop
 endfacet
 facet normal  0.000000e+00  1.000000e+00  0.000000e+00
   outer loop
     vertex  3.088398e+01  2.500000e+00  1.247564e+02
     vertex -3.083659e+01  2.500000e+00  1.246977e+02
     vertex -3.088398e+01  2.500000e+00  1.247564e+02
   endloop
 endfacet
 facet normal  0.000000e+00  1.000000e+00  0.000000e+00
   outer loop
     vertex  3.088398e+01  2.500000e+00  1.247564e+02
     vertex  3.083659e+01  2.500000e+00  1.246977e+02
     vertex -3.083659e+01  2.500000e+00  1.246977e+02
   endloop
 endfacet
 facet normal  1.300518e-17  1.000000e+00 -1.588849e-17
   outer loop
     vertex  3.477088e+01  2.500000e+00  1.208961e+02
     vertex  4.400000e+01  2.500000e+00  1.005000e+02
     vertex  3.471249e+01  2.500000e+00  1.208483e+02
   endloop
 endfacet
 facet normal  0.000000e+00  1.000000e+00  0.000000e+00
   outer loop
     vertex  3.093296e+01  2.500000e+00  1.248138e+02
     vertex  3.088398e+01  2.500000e+00  1.247564e+02
     vertex -3.093296e+01  2.500000e+00  1.248138e+02
   endloop
 endfacet
 facet normal  1.354049e-17  1.000000e+00 -1.564626e-17
   outer loop
     vertex  3.482793e+01  2.500000e+00  1.209454e+02
     vertex  4.400000e+01  2.500000e+00  1.005000e+02
     vertex  3.477088e+01  2.500000e+00  1.208961e+02
   endloop
 endfacet
 facet normal  0.000000e+00  1.000000e+00  0.000000e+00
   outer loop
     vertex  3.098350e+01  2.500000e+00  1.248698e+02
     vertex  3.093296e+01  2.500000e+00  1.248138e+02
     vertex -3.093296e+01  2.500000e+00  1.248138e+02
   endloop
 endfacet
 facet normal  0.000000e+00  1.000000e+00  0.000000e+00
   outer loop
     vertex  3.098350e+01  2.500000e+00  1.248698e+02
     vertex -3.093296e+01  2.500000e+00  1.248138e+02
     vertex -3.098350e+01  2.500000e+00  1.248698e+02
   endloop
 endfacet
 facet normal  1.408596e-17  1.000000e+00 -1.540156e-17
   outer loop
     vertex  3.488360e+01  2.500000e+00  1.209964e+02
     vertex  4.400000e+01  2.500000e+00  1.005000e+02
     vertex  3.482793e+01  2.500000e+00  1.209454e+02
   endloop
 endfacet
 facet normal  0.000000e+00  1.000000e+00  0.000000e+00
   outer loop
     vertex  3.103555e+01  2.500000e+00  1.249244e+02
     vertex  3.098350e+01  2.500000e+00  1.248698e+02
     vertex -3.098350e+01  2.500000e+00  1.248698e+02
   endloop
 endfacet
 facet normal  0.000000e+00  1.000000e+00  0.000000e+00
   outer loop
     vertex  3.103555e+01  2.500000e+00  1.249244e+02
     vertex -3.103555e+01  2.500000e+00  1.249244e+02
     vertex -3.108909e+01  2.500000e+00  1.249776e+02
   endloop
 endfacet
 facet normal  0.000000e+00  1.000000e+00  0.000000e+00
   outer loop
     vertex  3.103555e+01  2.500000e+00  1.249244e+02
     vertex -3.098350e+01  2.500000e+00  1.248698e+02
     vertex -3.103555e+01  2.500000e+00  1.249244e+02
   endloop
 endfacet
 facet normal  1.464285e-17  1.000000e+00 -1.515386e-17
   outer loop
     vertex  3.493786e+01  2.500000e+00  1.210488e+02
     vertex  4.400000e+01  2.500000e+00  1.005000e+02
     vertex  3.488360e+01  2.500000e+00  1.209964e+02
   endloop
 endfacet
 facet normal  0.000000e+00  1.000000e+00  0.000000e+00
   outer loop
     vertex  3.108909e+01  2.500000e+00  1.249776e+02
     vertex -3.108909e+01  2.500000e+00  1.249776e+02
     vertex -3.114406e+01  2.500000e+00  1.250293e+02
   endloop
 endfacet
 facet normal  0.000000e+00  1.000000e+00  0.000000e+00
   outer loop
     vertex  3.108909e+01  2.500000e+00  1.249776e+02
     vertex  3.103555e+01  2.500000e+00  1.249244e+02
     vertex -3.108909e+01  2.500000e+00  1.249776e+02
   endloop
 endfacet
 facet normal  1.521251e-17  1.000000e+00 -1.490264e-17
   outer loop
     vertex  3.499066e+01  2.500000e+00  1.211027e+02
     vertex  4.400000e+01  2.500000e+00  1.005000e+02
     vertex  3.493786e+01  2.500000e+00  1.210488e+02
   endloop
 endfacet
 facet normal  0.000000e+00  1.000000e+00  0.000000e+00
   outer loop
     vertex  3.114406e+01  2.500000e+00  1.250293e+02
     vertex  3.108909e+01  2.500000e+00  1.249776e+02
     vertex -3.114406e+01  2.500000e+00  1.250293e+02
   endloop
 endfacet
 facet normal  0.000000e+00  1.000000e+00  0.000000e+00
   outer loop
     vertex  3.114406e+01  2.500000e+00  1.250293e+02
     vertex -3.114406e+01  2.500000e+00  1.250293e+02
     vertex -3.120043e+01  2.500000e+00  1.250794e+02
   endloop
 endfacet
 facet normal  0.000000e+00  1.000000e+00  0.000000e+00
   outer loop
     vertex  3.120043e+01  2.500000e+00  1.250794e+02
     vertex  3.114406e+01  2.500000e+00  1.250293e+02
     vertex -3.120043e+01  2.500000e+00  1.250794e+02
   endloop
 endfacet
 facet normal  0.000000e+00  1.000000e+00  0.000000e+00
   outer loop
     vertex  3.120043e+01  2.500000e+00  1.250794e+02
     vertex -3.120043e+01  2.500000e+00  1.250794e+02
     vertex -3.125815e+01  2.500000e+00  1.251280e+02
   endloop
 endfacet
 facet normal  0.000000e+00  1.000000e+00  0.000000e+00
   outer loop
     vertex  3.125815e+01  2.500000e+00  1.251280e+02
     vertex  3.120043e+01  2.500000e+00  1.250794e+02
     vertex -3.125815e+01  2.500000e+00  1.251280e+02
   endloop
 endfacet
 facet normal  0.000000e+00  1.000000e+00  0.000000e+00
   outer loop
     vertex  3.125815e+01  2.500000e+00  1.251280e+02
     vertex -3.125815e+01  2.500000e+00  1.251280e+02
     vertex -3.131719e+01  2.500000e+00  1.251750e+02
   endloop
 endfacet
 facet normal  0.000000e+00  1.000000e+00  0.000000e+00
   outer loop
     vertex  3.131719e+01  2.500000e+00  1.251750e+02
     vertex  3.125815e+01  2.500000e+00  1.251280e+02
     vertex -3.131719e+01  2.500000e+00  1.251750e+02
   endloop
 endfacet
 facet normal  0.000000e+00  1.000000e+00  0.000000e+00
   outer loop
     vertex  3.131719e+01  2.500000e+00  1.251750e+02
     vertex -3.131719e+01  2.500000e+00  1.251750e+02
     vertex -3.137749e+01  2.500000e+00  1.252204e+02
   endloop
 endfacet
 facet normal  0.000000e+00  1.000000e+00  0.000000e+00
   outer loop
     vertex  3.137749e+01  2.500000e+00  1.252204e+02
     vertex  3.131719e+01  2.500000e+00  1.251750e+02
     vertex -3.137749e+01  2.500000e+00  1.252204e+02
   endloop
 endfacet
 facet normal  0.000000e+00  1.000000e+00  0.000000e+00
   outer loop
     vertex  3.143902e+01  2.500000e+00  1.252640e+02
     vertex  3.137749e+01  2.500000e+00  1.252204e+02
     vertex -3.137749e+01  2.500000e+00  1.252204e+02
   endloop
 endfacet
 facet normal  0.000000e+00  1.000000e+00  0.000000e+00
   outer loop
     vertex  3.143902e+01  2.500000e+00  1.252640e+02
     vertex -3.137749e+01  2.500000e+00  1.252204e+02
     vertex -3.143902e+01  2.500000e+00  1.252640e+02
   endloop
 endfacet
 facet normal  0.000000e+00  1.000000e+00  0.000000e+00
   outer loop
     vertex  3.150172e+01  2.500000e+00  1.253060e+02
     vertex  3.143902e+01  2.500000e+00  1.252640e+02
     vertex -3.143902e+01  2.500000e+00  1.252640e+02
   endloop
 endfacet
 facet normal  0.000000e+00  1.000000e+00  0.000000e+00
   outer loop
     vertex  3.150172e+01  2.500000e+00  1.253060e+02
     vertex -3.143902e+01  2.500000e+00  1.252640e+02
     vertex -3.150172e+01  2.500000e+00  1.253060e+02
   endloop
 endfacet
 facet normal  0.000000e+00  1.000000e+00  0.000000e+00
   outer loop
     vertex  3.156554e+01  2.500000e+00  1.253462e+02
     vertex  3.150172e+01  2.500000e+00  1.253060e+02
     vertex -3.150172e+01  2.500000e+00  1.253060e+02
   endloop
 endfacet
 facet normal  0.000000e+00  1.000000e+00  0.000000e+00
   outer loop
     vertex  3.156554e+01  2.500000e+00  1.253462e+02
     vertex -3.156554e+01  2.500000e+00  1.253462e+02
     vertex -3.163045e+01  2.500000e+00  1.253847e+02
   endloop
 endfacet
 facet normal  0.000000e+00  1.000000e+00  0.000000e+00
   outer loop
     vertex  3.156554e+01  2.500000e+00  1.253462e+02
     vertex -3.150172e+01  2.500000e+00  1.253060e+02
     vertex -3.156554e+01  2.500000e+00  1.253462e+02
   endloop
 endfacet
 facet normal  0.000000e+00  1.000000e+00  0.000000e+00
   outer loop
     vertex  3.163045e+01  2.500000e+00  1.253847e+02
     vertex  3.156554e+01  2.500000e+00  1.253462e+02
     vertex -3.163045e+01  2.500000e+00  1.253847e+02
   endloop
 endfacet
 facet normal  0.000000e+00  1.000000e+00  0.000000e+00
   outer loop
     vertex  3.169639e+01  2.500000e+00  1.254214e+02
     vertex  3.163045e+01  2.500000e+00  1.253847e+02
     vertex -3.163045e+01  2.500000e+00  1.253847e+02
   endloop
 endfacet
 facet normal  0.000000e+00  1.000000e+00  0.000000e+00
   outer loop
     vertex  3.169639e+01  2.500000e+00  1.254214e+02
     vertex -3.163045e+01  2.500000e+00  1.253847e+02
     vertex -3.169639e+01  2.500000e+00  1.254214e+02
   endloop
 endfacet
 facet normal  0.000000e+00  1.000000e+00  0.000000e+00
   outer loop
     vertex  3.176331e+01  2.500000e+00  1.254562e+02
     vertex  3.169639e+01  2.500000e+00  1.254214e+02
     vertex -3.169639e+01  2.500000e+00  1.254214e+02
   endloop
 endfacet
 facet normal  0.000000e+00  1.000000e+00  0.000000e+00
   outer loop
     vertex  3.176331e+01  2.500000e+00  1.254562e+02
     vertex -3.169639e+01  2.500000e+00  1.254214e+02
     vertex -3.176331e+01  2.500000e+00  1.254562e+02
   endloop
 endfacet
 facet normal  0.000000e+00  1.000000e+00  0.000000e+00
   outer loop
     vertex  3.183116e+01  2.500000e+00  1.254892e+02
     vertex -3.183116e+01  2.500000e+00  1.254892e+02
     vertex -3.189989e+01  2.500000e+00  1.255204e+02
   endloop
 endfacet
 facet normal  0.000000e+00  1.000000e+00  0.000000e+00
   outer loop
     vertex  3.183116e+01  2.500000e+00  1.254892e+02
     vertex -3.176331e+01  2.500000e+00  1.254562e+02
     vertex -3.183116e+01  2.500000e+00  1.254892e+02
   endloop
 endfacet
 facet normal  0.000000e+00  1.000000e+00  0.000000e+00
   outer loop
     vertex  3.183116e+01  2.500000e+00  1.254892e+02
     vertex  3.176331e+01  2.500000e+00  1.254562e+02
     vertex -3.176331e+01  2.500000e+00  1.254562e+02
   endloop
 endfacet
 facet normal  0.000000e+00  1.000000e+00  0.000000e+00
   outer loop
     vertex  3.189989e+01  2.500000e+00  1.255204e+02
     vertex  3.183116e+01  2.500000e+00  1.254892e+02
     vertex -3.189989e+01  2.500000e+00  1.255204e+02
   endloop
 endfacet
 facet normal  0.000000e+00  1.000000e+00  0.000000e+00
   outer loop
     vertex  3.196944e+01  2.500000e+00  1.255496e+02
     vertex -3.196944e+01  2.500000e+00  1.255496e+02
     vertex -3.203978e+01  2.500000e+00  1.255769e+02
   endloop
 endfacet
 facet normal  0.000000e+00  1.000000e+00  0.000000e+00
   outer loop
     vertex  3.196944e+01  2.500000e+00  1.255496e+02
     vertex -3.189989e+01  2.500000e+00  1.255204e+02
     vertex -3.196944e+01  2.500000e+00  1.255496e+02
   endloop
 endfacet
 facet normal  0.000000e+00  1.000000e+00  0.000000e+00
   outer loop
     vertex  3.196944e+01  2.500000e+00  1.255496e+02
     vertex  3.189989e+01  2.500000e+00  1.255204e+02
     vertex -3.189989e+01  2.500000e+00  1.255204e+02
   endloop
 endfacet
 facet normal  0.000000e+00  1.000000e+00  0.000000e+00
   outer loop
     vertex  3.203978e+01  2.500000e+00  1.255769e+02
     vertex  3.196944e+01  2.500000e+00  1.255496e+02
     vertex -3.203978e+01  2.500000e+00  1.255769e+02
   endloop
 endfacet
 facet normal  0.000000e+00  1.000000e+00  0.000000e+00
   outer loop
     vertex  3.211083e+01  2.500000e+00  1.256023e+02
     vertex  3.203978e+01  2.500000e+00  1.255769e+02
     vertex -3.203978e+01  2.500000e+00  1.255769e+02
   endloop
 endfacet
 facet normal  0.000000e+00  1.000000e+00  0.000000e+00
   outer loop
     vertex  3.211083e+01  2.500000e+00  1.256023e+02
     vertex -3.203978e+01  2.500000e+00  1.255769e+02
     vertex -3.211083e+01  2.500000e+00  1.256023e+02
   endloop
 endfacet
 facet normal  0.000000e+00  1.000000e+00  0.000000e+00
   outer loop
     vertex  3.218256e+01  2.500000e+00  1.256257e+02
     vertex  3.211083e+01  2.500000e+00  1.256023e+02
     vertex -3.211083e+01  2.500000e+00  1.256023e+02
   endloop
 endfacet
 facet normal  0.000000e+00  1.000000e+00  0.000000e+00
   outer loop
     vertex  3.218256e+01  2.500000e+00  1.256257e+02
     vertex -3.211083e+01  2.500000e+00  1.256023e+02
     vertex -3.218256e+01  2.500000e+00  1.256257e+02
   endloop
 endfacet
 facet normal  0.000000e+00  1.000000e+00  0.000000e+00
   outer loop
     vertex  3.225490e+01  2.500000e+00  1.256471e+02
     vertex -3.218256e+01  2.500000e+00  1.256257e+02
     vertex -3.225490e+01  2.500000e+00  1.256471e+02
   endloop
 endfacet
 facet normal  0.000000e+00  1.000000e+00  0.000000e+00
   outer loop
     vertex  3.225490e+01  2.500000e+00  1.256471e+02
     vertex  3.218256e+01  2.500000e+00  1.256257e+02
     vertex -3.218256e+01  2.500000e+00  1.256257e+02
   endloop
 endfacet
 facet normal  0.000000e+00  1.000000e+00  0.000000e+00
   outer loop
     vertex  3.232780e+01  2.500000e+00  1.256666e+02
     vertex  3.225490e+01  2.500000e+00  1.256471e+02
     vertex -3.225490e+01  2.500000e+00  1.256471e+02
   endloop
 endfacet
 facet normal  0.000000e+00  1.000000e+00  0.000000e+00
   outer loop
     vertex  3.232780e+01  2.500000e+00  1.256666e+02
     vertex -3.225490e+01  2.500000e+00  1.256471e+02
     vertex -3.232780e+01  2.500000e+00  1.256666e+02
   endloop
 endfacet
 facet normal  0.000000e+00  1.000000e+00  0.000000e+00
   outer loop
     vertex  3.240121e+01  2.500000e+00  1.256840e+02
     vertex  3.232780e+01  2.500000e+00  1.256666e+02
     vertex -3.232780e+01  2.500000e+00  1.256666e+02
   endloop
 endfacet
 facet normal  0.000000e+00  1.000000e+00  0.000000e+00
   outer loop
     vertex  3.240121e+01  2.500000e+00  1.256840e+02
     vertex -3.232780e+01  2.500000e+00  1.256666e+02
     vertex -3.240121e+01  2.500000e+00  1.256840e+02
   endloop
 endfacet
 facet normal  0.000000e+00  1.000000e+00  0.000000e+00
   outer loop
     vertex  3.247507e+01  2.500000e+00  1.256994e+02
     vertex -3.240121e+01  2.500000e+00  1.256840e+02
     vertex -3.247507e+01  2.500000e+00  1.256994e+02
   endloop
 endfacet
 facet normal  0.000000e+00  1.000000e+00  0.000000e+00
   outer loop
     vertex  3.247507e+01  2.500000e+00  1.256994e+02
     vertex  3.240121e+01  2.500000e+00  1.256840e+02
     vertex -3.240121e+01  2.500000e+00  1.256840e+02
   endloop
 endfacet
 facet normal  0.000000e+00  1.000000e+00  0.000000e+00
   outer loop
     vertex  3.254932e+01  2.500000e+00  1.257128e+02
     vertex -3.247507e+01  2.500000e+00  1.256994e+02
     vertex -3.254932e+01  2.500000e+00  1.257128e+02
   endloop
 endfacet
 facet normal  0.000000e+00  1.000000e+00  0.000000e+00
   outer loop
     vertex  3.254932e+01  2.500000e+00  1.257128e+02
     vertex  3.247507e+01  2.500000e+00  1.256994e+02
     vertex -3.247507e+01  2.500000e+00  1.256994e+02
   endloop
 endfacet
 facet normal  0.000000e+00  1.000000e+00  0.000000e+00
   outer loop
     vertex  3.262392e+01  2.500000e+00  1.257242e+02
     vertex -3.254932e+01  2.500000e+00  1.257128e+02
     vertex -3.262392e+01  2.500000e+00  1.257242e+02
   endloop
 endfacet
 facet normal  0.000000e+00  1.000000e+00  0.000000e+00
   outer loop
     vertex  3.262392e+01  2.500000e+00  1.257242e+02
     vertex  3.254932e+01  2.500000e+00  1.257128e+02
     vertex -3.254932e+01  2.500000e+00  1.257128e+02
   endloop
 endfacet
 facet normal  3.399958e-32  1.000000e+00 -2.155491e-17
   outer loop
     vertex  5.300934e+01  2.500000e+00  1.211027e+02
     vertex  4.400000e+01  2.500000e+00  1.005000e+02
     vertex  3.499066e+01  2.500000e+00  1.211027e+02
   endloop
 endfacet
 facet normal -1.521251e-17  1.000000e+00 -1.490264e-17
   outer loop
     vertex  5.300934e+01  2.500000e+00  1.211027e+02
     vertex  5.306214e+01  2.500000e+00  1.210488e+02
     vertex  4.400000e+01  2.500000e+00  1.005000e+02
   endloop
 endfacet
 facet normal -1.464285e-17  1.000000e+00 -1.515386e-17
   outer loop
     vertex  5.311640e+01  2.500000e+00  1.209964e+02
     vertex  4.400000e+01  2.500000e+00  1.005000e+02
     vertex  5.306214e+01  2.500000e+00  1.210488e+02
   endloop
 endfacet
 facet normal  0.000000e+00  1.000000e+00  0.000000e+00
   outer loop
     vertex  5.295804e+01  2.500000e+00  1.211580e+02
     vertex  5.300934e+01  2.500000e+00  1.211027e+02
     vertex  3.499066e+01  2.500000e+00  1.211027e+02
   endloop
 endfacet
 facet normal  0.000000e+00  1.000000e+00  0.000000e+00
   outer loop
     vertex  5.295804e+01  2.500000e+00  1.211580e+02
     vertex  3.499066e+01  2.500000e+00  1.211027e+02
     vertex  3.504196e+01  2.500000e+00  1.211580e+02
   endloop
 endfacet
 facet normal -1.408596e-17  1.000000e+00 -1.540156e-17
   outer loop
     vertex  5.317207e+01  2.500000e+00  1.209454e+02
     vertex  4.400000e+01  2.500000e+00  1.005000e+02
     vertex  5.311640e+01  2.500000e+00  1.209964e+02
   endloop
 endfacet
 facet normal  0.000000e+00  1.000000e+00  0.000000e+00
   outer loop
     vertex  5.290827e+01  2.500000e+00  1.212147e+02
     vertex  5.295804e+01  2.500000e+00  1.211580e+02
     vertex  3.504196e+01  2.500000e+00  1.211580e+02
   endloop
 endfacet
 facet normal  0.000000e+00  1.000000e+00  0.000000e+00
   outer loop
     vertex  5.290827e+01  2.500000e+00  1.212147e+02
     vertex  3.509173e+01  2.500000e+00  1.212147e+02
     vertex  3.513992e+01  2.500000e+00  1.212728e+02
   endloop
 endfacet
 facet normal  0.000000e+00  1.000000e+00  0.000000e+00
   outer loop
     vertex  5.290827e+01  2.500000e+00  1.212147e+02
     vertex  3.504196e+01  2.500000e+00  1.211580e+02
     vertex  3.509173e+01  2.500000e+00  1.212147e+02
   endloop
 endfacet
 facet normal -1.354049e-17  1.000000e+00 -1.564626e-17
   outer loop
     vertex  5.322912e+01  2.500000e+00  1.208961e+02
     vertex  4.400000e+01  2.500000e+00  1.005000e+02
     vertex  5.317207e+01  2.500000e+00  1.209454e+02
   endloop
 endfacet
 facet normal  0.000000e+00  1.000000e+00  0.000000e+00
   outer loop
     vertex  5.286008e+01  2.500000e+00  1.212728e+02
     vertex  3.513992e+01  2.500000e+00  1.212728e+02
     vertex  3.518650e+01  2.500000e+00  1.213321e+02
   endloop
 endfacet
 facet normal  0.000000e+00  1.000000e+00  0.000000e+00
   outer loop
     vertex  5.286008e+01  2.500000e+00  1.212728e+02
     vertex  5.290827e+01  2.500000e+00  1.212147e+02
     vertex  3.513992e+01  2.500000e+00  1.212728e+02
   endloop
 endfacet
 facet normal -1.300518e-17  1.000000e+00 -1.588849e-17
   outer loop
     vertex  5.328751e+01  2.500000e+00  1.208483e+02
     vertex  4.400000e+01  2.500000e+00  1.005000e+02
     vertex  5.322912e+01  2.500000e+00  1.208961e+02
   endloop
 endfacet
 facet normal  0.000000e+00  1.000000e+00  0.000000e+00
   outer loop
     vertex  5.281350e+01  2.500000e+00  1.213321e+02
     vertex  5.286008e+01  2.500000e+00  1.212728e+02
     vertex  3.518650e+01  2.500000e+00  1.213321e+02
   endloop
 endfacet
 facet normal  0.000000e+00  1.000000e+00  0.000000e+00
   outer loop
     vertex  5.281350e+01  2.500000e+00  1.213321e+02
     vertex  3.518650e+01  2.500000e+00  1.213321e+02
     vertex  3.523143e+01  2.500000e+00  1.213928e+02
   endloop
 endfacet
 facet normal -1.247885e-17  1.000000e+00 -1.612872e-17
   outer loop
     vertex  5.334719e+01  2.500000e+00  1.208021e+02
     vertex  4.400000e+01  2.500000e+00  1.005000e+02
     vertex  5.328751e+01  2.500000e+00  1.208483e+02
   endloop
 endfacet
 facet normal  0.000000e+00  1.000000e+00  0.000000e+00
   outer loop
     vertex  5.276857e+01  2.500000e+00  1.213928e+02
     vertex  5.281350e+01  2.500000e+00  1.213321e+02
     vertex  3.523143e+01  2.500000e+00  1.213928e+02
   endloop
 endfacet
 facet normal -1.196038e-17  1.000000e+00 -1.636742e-17
   outer loop
     vertex  5.340810e+01  2.500000e+00  1.207576e+02
     vertex  4.400000e+01  2.500000e+00  1.005000e+02
     vertex  5.334719e+01  2.500000e+00  1.208021e+02
   endloop
 endfacet
 facet normal  0.000000e+00  1.000000e+00  0.000000e+00
   outer loop
     vertex  5.272532e+01  2.500000e+00  1.214546e+02
     vertex  3.523143e+01  2.500000e+00  1.213928e+02
     vertex  3.527468e+01  2.500000e+00  1.214546e+02
   endloop
 endfacet
 facet normal  0.000000e+00  1.000000e+00  0.000000e+00
   outer loop
     vertex  5.272532e+01  2.500000e+00  1.214546e+02
     vertex  5.276857e+01  2.500000e+00  1.213928e+02
     vertex  3.523143e+01  2.500000e+00  1.213928e+02
   endloop
 endfacet
 facet normal -1.144871e-17  1.000000e+00 -1.660506e-17
   outer loop
     vertex  5.347022e+01  2.500000e+00  1.207148e+02
     vertex  4.400000e+01  2.500000e+00  1.005000e+02
     vertex  5.340810e+01  2.500000e+00  1.207576e+02
   endloop
 endfacet
 facet normal  0.000000e+00  1.000000e+00  0.000000e+00
   outer loop
     vertex  5.268378e+01  2.500000e+00  1.215176e+02
     vertex  3.527468e+01  2.500000e+00  1.214546e+02
     vertex  3.531622e+01  2.500000e+00  1.215176e+02
   endloop
 endfacet
 facet normal  0.000000e+00  1.000000e+00  0.000000e+00
   outer loop
     vertex  5.268378e+01  2.500000e+00  1.215176e+02
     vertex  5.272532e+01  2.500000e+00  1.214546e+02
     vertex  3.527468e+01  2.500000e+00  1.214546e+02
   endloop
 endfacet
 facet normal -1.094283e-17  1.000000e+00 -1.684205e-17
   outer loop
     vertex  5.353349e+01  2.500000e+00  1.206737e+02
     vertex  4.400000e+01  2.500000e+00  1.005000e+02
     vertex  5.347022e+01  2.500000e+00  1.207148e+02
   endloop
 endfacet
 facet normal  0.000000e+00  1.000000e+00  0.000000e+00
   outer loop
     vertex  5.264398e+01  2.500000e+00  1.215817e+02
     vertex  3.531622e+01  2.500000e+00  1.215176e+02
     vertex  3.535602e+01  2.500000e+00  1.215817e+02
   endloop
 endfacet
 facet normal  0.000000e+00  1.000000e+00  0.000000e+00
   outer loop
     vertex  5.264398e+01  2.500000e+00  1.215817e+02
     vertex  5.268378e+01  2.500000e+00  1.215176e+02
     vertex  3.531622e+01  2.500000e+00  1.215176e+02
   endloop
 endfacet
 facet normal -1.044177e-17  1.000000e+00 -1.707884e-17
   outer loop
     vertex  5.359786e+01  2.500000e+00  1.206343e+02
     vertex  4.400000e+01  2.500000e+00  1.005000e+02
     vertex  5.353349e+01  2.500000e+00  1.206737e+02
   endloop
 endfacet
 facet normal  0.000000e+00  1.000000e+00  0.000000e+00
   outer loop
     vertex  5.260595e+01  2.500000e+00  1.216468e+02
     vertex  3.535602e+01  2.500000e+00  1.215817e+02
     vertex  3.539405e+01  2.500000e+00  1.216468e+02
   endloop
 endfacet
 facet normal  0.000000e+00  1.000000e+00  0.000000e+00
   outer loop
     vertex  5.260595e+01  2.500000e+00  1.216468e+02
     vertex  5.264398e+01  2.500000e+00  1.215817e+02
     vertex  3.535602e+01  2.500000e+00  1.215817e+02
   endloop
 endfacet
 facet normal -9.944586e-18  1.000000e+00 -1.731584e-17
   outer loop
     vertex  5.366329e+01  2.500000e+00  1.205967e+02
     vertex  4.400000e+01  2.500000e+00  1.005000e+02
     vertex  5.359786e+01  2.500000e+00  1.206343e+02
   endloop
 endfacet
 facet normal  0.000000e+00  1.000000e+00  0.000000e+00
   outer loop
     vertex  5.256973e+01  2.500000e+00  1.217130e+02
     vertex  3.539405e+01  2.500000e+00  1.216468e+02
     vertex  3.543027e+01  2.500000e+00  1.217130e+02
   endloop
 endfacet
 facet normal  0.000000e+00  1.000000e+00  0.000000e+00
   outer loop
     vertex  5.256973e+01  2.500000e+00  1.217130e+02
     vertex  5.260595e+01  2.500000e+00  1.216468e+02
     vertex  3.539405e+01  2.500000e+00  1.216468e+02
   endloop
 endfacet
 facet normal -9.450368e-18  1.000000e+00 -1.755348e-17
   outer loop
     vertex  5.372973e+01  2.500000e+00  1.205610e+02
     vertex  4.400000e+01  2.500000e+00  1.005000e+02
     vertex  5.366329e+01  2.500000e+00  1.205967e+02
   endloop
 endfacet
 facet normal  0.000000e+00  1.000000e+00  0.000000e+00
   outer loop
     vertex  5.253534e+01  2.500000e+00  1.217802e+02
     vertex  3.546466e+01  2.500000e+00  1.217802e+02
     vertex  3.549720e+01  2.500000e+00  1.218483e+02
   endloop
 endfacet
 facet normal  0.000000e+00  1.000000e+00  0.000000e+00
   outer loop
     vertex  5.253534e+01  2.500000e+00  1.217802e+02
     vertex  3.543027e+01  2.500000e+00  1.217130e+02
     vertex  3.546466e+01  2.500000e+00  1.217802e+02
   endloop
 endfacet
 facet normal  0.000000e+00  1.000000e+00  0.000000e+00
   outer loop
     vertex  5.253534e+01  2.500000e+00  1.217802e+02
     vertex  5.256973e+01  2.500000e+00  1.217130e+02
     vertex  3.543027e+01  2.500000e+00  1.217130e+02
   endloop
 endfacet
 facet normal -8.958219e-18  1.000000e+00 -1.779218e-17
   outer loop
     vertex  5.379712e+01  2.500000e+00  1.205270e+02
     vertex  4.400000e+01  2.500000e+00  1.005000e+02
     vertex  5.372973e+01  2.500000e+00  1.205610e+02
   endloop
 endfacet
 facet normal  0.000000e+00  1.000000e+00  0.000000e+00
   outer loop
     vertex  5.250280e+01  2.500000e+00  1.218483e+02
     vertex  5.253534e+01  2.500000e+00  1.217802e+02
     vertex  3.549720e+01  2.500000e+00  1.218483e+02
   endloop
 endfacet
 facet normal -8.467258e-18  1.000000e+00 -1.803235e-17
   outer loop
     vertex  5.386541e+01  2.500000e+00  1.204950e+02
     vertex  4.400000e+01  2.500000e+00  1.005000e+02
     vertex  5.379712e+01  2.500000e+00  1.205270e+02
   endloop
 endfacet
 facet normal  0.000000e+00  1.000000e+00  0.000000e+00
   outer loop
     vertex  5.247215e+01  2.500000e+00  1.219172e+02
     vertex  3.549720e+01  2.500000e+00  1.218483e+02
     vertex  3.552785e+01  2.500000e+00  1.219172e+02
   endloop
 endfacet
 facet normal  0.000000e+00  1.000000e+00  0.000000e+00
   outer loop
     vertex  5.247215e+01  2.500000e+00  1.219172e+02
     vertex  5.250280e+01  2.500000e+00  1.218483e+02
     vertex  3.549720e+01  2.500000e+00  1.218483e+02
   endloop
 endfacet
 facet normal -7.976608e-18  1.000000e+00 -1.827444e-17
   outer loop
     vertex  5.393456e+01  2.500000e+00  1.204648e+02
     vertex  4.400000e+01  2.500000e+00  1.005000e+02
     vertex  5.386541e+01  2.500000e+00  1.204950e+02
   endloop
 endfacet
 facet normal  0.000000e+00  1.000000e+00  0.000000e+00
   outer loop
     vertex  5.244339e+01  2.500000e+00  1.219870e+02
     vertex  3.552785e+01  2.500000e+00  1.219172e+02
     vertex  3.555661e+01  2.500000e+00  1.219870e+02
   endloop
 endfacet
 facet normal  0.000000e+00  1.000000e+00  0.000000e+00
   outer loop
     vertex  5.244339e+01  2.500000e+00  1.219870e+02
     vertex  5.247215e+01  2.500000e+00  1.219172e+02
     vertex  3.552785e+01  2.500000e+00  1.219172e+02
   endloop
 endfacet
 facet normal -7.485392e-18  1.000000e+00 -1.851887e-17
   outer loop
     vertex  5.400452e+01  2.500000e+00  1.204365e+02
     vertex  4.400000e+01  2.500000e+00  1.005000e+02
     vertex  5.393456e+01  2.500000e+00  1.204648e+02
   endloop
 endfacet
 facet normal  0.000000e+00  1.000000e+00  0.000000e+00
   outer loop
     vertex  5.241656e+01  2.500000e+00  1.220575e+02
     vertex  3.558344e+01  2.500000e+00  1.220575e+02
     vertex  3.560832e+01  2.500000e+00  1.221287e+02
   endloop
 endfacet
 facet normal  0.000000e+00  1.000000e+00  0.000000e+00
   outer loop
     vertex  5.241656e+01  2.500000e+00  1.220575e+02
     vertex  3.555661e+01  2.500000e+00  1.219870e+02
     vertex  3.558344e+01  2.500000e+00  1.220575e+02
   endloop
 endfacet
 facet normal  0.000000e+00  1.000000e+00  0.000000e+00
   outer loop
     vertex  5.241656e+01  2.500000e+00  1.220575e+02
     vertex  5.244339e+01  2.500000e+00  1.219870e+02
     vertex  3.555661e+01  2.500000e+00  1.219870e+02
   endloop
 endfacet
 facet normal -6.992728e-18  1.000000e+00 -1.876610e-17
   outer loop
     vertex  5.407522e+01  2.500000e+00  1.204102e+02
     vertex  4.400000e+01  2.500000e+00  1.005000e+02
     vertex  5.400452e+01  2.500000e+00  1.204365e+02
   endloop
 endfacet
 facet normal  0.000000e+00  1.000000e+00  0.000000e+00
   outer loop
     vertex  5.239168e+01  2.500000e+00  1.221287e+02
     vertex  5.241656e+01  2.500000e+00  1.220575e+02
     vertex  3.560832e+01  2.500000e+00  1.221287e+02
   endloop
 endfacet
 facet normal -6.497720e-18  1.000000e+00 -1.901659e-17
   outer loop
     vertex  5.414662e+01  2.500000e+00  1.203858e+02
     vertex  4.400000e+01  2.500000e+00  1.005000e+02
     vertex  5.407522e+01  2.500000e+00  1.204102e+02
   endloop
 endfacet
 facet normal  0.000000e+00  1.000000e+00  0.000000e+00
   outer loop
     vertex  5.236876e+01  2.500000e+00  1.222006e+02
     vertex  3.560832e+01  2.500000e+00  1.221287e+02
     vertex  3.563124e+01  2.500000e+00  1.222006e+02
   endloop
 endfacet
 facet normal  0.000000e+00  1.000000e+00  0.000000e+00
   outer loop
     vertex  5.236876e+01  2.500000e+00  1.222006e+02
     vertex  5.239168e+01  2.500000e+00  1.221287e+02
     vertex  3.560832e+01  2.500000e+00  1.221287e+02
   endloop
 endfacet
 facet normal -5.999455e-18  1.000000e+00 -1.927082e-17
   outer loop
     vertex  5.421866e+01  2.500000e+00  1.203633e+02
     vertex  4.400000e+01  2.500000e+00  1.005000e+02
     vertex  5.414662e+01  2.500000e+00  1.203858e+02
   endloop
 endfacet
 facet normal  0.000000e+00  1.000000e+00  0.000000e+00
   outer loop
     vertex  5.234782e+01  2.500000e+00  1.222731e+02
     vertex  3.563124e+01  2.500000e+00  1.222006e+02
     vertex  3.565218e+01  2.500000e+00  1.222731e+02
   endloop
 endfacet
 facet normal  0.000000e+00  1.000000e+00  0.000000e+00
   outer loop
     vertex  5.234782e+01  2.500000e+00  1.222731e+02
     vertex  5.236876e+01  2.500000e+00  1.222006e+02
     vertex  3.563124e+01  2.500000e+00  1.222006e+02
   endloop
 endfacet
 facet normal -5.496992e-18  1.000000e+00 -1.952932e-17
   outer loop
     vertex  5.429128e+01  2.500000e+00  1.203429e+02
     vertex  4.400000e+01  2.500000e+00  1.005000e+02
     vertex  5.421866e+01  2.500000e+00  1.203633e+02
   endloop
 endfacet
 facet normal  0.000000e+00  1.000000e+00  0.000000e+00
   outer loop
     vertex  5.232887e+01  2.500000e+00  1.223461e+02
     vertex  5.234782e+01  2.500000e+00  1.222731e+02
     vertex  3.565218e+01  2.500000e+00  1.222731e+02
   endloop
 endfacet
 facet normal  0.000000e+00  1.000000e+00  0.000000e+00
   outer loop
     vertex  5.232887e+01  2.500000e+00  1.223461e+02
     vertex  3.565218e+01  2.500000e+00  1.222731e+02
     vertex  3.567113e+01  2.500000e+00  1.223461e+02
   endloop
 endfacet
 facet normal -4.989360e-18  1.000000e+00 -1.979259e-17
   outer loop
     vertex  5.436445e+01  2.500000e+00  1.203244e+02
     vertex  4.400000e+01  2.500000e+00  1.005000e+02
     vertex  5.429128e+01  2.500000e+00  1.203429e+02
   endloop
 endfacet
 facet normal  0.000000e+00  1.000000e+00  0.000000e+00
   outer loop
     vertex  5.231194e+01  2.500000e+00  1.224196e+02
     vertex  3.567113e+01  2.500000e+00  1.223461e+02
     vertex  3.568806e+01  2.500000e+00  1.224196e+02
   endloop
 endfacet
 facet normal  0.000000e+00  1.000000e+00  0.000000e+00
   outer loop
     vertex  5.231194e+01  2.500000e+00  1.224196e+02
     vertex  5.232887e+01  2.500000e+00  1.223461e+02
     vertex  3.567113e+01  2.500000e+00  1.223461e+02
   endloop
 endfacet
 facet normal -4.475546e-18  1.000000e+00 -2.006122e-17
   outer loop
     vertex  5.443809e+01  2.500000e+00  1.203080e+02
     vertex  4.400000e+01  2.500000e+00  1.005000e+02
     vertex  5.436445e+01  2.500000e+00  1.203244e+02
   endloop
 endfacet
 facet normal  0.000000e+00  1.000000e+00  0.000000e+00
   outer loop
     vertex  5.229703e+01  2.500000e+00  1.224936e+02
     vertex  5.231194e+01  2.500000e+00  1.224196e+02
     vertex  3.568806e+01  2.500000e+00  1.224196e+02
   endloop
 endfacet
 facet normal  0.000000e+00  1.000000e+00  0.000000e+00
   outer loop
     vertex  5.229703e+01  2.500000e+00  1.224936e+02
     vertex  3.570297e+01  2.500000e+00  1.224936e+02
     vertex  3.571585e+01  2.500000e+00  1.225679e+02
   endloop
 endfacet
 facet normal  0.000000e+00  1.000000e+00  0.000000e+00
   outer loop
     vertex  5.229703e+01  2.500000e+00  1.224936e+02
     vertex  3.568806e+01  2.500000e+00  1.224196e+02
     vertex  3.570297e+01  2.500000e+00  1.224936e+02
   endloop
 endfacet
 facet normal -3.954487e-18  1.000000e+00 -2.033580e-17
   outer loop
     vertex  5.451215e+01  2.500000e+00  1.202936e+02
     vertex  4.400000e+01  2.500000e+00  1.005000e+02
     vertex  5.443809e+01  2.500000e+00  1.203080e+02
   endloop
 endfacet
 facet normal  0.000000e+00  1.000000e+00  0.000000e+00
   outer loop
     vertex  5.228415e+01  2.500000e+00  1.225679e+02
     vertex  5.229703e+01  2.500000e+00  1.224936e+02
     vertex  3.571585e+01  2.500000e+00  1.225679e+02
   endloop
 endfacet
 facet normal -3.425065e-18  1.000000e+00 -2.061697e-17
   outer loop
     vertex  5.458658e+01  2.500000e+00  1.202813e+02
     vertex  4.400000e+01  2.500000e+00  1.005000e+02
     vertex  5.451215e+01  2.500000e+00  1.202936e+02
   endloop
 endfacet
 facet normal  0.000000e+00  1.000000e+00  0.000000e+00
   outer loop
     vertex  5.227332e+01  2.500000e+00  1.226426e+02
     vertex  5.228415e+01  2.500000e+00  1.225679e+02
     vertex  3.571585e+01  2.500000e+00  1.225679e+02
   endloop
 endfacet
 facet normal  0.000000e+00  1.000000e+00  0.000000e+00
   outer loop
     vertex  5.227332e+01  2.500000e+00  1.226426e+02
     vertex  3.571585e+01  2.500000e+00  1.225679e+02
     vertex  3.572668e+01  2.500000e+00  1.226426e+02
   endloop
 endfacet
 facet normal -2.886090e-18  1.000000e+00 -2.090542e-17
   outer loop
     vertex  5.466132e+01  2.500000e+00  1.202709e+02
     vertex  4.400000e+01  2.500000e+00  1.005000e+02
     vertex  5.458658e+01  2.500000e+00  1.202813e+02
   endloop
 endfacet
 facet normal  0.000000e+00  1.000000e+00  0.000000e+00
   outer loop
     vertex  5.226454e+01  2.500000e+00  1.227175e+02
     vertex  3.572668e+01  2.500000e+00  1.226426e+02
     vertex  3.573546e+01  2.500000e+00  1.227175e+02
   endloop
 endfacet
 facet normal  0.000000e+00  1.000000e+00  0.000000e+00
   outer loop
     vertex  5.226454e+01  2.500000e+00  1.227175e+02
     vertex  5.227332e+01  2.500000e+00  1.226426e+02
     vertex  3.572668e+01  2.500000e+00  1.226426e+02
   endloop
 endfacet
 facet normal -2.336295e-18  1.000000e+00 -2.120189e-17
   outer loop
     vertex  5.473632e+01  2.500000e+00  1.202627e+02
     vertex  4.400000e+01  2.500000e+00  1.005000e+02
     vertex  5.466132e+01  2.500000e+00  1.202709e+02
   endloop
 endfacet
 facet normal  0.000000e+00  1.000000e+00  0.000000e+00
   outer loop
     vertex  5.225782e+01  2.500000e+00  1.227927e+02
     vertex  5.226454e+01  2.500000e+00  1.227175e+02
     vertex  3.573546e+01  2.500000e+00  1.227175e+02
   endloop
 endfacet
 facet normal  0.000000e+00  1.000000e+00  0.000000e+00
   outer loop
     vertex  5.225782e+01  2.500000e+00  1.227927e+02
     vertex  3.574218e+01  2.500000e+00  1.227927e+02
     vertex  3.574683e+01  2.500000e+00  1.228680e+02
   endloop
 endfacet
 facet normal  0.000000e+00  1.000000e+00  0.000000e+00
   outer loop
     vertex  5.225782e+01  2.500000e+00  1.227927e+02
     vertex  3.573546e+01  2.500000e+00  1.227175e+02
     vertex  3.574218e+01  2.500000e+00  1.227927e+02
   endloop
 endfacet
 facet normal -1.774319e-18  1.000000e+00 -2.150719e-17
   outer loop
     vertex  5.481152e+01  2.500000e+00  1.202565e+02
     vertex  4.400000e+01  2.500000e+00  1.005000e+02
     vertex  5.473632e+01  2.500000e+00  1.202627e+02
   endloop
 endfacet
 facet normal  0.000000e+00  1.000000e+00  0.000000e+00
   outer loop
     vertex  5.225317e+01  2.500000e+00  1.228680e+02
     vertex  5.225782e+01  2.500000e+00  1.227927e+02
     vertex  3.574683e+01  2.500000e+00  1.228680e+02
   endloop
 endfacet
 facet normal -1.198696e-18  1.000000e+00 -2.182220e-17
   outer loop
     vertex  5.488685e+01  2.500000e+00  1.202523e+02
     vertex  4.400000e+01  2.500000e+00  1.005000e+02
     vertex  5.481152e+01  2.500000e+00  1.202565e+02
   endloop
 endfacet
 facet normal  0.000000e+00  1.000000e+00  0.000000e+00
   outer loop
     vertex  5.225058e+01  2.500000e+00  1.229434e+02
     vertex  3.574683e+01  2.500000e+00  1.228680e+02
     vertex  3.574942e+01  2.500000e+00  1.229434e+02
   endloop
 endfacet
 facet normal  0.000000e+00  1.000000e+00  0.000000e+00
   outer loop
     vertex  5.225058e+01  2.500000e+00  1.229434e+02
     vertex  5.225317e+01  2.500000e+00  1.228680e+02
     vertex  3.574683e+01  2.500000e+00  1.228680e+02
   endloop
 endfacet
 facet normal -6.078342e-19  1.000000e+00 -2.214786e-17
   outer loop
     vertex  5.496227e+01  2.500000e+00  1.202503e+02
     vertex  4.400000e+01  2.500000e+00  1.005000e+02
     vertex  5.488685e+01  2.500000e+00  1.202523e+02
   endloop
 endfacet
 facet normal  0.000000e+00  1.000000e+00  0.000000e+00
   outer loop
     vertex  5.225006e+01  2.500000e+00  1.230189e+02
     vertex  3.574994e+01  2.500000e+00  1.230189e+02
     vertex  3.574838e+01  2.500000e+00  1.230943e+02
   endloop
 endfacet
 facet normal  0.000000e+00  1.000000e+00  0.000000e+00
   outer loop
     vertex  5.225006e+01  2.500000e+00  1.230189e+02
     vertex  3.574942e+01  2.500000e+00  1.229434e+02
     vertex  3.574994e+01  2.500000e+00  1.230189e+02
   endloop
 endfacet
 facet normal  0.000000e+00  1.000000e+00  0.000000e+00
   outer loop
     vertex  5.225006e+01  2.500000e+00  1.230189e+02
     vertex  5.225058e+01  2.500000e+00  1.229434e+02
     vertex  3.574942e+01  2.500000e+00  1.229434e+02
   endloop
 endfacet
 facet normal  0.000000e+00  1.000000e+00 -2.248523e-17
   outer loop
     vertex  5.503773e+01  2.500000e+00  1.202503e+02
     vertex  4.400000e+01  2.500000e+00  1.005000e+02
     vertex  5.496227e+01  2.500000e+00  1.202503e+02
   endloop
 endfacet
 facet normal  0.000000e+00  1.000000e+00  0.000000e+00
   outer loop
     vertex  5.225162e+01  2.500000e+00  1.230943e+02
     vertex  5.225006e+01  2.500000e+00  1.230189e+02
     vertex  3.574838e+01  2.500000e+00  1.230943e+02
   endloop
 endfacet
 facet normal  6.267055e-19  1.000000e+00 -2.283548e-17
   outer loop
     vertex  5.511315e+01  2.500000e+00  1.202523e+02
     vertex  4.400000e+01  2.500000e+00  1.005000e+02
     vertex  5.503773e+01  2.500000e+00  1.202503e+02
   endloop
 endfacet
 facet normal  0.000000e+00  1.000000e+00  0.000000e+00
   outer loop
     vertex  5.225524e+01  2.500000e+00  1.231697e+02
     vertex  5.225162e+01  2.500000e+00  1.230943e+02
     vertex  3.574838e+01  2.500000e+00  1.230943e+02
   endloop
 endfacet
 facet normal  0.000000e+00  1.000000e+00  0.000000e+00
   outer loop
     vertex  5.225524e+01  2.500000e+00  1.231697e+02
     vertex  3.574838e+01  2.500000e+00  1.230943e+02
     vertex  3.574476e+01  2.500000e+00  1.231697e+02
   endloop
 endfacet
 facet normal  1.274372e-18  1.000000e+00 -2.319987e-17
   outer loop
     vertex  5.518848e+01  2.500000e+00  1.202565e+02
     vertex  4.400000e+01  2.500000e+00  1.005000e+02
     vertex  5.511315e+01  2.500000e+00  1.202523e+02
   endloop
 endfacet
 facet normal  0.000000e+00  1.000000e+00  0.000000e+00
   outer loop
     vertex  5.226093e+01  2.500000e+00  1.232449e+02
     vertex  5.225524e+01  2.500000e+00  1.231697e+02
     vertex  3.574476e+01  2.500000e+00  1.231697e+02
   endloop
 endfacet
 facet normal  0.000000e+00  1.000000e+00  0.000000e+00
   outer loop
     vertex  5.226093e+01  2.500000e+00  1.232449e+02
     vertex  3.574476e+01  2.500000e+00  1.231697e+02
     vertex  3.573907e+01  2.500000e+00  1.232449e+02
   endloop
 endfacet
 facet normal  1.945310e-18  1.000000e+00 -2.357984e-17
   outer loop
     vertex  5.526368e+01  2.500000e+00  1.202627e+02
     vertex  4.400000e+01  2.500000e+00  1.005000e+02
     vertex  5.518848e+01  2.500000e+00  1.202565e+02
   endloop
 endfacet
 facet normal  0.000000e+00  1.000000e+00  0.000000e+00
   outer loop
     vertex  5.226868e+01  2.500000e+00  1.233199e+02
     vertex  3.573132e+01  2.500000e+00  1.233199e+02
     vertex  3.572152e+01  2.500000e+00  1.233948e+02
   endloop
 endfacet
 facet normal  0.000000e+00  1.000000e+00  0.000000e+00
   outer loop
     vertex  5.226868e+01  2.500000e+00  1.233199e+02
     vertex  3.573907e+01  2.500000e+00  1.232449e+02
     vertex  3.573132e+01  2.500000e+00  1.233199e+02
   endloop
 endfacet
 facet normal  0.000000e+00  1.000000e+00  0.000000e+00
   outer loop
     vertex  5.226868e+01  2.500000e+00  1.233199e+02
     vertex  5.226093e+01  2.500000e+00  1.232449e+02
     vertex  3.573907e+01  2.500000e+00  1.232449e+02
   endloop
 endfacet
 facet normal  2.642087e-18  1.000000e+00 -2.397696e-17
   outer loop
     vertex  5.533868e+01  2.500000e+00  1.202709e+02
     vertex  4.400000e+01  2.500000e+00  1.005000e+02
     vertex  5.526368e+01  2.500000e+00  1.202627e+02
   endloop
 endfacet
 facet normal  0.000000e+00  1.000000e+00  0.000000e+00
   outer loop
     vertex  5.227848e+01  2.500000e+00  1.233948e+02
     vertex  5.226868e+01  2.500000e+00  1.233199e+02
     vertex  3.572152e+01  2.500000e+00  1.233948e+02
   endloop
 endfacet
 facet normal  3.367571e-18  1.000000e+00 -2.439303e-17
   outer loop
     vertex  5.541342e+01  2.500000e+00  1.202813e+02
     vertex  4.400000e+01  2.500000e+00  1.005000e+02
     vertex  5.533868e+01  2.500000e+00  1.202709e+02
   endloop
 endfacet
 facet normal  0.000000e+00  1.000000e+00  0.000000e+00
   outer loop
     vertex  5.229034e+01  2.500000e+00  1.234693e+02
     vertex  3.572152e+01  2.500000e+00  1.233948e+02
     vertex  3.570966e+01  2.500000e+00  1.234693e+02
   endloop
 endfacet
 facet normal  0.000000e+00  1.000000e+00  0.000000e+00
   outer loop
     vertex  5.229034e+01  2.500000e+00  1.234693e+02
     vertex  5.227848e+01  2.500000e+00  1.233948e+02
     vertex  3.572152e+01  2.500000e+00  1.233948e+02
   endloop
 endfacet
 facet normal  4.124975e-18  1.000000e+00 -2.483004e-17
   outer loop
     vertex  5.548785e+01  2.500000e+00  1.202936e+02
     vertex  4.400000e+01  2.500000e+00  1.005000e+02
     vertex  5.541342e+01  2.500000e+00  1.202813e+02
   endloop
 endfacet
 facet normal  0.000000e+00  1.000000e+00  0.000000e+00
   outer loop
     vertex  5.230423e+01  2.500000e+00  1.235434e+02
     vertex  5.229034e+01  2.500000e+00  1.234693e+02
     vertex  3.570966e+01  2.500000e+00  1.234693e+02
   endloop
 endfacet
 facet normal  0.000000e+00  1.000000e+00  0.000000e+00
   outer loop
     vertex  5.230423e+01  2.500000e+00  1.235434e+02
     vertex  3.569577e+01  2.500000e+00  1.235434e+02
     vertex  3.567985e+01  2.500000e+00  1.236172e+02
   endloop
 endfacet
 facet normal  0.000000e+00  1.000000e+00  0.000000e+00
   outer loop
     vertex  5.230423e+01  2.500000e+00  1.235434e+02
     vertex  3.570966e+01  2.500000e+00  1.234693e+02
     vertex  3.569577e+01  2.500000e+00  1.235434e+02
   endloop
 endfacet
 facet normal  4.917928e-18  1.000000e+00 -2.529025e-17
   outer loop
     vertex  5.556191e+01  2.500000e+00  1.203080e+02
     vertex  4.400000e+01  2.500000e+00  1.005000e+02
     vertex  5.548785e+01  2.500000e+00  1.202936e+02
   endloop
 endfacet
 facet normal  0.000000e+00  1.000000e+00  0.000000e+00
   outer loop
     vertex  5.232015e+01  2.500000e+00  1.236172e+02
     vertex  3.567985e+01  2.500000e+00  1.236172e+02
     vertex  3.566191e+01  2.500000e+00  1.236905e+02
   endloop
 endfacet
 facet normal  0.000000e+00  1.000000e+00  0.000000e+00
   outer loop
     vertex  5.232015e+01  2.500000e+00  1.236172e+02
     vertex  5.230423e+01  2.500000e+00  1.235434e+02
     vertex  3.567985e+01  2.500000e+00  1.236172e+02
   endloop
 endfacet
 facet normal  5.750536e-18  1.000000e+00 -2.577625e-17
   outer loop
     vertex  5.563555e+01  2.500000e+00  1.203244e+02
     vertex  4.400000e+01  2.500000e+00  1.005000e+02
     vertex  5.556191e+01  2.500000e+00  1.203080e+02
   endloop
 endfacet
 facet normal  0.000000e+00  1.000000e+00  0.000000e+00
   outer loop
     vertex  5.233809e+01  2.500000e+00  1.236905e+02
     vertex  3.566191e+01  2.500000e+00  1.236905e+02
     vertex  3.564196e+01  2.500000e+00  1.237632e+02
   endloop
 endfacet
 facet normal  0.000000e+00  1.000000e+00  0.000000e+00
   outer loop
     vertex  5.233809e+01  2.500000e+00  1.236905e+02
     vertex  5.232015e+01  2.500000e+00  1.236172e+02
     vertex  3.566191e+01  2.500000e+00  1.236905e+02
   endloop
 endfacet
 facet normal  6.627481e-18  1.000000e+00 -2.629095e-17
   outer loop
     vertex  5.570872e+01  2.500000e+00  1.203429e+02
     vertex  4.400000e+01  2.500000e+00  1.005000e+02
     vertex  5.563555e+01  2.500000e+00  1.203244e+02
   endloop
 endfacet
 facet normal  0.000000e+00  1.000000e+00  0.000000e+00
   outer loop
     vertex  5.235804e+01  2.500000e+00  1.237632e+02
     vertex  5.233809e+01  2.500000e+00  1.236905e+02
     vertex  3.564196e+01  2.500000e+00  1.237632e+02
   endloop
 endfacet
 facet normal  7.554121e-18  1.000000e+00 -2.683773e-17
   outer loop
     vertex  5.578134e+01  2.500000e+00  1.203633e+02
     vertex  4.400000e+01  2.500000e+00  1.005000e+02
     vertex  5.570872e+01  2.500000e+00  1.203429e+02
   endloop
 endfacet
 facet normal  0.000000e+00  1.000000e+00  0.000000e+00
   outer loop
     vertex  5.237997e+01  2.500000e+00  1.238354e+02
     vertex  3.564196e+01  2.500000e+00  1.237632e+02
     vertex  3.562003e+01  2.500000e+00  1.238354e+02
   endloop
 endfacet
 facet normal  0.000000e+00  1.000000e+00  0.000000e+00
   outer loop
     vertex  5.237997e+01  2.500000e+00  1.238354e+02
     vertex  5.235804e+01  2.500000e+00  1.237632e+02
     vertex  3.564196e+01  2.500000e+00  1.237632e+02
   endloop
 endfacet
 facet normal  8.536631e-18  1.000000e+00 -2.742048e-17
   outer loop
     vertex  5.585338e+01  2.500000e+00  1.203858e+02
     vertex  4.400000e+01  2.500000e+00  1.005000e+02
     vertex  5.578134e+01  2.500000e+00  1.203633e+02
   endloop
 endfacet
 facet normal  0.000000e+00  1.000000e+00  0.000000e+00
   outer loop
     vertex  5.240388e+01  2.500000e+00  1.239070e+02
     vertex  3.559612e+01  2.500000e+00  1.239070e+02
     vertex  3.557026e+01  2.500000e+00  1.239779e+02
   endloop
 endfacet
 facet normal  0.000000e+00  1.000000e+00  0.000000e+00
   outer loop
     vertex  5.240388e+01  2.500000e+00  1.239070e+02
     vertex  3.562003e+01  2.500000e+00  1.238354e+02
     vertex  3.559612e+01  2.500000e+00  1.239070e+02
   endloop
 endfacet
 facet normal  0.000000e+00  1.000000e+00  0.000000e+00
   outer loop
     vertex  5.240388e+01  2.500000e+00  1.239070e+02
     vertex  5.237997e+01  2.500000e+00  1.238354e+02
     vertex  3.562003e+01  2.500000e+00  1.238354e+02
   endloop
 endfacet
 facet normal  9.582165e-18  1.000000e+00 -2.804370e-17
   outer loop
     vertex  5.592478e+01  2.500000e+00  1.204102e+02
     vertex  4.400000e+01  2.500000e+00  1.005000e+02
     vertex  5.585338e+01  2.500000e+00  1.203858e+02
   endloop
 endfacet
 facet normal  0.000000e+00  1.000000e+00  0.000000e+00
   outer loop
     vertex  5.242974e+01  2.500000e+00  1.239779e+02
     vertex  5.240388e+01  2.500000e+00  1.239070e+02
     vertex  3.557026e+01  2.500000e+00  1.239779e+02
   endloop
 endfacet
 facet normal  1.069906e-17  1.000000e+00 -2.871264e-17
   outer loop
     vertex  5.599548e+01  2.500000e+00  1.204365e+02
     vertex  4.400000e+01  2.500000e+00  1.005000e+02
     vertex  5.592478e+01  2.500000e+00  1.204102e+02
   endloop
 endfacet
 facet normal  0.000000e+00  1.000000e+00  0.000000e+00
   outer loop
     vertex  5.245753e+01  2.500000e+00  1.240480e+02
     vertex  3.557026e+01  2.500000e+00  1.239779e+02
     vertex  3.554247e+01  2.500000e+00  1.240480e+02
   endloop
 endfacet
 facet normal  0.000000e+00  1.000000e+00  0.000000e+00
   outer loop
     vertex  5.245753e+01  2.500000e+00  1.240480e+02
     vertex  5.242974e+01  2.500000e+00  1.239779e+02
     vertex  3.557026e+01  2.500000e+00  1.239779e+02
   endloop
 endfacet
 facet normal  1.189712e-17  1.000000e+00 -2.943349e-17
   outer loop
     vertex  5.606544e+01  2.500000e+00  1.204648e+02
     vertex  4.400000e+01  2.500000e+00  1.005000e+02
     vertex  5.599548e+01  2.500000e+00  1.204365e+02
   endloop
 endfacet
 facet normal  0.000000e+00  1.000000e+00  0.000000e+00
   outer loop
     vertex  5.248724e+01  2.500000e+00  1.241174e+02
     vertex  5.245753e+01  2.500000e+00  1.240480e+02
     vertex  3.554247e+01  2.500000e+00  1.240480e+02
   endloop
 endfacet
 facet normal  0.000000e+00  1.000000e+00  0.000000e+00
   outer loop
     vertex  5.248724e+01  2.500000e+00  1.241174e+02
     vertex  3.554247e+01  2.500000e+00  1.240480e+02
     vertex  3.551276e+01  2.500000e+00  1.241174e+02
   endloop
 endfacet
 facet normal  1.318792e-17  1.000000e+00 -3.021357e-17
   outer loop
     vertex  5.613459e+01  2.500000e+00  1.204950e+02
     vertex  4.400000e+01  2.500000e+00  1.005000e+02
     vertex  5.606544e+01  2.500000e+00  1.204648e+02
   endloop
 endfacet
 facet normal  0.000000e+00  1.000000e+00  0.000000e+00
   outer loop
     vertex  5.251884e+01  2.500000e+00  1.241859e+02
     vertex  3.551276e+01  2.500000e+00  1.241174e+02
     vertex  3.548116e+01  2.500000e+00  1.241859e+02
   endloop
 endfacet
 facet normal  0.000000e+00  1.000000e+00  0.000000e+00
   outer loop
     vertex  5.251884e+01  2.500000e+00  1.241859e+02
     vertex  5.248724e+01  2.500000e+00  1.241174e+02
     vertex  3.551276e+01  2.500000e+00  1.241174e+02
   endloop
 endfacet
 facet normal  1.458526e-17  1.000000e+00 -3.106159e-17
   outer loop
     vertex  5.620288e+01  2.500000e+00  1.205270e+02
     vertex  4.400000e+01  2.500000e+00  1.005000e+02
     vertex  5.613459e+01  2.500000e+00  1.204950e+02
   endloop
 endfacet
 facet normal  0.000000e+00  1.000000e+00  0.000000e+00
   outer loop
     vertex  5.255231e+01  2.500000e+00  1.242535e+02
     vertex  3.548116e+01  2.500000e+00  1.241859e+02
     vertex  3.544769e+01  2.500000e+00  1.242535e+02
   endloop
 endfacet
 facet normal  0.000000e+00  1.000000e+00  0.000000e+00
   outer loop
     vertex  5.255231e+01  2.500000e+00  1.242535e+02
     vertex  5.251884e+01  2.500000e+00  1.241859e+02
     vertex  3.548116e+01  2.500000e+00  1.241859e+02
   endloop
 endfacet
 facet normal  1.610572e-17  1.000000e+00 -3.198804e-17
   outer loop
     vertex  5.627027e+01  2.500000e+00  1.205610e+02
     vertex  4.400000e+01  2.500000e+00  1.005000e+02
     vertex  5.620288e+01  2.500000e+00  1.205270e+02
   endloop
 endfacet
 facet normal  0.000000e+00  1.000000e+00  0.000000e+00
   outer loop
     vertex  5.258762e+01  2.500000e+00  1.243202e+02
     vertex  3.544769e+01  2.500000e+00  1.242535e+02
     vertex  3.541238e+01  2.500000e+00  1.243202e+02
   endloop
 endfacet
 facet normal  0.000000e+00  1.000000e+00  0.000000e+00
   outer loop
     vertex  5.258762e+01  2.500000e+00  1.243202e+02
     vertex  5.255231e+01  2.500000e+00  1.242535e+02
     vertex  3.544769e+01  2.500000e+00  1.242535e+02
   endloop
 endfacet
 facet normal  1.776944e-17  1.000000e+00 -3.300565e-17
   outer loop
     vertex  5.633671e+01  2.500000e+00  1.205967e+02
     vertex  4.400000e+01  2.500000e+00  1.005000e+02
     vertex  5.627027e+01  2.500000e+00  1.205610e+02
   endloop
 endfacet
 facet normal  0.000000e+00  1.000000e+00  0.000000e+00
   outer loop
     vertex  5.262474e+01  2.500000e+00  1.243859e+02
     vertex  3.537526e+01  2.500000e+00  1.243859e+02
     vertex  3.533634e+01  2.500000e+00  1.244505e+02
   endloop
 endfacet
 facet normal  0.000000e+00  1.000000e+00  0.000000e+00
   outer loop
     vertex  5.262474e+01  2.500000e+00  1.243859e+02
     vertex  3.541238e+01  2.500000e+00  1.243202e+02
     vertex  3.537526e+01  2.500000e+00  1.243859e+02
   endloop
 endfacet
 facet normal  0.000000e+00  1.000000e+00  0.000000e+00
   outer loop
     vertex  5.262474e+01  2.500000e+00  1.243859e+02
     vertex  5.258762e+01  2.500000e+00  1.243202e+02
     vertex  3.541238e+01  2.500000e+00  1.243202e+02
   endloop
 endfacet
 facet normal  1.960107e-17  1.000000e+00 -3.413002e-17
   outer loop
     vertex  5.640214e+01  2.500000e+00  1.206343e+02
     vertex  4.400000e+01  2.500000e+00  1.005000e+02
     vertex  5.633671e+01  2.500000e+00  1.205967e+02
   endloop
 endfacet
 facet normal  0.000000e+00  1.000000e+00  0.000000e+00
   outer loop
     vertex  5.266366e+01  2.500000e+00  1.244505e+02
     vertex  5.262474e+01  2.500000e+00  1.243859e+02
     vertex  3.533634e+01  2.500000e+00  1.244505e+02
   endloop
 endfacet
 facet normal  2.163116e-17  1.000000e+00 -3.538050e-17
   outer loop
     vertex  5.646651e+01  2.500000e+00  1.206737e+02
     vertex  4.400000e+01  2.500000e+00  1.005000e+02
     vertex  5.640214e+01  2.500000e+00  1.206343e+02
   endloop
 endfacet
 facet normal  0.000000e+00  1.000000e+00  0.000000e+00
   outer loop
     vertex  5.270433e+01  2.500000e+00  1.245141e+02
     vertex  3.533634e+01  2.500000e+00  1.244505e+02
     vertex  3.529567e+01  2.500000e+00  1.245141e+02
   endloop
 endfacet
 facet normal  0.000000e+00  1.000000e+00  0.000000e+00
   outer loop
     vertex  5.270433e+01  2.500000e+00  1.245141e+02
     vertex  5.266366e+01  2.500000e+00  1.244505e+02
     vertex  3.533634e+01  2.500000e+00  1.244505e+02
   endloop
 endfacet
 facet normal  2.389804e-17  1.000000e+00 -3.678134e-17
   outer loop
     vertex  5.652978e+01  2.500000e+00  1.207148e+02
     vertex  4.400000e+01  2.500000e+00  1.005000e+02
     vertex  5.646651e+01  2.500000e+00  1.206737e+02
   endloop
 endfacet
 facet normal  0.000000e+00  1.000000e+00  0.000000e+00
   outer loop
     vertex  5.274673e+01  2.500000e+00  1.245765e+02
     vertex  3.529567e+01  2.500000e+00  1.245141e+02
     vertex  3.525327e+01  2.500000e+00  1.245765e+02
   endloop
 endfacet
 facet normal  0.000000e+00  1.000000e+00  0.000000e+00
   outer loop
     vertex  5.274673e+01  2.500000e+00  1.245765e+02
     vertex  5.270433e+01  2.500000e+00  1.245141e+02
     vertex  3.529567e+01  2.500000e+00  1.245141e+02
   endloop
 endfacet
 facet normal  2.645049e-17  1.000000e+00 -3.836344e-17
   outer loop
     vertex  5.659190e+01  2.500000e+00  1.207576e+02
     vertex  4.400000e+01  2.500000e+00  1.005000e+02
     vertex  5.652978e+01  2.500000e+00  1.207148e+02
   endloop
 endfacet
 facet normal  0.000000e+00  1.000000e+00  0.000000e+00
   outer loop
     vertex  5.279083e+01  2.500000e+00  1.246377e+02
     vertex  3.525327e+01  2.500000e+00  1.245765e+02
     vertex  3.520917e+01  2.500000e+00  1.246377e+02
   endloop
 endfacet
 facet normal  0.000000e+00  1.000000e+00  0.000000e+00
   outer loop
     vertex  5.279083e+01  2.500000e+00  1.246377e+02
     vertex  5.274673e+01  2.500000e+00  1.245765e+02
     vertex  3.525327e+01  2.500000e+00  1.245765e+02
   endloop
 endfacet
 facet normal  2.935152e-17  1.000000e+00 -4.016668e-17
   outer loop
     vertex  5.665281e+01  2.500000e+00  1.208021e+02
     vertex  4.400000e+01  2.500000e+00  1.005000e+02
     vertex  5.659190e+01  2.500000e+00  1.207576e+02
   endloop
 endfacet
 facet normal  0.000000e+00  1.000000e+00  0.000000e+00
   outer loop
     vertex  5.283659e+01  2.500000e+00  1.246977e+02
     vertex  5.279083e+01  2.500000e+00  1.246377e+02
     vertex  3.520917e+01  2.500000e+00  1.246377e+02
   endloop
 endfacet
 facet normal  0.000000e+00  1.000000e+00  0.000000e+00
   outer loop
     vertex  5.283659e+01  2.500000e+00  1.246977e+02
     vertex  3.520917e+01  2.500000e+00  1.246377e+02
     vertex  3.516341e+01  2.500000e+00  1.246977e+02
   endloop
 endfacet
 facet normal  3.268403e-17  1.000000e+00 -4.224359e-17
   outer loop
     vertex  5.671249e+01  2.500000e+00  1.208483e+02
     vertex  4.400000e+01  2.500000e+00  1.005000e+02
     vertex  5.665281e+01  2.500000e+00  1.208021e+02
   endloop
 endfacet
 facet normal  0.000000e+00  1.000000e+00  0.000000e+00
   outer loop
     vertex  5.288398e+01  2.500000e+00  1.247564e+02
     vertex  3.516341e+01  2.500000e+00  1.246977e+02
     vertex  3.511602e+01  2.500000e+00  1.247564e+02
   endloop
 endfacet
 facet normal  0.000000e+00  1.000000e+00  0.000000e+00
   outer loop
     vertex  5.288398e+01  2.500000e+00  1.247564e+02
     vertex  5.283659e+01  2.500000e+00  1.246977e+02
     vertex  3.516341e+01  2.500000e+00  1.246977e+02
   endloop
 endfacet
 facet normal  3.655929e-17  1.000000e+00 -4.466464e-17
   outer loop
     vertex  5.677088e+01  2.500000e+00  1.208961e+02
     vertex  4.400000e+01  2.500000e+00  1.005000e+02
     vertex  5.671249e+01  2.500000e+00  1.208483e+02
   endloop
 endfacet
 facet normal  0.000000e+00  1.000000e+00  0.000000e+00
   outer loop
     vertex  5.293296e+01  2.500000e+00  1.248138e+02
     vertex  3.511602e+01  2.500000e+00  1.247564e+02
     vertex  3.506704e+01  2.500000e+00  1.248138e+02
   endloop
 endfacet
 facet normal  0.000000e+00  1.000000e+00  0.000000e+00
   outer loop
     vertex  5.293296e+01  2.500000e+00  1.248138e+02
     vertex  5.288398e+01  2.500000e+00  1.247564e+02
     vertex  3.511602e+01  2.500000e+00  1.247564e+02
   endloop
 endfacet
 facet normal  0.000000e+00  1.000000e+00  0.000000e+00
   outer loop
     vertex  5.298350e+01  2.500000e+00  1.248698e+02
     vertex  3.501650e+01  2.500000e+00  1.248698e+02
     vertex  3.496445e+01  2.500000e+00  1.249244e+02
   endloop
 endfacet
 facet normal  0.000000e+00  1.000000e+00  0.000000e+00
   outer loop
     vertex  5.298350e+01  2.500000e+00  1.248698e+02
     vertex  3.506704e+01  2.500000e+00  1.248138e+02
     vertex  3.501650e+01  2.500000e+00  1.248698e+02
   endloop
 endfacet
 facet normal  0.000000e+00  1.000000e+00  0.000000e+00
   outer loop
     vertex  5.298350e+01  2.500000e+00  1.248698e+02
     vertex  5.293296e+01  2.500000e+00  1.248138e+02
     vertex  3.506704e+01  2.500000e+00  1.248138e+02
   endloop
 endfacet
 facet normal  0.000000e+00  1.000000e+00  0.000000e+00
   outer loop
     vertex  5.303555e+01  2.500000e+00  1.249244e+02
     vertex  5.298350e+01  2.500000e+00  1.248698e+02
     vertex  3.496445e+01  2.500000e+00  1.249244e+02
   endloop
 endfacet
 facet normal  0.000000e+00  1.000000e+00  0.000000e+00
   outer loop
     vertex  5.308909e+01  2.500000e+00  1.249776e+02
     vertex  3.491091e+01  2.500000e+00  1.249776e+02
     vertex  3.485594e+01  2.500000e+00  1.250293e+02
   endloop
 endfacet
 facet normal  0.000000e+00  1.000000e+00  0.000000e+00
   outer loop
     vertex  5.308909e+01  2.500000e+00  1.249776e+02
     vertex  3.496445e+01  2.500000e+00  1.249244e+02
     vertex  3.491091e+01  2.500000e+00  1.249776e+02
   endloop
 endfacet
 facet normal  0.000000e+00  1.000000e+00  0.000000e+00
   outer loop
     vertex  5.308909e+01  2.500000e+00  1.249776e+02
     vertex  5.303555e+01  2.500000e+00  1.249244e+02
     vertex  3.496445e+01  2.500000e+00  1.249244e+02
   endloop
 endfacet
 facet normal  0.000000e+00  1.000000e+00  0.000000e+00
   outer loop
     vertex  5.314406e+01  2.500000e+00  1.250293e+02
     vertex  3.485594e+01  2.500000e+00  1.250293e+02
     vertex  3.479957e+01  2.500000e+00  1.250794e+02
   endloop
 endfacet
 facet normal  0.000000e+00  1.000000e+00  0.000000e+00
   outer loop
     vertex  5.314406e+01  2.500000e+00  1.250293e+02
     vertex  5.308909e+01  2.500000e+00  1.249776e+02
     vertex  3.485594e+01  2.500000e+00  1.250293e+02
   endloop
 endfacet
 facet normal  0.000000e+00  1.000000e+00  0.000000e+00
   outer loop
     vertex  5.320043e+01  2.500000e+00  1.250794e+02
     vertex  5.314406e+01  2.500000e+00  1.250293e+02
     vertex  3.479957e+01  2.500000e+00  1.250794e+02
   endloop
 endfacet
 facet normal  0.000000e+00  1.000000e+00  0.000000e+00
   outer loop
     vertex  5.325815e+01  2.500000e+00  1.251280e+02
     vertex  3.474185e+01  2.500000e+00  1.251280e+02
     vertex  3.468281e+01  2.500000e+00  1.251750e+02
   endloop
 endfacet
 facet normal  0.000000e+00  1.000000e+00  0.000000e+00
   outer loop
     vertex  5.325815e+01  2.500000e+00  1.251280e+02
     vertex  3.479957e+01  2.500000e+00  1.250794e+02
     vertex  3.474185e+01  2.500000e+00  1.251280e+02
   endloop
 endfacet
 facet normal  0.000000e+00  1.000000e+00  0.000000e+00
   outer loop
     vertex  5.325815e+01  2.500000e+00  1.251280e+02
     vertex  5.320043e+01  2.500000e+00  1.250794e+02
     vertex  3.479957e+01  2.500000e+00  1.250794e+02
   endloop
 endfacet
 facet normal  0.000000e+00  1.000000e+00  0.000000e+00
   outer loop
     vertex  5.331719e+01  2.500000e+00  1.251750e+02
     vertex  5.325815e+01  2.500000e+00  1.251280e+02
     vertex  3.468281e+01  2.500000e+00  1.251750e+02
   endloop
 endfacet
 facet normal  0.000000e+00  1.000000e+00  0.000000e+00
   outer loop
     vertex  5.337749e+01  2.500000e+00  1.252204e+02
     vertex  3.468281e+01  2.500000e+00  1.251750e+02
     vertex  3.462251e+01  2.500000e+00  1.252204e+02
   endloop
 endfacet
 facet normal  0.000000e+00  1.000000e+00  0.000000e+00
   outer loop
     vertex  5.337749e+01  2.500000e+00  1.252204e+02
     vertex  5.331719e+01  2.500000e+00  1.251750e+02
     vertex  3.468281e+01  2.500000e+00  1.251750e+02
   endloop
 endfacet
 facet normal  0.000000e+00  1.000000e+00  0.000000e+00
   outer loop
     vertex  5.343902e+01  2.500000e+00  1.252640e+02
     vertex  3.462251e+01  2.500000e+00  1.252204e+02
     vertex  3.456098e+01  2.500000e+00  1.252640e+02
   endloop
 endfacet
 facet normal  0.000000e+00  1.000000e+00  0.000000e+00
   outer loop
     vertex  5.343902e+01  2.500000e+00  1.252640e+02
     vertex  5.337749e+01  2.500000e+00  1.252204e+02
     vertex  3.462251e+01  2.500000e+00  1.252204e+02
   endloop
 endfacet
 facet normal  0.000000e+00  1.000000e+00  0.000000e+00
   outer loop
     vertex  5.343902e+01  2.500000e+00  1.252640e+02
     vertex  3.456098e+01  2.500000e+00  1.252640e+02
     vertex  3.449828e+01  2.500000e+00  1.253060e+02
   endloop
 endfacet
 facet normal  0.000000e+00  1.000000e+00  0.000000e+00
   outer loop
     vertex  5.350172e+01  2.500000e+00  1.253060e+02
     vertex  5.343902e+01  2.500000e+00  1.252640e+02
     vertex  3.449828e+01  2.500000e+00  1.253060e+02
   endloop
 endfacet
 facet normal  0.000000e+00  1.000000e+00  0.000000e+00
   outer loop
     vertex  5.356554e+01  2.500000e+00  1.253462e+02
     vertex  5.350172e+01  2.500000e+00  1.253060e+02
     vertex  3.449828e+01  2.500000e+00  1.253060e+02
   endloop
 endfacet
 facet normal  0.000000e+00  1.000000e+00  0.000000e+00
   outer loop
     vertex  5.356554e+01  2.500000e+00  1.253462e+02
     vertex  3.443446e+01  2.500000e+00  1.253462e+02
     vertex  3.436955e+01  2.500000e+00  1.253847e+02
   endloop
 endfacet
 facet normal  0.000000e+00  1.000000e+00  0.000000e+00
   outer loop
     vertex  5.356554e+01  2.500000e+00  1.253462e+02
     vertex  3.449828e+01  2.500000e+00  1.253060e+02
     vertex  3.443446e+01  2.500000e+00  1.253462e+02
   endloop
 endfacet
 facet normal  0.000000e+00  1.000000e+00  0.000000e+00
   outer loop
     vertex  5.363045e+01  2.500000e+00  1.253847e+02
     vertex  5.356554e+01  2.500000e+00  1.253462e+02
     vertex  3.436955e+01  2.500000e+00  1.253847e+02
   endloop
 endfacet
 facet normal  0.000000e+00  1.000000e+00  0.000000e+00
   outer loop
     vertex  5.369639e+01  2.500000e+00  1.254214e+02
     vertex  5.363045e+01  2.500000e+00  1.253847e+02
     vertex  3.436955e+01  2.500000e+00  1.253847e+02
   endloop
 endfacet
 facet normal  0.000000e+00  1.000000e+00  0.000000e+00
   outer loop
     vertex  5.369639e+01  2.500000e+00  1.254214e+02
     vertex  3.436955e+01  2.500000e+00  1.253847e+02
     vertex  3.430361e+01  2.500000e+00  1.254214e+02
   endloop
 endfacet
 facet normal  0.000000e+00  1.000000e+00  0.000000e+00
   outer loop
     vertex  5.376331e+01  2.500000e+00  1.254562e+02
     vertex  5.369639e+01  2.500000e+00  1.254214e+02
     vertex  3.430361e+01  2.500000e+00  1.254214e+02
   endloop
 endfacet
 facet normal  0.000000e+00  1.000000e+00  0.000000e+00
   outer loop
     vertex  5.376331e+01  2.500000e+00  1.254562e+02
     vertex  3.430361e+01  2.500000e+00  1.254214e+02
     vertex  3.423669e+01  2.500000e+00  1.254562e+02
   endloop
 endfacet
 facet normal  0.000000e+00  1.000000e+00  0.000000e+00
   outer loop
     vertex  5.383116e+01  2.500000e+00  1.254892e+02
     vertex  5.376331e+01  2.500000e+00  1.254562e+02
     vertex  3.423669e+01  2.500000e+00  1.254562e+02
   endloop
 endfacet
 facet normal  0.000000e+00  1.000000e+00  0.000000e+00
   outer loop
     vertex  5.383116e+01  2.500000e+00  1.254892e+02
     vertex  3.416884e+01  2.500000e+00  1.254892e+02
     vertex  3.410011e+01  2.500000e+00  1.255204e+02
   endloop
 endfacet
 facet normal  0.000000e+00  1.000000e+00  0.000000e+00
   outer loop
     vertex  5.383116e+01  2.500000e+00  1.254892e+02
     vertex  3.423669e+01  2.500000e+00  1.254562e+02
     vertex  3.416884e+01  2.500000e+00  1.254892e+02
   endloop
 endfacet
 facet normal  0.000000e+00  1.000000e+00  0.000000e+00
   outer loop
     vertex  5.389989e+01  2.500000e+00  1.255204e+02
     vertex  5.383116e+01  2.500000e+00  1.254892e+02
     vertex  3.410011e+01  2.500000e+00  1.255204e+02
   endloop
 endfacet
 facet normal  0.000000e+00  1.000000e+00  0.000000e+00
   outer loop
     vertex  5.389989e+01  2.500000e+00  1.255204e+02
     vertex  3.410011e+01  2.500000e+00  1.255204e+02
     vertex  3.403056e+01  2.500000e+00  1.255496e+02
   endloop
 endfacet
 facet normal  0.000000e+00  1.000000e+00  0.000000e+00
   outer loop
     vertex  5.396944e+01  2.500000e+00  1.255496e+02
     vertex  5.389989e+01  2.500000e+00  1.255204e+02
     vertex  3.403056e+01  2.500000e+00  1.255496e+02
   endloop
 endfacet
 facet normal  0.000000e+00  1.000000e+00  0.000000e+00
   outer loop
     vertex  5.403978e+01  2.500000e+00  1.255769e+02
     vertex  5.396944e+01  2.500000e+00  1.255496e+02
     vertex  3.403056e+01  2.500000e+00  1.255496e+02
   endloop
 endfacet
 facet normal  0.000000e+00  1.000000e+00  0.000000e+00
   outer loop
     vertex  5.403978e+01  2.500000e+00  1.255769e+02
     vertex  3.396022e+01  2.500000e+00  1.255769e+02
     vertex  3.388917e+01  2.500000e+00  1.256023e+02
   endloop
 endfacet
 facet normal  0.000000e+00  1.000000e+00  0.000000e+00
   outer loop
     vertex  5.403978e+01  2.500000e+00  1.255769e+02
     vertex  3.403056e+01  2.500000e+00  1.255496e+02
     vertex  3.396022e+01  2.500000e+00  1.255769e+02
   endloop
 endfacet
 facet normal  0.000000e+00  1.000000e+00  0.000000e+00
   outer loop
     vertex  5.411083e+01  2.500000e+00  1.256023e+02
     vertex  5.403978e+01  2.500000e+00  1.255769e+02
     vertex  3.388917e+01  2.500000e+00  1.256023e+02
   endloop
 endfacet
 facet normal  0.000000e+00  1.000000e+00  0.000000e+00
   outer loop
     vertex  5.411083e+01  2.500000e+00  1.256023e+02
     vertex  3.388917e+01  2.500000e+00  1.256023e+02
     vertex  3.381744e+01  2.500000e+00  1.256257e+02
   endloop
 endfacet
 facet normal  0.000000e+00  1.000000e+00  0.000000e+00
   outer loop
     vertex  5.418256e+01  2.500000e+00  1.256257e+02
     vertex  5.411083e+01  2.500000e+00  1.256023e+02
     vertex  3.381744e+01  2.500000e+00  1.256257e+02
   endloop
 endfacet
 facet normal  0.000000e+00  1.000000e+00  0.000000e+00
   outer loop
     vertex  5.425490e+01  2.500000e+00  1.256471e+02
     vertex  5.418256e+01  2.500000e+00  1.256257e+02
     vertex  3.381744e+01  2.500000e+00  1.256257e+02
   endloop
 endfacet
 facet normal  0.000000e+00  1.000000e+00  0.000000e+00
   outer loop
     vertex  5.425490e+01  2.500000e+00  1.256471e+02
     vertex  3.374510e+01  2.500000e+00  1.256471e+02
     vertex  3.367220e+01  2.500000e+00  1.256666e+02
   endloop
 endfacet
 facet normal  0.000000e+00  1.000000e+00  0.000000e+00
   outer loop
     vertex  5.425490e+01  2.500000e+00  1.256471e+02
     vertex  3.381744e+01  2.500000e+00  1.256257e+02
     vertex  3.374510e+01  2.500000e+00  1.256471e+02
   endloop
 endfacet
 facet normal  0.000000e+00  1.000000e+00  0.000000e+00
   outer loop
     vertex  5.432780e+01  2.500000e+00  1.256666e+02
     vertex  5.425490e+01  2.500000e+00  1.256471e+02
     vertex  3.367220e+01  2.500000e+00  1.256666e+02
   endloop
 endfacet
 facet normal  0.000000e+00  1.000000e+00  0.000000e+00
   outer loop
     vertex  5.440121e+01  2.500000e+00  1.256840e+02
     vertex  5.432780e+01  2.500000e+00  1.256666e+02
     vertex  3.367220e+01  2.500000e+00  1.256666e+02
   endloop
 endfacet
 facet normal  0.000000e+00  1.000000e+00  0.000000e+00
   outer loop
     vertex  5.440121e+01  2.500000e+00  1.256840e+02
     vertex  3.359879e+01  2.500000e+00  1.256840e+02
     vertex  3.352493e+01  2.500000e+00  1.256994e+02
   endloop
 endfacet
 facet normal  0.000000e+00  1.000000e+00  0.000000e+00
   outer loop
     vertex  5.440121e+01  2.500000e+00  1.256840e+02
     vertex  3.367220e+01  2.500000e+00  1.256666e+02
     vertex  3.359879e+01  2.500000e+00  1.256840e+02
   endloop
 endfacet
 facet normal  0.000000e+00  1.000000e+00  0.000000e+00
   outer loop
     vertex  5.447507e+01  2.500000e+00  1.256994e+02
     vertex  5.440121e+01  2.500000e+00  1.256840e+02
     vertex  3.352493e+01  2.500000e+00  1.256994e+02
   endloop
 endfacet
 facet normal  0.000000e+00  1.000000e+00  0.000000e+00
   outer loop
     vertex  5.454932e+01  2.500000e+00  1.257128e+02
     vertex  5.447507e+01  2.500000e+00  1.256994e+02
     vertex  3.352493e+01  2.500000e+00  1.256994e+02
   endloop
 endfacet
 facet normal  0.000000e+00  1.000000e+00  0.000000e+00
   outer loop
     vertex  5.454932e+01  2.500000e+00  1.257128e+02
     vertex  3.345068e+01  2.500000e+00  1.257128e+02
     vertex  3.337608e+01  2.500000e+00  1.257242e+02
   endloop
 endfacet
 facet normal  0.000000e+00  1.000000e+00  0.000000e+00
   outer loop
     vertex  5.454932e+01  2.500000e+00  1.257128e+02
     vertex  3.352493e+01  2.500000e+00  1.256994e+02
     vertex  3.345068e+01  2.500000e+00  1.257128e+02
   endloop
 endfacet
 facet normal  0.000000e+00  1.000000e+00  0.000000e+00
   outer loop
     vertex  5.462392e+01  2.500000e+00  1.257242e+02
     vertex  5.454932e+01  2.500000e+00  1.257128e+02
     vertex  3.337608e+01  2.500000e+00  1.257242e+02
   endloop
 endfacet
 facet normal  0.000000e+00  1.000000e+00  0.000000e+00
   outer loop
     vertex  5.469879e+01  2.500000e+00  1.257335e+02
     vertex  5.462392e+01  2.500000e+00  1.257242e+02
     vertex  3.337608e+01  2.500000e+00  1.257242e+02
   endloop
 endfacet
 facet normal  0.000000e+00  1.000000e+00  0.000000e+00
   outer loop
     vertex  5.469879e+01  2.500000e+00  1.257335e+02
     vertex  3.337608e+01  2.500000e+00  1.257242e+02
     vertex  3.330121e+01  2.500000e+00  1.257335e+02
   endloop
 endfacet
 facet normal  0.000000e+00  1.000000e+00  0.000000e+00
   outer loop
     vertex  5.477390e+01  2.500000e+00  1.257407e+02
     vertex  5.469879e+01  2.500000e+00  1.257335e+02
     vertex  3.330121e+01  2.500000e+00  1.257335e+02
   endloop
 endfacet
 facet normal  0.000000e+00  1.000000e+00  0.000000e+00
   outer loop
     vertex  5.477390e+01  2.500000e+00  1.257407e+02
     vertex  3.330121e+01  2.500000e+00  1.257335e+02
     vertex  3.322610e+01  2.500000e+00  1.257407e+02
   endloop
 endfacet
 facet normal  0.000000e+00  1.000000e+00  0.000000e+00
   outer loop
     vertex  5.484917e+01  2.500000e+00  1.257459e+02
     vertex  5.477390e+01  2.500000e+00  1.257407e+02
     vertex  3.322610e+01  2.500000e+00  1.257407e+02
   endloop
 endfacet
 facet normal  0.000000e+00  1.000000e+00  0.000000e+00
   outer loop
     vertex  5.484917e+01  2.500000e+00  1.257459e+02
     vertex  3.322610e+01  2.500000e+00  1.257407e+02
     vertex  3.315083e+01  2.500000e+00  1.257459e+02
   endloop
 endfacet
 facet normal  0.000000e+00  1.000000e+00  0.000000e+00
   outer loop
     vertex  9.000000e+01  2.500000e+00  1.300000e+02
     vertex  5.507544e+01  2.500000e+00  1.257490e+02
     vertex  5.500000e+01  2.500000e+00  1.257500e+02
   endloop
 endfacet
 facet normal  0.000000e+00  1.000000e+00  0.000000e+00
   outer loop
     vertex  9.000000e+01  2.500000e+00  1.300000e+02
     vertex  5.515083e+01  2.500000e+00  1.257459e+02
     vertex  5.507544e+01  2.500000e+00  1.257490e+02
   endloop
 endfacet
 facet normal  0.000000e+00  1.000000e+00  0.000000e+00
   outer loop
     vertex  9.000000e+01  2.500000e+00  1.300000e+02
     vertex  5.522610e+01  2.500000e+00  1.257407e+02
     vertex  5.515083e+01  2.500000e+00  1.257459e+02
   endloop
 endfacet
 facet normal  0.000000e+00  1.000000e+00  0.000000e+00
   outer loop
     vertex  9.000000e+01  2.500000e+00  1.300000e+02
     vertex  5.530121e+01  2.500000e+00  1.257335e+02
     vertex  5.522610e+01  2.500000e+00  1.257407e+02
   endloop
 endfacet
 facet normal  0.000000e+00  1.000000e+00  0.000000e+00
   outer loop
     vertex  9.000000e+01  2.500000e+00  1.300000e+02
     vertex  5.537608e+01  2.500000e+00  1.257242e+02
     vertex  5.530121e+01  2.500000e+00  1.257335e+02
   endloop
 endfacet
 facet normal  0.000000e+00  1.000000e+00  0.000000e+00
   outer loop
     vertex  9.000000e+01  2.500000e+00  1.300000e+02
     vertex  5.545068e+01  2.500000e+00  1.257128e+02
     vertex  5.537608e+01  2.500000e+00  1.257242e+02
   endloop
 endfacet
 facet normal  0.000000e+00  1.000000e+00  0.000000e+00
   outer loop
     vertex  9.000000e+01  2.500000e+00  1.300000e+02
     vertex  5.552493e+01  2.500000e+00  1.256994e+02
     vertex  5.545068e+01  2.500000e+00  1.257128e+02
   endloop
 endfacet
 facet normal  0.000000e+00  1.000000e+00  0.000000e+00
   outer loop
     vertex  9.000000e+01  2.500000e+00  1.300000e+02
     vertex  5.559879e+01  2.500000e+00  1.256840e+02
     vertex  5.552493e+01  2.500000e+00  1.256994e+02
   endloop
 endfacet
 facet normal  0.000000e+00  1.000000e+00  0.000000e+00
   outer loop
     vertex  9.000000e+01  2.500000e+00  1.300000e+02
     vertex  5.567220e+01  2.500000e+00  1.256666e+02
     vertex  5.559879e+01  2.500000e+00  1.256840e+02
   endloop
 endfacet
 facet normal  0.000000e+00  1.000000e+00  0.000000e+00
   outer loop
     vertex  9.000000e+01  2.500000e+00  1.300000e+02
     vertex  5.574510e+01  2.500000e+00  1.256471e+02
     vertex  5.567220e+01  2.500000e+00  1.256666e+02
   endloop
 endfacet
 facet normal  0.000000e+00  1.000000e+00  0.000000e+00
   outer loop
     vertex  9.000000e+01  2.500000e+00  1.300000e+02
     vertex  5.581744e+01  2.500000e+00  1.256257e+02
     vertex  5.574510e+01  2.500000e+00  1.256471e+02
   endloop
 endfacet
 facet normal  0.000000e+00  1.000000e+00  0.000000e+00
   outer loop
     vertex  9.000000e+01  2.500000e+00  1.300000e+02
     vertex  5.588917e+01  2.500000e+00  1.256023e+02
     vertex  5.581744e+01  2.500000e+00  1.256257e+02
   endloop
 endfacet
 facet normal  0.000000e+00  1.000000e+00  0.000000e+00
   outer loop
     vertex  9.000000e+01  2.500000e+00  1.300000e+02
     vertex  5.596022e+01  2.500000e+00  1.255769e+02
     vertex  5.588917e+01  2.500000e+00  1.256023e+02
   endloop
 endfacet
 facet normal  0.000000e+00  1.000000e+00  0.000000e+00
   outer loop
     vertex  9.000000e+01  2.500000e+00  1.300000e+02
     vertex  5.603056e+01  2.500000e+00  1.255496e+02
     vertex  5.596022e+01  2.500000e+00  1.255769e+02
   endloop
 endfacet
 facet normal  0.000000e+00  1.000000e+00  0.000000e+00
   outer loop
     vertex  9.000000e+01  2.500000e+00  1.300000e+02
     vertex  5.610011e+01  2.500000e+00  1.255204e+02
     vertex  5.603056e+01  2.500000e+00  1.255496e+02
   endloop
 endfacet
 facet normal  0.000000e+00  1.000000e+00  0.000000e+00
   outer loop
     vertex  9.000000e+01  2.500000e+00  1.300000e+02
     vertex  5.616884e+01  2.500000e+00  1.254892e+02
     vertex  5.610011e+01  2.500000e+00  1.255204e+02
   endloop
 endfacet
 facet normal  0.000000e+00  1.000000e+00  0.000000e+00
   outer loop
     vertex  9.000000e+01  2.500000e+00  1.300000e+02
     vertex  5.623669e+01  2.500000e+00  1.254562e+02
     vertex  5.616884e+01  2.500000e+00  1.254892e+02
   endloop
 endfacet
 facet normal  0.000000e+00  1.000000e+00  0.000000e+00
   outer loop
     vertex  9.000000e+01  2.500000e+00  1.300000e+02
     vertex  5.630361e+01  2.500000e+00  1.254214e+02
     vertex  5.623669e+01  2.500000e+00  1.254562e+02
   endloop
 endfacet
 facet normal  0.000000e+00  1.000000e+00  0.000000e+00
   outer loop
     vertex  9.000000e+01  2.500000e+00  1.300000e+02
     vertex  5.636955e+01  2.500000e+00  1.253847e+02
     vertex  5.630361e+01  2.500000e+00  1.254214e+02
   endloop
 endfacet
 facet normal  0.000000e+00  1.000000e+00  0.000000e+00
   outer loop
     vertex  9.000000e+01  2.500000e+00  1.300000e+02
     vertex  5.643446e+01  2.500000e+00  1.253462e+02
     vertex  5.636955e+01  2.500000e+00  1.253847e+02
   endloop
 endfacet
 facet normal  0.000000e+00  1.000000e+00  0.000000e+00
   outer loop
     vertex  9.000000e+01  2.500000e+00  1.300000e+02
     vertex  5.649828e+01  2.500000e+00  1.253060e+02
     vertex  5.643446e+01  2.500000e+00  1.253462e+02
   endloop
 endfacet
 facet normal  0.000000e+00  1.000000e+00  0.000000e+00
   outer loop
     vertex  9.000000e+01  2.500000e+00  1.300000e+02
     vertex  5.656098e+01  2.500000e+00  1.252640e+02
     vertex  5.649828e+01  2.500000e+00  1.253060e+02
   endloop
 endfacet
 facet normal  0.000000e+00  1.000000e+00  0.000000e+00
   outer loop
     vertex  9.000000e+01  2.500000e+00  1.300000e+02
     vertex  5.662251e+01  2.500000e+00  1.252204e+02
     vertex  5.656098e+01  2.500000e+00  1.252640e+02
   endloop
 endfacet
 facet normal  0.000000e+00  1.000000e+00  0.000000e+00
   outer loop
     vertex  9.000000e+01  2.500000e+00  1.300000e+02
     vertex  5.668281e+01  2.500000e+00  1.251750e+02
     vertex  5.662251e+01  2.500000e+00  1.252204e+02
   endloop
 endfacet
 facet normal  0.000000e+00  1.000000e+00  0.000000e+00
   outer loop
     vertex  9.000000e+01  2.500000e+00  1.300000e+02
     vertex  5.674185e+01  2.500000e+00  1.251280e+02
     vertex  5.668281e+01  2.500000e+00  1.251750e+02
   endloop
 endfacet
 facet normal  0.000000e+00  1.000000e+00  0.000000e+00
   outer loop
     vertex  9.000000e+01  2.500000e+00  1.300000e+02
     vertex  5.492456e+01  2.500000e+00  1.257490e+02
     vertex  5.484917e+01  2.500000e+00  1.257459e+02
   endloop
 endfacet
 facet normal  0.000000e+00  1.000000e+00  0.000000e+00
   outer loop
     vertex  9.000000e+01  2.500000e+00  1.300000e+02
     vertex  5.679957e+01  2.500000e+00  1.250794e+02
     vertex  5.674185e+01  2.500000e+00  1.251280e+02
   endloop
 endfacet
 facet normal  0.000000e+00  1.000000e+00  0.000000e+00
   outer loop
     vertex  9.000000e+01  2.500000e+00  1.300000e+02
     vertex  5.500000e+01  2.500000e+00  1.257500e+02
     vertex  5.492456e+01  2.500000e+00  1.257490e+02
   endloop
 endfacet
 facet normal  0.000000e+00  1.000000e+00  0.000000e+00
   outer loop
     vertex  9.000000e+01  2.500000e+00  1.300000e+02
     vertex  5.685594e+01  2.500000e+00  1.250293e+02
     vertex  5.679957e+01  2.500000e+00  1.250794e+02
   endloop
 endfacet
 facet normal  0.000000e+00  1.000000e+00  0.000000e+00
   outer loop
     vertex  9.000000e+01  2.500000e+00  1.300000e+02
     vertex  5.691091e+01  2.500000e+00  1.249776e+02
     vertex  5.685594e+01  2.500000e+00  1.250293e+02
   endloop
 endfacet
 facet normal  0.000000e+00  1.000000e+00  0.000000e+00
   outer loop
     vertex  9.000000e+01  2.500000e+00  1.300000e+02
     vertex  5.696445e+01  2.500000e+00  1.249244e+02
     vertex  5.691091e+01  2.500000e+00  1.249776e+02
   endloop
 endfacet
 facet normal  0.000000e+00  1.000000e+00  0.000000e+00
   outer loop
     vertex  9.000000e+01  2.500000e+00  1.300000e+02
     vertex  5.701650e+01  2.500000e+00  1.248698e+02
     vertex  5.696445e+01  2.500000e+00  1.249244e+02
   endloop
 endfacet
 facet normal  0.000000e+00  1.000000e+00  0.000000e+00
   outer loop
     vertex  9.000000e+01  2.500000e+00  1.300000e+02
     vertex  5.706704e+01  2.500000e+00  1.248138e+02
     vertex  5.701650e+01  2.500000e+00  1.248698e+02
   endloop
 endfacet
 facet normal  0.000000e+00  1.000000e+00  0.000000e+00
   outer loop
     vertex  9.000000e+01  2.500000e+00  1.300000e+02
     vertex  5.711602e+01  2.500000e+00  1.247564e+02
     vertex  5.706704e+01  2.500000e+00  1.248138e+02
   endloop
 endfacet
 facet normal  0.000000e+00  1.000000e+00  0.000000e+00
   outer loop
     vertex  9.000000e+01  2.500000e+00  1.300000e+02
     vertex  5.716341e+01  2.500000e+00  1.246977e+02
     vertex  5.711602e+01  2.500000e+00  1.247564e+02
   endloop
 endfacet
 facet normal  0.000000e+00  1.000000e+00  0.000000e+00
   outer loop
     vertex  9.000000e+01  2.500000e+00  1.300000e+02
     vertex  5.720917e+01  2.500000e+00  1.246377e+02
     vertex  5.716341e+01  2.500000e+00  1.246977e+02
   endloop
 endfacet
 facet normal  0.000000e+00  1.000000e+00  0.000000e+00
   outer loop
     vertex  9.000000e+01  2.500000e+00  1.300000e+02
     vertex  5.725327e+01  2.500000e+00  1.245765e+02
     vertex  5.720917e+01  2.500000e+00  1.246377e+02
   endloop
 endfacet
 facet normal  0.000000e+00  1.000000e+00  0.000000e+00
   outer loop
     vertex  9.000000e+01  2.500000e+00  1.300000e+02
     vertex  5.729567e+01  2.500000e+00  1.245141e+02
     vertex  5.725327e+01  2.500000e+00  1.245765e+02
   endloop
 endfacet
 facet normal  0.000000e+00  1.000000e+00  0.000000e+00
   outer loop
     vertex  9.000000e+01  2.500000e+00  1.300000e+02
     vertex  5.733634e+01  2.500000e+00  1.244505e+02
     vertex  5.729567e+01  2.500000e+00  1.245141e+02
   endloop
 endfacet
 facet normal  0.000000e+00  1.000000e+00  0.000000e+00
   outer loop
     vertex  9.000000e+01  2.500000e+00  1.300000e+02
     vertex  5.737526e+01  2.500000e+00  1.243859e+02
     vertex  5.733634e+01  2.500000e+00  1.244505e+02
   endloop
 endfacet
 facet normal  0.000000e+00  1.000000e+00  0.000000e+00
   outer loop
     vertex  9.000000e+01  2.500000e+00  1.300000e+02
     vertex  5.741238e+01  2.500000e+00  1.243202e+02
     vertex  5.737526e+01  2.500000e+00  1.243859e+02
   endloop
 endfacet
 facet normal  0.000000e+00  1.000000e+00  0.000000e+00
   outer loop
     vertex  9.000000e+01  2.500000e+00  1.300000e+02
     vertex  5.744769e+01  2.500000e+00  1.242535e+02
     vertex  5.741238e+01  2.500000e+00  1.243202e+02
   endloop
 endfacet
 facet normal  0.000000e+00  1.000000e+00  0.000000e+00
   outer loop
     vertex  9.000000e+01  2.500000e+00  1.300000e+02
     vertex  5.748116e+01  2.500000e+00  1.241859e+02
     vertex  5.744769e+01  2.500000e+00  1.242535e+02
   endloop
 endfacet
 facet normal  0.000000e+00  1.000000e+00  0.000000e+00
   outer loop
     vertex  9.000000e+01  2.500000e+00  1.300000e+02
     vertex  5.751276e+01  2.500000e+00  1.241174e+02
     vertex  5.748116e+01  2.500000e+00  1.241859e+02
   endloop
 endfacet
 facet normal  0.000000e+00  1.000000e+00  0.000000e+00
   outer loop
     vertex  9.000000e+01  2.500000e+00  1.300000e+02
     vertex  5.754247e+01  2.500000e+00  1.240480e+02
     vertex  5.751276e+01  2.500000e+00  1.241174e+02
   endloop
 endfacet
 facet normal  0.000000e+00  1.000000e+00  0.000000e+00
   outer loop
     vertex  9.000000e+01  2.500000e+00  1.300000e+02
     vertex  5.757026e+01  2.500000e+00  1.239779e+02
     vertex  5.754247e+01  2.500000e+00  1.240480e+02
   endloop
 endfacet
 facet normal  0.000000e+00  1.000000e+00  0.000000e+00
   outer loop
     vertex  9.000000e+01  2.500000e+00  1.300000e+02
     vertex  5.759612e+01  2.500000e+00  1.239070e+02
     vertex  5.757026e+01  2.500000e+00  1.239779e+02
   endloop
 endfacet
 facet normal  0.000000e+00  1.000000e+00  0.000000e+00
   outer loop
     vertex  9.000000e+01  2.500000e+00  1.300000e+02
     vertex  5.762003e+01  2.500000e+00  1.238354e+02
     vertex  5.759612e+01  2.500000e+00  1.239070e+02
   endloop
 endfacet
 facet normal  0.000000e+00  1.000000e+00  0.000000e+00
   outer loop
     vertex  9.000000e+01  2.500000e+00  1.300000e+02
     vertex  5.764196e+01  2.500000e+00  1.237632e+02
     vertex  5.762003e+01  2.500000e+00  1.238354e+02
   endloop
 endfacet
 facet normal  0.000000e+00  1.000000e+00  0.000000e+00
   outer loop
     vertex  9.000000e+01  2.500000e+00  1.300000e+02
     vertex  5.766191e+01  2.500000e+00  1.236905e+02
     vertex  5.764196e+01  2.500000e+00  1.237632e+02
   endloop
 endfacet
 facet normal  7.200550e-18  1.000000e+00 -2.628185e-17
   outer loop
     vertex  9.000000e+01  2.500000e+00  1.300000e+02
     vertex  4.400000e+01  2.500000e+00  1.005000e+02
     vertex  5.677088e+01  2.500000e+00  1.208961e+02
   endloop
 endfacet
 facet normal  0.000000e+00  1.000000e+00  0.000000e+00
   outer loop
     vertex  9.000000e+01  2.500000e+00  1.300000e+02
     vertex  5.767985e+01  2.500000e+00  1.236172e+02
     vertex  5.766191e+01  2.500000e+00  1.236905e+02
   endloop
 endfacet
 facet normal  0.000000e+00  1.000000e+00  0.000000e+00
   outer loop
     vertex  9.000000e+01  2.500000e+00  1.300000e+02
     vertex  5.769577e+01  2.500000e+00  1.235434e+02
     vertex  5.767985e+01  2.500000e+00  1.236172e+02
   endloop
 endfacet
 facet normal  0.000000e+00  1.000000e+00  0.000000e+00
   outer loop
     vertex  9.000000e+01  2.500000e+00  1.300000e+02
     vertex  5.770966e+01  2.500000e+00  1.234693e+02
     vertex  5.769577e+01  2.500000e+00  1.235434e+02
   endloop
 endfacet
 facet normal  0.000000e+00  1.000000e+00  0.000000e+00
   outer loop
     vertex  9.000000e+01  2.500000e+00  1.300000e+02
     vertex  5.772152e+01  2.500000e+00  1.233948e+02
     vertex  5.770966e+01  2.500000e+00  1.234693e+02
   endloop
 endfacet
 facet normal  0.000000e+00  1.000000e+00  0.000000e+00
   outer loop
     vertex  9.000000e+01  2.500000e+00  1.300000e+02
     vertex  5.773132e+01  2.500000e+00  1.233199e+02
     vertex  5.772152e+01  2.500000e+00  1.233948e+02
   endloop
 endfacet
 facet normal  0.000000e+00  1.000000e+00  0.000000e+00
   outer loop
     vertex  9.000000e+01  2.500000e+00  1.300000e+02
     vertex  5.773907e+01  2.500000e+00  1.232449e+02
     vertex  5.773132e+01  2.500000e+00  1.233199e+02
   endloop
 endfacet
 facet normal  0.000000e+00  1.000000e+00  0.000000e+00
   outer loop
     vertex  9.000000e+01  2.500000e+00  1.300000e+02
     vertex  5.774476e+01  2.500000e+00  1.231697e+02
     vertex  5.773907e+01  2.500000e+00  1.232449e+02
   endloop
 endfacet
 facet normal  0.000000e+00  1.000000e+00  0.000000e+00
   outer loop
     vertex  9.000000e+01  2.500000e+00  1.300000e+02
     vertex  5.774838e+01  2.500000e+00  1.230943e+02
     vertex  5.774476e+01  2.500000e+00  1.231697e+02
   endloop
 endfacet
 facet normal  0.000000e+00  1.000000e+00  0.000000e+00
   outer loop
     vertex  9.000000e+01  2.500000e+00  1.300000e+02
     vertex  5.774994e+01  2.500000e+00  1.230189e+02
     vertex  5.774838e+01  2.500000e+00  1.230943e+02
   endloop
 endfacet
 facet normal  0.000000e+00  1.000000e+00  0.000000e+00
   outer loop
     vertex  9.000000e+01  2.500000e+00  1.300000e+02
     vertex  5.774942e+01  2.500000e+00  1.229434e+02
     vertex  5.774994e+01  2.500000e+00  1.230189e+02
   endloop
 endfacet
 facet normal  0.000000e+00  1.000000e+00  0.000000e+00
   outer loop
     vertex  9.000000e+01  2.500000e+00  1.300000e+02
     vertex  5.774683e+01  2.500000e+00  1.228680e+02
     vertex  5.774942e+01  2.500000e+00  1.229434e+02
   endloop
 endfacet
 facet normal  0.000000e+00  1.000000e+00  0.000000e+00
   outer loop
     vertex  9.000000e+01  2.500000e+00  1.300000e+02
     vertex  5.774218e+01  2.500000e+00  1.227927e+02
     vertex  5.774683e+01  2.500000e+00  1.228680e+02
   endloop
 endfacet
 facet normal  0.000000e+00  1.000000e+00  0.000000e+00
   outer loop
     vertex  9.000000e+01  2.500000e+00  1.300000e+02
     vertex  5.773546e+01  2.500000e+00  1.227175e+02
     vertex  5.774218e+01  2.500000e+00  1.227927e+02
   endloop
 endfacet
 facet normal  0.000000e+00  1.000000e+00  0.000000e+00
   outer loop
     vertex  9.000000e+01  2.500000e+00  1.300000e+02
     vertex  5.772668e+01  2.500000e+00  1.226426e+02
     vertex  5.773546e+01  2.500000e+00  1.227175e+02
   endloop
 endfacet
 facet normal  0.000000e+00  1.000000e+00  0.000000e+00
   outer loop
     vertex  9.000000e+01  2.500000e+00  1.300000e+02
     vertex  5.771585e+01  2.500000e+00  1.225679e+02
     vertex  5.772668e+01  2.500000e+00  1.226426e+02
   endloop
 endfacet
 facet normal  0.000000e+00  1.000000e+00  0.000000e+00
   outer loop
     vertex  9.000000e+01  2.500000e+00  1.300000e+02
     vertex  5.770297e+01  2.500000e+00  1.224936e+02
     vertex  5.771585e+01  2.500000e+00  1.225679e+02
   endloop
 endfacet
 facet normal  0.000000e+00  1.000000e+00  0.000000e+00
   outer loop
     vertex  9.000000e+01  2.500000e+00  1.300000e+02
     vertex  5.768806e+01  2.500000e+00  1.224196e+02
     vertex  5.770297e+01  2.500000e+00  1.224936e+02
   endloop
 endfacet
 facet normal  0.000000e+00  1.000000e+00  0.000000e+00
   outer loop
     vertex  9.000000e+01  2.500000e+00  1.300000e+02
     vertex  5.767113e+01  2.500000e+00  1.223461e+02
     vertex  5.768806e+01  2.500000e+00  1.224196e+02
   endloop
 endfacet
 facet normal  0.000000e+00  1.000000e+00  0.000000e+00
   outer loop
     vertex  9.000000e+01  2.500000e+00  1.300000e+02
     vertex  5.765218e+01  2.500000e+00  1.222731e+02
     vertex  5.767113e+01  2.500000e+00  1.223461e+02
   endloop
 endfacet
 facet normal  0.000000e+00  1.000000e+00  0.000000e+00
   outer loop
     vertex  9.000000e+01  2.500000e+00  1.300000e+02
     vertex  5.763124e+01  2.500000e+00  1.222006e+02
     vertex  5.765218e+01  2.500000e+00  1.222731e+02
   endloop
 endfacet
 facet normal  0.000000e+00  1.000000e+00  0.000000e+00
   outer loop
     vertex  9.000000e+01  2.500000e+00  1.300000e+02
     vertex  5.760832e+01  2.500000e+00  1.221287e+02
     vertex  5.763124e+01  2.500000e+00  1.222006e+02
   endloop
 endfacet
 facet normal  0.000000e+00  1.000000e+00  0.000000e+00
   outer loop
     vertex  9.000000e+01  2.500000e+00  1.300000e+02
     vertex  5.758344e+01  2.500000e+00  1.220575e+02
     vertex  5.760832e+01  2.500000e+00  1.221287e+02
   endloop
 endfacet
 facet normal  0.000000e+00  1.000000e+00  0.000000e+00
   outer loop
     vertex  9.000000e+01  2.500000e+00  1.300000e+02
     vertex  5.755661e+01  2.500000e+00  1.219870e+02
     vertex  5.758344e+01  2.500000e+00  1.220575e+02
   endloop
 endfacet
 facet normal  0.000000e+00  1.000000e+00  0.000000e+00
   outer loop
     vertex  9.000000e+01  2.500000e+00  1.300000e+02
     vertex  5.484917e+01  2.500000e+00  1.257459e+02
     vertex  3.315083e+01  2.500000e+00  1.257459e+02
   endloop
 endfacet
 facet normal  0.000000e+00  1.000000e+00  0.000000e+00
   outer loop
     vertex  9.000000e+01  2.500000e+00  1.300000e+02
     vertex  5.752785e+01  2.500000e+00  1.219172e+02
     vertex  5.755661e+01  2.500000e+00  1.219870e+02
   endloop
 endfacet
 facet normal  0.000000e+00  1.000000e+00  0.000000e+00
   outer loop
     vertex  9.000000e+01  2.500000e+00  1.300000e+02
     vertex  5.749720e+01  2.500000e+00  1.218483e+02
     vertex  5.752785e+01  2.500000e+00  1.219172e+02
   endloop
 endfacet
 facet normal -9.654113e-18  1.000000e+00  0.000000e+00
   outer loop
     vertex  9.000000e+01  2.500000e+00  1.300000e+02
     vertex  4.400000e+01  2.500000e+00  7.050000e+01
     vertex  4.400000e+01  2.500000e+00  1.005000e+02
   endloop
 endfacet
 facet normal  0.000000e+00  1.000000e+00  0.000000e+00
   outer loop
     vertex  9.000000e+01  2.500000e+00  1.300000e+02
     vertex  5.746466e+01  2.500000e+00  1.217802e+02
     vertex  5.749720e+01  2.500000e+00  1.218483e+02
   endloop
 endfacet
 facet normal  0.000000e+00  1.000000e+00  0.000000e+00
   outer loop
     vertex  9.000000e+01  2.500000e+00  1.300000e+02
     vertex  5.743027e+01  2.500000e+00  1.217130e+02
     vertex  5.746466e+01  2.500000e+00  1.217802e+02
   endloop
 endfacet
 facet normal  0.000000e+00  1.000000e+00  0.000000e+00
   outer loop
     vertex  9.000000e+01  2.500000e+00  1.300000e+02
     vertex  5.739405e+01  2.500000e+00  1.216468e+02
     vertex  5.743027e+01  2.500000e+00  1.217130e+02
   endloop
 endfacet
 facet normal  0.000000e+00  1.000000e+00  0.000000e+00
   outer loop
     vertex  9.000000e+01  2.500000e+00  1.300000e+02
     vertex  3.315083e+01  2.500000e+00  1.257459e+02
     vertex  3.307544e+01  2.500000e+00  1.257490e+02
   endloop
 endfacet
 facet normal  0.000000e+00  1.000000e+00  0.000000e+00
   outer loop
     vertex  9.000000e+01  2.500000e+00  1.300000e+02
     vertex  5.735602e+01  2.500000e+00  1.215817e+02
     vertex  5.739405e+01  2.500000e+00  1.216468e+02
   endloop
 endfacet
 facet normal  0.000000e+00  1.000000e+00  0.000000e+00
   outer loop
     vertex  9.000000e+01  2.500000e+00  1.300000e+02
     vertex  5.731622e+01  2.500000e+00  1.215176e+02
     vertex  5.735602e+01  2.500000e+00  1.215817e+02
   endloop
 endfacet
 facet normal  0.000000e+00  1.000000e+00  0.000000e+00
   outer loop
     vertex  9.000000e+01  2.500000e+00  1.300000e+02
     vertex  5.727468e+01  2.500000e+00  1.214546e+02
     vertex  5.731622e+01  2.500000e+00  1.215176e+02
   endloop
 endfacet
 facet normal  0.000000e+00  1.000000e+00  0.000000e+00
   outer loop
     vertex  9.000000e+01  2.500000e+00  1.300000e+02
     vertex  5.723143e+01  2.500000e+00  1.213928e+02
     vertex  5.727468e+01  2.500000e+00  1.214546e+02
   endloop
 endfacet
 facet normal  0.000000e+00  1.000000e+00  0.000000e+00
   outer loop
     vertex  9.000000e+01  2.500000e+00  1.300000e+02
     vertex  5.718650e+01  2.500000e+00  1.213321e+02
     vertex  5.723143e+01  2.500000e+00  1.213928e+02
   endloop
 endfacet
 facet normal  0.000000e+00  1.000000e+00  0.000000e+00
   outer loop
     vertex  9.000000e+01  2.500000e+00  1.300000e+02
     vertex  5.713992e+01  2.500000e+00  1.212728e+02
     vertex  5.718650e+01  2.500000e+00  1.213321e+02
   endloop
 endfacet
 facet normal -9.654113e-18  1.000000e+00  0.000000e+00
   outer loop
     vertex  9.000000e+01  2.500000e+00  1.300000e+02
     vertex  9.000000e+01  2.500000e+00  0.000000e+00
     vertex  4.400000e+01  2.500000e+00  7.050000e+01
   endloop
 endfacet
 facet normal  0.000000e+00  1.000000e+00  0.000000e+00
   outer loop
     vertex  9.000000e+01  2.500000e+00  1.300000e+02
     vertex  5.709173e+01  2.500000e+00  1.212147e+02
     vertex  5.713992e+01  2.500000e+00  1.212728e+02
   endloop
 endfacet
 facet normal  0.000000e+00  1.000000e+00  0.000000e+00
   outer loop
     vertex  9.000000e+01  2.500000e+00  1.300000e+02
     vertex  5.704196e+01  2.500000e+00  1.211580e+02
     vertex  5.709173e+01  2.500000e+00  1.212147e+02
   endloop
 endfacet
 facet normal  0.000000e+00  1.000000e+00  0.000000e+00
   outer loop
     vertex  9.000000e+01  2.500000e+00  1.300000e+02
     vertex  5.699066e+01  2.500000e+00  1.211027e+02
     vertex  5.704196e+01  2.500000e+00  1.211580e+02
   endloop
 endfacet
 facet normal  0.000000e+00  1.000000e+00  0.000000e+00
   outer loop
     vertex  9.000000e+01  2.500000e+00  1.300000e+02
     vertex  5.693786e+01  2.500000e+00  1.210488e+02
     vertex  5.699066e+01  2.500000e+00  1.211027e+02
   endloop
 endfacet
 facet normal  0.000000e+00  1.000000e+00  0.000000e+00
   outer loop
     vertex  9.000000e+01  2.500000e+00  1.300000e+02
     vertex  5.688360e+01  2.500000e+00  1.209964e+02
     vertex  5.693786e+01  2.500000e+00  1.210488e+02
   endloop
 endfacet
 facet normal  0.000000e+00  1.000000e+00  0.000000e+00
   outer loop
     vertex  9.000000e+01  2.500000e+00  1.300000e+02
     vertex  5.682793e+01  2.500000e+00  1.209454e+02
     vertex  5.688360e+01  2.500000e+00  1.209964e+02
   endloop
 endfacet
 facet normal  0.000000e+00  1.000000e+00  0.000000e+00
   outer loop
     vertex  9.000000e+01  2.500000e+00  1.300000e+02
     vertex  5.677088e+01  2.500000e+00  1.208961e+02
     vertex  5.682793e+01  2.500000e+00  1.209454e+02
   endloop
 endfacet
 facet normal -0.000000e+00  1.000000e+00  0.000000e+00
   outer loop
     vertex -9.000000e+01  2.500000e+00  1.300000e+02
     vertex  9.000000e+01  2.500000e+00  1.300000e+02
     vertex  3.300000e+01  2.500000e+00  1.257500e+02
   endloop
 endfacet
 facet normal -0.000000e+00  1.000000e+00  0.000000e+00
   outer loop
     vertex  3.300000e+01  2.500000e+00  1.257500e+02
     vertex  9.000000e+01  2.500000e+00  1.300000e+02
     vertex  3.307544e+01  2.500000e+00  1.257490e+02
   endloop
 endfacet
 facet normal  0.000000e+00  1.000000e+00  0.000000e+00
   outer loop
     vertex -9.000000e+01  2.500000e+00  1.300000e+02
     vertex  3.300000e+01  2.500000e+00  1.257500e+02
     vertex  3.292456e+01  2.500000e+00  1.257490e+02
   endloop
 endfacet
 facet normal  0.000000e+00  1.000000e+00  0.000000e+00
   outer loop
     vertex -9.000000e+01  2.500000e+00  1.300000e+02
     vertex  3.292456e+01  2.500000e+00  1.257490e+02
     vertex  3.284917e+01  2.500000e+00  1.257459e+02
   endloop
 endfacet
 facet normal  0.000000e+00  1.000000e+00  0.000000e+00
   outer loop
     vertex -9.000000e+01  2.500000e+00  1.300000e+02
     vertex  3.284917e+01  2.500000e+00  1.257459e+02
     vertex  3.277390e+01  2.500000e+00  1.257407e+02
   endloop
 endfacet
 facet normal  0.000000e+00  1.000000e+00  0.000000e+00
   outer loop
     vertex -9.000000e+01  2.500000e+00  1.300000e+02
     vertex  3.277390e+01  2.500000e+00  1.257407e+02
     vertex  3.269879e+01  2.500000e+00  1.257335e+02
   endloop
 endfacet
 facet normal  0.000000e+00  1.000000e+00  0.000000e+00
   outer loop
     vertex -9.000000e+01  2.500000e+00  1.300000e+02
     vertex  3.269879e+01  2.500000e+00  1.257335e+02
     vertex  3.262392e+01  2.500000e+00  1.257242e+02
   endloop
 endfacet
 facet normal  0.000000e+00  1.000000e+00  0.000000e+00
   outer loop
     vertex -9.000000e+01  2.500000e+00  1.300000e+02
     vertex  3.262392e+01  2.500000e+00  1.257242e+02
     vertex -3.292456e+01  2.500000e+00  1.257490e+02
   endloop
 endfacet
 facet normal  0.000000e+00  1.000000e+00  0.000000e+00
   outer loop
     vertex -3.292456e+01  2.500000e+00  1.257490e+02
     vertex  3.262392e+01  2.500000e+00  1.257242e+02
     vertex -3.284917e+01  2.500000e+00  1.257459e+02
   endloop
 endfacet
 facet normal  0.000000e+00  1.000000e+00  0.000000e+00
   outer loop
     vertex -3.284917e+01  2.500000e+00  1.257459e+02
     vertex  3.262392e+01  2.500000e+00  1.257242e+02
     vertex -3.277390e+01  2.500000e+00  1.257407e+02
   endloop
 endfacet
 facet normal  0.000000e+00  1.000000e+00  0.000000e+00
   outer loop
     vertex -3.277390e+01  2.500000e+00  1.257407e+02
     vertex  3.262392e+01  2.500000e+00  1.257242e+02
     vertex -3.269879e+01  2.500000e+00  1.257335e+02
   endloop
 endfacet
 facet normal  0.000000e+00  1.000000e+00  0.000000e+00
   outer loop
     vertex -3.269879e+01  2.500000e+00  1.257335e+02
     vertex  3.262392e+01  2.500000e+00  1.257242e+02
     vertex -3.262392e+01  2.500000e+00  1.257242e+02
   endloop
 endfacet
 facet normal  0.000000e+00  1.000000e+00  0.000000e+00
   outer loop
     vertex -9.000000e+01  2.500000e+00  1.300000e+02
     vertex -3.292456e+01  2.500000e+00  1.257490e+02
     vertex -3.300000e+01  2.500000e+00  1.257500e+02
   endloop
 endfacet
 facet normal  0.000000e+00  1.000000e+00  0.000000e+00
   outer loop
     vertex -9.000000e+01  2.500000e+00  1.300000e+02
     vertex -3.300000e+01  2.500000e+00  1.257500e+02
     vertex -3.307544e+01  2.500000e+00  1.257490e+02
   endloop
 endfacet
 facet normal  0.000000e+00  1.000000e+00  0.000000e+00
   outer loop
     vertex -9.000000e+01  2.500000e+00  1.300000e+02
     vertex -3.307544e+01  2.500000e+00  1.257490e+02
     vertex -3.315083e+01  2.500000e+00  1.257459e+02
   endloop
 endfacet
 facet normal  0.000000e+00  1.000000e+00  0.000000e+00
   outer loop
     vertex -9.000000e+01  2.500000e+00  1.300000e+02
     vertex -3.315083e+01  2.500000e+00  1.257459e+02
     vertex -5.484917e+01  2.500000e+00  1.257459e+02
   endloop
 endfacet
 facet normal  0.000000e+00  1.000000e+00  0.000000e+00
   outer loop
     vertex -9.000000e+01  2.500000e+00  1.300000e+02
     vertex -5.484917e+01  2.500000e+00  1.257459e+02
     vertex -5.492456e+01  2.500000e+00  1.257490e+02
   endloop
 endfacet
 facet normal  0.000000e+00  0.000000e+00 -1.000000e+00
   outer loop
     vertex -1.500000e+01 -2.500000e+00  0.000000e+00
     vertex -9.000000e+01 -2.500000e+00  0.000000e+00
     vertex -9.000000e+01  2.500000e+00  0.000000e+00
   endloop
 endfacet
 facet normal -0.000000e+00 -0.000000e+00 -1.000000e+00
   outer loop
     vertex -1.500000e+01  2.500000e+00  0.000000e+00
     vertex -1.500000e+01 -2.500000e+00  0.000000e+00
     vertex -9.000000e+01  2.500000e+00  0.000000e+00
   endloop
 endfacet
 facet normal  1.000000e+00  0.000000e+00  0.000000e+00
   outer loop
     vertex -1.500000e+01 -2.500000e+00  1.000000e+01
     vertex -1.500000e+01 -2.500000e+00  0.000000e+00
     vertex -1.500000e+01  2.500000e+00  0.000000e+00
   endloop
 endfacet
 facet normal  1.000000e+00 -0.000000e+00  0.000000e+00
   outer loop
     vertex -1.500000e+01 -2.500000e+00  1.000000e+01
     vertex -1.500000e+01  2.500000e+00  0.000000e+00
     vertex -1.500000e+01  2.500000e+00  1.000000e+01
   endloop
 endfacet
 facet normal -0.000000e+00  0.000000e+00 -1.000000e+00
   outer loop
     vertex  1.500000e+01  2.500000e+00  1.000000e+01
     vertex -1.500000e+01 -2.500000e+00  1.000000e+01
     vertex -1.500000e+01  2.500000e+00  1.000000e+01
   endloop
 endfacet
 facet normal  0.000000e+00 -0.000000e+00 -1.000000e+00
   outer loop
     vertex  1.500000e+01  2.500000e+00  1.000000e+01
     vertex  1.500000e+01 -2.500000e+00  1.000000e+01
     vertex -1.500000e+01 -2.500000e+00  1.000000e+01
   endloop
 endfacet
 facet normal -1.000000e+00  0.000000e+00  0.000000e+00
   outer loop
     vertex  1.500000e+01 -2.500000e+00  1.000000e+01
     vertex  1.500000e+01  2.500000e+00  0.000000e+00
     vertex  1.500000e+01 -2.500000e+00  0.000000e+00
   endloop
 endfacet
 facet normal -1.000000e+00  0.000000e+00  0.000000e+00
   outer loop
     vertex  1.500000e+01 -2.500000e+00  1.000000e+01
     vertex  1.500000e+01  2.500000e+00  1.000000e+01
     vertex  1.500000e+01  2.500000e+00  0.000000e+00
   endloop
 endfacet
 facet normal  0.000000e+00  0.000000e+00 -1.000000e+00
   outer loop
     vertex  9.000000e+01 -2.500000e+00  0.000000e+00
     vertex  1.500000e+01 -2.500000e+00  0.000000e+00
     vertex  1.500000e+01  2.500000e+00  0.000000e+00
   endloop
 endfacet
 facet normal -0.000000e+00 -0.000000e+00 -1.000000e+00
   outer loop
     vertex  9.000000e+01  2.500000e+00  0.000000e+00
     vertex  9.000000e+01 -2.500000e+00  0.000000e+00
     vertex  1.500000e+01  2.500000e+00  0.000000e+00
   endloop
 endfacet
 facet normal  1.000000e+00  0.000000e+00  0.000000e+00
   outer loop
     vertex  9.000000e+01  2.500000e+00  1.300000e+02
     vertex  9.000000e+01 -2.500000e+00  0.000000e+00
     vertex  9.000000e+01  2.500000e+00  0.000000e+00
   endloop
 endfacet
 facet normal  1.000000e+00 -0.000000e+00  0.000000e+00
   outer loop
     vertex  9.000000e+01 -2.500000e+00  1.300000e+02
     vertex  9.000000e+01 -2.500000e+00  0.000000e+00
     vertex  9.000000e+01  2.500000e+00  1.300000e+02
   endloop
 endfacet
 facet normal -0.000000e+00  0.000000e+00 -1.000000e+00
   outer loop
     vertex -1.400000e+01  2.500000e+00  5.150000e+01
     vertex -4.400000e+01 -2.500000e+00  5.150000e+01
     vertex -4.400000e+01  2.500000e+00  5.150000e+01
   endloop
 endfacet
 facet normal  0.000000e+00 -0.000000e+00 -1.000000e+00
   outer loop
     vertex -1.400000e+01  2.500000e+00  5.150000e+01
     vertex -1.400000e+01 -2.500000e+00  5.150000e+01
     vertex -4.400000e+01 -2.500000e+00  5.150000e+01
   endloop
 endfacet
 facet normal  1.000000e+00  0.000000e+00  0.000000e+00
   outer loop
     vertex -4.400000e+01 -2.500000e+00  5.150000e+01
     vertex -4.400000e+01 -2.500000e+00  2.150000e+01
     vertex -4.400000e+01  2.500000e+00  2.150000e+01
   endloop
 endfacet
 facet normal  1.000000e+00 -0.000000e+00  0.000000e+00
   outer loop
     vertex -4.400000e+01 -2.500000e+00  5.150000e+01
     vertex -4.400000e+01  2.500000e+00  2.150000e+01
     vertex -4.400000e+01  2.500000e+00  5.150000e+01
   endloop
 endfacet
 facet normal -1.000000e+00  0.000000e+00  0.000000e+00
   outer loop
     vertex -1.400000e+01 -2.500000e+00  5.150000e+01
     vertex -1.400000e+01  2.500000e+00  2.150000e+01
     vertex -1.400000e+01 -2.500000e+00  2.150000e+01
   endloop
 endfacet
 facet normal -1.000000e+00  0.000000e+00  0.000000e+00
   outer loop
     vertex -1.400000e+01 -2.500000e+00  5.150000e+01
     vertex -1.400000e+01  2.500000e+00  5.150000e+01
     vertex -1.400000e+01  2.500000e+00  2.150000e+01
   endloop
 endfacet
 facet normal  0.000000e+00  0.000000e+00  1.000000e+00
   outer loop
     vertex -1.400000e+01  2.500000e+00  2.150000e+01
     vertex -4.400000e+01  2.500000e+00  2.150000e+01
     vertex -4.400000e+01 -2.500000e+00  2.150000e+01
   endloop
 endfacet
 facet normal  0.000000e+00  0.000000e+00  1.000000e+00
   outer loop
     vertex -1.400000e+01  2.500000e+00  2.150000e+01
     vertex -4.400000e+01 -2.500000e+00  2.150000e+01
     vertex -1.400000e+01 -2.500000e+00  2.150000e+01
   endloop
 endfacet
 facet normal -0.000000e+00  0.000000e+00 -1.000000e+00
   outer loop
     vertex -1.400000e+01  2.500000e+00  1.005000e+02
     vertex -4.400000e+01 -2.500000e+00  1.005000e+02
     vertex -4.400000e+01  2.500000e+00  1.005000e+02
   endloop
 endfacet
 facet normal  0.000000e+00 -0.000000e+00 -1.000000e+00
   outer loop
     vertex -1.400000e+01  2.500000e+00  1.005000e+02
     vertex -1.400000e+01 -2.500000e+00  1.005000e+02
     vertex -4.400000e+01 -2.500000e+00  1.005000e+02
   endloop
 endfacet
 facet normal  1.000000e+00  0.000000e+00  0.000000e+00
   outer loop
     vertex -4.400000e+01 -2.500000e+00  1.005000e+02
     vertex -4.400000e+01 -2.500000e+00  7.050000e+01
     vertex -4.400000e+01  2.500000e+00  7.050000e+01
   endloop
 endfacet
 facet normal  1.000000e+00 -0.000000e+00  0.000000e+00
   outer loop
     vertex -4.400000e+01 -2.500000e+00  1.005000e+02
     vertex -4.400000e+01  2.500000e+00  7.050000e+01
     vertex -4.400000e+01  2.500000e+00  1.005000e+02
   endloop
 endfacet
 facet normal -1.000000e+00  0.000000e+00  0.000000e+00
   outer loop
     vertex -1.400000e+01 -2.500000e+00  1.005000e+02
     vertex -1.400000e+01  2.500000e+00  7.050000e+01
     vertex -1.400000e+01 -2.500000e+00  7.050000e+01
   endloop
 endfacet
 facet normal -1.000000e+00  0.000000e+00  0.000000e+00
   outer loop
     vertex -1.400000e+01 -2.500000e+00  1.005000e+02
     vertex -1.400000e+01  2.500000e+00  1.005000e+02
     vertex -1.400000e+01  2.500000e+00  7.050000e+01
   endloop
 endfacet
 facet normal  0.000000e+00  0.000000e+00  1.000000e+00
   outer loop
     vertex -1.400000e+01  2.500000e+00  7.050000e+01
     vertex -4.400000e+01  2.500000e+00  7.050000e+01
     vertex -4.400000e+01 -2.500000e+00  7.050000e+01
   endloop
 endfacet
 facet normal  0.000000e+00  0.000000e+00  1.000000e+00
   outer loop
     vertex -1.400000e+01  2.500000e+00  7.050000e+01
     vertex -4.400000e+01 -2.500000e+00  7.050000e+01
     vertex -1.400000e+01 -2.500000e+00  7.050000e+01
   endloop
 endfacet
 facet normal -1.371831e-02  0.000000e+00 -9.999059e-01
   outer loop
     vertex -5.492456e+01  2.500000e+00  1.257490e+02
     vertex -5.500000e+01 -2.500000e+00  1.257500e+02
     vertex -5.500000e+01  2.500000e+00  1.257500e+02
   endloop
 endfacet
 facet normal -1.371831e-02 -0.000000e+00 -9.999059e-01
   outer loop
     vertex -5.492456e+01  2.500000e+00  1.257490e+02
     vertex -5.492456e+01 -2.500000e+00  1.257490e+02
     vertex -5.500000e+01 -2.500000e+00  1.257500e+02
   endloop
 endfacet
 facet normal -4.114462e-02 -0.000000e+00 -9.991532e-01
   outer loop
     vertex -5.484917e+01  2.500000e+00  1.257459e+02
     vertex -5.484917e+01 -2.500000e+00  1.257459e+02
     vertex -5.492456e+01 -2.500000e+00  1.257490e+02
   endloop
 endfacet
 facet normal -6.853995e-02 -0.000000e+00 -9.976484e-01
   outer loop
     vertex -5.484917e+01  2.500000e+00  1.257459e+02
     vertex -5.477390e+01 -2.500000e+00  1.257407e+02
     vertex -5.484917e+01 -2.500000e+00  1.257459e+02
   endloop
 endfacet
 facet normal -4.114462e-02  0.000000e+00 -9.991532e-01
   outer loop
     vertex -5.484917e+01  2.500000e+00  1.257459e+02
     vertex -5.492456e+01 -2.500000e+00  1.257490e+02
     vertex -5.492456e+01  2.500000e+00  1.257490e+02
   endloop
 endfacet
 facet normal -6.853995e-02 -0.000000e+00 -9.976484e-01
   outer loop
     vertex -5.477390e+01  2.500000e+00  1.257407e+02
     vertex -5.477390e+01 -2.500000e+00  1.257407e+02
     vertex -5.484917e+01  2.500000e+00  1.257459e+02
   endloop
 endfacet
 facet normal -9.588368e-02 -0.000000e+00 -9.953925e-01
   outer loop
     vertex -5.469879e+01  2.500000e+00  1.257335e+02
     vertex -5.469879e+01 -2.500000e+00  1.257335e+02
     vertex -5.477390e+01 -2.500000e+00  1.257407e+02
   endloop
 endfacet
 facet normal -9.588368e-02  0.000000e+00 -9.953925e-01
   outer loop
     vertex -5.469879e+01  2.500000e+00  1.257335e+02
     vertex -5.477390e+01 -2.500000e+00  1.257407e+02
     vertex -5.477390e+01  2.500000e+00  1.257407e+02
   endloop
 endfacet
 facet normal -1.231552e-01 -0.000000e+00 -9.923874e-01
   outer loop
     vertex -5.462392e+01  2.500000e+00  1.257242e+02
     vertex -5.462392e+01 -2.500000e+00  1.257242e+02
     vertex -5.469879e+01 -2.500000e+00  1.257335e+02
   endloop
 endfacet
 facet normal -1.503341e-01 -0.000000e+00 -9.886353e-01
   outer loop
     vertex -5.462392e+01  2.500000e+00  1.257242e+02
     vertex -5.454932e+01 -2.500000e+00  1.257128e+02
     vertex -5.462392e+01 -2.500000e+00  1.257242e+02
   endloop
 endfacet
 facet normal -1.231552e-01  0.000000e+00 -9.923874e-01
   outer loop
     vertex -5.462392e+01  2.500000e+00  1.257242e+02
     vertex -5.469879e+01 -2.500000e+00  1.257335e+02
     vertex -5.469879e+01  2.500000e+00  1.257335e+02
   endloop
 endfacet
 facet normal -1.503341e-01 -0.000000e+00 -9.886353e-01
   outer loop
     vertex -5.454932e+01  2.500000e+00  1.257128e+02
     vertex -5.454932e+01 -2.500000e+00  1.257128e+02
     vertex -5.462392e+01  2.500000e+00  1.257242e+02
   endloop
 endfacet
 facet normal -1.773998e-01 -0.000000e+00 -9.841389e-01
   outer loop
     vertex -5.447507e+01  2.500000e+00  1.256994e+02
     vertex -5.447507e+01 -2.500000e+00  1.256994e+02
     vertex -5.454932e+01 -2.500000e+00  1.257128e+02
   endloop
 endfacet
 facet normal -1.773998e-01  0.000000e+00 -9.841389e-01
   outer loop
     vertex -5.447507e+01  2.500000e+00  1.256994e+02
     vertex -5.454932e+01 -2.500000e+00  1.257128e+02
     vertex -5.454932e+01  2.500000e+00  1.257128e+02
   endloop
 endfacet
 facet normal -2.043319e-01 -0.000000e+00 -9.789017e-01
   outer loop
     vertex -5.440121e+01  2.500000e+00  1.256840e+02
     vertex -5.440121e+01 -2.500000e+00  1.256840e+02
     vertex -5.447507e+01 -2.500000e+00  1.256994e+02
   endloop
 endfacet
 facet normal -2.043319e-01  0.000000e+00 -9.789017e-01
   outer loop
     vertex -5.440121e+01  2.500000e+00  1.256840e+02
     vertex -5.447507e+01 -2.500000e+00  1.256994e+02
     vertex -5.447507e+01  2.500000e+00  1.256994e+02
   endloop
 endfacet
 facet normal -2.311102e-01 -0.000000e+00 -9.729276e-01
   outer loop
     vertex -5.432780e+01  2.500000e+00  1.256666e+02
     vertex -5.432780e+01 -2.500000e+00  1.256666e+02
     vertex -5.440121e+01 -2.500000e+00  1.256840e+02
   endloop
 endfacet
 facet normal -2.311102e-01  0.000000e+00 -9.729276e-01
   outer loop
     vertex -5.432780e+01  2.500000e+00  1.256666e+02
     vertex -5.440121e+01 -2.500000e+00  1.256840e+02
     vertex -5.440121e+01  2.500000e+00  1.256840e+02
   endloop
 endfacet
 facet normal -2.577146e-01  0.000000e+00 -9.662211e-01
   outer loop
     vertex -5.425490e+01  2.500000e+00  1.256471e+02
     vertex -5.432780e+01 -2.500000e+00  1.256666e+02
     vertex -5.432780e+01  2.500000e+00  1.256666e+02
   endloop
 endfacet
 facet normal -2.577146e-01 -0.000000e+00 -9.662211e-01
   outer loop
     vertex -5.425490e+01  2.500000e+00  1.256471e+02
     vertex -5.425490e+01 -2.500000e+00  1.256471e+02
     vertex -5.432780e+01 -2.500000e+00  1.256666e+02
   endloop
 endfacet
 facet normal -2.841250e-01 -0.000000e+00 -9.587873e-01
   outer loop
     vertex -5.425490e+01  2.500000e+00  1.256471e+02
     vertex -5.418256e+01 -2.500000e+00  1.256257e+02
     vertex -5.425490e+01 -2.500000e+00  1.256471e+02
   endloop
 endfacet
 facet normal -2.841250e-01 -0.000000e+00 -9.587873e-01
   outer loop
     vertex -5.418256e+01  2.500000e+00  1.256257e+02
     vertex -5.418256e+01 -2.500000e+00  1.256257e+02
     vertex -5.425490e+01  2.500000e+00  1.256471e+02
   endloop
 endfacet
 facet normal -3.103214e-01 -0.000000e+00 -9.506317e-01
   outer loop
     vertex -5.418256e+01  2.500000e+00  1.256257e+02
     vertex -5.411083e+01 -2.500000e+00  1.256023e+02
     vertex -5.418256e+01 -2.500000e+00  1.256257e+02
   endloop
 endfacet
 facet normal -3.103214e-01 -0.000000e+00 -9.506317e-01
   outer loop
     vertex -5.411083e+01  2.500000e+00  1.256023e+02
     vertex -5.411083e+01 -2.500000e+00  1.256023e+02
     vertex -5.418256e+01  2.500000e+00  1.256257e+02
   endloop
 endfacet
 facet normal -3.362843e-01  0.000000e+00 -9.417605e-01
   outer loop
     vertex -5.403978e+01  2.500000e+00  1.255769e+02
     vertex -5.411083e+01 -2.500000e+00  1.256023e+02
     vertex -5.411083e+01  2.500000e+00  1.256023e+02
   endloop
 endfacet
 facet normal -3.362843e-01 -0.000000e+00 -9.417605e-01
   outer loop
     vertex -5.403978e+01  2.500000e+00  1.255769e+02
     vertex -5.403978e+01 -2.500000e+00  1.255769e+02
     vertex -5.411083e+01 -2.500000e+00  1.256023e+02
   endloop
 endfacet
 facet normal -3.619940e-01 -0.000000e+00 -9.321804e-01
   outer loop
     vertex -5.403978e+01  2.500000e+00  1.255769e+02
     vertex -5.396944e+01 -2.500000e+00  1.255496e+02
     vertex -5.403978e+01 -2.500000e+00  1.255769e+02
   endloop
 endfacet
 facet normal -3.619940e-01 -0.000000e+00 -9.321804e-01
   outer loop
     vertex -5.396944e+01  2.500000e+00  1.255496e+02
     vertex -5.396944e+01 -2.500000e+00  1.255496e+02
     vertex -5.403978e+01  2.500000e+00  1.255769e+02
   endloop
 endfacet
 facet normal -3.874313e-01  0.000000e+00 -9.218986e-01
   outer loop
     vertex -5.389989e+01  2.500000e+00  1.255204e+02
     vertex -5.396944e+01 -2.500000e+00  1.255496e+02
     vertex -5.396944e+01  2.500000e+00  1.255496e+02
   endloop
 endfacet
 facet normal -3.874313e-01 -0.000000e+00 -9.218986e-01
   outer loop
     vertex -5.389989e+01  2.500000e+00  1.255204e+02
     vertex -5.389989e+01 -2.500000e+00  1.255204e+02
     vertex -5.396944e+01 -2.500000e+00  1.255496e+02
   endloop
 endfacet
 facet normal -4.125769e-01  0.000000e+00 -9.109228e-01
   outer loop
     vertex -5.383116e+01  2.500000e+00  1.254892e+02
     vertex -5.389989e+01 -2.500000e+00  1.255204e+02
     vertex -5.389989e+01  2.500000e+00  1.255204e+02
   endloop
 endfacet
 facet normal -4.125769e-01 -0.000000e+00 -9.109228e-01
   outer loop
     vertex -5.383116e+01  2.500000e+00  1.254892e+02
     vertex -5.383116e+01 -2.500000e+00  1.254892e+02
     vertex -5.389989e+01 -2.500000e+00  1.255204e+02
   endloop
 endfacet
 facet normal -4.374119e-01  0.000000e+00 -8.992613e-01
   outer loop
     vertex -5.376331e+01  2.500000e+00  1.254562e+02
     vertex -5.383116e+01 -2.500000e+00  1.254892e+02
     vertex -5.383116e+01  2.500000e+00  1.254892e+02
   endloop
 endfacet
 facet normal -4.374119e-01 -0.000000e+00 -8.992613e-01
   outer loop
     vertex -5.376331e+01  2.500000e+00  1.254562e+02
     vertex -5.376331e+01 -2.500000e+00  1.254562e+02
     vertex -5.383116e+01 -2.500000e+00  1.254892e+02
   endloop
 endfacet
 facet normal -4.619176e-01  0.000000e+00 -8.869228e-01
   outer loop
     vertex -5.369639e+01  2.500000e+00  1.254214e+02
     vertex -5.376331e+01 -2.500000e+00  1.254562e+02
     vertex -5.376331e+01  2.500000e+00  1.254562e+02
   endloop
 endfacet
 facet normal -4.619176e-01 -0.000000e+00 -8.869228e-01
   outer loop
     vertex -5.369639e+01  2.500000e+00  1.254214e+02
     vertex -5.369639e+01 -2.500000e+00  1.254214e+02
     vertex -5.376331e+01 -2.500000e+00  1.254562e+02
   endloop
 endfacet
 facet normal -4.860756e-01  0.000000e+00 -8.739167e-01
   outer loop
     vertex -5.363045e+01  2.500000e+00  1.253847e+02
     vertex -5.369639e+01 -2.500000e+00  1.254214e+02
     vertex -5.369639e+01  2.500000e+00  1.254214e+02
   endloop
 endfacet
 facet normal -4.860756e-01 -0.000000e+00 -8.739167e-01
   outer loop
     vertex -5.363045e+01  2.500000e+00  1.253847e+02
     vertex -5.363045e+01 -2.500000e+00  1.253847e+02
     vertex -5.369639e+01 -2.500000e+00  1.254214e+02
   endloop
 endfacet
 facet normal -5.098678e-01  0.000000e+00 -8.602528e-01
   outer loop
     vertex -5.356554e+01  2.500000e+00  1.253462e+02
     vertex -5.363045e+01 -2.500000e+00  1.253847e+02
     vertex -5.363045e+01  2.500000e+00  1.253847e+02
   endloop
 endfacet
 facet normal -5.098678e-01 -0.000000e+00 -8.602528e-01
   outer loop
     vertex -5.356554e+01  2.500000e+00  1.253462e+02
     vertex -5.356554e+01 -2.500000e+00  1.253462e+02
     vertex -5.363045e+01 -2.500000e+00  1.253847e+02
   endloop
 endfacet
 facet normal -5.332761e-01  0.000000e+00 -8.459413e-01
   outer loop
     vertex -5.350172e+01  2.500000e+00  1.253060e+02
     vertex -5.356554e+01 -2.500000e+00  1.253462e+02
     vertex -5.356554e+01  2.500000e+00  1.253462e+02
   endloop
 endfacet
 facet normal -5.332761e-01 -0.000000e+00 -8.459413e-01
   outer loop
     vertex -5.350172e+01  2.500000e+00  1.253060e+02
     vertex -5.350172e+01 -2.500000e+00  1.253060e+02
     vertex -5.356554e+01 -2.500000e+00  1.253462e+02
   endloop
 endfacet
 facet normal -5.562829e-01 -0.000000e+00 -8.309929e-01
   outer loop
     vertex -5.343902e+01  2.500000e+00  1.252640e+02
     vertex -5.343902e+01 -2.500000e+00  1.252640e+02
     vertex -5.350172e+01 -2.500000e+00  1.253060e+02
   endloop
 endfacet
 facet normal -5.562829e-01  0.000000e+00 -8.309929e-01
   outer loop
     vertex -5.343902e+01  2.500000e+00  1.252640e+02
     vertex -5.350172e+01 -2.500000e+00  1.253060e+02
     vertex -5.350172e+01  2.500000e+00  1.253060e+02
   endloop
 endfacet
 facet normal -5.788711e-01 -0.000000e+00 -8.154191e-01
   outer loop
     vertex -5.337749e+01  2.500000e+00  1.252204e+02
     vertex -5.337749e+01 -2.500000e+00  1.252204e+02
     vertex -5.343902e+01 -2.500000e+00  1.252640e+02
   endloop
 endfacet
 facet normal -5.788711e-01  0.000000e+00 -8.154191e-01
   outer loop
     vertex -5.337749e+01  2.500000e+00  1.252204e+02
     vertex -5.343902e+01 -2.500000e+00  1.252640e+02
     vertex -5.343902e+01  2.500000e+00  1.252640e+02
   endloop
 endfacet
 facet normal -6.010234e-01 -0.000000e+00 -7.992314e-01
   outer loop
     vertex -5.331719e+01  2.500000e+00  1.251750e+02
     vertex -5.331719e+01 -2.500000e+00  1.251750e+02
     vertex -5.337749e+01 -2.500000e+00  1.252204e+02
   endloop
 endfacet
 facet normal -6.010234e-01  0.000000e+00 -7.992314e-01
   outer loop
     vertex -5.331719e+01  2.500000e+00  1.251750e+02
     vertex -5.337749e+01 -2.500000e+00  1.252204e+02
     vertex -5.337749e+01  2.500000e+00  1.252204e+02
   endloop
 endfacet
 facet normal -6.227234e-01 -0.000000e+00 -7.824421e-01
   outer loop
     vertex -5.325815e+01  2.500000e+00  1.251280e+02
     vertex -5.325815e+01 -2.500000e+00  1.251280e+02
     vertex -5.331719e+01 -2.500000e+00  1.251750e+02
   endloop
 endfacet
 facet normal -6.439545e-01 -0.000000e+00 -7.650637e-01
   outer loop
     vertex -5.325815e+01  2.500000e+00  1.251280e+02
     vertex -5.320043e+01 -2.500000e+00  1.250794e+02
     vertex -5.325815e+01 -2.500000e+00  1.251280e+02
   endloop
 endfacet
 facet normal -6.227234e-01  0.000000e+00 -7.824421e-01
   outer loop
     vertex -5.325815e+01  2.500000e+00  1.251280e+02
     vertex -5.331719e+01 -2.500000e+00  1.251750e+02
     vertex -5.331719e+01  2.500000e+00  1.251750e+02
   endloop
 endfacet
 facet normal -6.439545e-01 -0.000000e+00 -7.650637e-01
   outer loop
     vertex -5.320043e+01  2.500000e+00  1.250794e+02
     vertex -5.320043e+01 -2.500000e+00  1.250794e+02
     vertex -5.325815e+01  2.500000e+00  1.251280e+02
   endloop
 endfacet
 facet normal -6.647010e-01 -0.000000e+00 -7.471095e-01
   outer loop
     vertex -5.314406e+01  2.500000e+00  1.250293e+02
     vertex -5.314406e+01 -2.500000e+00  1.250293e+02
     vertex -5.320043e+01 -2.500000e+00  1.250794e+02
   endloop
 endfacet
 facet normal -6.647010e-01  0.000000e+00 -7.471095e-01
   outer loop
     vertex -5.314406e+01  2.500000e+00  1.250293e+02
     vertex -5.320043e+01 -2.500000e+00  1.250794e+02
     vertex -5.320043e+01  2.500000e+00  1.250794e+02
   endloop
 endfacet
 facet normal -6.849470e-01 -0.000000e+00 -7.285929e-01
   outer loop
     vertex -5.308909e+01  2.500000e+00  1.249776e+02
     vertex -5.308909e+01 -2.500000e+00  1.249776e+02
     vertex -5.314406e+01 -2.500000e+00  1.250293e+02
   endloop
 endfacet
 facet normal -6.849470e-01  0.000000e+00 -7.285929e-01
   outer loop
     vertex -5.308909e+01  2.500000e+00  1.249776e+02
     vertex -5.314406e+01 -2.500000e+00  1.250293e+02
     vertex -5.314406e+01  2.500000e+00  1.250293e+02
   endloop
 endfacet
 facet normal -7.046775e-01 -0.000000e+00 -7.095278e-01
   outer loop
     vertex -5.303555e+01  2.500000e+00  1.249244e+02
     vertex -5.303555e+01 -2.500000e+00  1.249244e+02
     vertex -5.308909e+01 -2.500000e+00  1.249776e+02
   endloop
 endfacet
 facet normal -7.046775e-01  0.000000e+00 -7.095278e-01
   outer loop
     vertex -5.303555e+01  2.500000e+00  1.249244e+02
     vertex -5.308909e+01 -2.500000e+00  1.249776e+02
     vertex -5.308909e+01  2.500000e+00  1.249776e+02
   endloop
 endfacet
 facet normal -7.238775e-01 -0.000000e+00 -6.899286e-01
   outer loop
     vertex -5.298350e+01  2.500000e+00  1.248698e+02
     vertex -5.298350e+01 -2.500000e+00  1.248698e+02
     vertex -5.303555e+01 -2.500000e+00  1.249244e+02
   endloop
 endfacet
 facet normal -7.238775e-01  0.000000e+00 -6.899286e-01
   outer loop
     vertex -5.298350e+01  2.500000e+00  1.248698e+02
     vertex -5.303555e+01 -2.500000e+00  1.249244e+02
     vertex -5.303555e+01  2.500000e+00  1.249244e+02
   endloop
 endfacet
 facet normal -7.425325e-01 -0.000000e+00 -6.698100e-01
   outer loop
     vertex -5.293296e+01  2.500000e+00  1.248138e+02
     vertex -5.293296e+01 -2.500000e+00  1.248138e+02
     vertex -5.298350e+01 -2.500000e+00  1.248698e+02
   endloop
 endfacet
 facet normal -7.425325e-01  0.000000e+00 -6.698100e-01
   outer loop
     vertex -5.293296e+01  2.500000e+00  1.248138e+02
     vertex -5.298350e+01 -2.500000e+00  1.248698e+02
     vertex -5.298350e+01  2.500000e+00  1.248698e+02
   endloop
 endfacet
 facet normal -7.606287e-01 -0.000000e+00 -6.491872e-01
   outer loop
     vertex -5.288398e+01  2.500000e+00  1.247564e+02
     vertex -5.288398e+01 -2.500000e+00  1.247564e+02
     vertex -5.293296e+01 -2.500000e+00  1.248138e+02
   endloop
 endfacet
 facet normal -7.606287e-01  0.000000e+00 -6.491872e-01
   outer loop
     vertex -5.288398e+01  2.500000e+00  1.247564e+02
     vertex -5.293296e+01 -2.500000e+00  1.248138e+02
     vertex -5.293296e+01  2.500000e+00  1.248138e+02
   endloop
 endfacet
 facet normal -7.781522e-01 -0.000000e+00 -6.280757e-01
   outer loop
     vertex -5.283659e+01  2.500000e+00  1.246977e+02
     vertex -5.283659e+01 -2.500000e+00  1.246977e+02
     vertex -5.288398e+01 -2.500000e+00  1.247564e+02
   endloop
 endfacet
 facet normal -7.781522e-01  0.000000e+00 -6.280757e-01
   outer loop
     vertex -5.283659e+01  2.500000e+00  1.246977e+02
     vertex -5.288398e+01 -2.500000e+00  1.247564e+02
     vertex -5.288398e+01  2.500000e+00  1.247564e+02
   endloop
 endfacet
 facet normal -7.950900e-01 -0.000000e+00 -6.064915e-01
   outer loop
     vertex -5.279083e+01  2.500000e+00  1.246377e+02
     vertex -5.279083e+01 -2.500000e+00  1.246377e+02
     vertex -5.283659e+01 -2.500000e+00  1.246977e+02
   endloop
 endfacet
 facet normal -7.950900e-01  0.000000e+00 -6.064915e-01
   outer loop
     vertex -5.279083e+01  2.500000e+00  1.246377e+02
     vertex -5.283659e+01 -2.500000e+00  1.246977e+02
     vertex -5.283659e+01  2.500000e+00  1.246977e+02
   endloop
 endfacet
 facet normal -8.114292e-01 -0.000000e+00 -5.844507e-01
   outer loop
     vertex -5.274673e+01  2.500000e+00  1.245765e+02
     vertex -5.274673e+01 -2.500000e+00  1.245765e+02
     vertex -5.279083e+01 -2.500000e+00  1.246377e+02
   endloop
 endfacet
 facet normal -8.114292e-01  0.000000e+00 -5.844507e-01
   outer loop
     vertex -5.274673e+01  2.500000e+00  1.245765e+02
     vertex -5.279083e+01 -2.500000e+00  1.246377e+02
     vertex -5.279083e+01  2.500000e+00  1.246377e+02
   endloop
 endfacet
 facet normal -8.271577e-01  0.000000e+00 -5.619699e-01
   outer loop
     vertex -5.270433e+01  2.500000e+00  1.245141e+02
     vertex -5.274673e+01 -2.500000e+00  1.245765e+02
     vertex -5.274673e+01  2.500000e+00  1.245765e+02
   endloop
 endfacet
 facet normal -8.271577e-01 -0.000000e+00 -5.619699e-01
   outer loop
     vertex -5.270433e+01  2.500000e+00  1.245141e+02
     vertex -5.270433e+01 -2.500000e+00  1.245141e+02
     vertex -5.274673e+01 -2.500000e+00  1.245765e+02
   endloop
 endfacet
 facet normal -8.422635e-01 -0.000000e+00 -5.390661e-01
   outer loop
     vertex -5.270433e+01  2.500000e+00  1.245141e+02
     vertex -5.266366e+01 -2.500000e+00  1.244505e+02
     vertex -5.270433e+01 -2.500000e+00  1.245141e+02
   endloop
 endfacet
 facet normal -8.422635e-01 -0.000000e+00 -5.390661e-01
   outer loop
     vertex -5.266366e+01  2.500000e+00  1.244505e+02
     vertex -5.266366e+01 -2.500000e+00  1.244505e+02
     vertex -5.270433e+01  2.500000e+00  1.245141e+02
   endloop
 endfacet
 facet normal -8.567352e-01 -0.000000e+00 -5.157565e-01
   outer loop
     vertex -5.266366e+01  2.500000e+00  1.244505e+02
     vertex -5.262474e+01 -2.500000e+00  1.243859e+02
     vertex -5.266366e+01 -2.500000e+00  1.244505e+02
   endloop
 endfacet
 facet normal -8.567352e-01 -0.000000e+00 -5.157565e-01
   outer loop
     vertex -5.262474e+01  2.500000e+00  1.243859e+02
     vertex -5.262474e+01 -2.500000e+00  1.243859e+02
     vertex -5.266366e+01  2.500000e+00  1.244505e+02
   endloop
 endfacet
 facet normal -8.705620e-01  0.000000e+00 -4.920587e-01
   outer loop
     vertex -5.258762e+01  2.500000e+00  1.243202e+02
     vertex -5.262474e+01 -2.500000e+00  1.243859e+02
     vertex -5.262474e+01  2.500000e+00  1.243859e+02
   endloop
 endfacet
 facet normal -8.705620e-01 -0.000000e+00 -4.920587e-01
   outer loop
     vertex -5.258762e+01  2.500000e+00  1.243202e+02
     vertex -5.258762e+01 -2.500000e+00  1.243202e+02
     vertex -5.262474e+01 -2.500000e+00  1.243859e+02
   endloop
 endfacet
 facet normal -8.837335e-01  0.000000e+00 -4.679904e-01
   outer loop
     vertex -5.255231e+01  2.500000e+00  1.242535e+02
     vertex -5.258762e+01 -2.500000e+00  1.243202e+02
     vertex -5.258762e+01  2.500000e+00  1.243202e+02
   endloop
 endfacet
 facet normal -8.837335e-01 -0.000000e+00 -4.679904e-01
   outer loop
     vertex -5.255231e+01  2.500000e+00  1.242535e+02
     vertex -5.255231e+01 -2.500000e+00  1.242535e+02
     vertex -5.258762e+01 -2.500000e+00  1.243202e+02
   endloop
 endfacet
 facet normal -8.962398e-01  0.000000e+00 -4.435699e-01
   outer loop
     vertex -5.251884e+01  2.500000e+00  1.241859e+02
     vertex -5.255231e+01 -2.500000e+00  1.242535e+02
     vertex -5.255231e+01  2.500000e+00  1.242535e+02
   endloop
 endfacet
 facet normal -8.962398e-01 -0.000000e+00 -4.435699e-01
   outer loop
     vertex -5.251884e+01  2.500000e+00  1.241859e+02
     vertex -5.251884e+01 -2.500000e+00  1.241859e+02
     vertex -5.255231e+01 -2.500000e+00  1.242535e+02
   endloop
 endfacet
 facet normal -9.080714e-01  0.000000e+00 -4.188155e-01
   outer loop
     vertex -5.248724e+01  2.500000e+00  1.241174e+02
     vertex -5.251884e+01 -2.500000e+00  1.241859e+02
     vertex -5.251884e+01  2.500000e+00  1.241859e+02
   endloop
 endfacet
 facet normal -9.080714e-01 -0.000000e+00 -4.188155e-01
   outer loop
     vertex -5.248724e+01  2.500000e+00  1.241174e+02
     vertex -5.248724e+01 -2.500000e+00  1.241174e+02
     vertex -5.251884e+01 -2.500000e+00  1.241859e+02
   endloop
 endfacet
 facet normal -9.192194e-01  0.000000e+00 -3.937458e-01
   outer loop
     vertex -5.245753e+01  2.500000e+00  1.240480e+02
     vertex -5.248724e+01 -2.500000e+00  1.241174e+02
     vertex -5.248724e+01  2.500000e+00  1.241174e+02
   endloop
 endfacet
 facet normal -9.192194e-01 -0.000000e+00 -3.937458e-01
   outer loop
     vertex -5.245753e+01  2.500000e+00  1.240480e+02
     vertex -5.245753e+01 -2.500000e+00  1.240480e+02
     vertex -5.248724e+01 -2.500000e+00  1.241174e+02
   endloop
 endfacet
 facet normal -9.296754e-01  0.000000e+00 -3.683796e-01
   outer loop
     vertex -5.242974e+01  2.500000e+00  1.239779e+02
     vertex -5.245753e+01 -2.500000e+00  1.240480e+02
     vertex -5.245753e+01  2.500000e+00  1.240480e+02
   endloop
 endfacet
 facet normal -9.296754e-01 -0.000000e+00 -3.683796e-01
   outer loop
     vertex -5.242974e+01  2.500000e+00  1.239779e+02
     vertex -5.242974e+01 -2.500000e+00  1.239779e+02
     vertex -5.245753e+01 -2.500000e+00  1.240480e+02
   endloop
 endfacet
 facet normal -9.394317e-01  0.000000e+00 -3.427362e-01
   outer loop
     vertex -5.240388e+01  2.500000e+00  1.239070e+02
     vertex -5.242974e+01 -2.500000e+00  1.239779e+02
     vertex -5.242974e+01  2.500000e+00  1.239779e+02
   endloop
 endfacet
 facet normal -9.394317e-01 -0.000000e+00 -3.427362e-01
   outer loop
     vertex -5.240388e+01  2.500000e+00  1.239070e+02
     vertex -5.240388e+01 -2.500000e+00  1.239070e+02
     vertex -5.242974e+01 -2.500000e+00  1.239779e+02
   endloop
 endfacet
 facet normal -9.484807e-01  0.000000e+00 -3.168348e-01
   outer loop
     vertex -5.237997e+01  2.500000e+00  1.238354e+02
     vertex -5.240388e+01 -2.500000e+00  1.239070e+02
     vertex -5.240388e+01  2.500000e+00  1.239070e+02
   endloop
 endfacet
 facet normal -9.484807e-01 -0.000000e+00 -3.168348e-01
   outer loop
     vertex -5.237997e+01  2.500000e+00  1.238354e+02
     vertex -5.237997e+01 -2.500000e+00  1.238354e+02
     vertex -5.240388e+01 -2.500000e+00  1.239070e+02
   endloop
 endfacet
 facet normal -9.568158e-01  0.000000e+00 -2.906949e-01
   outer loop
     vertex -5.235804e+01  2.500000e+00  1.237632e+02
     vertex -5.237997e+01 -2.500000e+00  1.238354e+02
     vertex -5.237997e+01  2.500000e+00  1.238354e+02
   endloop
 endfacet
 facet normal -9.568158e-01 -0.000000e+00 -2.906949e-01
   outer loop
     vertex -5.235804e+01  2.500000e+00  1.237632e+02
     vertex -5.235804e+01 -2.500000e+00  1.237632e+02
     vertex -5.237997e+01 -2.500000e+00  1.238354e+02
   endloop
 endfacet
 facet normal -9.644306e-01 -0.000000e+00 -2.643362e-01
   outer loop
     vertex -5.235804e+01  2.500000e+00  1.237632e+02
     vertex -5.233809e+01 -2.500000e+00  1.236905e+02
     vertex -5.235804e+01 -2.500000e+00  1.237632e+02
   endloop
 endfacet
 facet normal -9.644306e-01 -0.000000e+00 -2.643362e-01
   outer loop
     vertex -5.233809e+01  2.500000e+00  1.236905e+02
     vertex -5.233809e+01 -2.500000e+00  1.236905e+02
     vertex -5.235804e+01  2.500000e+00  1.237632e+02
   endloop
 endfacet
 facet normal -9.713194e-01 -0.000000e+00 -2.377784e-01
   outer loop
     vertex -5.233809e+01  2.500000e+00  1.236905e+02
     vertex -5.232015e+01 -2.500000e+00  1.236172e+02
     vertex -5.233809e+01 -2.500000e+00  1.236905e+02
   endloop
 endfacet
 facet normal -9.713194e-01 -0.000000e+00 -2.377784e-01
   outer loop
     vertex -5.232015e+01  2.500000e+00  1.236172e+02
     vertex -5.232015e+01 -2.500000e+00  1.236172e+02
     vertex -5.233809e+01  2.500000e+00  1.236905e+02
   endloop
 endfacet
 facet normal -9.774771e-01  0.000000e+00 -2.110417e-01
   outer loop
     vertex -5.230423e+01  2.500000e+00  1.235434e+02
     vertex -5.232015e+01 -2.500000e+00  1.236172e+02
     vertex -5.232015e+01  2.500000e+00  1.236172e+02
   endloop
 endfacet
 facet normal -9.774771e-01 -0.000000e+00 -2.110417e-01
   outer loop
     vertex -5.230423e+01  2.500000e+00  1.235434e+02
     vertex -5.230423e+01 -2.500000e+00  1.235434e+02
     vertex -5.232015e+01 -2.500000e+00  1.236172e+02
   endloop
 endfacet
 facet normal -9.828989e-01 -0.000000e+00 -1.841461e-01
   outer loop
     vertex -5.230423e+01  2.500000e+00  1.235434e+02
     vertex -5.229034e+01 -2.500000e+00  1.234693e+02
     vertex -5.230423e+01 -2.500000e+00  1.235434e+02
   endloop
 endfacet
 facet normal -9.828989e-01 -0.000000e+00 -1.841461e-01
   outer loop
     vertex -5.229034e+01  2.500000e+00  1.234693e+02
     vertex -5.229034e+01 -2.500000e+00  1.234693e+02
     vertex -5.230423e+01  2.500000e+00  1.235434e+02
   endloop
 endfacet
 facet normal -9.875808e-01 -0.000000e+00 -1.571119e-01
   outer loop
     vertex -5.229034e+01  2.500000e+00  1.234693e+02
     vertex -5.227848e+01 -2.500000e+00  1.233948e+02
     vertex -5.229034e+01 -2.500000e+00  1.234693e+02
   endloop
 endfacet
 facet normal -9.875808e-01 -0.000000e+00 -1.571119e-01
   outer loop
     vertex -5.227848e+01  2.500000e+00  1.233948e+02
     vertex -5.227848e+01 -2.500000e+00  1.233948e+02
     vertex -5.229034e+01  2.500000e+00  1.234693e+02
   endloop
 endfacet
 facet normal -9.915193e-01  0.000000e+00 -1.299594e-01
   outer loop
     vertex -5.226868e+01  2.500000e+00  1.233199e+02
     vertex -5.227848e+01 -2.500000e+00  1.233948e+02
     vertex -5.227848e+01  2.500000e+00  1.233948e+02
   endloop
 endfacet
 facet normal -9.915193e-01 -0.000000e+00 -1.299594e-01
   outer loop
     vertex -5.226868e+01  2.500000e+00  1.233199e+02
     vertex -5.226868e+01 -2.500000e+00  1.233199e+02
     vertex -5.227848e+01 -2.500000e+00  1.233948e+02
   endloop
 endfacet
 facet normal -9.947114e-01 -0.000000e+00 -1.027091e-01
   outer loop
     vertex -5.226868e+01  2.500000e+00  1.233199e+02
     vertex -5.226093e+01 -2.500000e+00  1.232449e+02
     vertex -5.226868e+01 -2.500000e+00  1.233199e+02
   endloop
 endfacet
 facet normal -9.947114e-01 -0.000000e+00 -1.027091e-01
   outer loop
     vertex -5.226093e+01  2.500000e+00  1.232449e+02
     vertex -5.226093e+01 -2.500000e+00  1.232449e+02
     vertex -5.226868e+01  2.500000e+00  1.233199e+02
   endloop
 endfacet
 facet normal -9.971548e-01  0.000000e+00 -7.538152e-02
   outer loop
     vertex -5.225524e+01  2.500000e+00  1.231697e+02
     vertex -5.226093e+01 -2.500000e+00  1.232449e+02
     vertex -5.226093e+01  2.500000e+00  1.232449e+02
   endloop
 endfacet
 facet normal -9.971548e-01 -0.000000e+00 -7.538152e-02
   outer loop
     vertex -5.225524e+01  2.500000e+00  1.231697e+02
     vertex -5.225524e+01 -2.500000e+00  1.231697e+02
     vertex -5.226093e+01 -2.500000e+00  1.232449e+02
   endloop
 endfacet
 facet normal -9.988475e-01 -0.000000e+00 -4.799716e-02
   outer loop
     vertex -5.225524e+01  2.500000e+00  1.231697e+02
     vertex -5.225162e+01 -2.500000e+00  1.230943e+02
     vertex -5.225524e+01 -2.500000e+00  1.231697e+02
   endloop
 endfacet
 facet normal -9.997883e-01 -0.000000e+00 -2.057667e-02
   outer loop
     vertex -5.225162e+01  2.500000e+00  1.230943e+02
     vertex -5.225006e+01 -2.500000e+00  1.230189e+02
     vertex -5.225162e+01 -2.500000e+00  1.230943e+02
   endloop
 endfacet
 facet normal -9.988475e-01 -0.000000e+00 -4.799716e-02
   outer loop
     vertex -5.225162e+01  2.500000e+00  1.230943e+02
     vertex -5.225162e+01 -2.500000e+00  1.230943e+02
     vertex -5.225524e+01  2.500000e+00  1.231697e+02
   endloop
 endfacet
 facet normal -9.997883e-01 -0.000000e+00 -2.057667e-02
   outer loop
     vertex -5.225006e+01  2.500000e+00  1.230189e+02
     vertex -5.225006e+01 -2.500000e+00  1.230189e+02
     vertex -5.225162e+01  2.500000e+00  1.230943e+02
   endloop
 endfacet
 facet normal -9.999765e-01  0.000000e+00  6.859319e-03
   outer loop
     vertex -5.225058e+01  2.500000e+00  1.229434e+02
     vertex -5.225058e+01 -2.500000e+00  1.229434e+02
     vertex -5.225006e+01 -2.500000e+00  1.230189e+02
   endloop
 endfacet
 facet normal -9.999765e-01  0.000000e+00  6.859319e-03
   outer loop
     vertex -5.225058e+01  2.500000e+00  1.229434e+02
     vertex -5.225006e+01 -2.500000e+00  1.230189e+02
     vertex -5.225006e+01  2.500000e+00  1.230189e+02
   endloop
 endfacet
 facet normal -9.994119e-01  0.000000e+00  3.429014e-02
   outer loop
     vertex -5.225317e+01  2.500000e+00  1.228680e+02
     vertex -5.225317e+01 -2.500000e+00  1.228680e+02
     vertex -5.225058e+01 -2.500000e+00  1.229434e+02
   endloop
 endfacet
 facet normal -9.994119e-01  0.000000e+00  3.429014e-02
   outer loop
     vertex -5.225317e+01  2.500000e+00  1.228680e+02
     vertex -5.225058e+01 -2.500000e+00  1.229434e+02
     vertex -5.225058e+01  2.500000e+00  1.229434e+02
   endloop
 endfacet
 facet normal -9.980950e-01  0.000000e+00  6.169515e-02
   outer loop
     vertex -5.225782e+01  2.500000e+00  1.227927e+02
     vertex -5.225782e+01 -2.500000e+00  1.227927e+02
     vertex -5.225317e+01 -2.500000e+00  1.228680e+02
   endloop
 endfacet
 facet normal -9.980950e-01  0.000000e+00  6.169515e-02
   outer loop
     vertex -5.225782e+01  2.500000e+00  1.227927e+02
     vertex -5.225317e+01 -2.500000e+00  1.228680e+02
     vertex -5.225317e+01  2.500000e+00  1.228680e+02
   endloop
 endfacet
 facet normal -9.960268e-01  0.000000e+00  8.905371e-02
   outer loop
     vertex -5.226454e+01  2.500000e+00  1.227175e+02
     vertex -5.225782e+01 -2.500000e+00  1.227927e+02
     vertex -5.225782e+01  2.500000e+00  1.227927e+02
   endloop
 endfacet
 facet normal -9.960268e-01  0.000000e+00  8.905371e-02
   outer loop
     vertex -5.226454e+01  2.500000e+00  1.227175e+02
     vertex -5.226454e+01 -2.500000e+00  1.227175e+02
     vertex -5.225782e+01 -2.500000e+00  1.227927e+02
   endloop
 endfacet
 facet normal -9.932088e-01  0.000000e+00  1.163452e-01
   outer loop
     vertex -5.227332e+01  2.500000e+00  1.226426e+02
     vertex -5.226454e+01 -2.500000e+00  1.227175e+02
     vertex -5.226454e+01  2.500000e+00  1.227175e+02
   endloop
 endfacet
 facet normal -9.932088e-01  0.000000e+00  1.163452e-01
   outer loop
     vertex -5.227332e+01  2.500000e+00  1.226426e+02
     vertex -5.227332e+01 -2.500000e+00  1.226426e+02
     vertex -5.226454e+01 -2.500000e+00  1.227175e+02
   endloop
 endfacet
 facet normal -9.896432e-01  0.000000e+00  1.435492e-01
   outer loop
     vertex -5.227332e+01  2.500000e+00  1.226426e+02
     vertex -5.228415e+01 -2.500000e+00  1.225679e+02
     vertex -5.227332e+01 -2.500000e+00  1.226426e+02
   endloop
 endfacet
 facet normal -9.896432e-01  0.000000e+00  1.435492e-01
   outer loop
     vertex -5.228415e+01  2.500000e+00  1.225679e+02
     vertex -5.228415e+01 -2.500000e+00  1.225679e+02
     vertex -5.227332e+01  2.500000e+00  1.226426e+02
   endloop
 endfacet
 facet normal -9.853326e-01  0.000000e+00  1.706451e-01
   outer loop
     vertex -5.229703e+01  2.500000e+00  1.224936e+02
     vertex -5.228415e+01 -2.500000e+00  1.225679e+02
     vertex -5.228415e+01  2.500000e+00  1.225679e+02
   endloop
 endfacet
 facet normal -9.853326e-01  0.000000e+00  1.706451e-01
   outer loop
     vertex -5.229703e+01  2.500000e+00  1.224936e+02
     vertex -5.229703e+01 -2.500000e+00  1.224936e+02
     vertex -5.228415e+01 -2.500000e+00  1.225679e+02
   endloop
 endfacet
 facet normal -9.802802e-01  0.000000e+00  1.976125e-01
   outer loop
     vertex -5.231194e+01  2.500000e+00  1.224196e+02
     vertex -5.229703e+01 -2.500000e+00  1.224936e+02
     vertex -5.229703e+01  2.500000e+00  1.224936e+02
   endloop
 endfacet
 facet normal -9.802802e-01  0.000000e+00  1.976125e-01
   outer loop
     vertex -5.231194e+01  2.500000e+00  1.224196e+02
     vertex -5.231194e+01 -2.500000e+00  1.224196e+02
     vertex -5.229703e+01 -2.500000e+00  1.224936e+02
   endloop
 endfacet
 facet normal -9.744899e-01  0.000000e+00  2.244312e-01
   outer loop
     vertex -5.231194e+01  2.500000e+00  1.224196e+02
     vertex -5.232887e+01 -2.500000e+00  1.223461e+02
     vertex -5.231194e+01 -2.500000e+00  1.224196e+02
   endloop
 endfacet
 facet normal -9.744899e-01  0.000000e+00  2.244312e-01
   outer loop
     vertex -5.232887e+01  2.500000e+00  1.223461e+02
     vertex -5.232887e+01 -2.500000e+00  1.223461e+02
     vertex -5.231194e+01  2.500000e+00  1.224196e+02
   endloop
 endfacet
 facet normal -9.679661e-01  0.000000e+00  2.510809e-01
   outer loop
     vertex -5.234782e+01  2.500000e+00  1.222731e+02
     vertex -5.232887e+01 -2.500000e+00  1.223461e+02
     vertex -5.232887e+01  2.500000e+00  1.223461e+02
   endloop
 endfacet
 facet normal -9.679661e-01  0.000000e+00  2.510809e-01
   outer loop
     vertex -5.234782e+01  2.500000e+00  1.222731e+02
     vertex -5.234782e+01 -2.500000e+00  1.222731e+02
     vertex -5.232887e+01 -2.500000e+00  1.223461e+02
   endloop
 endfacet
 facet normal -9.607136e-01  0.000000e+00  2.775416e-01
   outer loop
     vertex -5.234782e+01  2.500000e+00  1.222731e+02
     vertex -5.236876e+01 -2.500000e+00  1.222006e+02
     vertex -5.234782e+01 -2.500000e+00  1.222731e+02
   endloop
 endfacet
 facet normal -9.607136e-01  0.000000e+00  2.775416e-01
   outer loop
     vertex -5.236876e+01  2.500000e+00  1.222006e+02
     vertex -5.236876e+01 -2.500000e+00  1.222006e+02
     vertex -5.234782e+01  2.500000e+00  1.222731e+02
   endloop
 endfacet
 facet normal -9.527379e-01  0.000000e+00  3.037934e-01
   outer loop
     vertex -5.239168e+01  2.500000e+00  1.221287e+02
     vertex -5.236876e+01 -2.500000e+00  1.222006e+02
     vertex -5.236876e+01  2.500000e+00  1.222006e+02
   endloop
 endfacet
 facet normal -9.527379e-01  0.000000e+00  3.037934e-01
   outer loop
     vertex -5.239168e+01  2.500000e+00  1.221287e+02
     vertex -5.239168e+01 -2.500000e+00  1.221287e+02
     vertex -5.236876e+01 -2.500000e+00  1.222006e+02
   endloop
 endfacet
 facet normal -9.440450e-01  0.000000e+00  3.298166e-01
   outer loop
     vertex -5.239168e+01  2.500000e+00  1.221287e+02
     vertex -5.241656e+01 -2.500000e+00  1.220575e+02
     vertex -5.239168e+01 -2.500000e+00  1.221287e+02
   endloop
 endfacet
 facet normal -9.440450e-01  0.000000e+00  3.298166e-01
   outer loop
     vertex -5.241656e+01  2.500000e+00  1.220575e+02
     vertex -5.241656e+01 -2.500000e+00  1.220575e+02
     vertex -5.239168e+01  2.500000e+00  1.221287e+02
   endloop
 endfacet
 facet normal -9.346415e-01  0.000000e+00  3.555914e-01
   outer loop
     vertex -5.244339e+01  2.500000e+00  1.219870e+02
     vertex -5.241656e+01 -2.500000e+00  1.220575e+02
     vertex -5.241656e+01  2.500000e+00  1.220575e+02
   endloop
 endfacet
 facet normal -9.346415e-01  0.000000e+00  3.555914e-01
   outer loop
     vertex -5.244339e+01  2.500000e+00  1.219870e+02
     vertex -5.244339e+01 -2.500000e+00  1.219870e+02
     vertex -5.241656e+01 -2.500000e+00  1.220575e+02
   endloop
 endfacet
 facet normal -9.245344e-01  0.000000e+00  3.810986e-01
   outer loop
     vertex -5.247215e+01  2.500000e+00  1.219172e+02
     vertex -5.244339e+01 -2.500000e+00  1.219870e+02
     vertex -5.244339e+01  2.500000e+00  1.219870e+02
   endloop
 endfacet
 facet normal -9.245344e-01  0.000000e+00  3.810986e-01
   outer loop
     vertex -5.247215e+01  2.500000e+00  1.219172e+02
     vertex -5.247215e+01 -2.500000e+00  1.219172e+02
     vertex -5.244339e+01 -2.500000e+00  1.219870e+02
   endloop
 endfacet
 facet normal -9.137314e-01  0.000000e+00  4.063188e-01
   outer loop
     vertex -5.250280e+01  2.500000e+00  1.218483e+02
     vertex -5.250280e+01 -2.500000e+00  1.218483e+02
     vertex -5.247215e+01 -2.500000e+00  1.219172e+02
   endloop
 endfacet
 facet normal -9.022405e-01  0.000000e+00  4.312333e-01
   outer loop
     vertex -5.250280e+01  2.500000e+00  1.218483e+02
     vertex -5.253534e+01 -2.500000e+00  1.217802e+02
     vertex -5.250280e+01 -2.500000e+00  1.218483e+02
   endloop
 endfacet
 facet normal -9.137314e-01  0.000000e+00  4.063188e-01
   outer loop
     vertex -5.250280e+01  2.500000e+00  1.218483e+02
     vertex -5.247215e+01 -2.500000e+00  1.219172e+02
     vertex -5.247215e+01  2.500000e+00  1.219172e+02
   endloop
 endfacet
 facet normal -9.022405e-01  0.000000e+00  4.312333e-01
   outer loop
     vertex -5.253534e+01  2.500000e+00  1.217802e+02
     vertex -5.253534e+01 -2.500000e+00  1.217802e+02
     vertex -5.250280e+01  2.500000e+00  1.218483e+02
   endloop
 endfacet
 facet normal -8.900704e-01  0.000000e+00  4.558231e-01
   outer loop
     vertex -5.256973e+01  2.500000e+00  1.217130e+02
     vertex -5.256973e+01 -2.500000e+00  1.217130e+02
     vertex -5.253534e+01 -2.500000e+00  1.217802e+02
   endloop
 endfacet
 facet normal -8.772303e-01  0.000000e+00  4.800697e-01
   outer loop
     vertex -5.256973e+01  2.500000e+00  1.217130e+02
     vertex -5.260595e+01 -2.500000e+00  1.216468e+02
     vertex -5.256973e+01 -2.500000e+00  1.217130e+02
   endloop
 endfacet
 facet normal -8.900704e-01  0.000000e+00  4.558231e-01
   outer loop
     vertex -5.256973e+01  2.500000e+00  1.217130e+02
     vertex -5.253534e+01 -2.500000e+00  1.217802e+02
     vertex -5.253534e+01  2.500000e+00  1.217802e+02
   endloop
 endfacet
 facet normal -8.772303e-01  0.000000e+00  4.800697e-01
   outer loop
     vertex -5.260595e+01  2.500000e+00  1.216468e+02
     vertex -5.260595e+01 -2.500000e+00  1.216468e+02
     vertex -5.256973e+01  2.500000e+00  1.217130e+02
   endloop
 endfacet
 facet normal -8.637299e-01  0.000000e+00  5.039550e-01
   outer loop
     vertex -5.264398e+01  2.500000e+00  1.215817e+02
     vertex -5.264398e+01 -2.500000e+00  1.215817e+02
     vertex -5.260595e+01 -2.500000e+00  1.216468e+02
   endloop
 endfacet
 facet normal -8.637299e-01  0.000000e+00  5.039550e-01
   outer loop
     vertex -5.264398e+01  2.500000e+00  1.215817e+02
     vertex -5.260595e+01 -2.500000e+00  1.216468e+02
     vertex -5.260595e+01  2.500000e+00  1.216468e+02
   endloop
 endfacet
 facet normal -8.495793e-01  0.000000e+00  5.274609e-01
   outer loop
     vertex -5.268378e+01  2.500000e+00  1.215176e+02
     vertex -5.268378e+01 -2.500000e+00  1.215176e+02
     vertex -5.264398e+01 -2.500000e+00  1.215817e+02
   endloop
 endfacet
 facet normal -8.347891e-01  0.000000e+00  5.505698e-01
   outer loop
     vertex -5.268378e+01  2.500000e+00  1.215176e+02
     vertex -5.272532e+01 -2.500000e+00  1.214546e+02
     vertex -5.268378e+01 -2.500000e+00  1.215176e+02
   endloop
 endfacet
 facet normal -8.495793e-01  0.000000e+00  5.274609e-01
   outer loop
     vertex -5.268378e+01  2.500000e+00  1.215176e+02
     vertex -5.264398e+01 -2.500000e+00  1.215817e+02
     vertex -5.264398e+01  2.500000e+00  1.215817e+02
   endloop
 endfacet
 facet normal -8.347891e-01  0.000000e+00  5.505698e-01
   outer loop
     vertex -5.272532e+01  2.500000e+00  1.214546e+02
     vertex -5.272532e+01 -2.500000e+00  1.214546e+02
     vertex -5.268378e+01  2.500000e+00  1.215176e+02
   endloop
 endfacet
 facet normal -8.193706e-01  0.000000e+00  5.732642e-01
   outer loop
     vertex -5.276857e+01  2.500000e+00  1.213928e+02
     vertex -5.276857e+01 -2.500000e+00  1.213928e+02
     vertex -5.272532e+01 -2.500000e+00  1.214546e+02
   endloop
 endfacet
 facet normal -8.193706e-01  0.000000e+00  5.732642e-01
   outer loop
     vertex -5.276857e+01  2.500000e+00  1.213928e+02
     vertex -5.272532e+01 -2.500000e+00  1.214546e+02
     vertex -5.272532e+01  2.500000e+00  1.214546e+02
   endloop
 endfacet
 facet normal -8.033352e-01  0.000000e+00  5.955271e-01
   outer loop
     vertex -5.281350e+01  2.500000e+00  1.213321e+02
     vertex -5.281350e+01 -2.500000e+00  1.213321e+02
     vertex -5.276857e+01 -2.500000e+00  1.213928e+02
   endloop
 endfacet
 facet normal -7.866951e-01  0.000000e+00  6.173417e-01
   outer loop
     vertex -5.281350e+01  2.500000e+00  1.213321e+02
     vertex -5.286008e+01 -2.500000e+00  1.212728e+02
     vertex -5.281350e+01 -2.500000e+00  1.213321e+02
   endloop
 endfacet
 facet normal -8.033352e-01  0.000000e+00  5.955271e-01
   outer loop
     vertex -5.281350e+01  2.500000e+00  1.213321e+02
     vertex -5.276857e+01 -2.500000e+00  1.213928e+02
     vertex -5.276857e+01  2.500000e+00  1.213928e+02
   endloop
 endfacet
 facet normal -7.866951e-01  0.000000e+00  6.173417e-01
   outer loop
     vertex -5.286008e+01  2.500000e+00  1.212728e+02
     vertex -5.286008e+01 -2.500000e+00  1.212728e+02
     vertex -5.281350e+01  2.500000e+00  1.213321e+02
   endloop
 endfacet
 facet normal -7.694628e-01  0.000000e+00  6.386916e-01
   outer loop
     vertex -5.290827e+01  2.500000e+00  1.212147e+02
     vertex -5.290827e+01 -2.500000e+00  1.212147e+02
     vertex -5.286008e+01 -2.500000e+00  1.212728e+02
   endloop
 endfacet
 facet normal -7.694628e-01  0.000000e+00  6.386916e-01
   outer loop
     vertex -5.290827e+01  2.500000e+00  1.212147e+02
     vertex -5.286008e+01 -2.500000e+00  1.212728e+02
     vertex -5.286008e+01  2.500000e+00  1.212728e+02
   endloop
 endfacet
 facet normal -7.516513e-01  0.000000e+00  6.595607e-01
   outer loop
     vertex -5.295804e+01  2.500000e+00  1.211580e+02
     vertex -5.295804e+01 -2.500000e+00  1.211580e+02
     vertex -5.290827e+01 -2.500000e+00  1.212147e+02
   endloop
 endfacet
 facet normal -7.516513e-01  0.000000e+00  6.595607e-01
   outer loop
     vertex -5.295804e+01  2.500000e+00  1.211580e+02
     vertex -5.290827e+01 -2.500000e+00  1.212147e+02
     vertex -5.290827e+01  2.500000e+00  1.212147e+02
   endloop
 endfacet
 facet normal -7.332740e-01  0.000000e+00  6.799333e-01
   outer loop
     vertex -5.300934e+01  2.500000e+00  1.211027e+02
     vertex -5.300934e+01 -2.500000e+00  1.211027e+02
     vertex -5.295804e+01 -2.500000e+00  1.211580e+02
   endloop
 endfacet
 facet normal -7.143447e-01  0.000000e+00  6.997940e-01
   outer loop
     vertex -5.300934e+01  2.500000e+00  1.211027e+02
     vertex -5.306214e+01 -2.500000e+00  1.210488e+02
     vertex -5.300934e+01 -2.500000e+00  1.211027e+02
   endloop
 endfacet
 facet normal -7.332740e-01  0.000000e+00  6.799333e-01
   outer loop
     vertex -5.300934e+01  2.500000e+00  1.211027e+02
     vertex -5.295804e+01 -2.500000e+00  1.211580e+02
     vertex -5.295804e+01  2.500000e+00  1.211580e+02
   endloop
 endfacet
 facet normal -7.143447e-01  0.000000e+00  6.997940e-01
   outer loop
     vertex -5.306214e+01  2.500000e+00  1.210488e+02
     vertex -5.306214e+01 -2.500000e+00  1.210488e+02
     vertex -5.300934e+01  2.500000e+00  1.211027e+02
   endloop
 endfacet
 facet normal -6.948776e-01  0.000000e+00  7.191280e-01
   outer loop
     vertex -5.311640e+01  2.500000e+00  1.209964e+02
     vertex -5.306214e+01 -2.500000e+00  1.210488e+02
     vertex -5.306214e+01  2.500000e+00  1.210488e+02
   endloop
 endfacet
 facet normal -6.948776e-01  0.000000e+00  7.191280e-01
   outer loop
     vertex -5.311640e+01  2.500000e+00  1.209964e+02
     vertex -5.311640e+01 -2.500000e+00  1.209964e+02
     vertex -5.306214e+01 -2.500000e+00  1.210488e+02
   endloop
 endfacet
 facet normal -6.748875e-01  0.000000e+00  7.379206e-01
   outer loop
     vertex -5.317207e+01  2.500000e+00  1.209454e+02
     vertex -5.311640e+01 -2.500000e+00  1.209964e+02
     vertex -5.311640e+01  2.500000e+00  1.209964e+02
   endloop
 endfacet
 facet normal -6.748875e-01  0.000000e+00  7.379206e-01
   outer loop
     vertex -5.317207e+01  2.500000e+00  1.209454e+02
     vertex -5.317207e+01 -2.500000e+00  1.209454e+02
     vertex -5.311640e+01 -2.500000e+00  1.209964e+02
   endloop
 endfacet
 facet normal -6.543893e-01  0.000000e+00  7.561578e-01
   outer loop
     vertex -5.317207e+01  2.500000e+00  1.209454e+02
     vertex -5.322912e+01 -2.500000e+00  1.208961e+02
     vertex -5.317207e+01 -2.500000e+00  1.209454e+02
   endloop
 endfacet
 facet normal -6.543893e-01  0.000000e+00  7.561578e-01
   outer loop
     vertex -5.322912e+01  2.500000e+00  1.208961e+02
     vertex -5.322912e+01 -2.500000e+00  1.208961e+02
     vertex -5.317207e+01  2.500000e+00  1.209454e+02
   endloop
 endfacet
 facet normal -6.333986e-01  0.000000e+00  7.738257e-01
   outer loop
     vertex -5.322912e+01  2.500000e+00  1.208961e+02
     vertex -5.328751e+01 -2.500000e+00  1.208483e+02
     vertex -5.322912e+01 -2.500000e+00  1.208961e+02
   endloop
 endfacet
 facet normal -6.333986e-01  0.000000e+00  7.738257e-01
   outer loop
     vertex -5.328751e+01  2.500000e+00  1.208483e+02
     vertex -5.328751e+01 -2.500000e+00  1.208483e+02
     vertex -5.322912e+01  2.500000e+00  1.208961e+02
   endloop
 endfacet
 facet normal -6.119310e-01  0.000000e+00  7.909112e-01
   outer loop
     vertex -5.334719e+01  2.500000e+00  1.208021e+02
     vertex -5.328751e+01 -2.500000e+00  1.208483e+02
     vertex -5.328751e+01  2.500000e+00  1.208483e+02
   endloop
 endfacet
 facet normal -6.119310e-01  0.000000e+00  7.909112e-01
   outer loop
     vertex -5.334719e+01  2.500000e+00  1.208021e+02
     vertex -5.334719e+01 -2.500000e+00  1.208021e+02
     vertex -5.328751e+01 -2.500000e+00  1.208483e+02
   endloop
 endfacet
 facet normal -5.900028e-01  0.000000e+00  8.074012e-01
   outer loop
     vertex -5.340810e+01  2.500000e+00  1.207576e+02
     vertex -5.340810e+01 -2.500000e+00  1.207576e+02
     vertex -5.334719e+01 -2.500000e+00  1.208021e+02
   endloop
 endfacet
 facet normal -5.676304e-01  0.000000e+00  8.232835e-01
   outer loop
     vertex -5.340810e+01  2.500000e+00  1.207576e+02
     vertex -5.347022e+01 -2.500000e+00  1.207148e+02
     vertex -5.340810e+01 -2.500000e+00  1.207576e+02
   endloop
 endfacet
 facet normal -5.900028e-01  0.000000e+00  8.074012e-01
   outer loop
     vertex -5.340810e+01  2.500000e+00  1.207576e+02
     vertex -5.334719e+01 -2.500000e+00  1.208021e+02
     vertex -5.334719e+01  2.500000e+00  1.208021e+02
   endloop
 endfacet
 facet normal -5.676304e-01  0.000000e+00  8.232835e-01
   outer loop
     vertex -5.347022e+01  2.500000e+00  1.207148e+02
     vertex -5.347022e+01 -2.500000e+00  1.207148e+02
     vertex -5.340810e+01  2.500000e+00  1.207576e+02
   endloop
 endfacet
 facet normal -5.448308e-01  0.000000e+00  8.385460e-01
   outer loop
     vertex -5.353349e+01  2.500000e+00  1.206737e+02
     vertex -5.347022e+01 -2.500000e+00  1.207148e+02
     vertex -5.347022e+01  2.500000e+00  1.207148e+02
   endloop
 endfacet
 facet normal -5.448308e-01  0.000000e+00  8.385460e-01
   outer loop
     vertex -5.353349e+01  2.500000e+00  1.206737e+02
     vertex -5.353349e+01 -2.500000e+00  1.206737e+02
     vertex -5.347022e+01 -2.500000e+00  1.207148e+02
   endloop
 endfacet
 facet normal -5.216210e-01  0.000000e+00  8.531773e-01
   outer loop
     vertex -5.353349e+01  2.500000e+00  1.206737e+02
     vertex -5.359786e+01 -2.500000e+00  1.206343e+02
     vertex -5.353349e+01 -2.500000e+00  1.206737e+02
   endloop
 endfacet
 facet normal -5.216210e-01  0.000000e+00  8.531773e-01
   outer loop
     vertex -5.359786e+01  2.500000e+00  1.206343e+02
     vertex -5.359786e+01 -2.500000e+00  1.206343e+02
     vertex -5.353349e+01  2.500000e+00  1.206737e+02
   endloop
 endfacet
 facet normal -4.980186e-01  0.000000e+00  8.671664e-01
   outer loop
     vertex -5.366329e+01  2.500000e+00  1.205967e+02
     vertex -5.366329e+01 -2.500000e+00  1.205967e+02
     vertex -5.359786e+01 -2.500000e+00  1.206343e+02
   endloop
 endfacet
 facet normal -4.980186e-01  0.000000e+00  8.671664e-01
   outer loop
     vertex -5.366329e+01  2.500000e+00  1.205967e+02
     vertex -5.359786e+01 -2.500000e+00  1.206343e+02
     vertex -5.359786e+01  2.500000e+00  1.206343e+02
   endloop
 endfacet
 facet normal -4.740412e-01  0.000000e+00  8.805026e-01
   outer loop
     vertex -5.372973e+01  2.500000e+00  1.205610e+02
     vertex -5.372973e+01 -2.500000e+00  1.205610e+02
     vertex -5.366329e+01 -2.500000e+00  1.205967e+02
   endloop
 endfacet
 facet normal -4.740412e-01  0.000000e+00  8.805026e-01
   outer loop
     vertex -5.372973e+01  2.500000e+00  1.205610e+02
     vertex -5.366329e+01 -2.500000e+00  1.205967e+02
     vertex -5.366329e+01  2.500000e+00  1.205967e+02
   endloop
 endfacet
 facet normal -4.497071e-01  0.000000e+00  8.931761e-01
   outer loop
     vertex -5.379712e+01  2.500000e+00  1.205270e+02
     vertex -5.379712e+01 -2.500000e+00  1.205270e+02
     vertex -5.372973e+01 -2.500000e+00  1.205610e+02
   endloop
 endfacet
 facet normal -4.497071e-01  0.000000e+00  8.931761e-01
   outer loop
     vertex -5.379712e+01  2.500000e+00  1.205270e+02
     vertex -5.372973e+01 -2.500000e+00  1.205610e+02
     vertex -5.372973e+01  2.500000e+00  1.205610e+02
   endloop
 endfacet
 facet normal -4.250344e-01  0.000000e+00  9.051772e-01
   outer loop
     vertex -5.386541e+01  2.500000e+00  1.204950e+02
     vertex -5.386541e+01 -2.500000e+00  1.204950e+02
     vertex -5.379712e+01 -2.500000e+00  1.205270e+02
   endloop
 endfacet
 facet normal -4.000417e-01  0.000000e+00  9.164969e-01
   outer loop
     vertex -5.386541e+01  2.500000e+00  1.204950e+02
     vertex -5.393456e+01 -2.500000e+00  1.204648e+02
     vertex -5.386541e+01 -2.500000e+00  1.204950e+02
   endloop
 endfacet
 facet normal -4.250344e-01  0.000000e+00  9.051772e-01
   outer loop
     vertex -5.386541e+01  2.500000e+00  1.204950e+02
     vertex -5.379712e+01 -2.500000e+00  1.205270e+02
     vertex -5.379712e+01  2.500000e+00  1.205270e+02
   endloop
 endfacet
 facet normal -4.000417e-01  0.000000e+00  9.164969e-01
   outer loop
     vertex -5.393456e+01  2.500000e+00  1.204648e+02
     vertex -5.393456e+01 -2.500000e+00  1.204648e+02
     vertex -5.386541e+01  2.500000e+00  1.204950e+02
   endloop
 endfacet
 facet normal -3.747479e-01  0.000000e+00  9.271267e-01
   outer loop
     vertex -5.400452e+01  2.500000e+00  1.204365e+02
     vertex -5.400452e+01 -2.500000e+00  1.204365e+02
     vertex -5.393456e+01 -2.500000e+00  1.204648e+02
   endloop
 endfacet
 facet normal -3.491720e-01  0.000000e+00  9.370586e-01
   outer loop
     vertex -5.400452e+01  2.500000e+00  1.204365e+02
     vertex -5.407522e+01 -2.500000e+00  1.204102e+02
     vertex -5.400452e+01 -2.500000e+00  1.204365e+02
   endloop
 endfacet
 facet normal -3.747479e-01  0.000000e+00  9.271267e-01
   outer loop
     vertex -5.400452e+01  2.500000e+00  1.204365e+02
     vertex -5.393456e+01 -2.500000e+00  1.204648e+02
     vertex -5.393456e+01  2.500000e+00  1.204648e+02
   endloop
 endfacet
 facet normal -3.233333e-01  0.000000e+00  9.462851e-01
   outer loop
     vertex -5.407522e+01  2.500000e+00  1.204102e+02
     vertex -5.414662e+01 -2.500000e+00  1.203858e+02
     vertex -5.407522e+01 -2.500000e+00  1.204102e+02
   endloop
 endfacet
 facet normal -3.491720e-01  0.000000e+00  9.370586e-01
   outer loop
     vertex -5.407522e+01  2.500000e+00  1.204102e+02
     vertex -5.407522e+01 -2.500000e+00  1.204102e+02
     vertex -5.400452e+01  2.500000e+00  1.204365e+02
   endloop
 endfacet
 facet normal -2.972512e-01  0.000000e+00  9.547993e-01
   outer loop
     vertex -5.414662e+01  2.500000e+00  1.203858e+02
     vertex -5.421866e+01 -2.500000e+00  1.203633e+02
     vertex -5.414662e+01 -2.500000e+00  1.203858e+02
   endloop
 endfacet
 facet normal -3.233333e-01  0.000000e+00  9.462851e-01
   outer loop
     vertex -5.414662e+01  2.500000e+00  1.203858e+02
     vertex -5.414662e+01 -2.500000e+00  1.203858e+02
     vertex -5.407522e+01  2.500000e+00  1.204102e+02
   endloop
 endfacet
 facet normal -2.972512e-01  0.000000e+00  9.547993e-01
   outer loop
     vertex -5.421866e+01  2.500000e+00  1.203633e+02
     vertex -5.421866e+01 -2.500000e+00  1.203633e+02
     vertex -5.414662e+01  2.500000e+00  1.203858e+02
   endloop
 endfacet
 facet normal -2.709453e-01  0.000000e+00  9.625948e-01
   outer loop
     vertex -5.429128e+01  2.500000e+00  1.203429e+02
     vertex -5.429128e+01 -2.500000e+00  1.203429e+02
     vertex -5.421866e+01 -2.500000e+00  1.203633e+02
   endloop
 endfacet
 facet normal -2.444354e-01  0.000000e+00  9.696656e-01
   outer loop
     vertex -5.429128e+01  2.500000e+00  1.203429e+02
     vertex -5.436445e+01 -2.500000e+00  1.203244e+02
     vertex -5.429128e+01 -2.500000e+00  1.203429e+02
   endloop
 endfacet
 facet normal -2.709453e-01  0.000000e+00  9.625948e-01
   outer loop
     vertex -5.429128e+01  2.500000e+00  1.203429e+02
     vertex -5.421866e+01 -2.500000e+00  1.203633e+02
     vertex -5.421866e+01  2.500000e+00  1.203633e+02
   endloop
 endfacet
 facet normal -2.444354e-01  0.000000e+00  9.696656e-01
   outer loop
     vertex -5.436445e+01  2.500000e+00  1.203244e+02
     vertex -5.436445e+01 -2.500000e+00  1.203244e+02
     vertex -5.429128e+01  2.500000e+00  1.203429e+02
   endloop
 endfacet
 facet normal -2.177416e-01  0.000000e+00  9.760065e-01
   outer loop
     vertex -5.443809e+01  2.500000e+00  1.203080e+02
     vertex -5.443809e+01 -2.500000e+00  1.203080e+02
     vertex -5.436445e+01 -2.500000e+00  1.203244e+02
   endloop
 endfacet
 facet normal -1.908838e-01  0.000000e+00  9.816126e-01
   outer loop
     vertex -5.443809e+01  2.500000e+00  1.203080e+02
     vertex -5.451215e+01 -2.500000e+00  1.202936e+02
     vertex -5.443809e+01 -2.500000e+00  1.203080e+02
   endloop
 endfacet
 facet normal -2.177416e-01  0.000000e+00  9.760065e-01
   outer loop
     vertex -5.443809e+01  2.500000e+00  1.203080e+02
     vertex -5.436445e+01 -2.500000e+00  1.203244e+02
     vertex -5.436445e+01  2.500000e+00  1.203244e+02
   endloop
 endfacet
 facet normal -1.638824e-01  0.000000e+00  9.864799e-01
   outer loop
     vertex -5.451215e+01  2.500000e+00  1.202936e+02
     vertex -5.458658e+01 -2.500000e+00  1.202813e+02
     vertex -5.451215e+01 -2.500000e+00  1.202936e+02
   endloop
 endfacet
 facet normal -1.908838e-01  0.000000e+00  9.816126e-01
   outer loop
     vertex -5.451215e+01  2.500000e+00  1.202936e+02
     vertex -5.451215e+01 -2.500000e+00  1.202936e+02
     vertex -5.443809e+01  2.500000e+00  1.203080e+02
   endloop
 endfacet
 facet normal -1.638824e-01  0.000000e+00  9.864799e-01
   outer loop
     vertex -5.458658e+01  2.500000e+00  1.202813e+02
     vertex -5.458658e+01 -2.500000e+00  1.202813e+02
     vertex -5.451215e+01  2.500000e+00  1.202936e+02
   endloop
 endfacet
 facet normal -1.367575e-01  0.000000e+00  9.906046e-01
   outer loop
     vertex -5.466132e+01  2.500000e+00  1.202709e+02
     vertex -5.466132e+01 -2.500000e+00  1.202709e+02
     vertex -5.458658e+01 -2.500000e+00  1.202813e+02
   endloop
 endfacet
 facet normal -1.095298e-01  0.000000e+00  9.939835e-01
   outer loop
     vertex -5.466132e+01  2.500000e+00  1.202709e+02
     vertex -5.473632e+01 -2.500000e+00  1.202627e+02
     vertex -5.466132e+01 -2.500000e+00  1.202709e+02
   endloop
 endfacet
 facet normal -1.367575e-01  0.000000e+00  9.906046e-01
   outer loop
     vertex -5.466132e+01  2.500000e+00  1.202709e+02
     vertex -5.458658e+01 -2.500000e+00  1.202813e+02
     vertex -5.458658e+01  2.500000e+00  1.202813e+02
   endloop
 endfacet
 facet normal -1.095298e-01  0.000000e+00  9.939835e-01
   outer loop
     vertex -5.473632e+01  2.500000e+00  1.202627e+02
     vertex -5.473632e+01 -2.500000e+00  1.202627e+02
     vertex -5.466132e+01  2.500000e+00  1.202709e+02
   endloop
 endfacet
 facet normal -8.221955e-02  0.000000e+00  9.966142e-01
   outer loop
     vertex -5.481152e+01  2.500000e+00  1.202565e+02
     vertex -5.473632e+01 -2.500000e+00  1.202627e+02
     vertex -5.473632e+01  2.500000e+00  1.202627e+02
   endloop
 endfacet
 facet normal -8.221955e-02  0.000000e+00  9.966142e-01
   outer loop
     vertex -5.481152e+01  2.500000e+00  1.202565e+02
     vertex -5.481152e+01 -2.500000e+00  1.202565e+02
     vertex -5.473632e+01 -2.500000e+00  1.202627e+02
   endloop
 endfacet
 facet normal -5.484744e-02  0.000000e+00  9.984947e-01
   outer loop
     vertex -5.481152e+01  2.500000e+00  1.202565e+02
     vertex -5.488685e+01 -2.500000e+00  1.202523e+02
     vertex -5.481152e+01 -2.500000e+00  1.202565e+02
   endloop
 endfacet
 facet normal -5.484744e-02  0.000000e+00  9.984947e-01
   outer loop
     vertex -5.488685e+01  2.500000e+00  1.202523e+02
     vertex -5.488685e+01 -2.500000e+00  1.202523e+02
     vertex -5.481152e+01  2.500000e+00  1.202565e+02
   endloop
 endfacet
 facet normal -2.743405e-02  0.000000e+00  9.996236e-01
   outer loop
     vertex -5.496227e+01  2.500000e+00  1.202503e+02
     vertex -5.488685e+01 -2.500000e+00  1.202523e+02
     vertex -5.488685e+01  2.500000e+00  1.202523e+02
   endloop
 endfacet
 facet normal -2.743405e-02  0.000000e+00  9.996236e-01
   outer loop
     vertex -5.496227e+01  2.500000e+00  1.202503e+02
     vertex -5.496227e+01 -2.500000e+00  1.202503e+02
     vertex -5.488685e+01 -2.500000e+00  1.202523e+02
   endloop
 endfacet
 facet normal -0.000000e+00  0.000000e+00  1.000000e+00
   outer loop
     vertex -5.503773e+01  2.500000e+00  1.202503e+02
     vertex -5.496227e+01 -2.500000e+00  1.202503e+02
     vertex -5.496227e+01  2.500000e+00  1.202503e+02
   endloop
 endfacet
 facet normal  0.000000e+00  0.000000e+00  1.000000e+00
   outer loop
     vertex -5.503773e+01  2.500000e+00  1.202503e+02
     vertex -5.503773e+01 -2.500000e+00  1.202503e+02
     vertex -5.496227e+01 -2.500000e+00  1.202503e+02
   endloop
 endfacet
 facet normal  2.743405e-02  0.000000e+00  9.996236e-01
   outer loop
     vertex -5.503773e+01  2.500000e+00  1.202503e+02
     vertex -5.511315e+01 -2.500000e+00  1.202523e+02
     vertex -5.503773e+01 -2.500000e+00  1.202503e+02
   endloop
 endfacet
 facet normal  2.743405e-02  0.000000e+00  9.996236e-01
   outer loop
     vertex -5.511315e+01  2.500000e+00  1.202523e+02
     vertex -5.511315e+01 -2.500000e+00  1.202523e+02
     vertex -5.503773e+01  2.500000e+00  1.202503e+02
   endloop
 endfacet
 facet normal  5.484744e-02  0.000000e+00  9.984947e-01
   outer loop
     vertex -5.511315e+01  2.500000e+00  1.202523e+02
     vertex -5.518848e+01 -2.500000e+00  1.202565e+02
     vertex -5.511315e+01 -2.500000e+00  1.202523e+02
   endloop
 endfacet
 facet normal  5.484744e-02  0.000000e+00  9.984947e-01
   outer loop
     vertex -5.518848e+01  2.500000e+00  1.202565e+02
     vertex -5.518848e+01 -2.500000e+00  1.202565e+02
     vertex -5.511315e+01  2.500000e+00  1.202523e+02
   endloop
 endfacet
 facet normal  8.221955e-02  0.000000e+00  9.966142e-01
   outer loop
     vertex -5.526368e+01  2.500000e+00  1.202627e+02
     vertex -5.518848e+01 -2.500000e+00  1.202565e+02
     vertex -5.518848e+01  2.500000e+00  1.202565e+02
   endloop
 endfacet
 facet normal  8.221955e-02  0.000000e+00  9.966142e-01
   outer loop
     vertex -5.526368e+01  2.500000e+00  1.202627e+02
     vertex -5.526368e+01 -2.500000e+00  1.202627e+02
     vertex -5.518848e+01 -2.500000e+00  1.202565e+02
   endloop
 endfacet
 facet normal  1.095298e-01  0.000000e+00  9.939835e-01
   outer loop
     vertex -5.533868e+01  2.500000e+00  1.202709e+02
     vertex -5.526368e+01 -2.500000e+00  1.202627e+02
     vertex -5.526368e+01  2.500000e+00  1.202627e+02
   endloop
 endfacet
 facet normal  1.095298e-01  0.000000e+00  9.939835e-01
   outer loop
     vertex -5.533868e+01  2.500000e+00  1.202709e+02
     vertex -5.533868e+01 -2.500000e+00  1.202709e+02
     vertex -5.526368e+01 -2.500000e+00  1.202627e+02
   endloop
 endfacet
 facet normal  1.367575e-01  0.000000e+00  9.906046e-01
   outer loop
     vertex -5.533868e+01  2.500000e+00  1.202709e+02
     vertex -5.541342e+01 -2.500000e+00  1.202813e+02
     vertex -5.533868e+01 -2.500000e+00  1.202709e+02
   endloop
 endfacet
 facet normal  1.367575e-01  0.000000e+00  9.906046e-01
   outer loop
     vertex -5.541342e+01  2.500000e+00  1.202813e+02
     vertex -5.541342e+01 -2.500000e+00  1.202813e+02
     vertex -5.533868e+01  2.500000e+00  1.202709e+02
   endloop
 endfacet
 facet normal  1.638824e-01  0.000000e+00  9.864799e-01
   outer loop
     vertex -5.548785e+01  2.500000e+00  1.202936e+02
     vertex -5.541342e+01 -2.500000e+00  1.202813e+02
     vertex -5.541342e+01  2.500000e+00  1.202813e+02
   endloop
 endfacet
 facet normal  1.638824e-01  0.000000e+00  9.864799e-01
   outer loop
     vertex -5.548785e+01  2.500000e+00  1.202936e+02
     vertex -5.548785e+01 -2.500000e+00  1.202936e+02
     vertex -5.541342e+01 -2.500000e+00  1.202813e+02
   endloop
 endfacet
 facet normal  1.908838e-01  0.000000e+00  9.816126e-01
   outer loop
     vertex -5.556191e+01  2.500000e+00  1.203080e+02
     vertex -5.548785e+01 -2.500000e+00  1.202936e+02
     vertex -5.548785e+01  2.500000e+00  1.202936e+02
   endloop
 endfacet
 facet normal  1.908838e-01  0.000000e+00  9.816126e-01
   outer loop
     vertex -5.556191e+01  2.500000e+00  1.203080e+02
     vertex -5.556191e+01 -2.500000e+00  1.203080e+02
     vertex -5.548785e+01 -2.500000e+00  1.202936e+02
   endloop
 endfacet
 facet normal  2.177416e-01  0.000000e+00  9.760065e-01
   outer loop
     vertex -5.556191e+01  2.500000e+00  1.203080e+02
     vertex -5.563555e+01 -2.500000e+00  1.203244e+02
     vertex -5.556191e+01 -2.500000e+00  1.203080e+02
   endloop
 endfacet
 facet normal  2.177416e-01  0.000000e+00  9.760065e-01
   outer loop
     vertex -5.563555e+01  2.500000e+00  1.203244e+02
     vertex -5.563555e+01 -2.500000e+00  1.203244e+02
     vertex -5.556191e+01  2.500000e+00  1.203080e+02
   endloop
 endfacet
 facet normal  2.444354e-01  0.000000e+00  9.696656e-01
   outer loop
     vertex -5.570872e+01  2.500000e+00  1.203429e+02
     vertex -5.570872e+01 -2.500000e+00  1.203429e+02
     vertex -5.563555e+01 -2.500000e+00  1.203244e+02
   endloop
 endfacet
 facet normal  2.709453e-01  0.000000e+00  9.625948e-01
   outer loop
     vertex -5.570872e+01  2.500000e+00  1.203429e+02
     vertex -5.578134e+01 -2.500000e+00  1.203633e+02
     vertex -5.570872e+01 -2.500000e+00  1.203429e+02
   endloop
 endfacet
 facet normal  2.444354e-01  0.000000e+00  9.696656e-01
   outer loop
     vertex -5.570872e+01  2.500000e+00  1.203429e+02
     vertex -5.563555e+01 -2.500000e+00  1.203244e+02
     vertex -5.563555e+01  2.500000e+00  1.203244e+02
   endloop
 endfacet
 facet normal  2.709453e-01  0.000000e+00  9.625948e-01
   outer loop
     vertex -5.578134e+01  2.500000e+00  1.203633e+02
     vertex -5.578134e+01 -2.500000e+00  1.203633e+02
     vertex -5.570872e+01  2.500000e+00  1.203429e+02
   endloop
 endfacet
 facet normal  2.972512e-01  0.000000e+00  9.547993e-01
   outer loop
     vertex -5.585338e+01  2.500000e+00  1.203858e+02
     vertex -5.585338e+01 -2.500000e+00  1.203858e+02
     vertex -5.578134e+01 -2.500000e+00  1.203633e+02
   endloop
 endfacet
 facet normal  3.233333e-01  0.000000e+00  9.462851e-01
   outer loop
     vertex -5.585338e+01  2.500000e+00  1.203858e+02
     vertex -5.592478e+01 -2.500000e+00  1.204102e+02
     vertex -5.585338e+01 -2.500000e+00  1.203858e+02
   endloop
 endfacet
 facet normal  2.972512e-01  0.000000e+00  9.547993e-01
   outer loop
     vertex -5.585338e+01  2.500000e+00  1.203858e+02
     vertex -5.578134e+01 -2.500000e+00  1.203633e+02
     vertex -5.578134e+01  2.500000e+00  1.203633e+02
   endloop
 endfacet
 facet normal  3.233333e-01  0.000000e+00  9.462851e-01
   outer loop
     vertex -5.592478e+01  2.500000e+00  1.204102e+02
     vertex -5.592478e+01 -2.500000e+00  1.204102e+02
     vertex -5.585338e+01  2.500000e+00  1.203858e+02
   endloop
 endfacet
 facet normal  3.491720e-01  0.000000e+00  9.370586e-01
   outer loop
     vertex -5.599548e+01  2.500000e+00  1.204365e+02
     vertex -5.599548e+01 -2.500000e+00  1.204365e+02
     vertex -5.592478e+01 -2.500000e+00  1.204102e+02
   endloop
 endfacet
 facet normal  3.747479e-01  0.000000e+00  9.271267e-01
   outer loop
     vertex -5.599548e+01  2.500000e+00  1.204365e+02
     vertex -5.606544e+01 -2.500000e+00  1.204648e+02
     vertex -5.599548e+01 -2.500000e+00  1.204365e+02
   endloop
 endfacet
 facet normal  3.491720e-01  0.000000e+00  9.370586e-01
   outer loop
     vertex -5.599548e+01  2.500000e+00  1.204365e+02
     vertex -5.592478e+01 -2.500000e+00  1.204102e+02
     vertex -5.592478e+01  2.500000e+00  1.204102e+02
   endloop
 endfacet
 facet normal  3.747479e-01  0.000000e+00  9.271267e-01
   outer loop
     vertex -5.606544e+01  2.500000e+00  1.204648e+02
     vertex -5.606544e+01 -2.500000e+00  1.204648e+02
     vertex -5.599548e+01  2.500000e+00  1.204365e+02
   endloop
 endfacet
 facet normal  4.000417e-01  0.000000e+00  9.164969e-01
   outer loop
     vertex -5.613459e+01  2.500000e+00  1.204950e+02
     vertex -5.613459e+01 -2.500000e+00  1.204950e+02
     vertex -5.606544e+01 -2.500000e+00  1.204648e+02
   endloop
 endfacet
 facet normal  4.000417e-01  0.000000e+00  9.164969e-01
   outer loop
     vertex -5.613459e+01  2.500000e+00  1.204950e+02
     vertex -5.606544e+01 -2.500000e+00  1.204648e+02
     vertex -5.606544e+01  2.500000e+00  1.204648e+02
   endloop
 endfacet
 facet normal  4.250344e-01  0.000000e+00  9.051772e-01
   outer loop
     vertex -5.620288e+01  2.500000e+00  1.205270e+02
     vertex -5.620288e+01 -2.500000e+00  1.205270e+02
     vertex -5.613459e+01 -2.500000e+00  1.204950e+02
   endloop
 endfacet
 facet normal  4.250344e-01  0.000000e+00  9.051772e-01
   outer loop
     vertex -5.620288e+01  2.500000e+00  1.205270e+02
     vertex -5.613459e+01 -2.500000e+00  1.204950e+02
     vertex -5.613459e+01  2.500000e+00  1.204950e+02
   endloop
 endfacet
 facet normal  4.497071e-01  0.000000e+00  8.931761e-01
   outer loop
     vertex -5.627027e+01  2.500000e+00  1.205610e+02
     vertex -5.627027e+01 -2.500000e+00  1.205610e+02
     vertex -5.620288e+01 -2.500000e+00  1.205270e+02
   endloop
 endfacet
 facet normal  4.497071e-01  0.000000e+00  8.931761e-01
   outer loop
     vertex -5.627027e+01  2.500000e+00  1.205610e+02
     vertex -5.620288e+01 -2.500000e+00  1.205270e+02
     vertex -5.620288e+01  2.500000e+00  1.205270e+02
   endloop
 endfacet
 facet normal  4.740412e-01  0.000000e+00  8.805026e-01
   outer loop
     vertex -5.633671e+01  2.500000e+00  1.205967e+02
     vertex -5.633671e+01 -2.500000e+00  1.205967e+02
     vertex -5.627027e+01 -2.500000e+00  1.205610e+02
   endloop
 endfacet
 facet normal  4.980186e-01  0.000000e+00  8.671664e-01
   outer loop
     vertex -5.633671e+01  2.500000e+00  1.205967e+02
     vertex -5.640214e+01 -2.500000e+00  1.206343e+02
     vertex -5.633671e+01 -2.500000e+00  1.205967e+02
   endloop
 endfacet
 facet normal  4.740412e-01  0.000000e+00  8.805026e-01
   outer loop
     vertex -5.633671e+01  2.500000e+00  1.205967e+02
     vertex -5.627027e+01 -2.500000e+00  1.205610e+02
     vertex -5.627027e+01  2.500000e+00  1.205610e+02
   endloop
 endfacet
 facet normal  5.216210e-01  0.000000e+00  8.531773e-01
   outer loop
     vertex -5.640214e+01  2.500000e+00  1.206343e+02
     vertex -5.646651e+01 -2.500000e+00  1.206737e+02
     vertex -5.640214e+01 -2.500000e+00  1.206343e+02
   endloop
 endfacet
 facet normal  4.980186e-01  0.000000e+00  8.671664e-01
   outer loop
     vertex -5.640214e+01  2.500000e+00  1.206343e+02
     vertex -5.640214e+01 -2.500000e+00  1.206343e+02
     vertex -5.633671e+01  2.500000e+00  1.205967e+02
   endloop
 endfacet
 facet normal  5.216210e-01  0.000000e+00  8.531773e-01
   outer loop
     vertex -5.646651e+01  2.500000e+00  1.206737e+02
     vertex -5.646651e+01 -2.500000e+00  1.206737e+02
     vertex -5.640214e+01  2.500000e+00  1.206343e+02
   endloop
 endfacet
 facet normal  5.448308e-01  0.000000e+00  8.385460e-01
   outer loop
     vertex -5.652978e+01  2.500000e+00  1.207148e+02
     vertex -5.646651e+01 -2.500000e+00  1.206737e+02
     vertex -5.646651e+01  2.500000e+00  1.206737e+02
   endloop
 endfacet
 facet normal  5.448308e-01  0.000000e+00  8.385460e-01
   outer loop
     vertex -5.652978e+01  2.500000e+00  1.207148e+02
     vertex -5.652978e+01 -2.500000e+00  1.207148e+02
     vertex -5.646651e+01 -2.500000e+00  1.206737e+02
   endloop
 endfacet
 facet normal  5.676304e-01  0.000000e+00  8.232835e-01
   outer loop
     vertex -5.652978e+01  2.500000e+00  1.207148e+02
     vertex -5.659190e+01 -2.500000e+00  1.207576e+02
     vertex -5.652978e+01 -2.500000e+00  1.207148e+02
   endloop
 endfacet
 facet normal  5.676304e-01  0.000000e+00  8.232835e-01
   outer loop
     vertex -5.659190e+01  2.500000e+00  1.207576e+02
     vertex -5.659190e+01 -2.500000e+00  1.207576e+02
     vertex -5.652978e+01  2.500000e+00  1.207148e+02
   endloop
 endfacet
 facet normal  5.900028e-01  0.000000e+00  8.074012e-01
   outer loop
     vertex -5.665281e+01  2.500000e+00  1.208021e+02
     vertex -5.659190e+01 -2.500000e+00  1.207576e+02
     vertex -5.659190e+01  2.500000e+00  1.207576e+02
   endloop
 endfacet
 facet normal  5.900028e-01  0.000000e+00  8.074012e-01
   outer loop
     vertex -5.665281e+01  2.500000e+00  1.208021e+02
     vertex -5.665281e+01 -2.500000e+00  1.208021e+02
     vertex -5.659190e+01 -2.500000e+00  1.207576e+02
   endloop
 endfacet
 facet normal  6.119310e-01  0.000000e+00  7.909112e-01
   outer loop
     vertex -5.671249e+01  2.500000e+00  1.208483e+02
     vertex -5.665281e+01 -2.500000e+00  1.208021e+02
     vertex -5.665281e+01  2.500000e+00  1.208021e+02
   endloop
 endfacet
 facet normal  6.119310e-01  0.000000e+00  7.909112e-01
   outer loop
     vertex -5.671249e+01  2.500000e+00  1.208483e+02
     vertex -5.671249e+01 -2.500000e+00  1.208483e+02
     vertex -5.665281e+01 -2.500000e+00  1.208021e+02
   endloop
 endfacet
 facet normal  6.333986e-01  0.000000e+00  7.738257e-01
   outer loop
     vertex -5.677088e+01  2.500000e+00  1.208961e+02
     vertex -5.671249e+01 -2.500000e+00  1.208483e+02
     vertex -5.671249e+01  2.500000e+00  1.208483e+02
   endloop
 endfacet
 facet normal  6.333986e-01  0.000000e+00  7.738257e-01
   outer loop
     vertex -5.677088e+01  2.500000e+00  1.208961e+02
     vertex -5.677088e+01 -2.500000e+00  1.208961e+02
     vertex -5.671249e+01 -2.500000e+00  1.208483e+02
   endloop
 endfacet
 facet normal  6.543893e-01  0.000000e+00  7.561578e-01
   outer loop
     vertex -5.682793e+01  2.500000e+00  1.209454e+02
     vertex -5.677088e+01 -2.500000e+00  1.208961e+02
     vertex -5.677088e+01  2.500000e+00  1.208961e+02
   endloop
 endfacet
 facet normal  6.543893e-01  0.000000e+00  7.561578e-01
   outer loop
     vertex -5.682793e+01  2.500000e+00  1.209454e+02
     vertex -5.682793e+01 -2.500000e+00  1.209454e+02
     vertex -5.677088e+01 -2.500000e+00  1.208961e+02
   endloop
 endfacet
 facet normal  6.748875e-01  0.000000e+00  7.379206e-01
   outer loop
     vertex -5.682793e+01  2.500000e+00  1.209454e+02
     vertex -5.688360e+01 -2.500000e+00  1.209964e+02
     vertex -5.682793e+01 -2.500000e+00  1.209454e+02
   endloop
 endfacet
 facet normal  6.748875e-01  0.000000e+00  7.379206e-01
   outer loop
     vertex -5.688360e+01  2.500000e+00  1.209964e+02
     vertex -5.688360e+01 -2.500000e+00  1.209964e+02
     vertex -5.682793e+01  2.500000e+00  1.209454e+02
   endloop
 endfacet
 facet normal  6.948776e-01  0.000000e+00  7.191280e-01
   outer loop
     vertex -5.693786e+01  2.500000e+00  1.210488e+02
     vertex -5.688360e+01 -2.500000e+00  1.209964e+02
     vertex -5.688360e+01  2.500000e+00  1.209964e+02
   endloop
 endfacet
 facet normal  6.948776e-01  0.000000e+00  7.191280e-01
   outer loop
     vertex -5.693786e+01  2.500000e+00  1.210488e+02
     vertex -5.693786e+01 -2.500000e+00  1.210488e+02
     vertex -5.688360e+01 -2.500000e+00  1.209964e+02
   endloop
 endfacet
 facet normal  7.143447e-01  0.000000e+00  6.997940e-01
   outer loop
     vertex -5.699066e+01  2.500000e+00  1.211027e+02
     vertex -5.693786e+01 -2.500000e+00  1.210488e+02
     vertex -5.693786e+01  2.500000e+00  1.210488e+02
   endloop
 endfacet
 facet normal  7.143447e-01  0.000000e+00  6.997940e-01
   outer loop
     vertex -5.699066e+01  2.500000e+00  1.211027e+02
     vertex -5.699066e+01 -2.500000e+00  1.211027e+02
     vertex -5.693786e+01 -2.500000e+00  1.210488e+02
   endloop
 endfacet
 facet normal  7.332740e-01  0.000000e+00  6.799333e-01
   outer loop
     vertex -5.699066e+01  2.500000e+00  1.211027e+02
     vertex -5.704196e+01 -2.500000e+00  1.211580e+02
     vertex -5.699066e+01 -2.500000e+00  1.211027e+02
   endloop
 endfacet
 facet normal  7.332740e-01  0.000000e+00  6.799333e-01
   outer loop
     vertex -5.704196e+01  2.500000e+00  1.211580e+02
     vertex -5.704196e+01 -2.500000e+00  1.211580e+02
     vertex -5.699066e+01  2.500000e+00  1.211027e+02
   endloop
 endfacet
 facet normal  7.516513e-01  0.000000e+00  6.595607e-01
   outer loop
     vertex -5.704196e+01  2.500000e+00  1.211580e+02
     vertex -5.709173e+01 -2.500000e+00  1.212147e+02
     vertex -5.704196e+01 -2.500000e+00  1.211580e+02
   endloop
 endfacet
 facet normal  7.516513e-01  0.000000e+00  6.595607e-01
   outer loop
     vertex -5.709173e+01  2.500000e+00  1.212147e+02
     vertex -5.709173e+01 -2.500000e+00  1.212147e+02
     vertex -5.704196e+01  2.500000e+00  1.211580e+02
   endloop
 endfacet
 facet normal  7.694628e-01  0.000000e+00  6.386916e-01
   outer loop
     vertex -5.713992e+01  2.500000e+00  1.212728e+02
     vertex -5.709173e+01 -2.500000e+00  1.212147e+02
     vertex -5.709173e+01  2.500000e+00  1.212147e+02
   endloop
 endfacet
 facet normal  7.694628e-01  0.000000e+00  6.386916e-01
   outer loop
     vertex -5.713992e+01  2.500000e+00  1.212728e+02
     vertex -5.713992e+01 -2.500000e+00  1.212728e+02
     vertex -5.709173e+01 -2.500000e+00  1.212147e+02
   endloop
 endfacet
 facet normal  7.866951e-01  0.000000e+00  6.173417e-01
   outer loop
     vertex -5.718650e+01  2.500000e+00  1.213321e+02
     vertex -5.713992e+01 -2.500000e+00  1.212728e+02
     vertex -5.713992e+01  2.500000e+00  1.212728e+02
   endloop
 endfacet
 facet normal  7.866951e-01  0.000000e+00  6.173417e-01
   outer loop
     vertex -5.718650e+01  2.500000e+00  1.213321e+02
     vertex -5.718650e+01 -2.500000e+00  1.213321e+02
     vertex -5.713992e+01 -2.500000e+00  1.212728e+02
   endloop
 endfacet
 facet normal  8.033352e-01  0.000000e+00  5.955271e-01
   outer loop
     vertex -5.723143e+01  2.500000e+00  1.213928e+02
     vertex -5.718650e+01 -2.500000e+00  1.213321e+02
     vertex -5.718650e+01  2.500000e+00  1.213321e+02
   endloop
 endfacet
 facet normal  8.033352e-01  0.000000e+00  5.955271e-01
   outer loop
     vertex -5.723143e+01  2.500000e+00  1.213928e+02
     vertex -5.723143e+01 -2.500000e+00  1.213928e+02
     vertex -5.718650e+01 -2.500000e+00  1.213321e+02
   endloop
 endfacet
 facet normal  8.193706e-01  0.000000e+00  5.732642e-01
   outer loop
     vertex -5.727468e+01  2.500000e+00  1.214546e+02
     vertex -5.723143e+01 -2.500000e+00  1.213928e+02
     vertex -5.723143e+01  2.500000e+00  1.213928e+02
   endloop
 endfacet
 facet normal  8.193706e-01  0.000000e+00  5.732642e-01
   outer loop
     vertex -5.727468e+01  2.500000e+00  1.214546e+02
     vertex -5.727468e+01 -2.500000e+00  1.214546e+02
     vertex -5.723143e+01 -2.500000e+00  1.213928e+02
   endloop
 endfacet
 facet normal  8.347891e-01  0.000000e+00  5.505698e-01
   outer loop
     vertex -5.731622e+01  2.500000e+00  1.215176e+02
     vertex -5.727468e+01 -2.500000e+00  1.214546e+02
     vertex -5.727468e+01  2.500000e+00  1.214546e+02
   endloop
 endfacet
 facet normal  8.347891e-01  0.000000e+00  5.505698e-01
   outer loop
     vertex -5.731622e+01  2.500000e+00  1.215176e+02
     vertex -5.731622e+01 -2.500000e+00  1.215176e+02
     vertex -5.727468e+01 -2.500000e+00  1.214546e+02
   endloop
 endfacet
 facet normal  8.495793e-01  0.000000e+00  5.274609e-01
   outer loop
     vertex -5.735602e+01  2.500000e+00  1.215817e+02
     vertex -5.731622e+01 -2.500000e+00  1.215176e+02
     vertex -5.731622e+01  2.500000e+00  1.215176e+02
   endloop
 endfacet
 facet normal  8.495793e-01  0.000000e+00  5.274609e-01
   outer loop
     vertex -5.735602e+01  2.500000e+00  1.215817e+02
     vertex -5.735602e+01 -2.500000e+00  1.215817e+02
     vertex -5.731622e+01 -2.500000e+00  1.215176e+02
   endloop
 endfacet
 facet normal  8.637299e-01  0.000000e+00  5.039550e-01
   outer loop
     vertex -5.735602e+01  2.500000e+00  1.215817e+02
     vertex -5.739405e+01 -2.500000e+00  1.216468e+02
     vertex -5.735602e+01 -2.500000e+00  1.215817e+02
   endloop
 endfacet
 facet normal  8.637299e-01  0.000000e+00  5.039550e-01
   outer loop
     vertex -5.739405e+01  2.500000e+00  1.216468e+02
     vertex -5.739405e+01 -2.500000e+00  1.216468e+02
     vertex -5.735602e+01  2.500000e+00  1.215817e+02
   endloop
 endfacet
 facet normal  8.772303e-01  0.000000e+00  4.800697e-01
   outer loop
     vertex -5.743027e+01  2.500000e+00  1.217130e+02
     vertex -5.739405e+01 -2.500000e+00  1.216468e+02
     vertex -5.739405e+01  2.500000e+00  1.216468e+02
   endloop
 endfacet
 facet normal  8.772303e-01  0.000000e+00  4.800697e-01
   outer loop
     vertex -5.743027e+01  2.500000e+00  1.217130e+02
     vertex -5.743027e+01 -2.500000e+00  1.217130e+02
     vertex -5.739405e+01 -2.500000e+00  1.216468e+02
   endloop
 endfacet
 facet normal  8.900704e-01  0.000000e+00  4.558231e-01
   outer loop
     vertex -5.746466e+01  2.500000e+00  1.217802e+02
     vertex -5.743027e+01 -2.500000e+00  1.217130e+02
     vertex -5.743027e+01  2.500000e+00  1.217130e+02
   endloop
 endfacet
 facet normal  8.900704e-01  0.000000e+00  4.558231e-01
   outer loop
     vertex -5.746466e+01  2.500000e+00  1.217802e+02
     vertex -5.746466e+01 -2.500000e+00  1.217802e+02
     vertex -5.743027e+01 -2.500000e+00  1.217130e+02
   endloop
 endfacet
 facet normal  9.022405e-01  0.000000e+00  4.312333e-01
   outer loop
     vertex -5.746466e+01  2.500000e+00  1.217802e+02
     vertex -5.749720e+01 -2.500000e+00  1.218483e+02
     vertex -5.746466e+01 -2.500000e+00  1.217802e+02
   endloop
 endfacet
 facet normal  9.022405e-01  0.000000e+00  4.312333e-01
   outer loop
     vertex -5.749720e+01  2.500000e+00  1.218483e+02
     vertex -5.749720e+01 -2.500000e+00  1.218483e+02
     vertex -5.746466e+01  2.500000e+00  1.217802e+02
   endloop
 endfacet
 facet normal  9.137314e-01  0.000000e+00  4.063188e-01
   outer loop
     vertex -5.752785e+01  2.500000e+00  1.219172e+02
     vertex -5.749720e+01 -2.500000e+00  1.218483e+02
     vertex -5.749720e+01  2.500000e+00  1.218483e+02
   endloop
 endfacet
 facet normal  9.137314e-01  0.000000e+00  4.063188e-01
   outer loop
     vertex -5.752785e+01  2.500000e+00  1.219172e+02
     vertex -5.752785e+01 -2.500000e+00  1.219172e+02
     vertex -5.749720e+01 -2.500000e+00  1.218483e+02
   endloop
 endfacet
 facet normal  9.245344e-01  0.000000e+00  3.810986e-01
   outer loop
     vertex -5.755661e+01  2.500000e+00  1.219870e+02
     vertex -5.755661e+01 -2.500000e+00  1.219870e+02
     vertex -5.752785e+01 -2.500000e+00  1.219172e+02
   endloop
 endfacet
 facet normal  9.245344e-01  0.000000e+00  3.810986e-01
   outer loop
     vertex -5.755661e+01  2.500000e+00  1.219870e+02
     vertex -5.752785e+01 -2.500000e+00  1.219172e+02
     vertex -5.752785e+01  2.500000e+00  1.219172e+02
   endloop
 endfacet
 facet normal  9.346415e-01  0.000000e+00  3.555914e-01
   outer loop
     vertex -5.758344e+01  2.500000e+00  1.220575e+02
     vertex -5.758344e+01 -2.500000e+00  1.220575e+02
     vertex -5.755661e+01 -2.500000e+00  1.219870e+02
   endloop
 endfacet
 facet normal  9.346415e-01  0.000000e+00  3.555914e-01
   outer loop
     vertex -5.758344e+01  2.500000e+00  1.220575e+02
     vertex -5.755661e+01 -2.500000e+00  1.219870e+02
     vertex -5.755661e+01  2.500000e+00  1.219870e+02
   endloop
 endfacet
 facet normal  9.440450e-01  0.000000e+00  3.298166e-01
   outer loop
     vertex -5.760832e+01  2.500000e+00  1.221287e+02
     vertex -5.760832e+01 -2.500000e+00  1.221287e+02
     vertex -5.758344e+01 -2.500000e+00  1.220575e+02
   endloop
 endfacet
 facet normal  9.440450e-01  0.000000e+00  3.298166e-01
   outer loop
     vertex -5.760832e+01  2.500000e+00  1.221287e+02
     vertex -5.758344e+01 -2.500000e+00  1.220575e+02
     vertex -5.758344e+01  2.500000e+00  1.220575e+02
   endloop
 endfacet
 facet normal  9.527379e-01  0.000000e+00  3.037934e-01
   outer loop
     vertex -5.763124e+01  2.500000e+00  1.222006e+02
     vertex -5.763124e+01 -2.500000e+00  1.222006e+02
     vertex -5.760832e+01 -2.500000e+00  1.221287e+02
   endloop
 endfacet
 facet normal  9.527379e-01  0.000000e+00  3.037934e-01
   outer loop
     vertex -5.763124e+01  2.500000e+00  1.222006e+02
     vertex -5.760832e+01 -2.500000e+00  1.221287e+02
     vertex -5.760832e+01  2.500000e+00  1.221287e+02
   endloop
 endfacet
 facet normal  9.607136e-01  0.000000e+00  2.775416e-01
   outer loop
     vertex -5.765218e+01  2.500000e+00  1.222731e+02
     vertex -5.763124e+01 -2.500000e+00  1.222006e+02
     vertex -5.763124e+01  2.500000e+00  1.222006e+02
   endloop
 endfacet
 facet normal  9.607136e-01  0.000000e+00  2.775416e-01
   outer loop
     vertex -5.765218e+01  2.500000e+00  1.222731e+02
     vertex -5.765218e+01 -2.500000e+00  1.222731e+02
     vertex -5.763124e+01 -2.500000e+00  1.222006e+02
   endloop
 endfacet
 facet normal  9.679661e-01  0.000000e+00  2.510809e-01
   outer loop
     vertex -5.767113e+01  2.500000e+00  1.223461e+02
     vertex -5.765218e+01 -2.500000e+00  1.222731e+02
     vertex -5.765218e+01  2.500000e+00  1.222731e+02
   endloop
 endfacet
 facet normal  9.679661e-01  0.000000e+00  2.510809e-01
   outer loop
     vertex -5.767113e+01  2.500000e+00  1.223461e+02
     vertex -5.767113e+01 -2.500000e+00  1.223461e+02
     vertex -5.765218e+01 -2.500000e+00  1.222731e+02
   endloop
 endfacet
 facet normal  9.744899e-01  0.000000e+00  2.244312e-01
   outer loop
     vertex -5.768806e+01  2.500000e+00  1.224196e+02
     vertex -5.767113e+01 -2.500000e+00  1.223461e+02
     vertex -5.767113e+01  2.500000e+00  1.223461e+02
   endloop
 endfacet
 facet normal  9.744899e-01  0.000000e+00  2.244312e-01
   outer loop
     vertex -5.768806e+01  2.500000e+00  1.224196e+02
     vertex -5.768806e+01 -2.500000e+00  1.224196e+02
     vertex -5.767113e+01 -2.500000e+00  1.223461e+02
   endloop
 endfacet
 facet normal  9.802802e-01  0.000000e+00  1.976125e-01
   outer loop
     vertex -5.770297e+01  2.500000e+00  1.224936e+02
     vertex -5.768806e+01 -2.500000e+00  1.224196e+02
     vertex -5.768806e+01  2.500000e+00  1.224196e+02
   endloop
 endfacet
 facet normal  9.802802e-01  0.000000e+00  1.976125e-01
   outer loop
     vertex -5.770297e+01  2.500000e+00  1.224936e+02
     vertex -5.770297e+01 -2.500000e+00  1.224936e+02
     vertex -5.768806e+01 -2.500000e+00  1.224196e+02
   endloop
 endfacet
 facet normal  9.853326e-01  0.000000e+00  1.706451e-01
   outer loop
     vertex -5.771585e+01  2.500000e+00  1.225679e+02
     vertex -5.770297e+01 -2.500000e+00  1.224936e+02
     vertex -5.770297e+01  2.500000e+00  1.224936e+02
   endloop
 endfacet
 facet normal  9.853326e-01  0.000000e+00  1.706451e-01
   outer loop
     vertex -5.771585e+01  2.500000e+00  1.225679e+02
     vertex -5.771585e+01 -2.500000e+00  1.225679e+02
     vertex -5.770297e+01 -2.500000e+00  1.224936e+02
   endloop
 endfacet
 facet normal  9.896432e-01  0.000000e+00  1.435492e-01
   outer loop
     vertex -5.772668e+01  2.500000e+00  1.226426e+02
     vertex -5.771585e+01 -2.500000e+00  1.225679e+02
     vertex -5.771585e+01  2.500000e+00  1.225679e+02
   endloop
 endfacet
 facet normal  9.896432e-01  0.000000e+00  1.435492e-01
   outer loop
     vertex -5.772668e+01  2.500000e+00  1.226426e+02
     vertex -5.772668e+01 -2.500000e+00  1.226426e+02
     vertex -5.771585e+01 -2.500000e+00  1.225679e+02
   endloop
 endfacet
 facet normal  9.932088e-01  0.000000e+00  1.163452e-01
   outer loop
     vertex -5.773546e+01  2.500000e+00  1.227175e+02
     vertex -5.772668e+01 -2.500000e+00  1.226426e+02
     vertex -5.772668e+01  2.500000e+00  1.226426e+02
   endloop
 endfacet
 facet normal  9.932088e-01  0.000000e+00  1.163452e-01
   outer loop
     vertex -5.773546e+01  2.500000e+00  1.227175e+02
     vertex -5.773546e+01 -2.500000e+00  1.227175e+02
     vertex -5.772668e+01 -2.500000e+00  1.226426e+02
   endloop
 endfacet
 facet normal  9.960268e-01  0.000000e+00  8.905371e-02
   outer loop
     vertex -5.774218e+01  2.500000e+00  1.227927e+02
     vertex -5.773546e+01 -2.500000e+00  1.227175e+02
     vertex -5.773546e+01  2.500000e+00  1.227175e+02
   endloop
 endfacet
 facet normal  9.960268e-01  0.000000e+00  8.905371e-02
   outer loop
     vertex -5.774218e+01  2.500000e+00  1.227927e+02
     vertex -5.774218e+01 -2.500000e+00  1.227927e+02
     vertex -5.773546e+01 -2.500000e+00  1.227175e+02
   endloop
 endfacet
 facet normal  9.980950e-01  0.000000e+00  6.169515e-02
   outer loop
     vertex -5.774683e+01  2.500000e+00  1.228680e+02
     vertex -5.774218e+01 -2.500000e+00  1.227927e+02
     vertex -5.774218e+01  2.500000e+00  1.227927e+02
   endloop
 endfacet
 facet normal  9.980950e-01  0.000000e+00  6.169515e-02
   outer loop
     vertex -5.774683e+01  2.500000e+00  1.228680e+02
     vertex -5.774683e+01 -2.500000e+00  1.228680e+02
     vertex -5.774218e+01 -2.500000e+00  1.227927e+02
   endloop
 endfacet
 facet normal  9.994119e-01  0.000000e+00  3.429014e-02
   outer loop
     vertex -5.774942e+01  2.500000e+00  1.229434e+02
     vertex -5.774683e+01 -2.500000e+00  1.228680e+02
     vertex -5.774683e+01  2.500000e+00  1.228680e+02
   endloop
 endfacet
 facet normal  9.994119e-01  0.000000e+00  3.429014e-02
   outer loop
     vertex -5.774942e+01  2.500000e+00  1.229434e+02
     vertex -5.774942e+01 -2.500000e+00  1.229434e+02
     vertex -5.774683e+01 -2.500000e+00  1.228680e+02
   endloop
 endfacet
 facet normal  9.999765e-01  0.000000e+00  6.859319e-03
   outer loop
     vertex -5.774942e+01  2.500000e+00  1.229434e+02
     vertex -5.774994e+01 -2.500000e+00  1.230189e+02
     vertex -5.774942e+01 -2.500000e+00  1.229434e+02
   endloop
 endfacet
 facet normal  9.999765e-01  0.000000e+00  6.859319e-03
   outer loop
     vertex -5.774994e+01  2.500000e+00  1.230189e+02
     vertex -5.774994e+01 -2.500000e+00  1.230189e+02
     vertex -5.774942e+01  2.500000e+00  1.229434e+02
   endloop
 endfacet
 facet normal  9.997883e-01  0.000000e+00 -2.057667e-02
   outer loop
     vertex -5.774994e+01  2.500000e+00  1.230189e+02
     vertex -5.774838e+01 -2.500000e+00  1.230943e+02
     vertex -5.774994e+01 -2.500000e+00  1.230189e+02
   endloop
 endfacet
 facet normal  9.997883e-01  0.000000e+00 -2.057667e-02
   outer loop
     vertex -5.774838e+01  2.500000e+00  1.230943e+02
     vertex -5.774838e+01 -2.500000e+00  1.230943e+02
     vertex -5.774994e+01  2.500000e+00  1.230189e+02
   endloop
 endfacet
 facet normal  9.988475e-01  0.000000e+00 -4.799716e-02
   outer loop
     vertex -5.774476e+01  2.500000e+00  1.231697e+02
     vertex -5.774476e+01 -2.500000e+00  1.231697e+02
     vertex -5.774838e+01 -2.500000e+00  1.230943e+02
   endloop
 endfacet
 facet normal  9.988475e-01  0.000000e+00 -4.799716e-02
   outer loop
     vertex -5.774476e+01  2.500000e+00  1.231697e+02
     vertex -5.774838e+01 -2.500000e+00  1.230943e+02
     vertex -5.774838e+01  2.500000e+00  1.230943e+02
   endloop
 endfacet
 facet normal  9.971548e-01  0.000000e+00 -7.538152e-02
   outer loop
     vertex -5.773907e+01  2.500000e+00  1.232449e+02
     vertex -5.773907e+01 -2.500000e+00  1.232449e+02
     vertex -5.774476e+01 -2.500000e+00  1.231697e+02
   endloop
 endfacet
 facet normal  9.971548e-01  0.000000e+00 -7.538152e-02
   outer loop
     vertex -5.773907e+01  2.500000e+00  1.232449e+02
     vertex -5.774476e+01 -2.500000e+00  1.231697e+02
     vertex -5.774476e+01  2.500000e+00  1.231697e+02
   endloop
 endfacet
 facet normal  9.947114e-01  0.000000e+00 -1.027091e-01
   outer loop
     vertex -5.773132e+01  2.500000e+00  1.233199e+02
     vertex -5.773132e+01 -2.500000e+00  1.233199e+02
     vertex -5.773907e+01 -2.500000e+00  1.232449e+02
   endloop
 endfacet
 facet normal  9.947114e-01  0.000000e+00 -1.027091e-01
   outer loop
     vertex -5.773132e+01  2.500000e+00  1.233199e+02
     vertex -5.773907e+01 -2.500000e+00  1.232449e+02
     vertex -5.773907e+01  2.500000e+00  1.232449e+02
   endloop
 endfacet
 facet normal  9.915193e-01  0.000000e+00 -1.299594e-01
   outer loop
     vertex -5.772152e+01  2.500000e+00  1.233948e+02
     vertex -5.772152e+01 -2.500000e+00  1.233948e+02
     vertex -5.773132e+01 -2.500000e+00  1.233199e+02
   endloop
 endfacet
 facet normal  9.915193e-01  0.000000e+00 -1.299594e-01
   outer loop
     vertex -5.772152e+01  2.500000e+00  1.233948e+02
     vertex -5.773132e+01 -2.500000e+00  1.233199e+02
     vertex -5.773132e+01  2.500000e+00  1.233199e+02
   endloop
 endfacet
 facet normal  9.875808e-01  0.000000e+00 -1.571119e-01
   outer loop
     vertex -5.770966e+01  2.500000e+00  1.234693e+02
     vertex -5.770966e+01 -2.500000e+00  1.234693e+02
     vertex -5.772152e+01 -2.500000e+00  1.233948e+02
   endloop
 endfacet
 facet normal  9.875808e-01  0.000000e+00 -1.571119e-01
   outer loop
     vertex -5.770966e+01  2.500000e+00  1.234693e+02
     vertex -5.772152e+01 -2.500000e+00  1.233948e+02
     vertex -5.772152e+01  2.500000e+00  1.233948e+02
   endloop
 endfacet
 facet normal  9.828989e-01  0.000000e+00 -1.841461e-01
   outer loop
     vertex -5.769577e+01  2.500000e+00  1.235434e+02
     vertex -5.769577e+01 -2.500000e+00  1.235434e+02
     vertex -5.770966e+01 -2.500000e+00  1.234693e+02
   endloop
 endfacet
 facet normal  9.828989e-01  0.000000e+00 -1.841461e-01
   outer loop
     vertex -5.769577e+01  2.500000e+00  1.235434e+02
     vertex -5.770966e+01 -2.500000e+00  1.234693e+02
     vertex -5.770966e+01  2.500000e+00  1.234693e+02
   endloop
 endfacet
 facet normal  9.774771e-01  0.000000e+00 -2.110417e-01
   outer loop
     vertex -5.767985e+01  2.500000e+00  1.236172e+02
     vertex -5.767985e+01 -2.500000e+00  1.236172e+02
     vertex -5.769577e+01 -2.500000e+00  1.235434e+02
   endloop
 endfacet
 facet normal  9.774771e-01  0.000000e+00 -2.110417e-01
   outer loop
     vertex -5.767985e+01  2.500000e+00  1.236172e+02
     vertex -5.769577e+01 -2.500000e+00  1.235434e+02
     vertex -5.769577e+01  2.500000e+00  1.235434e+02
   endloop
 endfacet
 facet normal  9.713194e-01  0.000000e+00 -2.377784e-01
   outer loop
     vertex -5.766191e+01  2.500000e+00  1.236905e+02
     vertex -5.766191e+01 -2.500000e+00  1.236905e+02
     vertex -5.767985e+01 -2.500000e+00  1.236172e+02
   endloop
 endfacet
 facet normal  9.713194e-01  0.000000e+00 -2.377784e-01
   outer loop
     vertex -5.766191e+01  2.500000e+00  1.236905e+02
     vertex -5.767985e+01 -2.500000e+00  1.236172e+02
     vertex -5.767985e+01  2.500000e+00  1.236172e+02
   endloop
 endfacet
 facet normal  9.644306e-01  0.000000e+00 -2.643362e-01
   outer loop
     vertex -5.764196e+01  2.500000e+00  1.237632e+02
     vertex -5.764196e+01 -2.500000e+00  1.237632e+02
     vertex -5.766191e+01 -2.500000e+00  1.236905e+02
   endloop
 endfacet
 facet normal  9.644306e-01  0.000000e+00 -2.643362e-01
   outer loop
     vertex -5.764196e+01  2.500000e+00  1.237632e+02
     vertex -5.766191e+01 -2.500000e+00  1.236905e+02
     vertex -5.766191e+01  2.500000e+00  1.236905e+02
   endloop
 endfacet
 facet normal  9.568158e-01  0.000000e+00 -2.906949e-01
   outer loop
     vertex -5.762003e+01  2.500000e+00  1.238354e+02
     vertex -5.762003e+01 -2.500000e+00  1.238354e+02
     vertex -5.764196e+01 -2.500000e+00  1.237632e+02
   endloop
 endfacet
 facet normal  9.568158e-01  0.000000e+00 -2.906949e-01
   outer loop
     vertex -5.762003e+01  2.500000e+00  1.238354e+02
     vertex -5.764196e+01 -2.500000e+00  1.237632e+02
     vertex -5.764196e+01  2.500000e+00  1.237632e+02
   endloop
 endfacet
 facet normal  9.484807e-01  0.000000e+00 -3.168348e-01
   outer loop
     vertex -5.759612e+01  2.500000e+00  1.239070e+02
     vertex -5.759612e+01 -2.500000e+00  1.239070e+02
     vertex -5.762003e+01 -2.500000e+00  1.238354e+02
   endloop
 endfacet
 facet normal  9.394317e-01  0.000000e+00 -3.427362e-01
   outer loop
     vertex -5.759612e+01  2.500000e+00  1.239070e+02
     vertex -5.757026e+01 -2.500000e+00  1.239779e+02
     vertex -5.759612e+01 -2.500000e+00  1.239070e+02
   endloop
 endfacet
 facet normal  9.484807e-01  0.000000e+00 -3.168348e-01
   outer loop
     vertex -5.759612e+01  2.500000e+00  1.239070e+02
     vertex -5.762003e+01 -2.500000e+00  1.238354e+02
     vertex -5.762003e+01  2.500000e+00  1.238354e+02
   endloop
 endfacet
 facet normal  9.296754e-01  0.000000e+00 -3.683796e-01
   outer loop
     vertex -5.757026e+01  2.500000e+00  1.239779e+02
     vertex -5.754247e+01 -2.500000e+00  1.240480e+02
     vertex -5.757026e+01 -2.500000e+00  1.239779e+02
   endloop
 endfacet
 facet normal  9.394317e-01  0.000000e+00 -3.427362e-01
   outer loop
     vertex -5.757026e+01  2.500000e+00  1.239779e+02
     vertex -5.757026e+01 -2.500000e+00  1.239779e+02
     vertex -5.759612e+01  2.500000e+00  1.239070e+02
   endloop
 endfacet
 facet normal  9.296754e-01  0.000000e+00 -3.683796e-01
   outer loop
     vertex -5.754247e+01  2.500000e+00  1.240480e+02
     vertex -5.754247e+01 -2.500000e+00  1.240480e+02
     vertex -5.757026e+01  2.500000e+00  1.239779e+02
   endloop
 endfacet
 facet normal  9.192194e-01  0.000000e+00 -3.937458e-01
   outer loop
     vertex -5.751276e+01  2.500000e+00  1.241174e+02
     vertex -5.754247e+01 -2.500000e+00  1.240480e+02
     vertex -5.754247e+01  2.500000e+00  1.240480e+02
   endloop
 endfacet
 facet normal  9.192194e-01  0.000000e+00 -3.937458e-01
   outer loop
     vertex -5.751276e+01  2.500000e+00  1.241174e+02
     vertex -5.751276e+01 -2.500000e+00  1.241174e+02
     vertex -5.754247e+01 -2.500000e+00  1.240480e+02
   endloop
 endfacet
 facet normal  9.080714e-01  0.000000e+00 -4.188155e-01
   outer loop
     vertex -5.751276e+01  2.500000e+00  1.241174e+02
     vertex -5.748116e+01 -2.500000e+00  1.241859e+02
     vertex -5.751276e+01 -2.500000e+00  1.241174e+02
   endloop
 endfacet
 facet normal  9.080714e-01  0.000000e+00 -4.188155e-01
   outer loop
     vertex -5.748116e+01  2.500000e+00  1.241859e+02
     vertex -5.748116e+01 -2.500000e+00  1.241859e+02
     vertex -5.751276e+01  2.500000e+00  1.241174e+02
   endloop
 endfacet
 facet normal  8.962398e-01  0.000000e+00 -4.435699e-01
   outer loop
     vertex -5.744769e+01  2.500000e+00  1.242535e+02
     vertex -5.744769e+01 -2.500000e+00  1.242535e+02
     vertex -5.748116e+01 -2.500000e+00  1.241859e+02
   endloop
 endfacet
 facet normal  8.837335e-01  0.000000e+00 -4.679904e-01
   outer loop
     vertex -5.744769e+01  2.500000e+00  1.242535e+02
     vertex -5.741238e+01 -2.500000e+00  1.243202e+02
     vertex -5.744769e+01 -2.500000e+00  1.242535e+02
   endloop
 endfacet
 facet normal  8.962398e-01  0.000000e+00 -4.435699e-01
   outer loop
     vertex -5.744769e+01  2.500000e+00  1.242535e+02
     vertex -5.748116e+01 -2.500000e+00  1.241859e+02
     vertex -5.748116e+01  2.500000e+00  1.241859e+02
   endloop
 endfacet
 facet normal  8.837335e-01  0.000000e+00 -4.679904e-01
   outer loop
     vertex -5.741238e+01  2.500000e+00  1.243202e+02
     vertex -5.741238e+01 -2.500000e+00  1.243202e+02
     vertex -5.744769e+01  2.500000e+00  1.242535e+02
   endloop
 endfacet
 facet normal  8.705620e-01  0.000000e+00 -4.920587e-01
   outer loop
     vertex -5.737526e+01  2.500000e+00  1.243859e+02
     vertex -5.737526e+01 -2.500000e+00  1.243859e+02
     vertex -5.741238e+01 -2.500000e+00  1.243202e+02
   endloop
 endfacet
 facet normal  8.705620e-01  0.000000e+00 -4.920587e-01
   outer loop
     vertex -5.737526e+01  2.500000e+00  1.243859e+02
     vertex -5.741238e+01 -2.500000e+00  1.243202e+02
     vertex -5.741238e+01  2.500000e+00  1.243202e+02
   endloop
 endfacet
 facet normal  8.567352e-01  0.000000e+00 -5.157565e-01
   outer loop
     vertex -5.737526e+01  2.500000e+00  1.243859e+02
     vertex -5.733634e+01 -2.500000e+00  1.244505e+02
     vertex -5.737526e+01 -2.500000e+00  1.243859e+02
   endloop
 endfacet
 facet normal  8.567352e-01  0.000000e+00 -5.157565e-01
   outer loop
     vertex -5.733634e+01  2.500000e+00  1.244505e+02
     vertex -5.733634e+01 -2.500000e+00  1.244505e+02
     vertex -5.737526e+01  2.500000e+00  1.243859e+02
   endloop
 endfacet
 facet normal  8.422635e-01  0.000000e+00 -5.390661e-01
   outer loop
     vertex -5.733634e+01  2.500000e+00  1.244505e+02
     vertex -5.729567e+01 -2.500000e+00  1.245141e+02
     vertex -5.733634e+01 -2.500000e+00  1.244505e+02
   endloop
 endfacet
 facet normal  8.271577e-01  0.000000e+00 -5.619699e-01
   outer loop
     vertex -5.729567e+01  2.500000e+00  1.245141e+02
     vertex -5.725327e+01 -2.500000e+00  1.245765e+02
     vertex -5.729567e+01 -2.500000e+00  1.245141e+02
   endloop
 endfacet
 facet normal  8.422635e-01  0.000000e+00 -5.390661e-01
   outer loop
     vertex -5.729567e+01  2.500000e+00  1.245141e+02
     vertex -5.729567e+01 -2.500000e+00  1.245141e+02
     vertex -5.733634e+01  2.500000e+00  1.244505e+02
   endloop
 endfacet
 facet normal  8.271577e-01  0.000000e+00 -5.619699e-01
   outer loop
     vertex -5.725327e+01  2.500000e+00  1.245765e+02
     vertex -5.725327e+01 -2.500000e+00  1.245765e+02
     vertex -5.729567e+01  2.500000e+00  1.245141e+02
   endloop
 endfacet
 facet normal  8.114292e-01  0.000000e+00 -5.844507e-01
   outer loop
     vertex -5.720917e+01  2.500000e+00  1.246377e+02
     vertex -5.720917e+01 -2.500000e+00  1.246377e+02
     vertex -5.725327e+01 -2.500000e+00  1.245765e+02
   endloop
 endfacet
 facet normal  7.950900e-01  0.000000e+00 -6.064915e-01
   outer loop
     vertex -5.720917e+01  2.500000e+00  1.246377e+02
     vertex -5.716341e+01 -2.500000e+00  1.246977e+02
     vertex -5.720917e+01 -2.500000e+00  1.246377e+02
   endloop
 endfacet
 facet normal  8.114292e-01  0.000000e+00 -5.844507e-01
   outer loop
     vertex -5.720917e+01  2.500000e+00  1.246377e+02
     vertex -5.725327e+01 -2.500000e+00  1.245765e+02
     vertex -5.725327e+01  2.500000e+00  1.245765e+02
   endloop
 endfacet
 facet normal  7.950900e-01  0.000000e+00 -6.064915e-01
   outer loop
     vertex -5.716341e+01  2.500000e+00  1.246977e+02
     vertex -5.716341e+01 -2.500000e+00  1.246977e+02
     vertex -5.720917e+01  2.500000e+00  1.246377e+02
   endloop
 endfacet
 facet normal  7.781522e-01  0.000000e+00 -6.280757e-01
   outer loop
     vertex -5.711602e+01  2.500000e+00  1.247564e+02
     vertex -5.711602e+01 -2.500000e+00  1.247564e+02
     vertex -5.716341e+01 -2.500000e+00  1.246977e+02
   endloop
 endfacet
 facet normal  7.781522e-01  0.000000e+00 -6.280757e-01
   outer loop
     vertex -5.711602e+01  2.500000e+00  1.247564e+02
     vertex -5.716341e+01 -2.500000e+00  1.246977e+02
     vertex -5.716341e+01  2.500000e+00  1.246977e+02
   endloop
 endfacet
 facet normal  7.606287e-01  0.000000e+00 -6.491872e-01
   outer loop
     vertex -5.706704e+01  2.500000e+00  1.248138e+02
     vertex -5.706704e+01 -2.500000e+00  1.248138e+02
     vertex -5.711602e+01 -2.500000e+00  1.247564e+02
   endloop
 endfacet
 facet normal  7.606287e-01  0.000000e+00 -6.491872e-01
   outer loop
     vertex -5.706704e+01  2.500000e+00  1.248138e+02
     vertex -5.711602e+01 -2.500000e+00  1.247564e+02
     vertex -5.711602e+01  2.500000e+00  1.247564e+02
   endloop
 endfacet
 facet normal  7.425325e-01  0.000000e+00 -6.698100e-01
   outer loop
     vertex -5.701650e+01  2.500000e+00  1.248698e+02
     vertex -5.701650e+01 -2.500000e+00  1.248698e+02
     vertex -5.706704e+01 -2.500000e+00  1.248138e+02
   endloop
 endfacet
 facet normal  7.238775e-01  0.000000e+00 -6.899286e-01
   outer loop
     vertex -5.701650e+01  2.500000e+00  1.248698e+02
     vertex -5.696445e+01 -2.500000e+00  1.249244e+02
     vertex -5.701650e+01 -2.500000e+00  1.248698e+02
   endloop
 endfacet
 facet normal  7.425325e-01  0.000000e+00 -6.698100e-01
   outer loop
     vertex -5.701650e+01  2.500000e+00  1.248698e+02
     vertex -5.706704e+01 -2.500000e+00  1.248138e+02
     vertex -5.706704e+01  2.500000e+00  1.248138e+02
   endloop
 endfacet
 facet normal  7.238775e-01  0.000000e+00 -6.899286e-01
   outer loop
     vertex -5.696445e+01  2.500000e+00  1.249244e+02
     vertex -5.696445e+01 -2.500000e+00  1.249244e+02
     vertex -5.701650e+01  2.500000e+00  1.248698e+02
   endloop
 endfacet
 facet normal  7.046775e-01  0.000000e+00 -7.095278e-01
   outer loop
     vertex -5.691091e+01  2.500000e+00  1.249776e+02
     vertex -5.691091e+01 -2.500000e+00  1.249776e+02
     vertex -5.696445e+01 -2.500000e+00  1.249244e+02
   endloop
 endfacet
 facet normal  7.046775e-01  0.000000e+00 -7.095278e-01
   outer loop
     vertex -5.691091e+01  2.500000e+00  1.249776e+02
     vertex -5.696445e+01 -2.500000e+00  1.249244e+02
     vertex -5.696445e+01  2.500000e+00  1.249244e+02
   endloop
 endfacet
 facet normal  6.849470e-01  0.000000e+00 -7.285929e-01
   outer loop
     vertex -5.685594e+01  2.500000e+00  1.250293e+02
     vertex -5.685594e+01 -2.500000e+00  1.250293e+02
     vertex -5.691091e+01 -2.500000e+00  1.249776e+02
   endloop
 endfacet
 facet normal  6.849470e-01  0.000000e+00 -7.285929e-01
   outer loop
     vertex -5.685594e+01  2.500000e+00  1.250293e+02
     vertex -5.691091e+01 -2.500000e+00  1.249776e+02
     vertex -5.691091e+01  2.500000e+00  1.249776e+02
   endloop
 endfacet
 facet normal  6.647010e-01  0.000000e+00 -7.471095e-01
   outer loop
     vertex -5.679957e+01  2.500000e+00  1.250794e+02
     vertex -5.679957e+01 -2.500000e+00  1.250794e+02
     vertex -5.685594e+01 -2.500000e+00  1.250293e+02
   endloop
 endfacet
 facet normal  6.647010e-01  0.000000e+00 -7.471095e-01
   outer loop
     vertex -5.679957e+01  2.500000e+00  1.250794e+02
     vertex -5.685594e+01 -2.500000e+00  1.250293e+02
     vertex -5.685594e+01  2.500000e+00  1.250293e+02
   endloop
 endfacet
 facet normal  6.439545e-01  0.000000e+00 -7.650637e-01
   outer loop
     vertex -5.674185e+01  2.500000e+00  1.251280e+02
     vertex -5.674185e+01 -2.500000e+00  1.251280e+02
     vertex -5.679957e+01 -2.500000e+00  1.250794e+02
   endloop
 endfacet
 facet normal  6.227234e-01  0.000000e+00 -7.824421e-01
   outer loop
     vertex -5.674185e+01  2.500000e+00  1.251280e+02
     vertex -5.668281e+01 -2.500000e+00  1.251750e+02
     vertex -5.674185e+01 -2.500000e+00  1.251280e+02
   endloop
 endfacet
 facet normal  6.439545e-01  0.000000e+00 -7.650637e-01
   outer loop
     vertex -5.674185e+01  2.500000e+00  1.251280e+02
     vertex -5.679957e+01 -2.500000e+00  1.250794e+02
     vertex -5.679957e+01  2.500000e+00  1.250794e+02
   endloop
 endfacet
 facet normal  6.227234e-01  0.000000e+00 -7.824421e-01
   outer loop
     vertex -5.668281e+01  2.500000e+00  1.251750e+02
     vertex -5.668281e+01 -2.500000e+00  1.251750e+02
     vertex -5.674185e+01  2.500000e+00  1.251280e+02
   endloop
 endfacet
 facet normal  6.010234e-01  0.000000e+00 -7.992314e-01
   outer loop
     vertex -5.662251e+01  2.500000e+00  1.252204e+02
     vertex -5.662251e+01 -2.500000e+00  1.252204e+02
     vertex -5.668281e+01 -2.500000e+00  1.251750e+02
   endloop
 endfacet
 facet normal  6.010234e-01  0.000000e+00 -7.992314e-01
   outer loop
     vertex -5.662251e+01  2.500000e+00  1.252204e+02
     vertex -5.668281e+01 -2.500000e+00  1.251750e+02
     vertex -5.668281e+01  2.500000e+00  1.251750e+02
   endloop
 endfacet
 facet normal  5.788711e-01  0.000000e+00 -8.154191e-01
   outer loop
     vertex -5.656098e+01  2.500000e+00  1.252640e+02
     vertex -5.656098e+01 -2.500000e+00  1.252640e+02
     vertex -5.662251e+01 -2.500000e+00  1.252204e+02
   endloop
 endfacet
 facet normal  5.788711e-01  0.000000e+00 -8.154191e-01
   outer loop
     vertex -5.656098e+01  2.500000e+00  1.252640e+02
     vertex -5.662251e+01 -2.500000e+00  1.252204e+02
     vertex -5.662251e+01  2.500000e+00  1.252204e+02
   endloop
 endfacet
 facet normal  5.562829e-01  0.000000e+00 -8.309929e-01
   outer loop
     vertex -5.649828e+01  2.500000e+00  1.253060e+02
     vertex -5.649828e+01 -2.500000e+00  1.253060e+02
     vertex -5.656098e+01 -2.500000e+00  1.252640e+02
   endloop
 endfacet
 facet normal  5.562829e-01  0.000000e+00 -8.309929e-01
   outer loop
     vertex -5.649828e+01  2.500000e+00  1.253060e+02
     vertex -5.656098e+01 -2.500000e+00  1.252640e+02
     vertex -5.656098e+01  2.500000e+00  1.252640e+02
   endloop
 endfacet
 facet normal  5.332761e-01  0.000000e+00 -8.459413e-01
   outer loop
     vertex -5.643446e+01  2.500000e+00  1.253462e+02
     vertex -5.643446e+01 -2.500000e+00  1.253462e+02
     vertex -5.649828e+01 -2.500000e+00  1.253060e+02
   endloop
 endfacet
 facet normal  5.332761e-01  0.000000e+00 -8.459413e-01
   outer loop
     vertex -5.643446e+01  2.500000e+00  1.253462e+02
     vertex -5.649828e+01 -2.500000e+00  1.253060e+02
     vertex -5.649828e+01  2.500000e+00  1.253060e+02
   endloop
 endfacet
 facet normal  5.098678e-01  0.000000e+00 -8.602528e-01
   outer loop
     vertex -5.636955e+01  2.500000e+00  1.253847e+02
     vertex -5.636955e+01 -2.500000e+00  1.253847e+02
     vertex -5.643446e+01 -2.500000e+00  1.253462e+02
   endloop
 endfacet
 facet normal  4.860756e-01  0.000000e+00 -8.739167e-01
   outer loop
     vertex -5.636955e+01  2.500000e+00  1.253847e+02
     vertex -5.630361e+01 -2.500000e+00  1.254214e+02
     vertex -5.636955e+01 -2.500000e+00  1.253847e+02
   endloop
 endfacet
 facet normal  5.098678e-01  0.000000e+00 -8.602528e-01
   outer loop
     vertex -5.636955e+01  2.500000e+00  1.253847e+02
     vertex -5.643446e+01 -2.500000e+00  1.253462e+02
     vertex -5.643446e+01  2.500000e+00  1.253462e+02
   endloop
 endfacet
 facet normal  4.619176e-01  0.000000e+00 -8.869228e-01
   outer loop
     vertex -5.630361e+01  2.500000e+00  1.254214e+02
     vertex -5.623669e+01 -2.500000e+00  1.254562e+02
     vertex -5.630361e+01 -2.500000e+00  1.254214e+02
   endloop
 endfacet
 facet normal  4.860756e-01  0.000000e+00 -8.739167e-01
   outer loop
     vertex -5.630361e+01  2.500000e+00  1.254214e+02
     vertex -5.630361e+01 -2.500000e+00  1.254214e+02
     vertex -5.636955e+01  2.500000e+00  1.253847e+02
   endloop
 endfacet
 facet normal  4.619176e-01  0.000000e+00 -8.869228e-01
   outer loop
     vertex -5.623669e+01  2.500000e+00  1.254562e+02
     vertex -5.623669e+01 -2.500000e+00  1.254562e+02
     vertex -5.630361e+01  2.500000e+00  1.254214e+02
   endloop
 endfacet
 facet normal  4.374119e-01  0.000000e+00 -8.992613e-01
   outer loop
     vertex -5.623669e+01  2.500000e+00  1.254562e+02
     vertex -5.616884e+01 -2.500000e+00  1.254892e+02
     vertex -5.623669e+01 -2.500000e+00  1.254562e+02
   endloop
 endfacet
 facet normal  4.374119e-01  0.000000e+00 -8.992613e-01
   outer loop
     vertex -5.616884e+01  2.500000e+00  1.254892e+02
     vertex -5.616884e+01 -2.500000e+00  1.254892e+02
     vertex -5.623669e+01  2.500000e+00  1.254562e+02
   endloop
 endfacet
 facet normal  4.125769e-01  0.000000e+00 -9.109228e-01
   outer loop
     vertex -5.610011e+01  2.500000e+00  1.255204e+02
     vertex -5.616884e+01 -2.500000e+00  1.254892e+02
     vertex -5.616884e+01  2.500000e+00  1.254892e+02
   endloop
 endfacet
 facet normal  4.125769e-01  0.000000e+00 -9.109228e-01
   outer loop
     vertex -5.610011e+01  2.500000e+00  1.255204e+02
     vertex -5.610011e+01 -2.500000e+00  1.255204e+02
     vertex -5.616884e+01 -2.500000e+00  1.254892e+02
   endloop
 endfacet
 facet normal  3.874313e-01  0.000000e+00 -9.218986e-01
   outer loop
     vertex -5.603056e+01  2.500000e+00  1.255496e+02
     vertex -5.610011e+01 -2.500000e+00  1.255204e+02
     vertex -5.610011e+01  2.500000e+00  1.255204e+02
   endloop
 endfacet
 facet normal  3.874313e-01  0.000000e+00 -9.218986e-01
   outer loop
     vertex -5.603056e+01  2.500000e+00  1.255496e+02
     vertex -5.603056e+01 -2.500000e+00  1.255496e+02
     vertex -5.610011e+01 -2.500000e+00  1.255204e+02
   endloop
 endfacet
 facet normal  3.619940e-01  0.000000e+00 -9.321804e-01
   outer loop
     vertex -5.596022e+01  2.500000e+00  1.255769e+02
     vertex -5.603056e+01 -2.500000e+00  1.255496e+02
     vertex -5.603056e+01  2.500000e+00  1.255496e+02
   endloop
 endfacet
 facet normal  3.619940e-01  0.000000e+00 -9.321804e-01
   outer loop
     vertex -5.596022e+01  2.500000e+00  1.255769e+02
     vertex -5.596022e+01 -2.500000e+00  1.255769e+02
     vertex -5.603056e+01 -2.500000e+00  1.255496e+02
   endloop
 endfacet
 facet normal  3.362843e-01  0.000000e+00 -9.417605e-01
   outer loop
     vertex -5.596022e+01  2.500000e+00  1.255769e+02
     vertex -5.588917e+01 -2.500000e+00  1.256023e+02
     vertex -5.596022e+01 -2.500000e+00  1.255769e+02
   endloop
 endfacet
 facet normal  3.362843e-01  0.000000e+00 -9.417605e-01
   outer loop
     vertex -5.588917e+01  2.500000e+00  1.256023e+02
     vertex -5.588917e+01 -2.500000e+00  1.256023e+02
     vertex -5.596022e+01  2.500000e+00  1.255769e+02
   endloop
 endfacet
 facet normal  3.103214e-01  0.000000e+00 -9.506317e-01
   outer loop
     vertex -5.581744e+01  2.500000e+00  1.256257e+02
     vertex -5.588917e+01 -2.500000e+00  1.256023e+02
     vertex -5.588917e+01  2.500000e+00  1.256023e+02
   endloop
 endfacet
 facet normal  3.103214e-01  0.000000e+00 -9.506317e-01
   outer loop
     vertex -5.581744e+01  2.500000e+00  1.256257e+02
     vertex -5.581744e+01 -2.500000e+00  1.256257e+02
     vertex -5.588917e+01 -2.500000e+00  1.256023e+02
   endloop
 endfacet
 facet normal  2.841250e-01  0.000000e+00 -9.587873e-01
   outer loop
     vertex -5.574510e+01  2.500000e+00  1.256471e+02
     vertex -5.581744e+01 -2.500000e+00  1.256257e+02
     vertex -5.581744e+01  2.500000e+00  1.256257e+02
   endloop
 endfacet
 facet normal  2.841250e-01  0.000000e+00 -9.587873e-01
   outer loop
     vertex -5.574510e+01  2.500000e+00  1.256471e+02
     vertex -5.574510e+01 -2.500000e+00  1.256471e+02
     vertex -5.581744e+01 -2.500000e+00  1.256257e+02
   endloop
 endfacet
 facet normal  2.577146e-01  0.000000e+00 -9.662211e-01
   outer loop
     vertex -5.574510e+01  2.500000e+00  1.256471e+02
     vertex -5.567220e+01 -2.500000e+00  1.256666e+02
     vertex -5.574510e+01 -2.500000e+00  1.256471e+02
   endloop
 endfacet
 facet normal  2.577146e-01  0.000000e+00 -9.662211e-01
   outer loop
     vertex -5.567220e+01  2.500000e+00  1.256666e+02
     vertex -5.567220e+01 -2.500000e+00  1.256666e+02
     vertex -5.574510e+01  2.500000e+00  1.256471e+02
   endloop
 endfacet
 facet normal  2.311102e-01  0.000000e+00 -9.729276e-01
   outer loop
     vertex -5.559879e+01  2.500000e+00  1.256840e+02
     vertex -5.567220e+01 -2.500000e+00  1.256666e+02
     vertex -5.567220e+01  2.500000e+00  1.256666e+02
   endloop
 endfacet
 facet normal  2.311102e-01  0.000000e+00 -9.729276e-01
   outer loop
     vertex -5.559879e+01  2.500000e+00  1.256840e+02
     vertex -5.559879e+01 -2.500000e+00  1.256840e+02
     vertex -5.567220e+01 -2.500000e+00  1.256666e+02
   endloop
 endfacet
 facet normal  2.043319e-01  0.000000e+00 -9.789017e-01
   outer loop
     vertex -5.552493e+01  2.500000e+00  1.256994e+02
     vertex -5.559879e+01 -2.500000e+00  1.256840e+02
     vertex -5.559879e+01  2.500000e+00  1.256840e+02
   endloop
 endfacet
 facet normal  2.043319e-01  0.000000e+00 -9.789017e-01
   outer loop
     vertex -5.552493e+01  2.500000e+00  1.256994e+02
     vertex -5.552493e+01 -2.500000e+00  1.256994e+02
     vertex -5.559879e+01 -2.500000e+00  1.256840e+02
   endloop
 endfacet
 facet normal  1.773998e-01  0.000000e+00 -9.841389e-01
   outer loop
     vertex -5.545068e+01  2.500000e+00  1.257128e+02
     vertex -5.552493e+01 -2.500000e+00  1.256994e+02
     vertex -5.552493e+01  2.500000e+00  1.256994e+02
   endloop
 endfacet
 facet normal  1.773998e-01  0.000000e+00 -9.841389e-01
   outer loop
     vertex -5.545068e+01  2.500000e+00  1.257128e+02
     vertex -5.545068e+01 -2.500000e+00  1.257128e+02
     vertex -5.552493e+01 -2.500000e+00  1.256994e+02
   endloop
 endfacet
 facet normal  1.503341e-01  0.000000e+00 -9.886353e-01
   outer loop
     vertex -5.545068e+01  2.500000e+00  1.257128e+02
     vertex -5.537608e+01 -2.500000e+00  1.257242e+02
     vertex -5.545068e+01 -2.500000e+00  1.257128e+02
   endloop
 endfacet
 facet normal  1.503341e-01  0.000000e+00 -9.886353e-01
   outer loop
     vertex -5.537608e+01  2.500000e+00  1.257242e+02
     vertex -5.537608e+01 -2.500000e+00  1.257242e+02
     vertex -5.545068e+01  2.500000e+00  1.257128e+02
   endloop
 endfacet
 facet normal  1.231552e-01  0.000000e+00 -9.923874e-01
   outer loop
     vertex -5.530121e+01  2.500000e+00  1.257335e+02
     vertex -5.530121e+01 -2.500000e+00  1.257335e+02
     vertex -5.537608e+01 -2.500000e+00  1.257242e+02
   endloop
 endfacet
 facet normal  1.231552e-01  0.000000e+00 -9.923874e-01
   outer loop
     vertex -5.530121e+01  2.500000e+00  1.257335e+02
     vertex -5.537608e+01 -2.500000e+00  1.257242e+02
     vertex -5.537608e+01  2.500000e+00  1.257242e+02
   endloop
 endfacet
 facet normal  9.588368e-02  0.000000e+00 -9.953925e-01
   outer loop
     vertex -5.522610e+01  2.500000e+00  1.257407e+02
     vertex -5.522610e+01 -2.500000e+00  1.257407e+02
     vertex -5.530121e+01 -2.500000e+00  1.257335e+02
   endloop
 endfacet
 facet normal  9.588368e-02  0.000000e+00 -9.953925e-01
   outer loop
     vertex -5.522610e+01  2.500000e+00  1.257407e+02
     vertex -5.530121e+01 -2.500000e+00  1.257335e+02
     vertex -5.530121e+01  2.500000e+00  1.257335e+02
   endloop
 endfacet
 facet normal  6.853995e-02  0.000000e+00 -9.976484e-01
   outer loop
     vertex -5.515083e+01  2.500000e+00  1.257459e+02
     vertex -5.515083e+01 -2.500000e+00  1.257459e+02
     vertex -5.522610e+01 -2.500000e+00  1.257407e+02
   endloop
 endfacet
 facet normal  6.853995e-02  0.000000e+00 -9.976484e-01
   outer loop
     vertex -5.515083e+01  2.500000e+00  1.257459e+02
     vertex -5.522610e+01 -2.500000e+00  1.257407e+02
     vertex -5.522610e+01  2.500000e+00  1.257407e+02
   endloop
 endfacet
 facet normal  4.114462e-02  0.000000e+00 -9.991532e-01
   outer loop
     vertex -5.507544e+01  2.500000e+00  1.257490e+02
     vertex -5.507544e+01 -2.500000e+00  1.257490e+02
     vertex -5.515083e+01 -2.500000e+00  1.257459e+02
   endloop
 endfacet
 facet normal  1.371831e-02  0.000000e+00 -9.999059e-01
   outer loop
     vertex -5.507544e+01  2.500000e+00  1.257490e+02
     vertex -5.500000e+01 -2.500000e+00  1.257500e+02
     vertex -5.507544e+01 -2.500000e+00  1.257490e+02
   endloop
 endfacet
 facet normal  4.114462e-02  0.000000e+00 -9.991532e-01
   outer loop
     vertex -5.507544e+01  2.500000e+00  1.257490e+02
     vertex -5.515083e+01 -2.500000e+00  1.257459e+02
     vertex -5.515083e+01  2.500000e+00  1.257459e+02
   endloop
 endfacet
 facet normal  1.371831e-02  0.000000e+00 -9.999059e-01
   outer loop
     vertex -5.500000e+01  2.500000e+00  1.257500e+02
     vertex -5.500000e+01 -2.500000e+00  1.257500e+02
     vertex -5.507544e+01  2.500000e+00  1.257490e+02
   endloop
 endfacet
 facet normal -1.371831e-02  0.000000e+00 -9.999059e-01
   outer loop
     vertex -3.292456e+01  2.500000e+00  1.257490e+02
     vertex -3.300000e+01 -2.500000e+00  1.257500e+02
     vertex -3.300000e+01  2.500000e+00  1.257500e+02
   endloop
 endfacet
 facet normal -1.371831e-02 -0.000000e+00 -9.999059e-01
   outer loop
     vertex -3.292456e+01  2.500000e+00  1.257490e+02
     vertex -3.292456e+01 -2.500000e+00  1.257490e+02
     vertex -3.300000e+01 -2.500000e+00  1.257500e+02
   endloop
 endfacet
 facet normal -4.114462e-02 -0.000000e+00 -9.991532e-01
   outer loop
     vertex -3.284917e+01  2.500000e+00  1.257459e+02
     vertex -3.284917e+01 -2.500000e+00  1.257459e+02
     vertex -3.292456e+01 -2.500000e+00  1.257490e+02
   endloop
 endfacet
 facet normal -6.853995e-02 -0.000000e+00 -9.976484e-01
   outer loop
     vertex -3.284917e+01  2.500000e+00  1.257459e+02
     vertex -3.277390e+01 -2.500000e+00  1.257407e+02
     vertex -3.284917e+01 -2.500000e+00  1.257459e+02
   endloop
 endfacet
 facet normal -4.114462e-02  0.000000e+00 -9.991532e-01
   outer loop
     vertex -3.284917e+01  2.500000e+00  1.257459e+02
     vertex -3.292456e+01 -2.500000e+00  1.257490e+02
     vertex -3.292456e+01  2.500000e+00  1.257490e+02
   endloop
 endfacet
 facet normal -6.853995e-02 -0.000000e+00 -9.976484e-01
   outer loop
     vertex -3.277390e+01  2.500000e+00  1.257407e+02
     vertex -3.277390e+01 -2.500000e+00  1.257407e+02
     vertex -3.284917e+01  2.500000e+00  1.257459e+02
   endloop
 endfacet
 facet normal -9.588368e-02 -0.000000e+00 -9.953925e-01
   outer loop
     vertex -3.269879e+01  2.500000e+00  1.257335e+02
     vertex -3.269879e+01 -2.500000e+00  1.257335e+02
     vertex -3.277390e+01 -2.500000e+00  1.257407e+02
   endloop
 endfacet
 facet normal -9.588368e-02  0.000000e+00 -9.953925e-01
   outer loop
     vertex -3.269879e+01  2.500000e+00  1.257335e+02
     vertex -3.277390e+01 -2.500000e+00  1.257407e+02
     vertex -3.277390e+01  2.500000e+00  1.257407e+02
   endloop
 endfacet
 facet normal -1.231552e-01 -0.000000e+00 -9.923874e-01
   outer loop
     vertex -3.262392e+01  2.500000e+00  1.257242e+02
     vertex -3.262392e+01 -2.500000e+00  1.257242e+02
     vertex -3.269879e+01 -2.500000e+00  1.257335e+02
   endloop
 endfacet
 facet normal -1.503341e-01 -0.000000e+00 -9.886353e-01
   outer loop
     vertex -3.262392e+01  2.500000e+00  1.257242e+02
     vertex -3.254932e+01 -2.500000e+00  1.257128e+02
     vertex -3.262392e+01 -2.500000e+00  1.257242e+02
   endloop
 endfacet
 facet normal -1.231552e-01  0.000000e+00 -9.923874e-01
   outer loop
     vertex -3.262392e+01  2.500000e+00  1.257242e+02
     vertex -3.269879e+01 -2.500000e+00  1.257335e+02
     vertex -3.269879e+01  2.500000e+00  1.257335e+02
   endloop
 endfacet
 facet normal -1.503341e-01 -0.000000e+00 -9.886353e-01
   outer loop
     vertex -3.254932e+01  2.500000e+00  1.257128e+02
     vertex -3.254932e+01 -2.500000e+00  1.257128e+02
     vertex -3.262392e+01  2.500000e+00  1.257242e+02
   endloop
 endfacet
 facet normal -1.773998e-01 -0.000000e+00 -9.841389e-01
   outer loop
     vertex -3.247507e+01  2.500000e+00  1.256994e+02
     vertex -3.247507e+01 -2.500000e+00  1.256994e+02
     vertex -3.254932e+01 -2.500000e+00  1.257128e+02
   endloop
 endfacet
 facet normal -1.773998e-01  0.000000e+00 -9.841389e-01
   outer loop
     vertex -3.247507e+01  2.500000e+00  1.256994e+02
     vertex -3.254932e+01 -2.500000e+00  1.257128e+02
     vertex -3.254932e+01  2.500000e+00  1.257128e+02
   endloop
 endfacet
 facet normal -2.043319e-01 -0.000000e+00 -9.789017e-01
   outer loop
     vertex -3.240121e+01  2.500000e+00  1.256840e+02
     vertex -3.240121e+01 -2.500000e+00  1.256840e+02
     vertex -3.247507e+01 -2.500000e+00  1.256994e+02
   endloop
 endfacet
 facet normal -2.043319e-01  0.000000e+00 -9.789017e-01
   outer loop
     vertex -3.240121e+01  2.500000e+00  1.256840e+02
     vertex -3.247507e+01 -2.500000e+00  1.256994e+02
     vertex -3.247507e+01  2.500000e+00  1.256994e+02
   endloop
 endfacet
 facet normal -2.311102e-01 -0.000000e+00 -9.729276e-01
   outer loop
     vertex -3.232780e+01  2.500000e+00  1.256666e+02
     vertex -3.232780e+01 -2.500000e+00  1.256666e+02
     vertex -3.240121e+01 -2.500000e+00  1.256840e+02
   endloop
 endfacet
 facet normal -2.311102e-01  0.000000e+00 -9.729276e-01
   outer loop
     vertex -3.232780e+01  2.500000e+00  1.256666e+02
     vertex -3.240121e+01 -2.500000e+00  1.256840e+02
     vertex -3.240121e+01  2.500000e+00  1.256840e+02
   endloop
 endfacet
 facet normal -2.577146e-01  0.000000e+00 -9.662211e-01
   outer loop
     vertex -3.225490e+01  2.500000e+00  1.256471e+02
     vertex -3.232780e+01 -2.500000e+00  1.256666e+02
     vertex -3.232780e+01  2.500000e+00  1.256666e+02
   endloop
 endfacet
 facet normal -2.577146e-01 -0.000000e+00 -9.662211e-01
   outer loop
     vertex -3.225490e+01  2.500000e+00  1.256471e+02
     vertex -3.225490e+01 -2.500000e+00  1.256471e+02
     vertex -3.232780e+01 -2.500000e+00  1.256666e+02
   endloop
 endfacet
 facet normal -2.841250e-01 -0.000000e+00 -9.587873e-01
   outer loop
     vertex -3.225490e+01  2.500000e+00  1.256471e+02
     vertex -3.218256e+01 -2.500000e+00  1.256257e+02
     vertex -3.225490e+01 -2.500000e+00  1.256471e+02
   endloop
 endfacet
 facet normal -2.841250e-01 -0.000000e+00 -9.587873e-01
   outer loop
     vertex -3.218256e+01  2.500000e+00  1.256257e+02
     vertex -3.218256e+01 -2.500000e+00  1.256257e+02
     vertex -3.225490e+01  2.500000e+00  1.256471e+02
   endloop
 endfacet
 facet normal -3.103214e-01 -0.000000e+00 -9.506317e-01
   outer loop
     vertex -3.218256e+01  2.500000e+00  1.256257e+02
     vertex -3.211083e+01 -2.500000e+00  1.256023e+02
     vertex -3.218256e+01 -2.500000e+00  1.256257e+02
   endloop
 endfacet
 facet normal -3.103214e-01 -0.000000e+00 -9.506317e-01
   outer loop
     vertex -3.211083e+01  2.500000e+00  1.256023e+02
     vertex -3.211083e+01 -2.500000e+00  1.256023e+02
     vertex -3.218256e+01  2.500000e+00  1.256257e+02
   endloop
 endfacet
 facet normal -3.362843e-01  0.000000e+00 -9.417605e-01
   outer loop
     vertex -3.203978e+01  2.500000e+00  1.255769e+02
     vertex -3.211083e+01 -2.500000e+00  1.256023e+02
     vertex -3.211083e+01  2.500000e+00  1.256023e+02
   endloop
 endfacet
 facet normal -3.362843e-01 -0.000000e+00 -9.417605e-01
   outer loop
     vertex -3.203978e+01  2.500000e+00  1.255769e+02
     vertex -3.203978e+01 -2.500000e+00  1.255769e+02
     vertex -3.211083e+01 -2.500000e+00  1.256023e+02
   endloop
 endfacet
 facet normal -3.619940e-01 -0.000000e+00 -9.321804e-01
   outer loop
     vertex -3.203978e+01  2.500000e+00  1.255769e+02
     vertex -3.196944e+01 -2.500000e+00  1.255496e+02
     vertex -3.203978e+01 -2.500000e+00  1.255769e+02
   endloop
 endfacet
 facet normal -3.619940e-01 -0.000000e+00 -9.321804e-01
   outer loop
     vertex -3.196944e+01  2.500000e+00  1.255496e+02
     vertex -3.196944e+01 -2.500000e+00  1.255496e+02
     vertex -3.203978e+01  2.500000e+00  1.255769e+02
   endloop
 endfacet
 facet normal -3.874313e-01  0.000000e+00 -9.218986e-01
   outer loop
     vertex -3.189989e+01  2.500000e+00  1.255204e+02
     vertex -3.196944e+01 -2.500000e+00  1.255496e+02
     vertex -3.196944e+01  2.500000e+00  1.255496e+02
   endloop
 endfacet
 facet normal -3.874313e-01 -0.000000e+00 -9.218986e-01
   outer loop
     vertex -3.189989e+01  2.500000e+00  1.255204e+02
     vertex -3.189989e+01 -2.500000e+00  1.255204e+02
     vertex -3.196944e+01 -2.500000e+00  1.255496e+02
   endloop
 endfacet
 facet normal -4.125769e-01  0.000000e+00 -9.109228e-01
   outer loop
     vertex -3.183116e+01  2.500000e+00  1.254892e+02
     vertex -3.189989e+01 -2.500000e+00  1.255204e+02
     vertex -3.189989e+01  2.500000e+00  1.255204e+02
   endloop
 endfacet
 facet normal -4.125769e-01 -0.000000e+00 -9.109228e-01
   outer loop
     vertex -3.183116e+01  2.500000e+00  1.254892e+02
     vertex -3.183116e+01 -2.500000e+00  1.254892e+02
     vertex -3.189989e+01 -2.500000e+00  1.255204e+02
   endloop
 endfacet
 facet normal -4.374119e-01  0.000000e+00 -8.992613e-01
   outer loop
     vertex -3.176331e+01  2.500000e+00  1.254562e+02
     vertex -3.183116e+01 -2.500000e+00  1.254892e+02
     vertex -3.183116e+01  2.500000e+00  1.254892e+02
   endloop
 endfacet
 facet normal -4.374119e-01 -0.000000e+00 -8.992613e-01
   outer loop
     vertex -3.176331e+01  2.500000e+00  1.254562e+02
     vertex -3.176331e+01 -2.500000e+00  1.254562e+02
     vertex -3.183116e+01 -2.500000e+00  1.254892e+02
   endloop
 endfacet
 facet normal -4.619176e-01  0.000000e+00 -8.869228e-01
   outer loop
     vertex -3.169639e+01  2.500000e+00  1.254214e+02
     vertex -3.176331e+01 -2.500000e+00  1.254562e+02
     vertex -3.176331e+01  2.500000e+00  1.254562e+02
   endloop
 endfacet
 facet normal -4.619176e-01 -0.000000e+00 -8.869228e-01
   outer loop
     vertex -3.169639e+01  2.500000e+00  1.254214e+02
     vertex -3.169639e+01 -2.500000e+00  1.254214e+02
     vertex -3.176331e+01 -2.500000e+00  1.254562e+02
   endloop
 endfacet
 facet normal -4.860756e-01  0.000000e+00 -8.739167e-01
   outer loop
     vertex -3.163045e+01  2.500000e+00  1.253847e+02
     vertex -3.169639e+01 -2.500000e+00  1.254214e+02
     vertex -3.169639e+01  2.500000e+00  1.254214e+02
   endloop
 endfacet
 facet normal -4.860756e-01 -0.000000e+00 -8.739167e-01
   outer loop
     vertex -3.163045e+01  2.500000e+00  1.253847e+02
     vertex -3.163045e+01 -2.500000e+00  1.253847e+02
     vertex -3.169639e+01 -2.500000e+00  1.254214e+02
   endloop
 endfacet
 facet normal -5.098678e-01  0.000000e+00 -8.602528e-01
   outer loop
     vertex -3.156554e+01  2.500000e+00  1.253462e+02
     vertex -3.163045e+01 -2.500000e+00  1.253847e+02
     vertex -3.163045e+01  2.500000e+00  1.253847e+02
   endloop
 endfacet
 facet normal -5.098678e-01 -0.000000e+00 -8.602528e-01
   outer loop
     vertex -3.156554e+01  2.500000e+00  1.253462e+02
     vertex -3.156554e+01 -2.500000e+00  1.253462e+02
     vertex -3.163045e+01 -2.500000e+00  1.253847e+02
   endloop
 endfacet
 facet normal -5.332761e-01  0.000000e+00 -8.459413e-01
   outer loop
     vertex -3.150172e+01  2.500000e+00  1.253060e+02
     vertex -3.156554e+01 -2.500000e+00  1.253462e+02
     vertex -3.156554e+01  2.500000e+00  1.253462e+02
   endloop
 endfacet
 facet normal -5.332761e-01 -0.000000e+00 -8.459413e-01
   outer loop
     vertex -3.150172e+01  2.500000e+00  1.253060e+02
     vertex -3.150172e+01 -2.500000e+00  1.253060e+02
     vertex -3.156554e+01 -2.500000e+00  1.253462e+02
   endloop
 endfacet
 facet normal -5.562829e-01 -0.000000e+00 -8.309929e-01
   outer loop
     vertex -3.143902e+01  2.500000e+00  1.252640e+02
     vertex -3.143902e+01 -2.500000e+00  1.252640e+02
     vertex -3.150172e+01 -2.500000e+00  1.253060e+02
   endloop
 endfacet
 facet normal -5.562829e-01  0.000000e+00 -8.309929e-01
   outer loop
     vertex -3.143902e+01  2.500000e+00  1.252640e+02
     vertex -3.150172e+01 -2.500000e+00  1.253060e+02
     vertex -3.150172e+01  2.500000e+00  1.253060e+02
   endloop
 endfacet
 facet normal -5.788711e-01 -0.000000e+00 -8.154191e-01
   outer loop
     vertex -3.137749e+01  2.500000e+00  1.252204e+02
     vertex -3.137749e+01 -2.500000e+00  1.252204e+02
     vertex -3.143902e+01 -2.500000e+00  1.252640e+02
   endloop
 endfacet
 facet normal -5.788711e-01  0.000000e+00 -8.154191e-01
   outer loop
     vertex -3.137749e+01  2.500000e+00  1.252204e+02
     vertex -3.143902e+01 -2.500000e+00  1.252640e+02
     vertex -3.143902e+01  2.500000e+00  1.252640e+02
   endloop
 endfacet
 facet normal -6.010234e-01 -0.000000e+00 -7.992314e-01
   outer loop
     vertex -3.131719e+01  2.500000e+00  1.251750e+02
     vertex -3.131719e+01 -2.500000e+00  1.251750e+02
     vertex -3.137749e+01 -2.500000e+00  1.252204e+02
   endloop
 endfacet
 facet normal -6.010234e-01  0.000000e+00 -7.992314e-01
   outer loop
     vertex -3.131719e+01  2.500000e+00  1.251750e+02
     vertex -3.137749e+01 -2.500000e+00  1.252204e+02
     vertex -3.137749e+01  2.500000e+00  1.252204e+02
   endloop
 endfacet
 facet normal -6.227234e-01 -0.000000e+00 -7.824421e-01
   outer loop
     vertex -3.125815e+01  2.500000e+00  1.251280e+02
     vertex -3.125815e+01 -2.500000e+00  1.251280e+02
     vertex -3.131719e+01 -2.500000e+00  1.251750e+02
   endloop
 endfacet
 facet normal -6.439545e-01 -0.000000e+00 -7.650637e-01
   outer loop
     vertex -3.125815e+01  2.500000e+00  1.251280e+02
     vertex -3.120043e+01 -2.500000e+00  1.250794e+02
     vertex -3.125815e+01 -2.500000e+00  1.251280e+02
   endloop
 endfacet
 facet normal -6.227234e-01  0.000000e+00 -7.824421e-01
   outer loop
     vertex -3.125815e+01  2.500000e+00  1.251280e+02
     vertex -3.131719e+01 -2.500000e+00  1.251750e+02
     vertex -3.131719e+01  2.500000e+00  1.251750e+02
   endloop
 endfacet
 facet normal -6.439545e-01 -0.000000e+00 -7.650637e-01
   outer loop
     vertex -3.120043e+01  2.500000e+00  1.250794e+02
     vertex -3.120043e+01 -2.500000e+00  1.250794e+02
     vertex -3.125815e+01  2.500000e+00  1.251280e+02
   endloop
 endfacet
 facet normal -6.647010e-01 -0.000000e+00 -7.471095e-01
   outer loop
     vertex -3.114406e+01  2.500000e+00  1.250293e+02
     vertex -3.114406e+01 -2.500000e+00  1.250293e+02
     vertex -3.120043e+01 -2.500000e+00  1.250794e+02
   endloop
 endfacet
 facet normal -6.647010e-01  0.000000e+00 -7.471095e-01
   outer loop
     vertex -3.114406e+01  2.500000e+00  1.250293e+02
     vertex -3.120043e+01 -2.500000e+00  1.250794e+02
     vertex -3.120043e+01  2.500000e+00  1.250794e+02
   endloop
 endfacet
 facet normal -6.849470e-01 -0.000000e+00 -7.285929e-01
   outer loop
     vertex -3.108909e+01  2.500000e+00  1.249776e+02
     vertex -3.108909e+01 -2.500000e+00  1.249776e+02
     vertex -3.114406e+01 -2.500000e+00  1.250293e+02
   endloop
 endfacet
 facet normal -6.849470e-01  0.000000e+00 -7.285929e-01
   outer loop
     vertex -3.108909e+01  2.500000e+00  1.249776e+02
     vertex -3.114406e+01 -2.500000e+00  1.250293e+02
     vertex -3.114406e+01  2.500000e+00  1.250293e+02
   endloop
 endfacet
 facet normal -7.046775e-01 -0.000000e+00 -7.095278e-01
   outer loop
     vertex -3.103555e+01  2.500000e+00  1.249244e+02
     vertex -3.103555e+01 -2.500000e+00  1.249244e+02
     vertex -3.108909e+01 -2.500000e+00  1.249776e+02
   endloop
 endfacet
 facet normal -7.046775e-01  0.000000e+00 -7.095278e-01
   outer loop
     vertex -3.103555e+01  2.500000e+00  1.249244e+02
     vertex -3.108909e+01 -2.500000e+00  1.249776e+02
     vertex -3.108909e+01  2.500000e+00  1.249776e+02
   endloop
 endfacet
 facet normal -7.238775e-01 -0.000000e+00 -6.899286e-01
   outer loop
     vertex -3.098350e+01  2.500000e+00  1.248698e+02
     vertex -3.098350e+01 -2.500000e+00  1.248698e+02
     vertex -3.103555e+01 -2.500000e+00  1.249244e+02
   endloop
 endfacet
 facet normal -7.238775e-01  0.000000e+00 -6.899286e-01
   outer loop
     vertex -3.098350e+01  2.500000e+00  1.248698e+02
     vertex -3.103555e+01 -2.500000e+00  1.249244e+02
     vertex -3.103555e+01  2.500000e+00  1.249244e+02
   endloop
 endfacet
 facet normal -7.425325e-01 -0.000000e+00 -6.698100e-01
   outer loop
     vertex -3.093296e+01  2.500000e+00  1.248138e+02
     vertex -3.093296e+01 -2.500000e+00  1.248138e+02
     vertex -3.098350e+01 -2.500000e+00  1.248698e+02
   endloop
 endfacet
 facet normal -7.425325e-01  0.000000e+00 -6.698100e-01
   outer loop
     vertex -3.093296e+01  2.500000e+00  1.248138e+02
     vertex -3.098350e+01 -2.500000e+00  1.248698e+02
     vertex -3.098350e+01  2.500000e+00  1.248698e+02
   endloop
 endfacet
 facet normal -7.606287e-01 -0.000000e+00 -6.491872e-01
   outer loop
     vertex -3.088398e+01  2.500000e+00  1.247564e+02
     vertex -3.088398e+01 -2.500000e+00  1.247564e+02
     vertex -3.093296e+01 -2.500000e+00  1.248138e+02
   endloop
 endfacet
 facet normal -7.606287e-01  0.000000e+00 -6.491872e-01
   outer loop
     vertex -3.088398e+01  2.500000e+00  1.247564e+02
     vertex -3.093296e+01 -2.500000e+00  1.248138e+02
     vertex -3.093296e+01  2.500000e+00  1.248138e+02
   endloop
 endfacet
 facet normal -7.781522e-01 -0.000000e+00 -6.280757e-01
   outer loop
     vertex -3.083659e+01  2.500000e+00  1.246977e+02
     vertex -3.083659e+01 -2.500000e+00  1.246977e+02
     vertex -3.088398e+01 -2.500000e+00  1.247564e+02
   endloop
 endfacet
 facet normal -7.781522e-01  0.000000e+00 -6.280757e-01
   outer loop
     vertex -3.083659e+01  2.500000e+00  1.246977e+02
     vertex -3.088398e+01 -2.500000e+00  1.247564e+02
     vertex -3.088398e+01  2.500000e+00  1.247564e+02
   endloop
 endfacet
 facet normal -7.950900e-01 -0.000000e+00 -6.064915e-01
   outer loop
     vertex -3.079083e+01  2.500000e+00  1.246377e+02
     vertex -3.079083e+01 -2.500000e+00  1.246377e+02
     vertex -3.083659e+01 -2.500000e+00  1.246977e+02
   endloop
 endfacet
 facet normal -7.950900e-01  0.000000e+00 -6.064915e-01
   outer loop
     vertex -3.079083e+01  2.500000e+00  1.246377e+02
     vertex -3.083659e+01 -2.500000e+00  1.246977e+02
     vertex -3.083659e+01  2.500000e+00  1.246977e+02
   endloop
 endfacet
 facet normal -8.114292e-01 -0.000000e+00 -5.844507e-01
   outer loop
     vertex -3.074673e+01  2.500000e+00  1.245765e+02
     vertex -3.074673e+01 -2.500000e+00  1.245765e+02
     vertex -3.079083e+01 -2.500000e+00  1.246377e+02
   endloop
 endfacet
 facet normal -8.114292e-01  0.000000e+00 -5.844507e-01
   outer loop
     vertex -3.074673e+01  2.500000e+00  1.245765e+02
     vertex -3.079083e+01 -2.500000e+00  1.246377e+02
     vertex -3.079083e+01  2.500000e+00  1.246377e+02
   endloop
 endfacet
 facet normal -8.271577e-01  0.000000e+00 -5.619699e-01
   outer loop
     vertex -3.070433e+01  2.500000e+00  1.245141e+02
     vertex -3.074673e+01 -2.500000e+00  1.245765e+02
     vertex -3.074673e+01  2.500000e+00  1.245765e+02
   endloop
 endfacet
 facet normal -8.271577e-01 -0.000000e+00 -5.619699e-01
   outer loop
     vertex -3.070433e+01  2.500000e+00  1.245141e+02
     vertex -3.070433e+01 -2.500000e+00  1.245141e+02
     vertex -3.074673e+01 -2.500000e+00  1.245765e+02
   endloop
 endfacet
 facet normal -8.422635e-01 -0.000000e+00 -5.390661e-01
   outer loop
     vertex -3.070433e+01  2.500000e+00  1.245141e+02
     vertex -3.066366e+01 -2.500000e+00  1.244505e+02
     vertex -3.070433e+01 -2.500000e+00  1.245141e+02
   endloop
 endfacet
 facet normal -8.422635e-01 -0.000000e+00 -5.390661e-01
   outer loop
     vertex -3.066366e+01  2.500000e+00  1.244505e+02
     vertex -3.066366e+01 -2.500000e+00  1.244505e+02
     vertex -3.070433e+01  2.500000e+00  1.245141e+02
   endloop
 endfacet
 facet normal -8.567352e-01 -0.000000e+00 -5.157565e-01
   outer loop
     vertex -3.066366e+01  2.500000e+00  1.244505e+02
     vertex -3.062474e+01 -2.500000e+00  1.243859e+02
     vertex -3.066366e+01 -2.500000e+00  1.244505e+02
   endloop
 endfacet
 facet normal -8.567352e-01 -0.000000e+00 -5.157565e-01
   outer loop
     vertex -3.062474e+01  2.500000e+00  1.243859e+02
     vertex -3.062474e+01 -2.500000e+00  1.243859e+02
     vertex -3.066366e+01  2.500000e+00  1.244505e+02
   endloop
 endfacet
 facet normal -8.705620e-01  0.000000e+00 -4.920587e-01
   outer loop
     vertex -3.058762e+01  2.500000e+00  1.243202e+02
     vertex -3.062474e+01 -2.500000e+00  1.243859e+02
     vertex -3.062474e+01  2.500000e+00  1.243859e+02
   endloop
 endfacet
 facet normal -8.705620e-01 -0.000000e+00 -4.920587e-01
   outer loop
     vertex -3.058762e+01  2.500000e+00  1.243202e+02
     vertex -3.058762e+01 -2.500000e+00  1.243202e+02
     vertex -3.062474e+01 -2.500000e+00  1.243859e+02
   endloop
 endfacet
 facet normal -8.837335e-01  0.000000e+00 -4.679904e-01
   outer loop
     vertex -3.055231e+01  2.500000e+00  1.242535e+02
     vertex -3.058762e+01 -2.500000e+00  1.243202e+02
     vertex -3.058762e+01  2.500000e+00  1.243202e+02
   endloop
 endfacet
 facet normal -8.837335e-01 -0.000000e+00 -4.679904e-01
   outer loop
     vertex -3.055231e+01  2.500000e+00  1.242535e+02
     vertex -3.055231e+01 -2.500000e+00  1.242535e+02
     vertex -3.058762e+01 -2.500000e+00  1.243202e+02
   endloop
 endfacet
 facet normal -8.962398e-01  0.000000e+00 -4.435699e-01
   outer loop
     vertex -3.051884e+01  2.500000e+00  1.241859e+02
     vertex -3.055231e+01 -2.500000e+00  1.242535e+02
     vertex -3.055231e+01  2.500000e+00  1.242535e+02
   endloop
 endfacet
 facet normal -8.962398e-01 -0.000000e+00 -4.435699e-01
   outer loop
     vertex -3.051884e+01  2.500000e+00  1.241859e+02
     vertex -3.051884e+01 -2.500000e+00  1.241859e+02
     vertex -3.055231e+01 -2.500000e+00  1.242535e+02
   endloop
 endfacet
 facet normal -9.080714e-01  0.000000e+00 -4.188155e-01
   outer loop
     vertex -3.048724e+01  2.500000e+00  1.241174e+02
     vertex -3.051884e+01 -2.500000e+00  1.241859e+02
     vertex -3.051884e+01  2.500000e+00  1.241859e+02
   endloop
 endfacet
 facet normal -9.080714e-01 -0.000000e+00 -4.188155e-01
   outer loop
     vertex -3.048724e+01  2.500000e+00  1.241174e+02
     vertex -3.048724e+01 -2.500000e+00  1.241174e+02
     vertex -3.051884e+01 -2.500000e+00  1.241859e+02
   endloop
 endfacet
 facet normal -9.192194e-01  0.000000e+00 -3.937458e-01
   outer loop
     vertex -3.045753e+01  2.500000e+00  1.240480e+02
     vertex -3.048724e+01 -2.500000e+00  1.241174e+02
     vertex -3.048724e+01  2.500000e+00  1.241174e+02
   endloop
 endfacet
 facet normal -9.192194e-01 -0.000000e+00 -3.937458e-01
   outer loop
     vertex -3.045753e+01  2.500000e+00  1.240480e+02
     vertex -3.045753e+01 -2.500000e+00  1.240480e+02
     vertex -3.048724e+01 -2.500000e+00  1.241174e+02
   endloop
 endfacet
 facet normal -9.296754e-01  0.000000e+00 -3.683796e-01
   outer loop
     vertex -3.042974e+01  2.500000e+00  1.239779e+02
     vertex -3.045753e+01 -2.500000e+00  1.240480e+02
     vertex -3.045753e+01  2.500000e+00  1.240480e+02
   endloop
 endfacet
 facet normal -9.296754e-01 -0.000000e+00 -3.683796e-01
   outer loop
     vertex -3.042974e+01  2.500000e+00  1.239779e+02
     vertex -3.042974e+01 -2.500000e+00  1.239779e+02
     vertex -3.045753e+01 -2.500000e+00  1.240480e+02
   endloop
 endfacet
 facet normal -9.394317e-01  0.000000e+00 -3.427362e-01
   outer loop
     vertex -3.040388e+01  2.500000e+00  1.239070e+02
     vertex -3.042974e+01 -2.500000e+00  1.239779e+02
     vertex -3.042974e+01  2.500000e+00  1.239779e+02
   endloop
 endfacet
 facet normal -9.394317e-01 -0.000000e+00 -3.427362e-01
   outer loop
     vertex -3.040388e+01  2.500000e+00  1.239070e+02
     vertex -3.040388e+01 -2.500000e+00  1.239070e+02
     vertex -3.042974e+01 -2.500000e+00  1.239779e+02
   endloop
 endfacet
 facet normal -9.484807e-01  0.000000e+00 -3.168348e-01
   outer loop
     vertex -3.037997e+01  2.500000e+00  1.238354e+02
     vertex -3.040388e+01 -2.500000e+00  1.239070e+02
     vertex -3.040388e+01  2.500000e+00  1.239070e+02
   endloop
 endfacet
 facet normal -9.484807e-01 -0.000000e+00 -3.168348e-01
   outer loop
     vertex -3.037997e+01  2.500000e+00  1.238354e+02
     vertex -3.037997e+01 -2.500000e+00  1.238354e+02
     vertex -3.040388e+01 -2.500000e+00  1.239070e+02
   endloop
 endfacet
 facet normal -9.568158e-01  0.000000e+00 -2.906949e-01
   outer loop
     vertex -3.035804e+01  2.500000e+00  1.237632e+02
     vertex -3.037997e+01 -2.500000e+00  1.238354e+02
     vertex -3.037997e+01  2.500000e+00  1.238354e+02
   endloop
 endfacet
 facet normal -9.568158e-01 -0.000000e+00 -2.906949e-01
   outer loop
     vertex -3.035804e+01  2.500000e+00  1.237632e+02
     vertex -3.035804e+01 -2.500000e+00  1.237632e+02
     vertex -3.037997e+01 -2.500000e+00  1.238354e+02
   endloop
 endfacet
 facet normal -9.644306e-01 -0.000000e+00 -2.643362e-01
   outer loop
     vertex -3.035804e+01  2.500000e+00  1.237632e+02
     vertex -3.033809e+01 -2.500000e+00  1.236905e+02
     vertex -3.035804e+01 -2.500000e+00  1.237632e+02
   endloop
 endfacet
 facet normal -9.644306e-01 -0.000000e+00 -2.643362e-01
   outer loop
     vertex -3.033809e+01  2.500000e+00  1.236905e+02
     vertex -3.033809e+01 -2.500000e+00  1.236905e+02
     vertex -3.035804e+01  2.500000e+00  1.237632e+02
   endloop
 endfacet
 facet normal -9.713194e-01 -0.000000e+00 -2.377784e-01
   outer loop
     vertex -3.033809e+01  2.500000e+00  1.236905e+02
     vertex -3.032015e+01 -2.500000e+00  1.236172e+02
     vertex -3.033809e+01 -2.500000e+00  1.236905e+02
   endloop
 endfacet
 facet normal -9.713194e-01 -0.000000e+00 -2.377784e-01
   outer loop
     vertex -3.032015e+01  2.500000e+00  1.236172e+02
     vertex -3.032015e+01 -2.500000e+00  1.236172e+02
     vertex -3.033809e+01  2.500000e+00  1.236905e+02
   endloop
 endfacet
 facet normal -9.774771e-01  0.000000e+00 -2.110417e-01
   outer loop
     vertex -3.030423e+01  2.500000e+00  1.235434e+02
     vertex -3.032015e+01 -2.500000e+00  1.236172e+02
     vertex -3.032015e+01  2.500000e+00  1.236172e+02
   endloop
 endfacet
 facet normal -9.774771e-01 -0.000000e+00 -2.110417e-01
   outer loop
     vertex -3.030423e+01  2.500000e+00  1.235434e+02
     vertex -3.030423e+01 -2.500000e+00  1.235434e+02
     vertex -3.032015e+01 -2.500000e+00  1.236172e+02
   endloop
 endfacet
 facet normal -9.828989e-01 -0.000000e+00 -1.841461e-01
   outer loop
     vertex -3.030423e+01  2.500000e+00  1.235434e+02
     vertex -3.029034e+01 -2.500000e+00  1.234693e+02
     vertex -3.030423e+01 -2.500000e+00  1.235434e+02
   endloop
 endfacet
 facet normal -9.828989e-01 -0.000000e+00 -1.841461e-01
   outer loop
     vertex -3.029034e+01  2.500000e+00  1.234693e+02
     vertex -3.029034e+01 -2.500000e+00  1.234693e+02
     vertex -3.030423e+01  2.500000e+00  1.235434e+02
   endloop
 endfacet
 facet normal -9.875808e-01 -0.000000e+00 -1.571119e-01
   outer loop
     vertex -3.029034e+01  2.500000e+00  1.234693e+02
     vertex -3.027848e+01 -2.500000e+00  1.233948e+02
     vertex -3.029034e+01 -2.500000e+00  1.234693e+02
   endloop
 endfacet
 facet normal -9.875808e-01 -0.000000e+00 -1.571119e-01
   outer loop
     vertex -3.027848e+01  2.500000e+00  1.233948e+02
     vertex -3.027848e+01 -2.500000e+00  1.233948e+02
     vertex -3.029034e+01  2.500000e+00  1.234693e+02
   endloop
 endfacet
 facet normal -9.915193e-01  0.000000e+00 -1.299594e-01
   outer loop
     vertex -3.026868e+01  2.500000e+00  1.233199e+02
     vertex -3.027848e+01 -2.500000e+00  1.233948e+02
     vertex -3.027848e+01  2.500000e+00  1.233948e+02
   endloop
 endfacet
 facet normal -9.915193e-01 -0.000000e+00 -1.299594e-01
   outer loop
     vertex -3.026868e+01  2.500000e+00  1.233199e+02
     vertex -3.026868e+01 -2.500000e+00  1.233199e+02
     vertex -3.027848e+01 -2.500000e+00  1.233948e+02
   endloop
 endfacet
 facet normal -9.947114e-01 -0.000000e+00 -1.027091e-01
   outer loop
     vertex -3.026868e+01  2.500000e+00  1.233199e+02
     vertex -3.026093e+01 -2.500000e+00  1.232449e+02
     vertex -3.026868e+01 -2.500000e+00  1.233199e+02
   endloop
 endfacet
 facet normal -9.947114e-01 -0.000000e+00 -1.027091e-01
   outer loop
     vertex -3.026093e+01  2.500000e+00  1.232449e+02
     vertex -3.026093e+01 -2.500000e+00  1.232449e+02
     vertex -3.026868e+01  2.500000e+00  1.233199e+02
   endloop
 endfacet
 facet normal -9.971548e-01  0.000000e+00 -7.538152e-02
   outer loop
     vertex -3.025524e+01  2.500000e+00  1.231697e+02
     vertex -3.026093e+01 -2.500000e+00  1.232449e+02
     vertex -3.026093e+01  2.500000e+00  1.232449e+02
   endloop
 endfacet
 facet normal -9.971548e-01 -0.000000e+00 -7.538152e-02
   outer loop
     vertex -3.025524e+01  2.500000e+00  1.231697e+02
     vertex -3.025524e+01 -2.500000e+00  1.231697e+02
     vertex -3.026093e+01 -2.500000e+00  1.232449e+02
   endloop
 endfacet
 facet normal -9.988475e-01 -0.000000e+00 -4.799716e-02
   outer loop
     vertex -3.025524e+01  2.500000e+00  1.231697e+02
     vertex -3.025162e+01 -2.500000e+00  1.230943e+02
     vertex -3.025524e+01 -2.500000e+00  1.231697e+02
   endloop
 endfacet
 facet normal -9.997883e-01 -0.000000e+00 -2.057667e-02
   outer loop
     vertex -3.025162e+01  2.500000e+00  1.230943e+02
     vertex -3.025006e+01 -2.500000e+00  1.230189e+02
     vertex -3.025162e+01 -2.500000e+00  1.230943e+02
   endloop
 endfacet
 facet normal -9.988475e-01 -0.000000e+00 -4.799716e-02
   outer loop
     vertex -3.025162e+01  2.500000e+00  1.230943e+02
     vertex -3.025162e+01 -2.500000e+00  1.230943e+02
     vertex -3.025524e+01  2.500000e+00  1.231697e+02
   endloop
 endfacet
 facet normal -9.997883e-01 -0.000000e+00 -2.057667e-02
   outer loop
     vertex -3.025006e+01  2.500000e+00  1.230189e+02
     vertex -3.025006e+01 -2.500000e+00  1.230189e+02
     vertex -3.025162e+01  2.500000e+00  1.230943e+02
   endloop
 endfacet
 facet normal -9.999765e-01  0.000000e+00  6.859319e-03
   outer loop
     vertex -3.025058e+01  2.500000e+00  1.229434e+02
     vertex -3.025058e+01 -2.500000e+00  1.229434e+02
     vertex -3.025006e+01 -2.500000e+00  1.230189e+02
   endloop
 endfacet
 facet normal -9.999765e-01  0.000000e+00  6.859319e-03
   outer loop
     vertex -3.025058e+01  2.500000e+00  1.229434e+02
     vertex -3.025006e+01 -2.500000e+00  1.230189e+02
     vertex -3.025006e+01  2.500000e+00  1.230189e+02
   endloop
 endfacet
 facet normal -9.994119e-01  0.000000e+00  3.429014e-02
   outer loop
     vertex -3.025317e+01  2.500000e+00  1.228680e+02
     vertex -3.025317e+01 -2.500000e+00  1.228680e+02
     vertex -3.025058e+01 -2.500000e+00  1.229434e+02
   endloop
 endfacet
 facet normal -9.994119e-01  0.000000e+00  3.429014e-02
   outer loop
     vertex -3.025317e+01  2.500000e+00  1.228680e+02
     vertex -3.025058e+01 -2.500000e+00  1.229434e+02
     vertex -3.025058e+01  2.500000e+00  1.229434e+02
   endloop
 endfacet
 facet normal -9.980950e-01  0.000000e+00  6.169515e-02
   outer loop
     vertex -3.025782e+01  2.500000e+00  1.227927e+02
     vertex -3.025782e+01 -2.500000e+00  1.227927e+02
     vertex -3.025317e+01 -2.500000e+00  1.228680e+02
   endloop
 endfacet
 facet normal -9.980950e-01  0.000000e+00  6.169515e-02
   outer loop
     vertex -3.025782e+01  2.500000e+00  1.227927e+02
     vertex -3.025317e+01 -2.500000e+00  1.228680e+02
     vertex -3.025317e+01  2.500000e+00  1.228680e+02
   endloop
 endfacet
 facet normal -9.960268e-01  0.000000e+00  8.905371e-02
   outer loop
     vertex -3.026454e+01  2.500000e+00  1.227175e+02
     vertex -3.025782e+01 -2.500000e+00  1.227927e+02
     vertex -3.025782e+01  2.500000e+00  1.227927e+02
   endloop
 endfacet
 facet normal -9.960268e-01  0.000000e+00  8.905371e-02
   outer loop
     vertex -3.026454e+01  2.500000e+00  1.227175e+02
     vertex -3.026454e+01 -2.500000e+00  1.227175e+02
     vertex -3.025782e+01 -2.500000e+00  1.227927e+02
   endloop
 endfacet
 facet normal -9.932088e-01  0.000000e+00  1.163452e-01
   outer loop
     vertex -3.027332e+01  2.500000e+00  1.226426e+02
     vertex -3.026454e+01 -2.500000e+00  1.227175e+02
     vertex -3.026454e+01  2.500000e+00  1.227175e+02
   endloop
 endfacet
 facet normal -9.932088e-01  0.000000e+00  1.163452e-01
   outer loop
     vertex -3.027332e+01  2.500000e+00  1.226426e+02
     vertex -3.027332e+01 -2.500000e+00  1.226426e+02
     vertex -3.026454e+01 -2.500000e+00  1.227175e+02
   endloop
 endfacet
 facet normal -9.896432e-01  0.000000e+00  1.435492e-01
   outer loop
     vertex -3.027332e+01  2.500000e+00  1.226426e+02
     vertex -3.028415e+01 -2.500000e+00  1.225679e+02
     vertex -3.027332e+01 -2.500000e+00  1.226426e+02
   endloop
 endfacet
 facet normal -9.896432e-01  0.000000e+00  1.435492e-01
   outer loop
     vertex -3.028415e+01  2.500000e+00  1.225679e+02
     vertex -3.028415e+01 -2.500000e+00  1.225679e+02
     vertex -3.027332e+01  2.500000e+00  1.226426e+02
   endloop
 endfacet
 facet normal -9.853326e-01  0.000000e+00  1.706451e-01
   outer loop
     vertex -3.029703e+01  2.500000e+00  1.224936e+02
     vertex -3.028415e+01 -2.500000e+00  1.225679e+02
     vertex -3.028415e+01  2.500000e+00  1.225679e+02
   endloop
 endfacet
 facet normal -9.853326e-01  0.000000e+00  1.706451e-01
   outer loop
     vertex -3.029703e+01  2.500000e+00  1.224936e+02
     vertex -3.029703e+01 -2.500000e+00  1.224936e+02
     vertex -3.028415e+01 -2.500000e+00  1.225679e+02
   endloop
 endfacet
 facet normal -9.802802e-01  0.000000e+00  1.976125e-01
   outer loop
     vertex -3.031194e+01  2.500000e+00  1.224196e+02
     vertex -3.029703e+01 -2.500000e+00  1.224936e+02
     vertex -3.029703e+01  2.500000e+00  1.224936e+02
   endloop
 endfacet
 facet normal -9.802802e-01  0.000000e+00  1.976125e-01
   outer loop
     vertex -3.031194e+01  2.500000e+00  1.224196e+02
     vertex -3.031194e+01 -2.500000e+00  1.224196e+02
     vertex -3.029703e+01 -2.500000e+00  1.224936e+02
   endloop
 endfacet
 facet normal -9.744899e-01  0.000000e+00  2.244312e-01
   outer loop
     vertex -3.031194e+01  2.500000e+00  1.224196e+02
     vertex -3.032887e+01 -2.500000e+00  1.223461e+02
     vertex -3.031194e+01 -2.500000e+00  1.224196e+02
   endloop
 endfacet
 facet normal -9.744899e-01  0.000000e+00  2.244312e-01
   outer loop
     vertex -3.032887e+01  2.500000e+00  1.223461e+02
     vertex -3.032887e+01 -2.500000e+00  1.223461e+02
     vertex -3.031194e+01  2.500000e+00  1.224196e+02
   endloop
 endfacet
 facet normal -9.679661e-01  0.000000e+00  2.510809e-01
   outer loop
     vertex -3.034782e+01  2.500000e+00  1.222731e+02
     vertex -3.032887e+01 -2.500000e+00  1.223461e+02
     vertex -3.032887e+01  2.500000e+00  1.223461e+02
   endloop
 endfacet
 facet normal -9.679661e-01  0.000000e+00  2.510809e-01
   outer loop
     vertex -3.034782e+01  2.500000e+00  1.222731e+02
     vertex -3.034782e+01 -2.500000e+00  1.222731e+02
     vertex -3.032887e+01 -2.500000e+00  1.223461e+02
   endloop
 endfacet
 facet normal -9.607136e-01  0.000000e+00  2.775416e-01
   outer loop
     vertex -3.034782e+01  2.500000e+00  1.222731e+02
     vertex -3.036876e+01 -2.500000e+00  1.222006e+02
     vertex -3.034782e+01 -2.500000e+00  1.222731e+02
   endloop
 endfacet
 facet normal -9.607136e-01  0.000000e+00  2.775416e-01
   outer loop
     vertex -3.036876e+01  2.500000e+00  1.222006e+02
     vertex -3.036876e+01 -2.500000e+00  1.222006e+02
     vertex -3.034782e+01  2.500000e+00  1.222731e+02
   endloop
 endfacet
 facet normal -9.527379e-01  0.000000e+00  3.037934e-01
   outer loop
     vertex -3.039168e+01  2.500000e+00  1.221287e+02
     vertex -3.036876e+01 -2.500000e+00  1.222006e+02
     vertex -3.036876e+01  2.500000e+00  1.222006e+02
   endloop
 endfacet
 facet normal -9.527379e-01  0.000000e+00  3.037934e-01
   outer loop
     vertex -3.039168e+01  2.500000e+00  1.221287e+02
     vertex -3.039168e+01 -2.500000e+00  1.221287e+02
     vertex -3.036876e+01 -2.500000e+00  1.222006e+02
   endloop
 endfacet
 facet normal -9.440450e-01  0.000000e+00  3.298166e-01
   outer loop
     vertex -3.039168e+01  2.500000e+00  1.221287e+02
     vertex -3.041656e+01 -2.500000e+00  1.220575e+02
     vertex -3.039168e+01 -2.500000e+00  1.221287e+02
   endloop
 endfacet
 facet normal -9.440450e-01  0.000000e+00  3.298166e-01
   outer loop
     vertex -3.041656e+01  2.500000e+00  1.220575e+02
     vertex -3.041656e+01 -2.500000e+00  1.220575e+02
     vertex -3.039168e+01  2.500000e+00  1.221287e+02
   endloop
 endfacet
 facet normal -9.346415e-01  0.000000e+00  3.555914e-01
   outer loop
     vertex -3.044339e+01  2.500000e+00  1.219870e+02
     vertex -3.041656e+01 -2.500000e+00  1.220575e+02
     vertex -3.041656e+01  2.500000e+00  1.220575e+02
   endloop
 endfacet
 facet normal -9.346415e-01  0.000000e+00  3.555914e-01
   outer loop
     vertex -3.044339e+01  2.500000e+00  1.219870e+02
     vertex -3.044339e+01 -2.500000e+00  1.219870e+02
     vertex -3.041656e+01 -2.500000e+00  1.220575e+02
   endloop
 endfacet
 facet normal -9.245344e-01  0.000000e+00  3.810986e-01
   outer loop
     vertex -3.047215e+01  2.500000e+00  1.219172e+02
     vertex -3.044339e+01 -2.500000e+00  1.219870e+02
     vertex -3.044339e+01  2.500000e+00  1.219870e+02
   endloop
 endfacet
 facet normal -9.245344e-01  0.000000e+00  3.810986e-01
   outer loop
     vertex -3.047215e+01  2.500000e+00  1.219172e+02
     vertex -3.047215e+01 -2.500000e+00  1.219172e+02
     vertex -3.044339e+01 -2.500000e+00  1.219870e+02
   endloop
 endfacet
 facet normal -9.137314e-01  0.000000e+00  4.063188e-01
   outer loop
     vertex -3.050280e+01  2.500000e+00  1.218483e+02
     vertex -3.050280e+01 -2.500000e+00  1.218483e+02
     vertex -3.047215e+01 -2.500000e+00  1.219172e+02
   endloop
 endfacet
 facet normal -9.022405e-01  0.000000e+00  4.312333e-01
   outer loop
     vertex -3.050280e+01  2.500000e+00  1.218483e+02
     vertex -3.053534e+01 -2.500000e+00  1.217802e+02
     vertex -3.050280e+01 -2.500000e+00  1.218483e+02
   endloop
 endfacet
 facet normal -9.137314e-01  0.000000e+00  4.063188e-01
   outer loop
     vertex -3.050280e+01  2.500000e+00  1.218483e+02
     vertex -3.047215e+01 -2.500000e+00  1.219172e+02
     vertex -3.047215e+01  2.500000e+00  1.219172e+02
   endloop
 endfacet
 facet normal -9.022405e-01  0.000000e+00  4.312333e-01
   outer loop
     vertex -3.053534e+01  2.500000e+00  1.217802e+02
     vertex -3.053534e+01 -2.500000e+00  1.217802e+02
     vertex -3.050280e+01  2.500000e+00  1.218483e+02
   endloop
 endfacet
 facet normal -8.900704e-01  0.000000e+00  4.558231e-01
   outer loop
     vertex -3.056973e+01  2.500000e+00  1.217130e+02
     vertex -3.056973e+01 -2.500000e+00  1.217130e+02
     vertex -3.053534e+01 -2.500000e+00  1.217802e+02
   endloop
 endfacet
 facet normal -8.772303e-01  0.000000e+00  4.800697e-01
   outer loop
     vertex -3.056973e+01  2.500000e+00  1.217130e+02
     vertex -3.060595e+01 -2.500000e+00  1.216468e+02
     vertex -3.056973e+01 -2.500000e+00  1.217130e+02
   endloop
 endfacet
 facet normal -8.900704e-01  0.000000e+00  4.558231e-01
   outer loop
     vertex -3.056973e+01  2.500000e+00  1.217130e+02
     vertex -3.053534e+01 -2.500000e+00  1.217802e+02
     vertex -3.053534e+01  2.500000e+00  1.217802e+02
   endloop
 endfacet
 facet normal -8.772303e-01  0.000000e+00  4.800697e-01
   outer loop
     vertex -3.060595e+01  2.500000e+00  1.216468e+02
     vertex -3.060595e+01 -2.500000e+00  1.216468e+02
     vertex -3.056973e+01  2.500000e+00  1.217130e+02
   endloop
 endfacet
 facet normal -8.637299e-01  0.000000e+00  5.039550e-01
   outer loop
     vertex -3.064398e+01  2.500000e+00  1.215817e+02
     vertex -3.064398e+01 -2.500000e+00  1.215817e+02
     vertex -3.060595e+01 -2.500000e+00  1.216468e+02
   endloop
 endfacet
 facet normal -8.637299e-01  0.000000e+00  5.039550e-01
   outer loop
     vertex -3.064398e+01  2.500000e+00  1.215817e+02
     vertex -3.060595e+01 -2.500000e+00  1.216468e+02
     vertex -3.060595e+01  2.500000e+00  1.216468e+02
   endloop
 endfacet
 facet normal -8.495793e-01  0.000000e+00  5.274609e-01
   outer loop
     vertex -3.068378e+01  2.500000e+00  1.215176e+02
     vertex -3.068378e+01 -2.500000e+00  1.215176e+02
     vertex -3.064398e+01 -2.500000e+00  1.215817e+02
   endloop
 endfacet
 facet normal -8.347891e-01  0.000000e+00  5.505698e-01
   outer loop
     vertex -3.068378e+01  2.500000e+00  1.215176e+02
     vertex -3.072532e+01 -2.500000e+00  1.214546e+02
     vertex -3.068378e+01 -2.500000e+00  1.215176e+02
   endloop
 endfacet
 facet normal -8.495793e-01  0.000000e+00  5.274609e-01
   outer loop
     vertex -3.068378e+01  2.500000e+00  1.215176e+02
     vertex -3.064398e+01 -2.500000e+00  1.215817e+02
     vertex -3.064398e+01  2.500000e+00  1.215817e+02
   endloop
 endfacet
 facet normal -8.347891e-01  0.000000e+00  5.505698e-01
   outer loop
     vertex -3.072532e+01  2.500000e+00  1.214546e+02
     vertex -3.072532e+01 -2.500000e+00  1.214546e+02
     vertex -3.068378e+01  2.500000e+00  1.215176e+02
   endloop
 endfacet
 facet normal -8.193706e-01  0.000000e+00  5.732642e-01
   outer loop
     vertex -3.076857e+01  2.500000e+00  1.213928e+02
     vertex -3.076857e+01 -2.500000e+00  1.213928e+02
     vertex -3.072532e+01 -2.500000e+00  1.214546e+02
   endloop
 endfacet
 facet normal -8.193706e-01  0.000000e+00  5.732642e-01
   outer loop
     vertex -3.076857e+01  2.500000e+00  1.213928e+02
     vertex -3.072532e+01 -2.500000e+00  1.214546e+02
     vertex -3.072532e+01  2.500000e+00  1.214546e+02
   endloop
 endfacet
 facet normal -8.033352e-01  0.000000e+00  5.955271e-01
   outer loop
     vertex -3.081350e+01  2.500000e+00  1.213321e+02
     vertex -3.081350e+01 -2.500000e+00  1.213321e+02
     vertex -3.076857e+01 -2.500000e+00  1.213928e+02
   endloop
 endfacet
 facet normal -7.866951e-01  0.000000e+00  6.173417e-01
   outer loop
     vertex -3.081350e+01  2.500000e+00  1.213321e+02
     vertex -3.086008e+01 -2.500000e+00  1.212728e+02
     vertex -3.081350e+01 -2.500000e+00  1.213321e+02
   endloop
 endfacet
 facet normal -8.033352e-01  0.000000e+00  5.955271e-01
   outer loop
     vertex -3.081350e+01  2.500000e+00  1.213321e+02
     vertex -3.076857e+01 -2.500000e+00  1.213928e+02
     vertex -3.076857e+01  2.500000e+00  1.213928e+02
   endloop
 endfacet
 facet normal -7.866951e-01  0.000000e+00  6.173417e-01
   outer loop
     vertex -3.086008e+01  2.500000e+00  1.212728e+02
     vertex -3.086008e+01 -2.500000e+00  1.212728e+02
     vertex -3.081350e+01  2.500000e+00  1.213321e+02
   endloop
 endfacet
 facet normal -7.694628e-01  0.000000e+00  6.386916e-01
   outer loop
     vertex -3.090827e+01  2.500000e+00  1.212147e+02
     vertex -3.090827e+01 -2.500000e+00  1.212147e+02
     vertex -3.086008e+01 -2.500000e+00  1.212728e+02
   endloop
 endfacet
 facet normal -7.694628e-01  0.000000e+00  6.386916e-01
   outer loop
     vertex -3.090827e+01  2.500000e+00  1.212147e+02
     vertex -3.086008e+01 -2.500000e+00  1.212728e+02
     vertex -3.086008e+01  2.500000e+00  1.212728e+02
   endloop
 endfacet
 facet normal -7.516513e-01  0.000000e+00  6.595607e-01
   outer loop
     vertex -3.095804e+01  2.500000e+00  1.211580e+02
     vertex -3.095804e+01 -2.500000e+00  1.211580e+02
     vertex -3.090827e+01 -2.500000e+00  1.212147e+02
   endloop
 endfacet
 facet normal -7.516513e-01  0.000000e+00  6.595607e-01
   outer loop
     vertex -3.095804e+01  2.500000e+00  1.211580e+02
     vertex -3.090827e+01 -2.500000e+00  1.212147e+02
     vertex -3.090827e+01  2.500000e+00  1.212147e+02
   endloop
 endfacet
 facet normal -7.332740e-01  0.000000e+00  6.799333e-01
   outer loop
     vertex -3.100934e+01  2.500000e+00  1.211027e+02
     vertex -3.100934e+01 -2.500000e+00  1.211027e+02
     vertex -3.095804e+01 -2.500000e+00  1.211580e+02
   endloop
 endfacet
 facet normal -7.143447e-01  0.000000e+00  6.997940e-01
   outer loop
     vertex -3.100934e+01  2.500000e+00  1.211027e+02
     vertex -3.106214e+01 -2.500000e+00  1.210488e+02
     vertex -3.100934e+01 -2.500000e+00  1.211027e+02
   endloop
 endfacet
 facet normal -7.332740e-01  0.000000e+00  6.799333e-01
   outer loop
     vertex -3.100934e+01  2.500000e+00  1.211027e+02
     vertex -3.095804e+01 -2.500000e+00  1.211580e+02
     vertex -3.095804e+01  2.500000e+00  1.211580e+02
   endloop
 endfacet
 facet normal -7.143447e-01  0.000000e+00  6.997940e-01
   outer loop
     vertex -3.106214e+01  2.500000e+00  1.210488e+02
     vertex -3.106214e+01 -2.500000e+00  1.210488e+02
     vertex -3.100934e+01  2.500000e+00  1.211027e+02
   endloop
 endfacet
 facet normal -6.948776e-01  0.000000e+00  7.191280e-01
   outer loop
     vertex -3.111640e+01  2.500000e+00  1.209964e+02
     vertex -3.106214e+01 -2.500000e+00  1.210488e+02
     vertex -3.106214e+01  2.500000e+00  1.210488e+02
   endloop
 endfacet
 facet normal -6.948776e-01  0.000000e+00  7.191280e-01
   outer loop
     vertex -3.111640e+01  2.500000e+00  1.209964e+02
     vertex -3.111640e+01 -2.500000e+00  1.209964e+02
     vertex -3.106214e+01 -2.500000e+00  1.210488e+02
   endloop
 endfacet
 facet normal -6.748875e-01  0.000000e+00  7.379206e-01
   outer loop
     vertex -3.117207e+01  2.500000e+00  1.209454e+02
     vertex -3.111640e+01 -2.500000e+00  1.209964e+02
     vertex -3.111640e+01  2.500000e+00  1.209964e+02
   endloop
 endfacet
 facet normal -6.748875e-01  0.000000e+00  7.379206e-01
   outer loop
     vertex -3.117207e+01  2.500000e+00  1.209454e+02
     vertex -3.117207e+01 -2.500000e+00  1.209454e+02
     vertex -3.111640e+01 -2.500000e+00  1.209964e+02
   endloop
 endfacet
 facet normal -6.543893e-01  0.000000e+00  7.561578e-01
   outer loop
     vertex -3.117207e+01  2.500000e+00  1.209454e+02
     vertex -3.122912e+01 -2.500000e+00  1.208961e+02
     vertex -3.117207e+01 -2.500000e+00  1.209454e+02
   endloop
 endfacet
 facet normal -6.543893e-01  0.000000e+00  7.561578e-01
   outer loop
     vertex -3.122912e+01  2.500000e+00  1.208961e+02
     vertex -3.122912e+01 -2.500000e+00  1.208961e+02
     vertex -3.117207e+01  2.500000e+00  1.209454e+02
   endloop
 endfacet
 facet normal -6.333986e-01  0.000000e+00  7.738257e-01
   outer loop
     vertex -3.122912e+01  2.500000e+00  1.208961e+02
     vertex -3.128751e+01 -2.500000e+00  1.208483e+02
     vertex -3.122912e+01 -2.500000e+00  1.208961e+02
   endloop
 endfacet
 facet normal -6.333986e-01  0.000000e+00  7.738257e-01
   outer loop
     vertex -3.128751e+01  2.500000e+00  1.208483e+02
     vertex -3.128751e+01 -2.500000e+00  1.208483e+02
     vertex -3.122912e+01  2.500000e+00  1.208961e+02
   endloop
 endfacet
 facet normal -6.119310e-01  0.000000e+00  7.909112e-01
   outer loop
     vertex -3.134719e+01  2.500000e+00  1.208021e+02
     vertex -3.128751e+01 -2.500000e+00  1.208483e+02
     vertex -3.128751e+01  2.500000e+00  1.208483e+02
   endloop
 endfacet
 facet normal -6.119310e-01  0.000000e+00  7.909112e-01
   outer loop
     vertex -3.134719e+01  2.500000e+00  1.208021e+02
     vertex -3.134719e+01 -2.500000e+00  1.208021e+02
     vertex -3.128751e+01 -2.500000e+00  1.208483e+02
   endloop
 endfacet
 facet normal -5.900028e-01  0.000000e+00  8.074012e-01
   outer loop
     vertex -3.140810e+01  2.500000e+00  1.207576e+02
     vertex -3.140810e+01 -2.500000e+00  1.207576e+02
     vertex -3.134719e+01 -2.500000e+00  1.208021e+02
   endloop
 endfacet
 facet normal -5.676304e-01  0.000000e+00  8.232835e-01
   outer loop
     vertex -3.140810e+01  2.500000e+00  1.207576e+02
     vertex -3.147022e+01 -2.500000e+00  1.207148e+02
     vertex -3.140810e+01 -2.500000e+00  1.207576e+02
   endloop
 endfacet
 facet normal -5.900028e-01  0.000000e+00  8.074012e-01
   outer loop
     vertex -3.140810e+01  2.500000e+00  1.207576e+02
     vertex -3.134719e+01 -2.500000e+00  1.208021e+02
     vertex -3.134719e+01  2.500000e+00  1.208021e+02
   endloop
 endfacet
 facet normal -5.676304e-01  0.000000e+00  8.232835e-01
   outer loop
     vertex -3.147022e+01  2.500000e+00  1.207148e+02
     vertex -3.147022e+01 -2.500000e+00  1.207148e+02
     vertex -3.140810e+01  2.500000e+00  1.207576e+02
   endloop
 endfacet
 facet normal -5.448308e-01  0.000000e+00  8.385460e-01
   outer loop
     vertex -3.153349e+01  2.500000e+00  1.206737e+02
     vertex -3.147022e+01 -2.500000e+00  1.207148e+02
     vertex -3.147022e+01  2.500000e+00  1.207148e+02
   endloop
 endfacet
 facet normal -5.448308e-01  0.000000e+00  8.385460e-01
   outer loop
     vertex -3.153349e+01  2.500000e+00  1.206737e+02
     vertex -3.153349e+01 -2.500000e+00  1.206737e+02
     vertex -3.147022e+01 -2.500000e+00  1.207148e+02
   endloop
 endfacet
 facet normal -5.216210e-01  0.000000e+00  8.531773e-01
   outer loop
     vertex -3.153349e+01  2.500000e+00  1.206737e+02
     vertex -3.159786e+01 -2.500000e+00  1.206343e+02
     vertex -3.153349e+01 -2.500000e+00  1.206737e+02
   endloop
 endfacet
 facet normal -5.216210e-01  0.000000e+00  8.531773e-01
   outer loop
     vertex -3.159786e+01  2.500000e+00  1.206343e+02
     vertex -3.159786e+01 -2.500000e+00  1.206343e+02
     vertex -3.153349e+01  2.500000e+00  1.206737e+02
   endloop
 endfacet
 facet normal -4.980186e-01  0.000000e+00  8.671664e-01
   outer loop
     vertex -3.166329e+01  2.500000e+00  1.205967e+02
     vertex -3.166329e+01 -2.500000e+00  1.205967e+02
     vertex -3.159786e+01 -2.500000e+00  1.206343e+02
   endloop
 endfacet
 facet normal -4.980186e-01  0.000000e+00  8.671664e-01
   outer loop
     vertex -3.166329e+01  2.500000e+00  1.205967e+02
     vertex -3.159786e+01 -2.500000e+00  1.206343e+02
     vertex -3.159786e+01  2.500000e+00  1.206343e+02
   endloop
 endfacet
 facet normal -4.740412e-01  0.000000e+00  8.805026e-01
   outer loop
     vertex -3.172973e+01  2.500000e+00  1.205610e+02
     vertex -3.172973e+01 -2.500000e+00  1.205610e+02
     vertex -3.166329e+01 -2.500000e+00  1.205967e+02
   endloop
 endfacet
 facet normal -4.740412e-01  0.000000e+00  8.805026e-01
   outer loop
     vertex -3.172973e+01  2.500000e+00  1.205610e+02
     vertex -3.166329e+01 -2.500000e+00  1.205967e+02
     vertex -3.166329e+01  2.500000e+00  1.205967e+02
   endloop
 endfacet
 facet normal -4.497071e-01  0.000000e+00  8.931761e-01
   outer loop
     vertex -3.179712e+01  2.500000e+00  1.205270e+02
     vertex -3.179712e+01 -2.500000e+00  1.205270e+02
     vertex -3.172973e+01 -2.500000e+00  1.205610e+02
   endloop
 endfacet
 facet normal -4.497071e-01  0.000000e+00  8.931761e-01
   outer loop
     vertex -3.179712e+01  2.500000e+00  1.205270e+02
     vertex -3.172973e+01 -2.500000e+00  1.205610e+02
     vertex -3.172973e+01  2.500000e+00  1.205610e+02
   endloop
 endfacet
 facet normal -4.250344e-01  0.000000e+00  9.051772e-01
   outer loop
     vertex -3.186541e+01  2.500000e+00  1.204950e+02
     vertex -3.186541e+01 -2.500000e+00  1.204950e+02
     vertex -3.179712e+01 -2.500000e+00  1.205270e+02
   endloop
 endfacet
 facet normal -4.000417e-01  0.000000e+00  9.164969e-01
   outer loop
     vertex -3.186541e+01  2.500000e+00  1.204950e+02
     vertex -3.193456e+01 -2.500000e+00  1.204648e+02
     vertex -3.186541e+01 -2.500000e+00  1.204950e+02
   endloop
 endfacet
 facet normal -4.250344e-01  0.000000e+00  9.051772e-01
   outer loop
     vertex -3.186541e+01  2.500000e+00  1.204950e+02
     vertex -3.179712e+01 -2.500000e+00  1.205270e+02
     vertex -3.179712e+01  2.500000e+00  1.205270e+02
   endloop
 endfacet
 facet normal -4.000417e-01  0.000000e+00  9.164969e-01
   outer loop
     vertex -3.193456e+01  2.500000e+00  1.204648e+02
     vertex -3.193456e+01 -2.500000e+00  1.204648e+02
     vertex -3.186541e+01  2.500000e+00  1.204950e+02
   endloop
 endfacet
 facet normal -3.747479e-01  0.000000e+00  9.271267e-01
   outer loop
     vertex -3.200452e+01  2.500000e+00  1.204365e+02
     vertex -3.200452e+01 -2.500000e+00  1.204365e+02
     vertex -3.193456e+01 -2.500000e+00  1.204648e+02
   endloop
 endfacet
 facet normal -3.491720e-01  0.000000e+00  9.370586e-01
   outer loop
     vertex -3.200452e+01  2.500000e+00  1.204365e+02
     vertex -3.207522e+01 -2.500000e+00  1.204102e+02
     vertex -3.200452e+01 -2.500000e+00  1.204365e+02
   endloop
 endfacet
 facet normal -3.747479e-01  0.000000e+00  9.271267e-01
   outer loop
     vertex -3.200452e+01  2.500000e+00  1.204365e+02
     vertex -3.193456e+01 -2.500000e+00  1.204648e+02
     vertex -3.193456e+01  2.500000e+00  1.204648e+02
   endloop
 endfacet
 facet normal -3.233333e-01  0.000000e+00  9.462851e-01
   outer loop
     vertex -3.207522e+01  2.500000e+00  1.204102e+02
     vertex -3.214662e+01 -2.500000e+00  1.203858e+02
     vertex -3.207522e+01 -2.500000e+00  1.204102e+02
   endloop
 endfacet
 facet normal -3.491720e-01  0.000000e+00  9.370586e-01
   outer loop
     vertex -3.207522e+01  2.500000e+00  1.204102e+02
     vertex -3.207522e+01 -2.500000e+00  1.204102e+02
     vertex -3.200452e+01  2.500000e+00  1.204365e+02
   endloop
 endfacet
 facet normal -2.972512e-01  0.000000e+00  9.547993e-01
   outer loop
     vertex -3.214662e+01  2.500000e+00  1.203858e+02
     vertex -3.221866e+01 -2.500000e+00  1.203633e+02
     vertex -3.214662e+01 -2.500000e+00  1.203858e+02
   endloop
 endfacet
 facet normal -3.233333e-01  0.000000e+00  9.462851e-01
   outer loop
     vertex -3.214662e+01  2.500000e+00  1.203858e+02
     vertex -3.214662e+01 -2.500000e+00  1.203858e+02
     vertex -3.207522e+01  2.500000e+00  1.204102e+02
   endloop
 endfacet
 facet normal -2.972512e-01  0.000000e+00  9.547993e-01
   outer loop
     vertex -3.221866e+01  2.500000e+00  1.203633e+02
     vertex -3.221866e+01 -2.500000e+00  1.203633e+02
     vertex -3.214662e+01  2.500000e+00  1.203858e+02
   endloop
 endfacet
 facet normal -2.709453e-01  0.000000e+00  9.625948e-01
   outer loop
     vertex -3.229128e+01  2.500000e+00  1.203429e+02
     vertex -3.229128e+01 -2.500000e+00  1.203429e+02
     vertex -3.221866e+01 -2.500000e+00  1.203633e+02
   endloop
 endfacet
 facet normal -2.444354e-01  0.000000e+00  9.696656e-01
   outer loop
     vertex -3.229128e+01  2.500000e+00  1.203429e+02
     vertex -3.236445e+01 -2.500000e+00  1.203244e+02
     vertex -3.229128e+01 -2.500000e+00  1.203429e+02
   endloop
 endfacet
 facet normal -2.709453e-01  0.000000e+00  9.625948e-01
   outer loop
     vertex -3.229128e+01  2.500000e+00  1.203429e+02
     vertex -3.221866e+01 -2.500000e+00  1.203633e+02
     vertex -3.221866e+01  2.500000e+00  1.203633e+02
   endloop
 endfacet
 facet normal -2.444354e-01  0.000000e+00  9.696656e-01
   outer loop
     vertex -3.236445e+01  2.500000e+00  1.203244e+02
     vertex -3.236445e+01 -2.500000e+00  1.203244e+02
     vertex -3.229128e+01  2.500000e+00  1.203429e+02
   endloop
 endfacet
 facet normal -2.177416e-01  0.000000e+00  9.760065e-01
   outer loop
     vertex -3.243809e+01  2.500000e+00  1.203080e+02
     vertex -3.243809e+01 -2.500000e+00  1.203080e+02
     vertex -3.236445e+01 -2.500000e+00  1.203244e+02
   endloop
 endfacet
 facet normal -1.908838e-01  0.000000e+00  9.816126e-01
   outer loop
     vertex -3.243809e+01  2.500000e+00  1.203080e+02
     vertex -3.251215e+01 -2.500000e+00  1.202936e+02
     vertex -3.243809e+01 -2.500000e+00  1.203080e+02
   endloop
 endfacet
 facet normal -2.177416e-01  0.000000e+00  9.760065e-01
   outer loop
     vertex -3.243809e+01  2.500000e+00  1.203080e+02
     vertex -3.236445e+01 -2.500000e+00  1.203244e+02
     vertex -3.236445e+01  2.500000e+00  1.203244e+02
   endloop
 endfacet
 facet normal -1.638824e-01  0.000000e+00  9.864799e-01
   outer loop
     vertex -3.251215e+01  2.500000e+00  1.202936e+02
     vertex -3.258658e+01 -2.500000e+00  1.202813e+02
     vertex -3.251215e+01 -2.500000e+00  1.202936e+02
   endloop
 endfacet
 facet normal -1.908838e-01  0.000000e+00  9.816126e-01
   outer loop
     vertex -3.251215e+01  2.500000e+00  1.202936e+02
     vertex -3.251215e+01 -2.500000e+00  1.202936e+02
     vertex -3.243809e+01  2.500000e+00  1.203080e+02
   endloop
 endfacet
 facet normal -1.638824e-01  0.000000e+00  9.864799e-01
   outer loop
     vertex -3.258658e+01  2.500000e+00  1.202813e+02
     vertex -3.258658e+01 -2.500000e+00  1.202813e+02
     vertex -3.251215e+01  2.500000e+00  1.202936e+02
   endloop
 endfacet
 facet normal -1.367575e-01  0.000000e+00  9.906046e-01
   outer loop
     vertex -3.266132e+01  2.500000e+00  1.202709e+02
     vertex -3.266132e+01 -2.500000e+00  1.202709e+02
     vertex -3.258658e+01 -2.500000e+00  1.202813e+02
   endloop
 endfacet
 facet normal -1.095298e-01  0.000000e+00  9.939835e-01
   outer loop
     vertex -3.266132e+01  2.500000e+00  1.202709e+02
     vertex -3.273632e+01 -2.500000e+00  1.202627e+02
     vertex -3.266132e+01 -2.500000e+00  1.202709e+02
   endloop
 endfacet
 facet normal -1.367575e-01  0.000000e+00  9.906046e-01
   outer loop
     vertex -3.266132e+01  2.500000e+00  1.202709e+02
     vertex -3.258658e+01 -2.500000e+00  1.202813e+02
     vertex -3.258658e+01  2.500000e+00  1.202813e+02
   endloop
 endfacet
 facet normal -1.095298e-01  0.000000e+00  9.939835e-01
   outer loop
     vertex -3.273632e+01  2.500000e+00  1.202627e+02
     vertex -3.273632e+01 -2.500000e+00  1.202627e+02
     vertex -3.266132e+01  2.500000e+00  1.202709e+02
   endloop
 endfacet
 facet normal -8.221955e-02  0.000000e+00  9.966142e-01
   outer loop
     vertex -3.281152e+01  2.500000e+00  1.202565e+02
     vertex -3.273632e+01 -2.500000e+00  1.202627e+02
     vertex -3.273632e+01  2.500000e+00  1.202627e+02
   endloop
 endfacet
 facet normal -8.221955e-02  0.000000e+00  9.966142e-01
   outer loop
     vertex -3.281152e+01  2.500000e+00  1.202565e+02
     vertex -3.281152e+01 -2.500000e+00  1.202565e+02
     vertex -3.273632e+01 -2.500000e+00  1.202627e+02
   endloop
 endfacet
 facet normal -5.484744e-02  0.000000e+00  9.984947e-01
   outer loop
     vertex -3.281152e+01  2.500000e+00  1.202565e+02
     vertex -3.288685e+01 -2.500000e+00  1.202523e+02
     vertex -3.281152e+01 -2.500000e+00  1.202565e+02
   endloop
 endfacet
 facet normal -5.484744e-02  0.000000e+00  9.984947e-01
   outer loop
     vertex -3.288685e+01  2.500000e+00  1.202523e+02
     vertex -3.288685e+01 -2.500000e+00  1.202523e+02
     vertex -3.281152e+01  2.500000e+00  1.202565e+02
   endloop
 endfacet
 facet normal -2.743405e-02  0.000000e+00  9.996236e-01
   outer loop
     vertex -3.296227e+01  2.500000e+00  1.202503e+02
     vertex -3.288685e+01 -2.500000e+00  1.202523e+02
     vertex -3.288685e+01  2.500000e+00  1.202523e+02
   endloop
 endfacet
 facet normal -2.743405e-02  0.000000e+00  9.996236e-01
   outer loop
     vertex -3.296227e+01  2.500000e+00  1.202503e+02
     vertex -3.296227e+01 -2.500000e+00  1.202503e+02
     vertex -3.288685e+01 -2.500000e+00  1.202523e+02
   endloop
 endfacet
 facet normal -0.000000e+00  0.000000e+00  1.000000e+00
   outer loop
     vertex -3.303773e+01  2.500000e+00  1.202503e+02
     vertex -3.296227e+01 -2.500000e+00  1.202503e+02
     vertex -3.296227e+01  2.500000e+00  1.202503e+02
   endloop
 endfacet
 facet normal  0.000000e+00  0.000000e+00  1.000000e+00
   outer loop
     vertex -3.303773e+01  2.500000e+00  1.202503e+02
     vertex -3.303773e+01 -2.500000e+00  1.202503e+02
     vertex -3.296227e+01 -2.500000e+00  1.202503e+02
   endloop
 endfacet
 facet normal  2.743405e-02  0.000000e+00  9.996236e-01
   outer loop
     vertex -3.303773e+01  2.500000e+00  1.202503e+02
     vertex -3.311315e+01 -2.500000e+00  1.202523e+02
     vertex -3.303773e+01 -2.500000e+00  1.202503e+02
   endloop
 endfacet
 facet normal  2.743405e-02  0.000000e+00  9.996236e-01
   outer loop
     vertex -3.311315e+01  2.500000e+00  1.202523e+02
     vertex -3.311315e+01 -2.500000e+00  1.202523e+02
     vertex -3.303773e+01  2.500000e+00  1.202503e+02
   endloop
 endfacet
 facet normal  5.484744e-02  0.000000e+00  9.984947e-01
   outer loop
     vertex -3.311315e+01  2.500000e+00  1.202523e+02
     vertex -3.318848e+01 -2.500000e+00  1.202565e+02
     vertex -3.311315e+01 -2.500000e+00  1.202523e+02
   endloop
 endfacet
 facet normal  5.484744e-02  0.000000e+00  9.984947e-01
   outer loop
     vertex -3.318848e+01  2.500000e+00  1.202565e+02
     vertex -3.318848e+01 -2.500000e+00  1.202565e+02
     vertex -3.311315e+01  2.500000e+00  1.202523e+02
   endloop
 endfacet
 facet normal  8.221955e-02  0.000000e+00  9.966142e-01
   outer loop
     vertex -3.326368e+01  2.500000e+00  1.202627e+02
     vertex -3.318848e+01 -2.500000e+00  1.202565e+02
     vertex -3.318848e+01  2.500000e+00  1.202565e+02
   endloop
 endfacet
 facet normal  8.221955e-02  0.000000e+00  9.966142e-01
   outer loop
     vertex -3.326368e+01  2.500000e+00  1.202627e+02
     vertex -3.326368e+01 -2.500000e+00  1.202627e+02
     vertex -3.318848e+01 -2.500000e+00  1.202565e+02
   endloop
 endfacet
 facet normal  1.095298e-01  0.000000e+00  9.939835e-01
   outer loop
     vertex -3.333868e+01  2.500000e+00  1.202709e+02
     vertex -3.326368e+01 -2.500000e+00  1.202627e+02
     vertex -3.326368e+01  2.500000e+00  1.202627e+02
   endloop
 endfacet
 facet normal  1.095298e-01  0.000000e+00  9.939835e-01
   outer loop
     vertex -3.333868e+01  2.500000e+00  1.202709e+02
     vertex -3.333868e+01 -2.500000e+00  1.202709e+02
     vertex -3.326368e+01 -2.500000e+00  1.202627e+02
   endloop
 endfacet
 facet normal  1.367575e-01  0.000000e+00  9.906046e-01
   outer loop
     vertex -3.333868e+01  2.500000e+00  1.202709e+02
     vertex -3.341342e+01 -2.500000e+00  1.202813e+02
     vertex -3.333868e+01 -2.500000e+00  1.202709e+02
   endloop
 endfacet
 facet normal  1.367575e-01  0.000000e+00  9.906046e-01
   outer loop
     vertex -3.341342e+01  2.500000e+00  1.202813e+02
     vertex -3.341342e+01 -2.500000e+00  1.202813e+02
     vertex -3.333868e+01  2.500000e+00  1.202709e+02
   endloop
 endfacet
 facet normal  1.638824e-01  0.000000e+00  9.864799e-01
   outer loop
     vertex -3.348785e+01  2.500000e+00  1.202936e+02
     vertex -3.341342e+01 -2.500000e+00  1.202813e+02
     vertex -3.341342e+01  2.500000e+00  1.202813e+02
   endloop
 endfacet
 facet normal  1.638824e-01  0.000000e+00  9.864799e-01
   outer loop
     vertex -3.348785e+01  2.500000e+00  1.202936e+02
     vertex -3.348785e+01 -2.500000e+00  1.202936e+02
     vertex -3.341342e+01 -2.500000e+00  1.202813e+02
   endloop
 endfacet
 facet normal  1.908838e-01  0.000000e+00  9.816126e-01
   outer loop
     vertex -3.356191e+01  2.500000e+00  1.203080e+02
     vertex -3.348785e+01 -2.500000e+00  1.202936e+02
     vertex -3.348785e+01  2.500000e+00  1.202936e+02
   endloop
 endfacet
 facet normal  1.908838e-01  0.000000e+00  9.816126e-01
   outer loop
     vertex -3.356191e+01  2.500000e+00  1.203080e+02
     vertex -3.356191e+01 -2.500000e+00  1.203080e+02
     vertex -3.348785e+01 -2.500000e+00  1.202936e+02
   endloop
 endfacet
 facet normal  2.177416e-01  0.000000e+00  9.760065e-01
   outer loop
     vertex -3.356191e+01  2.500000e+00  1.203080e+02
     vertex -3.363555e+01 -2.500000e+00  1.203244e+02
     vertex -3.356191e+01 -2.500000e+00  1.203080e+02
   endloop
 endfacet
 facet normal  2.177416e-01  0.000000e+00  9.760065e-01
   outer loop
     vertex -3.363555e+01  2.500000e+00  1.203244e+02
     vertex -3.363555e+01 -2.500000e+00  1.203244e+02
     vertex -3.356191e+01  2.500000e+00  1.203080e+02
   endloop
 endfacet
 facet normal  2.444354e-01  0.000000e+00  9.696656e-01
   outer loop
     vertex -3.370872e+01  2.500000e+00  1.203429e+02
     vertex -3.370872e+01 -2.500000e+00  1.203429e+02
     vertex -3.363555e+01 -2.500000e+00  1.203244e+02
   endloop
 endfacet
 facet normal  2.709453e-01  0.000000e+00  9.625948e-01
   outer loop
     vertex -3.370872e+01  2.500000e+00  1.203429e+02
     vertex -3.378134e+01 -2.500000e+00  1.203633e+02
     vertex -3.370872e+01 -2.500000e+00  1.203429e+02
   endloop
 endfacet
 facet normal  2.444354e-01  0.000000e+00  9.696656e-01
   outer loop
     vertex -3.370872e+01  2.500000e+00  1.203429e+02
     vertex -3.363555e+01 -2.500000e+00  1.203244e+02
     vertex -3.363555e+01  2.500000e+00  1.203244e+02
   endloop
 endfacet
 facet normal  2.709453e-01  0.000000e+00  9.625948e-01
   outer loop
     vertex -3.378134e+01  2.500000e+00  1.203633e+02
     vertex -3.378134e+01 -2.500000e+00  1.203633e+02
     vertex -3.370872e+01  2.500000e+00  1.203429e+02
   endloop
 endfacet
 facet normal  2.972512e-01  0.000000e+00  9.547993e-01
   outer loop
     vertex -3.385338e+01  2.500000e+00  1.203858e+02
     vertex -3.385338e+01 -2.500000e+00  1.203858e+02
     vertex -3.378134e+01 -2.500000e+00  1.203633e+02
   endloop
 endfacet
 facet normal  3.233333e-01  0.000000e+00  9.462851e-01
   outer loop
     vertex -3.385338e+01  2.500000e+00  1.203858e+02
     vertex -3.392478e+01 -2.500000e+00  1.204102e+02
     vertex -3.385338e+01 -2.500000e+00  1.203858e+02
   endloop
 endfacet
 facet normal  2.972512e-01  0.000000e+00  9.547993e-01
   outer loop
     vertex -3.385338e+01  2.500000e+00  1.203858e+02
     vertex -3.378134e+01 -2.500000e+00  1.203633e+02
     vertex -3.378134e+01  2.500000e+00  1.203633e+02
   endloop
 endfacet
 facet normal  3.233333e-01  0.000000e+00  9.462851e-01
   outer loop
     vertex -3.392478e+01  2.500000e+00  1.204102e+02
     vertex -3.392478e+01 -2.500000e+00  1.204102e+02
     vertex -3.385338e+01  2.500000e+00  1.203858e+02
   endloop
 endfacet
 facet normal  3.491720e-01  0.000000e+00  9.370586e-01
   outer loop
     vertex -3.399548e+01  2.500000e+00  1.204365e+02
     vertex -3.399548e+01 -2.500000e+00  1.204365e+02
     vertex -3.392478e+01 -2.500000e+00  1.204102e+02
   endloop
 endfacet
 facet normal  3.747479e-01  0.000000e+00  9.271267e-01
   outer loop
     vertex -3.399548e+01  2.500000e+00  1.204365e+02
     vertex -3.406544e+01 -2.500000e+00  1.204648e+02
     vertex -3.399548e+01 -2.500000e+00  1.204365e+02
   endloop
 endfacet
 facet normal  3.491720e-01  0.000000e+00  9.370586e-01
   outer loop
     vertex -3.399548e+01  2.500000e+00  1.204365e+02
     vertex -3.392478e+01 -2.500000e+00  1.204102e+02
     vertex -3.392478e+01  2.500000e+00  1.204102e+02
   endloop
 endfacet
 facet normal  3.747479e-01  0.000000e+00  9.271267e-01
   outer loop
     vertex -3.406544e+01  2.500000e+00  1.204648e+02
     vertex -3.406544e+01 -2.500000e+00  1.204648e+02
     vertex -3.399548e+01  2.500000e+00  1.204365e+02
   endloop
 endfacet
 facet normal  4.000417e-01  0.000000e+00  9.164969e-01
   outer loop
     vertex -3.413459e+01  2.500000e+00  1.204950e+02
     vertex -3.413459e+01 -2.500000e+00  1.204950e+02
     vertex -3.406544e+01 -2.500000e+00  1.204648e+02
   endloop
 endfacet
 facet normal  4.000417e-01  0.000000e+00  9.164969e-01
   outer loop
     vertex -3.413459e+01  2.500000e+00  1.204950e+02
     vertex -3.406544e+01 -2.500000e+00  1.204648e+02
     vertex -3.406544e+01  2.500000e+00  1.204648e+02
   endloop
 endfacet
 facet normal  4.250344e-01  0.000000e+00  9.051772e-01
   outer loop
     vertex -3.420288e+01  2.500000e+00  1.205270e+02
     vertex -3.420288e+01 -2.500000e+00  1.205270e+02
     vertex -3.413459e+01 -2.500000e+00  1.204950e+02
   endloop
 endfacet
 facet normal  4.250344e-01  0.000000e+00  9.051772e-01
   outer loop
     vertex -3.420288e+01  2.500000e+00  1.205270e+02
     vertex -3.413459e+01 -2.500000e+00  1.204950e+02
     vertex -3.413459e+01  2.500000e+00  1.204950e+02
   endloop
 endfacet
 facet normal  4.497071e-01  0.000000e+00  8.931761e-01
   outer loop
     vertex -3.427027e+01  2.500000e+00  1.205610e+02
     vertex -3.427027e+01 -2.500000e+00  1.205610e+02
     vertex -3.420288e+01 -2.500000e+00  1.205270e+02
   endloop
 endfacet
 facet normal  4.497071e-01  0.000000e+00  8.931761e-01
   outer loop
     vertex -3.427027e+01  2.500000e+00  1.205610e+02
     vertex -3.420288e+01 -2.500000e+00  1.205270e+02
     vertex -3.420288e+01  2.500000e+00  1.205270e+02
   endloop
 endfacet
 facet normal  4.740412e-01  0.000000e+00  8.805026e-01
   outer loop
     vertex -3.433671e+01  2.500000e+00  1.205967e+02
     vertex -3.433671e+01 -2.500000e+00  1.205967e+02
     vertex -3.427027e+01 -2.500000e+00  1.205610e+02
   endloop
 endfacet
 facet normal  4.980186e-01  0.000000e+00  8.671664e-01
   outer loop
     vertex -3.433671e+01  2.500000e+00  1.205967e+02
     vertex -3.440214e+01 -2.500000e+00  1.206343e+02
     vertex -3.433671e+01 -2.500000e+00  1.205967e+02
   endloop
 endfacet
 facet normal  4.740412e-01  0.000000e+00  8.805026e-01
   outer loop
     vertex -3.433671e+01  2.500000e+00  1.205967e+02
     vertex -3.427027e+01 -2.500000e+00  1.205610e+02
     vertex -3.427027e+01  2.500000e+00  1.205610e+02
   endloop
 endfacet
 facet normal  5.216210e-01  0.000000e+00  8.531773e-01
   outer loop
     vertex -3.440214e+01  2.500000e+00  1.206343e+02
     vertex -3.446651e+01 -2.500000e+00  1.206737e+02
     vertex -3.440214e+01 -2.500000e+00  1.206343e+02
   endloop
 endfacet
 facet normal  4.980186e-01  0.000000e+00  8.671664e-01
   outer loop
     vertex -3.440214e+01  2.500000e+00  1.206343e+02
     vertex -3.440214e+01 -2.500000e+00  1.206343e+02
     vertex -3.433671e+01  2.500000e+00  1.205967e+02
   endloop
 endfacet
 facet normal  5.216210e-01  0.000000e+00  8.531773e-01
   outer loop
     vertex -3.446651e+01  2.500000e+00  1.206737e+02
     vertex -3.446651e+01 -2.500000e+00  1.206737e+02
     vertex -3.440214e+01  2.500000e+00  1.206343e+02
   endloop
 endfacet
 facet normal  5.448308e-01  0.000000e+00  8.385460e-01
   outer loop
     vertex -3.452978e+01  2.500000e+00  1.207148e+02
     vertex -3.446651e+01 -2.500000e+00  1.206737e+02
     vertex -3.446651e+01  2.500000e+00  1.206737e+02
   endloop
 endfacet
 facet normal  5.448308e-01  0.000000e+00  8.385460e-01
   outer loop
     vertex -3.452978e+01  2.500000e+00  1.207148e+02
     vertex -3.452978e+01 -2.500000e+00  1.207148e+02
     vertex -3.446651e+01 -2.500000e+00  1.206737e+02
   endloop
 endfacet
 facet normal  5.676304e-01  0.000000e+00  8.232835e-01
   outer loop
     vertex -3.452978e+01  2.500000e+00  1.207148e+02
     vertex -3.459190e+01 -2.500000e+00  1.207576e+02
     vertex -3.452978e+01 -2.500000e+00  1.207148e+02
   endloop
 endfacet
 facet normal  5.676304e-01  0.000000e+00  8.232835e-01
   outer loop
     vertex -3.459190e+01  2.500000e+00  1.207576e+02
     vertex -3.459190e+01 -2.500000e+00  1.207576e+02
     vertex -3.452978e+01  2.500000e+00  1.207148e+02
   endloop
 endfacet
 facet normal  5.900028e-01  0.000000e+00  8.074012e-01
   outer loop
     vertex -3.465281e+01  2.500000e+00  1.208021e+02
     vertex -3.459190e+01 -2.500000e+00  1.207576e+02
     vertex -3.459190e+01  2.500000e+00  1.207576e+02
   endloop
 endfacet
 facet normal  5.900028e-01  0.000000e+00  8.074012e-01
   outer loop
     vertex -3.465281e+01  2.500000e+00  1.208021e+02
     vertex -3.465281e+01 -2.500000e+00  1.208021e+02
     vertex -3.459190e+01 -2.500000e+00  1.207576e+02
   endloop
 endfacet
 facet normal  6.119310e-01  0.000000e+00  7.909112e-01
   outer loop
     vertex -3.471249e+01  2.500000e+00  1.208483e+02
     vertex -3.465281e+01 -2.500000e+00  1.208021e+02
     vertex -3.465281e+01  2.500000e+00  1.208021e+02
   endloop
 endfacet
 facet normal  6.119310e-01  0.000000e+00  7.909112e-01
   outer loop
     vertex -3.471249e+01  2.500000e+00  1.208483e+02
     vertex -3.471249e+01 -2.500000e+00  1.208483e+02
     vertex -3.465281e+01 -2.500000e+00  1.208021e+02
   endloop
 endfacet
 facet normal  6.333986e-01  0.000000e+00  7.738257e-01
   outer loop
     vertex -3.477088e+01  2.500000e+00  1.208961e+02
     vertex -3.471249e+01 -2.500000e+00  1.208483e+02
     vertex -3.471249e+01  2.500000e+00  1.208483e+02
   endloop
 endfacet
 facet normal  6.333986e-01  0.000000e+00  7.738257e-01
   outer loop
     vertex -3.477088e+01  2.500000e+00  1.208961e+02
     vertex -3.477088e+01 -2.500000e+00  1.208961e+02
     vertex -3.471249e+01 -2.500000e+00  1.208483e+02
   endloop
 endfacet
 facet normal  6.543893e-01  0.000000e+00  7.561578e-01
   outer loop
     vertex -3.482793e+01  2.500000e+00  1.209454e+02
     vertex -3.477088e+01 -2.500000e+00  1.208961e+02
     vertex -3.477088e+01  2.500000e+00  1.208961e+02
   endloop
 endfacet
 facet normal  6.543893e-01  0.000000e+00  7.561578e-01
   outer loop
     vertex -3.482793e+01  2.500000e+00  1.209454e+02
     vertex -3.482793e+01 -2.500000e+00  1.209454e+02
     vertex -3.477088e+01 -2.500000e+00  1.208961e+02
   endloop
 endfacet
 facet normal  6.748875e-01  0.000000e+00  7.379206e-01
   outer loop
     vertex -3.482793e+01  2.500000e+00  1.209454e+02
     vertex -3.488360e+01 -2.500000e+00  1.209964e+02
     vertex -3.482793e+01 -2.500000e+00  1.209454e+02
   endloop
 endfacet
 facet normal  6.748875e-01  0.000000e+00  7.379206e-01
   outer loop
     vertex -3.488360e+01  2.500000e+00  1.209964e+02
     vertex -3.488360e+01 -2.500000e+00  1.209964e+02
     vertex -3.482793e+01  2.500000e+00  1.209454e+02
   endloop
 endfacet
 facet normal  6.948776e-01  0.000000e+00  7.191280e-01
   outer loop
     vertex -3.493786e+01  2.500000e+00  1.210488e+02
     vertex -3.488360e+01 -2.500000e+00  1.209964e+02
     vertex -3.488360e+01  2.500000e+00  1.209964e+02
   endloop
 endfacet
 facet normal  6.948776e-01  0.000000e+00  7.191280e-01
   outer loop
     vertex -3.493786e+01  2.500000e+00  1.210488e+02
     vertex -3.493786e+01 -2.500000e+00  1.210488e+02
     vertex -3.488360e+01 -2.500000e+00  1.209964e+02
   endloop
 endfacet
 facet normal  7.143447e-01  0.000000e+00  6.997940e-01
   outer loop
     vertex -3.499066e+01  2.500000e+00  1.211027e+02
     vertex -3.493786e+01 -2.500000e+00  1.210488e+02
     vertex -3.493786e+01  2.500000e+00  1.210488e+02
   endloop
 endfacet
 facet normal  7.143447e-01  0.000000e+00  6.997940e-01
   outer loop
     vertex -3.499066e+01  2.500000e+00  1.211027e+02
     vertex -3.499066e+01 -2.500000e+00  1.211027e+02
     vertex -3.493786e+01 -2.500000e+00  1.210488e+02
   endloop
 endfacet
 facet normal  7.332740e-01  0.000000e+00  6.799333e-01
   outer loop
     vertex -3.499066e+01  2.500000e+00  1.211027e+02
     vertex -3.504196e+01 -2.500000e+00  1.211580e+02
     vertex -3.499066e+01 -2.500000e+00  1.211027e+02
   endloop
 endfacet
 facet normal  7.332740e-01  0.000000e+00  6.799333e-01
   outer loop
     vertex -3.504196e+01  2.500000e+00  1.211580e+02
     vertex -3.504196e+01 -2.500000e+00  1.211580e+02
     vertex -3.499066e+01  2.500000e+00  1.211027e+02
   endloop
 endfacet
 facet normal  7.516513e-01  0.000000e+00  6.595607e-01
   outer loop
     vertex -3.504196e+01  2.500000e+00  1.211580e+02
     vertex -3.509173e+01 -2.500000e+00  1.212147e+02
     vertex -3.504196e+01 -2.500000e+00  1.211580e+02
   endloop
 endfacet
 facet normal  7.516513e-01  0.000000e+00  6.595607e-01
   outer loop
     vertex -3.509173e+01  2.500000e+00  1.212147e+02
     vertex -3.509173e+01 -2.500000e+00  1.212147e+02
     vertex -3.504196e+01  2.500000e+00  1.211580e+02
   endloop
 endfacet
 facet normal  7.694628e-01  0.000000e+00  6.386916e-01
   outer loop
     vertex -3.513992e+01  2.500000e+00  1.212728e+02
     vertex -3.509173e+01 -2.500000e+00  1.212147e+02
     vertex -3.509173e+01  2.500000e+00  1.212147e+02
   endloop
 endfacet
 facet normal  7.694628e-01  0.000000e+00  6.386916e-01
   outer loop
     vertex -3.513992e+01  2.500000e+00  1.212728e+02
     vertex -3.513992e+01 -2.500000e+00  1.212728e+02
     vertex -3.509173e+01 -2.500000e+00  1.212147e+02
   endloop
 endfacet
 facet normal  7.866951e-01  0.000000e+00  6.173417e-01
   outer loop
     vertex -3.518650e+01  2.500000e+00  1.213321e+02
     vertex -3.513992e+01 -2.500000e+00  1.212728e+02
     vertex -3.513992e+01  2.500000e+00  1.212728e+02
   endloop
 endfacet
 facet normal  7.866951e-01  0.000000e+00  6.173417e-01
   outer loop
     vertex -3.518650e+01  2.500000e+00  1.213321e+02
     vertex -3.518650e+01 -2.500000e+00  1.213321e+02
     vertex -3.513992e+01 -2.500000e+00  1.212728e+02
   endloop
 endfacet
 facet normal  8.033352e-01  0.000000e+00  5.955271e-01
   outer loop
     vertex -3.523143e+01  2.500000e+00  1.213928e+02
     vertex -3.518650e+01 -2.500000e+00  1.213321e+02
     vertex -3.518650e+01  2.500000e+00  1.213321e+02
   endloop
 endfacet
 facet normal  8.033352e-01  0.000000e+00  5.955271e-01
   outer loop
     vertex -3.523143e+01  2.500000e+00  1.213928e+02
     vertex -3.523143e+01 -2.500000e+00  1.213928e+02
     vertex -3.518650e+01 -2.500000e+00  1.213321e+02
   endloop
 endfacet
 facet normal  8.193706e-01  0.000000e+00  5.732642e-01
   outer loop
     vertex -3.527468e+01  2.500000e+00  1.214546e+02
     vertex -3.523143e+01 -2.500000e+00  1.213928e+02
     vertex -3.523143e+01  2.500000e+00  1.213928e+02
   endloop
 endfacet
 facet normal  8.193706e-01  0.000000e+00  5.732642e-01
   outer loop
     vertex -3.527468e+01  2.500000e+00  1.214546e+02
     vertex -3.527468e+01 -2.500000e+00  1.214546e+02
     vertex -3.523143e+01 -2.500000e+00  1.213928e+02
   endloop
 endfacet
 facet normal  8.347891e-01  0.000000e+00  5.505698e-01
   outer loop
     vertex -3.531622e+01  2.500000e+00  1.215176e+02
     vertex -3.527468e+01 -2.500000e+00  1.214546e+02
     vertex -3.527468e+01  2.500000e+00  1.214546e+02
   endloop
 endfacet
 facet normal  8.347891e-01  0.000000e+00  5.505698e-01
   outer loop
     vertex -3.531622e+01  2.500000e+00  1.215176e+02
     vertex -3.531622e+01 -2.500000e+00  1.215176e+02
     vertex -3.527468e+01 -2.500000e+00  1.214546e+02
   endloop
 endfacet
 facet normal  8.495793e-01  0.000000e+00  5.274609e-01
   outer loop
     vertex -3.535602e+01  2.500000e+00  1.215817e+02
     vertex -3.531622e+01 -2.500000e+00  1.215176e+02
     vertex -3.531622e+01  2.500000e+00  1.215176e+02
   endloop
 endfacet
 facet normal  8.495793e-01  0.000000e+00  5.274609e-01
   outer loop
     vertex -3.535602e+01  2.500000e+00  1.215817e+02
     vertex -3.535602e+01 -2.500000e+00  1.215817e+02
     vertex -3.531622e+01 -2.500000e+00  1.215176e+02
   endloop
 endfacet
 facet normal  8.637299e-01  0.000000e+00  5.039550e-01
   outer loop
     vertex -3.535602e+01  2.500000e+00  1.215817e+02
     vertex -3.539405e+01 -2.500000e+00  1.216468e+02
     vertex -3.535602e+01 -2.500000e+00  1.215817e+02
   endloop
 endfacet
 facet normal  8.637299e-01  0.000000e+00  5.039550e-01
   outer loop
     vertex -3.539405e+01  2.500000e+00  1.216468e+02
     vertex -3.539405e+01 -2.500000e+00  1.216468e+02
     vertex -3.535602e+01  2.500000e+00  1.215817e+02
   endloop
 endfacet
 facet normal  8.772303e-01  0.000000e+00  4.800697e-01
   outer loop
     vertex -3.543027e+01  2.500000e+00  1.217130e+02
     vertex -3.539405e+01 -2.500000e+00  1.216468e+02
     vertex -3.539405e+01  2.500000e+00  1.216468e+02
   endloop
 endfacet
 facet normal  8.772303e-01  0.000000e+00  4.800697e-01
   outer loop
     vertex -3.543027e+01  2.500000e+00  1.217130e+02
     vertex -3.543027e+01 -2.500000e+00  1.217130e+02
     vertex -3.539405e+01 -2.500000e+00  1.216468e+02
   endloop
 endfacet
 facet normal  8.900704e-01  0.000000e+00  4.558231e-01
   outer loop
     vertex -3.546466e+01  2.500000e+00  1.217802e+02
     vertex -3.543027e+01 -2.500000e+00  1.217130e+02
     vertex -3.543027e+01  2.500000e+00  1.217130e+02
   endloop
 endfacet
 facet normal  8.900704e-01  0.000000e+00  4.558231e-01
   outer loop
     vertex -3.546466e+01  2.500000e+00  1.217802e+02
     vertex -3.546466e+01 -2.500000e+00  1.217802e+02
     vertex -3.543027e+01 -2.500000e+00  1.217130e+02
   endloop
 endfacet
 facet normal  9.022405e-01  0.000000e+00  4.312333e-01
   outer loop
     vertex -3.546466e+01  2.500000e+00  1.217802e+02
     vertex -3.549720e+01 -2.500000e+00  1.218483e+02
     vertex -3.546466e+01 -2.500000e+00  1.217802e+02
   endloop
 endfacet
 facet normal  9.022405e-01  0.000000e+00  4.312333e-01
   outer loop
     vertex -3.549720e+01  2.500000e+00  1.218483e+02
     vertex -3.549720e+01 -2.500000e+00  1.218483e+02
     vertex -3.546466e+01  2.500000e+00  1.217802e+02
   endloop
 endfacet
 facet normal  9.137314e-01  0.000000e+00  4.063188e-01
   outer loop
     vertex -3.552785e+01  2.500000e+00  1.219172e+02
     vertex -3.549720e+01 -2.500000e+00  1.218483e+02
     vertex -3.549720e+01  2.500000e+00  1.218483e+02
   endloop
 endfacet
 facet normal  9.137314e-01  0.000000e+00  4.063188e-01
   outer loop
     vertex -3.552785e+01  2.500000e+00  1.219172e+02
     vertex -3.552785e+01 -2.500000e+00  1.219172e+02
     vertex -3.549720e+01 -2.500000e+00  1.218483e+02
   endloop
 endfacet
 facet normal  9.245344e-01  0.000000e+00  3.810986e-01
   outer loop
     vertex -3.555661e+01  2.500000e+00  1.219870e+02
     vertex -3.555661e+01 -2.500000e+00  1.219870e+02
     vertex -3.552785e+01 -2.500000e+00  1.219172e+02
   endloop
 endfacet
 facet normal  9.245344e-01  0.000000e+00  3.810986e-01
   outer loop
     vertex -3.555661e+01  2.500000e+00  1.219870e+02
     vertex -3.552785e+01 -2.500000e+00  1.219172e+02
     vertex -3.552785e+01  2.500000e+00  1.219172e+02
   endloop
 endfacet
 facet normal  9.346415e-01  0.000000e+00  3.555914e-01
   outer loop
     vertex -3.558344e+01  2.500000e+00  1.220575e+02
     vertex -3.558344e+01 -2.500000e+00  1.220575e+02
     vertex -3.555661e+01 -2.500000e+00  1.219870e+02
   endloop
 endfacet
 facet normal  9.346415e-01  0.000000e+00  3.555914e-01
   outer loop
     vertex -3.558344e+01  2.500000e+00  1.220575e+02
     vertex -3.555661e+01 -2.500000e+00  1.219870e+02
     vertex -3.555661e+01  2.500000e+00  1.219870e+02
   endloop
 endfacet
 facet normal  9.440450e-01  0.000000e+00  3.298166e-01
   outer loop
     vertex -3.560832e+01  2.500000e+00  1.221287e+02
     vertex -3.560832e+01 -2.500000e+00  1.221287e+02
     vertex -3.558344e+01 -2.500000e+00  1.220575e+02
   endloop
 endfacet
 facet normal  9.440450e-01  0.000000e+00  3.298166e-01
   outer loop
     vertex -3.560832e+01  2.500000e+00  1.221287e+02
     vertex -3.558344e+01 -2.500000e+00  1.220575e+02
     vertex -3.558344e+01  2.500000e+00  1.220575e+02
   endloop
 endfacet
 facet normal  9.527379e-01  0.000000e+00  3.037934e-01
   outer loop
     vertex -3.563124e+01  2.500000e+00  1.222006e+02
     vertex -3.563124e+01 -2.500000e+00  1.222006e+02
     vertex -3.560832e+01 -2.500000e+00  1.221287e+02
   endloop
 endfacet
 facet normal  9.527379e-01  0.000000e+00  3.037934e-01
   outer loop
     vertex -3.563124e+01  2.500000e+00  1.222006e+02
     vertex -3.560832e+01 -2.500000e+00  1.221287e+02
     vertex -3.560832e+01  2.500000e+00  1.221287e+02
   endloop
 endfacet
 facet normal  9.607136e-01  0.000000e+00  2.775416e-01
   outer loop
     vertex -3.565218e+01  2.500000e+00  1.222731e+02
     vertex -3.563124e+01 -2.500000e+00  1.222006e+02
     vertex -3.563124e+01  2.500000e+00  1.222006e+02
   endloop
 endfacet
 facet normal  9.607136e-01  0.000000e+00  2.775416e-01
   outer loop
     vertex -3.565218e+01  2.500000e+00  1.222731e+02
     vertex -3.565218e+01 -2.500000e+00  1.222731e+02
     vertex -3.563124e+01 -2.500000e+00  1.222006e+02
   endloop
 endfacet
 facet normal  9.679661e-01  0.000000e+00  2.510809e-01
   outer loop
     vertex -3.567113e+01  2.500000e+00  1.223461e+02
     vertex -3.565218e+01 -2.500000e+00  1.222731e+02
     vertex -3.565218e+01  2.500000e+00  1.222731e+02
   endloop
 endfacet
 facet normal  9.679661e-01  0.000000e+00  2.510809e-01
   outer loop
     vertex -3.567113e+01  2.500000e+00  1.223461e+02
     vertex -3.567113e+01 -2.500000e+00  1.223461e+02
     vertex -3.565218e+01 -2.500000e+00  1.222731e+02
   endloop
 endfacet
 facet normal  9.744899e-01  0.000000e+00  2.244312e-01
   outer loop
     vertex -3.568806e+01  2.500000e+00  1.224196e+02
     vertex -3.567113e+01 -2.500000e+00  1.223461e+02
     vertex -3.567113e+01  2.500000e+00  1.223461e+02
   endloop
 endfacet
 facet normal  9.744899e-01  0.000000e+00  2.244312e-01
   outer loop
     vertex -3.568806e+01  2.500000e+00  1.224196e+02
     vertex -3.568806e+01 -2.500000e+00  1.224196e+02
     vertex -3.567113e+01 -2.500000e+00  1.223461e+02
   endloop
 endfacet
 facet normal  9.802802e-01  0.000000e+00  1.976125e-01
   outer loop
     vertex -3.570297e+01  2.500000e+00  1.224936e+02
     vertex -3.568806e+01 -2.500000e+00  1.224196e+02
     vertex -3.568806e+01  2.500000e+00  1.224196e+02
   endloop
 endfacet
 facet normal  9.802802e-01  0.000000e+00  1.976125e-01
   outer loop
     vertex -3.570297e+01  2.500000e+00  1.224936e+02
     vertex -3.570297e+01 -2.500000e+00  1.224936e+02
     vertex -3.568806e+01 -2.500000e+00  1.224196e+02
   endloop
 endfacet
 facet normal  9.853326e-01  0.000000e+00  1.706451e-01
   outer loop
     vertex -3.571585e+01  2.500000e+00  1.225679e+02
     vertex -3.570297e+01 -2.500000e+00  1.224936e+02
     vertex -3.570297e+01  2.500000e+00  1.224936e+02
   endloop
 endfacet
 facet normal  9.853326e-01  0.000000e+00  1.706451e-01
   outer loop
     vertex -3.571585e+01  2.500000e+00  1.225679e+02
     vertex -3.571585e+01 -2.500000e+00  1.225679e+02
     vertex -3.570297e+01 -2.500000e+00  1.224936e+02
   endloop
 endfacet
 facet normal  9.896432e-01  0.000000e+00  1.435492e-01
   outer loop
     vertex -3.572668e+01  2.500000e+00  1.226426e+02
     vertex -3.571585e+01 -2.500000e+00  1.225679e+02
     vertex -3.571585e+01  2.500000e+00  1.225679e+02
   endloop
 endfacet
 facet normal  9.896432e-01  0.000000e+00  1.435492e-01
   outer loop
     vertex -3.572668e+01  2.500000e+00  1.226426e+02
     vertex -3.572668e+01 -2.500000e+00  1.226426e+02
     vertex -3.571585e+01 -2.500000e+00  1.225679e+02
   endloop
 endfacet
 facet normal  9.932088e-01  0.000000e+00  1.163452e-01
   outer loop
     vertex -3.573546e+01  2.500000e+00  1.227175e+02
     vertex -3.572668e+01 -2.500000e+00  1.226426e+02
     vertex -3.572668e+01  2.500000e+00  1.226426e+02
   endloop
 endfacet
 facet normal  9.932088e-01  0.000000e+00  1.163452e-01
   outer loop
     vertex -3.573546e+01  2.500000e+00  1.227175e+02
     vertex -3.573546e+01 -2.500000e+00  1.227175e+02
     vertex -3.572668e+01 -2.500000e+00  1.226426e+02
   endloop
 endfacet
 facet normal  9.960268e-01  0.000000e+00  8.905371e-02
   outer loop
     vertex -3.574218e+01  2.500000e+00  1.227927e+02
     vertex -3.573546e+01 -2.500000e+00  1.227175e+02
     vertex -3.573546e+01  2.500000e+00  1.227175e+02
   endloop
 endfacet
 facet normal  9.960268e-01  0.000000e+00  8.905371e-02
   outer loop
     vertex -3.574218e+01  2.500000e+00  1.227927e+02
     vertex -3.574218e+01 -2.500000e+00  1.227927e+02
     vertex -3.573546e+01 -2.500000e+00  1.227175e+02
   endloop
 endfacet
 facet normal  9.980950e-01  0.000000e+00  6.169515e-02
   outer loop
     vertex -3.574683e+01  2.500000e+00  1.228680e+02
     vertex -3.574218e+01 -2.500000e+00  1.227927e+02
     vertex -3.574218e+01  2.500000e+00  1.227927e+02
   endloop
 endfacet
 facet normal  9.980950e-01  0.000000e+00  6.169515e-02
   outer loop
     vertex -3.574683e+01  2.500000e+00  1.228680e+02
     vertex -3.574683e+01 -2.500000e+00  1.228680e+02
     vertex -3.574218e+01 -2.500000e+00  1.227927e+02
   endloop
 endfacet
 facet normal  9.994119e-01  0.000000e+00  3.429014e-02
   outer loop
     vertex -3.574942e+01  2.500000e+00  1.229434e+02
     vertex -3.574683e+01 -2.500000e+00  1.228680e+02
     vertex -3.574683e+01  2.500000e+00  1.228680e+02
   endloop
 endfacet
 facet normal  9.994119e-01  0.000000e+00  3.429014e-02
   outer loop
     vertex -3.574942e+01  2.500000e+00  1.229434e+02
     vertex -3.574942e+01 -2.500000e+00  1.229434e+02
     vertex -3.574683e+01 -2.500000e+00  1.228680e+02
   endloop
 endfacet
 facet normal  9.999765e-01  0.000000e+00  6.859319e-03
   outer loop
     vertex -3.574942e+01  2.500000e+00  1.229434e+02
     vertex -3.574994e+01 -2.500000e+00  1.230189e+02
     vertex -3.574942e+01 -2.500000e+00  1.229434e+02
   endloop
 endfacet
 facet normal  9.999765e-01  0.000000e+00  6.859319e-03
   outer loop
     vertex -3.574994e+01  2.500000e+00  1.230189e+02
     vertex -3.574994e+01 -2.500000e+00  1.230189e+02
     vertex -3.574942e+01  2.500000e+00  1.229434e+02
   endloop
 endfacet
 facet normal  9.997883e-01  0.000000e+00 -2.057667e-02
   outer loop
     vertex -3.574994e+01  2.500000e+00  1.230189e+02
     vertex -3.574838e+01 -2.500000e+00  1.230943e+02
     vertex -3.574994e+01 -2.500000e+00  1.230189e+02
   endloop
 endfacet
 facet normal  9.997883e-01  0.000000e+00 -2.057667e-02
   outer loop
     vertex -3.574838e+01  2.500000e+00  1.230943e+02
     vertex -3.574838e+01 -2.500000e+00  1.230943e+02
     vertex -3.574994e+01  2.500000e+00  1.230189e+02
   endloop
 endfacet
 facet normal  9.988475e-01  0.000000e+00 -4.799716e-02
   outer loop
     vertex -3.574476e+01  2.500000e+00  1.231697e+02
     vertex -3.574476e+01 -2.500000e+00  1.231697e+02
     vertex -3.574838e+01 -2.500000e+00  1.230943e+02
   endloop
 endfacet
 facet normal  9.988475e-01  0.000000e+00 -4.799716e-02
   outer loop
     vertex -3.574476e+01  2.500000e+00  1.231697e+02
     vertex -3.574838e+01 -2.500000e+00  1.230943e+02
     vertex -3.574838e+01  2.500000e+00  1.230943e+02
   endloop
 endfacet
 facet normal  9.971548e-01  0.000000e+00 -7.538152e-02
   outer loop
     vertex -3.573907e+01  2.500000e+00  1.232449e+02
     vertex -3.573907e+01 -2.500000e+00  1.232449e+02
     vertex -3.574476e+01 -2.500000e+00  1.231697e+02
   endloop
 endfacet
 facet normal  9.971548e-01  0.000000e+00 -7.538152e-02
   outer loop
     vertex -3.573907e+01  2.500000e+00  1.232449e+02
     vertex -3.574476e+01 -2.500000e+00  1.231697e+02
     vertex -3.574476e+01  2.500000e+00  1.231697e+02
   endloop
 endfacet
 facet normal  9.947114e-01  0.000000e+00 -1.027091e-01
   outer loop
     vertex -3.573132e+01  2.500000e+00  1.233199e+02
     vertex -3.573132e+01 -2.500000e+00  1.233199e+02
     vertex -3.573907e+01 -2.500000e+00  1.232449e+02
   endloop
 endfacet
 facet normal  9.947114e-01  0.000000e+00 -1.027091e-01
   outer loop
     vertex -3.573132e+01  2.500000e+00  1.233199e+02
     vertex -3.573907e+01 -2.500000e+00  1.232449e+02
     vertex -3.573907e+01  2.500000e+00  1.232449e+02
   endloop
 endfacet
 facet normal  9.915193e-01  0.000000e+00 -1.299594e-01
   outer loop
     vertex -3.572152e+01  2.500000e+00  1.233948e+02
     vertex -3.572152e+01 -2.500000e+00  1.233948e+02
     vertex -3.573132e+01 -2.500000e+00  1.233199e+02
   endloop
 endfacet
 facet normal  9.915193e-01  0.000000e+00 -1.299594e-01
   outer loop
     vertex -3.572152e+01  2.500000e+00  1.233948e+02
     vertex -3.573132e+01 -2.500000e+00  1.233199e+02
     vertex -3.573132e+01  2.500000e+00  1.233199e+02
   endloop
 endfacet
 facet normal  9.875808e-01  0.000000e+00 -1.571119e-01
   outer loop
     vertex -3.570966e+01  2.500000e+00  1.234693e+02
     vertex -3.570966e+01 -2.500000e+00  1.234693e+02
     vertex -3.572152e+01 -2.500000e+00  1.233948e+02
   endloop
 endfacet
 facet normal  9.875808e-01  0.000000e+00 -1.571119e-01
   outer loop
     vertex -3.570966e+01  2.500000e+00  1.234693e+02
     vertex -3.572152e+01 -2.500000e+00  1.233948e+02
     vertex -3.572152e+01  2.500000e+00  1.233948e+02
   endloop
 endfacet
 facet normal  9.828989e-01  0.000000e+00 -1.841461e-01
   outer loop
     vertex -3.569577e+01  2.500000e+00  1.235434e+02
     vertex -3.569577e+01 -2.500000e+00  1.235434e+02
     vertex -3.570966e+01 -2.500000e+00  1.234693e+02
   endloop
 endfacet
 facet normal  9.828989e-01  0.000000e+00 -1.841461e-01
   outer loop
     vertex -3.569577e+01  2.500000e+00  1.235434e+02
     vertex -3.570966e+01 -2.500000e+00  1.234693e+02
     vertex -3.570966e+01  2.500000e+00  1.234693e+02
   endloop
 endfacet
 facet normal  9.774771e-01  0.000000e+00 -2.110417e-01
   outer loop
     vertex -3.567985e+01  2.500000e+00  1.236172e+02
     vertex -3.567985e+01 -2.500000e+00  1.236172e+02
     vertex -3.569577e+01 -2.500000e+00  1.235434e+02
   endloop
 endfacet
 facet normal  9.774771e-01  0.000000e+00 -2.110417e-01
   outer loop
     vertex -3.567985e+01  2.500000e+00  1.236172e+02
     vertex -3.569577e+01 -2.500000e+00  1.235434e+02
     vertex -3.569577e+01  2.500000e+00  1.235434e+02
   endloop
 endfacet
 facet normal  9.713194e-01  0.000000e+00 -2.377784e-01
   outer loop
     vertex -3.566191e+01  2.500000e+00  1.236905e+02
     vertex -3.566191e+01 -2.500000e+00  1.236905e+02
     vertex -3.567985e+01 -2.500000e+00  1.236172e+02
   endloop
 endfacet
 facet normal  9.713194e-01  0.000000e+00 -2.377784e-01
   outer loop
     vertex -3.566191e+01  2.500000e+00  1.236905e+02
     vertex -3.567985e+01 -2.500000e+00  1.236172e+02
     vertex -3.567985e+01  2.500000e+00  1.236172e+02
   endloop
 endfacet
 facet normal  9.644306e-01  0.000000e+00 -2.643362e-01
   outer loop
     vertex -3.564196e+01  2.500000e+00  1.237632e+02
     vertex -3.564196e+01 -2.500000e+00  1.237632e+02
     vertex -3.566191e+01 -2.500000e+00  1.236905e+02
   endloop
 endfacet
 facet normal  9.644306e-01  0.000000e+00 -2.643362e-01
   outer loop
     vertex -3.564196e+01  2.500000e+00  1.237632e+02
     vertex -3.566191e+01 -2.500000e+00  1.236905e+02
     vertex -3.566191e+01  2.500000e+00  1.236905e+02
   endloop
 endfacet
 facet normal  9.568158e-01  0.000000e+00 -2.906949e-01
   outer loop
     vertex -3.562003e+01  2.500000e+00  1.238354e+02
     vertex -3.562003e+01 -2.500000e+00  1.238354e+02
     vertex -3.564196e+01 -2.500000e+00  1.237632e+02
   endloop
 endfacet
 facet normal  9.568158e-01  0.000000e+00 -2.906949e-01
   outer loop
     vertex -3.562003e+01  2.500000e+00  1.238354e+02
     vertex -3.564196e+01 -2.500000e+00  1.237632e+02
     vertex -3.564196e+01  2.500000e+00  1.237632e+02
   endloop
 endfacet
 facet normal  9.484807e-01  0.000000e+00 -3.168348e-01
   outer loop
     vertex -3.559612e+01  2.500000e+00  1.239070e+02
     vertex -3.559612e+01 -2.500000e+00  1.239070e+02
     vertex -3.562003e+01 -2.500000e+00  1.238354e+02
   endloop
 endfacet
 facet normal  9.394317e-01  0.000000e+00 -3.427362e-01
   outer loop
     vertex -3.559612e+01  2.500000e+00  1.239070e+02
     vertex -3.557026e+01 -2.500000e+00  1.239779e+02
     vertex -3.559612e+01 -2.500000e+00  1.239070e+02
   endloop
 endfacet
 facet normal  9.484807e-01  0.000000e+00 -3.168348e-01
   outer loop
     vertex -3.559612e+01  2.500000e+00  1.239070e+02
     vertex -3.562003e+01 -2.500000e+00  1.238354e+02
     vertex -3.562003e+01  2.500000e+00  1.238354e+02
   endloop
 endfacet
 facet normal  9.296754e-01  0.000000e+00 -3.683796e-01
   outer loop
     vertex -3.557026e+01  2.500000e+00  1.239779e+02
     vertex -3.554247e+01 -2.500000e+00  1.240480e+02
     vertex -3.557026e+01 -2.500000e+00  1.239779e+02
   endloop
 endfacet
 facet normal  9.394317e-01  0.000000e+00 -3.427362e-01
   outer loop
     vertex -3.557026e+01  2.500000e+00  1.239779e+02
     vertex -3.557026e+01 -2.500000e+00  1.239779e+02
     vertex -3.559612e+01  2.500000e+00  1.239070e+02
   endloop
 endfacet
 facet normal  9.296754e-01  0.000000e+00 -3.683796e-01
   outer loop
     vertex -3.554247e+01  2.500000e+00  1.240480e+02
     vertex -3.554247e+01 -2.500000e+00  1.240480e+02
     vertex -3.557026e+01  2.500000e+00  1.239779e+02
   endloop
 endfacet
 facet normal  9.192194e-01  0.000000e+00 -3.937458e-01
   outer loop
     vertex -3.551276e+01  2.500000e+00  1.241174e+02
     vertex -3.554247e+01 -2.500000e+00  1.240480e+02
     vertex -3.554247e+01  2.500000e+00  1.240480e+02
   endloop
 endfacet
 facet normal  9.192194e-01  0.000000e+00 -3.937458e-01
   outer loop
     vertex -3.551276e+01  2.500000e+00  1.241174e+02
     vertex -3.551276e+01 -2.500000e+00  1.241174e+02
     vertex -3.554247e+01 -2.500000e+00  1.240480e+02
   endloop
 endfacet
 facet normal  9.080714e-01  0.000000e+00 -4.188155e-01
   outer loop
     vertex -3.551276e+01  2.500000e+00  1.241174e+02
     vertex -3.548116e+01 -2.500000e+00  1.241859e+02
     vertex -3.551276e+01 -2.500000e+00  1.241174e+02
   endloop
 endfacet
 facet normal  9.080714e-01  0.000000e+00 -4.188155e-01
   outer loop
     vertex -3.548116e+01  2.500000e+00  1.241859e+02
     vertex -3.548116e+01 -2.500000e+00  1.241859e+02
     vertex -3.551276e+01  2.500000e+00  1.241174e+02
   endloop
 endfacet
 facet normal  8.962398e-01  0.000000e+00 -4.435699e-01
   outer loop
     vertex -3.544769e+01  2.500000e+00  1.242535e+02
     vertex -3.544769e+01 -2.500000e+00  1.242535e+02
     vertex -3.548116e+01 -2.500000e+00  1.241859e+02
   endloop
 endfacet
 facet normal  8.837335e-01  0.000000e+00 -4.679904e-01
   outer loop
     vertex -3.544769e+01  2.500000e+00  1.242535e+02
     vertex -3.541238e+01 -2.500000e+00  1.243202e+02
     vertex -3.544769e+01 -2.500000e+00  1.242535e+02
   endloop
 endfacet
 facet normal  8.962398e-01  0.000000e+00 -4.435699e-01
   outer loop
     vertex -3.544769e+01  2.500000e+00  1.242535e+02
     vertex -3.548116e+01 -2.500000e+00  1.241859e+02
     vertex -3.548116e+01  2.500000e+00  1.241859e+02
   endloop
 endfacet
 facet normal  8.837335e-01  0.000000e+00 -4.679904e-01
   outer loop
     vertex -3.541238e+01  2.500000e+00  1.243202e+02
     vertex -3.541238e+01 -2.500000e+00  1.243202e+02
     vertex -3.544769e+01  2.500000e+00  1.242535e+02
   endloop
 endfacet
 facet normal  8.705620e-01  0.000000e+00 -4.920587e-01
   outer loop
     vertex -3.537526e+01  2.500000e+00  1.243859e+02
     vertex -3.537526e+01 -2.500000e+00  1.243859e+02
     vertex -3.541238e+01 -2.500000e+00  1.243202e+02
   endloop
 endfacet
 facet normal  8.705620e-01  0.000000e+00 -4.920587e-01
   outer loop
     vertex -3.537526e+01  2.500000e+00  1.243859e+02
     vertex -3.541238e+01 -2.500000e+00  1.243202e+02
     vertex -3.541238e+01  2.500000e+00  1.243202e+02
   endloop
 endfacet
 facet normal  8.567352e-01  0.000000e+00 -5.157565e-01
   outer loop
     vertex -3.537526e+01  2.500000e+00  1.243859e+02
     vertex -3.533634e+01 -2.500000e+00  1.244505e+02
     vertex -3.537526e+01 -2.500000e+00  1.243859e+02
   endloop
 endfacet
 facet normal  8.567352e-01  0.000000e+00 -5.157565e-01
   outer loop
     vertex -3.533634e+01  2.500000e+00  1.244505e+02
     vertex -3.533634e+01 -2.500000e+00  1.244505e+02
     vertex -3.537526e+01  2.500000e+00  1.243859e+02
   endloop
 endfacet
 facet normal  8.422635e-01  0.000000e+00 -5.390661e-01
   outer loop
     vertex -3.533634e+01  2.500000e+00  1.244505e+02
     vertex -3.529567e+01 -2.500000e+00  1.245141e+02
     vertex -3.533634e+01 -2.500000e+00  1.244505e+02
   endloop
 endfacet
 facet normal  8.271577e-01  0.000000e+00 -5.619699e-01
   outer loop
     vertex -3.529567e+01  2.500000e+00  1.245141e+02
     vertex -3.525327e+01 -2.500000e+00  1.245765e+02
     vertex -3.529567e+01 -2.500000e+00  1.245141e+02
   endloop
 endfacet
 facet normal  8.422635e-01  0.000000e+00 -5.390661e-01
   outer loop
     vertex -3.529567e+01  2.500000e+00  1.245141e+02
     vertex -3.529567e+01 -2.500000e+00  1.245141e+02
     vertex -3.533634e+01  2.500000e+00  1.244505e+02
   endloop
 endfacet
 facet normal  8.271577e-01  0.000000e+00 -5.619699e-01
   outer loop
     vertex -3.525327e+01  2.500000e+00  1.245765e+02
     vertex -3.525327e+01 -2.500000e+00  1.245765e+02
     vertex -3.529567e+01  2.500000e+00  1.245141e+02
   endloop
 endfacet
 facet normal  8.114292e-01  0.000000e+00 -5.844507e-01
   outer loop
     vertex -3.520917e+01  2.500000e+00  1.246377e+02
     vertex -3.520917e+01 -2.500000e+00  1.246377e+02
     vertex -3.525327e+01 -2.500000e+00  1.245765e+02
   endloop
 endfacet
 facet normal  7.950900e-01  0.000000e+00 -6.064915e-01
   outer loop
     vertex -3.520917e+01  2.500000e+00  1.246377e+02
     vertex -3.516341e+01 -2.500000e+00  1.246977e+02
     vertex -3.520917e+01 -2.500000e+00  1.246377e+02
   endloop
 endfacet
 facet normal  8.114292e-01  0.000000e+00 -5.844507e-01
   outer loop
     vertex -3.520917e+01  2.500000e+00  1.246377e+02
     vertex -3.525327e+01 -2.500000e+00  1.245765e+02
     vertex -3.525327e+01  2.500000e+00  1.245765e+02
   endloop
 endfacet
 facet normal  7.950900e-01  0.000000e+00 -6.064915e-01
   outer loop
     vertex -3.516341e+01  2.500000e+00  1.246977e+02
     vertex -3.516341e+01 -2.500000e+00  1.246977e+02
     vertex -3.520917e+01  2.500000e+00  1.246377e+02
   endloop
 endfacet
 facet normal  7.781522e-01  0.000000e+00 -6.280757e-01
   outer loop
     vertex -3.511602e+01  2.500000e+00  1.247564e+02
     vertex -3.511602e+01 -2.500000e+00  1.247564e+02
     vertex -3.516341e+01 -2.500000e+00  1.246977e+02
   endloop
 endfacet
 facet normal  7.781522e-01  0.000000e+00 -6.280757e-01
   outer loop
     vertex -3.511602e+01  2.500000e+00  1.247564e+02
     vertex -3.516341e+01 -2.500000e+00  1.246977e+02
     vertex -3.516341e+01  2.500000e+00  1.246977e+02
   endloop
 endfacet
 facet normal  7.606287e-01  0.000000e+00 -6.491872e-01
   outer loop
     vertex -3.506704e+01  2.500000e+00  1.248138e+02
     vertex -3.506704e+01 -2.500000e+00  1.248138e+02
     vertex -3.511602e+01 -2.500000e+00  1.247564e+02
   endloop
 endfacet
 facet normal  7.606287e-01  0.000000e+00 -6.491872e-01
   outer loop
     vertex -3.506704e+01  2.500000e+00  1.248138e+02
     vertex -3.511602e+01 -2.500000e+00  1.247564e+02
     vertex -3.511602e+01  2.500000e+00  1.247564e+02
   endloop
 endfacet
 facet normal  7.425325e-01  0.000000e+00 -6.698100e-01
   outer loop
     vertex -3.501650e+01  2.500000e+00  1.248698e+02
     vertex -3.501650e+01 -2.500000e+00  1.248698e+02
     vertex -3.506704e+01 -2.500000e+00  1.248138e+02
   endloop
 endfacet
 facet normal  7.238775e-01  0.000000e+00 -6.899286e-01
   outer loop
     vertex -3.501650e+01  2.500000e+00  1.248698e+02
     vertex -3.496445e+01 -2.500000e+00  1.249244e+02
     vertex -3.501650e+01 -2.500000e+00  1.248698e+02
   endloop
 endfacet
 facet normal  7.425325e-01  0.000000e+00 -6.698100e-01
   outer loop
     vertex -3.501650e+01  2.500000e+00  1.248698e+02
     vertex -3.506704e+01 -2.500000e+00  1.248138e+02
     vertex -3.506704e+01  2.500000e+00  1.248138e+02
   endloop
 endfacet
 facet normal  7.238775e-01  0.000000e+00 -6.899286e-01
   outer loop
     vertex -3.496445e+01  2.500000e+00  1.249244e+02
     vertex -3.496445e+01 -2.500000e+00  1.249244e+02
     vertex -3.501650e+01  2.500000e+00  1.248698e+02
   endloop
 endfacet
 facet normal  7.046775e-01  0.000000e+00 -7.095278e-01
   outer loop
     vertex -3.491091e+01  2.500000e+00  1.249776e+02
     vertex -3.491091e+01 -2.500000e+00  1.249776e+02
     vertex -3.496445e+01 -2.500000e+00  1.249244e+02
   endloop
 endfacet
 facet normal  7.046775e-01  0.000000e+00 -7.095278e-01
   outer loop
     vertex -3.491091e+01  2.500000e+00  1.249776e+02
     vertex -3.496445e+01 -2.500000e+00  1.249244e+02
     vertex -3.496445e+01  2.500000e+00  1.249244e+02
   endloop
 endfacet
 facet normal  6.849470e-01  0.000000e+00 -7.285929e-01
   outer loop
     vertex -3.485594e+01  2.500000e+00  1.250293e+02
     vertex -3.485594e+01 -2.500000e+00  1.250293e+02
     vertex -3.491091e+01 -2.500000e+00  1.249776e+02
   endloop
 endfacet
 facet normal  6.849470e-01  0.000000e+00 -7.285929e-01
   outer loop
     vertex -3.485594e+01  2.500000e+00  1.250293e+02
     vertex -3.491091e+01 -2.500000e+00  1.249776e+02
     vertex -3.491091e+01  2.500000e+00  1.249776e+02
   endloop
 endfacet
 facet normal  6.647010e-01  0.000000e+00 -7.471095e-01
   outer loop
     vertex -3.479957e+01  2.500000e+00  1.250794e+02
     vertex -3.479957e+01 -2.500000e+00  1.250794e+02
     vertex -3.485594e+01 -2.500000e+00  1.250293e+02
   endloop
 endfacet
 facet normal  6.647010e-01  0.000000e+00 -7.471095e-01
   outer loop
     vertex -3.479957e+01  2.500000e+00  1.250794e+02
     vertex -3.485594e+01 -2.500000e+00  1.250293e+02
     vertex -3.485594e+01  2.500000e+00  1.250293e+02
   endloop
 endfacet
 facet normal  6.439545e-01  0.000000e+00 -7.650637e-01
   outer loop
     vertex -3.474185e+01  2.500000e+00  1.251280e+02
     vertex -3.474185e+01 -2.500000e+00  1.251280e+02
     vertex -3.479957e+01 -2.500000e+00  1.250794e+02
   endloop
 endfacet
 facet normal  6.227234e-01  0.000000e+00 -7.824421e-01
   outer loop
     vertex -3.474185e+01  2.500000e+00  1.251280e+02
     vertex -3.468281e+01 -2.500000e+00  1.251750e+02
     vertex -3.474185e+01 -2.500000e+00  1.251280e+02
   endloop
 endfacet
 facet normal  6.439545e-01  0.000000e+00 -7.650637e-01
   outer loop
     vertex -3.474185e+01  2.500000e+00  1.251280e+02
     vertex -3.479957e+01 -2.500000e+00  1.250794e+02
     vertex -3.479957e+01  2.500000e+00  1.250794e+02
   endloop
 endfacet
 facet normal  6.227234e-01  0.000000e+00 -7.824421e-01
   outer loop
     vertex -3.468281e+01  2.500000e+00  1.251750e+02
     vertex -3.468281e+01 -2.500000e+00  1.251750e+02
     vertex -3.474185e+01  2.500000e+00  1.251280e+02
   endloop
 endfacet
 facet normal  6.010234e-01  0.000000e+00 -7.992314e-01
   outer loop
     vertex -3.462251e+01  2.500000e+00  1.252204e+02
     vertex -3.462251e+01 -2.500000e+00  1.252204e+02
     vertex -3.468281e+01 -2.500000e+00  1.251750e+02
   endloop
 endfacet
 facet normal  6.010234e-01  0.000000e+00 -7.992314e-01
   outer loop
     vertex -3.462251e+01  2.500000e+00  1.252204e+02
     vertex -3.468281e+01 -2.500000e+00  1.251750e+02
     vertex -3.468281e+01  2.500000e+00  1.251750e+02
   endloop
 endfacet
 facet normal  5.788711e-01  0.000000e+00 -8.154191e-01
   outer loop
     vertex -3.456098e+01  2.500000e+00  1.252640e+02
     vertex -3.456098e+01 -2.500000e+00  1.252640e+02
     vertex -3.462251e+01 -2.500000e+00  1.252204e+02
   endloop
 endfacet
 facet normal  5.788711e-01  0.000000e+00 -8.154191e-01
   outer loop
     vertex -3.456098e+01  2.500000e+00  1.252640e+02
     vertex -3.462251e+01 -2.500000e+00  1.252204e+02
     vertex -3.462251e+01  2.500000e+00  1.252204e+02
   endloop
 endfacet
 facet normal  5.562829e-01  0.000000e+00 -8.309929e-01
   outer loop
     vertex -3.449828e+01  2.500000e+00  1.253060e+02
     vertex -3.449828e+01 -2.500000e+00  1.253060e+02
     vertex -3.456098e+01 -2.500000e+00  1.252640e+02
   endloop
 endfacet
 facet normal  5.562829e-01  0.000000e+00 -8.309929e-01
   outer loop
     vertex -3.449828e+01  2.500000e+00  1.253060e+02
     vertex -3.456098e+01 -2.500000e+00  1.252640e+02
     vertex -3.456098e+01  2.500000e+00  1.252640e+02
   endloop
 endfacet
 facet normal  5.332761e-01  0.000000e+00 -8.459413e-01
   outer loop
     vertex -3.443446e+01  2.500000e+00  1.253462e+02
     vertex -3.443446e+01 -2.500000e+00  1.253462e+02
     vertex -3.449828e+01 -2.500000e+00  1.253060e+02
   endloop
 endfacet
 facet normal  5.332761e-01  0.000000e+00 -8.459413e-01
   outer loop
     vertex -3.443446e+01  2.500000e+00  1.253462e+02
     vertex -3.449828e+01 -2.500000e+00  1.253060e+02
     vertex -3.449828e+01  2.500000e+00  1.253060e+02
   endloop
 endfacet
 facet normal  5.098678e-01  0.000000e+00 -8.602528e-01
   outer loop
     vertex -3.436955e+01  2.500000e+00  1.253847e+02
     vertex -3.436955e+01 -2.500000e+00  1.253847e+02
     vertex -3.443446e+01 -2.500000e+00  1.253462e+02
   endloop
 endfacet
 facet normal  4.860756e-01  0.000000e+00 -8.739167e-01
   outer loop
     vertex -3.436955e+01  2.500000e+00  1.253847e+02
     vertex -3.430361e+01 -2.500000e+00  1.254214e+02
     vertex -3.436955e+01 -2.500000e+00  1.253847e+02
   endloop
 endfacet
 facet normal  5.098678e-01  0.000000e+00 -8.602528e-01
   outer loop
     vertex -3.436955e+01  2.500000e+00  1.253847e+02
     vertex -3.443446e+01 -2.500000e+00  1.253462e+02
     vertex -3.443446e+01  2.500000e+00  1.253462e+02
   endloop
 endfacet
 facet normal  4.619176e-01  0.000000e+00 -8.869228e-01
   outer loop
     vertex -3.430361e+01  2.500000e+00  1.254214e+02
     vertex -3.423669e+01 -2.500000e+00  1.254562e+02
     vertex -3.430361e+01 -2.500000e+00  1.254214e+02
   endloop
 endfacet
 facet normal  4.860756e-01  0.000000e+00 -8.739167e-01
   outer loop
     vertex -3.430361e+01  2.500000e+00  1.254214e+02
     vertex -3.430361e+01 -2.500000e+00  1.254214e+02
     vertex -3.436955e+01  2.500000e+00  1.253847e+02
   endloop
 endfacet
 facet normal  4.619176e-01  0.000000e+00 -8.869228e-01
   outer loop
     vertex -3.423669e+01  2.500000e+00  1.254562e+02
     vertex -3.423669e+01 -2.500000e+00  1.254562e+02
     vertex -3.430361e+01  2.500000e+00  1.254214e+02
   endloop
 endfacet
 facet normal  4.374119e-01  0.000000e+00 -8.992613e-01
   outer loop
     vertex -3.423669e+01  2.500000e+00  1.254562e+02
     vertex -3.416884e+01 -2.500000e+00  1.254892e+02
     vertex -3.423669e+01 -2.500000e+00  1.254562e+02
   endloop
 endfacet
 facet normal  4.374119e-01  0.000000e+00 -8.992613e-01
   outer loop
     vertex -3.416884e+01  2.500000e+00  1.254892e+02
     vertex -3.416884e+01 -2.500000e+00  1.254892e+02
     vertex -3.423669e+01  2.500000e+00  1.254562e+02
   endloop
 endfacet
 facet normal  4.125769e-01  0.000000e+00 -9.109228e-01
   outer loop
     vertex -3.410011e+01  2.500000e+00  1.255204e+02
     vertex -3.416884e+01 -2.500000e+00  1.254892e+02
     vertex -3.416884e+01  2.500000e+00  1.254892e+02
   endloop
 endfacet
 facet normal  4.125769e-01  0.000000e+00 -9.109228e-01
   outer loop
     vertex -3.410011e+01  2.500000e+00  1.255204e+02
     vertex -3.410011e+01 -2.500000e+00  1.255204e+02
     vertex -3.416884e+01 -2.500000e+00  1.254892e+02
   endloop
 endfacet
 facet normal  3.874313e-01  0.000000e+00 -9.218986e-01
   outer loop
     vertex -3.403056e+01  2.500000e+00  1.255496e+02
     vertex -3.410011e+01 -2.500000e+00  1.255204e+02
     vertex -3.410011e+01  2.500000e+00  1.255204e+02
   endloop
 endfacet
 facet normal  3.874313e-01  0.000000e+00 -9.218986e-01
   outer loop
     vertex -3.403056e+01  2.500000e+00  1.255496e+02
     vertex -3.403056e+01 -2.500000e+00  1.255496e+02
     vertex -3.410011e+01 -2.500000e+00  1.255204e+02
   endloop
 endfacet
 facet normal  3.619940e-01  0.000000e+00 -9.321804e-01
   outer loop
     vertex -3.396022e+01  2.500000e+00  1.255769e+02
     vertex -3.403056e+01 -2.500000e+00  1.255496e+02
     vertex -3.403056e+01  2.500000e+00  1.255496e+02
   endloop
 endfacet
 facet normal  3.619940e-01  0.000000e+00 -9.321804e-01
   outer loop
     vertex -3.396022e+01  2.500000e+00  1.255769e+02
     vertex -3.396022e+01 -2.500000e+00  1.255769e+02
     vertex -3.403056e+01 -2.500000e+00  1.255496e+02
   endloop
 endfacet
 facet normal  3.362843e-01  0.000000e+00 -9.417605e-01
   outer loop
     vertex -3.396022e+01  2.500000e+00  1.255769e+02
     vertex -3.388917e+01 -2.500000e+00  1.256023e+02
     vertex -3.396022e+01 -2.500000e+00  1.255769e+02
   endloop
 endfacet
 facet normal  3.362843e-01  0.000000e+00 -9.417605e-01
   outer loop
     vertex -3.388917e+01  2.500000e+00  1.256023e+02
     vertex -3.388917e+01 -2.500000e+00  1.256023e+02
     vertex -3.396022e+01  2.500000e+00  1.255769e+02
   endloop
 endfacet
 facet normal  3.103214e-01  0.000000e+00 -9.506317e-01
   outer loop
     vertex -3.381744e+01  2.500000e+00  1.256257e+02
     vertex -3.388917e+01 -2.500000e+00  1.256023e+02
     vertex -3.388917e+01  2.500000e+00  1.256023e+02
   endloop
 endfacet
 facet normal  3.103214e-01  0.000000e+00 -9.506317e-01
   outer loop
     vertex -3.381744e+01  2.500000e+00  1.256257e+02
     vertex -3.381744e+01 -2.500000e+00  1.256257e+02
     vertex -3.388917e+01 -2.500000e+00  1.256023e+02
   endloop
 endfacet
 facet normal  2.841250e-01  0.000000e+00 -9.587873e-01
   outer loop
     vertex -3.374510e+01  2.500000e+00  1.256471e+02
     vertex -3.381744e+01 -2.500000e+00  1.256257e+02
     vertex -3.381744e+01  2.500000e+00  1.256257e+02
   endloop
 endfacet
 facet normal  2.841250e-01  0.000000e+00 -9.587873e-01
   outer loop
     vertex -3.374510e+01  2.500000e+00  1.256471e+02
     vertex -3.374510e+01 -2.500000e+00  1.256471e+02
     vertex -3.381744e+01 -2.500000e+00  1.256257e+02
   endloop
 endfacet
 facet normal  2.577146e-01  0.000000e+00 -9.662211e-01
   outer loop
     vertex -3.374510e+01  2.500000e+00  1.256471e+02
     vertex -3.367220e+01 -2.500000e+00  1.256666e+02
     vertex -3.374510e+01 -2.500000e+00  1.256471e+02
   endloop
 endfacet
 facet normal  2.577146e-01  0.000000e+00 -9.662211e-01
   outer loop
     vertex -3.367220e+01  2.500000e+00  1.256666e+02
     vertex -3.367220e+01 -2.500000e+00  1.256666e+02
     vertex -3.374510e+01  2.500000e+00  1.256471e+02
   endloop
 endfacet
 facet normal  2.311102e-01  0.000000e+00 -9.729276e-01
   outer loop
     vertex -3.359879e+01  2.500000e+00  1.256840e+02
     vertex -3.367220e+01 -2.500000e+00  1.256666e+02
     vertex -3.367220e+01  2.500000e+00  1.256666e+02
   endloop
 endfacet
 facet normal  2.311102e-01  0.000000e+00 -9.729276e-01
   outer loop
     vertex -3.359879e+01  2.500000e+00  1.256840e+02
     vertex -3.359879e+01 -2.500000e+00  1.256840e+02
     vertex -3.367220e+01 -2.500000e+00  1.256666e+02
   endloop
 endfacet
 facet normal  2.043319e-01  0.000000e+00 -9.789017e-01
   outer loop
     vertex -3.352493e+01  2.500000e+00  1.256994e+02
     vertex -3.359879e+01 -2.500000e+00  1.256840e+02
     vertex -3.359879e+01  2.500000e+00  1.256840e+02
   endloop
 endfacet
 facet normal  2.043319e-01  0.000000e+00 -9.789017e-01
   outer loop
     vertex -3.352493e+01  2.500000e+00  1.256994e+02
     vertex -3.352493e+01 -2.500000e+00  1.256994e+02
     vertex -3.359879e+01 -2.500000e+00  1.256840e+02
   endloop
 endfacet
 facet normal  1.773998e-01  0.000000e+00 -9.841389e-01
   outer loop
     vertex -3.345068e+01  2.500000e+00  1.257128e+02
     vertex -3.352493e+01 -2.500000e+00  1.256994e+02
     vertex -3.352493e+01  2.500000e+00  1.256994e+02
   endloop
 endfacet
 facet normal  1.773998e-01  0.000000e+00 -9.841389e-01
   outer loop
     vertex -3.345068e+01  2.500000e+00  1.257128e+02
     vertex -3.345068e+01 -2.500000e+00  1.257128e+02
     vertex -3.352493e+01 -2.500000e+00  1.256994e+02
   endloop
 endfacet
 facet normal  1.503341e-01  0.000000e+00 -9.886353e-01
   outer loop
     vertex -3.345068e+01  2.500000e+00  1.257128e+02
     vertex -3.337608e+01 -2.500000e+00  1.257242e+02
     vertex -3.345068e+01 -2.500000e+00  1.257128e+02
   endloop
 endfacet
 facet normal  1.503341e-01  0.000000e+00 -9.886353e-01
   outer loop
     vertex -3.337608e+01  2.500000e+00  1.257242e+02
     vertex -3.337608e+01 -2.500000e+00  1.257242e+02
     vertex -3.345068e+01  2.500000e+00  1.257128e+02
   endloop
 endfacet
 facet normal  1.231552e-01  0.000000e+00 -9.923874e-01
   outer loop
     vertex -3.330121e+01  2.500000e+00  1.257335e+02
     vertex -3.330121e+01 -2.500000e+00  1.257335e+02
     vertex -3.337608e+01 -2.500000e+00  1.257242e+02
   endloop
 endfacet
 facet normal  1.231552e-01  0.000000e+00 -9.923874e-01
   outer loop
     vertex -3.330121e+01  2.500000e+00  1.257335e+02
     vertex -3.337608e+01 -2.500000e+00  1.257242e+02
     vertex -3.337608e+01  2.500000e+00  1.257242e+02
   endloop
 endfacet
 facet normal  9.588368e-02  0.000000e+00 -9.953925e-01
   outer loop
     vertex -3.322610e+01  2.500000e+00  1.257407e+02
     vertex -3.322610e+01 -2.500000e+00  1.257407e+02
     vertex -3.330121e+01 -2.500000e+00  1.257335e+02
   endloop
 endfacet
 facet normal  9.588368e-02  0.000000e+00 -9.953925e-01
   outer loop
     vertex -3.322610e+01  2.500000e+00  1.257407e+02
     vertex -3.330121e+01 -2.500000e+00  1.257335e+02
     vertex -3.330121e+01  2.500000e+00  1.257335e+02
   endloop
 endfacet
 facet normal  6.853995e-02  0.000000e+00 -9.976484e-01
   outer loop
     vertex -3.315083e+01  2.500000e+00  1.257459e+02
     vertex -3.315083e+01 -2.500000e+00  1.257459e+02
     vertex -3.322610e+01 -2.500000e+00  1.257407e+02
   endloop
 endfacet
 facet normal  6.853995e-02  0.000000e+00 -9.976484e-01
   outer loop
     vertex -3.315083e+01  2.500000e+00  1.257459e+02
     vertex -3.322610e+01 -2.500000e+00  1.257407e+02
     vertex -3.322610e+01  2.500000e+00  1.257407e+02
   endloop
 endfacet
 facet normal  4.114462e-02  0.000000e+00 -9.991532e-01
   outer loop
     vertex -3.307544e+01  2.500000e+00  1.257490e+02
     vertex -3.307544e+01 -2.500000e+00  1.257490e+02
     vertex -3.315083e+01 -2.500000e+00  1.257459e+02
   endloop
 endfacet
 facet normal  1.371831e-02  0.000000e+00 -9.999059e-01
   outer loop
     vertex -3.307544e+01  2.500000e+00  1.257490e+02
     vertex -3.300000e+01 -2.500000e+00  1.257500e+02
     vertex -3.307544e+01 -2.500000e+00  1.257490e+02
   endloop
 endfacet
 facet normal  4.114462e-02  0.000000e+00 -9.991532e-01
   outer loop
     vertex -3.307544e+01  2.500000e+00  1.257490e+02
     vertex -3.315083e+01 -2.500000e+00  1.257459e+02
     vertex -3.315083e+01  2.500000e+00  1.257459e+02
   endloop
 endfacet
 facet normal  1.371831e-02  0.000000e+00 -9.999059e-01
   outer loop
     vertex -3.300000e+01  2.500000e+00  1.257500e+02
     vertex -3.300000e+01 -2.500000e+00  1.257500e+02
     vertex -3.307544e+01  2.500000e+00  1.257490e+02
   endloop
 endfacet
 facet normal -0.000000e+00  0.000000e+00 -1.000000e+00
   outer loop
     vertex  4.400000e+01  2.500000e+00  5.150000e+01
     vertex  1.400000e+01 -2.500000e+00  5.150000e+01
     vertex  1.400000e+01  2.500000e+00  5.150000e+01
   endloop
 endfacet
 facet normal  0.000000e+00 -0.000000e+00 -1.000000e+00
   outer loop
     vertex  4.400000e+01  2.500000e+00  5.150000e+01
     vertex  4.400000e+01 -2.500000e+00  5.150000e+01
     vertex  1.400000e+01 -2.500000e+00  5.150000e+01
   endloop
 endfacet
 facet normal  1.000000e+00  0.000000e+00  0.000000e+00
   outer loop
     vertex  1.400000e+01 -2.500000e+00  5.150000e+01
     vertex  1.400000e+01 -2.500000e+00  2.150000e+01
     vertex  1.400000e+01  2.500000e+00  2.150000e+01
   endloop
 endfacet
 facet normal  1.000000e+00 -0.000000e+00  0.000000e+00
   outer loop
     vertex  1.400000e+01 -2.500000e+00  5.150000e+01
     vertex  1.400000e+01  2.500000e+00  2.150000e+01
     vertex  1.400000e+01  2.500000e+00  5.150000e+01
   endloop
 endfacet
 facet normal -1.000000e+00  0.000000e+00  0.000000e+00
   outer loop
     vertex  4.400000e+01 -2.500000e+00  5.150000e+01
     vertex  4.400000e+01  2.500000e+00  2.150000e+01
     vertex  4.400000e+01 -2.500000e+00  2.150000e+01
   endloop
 endfacet
 facet normal -1.000000e+00  0.000000e+00  0.000000e+00
   outer loop
     vertex  4.400000e+01 -2.500000e+00  5.150000e+01
     vertex  4.400000e+01  2.500000e+00  5.150000e+01
     vertex  4.400000e+01  2.500000e+00  2.150000e+01
   endloop
 endfacet
 facet normal  0.000000e+00  0.000000e+00  1.000000e+00
   outer loop
     vertex  4.400000e+01  2.500000e+00  2.150000e+01
     vertex  1.400000e+01  2.500000e+00  2.150000e+01
     vertex  1.400000e+01 -2.500000e+00  2.150000e+01
   endloop
 endfacet
 facet normal  0.000000e+00  0.000000e+00  1.000000e+00
   outer loop
     vertex  4.400000e+01  2.500000e+00  2.150000e+01
     vertex  1.400000e+01 -2.500000e+00  2.150000e+01
     vertex  4.400000e+01 -2.500000e+00  2.150000e+01
   endloop
 endfacet
 facet normal -0.000000e+00  0.000000e+00 -1.000000e+00
   outer loop
     vertex  4.400000e+01  2.500000e+00  1.005000e+02
     vertex  1.400000e+01 -2.500000e+00  1.005000e+02
     vertex  1.400000e+01  2.500000e+00  1.005000e+02
   endloop
 endfacet
 facet normal  0.000000e+00 -0.000000e+00 -1.000000e+00
   outer loop
     vertex  4.400000e+01  2.500000e+00  1.005000e+02
     vertex  4.400000e+01 -2.500000e+00  1.005000e+02
     vertex  1.400000e+01 -2.500000e+00  1.005000e+02
   endloop
 endfacet
 facet normal  1.000000e+00  0.000000e+00  0.000000e+00
   outer loop
     vertex  1.400000e+01 -2.500000e+00  1.005000e+02
     vertex  1.400000e+01 -2.500000e+00  7.050000e+01
     vertex  1.400000e+01  2.500000e+00  7.050000e+01
   endloop
 endfacet
 facet normal  1.000000e+00 -0.000000e+00  0.000000e+00
   outer loop
     vertex  1.400000e+01 -2.500000e+00  1.005000e+02
     vertex  1.400000e+01  2.500000e+00  7.050000e+01
     vertex  1.400000e+01  2.500000e+00  1.005000e+02
   endloop
 endfacet
 facet normal -1.000000e+00  0.000000e+00  0.000000e+00
   outer loop
     vertex  4.400000e+01 -2.500000e+00  1.005000e+02
     vertex  4.400000e+01  2.500000e+00  7.050000e+01
     vertex  4.400000e+01 -2.500000e+00  7.050000e+01
   endloop
 endfacet
 facet normal -1.000000e+00  0.000000e+00  0.000000e+00
   outer loop
     vertex  4.400000e+01 -2.500000e+00  1.005000e+02
     vertex  4.400000e+01  2.500000e+00  1.005000e+02
     vertex  4.400000e+01  2.500000e+00  7.050000e+01
   endloop
 endfacet
 facet normal  0.000000e+00  0.000000e+00  1.000000e+00
   outer loop
     vertex  4.400000e+01  2.500000e+00  7.050000e+01
     vertex  1.400000e+01  2.500000e+00  7.050000e+01
     vertex  1.400000e+01 -2.500000e+00  7.050000e+01
   endloop
 endfacet
 facet normal  0.000000e+00  0.000000e+00  1.000000e+00
   outer loop
     vertex  4.400000e+01  2.500000e+00  7.050000e+01
     vertex  1.400000e+01 -2.500000e+00  7.050000e+01
     vertex  4.400000e+01 -2.500000e+00  7.050000e+01
   endloop
 endfacet
 facet normal -1.371831e-02  0.000000e+00 -9.999059e-01
   outer loop
     vertex  3.307544e+01  2.500000e+00  1.257490e+02
     vertex  3.300000e+01 -2.500000e+00  1.257500e+02
     vertex  3.300000e+01  2.500000e+00  1.257500e+02
   endloop
 endfacet
 facet normal -1.371831e-02 -0.000000e+00 -9.999059e-01
   outer loop
     vertex  3.307544e+01  2.500000e+00  1.257490e+02
     vertex  3.307544e+01 -2.500000e+00  1.257490e+02
     vertex  3.300000e+01 -2.500000e+00  1.257500e+02
   endloop
 endfacet
 facet normal -4.114462e-02 -0.000000e+00 -9.991532e-01
   outer loop
     vertex  3.315083e+01  2.500000e+00  1.257459e+02
     vertex  3.315083e+01 -2.500000e+00  1.257459e+02
     vertex  3.307544e+01 -2.500000e+00  1.257490e+02
   endloop
 endfacet
 facet normal -6.853995e-02 -0.000000e+00 -9.976484e-01
   outer loop
     vertex  3.315083e+01  2.500000e+00  1.257459e+02
     vertex  3.322610e+01 -2.500000e+00  1.257407e+02
     vertex  3.315083e+01 -2.500000e+00  1.257459e+02
   endloop
 endfacet
 facet normal -4.114462e-02  0.000000e+00 -9.991532e-01
   outer loop
     vertex  3.315083e+01  2.500000e+00  1.257459e+02
     vertex  3.307544e+01 -2.500000e+00  1.257490e+02
     vertex  3.307544e+01  2.500000e+00  1.257490e+02
   endloop
 endfacet
 facet normal -6.853995e-02 -0.000000e+00 -9.976484e-01
   outer loop
     vertex  3.322610e+01  2.500000e+00  1.257407e+02
     vertex  3.322610e+01 -2.500000e+00  1.257407e+02
     vertex  3.315083e+01  2.500000e+00  1.257459e+02
   endloop
 endfacet
 facet normal -9.588368e-02 -0.000000e+00 -9.953925e-01
   outer loop
     vertex  3.330121e+01  2.500000e+00  1.257335e+02
     vertex  3.330121e+01 -2.500000e+00  1.257335e+02
     vertex  3.322610e+01 -2.500000e+00  1.257407e+02
   endloop
 endfacet
 facet normal -9.588368e-02  0.000000e+00 -9.953925e-01
   outer loop
     vertex  3.330121e+01  2.500000e+00  1.257335e+02
     vertex  3.322610e+01 -2.500000e+00  1.257407e+02
     vertex  3.322610e+01  2.500000e+00  1.257407e+02
   endloop
 endfacet
 facet normal -1.231552e-01 -0.000000e+00 -9.923874e-01
   outer loop
     vertex  3.337608e+01  2.500000e+00  1.257242e+02
     vertex  3.337608e+01 -2.500000e+00  1.257242e+02
     vertex  3.330121e+01 -2.500000e+00  1.257335e+02
   endloop
 endfacet
 facet normal -1.503341e-01 -0.000000e+00 -9.886353e-01
   outer loop
     vertex  3.337608e+01  2.500000e+00  1.257242e+02
     vertex  3.345068e+01 -2.500000e+00  1.257128e+02
     vertex  3.337608e+01 -2.500000e+00  1.257242e+02
   endloop
 endfacet
 facet normal -1.231552e-01  0.000000e+00 -9.923874e-01
   outer loop
     vertex  3.337608e+01  2.500000e+00  1.257242e+02
     vertex  3.330121e+01 -2.500000e+00  1.257335e+02
     vertex  3.330121e+01  2.500000e+00  1.257335e+02
   endloop
 endfacet
 facet normal -1.503341e-01 -0.000000e+00 -9.886353e-01
   outer loop
     vertex  3.345068e+01  2.500000e+00  1.257128e+02
     vertex  3.345068e+01 -2.500000e+00  1.257128e+02
     vertex  3.337608e+01  2.500000e+00  1.257242e+02
   endloop
 endfacet
 facet normal -1.773998e-01 -0.000000e+00 -9.841389e-01
   outer loop
     vertex  3.352493e+01  2.500000e+00  1.256994e+02
     vertex  3.352493e+01 -2.500000e+00  1.256994e+02
     vertex  3.345068e+01 -2.500000e+00  1.257128e+02
   endloop
 endfacet
 facet normal -1.773998e-01  0.000000e+00 -9.841389e-01
   outer loop
     vertex  3.352493e+01  2.500000e+00  1.256994e+02
     vertex  3.345068e+01 -2.500000e+00  1.257128e+02
     vertex  3.345068e+01  2.500000e+00  1.257128e+02
   endloop
 endfacet
 facet normal -2.043319e-01 -0.000000e+00 -9.789017e-01
   outer loop
     vertex  3.359879e+01  2.500000e+00  1.256840e+02
     vertex  3.359879e+01 -2.500000e+00  1.256840e+02
     vertex  3.352493e+01 -2.500000e+00  1.256994e+02
   endloop
 endfacet
 facet normal -2.043319e-01  0.000000e+00 -9.789017e-01
   outer loop
     vertex  3.359879e+01  2.500000e+00  1.256840e+02
     vertex  3.352493e+01 -2.500000e+00  1.256994e+02
     vertex  3.352493e+01  2.500000e+00  1.256994e+02
   endloop
 endfacet
 facet normal -2.311102e-01 -0.000000e+00 -9.729276e-01
   outer loop
     vertex  3.367220e+01  2.500000e+00  1.256666e+02
     vertex  3.367220e+01 -2.500000e+00  1.256666e+02
     vertex  3.359879e+01 -2.500000e+00  1.256840e+02
   endloop
 endfacet
 facet normal -2.311102e-01  0.000000e+00 -9.729276e-01
   outer loop
     vertex  3.367220e+01  2.500000e+00  1.256666e+02
     vertex  3.359879e+01 -2.500000e+00  1.256840e+02
     vertex  3.359879e+01  2.500000e+00  1.256840e+02
   endloop
 endfacet
 facet normal -2.577146e-01  0.000000e+00 -9.662211e-01
   outer loop
     vertex  3.374510e+01  2.500000e+00  1.256471e+02
     vertex  3.367220e+01 -2.500000e+00  1.256666e+02
     vertex  3.367220e+01  2.500000e+00  1.256666e+02
   endloop
 endfacet
 facet normal -2.577146e-01 -0.000000e+00 -9.662211e-01
   outer loop
     vertex  3.374510e+01  2.500000e+00  1.256471e+02
     vertex  3.374510e+01 -2.500000e+00  1.256471e+02
     vertex  3.367220e+01 -2.500000e+00  1.256666e+02
   endloop
 endfacet
 facet normal -2.841250e-01 -0.000000e+00 -9.587873e-01
   outer loop
     vertex  3.374510e+01  2.500000e+00  1.256471e+02
     vertex  3.381744e+01 -2.500000e+00  1.256257e+02
     vertex  3.374510e+01 -2.500000e+00  1.256471e+02
   endloop
 endfacet
 facet normal -2.841250e-01 -0.000000e+00 -9.587873e-01
   outer loop
     vertex  3.381744e+01  2.500000e+00  1.256257e+02
     vertex  3.381744e+01 -2.500000e+00  1.256257e+02
     vertex  3.374510e+01  2.500000e+00  1.256471e+02
   endloop
 endfacet
 facet normal -3.103214e-01 -0.000000e+00 -9.506317e-01
   outer loop
     vertex  3.381744e+01  2.500000e+00  1.256257e+02
     vertex  3.388917e+01 -2.500000e+00  1.256023e+02
     vertex  3.381744e+01 -2.500000e+00  1.256257e+02
   endloop
 endfacet
 facet normal -3.103214e-01 -0.000000e+00 -9.506317e-01
   outer loop
     vertex  3.388917e+01  2.500000e+00  1.256023e+02
     vertex  3.388917e+01 -2.500000e+00  1.256023e+02
     vertex  3.381744e+01  2.500000e+00  1.256257e+02
   endloop
 endfacet
 facet normal -3.362843e-01  0.000000e+00 -9.417605e-01
   outer loop
     vertex  3.396022e+01  2.500000e+00  1.255769e+02
     vertex  3.388917e+01 -2.500000e+00  1.256023e+02
     vertex  3.388917e+01  2.500000e+00  1.256023e+02
   endloop
 endfacet
 facet normal -3.362843e-01 -0.000000e+00 -9.417605e-01
   outer loop
     vertex  3.396022e+01  2.500000e+00  1.255769e+02
     vertex  3.396022e+01 -2.500000e+00  1.255769e+02
     vertex  3.388917e+01 -2.500000e+00  1.256023e+02
   endloop
 endfacet
 facet normal -3.619940e-01 -0.000000e+00 -9.321804e-01
   outer loop
     vertex  3.396022e+01  2.500000e+00  1.255769e+02
     vertex  3.403056e+01 -2.500000e+00  1.255496e+02
     vertex  3.396022e+01 -2.500000e+00  1.255769e+02
   endloop
 endfacet
 facet normal -3.619940e-01 -0.000000e+00 -9.321804e-01
   outer loop
     vertex  3.403056e+01  2.500000e+00  1.255496e+02
     vertex  3.403056e+01 -2.500000e+00  1.255496e+02
     vertex  3.396022e+01  2.500000e+00  1.255769e+02
   endloop
 endfacet
 facet normal -3.874313e-01  0.000000e+00 -9.218986e-01
   outer loop
     vertex  3.410011e+01  2.500000e+00  1.255204e+02
     vertex  3.403056e+01 -2.500000e+00  1.255496e+02
     vertex  3.403056e+01  2.500000e+00  1.255496e+02
   endloop
 endfacet
 facet normal -3.874313e-01 -0.000000e+00 -9.218986e-01
   outer loop
     vertex  3.410011e+01  2.500000e+00  1.255204e+02
     vertex  3.410011e+01 -2.500000e+00  1.255204e+02
     vertex  3.403056e+01 -2.500000e+00  1.255496e+02
   endloop
 endfacet
 facet normal -4.125769e-01  0.000000e+00 -9.109228e-01
   outer loop
     vertex  3.416884e+01  2.500000e+00  1.254892e+02
     vertex  3.410011e+01 -2.500000e+00  1.255204e+02
     vertex  3.410011e+01  2.500000e+00  1.255204e+02
   endloop
 endfacet
 facet normal -4.125769e-01 -0.000000e+00 -9.109228e-01
   outer loop
     vertex  3.416884e+01  2.500000e+00  1.254892e+02
     vertex  3.416884e+01 -2.500000e+00  1.254892e+02
     vertex  3.410011e+01 -2.500000e+00  1.255204e+02
   endloop
 endfacet
 facet normal -4.374119e-01  0.000000e+00 -8.992613e-01
   outer loop
     vertex  3.423669e+01  2.500000e+00  1.254562e+02
     vertex  3.416884e+01 -2.500000e+00  1.254892e+02
     vertex  3.416884e+01  2.500000e+00  1.254892e+02
   endloop
 endfacet
 facet normal -4.374119e-01 -0.000000e+00 -8.992613e-01
   outer loop
     vertex  3.423669e+01  2.500000e+00  1.254562e+02
     vertex  3.423669e+01 -2.500000e+00  1.254562e+02
     vertex  3.416884e+01 -2.500000e+00  1.254892e+02
   endloop
 endfacet
 facet normal -4.619176e-01  0.000000e+00 -8.869228e-01
   outer loop
     vertex  3.430361e+01  2.500000e+00  1.254214e+02
     vertex  3.423669e+01 -2.500000e+00  1.254562e+02
     vertex  3.423669e+01  2.500000e+00  1.254562e+02
   endloop
 endfacet
 facet normal -4.619176e-01 -0.000000e+00 -8.869228e-01
   outer loop
     vertex  3.430361e+01  2.500000e+00  1.254214e+02
     vertex  3.430361e+01 -2.500000e+00  1.254214e+02
     vertex  3.423669e+01 -2.500000e+00  1.254562e+02
   endloop
 endfacet
 facet normal -4.860756e-01  0.000000e+00 -8.739167e-01
   outer loop
     vertex  3.436955e+01  2.500000e+00  1.253847e+02
     vertex  3.430361e+01 -2.500000e+00  1.254214e+02
     vertex  3.430361e+01  2.500000e+00  1.254214e+02
   endloop
 endfacet
 facet normal -4.860756e-01 -0.000000e+00 -8.739167e-01
   outer loop
     vertex  3.436955e+01  2.500000e+00  1.253847e+02
     vertex  3.436955e+01 -2.500000e+00  1.253847e+02
     vertex  3.430361e+01 -2.500000e+00  1.254214e+02
   endloop
 endfacet
 facet normal -5.098678e-01  0.000000e+00 -8.602528e-01
   outer loop
     vertex  3.443446e+01  2.500000e+00  1.253462e+02
     vertex  3.436955e+01 -2.500000e+00  1.253847e+02
     vertex  3.436955e+01  2.500000e+00  1.253847e+02
   endloop
 endfacet
 facet normal -5.098678e-01 -0.000000e+00 -8.602528e-01
   outer loop
     vertex  3.443446e+01  2.500000e+00  1.253462e+02
     vertex  3.443446e+01 -2.500000e+00  1.253462e+02
     vertex  3.436955e+01 -2.500000e+00  1.253847e+02
   endloop
 endfacet
 facet normal -5.332761e-01  0.000000e+00 -8.459413e-01
   outer loop
     vertex  3.449828e+01  2.500000e+00  1.253060e+02
     vertex  3.443446e+01 -2.500000e+00  1.253462e+02
     vertex  3.443446e+01  2.500000e+00  1.253462e+02
   endloop
 endfacet
 facet normal -5.332761e-01 -0.000000e+00 -8.459413e-01
   outer loop
     vertex  3.449828e+01  2.500000e+00  1.253060e+02
     vertex  3.449828e+01 -2.500000e+00  1.253060e+02
     vertex  3.443446e+01 -2.500000e+00  1.253462e+02
   endloop
 endfacet
 facet normal -5.562829e-01 -0.000000e+00 -8.309929e-01
   outer loop
     vertex  3.456098e+01  2.500000e+00  1.252640e+02
     vertex  3.456098e+01 -2.500000e+00  1.252640e+02
     vertex  3.449828e+01 -2.500000e+00  1.253060e+02
   endloop
 endfacet
 facet normal -5.562829e-01  0.000000e+00 -8.309929e-01
   outer loop
     vertex  3.456098e+01  2.500000e+00  1.252640e+02
     vertex  3.449828e+01 -2.500000e+00  1.253060e+02
     vertex  3.449828e+01  2.500000e+00  1.253060e+02
   endloop
 endfacet
 facet normal -5.788711e-01 -0.000000e+00 -8.154191e-01
   outer loop
     vertex  3.462251e+01  2.500000e+00  1.252204e+02
     vertex  3.462251e+01 -2.500000e+00  1.252204e+02
     vertex  3.456098e+01 -2.500000e+00  1.252640e+02
   endloop
 endfacet
 facet normal -5.788711e-01  0.000000e+00 -8.154191e-01
   outer loop
     vertex  3.462251e+01  2.500000e+00  1.252204e+02
     vertex  3.456098e+01 -2.500000e+00  1.252640e+02
     vertex  3.456098e+01  2.500000e+00  1.252640e+02
   endloop
 endfacet
 facet normal -6.010234e-01 -0.000000e+00 -7.992314e-01
   outer loop
     vertex  3.468281e+01  2.500000e+00  1.251750e+02
     vertex  3.468281e+01 -2.500000e+00  1.251750e+02
     vertex  3.462251e+01 -2.500000e+00  1.252204e+02
   endloop
 endfacet
 facet normal -6.010234e-01  0.000000e+00 -7.992314e-01
   outer loop
     vertex  3.468281e+01  2.500000e+00  1.251750e+02
     vertex  3.462251e+01 -2.500000e+00  1.252204e+02
     vertex  3.462251e+01  2.500000e+00  1.252204e+02
   endloop
 endfacet
 facet normal -6.227234e-01 -0.000000e+00 -7.824421e-01
   outer loop
     vertex  3.474185e+01  2.500000e+00  1.251280e+02
     vertex  3.474185e+01 -2.500000e+00  1.251280e+02
     vertex  3.468281e+01 -2.500000e+00  1.251750e+02
   endloop
 endfacet
 facet normal -6.439545e-01 -0.000000e+00 -7.650637e-01
   outer loop
     vertex  3.474185e+01  2.500000e+00  1.251280e+02
     vertex  3.479957e+01 -2.500000e+00  1.250794e+02
     vertex  3.474185e+01 -2.500000e+00  1.251280e+02
   endloop
 endfacet
 facet normal -6.227234e-01  0.000000e+00 -7.824421e-01
   outer loop
     vertex  3.474185e+01  2.500000e+00  1.251280e+02
     vertex  3.468281e+01 -2.500000e+00  1.251750e+02
     vertex  3.468281e+01  2.500000e+00  1.251750e+02
   endloop
 endfacet
 facet normal -6.439545e-01 -0.000000e+00 -7.650637e-01
   outer loop
     vertex  3.479957e+01  2.500000e+00  1.250794e+02
     vertex  3.479957e+01 -2.500000e+00  1.250794e+02
     vertex  3.474185e+01  2.500000e+00  1.251280e+02
   endloop
 endfacet
 facet normal -6.647010e-01 -0.000000e+00 -7.471095e-01
   outer loop
     vertex  3.485594e+01  2.500000e+00  1.250293e+02
     vertex  3.485594e+01 -2.500000e+00  1.250293e+02
     vertex  3.479957e+01 -2.500000e+00  1.250794e+02
   endloop
 endfacet
 facet normal -6.647010e-01  0.000000e+00 -7.471095e-01
   outer loop
     vertex  3.485594e+01  2.500000e+00  1.250293e+02
     vertex  3.479957e+01 -2.500000e+00  1.250794e+02
     vertex  3.479957e+01  2.500000e+00  1.250794e+02
   endloop
 endfacet
 facet normal -6.849470e-01 -0.000000e+00 -7.285929e-01
   outer loop
     vertex  3.491091e+01  2.500000e+00  1.249776e+02
     vertex  3.491091e+01 -2.500000e+00  1.249776e+02
     vertex  3.485594e+01 -2.500000e+00  1.250293e+02
   endloop
 endfacet
 facet normal -6.849470e-01  0.000000e+00 -7.285929e-01
   outer loop
     vertex  3.491091e+01  2.500000e+00  1.249776e+02
     vertex  3.485594e+01 -2.500000e+00  1.250293e+02
     vertex  3.485594e+01  2.500000e+00  1.250293e+02
   endloop
 endfacet
 facet normal -7.046775e-01 -0.000000e+00 -7.095278e-01
   outer loop
     vertex  3.496445e+01  2.500000e+00  1.249244e+02
     vertex  3.496445e+01 -2.500000e+00  1.249244e+02
     vertex  3.491091e+01 -2.500000e+00  1.249776e+02
   endloop
 endfacet
 facet normal -7.046775e-01  0.000000e+00 -7.095278e-01
   outer loop
     vertex  3.496445e+01  2.500000e+00  1.249244e+02
     vertex  3.491091e+01 -2.500000e+00  1.249776e+02
     vertex  3.491091e+01  2.500000e+00  1.249776e+02
   endloop
 endfacet
 facet normal -7.238775e-01 -0.000000e+00 -6.899286e-01
   outer loop
     vertex  3.501650e+01  2.500000e+00  1.248698e+02
     vertex  3.501650e+01 -2.500000e+00  1.248698e+02
     vertex  3.496445e+01 -2.500000e+00  1.249244e+02
   endloop
 endfacet
 facet normal -7.238775e-01  0.000000e+00 -6.899286e-01
   outer loop
     vertex  3.501650e+01  2.500000e+00  1.248698e+02
     vertex  3.496445e+01 -2.500000e+00  1.249244e+02
     vertex  3.496445e+01  2.500000e+00  1.249244e+02
   endloop
 endfacet
 facet normal -7.425325e-01 -0.000000e+00 -6.698100e-01
   outer loop
     vertex  3.506704e+01  2.500000e+00  1.248138e+02
     vertex  3.506704e+01 -2.500000e+00  1.248138e+02
     vertex  3.501650e+01 -2.500000e+00  1.248698e+02
   endloop
 endfacet
 facet normal -7.425325e-01  0.000000e+00 -6.698100e-01
   outer loop
     vertex  3.506704e+01  2.500000e+00  1.248138e+02
     vertex  3.501650e+01 -2.500000e+00  1.248698e+02
     vertex  3.501650e+01  2.500000e+00  1.248698e+02
   endloop
 endfacet
 facet normal -7.606287e-01 -0.000000e+00 -6.491872e-01
   outer loop
     vertex  3.511602e+01  2.500000e+00  1.247564e+02
     vertex  3.511602e+01 -2.500000e+00  1.247564e+02
     vertex  3.506704e+01 -2.500000e+00  1.248138e+02
   endloop
 endfacet
 facet normal -7.606287e-01  0.000000e+00 -6.491872e-01
   outer loop
     vertex  3.511602e+01  2.500000e+00  1.247564e+02
     vertex  3.506704e+01 -2.500000e+00  1.248138e+02
     vertex  3.506704e+01  2.500000e+00  1.248138e+02
   endloop
 endfacet
 facet normal -7.781522e-01 -0.000000e+00 -6.280757e-01
   outer loop
     vertex  3.516341e+01  2.500000e+00  1.246977e+02
     vertex  3.516341e+01 -2.500000e+00  1.246977e+02
     vertex  3.511602e+01 -2.500000e+00  1.247564e+02
   endloop
 endfacet
 facet normal -7.781522e-01  0.000000e+00 -6.280757e-01
   outer loop
     vertex  3.516341e+01  2.500000e+00  1.246977e+02
     vertex  3.511602e+01 -2.500000e+00  1.247564e+02
     vertex  3.511602e+01  2.500000e+00  1.247564e+02
   endloop
 endfacet
 facet normal -7.950900e-01 -0.000000e+00 -6.064915e-01
   outer loop
     vertex  3.520917e+01  2.500000e+00  1.246377e+02
     vertex  3.520917e+01 -2.500000e+00  1.246377e+02
     vertex  3.516341e+01 -2.500000e+00  1.246977e+02
   endloop
 endfacet
 facet normal -7.950900e-01  0.000000e+00 -6.064915e-01
   outer loop
     vertex  3.520917e+01  2.500000e+00  1.246377e+02
     vertex  3.516341e+01 -2.500000e+00  1.246977e+02
     vertex  3.516341e+01  2.500000e+00  1.246977e+02
   endloop
 endfacet
 facet normal -8.114292e-01 -0.000000e+00 -5.844507e-01
   outer loop
     vertex  3.525327e+01  2.500000e+00  1.245765e+02
     vertex  3.525327e+01 -2.500000e+00  1.245765e+02
     vertex  3.520917e+01 -2.500000e+00  1.246377e+02
   endloop
 endfacet
 facet normal -8.114292e-01  0.000000e+00 -5.844507e-01
   outer loop
     vertex  3.525327e+01  2.500000e+00  1.245765e+02
     vertex  3.520917e+01 -2.500000e+00  1.246377e+02
     vertex  3.520917e+01  2.500000e+00  1.246377e+02
   endloop
 endfacet
 facet normal -8.271577e-01  0.000000e+00 -5.619699e-01
   outer loop
     vertex  3.529567e+01  2.500000e+00  1.245141e+02
     vertex  3.525327e+01 -2.500000e+00  1.245765e+02
     vertex  3.525327e+01  2.500000e+00  1.245765e+02
   endloop
 endfacet
 facet normal -8.271577e-01 -0.000000e+00 -5.619699e-01
   outer loop
     vertex  3.529567e+01  2.500000e+00  1.245141e+02
     vertex  3.529567e+01 -2.500000e+00  1.245141e+02
     vertex  3.525327e+01 -2.500000e+00  1.245765e+02
   endloop
 endfacet
 facet normal -8.422635e-01 -0.000000e+00 -5.390661e-01
   outer loop
     vertex  3.529567e+01  2.500000e+00  1.245141e+02
     vertex  3.533634e+01 -2.500000e+00  1.244505e+02
     vertex  3.529567e+01 -2.500000e+00  1.245141e+02
   endloop
 endfacet
 facet normal -8.422635e-01 -0.000000e+00 -5.390661e-01
   outer loop
     vertex  3.533634e+01  2.500000e+00  1.244505e+02
     vertex  3.533634e+01 -2.500000e+00  1.244505e+02
     vertex  3.529567e+01  2.500000e+00  1.245141e+02
   endloop
 endfacet
 facet normal -8.567352e-01 -0.000000e+00 -5.157565e-01
   outer loop
     vertex  3.533634e+01  2.500000e+00  1.244505e+02
     vertex  3.537526e+01 -2.500000e+00  1.243859e+02
     vertex  3.533634e+01 -2.500000e+00  1.244505e+02
   endloop
 endfacet
 facet normal -8.567352e-01 -0.000000e+00 -5.157565e-01
   outer loop
     vertex  3.537526e+01  2.500000e+00  1.243859e+02
     vertex  3.537526e+01 -2.500000e+00  1.243859e+02
     vertex  3.533634e+01  2.500000e+00  1.244505e+02
   endloop
 endfacet
 facet normal -8.705620e-01  0.000000e+00 -4.920587e-01
   outer loop
     vertex  3.541238e+01  2.500000e+00  1.243202e+02
     vertex  3.537526e+01 -2.500000e+00  1.243859e+02
     vertex  3.537526e+01  2.500000e+00  1.243859e+02
   endloop
 endfacet
 facet normal -8.705620e-01 -0.000000e+00 -4.920587e-01
   outer loop
     vertex  3.541238e+01  2.500000e+00  1.243202e+02
     vertex  3.541238e+01 -2.500000e+00  1.243202e+02
     vertex  3.537526e+01 -2.500000e+00  1.243859e+02
   endloop
 endfacet
 facet normal -8.837335e-01  0.000000e+00 -4.679904e-01
   outer loop
     vertex  3.544769e+01  2.500000e+00  1.242535e+02
     vertex  3.541238e+01 -2.500000e+00  1.243202e+02
     vertex  3.541238e+01  2.500000e+00  1.243202e+02
   endloop
 endfacet
 facet normal -8.837335e-01 -0.000000e+00 -4.679904e-01
   outer loop
     vertex  3.544769e+01  2.500000e+00  1.242535e+02
     vertex  3.544769e+01 -2.500000e+00  1.242535e+02
     vertex  3.541238e+01 -2.500000e+00  1.243202e+02
   endloop
 endfacet
 facet normal -8.962398e-01  0.000000e+00 -4.435699e-01
   outer loop
     vertex  3.548116e+01  2.500000e+00  1.241859e+02
     vertex  3.544769e+01 -2.500000e+00  1.242535e+02
     vertex  3.544769e+01  2.500000e+00  1.242535e+02
   endloop
 endfacet
 facet normal -8.962398e-01 -0.000000e+00 -4.435699e-01
   outer loop
     vertex  3.548116e+01  2.500000e+00  1.241859e+02
     vertex  3.548116e+01 -2.500000e+00  1.241859e+02
     vertex  3.544769e+01 -2.500000e+00  1.242535e+02
   endloop
 endfacet
 facet normal -9.080714e-01  0.000000e+00 -4.188155e-01
   outer loop
     vertex  3.551276e+01  2.500000e+00  1.241174e+02
     vertex  3.548116e+01 -2.500000e+00  1.241859e+02
     vertex  3.548116e+01  2.500000e+00  1.241859e+02
   endloop
 endfacet
 facet normal -9.080714e-01 -0.000000e+00 -4.188155e-01
   outer loop
     vertex  3.551276e+01  2.500000e+00  1.241174e+02
     vertex  3.551276e+01 -2.500000e+00  1.241174e+02
     vertex  3.548116e+01 -2.500000e+00  1.241859e+02
   endloop
 endfacet
 facet normal -9.192194e-01  0.000000e+00 -3.937458e-01
   outer loop
     vertex  3.554247e+01  2.500000e+00  1.240480e+02
     vertex  3.551276e+01 -2.500000e+00  1.241174e+02
     vertex  3.551276e+01  2.500000e+00  1.241174e+02
   endloop
 endfacet
 facet normal -9.192194e-01 -0.000000e+00 -3.937458e-01
   outer loop
     vertex  3.554247e+01  2.500000e+00  1.240480e+02
     vertex  3.554247e+01 -2.500000e+00  1.240480e+02
     vertex  3.551276e+01 -2.500000e+00  1.241174e+02
   endloop
 endfacet
 facet normal -9.296754e-01  0.000000e+00 -3.683796e-01
   outer loop
     vertex  3.557026e+01  2.500000e+00  1.239779e+02
     vertex  3.554247e+01 -2.500000e+00  1.240480e+02
     vertex  3.554247e+01  2.500000e+00  1.240480e+02
   endloop
 endfacet
 facet normal -9.296754e-01 -0.000000e+00 -3.683796e-01
   outer loop
     vertex  3.557026e+01  2.500000e+00  1.239779e+02
     vertex  3.557026e+01 -2.500000e+00  1.239779e+02
     vertex  3.554247e+01 -2.500000e+00  1.240480e+02
   endloop
 endfacet
 facet normal -9.394317e-01  0.000000e+00 -3.427362e-01
   outer loop
     vertex  3.559612e+01  2.500000e+00  1.239070e+02
     vertex  3.557026e+01 -2.500000e+00  1.239779e+02
     vertex  3.557026e+01  2.500000e+00  1.239779e+02
   endloop
 endfacet
 facet normal -9.394317e-01 -0.000000e+00 -3.427362e-01
   outer loop
     vertex  3.559612e+01  2.500000e+00  1.239070e+02
     vertex  3.559612e+01 -2.500000e+00  1.239070e+02
     vertex  3.557026e+01 -2.500000e+00  1.239779e+02
   endloop
 endfacet
 facet normal -9.484807e-01  0.000000e+00 -3.168348e-01
   outer loop
     vertex  3.562003e+01  2.500000e+00  1.238354e+02
     vertex  3.559612e+01 -2.500000e+00  1.239070e+02
     vertex  3.559612e+01  2.500000e+00  1.239070e+02
   endloop
 endfacet
 facet normal -9.484807e-01 -0.000000e+00 -3.168348e-01
   outer loop
     vertex  3.562003e+01  2.500000e+00  1.238354e+02
     vertex  3.562003e+01 -2.500000e+00  1.238354e+02
     vertex  3.559612e+01 -2.500000e+00  1.239070e+02
   endloop
 endfacet
 facet normal -9.568158e-01  0.000000e+00 -2.906949e-01
   outer loop
     vertex  3.564196e+01  2.500000e+00  1.237632e+02
     vertex  3.562003e+01 -2.500000e+00  1.238354e+02
     vertex  3.562003e+01  2.500000e+00  1.238354e+02
   endloop
 endfacet
 facet normal -9.568158e-01 -0.000000e+00 -2.906949e-01
   outer loop
     vertex  3.564196e+01  2.500000e+00  1.237632e+02
     vertex  3.564196e+01 -2.500000e+00  1.237632e+02
     vertex  3.562003e+01 -2.500000e+00  1.238354e+02
   endloop
 endfacet
 facet normal -9.644306e-01 -0.000000e+00 -2.643362e-01
   outer loop
     vertex  3.564196e+01  2.500000e+00  1.237632e+02
     vertex  3.566191e+01 -2.500000e+00  1.236905e+02
     vertex  3.564196e+01 -2.500000e+00  1.237632e+02
   endloop
 endfacet
 facet normal -9.644306e-01 -0.000000e+00 -2.643362e-01
   outer loop
     vertex  3.566191e+01  2.500000e+00  1.236905e+02
     vertex  3.566191e+01 -2.500000e+00  1.236905e+02
     vertex  3.564196e+01  2.500000e+00  1.237632e+02
   endloop
 endfacet
 facet normal -9.713194e-01 -0.000000e+00 -2.377784e-01
   outer loop
     vertex  3.566191e+01  2.500000e+00  1.236905e+02
     vertex  3.567985e+01 -2.500000e+00  1.236172e+02
     vertex  3.566191e+01 -2.500000e+00  1.236905e+02
   endloop
 endfacet
 facet normal -9.713194e-01 -0.000000e+00 -2.377784e-01
   outer loop
     vertex  3.567985e+01  2.500000e+00  1.236172e+02
     vertex  3.567985e+01 -2.500000e+00  1.236172e+02
     vertex  3.566191e+01  2.500000e+00  1.236905e+02
   endloop
 endfacet
 facet normal -9.774771e-01  0.000000e+00 -2.110417e-01
   outer loop
     vertex  3.569577e+01  2.500000e+00  1.235434e+02
     vertex  3.567985e+01 -2.500000e+00  1.236172e+02
     vertex  3.567985e+01  2.500000e+00  1.236172e+02
   endloop
 endfacet
 facet normal -9.774771e-01 -0.000000e+00 -2.110417e-01
   outer loop
     vertex  3.569577e+01  2.500000e+00  1.235434e+02
     vertex  3.569577e+01 -2.500000e+00  1.235434e+02
     vertex  3.567985e+01 -2.500000e+00  1.236172e+02
   endloop
 endfacet
 facet normal -9.828989e-01 -0.000000e+00 -1.841461e-01
   outer loop
     vertex  3.569577e+01  2.500000e+00  1.235434e+02
     vertex  3.570966e+01 -2.500000e+00  1.234693e+02
     vertex  3.569577e+01 -2.500000e+00  1.235434e+02
   endloop
 endfacet
 facet normal -9.828989e-01 -0.000000e+00 -1.841461e-01
   outer loop
     vertex  3.570966e+01  2.500000e+00  1.234693e+02
     vertex  3.570966e+01 -2.500000e+00  1.234693e+02
     vertex  3.569577e+01  2.500000e+00  1.235434e+02
   endloop
 endfacet
 facet normal -9.875808e-01 -0.000000e+00 -1.571119e-01
   outer loop
     vertex  3.570966e+01  2.500000e+00  1.234693e+02
     vertex  3.572152e+01 -2.500000e+00  1.233948e+02
     vertex  3.570966e+01 -2.500000e+00  1.234693e+02
   endloop
 endfacet
 facet normal -9.875808e-01 -0.000000e+00 -1.571119e-01
   outer loop
     vertex  3.572152e+01  2.500000e+00  1.233948e+02
     vertex  3.572152e+01 -2.500000e+00  1.233948e+02
     vertex  3.570966e+01  2.500000e+00  1.234693e+02
   endloop
 endfacet
 facet normal -9.915193e-01  0.000000e+00 -1.299594e-01
   outer loop
     vertex  3.573132e+01  2.500000e+00  1.233199e+02
     vertex  3.572152e+01 -2.500000e+00  1.233948e+02
     vertex  3.572152e+01  2.500000e+00  1.233948e+02
   endloop
 endfacet
 facet normal -9.915193e-01 -0.000000e+00 -1.299594e-01
   outer loop
     vertex  3.573132e+01  2.500000e+00  1.233199e+02
     vertex  3.573132e+01 -2.500000e+00  1.233199e+02
     vertex  3.572152e+01 -2.500000e+00  1.233948e+02
   endloop
 endfacet
 facet normal -9.947114e-01 -0.000000e+00 -1.027091e-01
   outer loop
     vertex  3.573132e+01  2.500000e+00  1.233199e+02
     vertex  3.573907e+01 -2.500000e+00  1.232449e+02
     vertex  3.573132e+01 -2.500000e+00  1.233199e+02
   endloop
 endfacet
 facet normal -9.947114e-01 -0.000000e+00 -1.027091e-01
   outer loop
     vertex  3.573907e+01  2.500000e+00  1.232449e+02
     vertex  3.573907e+01 -2.500000e+00  1.232449e+02
     vertex  3.573132e+01  2.500000e+00  1.233199e+02
   endloop
 endfacet
 facet normal -9.971548e-01  0.000000e+00 -7.538152e-02
   outer loop
     vertex  3.574476e+01  2.500000e+00  1.231697e+02
     vertex  3.573907e+01 -2.500000e+00  1.232449e+02
     vertex  3.573907e+01  2.500000e+00  1.232449e+02
   endloop
 endfacet
 facet normal -9.971548e-01 -0.000000e+00 -7.538152e-02
   outer loop
     vertex  3.574476e+01  2.500000e+00  1.231697e+02
     vertex  3.574476e+01 -2.500000e+00  1.231697e+02
     vertex  3.573907e+01 -2.500000e+00  1.232449e+02
   endloop
 endfacet
 facet normal -9.988475e-01 -0.000000e+00 -4.799716e-02
   outer loop
     vertex  3.574476e+01  2.500000e+00  1.231697e+02
     vertex  3.574838e+01 -2.500000e+00  1.230943e+02
     vertex  3.574476e+01 -2.500000e+00  1.231697e+02
   endloop
 endfacet
 facet normal -9.997883e-01 -0.000000e+00 -2.057667e-02
   outer loop
     vertex  3.574838e+01  2.500000e+00  1.230943e+02
     vertex  3.574994e+01 -2.500000e+00  1.230189e+02
     vertex  3.574838e+01 -2.500000e+00  1.230943e+02
   endloop
 endfacet
 facet normal -9.988475e-01 -0.000000e+00 -4.799716e-02
   outer loop
     vertex  3.574838e+01  2.500000e+00  1.230943e+02
     vertex  3.574838e+01 -2.500000e+00  1.230943e+02
     vertex  3.574476e+01  2.500000e+00  1.231697e+02
   endloop
 endfacet
 facet normal -9.997883e-01 -0.000000e+00 -2.057667e-02
   outer loop
     vertex  3.574994e+01  2.500000e+00  1.230189e+02
     vertex  3.574994e+01 -2.500000e+00  1.230189e+02
     vertex  3.574838e+01  2.500000e+00  1.230943e+02
   endloop
 endfacet
 facet normal -9.999765e-01  0.000000e+00  6.859319e-03
   outer loop
     vertex  3.574942e+01  2.500000e+00  1.229434e+02
     vertex  3.574942e+01 -2.500000e+00  1.229434e+02
     vertex  3.574994e+01 -2.500000e+00  1.230189e+02
   endloop
 endfacet
 facet normal -9.999765e-01  0.000000e+00  6.859319e-03
   outer loop
     vertex  3.574942e+01  2.500000e+00  1.229434e+02
     vertex  3.574994e+01 -2.500000e+00  1.230189e+02
     vertex  3.574994e+01  2.500000e+00  1.230189e+02
   endloop
 endfacet
 facet normal -9.994119e-01  0.000000e+00  3.429014e-02
   outer loop
     vertex  3.574683e+01  2.500000e+00  1.228680e+02
     vertex  3.574683e+01 -2.500000e+00  1.228680e+02
     vertex  3.574942e+01 -2.500000e+00  1.229434e+02
   endloop
 endfacet
 facet normal -9.994119e-01  0.000000e+00  3.429014e-02
   outer loop
     vertex  3.574683e+01  2.500000e+00  1.228680e+02
     vertex  3.574942e+01 -2.500000e+00  1.229434e+02
     vertex  3.574942e+01  2.500000e+00  1.229434e+02
   endloop
 endfacet
 facet normal -9.980950e-01  0.000000e+00  6.169515e-02
   outer loop
     vertex  3.574218e+01  2.500000e+00  1.227927e+02
     vertex  3.574218e+01 -2.500000e+00  1.227927e+02
     vertex  3.574683e+01 -2.500000e+00  1.228680e+02
   endloop
 endfacet
 facet normal -9.980950e-01  0.000000e+00  6.169515e-02
   outer loop
     vertex  3.574218e+01  2.500000e+00  1.227927e+02
     vertex  3.574683e+01 -2.500000e+00  1.228680e+02
     vertex  3.574683e+01  2.500000e+00  1.228680e+02
   endloop
 endfacet
 facet normal -9.960268e-01  0.000000e+00  8.905371e-02
   outer loop
     vertex  3.573546e+01  2.500000e+00  1.227175e+02
     vertex  3.574218e+01 -2.500000e+00  1.227927e+02
     vertex  3.574218e+01  2.500000e+00  1.227927e+02
   endloop
 endfacet
 facet normal -9.960268e-01  0.000000e+00  8.905371e-02
   outer loop
     vertex  3.573546e+01  2.500000e+00  1.227175e+02
     vertex  3.573546e+01 -2.500000e+00  1.227175e+02
     vertex  3.574218e+01 -2.500000e+00  1.227927e+02
   endloop
 endfacet
 facet normal -9.932088e-01  0.000000e+00  1.163452e-01
   outer loop
     vertex  3.572668e+01  2.500000e+00  1.226426e+02
     vertex  3.573546e+01 -2.500000e+00  1.227175e+02
     vertex  3.573546e+01  2.500000e+00  1.227175e+02
   endloop
 endfacet
 facet normal -9.932088e-01  0.000000e+00  1.163452e-01
   outer loop
     vertex  3.572668e+01  2.500000e+00  1.226426e+02
     vertex  3.572668e+01 -2.500000e+00  1.226426e+02
     vertex  3.573546e+01 -2.500000e+00  1.227175e+02
   endloop
 endfacet
 facet normal -9.896432e-01  0.000000e+00  1.435492e-01
   outer loop
     vertex  3.572668e+01  2.500000e+00  1.226426e+02
     vertex  3.571585e+01 -2.500000e+00  1.225679e+02
     vertex  3.572668e+01 -2.500000e+00  1.226426e+02
   endloop
 endfacet
 facet normal -9.896432e-01  0.000000e+00  1.435492e-01
   outer loop
     vertex  3.571585e+01  2.500000e+00  1.225679e+02
     vertex  3.571585e+01 -2.500000e+00  1.225679e+02
     vertex  3.572668e+01  2.500000e+00  1.226426e+02
   endloop
 endfacet
 facet normal -9.853326e-01  0.000000e+00  1.706451e-01
   outer loop
     vertex  3.570297e+01  2.500000e+00  1.224936e+02
     vertex  3.571585e+01 -2.500000e+00  1.225679e+02
     vertex  3.571585e+01  2.500000e+00  1.225679e+02
   endloop
 endfacet
 facet normal -9.853326e-01  0.000000e+00  1.706451e-01
   outer loop
     vertex  3.570297e+01  2.500000e+00  1.224936e+02
     vertex  3.570297e+01 -2.500000e+00  1.224936e+02
     vertex  3.571585e+01 -2.500000e+00  1.225679e+02
   endloop
 endfacet
 facet normal -9.802802e-01  0.000000e+00  1.976125e-01
   outer loop
     vertex  3.568806e+01  2.500000e+00  1.224196e+02
     vertex  3.570297e+01 -2.500000e+00  1.224936e+02
     vertex  3.570297e+01  2.500000e+00  1.224936e+02
   endloop
 endfacet
 facet normal -9.802802e-01  0.000000e+00  1.976125e-01
   outer loop
     vertex  3.568806e+01  2.500000e+00  1.224196e+02
     vertex  3.568806e+01 -2.500000e+00  1.224196e+02
     vertex  3.570297e+01 -2.500000e+00  1.224936e+02
   endloop
 endfacet
 facet normal -9.744899e-01  0.000000e+00  2.244312e-01
   outer loop
     vertex  3.568806e+01  2.500000e+00  1.224196e+02
     vertex  3.567113e+01 -2.500000e+00  1.223461e+02
     vertex  3.568806e+01 -2.500000e+00  1.224196e+02
   endloop
 endfacet
 facet normal -9.744899e-01  0.000000e+00  2.244312e-01
   outer loop
     vertex  3.567113e+01  2.500000e+00  1.223461e+02
     vertex  3.567113e+01 -2.500000e+00  1.223461e+02
     vertex  3.568806e+01  2.500000e+00  1.224196e+02
   endloop
 endfacet
 facet normal -9.679661e-01  0.000000e+00  2.510809e-01
   outer loop
     vertex  3.565218e+01  2.500000e+00  1.222731e+02
     vertex  3.567113e+01 -2.500000e+00  1.223461e+02
     vertex  3.567113e+01  2.500000e+00  1.223461e+02
   endloop
 endfacet
 facet normal -9.679661e-01  0.000000e+00  2.510809e-01
   outer loop
     vertex  3.565218e+01  2.500000e+00  1.222731e+02
     vertex  3.565218e+01 -2.500000e+00  1.222731e+02
     vertex  3.567113e+01 -2.500000e+00  1.223461e+02
   endloop
 endfacet
 facet normal -9.607136e-01  0.000000e+00  2.775416e-01
   outer loop
     vertex  3.565218e+01  2.500000e+00  1.222731e+02
     vertex  3.563124e+01 -2.500000e+00  1.222006e+02
     vertex  3.565218e+01 -2.500000e+00  1.222731e+02
   endloop
 endfacet
 facet normal -9.607136e-01  0.000000e+00  2.775416e-01
   outer loop
     vertex  3.563124e+01  2.500000e+00  1.222006e+02
     vertex  3.563124e+01 -2.500000e+00  1.222006e+02
     vertex  3.565218e+01  2.500000e+00  1.222731e+02
   endloop
 endfacet
 facet normal -9.527379e-01  0.000000e+00  3.037934e-01
   outer loop
     vertex  3.560832e+01  2.500000e+00  1.221287e+02
     vertex  3.563124e+01 -2.500000e+00  1.222006e+02
     vertex  3.563124e+01  2.500000e+00  1.222006e+02
   endloop
 endfacet
 facet normal -9.527379e-01  0.000000e+00  3.037934e-01
   outer loop
     vertex  3.560832e+01  2.500000e+00  1.221287e+02
     vertex  3.560832e+01 -2.500000e+00  1.221287e+02
     vertex  3.563124e+01 -2.500000e+00  1.222006e+02
   endloop
 endfacet
 facet normal -9.440450e-01  0.000000e+00  3.298166e-01
   outer loop
     vertex  3.560832e+01  2.500000e+00  1.221287e+02
     vertex  3.558344e+01 -2.500000e+00  1.220575e+02
     vertex  3.560832e+01 -2.500000e+00  1.221287e+02
   endloop
 endfacet
 facet normal -9.440450e-01  0.000000e+00  3.298166e-01
   outer loop
     vertex  3.558344e+01  2.500000e+00  1.220575e+02
     vertex  3.558344e+01 -2.500000e+00  1.220575e+02
     vertex  3.560832e+01  2.500000e+00  1.221287e+02
   endloop
 endfacet
 facet normal -9.346415e-01  0.000000e+00  3.555914e-01
   outer loop
     vertex  3.555661e+01  2.500000e+00  1.219870e+02
     vertex  3.558344e+01 -2.500000e+00  1.220575e+02
     vertex  3.558344e+01  2.500000e+00  1.220575e+02
   endloop
 endfacet
 facet normal -9.346415e-01  0.000000e+00  3.555914e-01
   outer loop
     vertex  3.555661e+01  2.500000e+00  1.219870e+02
     vertex  3.555661e+01 -2.500000e+00  1.219870e+02
     vertex  3.558344e+01 -2.500000e+00  1.220575e+02
   endloop
 endfacet
 facet normal -9.245344e-01  0.000000e+00  3.810986e-01
   outer loop
     vertex  3.552785e+01  2.500000e+00  1.219172e+02
     vertex  3.555661e+01 -2.500000e+00  1.219870e+02
     vertex  3.555661e+01  2.500000e+00  1.219870e+02
   endloop
 endfacet
 facet normal -9.245344e-01  0.000000e+00  3.810986e-01
   outer loop
     vertex  3.552785e+01  2.500000e+00  1.219172e+02
     vertex  3.552785e+01 -2.500000e+00  1.219172e+02
     vertex  3.555661e+01 -2.500000e+00  1.219870e+02
   endloop
 endfacet
 facet normal -9.137314e-01  0.000000e+00  4.063188e-01
   outer loop
     vertex  3.549720e+01  2.500000e+00  1.218483e+02
     vertex  3.549720e+01 -2.500000e+00  1.218483e+02
     vertex  3.552785e+01 -2.500000e+00  1.219172e+02
   endloop
 endfacet
 facet normal -9.022405e-01  0.000000e+00  4.312333e-01
   outer loop
     vertex  3.549720e+01  2.500000e+00  1.218483e+02
     vertex  3.546466e+01 -2.500000e+00  1.217802e+02
     vertex  3.549720e+01 -2.500000e+00  1.218483e+02
   endloop
 endfacet
 facet normal -9.137314e-01  0.000000e+00  4.063188e-01
   outer loop
     vertex  3.549720e+01  2.500000e+00  1.218483e+02
     vertex  3.552785e+01 -2.500000e+00  1.219172e+02
     vertex  3.552785e+01  2.500000e+00  1.219172e+02
   endloop
 endfacet
 facet normal -9.022405e-01  0.000000e+00  4.312333e-01
   outer loop
     vertex  3.546466e+01  2.500000e+00  1.217802e+02
     vertex  3.546466e+01 -2.500000e+00  1.217802e+02
     vertex  3.549720e+01  2.500000e+00  1.218483e+02
   endloop
 endfacet
 facet normal -8.900704e-01  0.000000e+00  4.558231e-01
   outer loop
     vertex  3.543027e+01  2.500000e+00  1.217130e+02
     vertex  3.543027e+01 -2.500000e+00  1.217130e+02
     vertex  3.546466e+01 -2.500000e+00  1.217802e+02
   endloop
 endfacet
 facet normal -8.772303e-01  0.000000e+00  4.800697e-01
   outer loop
     vertex  3.543027e+01  2.500000e+00  1.217130e+02
     vertex  3.539405e+01 -2.500000e+00  1.216468e+02
     vertex  3.543027e+01 -2.500000e+00  1.217130e+02
   endloop
 endfacet
 facet normal -8.900704e-01  0.000000e+00  4.558231e-01
   outer loop
     vertex  3.543027e+01  2.500000e+00  1.217130e+02
     vertex  3.546466e+01 -2.500000e+00  1.217802e+02
     vertex  3.546466e+01  2.500000e+00  1.217802e+02
   endloop
 endfacet
 facet normal -8.772303e-01  0.000000e+00  4.800697e-01
   outer loop
     vertex  3.539405e+01  2.500000e+00  1.216468e+02
     vertex  3.539405e+01 -2.500000e+00  1.216468e+02
     vertex  3.543027e+01  2.500000e+00  1.217130e+02
   endloop
 endfacet
 facet normal -8.637299e-01  0.000000e+00  5.039550e-01
   outer loop
     vertex  3.535602e+01  2.500000e+00  1.215817e+02
     vertex  3.535602e+01 -2.500000e+00  1.215817e+02
     vertex  3.539405e+01 -2.500000e+00  1.216468e+02
   endloop
 endfacet
 facet normal -8.637299e-01  0.000000e+00  5.039550e-01
   outer loop
     vertex  3.535602e+01  2.500000e+00  1.215817e+02
     vertex  3.539405e+01 -2.500000e+00  1.216468e+02
     vertex  3.539405e+01  2.500000e+00  1.216468e+02
   endloop
 endfacet
 facet normal -8.495793e-01  0.000000e+00  5.274609e-01
   outer loop
     vertex  3.531622e+01  2.500000e+00  1.215176e+02
     vertex  3.531622e+01 -2.500000e+00  1.215176e+02
     vertex  3.535602e+01 -2.500000e+00  1.215817e+02
   endloop
 endfacet
 facet normal -8.347891e-01  0.000000e+00  5.505698e-01
   outer loop
     vertex  3.531622e+01  2.500000e+00  1.215176e+02
     vertex  3.527468e+01 -2.500000e+00  1.214546e+02
     vertex  3.531622e+01 -2.500000e+00  1.215176e+02
   endloop
 endfacet
 facet normal -8.495793e-01  0.000000e+00  5.274609e-01
   outer loop
     vertex  3.531622e+01  2.500000e+00  1.215176e+02
     vertex  3.535602e+01 -2.500000e+00  1.215817e+02
     vertex  3.535602e+01  2.500000e+00  1.215817e+02
   endloop
 endfacet
 facet normal -8.347891e-01  0.000000e+00  5.505698e-01
   outer loop
     vertex  3.527468e+01  2.500000e+00  1.214546e+02
     vertex  3.527468e+01 -2.500000e+00  1.214546e+02
     vertex  3.531622e+01  2.500000e+00  1.215176e+02
   endloop
 endfacet
 facet normal -8.193706e-01  0.000000e+00  5.732642e-01
   outer loop
     vertex  3.523143e+01  2.500000e+00  1.213928e+02
     vertex  3.523143e+01 -2.500000e+00  1.213928e+02
     vertex  3.527468e+01 -2.500000e+00  1.214546e+02
   endloop
 endfacet
 facet normal -8.193706e-01  0.000000e+00  5.732642e-01
   outer loop
     vertex  3.523143e+01  2.500000e+00  1.213928e+02
     vertex  3.527468e+01 -2.500000e+00  1.214546e+02
     vertex  3.527468e+01  2.500000e+00  1.214546e+02
   endloop
 endfacet
 facet normal -8.033352e-01  0.000000e+00  5.955271e-01
   outer loop
     vertex  3.518650e+01  2.500000e+00  1.213321e+02
     vertex  3.518650e+01 -2.500000e+00  1.213321e+02
     vertex  3.523143e+01 -2.500000e+00  1.213928e+02
   endloop
 endfacet
 facet normal -7.866951e-01  0.000000e+00  6.173417e-01
   outer loop
     vertex  3.518650e+01  2.500000e+00  1.213321e+02
     vertex  3.513992e+01 -2.500000e+00  1.212728e+02
     vertex  3.518650e+01 -2.500000e+00  1.213321e+02
   endloop
 endfacet
 facet normal -8.033352e-01  0.000000e+00  5.955271e-01
   outer loop
     vertex  3.518650e+01  2.500000e+00  1.213321e+02
     vertex  3.523143e+01 -2.500000e+00  1.213928e+02
     vertex  3.523143e+01  2.500000e+00  1.213928e+02
   endloop
 endfacet
 facet normal -7.866951e-01  0.000000e+00  6.173417e-01
   outer loop
     vertex  3.513992e+01  2.500000e+00  1.212728e+02
     vertex  3.513992e+01 -2.500000e+00  1.212728e+02
     vertex  3.518650e+01  2.500000e+00  1.213321e+02
   endloop
 endfacet
 facet normal -7.694628e-01  0.000000e+00  6.386916e-01
   outer loop
     vertex  3.509173e+01  2.500000e+00  1.212147e+02
     vertex  3.509173e+01 -2.500000e+00  1.212147e+02
     vertex  3.513992e+01 -2.500000e+00  1.212728e+02
   endloop
 endfacet
 facet normal -7.694628e-01  0.000000e+00  6.386916e-01
   outer loop
     vertex  3.509173e+01  2.500000e+00  1.212147e+02
     vertex  3.513992e+01 -2.500000e+00  1.212728e+02
     vertex  3.513992e+01  2.500000e+00  1.212728e+02
   endloop
 endfacet
 facet normal -7.516513e-01  0.000000e+00  6.595607e-01
   outer loop
     vertex  3.504196e+01  2.500000e+00  1.211580e+02
     vertex  3.504196e+01 -2.500000e+00  1.211580e+02
     vertex  3.509173e+01 -2.500000e+00  1.212147e+02
   endloop
 endfacet
 facet normal -7.516513e-01  0.000000e+00  6.595607e-01
   outer loop
     vertex  3.504196e+01  2.500000e+00  1.211580e+02
     vertex  3.509173e+01 -2.500000e+00  1.212147e+02
     vertex  3.509173e+01  2.500000e+00  1.212147e+02
   endloop
 endfacet
 facet normal -7.332740e-01  0.000000e+00  6.799333e-01
   outer loop
     vertex  3.499066e+01  2.500000e+00  1.211027e+02
     vertex  3.499066e+01 -2.500000e+00  1.211027e+02
     vertex  3.504196e+01 -2.500000e+00  1.211580e+02
   endloop
 endfacet
 facet normal -7.143447e-01  0.000000e+00  6.997940e-01
   outer loop
     vertex  3.499066e+01  2.500000e+00  1.211027e+02
     vertex  3.493786e+01 -2.500000e+00  1.210488e+02
     vertex  3.499066e+01 -2.500000e+00  1.211027e+02
   endloop
 endfacet
 facet normal -7.332740e-01  0.000000e+00  6.799333e-01
   outer loop
     vertex  3.499066e+01  2.500000e+00  1.211027e+02
     vertex  3.504196e+01 -2.500000e+00  1.211580e+02
     vertex  3.504196e+01  2.500000e+00  1.211580e+02
   endloop
 endfacet
 facet normal -7.143447e-01  0.000000e+00  6.997940e-01
   outer loop
     vertex  3.493786e+01  2.500000e+00  1.210488e+02
     vertex  3.493786e+01 -2.500000e+00  1.210488e+02
     vertex  3.499066e+01  2.500000e+00  1.211027e+02
   endloop
 endfacet
 facet normal -6.948776e-01  0.000000e+00  7.191280e-01
   outer loop
     vertex  3.488360e+01  2.500000e+00  1.209964e+02
     vertex  3.493786e+01 -2.500000e+00  1.210488e+02
     vertex  3.493786e+01  2.500000e+00  1.210488e+02
   endloop
 endfacet
 facet normal -6.948776e-01  0.000000e+00  7.191280e-01
   outer loop
     vertex  3.488360e+01  2.500000e+00  1.209964e+02
     vertex  3.488360e+01 -2.500000e+00  1.209964e+02
     vertex  3.493786e+01 -2.500000e+00  1.210488e+02
   endloop
 endfacet
 facet normal -6.748875e-01  0.000000e+00  7.379206e-01
   outer loop
     vertex  3.482793e+01  2.500000e+00  1.209454e+02
     vertex  3.488360e+01 -2.500000e+00  1.209964e+02
     vertex  3.488360e+01  2.500000e+00  1.209964e+02
   endloop
 endfacet
 facet normal -6.748875e-01  0.000000e+00  7.379206e-01
   outer loop
     vertex  3.482793e+01  2.500000e+00  1.209454e+02
     vertex  3.482793e+01 -2.500000e+00  1.209454e+02
     vertex  3.488360e+01 -2.500000e+00  1.209964e+02
   endloop
 endfacet
 facet normal -6.543893e-01  0.000000e+00  7.561578e-01
   outer loop
     vertex  3.482793e+01  2.500000e+00  1.209454e+02
     vertex  3.477088e+01 -2.500000e+00  1.208961e+02
     vertex  3.482793e+01 -2.500000e+00  1.209454e+02
   endloop
 endfacet
 facet normal -6.543893e-01  0.000000e+00  7.561578e-01
   outer loop
     vertex  3.477088e+01  2.500000e+00  1.208961e+02
     vertex  3.477088e+01 -2.500000e+00  1.208961e+02
     vertex  3.482793e+01  2.500000e+00  1.209454e+02
   endloop
 endfacet
 facet normal -6.333986e-01  0.000000e+00  7.738257e-01
   outer loop
     vertex  3.477088e+01  2.500000e+00  1.208961e+02
     vertex  3.471249e+01 -2.500000e+00  1.208483e+02
     vertex  3.477088e+01 -2.500000e+00  1.208961e+02
   endloop
 endfacet
 facet normal -6.333986e-01  0.000000e+00  7.738257e-01
   outer loop
     vertex  3.471249e+01  2.500000e+00  1.208483e+02
     vertex  3.471249e+01 -2.500000e+00  1.208483e+02
     vertex  3.477088e+01  2.500000e+00  1.208961e+02
   endloop
 endfacet
 facet normal -6.119310e-01  0.000000e+00  7.909112e-01
   outer loop
     vertex  3.465281e+01  2.500000e+00  1.208021e+02
     vertex  3.471249e+01 -2.500000e+00  1.208483e+02
     vertex  3.471249e+01  2.500000e+00  1.208483e+02
   endloop
 endfacet
 facet normal -6.119310e-01  0.000000e+00  7.909112e-01
   outer loop
     vertex  3.465281e+01  2.500000e+00  1.208021e+02
     vertex  3.465281e+01 -2.500000e+00  1.208021e+02
     vertex  3.471249e+01 -2.500000e+00  1.208483e+02
   endloop
 endfacet
 facet normal -5.900028e-01  0.000000e+00  8.074012e-01
   outer loop
     vertex  3.459190e+01  2.500000e+00  1.207576e+02
     vertex  3.459190e+01 -2.500000e+00  1.207576e+02
     vertex  3.465281e+01 -2.500000e+00  1.208021e+02
   endloop
 endfacet
 facet normal -5.676304e-01  0.000000e+00  8.232835e-01
   outer loop
     vertex  3.459190e+01  2.500000e+00  1.207576e+02
     vertex  3.452978e+01 -2.500000e+00  1.207148e+02
     vertex  3.459190e+01 -2.500000e+00  1.207576e+02
   endloop
 endfacet
 facet normal -5.900028e-01  0.000000e+00  8.074012e-01
   outer loop
     vertex  3.459190e+01  2.500000e+00  1.207576e+02
     vertex  3.465281e+01 -2.500000e+00  1.208021e+02
     vertex  3.465281e+01  2.500000e+00  1.208021e+02
   endloop
 endfacet
 facet normal -5.676304e-01  0.000000e+00  8.232835e-01
   outer loop
     vertex  3.452978e+01  2.500000e+00  1.207148e+02
     vertex  3.452978e+01 -2.500000e+00  1.207148e+02
     vertex  3.459190e+01  2.500000e+00  1.207576e+02
   endloop
 endfacet
 facet normal -5.448308e-01  0.000000e+00  8.385460e-01
   outer loop
     vertex  3.446651e+01  2.500000e+00  1.206737e+02
     vertex  3.452978e+01 -2.500000e+00  1.207148e+02
     vertex  3.452978e+01  2.500000e+00  1.207148e+02
   endloop
 endfacet
 facet normal -5.448308e-01  0.000000e+00  8.385460e-01
   outer loop
     vertex  3.446651e+01  2.500000e+00  1.206737e+02
     vertex  3.446651e+01 -2.500000e+00  1.206737e+02
     vertex  3.452978e+01 -2.500000e+00  1.207148e+02
   endloop
 endfacet
 facet normal -5.216210e-01  0.000000e+00  8.531773e-01
   outer loop
     vertex  3.446651e+01  2.500000e+00  1.206737e+02
     vertex  3.440214e+01 -2.500000e+00  1.206343e+02
     vertex  3.446651e+01 -2.500000e+00  1.206737e+02
   endloop
 endfacet
 facet normal -5.216210e-01  0.000000e+00  8.531773e-01
   outer loop
     vertex  3.440214e+01  2.500000e+00  1.206343e+02
     vertex  3.440214e+01 -2.500000e+00  1.206343e+02
     vertex  3.446651e+01  2.500000e+00  1.206737e+02
   endloop
 endfacet
 facet normal -4.980186e-01  0.000000e+00  8.671664e-01
   outer loop
     vertex  3.433671e+01  2.500000e+00  1.205967e+02
     vertex  3.433671e+01 -2.500000e+00  1.205967e+02
     vertex  3.440214e+01 -2.500000e+00  1.206343e+02
   endloop
 endfacet
 facet normal -4.980186e-01  0.000000e+00  8.671664e-01
   outer loop
     vertex  3.433671e+01  2.500000e+00  1.205967e+02
     vertex  3.440214e+01 -2.500000e+00  1.206343e+02
     vertex  3.440214e+01  2.500000e+00  1.206343e+02
   endloop
 endfacet
 facet normal -4.740412e-01  0.000000e+00  8.805026e-01
   outer loop
     vertex  3.427027e+01  2.500000e+00  1.205610e+02
     vertex  3.427027e+01 -2.500000e+00  1.205610e+02
     vertex  3.433671e+01 -2.500000e+00  1.205967e+02
   endloop
 endfacet
 facet normal -4.740412e-01  0.000000e+00  8.805026e-01
   outer loop
     vertex  3.427027e+01  2.500000e+00  1.205610e+02
     vertex  3.433671e+01 -2.500000e+00  1.205967e+02
     vertex  3.433671e+01  2.500000e+00  1.205967e+02
   endloop
 endfacet
 facet normal -4.497071e-01  0.000000e+00  8.931761e-01
   outer loop
     vertex  3.420288e+01  2.500000e+00  1.205270e+02
     vertex  3.420288e+01 -2.500000e+00  1.205270e+02
     vertex  3.427027e+01 -2.500000e+00  1.205610e+02
   endloop
 endfacet
 facet normal -4.497071e-01  0.000000e+00  8.931761e-01
   outer loop
     vertex  3.420288e+01  2.500000e+00  1.205270e+02
     vertex  3.427027e+01 -2.500000e+00  1.205610e+02
     vertex  3.427027e+01  2.500000e+00  1.205610e+02
   endloop
 endfacet
 facet normal -4.250344e-01  0.000000e+00  9.051772e-01
   outer loop
     vertex  3.413459e+01  2.500000e+00  1.204950e+02
     vertex  3.413459e+01 -2.500000e+00  1.204950e+02
     vertex  3.420288e+01 -2.500000e+00  1.205270e+02
   endloop
 endfacet
 facet normal -4.000417e-01  0.000000e+00  9.164969e-01
   outer loop
     vertex  3.413459e+01  2.500000e+00  1.204950e+02
     vertex  3.406544e+01 -2.500000e+00  1.204648e+02
     vertex  3.413459e+01 -2.500000e+00  1.204950e+02
   endloop
 endfacet
 facet normal -4.250344e-01  0.000000e+00  9.051772e-01
   outer loop
     vertex  3.413459e+01  2.500000e+00  1.204950e+02
     vertex  3.420288e+01 -2.500000e+00  1.205270e+02
     vertex  3.420288e+01  2.500000e+00  1.205270e+02
   endloop
 endfacet
 facet normal -4.000417e-01  0.000000e+00  9.164969e-01
   outer loop
     vertex  3.406544e+01  2.500000e+00  1.204648e+02
     vertex  3.406544e+01 -2.500000e+00  1.204648e+02
     vertex  3.413459e+01  2.500000e+00  1.204950e+02
   endloop
 endfacet
 facet normal -3.747479e-01  0.000000e+00  9.271267e-01
   outer loop
     vertex  3.399548e+01  2.500000e+00  1.204365e+02
     vertex  3.399548e+01 -2.500000e+00  1.204365e+02
     vertex  3.406544e+01 -2.500000e+00  1.204648e+02
   endloop
 endfacet
 facet normal -3.491720e-01  0.000000e+00  9.370586e-01
   outer loop
     vertex  3.399548e+01  2.500000e+00  1.204365e+02
     vertex  3.392478e+01 -2.500000e+00  1.204102e+02
     vertex  3.399548e+01 -2.500000e+00  1.204365e+02
   endloop
 endfacet
 facet normal -3.747479e-01  0.000000e+00  9.271267e-01
   outer loop
     vertex  3.399548e+01  2.500000e+00  1.204365e+02
     vertex  3.406544e+01 -2.500000e+00  1.204648e+02
     vertex  3.406544e+01  2.500000e+00  1.204648e+02
   endloop
 endfacet
 facet normal -3.233333e-01  0.000000e+00  9.462851e-01
   outer loop
     vertex  3.392478e+01  2.500000e+00  1.204102e+02
     vertex  3.385338e+01 -2.500000e+00  1.203858e+02
     vertex  3.392478e+01 -2.500000e+00  1.204102e+02
   endloop
 endfacet
 facet normal -3.491720e-01  0.000000e+00  9.370586e-01
   outer loop
     vertex  3.392478e+01  2.500000e+00  1.204102e+02
     vertex  3.392478e+01 -2.500000e+00  1.204102e+02
     vertex  3.399548e+01  2.500000e+00  1.204365e+02
   endloop
 endfacet
 facet normal -2.972512e-01  0.000000e+00  9.547993e-01
   outer loop
     vertex  3.385338e+01  2.500000e+00  1.203858e+02
     vertex  3.378134e+01 -2.500000e+00  1.203633e+02
     vertex  3.385338e+01 -2.500000e+00  1.203858e+02
   endloop
 endfacet
 facet normal -3.233333e-01  0.000000e+00  9.462851e-01
   outer loop
     vertex  3.385338e+01  2.500000e+00  1.203858e+02
     vertex  3.385338e+01 -2.500000e+00  1.203858e+02
     vertex  3.392478e+01  2.500000e+00  1.204102e+02
   endloop
 endfacet
 facet normal -2.972512e-01  0.000000e+00  9.547993e-01
   outer loop
     vertex  3.378134e+01  2.500000e+00  1.203633e+02
     vertex  3.378134e+01 -2.500000e+00  1.203633e+02
     vertex  3.385338e+01  2.500000e+00  1.203858e+02
   endloop
 endfacet
 facet normal -2.709453e-01  0.000000e+00  9.625948e-01
   outer loop
     vertex  3.370872e+01  2.500000e+00  1.203429e+02
     vertex  3.370872e+01 -2.500000e+00  1.203429e+02
     vertex  3.378134e+01 -2.500000e+00  1.203633e+02
   endloop
 endfacet
 facet normal -2.444354e-01  0.000000e+00  9.696656e-01
   outer loop
     vertex  3.370872e+01  2.500000e+00  1.203429e+02
     vertex  3.363555e+01 -2.500000e+00  1.203244e+02
     vertex  3.370872e+01 -2.500000e+00  1.203429e+02
   endloop
 endfacet
 facet normal -2.709453e-01  0.000000e+00  9.625948e-01
   outer loop
     vertex  3.370872e+01  2.500000e+00  1.203429e+02
     vertex  3.378134e+01 -2.500000e+00  1.203633e+02
     vertex  3.378134e+01  2.500000e+00  1.203633e+02
   endloop
 endfacet
 facet normal -2.444354e-01  0.000000e+00  9.696656e-01
   outer loop
     vertex  3.363555e+01  2.500000e+00  1.203244e+02
     vertex  3.363555e+01 -2.500000e+00  1.203244e+02
     vertex  3.370872e+01  2.500000e+00  1.203429e+02
   endloop
 endfacet
 facet normal -2.177416e-01  0.000000e+00  9.760065e-01
   outer loop
     vertex  3.356191e+01  2.500000e+00  1.203080e+02
     vertex  3.356191e+01 -2.500000e+00  1.203080e+02
     vertex  3.363555e+01 -2.500000e+00  1.203244e+02
   endloop
 endfacet
 facet normal -1.908838e-01  0.000000e+00  9.816126e-01
   outer loop
     vertex  3.356191e+01  2.500000e+00  1.203080e+02
     vertex  3.348785e+01 -2.500000e+00  1.202936e+02
     vertex  3.356191e+01 -2.500000e+00  1.203080e+02
   endloop
 endfacet
 facet normal -2.177416e-01  0.000000e+00  9.760065e-01
   outer loop
     vertex  3.356191e+01  2.500000e+00  1.203080e+02
     vertex  3.363555e+01 -2.500000e+00  1.203244e+02
     vertex  3.363555e+01  2.500000e+00  1.203244e+02
   endloop
 endfacet
 facet normal -1.638824e-01  0.000000e+00  9.864799e-01
   outer loop
     vertex  3.348785e+01  2.500000e+00  1.202936e+02
     vertex  3.341342e+01 -2.500000e+00  1.202813e+02
     vertex  3.348785e+01 -2.500000e+00  1.202936e+02
   endloop
 endfacet
 facet normal -1.908838e-01  0.000000e+00  9.816126e-01
   outer loop
     vertex  3.348785e+01  2.500000e+00  1.202936e+02
     vertex  3.348785e+01 -2.500000e+00  1.202936e+02
     vertex  3.356191e+01  2.500000e+00  1.203080e+02
   endloop
 endfacet
 facet normal -1.638824e-01  0.000000e+00  9.864799e-01
   outer loop
     vertex  3.341342e+01  2.500000e+00  1.202813e+02
     vertex  3.341342e+01 -2.500000e+00  1.202813e+02
     vertex  3.348785e+01  2.500000e+00  1.202936e+02
   endloop
 endfacet
 facet normal -1.367575e-01  0.000000e+00  9.906046e-01
   outer loop
     vertex  3.333868e+01  2.500000e+00  1.202709e+02
     vertex  3.333868e+01 -2.500000e+00  1.202709e+02
     vertex  3.341342e+01 -2.500000e+00  1.202813e+02
   endloop
 endfacet
 facet normal -1.095298e-01  0.000000e+00  9.939835e-01
   outer loop
     vertex  3.333868e+01  2.500000e+00  1.202709e+02
     vertex  3.326368e+01 -2.500000e+00  1.202627e+02
     vertex  3.333868e+01 -2.500000e+00  1.202709e+02
   endloop
 endfacet
 facet normal -1.367575e-01  0.000000e+00  9.906046e-01
   outer loop
     vertex  3.333868e+01  2.500000e+00  1.202709e+02
     vertex  3.341342e+01 -2.500000e+00  1.202813e+02
     vertex  3.341342e+01  2.500000e+00  1.202813e+02
   endloop
 endfacet
 facet normal -1.095298e-01  0.000000e+00  9.939835e-01
   outer loop
     vertex  3.326368e+01  2.500000e+00  1.202627e+02
     vertex  3.326368e+01 -2.500000e+00  1.202627e+02
     vertex  3.333868e+01  2.500000e+00  1.202709e+02
   endloop
 endfacet
 facet normal -8.221955e-02  0.000000e+00  9.966142e-01
   outer loop
     vertex  3.318848e+01  2.500000e+00  1.202565e+02
     vertex  3.326368e+01 -2.500000e+00  1.202627e+02
     vertex  3.326368e+01  2.500000e+00  1.202627e+02
   endloop
 endfacet
 facet normal -8.221955e-02  0.000000e+00  9.966142e-01
   outer loop
     vertex  3.318848e+01  2.500000e+00  1.202565e+02
     vertex  3.318848e+01 -2.500000e+00  1.202565e+02
     vertex  3.326368e+01 -2.500000e+00  1.202627e+02
   endloop
 endfacet
 facet normal -5.484744e-02  0.000000e+00  9.984947e-01
   outer loop
     vertex  3.318848e+01  2.500000e+00  1.202565e+02
     vertex  3.311315e+01 -2.500000e+00  1.202523e+02
     vertex  3.318848e+01 -2.500000e+00  1.202565e+02
   endloop
 endfacet
 facet normal -5.484744e-02  0.000000e+00  9.984947e-01
   outer loop
     vertex  3.311315e+01  2.500000e+00  1.202523e+02
     vertex  3.311315e+01 -2.500000e+00  1.202523e+02
     vertex  3.318848e+01  2.500000e+00  1.202565e+02
   endloop
 endfacet
 facet normal -2.743405e-02  0.000000e+00  9.996236e-01
   outer loop
     vertex  3.303773e+01  2.500000e+00  1.202503e+02
     vertex  3.311315e+01 -2.500000e+00  1.202523e+02
     vertex  3.311315e+01  2.500000e+00  1.202523e+02
   endloop
 endfacet
 facet normal -2.743405e-02  0.000000e+00  9.996236e-01
   outer loop
     vertex  3.303773e+01  2.500000e+00  1.202503e+02
     vertex  3.303773e+01 -2.500000e+00  1.202503e+02
     vertex  3.311315e+01 -2.500000e+00  1.202523e+02
   endloop
 endfacet
 facet normal -0.000000e+00  0.000000e+00  1.000000e+00
   outer loop
     vertex  3.296227e+01  2.500000e+00  1.202503e+02
     vertex  3.303773e+01 -2.500000e+00  1.202503e+02
     vertex  3.303773e+01  2.500000e+00  1.202503e+02
   endloop
 endfacet
 facet normal  0.000000e+00  0.000000e+00  1.000000e+00
   outer loop
     vertex  3.296227e+01  2.500000e+00  1.202503e+02
     vertex  3.296227e+01 -2.500000e+00  1.202503e+02
     vertex  3.303773e+01 -2.500000e+00  1.202503e+02
   endloop
 endfacet
 facet normal  2.743405e-02  0.000000e+00  9.996236e-01
   outer loop
     vertex  3.296227e+01  2.500000e+00  1.202503e+02
     vertex  3.288685e+01 -2.500000e+00  1.202523e+02
     vertex  3.296227e+01 -2.500000e+00  1.202503e+02
   endloop
 endfacet
 facet normal  2.743405e-02  0.000000e+00  9.996236e-01
   outer loop
     vertex  3.288685e+01  2.500000e+00  1.202523e+02
     vertex  3.288685e+01 -2.500000e+00  1.202523e+02
     vertex  3.296227e+01  2.500000e+00  1.202503e+02
   endloop
 endfacet
 facet normal  5.484744e-02  0.000000e+00  9.984947e-01
   outer loop
     vertex  3.288685e+01  2.500000e+00  1.202523e+02
     vertex  3.281152e+01 -2.500000e+00  1.202565e+02
     vertex  3.288685e+01 -2.500000e+00  1.202523e+02
   endloop
 endfacet
 facet normal  5.484744e-02  0.000000e+00  9.984947e-01
   outer loop
     vertex  3.281152e+01  2.500000e+00  1.202565e+02
     vertex  3.281152e+01 -2.500000e+00  1.202565e+02
     vertex  3.288685e+01  2.500000e+00  1.202523e+02
   endloop
 endfacet
 facet normal  8.221955e-02  0.000000e+00  9.966142e-01
   outer loop
     vertex  3.273632e+01  2.500000e+00  1.202627e+02
     vertex  3.281152e+01 -2.500000e+00  1.202565e+02
     vertex  3.281152e+01  2.500000e+00  1.202565e+02
   endloop
 endfacet
 facet normal  8.221955e-02  0.000000e+00  9.966142e-01
   outer loop
     vertex  3.273632e+01  2.500000e+00  1.202627e+02
     vertex  3.273632e+01 -2.500000e+00  1.202627e+02
     vertex  3.281152e+01 -2.500000e+00  1.202565e+02
   endloop
 endfacet
 facet normal  1.095298e-01  0.000000e+00  9.939835e-01
   outer loop
     vertex  3.266132e+01  2.500000e+00  1.202709e+02
     vertex  3.273632e+01 -2.500000e+00  1.202627e+02
     vertex  3.273632e+01  2.500000e+00  1.202627e+02
   endloop
 endfacet
 facet normal  1.095298e-01  0.000000e+00  9.939835e-01
   outer loop
     vertex  3.266132e+01  2.500000e+00  1.202709e+02
     vertex  3.266132e+01 -2.500000e+00  1.202709e+02
     vertex  3.273632e+01 -2.500000e+00  1.202627e+02
   endloop
 endfacet
 facet normal  1.367575e-01  0.000000e+00  9.906046e-01
   outer loop
     vertex  3.266132e+01  2.500000e+00  1.202709e+02
     vertex  3.258658e+01 -2.500000e+00  1.202813e+02
     vertex  3.266132e+01 -2.500000e+00  1.202709e+02
   endloop
 endfacet
 facet normal  1.367575e-01  0.000000e+00  9.906046e-01
   outer loop
     vertex  3.258658e+01  2.500000e+00  1.202813e+02
     vertex  3.258658e+01 -2.500000e+00  1.202813e+02
     vertex  3.266132e+01  2.500000e+00  1.202709e+02
   endloop
 endfacet
 facet normal  1.638824e-01  0.000000e+00  9.864799e-01
   outer loop
     vertex  3.251215e+01  2.500000e+00  1.202936e+02
     vertex  3.258658e+01 -2.500000e+00  1.202813e+02
     vertex  3.258658e+01  2.500000e+00  1.202813e+02
   endloop
 endfacet
 facet normal  1.638824e-01  0.000000e+00  9.864799e-01
   outer loop
     vertex  3.251215e+01  2.500000e+00  1.202936e+02
     vertex  3.251215e+01 -2.500000e+00  1.202936e+02
     vertex  3.258658e+01 -2.500000e+00  1.202813e+02
   endloop
 endfacet
 facet normal  1.908838e-01  0.000000e+00  9.816126e-01
   outer loop
     vertex  3.243809e+01  2.500000e+00  1.203080e+02
     vertex  3.251215e+01 -2.500000e+00  1.202936e+02
     vertex  3.251215e+01  2.500000e+00  1.202936e+02
   endloop
 endfacet
 facet normal  1.908838e-01  0.000000e+00  9.816126e-01
   outer loop
     vertex  3.243809e+01  2.500000e+00  1.203080e+02
     vertex  3.243809e+01 -2.500000e+00  1.203080e+02
     vertex  3.251215e+01 -2.500000e+00  1.202936e+02
   endloop
 endfacet
 facet normal  2.177416e-01  0.000000e+00  9.760065e-01
   outer loop
     vertex  3.243809e+01  2.500000e+00  1.203080e+02
     vertex  3.236445e+01 -2.500000e+00  1.203244e+02
     vertex  3.243809e+01 -2.500000e+00  1.203080e+02
   endloop
 endfacet
 facet normal  2.177416e-01  0.000000e+00  9.760065e-01
   outer loop
     vertex  3.236445e+01  2.500000e+00  1.203244e+02
     vertex  3.236445e+01 -2.500000e+00  1.203244e+02
     vertex  3.243809e+01  2.500000e+00  1.203080e+02
   endloop
 endfacet
 facet normal  2.444354e-01  0.000000e+00  9.696656e-01
   outer loop
     vertex  3.229128e+01  2.500000e+00  1.203429e+02
     vertex  3.229128e+01 -2.500000e+00  1.203429e+02
     vertex  3.236445e+01 -2.500000e+00  1.203244e+02
   endloop
 endfacet
 facet normal  2.709453e-01  0.000000e+00  9.625948e-01
   outer loop
     vertex  3.229128e+01  2.500000e+00  1.203429e+02
     vertex  3.221866e+01 -2.500000e+00  1.203633e+02
     vertex  3.229128e+01 -2.500000e+00  1.203429e+02
   endloop
 endfacet
 facet normal  2.444354e-01  0.000000e+00  9.696656e-01
   outer loop
     vertex  3.229128e+01  2.500000e+00  1.203429e+02
     vertex  3.236445e+01 -2.500000e+00  1.203244e+02
     vertex  3.236445e+01  2.500000e+00  1.203244e+02
   endloop
 endfacet
 facet normal  2.709453e-01  0.000000e+00  9.625948e-01
   outer loop
     vertex  3.221866e+01  2.500000e+00  1.203633e+02
     vertex  3.221866e+01 -2.500000e+00  1.203633e+02
     vertex  3.229128e+01  2.500000e+00  1.203429e+02
   endloop
 endfacet
 facet normal  2.972512e-01  0.000000e+00  9.547993e-01
   outer loop
     vertex  3.214662e+01  2.500000e+00  1.203858e+02
     vertex  3.214662e+01 -2.500000e+00  1.203858e+02
     vertex  3.221866e+01 -2.500000e+00  1.203633e+02
   endloop
 endfacet
 facet normal  3.233333e-01  0.000000e+00  9.462851e-01
   outer loop
     vertex  3.214662e+01  2.500000e+00  1.203858e+02
     vertex  3.207522e+01 -2.500000e+00  1.204102e+02
     vertex  3.214662e+01 -2.500000e+00  1.203858e+02
   endloop
 endfacet
 facet normal  2.972512e-01  0.000000e+00  9.547993e-01
   outer loop
     vertex  3.214662e+01  2.500000e+00  1.203858e+02
     vertex  3.221866e+01 -2.500000e+00  1.203633e+02
     vertex  3.221866e+01  2.500000e+00  1.203633e+02
   endloop
 endfacet
 facet normal  3.233333e-01  0.000000e+00  9.462851e-01
   outer loop
     vertex  3.207522e+01  2.500000e+00  1.204102e+02
     vertex  3.207522e+01 -2.500000e+00  1.204102e+02
     vertex  3.214662e+01  2.500000e+00  1.203858e+02
   endloop
 endfacet
 facet normal  3.491720e-01  0.000000e+00  9.370586e-01
   outer loop
     vertex  3.200452e+01  2.500000e+00  1.204365e+02
     vertex  3.200452e+01 -2.500000e+00  1.204365e+02
     vertex  3.207522e+01 -2.500000e+00  1.204102e+02
   endloop
 endfacet
 facet normal  3.747479e-01  0.000000e+00  9.271267e-01
   outer loop
     vertex  3.200452e+01  2.500000e+00  1.204365e+02
     vertex  3.193456e+01 -2.500000e+00  1.204648e+02
     vertex  3.200452e+01 -2.500000e+00  1.204365e+02
   endloop
 endfacet
 facet normal  3.491720e-01  0.000000e+00  9.370586e-01
   outer loop
     vertex  3.200452e+01  2.500000e+00  1.204365e+02
     vertex  3.207522e+01 -2.500000e+00  1.204102e+02
     vertex  3.207522e+01  2.500000e+00  1.204102e+02
   endloop
 endfacet
 facet normal  3.747479e-01  0.000000e+00  9.271267e-01
   outer loop
     vertex  3.193456e+01  2.500000e+00  1.204648e+02
     vertex  3.193456e+01 -2.500000e+00  1.204648e+02
     vertex  3.200452e+01  2.500000e+00  1.204365e+02
   endloop
 endfacet
 facet normal  4.000417e-01  0.000000e+00  9.164969e-01
   outer loop
     vertex  3.186541e+01  2.500000e+00  1.204950e+02
     vertex  3.186541e+01 -2.500000e+00  1.204950e+02
     vertex  3.193456e+01 -2.500000e+00  1.204648e+02
   endloop
 endfacet
 facet normal  4.000417e-01  0.000000e+00  9.164969e-01
   outer loop
     vertex  3.186541e+01  2.500000e+00  1.204950e+02
     vertex  3.193456e+01 -2.500000e+00  1.204648e+02
     vertex  3.193456e+01  2.500000e+00  1.204648e+02
   endloop
 endfacet
 facet normal  4.250344e-01  0.000000e+00  9.051772e-01
   outer loop
     vertex  3.179712e+01  2.500000e+00  1.205270e+02
     vertex  3.179712e+01 -2.500000e+00  1.205270e+02
     vertex  3.186541e+01 -2.500000e+00  1.204950e+02
   endloop
 endfacet
 facet normal  4.250344e-01  0.000000e+00  9.051772e-01
   outer loop
     vertex  3.179712e+01  2.500000e+00  1.205270e+02
     vertex  3.186541e+01 -2.500000e+00  1.204950e+02
     vertex  3.186541e+01  2.500000e+00  1.204950e+02
   endloop
 endfacet
 facet normal  4.497071e-01  0.000000e+00  8.931761e-01
   outer loop
     vertex  3.172973e+01  2.500000e+00  1.205610e+02
     vertex  3.172973e+01 -2.500000e+00  1.205610e+02
     vertex  3.179712e+01 -2.500000e+00  1.205270e+02
   endloop
 endfacet
 facet normal  4.497071e-01  0.000000e+00  8.931761e-01
   outer loop
     vertex  3.172973e+01  2.500000e+00  1.205610e+02
     vertex  3.179712e+01 -2.500000e+00  1.205270e+02
     vertex  3.179712e+01  2.500000e+00  1.205270e+02
   endloop
 endfacet
 facet normal  4.740412e-01  0.000000e+00  8.805026e-01
   outer loop
     vertex  3.166329e+01  2.500000e+00  1.205967e+02
     vertex  3.166329e+01 -2.500000e+00  1.205967e+02
     vertex  3.172973e+01 -2.500000e+00  1.205610e+02
   endloop
 endfacet
 facet normal  4.980186e-01  0.000000e+00  8.671664e-01
   outer loop
     vertex  3.166329e+01  2.500000e+00  1.205967e+02
     vertex  3.159786e+01 -2.500000e+00  1.206343e+02
     vertex  3.166329e+01 -2.500000e+00  1.205967e+02
   endloop
 endfacet
 facet normal  4.740412e-01  0.000000e+00  8.805026e-01
   outer loop
     vertex  3.166329e+01  2.500000e+00  1.205967e+02
     vertex  3.172973e+01 -2.500000e+00  1.205610e+02
     vertex  3.172973e+01  2.500000e+00  1.205610e+02
   endloop
 endfacet
 facet normal  5.216210e-01  0.000000e+00  8.531773e-01
   outer loop
     vertex  3.159786e+01  2.500000e+00  1.206343e+02
     vertex  3.153349e+01 -2.500000e+00  1.206737e+02
     vertex  3.159786e+01 -2.500000e+00  1.206343e+02
   endloop
 endfacet
 facet normal  4.980186e-01  0.000000e+00  8.671664e-01
   outer loop
     vertex  3.159786e+01  2.500000e+00  1.206343e+02
     vertex  3.159786e+01 -2.500000e+00  1.206343e+02
     vertex  3.166329e+01  2.500000e+00  1.205967e+02
   endloop
 endfacet
 facet normal  5.216210e-01  0.000000e+00  8.531773e-01
   outer loop
     vertex  3.153349e+01  2.500000e+00  1.206737e+02
     vertex  3.153349e+01 -2.500000e+00  1.206737e+02
     vertex  3.159786e+01  2.500000e+00  1.206343e+02
   endloop
 endfacet
 facet normal  5.448308e-01  0.000000e+00  8.385460e-01
   outer loop
     vertex  3.147022e+01  2.500000e+00  1.207148e+02
     vertex  3.153349e+01 -2.500000e+00  1.206737e+02
     vertex  3.153349e+01  2.500000e+00  1.206737e+02
   endloop
 endfacet
 facet normal  5.448308e-01  0.000000e+00  8.385460e-01
   outer loop
     vertex  3.147022e+01  2.500000e+00  1.207148e+02
     vertex  3.147022e+01 -2.500000e+00  1.207148e+02
     vertex  3.153349e+01 -2.500000e+00  1.206737e+02
   endloop
 endfacet
 facet normal  5.676304e-01  0.000000e+00  8.232835e-01
   outer loop
     vertex  3.147022e+01  2.500000e+00  1.207148e+02
     vertex  3.140810e+01 -2.500000e+00  1.207576e+02
     vertex  3.147022e+01 -2.500000e+00  1.207148e+02
   endloop
 endfacet
 facet normal  5.676304e-01  0.000000e+00  8.232835e-01
   outer loop
     vertex  3.140810e+01  2.500000e+00  1.207576e+02
     vertex  3.140810e+01 -2.500000e+00  1.207576e+02
     vertex  3.147022e+01  2.500000e+00  1.207148e+02
   endloop
 endfacet
 facet normal  5.900028e-01  0.000000e+00  8.074012e-01
   outer loop
     vertex  3.134719e+01  2.500000e+00  1.208021e+02
     vertex  3.140810e+01 -2.500000e+00  1.207576e+02
     vertex  3.140810e+01  2.500000e+00  1.207576e+02
   endloop
 endfacet
 facet normal  5.900028e-01  0.000000e+00  8.074012e-01
   outer loop
     vertex  3.134719e+01  2.500000e+00  1.208021e+02
     vertex  3.134719e+01 -2.500000e+00  1.208021e+02
     vertex  3.140810e+01 -2.500000e+00  1.207576e+02
   endloop
 endfacet
 facet normal  6.119310e-01  0.000000e+00  7.909112e-01
   outer loop
     vertex  3.128751e+01  2.500000e+00  1.208483e+02
     vertex  3.134719e+01 -2.500000e+00  1.208021e+02
     vertex  3.134719e+01  2.500000e+00  1.208021e+02
   endloop
 endfacet
 facet normal  6.119310e-01  0.000000e+00  7.909112e-01
   outer loop
     vertex  3.128751e+01  2.500000e+00  1.208483e+02
     vertex  3.128751e+01 -2.500000e+00  1.208483e+02
     vertex  3.134719e+01 -2.500000e+00  1.208021e+02
   endloop
 endfacet
 facet normal  6.333986e-01  0.000000e+00  7.738257e-01
   outer loop
     vertex  3.122912e+01  2.500000e+00  1.208961e+02
     vertex  3.128751e+01 -2.500000e+00  1.208483e+02
     vertex  3.128751e+01  2.500000e+00  1.208483e+02
   endloop
 endfacet
 facet normal  6.333986e-01  0.000000e+00  7.738257e-01
   outer loop
     vertex  3.122912e+01  2.500000e+00  1.208961e+02
     vertex  3.122912e+01 -2.500000e+00  1.208961e+02
     vertex  3.128751e+01 -2.500000e+00  1.208483e+02
   endloop
 endfacet
 facet normal  6.543893e-01  0.000000e+00  7.561578e-01
   outer loop
     vertex  3.117207e+01  2.500000e+00  1.209454e+02
     vertex  3.122912e+01 -2.500000e+00  1.208961e+02
     vertex  3.122912e+01  2.500000e+00  1.208961e+02
   endloop
 endfacet
 facet normal  6.543893e-01  0.000000e+00  7.561578e-01
   outer loop
     vertex  3.117207e+01  2.500000e+00  1.209454e+02
     vertex  3.117207e+01 -2.500000e+00  1.209454e+02
     vertex  3.122912e+01 -2.500000e+00  1.208961e+02
   endloop
 endfacet
 facet normal  6.748875e-01  0.000000e+00  7.379206e-01
   outer loop
     vertex  3.117207e+01  2.500000e+00  1.209454e+02
     vertex  3.111640e+01 -2.500000e+00  1.209964e+02
     vertex  3.117207e+01 -2.500000e+00  1.209454e+02
   endloop
 endfacet
 facet normal  6.748875e-01  0.000000e+00  7.379206e-01
   outer loop
     vertex  3.111640e+01  2.500000e+00  1.209964e+02
     vertex  3.111640e+01 -2.500000e+00  1.209964e+02
     vertex  3.117207e+01  2.500000e+00  1.209454e+02
   endloop
 endfacet
 facet normal  6.948776e-01  0.000000e+00  7.191280e-01
   outer loop
     vertex  3.106214e+01  2.500000e+00  1.210488e+02
     vertex  3.111640e+01 -2.500000e+00  1.209964e+02
     vertex  3.111640e+01  2.500000e+00  1.209964e+02
   endloop
 endfacet
 facet normal  6.948776e-01  0.000000e+00  7.191280e-01
   outer loop
     vertex  3.106214e+01  2.500000e+00  1.210488e+02
     vertex  3.106214e+01 -2.500000e+00  1.210488e+02
     vertex  3.111640e+01 -2.500000e+00  1.209964e+02
   endloop
 endfacet
 facet normal  7.143447e-01  0.000000e+00  6.997940e-01
   outer loop
     vertex  3.100934e+01  2.500000e+00  1.211027e+02
     vertex  3.106214e+01 -2.500000e+00  1.210488e+02
     vertex  3.106214e+01  2.500000e+00  1.210488e+02
   endloop
 endfacet
 facet normal  7.143447e-01  0.000000e+00  6.997940e-01
   outer loop
     vertex  3.100934e+01  2.500000e+00  1.211027e+02
     vertex  3.100934e+01 -2.500000e+00  1.211027e+02
     vertex  3.106214e+01 -2.500000e+00  1.210488e+02
   endloop
 endfacet
 facet normal  7.332740e-01  0.000000e+00  6.799333e-01
   outer loop
     vertex  3.100934e+01  2.500000e+00  1.211027e+02
     vertex  3.095804e+01 -2.500000e+00  1.211580e+02
     vertex  3.100934e+01 -2.500000e+00  1.211027e+02
   endloop
 endfacet
 facet normal  7.332740e-01  0.000000e+00  6.799333e-01
   outer loop
     vertex  3.095804e+01  2.500000e+00  1.211580e+02
     vertex  3.095804e+01 -2.500000e+00  1.211580e+02
     vertex  3.100934e+01  2.500000e+00  1.211027e+02
   endloop
 endfacet
 facet normal  7.516513e-01  0.000000e+00  6.595607e-01
   outer loop
     vertex  3.095804e+01  2.500000e+00  1.211580e+02
     vertex  3.090827e+01 -2.500000e+00  1.212147e+02
     vertex  3.095804e+01 -2.500000e+00  1.211580e+02
   endloop
 endfacet
 facet normal  7.516513e-01  0.000000e+00  6.595607e-01
   outer loop
     vertex  3.090827e+01  2.500000e+00  1.212147e+02
     vertex  3.090827e+01 -2.500000e+00  1.212147e+02
     vertex  3.095804e+01  2.500000e+00  1.211580e+02
   endloop
 endfacet
 facet normal  7.694628e-01  0.000000e+00  6.386916e-01
   outer loop
     vertex  3.086008e+01  2.500000e+00  1.212728e+02
     vertex  3.090827e+01 -2.500000e+00  1.212147e+02
     vertex  3.090827e+01  2.500000e+00  1.212147e+02
   endloop
 endfacet
 facet normal  7.694628e-01  0.000000e+00  6.386916e-01
   outer loop
     vertex  3.086008e+01  2.500000e+00  1.212728e+02
     vertex  3.086008e+01 -2.500000e+00  1.212728e+02
     vertex  3.090827e+01 -2.500000e+00  1.212147e+02
   endloop
 endfacet
 facet normal  7.866951e-01  0.000000e+00  6.173417e-01
   outer loop
     vertex  3.081350e+01  2.500000e+00  1.213321e+02
     vertex  3.086008e+01 -2.500000e+00  1.212728e+02
     vertex  3.086008e+01  2.500000e+00  1.212728e+02
   endloop
 endfacet
 facet normal  7.866951e-01  0.000000e+00  6.173417e-01
   outer loop
     vertex  3.081350e+01  2.500000e+00  1.213321e+02
     vertex  3.081350e+01 -2.500000e+00  1.213321e+02
     vertex  3.086008e+01 -2.500000e+00  1.212728e+02
   endloop
 endfacet
 facet normal  8.033352e-01  0.000000e+00  5.955271e-01
   outer loop
     vertex  3.076857e+01  2.500000e+00  1.213928e+02
     vertex  3.081350e+01 -2.500000e+00  1.213321e+02
     vertex  3.081350e+01  2.500000e+00  1.213321e+02
   endloop
 endfacet
 facet normal  8.033352e-01  0.000000e+00  5.955271e-01
   outer loop
     vertex  3.076857e+01  2.500000e+00  1.213928e+02
     vertex  3.076857e+01 -2.500000e+00  1.213928e+02
     vertex  3.081350e+01 -2.500000e+00  1.213321e+02
   endloop
 endfacet
 facet normal  8.193706e-01  0.000000e+00  5.732642e-01
   outer loop
     vertex  3.072532e+01  2.500000e+00  1.214546e+02
     vertex  3.076857e+01 -2.500000e+00  1.213928e+02
     vertex  3.076857e+01  2.500000e+00  1.213928e+02
   endloop
 endfacet
 facet normal  8.193706e-01  0.000000e+00  5.732642e-01
   outer loop
     vertex  3.072532e+01  2.500000e+00  1.214546e+02
     vertex  3.072532e+01 -2.500000e+00  1.214546e+02
     vertex  3.076857e+01 -2.500000e+00  1.213928e+02
   endloop
 endfacet
 facet normal  8.347891e-01  0.000000e+00  5.505698e-01
   outer loop
     vertex  3.068378e+01  2.500000e+00  1.215176e+02
     vertex  3.072532e+01 -2.500000e+00  1.214546e+02
     vertex  3.072532e+01  2.500000e+00  1.214546e+02
   endloop
 endfacet
 facet normal  8.347891e-01  0.000000e+00  5.505698e-01
   outer loop
     vertex  3.068378e+01  2.500000e+00  1.215176e+02
     vertex  3.068378e+01 -2.500000e+00  1.215176e+02
     vertex  3.072532e+01 -2.500000e+00  1.214546e+02
   endloop
 endfacet
 facet normal  8.495793e-01  0.000000e+00  5.274609e-01
   outer loop
     vertex  3.064398e+01  2.500000e+00  1.215817e+02
     vertex  3.068378e+01 -2.500000e+00  1.215176e+02
     vertex  3.068378e+01  2.500000e+00  1.215176e+02
   endloop
 endfacet
 facet normal  8.495793e-01  0.000000e+00  5.274609e-01
   outer loop
     vertex  3.064398e+01  2.500000e+00  1.215817e+02
     vertex  3.064398e+01 -2.500000e+00  1.215817e+02
     vertex  3.068378e+01 -2.500000e+00  1.215176e+02
   endloop
 endfacet
 facet normal  8.637299e-01  0.000000e+00  5.039550e-01
   outer loop
     vertex  3.064398e+01  2.500000e+00  1.215817e+02
     vertex  3.060595e+01 -2.500000e+00  1.216468e+02
     vertex  3.064398e+01 -2.500000e+00  1.215817e+02
   endloop
 endfacet
 facet normal  8.637299e-01  0.000000e+00  5.039550e-01
   outer loop
     vertex  3.060595e+01  2.500000e+00  1.216468e+02
     vertex  3.060595e+01 -2.500000e+00  1.216468e+02
     vertex  3.064398e+01  2.500000e+00  1.215817e+02
   endloop
 endfacet
 facet normal  8.772303e-01  0.000000e+00  4.800697e-01
   outer loop
     vertex  3.056973e+01  2.500000e+00  1.217130e+02
     vertex  3.060595e+01 -2.500000e+00  1.216468e+02
     vertex  3.060595e+01  2.500000e+00  1.216468e+02
   endloop
 endfacet
 facet normal  8.772303e-01  0.000000e+00  4.800697e-01
   outer loop
     vertex  3.056973e+01  2.500000e+00  1.217130e+02
     vertex  3.056973e+01 -2.500000e+00  1.217130e+02
     vertex  3.060595e+01 -2.500000e+00  1.216468e+02
   endloop
 endfacet
 facet normal  8.900704e-01  0.000000e+00  4.558231e-01
   outer loop
     vertex  3.053534e+01  2.500000e+00  1.217802e+02
     vertex  3.056973e+01 -2.500000e+00  1.217130e+02
     vertex  3.056973e+01  2.500000e+00  1.217130e+02
   endloop
 endfacet
 facet normal  8.900704e-01  0.000000e+00  4.558231e-01
   outer loop
     vertex  3.053534e+01  2.500000e+00  1.217802e+02
     vertex  3.053534e+01 -2.500000e+00  1.217802e+02
     vertex  3.056973e+01 -2.500000e+00  1.217130e+02
   endloop
 endfacet
 facet normal  9.022405e-01  0.000000e+00  4.312333e-01
   outer loop
     vertex  3.053534e+01  2.500000e+00  1.217802e+02
     vertex  3.050280e+01 -2.500000e+00  1.218483e+02
     vertex  3.053534e+01 -2.500000e+00  1.217802e+02
   endloop
 endfacet
 facet normal  9.022405e-01  0.000000e+00  4.312333e-01
   outer loop
     vertex  3.050280e+01  2.500000e+00  1.218483e+02
     vertex  3.050280e+01 -2.500000e+00  1.218483e+02
     vertex  3.053534e+01  2.500000e+00  1.217802e+02
   endloop
 endfacet
 facet normal  9.137314e-01  0.000000e+00  4.063188e-01
   outer loop
     vertex  3.047215e+01  2.500000e+00  1.219172e+02
     vertex  3.050280e+01 -2.500000e+00  1.218483e+02
     vertex  3.050280e+01  2.500000e+00  1.218483e+02
   endloop
 endfacet
 facet normal  9.137314e-01  0.000000e+00  4.063188e-01
   outer loop
     vertex  3.047215e+01  2.500000e+00  1.219172e+02
     vertex  3.047215e+01 -2.500000e+00  1.219172e+02
     vertex  3.050280e+01 -2.500000e+00  1.218483e+02
   endloop
 endfacet
 facet normal  9.245344e-01  0.000000e+00  3.810986e-01
   outer loop
     vertex  3.044339e+01  2.500000e+00  1.219870e+02
     vertex  3.044339e+01 -2.500000e+00  1.219870e+02
     vertex  3.047215e+01 -2.500000e+00  1.219172e+02
   endloop
 endfacet
 facet normal  9.245344e-01  0.000000e+00  3.810986e-01
   outer loop
     vertex  3.044339e+01  2.500000e+00  1.219870e+02
     vertex  3.047215e+01 -2.500000e+00  1.219172e+02
     vertex  3.047215e+01  2.500000e+00  1.219172e+02
   endloop
 endfacet
 facet normal  9.346415e-01  0.000000e+00  3.555914e-01
   outer loop
     vertex  3.041656e+01  2.500000e+00  1.220575e+02
     vertex  3.041656e+01 -2.500000e+00  1.220575e+02
     vertex  3.044339e+01 -2.500000e+00  1.219870e+02
   endloop
 endfacet
 facet normal  9.346415e-01  0.000000e+00  3.555914e-01
   outer loop
     vertex  3.041656e+01  2.500000e+00  1.220575e+02
     vertex  3.044339e+01 -2.500000e+00  1.219870e+02
     vertex  3.044339e+01  2.500000e+00  1.219870e+02
   endloop
 endfacet
 facet normal  9.440450e-01  0.000000e+00  3.298166e-01
   outer loop
     vertex  3.039168e+01  2.500000e+00  1.221287e+02
     vertex  3.039168e+01 -2.500000e+00  1.221287e+02
     vertex  3.041656e+01 -2.500000e+00  1.220575e+02
   endloop
 endfacet
 facet normal  9.440450e-01  0.000000e+00  3.298166e-01
   outer loop
     vertex  3.039168e+01  2.500000e+00  1.221287e+02
     vertex  3.041656e+01 -2.500000e+00  1.220575e+02
     vertex  3.041656e+01  2.500000e+00  1.220575e+02
   endloop
 endfacet
 facet normal  9.527379e-01  0.000000e+00  3.037934e-01
   outer loop
     vertex  3.036876e+01  2.500000e+00  1.222006e+02
     vertex  3.036876e+01 -2.500000e+00  1.222006e+02
     vertex  3.039168e+01 -2.500000e+00  1.221287e+02
   endloop
 endfacet
 facet normal  9.527379e-01  0.000000e+00  3.037934e-01
   outer loop
     vertex  3.036876e+01  2.500000e+00  1.222006e+02
     vertex  3.039168e+01 -2.500000e+00  1.221287e+02
     vertex  3.039168e+01  2.500000e+00  1.221287e+02
   endloop
 endfacet
 facet normal  9.607136e-01  0.000000e+00  2.775416e-01
   outer loop
     vertex  3.034782e+01  2.500000e+00  1.222731e+02
     vertex  3.036876e+01 -2.500000e+00  1.222006e+02
     vertex  3.036876e+01  2.500000e+00  1.222006e+02
   endloop
 endfacet
 facet normal  9.607136e-01  0.000000e+00  2.775416e-01
   outer loop
     vertex  3.034782e+01  2.500000e+00  1.222731e+02
     vertex  3.034782e+01 -2.500000e+00  1.222731e+02
     vertex  3.036876e+01 -2.500000e+00  1.222006e+02
   endloop
 endfacet
 facet normal  9.679661e-01  0.000000e+00  2.510809e-01
   outer loop
     vertex  3.032887e+01  2.500000e+00  1.223461e+02
     vertex  3.034782e+01 -2.500000e+00  1.222731e+02
     vertex  3.034782e+01  2.500000e+00  1.222731e+02
   endloop
 endfacet
 facet normal  9.679661e-01  0.000000e+00  2.510809e-01
   outer loop
     vertex  3.032887e+01  2.500000e+00  1.223461e+02
     vertex  3.032887e+01 -2.500000e+00  1.223461e+02
     vertex  3.034782e+01 -2.500000e+00  1.222731e+02
   endloop
 endfacet
 facet normal  9.744899e-01  0.000000e+00  2.244312e-01
   outer loop
     vertex  3.031194e+01  2.500000e+00  1.224196e+02
     vertex  3.032887e+01 -2.500000e+00  1.223461e+02
     vertex  3.032887e+01  2.500000e+00  1.223461e+02
   endloop
 endfacet
 facet normal  9.744899e-01  0.000000e+00  2.244312e-01
   outer loop
     vertex  3.031194e+01  2.500000e+00  1.224196e+02
     vertex  3.031194e+01 -2.500000e+00  1.224196e+02
     vertex  3.032887e+01 -2.500000e+00  1.223461e+02
   endloop
 endfacet
 facet normal  9.802802e-01  0.000000e+00  1.976125e-01
   outer loop
     vertex  3.029703e+01  2.500000e+00  1.224936e+02
     vertex  3.031194e+01 -2.500000e+00  1.224196e+02
     vertex  3.031194e+01  2.500000e+00  1.224196e+02
   endloop
 endfacet
 facet normal  9.802802e-01  0.000000e+00  1.976125e-01
   outer loop
     vertex  3.029703e+01  2.500000e+00  1.224936e+02
     vertex  3.029703e+01 -2.500000e+00  1.224936e+02
     vertex  3.031194e+01 -2.500000e+00  1.224196e+02
   endloop
 endfacet
 facet normal  9.853326e-01  0.000000e+00  1.706451e-01
   outer loop
     vertex  3.028415e+01  2.500000e+00  1.225679e+02
     vertex  3.029703e+01 -2.500000e+00  1.224936e+02
     vertex  3.029703e+01  2.500000e+00  1.224936e+02
   endloop
 endfacet
 facet normal  9.853326e-01  0.000000e+00  1.706451e-01
   outer loop
     vertex  3.028415e+01  2.500000e+00  1.225679e+02
     vertex  3.028415e+01 -2.500000e+00  1.225679e+02
     vertex  3.029703e+01 -2.500000e+00  1.224936e+02
   endloop
 endfacet
 facet normal  9.896432e-01  0.000000e+00  1.435492e-01
   outer loop
     vertex  3.027332e+01  2.500000e+00  1.226426e+02
     vertex  3.028415e+01 -2.500000e+00  1.225679e+02
     vertex  3.028415e+01  2.500000e+00  1.225679e+02
   endloop
 endfacet
 facet normal  9.896432e-01  0.000000e+00  1.435492e-01
   outer loop
     vertex  3.027332e+01  2.500000e+00  1.226426e+02
     vertex  3.027332e+01 -2.500000e+00  1.226426e+02
     vertex  3.028415e+01 -2.500000e+00  1.225679e+02
   endloop
 endfacet
 facet normal  9.932088e-01  0.000000e+00  1.163452e-01
   outer loop
     vertex  3.026454e+01  2.500000e+00  1.227175e+02
     vertex  3.027332e+01 -2.500000e+00  1.226426e+02
     vertex  3.027332e+01  2.500000e+00  1.226426e+02
   endloop
 endfacet
 facet normal  9.932088e-01  0.000000e+00  1.163452e-01
   outer loop
     vertex  3.026454e+01  2.500000e+00  1.227175e+02
     vertex  3.026454e+01 -2.500000e+00  1.227175e+02
     vertex  3.027332e+01 -2.500000e+00  1.226426e+02
   endloop
 endfacet
 facet normal  9.960268e-01  0.000000e+00  8.905371e-02
   outer loop
     vertex  3.025782e+01  2.500000e+00  1.227927e+02
     vertex  3.026454e+01 -2.500000e+00  1.227175e+02
     vertex  3.026454e+01  2.500000e+00  1.227175e+02
   endloop
 endfacet
 facet normal  9.960268e-01  0.000000e+00  8.905371e-02
   outer loop
     vertex  3.025782e+01  2.500000e+00  1.227927e+02
     vertex  3.025782e+01 -2.500000e+00  1.227927e+02
     vertex  3.026454e+01 -2.500000e+00  1.227175e+02
   endloop
 endfacet
 facet normal  9.980950e-01  0.000000e+00  6.169515e-02
   outer loop
     vertex  3.025317e+01  2.500000e+00  1.228680e+02
     vertex  3.025782e+01 -2.500000e+00  1.227927e+02
     vertex  3.025782e+01  2.500000e+00  1.227927e+02
   endloop
 endfacet
 facet normal  9.980950e-01  0.000000e+00  6.169515e-02
   outer loop
     vertex  3.025317e+01  2.500000e+00  1.228680e+02
     vertex  3.025317e+01 -2.500000e+00  1.228680e+02
     vertex  3.025782e+01 -2.500000e+00  1.227927e+02
   endloop
 endfacet
 facet normal  9.994119e-01  0.000000e+00  3.429014e-02
   outer loop
     vertex  3.025058e+01  2.500000e+00  1.229434e+02
     vertex  3.025317e+01 -2.500000e+00  1.228680e+02
     vertex  3.025317e+01  2.500000e+00  1.228680e+02
   endloop
 endfacet
 facet normal  9.994119e-01  0.000000e+00  3.429014e-02
   outer loop
     vertex  3.025058e+01  2.500000e+00  1.229434e+02
     vertex  3.025058e+01 -2.500000e+00  1.229434e+02
     vertex  3.025317e+01 -2.500000e+00  1.228680e+02
   endloop
 endfacet
 facet normal  9.999765e-01  0.000000e+00  6.859319e-03
   outer loop
     vertex  3.025058e+01  2.500000e+00  1.229434e+02
     vertex  3.025006e+01 -2.500000e+00  1.230189e+02
     vertex  3.025058e+01 -2.500000e+00  1.229434e+02
   endloop
 endfacet
 facet normal  9.999765e-01  0.000000e+00  6.859319e-03
   outer loop
     vertex  3.025006e+01  2.500000e+00  1.230189e+02
     vertex  3.025006e+01 -2.500000e+00  1.230189e+02
     vertex  3.025058e+01  2.500000e+00  1.229434e+02
   endloop
 endfacet
 facet normal  9.997883e-01  0.000000e+00 -2.057667e-02
   outer loop
     vertex  3.025006e+01  2.500000e+00  1.230189e+02
     vertex  3.025162e+01 -2.500000e+00  1.230943e+02
     vertex  3.025006e+01 -2.500000e+00  1.230189e+02
   endloop
 endfacet
 facet normal  9.997883e-01  0.000000e+00 -2.057667e-02
   outer loop
     vertex  3.025162e+01  2.500000e+00  1.230943e+02
     vertex  3.025162e+01 -2.500000e+00  1.230943e+02
     vertex  3.025006e+01  2.500000e+00  1.230189e+02
   endloop
 endfacet
 facet normal  9.988475e-01  0.000000e+00 -4.799716e-02
   outer loop
     vertex  3.025524e+01  2.500000e+00  1.231697e+02
     vertex  3.025524e+01 -2.500000e+00  1.231697e+02
     vertex  3.025162e+01 -2.500000e+00  1.230943e+02
   endloop
 endfacet
 facet normal  9.988475e-01  0.000000e+00 -4.799716e-02
   outer loop
     vertex  3.025524e+01  2.500000e+00  1.231697e+02
     vertex  3.025162e+01 -2.500000e+00  1.230943e+02
     vertex  3.025162e+01  2.500000e+00  1.230943e+02
   endloop
 endfacet
 facet normal  9.971548e-01  0.000000e+00 -7.538152e-02
   outer loop
     vertex  3.026093e+01  2.500000e+00  1.232449e+02
     vertex  3.026093e+01 -2.500000e+00  1.232449e+02
     vertex  3.025524e+01 -2.500000e+00  1.231697e+02
   endloop
 endfacet
 facet normal  9.971548e-01  0.000000e+00 -7.538152e-02
   outer loop
     vertex  3.026093e+01  2.500000e+00  1.232449e+02
     vertex  3.025524e+01 -2.500000e+00  1.231697e+02
     vertex  3.025524e+01  2.500000e+00  1.231697e+02
   endloop
 endfacet
 facet normal  9.947114e-01  0.000000e+00 -1.027091e-01
   outer loop
     vertex  3.026868e+01  2.500000e+00  1.233199e+02
     vertex  3.026868e+01 -2.500000e+00  1.233199e+02
     vertex  3.026093e+01 -2.500000e+00  1.232449e+02
   endloop
 endfacet
 facet normal  9.947114e-01  0.000000e+00 -1.027091e-01
   outer loop
     vertex  3.026868e+01  2.500000e+00  1.233199e+02
     vertex  3.026093e+01 -2.500000e+00  1.232449e+02
     vertex  3.026093e+01  2.500000e+00  1.232449e+02
   endloop
 endfacet
 facet normal  9.915193e-01  0.000000e+00 -1.299594e-01
   outer loop
     vertex  3.027848e+01  2.500000e+00  1.233948e+02
     vertex  3.027848e+01 -2.500000e+00  1.233948e+02
     vertex  3.026868e+01 -2.500000e+00  1.233199e+02
   endloop
 endfacet
 facet normal  9.915193e-01  0.000000e+00 -1.299594e-01
   outer loop
     vertex  3.027848e+01  2.500000e+00  1.233948e+02
     vertex  3.026868e+01 -2.500000e+00  1.233199e+02
     vertex  3.026868e+01  2.500000e+00  1.233199e+02
   endloop
 endfacet
 facet normal  9.875808e-01  0.000000e+00 -1.571119e-01
   outer loop
     vertex  3.029034e+01  2.500000e+00  1.234693e+02
     vertex  3.029034e+01 -2.500000e+00  1.234693e+02
     vertex  3.027848e+01 -2.500000e+00  1.233948e+02
   endloop
 endfacet
 facet normal  9.875808e-01  0.000000e+00 -1.571119e-01
   outer loop
     vertex  3.029034e+01  2.500000e+00  1.234693e+02
     vertex  3.027848e+01 -2.500000e+00  1.233948e+02
     vertex  3.027848e+01  2.500000e+00  1.233948e+02
   endloop
 endfacet
 facet normal  9.828989e-01  0.000000e+00 -1.841461e-01
   outer loop
     vertex  3.030423e+01  2.500000e+00  1.235434e+02
     vertex  3.030423e+01 -2.500000e+00  1.235434e+02
     vertex  3.029034e+01 -2.500000e+00  1.234693e+02
   endloop
 endfacet
 facet normal  9.828989e-01  0.000000e+00 -1.841461e-01
   outer loop
     vertex  3.030423e+01  2.500000e+00  1.235434e+02
     vertex  3.029034e+01 -2.500000e+00  1.234693e+02
     vertex  3.029034e+01  2.500000e+00  1.234693e+02
   endloop
 endfacet
 facet normal  9.774771e-01  0.000000e+00 -2.110417e-01
   outer loop
     vertex  3.032015e+01  2.500000e+00  1.236172e+02
     vertex  3.032015e+01 -2.500000e+00  1.236172e+02
     vertex  3.030423e+01 -2.500000e+00  1.235434e+02
   endloop
 endfacet
 facet normal  9.774771e-01  0.000000e+00 -2.110417e-01
   outer loop
     vertex  3.032015e+01  2.500000e+00  1.236172e+02
     vertex  3.030423e+01 -2.500000e+00  1.235434e+02
     vertex  3.030423e+01  2.500000e+00  1.235434e+02
   endloop
 endfacet
 facet normal  9.713194e-01  0.000000e+00 -2.377784e-01
   outer loop
     vertex  3.033809e+01  2.500000e+00  1.236905e+02
     vertex  3.033809e+01 -2.500000e+00  1.236905e+02
     vertex  3.032015e+01 -2.500000e+00  1.236172e+02
   endloop
 endfacet
 facet normal  9.713194e-01  0.000000e+00 -2.377784e-01
   outer loop
     vertex  3.033809e+01  2.500000e+00  1.236905e+02
     vertex  3.032015e+01 -2.500000e+00  1.236172e+02
     vertex  3.032015e+01  2.500000e+00  1.236172e+02
   endloop
 endfacet
 facet normal  9.644306e-01  0.000000e+00 -2.643362e-01
   outer loop
     vertex  3.035804e+01  2.500000e+00  1.237632e+02
     vertex  3.035804e+01 -2.500000e+00  1.237632e+02
     vertex  3.033809e+01 -2.500000e+00  1.236905e+02
   endloop
 endfacet
 facet normal  9.644306e-01  0.000000e+00 -2.643362e-01
   outer loop
     vertex  3.035804e+01  2.500000e+00  1.237632e+02
     vertex  3.033809e+01 -2.500000e+00  1.236905e+02
     vertex  3.033809e+01  2.500000e+00  1.236905e+02
   endloop
 endfacet
 facet normal  9.568158e-01  0.000000e+00 -2.906949e-01
   outer loop
     vertex  3.037997e+01  2.500000e+00  1.238354e+02
     vertex  3.037997e+01 -2.500000e+00  1.238354e+02
     vertex  3.035804e+01 -2.500000e+00  1.237632e+02
   endloop
 endfacet
 facet normal  9.568158e-01  0.000000e+00 -2.906949e-01
   outer loop
     vertex  3.037997e+01  2.500000e+00  1.238354e+02
     vertex  3.035804e+01 -2.500000e+00  1.237632e+02
     vertex  3.035804e+01  2.500000e+00  1.237632e+02
   endloop
 endfacet
 facet normal  9.484807e-01  0.000000e+00 -3.168348e-01
   outer loop
     vertex  3.040388e+01  2.500000e+00  1.239070e+02
     vertex  3.040388e+01 -2.500000e+00  1.239070e+02
     vertex  3.037997e+01 -2.500000e+00  1.238354e+02
   endloop
 endfacet
 facet normal  9.394317e-01  0.000000e+00 -3.427362e-01
   outer loop
     vertex  3.040388e+01  2.500000e+00  1.239070e+02
     vertex  3.042974e+01 -2.500000e+00  1.239779e+02
     vertex  3.040388e+01 -2.500000e+00  1.239070e+02
   endloop
 endfacet
 facet normal  9.484807e-01  0.000000e+00 -3.168348e-01
   outer loop
     vertex  3.040388e+01  2.500000e+00  1.239070e+02
     vertex  3.037997e+01 -2.500000e+00  1.238354e+02
     vertex  3.037997e+01  2.500000e+00  1.238354e+02
   endloop
 endfacet
 facet normal  9.296754e-01  0.000000e+00 -3.683796e-01
   outer loop
     vertex  3.042974e+01  2.500000e+00  1.239779e+02
     vertex  3.045753e+01 -2.500000e+00  1.240480e+02
     vertex  3.042974e+01 -2.500000e+00  1.239779e+02
   endloop
 endfacet
 facet normal  9.394317e-01  0.000000e+00 -3.427362e-01
   outer loop
     vertex  3.042974e+01  2.500000e+00  1.239779e+02
     vertex  3.042974e+01 -2.500000e+00  1.239779e+02
     vertex  3.040388e+01  2.500000e+00  1.239070e+02
   endloop
 endfacet
 facet normal  9.296754e-01  0.000000e+00 -3.683796e-01
   outer loop
     vertex  3.045753e+01  2.500000e+00  1.240480e+02
     vertex  3.045753e+01 -2.500000e+00  1.240480e+02
     vertex  3.042974e+01  2.500000e+00  1.239779e+02
   endloop
 endfacet
 facet normal  9.192194e-01  0.000000e+00 -3.937458e-01
   outer loop
     vertex  3.048724e+01  2.500000e+00  1.241174e+02
     vertex  3.045753e+01 -2.500000e+00  1.240480e+02
     vertex  3.045753e+01  2.500000e+00  1.240480e+02
   endloop
 endfacet
 facet normal  9.192194e-01  0.000000e+00 -3.937458e-01
   outer loop
     vertex  3.048724e+01  2.500000e+00  1.241174e+02
     vertex  3.048724e+01 -2.500000e+00  1.241174e+02
     vertex  3.045753e+01 -2.500000e+00  1.240480e+02
   endloop
 endfacet
 facet normal  9.080714e-01  0.000000e+00 -4.188155e-01
   outer loop
     vertex  3.048724e+01  2.500000e+00  1.241174e+02
     vertex  3.051884e+01 -2.500000e+00  1.241859e+02
     vertex  3.048724e+01 -2.500000e+00  1.241174e+02
   endloop
 endfacet
 facet normal  9.080714e-01  0.000000e+00 -4.188155e-01
   outer loop
     vertex  3.051884e+01  2.500000e+00  1.241859e+02
     vertex  3.051884e+01 -2.500000e+00  1.241859e+02
     vertex  3.048724e+01  2.500000e+00  1.241174e+02
   endloop
 endfacet
 facet normal  8.962398e-01  0.000000e+00 -4.435699e-01
   outer loop
     vertex  3.055231e+01  2.500000e+00  1.242535e+02
     vertex  3.055231e+01 -2.500000e+00  1.242535e+02
     vertex  3.051884e+01 -2.500000e+00  1.241859e+02
   endloop
 endfacet
 facet normal  8.837335e-01  0.000000e+00 -4.679904e-01
   outer loop
     vertex  3.055231e+01  2.500000e+00  1.242535e+02
     vertex  3.058762e+01 -2.500000e+00  1.243202e+02
     vertex  3.055231e+01 -2.500000e+00  1.242535e+02
   endloop
 endfacet
 facet normal  8.962398e-01  0.000000e+00 -4.435699e-01
   outer loop
     vertex  3.055231e+01  2.500000e+00  1.242535e+02
     vertex  3.051884e+01 -2.500000e+00  1.241859e+02
     vertex  3.051884e+01  2.500000e+00  1.241859e+02
   endloop
 endfacet
 facet normal  8.837335e-01  0.000000e+00 -4.679904e-01
   outer loop
     vertex  3.058762e+01  2.500000e+00  1.243202e+02
     vertex  3.058762e+01 -2.500000e+00  1.243202e+02
     vertex  3.055231e+01  2.500000e+00  1.242535e+02
   endloop
 endfacet
 facet normal  8.705620e-01  0.000000e+00 -4.920587e-01
   outer loop
     vertex  3.062474e+01  2.500000e+00  1.243859e+02
     vertex  3.062474e+01 -2.500000e+00  1.243859e+02
     vertex  3.058762e+01 -2.500000e+00  1.243202e+02
   endloop
 endfacet
 facet normal  8.705620e-01  0.000000e+00 -4.920587e-01
   outer loop
     vertex  3.062474e+01  2.500000e+00  1.243859e+02
     vertex  3.058762e+01 -2.500000e+00  1.243202e+02
     vertex  3.058762e+01  2.500000e+00  1.243202e+02
   endloop
 endfacet
 facet normal  8.567352e-01  0.000000e+00 -5.157565e-01
   outer loop
     vertex  3.062474e+01  2.500000e+00  1.243859e+02
     vertex  3.066366e+01 -2.500000e+00  1.244505e+02
     vertex  3.062474e+01 -2.500000e+00  1.243859e+02
   endloop
 endfacet
 facet normal  8.567352e-01  0.000000e+00 -5.157565e-01
   outer loop
     vertex  3.066366e+01  2.500000e+00  1.244505e+02
     vertex  3.066366e+01 -2.500000e+00  1.244505e+02
     vertex  3.062474e+01  2.500000e+00  1.243859e+02
   endloop
 endfacet
 facet normal  8.422635e-01  0.000000e+00 -5.390661e-01
   outer loop
     vertex  3.066366e+01  2.500000e+00  1.244505e+02
     vertex  3.070433e+01 -2.500000e+00  1.245141e+02
     vertex  3.066366e+01 -2.500000e+00  1.244505e+02
   endloop
 endfacet
 facet normal  8.271577e-01  0.000000e+00 -5.619699e-01
   outer loop
     vertex  3.070433e+01  2.500000e+00  1.245141e+02
     vertex  3.074673e+01 -2.500000e+00  1.245765e+02
     vertex  3.070433e+01 -2.500000e+00  1.245141e+02
   endloop
 endfacet
 facet normal  8.422635e-01  0.000000e+00 -5.390661e-01
   outer loop
     vertex  3.070433e+01  2.500000e+00  1.245141e+02
     vertex  3.070433e+01 -2.500000e+00  1.245141e+02
     vertex  3.066366e+01  2.500000e+00  1.244505e+02
   endloop
 endfacet
 facet normal  8.271577e-01  0.000000e+00 -5.619699e-01
   outer loop
     vertex  3.074673e+01  2.500000e+00  1.245765e+02
     vertex  3.074673e+01 -2.500000e+00  1.245765e+02
     vertex  3.070433e+01  2.500000e+00  1.245141e+02
   endloop
 endfacet
 facet normal  8.114292e-01  0.000000e+00 -5.844507e-01
   outer loop
     vertex  3.079083e+01  2.500000e+00  1.246377e+02
     vertex  3.079083e+01 -2.500000e+00  1.246377e+02
     vertex  3.074673e+01 -2.500000e+00  1.245765e+02
   endloop
 endfacet
 facet normal  7.950900e-01  0.000000e+00 -6.064915e-01
   outer loop
     vertex  3.079083e+01  2.500000e+00  1.246377e+02
     vertex  3.083659e+01 -2.500000e+00  1.246977e+02
     vertex  3.079083e+01 -2.500000e+00  1.246377e+02
   endloop
 endfacet
 facet normal  8.114292e-01  0.000000e+00 -5.844507e-01
   outer loop
     vertex  3.079083e+01  2.500000e+00  1.246377e+02
     vertex  3.074673e+01 -2.500000e+00  1.245765e+02
     vertex  3.074673e+01  2.500000e+00  1.245765e+02
   endloop
 endfacet
 facet normal  7.950900e-01  0.000000e+00 -6.064915e-01
   outer loop
     vertex  3.083659e+01  2.500000e+00  1.246977e+02
     vertex  3.083659e+01 -2.500000e+00  1.246977e+02
     vertex  3.079083e+01  2.500000e+00  1.246377e+02
   endloop
 endfacet
 facet normal  7.781522e-01  0.000000e+00 -6.280757e-01
   outer loop
     vertex  3.088398e+01  2.500000e+00  1.247564e+02
     vertex  3.088398e+01 -2.500000e+00  1.247564e+02
     vertex  3.083659e+01 -2.500000e+00  1.246977e+02
   endloop
 endfacet
 facet normal  7.781522e-01  0.000000e+00 -6.280757e-01
   outer loop
     vertex  3.088398e+01  2.500000e+00  1.247564e+02
     vertex  3.083659e+01 -2.500000e+00  1.246977e+02
     vertex  3.083659e+01  2.500000e+00  1.246977e+02
   endloop
 endfacet
 facet normal  7.606287e-01  0.000000e+00 -6.491872e-01
   outer loop
     vertex  3.093296e+01  2.500000e+00  1.248138e+02
     vertex  3.093296e+01 -2.500000e+00  1.248138e+02
     vertex  3.088398e+01 -2.500000e+00  1.247564e+02
   endloop
 endfacet
 facet normal  7.606287e-01  0.000000e+00 -6.491872e-01
   outer loop
     vertex  3.093296e+01  2.500000e+00  1.248138e+02
     vertex  3.088398e+01 -2.500000e+00  1.247564e+02
     vertex  3.088398e+01  2.500000e+00  1.247564e+02
   endloop
 endfacet
 facet normal  7.425325e-01  0.000000e+00 -6.698100e-01
   outer loop
     vertex  3.098350e+01  2.500000e+00  1.248698e+02
     vertex  3.098350e+01 -2.500000e+00  1.248698e+02
     vertex  3.093296e+01 -2.500000e+00  1.248138e+02
   endloop
 endfacet
 facet normal  7.238775e-01  0.000000e+00 -6.899286e-01
   outer loop
     vertex  3.098350e+01  2.500000e+00  1.248698e+02
     vertex  3.103555e+01 -2.500000e+00  1.249244e+02
     vertex  3.098350e+01 -2.500000e+00  1.248698e+02
   endloop
 endfacet
 facet normal  7.425325e-01  0.000000e+00 -6.698100e-01
   outer loop
     vertex  3.098350e+01  2.500000e+00  1.248698e+02
     vertex  3.093296e+01 -2.500000e+00  1.248138e+02
     vertex  3.093296e+01  2.500000e+00  1.248138e+02
   endloop
 endfacet
 facet normal  7.238775e-01  0.000000e+00 -6.899286e-01
   outer loop
     vertex  3.103555e+01  2.500000e+00  1.249244e+02
     vertex  3.103555e+01 -2.500000e+00  1.249244e+02
     vertex  3.098350e+01  2.500000e+00  1.248698e+02
   endloop
 endfacet
 facet normal  7.046775e-01  0.000000e+00 -7.095278e-01
   outer loop
     vertex  3.108909e+01  2.500000e+00  1.249776e+02
     vertex  3.108909e+01 -2.500000e+00  1.249776e+02
     vertex  3.103555e+01 -2.500000e+00  1.249244e+02
   endloop
 endfacet
 facet normal  7.046775e-01  0.000000e+00 -7.095278e-01
   outer loop
     vertex  3.108909e+01  2.500000e+00  1.249776e+02
     vertex  3.103555e+01 -2.500000e+00  1.249244e+02
     vertex  3.103555e+01  2.500000e+00  1.249244e+02
   endloop
 endfacet
 facet normal  6.849470e-01  0.000000e+00 -7.285929e-01
   outer loop
     vertex  3.114406e+01  2.500000e+00  1.250293e+02
     vertex  3.114406e+01 -2.500000e+00  1.250293e+02
     vertex  3.108909e+01 -2.500000e+00  1.249776e+02
   endloop
 endfacet
 facet normal  6.849470e-01  0.000000e+00 -7.285929e-01
   outer loop
     vertex  3.114406e+01  2.500000e+00  1.250293e+02
     vertex  3.108909e+01 -2.500000e+00  1.249776e+02
     vertex  3.108909e+01  2.500000e+00  1.249776e+02
   endloop
 endfacet
 facet normal  6.647010e-01  0.000000e+00 -7.471095e-01
   outer loop
     vertex  3.120043e+01  2.500000e+00  1.250794e+02
     vertex  3.120043e+01 -2.500000e+00  1.250794e+02
     vertex  3.114406e+01 -2.500000e+00  1.250293e+02
   endloop
 endfacet
 facet normal  6.647010e-01  0.000000e+00 -7.471095e-01
   outer loop
     vertex  3.120043e+01  2.500000e+00  1.250794e+02
     vertex  3.114406e+01 -2.500000e+00  1.250293e+02
     vertex  3.114406e+01  2.500000e+00  1.250293e+02
   endloop
 endfacet
 facet normal  6.439545e-01  0.000000e+00 -7.650637e-01
   outer loop
     vertex  3.125815e+01  2.500000e+00  1.251280e+02
     vertex  3.125815e+01 -2.500000e+00  1.251280e+02
     vertex  3.120043e+01 -2.500000e+00  1.250794e+02
   endloop
 endfacet
 facet normal  6.227234e-01  0.000000e+00 -7.824421e-01
   outer loop
     vertex  3.125815e+01  2.500000e+00  1.251280e+02
     vertex  3.131719e+01 -2.500000e+00  1.251750e+02
     vertex  3.125815e+01 -2.500000e+00  1.251280e+02
   endloop
 endfacet
 facet normal  6.439545e-01  0.000000e+00 -7.650637e-01
   outer loop
     vertex  3.125815e+01  2.500000e+00  1.251280e+02
     vertex  3.120043e+01 -2.500000e+00  1.250794e+02
     vertex  3.120043e+01  2.500000e+00  1.250794e+02
   endloop
 endfacet
 facet normal  6.227234e-01  0.000000e+00 -7.824421e-01
   outer loop
     vertex  3.131719e+01  2.500000e+00  1.251750e+02
     vertex  3.131719e+01 -2.500000e+00  1.251750e+02
     vertex  3.125815e+01  2.500000e+00  1.251280e+02
   endloop
 endfacet
 facet normal  6.010234e-01  0.000000e+00 -7.992314e-01
   outer loop
     vertex  3.137749e+01  2.500000e+00  1.252204e+02
     vertex  3.137749e+01 -2.500000e+00  1.252204e+02
     vertex  3.131719e+01 -2.500000e+00  1.251750e+02
   endloop
 endfacet
 facet normal  6.010234e-01  0.000000e+00 -7.992314e-01
   outer loop
     vertex  3.137749e+01  2.500000e+00  1.252204e+02
     vertex  3.131719e+01 -2.500000e+00  1.251750e+02
     vertex  3.131719e+01  2.500000e+00  1.251750e+02
   endloop
 endfacet
 facet normal  5.788711e-01  0.000000e+00 -8.154191e-01
   outer loop
     vertex  3.143902e+01  2.500000e+00  1.252640e+02
     vertex  3.143902e+01 -2.500000e+00  1.252640e+02
     vertex  3.137749e+01 -2.500000e+00  1.252204e+02
   endloop
 endfacet
 facet normal  5.788711e-01  0.000000e+00 -8.154191e-01
   outer loop
     vertex  3.143902e+01  2.500000e+00  1.252640e+02
     vertex  3.137749e+01 -2.500000e+00  1.252204e+02
     vertex  3.137749e+01  2.500000e+00  1.252204e+02
   endloop
 endfacet
 facet normal  5.562829e-01  0.000000e+00 -8.309929e-01
   outer loop
     vertex  3.150172e+01  2.500000e+00  1.253060e+02
     vertex  3.150172e+01 -2.500000e+00  1.253060e+02
     vertex  3.143902e+01 -2.500000e+00  1.252640e+02
   endloop
 endfacet
 facet normal  5.562829e-01  0.000000e+00 -8.309929e-01
   outer loop
     vertex  3.150172e+01  2.500000e+00  1.253060e+02
     vertex  3.143902e+01 -2.500000e+00  1.252640e+02
     vertex  3.143902e+01  2.500000e+00  1.252640e+02
   endloop
 endfacet
 facet normal  5.332761e-01  0.000000e+00 -8.459413e-01
   outer loop
     vertex  3.156554e+01  2.500000e+00  1.253462e+02
     vertex  3.156554e+01 -2.500000e+00  1.253462e+02
     vertex  3.150172e+01 -2.500000e+00  1.253060e+02
   endloop
 endfacet
 facet normal  5.332761e-01  0.000000e+00 -8.459413e-01
   outer loop
     vertex  3.156554e+01  2.500000e+00  1.253462e+02
     vertex  3.150172e+01 -2.500000e+00  1.253060e+02
     vertex  3.150172e+01  2.500000e+00  1.253060e+02
   endloop
 endfacet
 facet normal  5.098678e-01  0.000000e+00 -8.602528e-01
   outer loop
     vertex  3.163045e+01  2.500000e+00  1.253847e+02
     vertex  3.163045e+01 -2.500000e+00  1.253847e+02
     vertex  3.156554e+01 -2.500000e+00  1.253462e+02
   endloop
 endfacet
 facet normal  4.860756e-01  0.000000e+00 -8.739167e-01
   outer loop
     vertex  3.163045e+01  2.500000e+00  1.253847e+02
     vertex  3.169639e+01 -2.500000e+00  1.254214e+02
     vertex  3.163045e+01 -2.500000e+00  1.253847e+02
   endloop
 endfacet
 facet normal  5.098678e-01  0.000000e+00 -8.602528e-01
   outer loop
     vertex  3.163045e+01  2.500000e+00  1.253847e+02
     vertex  3.156554e+01 -2.500000e+00  1.253462e+02
     vertex  3.156554e+01  2.500000e+00  1.253462e+02
   endloop
 endfacet
 facet normal  4.619176e-01  0.000000e+00 -8.869228e-01
   outer loop
     vertex  3.169639e+01  2.500000e+00  1.254214e+02
     vertex  3.176331e+01 -2.500000e+00  1.254562e+02
     vertex  3.169639e+01 -2.500000e+00  1.254214e+02
   endloop
 endfacet
 facet normal  4.860756e-01  0.000000e+00 -8.739167e-01
   outer loop
     vertex  3.169639e+01  2.500000e+00  1.254214e+02
     vertex  3.169639e+01 -2.500000e+00  1.254214e+02
     vertex  3.163045e+01  2.500000e+00  1.253847e+02
   endloop
 endfacet
 facet normal  4.619176e-01  0.000000e+00 -8.869228e-01
   outer loop
     vertex  3.176331e+01  2.500000e+00  1.254562e+02
     vertex  3.176331e+01 -2.500000e+00  1.254562e+02
     vertex  3.169639e+01  2.500000e+00  1.254214e+02
   endloop
 endfacet
 facet normal  4.374119e-01  0.000000e+00 -8.992613e-01
   outer loop
     vertex  3.176331e+01  2.500000e+00  1.254562e+02
     vertex  3.183116e+01 -2.500000e+00  1.254892e+02
     vertex  3.176331e+01 -2.500000e+00  1.254562e+02
   endloop
 endfacet
 facet normal  4.374119e-01  0.000000e+00 -8.992613e-01
   outer loop
     vertex  3.183116e+01  2.500000e+00  1.254892e+02
     vertex  3.183116e+01 -2.500000e+00  1.254892e+02
     vertex  3.176331e+01  2.500000e+00  1.254562e+02
   endloop
 endfacet
 facet normal  4.125769e-01  0.000000e+00 -9.109228e-01
   outer loop
     vertex  3.189989e+01  2.500000e+00  1.255204e+02
     vertex  3.183116e+01 -2.500000e+00  1.254892e+02
     vertex  3.183116e+01  2.500000e+00  1.254892e+02
   endloop
 endfacet
 facet normal  4.125769e-01  0.000000e+00 -9.109228e-01
   outer loop
     vertex  3.189989e+01  2.500000e+00  1.255204e+02
     vertex  3.189989e+01 -2.500000e+00  1.255204e+02
     vertex  3.183116e+01 -2.500000e+00  1.254892e+02
   endloop
 endfacet
 facet normal  3.874313e-01  0.000000e+00 -9.218986e-01
   outer loop
     vertex  3.196944e+01  2.500000e+00  1.255496e+02
     vertex  3.189989e+01 -2.500000e+00  1.255204e+02
     vertex  3.189989e+01  2.500000e+00  1.255204e+02
   endloop
 endfacet
 facet normal  3.874313e-01  0.000000e+00 -9.218986e-01
   outer loop
     vertex  3.196944e+01  2.500000e+00  1.255496e+02
     vertex  3.196944e+01 -2.500000e+00  1.255496e+02
     vertex  3.189989e+01 -2.500000e+00  1.255204e+02
   endloop
 endfacet
 facet normal  3.619940e-01  0.000000e+00 -9.321804e-01
   outer loop
     vertex  3.203978e+01  2.500000e+00  1.255769e+02
     vertex  3.196944e+01 -2.500000e+00  1.255496e+02
     vertex  3.196944e+01  2.500000e+00  1.255496e+02
   endloop
 endfacet
 facet normal  3.619940e-01  0.000000e+00 -9.321804e-01
   outer loop
     vertex  3.203978e+01  2.500000e+00  1.255769e+02
     vertex  3.203978e+01 -2.500000e+00  1.255769e+02
     vertex  3.196944e+01 -2.500000e+00  1.255496e+02
   endloop
 endfacet
 facet normal  3.362843e-01  0.000000e+00 -9.417605e-01
   outer loop
     vertex  3.203978e+01  2.500000e+00  1.255769e+02
     vertex  3.211083e+01 -2.500000e+00  1.256023e+02
     vertex  3.203978e+01 -2.500000e+00  1.255769e+02
   endloop
 endfacet
 facet normal  3.362843e-01  0.000000e+00 -9.417605e-01
   outer loop
     vertex  3.211083e+01  2.500000e+00  1.256023e+02
     vertex  3.211083e+01 -2.500000e+00  1.256023e+02
     vertex  3.203978e+01  2.500000e+00  1.255769e+02
   endloop
 endfacet
 facet normal  3.103214e-01  0.000000e+00 -9.506317e-01
   outer loop
     vertex  3.218256e+01  2.500000e+00  1.256257e+02
     vertex  3.211083e+01 -2.500000e+00  1.256023e+02
     vertex  3.211083e+01  2.500000e+00  1.256023e+02
   endloop
 endfacet
 facet normal  3.103214e-01  0.000000e+00 -9.506317e-01
   outer loop
     vertex  3.218256e+01  2.500000e+00  1.256257e+02
     vertex  3.218256e+01 -2.500000e+00  1.256257e+02
     vertex  3.211083e+01 -2.500000e+00  1.256023e+02
   endloop
 endfacet
 facet normal  2.841250e-01  0.000000e+00 -9.587873e-01
   outer loop
     vertex  3.225490e+01  2.500000e+00  1.256471e+02
     vertex  3.218256e+01 -2.500000e+00  1.256257e+02
     vertex  3.218256e+01  2.500000e+00  1.256257e+02
   endloop
 endfacet
 facet normal  2.841250e-01  0.000000e+00 -9.587873e-01
   outer loop
     vertex  3.225490e+01  2.500000e+00  1.256471e+02
     vertex  3.225490e+01 -2.500000e+00  1.256471e+02
     vertex  3.218256e+01 -2.500000e+00  1.256257e+02
   endloop
 endfacet
 facet normal  2.577146e-01  0.000000e+00 -9.662211e-01
   outer loop
     vertex  3.225490e+01  2.500000e+00  1.256471e+02
     vertex  3.232780e+01 -2.500000e+00  1.256666e+02
     vertex  3.225490e+01 -2.500000e+00  1.256471e+02
   endloop
 endfacet
 facet normal  2.577146e-01  0.000000e+00 -9.662211e-01
   outer loop
     vertex  3.232780e+01  2.500000e+00  1.256666e+02
     vertex  3.232780e+01 -2.500000e+00  1.256666e+02
     vertex  3.225490e+01  2.500000e+00  1.256471e+02
   endloop
 endfacet
 facet normal  2.311102e-01  0.000000e+00 -9.729276e-01
   outer loop
     vertex  3.240121e+01  2.500000e+00  1.256840e+02
     vertex  3.232780e+01 -2.500000e+00  1.256666e+02
     vertex  3.232780e+01  2.500000e+00  1.256666e+02
   endloop
 endfacet
 facet normal  2.311102e-01  0.000000e+00 -9.729276e-01
   outer loop
     vertex  3.240121e+01  2.500000e+00  1.256840e+02
     vertex  3.240121e+01 -2.500000e+00  1.256840e+02
     vertex  3.232780e+01 -2.500000e+00  1.256666e+02
   endloop
 endfacet
 facet normal  2.043319e-01  0.000000e+00 -9.789017e-01
   outer loop
     vertex  3.247507e+01  2.500000e+00  1.256994e+02
     vertex  3.240121e+01 -2.500000e+00  1.256840e+02
     vertex  3.240121e+01  2.500000e+00  1.256840e+02
   endloop
 endfacet
 facet normal  2.043319e-01  0.000000e+00 -9.789017e-01
   outer loop
     vertex  3.247507e+01  2.500000e+00  1.256994e+02
     vertex  3.247507e+01 -2.500000e+00  1.256994e+02
     vertex  3.240121e+01 -2.500000e+00  1.256840e+02
   endloop
 endfacet
 facet normal  1.773998e-01  0.000000e+00 -9.841389e-01
   outer loop
     vertex  3.254932e+01  2.500000e+00  1.257128e+02
     vertex  3.247507e+01 -2.500000e+00  1.256994e+02
     vertex  3.247507e+01  2.500000e+00  1.256994e+02
   endloop
 endfacet
 facet normal  1.773998e-01  0.000000e+00 -9.841389e-01
   outer loop
     vertex  3.254932e+01  2.500000e+00  1.257128e+02
     vertex  3.254932e+01 -2.500000e+00  1.257128e+02
     vertex  3.247507e+01 -2.500000e+00  1.256994e+02
   endloop
 endfacet
 facet normal  1.503341e-01  0.000000e+00 -9.886353e-01
   outer loop
     vertex  3.254932e+01  2.500000e+00  1.257128e+02
     vertex  3.262392e+01 -2.500000e+00  1.257242e+02
     vertex  3.254932e+01 -2.500000e+00  1.257128e+02
   endloop
 endfacet
 facet normal  1.503341e-01  0.000000e+00 -9.886353e-01
   outer loop
     vertex  3.262392e+01  2.500000e+00  1.257242e+02
     vertex  3.262392e+01 -2.500000e+00  1.257242e+02
     vertex  3.254932e+01  2.500000e+00  1.257128e+02
   endloop
 endfacet
 facet normal  1.231552e-01  0.000000e+00 -9.923874e-01
   outer loop
     vertex  3.269879e+01  2.500000e+00  1.257335e+02
     vertex  3.269879e+01 -2.500000e+00  1.257335e+02
     vertex  3.262392e+01 -2.500000e+00  1.257242e+02
   endloop
 endfacet
 facet normal  1.231552e-01  0.000000e+00 -9.923874e-01
   outer loop
     vertex  3.269879e+01  2.500000e+00  1.257335e+02
     vertex  3.262392e+01 -2.500000e+00  1.257242e+02
     vertex  3.262392e+01  2.500000e+00  1.257242e+02
   endloop
 endfacet
 facet normal  9.588368e-02  0.000000e+00 -9.953925e-01
   outer loop
     vertex  3.277390e+01  2.500000e+00  1.257407e+02
     vertex  3.277390e+01 -2.500000e+00  1.257407e+02
     vertex  3.269879e+01 -2.500000e+00  1.257335e+02
   endloop
 endfacet
 facet normal  9.588368e-02  0.000000e+00 -9.953925e-01
   outer loop
     vertex  3.277390e+01  2.500000e+00  1.257407e+02
     vertex  3.269879e+01 -2.500000e+00  1.257335e+02
     vertex  3.269879e+01  2.500000e+00  1.257335e+02
   endloop
 endfacet
 facet normal  6.853995e-02  0.000000e+00 -9.976484e-01
   outer loop
     vertex  3.284917e+01  2.500000e+00  1.257459e+02
     vertex  3.284917e+01 -2.500000e+00  1.257459e+02
     vertex  3.277390e+01 -2.500000e+00  1.257407e+02
   endloop
 endfacet
 facet normal  6.853995e-02  0.000000e+00 -9.976484e-01
   outer loop
     vertex  3.284917e+01  2.500000e+00  1.257459e+02
     vertex  3.277390e+01 -2.500000e+00  1.257407e+02
     vertex  3.277390e+01  2.500000e+00  1.257407e+02
   endloop
 endfacet
 facet normal  4.114462e-02  0.000000e+00 -9.991532e-01
   outer loop
     vertex  3.292456e+01  2.500000e+00  1.257490e+02
     vertex  3.292456e+01 -2.500000e+00  1.257490e+02
     vertex  3.284917e+01 -2.500000e+00  1.257459e+02
   endloop
 endfacet
 facet normal  1.371831e-02  0.000000e+00 -9.999059e-01
   outer loop
     vertex  3.292456e+01  2.500000e+00  1.257490e+02
     vertex  3.300000e+01 -2.500000e+00  1.257500e+02
     vertex  3.292456e+01 -2.500000e+00  1.257490e+02
   endloop
 endfacet
 facet normal  4.114462e-02  0.000000e+00 -9.991532e-01
   outer loop
     vertex  3.292456e+01  2.500000e+00  1.257490e+02
     vertex  3.284917e+01 -2.500000e+00  1.257459e+02
     vertex  3.284917e+01  2.500000e+00  1.257459e+02
   endloop
 endfacet
 facet normal  1.371831e-02  0.000000e+00 -9.999059e-01
   outer loop
     vertex  3.300000e+01  2.500000e+00  1.257500e+02
     vertex  3.300000e+01 -2.500000e+00  1.257500e+02
     vertex  3.292456e+01  2.500000e+00  1.257490e+02
   endloop
 endfacet
 facet normal -1.371831e-02  0.000000e+00 -9.999059e-01
   outer loop
     vertex  5.507544e+01  2.500000e+00  1.257490e+02
     vertex  5.500000e+01 -2.500000e+00  1.257500e+02
     vertex  5.500000e+01  2.500000e+00  1.257500e+02
   endloop
 endfacet
 facet normal -1.371831e-02 -0.000000e+00 -9.999059e-01
   outer loop
     vertex  5.507544e+01  2.500000e+00  1.257490e+02
     vertex  5.507544e+01 -2.500000e+00  1.257490e+02
     vertex  5.500000e+01 -2.500000e+00  1.257500e+02
   endloop
 endfacet
 facet normal -4.114462e-02 -0.000000e+00 -9.991532e-01
   outer loop
     vertex  5.515083e+01  2.500000e+00  1.257459e+02
     vertex  5.515083e+01 -2.500000e+00  1.257459e+02
     vertex  5.507544e+01 -2.500000e+00  1.257490e+02
   endloop
 endfacet
 facet normal -6.853995e-02 -0.000000e+00 -9.976484e-01
   outer loop
     vertex  5.515083e+01  2.500000e+00  1.257459e+02
     vertex  5.522610e+01 -2.500000e+00  1.257407e+02
     vertex  5.515083e+01 -2.500000e+00  1.257459e+02
   endloop
 endfacet
 facet normal -4.114462e-02  0.000000e+00 -9.991532e-01
   outer loop
     vertex  5.515083e+01  2.500000e+00  1.257459e+02
     vertex  5.507544e+01 -2.500000e+00  1.257490e+02
     vertex  5.507544e+01  2.500000e+00  1.257490e+02
   endloop
 endfacet
 facet normal -6.853995e-02 -0.000000e+00 -9.976484e-01
   outer loop
     vertex  5.522610e+01  2.500000e+00  1.257407e+02
     vertex  5.522610e+01 -2.500000e+00  1.257407e+02
     vertex  5.515083e+01  2.500000e+00  1.257459e+02
   endloop
 endfacet
 facet normal -9.588368e-02 -0.000000e+00 -9.953925e-01
   outer loop
     vertex  5.530121e+01  2.500000e+00  1.257335e+02
     vertex  5.530121e+01 -2.500000e+00  1.257335e+02
     vertex  5.522610e+01 -2.500000e+00  1.257407e+02
   endloop
 endfacet
 facet normal -9.588368e-02  0.000000e+00 -9.953925e-01
   outer loop
     vertex  5.530121e+01  2.500000e+00  1.257335e+02
     vertex  5.522610e+01 -2.500000e+00  1.257407e+02
     vertex  5.522610e+01  2.500000e+00  1.257407e+02
   endloop
 endfacet
 facet normal -1.231552e-01 -0.000000e+00 -9.923874e-01
   outer loop
     vertex  5.537608e+01  2.500000e+00  1.257242e+02
     vertex  5.537608e+01 -2.500000e+00  1.257242e+02
     vertex  5.530121e+01 -2.500000e+00  1.257335e+02
   endloop
 endfacet
 facet normal -1.503341e-01 -0.000000e+00 -9.886353e-01
   outer loop
     vertex  5.537608e+01  2.500000e+00  1.257242e+02
     vertex  5.545068e+01 -2.500000e+00  1.257128e+02
     vertex  5.537608e+01 -2.500000e+00  1.257242e+02
   endloop
 endfacet
 facet normal -1.231552e-01  0.000000e+00 -9.923874e-01
   outer loop
     vertex  5.537608e+01  2.500000e+00  1.257242e+02
     vertex  5.530121e+01 -2.500000e+00  1.257335e+02
     vertex  5.530121e+01  2.500000e+00  1.257335e+02
   endloop
 endfacet
 facet normal -1.503341e-01 -0.000000e+00 -9.886353e-01
   outer loop
     vertex  5.545068e+01  2.500000e+00  1.257128e+02
     vertex  5.545068e+01 -2.500000e+00  1.257128e+02
     vertex  5.537608e+01  2.500000e+00  1.257242e+02
   endloop
 endfacet
 facet normal -1.773998e-01 -0.000000e+00 -9.841389e-01
   outer loop
     vertex  5.552493e+01  2.500000e+00  1.256994e+02
     vertex  5.552493e+01 -2.500000e+00  1.256994e+02
     vertex  5.545068e+01 -2.500000e+00  1.257128e+02
   endloop
 endfacet
 facet normal -1.773998e-01  0.000000e+00 -9.841389e-01
   outer loop
     vertex  5.552493e+01  2.500000e+00  1.256994e+02
     vertex  5.545068e+01 -2.500000e+00  1.257128e+02
     vertex  5.545068e+01  2.500000e+00  1.257128e+02
   endloop
 endfacet
 facet normal -2.043319e-01 -0.000000e+00 -9.789017e-01
   outer loop
     vertex  5.559879e+01  2.500000e+00  1.256840e+02
     vertex  5.559879e+01 -2.500000e+00  1.256840e+02
     vertex  5.552493e+01 -2.500000e+00  1.256994e+02
   endloop
 endfacet
 facet normal -2.043319e-01  0.000000e+00 -9.789017e-01
   outer loop
     vertex  5.559879e+01  2.500000e+00  1.256840e+02
     vertex  5.552493e+01 -2.500000e+00  1.256994e+02
     vertex  5.552493e+01  2.500000e+00  1.256994e+02
   endloop
 endfacet
 facet normal -2.311102e-01 -0.000000e+00 -9.729276e-01
   outer loop
     vertex  5.567220e+01  2.500000e+00  1.256666e+02
     vertex  5.567220e+01 -2.500000e+00  1.256666e+02
     vertex  5.559879e+01 -2.500000e+00  1.256840e+02
   endloop
 endfacet
 facet normal -2.311102e-01  0.000000e+00 -9.729276e-01
   outer loop
     vertex  5.567220e+01  2.500000e+00  1.256666e+02
     vertex  5.559879e+01 -2.500000e+00  1.256840e+02
     vertex  5.559879e+01  2.500000e+00  1.256840e+02
   endloop
 endfacet
 facet normal -2.577146e-01  0.000000e+00 -9.662211e-01
   outer loop
     vertex  5.574510e+01  2.500000e+00  1.256471e+02
     vertex  5.567220e+01 -2.500000e+00  1.256666e+02
     vertex  5.567220e+01  2.500000e+00  1.256666e+02
   endloop
 endfacet
 facet normal -2.577146e-01 -0.000000e+00 -9.662211e-01
   outer loop
     vertex  5.574510e+01  2.500000e+00  1.256471e+02
     vertex  5.574510e+01 -2.500000e+00  1.256471e+02
     vertex  5.567220e+01 -2.500000e+00  1.256666e+02
   endloop
 endfacet
 facet normal -2.841250e-01 -0.000000e+00 -9.587873e-01
   outer loop
     vertex  5.574510e+01  2.500000e+00  1.256471e+02
     vertex  5.581744e+01 -2.500000e+00  1.256257e+02
     vertex  5.574510e+01 -2.500000e+00  1.256471e+02
   endloop
 endfacet
 facet normal -2.841250e-01 -0.000000e+00 -9.587873e-01
   outer loop
     vertex  5.581744e+01  2.500000e+00  1.256257e+02
     vertex  5.581744e+01 -2.500000e+00  1.256257e+02
     vertex  5.574510e+01  2.500000e+00  1.256471e+02
   endloop
 endfacet
 facet normal -3.103214e-01 -0.000000e+00 -9.506317e-01
   outer loop
     vertex  5.581744e+01  2.500000e+00  1.256257e+02
     vertex  5.588917e+01 -2.500000e+00  1.256023e+02
     vertex  5.581744e+01 -2.500000e+00  1.256257e+02
   endloop
 endfacet
 facet normal -3.103214e-01 -0.000000e+00 -9.506317e-01
   outer loop
     vertex  5.588917e+01  2.500000e+00  1.256023e+02
     vertex  5.588917e+01 -2.500000e+00  1.256023e+02
     vertex  5.581744e+01  2.500000e+00  1.256257e+02
   endloop
 endfacet
 facet normal -3.362843e-01  0.000000e+00 -9.417605e-01
   outer loop
     vertex  5.596022e+01  2.500000e+00  1.255769e+02
     vertex  5.588917e+01 -2.500000e+00  1.256023e+02
     vertex  5.588917e+01  2.500000e+00  1.256023e+02
   endloop
 endfacet
 facet normal -3.362843e-01 -0.000000e+00 -9.417605e-01
   outer loop
     vertex  5.596022e+01  2.500000e+00  1.255769e+02
     vertex  5.596022e+01 -2.500000e+00  1.255769e+02
     vertex  5.588917e+01 -2.500000e+00  1.256023e+02
   endloop
 endfacet
 facet normal -3.619940e-01 -0.000000e+00 -9.321804e-01
   outer loop
     vertex  5.596022e+01  2.500000e+00  1.255769e+02
     vertex  5.603056e+01 -2.500000e+00  1.255496e+02
     vertex  5.596022e+01 -2.500000e+00  1.255769e+02
   endloop
 endfacet
 facet normal -3.619940e-01 -0.000000e+00 -9.321804e-01
   outer loop
     vertex  5.603056e+01  2.500000e+00  1.255496e+02
     vertex  5.603056e+01 -2.500000e+00  1.255496e+02
     vertex  5.596022e+01  2.500000e+00  1.255769e+02
   endloop
 endfacet
 facet normal -3.874313e-01  0.000000e+00 -9.218986e-01
   outer loop
     vertex  5.610011e+01  2.500000e+00  1.255204e+02
     vertex  5.603056e+01 -2.500000e+00  1.255496e+02
     vertex  5.603056e+01  2.500000e+00  1.255496e+02
   endloop
 endfacet
 facet normal -3.874313e-01 -0.000000e+00 -9.218986e-01
   outer loop
     vertex  5.610011e+01  2.500000e+00  1.255204e+02
     vertex  5.610011e+01 -2.500000e+00  1.255204e+02
     vertex  5.603056e+01 -2.500000e+00  1.255496e+02
   endloop
 endfacet
 facet normal -4.125769e-01  0.000000e+00 -9.109228e-01
   outer loop
     vertex  5.616884e+01  2.500000e+00  1.254892e+02
     vertex  5.610011e+01 -2.500000e+00  1.255204e+02
     vertex  5.610011e+01  2.500000e+00  1.255204e+02
   endloop
 endfacet
 facet normal -4.125769e-01 -0.000000e+00 -9.109228e-01
   outer loop
     vertex  5.616884e+01  2.500000e+00  1.254892e+02
     vertex  5.616884e+01 -2.500000e+00  1.254892e+02
     vertex  5.610011e+01 -2.500000e+00  1.255204e+02
   endloop
 endfacet
 facet normal -4.374119e-01  0.000000e+00 -8.992613e-01
   outer loop
     vertex  5.623669e+01  2.500000e+00  1.254562e+02
     vertex  5.616884e+01 -2.500000e+00  1.254892e+02
     vertex  5.616884e+01  2.500000e+00  1.254892e+02
   endloop
 endfacet
 facet normal -4.374119e-01 -0.000000e+00 -8.992613e-01
   outer loop
     vertex  5.623669e+01  2.500000e+00  1.254562e+02
     vertex  5.623669e+01 -2.500000e+00  1.254562e+02
     vertex  5.616884e+01 -2.500000e+00  1.254892e+02
   endloop
 endfacet
 facet normal -4.619176e-01  0.000000e+00 -8.869228e-01
   outer loop
     vertex  5.630361e+01  2.500000e+00  1.254214e+02
     vertex  5.623669e+01 -2.500000e+00  1.254562e+02
     vertex  5.623669e+01  2.500000e+00  1.254562e+02
   endloop
 endfacet
 facet normal -4.619176e-01 -0.000000e+00 -8.869228e-01
   outer loop
     vertex  5.630361e+01  2.500000e+00  1.254214e+02
     vertex  5.630361e+01 -2.500000e+00  1.254214e+02
     vertex  5.623669e+01 -2.500000e+00  1.254562e+02
   endloop
 endfacet
 facet normal -4.860756e-01  0.000000e+00 -8.739167e-01
   outer loop
     vertex  5.636955e+01  2.500000e+00  1.253847e+02
     vertex  5.630361e+01 -2.500000e+00  1.254214e+02
     vertex  5.630361e+01  2.500000e+00  1.254214e+02
   endloop
 endfacet
 facet normal -4.860756e-01 -0.000000e+00 -8.739167e-01
   outer loop
     vertex  5.636955e+01  2.500000e+00  1.253847e+02
     vertex  5.636955e+01 -2.500000e+00  1.253847e+02
     vertex  5.630361e+01 -2.500000e+00  1.254214e+02
   endloop
 endfacet
 facet normal -5.098678e-01  0.000000e+00 -8.602528e-01
   outer loop
     vertex  5.643446e+01  2.500000e+00  1.253462e+02
     vertex  5.636955e+01 -2.500000e+00  1.253847e+02
     vertex  5.636955e+01  2.500000e+00  1.253847e+02
   endloop
 endfacet
 facet normal -5.098678e-01 -0.000000e+00 -8.602528e-01
   outer loop
     vertex  5.643446e+01  2.500000e+00  1.253462e+02
     vertex  5.643446e+01 -2.500000e+00  1.253462e+02
     vertex  5.636955e+01 -2.500000e+00  1.253847e+02
   endloop
 endfacet
 facet normal -5.332761e-01  0.000000e+00 -8.459413e-01
   outer loop
     vertex  5.649828e+01  2.500000e+00  1.253060e+02
     vertex  5.643446e+01 -2.500000e+00  1.253462e+02
     vertex  5.643446e+01  2.500000e+00  1.253462e+02
   endloop
 endfacet
 facet normal -5.332761e-01 -0.000000e+00 -8.459413e-01
   outer loop
     vertex  5.649828e+01  2.500000e+00  1.253060e+02
     vertex  5.649828e+01 -2.500000e+00  1.253060e+02
     vertex  5.643446e+01 -2.500000e+00  1.253462e+02
   endloop
 endfacet
 facet normal -5.562829e-01 -0.000000e+00 -8.309929e-01
   outer loop
     vertex  5.656098e+01  2.500000e+00  1.252640e+02
     vertex  5.656098e+01 -2.500000e+00  1.252640e+02
     vertex  5.649828e+01 -2.500000e+00  1.253060e+02
   endloop
 endfacet
 facet normal -5.562829e-01  0.000000e+00 -8.309929e-01
   outer loop
     vertex  5.656098e+01  2.500000e+00  1.252640e+02
     vertex  5.649828e+01 -2.500000e+00  1.253060e+02
     vertex  5.649828e+01  2.500000e+00  1.253060e+02
   endloop
 endfacet
 facet normal -5.788711e-01 -0.000000e+00 -8.154191e-01
   outer loop
     vertex  5.662251e+01  2.500000e+00  1.252204e+02
     vertex  5.662251e+01 -2.500000e+00  1.252204e+02
     vertex  5.656098e+01 -2.500000e+00  1.252640e+02
   endloop
 endfacet
 facet normal -5.788711e-01  0.000000e+00 -8.154191e-01
   outer loop
     vertex  5.662251e+01  2.500000e+00  1.252204e+02
     vertex  5.656098e+01 -2.500000e+00  1.252640e+02
     vertex  5.656098e+01  2.500000e+00  1.252640e+02
   endloop
 endfacet
 facet normal -6.010234e-01 -0.000000e+00 -7.992314e-01
   outer loop
     vertex  5.668281e+01  2.500000e+00  1.251750e+02
     vertex  5.668281e+01 -2.500000e+00  1.251750e+02
     vertex  5.662251e+01 -2.500000e+00  1.252204e+02
   endloop
 endfacet
 facet normal -6.010234e-01  0.000000e+00 -7.992314e-01
   outer loop
     vertex  5.668281e+01  2.500000e+00  1.251750e+02
     vertex  5.662251e+01 -2.500000e+00  1.252204e+02
     vertex  5.662251e+01  2.500000e+00  1.252204e+02
   endloop
 endfacet
 facet normal -6.227234e-01 -0.000000e+00 -7.824421e-01
   outer loop
     vertex  5.674185e+01  2.500000e+00  1.251280e+02
     vertex  5.674185e+01 -2.500000e+00  1.251280e+02
     vertex  5.668281e+01 -2.500000e+00  1.251750e+02
   endloop
 endfacet
 facet normal -6.439545e-01 -0.000000e+00 -7.650637e-01
   outer loop
     vertex  5.674185e+01  2.500000e+00  1.251280e+02
     vertex  5.679957e+01 -2.500000e+00  1.250794e+02
     vertex  5.674185e+01 -2.500000e+00  1.251280e+02
   endloop
 endfacet
 facet normal -6.227234e-01  0.000000e+00 -7.824421e-01
   outer loop
     vertex  5.674185e+01  2.500000e+00  1.251280e+02
     vertex  5.668281e+01 -2.500000e+00  1.251750e+02
     vertex  5.668281e+01  2.500000e+00  1.251750e+02
   endloop
 endfacet
 facet normal -6.439545e-01 -0.000000e+00 -7.650637e-01
   outer loop
     vertex  5.679957e+01  2.500000e+00  1.250794e+02
     vertex  5.679957e+01 -2.500000e+00  1.250794e+02
     vertex  5.674185e+01  2.500000e+00  1.251280e+02
   endloop
 endfacet
 facet normal -6.647010e-01 -0.000000e+00 -7.471095e-01
   outer loop
     vertex  5.685594e+01  2.500000e+00  1.250293e+02
     vertex  5.685594e+01 -2.500000e+00  1.250293e+02
     vertex  5.679957e+01 -2.500000e+00  1.250794e+02
   endloop
 endfacet
 facet normal -6.647010e-01  0.000000e+00 -7.471095e-01
   outer loop
     vertex  5.685594e+01  2.500000e+00  1.250293e+02
     vertex  5.679957e+01 -2.500000e+00  1.250794e+02
     vertex  5.679957e+01  2.500000e+00  1.250794e+02
   endloop
 endfacet
 facet normal -6.849470e-01 -0.000000e+00 -7.285929e-01
   outer loop
     vertex  5.691091e+01  2.500000e+00  1.249776e+02
     vertex  5.691091e+01 -2.500000e+00  1.249776e+02
     vertex  5.685594e+01 -2.500000e+00  1.250293e+02
   endloop
 endfacet
 facet normal -6.849470e-01  0.000000e+00 -7.285929e-01
   outer loop
     vertex  5.691091e+01  2.500000e+00  1.249776e+02
     vertex  5.685594e+01 -2.500000e+00  1.250293e+02
     vertex  5.685594e+01  2.500000e+00  1.250293e+02
   endloop
 endfacet
 facet normal -7.046775e-01 -0.000000e+00 -7.095278e-01
   outer loop
     vertex  5.696445e+01  2.500000e+00  1.249244e+02
     vertex  5.696445e+01 -2.500000e+00  1.249244e+02
     vertex  5.691091e+01 -2.500000e+00  1.249776e+02
   endloop
 endfacet
 facet normal -7.046775e-01  0.000000e+00 -7.095278e-01
   outer loop
     vertex  5.696445e+01  2.500000e+00  1.249244e+02
     vertex  5.691091e+01 -2.500000e+00  1.249776e+02
     vertex  5.691091e+01  2.500000e+00  1.249776e+02
   endloop
 endfacet
 facet normal -7.238775e-01 -0.000000e+00 -6.899286e-01
   outer loop
     vertex  5.701650e+01  2.500000e+00  1.248698e+02
     vertex  5.701650e+01 -2.500000e+00  1.248698e+02
     vertex  5.696445e+01 -2.500000e+00  1.249244e+02
   endloop
 endfacet
 facet normal -7.238775e-01  0.000000e+00 -6.899286e-01
   outer loop
     vertex  5.701650e+01  2.500000e+00  1.248698e+02
     vertex  5.696445e+01 -2.500000e+00  1.249244e+02
     vertex  5.696445e+01  2.500000e+00  1.249244e+02
   endloop
 endfacet
 facet normal -7.425325e-01 -0.000000e+00 -6.698100e-01
   outer loop
     vertex  5.706704e+01  2.500000e+00  1.248138e+02
     vertex  5.706704e+01 -2.500000e+00  1.248138e+02
     vertex  5.701650e+01 -2.500000e+00  1.248698e+02
   endloop
 endfacet
 facet normal -7.425325e-01  0.000000e+00 -6.698100e-01
   outer loop
     vertex  5.706704e+01  2.500000e+00  1.248138e+02
     vertex  5.701650e+01 -2.500000e+00  1.248698e+02
     vertex  5.701650e+01  2.500000e+00  1.248698e+02
   endloop
 endfacet
 facet normal -7.606287e-01 -0.000000e+00 -6.491872e-01
   outer loop
     vertex  5.711602e+01  2.500000e+00  1.247564e+02
     vertex  5.711602e+01 -2.500000e+00  1.247564e+02
     vertex  5.706704e+01 -2.500000e+00  1.248138e+02
   endloop
 endfacet
 facet normal -7.606287e-01  0.000000e+00 -6.491872e-01
   outer loop
     vertex  5.711602e+01  2.500000e+00  1.247564e+02
     vertex  5.706704e+01 -2.500000e+00  1.248138e+02
     vertex  5.706704e+01  2.500000e+00  1.248138e+02
   endloop
 endfacet
 facet normal -7.781522e-01 -0.000000e+00 -6.280757e-01
   outer loop
     vertex  5.716341e+01  2.500000e+00  1.246977e+02
     vertex  5.716341e+01 -2.500000e+00  1.246977e+02
     vertex  5.711602e+01 -2.500000e+00  1.247564e+02
   endloop
 endfacet
 facet normal -7.781522e-01  0.000000e+00 -6.280757e-01
   outer loop
     vertex  5.716341e+01  2.500000e+00  1.246977e+02
     vertex  5.711602e+01 -2.500000e+00  1.247564e+02
     vertex  5.711602e+01  2.500000e+00  1.247564e+02
   endloop
 endfacet
 facet normal -7.950900e-01 -0.000000e+00 -6.064915e-01
   outer loop
     vertex  5.720917e+01  2.500000e+00  1.246377e+02
     vertex  5.720917e+01 -2.500000e+00  1.246377e+02
     vertex  5.716341e+01 -2.500000e+00  1.246977e+02
   endloop
 endfacet
 facet normal -7.950900e-01  0.000000e+00 -6.064915e-01
   outer loop
     vertex  5.720917e+01  2.500000e+00  1.246377e+02
     vertex  5.716341e+01 -2.500000e+00  1.246977e+02
     vertex  5.716341e+01  2.500000e+00  1.246977e+02
   endloop
 endfacet
 facet normal -8.114292e-01 -0.000000e+00 -5.844507e-01
   outer loop
     vertex  5.725327e+01  2.500000e+00  1.245765e+02
     vertex  5.725327e+01 -2.500000e+00  1.245765e+02
     vertex  5.720917e+01 -2.500000e+00  1.246377e+02
   endloop
 endfacet
 facet normal -8.114292e-01  0.000000e+00 -5.844507e-01
   outer loop
     vertex  5.725327e+01  2.500000e+00  1.245765e+02
     vertex  5.720917e+01 -2.500000e+00  1.246377e+02
     vertex  5.720917e+01  2.500000e+00  1.246377e+02
   endloop
 endfacet
 facet normal -8.271577e-01  0.000000e+00 -5.619699e-01
   outer loop
     vertex  5.729567e+01  2.500000e+00  1.245141e+02
     vertex  5.725327e+01 -2.500000e+00  1.245765e+02
     vertex  5.725327e+01  2.500000e+00  1.245765e+02
   endloop
 endfacet
 facet normal -8.271577e-01 -0.000000e+00 -5.619699e-01
   outer loop
     vertex  5.729567e+01  2.500000e+00  1.245141e+02
     vertex  5.729567e+01 -2.500000e+00  1.245141e+02
     vertex  5.725327e+01 -2.500000e+00  1.245765e+02
   endloop
 endfacet
 facet normal -8.422635e-01 -0.000000e+00 -5.390661e-01
   outer loop
     vertex  5.729567e+01  2.500000e+00  1.245141e+02
     vertex  5.733634e+01 -2.500000e+00  1.244505e+02
     vertex  5.729567e+01 -2.500000e+00  1.245141e+02
   endloop
 endfacet
 facet normal -8.422635e-01 -0.000000e+00 -5.390661e-01
   outer loop
     vertex  5.733634e+01  2.500000e+00  1.244505e+02
     vertex  5.733634e+01 -2.500000e+00  1.244505e+02
     vertex  5.729567e+01  2.500000e+00  1.245141e+02
   endloop
 endfacet
 facet normal -8.567352e-01 -0.000000e+00 -5.157565e-01
   outer loop
     vertex  5.733634e+01  2.500000e+00  1.244505e+02
     vertex  5.737526e+01 -2.500000e+00  1.243859e+02
     vertex  5.733634e+01 -2.500000e+00  1.244505e+02
   endloop
 endfacet
 facet normal -8.567352e-01 -0.000000e+00 -5.157565e-01
   outer loop
     vertex  5.737526e+01  2.500000e+00  1.243859e+02
     vertex  5.737526e+01 -2.500000e+00  1.243859e+02
     vertex  5.733634e+01  2.500000e+00  1.244505e+02
   endloop
 endfacet
 facet normal -8.705620e-01  0.000000e+00 -4.920587e-01
   outer loop
     vertex  5.741238e+01  2.500000e+00  1.243202e+02
     vertex  5.737526e+01 -2.500000e+00  1.243859e+02
     vertex  5.737526e+01  2.500000e+00  1.243859e+02
   endloop
 endfacet
 facet normal -8.705620e-01 -0.000000e+00 -4.920587e-01
   outer loop
     vertex  5.741238e+01  2.500000e+00  1.243202e+02
     vertex  5.741238e+01 -2.500000e+00  1.243202e+02
     vertex  5.737526e+01 -2.500000e+00  1.243859e+02
   endloop
 endfacet
 facet normal -8.837335e-01  0.000000e+00 -4.679904e-01
   outer loop
     vertex  5.744769e+01  2.500000e+00  1.242535e+02
     vertex  5.741238e+01 -2.500000e+00  1.243202e+02
     vertex  5.741238e+01  2.500000e+00  1.243202e+02
   endloop
 endfacet
 facet normal -8.837335e-01 -0.000000e+00 -4.679904e-01
   outer loop
     vertex  5.744769e+01  2.500000e+00  1.242535e+02
     vertex  5.744769e+01 -2.500000e+00  1.242535e+02
     vertex  5.741238e+01 -2.500000e+00  1.243202e+02
   endloop
 endfacet
 facet normal -8.962398e-01  0.000000e+00 -4.435699e-01
   outer loop
     vertex  5.748116e+01  2.500000e+00  1.241859e+02
     vertex  5.744769e+01 -2.500000e+00  1.242535e+02
     vertex  5.744769e+01  2.500000e+00  1.242535e+02
   endloop
 endfacet
 facet normal -8.962398e-01 -0.000000e+00 -4.435699e-01
   outer loop
     vertex  5.748116e+01  2.500000e+00  1.241859e+02
     vertex  5.748116e+01 -2.500000e+00  1.241859e+02
     vertex  5.744769e+01 -2.500000e+00  1.242535e+02
   endloop
 endfacet
 facet normal -9.080714e-01  0.000000e+00 -4.188155e-01
   outer loop
     vertex  5.751276e+01  2.500000e+00  1.241174e+02
     vertex  5.748116e+01 -2.500000e+00  1.241859e+02
     vertex  5.748116e+01  2.500000e+00  1.241859e+02
   endloop
 endfacet
 facet normal -9.080714e-01 -0.000000e+00 -4.188155e-01
   outer loop
     vertex  5.751276e+01  2.500000e+00  1.241174e+02
     vertex  5.751276e+01 -2.500000e+00  1.241174e+02
     vertex  5.748116e+01 -2.500000e+00  1.241859e+02
   endloop
 endfacet
 facet normal -9.192194e-01  0.000000e+00 -3.937458e-01
   outer loop
     vertex  5.754247e+01  2.500000e+00  1.240480e+02
     vertex  5.751276e+01 -2.500000e+00  1.241174e+02
     vertex  5.751276e+01  2.500000e+00  1.241174e+02
   endloop
 endfacet
 facet normal -9.192194e-01 -0.000000e+00 -3.937458e-01
   outer loop
     vertex  5.754247e+01  2.500000e+00  1.240480e+02
     vertex  5.754247e+01 -2.500000e+00  1.240480e+02
     vertex  5.751276e+01 -2.500000e+00  1.241174e+02
   endloop
 endfacet
 facet normal -9.296754e-01  0.000000e+00 -3.683796e-01
   outer loop
     vertex  5.757026e+01  2.500000e+00  1.239779e+02
     vertex  5.754247e+01 -2.500000e+00  1.240480e+02
     vertex  5.754247e+01  2.500000e+00  1.240480e+02
   endloop
 endfacet
 facet normal -9.296754e-01 -0.000000e+00 -3.683796e-01
   outer loop
     vertex  5.757026e+01  2.500000e+00  1.239779e+02
     vertex  5.757026e+01 -2.500000e+00  1.239779e+02
     vertex  5.754247e+01 -2.500000e+00  1.240480e+02
   endloop
 endfacet
 facet normal -9.394317e-01  0.000000e+00 -3.427362e-01
   outer loop
     vertex  5.759612e+01  2.500000e+00  1.239070e+02
     vertex  5.757026e+01 -2.500000e+00  1.239779e+02
     vertex  5.757026e+01  2.500000e+00  1.239779e+02
   endloop
 endfacet
 facet normal -9.394317e-01 -0.000000e+00 -3.427362e-01
   outer loop
     vertex  5.759612e+01  2.500000e+00  1.239070e+02
     vertex  5.759612e+01 -2.500000e+00  1.239070e+02
     vertex  5.757026e+01 -2.500000e+00  1.239779e+02
   endloop
 endfacet
 facet normal -9.484807e-01  0.000000e+00 -3.168348e-01
   outer loop
     vertex  5.762003e+01  2.500000e+00  1.238354e+02
     vertex  5.759612e+01 -2.500000e+00  1.239070e+02
     vertex  5.759612e+01  2.500000e+00  1.239070e+02
   endloop
 endfacet
 facet normal -9.484807e-01 -0.000000e+00 -3.168348e-01
   outer loop
     vertex  5.762003e+01  2.500000e+00  1.238354e+02
     vertex  5.762003e+01 -2.500000e+00  1.238354e+02
     vertex  5.759612e+01 -2.500000e+00  1.239070e+02
   endloop
 endfacet
 facet normal -9.568158e-01  0.000000e+00 -2.906949e-01
   outer loop
     vertex  5.764196e+01  2.500000e+00  1.237632e+02
     vertex  5.762003e+01 -2.500000e+00  1.238354e+02
     vertex  5.762003e+01  2.500000e+00  1.238354e+02
   endloop
 endfacet
 facet normal -9.568158e-01 -0.000000e+00 -2.906949e-01
   outer loop
     vertex  5.764196e+01  2.500000e+00  1.237632e+02
     vertex  5.764196e+01 -2.500000e+00  1.237632e+02
     vertex  5.762003e+01 -2.500000e+00  1.238354e+02
   endloop
 endfacet
 facet normal -9.644306e-01 -0.000000e+00 -2.643362e-01
   outer loop
     vertex  5.764196e+01  2.500000e+00  1.237632e+02
     vertex  5.766191e+01 -2.500000e+00  1.236905e+02
     vertex  5.764196e+01 -2.500000e+00  1.237632e+02
   endloop
 endfacet
 facet normal -9.644306e-01 -0.000000e+00 -2.643362e-01
   outer loop
     vertex  5.766191e+01  2.500000e+00  1.236905e+02
     vertex  5.766191e+01 -2.500000e+00  1.236905e+02
     vertex  5.764196e+01  2.500000e+00  1.237632e+02
   endloop
 endfacet
 facet normal -9.713194e-01 -0.000000e+00 -2.377784e-01
   outer loop
     vertex  5.766191e+01  2.500000e+00  1.236905e+02
     vertex  5.767985e+01 -2.500000e+00  1.236172e+02
     vertex  5.766191e+01 -2.500000e+00  1.236905e+02
   endloop
 endfacet
 facet normal -9.713194e-01 -0.000000e+00 -2.377784e-01
   outer loop
     vertex  5.767985e+01  2.500000e+00  1.236172e+02
     vertex  5.767985e+01 -2.500000e+00  1.236172e+02
     vertex  5.766191e+01  2.500000e+00  1.236905e+02
   endloop
 endfacet
 facet normal -9.774771e-01  0.000000e+00 -2.110417e-01
   outer loop
     vertex  5.769577e+01  2.500000e+00  1.235434e+02
     vertex  5.767985e+01 -2.500000e+00  1.236172e+02
     vertex  5.767985e+01  2.500000e+00  1.236172e+02
   endloop
 endfacet
 facet normal -9.774771e-01 -0.000000e+00 -2.110417e-01
   outer loop
     vertex  5.769577e+01  2.500000e+00  1.235434e+02
     vertex  5.769577e+01 -2.500000e+00  1.235434e+02
     vertex  5.767985e+01 -2.500000e+00  1.236172e+02
   endloop
 endfacet
 facet normal -9.828989e-01 -0.000000e+00 -1.841461e-01
   outer loop
     vertex  5.769577e+01  2.500000e+00  1.235434e+02
     vertex  5.770966e+01 -2.500000e+00  1.234693e+02
     vertex  5.769577e+01 -2.500000e+00  1.235434e+02
   endloop
 endfacet
 facet normal -9.828989e-01 -0.000000e+00 -1.841461e-01
   outer loop
     vertex  5.770966e+01  2.500000e+00  1.234693e+02
     vertex  5.770966e+01 -2.500000e+00  1.234693e+02
     vertex  5.769577e+01  2.500000e+00  1.235434e+02
   endloop
 endfacet
 facet normal -9.875808e-01 -0.000000e+00 -1.571119e-01
   outer loop
     vertex  5.770966e+01  2.500000e+00  1.234693e+02
     vertex  5.772152e+01 -2.500000e+00  1.233948e+02
     vertex  5.770966e+01 -2.500000e+00  1.234693e+02
   endloop
 endfacet
 facet normal -9.875808e-01 -0.000000e+00 -1.571119e-01
   outer loop
     vertex  5.772152e+01  2.500000e+00  1.233948e+02
     vertex  5.772152e+01 -2.500000e+00  1.233948e+02
     vertex  5.770966e+01  2.500000e+00  1.234693e+02
   endloop
 endfacet
 facet normal -9.915193e-01  0.000000e+00 -1.299594e-01
   outer loop
     vertex  5.773132e+01  2.500000e+00  1.233199e+02
     vertex  5.772152e+01 -2.500000e+00  1.233948e+02
     vertex  5.772152e+01  2.500000e+00  1.233948e+02
   endloop
 endfacet
 facet normal -9.915193e-01 -0.000000e+00 -1.299594e-01
   outer loop
     vertex  5.773132e+01  2.500000e+00  1.233199e+02
     vertex  5.773132e+01 -2.500000e+00  1.233199e+02
     vertex  5.772152e+01 -2.500000e+00  1.233948e+02
   endloop
 endfacet
 facet normal -9.947114e-01 -0.000000e+00 -1.027091e-01
   outer loop
     vertex  5.773132e+01  2.500000e+00  1.233199e+02
     vertex  5.773907e+01 -2.500000e+00  1.232449e+02
     vertex  5.773132e+01 -2.500000e+00  1.233199e+02
   endloop
 endfacet
 facet normal -9.947114e-01 -0.000000e+00 -1.027091e-01
   outer loop
     vertex  5.773907e+01  2.500000e+00  1.232449e+02
     vertex  5.773907e+01 -2.500000e+00  1.232449e+02
     vertex  5.773132e+01  2.500000e+00  1.233199e+02
   endloop
 endfacet
 facet normal -9.971548e-01  0.000000e+00 -7.538152e-02
   outer loop
     vertex  5.774476e+01  2.500000e+00  1.231697e+02
     vertex  5.773907e+01 -2.500000e+00  1.232449e+02
     vertex  5.773907e+01  2.500000e+00  1.232449e+02
   endloop
 endfacet
 facet normal -9.971548e-01 -0.000000e+00 -7.538152e-02
   outer loop
     vertex  5.774476e+01  2.500000e+00  1.231697e+02
     vertex  5.774476e+01 -2.500000e+00  1.231697e+02
     vertex  5.773907e+01 -2.500000e+00  1.232449e+02
   endloop
 endfacet
 facet normal -9.988475e-01 -0.000000e+00 -4.799716e-02
   outer loop
     vertex  5.774476e+01  2.500000e+00  1.231697e+02
     vertex  5.774838e+01 -2.500000e+00  1.230943e+02
     vertex  5.774476e+01 -2.500000e+00  1.231697e+02
   endloop
 endfacet
 facet normal -9.997883e-01 -0.000000e+00 -2.057667e-02
   outer loop
     vertex  5.774838e+01  2.500000e+00  1.230943e+02
     vertex  5.774994e+01 -2.500000e+00  1.230189e+02
     vertex  5.774838e+01 -2.500000e+00  1.230943e+02
   endloop
 endfacet
 facet normal -9.988475e-01 -0.000000e+00 -4.799716e-02
   outer loop
     vertex  5.774838e+01  2.500000e+00  1.230943e+02
     vertex  5.774838e+01 -2.500000e+00  1.230943e+02
     vertex  5.774476e+01  2.500000e+00  1.231697e+02
   endloop
 endfacet
 facet normal -9.997883e-01 -0.000000e+00 -2.057667e-02
   outer loop
     vertex  5.774994e+01  2.500000e+00  1.230189e+02
     vertex  5.774994e+01 -2.500000e+00  1.230189e+02
     vertex  5.774838e+01  2.500000e+00  1.230943e+02
   endloop
 endfacet
 facet normal -9.999765e-01  0.000000e+00  6.859319e-03
   outer loop
     vertex  5.774942e+01  2.500000e+00  1.229434e+02
     vertex  5.774942e+01 -2.500000e+00  1.229434e+02
     vertex  5.774994e+01 -2.500000e+00  1.230189e+02
   endloop
 endfacet
 facet normal -9.999765e-01  0.000000e+00  6.859319e-03
   outer loop
     vertex  5.774942e+01  2.500000e+00  1.229434e+02
     vertex  5.774994e+01 -2.500000e+00  1.230189e+02
     vertex  5.774994e+01  2.500000e+00  1.230189e+02
   endloop
 endfacet
 facet normal -9.994119e-01  0.000000e+00  3.429014e-02
   outer loop
     vertex  5.774683e+01  2.500000e+00  1.228680e+02
     vertex  5.774683e+01 -2.500000e+00  1.228680e+02
     vertex  5.774942e+01 -2.500000e+00  1.229434e+02
   endloop
 endfacet
 facet normal -9.994119e-01  0.000000e+00  3.429014e-02
   outer loop
     vertex  5.774683e+01  2.500000e+00  1.228680e+02
     vertex  5.774942e+01 -2.500000e+00  1.229434e+02
     vertex  5.774942e+01  2.500000e+00  1.229434e+02
   endloop
 endfacet
 facet normal -9.980950e-01  0.000000e+00  6.169515e-02
   outer loop
     vertex  5.774218e+01  2.500000e+00  1.227927e+02
     vertex  5.774218e+01 -2.500000e+00  1.227927e+02
     vertex  5.774683e+01 -2.500000e+00  1.228680e+02
   endloop
 endfacet
 facet normal -9.980950e-01  0.000000e+00  6.169515e-02
   outer loop
     vertex  5.774218e+01  2.500000e+00  1.227927e+02
     vertex  5.774683e+01 -2.500000e+00  1.228680e+02
     vertex  5.774683e+01  2.500000e+00  1.228680e+02
   endloop
 endfacet
 facet normal -9.960268e-01  0.000000e+00  8.905371e-02
   outer loop
     vertex  5.773546e+01  2.500000e+00  1.227175e+02
     vertex  5.774218e+01 -2.500000e+00  1.227927e+02
     vertex  5.774218e+01  2.500000e+00  1.227927e+02
   endloop
 endfacet
 facet normal -9.960268e-01  0.000000e+00  8.905371e-02
   outer loop
     vertex  5.773546e+01  2.500000e+00  1.227175e+02
     vertex  5.773546e+01 -2.500000e+00  1.227175e+02
     vertex  5.774218e+01 -2.500000e+00  1.227927e+02
   endloop
 endfacet
 facet normal -9.932088e-01  0.000000e+00  1.163452e-01
   outer loop
     vertex  5.772668e+01  2.500000e+00  1.226426e+02
     vertex  5.773546e+01 -2.500000e+00  1.227175e+02
     vertex  5.773546e+01  2.500000e+00  1.227175e+02
   endloop
 endfacet
 facet normal -9.932088e-01  0.000000e+00  1.163452e-01
   outer loop
     vertex  5.772668e+01  2.500000e+00  1.226426e+02
     vertex  5.772668e+01 -2.500000e+00  1.226426e+02
     vertex  5.773546e+01 -2.500000e+00  1.227175e+02
   endloop
 endfacet
 facet normal -9.896432e-01  0.000000e+00  1.435492e-01
   outer loop
     vertex  5.772668e+01  2.500000e+00  1.226426e+02
     vertex  5.771585e+01 -2.500000e+00  1.225679e+02
     vertex  5.772668e+01 -2.500000e+00  1.226426e+02
   endloop
 endfacet
 facet normal -9.896432e-01  0.000000e+00  1.435492e-01
   outer loop
     vertex  5.771585e+01  2.500000e+00  1.225679e+02
     vertex  5.771585e+01 -2.500000e+00  1.225679e+02
     vertex  5.772668e+01  2.500000e+00  1.226426e+02
   endloop
 endfacet
 facet normal -9.853326e-01  0.000000e+00  1.706451e-01
   outer loop
     vertex  5.770297e+01  2.500000e+00  1.224936e+02
     vertex  5.771585e+01 -2.500000e+00  1.225679e+02
     vertex  5.771585e+01  2.500000e+00  1.225679e+02
   endloop
 endfacet
 facet normal -9.853326e-01  0.000000e+00  1.706451e-01
   outer loop
     vertex  5.770297e+01  2.500000e+00  1.224936e+02
     vertex  5.770297e+01 -2.500000e+00  1.224936e+02
     vertex  5.771585e+01 -2.500000e+00  1.225679e+02
   endloop
 endfacet
 facet normal -9.802802e-01  0.000000e+00  1.976125e-01
   outer loop
     vertex  5.768806e+01  2.500000e+00  1.224196e+02
     vertex  5.770297e+01 -2.500000e+00  1.224936e+02
     vertex  5.770297e+01  2.500000e+00  1.224936e+02
   endloop
 endfacet
 facet normal -9.802802e-01  0.000000e+00  1.976125e-01
   outer loop
     vertex  5.768806e+01  2.500000e+00  1.224196e+02
     vertex  5.768806e+01 -2.500000e+00  1.224196e+02
     vertex  5.770297e+01 -2.500000e+00  1.224936e+02
   endloop
 endfacet
 facet normal -9.744899e-01  0.000000e+00  2.244312e-01
   outer loop
     vertex  5.768806e+01  2.500000e+00  1.224196e+02
     vertex  5.767113e+01 -2.500000e+00  1.223461e+02
     vertex  5.768806e+01 -2.500000e+00  1.224196e+02
   endloop
 endfacet
 facet normal -9.744899e-01  0.000000e+00  2.244312e-01
   outer loop
     vertex  5.767113e+01  2.500000e+00  1.223461e+02
     vertex  5.767113e+01 -2.500000e+00  1.223461e+02
     vertex  5.768806e+01  2.500000e+00  1.224196e+02
   endloop
 endfacet
 facet normal -9.679661e-01  0.000000e+00  2.510809e-01
   outer loop
     vertex  5.765218e+01  2.500000e+00  1.222731e+02
     vertex  5.767113e+01 -2.500000e+00  1.223461e+02
     vertex  5.767113e+01  2.500000e+00  1.223461e+02
   endloop
 endfacet
 facet normal -9.679661e-01  0.000000e+00  2.510809e-01
   outer loop
     vertex  5.765218e+01  2.500000e+00  1.222731e+02
     vertex  5.765218e+01 -2.500000e+00  1.222731e+02
     vertex  5.767113e+01 -2.500000e+00  1.223461e+02
   endloop
 endfacet
 facet normal -9.607136e-01  0.000000e+00  2.775416e-01
   outer loop
     vertex  5.765218e+01  2.500000e+00  1.222731e+02
     vertex  5.763124e+01 -2.500000e+00  1.222006e+02
     vertex  5.765218e+01 -2.500000e+00  1.222731e+02
   endloop
 endfacet
 facet normal -9.607136e-01  0.000000e+00  2.775416e-01
   outer loop
     vertex  5.763124e+01  2.500000e+00  1.222006e+02
     vertex  5.763124e+01 -2.500000e+00  1.222006e+02
     vertex  5.765218e+01  2.500000e+00  1.222731e+02
   endloop
 endfacet
 facet normal -9.527379e-01  0.000000e+00  3.037934e-01
   outer loop
     vertex  5.760832e+01  2.500000e+00  1.221287e+02
     vertex  5.763124e+01 -2.500000e+00  1.222006e+02
     vertex  5.763124e+01  2.500000e+00  1.222006e+02
   endloop
 endfacet
 facet normal -9.527379e-01  0.000000e+00  3.037934e-01
   outer loop
     vertex  5.760832e+01  2.500000e+00  1.221287e+02
     vertex  5.760832e+01 -2.500000e+00  1.221287e+02
     vertex  5.763124e+01 -2.500000e+00  1.222006e+02
   endloop
 endfacet
 facet normal -9.440450e-01  0.000000e+00  3.298166e-01
   outer loop
     vertex  5.760832e+01  2.500000e+00  1.221287e+02
     vertex  5.758344e+01 -2.500000e+00  1.220575e+02
     vertex  5.760832e+01 -2.500000e+00  1.221287e+02
   endloop
 endfacet
 facet normal -9.440450e-01  0.000000e+00  3.298166e-01
   outer loop
     vertex  5.758344e+01  2.500000e+00  1.220575e+02
     vertex  5.758344e+01 -2.500000e+00  1.220575e+02
     vertex  5.760832e+01  2.500000e+00  1.221287e+02
   endloop
 endfacet
 facet normal -9.346415e-01  0.000000e+00  3.555914e-01
   outer loop
     vertex  5.755661e+01  2.500000e+00  1.219870e+02
     vertex  5.758344e+01 -2.500000e+00  1.220575e+02
     vertex  5.758344e+01  2.500000e+00  1.220575e+02
   endloop
 endfacet
 facet normal -9.346415e-01  0.000000e+00  3.555914e-01
   outer loop
     vertex  5.755661e+01  2.500000e+00  1.219870e+02
     vertex  5.755661e+01 -2.500000e+00  1.219870e+02
     vertex  5.758344e+01 -2.500000e+00  1.220575e+02
   endloop
 endfacet
 facet normal -9.245344e-01  0.000000e+00  3.810986e-01
   outer loop
     vertex  5.752785e+01  2.500000e+00  1.219172e+02
     vertex  5.755661e+01 -2.500000e+00  1.219870e+02
     vertex  5.755661e+01  2.500000e+00  1.219870e+02
   endloop
 endfacet
 facet normal -9.245344e-01  0.000000e+00  3.810986e-01
   outer loop
     vertex  5.752785e+01  2.500000e+00  1.219172e+02
     vertex  5.752785e+01 -2.500000e+00  1.219172e+02
     vertex  5.755661e+01 -2.500000e+00  1.219870e+02
   endloop
 endfacet
 facet normal -9.137314e-01  0.000000e+00  4.063188e-01
   outer loop
     vertex  5.749720e+01  2.500000e+00  1.218483e+02
     vertex  5.749720e+01 -2.500000e+00  1.218483e+02
     vertex  5.752785e+01 -2.500000e+00  1.219172e+02
   endloop
 endfacet
 facet normal -9.022405e-01  0.000000e+00  4.312333e-01
   outer loop
     vertex  5.749720e+01  2.500000e+00  1.218483e+02
     vertex  5.746466e+01 -2.500000e+00  1.217802e+02
     vertex  5.749720e+01 -2.500000e+00  1.218483e+02
   endloop
 endfacet
 facet normal -9.137314e-01  0.000000e+00  4.063188e-01
   outer loop
     vertex  5.749720e+01  2.500000e+00  1.218483e+02
     vertex  5.752785e+01 -2.500000e+00  1.219172e+02
     vertex  5.752785e+01  2.500000e+00  1.219172e+02
   endloop
 endfacet
 facet normal -9.022405e-01  0.000000e+00  4.312333e-01
   outer loop
     vertex  5.746466e+01  2.500000e+00  1.217802e+02
     vertex  5.746466e+01 -2.500000e+00  1.217802e+02
     vertex  5.749720e+01  2.500000e+00  1.218483e+02
   endloop
 endfacet
 facet normal -8.900704e-01  0.000000e+00  4.558231e-01
   outer loop
     vertex  5.743027e+01  2.500000e+00  1.217130e+02
     vertex  5.743027e+01 -2.500000e+00  1.217130e+02
     vertex  5.746466e+01 -2.500000e+00  1.217802e+02
   endloop
 endfacet
 facet normal -8.772303e-01  0.000000e+00  4.800697e-01
   outer loop
     vertex  5.743027e+01  2.500000e+00  1.217130e+02
     vertex  5.739405e+01 -2.500000e+00  1.216468e+02
     vertex  5.743027e+01 -2.500000e+00  1.217130e+02
   endloop
 endfacet
 facet normal -8.900704e-01  0.000000e+00  4.558231e-01
   outer loop
     vertex  5.743027e+01  2.500000e+00  1.217130e+02
     vertex  5.746466e+01 -2.500000e+00  1.217802e+02
     vertex  5.746466e+01  2.500000e+00  1.217802e+02
   endloop
 endfacet
 facet normal -8.772303e-01  0.000000e+00  4.800697e-01
   outer loop
     vertex  5.739405e+01  2.500000e+00  1.216468e+02
     vertex  5.739405e+01 -2.500000e+00  1.216468e+02
     vertex  5.743027e+01  2.500000e+00  1.217130e+02
   endloop
 endfacet
 facet normal -8.637299e-01  0.000000e+00  5.039550e-01
   outer loop
     vertex  5.735602e+01  2.500000e+00  1.215817e+02
     vertex  5.735602e+01 -2.500000e+00  1.215817e+02
     vertex  5.739405e+01 -2.500000e+00  1.216468e+02
   endloop
 endfacet
 facet normal -8.637299e-01  0.000000e+00  5.039550e-01
   outer loop
     vertex  5.735602e+01  2.500000e+00  1.215817e+02
     vertex  5.739405e+01 -2.500000e+00  1.216468e+02
     vertex  5.739405e+01  2.500000e+00  1.216468e+02
   endloop
 endfacet
 facet normal -8.495793e-01  0.000000e+00  5.274609e-01
   outer loop
     vertex  5.731622e+01  2.500000e+00  1.215176e+02
     vertex  5.731622e+01 -2.500000e+00  1.215176e+02
     vertex  5.735602e+01 -2.500000e+00  1.215817e+02
   endloop
 endfacet
 facet normal -8.347891e-01  0.000000e+00  5.505698e-01
   outer loop
     vertex  5.731622e+01  2.500000e+00  1.215176e+02
     vertex  5.727468e+01 -2.500000e+00  1.214546e+02
     vertex  5.731622e+01 -2.500000e+00  1.215176e+02
   endloop
 endfacet
 facet normal -8.495793e-01  0.000000e+00  5.274609e-01
   outer loop
     vertex  5.731622e+01  2.500000e+00  1.215176e+02
     vertex  5.735602e+01 -2.500000e+00  1.215817e+02
     vertex  5.735602e+01  2.500000e+00  1.215817e+02
   endloop
 endfacet
 facet normal -8.347891e-01  0.000000e+00  5.505698e-01
   outer loop
     vertex  5.727468e+01  2.500000e+00  1.214546e+02
     vertex  5.727468e+01 -2.500000e+00  1.214546e+02
     vertex  5.731622e+01  2.500000e+00  1.215176e+02
   endloop
 endfacet
 facet normal -8.193706e-01  0.000000e+00  5.732642e-01
   outer loop
     vertex  5.723143e+01  2.500000e+00  1.213928e+02
     vertex  5.723143e+01 -2.500000e+00  1.213928e+02
     vertex  5.727468e+01 -2.500000e+00  1.214546e+02
   endloop
 endfacet
 facet normal -8.193706e-01  0.000000e+00  5.732642e-01
   outer loop
     vertex  5.723143e+01  2.500000e+00  1.213928e+02
     vertex  5.727468e+01 -2.500000e+00  1.214546e+02
     vertex  5.727468e+01  2.500000e+00  1.214546e+02
   endloop
 endfacet
 facet normal -8.033352e-01  0.000000e+00  5.955271e-01
   outer loop
     vertex  5.718650e+01  2.500000e+00  1.213321e+02
     vertex  5.718650e+01 -2.500000e+00  1.213321e+02
     vertex  5.723143e+01 -2.500000e+00  1.213928e+02
   endloop
 endfacet
 facet normal -7.866951e-01  0.000000e+00  6.173417e-01
   outer loop
     vertex  5.718650e+01  2.500000e+00  1.213321e+02
     vertex  5.713992e+01 -2.500000e+00  1.212728e+02
     vertex  5.718650e+01 -2.500000e+00  1.213321e+02
   endloop
 endfacet
 facet normal -8.033352e-01  0.000000e+00  5.955271e-01
   outer loop
     vertex  5.718650e+01  2.500000e+00  1.213321e+02
     vertex  5.723143e+01 -2.500000e+00  1.213928e+02
     vertex  5.723143e+01  2.500000e+00  1.213928e+02
   endloop
 endfacet
 facet normal -7.866951e-01  0.000000e+00  6.173417e-01
   outer loop
     vertex  5.713992e+01  2.500000e+00  1.212728e+02
     vertex  5.713992e+01 -2.500000e+00  1.212728e+02
     vertex  5.718650e+01  2.500000e+00  1.213321e+02
   endloop
 endfacet
 facet normal -7.694628e-01  0.000000e+00  6.386916e-01
   outer loop
     vertex  5.709173e+01  2.500000e+00  1.212147e+02
     vertex  5.709173e+01 -2.500000e+00  1.212147e+02
     vertex  5.713992e+01 -2.500000e+00  1.212728e+02
   endloop
 endfacet
 facet normal -7.694628e-01  0.000000e+00  6.386916e-01
   outer loop
     vertex  5.709173e+01  2.500000e+00  1.212147e+02
     vertex  5.713992e+01 -2.500000e+00  1.212728e+02
     vertex  5.713992e+01  2.500000e+00  1.212728e+02
   endloop
 endfacet
 facet normal -7.516513e-01  0.000000e+00  6.595607e-01
   outer loop
     vertex  5.704196e+01  2.500000e+00  1.211580e+02
     vertex  5.704196e+01 -2.500000e+00  1.211580e+02
     vertex  5.709173e+01 -2.500000e+00  1.212147e+02
   endloop
 endfacet
 facet normal -7.516513e-01  0.000000e+00  6.595607e-01
   outer loop
     vertex  5.704196e+01  2.500000e+00  1.211580e+02
     vertex  5.709173e+01 -2.500000e+00  1.212147e+02
     vertex  5.709173e+01  2.500000e+00  1.212147e+02
   endloop
 endfacet
 facet normal -7.332740e-01  0.000000e+00  6.799333e-01
   outer loop
     vertex  5.699066e+01  2.500000e+00  1.211027e+02
     vertex  5.699066e+01 -2.500000e+00  1.211027e+02
     vertex  5.704196e+01 -2.500000e+00  1.211580e+02
   endloop
 endfacet
 facet normal -7.143447e-01  0.000000e+00  6.997940e-01
   outer loop
     vertex  5.699066e+01  2.500000e+00  1.211027e+02
     vertex  5.693786e+01 -2.500000e+00  1.210488e+02
     vertex  5.699066e+01 -2.500000e+00  1.211027e+02
   endloop
 endfacet
 facet normal -7.332740e-01  0.000000e+00  6.799333e-01
   outer loop
     vertex  5.699066e+01  2.500000e+00  1.211027e+02
     vertex  5.704196e+01 -2.500000e+00  1.211580e+02
     vertex  5.704196e+01  2.500000e+00  1.211580e+02
   endloop
 endfacet
 facet normal -7.143447e-01  0.000000e+00  6.997940e-01
   outer loop
     vertex  5.693786e+01  2.500000e+00  1.210488e+02
     vertex  5.693786e+01 -2.500000e+00  1.210488e+02
     vertex  5.699066e+01  2.500000e+00  1.211027e+02
   endloop
 endfacet
 facet normal -6.948776e-01  0.000000e+00  7.191280e-01
   outer loop
     vertex  5.688360e+01  2.500000e+00  1.209964e+02
     vertex  5.693786e+01 -2.500000e+00  1.210488e+02
     vertex  5.693786e+01  2.500000e+00  1.210488e+02
   endloop
 endfacet
 facet normal -6.948776e-01  0.000000e+00  7.191280e-01
   outer loop
     vertex  5.688360e+01  2.500000e+00  1.209964e+02
     vertex  5.688360e+01 -2.500000e+00  1.209964e+02
     vertex  5.693786e+01 -2.500000e+00  1.210488e+02
   endloop
 endfacet
 facet normal -6.748875e-01  0.000000e+00  7.379206e-01
   outer loop
     vertex  5.682793e+01  2.500000e+00  1.209454e+02
     vertex  5.688360e+01 -2.500000e+00  1.209964e+02
     vertex  5.688360e+01  2.500000e+00  1.209964e+02
   endloop
 endfacet
 facet normal -6.748875e-01  0.000000e+00  7.379206e-01
   outer loop
     vertex  5.682793e+01  2.500000e+00  1.209454e+02
     vertex  5.682793e+01 -2.500000e+00  1.209454e+02
     vertex  5.688360e+01 -2.500000e+00  1.209964e+02
   endloop
 endfacet
 facet normal -6.543893e-01  0.000000e+00  7.561578e-01
   outer loop
     vertex  5.682793e+01  2.500000e+00  1.209454e+02
     vertex  5.677088e+01 -2.500000e+00  1.208961e+02
     vertex  5.682793e+01 -2.500000e+00  1.209454e+02
   endloop
 endfacet
 facet normal -6.543893e-01  0.000000e+00  7.561578e-01
   outer loop
     vertex  5.677088e+01  2.500000e+00  1.208961e+02
     vertex  5.677088e+01 -2.500000e+00  1.208961e+02
     vertex  5.682793e+01  2.500000e+00  1.209454e+02
   endloop
 endfacet
 facet normal -6.333986e-01  0.000000e+00  7.738257e-01
   outer loop
     vertex  5.677088e+01  2.500000e+00  1.208961e+02
     vertex  5.671249e+01 -2.500000e+00  1.208483e+02
     vertex  5.677088e+01 -2.500000e+00  1.208961e+02
   endloop
 endfacet
 facet normal -6.333986e-01  0.000000e+00  7.738257e-01
   outer loop
     vertex  5.671249e+01  2.500000e+00  1.208483e+02
     vertex  5.671249e+01 -2.500000e+00  1.208483e+02
     vertex  5.677088e+01  2.500000e+00  1.208961e+02
   endloop
 endfacet
 facet normal -6.119310e-01  0.000000e+00  7.909112e-01
   outer loop
     vertex  5.665281e+01  2.500000e+00  1.208021e+02
     vertex  5.671249e+01 -2.500000e+00  1.208483e+02
     vertex  5.671249e+01  2.500000e+00  1.208483e+02
   endloop
 endfacet
 facet normal -6.119310e-01  0.000000e+00  7.909112e-01
   outer loop
     vertex  5.665281e+01  2.500000e+00  1.208021e+02
     vertex  5.665281e+01 -2.500000e+00  1.208021e+02
     vertex  5.671249e+01 -2.500000e+00  1.208483e+02
   endloop
 endfacet
 facet normal -5.900028e-01  0.000000e+00  8.074012e-01
   outer loop
     vertex  5.659190e+01  2.500000e+00  1.207576e+02
     vertex  5.659190e+01 -2.500000e+00  1.207576e+02
     vertex  5.665281e+01 -2.500000e+00  1.208021e+02
   endloop
 endfacet
 facet normal -5.676304e-01  0.000000e+00  8.232835e-01
   outer loop
     vertex  5.659190e+01  2.500000e+00  1.207576e+02
     vertex  5.652978e+01 -2.500000e+00  1.207148e+02
     vertex  5.659190e+01 -2.500000e+00  1.207576e+02
   endloop
 endfacet
 facet normal -5.900028e-01  0.000000e+00  8.074012e-01
   outer loop
     vertex  5.659190e+01  2.500000e+00  1.207576e+02
     vertex  5.665281e+01 -2.500000e+00  1.208021e+02
     vertex  5.665281e+01  2.500000e+00  1.208021e+02
   endloop
 endfacet
 facet normal -5.676304e-01  0.000000e+00  8.232835e-01
   outer loop
     vertex  5.652978e+01  2.500000e+00  1.207148e+02
     vertex  5.652978e+01 -2.500000e+00  1.207148e+02
     vertex  5.659190e+01  2.500000e+00  1.207576e+02
   endloop
 endfacet
 facet normal -5.448308e-01  0.000000e+00  8.385460e-01
   outer loop
     vertex  5.646651e+01  2.500000e+00  1.206737e+02
     vertex  5.652978e+01 -2.500000e+00  1.207148e+02
     vertex  5.652978e+01  2.500000e+00  1.207148e+02
   endloop
 endfacet
 facet normal -5.448308e-01  0.000000e+00  8.385460e-01
   outer loop
     vertex  5.646651e+01  2.500000e+00  1.206737e+02
     vertex  5.646651e+01 -2.500000e+00  1.206737e+02
     vertex  5.652978e+01 -2.500000e+00  1.207148e+02
   endloop
 endfacet
 facet normal -5.216210e-01  0.000000e+00  8.531773e-01
   outer loop
     vertex  5.646651e+01  2.500000e+00  1.206737e+02
     vertex  5.640214e+01 -2.500000e+00  1.206343e+02
     vertex  5.646651e+01 -2.500000e+00  1.206737e+02
   endloop
 endfacet
 facet normal -5.216210e-01  0.000000e+00  8.531773e-01
   outer loop
     vertex  5.640214e+01  2.500000e+00  1.206343e+02
     vertex  5.640214e+01 -2.500000e+00  1.206343e+02
     vertex  5.646651e+01  2.500000e+00  1.206737e+02
   endloop
 endfacet
 facet normal -4.980186e-01  0.000000e+00  8.671664e-01
   outer loop
     vertex  5.633671e+01  2.500000e+00  1.205967e+02
     vertex  5.633671e+01 -2.500000e+00  1.205967e+02
     vertex  5.640214e+01 -2.500000e+00  1.206343e+02
   endloop
 endfacet
 facet normal -4.980186e-01  0.000000e+00  8.671664e-01
   outer loop
     vertex  5.633671e+01  2.500000e+00  1.205967e+02
     vertex  5.640214e+01 -2.500000e+00  1.206343e+02
     vertex  5.640214e+01  2.500000e+00  1.206343e+02
   endloop
 endfacet
 facet normal -4.740412e-01  0.000000e+00  8.805026e-01
   outer loop
     vertex  5.627027e+01  2.500000e+00  1.205610e+02
     vertex  5.627027e+01 -2.500000e+00  1.205610e+02
     vertex  5.633671e+01 -2.500000e+00  1.205967e+02
   endloop
 endfacet
 facet normal -4.740412e-01  0.000000e+00  8.805026e-01
   outer loop
     vertex  5.627027e+01  2.500000e+00  1.205610e+02
     vertex  5.633671e+01 -2.500000e+00  1.205967e+02
     vertex  5.633671e+01  2.500000e+00  1.205967e+02
   endloop
 endfacet
 facet normal -4.497071e-01  0.000000e+00  8.931761e-01
   outer loop
     vertex  5.620288e+01  2.500000e+00  1.205270e+02
     vertex  5.620288e+01 -2.500000e+00  1.205270e+02
     vertex  5.627027e+01 -2.500000e+00  1.205610e+02
   endloop
 endfacet
 facet normal -4.497071e-01  0.000000e+00  8.931761e-01
   outer loop
     vertex  5.620288e+01  2.500000e+00  1.205270e+02
     vertex  5.627027e+01 -2.500000e+00  1.205610e+02
     vertex  5.627027e+01  2.500000e+00  1.205610e+02
   endloop
 endfacet
 facet normal -4.250344e-01  0.000000e+00  9.051772e-01
   outer loop
     vertex  5.613459e+01  2.500000e+00  1.204950e+02
     vertex  5.613459e+01 -2.500000e+00  1.204950e+02
     vertex  5.620288e+01 -2.500000e+00  1.205270e+02
   endloop
 endfacet
 facet normal -4.000417e-01  0.000000e+00  9.164969e-01
   outer loop
     vertex  5.613459e+01  2.500000e+00  1.204950e+02
     vertex  5.606544e+01 -2.500000e+00  1.204648e+02
     vertex  5.613459e+01 -2.500000e+00  1.204950e+02
   endloop
 endfacet
 facet normal -4.250344e-01  0.000000e+00  9.051772e-01
   outer loop
     vertex  5.613459e+01  2.500000e+00  1.204950e+02
     vertex  5.620288e+01 -2.500000e+00  1.205270e+02
     vertex  5.620288e+01  2.500000e+00  1.205270e+02
   endloop
 endfacet
 facet normal -4.000417e-01  0.000000e+00  9.164969e-01
   outer loop
     vertex  5.606544e+01  2.500000e+00  1.204648e+02
     vertex  5.606544e+01 -2.500000e+00  1.204648e+02
     vertex  5.613459e+01  2.500000e+00  1.204950e+02
   endloop
 endfacet
 facet normal -3.747479e-01  0.000000e+00  9.271267e-01
   outer loop
     vertex  5.599548e+01  2.500000e+00  1.204365e+02
     vertex  5.599548e+01 -2.500000e+00  1.204365e+02
     vertex  5.606544e+01 -2.500000e+00  1.204648e+02
   endloop
 endfacet
 facet normal -3.491720e-01  0.000000e+00  9.370586e-01
   outer loop
     vertex  5.599548e+01  2.500000e+00  1.204365e+02
     vertex  5.592478e+01 -2.500000e+00  1.204102e+02
     vertex  5.599548e+01 -2.500000e+00  1.204365e+02
   endloop
 endfacet
 facet normal -3.747479e-01  0.000000e+00  9.271267e-01
   outer loop
     vertex  5.599548e+01  2.500000e+00  1.204365e+02
     vertex  5.606544e+01 -2.500000e+00  1.204648e+02
     vertex  5.606544e+01  2.500000e+00  1.204648e+02
   endloop
 endfacet
 facet normal -3.233333e-01  0.000000e+00  9.462851e-01
   outer loop
     vertex  5.592478e+01  2.500000e+00  1.204102e+02
     vertex  5.585338e+01 -2.500000e+00  1.203858e+02
     vertex  5.592478e+01 -2.500000e+00  1.204102e+02
   endloop
 endfacet
 facet normal -3.491720e-01  0.000000e+00  9.370586e-01
   outer loop
     vertex  5.592478e+01  2.500000e+00  1.204102e+02
     vertex  5.592478e+01 -2.500000e+00  1.204102e+02
     vertex  5.599548e+01  2.500000e+00  1.204365e+02
   endloop
 endfacet
 facet normal -2.972512e-01  0.000000e+00  9.547993e-01
   outer loop
     vertex  5.585338e+01  2.500000e+00  1.203858e+02
     vertex  5.578134e+01 -2.500000e+00  1.203633e+02
     vertex  5.585338e+01 -2.500000e+00  1.203858e+02
   endloop
 endfacet
 facet normal -3.233333e-01  0.000000e+00  9.462851e-01
   outer loop
     vertex  5.585338e+01  2.500000e+00  1.203858e+02
     vertex  5.585338e+01 -2.500000e+00  1.203858e+02
     vertex  5.592478e+01  2.500000e+00  1.204102e+02
   endloop
 endfacet
 facet normal -2.972512e-01  0.000000e+00  9.547993e-01
   outer loop
     vertex  5.578134e+01  2.500000e+00  1.203633e+02
     vertex  5.578134e+01 -2.500000e+00  1.203633e+02
     vertex  5.585338e+01  2.500000e+00  1.203858e+02
   endloop
 endfacet
 facet normal -2.709453e-01  0.000000e+00  9.625948e-01
   outer loop
     vertex  5.570872e+01  2.500000e+00  1.203429e+02
     vertex  5.570872e+01 -2.500000e+00  1.203429e+02
     vertex  5.578134e+01 -2.500000e+00  1.203633e+02
   endloop
 endfacet
 facet normal -2.444354e-01  0.000000e+00  9.696656e-01
   outer loop
     vertex  5.570872e+01  2.500000e+00  1.203429e+02
     vertex  5.563555e+01 -2.500000e+00  1.203244e+02
     vertex  5.570872e+01 -2.500000e+00  1.203429e+02
   endloop
 endfacet
 facet normal -2.709453e-01  0.000000e+00  9.625948e-01
   outer loop
     vertex  5.570872e+01  2.500000e+00  1.203429e+02
     vertex  5.578134e+01 -2.500000e+00  1.203633e+02
     vertex  5.578134e+01  2.500000e+00  1.203633e+02
   endloop
 endfacet
 facet normal -2.444354e-01  0.000000e+00  9.696656e-01
   outer loop
     vertex  5.563555e+01  2.500000e+00  1.203244e+02
     vertex  5.563555e+01 -2.500000e+00  1.203244e+02
     vertex  5.570872e+01  2.500000e+00  1.203429e+02
   endloop
 endfacet
 facet normal -2.177416e-01  0.000000e+00  9.760065e-01
   outer loop
     vertex  5.556191e+01  2.500000e+00  1.203080e+02
     vertex  5.556191e+01 -2.500000e+00  1.203080e+02
     vertex  5.563555e+01 -2.500000e+00  1.203244e+02
   endloop
 endfacet
 facet normal -1.908838e-01  0.000000e+00  9.816126e-01
   outer loop
     vertex  5.556191e+01  2.500000e+00  1.203080e+02
     vertex  5.548785e+01 -2.500000e+00  1.202936e+02
     vertex  5.556191e+01 -2.500000e+00  1.203080e+02
   endloop
 endfacet
 facet normal -2.177416e-01  0.000000e+00  9.760065e-01
   outer loop
     vertex  5.556191e+01  2.500000e+00  1.203080e+02
     vertex  5.563555e+01 -2.500000e+00  1.203244e+02
     vertex  5.563555e+01  2.500000e+00  1.203244e+02
   endloop
 endfacet
 facet normal -1.638824e-01  0.000000e+00  9.864799e-01
   outer loop
     vertex  5.548785e+01  2.500000e+00  1.202936e+02
     vertex  5.541342e+01 -2.500000e+00  1.202813e+02
     vertex  5.548785e+01 -2.500000e+00  1.202936e+02
   endloop
 endfacet
 facet normal -1.908838e-01  0.000000e+00  9.816126e-01
   outer loop
     vertex  5.548785e+01  2.500000e+00  1.202936e+02
     vertex  5.548785e+01 -2.500000e+00  1.202936e+02
     vertex  5.556191e+01  2.500000e+00  1.203080e+02
   endloop
 endfacet
 facet normal -1.638824e-01  0.000000e+00  9.864799e-01
   outer loop
     vertex  5.541342e+01  2.500000e+00  1.202813e+02
     vertex  5.541342e+01 -2.500000e+00  1.202813e+02
     vertex  5.548785e+01  2.500000e+00  1.202936e+02
   endloop
 endfacet
 facet normal -1.367575e-01  0.000000e+00  9.906046e-01
   outer loop
     vertex  5.533868e+01  2.500000e+00  1.202709e+02
     vertex  5.533868e+01 -2.500000e+00  1.202709e+02
     vertex  5.541342e+01 -2.500000e+00  1.202813e+02
   endloop
 endfacet
 facet normal -1.095298e-01  0.000000e+00  9.939835e-01
   outer loop
     vertex  5.533868e+01  2.500000e+00  1.202709e+02
     vertex  5.526368e+01 -2.500000e+00  1.202627e+02
     vertex  5.533868e+01 -2.500000e+00  1.202709e+02
   endloop
 endfacet
 facet normal -1.367575e-01  0.000000e+00  9.906046e-01
   outer loop
     vertex  5.533868e+01  2.500000e+00  1.202709e+02
     vertex  5.541342e+01 -2.500000e+00  1.202813e+02
     vertex  5.541342e+01  2.500000e+00  1.202813e+02
   endloop
 endfacet
 facet normal -1.095298e-01  0.000000e+00  9.939835e-01
   outer loop
     vertex  5.526368e+01  2.500000e+00  1.202627e+02
     vertex  5.526368e+01 -2.500000e+00  1.202627e+02
     vertex  5.533868e+01  2.500000e+00  1.202709e+02
   endloop
 endfacet
 facet normal -8.221955e-02  0.000000e+00  9.966142e-01
   outer loop
     vertex  5.518848e+01  2.500000e+00  1.202565e+02
     vertex  5.526368e+01 -2.500000e+00  1.202627e+02
     vertex  5.526368e+01  2.500000e+00  1.202627e+02
   endloop
 endfacet
 facet normal -8.221955e-02  0.000000e+00  9.966142e-01
   outer loop
     vertex  5.518848e+01  2.500000e+00  1.202565e+02
     vertex  5.518848e+01 -2.500000e+00  1.202565e+02
     vertex  5.526368e+01 -2.500000e+00  1.202627e+02
   endloop
 endfacet
 facet normal -5.484744e-02  0.000000e+00  9.984947e-01
   outer loop
     vertex  5.518848e+01  2.500000e+00  1.202565e+02
     vertex  5.511315e+01 -2.500000e+00  1.202523e+02
     vertex  5.518848e+01 -2.500000e+00  1.202565e+02
   endloop
 endfacet
 facet normal -5.484744e-02  0.000000e+00  9.984947e-01
   outer loop
     vertex  5.511315e+01  2.500000e+00  1.202523e+02
     vertex  5.511315e+01 -2.500000e+00  1.202523e+02
     vertex  5.518848e+01  2.500000e+00  1.202565e+02
   endloop
 endfacet
 facet normal -2.743405e-02  0.000000e+00  9.996236e-01
   outer loop
     vertex  5.503773e+01  2.500000e+00  1.202503e+02
     vertex  5.511315e+01 -2.500000e+00  1.202523e+02
     vertex  5.511315e+01  2.500000e+00  1.202523e+02
   endloop
 endfacet
 facet normal -2.743405e-02  0.000000e+00  9.996236e-01
   outer loop
     vertex  5.503773e+01  2.500000e+00  1.202503e+02
     vertex  5.503773e+01 -2.500000e+00  1.202503e+02
     vertex  5.511315e+01 -2.500000e+00  1.202523e+02
   endloop
 endfacet
 facet normal -0.000000e+00  0.000000e+00  1.000000e+00
   outer loop
     vertex  5.496227e+01  2.500000e+00  1.202503e+02
     vertex  5.503773e+01 -2.500000e+00  1.202503e+02
     vertex  5.503773e+01  2.500000e+00  1.202503e+02
   endloop
 endfacet
 facet normal  0.000000e+00  0.000000e+00  1.000000e+00
   outer loop
     vertex  5.496227e+01  2.500000e+00  1.202503e+02
     vertex  5.496227e+01 -2.500000e+00  1.202503e+02
     vertex  5.503773e+01 -2.500000e+00  1.202503e+02
   endloop
 endfacet
 facet normal  2.743405e-02  0.000000e+00  9.996236e-01
   outer loop
     vertex  5.496227e+01  2.500000e+00  1.202503e+02
     vertex  5.488685e+01 -2.500000e+00  1.202523e+02
     vertex  5.496227e+01 -2.500000e+00  1.202503e+02
   endloop
 endfacet
 facet normal  2.743405e-02  0.000000e+00  9.996236e-01
   outer loop
     vertex  5.488685e+01  2.500000e+00  1.202523e+02
     vertex  5.488685e+01 -2.500000e+00  1.202523e+02
     vertex  5.496227e+01  2.500000e+00  1.202503e+02
   endloop
 endfacet
 facet normal  5.484744e-02  0.000000e+00  9.984947e-01
   outer loop
     vertex  5.488685e+01  2.500000e+00  1.202523e+02
     vertex  5.481152e+01 -2.500000e+00  1.202565e+02
     vertex  5.488685e+01 -2.500000e+00  1.202523e+02
   endloop
 endfacet
 facet normal  5.484744e-02  0.000000e+00  9.984947e-01
   outer loop
     vertex  5.481152e+01  2.500000e+00  1.202565e+02
     vertex  5.481152e+01 -2.500000e+00  1.202565e+02
     vertex  5.488685e+01  2.500000e+00  1.202523e+02
   endloop
 endfacet
 facet normal  8.221955e-02  0.000000e+00  9.966142e-01
   outer loop
     vertex  5.473632e+01  2.500000e+00  1.202627e+02
     vertex  5.481152e+01 -2.500000e+00  1.202565e+02
     vertex  5.481152e+01  2.500000e+00  1.202565e+02
   endloop
 endfacet
 facet normal  8.221955e-02  0.000000e+00  9.966142e-01
   outer loop
     vertex  5.473632e+01  2.500000e+00  1.202627e+02
     vertex  5.473632e+01 -2.500000e+00  1.202627e+02
     vertex  5.481152e+01 -2.500000e+00  1.202565e+02
   endloop
 endfacet
 facet normal  1.095298e-01  0.000000e+00  9.939835e-01
   outer loop
     vertex  5.466132e+01  2.500000e+00  1.202709e+02
     vertex  5.473632e+01 -2.500000e+00  1.202627e+02
     vertex  5.473632e+01  2.500000e+00  1.202627e+02
   endloop
 endfacet
 facet normal  1.095298e-01  0.000000e+00  9.939835e-01
   outer loop
     vertex  5.466132e+01  2.500000e+00  1.202709e+02
     vertex  5.466132e+01 -2.500000e+00  1.202709e+02
     vertex  5.473632e+01 -2.500000e+00  1.202627e+02
   endloop
 endfacet
 facet normal  1.367575e-01  0.000000e+00  9.906046e-01
   outer loop
     vertex  5.466132e+01  2.500000e+00  1.202709e+02
     vertex  5.458658e+01 -2.500000e+00  1.202813e+02
     vertex  5.466132e+01 -2.500000e+00  1.202709e+02
   endloop
 endfacet
 facet normal  1.367575e-01  0.000000e+00  9.906046e-01
   outer loop
     vertex  5.458658e+01  2.500000e+00  1.202813e+02
     vertex  5.458658e+01 -2.500000e+00  1.202813e+02
     vertex  5.466132e+01  2.500000e+00  1.202709e+02
   endloop
 endfacet
 facet normal  1.638824e-01  0.000000e+00  9.864799e-01
   outer loop
     vertex  5.451215e+01  2.500000e+00  1.202936e+02
     vertex  5.458658e+01 -2.500000e+00  1.202813e+02
     vertex  5.458658e+01  2.500000e+00  1.202813e+02
   endloop
 endfacet
 facet normal  1.638824e-01  0.000000e+00  9.864799e-01
   outer loop
     vertex  5.451215e+01  2.500000e+00  1.202936e+02
     vertex  5.451215e+01 -2.500000e+00  1.202936e+02
     vertex  5.458658e+01 -2.500000e+00  1.202813e+02
   endloop
 endfacet
 facet normal  1.908838e-01  0.000000e+00  9.816126e-01
   outer loop
     vertex  5.443809e+01  2.500000e+00  1.203080e+02
     vertex  5.451215e+01 -2.500000e+00  1.202936e+02
     vertex  5.451215e+01  2.500000e+00  1.202936e+02
   endloop
 endfacet
 facet normal  1.908838e-01  0.000000e+00  9.816126e-01
   outer loop
     vertex  5.443809e+01  2.500000e+00  1.203080e+02
     vertex  5.443809e+01 -2.500000e+00  1.203080e+02
     vertex  5.451215e+01 -2.500000e+00  1.202936e+02
   endloop
 endfacet
 facet normal  2.177416e-01  0.000000e+00  9.760065e-01
   outer loop
     vertex  5.443809e+01  2.500000e+00  1.203080e+02
     vertex  5.436445e+01 -2.500000e+00  1.203244e+02
     vertex  5.443809e+01 -2.500000e+00  1.203080e+02
   endloop
 endfacet
 facet normal  2.177416e-01  0.000000e+00  9.760065e-01
   outer loop
     vertex  5.436445e+01  2.500000e+00  1.203244e+02
     vertex  5.436445e+01 -2.500000e+00  1.203244e+02
     vertex  5.443809e+01  2.500000e+00  1.203080e+02
   endloop
 endfacet
 facet normal  2.444354e-01  0.000000e+00  9.696656e-01
   outer loop
     vertex  5.429128e+01  2.500000e+00  1.203429e+02
     vertex  5.429128e+01 -2.500000e+00  1.203429e+02
     vertex  5.436445e+01 -2.500000e+00  1.203244e+02
   endloop
 endfacet
 facet normal  2.709453e-01  0.000000e+00  9.625948e-01
   outer loop
     vertex  5.429128e+01  2.500000e+00  1.203429e+02
     vertex  5.421866e+01 -2.500000e+00  1.203633e+02
     vertex  5.429128e+01 -2.500000e+00  1.203429e+02
   endloop
 endfacet
 facet normal  2.444354e-01  0.000000e+00  9.696656e-01
   outer loop
     vertex  5.429128e+01  2.500000e+00  1.203429e+02
     vertex  5.436445e+01 -2.500000e+00  1.203244e+02
     vertex  5.436445e+01  2.500000e+00  1.203244e+02
   endloop
 endfacet
 facet normal  2.709453e-01  0.000000e+00  9.625948e-01
   outer loop
     vertex  5.421866e+01  2.500000e+00  1.203633e+02
     vertex  5.421866e+01 -2.500000e+00  1.203633e+02
     vertex  5.429128e+01  2.500000e+00  1.203429e+02
   endloop
 endfacet
 facet normal  2.972512e-01  0.000000e+00  9.547993e-01
   outer loop
     vertex  5.414662e+01  2.500000e+00  1.203858e+02
     vertex  5.414662e+01 -2.500000e+00  1.203858e+02
     vertex  5.421866e+01 -2.500000e+00  1.203633e+02
   endloop
 endfacet
 facet normal  3.233333e-01  0.000000e+00  9.462851e-01
   outer loop
     vertex  5.414662e+01  2.500000e+00  1.203858e+02
     vertex  5.407522e+01 -2.500000e+00  1.204102e+02
     vertex  5.414662e+01 -2.500000e+00  1.203858e+02
   endloop
 endfacet
 facet normal  2.972512e-01  0.000000e+00  9.547993e-01
   outer loop
     vertex  5.414662e+01  2.500000e+00  1.203858e+02
     vertex  5.421866e+01 -2.500000e+00  1.203633e+02
     vertex  5.421866e+01  2.500000e+00  1.203633e+02
   endloop
 endfacet
 facet normal  3.233333e-01  0.000000e+00  9.462851e-01
   outer loop
     vertex  5.407522e+01  2.500000e+00  1.204102e+02
     vertex  5.407522e+01 -2.500000e+00  1.204102e+02
     vertex  5.414662e+01  2.500000e+00  1.203858e+02
   endloop
 endfacet
 facet normal  3.491720e-01  0.000000e+00  9.370586e-01
   outer loop
     vertex  5.400452e+01  2.500000e+00  1.204365e+02
     vertex  5.400452e+01 -2.500000e+00  1.204365e+02
     vertex  5.407522e+01 -2.500000e+00  1.204102e+02
   endloop
 endfacet
 facet normal  3.747479e-01  0.000000e+00  9.271267e-01
   outer loop
     vertex  5.400452e+01  2.500000e+00  1.204365e+02
     vertex  5.393456e+01 -2.500000e+00  1.204648e+02
     vertex  5.400452e+01 -2.500000e+00  1.204365e+02
   endloop
 endfacet
 facet normal  3.491720e-01  0.000000e+00  9.370586e-01
   outer loop
     vertex  5.400452e+01  2.500000e+00  1.204365e+02
     vertex  5.407522e+01 -2.500000e+00  1.204102e+02
     vertex  5.407522e+01  2.500000e+00  1.204102e+02
   endloop
 endfacet
 facet normal  3.747479e-01  0.000000e+00  9.271267e-01
   outer loop
     vertex  5.393456e+01  2.500000e+00  1.204648e+02
     vertex  5.393456e+01 -2.500000e+00  1.204648e+02
     vertex  5.400452e+01  2.500000e+00  1.204365e+02
   endloop
 endfacet
 facet normal  4.000417e-01  0.000000e+00  9.164969e-01
   outer loop
     vertex  5.386541e+01  2.500000e+00  1.204950e+02
     vertex  5.386541e+01 -2.500000e+00  1.204950e+02
     vertex  5.393456e+01 -2.500000e+00  1.204648e+02
   endloop
 endfacet
 facet normal  4.000417e-01  0.000000e+00  9.164969e-01
   outer loop
     vertex  5.386541e+01  2.500000e+00  1.204950e+02
     vertex  5.393456e+01 -2.500000e+00  1.204648e+02
     vertex  5.393456e+01  2.500000e+00  1.204648e+02
   endloop
 endfacet
 facet normal  4.250344e-01  0.000000e+00  9.051772e-01
   outer loop
     vertex  5.379712e+01  2.500000e+00  1.205270e+02
     vertex  5.379712e+01 -2.500000e+00  1.205270e+02
     vertex  5.386541e+01 -2.500000e+00  1.204950e+02
   endloop
 endfacet
 facet normal  4.250344e-01  0.000000e+00  9.051772e-01
   outer loop
     vertex  5.379712e+01  2.500000e+00  1.205270e+02
     vertex  5.386541e+01 -2.500000e+00  1.204950e+02
     vertex  5.386541e+01  2.500000e+00  1.204950e+02
   endloop
 endfacet
 facet normal  4.497071e-01  0.000000e+00  8.931761e-01
   outer loop
     vertex  5.372973e+01  2.500000e+00  1.205610e+02
     vertex  5.372973e+01 -2.500000e+00  1.205610e+02
     vertex  5.379712e+01 -2.500000e+00  1.205270e+02
   endloop
 endfacet
 facet normal  4.497071e-01  0.000000e+00  8.931761e-01
   outer loop
     vertex  5.372973e+01  2.500000e+00  1.205610e+02
     vertex  5.379712e+01 -2.500000e+00  1.205270e+02
     vertex  5.379712e+01  2.500000e+00  1.205270e+02
   endloop
 endfacet
 facet normal  4.740412e-01  0.000000e+00  8.805026e-01
   outer loop
     vertex  5.366329e+01  2.500000e+00  1.205967e+02
     vertex  5.366329e+01 -2.500000e+00  1.205967e+02
     vertex  5.372973e+01 -2.500000e+00  1.205610e+02
   endloop
 endfacet
 facet normal  4.980186e-01  0.000000e+00  8.671664e-01
   outer loop
     vertex  5.366329e+01  2.500000e+00  1.205967e+02
     vertex  5.359786e+01 -2.500000e+00  1.206343e+02
     vertex  5.366329e+01 -2.500000e+00  1.205967e+02
   endloop
 endfacet
 facet normal  4.740412e-01  0.000000e+00  8.805026e-01
   outer loop
     vertex  5.366329e+01  2.500000e+00  1.205967e+02
     vertex  5.372973e+01 -2.500000e+00  1.205610e+02
     vertex  5.372973e+01  2.500000e+00  1.205610e+02
   endloop
 endfacet
 facet normal  5.216210e-01  0.000000e+00  8.531773e-01
   outer loop
     vertex  5.359786e+01  2.500000e+00  1.206343e+02
     vertex  5.353349e+01 -2.500000e+00  1.206737e+02
     vertex  5.359786e+01 -2.500000e+00  1.206343e+02
   endloop
 endfacet
 facet normal  4.980186e-01  0.000000e+00  8.671664e-01
   outer loop
     vertex  5.359786e+01  2.500000e+00  1.206343e+02
     vertex  5.359786e+01 -2.500000e+00  1.206343e+02
     vertex  5.366329e+01  2.500000e+00  1.205967e+02
   endloop
 endfacet
 facet normal  5.216210e-01  0.000000e+00  8.531773e-01
   outer loop
     vertex  5.353349e+01  2.500000e+00  1.206737e+02
     vertex  5.353349e+01 -2.500000e+00  1.206737e+02
     vertex  5.359786e+01  2.500000e+00  1.206343e+02
   endloop
 endfacet
 facet normal  5.448308e-01  0.000000e+00  8.385460e-01
   outer loop
     vertex  5.347022e+01  2.500000e+00  1.207148e+02
     vertex  5.353349e+01 -2.500000e+00  1.206737e+02
     vertex  5.353349e+01  2.500000e+00  1.206737e+02
   endloop
 endfacet
 facet normal  5.448308e-01  0.000000e+00  8.385460e-01
   outer loop
     vertex  5.347022e+01  2.500000e+00  1.207148e+02
     vertex  5.347022e+01 -2.500000e+00  1.207148e+02
     vertex  5.353349e+01 -2.500000e+00  1.206737e+02
   endloop
 endfacet
 facet normal  5.676304e-01  0.000000e+00  8.232835e-01
   outer loop
     vertex  5.347022e+01  2.500000e+00  1.207148e+02
     vertex  5.340810e+01 -2.500000e+00  1.207576e+02
     vertex  5.347022e+01 -2.500000e+00  1.207148e+02
   endloop
 endfacet
 facet normal  5.676304e-01  0.000000e+00  8.232835e-01
   outer loop
     vertex  5.340810e+01  2.500000e+00  1.207576e+02
     vertex  5.340810e+01 -2.500000e+00  1.207576e+02
     vertex  5.347022e+01  2.500000e+00  1.207148e+02
   endloop
 endfacet
 facet normal  5.900028e-01  0.000000e+00  8.074012e-01
   outer loop
     vertex  5.334719e+01  2.500000e+00  1.208021e+02
     vertex  5.340810e+01 -2.500000e+00  1.207576e+02
     vertex  5.340810e+01  2.500000e+00  1.207576e+02
   endloop
 endfacet
 facet normal  5.900028e-01  0.000000e+00  8.074012e-01
   outer loop
     vertex  5.334719e+01  2.500000e+00  1.208021e+02
     vertex  5.334719e+01 -2.500000e+00  1.208021e+02
     vertex  5.340810e+01 -2.500000e+00  1.207576e+02
   endloop
 endfacet
 facet normal  6.119310e-01  0.000000e+00  7.909112e-01
   outer loop
     vertex  5.328751e+01  2.500000e+00  1.208483e+02
     vertex  5.334719e+01 -2.500000e+00  1.208021e+02
     vertex  5.334719e+01  2.500000e+00  1.208021e+02
   endloop
 endfacet
 facet normal  6.119310e-01  0.000000e+00  7.909112e-01
   outer loop
     vertex  5.328751e+01  2.500000e+00  1.208483e+02
     vertex  5.328751e+01 -2.500000e+00  1.208483e+02
     vertex  5.334719e+01 -2.500000e+00  1.208021e+02
   endloop
 endfacet
 facet normal  6.333986e-01  0.000000e+00  7.738257e-01
   outer loop
     vertex  5.322912e+01  2.500000e+00  1.208961e+02
     vertex  5.328751e+01 -2.500000e+00  1.208483e+02
     vertex  5.328751e+01  2.500000e+00  1.208483e+02
   endloop
 endfacet
 facet normal  6.333986e-01  0.000000e+00  7.738257e-01
   outer loop
     vertex  5.322912e+01  2.500000e+00  1.208961e+02
     vertex  5.322912e+01 -2.500000e+00  1.208961e+02
     vertex  5.328751e+01 -2.500000e+00  1.208483e+02
   endloop
 endfacet
 facet normal  6.543893e-01  0.000000e+00  7.561578e-01
   outer loop
     vertex  5.317207e+01  2.500000e+00  1.209454e+02
     vertex  5.322912e+01 -2.500000e+00  1.208961e+02
     vertex  5.322912e+01  2.500000e+00  1.208961e+02
   endloop
 endfacet
 facet normal  6.543893e-01  0.000000e+00  7.561578e-01
   outer loop
     vertex  5.317207e+01  2.500000e+00  1.209454e+02
     vertex  5.317207e+01 -2.500000e+00  1.209454e+02
     vertex  5.322912e+01 -2.500000e+00  1.208961e+02
   endloop
 endfacet
 facet normal  6.748875e-01  0.000000e+00  7.379206e-01
   outer loop
     vertex  5.317207e+01  2.500000e+00  1.209454e+02
     vertex  5.311640e+01 -2.500000e+00  1.209964e+02
     vertex  5.317207e+01 -2.500000e+00  1.209454e+02
   endloop
 endfacet
 facet normal  6.748875e-01  0.000000e+00  7.379206e-01
   outer loop
     vertex  5.311640e+01  2.500000e+00  1.209964e+02
     vertex  5.311640e+01 -2.500000e+00  1.209964e+02
     vertex  5.317207e+01  2.500000e+00  1.209454e+02
   endloop
 endfacet
 facet normal  6.948776e-01  0.000000e+00  7.191280e-01
   outer loop
     vertex  5.306214e+01  2.500000e+00  1.210488e+02
     vertex  5.311640e+01 -2.500000e+00  1.209964e+02
     vertex  5.311640e+01  2.500000e+00  1.209964e+02
   endloop
 endfacet
 facet normal  6.948776e-01  0.000000e+00  7.191280e-01
   outer loop
     vertex  5.306214e+01  2.500000e+00  1.210488e+02
     vertex  5.306214e+01 -2.500000e+00  1.210488e+02
     vertex  5.311640e+01 -2.500000e+00  1.209964e+02
   endloop
 endfacet
 facet normal  7.143447e-01  0.000000e+00  6.997940e-01
   outer loop
     vertex  5.300934e+01  2.500000e+00  1.211027e+02
     vertex  5.306214e+01 -2.500000e+00  1.210488e+02
     vertex  5.306214e+01  2.500000e+00  1.210488e+02
   endloop
 endfacet
 facet normal  7.143447e-01  0.000000e+00  6.997940e-01
   outer loop
     vertex  5.300934e+01  2.500000e+00  1.211027e+02
     vertex  5.300934e+01 -2.500000e+00  1.211027e+02
     vertex  5.306214e+01 -2.500000e+00  1.210488e+02
   endloop
 endfacet
 facet normal  7.332740e-01  0.000000e+00  6.799333e-01
   outer loop
     vertex  5.300934e+01  2.500000e+00  1.211027e+02
     vertex  5.295804e+01 -2.500000e+00  1.211580e+02
     vertex  5.300934e+01 -2.500000e+00  1.211027e+02
   endloop
 endfacet
 facet normal  7.332740e-01  0.000000e+00  6.799333e-01
   outer loop
     vertex  5.295804e+01  2.500000e+00  1.211580e+02
     vertex  5.295804e+01 -2.500000e+00  1.211580e+02
     vertex  5.300934e+01  2.500000e+00  1.211027e+02
   endloop
 endfacet
 facet normal  7.516513e-01  0.000000e+00  6.595607e-01
   outer loop
     vertex  5.295804e+01  2.500000e+00  1.211580e+02
     vertex  5.290827e+01 -2.500000e+00  1.212147e+02
     vertex  5.295804e+01 -2.500000e+00  1.211580e+02
   endloop
 endfacet
 facet normal  7.516513e-01  0.000000e+00  6.595607e-01
   outer loop
     vertex  5.290827e+01  2.500000e+00  1.212147e+02
     vertex  5.290827e+01 -2.500000e+00  1.212147e+02
     vertex  5.295804e+01  2.500000e+00  1.211580e+02
   endloop
 endfacet
 facet normal  7.694628e-01  0.000000e+00  6.386916e-01
   outer loop
     vertex  5.286008e+01  2.500000e+00  1.212728e+02
     vertex  5.290827e+01 -2.500000e+00  1.212147e+02
     vertex  5.290827e+01  2.500000e+00  1.212147e+02
   endloop
 endfacet
 facet normal  7.694628e-01  0.000000e+00  6.386916e-01
   outer loop
     vertex  5.286008e+01  2.500000e+00  1.212728e+02
     vertex  5.286008e+01 -2.500000e+00  1.212728e+02
     vertex  5.290827e+01 -2.500000e+00  1.212147e+02
   endloop
 endfacet
 facet normal  7.866951e-01  0.000000e+00  6.173417e-01
   outer loop
     vertex  5.281350e+01  2.500000e+00  1.213321e+02
     vertex  5.286008e+01 -2.500000e+00  1.212728e+02
     vertex  5.286008e+01  2.500000e+00  1.212728e+02
   endloop
 endfacet
 facet normal  7.866951e-01  0.000000e+00  6.173417e-01
   outer loop
     vertex  5.281350e+01  2.500000e+00  1.213321e+02
     vertex  5.281350e+01 -2.500000e+00  1.213321e+02
     vertex  5.286008e+01 -2.500000e+00  1.212728e+02
   endloop
 endfacet
 facet normal  8.033352e-01  0.000000e+00  5.955271e-01
   outer loop
     vertex  5.276857e+01  2.500000e+00  1.213928e+02
     vertex  5.281350e+01 -2.500000e+00  1.213321e+02
     vertex  5.281350e+01  2.500000e+00  1.213321e+02
   endloop
 endfacet
 facet normal  8.033352e-01  0.000000e+00  5.955271e-01
   outer loop
     vertex  5.276857e+01  2.500000e+00  1.213928e+02
     vertex  5.276857e+01 -2.500000e+00  1.213928e+02
     vertex  5.281350e+01 -2.500000e+00  1.213321e+02
   endloop
 endfacet
 facet normal  8.193706e-01  0.000000e+00  5.732642e-01
   outer loop
     vertex  5.272532e+01  2.500000e+00  1.214546e+02
     vertex  5.276857e+01 -2.500000e+00  1.213928e+02
     vertex  5.276857e+01  2.500000e+00  1.213928e+02
   endloop
 endfacet
 facet normal  8.193706e-01  0.000000e+00  5.732642e-01
   outer loop
     vertex  5.272532e+01  2.500000e+00  1.214546e+02
     vertex  5.272532e+01 -2.500000e+00  1.214546e+02
     vertex  5.276857e+01 -2.500000e+00  1.213928e+02
   endloop
 endfacet
 facet normal  8.347891e-01  0.000000e+00  5.505698e-01
   outer loop
     vertex  5.268378e+01  2.500000e+00  1.215176e+02
     vertex  5.272532e+01 -2.500000e+00  1.214546e+02
     vertex  5.272532e+01  2.500000e+00  1.214546e+02
   endloop
 endfacet
 facet normal  8.347891e-01  0.000000e+00  5.505698e-01
   outer loop
     vertex  5.268378e+01  2.500000e+00  1.215176e+02
     vertex  5.268378e+01 -2.500000e+00  1.215176e+02
     vertex  5.272532e+01 -2.500000e+00  1.214546e+02
   endloop
 endfacet
 facet normal  8.495793e-01  0.000000e+00  5.274609e-01
   outer loop
     vertex  5.264398e+01  2.500000e+00  1.215817e+02
     vertex  5.268378e+01 -2.500000e+00  1.215176e+02
     vertex  5.268378e+01  2.500000e+00  1.215176e+02
   endloop
 endfacet
 facet normal  8.495793e-01  0.000000e+00  5.274609e-01
   outer loop
     vertex  5.264398e+01  2.500000e+00  1.215817e+02
     vertex  5.264398e+01 -2.500000e+00  1.215817e+02
     vertex  5.268378e+01 -2.500000e+00  1.215176e+02
   endloop
 endfacet
 facet normal  8.637299e-01  0.000000e+00  5.039550e-01
   outer loop
     vertex  5.264398e+01  2.500000e+00  1.215817e+02
     vertex  5.260595e+01 -2.500000e+00  1.216468e+02
     vertex  5.264398e+01 -2.500000e+00  1.215817e+02
   endloop
 endfacet
 facet normal  8.637299e-01  0.000000e+00  5.039550e-01
   outer loop
     vertex  5.260595e+01  2.500000e+00  1.216468e+02
     vertex  5.260595e+01 -2.500000e+00  1.216468e+02
     vertex  5.264398e+01  2.500000e+00  1.215817e+02
   endloop
 endfacet
 facet normal  8.772303e-01  0.000000e+00  4.800697e-01
   outer loop
     vertex  5.256973e+01  2.500000e+00  1.217130e+02
     vertex  5.260595e+01 -2.500000e+00  1.216468e+02
     vertex  5.260595e+01  2.500000e+00  1.216468e+02
   endloop
 endfacet
 facet normal  8.772303e-01  0.000000e+00  4.800697e-01
   outer loop
     vertex  5.256973e+01  2.500000e+00  1.217130e+02
     vertex  5.256973e+01 -2.500000e+00  1.217130e+02
     vertex  5.260595e+01 -2.500000e+00  1.216468e+02
   endloop
 endfacet
 facet normal  8.900704e-01  0.000000e+00  4.558231e-01
   outer loop
     vertex  5.253534e+01  2.500000e+00  1.217802e+02
     vertex  5.256973e+01 -2.500000e+00  1.217130e+02
     vertex  5.256973e+01  2.500000e+00  1.217130e+02
   endloop
 endfacet
 facet normal  8.900704e-01  0.000000e+00  4.558231e-01
   outer loop
     vertex  5.253534e+01  2.500000e+00  1.217802e+02
     vertex  5.253534e+01 -2.500000e+00  1.217802e+02
     vertex  5.256973e+01 -2.500000e+00  1.217130e+02
   endloop
 endfacet
 facet normal  9.022405e-01  0.000000e+00  4.312333e-01
   outer loop
     vertex  5.253534e+01  2.500000e+00  1.217802e+02
     vertex  5.250280e+01 -2.500000e+00  1.218483e+02
     vertex  5.253534e+01 -2.500000e+00  1.217802e+02
   endloop
 endfacet
 facet normal  9.022405e-01  0.000000e+00  4.312333e-01
   outer loop
     vertex  5.250280e+01  2.500000e+00  1.218483e+02
     vertex  5.250280e+01 -2.500000e+00  1.218483e+02
     vertex  5.253534e+01  2.500000e+00  1.217802e+02
   endloop
 endfacet
 facet normal  9.137314e-01  0.000000e+00  4.063188e-01
   outer loop
     vertex  5.247215e+01  2.500000e+00  1.219172e+02
     vertex  5.250280e+01 -2.500000e+00  1.218483e+02
     vertex  5.250280e+01  2.500000e+00  1.218483e+02
   endloop
 endfacet
 facet normal  9.137314e-01  0.000000e+00  4.063188e-01
   outer loop
     vertex  5.247215e+01  2.500000e+00  1.219172e+02
     vertex  5.247215e+01 -2.500000e+00  1.219172e+02
     vertex  5.250280e+01 -2.500000e+00  1.218483e+02
   endloop
 endfacet
 facet normal  9.245344e-01  0.000000e+00  3.810986e-01
   outer loop
     vertex  5.244339e+01  2.500000e+00  1.219870e+02
     vertex  5.244339e+01 -2.500000e+00  1.219870e+02
     vertex  5.247215e+01 -2.500000e+00  1.219172e+02
   endloop
 endfacet
 facet normal  9.245344e-01  0.000000e+00  3.810986e-01
   outer loop
     vertex  5.244339e+01  2.500000e+00  1.219870e+02
     vertex  5.247215e+01 -2.500000e+00  1.219172e+02
     vertex  5.247215e+01  2.500000e+00  1.219172e+02
   endloop
 endfacet
 facet normal  9.346415e-01  0.000000e+00  3.555914e-01
   outer loop
     vertex  5.241656e+01  2.500000e+00  1.220575e+02
     vertex  5.241656e+01 -2.500000e+00  1.220575e+02
     vertex  5.244339e+01 -2.500000e+00  1.219870e+02
   endloop
 endfacet
 facet normal  9.346415e-01  0.000000e+00  3.555914e-01
   outer loop
     vertex  5.241656e+01  2.500000e+00  1.220575e+02
     vertex  5.244339e+01 -2.500000e+00  1.219870e+02
     vertex  5.244339e+01  2.500000e+00  1.219870e+02
   endloop
 endfacet
 facet normal  9.440450e-01  0.000000e+00  3.298166e-01
   outer loop
     vertex  5.239168e+01  2.500000e+00  1.221287e+02
     vertex  5.239168e+01 -2.500000e+00  1.221287e+02
     vertex  5.241656e+01 -2.500000e+00  1.220575e+02
   endloop
 endfacet
 facet normal  9.440450e-01  0.000000e+00  3.298166e-01
   outer loop
     vertex  5.239168e+01  2.500000e+00  1.221287e+02
     vertex  5.241656e+01 -2.500000e+00  1.220575e+02
     vertex  5.241656e+01  2.500000e+00  1.220575e+02
   endloop
 endfacet
 facet normal  9.527379e-01  0.000000e+00  3.037934e-01
   outer loop
     vertex  5.236876e+01  2.500000e+00  1.222006e+02
     vertex  5.236876e+01 -2.500000e+00  1.222006e+02
     vertex  5.239168e+01 -2.500000e+00  1.221287e+02
   endloop
 endfacet
 facet normal  9.527379e-01  0.000000e+00  3.037934e-01
   outer loop
     vertex  5.236876e+01  2.500000e+00  1.222006e+02
     vertex  5.239168e+01 -2.500000e+00  1.221287e+02
     vertex  5.239168e+01  2.500000e+00  1.221287e+02
   endloop
 endfacet
 facet normal  9.607136e-01  0.000000e+00  2.775416e-01
   outer loop
     vertex  5.234782e+01  2.500000e+00  1.222731e+02
     vertex  5.236876e+01 -2.500000e+00  1.222006e+02
     vertex  5.236876e+01  2.500000e+00  1.222006e+02
   endloop
 endfacet
 facet normal  9.607136e-01  0.000000e+00  2.775416e-01
   outer loop
     vertex  5.234782e+01  2.500000e+00  1.222731e+02
     vertex  5.234782e+01 -2.500000e+00  1.222731e+02
     vertex  5.236876e+01 -2.500000e+00  1.222006e+02
   endloop
 endfacet
 facet normal  9.679661e-01  0.000000e+00  2.510809e-01
   outer loop
     vertex  5.232887e+01  2.500000e+00  1.223461e+02
     vertex  5.234782e+01 -2.500000e+00  1.222731e+02
     vertex  5.234782e+01  2.500000e+00  1.222731e+02
   endloop
 endfacet
 facet normal  9.679661e-01  0.000000e+00  2.510809e-01
   outer loop
     vertex  5.232887e+01  2.500000e+00  1.223461e+02
     vertex  5.232887e+01 -2.500000e+00  1.223461e+02
     vertex  5.234782e+01 -2.500000e+00  1.222731e+02
   endloop
 endfacet
 facet normal  9.744899e-01  0.000000e+00  2.244312e-01
   outer loop
     vertex  5.231194e+01  2.500000e+00  1.224196e+02
     vertex  5.232887e+01 -2.500000e+00  1.223461e+02
     vertex  5.232887e+01  2.500000e+00  1.223461e+02
   endloop
 endfacet
 facet normal  9.744899e-01  0.000000e+00  2.244312e-01
   outer loop
     vertex  5.231194e+01  2.500000e+00  1.224196e+02
     vertex  5.231194e+01 -2.500000e+00  1.224196e+02
     vertex  5.232887e+01 -2.500000e+00  1.223461e+02
   endloop
 endfacet
 facet normal  9.802802e-01  0.000000e+00  1.976125e-01
   outer loop
     vertex  5.229703e+01  2.500000e+00  1.224936e+02
     vertex  5.231194e+01 -2.500000e+00  1.224196e+02
     vertex  5.231194e+01  2.500000e+00  1.224196e+02
   endloop
 endfacet
 facet normal  9.802802e-01  0.000000e+00  1.976125e-01
   outer loop
     vertex  5.229703e+01  2.500000e+00  1.224936e+02
     vertex  5.229703e+01 -2.500000e+00  1.224936e+02
     vertex  5.231194e+01 -2.500000e+00  1.224196e+02
   endloop
 endfacet
 facet normal  9.853326e-01  0.000000e+00  1.706451e-01
   outer loop
     vertex  5.228415e+01  2.500000e+00  1.225679e+02
     vertex  5.229703e+01 -2.500000e+00  1.224936e+02
     vertex  5.229703e+01  2.500000e+00  1.224936e+02
   endloop
 endfacet
 facet normal  9.853326e-01  0.000000e+00  1.706451e-01
   outer loop
     vertex  5.228415e+01  2.500000e+00  1.225679e+02
     vertex  5.228415e+01 -2.500000e+00  1.225679e+02
     vertex  5.229703e+01 -2.500000e+00  1.224936e+02
   endloop
 endfacet
 facet normal  9.896432e-01  0.000000e+00  1.435492e-01
   outer loop
     vertex  5.227332e+01  2.500000e+00  1.226426e+02
     vertex  5.228415e+01 -2.500000e+00  1.225679e+02
     vertex  5.228415e+01  2.500000e+00  1.225679e+02
   endloop
 endfacet
 facet normal  9.896432e-01  0.000000e+00  1.435492e-01
   outer loop
     vertex  5.227332e+01  2.500000e+00  1.226426e+02
     vertex  5.227332e+01 -2.500000e+00  1.226426e+02
     vertex  5.228415e+01 -2.500000e+00  1.225679e+02
   endloop
 endfacet
 facet normal  9.932088e-01  0.000000e+00  1.163452e-01
   outer loop
     vertex  5.226454e+01  2.500000e+00  1.227175e+02
     vertex  5.227332e+01 -2.500000e+00  1.226426e+02
     vertex  5.227332e+01  2.500000e+00  1.226426e+02
   endloop
 endfacet
 facet normal  9.932088e-01  0.000000e+00  1.163452e-01
   outer loop
     vertex  5.226454e+01  2.500000e+00  1.227175e+02
     vertex  5.226454e+01 -2.500000e+00  1.227175e+02
     vertex  5.227332e+01 -2.500000e+00  1.226426e+02
   endloop
 endfacet
 facet normal  9.960268e-01  0.000000e+00  8.905371e-02
   outer loop
     vertex  5.225782e+01  2.500000e+00  1.227927e+02
     vertex  5.226454e+01 -2.500000e+00  1.227175e+02
     vertex  5.226454e+01  2.500000e+00  1.227175e+02
   endloop
 endfacet
 facet normal  9.960268e-01  0.000000e+00  8.905371e-02
   outer loop
     vertex  5.225782e+01  2.500000e+00  1.227927e+02
     vertex  5.225782e+01 -2.500000e+00  1.227927e+02
     vertex  5.226454e+01 -2.500000e+00  1.227175e+02
   endloop
 endfacet
 facet normal  9.980950e-01  0.000000e+00  6.169515e-02
   outer loop
     vertex  5.225317e+01  2.500000e+00  1.228680e+02
     vertex  5.225782e+01 -2.500000e+00  1.227927e+02
     vertex  5.225782e+01  2.500000e+00  1.227927e+02
   endloop
 endfacet
 facet normal  9.980950e-01  0.000000e+00  6.169515e-02
   outer loop
     vertex  5.225317e+01  2.500000e+00  1.228680e+02
     vertex  5.225317e+01 -2.500000e+00  1.228680e+02
     vertex  5.225782e+01 -2.500000e+00  1.227927e+02
   endloop
 endfacet
 facet normal  9.994119e-01  0.000000e+00  3.429014e-02
   outer loop
     vertex  5.225058e+01  2.500000e+00  1.229434e+02
     vertex  5.225317e+01 -2.500000e+00  1.228680e+02
     vertex  5.225317e+01  2.500000e+00  1.228680e+02
   endloop
 endfacet
 facet normal  9.994119e-01  0.000000e+00  3.429014e-02
   outer loop
     vertex  5.225058e+01  2.500000e+00  1.229434e+02
     vertex  5.225058e+01 -2.500000e+00  1.229434e+02
     vertex  5.225317e+01 -2.500000e+00  1.228680e+02
   endloop
 endfacet
 facet normal  9.999765e-01  0.000000e+00  6.859319e-03
   outer loop
     vertex  5.225058e+01  2.500000e+00  1.229434e+02
     vertex  5.225006e+01 -2.500000e+00  1.230189e+02
     vertex  5.225058e+01 -2.500000e+00  1.229434e+02
   endloop
 endfacet
 facet normal  9.999765e-01  0.000000e+00  6.859319e-03
   outer loop
     vertex  5.225006e+01  2.500000e+00  1.230189e+02
     vertex  5.225006e+01 -2.500000e+00  1.230189e+02
     vertex  5.225058e+01  2.500000e+00  1.229434e+02
   endloop
 endfacet
 facet normal  9.997883e-01  0.000000e+00 -2.057667e-02
   outer loop
     vertex  5.225006e+01  2.500000e+00  1.230189e+02
     vertex  5.225162e+01 -2.500000e+00  1.230943e+02
     vertex  5.225006e+01 -2.500000e+00  1.230189e+02
   endloop
 endfacet
 facet normal  9.997883e-01  0.000000e+00 -2.057667e-02
   outer loop
     vertex  5.225162e+01  2.500000e+00  1.230943e+02
     vertex  5.225162e+01 -2.500000e+00  1.230943e+02
     vertex  5.225006e+01  2.500000e+00  1.230189e+02
   endloop
 endfacet
 facet normal  9.988475e-01  0.000000e+00 -4.799716e-02
   outer loop
     vertex  5.225524e+01  2.500000e+00  1.231697e+02
     vertex  5.225524e+01 -2.500000e+00  1.231697e+02
     vertex  5.225162e+01 -2.500000e+00  1.230943e+02
   endloop
 endfacet
 facet normal  9.988475e-01  0.000000e+00 -4.799716e-02
   outer loop
     vertex  5.225524e+01  2.500000e+00  1.231697e+02
     vertex  5.225162e+01 -2.500000e+00  1.230943e+02
     vertex  5.225162e+01  2.500000e+00  1.230943e+02
   endloop
 endfacet
 facet normal  9.971548e-01  0.000000e+00 -7.538152e-02
   outer loop
     vertex  5.226093e+01  2.500000e+00  1.232449e+02
     vertex  5.226093e+01 -2.500000e+00  1.232449e+02
     vertex  5.225524e+01 -2.500000e+00  1.231697e+02
   endloop
 endfacet
 facet normal  9.971548e-01  0.000000e+00 -7.538152e-02
   outer loop
     vertex  5.226093e+01  2.500000e+00  1.232449e+02
     vertex  5.225524e+01 -2.500000e+00  1.231697e+02
     vertex  5.225524e+01  2.500000e+00  1.231697e+02
   endloop
 endfacet
 facet normal  9.947114e-01  0.000000e+00 -1.027091e-01
   outer loop
     vertex  5.226868e+01  2.500000e+00  1.233199e+02
     vertex  5.226868e+01 -2.500000e+00  1.233199e+02
     vertex  5.226093e+01 -2.500000e+00  1.232449e+02
   endloop
 endfacet
 facet normal  9.947114e-01  0.000000e+00 -1.027091e-01
   outer loop
     vertex  5.226868e+01  2.500000e+00  1.233199e+02
     vertex  5.226093e+01 -2.500000e+00  1.232449e+02
     vertex  5.226093e+01  2.500000e+00  1.232449e+02
   endloop
 endfacet
 facet normal  9.915193e-01  0.000000e+00 -1.299594e-01
   outer loop
     vertex  5.227848e+01  2.500000e+00  1.233948e+02
     vertex  5.227848e+01 -2.500000e+00  1.233948e+02
     vertex  5.226868e+01 -2.500000e+00  1.233199e+02
   endloop
 endfacet
 facet normal  9.915193e-01  0.000000e+00 -1.299594e-01
   outer loop
     vertex  5.227848e+01  2.500000e+00  1.233948e+02
     vertex  5.226868e+01 -2.500000e+00  1.233199e+02
     vertex  5.226868e+01  2.500000e+00  1.233199e+02
   endloop
 endfacet
 facet normal  9.875808e-01  0.000000e+00 -1.571119e-01
   outer loop
     vertex  5.229034e+01  2.500000e+00  1.234693e+02
     vertex  5.229034e+01 -2.500000e+00  1.234693e+02
     vertex  5.227848e+01 -2.500000e+00  1.233948e+02
   endloop
 endfacet
 facet normal  9.875808e-01  0.000000e+00 -1.571119e-01
   outer loop
     vertex  5.229034e+01  2.500000e+00  1.234693e+02
     vertex  5.227848e+01 -2.500000e+00  1.233948e+02
     vertex  5.227848e+01  2.500000e+00  1.233948e+02
   endloop
 endfacet
 facet normal  9.828989e-01  0.000000e+00 -1.841461e-01
   outer loop
     vertex  5.230423e+01  2.500000e+00  1.235434e+02
     vertex  5.230423e+01 -2.500000e+00  1.235434e+02
     vertex  5.229034e+01 -2.500000e+00  1.234693e+02
   endloop
 endfacet
 facet normal  9.828989e-01  0.000000e+00 -1.841461e-01
   outer loop
     vertex  5.230423e+01  2.500000e+00  1.235434e+02
     vertex  5.229034e+01 -2.500000e+00  1.234693e+02
     vertex  5.229034e+01  2.500000e+00  1.234693e+02
   endloop
 endfacet
 facet normal  9.774771e-01  0.000000e+00 -2.110417e-01
   outer loop
     vertex  5.232015e+01  2.500000e+00  1.236172e+02
     vertex  5.232015e+01 -2.500000e+00  1.236172e+02
     vertex  5.230423e+01 -2.500000e+00  1.235434e+02
   endloop
 endfacet
 facet normal  9.774771e-01  0.000000e+00 -2.110417e-01
   outer loop
     vertex  5.232015e+01  2.500000e+00  1.236172e+02
     vertex  5.230423e+01 -2.500000e+00  1.235434e+02
     vertex  5.230423e+01  2.500000e+00  1.235434e+02
   endloop
 endfacet
 facet normal  9.713194e-01  0.000000e+00 -2.377784e-01
   outer loop
     vertex  5.233809e+01  2.500000e+00  1.236905e+02
     vertex  5.233809e+01 -2.500000e+00  1.236905e+02
     vertex  5.232015e+01 -2.500000e+00  1.236172e+02
   endloop
 endfacet
 facet normal  9.713194e-01  0.000000e+00 -2.377784e-01
   outer loop
     vertex  5.233809e+01  2.500000e+00  1.236905e+02
     vertex  5.232015e+01 -2.500000e+00  1.236172e+02
     vertex  5.232015e+01  2.500000e+00  1.236172e+02
   endloop
 endfacet
 facet normal  9.644306e-01  0.000000e+00 -2.643362e-01
   outer loop
     vertex  5.235804e+01  2.500000e+00  1.237632e+02
     vertex  5.235804e+01 -2.500000e+00  1.237632e+02
     vertex  5.233809e+01 -2.500000e+00  1.236905e+02
   endloop
 endfacet
 facet normal  9.644306e-01  0.000000e+00 -2.643362e-01
   outer loop
     vertex  5.235804e+01  2.500000e+00  1.237632e+02
     vertex  5.233809e+01 -2.500000e+00  1.236905e+02
     vertex  5.233809e+01  2.500000e+00  1.236905e+02
   endloop
 endfacet
 facet normal  9.568158e-01  0.000000e+00 -2.906949e-01
   outer loop
     vertex  5.237997e+01  2.500000e+00  1.238354e+02
     vertex  5.237997e+01 -2.500000e+00  1.238354e+02
     vertex  5.235804e+01 -2.500000e+00  1.237632e+02
   endloop
 endfacet
 facet normal  9.568158e-01  0.000000e+00 -2.906949e-01
   outer loop
     vertex  5.237997e+01  2.500000e+00  1.238354e+02
     vertex  5.235804e+01 -2.500000e+00  1.237632e+02
     vertex  5.235804e+01  2.500000e+00  1.237632e+02
   endloop
 endfacet
 facet normal  9.484807e-01  0.000000e+00 -3.168348e-01
   outer loop
     vertex  5.240388e+01  2.500000e+00  1.239070e+02
     vertex  5.240388e+01 -2.500000e+00  1.239070e+02
     vertex  5.237997e+01 -2.500000e+00  1.238354e+02
   endloop
 endfacet
 facet normal  9.394317e-01  0.000000e+00 -3.427362e-01
   outer loop
     vertex  5.240388e+01  2.500000e+00  1.239070e+02
     vertex  5.242974e+01 -2.500000e+00  1.239779e+02
     vertex  5.240388e+01 -2.500000e+00  1.239070e+02
   endloop
 endfacet
 facet normal  9.484807e-01  0.000000e+00 -3.168348e-01
   outer loop
     vertex  5.240388e+01  2.500000e+00  1.239070e+02
     vertex  5.237997e+01 -2.500000e+00  1.238354e+02
     vertex  5.237997e+01  2.500000e+00  1.238354e+02
   endloop
 endfacet
 facet normal  9.296754e-01  0.000000e+00 -3.683796e-01
   outer loop
     vertex  5.242974e+01  2.500000e+00  1.239779e+02
     vertex  5.245753e+01 -2.500000e+00  1.240480e+02
     vertex  5.242974e+01 -2.500000e+00  1.239779e+02
   endloop
 endfacet
 facet normal  9.394317e-01  0.000000e+00 -3.427362e-01
   outer loop
     vertex  5.242974e+01  2.500000e+00  1.239779e+02
     vertex  5.242974e+01 -2.500000e+00  1.239779e+02
     vertex  5.240388e+01  2.500000e+00  1.239070e+02
   endloop
 endfacet
 facet normal  9.296754e-01  0.000000e+00 -3.683796e-01
   outer loop
     vertex  5.245753e+01  2.500000e+00  1.240480e+02
     vertex  5.245753e+01 -2.500000e+00  1.240480e+02
     vertex  5.242974e+01  2.500000e+00  1.239779e+02
   endloop
 endfacet
 facet normal  9.192194e-01  0.000000e+00 -3.937458e-01
   outer loop
     vertex  5.248724e+01  2.500000e+00  1.241174e+02
     vertex  5.245753e+01 -2.500000e+00  1.240480e+02
     vertex  5.245753e+01  2.500000e+00  1.240480e+02
   endloop
 endfacet
 facet normal  9.192194e-01  0.000000e+00 -3.937458e-01
   outer loop
     vertex  5.248724e+01  2.500000e+00  1.241174e+02
     vertex  5.248724e+01 -2.500000e+00  1.241174e+02
     vertex  5.245753e+01 -2.500000e+00  1.240480e+02
   endloop
 endfacet
 facet normal  9.080714e-01  0.000000e+00 -4.188155e-01
   outer loop
     vertex  5.248724e+01  2.500000e+00  1.241174e+02
     vertex  5.251884e+01 -2.500000e+00  1.241859e+02
     vertex  5.248724e+01 -2.500000e+00  1.241174e+02
   endloop
 endfacet
 facet normal  9.080714e-01  0.000000e+00 -4.188155e-01
   outer loop
     vertex  5.251884e+01  2.500000e+00  1.241859e+02
     vertex  5.251884e+01 -2.500000e+00  1.241859e+02
     vertex  5.248724e+01  2.500000e+00  1.241174e+02
   endloop
 endfacet
 facet normal  8.962398e-01  0.000000e+00 -4.435699e-01
   outer loop
     vertex  5.255231e+01  2.500000e+00  1.242535e+02
     vertex  5.255231e+01 -2.500000e+00  1.242535e+02
     vertex  5.251884e+01 -2.500000e+00  1.241859e+02
   endloop
 endfacet
 facet normal  8.837335e-01  0.000000e+00 -4.679904e-01
   outer loop
     vertex  5.255231e+01  2.500000e+00  1.242535e+02
     vertex  5.258762e+01 -2.500000e+00  1.243202e+02
     vertex  5.255231e+01 -2.500000e+00  1.242535e+02
   endloop
 endfacet
 facet normal  8.962398e-01  0.000000e+00 -4.435699e-01
   outer loop
     vertex  5.255231e+01  2.500000e+00  1.242535e+02
     vertex  5.251884e+01 -2.500000e+00  1.241859e+02
     vertex  5.251884e+01  2.500000e+00  1.241859e+02
   endloop
 endfacet
 facet normal  8.837335e-01  0.000000e+00 -4.679904e-01
   outer loop
     vertex  5.258762e+01  2.500000e+00  1.243202e+02
     vertex  5.258762e+01 -2.500000e+00  1.243202e+02
     vertex  5.255231e+01  2.500000e+00  1.242535e+02
   endloop
 endfacet
 facet normal  8.705620e-01  0.000000e+00 -4.920587e-01
   outer loop
     vertex  5.262474e+01  2.500000e+00  1.243859e+02
     vertex  5.262474e+01 -2.500000e+00  1.243859e+02
     vertex  5.258762e+01 -2.500000e+00  1.243202e+02
   endloop
 endfacet
 facet normal  8.705620e-01  0.000000e+00 -4.920587e-01
   outer loop
     vertex  5.262474e+01  2.500000e+00  1.243859e+02
     vertex  5.258762e+01 -2.500000e+00  1.243202e+02
     vertex  5.258762e+01  2.500000e+00  1.243202e+02
   endloop
 endfacet
 facet normal  8.567352e-01  0.000000e+00 -5.157565e-01
   outer loop
     vertex  5.262474e+01  2.500000e+00  1.243859e+02
     vertex  5.266366e+01 -2.500000e+00  1.244505e+02
     vertex  5.262474e+01 -2.500000e+00  1.243859e+02
   endloop
 endfacet
 facet normal  8.567352e-01  0.000000e+00 -5.157565e-01
   outer loop
     vertex  5.266366e+01  2.500000e+00  1.244505e+02
     vertex  5.266366e+01 -2.500000e+00  1.244505e+02
     vertex  5.262474e+01  2.500000e+00  1.243859e+02
   endloop
 endfacet
 facet normal  8.422635e-01  0.000000e+00 -5.390661e-01
   outer loop
     vertex  5.266366e+01  2.500000e+00  1.244505e+02
     vertex  5.270433e+01 -2.500000e+00  1.245141e+02
     vertex  5.266366e+01 -2.500000e+00  1.244505e+02
   endloop
 endfacet
 facet normal  8.271577e-01  0.000000e+00 -5.619699e-01
   outer loop
     vertex  5.270433e+01  2.500000e+00  1.245141e+02
     vertex  5.274673e+01 -2.500000e+00  1.245765e+02
     vertex  5.270433e+01 -2.500000e+00  1.245141e+02
   endloop
 endfacet
 facet normal  8.422635e-01  0.000000e+00 -5.390661e-01
   outer loop
     vertex  5.270433e+01  2.500000e+00  1.245141e+02
     vertex  5.270433e+01 -2.500000e+00  1.245141e+02
     vertex  5.266366e+01  2.500000e+00  1.244505e+02
   endloop
 endfacet
 facet normal  8.271577e-01  0.000000e+00 -5.619699e-01
   outer loop
     vertex  5.274673e+01  2.500000e+00  1.245765e+02
     vertex  5.274673e+01 -2.500000e+00  1.245765e+02
     vertex  5.270433e+01  2.500000e+00  1.245141e+02
   endloop
 endfacet
 facet normal  8.114292e-01  0.000000e+00 -5.844507e-01
   outer loop
     vertex  5.279083e+01  2.500000e+00  1.246377e+02
     vertex  5.279083e+01 -2.500000e+00  1.246377e+02
     vertex  5.274673e+01 -2.500000e+00  1.245765e+02
   endloop
 endfacet
 facet normal  7.950900e-01  0.000000e+00 -6.064915e-01
   outer loop
     vertex  5.279083e+01  2.500000e+00  1.246377e+02
     vertex  5.283659e+01 -2.500000e+00  1.246977e+02
     vertex  5.279083e+01 -2.500000e+00  1.246377e+02
   endloop
 endfacet
 facet normal  8.114292e-01  0.000000e+00 -5.844507e-01
   outer loop
     vertex  5.279083e+01  2.500000e+00  1.246377e+02
     vertex  5.274673e+01 -2.500000e+00  1.245765e+02
     vertex  5.274673e+01  2.500000e+00  1.245765e+02
   endloop
 endfacet
 facet normal  7.950900e-01  0.000000e+00 -6.064915e-01
   outer loop
     vertex  5.283659e+01  2.500000e+00  1.246977e+02
     vertex  5.283659e+01 -2.500000e+00  1.246977e+02
     vertex  5.279083e+01  2.500000e+00  1.246377e+02
   endloop
 endfacet
 facet normal  7.781522e-01  0.000000e+00 -6.280757e-01
   outer loop
     vertex  5.288398e+01  2.500000e+00  1.247564e+02
     vertex  5.288398e+01 -2.500000e+00  1.247564e+02
     vertex  5.283659e+01 -2.500000e+00  1.246977e+02
   endloop
 endfacet
 facet normal  7.781522e-01  0.000000e+00 -6.280757e-01
   outer loop
     vertex  5.288398e+01  2.500000e+00  1.247564e+02
     vertex  5.283659e+01 -2.500000e+00  1.246977e+02
     vertex  5.283659e+01  2.500000e+00  1.246977e+02
   endloop
 endfacet
 facet normal  7.606287e-01  0.000000e+00 -6.491872e-01
   outer loop
     vertex  5.293296e+01  2.500000e+00  1.248138e+02
     vertex  5.293296e+01 -2.500000e+00  1.248138e+02
     vertex  5.288398e+01 -2.500000e+00  1.247564e+02
   endloop
 endfacet
 facet normal  7.606287e-01  0.000000e+00 -6.491872e-01
   outer loop
     vertex  5.293296e+01  2.500000e+00  1.248138e+02
     vertex  5.288398e+01 -2.500000e+00  1.247564e+02
     vertex  5.288398e+01  2.500000e+00  1.247564e+02
   endloop
 endfacet
 facet normal  7.425325e-01  0.000000e+00 -6.698100e-01
   outer loop
     vertex  5.298350e+01  2.500000e+00  1.248698e+02
     vertex  5.298350e+01 -2.500000e+00  1.248698e+02
     vertex  5.293296e+01 -2.500000e+00  1.248138e+02
   endloop
 endfacet
 facet normal  7.238775e-01  0.000000e+00 -6.899286e-01
   outer loop
     vertex  5.298350e+01  2.500000e+00  1.248698e+02
     vertex  5.303555e+01 -2.500000e+00  1.249244e+02
     vertex  5.298350e+01 -2.500000e+00  1.248698e+02
   endloop
 endfacet
 facet normal  7.425325e-01  0.000000e+00 -6.698100e-01
   outer loop
     vertex  5.298350e+01  2.500000e+00  1.248698e+02
     vertex  5.293296e+01 -2.500000e+00  1.248138e+02
     vertex  5.293296e+01  2.500000e+00  1.248138e+02
   endloop
 endfacet
 facet normal  7.238775e-01  0.000000e+00 -6.899286e-01
   outer loop
     vertex  5.303555e+01  2.500000e+00  1.249244e+02
     vertex  5.303555e+01 -2.500000e+00  1.249244e+02
     vertex  5.298350e+01  2.500000e+00  1.248698e+02
   endloop
 endfacet
 facet normal  7.046775e-01  0.000000e+00 -7.095278e-01
   outer loop
     vertex  5.308909e+01  2.500000e+00  1.249776e+02
     vertex  5.308909e+01 -2.500000e+00  1.249776e+02
     vertex  5.303555e+01 -2.500000e+00  1.249244e+02
   endloop
 endfacet
 facet normal  7.046775e-01  0.000000e+00 -7.095278e-01
   outer loop
     vertex  5.308909e+01  2.500000e+00  1.249776e+02
     vertex  5.303555e+01 -2.500000e+00  1.249244e+02
     vertex  5.303555e+01  2.500000e+00  1.249244e+02
   endloop
 endfacet
 facet normal  6.849470e-01  0.000000e+00 -7.285929e-01
   outer loop
     vertex  5.314406e+01  2.500000e+00  1.250293e+02
     vertex  5.314406e+01 -2.500000e+00  1.250293e+02
     vertex  5.308909e+01 -2.500000e+00  1.249776e+02
   endloop
 endfacet
 facet normal  6.849470e-01  0.000000e+00 -7.285929e-01
   outer loop
     vertex  5.314406e+01  2.500000e+00  1.250293e+02
     vertex  5.308909e+01 -2.500000e+00  1.249776e+02
     vertex  5.308909e+01  2.500000e+00  1.249776e+02
   endloop
 endfacet
 facet normal  6.647010e-01  0.000000e+00 -7.471095e-01
   outer loop
     vertex  5.320043e+01  2.500000e+00  1.250794e+02
     vertex  5.320043e+01 -2.500000e+00  1.250794e+02
     vertex  5.314406e+01 -2.500000e+00  1.250293e+02
   endloop
 endfacet
 facet normal  6.647010e-01  0.000000e+00 -7.471095e-01
   outer loop
     vertex  5.320043e+01  2.500000e+00  1.250794e+02
     vertex  5.314406e+01 -2.500000e+00  1.250293e+02
     vertex  5.314406e+01  2.500000e+00  1.250293e+02
   endloop
 endfacet
 facet normal  6.439545e-01  0.000000e+00 -7.650637e-01
   outer loop
     vertex  5.325815e+01  2.500000e+00  1.251280e+02
     vertex  5.325815e+01 -2.500000e+00  1.251280e+02
     vertex  5.320043e+01 -2.500000e+00  1.250794e+02
   endloop
 endfacet
 facet normal  6.227234e-01  0.000000e+00 -7.824421e-01
   outer loop
     vertex  5.325815e+01  2.500000e+00  1.251280e+02
     vertex  5.331719e+01 -2.500000e+00  1.251750e+02
     vertex  5.325815e+01 -2.500000e+00  1.251280e+02
   endloop
 endfacet
 facet normal  6.439545e-01  0.000000e+00 -7.650637e-01
   outer loop
     vertex  5.325815e+01  2.500000e+00  1.251280e+02
     vertex  5.320043e+01 -2.500000e+00  1.250794e+02
     vertex  5.320043e+01  2.500000e+00  1.250794e+02
   endloop
 endfacet
 facet normal  6.227234e-01  0.000000e+00 -7.824421e-01
   outer loop
     vertex  5.331719e+01  2.500000e+00  1.251750e+02
     vertex  5.331719e+01 -2.500000e+00  1.251750e+02
     vertex  5.325815e+01  2.500000e+00  1.251280e+02
   endloop
 endfacet
 facet normal  6.010234e-01  0.000000e+00 -7.992314e-01
   outer loop
     vertex  5.337749e+01  2.500000e+00  1.252204e+02
     vertex  5.337749e+01 -2.500000e+00  1.252204e+02
     vertex  5.331719e+01 -2.500000e+00  1.251750e+02
   endloop
 endfacet
 facet normal  6.010234e-01  0.000000e+00 -7.992314e-01
   outer loop
     vertex  5.337749e+01  2.500000e+00  1.252204e+02
     vertex  5.331719e+01 -2.500000e+00  1.251750e+02
     vertex  5.331719e+01  2.500000e+00  1.251750e+02
   endloop
 endfacet
 facet normal  5.788711e-01  0.000000e+00 -8.154191e-01
   outer loop
     vertex  5.343902e+01  2.500000e+00  1.252640e+02
     vertex  5.343902e+01 -2.500000e+00  1.252640e+02
     vertex  5.337749e+01 -2.500000e+00  1.252204e+02
   endloop
 endfacet
 facet normal  5.788711e-01  0.000000e+00 -8.154191e-01
   outer loop
     vertex  5.343902e+01  2.500000e+00  1.252640e+02
     vertex  5.337749e+01 -2.500000e+00  1.252204e+02
     vertex  5.337749e+01  2.500000e+00  1.252204e+02
   endloop
 endfacet
 facet normal  5.562829e-01  0.000000e+00 -8.309929e-01
   outer loop
     vertex  5.350172e+01  2.500000e+00  1.253060e+02
     vertex  5.350172e+01 -2.500000e+00  1.253060e+02
     vertex  5.343902e+01 -2.500000e+00  1.252640e+02
   endloop
 endfacet
 facet normal  5.562829e-01  0.000000e+00 -8.309929e-01
   outer loop
     vertex  5.350172e+01  2.500000e+00  1.253060e+02
     vertex  5.343902e+01 -2.500000e+00  1.252640e+02
     vertex  5.343902e+01  2.500000e+00  1.252640e+02
   endloop
 endfacet
 facet normal  5.332761e-01  0.000000e+00 -8.459413e-01
   outer loop
     vertex  5.356554e+01  2.500000e+00  1.253462e+02
     vertex  5.356554e+01 -2.500000e+00  1.253462e+02
     vertex  5.350172e+01 -2.500000e+00  1.253060e+02
   endloop
 endfacet
 facet normal  5.332761e-01  0.000000e+00 -8.459413e-01
   outer loop
     vertex  5.356554e+01  2.500000e+00  1.253462e+02
     vertex  5.350172e+01 -2.500000e+00  1.253060e+02
     vertex  5.350172e+01  2.500000e+00  1.253060e+02
   endloop
 endfacet
 facet normal  5.098678e-01  0.000000e+00 -8.602528e-01
   outer loop
     vertex  5.363045e+01  2.500000e+00  1.253847e+02
     vertex  5.363045e+01 -2.500000e+00  1.253847e+02
     vertex  5.356554e+01 -2.500000e+00  1.253462e+02
   endloop
 endfacet
 facet normal  4.860756e-01  0.000000e+00 -8.739167e-01
   outer loop
     vertex  5.363045e+01  2.500000e+00  1.253847e+02
     vertex  5.369639e+01 -2.500000e+00  1.254214e+02
     vertex  5.363045e+01 -2.500000e+00  1.253847e+02
   endloop
 endfacet
 facet normal  5.098678e-01  0.000000e+00 -8.602528e-01
   outer loop
     vertex  5.363045e+01  2.500000e+00  1.253847e+02
     vertex  5.356554e+01 -2.500000e+00  1.253462e+02
     vertex  5.356554e+01  2.500000e+00  1.253462e+02
   endloop
 endfacet
 facet normal  4.619176e-01  0.000000e+00 -8.869228e-01
   outer loop
     vertex  5.369639e+01  2.500000e+00  1.254214e+02
     vertex  5.376331e+01 -2.500000e+00  1.254562e+02
     vertex  5.369639e+01 -2.500000e+00  1.254214e+02
   endloop
 endfacet
 facet normal  4.860756e-01  0.000000e+00 -8.739167e-01
   outer loop
     vertex  5.369639e+01  2.500000e+00  1.254214e+02
     vertex  5.369639e+01 -2.500000e+00  1.254214e+02
     vertex  5.363045e+01  2.500000e+00  1.253847e+02
   endloop
 endfacet
 facet normal  4.619176e-01  0.000000e+00 -8.869228e-01
   outer loop
     vertex  5.376331e+01  2.500000e+00  1.254562e+02
     vertex  5.376331e+01 -2.500000e+00  1.254562e+02
     vertex  5.369639e+01  2.500000e+00  1.254214e+02
   endloop
 endfacet
 facet normal  4.374119e-01  0.000000e+00 -8.992613e-01
   outer loop
     vertex  5.376331e+01  2.500000e+00  1.254562e+02
     vertex  5.383116e+01 -2.500000e+00  1.254892e+02
     vertex  5.376331e+01 -2.500000e+00  1.254562e+02
   endloop
 endfacet
 facet normal  4.374119e-01  0.000000e+00 -8.992613e-01
   outer loop
     vertex  5.383116e+01  2.500000e+00  1.254892e+02
     vertex  5.383116e+01 -2.500000e+00  1.254892e+02
     vertex  5.376331e+01  2.500000e+00  1.254562e+02
   endloop
 endfacet
 facet normal  4.125769e-01  0.000000e+00 -9.109228e-01
   outer loop
     vertex  5.389989e+01  2.500000e+00  1.255204e+02
     vertex  5.383116e+01 -2.500000e+00  1.254892e+02
     vertex  5.383116e+01  2.500000e+00  1.254892e+02
   endloop
 endfacet
 facet normal  4.125769e-01  0.000000e+00 -9.109228e-01
   outer loop
     vertex  5.389989e+01  2.500000e+00  1.255204e+02
     vertex  5.389989e+01 -2.500000e+00  1.255204e+02
     vertex  5.383116e+01 -2.500000e+00  1.254892e+02
   endloop
 endfacet
 facet normal  3.874313e-01  0.000000e+00 -9.218986e-01
   outer loop
     vertex  5.396944e+01  2.500000e+00  1.255496e+02
     vertex  5.389989e+01 -2.500000e+00  1.255204e+02
     vertex  5.389989e+01  2.500000e+00  1.255204e+02
   endloop
 endfacet
 facet normal  3.874313e-01  0.000000e+00 -9.218986e-01
   outer loop
     vertex  5.396944e+01  2.500000e+00  1.255496e+02
     vertex  5.396944e+01 -2.500000e+00  1.255496e+02
     vertex  5.389989e+01 -2.500000e+00  1.255204e+02
   endloop
 endfacet
 facet normal  3.619940e-01  0.000000e+00 -9.321804e-01
   outer loop
     vertex  5.403978e+01  2.500000e+00  1.255769e+02
     vertex  5.396944e+01 -2.500000e+00  1.255496e+02
     vertex  5.396944e+01  2.500000e+00  1.255496e+02
   endloop
 endfacet
 facet normal  3.619940e-01  0.000000e+00 -9.321804e-01
   outer loop
     vertex  5.403978e+01  2.500000e+00  1.255769e+02
     vertex  5.403978e+01 -2.500000e+00  1.255769e+02
     vertex  5.396944e+01 -2.500000e+00  1.255496e+02
   endloop
 endfacet
 facet normal  3.362843e-01  0.000000e+00 -9.417605e-01
   outer loop
     vertex  5.403978e+01  2.500000e+00  1.255769e+02
     vertex  5.411083e+01 -2.500000e+00  1.256023e+02
     vertex  5.403978e+01 -2.500000e+00  1.255769e+02
   endloop
 endfacet
 facet normal  3.362843e-01  0.000000e+00 -9.417605e-01
   outer loop
     vertex  5.411083e+01  2.500000e+00  1.256023e+02
     vertex  5.411083e+01 -2.500000e+00  1.256023e+02
     vertex  5.403978e+01  2.500000e+00  1.255769e+02
   endloop
 endfacet
 facet normal  3.103214e-01  0.000000e+00 -9.506317e-01
   outer loop
     vertex  5.418256e+01  2.500000e+00  1.256257e+02
     vertex  5.411083e+01 -2.500000e+00  1.256023e+02
     vertex  5.411083e+01  2.500000e+00  1.256023e+02
   endloop
 endfacet
 facet normal  3.103214e-01  0.000000e+00 -9.506317e-01
   outer loop
     vertex  5.418256e+01  2.500000e+00  1.256257e+02
     vertex  5.418256e+01 -2.500000e+00  1.256257e+02
     vertex  5.411083e+01 -2.500000e+00  1.256023e+02
   endloop
 endfacet
 facet normal  2.841250e-01  0.000000e+00 -9.587873e-01
   outer loop
     vertex  5.425490e+01  2.500000e+00  1.256471e+02
     vertex  5.418256e+01 -2.500000e+00  1.256257e+02
     vertex  5.418256e+01  2.500000e+00  1.256257e+02
   endloop
 endfacet
 facet normal  2.841250e-01  0.000000e+00 -9.587873e-01
   outer loop
     vertex  5.425490e+01  2.500000e+00  1.256471e+02
     vertex  5.425490e+01 -2.500000e+00  1.256471e+02
     vertex  5.418256e+01 -2.500000e+00  1.256257e+02
   endloop
 endfacet
 facet normal  2.577146e-01  0.000000e+00 -9.662211e-01
   outer loop
     vertex  5.425490e+01  2.500000e+00  1.256471e+02
     vertex  5.432780e+01 -2.500000e+00  1.256666e+02
     vertex  5.425490e+01 -2.500000e+00  1.256471e+02
   endloop
 endfacet
 facet normal  2.577146e-01  0.000000e+00 -9.662211e-01
   outer loop
     vertex  5.432780e+01  2.500000e+00  1.256666e+02
     vertex  5.432780e+01 -2.500000e+00  1.256666e+02
     vertex  5.425490e+01  2.500000e+00  1.256471e+02
   endloop
 endfacet
 facet normal  2.311102e-01  0.000000e+00 -9.729276e-01
   outer loop
     vertex  5.440121e+01  2.500000e+00  1.256840e+02
     vertex  5.432780e+01 -2.500000e+00  1.256666e+02
     vertex  5.432780e+01  2.500000e+00  1.256666e+02
   endloop
 endfacet
 facet normal  2.311102e-01  0.000000e+00 -9.729276e-01
   outer loop
     vertex  5.440121e+01  2.500000e+00  1.256840e+02
     vertex  5.440121e+01 -2.500000e+00  1.256840e+02
     vertex  5.432780e+01 -2.500000e+00  1.256666e+02
   endloop
 endfacet
 facet normal  2.043319e-01  0.000000e+00 -9.789017e-01
   outer loop
     vertex  5.447507e+01  2.500000e+00  1.256994e+02
     vertex  5.440121e+01 -2.500000e+00  1.256840e+02
     vertex  5.440121e+01  2.500000e+00  1.256840e+02
   endloop
 endfacet
 facet normal  2.043319e-01  0.000000e+00 -9.789017e-01
   outer loop
     vertex  5.447507e+01  2.500000e+00  1.256994e+02
     vertex  5.447507e+01 -2.500000e+00  1.256994e+02
     vertex  5.440121e+01 -2.500000e+00  1.256840e+02
   endloop
 endfacet
 facet normal  1.773998e-01  0.000000e+00 -9.841389e-01
   outer loop
     vertex  5.454932e+01  2.500000e+00  1.257128e+02
     vertex  5.447507e+01 -2.500000e+00  1.256994e+02
     vertex  5.447507e+01  2.500000e+00  1.256994e+02
   endloop
 endfacet
 facet normal  1.773998e-01  0.000000e+00 -9.841389e-01
   outer loop
     vertex  5.454932e+01  2.500000e+00  1.257128e+02
     vertex  5.454932e+01 -2.500000e+00  1.257128e+02
     vertex  5.447507e+01 -2.500000e+00  1.256994e+02
   endloop
 endfacet
 facet normal  1.503341e-01  0.000000e+00 -9.886353e-01
   outer loop
     vertex  5.454932e+01  2.500000e+00  1.257128e+02
     vertex  5.462392e+01 -2.500000e+00  1.257242e+02
     vertex  5.454932e+01 -2.500000e+00  1.257128e+02
   endloop
 endfacet
 facet normal  1.503341e-01  0.000000e+00 -9.886353e-01
   outer loop
     vertex  5.462392e+01  2.500000e+00  1.257242e+02
     vertex  5.462392e+01 -2.500000e+00  1.257242e+02
     vertex  5.454932e+01  2.500000e+00  1.257128e+02
   endloop
 endfacet
 facet normal  1.231552e-01  0.000000e+00 -9.923874e-01
   outer loop
     vertex  5.469879e+01  2.500000e+00  1.257335e+02
     vertex  5.469879e+01 -2.500000e+00  1.257335e+02
     vertex  5.462392e+01 -2.500000e+00  1.257242e+02
   endloop
 endfacet
 facet normal  1.231552e-01  0.000000e+00 -9.923874e-01
   outer loop
     vertex  5.469879e+01  2.500000e+00  1.257335e+02
     vertex  5.462392e+01 -2.500000e+00  1.257242e+02
     vertex  5.462392e+01  2.500000e+00  1.257242e+02
   endloop
 endfacet
 facet normal  9.588368e-02  0.000000e+00 -9.953925e-01
   outer loop
     vertex  5.477390e+01  2.500000e+00  1.257407e+02
     vertex  5.477390e+01 -2.500000e+00  1.257407e+02
     vertex  5.469879e+01 -2.500000e+00  1.257335e+02
   endloop
 endfacet
 facet normal  9.588368e-02  0.000000e+00 -9.953925e-01
   outer loop
     vertex  5.477390e+01  2.500000e+00  1.257407e+02
     vertex  5.469879e+01 -2.500000e+00  1.257335e+02
     vertex  5.469879e+01  2.500000e+00  1.257335e+02
   endloop
 endfacet
 facet normal  6.853995e-02  0.000000e+00 -9.976484e-01
   outer loop
     vertex  5.484917e+01  2.500000e+00  1.257459e+02
     vertex  5.484917e+01 -2.500000e+00  1.257459e+02
     vertex  5.477390e+01 -2.500000e+00  1.257407e+02
   endloop
 endfacet
 facet normal  6.853995e-02  0.000000e+00 -9.976484e-01
   outer loop
     vertex  5.484917e+01  2.500000e+00  1.257459e+02
     vertex  5.477390e+01 -2.500000e+00  1.257407e+02
     vertex  5.477390e+01  2.500000e+00  1.257407e+02
   endloop
 endfacet
 facet normal  4.114462e-02  0.000000e+00 -9.991532e-01
   outer loop
     vertex  5.492456e+01  2.500000e+00  1.257490e+02
     vertex  5.492456e+01 -2.500000e+00  1.257490e+02
     vertex  5.484917e+01 -2.500000e+00  1.257459e+02
   endloop
 endfacet
 facet normal  1.371831e-02  0.000000e+00 -9.999059e-01
   outer loop
     vertex  5.492456e+01  2.500000e+00  1.257490e+02
     vertex  5.500000e+01 -2.500000e+00  1.257500e+02
     vertex  5.492456e+01 -2.500000e+00  1.257490e+02
   endloop
 endfacet
 facet normal  4.114462e-02  0.000000e+00 -9.991532e-01
   outer loop
     vertex  5.492456e+01  2.500000e+00  1.257490e+02
     vertex  5.484917e+01 -2.500000e+00  1.257459e+02
     vertex  5.484917e+01  2.500000e+00  1.257459e+02
   endloop
 endfacet
 facet normal  1.371831e-02  0.000000e+00 -9.999059e-01
   outer loop
     vertex  5.500000e+01  2.500000e+00  1.257500e+02
     vertex  5.500000e+01 -2.500000e+00  1.257500e+02
     vertex  5.492456e+01  2.500000e+00  1.257490e+02
   endloop
 endfacet
endsolid
