solid 
 facet normal  9.999059e-01  1.371831e-02  0.000000e+00
   outer loop
     vertex  3.873460e+01  2.469064e-01  2.310000e+01
     vertex  3.873799e+01  0.000000e+00  2.310000e+01
     vertex  3.873799e+01  0.000000e+00  0.000000e+00
   endloop
 endfacet
 facet normal  9.999059e-01  1.371831e-02  0.000000e+00
   outer loop
     vertex  3.873460e+01  2.469064e-01  2.310000e+01
     vertex  3.873799e+01  0.000000e+00  0.000000e+00
     vertex  3.873460e+01  2.469064e-01  0.000000e+00
   endloop
 endfacet
 facet normal  9.991532e-01  4.114462e-02  0.000000e+00
   outer loop
     vertex  3.872444e+01  4.936270e-01  2.310000e+01
     vertex  3.873460e+01  2.469064e-01  0.000000e+00
     vertex  3.872444e+01  4.936270e-01  0.000000e+00
   endloop
 endfacet
 facet normal  9.991532e-01  4.114462e-02  0.000000e+00
   outer loop
     vertex  3.872444e+01  4.936270e-01  2.310000e+01
     vertex  3.873460e+01  2.469064e-01  2.310000e+01
     vertex  3.873460e+01  2.469064e-01  0.000000e+00
   endloop
 endfacet
 facet normal  9.976484e-01  6.853995e-02  0.000000e+00
   outer loop
     vertex  3.870752e+01  7.399760e-01  2.310000e+01
     vertex  3.872444e+01  4.936270e-01  0.000000e+00
     vertex  3.870752e+01  7.399760e-01  0.000000e+00
   endloop
 endfacet
 facet normal  9.976484e-01  6.853995e-02  0.000000e+00
   outer loop
     vertex  3.870752e+01  7.399760e-01  2.310000e+01
     vertex  3.872444e+01  4.936270e-01  2.310000e+01
     vertex  3.872444e+01  4.936270e-01  0.000000e+00
   endloop
 endfacet
 facet normal  9.953925e-01  9.588368e-02  0.000000e+00
   outer loop
     vertex  3.868384e+01  9.857679e-01  2.310000e+01
     vertex  3.870752e+01  7.399760e-01  0.000000e+00
     vertex  3.868384e+01  9.857679e-01  0.000000e+00
   endloop
 endfacet
 facet normal  9.953925e-01  9.588368e-02  0.000000e+00
   outer loop
     vertex  3.868384e+01  9.857679e-01  2.310000e+01
     vertex  3.870752e+01  7.399760e-01  2.310000e+01
     vertex  3.870752e+01  7.399760e-01  0.000000e+00
   endloop
 endfacet
 facet normal  9.923874e-01  1.231552e-01  0.000000e+00
   outer loop
     vertex  3.865343e+01  1.230818e+00  2.310000e+01
     vertex  3.868384e+01  9.857679e-01  0.000000e+00
     vertex  3.865343e+01  1.230818e+00  0.000000e+00
   endloop
 endfacet
 facet normal  9.923874e-01  1.231552e-01  0.000000e+00
   outer loop
     vertex  3.865343e+01  1.230818e+00  2.310000e+01
     vertex  3.868384e+01  9.857679e-01  2.310000e+01
     vertex  3.868384e+01  9.857679e-01  0.000000e+00
   endloop
 endfacet
 facet normal  9.886353e-01  1.503341e-01  0.000000e+00
   outer loop
     vertex  3.861631e+01  1.474941e+00  2.310000e+01
     vertex  3.865343e+01  1.230818e+00  0.000000e+00
     vertex  3.861631e+01  1.474941e+00  0.000000e+00
   endloop
 endfacet
 facet normal  9.886353e-01  1.503341e-01  0.000000e+00
   outer loop
     vertex  3.861631e+01  1.474941e+00  2.310000e+01
     vertex  3.865343e+01  1.230818e+00  2.310000e+01
     vertex  3.865343e+01  1.230818e+00  0.000000e+00
   endloop
 endfacet
 facet normal  9.841389e-01  1.773998e-01  0.000000e+00
   outer loop
     vertex  3.857251e+01  1.717954e+00  2.310000e+01
     vertex  3.861631e+01  1.474941e+00  0.000000e+00
     vertex  3.857251e+01  1.717954e+00  0.000000e+00
   endloop
 endfacet
 facet normal  9.789017e-01  2.043319e-01  0.000000e+00
   outer loop
     vertex  3.857251e+01  1.717954e+00  2.310000e+01
     vertex  3.857251e+01  1.717954e+00  0.000000e+00
     vertex  3.852205e+01  1.959674e+00  0.000000e+00
   endloop
 endfacet
 facet normal  9.841389e-01  1.773998e-01  0.000000e+00
   outer loop
     vertex  3.857251e+01  1.717954e+00  2.310000e+01
     vertex  3.861631e+01  1.474941e+00  2.310000e+01
     vertex  3.861631e+01  1.474941e+00  0.000000e+00
   endloop
 endfacet
 facet normal  9.789017e-01  2.043319e-01  0.000000e+00
   outer loop
     vertex  3.852205e+01  1.959674e+00  2.310000e+01
     vertex  3.857251e+01  1.717954e+00  2.310000e+01
     vertex  3.852205e+01  1.959674e+00  0.000000e+00
   endloop
 endfacet
 facet normal  9.729276e-01  2.311102e-01  0.000000e+00
   outer loop
     vertex  3.846498e+01  2.199919e+00  2.310000e+01
     vertex  3.852205e+01  1.959674e+00  0.000000e+00
     vertex  3.846498e+01  2.199919e+00  0.000000e+00
   endloop
 endfacet
 facet normal  9.729276e-01  2.311102e-01  0.000000e+00
   outer loop
     vertex  3.846498e+01  2.199919e+00  2.310000e+01
     vertex  3.852205e+01  1.959674e+00  2.310000e+01
     vertex  3.852205e+01  1.959674e+00  0.000000e+00
   endloop
 endfacet
 facet normal  9.662211e-01  2.577146e-01  0.000000e+00
   outer loop
     vertex  3.840134e+01  2.438507e+00  2.310000e+01
     vertex  3.846498e+01  2.199919e+00  2.310000e+01
     vertex  3.846498e+01  2.199919e+00  0.000000e+00
   endloop
 endfacet
 facet normal  9.662211e-01  2.577146e-01  0.000000e+00
   outer loop
     vertex  3.840134e+01  2.438507e+00  2.310000e+01
     vertex  3.846498e+01  2.199919e+00  0.000000e+00
     vertex  3.840134e+01  2.438507e+00  0.000000e+00
   endloop
 endfacet
 facet normal  9.587873e-01  2.841250e-01  0.000000e+00
   outer loop
     vertex  3.833119e+01  2.675261e+00  2.310000e+01
     vertex  3.840134e+01  2.438507e+00  2.310000e+01
     vertex  3.840134e+01  2.438507e+00  0.000000e+00
   endloop
 endfacet
 facet normal  9.587873e-01  2.841250e-01  0.000000e+00
   outer loop
     vertex  3.833119e+01  2.675261e+00  2.310000e+01
     vertex  3.840134e+01  2.438507e+00  0.000000e+00
     vertex  3.833119e+01  2.675261e+00  0.000000e+00
   endloop
 endfacet
 facet normal  9.506317e-01  3.103214e-01  0.000000e+00
   outer loop
     vertex  3.833119e+01  2.675261e+00  2.310000e+01
     vertex  3.833119e+01  2.675261e+00  0.000000e+00
     vertex  3.825456e+01  2.910000e+00  0.000000e+00
   endloop
 endfacet
 facet normal  9.506317e-01  3.103214e-01  0.000000e+00
   outer loop
     vertex  3.825456e+01  2.910000e+00  2.310000e+01
     vertex  3.833119e+01  2.675261e+00  2.310000e+01
     vertex  3.825456e+01  2.910000e+00  0.000000e+00
   endloop
 endfacet
 facet normal  9.417605e-01  3.362843e-01  0.000000e+00
   outer loop
     vertex  3.817152e+01  3.142548e+00  2.310000e+01
     vertex  3.825456e+01  2.910000e+00  2.310000e+01
     vertex  3.825456e+01  2.910000e+00  0.000000e+00
   endloop
 endfacet
 facet normal  9.417605e-01  3.362843e-01  0.000000e+00
   outer loop
     vertex  3.817152e+01  3.142548e+00  2.310000e+01
     vertex  3.825456e+01  2.910000e+00  0.000000e+00
     vertex  3.817152e+01  3.142548e+00  0.000000e+00
   endloop
 endfacet
 facet normal  9.321804e-01  3.619940e-01  0.000000e+00
   outer loop
     vertex  3.817152e+01  3.142548e+00  2.310000e+01
     vertex  3.817152e+01  3.142548e+00  0.000000e+00
     vertex  3.808213e+01  3.372731e+00  0.000000e+00
   endloop
 endfacet
 facet normal  9.321804e-01  3.619940e-01  0.000000e+00
   outer loop
     vertex  3.808213e+01  3.372731e+00  2.310000e+01
     vertex  3.817152e+01  3.142548e+00  2.310000e+01
     vertex  3.808213e+01  3.372731e+00  0.000000e+00
   endloop
 endfacet
 facet normal  9.218986e-01  3.874313e-01  0.000000e+00
   outer loop
     vertex  3.798646e+01  3.600375e+00  2.310000e+01
     vertex  3.808213e+01  3.372731e+00  2.310000e+01
     vertex  3.808213e+01  3.372731e+00  0.000000e+00
   endloop
 endfacet
 facet normal  9.218986e-01  3.874313e-01  0.000000e+00
   outer loop
     vertex  3.798646e+01  3.600375e+00  2.310000e+01
     vertex  3.808213e+01  3.372731e+00  0.000000e+00
     vertex  3.798646e+01  3.600375e+00  0.000000e+00
   endloop
 endfacet
 facet normal  9.109228e-01  4.125769e-01  0.000000e+00
   outer loop
     vertex  3.788459e+01  3.825309e+00  2.310000e+01
     vertex  3.798646e+01  3.600375e+00  2.310000e+01
     vertex  3.798646e+01  3.600375e+00  0.000000e+00
   endloop
 endfacet
 facet normal  9.109228e-01  4.125769e-01  0.000000e+00
   outer loop
     vertex  3.788459e+01  3.825309e+00  2.310000e+01
     vertex  3.798646e+01  3.600375e+00  0.000000e+00
     vertex  3.788459e+01  3.825309e+00  0.000000e+00
   endloop
 endfacet
 facet normal  8.992613e-01  4.374119e-01  0.000000e+00
   outer loop
     vertex  3.777658e+01  4.047364e+00  2.310000e+01
     vertex  3.788459e+01  3.825309e+00  2.310000e+01
     vertex  3.788459e+01  3.825309e+00  0.000000e+00
   endloop
 endfacet
 facet normal  8.992613e-01  4.374119e-01  0.000000e+00
   outer loop
     vertex  3.777658e+01  4.047364e+00  2.310000e+01
     vertex  3.788459e+01  3.825309e+00  0.000000e+00
     vertex  3.777658e+01  4.047364e+00  0.000000e+00
   endloop
 endfacet
 facet normal  8.869228e-01  4.619176e-01  0.000000e+00
   outer loop
     vertex  3.766252e+01  4.266371e+00  2.310000e+01
     vertex  3.777658e+01  4.047364e+00  2.310000e+01
     vertex  3.777658e+01  4.047364e+00  0.000000e+00
   endloop
 endfacet
 facet normal  8.869228e-01  4.619176e-01  0.000000e+00
   outer loop
     vertex  3.766252e+01  4.266371e+00  2.310000e+01
     vertex  3.777658e+01  4.047364e+00  0.000000e+00
     vertex  3.766252e+01  4.266371e+00  0.000000e+00
   endloop
 endfacet
 facet normal  8.739167e-01  4.860756e-01  0.000000e+00
   outer loop
     vertex  3.754249e+01  4.482167e+00  2.310000e+01
     vertex  3.766252e+01  4.266371e+00  2.310000e+01
     vertex  3.766252e+01  4.266371e+00  0.000000e+00
   endloop
 endfacet
 facet normal  8.739167e-01  4.860756e-01  0.000000e+00
   outer loop
     vertex  3.754249e+01  4.482167e+00  2.310000e+01
     vertex  3.766252e+01  4.266371e+00  0.000000e+00
     vertex  3.754249e+01  4.482167e+00  0.000000e+00
   endloop
 endfacet
 facet normal  8.602528e-01  5.098678e-01  0.000000e+00
   outer loop
     vertex  3.741659e+01  4.694589e+00  2.310000e+01
     vertex  3.754249e+01  4.482167e+00  2.310000e+01
     vertex  3.754249e+01  4.482167e+00  0.000000e+00
   endloop
 endfacet
 facet normal  8.602528e-01  5.098678e-01  0.000000e+00
   outer loop
     vertex  3.741659e+01  4.694589e+00  2.310000e+01
     vertex  3.754249e+01  4.482167e+00  0.000000e+00
     vertex  3.741659e+01  4.694589e+00  0.000000e+00
   endloop
 endfacet
 facet normal  8.459413e-01  5.332761e-01  0.000000e+00
   outer loop
     vertex  3.728491e+01  4.903477e+00  2.310000e+01
     vertex  3.741659e+01  4.694589e+00  2.310000e+01
     vertex  3.741659e+01  4.694589e+00  0.000000e+00
   endloop
 endfacet
 facet normal  8.459413e-01  5.332761e-01  0.000000e+00
   outer loop
     vertex  3.728491e+01  4.903477e+00  2.310000e+01
     vertex  3.741659e+01  4.694589e+00  0.000000e+00
     vertex  3.728491e+01  4.903477e+00  0.000000e+00
   endloop
 endfacet
 facet normal  8.309929e-01  5.562829e-01  0.000000e+00
   outer loop
     vertex  3.728491e+01  4.903477e+00  2.310000e+01
     vertex  3.728491e+01  4.903477e+00  0.000000e+00
     vertex  3.714754e+01  5.108674e+00  0.000000e+00
   endloop
 endfacet
 facet normal  8.309929e-01  5.562829e-01  0.000000e+00
   outer loop
     vertex  3.714754e+01  5.108674e+00  2.310000e+01
     vertex  3.728491e+01  4.903477e+00  2.310000e+01
     vertex  3.714754e+01  5.108674e+00  0.000000e+00
   endloop
 endfacet
 facet normal  8.154191e-01  5.788711e-01  0.000000e+00
   outer loop
     vertex  3.700460e+01  5.310025e+00  2.310000e+01
     vertex  3.714754e+01  5.108674e+00  0.000000e+00
     vertex  3.700460e+01  5.310025e+00  0.000000e+00
   endloop
 endfacet
 facet normal  8.154191e-01  5.788711e-01  0.000000e+00
   outer loop
     vertex  3.700460e+01  5.310025e+00  2.310000e+01
     vertex  3.714754e+01  5.108674e+00  2.310000e+01
     vertex  3.714754e+01  5.108674e+00  0.000000e+00
   endloop
 endfacet
 facet normal  7.992314e-01  6.010234e-01  0.000000e+00
   outer loop
     vertex  3.685619e+01  5.507379e+00  2.310000e+01
     vertex  3.700460e+01  5.310025e+00  0.000000e+00
     vertex  3.685619e+01  5.507379e+00  0.000000e+00
   endloop
 endfacet
 facet normal  7.992314e-01  6.010234e-01  0.000000e+00
   outer loop
     vertex  3.685619e+01  5.507379e+00  2.310000e+01
     vertex  3.700460e+01  5.310025e+00  2.310000e+01
     vertex  3.700460e+01  5.310025e+00  0.000000e+00
   endloop
 endfacet
 facet normal  7.824421e-01  6.227234e-01  0.000000e+00
   outer loop
     vertex  3.670242e+01  5.700587e+00  2.310000e+01
     vertex  3.685619e+01  5.507379e+00  0.000000e+00
     vertex  3.670242e+01  5.700587e+00  0.000000e+00
   endloop
 endfacet
 facet normal  7.824421e-01  6.227234e-01  0.000000e+00
   outer loop
     vertex  3.670242e+01  5.700587e+00  2.310000e+01
     vertex  3.685619e+01  5.507379e+00  2.310000e+01
     vertex  3.685619e+01  5.507379e+00  0.000000e+00
   endloop
 endfacet
 facet normal  7.650637e-01  6.439545e-01  0.000000e+00
   outer loop
     vertex  3.654341e+01  5.889504e+00  2.310000e+01
     vertex  3.670242e+01  5.700587e+00  0.000000e+00
     vertex  3.654341e+01  5.889504e+00  0.000000e+00
   endloop
 endfacet
 facet normal  7.471095e-01  6.647010e-01  0.000000e+00
   outer loop
     vertex  3.654341e+01  5.889504e+00  2.310000e+01
     vertex  3.654341e+01  5.889504e+00  0.000000e+00
     vertex  3.637928e+01  6.073988e+00  0.000000e+00
   endloop
 endfacet
 facet normal  7.650637e-01  6.439545e-01  0.000000e+00
   outer loop
     vertex  3.654341e+01  5.889504e+00  2.310000e+01
     vertex  3.670242e+01  5.700587e+00  2.310000e+01
     vertex  3.670242e+01  5.700587e+00  0.000000e+00
   endloop
 endfacet
 facet normal  7.471095e-01  6.647010e-01  0.000000e+00
   outer loop
     vertex  3.637928e+01  6.073988e+00  2.310000e+01
     vertex  3.654341e+01  5.889504e+00  2.310000e+01
     vertex  3.637928e+01  6.073988e+00  0.000000e+00
   endloop
 endfacet
 facet normal  7.285929e-01  6.849470e-01  0.000000e+00
   outer loop
     vertex  3.621014e+01  6.253899e+00  2.310000e+01
     vertex  3.637928e+01  6.073988e+00  0.000000e+00
     vertex  3.621014e+01  6.253899e+00  0.000000e+00
   endloop
 endfacet
 facet normal  7.285929e-01  6.849470e-01  0.000000e+00
   outer loop
     vertex  3.621014e+01  6.253899e+00  2.310000e+01
     vertex  3.637928e+01  6.073988e+00  2.310000e+01
     vertex  3.637928e+01  6.073988e+00  0.000000e+00
   endloop
 endfacet
 facet normal  7.095278e-01  7.046775e-01  0.000000e+00
   outer loop
     vertex  3.603614e+01  6.429102e+00  2.310000e+01
     vertex  3.621014e+01  6.253899e+00  0.000000e+00
     vertex  3.603614e+01  6.429102e+00  0.000000e+00
   endloop
 endfacet
 facet normal  7.095278e-01  7.046775e-01  0.000000e+00
   outer loop
     vertex  3.603614e+01  6.429102e+00  2.310000e+01
     vertex  3.621014e+01  6.253899e+00  2.310000e+01
     vertex  3.621014e+01  6.253899e+00  0.000000e+00
   endloop
 endfacet
 facet normal  6.899286e-01  7.238775e-01  0.000000e+00
   outer loop
     vertex  3.585739e+01  6.599466e+00  2.310000e+01
     vertex  3.603614e+01  6.429102e+00  0.000000e+00
     vertex  3.585739e+01  6.599466e+00  0.000000e+00
   endloop
 endfacet
 facet normal  6.899286e-01  7.238775e-01  0.000000e+00
   outer loop
     vertex  3.585739e+01  6.599466e+00  2.310000e+01
     vertex  3.603614e+01  6.429102e+00  2.310000e+01
     vertex  3.603614e+01  6.429102e+00  0.000000e+00
   endloop
 endfacet
 facet normal  6.698100e-01  7.425325e-01  0.000000e+00
   outer loop
     vertex  3.567404e+01  6.764862e+00  2.310000e+01
     vertex  3.585739e+01  6.599466e+00  0.000000e+00
     vertex  3.567404e+01  6.764862e+00  0.000000e+00
   endloop
 endfacet
 facet normal  6.698100e-01  7.425325e-01  0.000000e+00
   outer loop
     vertex  3.567404e+01  6.764862e+00  2.310000e+01
     vertex  3.585739e+01  6.599466e+00  2.310000e+01
     vertex  3.585739e+01  6.599466e+00  0.000000e+00
   endloop
 endfacet
 facet normal  6.491872e-01  7.606287e-01  0.000000e+00
   outer loop
     vertex  3.548622e+01  6.925166e+00  2.310000e+01
     vertex  3.567404e+01  6.764862e+00  0.000000e+00
     vertex  3.548622e+01  6.925166e+00  0.000000e+00
   endloop
 endfacet
 facet normal  6.491872e-01  7.606287e-01  0.000000e+00
   outer loop
     vertex  3.548622e+01  6.925166e+00  2.310000e+01
     vertex  3.567404e+01  6.764862e+00  2.310000e+01
     vertex  3.567404e+01  6.764862e+00  0.000000e+00
   endloop
 endfacet
 facet normal  6.280757e-01  7.781522e-01  0.000000e+00
   outer loop
     vertex  3.529407e+01  7.080256e+00  2.310000e+01
     vertex  3.548622e+01  6.925166e+00  0.000000e+00
     vertex  3.529407e+01  7.080256e+00  0.000000e+00
   endloop
 endfacet
 facet normal  6.280757e-01  7.781522e-01  0.000000e+00
   outer loop
     vertex  3.529407e+01  7.080256e+00  2.310000e+01
     vertex  3.548622e+01  6.925166e+00  2.310000e+01
     vertex  3.548622e+01  6.925166e+00  0.000000e+00
   endloop
 endfacet
 facet normal  6.064915e-01  7.950900e-01  0.000000e+00
   outer loop
     vertex  3.509774e+01  7.230017e+00  2.310000e+01
     vertex  3.529407e+01  7.080256e+00  0.000000e+00
     vertex  3.509774e+01  7.230017e+00  0.000000e+00
   endloop
 endfacet
 facet normal  6.064915e-01  7.950900e-01  0.000000e+00
   outer loop
     vertex  3.509774e+01  7.230017e+00  2.310000e+01
     vertex  3.529407e+01  7.080256e+00  2.310000e+01
     vertex  3.529407e+01  7.080256e+00  0.000000e+00
   endloop
 endfacet
 facet normal  5.844507e-01  8.114292e-01  0.000000e+00
   outer loop
     vertex  3.489737e+01  7.374335e+00  2.310000e+01
     vertex  3.509774e+01  7.230017e+00  0.000000e+00
     vertex  3.489737e+01  7.374335e+00  0.000000e+00
   endloop
 endfacet
 facet normal  5.619699e-01  8.271577e-01  0.000000e+00
   outer loop
     vertex  3.489737e+01  7.374335e+00  2.310000e+01
     vertex  3.489737e+01  7.374335e+00  0.000000e+00
     vertex  3.469312e+01  7.513102e+00  0.000000e+00
   endloop
 endfacet
 facet normal  5.844507e-01  8.114292e-01  0.000000e+00
   outer loop
     vertex  3.489737e+01  7.374335e+00  2.310000e+01
     vertex  3.509774e+01  7.230017e+00  2.310000e+01
     vertex  3.509774e+01  7.230017e+00  0.000000e+00
   endloop
 endfacet
 facet normal  5.619699e-01  8.271577e-01  0.000000e+00
   outer loop
     vertex  3.469312e+01  7.513102e+00  2.310000e+01
     vertex  3.489737e+01  7.374335e+00  2.310000e+01
     vertex  3.469312e+01  7.513102e+00  0.000000e+00
   endloop
 endfacet
 facet normal  5.390661e-01  8.422635e-01  0.000000e+00
   outer loop
     vertex  3.469312e+01  7.513102e+00  2.310000e+01
     vertex  3.469312e+01  7.513102e+00  0.000000e+00
     vertex  3.448514e+01  7.646214e+00  0.000000e+00
   endloop
 endfacet
 facet normal  5.390661e-01  8.422635e-01  0.000000e+00
   outer loop
     vertex  3.448514e+01  7.646214e+00  2.310000e+01
     vertex  3.469312e+01  7.513102e+00  2.310000e+01
     vertex  3.448514e+01  7.646214e+00  0.000000e+00
   endloop
 endfacet
 facet normal  5.157565e-01  8.567352e-01  0.000000e+00
   outer loop
     vertex  3.427359e+01  7.773569e+00  2.310000e+01
     vertex  3.448514e+01  7.646214e+00  2.310000e+01
     vertex  3.448514e+01  7.646214e+00  0.000000e+00
   endloop
 endfacet
 facet normal  5.157565e-01  8.567352e-01  0.000000e+00
   outer loop
     vertex  3.427359e+01  7.773569e+00  2.310000e+01
     vertex  3.448514e+01  7.646214e+00  0.000000e+00
     vertex  3.427359e+01  7.773569e+00  0.000000e+00
   endloop
 endfacet
 facet normal  4.920587e-01  8.705620e-01  0.000000e+00
   outer loop
     vertex  3.405862e+01  7.895073e+00  2.310000e+01
     vertex  3.427359e+01  7.773569e+00  2.310000e+01
     vertex  3.427359e+01  7.773569e+00  0.000000e+00
   endloop
 endfacet
 facet normal  4.920587e-01  8.705620e-01  0.000000e+00
   outer loop
     vertex  3.405862e+01  7.895073e+00  2.310000e+01
     vertex  3.427359e+01  7.773569e+00  0.000000e+00
     vertex  3.405862e+01  7.895073e+00  0.000000e+00
   endloop
 endfacet
 facet normal  4.679904e-01  8.837335e-01  0.000000e+00
   outer loop
     vertex  3.384040e+01  8.010634e+00  2.310000e+01
     vertex  3.405862e+01  7.895073e+00  2.310000e+01
     vertex  3.405862e+01  7.895073e+00  0.000000e+00
   endloop
 endfacet
 facet normal  4.679904e-01  8.837335e-01  0.000000e+00
   outer loop
     vertex  3.384040e+01  8.010634e+00  2.310000e+01
     vertex  3.405862e+01  7.895073e+00  0.000000e+00
     vertex  3.384040e+01  8.010634e+00  0.000000e+00
   endloop
 endfacet
 facet normal  4.435699e-01  8.962398e-01  0.000000e+00
   outer loop
     vertex  3.384040e+01  8.010634e+00  2.310000e+01
     vertex  3.384040e+01  8.010634e+00  0.000000e+00
     vertex  3.361909e+01  8.120164e+00  0.000000e+00
   endloop
 endfacet
 facet normal  4.435699e-01  8.962398e-01  0.000000e+00
   outer loop
     vertex  3.361909e+01  8.120164e+00  2.310000e+01
     vertex  3.384040e+01  8.010634e+00  2.310000e+01
     vertex  3.361909e+01  8.120164e+00  0.000000e+00
   endloop
 endfacet
 facet normal  4.188155e-01  9.080714e-01  0.000000e+00
   outer loop
     vertex  3.361909e+01  8.120164e+00  2.310000e+01
     vertex  3.361909e+01  8.120164e+00  0.000000e+00
     vertex  3.339486e+01  8.223582e+00  0.000000e+00
   endloop
 endfacet
 facet normal  4.188155e-01  9.080714e-01  0.000000e+00
   outer loop
     vertex  3.339486e+01  8.223582e+00  2.310000e+01
     vertex  3.361909e+01  8.120164e+00  2.310000e+01
     vertex  3.339486e+01  8.223582e+00  0.000000e+00
   endloop
 endfacet
 facet normal  3.937458e-01  9.192194e-01  0.000000e+00
   outer loop
     vertex  3.316788e+01  8.320810e+00  2.310000e+01
     vertex  3.339486e+01  8.223582e+00  2.310000e+01
     vertex  3.339486e+01  8.223582e+00  0.000000e+00
   endloop
 endfacet
 facet normal  3.937458e-01  9.192194e-01  0.000000e+00
   outer loop
     vertex  3.316788e+01  8.320810e+00  2.310000e+01
     vertex  3.339486e+01  8.223582e+00  0.000000e+00
     vertex  3.316788e+01  8.320810e+00  0.000000e+00
   endloop
 endfacet
 facet normal  3.683796e-01  9.296754e-01  0.000000e+00
   outer loop
     vertex  3.293831e+01  8.411774e+00  2.310000e+01
     vertex  3.316788e+01  8.320810e+00  2.310000e+01
     vertex  3.316788e+01  8.320810e+00  0.000000e+00
   endloop
 endfacet
 facet normal  3.683796e-01  9.296754e-01  0.000000e+00
   outer loop
     vertex  3.293831e+01  8.411774e+00  2.310000e+01
     vertex  3.316788e+01  8.320810e+00  0.000000e+00
     vertex  3.293831e+01  8.411774e+00  0.000000e+00
   endloop
 endfacet
 facet normal  3.427362e-01  9.394317e-01  0.000000e+00
   outer loop
     vertex  3.270634e+01  8.496405e+00  2.310000e+01
     vertex  3.293831e+01  8.411774e+00  2.310000e+01
     vertex  3.293831e+01  8.411774e+00  0.000000e+00
   endloop
 endfacet
 facet normal  3.427362e-01  9.394317e-01  0.000000e+00
   outer loop
     vertex  3.270634e+01  8.496405e+00  2.310000e+01
     vertex  3.293831e+01  8.411774e+00  0.000000e+00
     vertex  3.270634e+01  8.496405e+00  0.000000e+00
   endloop
 endfacet
 facet normal  3.168348e-01  9.484807e-01  0.000000e+00
   outer loop
     vertex  3.247213e+01  8.574641e+00  2.310000e+01
     vertex  3.270634e+01  8.496405e+00  2.310000e+01
     vertex  3.270634e+01  8.496405e+00  0.000000e+00
   endloop
 endfacet
 facet normal  3.168348e-01  9.484807e-01  0.000000e+00
   outer loop
     vertex  3.247213e+01  8.574641e+00  2.310000e+01
     vertex  3.270634e+01  8.496405e+00  0.000000e+00
     vertex  3.247213e+01  8.574641e+00  0.000000e+00
   endloop
 endfacet
 facet normal  2.906949e-01  9.568158e-01  0.000000e+00
   outer loop
     vertex  3.247213e+01  8.574641e+00  2.310000e+01
     vertex  3.247213e+01  8.574641e+00  0.000000e+00
     vertex  3.223587e+01  8.646422e+00  0.000000e+00
   endloop
 endfacet
 facet normal  2.906949e-01  9.568158e-01  0.000000e+00
   outer loop
     vertex  3.223587e+01  8.646422e+00  2.310000e+01
     vertex  3.247213e+01  8.574641e+00  2.310000e+01
     vertex  3.223587e+01  8.646422e+00  0.000000e+00
   endloop
 endfacet
 facet normal  2.643362e-01  9.644306e-01  0.000000e+00
   outer loop
     vertex  3.223587e+01  8.646422e+00  2.310000e+01
     vertex  3.223587e+01  8.646422e+00  0.000000e+00
     vertex  3.199772e+01  8.711695e+00  0.000000e+00
   endloop
 endfacet
 facet normal  2.643362e-01  9.644306e-01  0.000000e+00
   outer loop
     vertex  3.199772e+01  8.711695e+00  2.310000e+01
     vertex  3.223587e+01  8.646422e+00  2.310000e+01
     vertex  3.199772e+01  8.711695e+00  0.000000e+00
   endloop
 endfacet
 facet normal  2.377784e-01  9.713194e-01  0.000000e+00
   outer loop
     vertex  3.175787e+01  8.770409e+00  2.310000e+01
     vertex  3.199772e+01  8.711695e+00  2.310000e+01
     vertex  3.199772e+01  8.711695e+00  0.000000e+00
   endloop
 endfacet
 facet normal  2.377784e-01  9.713194e-01  0.000000e+00
   outer loop
     vertex  3.175787e+01  8.770409e+00  2.310000e+01
     vertex  3.199772e+01  8.711695e+00  0.000000e+00
     vertex  3.175787e+01  8.770409e+00  0.000000e+00
   endloop
 endfacet
 facet normal  2.110417e-01  9.774771e-01  0.000000e+00
   outer loop
     vertex  3.175787e+01  8.770409e+00  2.310000e+01
     vertex  3.175787e+01  8.770409e+00  0.000000e+00
     vertex  3.151650e+01  8.822522e+00  0.000000e+00
   endloop
 endfacet
 facet normal  2.110417e-01  9.774771e-01  0.000000e+00
   outer loop
     vertex  3.151650e+01  8.822522e+00  2.310000e+01
     vertex  3.175787e+01  8.770409e+00  2.310000e+01
     vertex  3.151650e+01  8.822522e+00  0.000000e+00
   endloop
 endfacet
 facet normal  1.841461e-01  9.828989e-01  0.000000e+00
   outer loop
     vertex  3.127380e+01  8.867993e+00  2.310000e+01
     vertex  3.151650e+01  8.822522e+00  2.310000e+01
     vertex  3.151650e+01  8.822522e+00  0.000000e+00
   endloop
 endfacet
 facet normal  1.841461e-01  9.828989e-01  0.000000e+00
   outer loop
     vertex  3.127380e+01  8.867993e+00  2.310000e+01
     vertex  3.151650e+01  8.822522e+00  0.000000e+00
     vertex  3.127380e+01  8.867993e+00  0.000000e+00
   endloop
 endfacet
 facet normal  1.571119e-01  9.875808e-01  0.000000e+00
   outer loop
     vertex  3.127380e+01  8.867993e+00  2.310000e+01
     vertex  3.127380e+01  8.867993e+00  0.000000e+00
     vertex  3.102993e+01  8.906789e+00  0.000000e+00
   endloop
 endfacet
 facet normal  1.571119e-01  9.875808e-01  0.000000e+00
   outer loop
     vertex  3.102993e+01  8.906789e+00  2.310000e+01
     vertex  3.127380e+01  8.867993e+00  2.310000e+01
     vertex  3.102993e+01  8.906789e+00  0.000000e+00
   endloop
 endfacet
 facet normal  1.299594e-01  9.915193e-01  0.000000e+00
   outer loop
     vertex  3.102993e+01  8.906789e+00  2.310000e+01
     vertex  3.102993e+01  8.906789e+00  0.000000e+00
     vertex  3.078510e+01  8.938879e+00  0.000000e+00
   endloop
 endfacet
 facet normal  1.299594e-01  9.915193e-01  0.000000e+00
   outer loop
     vertex  3.078510e+01  8.938879e+00  2.310000e+01
     vertex  3.102993e+01  8.906789e+00  2.310000e+01
     vertex  3.078510e+01  8.938879e+00  0.000000e+00
   endloop
 endfacet
 facet normal  1.027091e-01  9.947114e-01  0.000000e+00
   outer loop
     vertex  3.053947e+01  8.964241e+00  2.310000e+01
     vertex  3.078510e+01  8.938879e+00  2.310000e+01
     vertex  3.078510e+01  8.938879e+00  0.000000e+00
   endloop
 endfacet
 facet normal  1.027091e-01  9.947114e-01  0.000000e+00
   outer loop
     vertex  3.053947e+01  8.964241e+00  2.310000e+01
     vertex  3.078510e+01  8.938879e+00  0.000000e+00
     vertex  3.053947e+01  8.964241e+00  0.000000e+00
   endloop
 endfacet
 facet normal  7.538152e-02  9.971548e-01  0.000000e+00
   outer loop
     vertex  3.029325e+01  8.982855e+00  2.310000e+01
     vertex  3.053947e+01  8.964241e+00  2.310000e+01
     vertex  3.053947e+01  8.964241e+00  0.000000e+00
   endloop
 endfacet
 facet normal  7.538152e-02  9.971548e-01  0.000000e+00
   outer loop
     vertex  3.029325e+01  8.982855e+00  2.310000e+01
     vertex  3.053947e+01  8.964241e+00  0.000000e+00
     vertex  3.029325e+01  8.982855e+00  0.000000e+00
   endloop
 endfacet
 facet normal  4.799716e-02  9.988475e-01  0.000000e+00
   outer loop
     vertex  3.004660e+01  8.994707e+00  2.310000e+01
     vertex  3.029325e+01  8.982855e+00  2.310000e+01
     vertex  3.029325e+01  8.982855e+00  0.000000e+00
   endloop
 endfacet
 facet normal  4.799716e-02  9.988475e-01  0.000000e+00
   outer loop
     vertex  3.004660e+01  8.994707e+00  2.310000e+01
     vertex  3.029325e+01  8.982855e+00  0.000000e+00
     vertex  3.004660e+01  8.994707e+00  0.000000e+00
   endloop
 endfacet
 facet normal  2.057667e-02  9.997883e-01  0.000000e+00
   outer loop
     vertex  2.979973e+01  8.999788e+00  2.310000e+01
     vertex  3.004660e+01  8.994707e+00  0.000000e+00
     vertex  2.979973e+01  8.999788e+00  0.000000e+00
   endloop
 endfacet
 facet normal  2.057667e-02  9.997883e-01  0.000000e+00
   outer loop
     vertex  2.979973e+01  8.999788e+00  2.310000e+01
     vertex  3.004660e+01  8.994707e+00  2.310000e+01
     vertex  3.004660e+01  8.994707e+00  0.000000e+00
   endloop
 endfacet
 facet normal -6.859319e-03  9.999765e-01  0.000000e+00
   outer loop
     vertex  2.955280e+01  8.998095e+00  2.310000e+01
     vertex  2.979973e+01  8.999788e+00  0.000000e+00
     vertex  2.955280e+01  8.998095e+00  0.000000e+00
   endloop
 endfacet
 facet normal -3.429014e-02  9.994119e-01  0.000000e+00
   outer loop
     vertex  2.955280e+01  8.998095e+00  2.310000e+01
     vertex  2.955280e+01  8.998095e+00  0.000000e+00
     vertex  2.930602e+01  8.989627e+00  0.000000e+00
   endloop
 endfacet
 facet normal -6.859319e-03  9.999765e-01  0.000000e+00
   outer loop
     vertex  2.955280e+01  8.998095e+00  2.310000e+01
     vertex  2.979973e+01  8.999788e+00  2.310000e+01
     vertex  2.979973e+01  8.999788e+00  0.000000e+00
   endloop
 endfacet
 facet normal -3.429014e-02  9.994119e-01  0.000000e+00
   outer loop
     vertex  2.930602e+01  8.989627e+00  2.310000e+01
     vertex  2.955280e+01  8.998095e+00  2.310000e+01
     vertex  2.930602e+01  8.989627e+00  0.000000e+00
   endloop
 endfacet
 facet normal -6.169515e-02  9.980950e-01  0.000000e+00
   outer loop
     vertex  2.905956e+01  8.974393e+00  2.310000e+01
     vertex  2.930602e+01  8.989627e+00  0.000000e+00
     vertex  2.905956e+01  8.974393e+00  0.000000e+00
   endloop
 endfacet
 facet normal -6.169515e-02  9.980950e-01  0.000000e+00
   outer loop
     vertex  2.905956e+01  8.974393e+00  2.310000e+01
     vertex  2.930602e+01  8.989627e+00  2.310000e+01
     vertex  2.930602e+01  8.989627e+00  0.000000e+00
   endloop
 endfacet
 facet normal -8.905371e-02  9.960268e-01  0.000000e+00
   outer loop
     vertex  2.881361e+01  8.952403e+00  2.310000e+01
     vertex  2.905956e+01  8.974393e+00  2.310000e+01
     vertex  2.905956e+01  8.974393e+00  0.000000e+00
   endloop
 endfacet
 facet normal -8.905371e-02  9.960268e-01  0.000000e+00
   outer loop
     vertex  2.881361e+01  8.952403e+00  2.310000e+01
     vertex  2.905956e+01  8.974393e+00  0.000000e+00
     vertex  2.881361e+01  8.952403e+00  0.000000e+00
   endloop
 endfacet
 facet normal -1.163452e-01  9.932088e-01  0.000000e+00
   outer loop
     vertex  2.856836e+01  8.923674e+00  2.310000e+01
     vertex  2.881361e+01  8.952403e+00  2.310000e+01
     vertex  2.881361e+01  8.952403e+00  0.000000e+00
   endloop
 endfacet
 facet normal -1.163452e-01  9.932088e-01  0.000000e+00
   outer loop
     vertex  2.856836e+01  8.923674e+00  2.310000e+01
     vertex  2.881361e+01  8.952403e+00  0.000000e+00
     vertex  2.856836e+01  8.923674e+00  0.000000e+00
   endloop
 endfacet
 facet normal -1.435492e-01  9.896432e-01  0.000000e+00
   outer loop
     vertex  2.832398e+01  8.888227e+00  2.310000e+01
     vertex  2.856836e+01  8.923674e+00  2.310000e+01
     vertex  2.856836e+01  8.923674e+00  0.000000e+00
   endloop
 endfacet
 facet normal -1.435492e-01  9.896432e-01  0.000000e+00
   outer loop
     vertex  2.832398e+01  8.888227e+00  2.310000e+01
     vertex  2.856836e+01  8.923674e+00  0.000000e+00
     vertex  2.832398e+01  8.888227e+00  0.000000e+00
   endloop
 endfacet
 facet normal -1.706451e-01  9.853326e-01  0.000000e+00
   outer loop
     vertex  2.808068e+01  8.846090e+00  2.310000e+01
     vertex  2.832398e+01  8.888227e+00  2.310000e+01
     vertex  2.832398e+01  8.888227e+00  0.000000e+00
   endloop
 endfacet
 facet normal -1.706451e-01  9.853326e-01  0.000000e+00
   outer loop
     vertex  2.808068e+01  8.846090e+00  2.310000e+01
     vertex  2.832398e+01  8.888227e+00  0.000000e+00
     vertex  2.808068e+01  8.846090e+00  0.000000e+00
   endloop
 endfacet
 facet normal -1.976125e-01  9.802802e-01  0.000000e+00
   outer loop
     vertex  2.783862e+01  8.797294e+00  2.310000e+01
     vertex  2.808068e+01  8.846090e+00  2.310000e+01
     vertex  2.808068e+01  8.846090e+00  0.000000e+00
   endloop
 endfacet
 facet normal -1.976125e-01  9.802802e-01  0.000000e+00
   outer loop
     vertex  2.783862e+01  8.797294e+00  2.310000e+01
     vertex  2.808068e+01  8.846090e+00  0.000000e+00
     vertex  2.783862e+01  8.797294e+00  0.000000e+00
   endloop
 endfacet
 facet normal -2.244312e-01  9.744899e-01  0.000000e+00
   outer loop
     vertex  2.783862e+01  8.797294e+00  2.310000e+01
     vertex  2.783862e+01  8.797294e+00  0.000000e+00
     vertex  2.759799e+01  8.741875e+00  0.000000e+00
   endloop
 endfacet
 facet normal -2.244312e-01  9.744899e-01  0.000000e+00
   outer loop
     vertex  2.759799e+01  8.741875e+00  2.310000e+01
     vertex  2.783862e+01  8.797294e+00  2.310000e+01
     vertex  2.759799e+01  8.741875e+00  0.000000e+00
   endloop
 endfacet
 facet normal -2.510809e-01  9.679661e-01  0.000000e+00
   outer loop
     vertex  2.735897e+01  8.679875e+00  2.310000e+01
     vertex  2.759799e+01  8.741875e+00  2.310000e+01
     vertex  2.759799e+01  8.741875e+00  0.000000e+00
   endloop
 endfacet
 facet normal -2.510809e-01  9.679661e-01  0.000000e+00
   outer loop
     vertex  2.735897e+01  8.679875e+00  2.310000e+01
     vertex  2.759799e+01  8.741875e+00  0.000000e+00
     vertex  2.735897e+01  8.679875e+00  0.000000e+00
   endloop
 endfacet
 facet normal -2.775416e-01  9.607136e-01  0.000000e+00
   outer loop
     vertex  2.712174e+01  8.611342e+00  2.310000e+01
     vertex  2.735897e+01  8.679875e+00  2.310000e+01
     vertex  2.735897e+01  8.679875e+00  0.000000e+00
   endloop
 endfacet
 facet normal -2.775416e-01  9.607136e-01  0.000000e+00
   outer loop
     vertex  2.712174e+01  8.611342e+00  2.310000e+01
     vertex  2.735897e+01  8.679875e+00  0.000000e+00
     vertex  2.712174e+01  8.611342e+00  0.000000e+00
   endloop
 endfacet
 facet normal -3.037934e-01  9.527379e-01  0.000000e+00
   outer loop
     vertex  2.688648e+01  8.536327e+00  2.310000e+01
     vertex  2.712174e+01  8.611342e+00  2.310000e+01
     vertex  2.712174e+01  8.611342e+00  0.000000e+00
   endloop
 endfacet
 facet normal -3.037934e-01  9.527379e-01  0.000000e+00
   outer loop
     vertex  2.688648e+01  8.536327e+00  2.310000e+01
     vertex  2.712174e+01  8.611342e+00  0.000000e+00
     vertex  2.688648e+01  8.536327e+00  0.000000e+00
   endloop
 endfacet
 facet normal -3.298166e-01  9.440450e-01  0.000000e+00
   outer loop
     vertex  2.688648e+01  8.536327e+00  2.310000e+01
     vertex  2.688648e+01  8.536327e+00  0.000000e+00
     vertex  2.665337e+01  8.454885e+00  0.000000e+00
   endloop
 endfacet
 facet normal -3.298166e-01  9.440450e-01  0.000000e+00
   outer loop
     vertex  2.665337e+01  8.454885e+00  2.310000e+01
     vertex  2.688648e+01  8.536327e+00  2.310000e+01
     vertex  2.665337e+01  8.454885e+00  0.000000e+00
   endloop
 endfacet
 facet normal -3.555914e-01  9.346415e-01  0.000000e+00
   outer loop
     vertex  2.642257e+01  8.367079e+00  2.310000e+01
     vertex  2.665337e+01  8.454885e+00  2.310000e+01
     vertex  2.665337e+01  8.454885e+00  0.000000e+00
   endloop
 endfacet
 facet normal -3.555914e-01  9.346415e-01  0.000000e+00
   outer loop
     vertex  2.642257e+01  8.367079e+00  2.310000e+01
     vertex  2.665337e+01  8.454885e+00  0.000000e+00
     vertex  2.642257e+01  8.367079e+00  0.000000e+00
   endloop
 endfacet
 facet normal -3.810986e-01  9.245344e-01  0.000000e+00
   outer loop
     vertex  2.642257e+01  8.367079e+00  2.310000e+01
     vertex  2.642257e+01  8.367079e+00  0.000000e+00
     vertex  2.619428e+01  8.272974e+00  0.000000e+00
   endloop
 endfacet
 facet normal -4.063188e-01  9.137314e-01  0.000000e+00
   outer loop
     vertex  2.619428e+01  8.272974e+00  2.310000e+01
     vertex  2.619428e+01  8.272974e+00  0.000000e+00
     vertex  2.596865e+01  8.172642e+00  0.000000e+00
   endloop
 endfacet
 facet normal -3.810986e-01  9.245344e-01  0.000000e+00
   outer loop
     vertex  2.619428e+01  8.272974e+00  2.310000e+01
     vertex  2.642257e+01  8.367079e+00  2.310000e+01
     vertex  2.619428e+01  8.272974e+00  0.000000e+00
   endloop
 endfacet
 facet normal -4.063188e-01  9.137314e-01  0.000000e+00
   outer loop
     vertex  2.596865e+01  8.172642e+00  2.310000e+01
     vertex  2.619428e+01  8.272974e+00  2.310000e+01
     vertex  2.596865e+01  8.172642e+00  0.000000e+00
   endloop
 endfacet
 facet normal -4.312333e-01  9.022405e-01  0.000000e+00
   outer loop
     vertex  2.574586e+01  8.066158e+00  2.310000e+01
     vertex  2.596865e+01  8.172642e+00  0.000000e+00
     vertex  2.574586e+01  8.066158e+00  0.000000e+00
   endloop
 endfacet
 facet normal -4.312333e-01  9.022405e-01  0.000000e+00
   outer loop
     vertex  2.574586e+01  8.066158e+00  2.310000e+01
     vertex  2.596865e+01  8.172642e+00  2.310000e+01
     vertex  2.596865e+01  8.172642e+00  0.000000e+00
   endloop
 endfacet
 facet normal -4.558231e-01  8.900704e-01  0.000000e+00
   outer loop
     vertex  2.552608e+01  7.953602e+00  2.310000e+01
     vertex  2.574586e+01  8.066158e+00  0.000000e+00
     vertex  2.552608e+01  7.953602e+00  0.000000e+00
   endloop
 endfacet
 facet normal -4.558231e-01  8.900704e-01  0.000000e+00
   outer loop
     vertex  2.552608e+01  7.953602e+00  2.310000e+01
     vertex  2.574586e+01  8.066158e+00  2.310000e+01
     vertex  2.574586e+01  8.066158e+00  0.000000e+00
   endloop
 endfacet
 facet normal -4.800697e-01  8.772303e-01  0.000000e+00
   outer loop
     vertex  2.530946e+01  7.835058e+00  2.310000e+01
     vertex  2.552608e+01  7.953602e+00  0.000000e+00
     vertex  2.530946e+01  7.835058e+00  0.000000e+00
   endloop
 endfacet
 facet normal -4.800697e-01  8.772303e-01  0.000000e+00
   outer loop
     vertex  2.530946e+01  7.835058e+00  2.310000e+01
     vertex  2.552608e+01  7.953602e+00  2.310000e+01
     vertex  2.552608e+01  7.953602e+00  0.000000e+00
   endloop
 endfacet
 facet normal -5.039550e-01  8.637299e-01  0.000000e+00
   outer loop
     vertex  2.509618e+01  7.710617e+00  2.310000e+01
     vertex  2.530946e+01  7.835058e+00  0.000000e+00
     vertex  2.509618e+01  7.710617e+00  0.000000e+00
   endloop
 endfacet
 facet normal -5.039550e-01  8.637299e-01  0.000000e+00
   outer loop
     vertex  2.509618e+01  7.710617e+00  2.310000e+01
     vertex  2.530946e+01  7.835058e+00  2.310000e+01
     vertex  2.530946e+01  7.835058e+00  0.000000e+00
   endloop
 endfacet
 facet normal -5.274609e-01  8.495793e-01  0.000000e+00
   outer loop
     vertex  2.488640e+01  7.580371e+00  2.310000e+01
     vertex  2.509618e+01  7.710617e+00  0.000000e+00
     vertex  2.488640e+01  7.580371e+00  0.000000e+00
   endloop
 endfacet
 facet normal -5.274609e-01  8.495793e-01  0.000000e+00
   outer loop
     vertex  2.488640e+01  7.580371e+00  2.310000e+01
     vertex  2.509618e+01  7.710617e+00  2.310000e+01
     vertex  2.509618e+01  7.710617e+00  0.000000e+00
   endloop
 endfacet
 facet normal -5.505698e-01  8.347891e-01  0.000000e+00
   outer loop
     vertex  2.468026e+01  7.444419e+00  2.310000e+01
     vertex  2.488640e+01  7.580371e+00  0.000000e+00
     vertex  2.468026e+01  7.444419e+00  0.000000e+00
   endloop
 endfacet
 facet normal -5.505698e-01  8.347891e-01  0.000000e+00
   outer loop
     vertex  2.468026e+01  7.444419e+00  2.310000e+01
     vertex  2.488640e+01  7.580371e+00  2.310000e+01
     vertex  2.488640e+01  7.580371e+00  0.000000e+00
   endloop
 endfacet
 facet normal -5.732642e-01  8.193706e-01  0.000000e+00
   outer loop
     vertex  2.447794e+01  7.302863e+00  2.310000e+01
     vertex  2.468026e+01  7.444419e+00  0.000000e+00
     vertex  2.447794e+01  7.302863e+00  0.000000e+00
   endloop
 endfacet
 facet normal -5.732642e-01  8.193706e-01  0.000000e+00
   outer loop
     vertex  2.447794e+01  7.302863e+00  2.310000e+01
     vertex  2.468026e+01  7.444419e+00  2.310000e+01
     vertex  2.468026e+01  7.444419e+00  0.000000e+00
   endloop
 endfacet
 facet normal -5.955271e-01  8.033352e-01  0.000000e+00
   outer loop
     vertex  2.427957e+01  7.155810e+00  2.310000e+01
     vertex  2.447794e+01  7.302863e+00  0.000000e+00
     vertex  2.427957e+01  7.155810e+00  0.000000e+00
   endloop
 endfacet
 facet normal -5.955271e-01  8.033352e-01  0.000000e+00
   outer loop
     vertex  2.427957e+01  7.155810e+00  2.310000e+01
     vertex  2.447794e+01  7.302863e+00  2.310000e+01
     vertex  2.447794e+01  7.302863e+00  0.000000e+00
   endloop
 endfacet
 facet normal -6.173417e-01  7.866951e-01  0.000000e+00
   outer loop
     vertex  2.408531e+01  7.003370e+00  2.310000e+01
     vertex  2.427957e+01  7.155810e+00  0.000000e+00
     vertex  2.408531e+01  7.003370e+00  0.000000e+00
   endloop
 endfacet
 facet normal -6.173417e-01  7.866951e-01  0.000000e+00
   outer loop
     vertex  2.408531e+01  7.003370e+00  2.310000e+01
     vertex  2.427957e+01  7.155810e+00  2.310000e+01
     vertex  2.427957e+01  7.155810e+00  0.000000e+00
   endloop
 endfacet
 facet normal -6.386916e-01  7.694628e-01  0.000000e+00
   outer loop
     vertex  2.389531e+01  6.845658e+00  2.310000e+01
     vertex  2.408531e+01  7.003370e+00  0.000000e+00
     vertex  2.389531e+01  6.845658e+00  0.000000e+00
   endloop
 endfacet
 facet normal -6.386916e-01  7.694628e-01  0.000000e+00
   outer loop
     vertex  2.389531e+01  6.845658e+00  2.310000e+01
     vertex  2.408531e+01  7.003370e+00  2.310000e+01
     vertex  2.408531e+01  7.003370e+00  0.000000e+00
   endloop
 endfacet
 facet normal -6.595607e-01  7.516513e-01  0.000000e+00
   outer loop
     vertex  2.370970e+01  6.682793e+00  2.310000e+01
     vertex  2.389531e+01  6.845658e+00  0.000000e+00
     vertex  2.370970e+01  6.682793e+00  0.000000e+00
   endloop
 endfacet
 facet normal -6.595607e-01  7.516513e-01  0.000000e+00
   outer loop
     vertex  2.370970e+01  6.682793e+00  2.310000e+01
     vertex  2.389531e+01  6.845658e+00  2.310000e+01
     vertex  2.389531e+01  6.845658e+00  0.000000e+00
   endloop
 endfacet
 facet normal -6.799333e-01  7.332740e-01  0.000000e+00
   outer loop
     vertex  2.352863e+01  6.514897e+00  2.310000e+01
     vertex  2.370970e+01  6.682793e+00  0.000000e+00
     vertex  2.352863e+01  6.514897e+00  0.000000e+00
   endloop
 endfacet
 facet normal -6.799333e-01  7.332740e-01  0.000000e+00
   outer loop
     vertex  2.352863e+01  6.514897e+00  2.310000e+01
     vertex  2.370970e+01  6.682793e+00  2.310000e+01
     vertex  2.370970e+01  6.682793e+00  0.000000e+00
   endloop
 endfacet
 facet normal -6.997940e-01  7.143447e-01  0.000000e+00
   outer loop
     vertex  2.335224e+01  6.342097e+00  2.310000e+01
     vertex  2.352863e+01  6.514897e+00  0.000000e+00
     vertex  2.335224e+01  6.342097e+00  0.000000e+00
   endloop
 endfacet
 facet normal -6.997940e-01  7.143447e-01  0.000000e+00
   outer loop
     vertex  2.335224e+01  6.342097e+00  2.310000e+01
     vertex  2.352863e+01  6.514897e+00  2.310000e+01
     vertex  2.352863e+01  6.514897e+00  0.000000e+00
   endloop
 endfacet
 facet normal -7.191280e-01  6.948776e-01  0.000000e+00
   outer loop
     vertex  2.318066e+01  6.164523e+00  2.310000e+01
     vertex  2.335224e+01  6.342097e+00  2.310000e+01
     vertex  2.335224e+01  6.342097e+00  0.000000e+00
   endloop
 endfacet
 facet normal -7.191280e-01  6.948776e-01  0.000000e+00
   outer loop
     vertex  2.318066e+01  6.164523e+00  2.310000e+01
     vertex  2.335224e+01  6.342097e+00  0.000000e+00
     vertex  2.318066e+01  6.164523e+00  0.000000e+00
   endloop
 endfacet
 facet normal -7.379206e-01  6.748875e-01  0.000000e+00
   outer loop
     vertex  2.318066e+01  6.164523e+00  2.310000e+01
     vertex  2.318066e+01  6.164523e+00  0.000000e+00
     vertex  2.301401e+01  5.982309e+00  0.000000e+00
   endloop
 endfacet
 facet normal -7.379206e-01  6.748875e-01  0.000000e+00
   outer loop
     vertex  2.301401e+01  5.982309e+00  2.310000e+01
     vertex  2.318066e+01  6.164523e+00  2.310000e+01
     vertex  2.301401e+01  5.982309e+00  0.000000e+00
   endloop
 endfacet
 facet normal -7.561578e-01  6.543893e-01  0.000000e+00
   outer loop
     vertex  2.285242e+01  5.795591e+00  2.310000e+01
     vertex  2.301401e+01  5.982309e+00  2.310000e+01
     vertex  2.301401e+01  5.982309e+00  0.000000e+00
   endloop
 endfacet
 facet normal -7.561578e-01  6.543893e-01  0.000000e+00
   outer loop
     vertex  2.285242e+01  5.795591e+00  2.310000e+01
     vertex  2.301401e+01  5.982309e+00  0.000000e+00
     vertex  2.285242e+01  5.795591e+00  0.000000e+00
   endloop
 endfacet
 facet normal -7.738257e-01  6.333986e-01  0.000000e+00
   outer loop
     vertex  2.269601e+01  5.604510e+00  2.310000e+01
     vertex  2.285242e+01  5.795591e+00  0.000000e+00
     vertex  2.269601e+01  5.604510e+00  0.000000e+00
   endloop
 endfacet
 facet normal -7.738257e-01  6.333986e-01  0.000000e+00
   outer loop
     vertex  2.269601e+01  5.604510e+00  2.310000e+01
     vertex  2.285242e+01  5.795591e+00  2.310000e+01
     vertex  2.285242e+01  5.795591e+00  0.000000e+00
   endloop
 endfacet
 facet normal -7.909112e-01  6.119310e-01  0.000000e+00
   outer loop
     vertex  2.254491e+01  5.409211e+00  2.310000e+01
     vertex  2.269601e+01  5.604510e+00  0.000000e+00
     vertex  2.254491e+01  5.409211e+00  0.000000e+00
   endloop
 endfacet
 facet normal -7.909112e-01  6.119310e-01  0.000000e+00
   outer loop
     vertex  2.254491e+01  5.409211e+00  2.310000e+01
     vertex  2.269601e+01  5.604510e+00  2.310000e+01
     vertex  2.269601e+01  5.604510e+00  0.000000e+00
   endloop
 endfacet
 facet normal -8.074012e-01  5.900028e-01  0.000000e+00
   outer loop
     vertex  2.239922e+01  5.209840e+00  2.310000e+01
     vertex  2.254491e+01  5.409211e+00  0.000000e+00
     vertex  2.239922e+01  5.209840e+00  0.000000e+00
   endloop
 endfacet
 facet normal -8.074012e-01  5.900028e-01  0.000000e+00
   outer loop
     vertex  2.239922e+01  5.209840e+00  2.310000e+01
     vertex  2.254491e+01  5.409211e+00  2.310000e+01
     vertex  2.254491e+01  5.409211e+00  0.000000e+00
   endloop
 endfacet
 facet normal -8.232835e-01  5.676304e-01  0.000000e+00
   outer loop
     vertex  2.225905e+01  5.006547e+00  2.310000e+01
     vertex  2.239922e+01  5.209840e+00  0.000000e+00
     vertex  2.225905e+01  5.006547e+00  0.000000e+00
   endloop
 endfacet
 facet normal -8.232835e-01  5.676304e-01  0.000000e+00
   outer loop
     vertex  2.225905e+01  5.006547e+00  2.310000e+01
     vertex  2.239922e+01  5.209840e+00  2.310000e+01
     vertex  2.239922e+01  5.209840e+00  0.000000e+00
   endloop
 endfacet
 facet normal -8.385460e-01  5.448308e-01  0.000000e+00
   outer loop
     vertex  2.212452e+01  4.799485e+00  2.310000e+01
     vertex  2.225905e+01  5.006547e+00  0.000000e+00
     vertex  2.212452e+01  4.799485e+00  0.000000e+00
   endloop
 endfacet
 facet normal -8.385460e-01  5.448308e-01  0.000000e+00
   outer loop
     vertex  2.212452e+01  4.799485e+00  2.310000e+01
     vertex  2.225905e+01  5.006547e+00  2.310000e+01
     vertex  2.225905e+01  5.006547e+00  0.000000e+00
   endloop
 endfacet
 facet normal -8.531773e-01  5.216210e-01  0.000000e+00
   outer loop
     vertex  2.199572e+01  4.588810e+00  2.310000e+01
     vertex  2.212452e+01  4.799485e+00  0.000000e+00
     vertex  2.199572e+01  4.588810e+00  0.000000e+00
   endloop
 endfacet
 facet normal -8.531773e-01  5.216210e-01  0.000000e+00
   outer loop
     vertex  2.199572e+01  4.588810e+00  2.310000e+01
     vertex  2.212452e+01  4.799485e+00  2.310000e+01
     vertex  2.212452e+01  4.799485e+00  0.000000e+00
   endloop
 endfacet
 facet normal -8.671664e-01  4.980186e-01  0.000000e+00
   outer loop
     vertex  2.187274e+01  4.374681e+00  2.310000e+01
     vertex  2.199572e+01  4.588810e+00  0.000000e+00
     vertex  2.187274e+01  4.374681e+00  0.000000e+00
   endloop
 endfacet
 facet normal -8.671664e-01  4.980186e-01  0.000000e+00
   outer loop
     vertex  2.187274e+01  4.374681e+00  2.310000e+01
     vertex  2.199572e+01  4.588810e+00  2.310000e+01
     vertex  2.199572e+01  4.588810e+00  0.000000e+00
   endloop
 endfacet
 facet normal -8.805026e-01  4.740412e-01  0.000000e+00
   outer loop
     vertex  2.175569e+01  4.157259e+00  2.310000e+01
     vertex  2.187274e+01  4.374681e+00  0.000000e+00
     vertex  2.175569e+01  4.157259e+00  0.000000e+00
   endloop
 endfacet
 facet normal -8.805026e-01  4.740412e-01  0.000000e+00
   outer loop
     vertex  2.175569e+01  4.157259e+00  2.310000e+01
     vertex  2.187274e+01  4.374681e+00  2.310000e+01
     vertex  2.187274e+01  4.374681e+00  0.000000e+00
   endloop
 endfacet
 facet normal -8.931761e-01  4.497071e-01  0.000000e+00
   outer loop
     vertex  2.164464e+01  3.936707e+00  2.310000e+01
     vertex  2.175569e+01  4.157259e+00  0.000000e+00
     vertex  2.164464e+01  3.936707e+00  0.000000e+00
   endloop
 endfacet
 facet normal -8.931761e-01  4.497071e-01  0.000000e+00
   outer loop
     vertex  2.164464e+01  3.936707e+00  2.310000e+01
     vertex  2.175569e+01  4.157259e+00  2.310000e+01
     vertex  2.175569e+01  4.157259e+00  0.000000e+00
   endloop
 endfacet
 facet normal -9.051772e-01  4.250344e-01  0.000000e+00
   outer loop
     vertex  2.153969e+01  3.713192e+00  2.310000e+01
     vertex  2.164464e+01  3.936707e+00  0.000000e+00
     vertex  2.153969e+01  3.713192e+00  0.000000e+00
   endloop
 endfacet
 facet normal -9.051772e-01  4.250344e-01  0.000000e+00
   outer loop
     vertex  2.153969e+01  3.713192e+00  2.310000e+01
     vertex  2.164464e+01  3.936707e+00  2.310000e+01
     vertex  2.164464e+01  3.936707e+00  0.000000e+00
   endloop
 endfacet
 facet normal -9.164969e-01  4.000417e-01  0.000000e+00
   outer loop
     vertex  2.144090e+01  3.486881e+00  2.310000e+01
     vertex  2.153969e+01  3.713192e+00  0.000000e+00
     vertex  2.144090e+01  3.486881e+00  0.000000e+00
   endloop
 endfacet
 facet normal -9.164969e-01  4.000417e-01  0.000000e+00
   outer loop
     vertex  2.144090e+01  3.486881e+00  2.310000e+01
     vertex  2.153969e+01  3.713192e+00  2.310000e+01
     vertex  2.153969e+01  3.713192e+00  0.000000e+00
   endloop
 endfacet
 facet normal -9.271267e-01  3.747479e-01  0.000000e+00
   outer loop
     vertex  2.134837e+01  3.257946e+00  2.310000e+01
     vertex  2.144090e+01  3.486881e+00  0.000000e+00
     vertex  2.134837e+01  3.257946e+00  0.000000e+00
   endloop
 endfacet
 facet normal -9.271267e-01  3.747479e-01  0.000000e+00
   outer loop
     vertex  2.134837e+01  3.257946e+00  2.310000e+01
     vertex  2.144090e+01  3.486881e+00  2.310000e+01
     vertex  2.144090e+01  3.486881e+00  0.000000e+00
   endloop
 endfacet
 facet normal -9.370586e-01  3.491720e-01  0.000000e+00
   outer loop
     vertex  2.126215e+01  3.026559e+00  2.310000e+01
     vertex  2.134837e+01  3.257946e+00  0.000000e+00
     vertex  2.126215e+01  3.026559e+00  0.000000e+00
   endloop
 endfacet
 facet normal -9.370586e-01  3.491720e-01  0.000000e+00
   outer loop
     vertex  2.126215e+01  3.026559e+00  2.310000e+01
     vertex  2.134837e+01  3.257946e+00  2.310000e+01
     vertex  2.134837e+01  3.257946e+00  0.000000e+00
   endloop
 endfacet
 facet normal -9.462851e-01  3.233333e-01  0.000000e+00
   outer loop
     vertex  2.118231e+01  2.792893e+00  2.310000e+01
     vertex  2.126215e+01  3.026559e+00  0.000000e+00
     vertex  2.118231e+01  2.792893e+00  0.000000e+00
   endloop
 endfacet
 facet normal -9.462851e-01  3.233333e-01  0.000000e+00
   outer loop
     vertex  2.118231e+01  2.792893e+00  2.310000e+01
     vertex  2.126215e+01  3.026559e+00  2.310000e+01
     vertex  2.126215e+01  3.026559e+00  0.000000e+00
   endloop
 endfacet
 facet normal -9.547993e-01  2.972512e-01  0.000000e+00
   outer loop
     vertex  2.110891e+01  2.557125e+00  2.310000e+01
     vertex  2.118231e+01  2.792893e+00  0.000000e+00
     vertex  2.110891e+01  2.557125e+00  0.000000e+00
   endloop
 endfacet
 facet normal -9.547993e-01  2.972512e-01  0.000000e+00
   outer loop
     vertex  2.110891e+01  2.557125e+00  2.310000e+01
     vertex  2.118231e+01  2.792893e+00  2.310000e+01
     vertex  2.118231e+01  2.792893e+00  0.000000e+00
   endloop
 endfacet
 facet normal -9.625948e-01  2.709453e-01  0.000000e+00
   outer loop
     vertex  2.104200e+01  2.319431e+00  2.310000e+01
     vertex  2.110891e+01  2.557125e+00  0.000000e+00
     vertex  2.104200e+01  2.319431e+00  0.000000e+00
   endloop
 endfacet
 facet normal -9.625948e-01  2.709453e-01  0.000000e+00
   outer loop
     vertex  2.104200e+01  2.319431e+00  2.310000e+01
     vertex  2.110891e+01  2.557125e+00  2.310000e+01
     vertex  2.110891e+01  2.557125e+00  0.000000e+00
   endloop
 endfacet
 facet normal -9.696656e-01  2.444354e-01  0.000000e+00
   outer loop
     vertex  2.098164e+01  2.079992e+00  2.310000e+01
     vertex  2.104200e+01  2.319431e+00  0.000000e+00
     vertex  2.098164e+01  2.079992e+00  0.000000e+00
   endloop
 endfacet
 facet normal -9.696656e-01  2.444354e-01  0.000000e+00
   outer loop
     vertex  2.098164e+01  2.079992e+00  2.310000e+01
     vertex  2.104200e+01  2.319431e+00  2.310000e+01
     vertex  2.104200e+01  2.319431e+00  0.000000e+00
   endloop
 endfacet
 facet normal -9.760065e-01  2.177416e-01  0.000000e+00
   outer loop
     vertex  2.092788e+01  1.838987e+00  2.310000e+01
     vertex  2.098164e+01  2.079992e+00  0.000000e+00
     vertex  2.092788e+01  1.838987e+00  0.000000e+00
   endloop
 endfacet
 facet normal -9.760065e-01  2.177416e-01  0.000000e+00
   outer loop
     vertex  2.092788e+01  1.838987e+00  2.310000e+01
     vertex  2.098164e+01  2.079992e+00  2.310000e+01
     vertex  2.098164e+01  2.079992e+00  0.000000e+00
   endloop
 endfacet
 facet normal -9.816126e-01  1.908838e-01  0.000000e+00
   outer loop
     vertex  2.088074e+01  1.596598e+00  2.310000e+01
     vertex  2.092788e+01  1.838987e+00  0.000000e+00
     vertex  2.088074e+01  1.596598e+00  0.000000e+00
   endloop
 endfacet
 facet normal -9.816126e-01  1.908838e-01  0.000000e+00
   outer loop
     vertex  2.088074e+01  1.596598e+00  2.310000e+01
     vertex  2.092788e+01  1.838987e+00  2.310000e+01
     vertex  2.092788e+01  1.838987e+00  0.000000e+00
   endloop
 endfacet
 facet normal -9.864799e-01  1.638824e-01  0.000000e+00
   outer loop
     vertex  2.084027e+01  1.353007e+00  2.310000e+01
     vertex  2.088074e+01  1.596598e+00  0.000000e+00
     vertex  2.084027e+01  1.353007e+00  0.000000e+00
   endloop
 endfacet
 facet normal -9.864799e-01  1.638824e-01  0.000000e+00
   outer loop
     vertex  2.084027e+01  1.353007e+00  2.310000e+01
     vertex  2.088074e+01  1.596598e+00  2.310000e+01
     vertex  2.088074e+01  1.596598e+00  0.000000e+00
   endloop
 endfacet
 facet normal -9.906046e-01  1.367575e-01  0.000000e+00
   outer loop
     vertex  2.080650e+01  1.108397e+00  2.310000e+01
     vertex  2.084027e+01  1.353007e+00  0.000000e+00
     vertex  2.080650e+01  1.108397e+00  0.000000e+00
   endloop
 endfacet
 facet normal -9.906046e-01  1.367575e-01  0.000000e+00
   outer loop
     vertex  2.080650e+01  1.108397e+00  2.310000e+01
     vertex  2.084027e+01  1.353007e+00  2.310000e+01
     vertex  2.084027e+01  1.353007e+00  0.000000e+00
   endloop
 endfacet
 facet normal -9.939835e-01  1.095298e-01  0.000000e+00
   outer loop
     vertex  2.077946e+01  8.629532e-01  2.310000e+01
     vertex  2.080650e+01  1.108397e+00  2.310000e+01
     vertex  2.080650e+01  1.108397e+00  0.000000e+00
   endloop
 endfacet
 facet normal -9.939835e-01  1.095298e-01  0.000000e+00
   outer loop
     vertex  2.077946e+01  8.629532e-01  2.310000e+01
     vertex  2.080650e+01  1.108397e+00  0.000000e+00
     vertex  2.077946e+01  8.629532e-01  0.000000e+00
   endloop
 endfacet
 facet normal -9.966142e-01  8.221955e-02  0.000000e+00
   outer loop
     vertex  2.075916e+01  6.168595e-01  2.310000e+01
     vertex  2.077946e+01  8.629532e-01  2.310000e+01
     vertex  2.077946e+01  8.629532e-01  0.000000e+00
   endloop
 endfacet
 facet normal -9.966142e-01  8.221955e-02  0.000000e+00
   outer loop
     vertex  2.075916e+01  6.168595e-01  2.310000e+01
     vertex  2.077946e+01  8.629532e-01  0.000000e+00
     vertex  2.075916e+01  6.168595e-01  0.000000e+00
   endloop
 endfacet
 facet normal -9.984947e-01  5.484744e-02  0.000000e+00
   outer loop
     vertex  2.074561e+01  3.703016e-01  2.310000e+01
     vertex  2.075916e+01  6.168595e-01  2.310000e+01
     vertex  2.075916e+01  6.168595e-01  0.000000e+00
   endloop
 endfacet
 facet normal -9.984947e-01  5.484744e-02  0.000000e+00
   outer loop
     vertex  2.074561e+01  3.703016e-01  2.310000e+01
     vertex  2.075916e+01  6.168595e-01  0.000000e+00
     vertex  2.074561e+01  3.703016e-01  0.000000e+00
   endloop
 endfacet
 facet normal -9.996236e-01  2.743405e-02  0.000000e+00
   outer loop
     vertex  2.073884e+01  1.234648e-01  2.310000e+01
     vertex  2.074561e+01  3.703016e-01  2.310000e+01
     vertex  2.074561e+01  3.703016e-01  0.000000e+00
   endloop
 endfacet
 facet normal -9.996236e-01  2.743405e-02  0.000000e+00
   outer loop
     vertex  2.073884e+01  1.234648e-01  2.310000e+01
     vertex  2.074561e+01  3.703016e-01  0.000000e+00
     vertex  2.073884e+01  1.234648e-01  0.000000e+00
   endloop
 endfacet
 facet normal -1.000000e+00  0.000000e+00  0.000000e+00
   outer loop
     vertex  2.073884e+01 -1.234648e-01  2.310000e+01
     vertex  2.073884e+01  1.234648e-01  2.310000e+01
     vertex  2.073884e+01  1.234648e-01  0.000000e+00
   endloop
 endfacet
 facet normal -1.000000e+00  0.000000e+00  0.000000e+00
   outer loop
     vertex  2.073884e+01 -1.234648e-01  2.310000e+01
     vertex  2.073884e+01  1.234648e-01  0.000000e+00
     vertex  2.073884e+01 -1.234648e-01  0.000000e+00
   endloop
 endfacet
 facet normal -9.996236e-01 -2.743405e-02  0.000000e+00
   outer loop
     vertex  2.074561e+01 -3.703016e-01  2.310000e+01
     vertex  2.073884e+01 -1.234648e-01  2.310000e+01
     vertex  2.073884e+01 -1.234648e-01  0.000000e+00
   endloop
 endfacet
 facet normal -9.996236e-01 -2.743405e-02 -0.000000e+00
   outer loop
     vertex  2.074561e+01 -3.703016e-01  2.310000e+01
     vertex  2.073884e+01 -1.234648e-01  0.000000e+00
     vertex  2.074561e+01 -3.703016e-01  0.000000e+00
   endloop
 endfacet
 facet normal -9.984947e-01 -5.484744e-02  0.000000e+00
   outer loop
     vertex  2.075916e+01 -6.168595e-01  2.310000e+01
     vertex  2.074561e+01 -3.703016e-01  2.310000e+01
     vertex  2.074561e+01 -3.703016e-01  0.000000e+00
   endloop
 endfacet
 facet normal -9.984947e-01 -5.484744e-02 -0.000000e+00
   outer loop
     vertex  2.075916e+01 -6.168595e-01  2.310000e+01
     vertex  2.074561e+01 -3.703016e-01  0.000000e+00
     vertex  2.075916e+01 -6.168595e-01  0.000000e+00
   endloop
 endfacet
 facet normal -9.966142e-01 -8.221955e-02  0.000000e+00
   outer loop
     vertex  2.077946e+01 -8.629532e-01  2.310000e+01
     vertex  2.075916e+01 -6.168595e-01  2.310000e+01
     vertex  2.075916e+01 -6.168595e-01  0.000000e+00
   endloop
 endfacet
 facet normal -9.966142e-01 -8.221955e-02 -0.000000e+00
   outer loop
     vertex  2.077946e+01 -8.629532e-01  2.310000e+01
     vertex  2.075916e+01 -6.168595e-01  0.000000e+00
     vertex  2.077946e+01 -8.629532e-01  0.000000e+00
   endloop
 endfacet
 facet normal -9.939835e-01 -1.095298e-01  0.000000e+00
   outer loop
     vertex  2.080650e+01 -1.108397e+00  2.310000e+01
     vertex  2.077946e+01 -8.629532e-01  2.310000e+01
     vertex  2.077946e+01 -8.629532e-01  0.000000e+00
   endloop
 endfacet
 facet normal -9.939835e-01 -1.095298e-01 -0.000000e+00
   outer loop
     vertex  2.080650e+01 -1.108397e+00  2.310000e+01
     vertex  2.077946e+01 -8.629532e-01  0.000000e+00
     vertex  2.080650e+01 -1.108397e+00  0.000000e+00
   endloop
 endfacet
 facet normal -9.906046e-01 -1.367575e-01  0.000000e+00
   outer loop
     vertex  2.084027e+01 -1.353007e+00  2.310000e+01
     vertex  2.080650e+01 -1.108397e+00  2.310000e+01
     vertex  2.080650e+01 -1.108397e+00  0.000000e+00
   endloop
 endfacet
 facet normal -9.906046e-01 -1.367575e-01 -0.000000e+00
   outer loop
     vertex  2.084027e+01 -1.353007e+00  2.310000e+01
     vertex  2.080650e+01 -1.108397e+00  0.000000e+00
     vertex  2.084027e+01 -1.353007e+00  0.000000e+00
   endloop
 endfacet
 facet normal -9.864799e-01 -1.638824e-01  0.000000e+00
   outer loop
     vertex  2.088074e+01 -1.596598e+00  2.310000e+01
     vertex  2.084027e+01 -1.353007e+00  2.310000e+01
     vertex  2.084027e+01 -1.353007e+00  0.000000e+00
   endloop
 endfacet
 facet normal -9.864799e-01 -1.638824e-01 -0.000000e+00
   outer loop
     vertex  2.088074e+01 -1.596598e+00  2.310000e+01
     vertex  2.084027e+01 -1.353007e+00  0.000000e+00
     vertex  2.088074e+01 -1.596598e+00  0.000000e+00
   endloop
 endfacet
 facet normal -9.816126e-01 -1.908838e-01  0.000000e+00
   outer loop
     vertex  2.092788e+01 -1.838987e+00  2.310000e+01
     vertex  2.088074e+01 -1.596598e+00  2.310000e+01
     vertex  2.088074e+01 -1.596598e+00  0.000000e+00
   endloop
 endfacet
 facet normal -9.816126e-01 -1.908838e-01 -0.000000e+00
   outer loop
     vertex  2.092788e+01 -1.838987e+00  2.310000e+01
     vertex  2.088074e+01 -1.596598e+00  0.000000e+00
     vertex  2.092788e+01 -1.838987e+00  0.000000e+00
   endloop
 endfacet
 facet normal -9.760065e-01 -2.177416e-01 -0.000000e+00
   outer loop
     vertex  2.098164e+01 -2.079992e+00  2.310000e+01
     vertex  2.092788e+01 -1.838987e+00  0.000000e+00
     vertex  2.098164e+01 -2.079992e+00  0.000000e+00
   endloop
 endfacet
 facet normal -9.760065e-01 -2.177416e-01  0.000000e+00
   outer loop
     vertex  2.098164e+01 -2.079992e+00  2.310000e+01
     vertex  2.092788e+01 -1.838987e+00  2.310000e+01
     vertex  2.092788e+01 -1.838987e+00  0.000000e+00
   endloop
 endfacet
 facet normal -9.696656e-01 -2.444354e-01 -0.000000e+00
   outer loop
     vertex  2.104200e+01 -2.319431e+00  2.310000e+01
     vertex  2.098164e+01 -2.079992e+00  0.000000e+00
     vertex  2.104200e+01 -2.319431e+00  0.000000e+00
   endloop
 endfacet
 facet normal -9.696656e-01 -2.444354e-01  0.000000e+00
   outer loop
     vertex  2.104200e+01 -2.319431e+00  2.310000e+01
     vertex  2.098164e+01 -2.079992e+00  2.310000e+01
     vertex  2.098164e+01 -2.079992e+00  0.000000e+00
   endloop
 endfacet
 facet normal -9.625948e-01 -2.709453e-01  0.000000e+00
   outer loop
     vertex  2.110891e+01 -2.557125e+00  2.310000e+01
     vertex  2.104200e+01 -2.319431e+00  2.310000e+01
     vertex  2.104200e+01 -2.319431e+00  0.000000e+00
   endloop
 endfacet
 facet normal -9.625948e-01 -2.709453e-01 -0.000000e+00
   outer loop
     vertex  2.110891e+01 -2.557125e+00  2.310000e+01
     vertex  2.104200e+01 -2.319431e+00  0.000000e+00
     vertex  2.110891e+01 -2.557125e+00  0.000000e+00
   endloop
 endfacet
 facet normal -9.547993e-01 -2.972512e-01 -0.000000e+00
   outer loop
     vertex  2.118231e+01 -2.792893e+00  2.310000e+01
     vertex  2.110891e+01 -2.557125e+00  0.000000e+00
     vertex  2.118231e+01 -2.792893e+00  0.000000e+00
   endloop
 endfacet
 facet normal -9.547993e-01 -2.972512e-01  0.000000e+00
   outer loop
     vertex  2.118231e+01 -2.792893e+00  2.310000e+01
     vertex  2.110891e+01 -2.557125e+00  2.310000e+01
     vertex  2.110891e+01 -2.557125e+00  0.000000e+00
   endloop
 endfacet
 facet normal -9.462851e-01 -3.233333e-01 -0.000000e+00
   outer loop
     vertex  2.126215e+01 -3.026559e+00  2.310000e+01
     vertex  2.118231e+01 -2.792893e+00  0.000000e+00
     vertex  2.126215e+01 -3.026559e+00  0.000000e+00
   endloop
 endfacet
 facet normal -9.462851e-01 -3.233333e-01  0.000000e+00
   outer loop
     vertex  2.126215e+01 -3.026559e+00  2.310000e+01
     vertex  2.118231e+01 -2.792893e+00  2.310000e+01
     vertex  2.118231e+01 -2.792893e+00  0.000000e+00
   endloop
 endfacet
 facet normal -9.370586e-01 -3.491720e-01 -0.000000e+00
   outer loop
     vertex  2.134837e+01 -3.257946e+00  2.310000e+01
     vertex  2.126215e+01 -3.026559e+00  0.000000e+00
     vertex  2.134837e+01 -3.257946e+00  0.000000e+00
   endloop
 endfacet
 facet normal -9.370586e-01 -3.491720e-01  0.000000e+00
   outer loop
     vertex  2.134837e+01 -3.257946e+00  2.310000e+01
     vertex  2.126215e+01 -3.026559e+00  2.310000e+01
     vertex  2.126215e+01 -3.026559e+00  0.000000e+00
   endloop
 endfacet
 facet normal -9.271267e-01 -3.747479e-01 -0.000000e+00
   outer loop
     vertex  2.144090e+01 -3.486881e+00  2.310000e+01
     vertex  2.134837e+01 -3.257946e+00  0.000000e+00
     vertex  2.144090e+01 -3.486881e+00  0.000000e+00
   endloop
 endfacet
 facet normal -9.271267e-01 -3.747479e-01  0.000000e+00
   outer loop
     vertex  2.144090e+01 -3.486881e+00  2.310000e+01
     vertex  2.134837e+01 -3.257946e+00  2.310000e+01
     vertex  2.134837e+01 -3.257946e+00  0.000000e+00
   endloop
 endfacet
 facet normal -9.164969e-01 -4.000417e-01 -0.000000e+00
   outer loop
     vertex  2.153969e+01 -3.713192e+00  2.310000e+01
     vertex  2.144090e+01 -3.486881e+00  0.000000e+00
     vertex  2.153969e+01 -3.713192e+00  0.000000e+00
   endloop
 endfacet
 facet normal -9.051772e-01 -4.250344e-01 -0.000000e+00
   outer loop
     vertex  2.153969e+01 -3.713192e+00  2.310000e+01
     vertex  2.153969e+01 -3.713192e+00  0.000000e+00
     vertex  2.164464e+01 -3.936707e+00  0.000000e+00
   endloop
 endfacet
 facet normal -9.164969e-01 -4.000417e-01  0.000000e+00
   outer loop
     vertex  2.153969e+01 -3.713192e+00  2.310000e+01
     vertex  2.144090e+01 -3.486881e+00  2.310000e+01
     vertex  2.144090e+01 -3.486881e+00  0.000000e+00
   endloop
 endfacet
 facet normal -9.051772e-01 -4.250344e-01 -0.000000e+00
   outer loop
     vertex  2.164464e+01 -3.936707e+00  2.310000e+01
     vertex  2.153969e+01 -3.713192e+00  2.310000e+01
     vertex  2.164464e+01 -3.936707e+00  0.000000e+00
   endloop
 endfacet
 facet normal -8.931761e-01 -4.497071e-01 -0.000000e+00
   outer loop
     vertex  2.175569e+01 -4.157259e+00  2.310000e+01
     vertex  2.164464e+01 -3.936707e+00  0.000000e+00
     vertex  2.175569e+01 -4.157259e+00  0.000000e+00
   endloop
 endfacet
 facet normal -8.931761e-01 -4.497071e-01  0.000000e+00
   outer loop
     vertex  2.175569e+01 -4.157259e+00  2.310000e+01
     vertex  2.164464e+01 -3.936707e+00  2.310000e+01
     vertex  2.164464e+01 -3.936707e+00  0.000000e+00
   endloop
 endfacet
 facet normal -8.805026e-01 -4.740412e-01 -0.000000e+00
   outer loop
     vertex  2.187274e+01 -4.374681e+00  2.310000e+01
     vertex  2.175569e+01 -4.157259e+00  0.000000e+00
     vertex  2.187274e+01 -4.374681e+00  0.000000e+00
   endloop
 endfacet
 facet normal -8.805026e-01 -4.740412e-01  0.000000e+00
   outer loop
     vertex  2.187274e+01 -4.374681e+00  2.310000e+01
     vertex  2.175569e+01 -4.157259e+00  2.310000e+01
     vertex  2.175569e+01 -4.157259e+00  0.000000e+00
   endloop
 endfacet
 facet normal -8.671664e-01 -4.980186e-01 -0.000000e+00
   outer loop
     vertex  2.199572e+01 -4.588810e+00  2.310000e+01
     vertex  2.187274e+01 -4.374681e+00  0.000000e+00
     vertex  2.199572e+01 -4.588810e+00  0.000000e+00
   endloop
 endfacet
 facet normal -8.671664e-01 -4.980186e-01  0.000000e+00
   outer loop
     vertex  2.199572e+01 -4.588810e+00  2.310000e+01
     vertex  2.187274e+01 -4.374681e+00  2.310000e+01
     vertex  2.187274e+01 -4.374681e+00  0.000000e+00
   endloop
 endfacet
 facet normal -8.531773e-01 -5.216210e-01 -0.000000e+00
   outer loop
     vertex  2.212452e+01 -4.799485e+00  2.310000e+01
     vertex  2.199572e+01 -4.588810e+00  0.000000e+00
     vertex  2.212452e+01 -4.799485e+00  0.000000e+00
   endloop
 endfacet
 facet normal -8.385460e-01 -5.448308e-01 -0.000000e+00
   outer loop
     vertex  2.212452e+01 -4.799485e+00  2.310000e+01
     vertex  2.212452e+01 -4.799485e+00  0.000000e+00
     vertex  2.225905e+01 -5.006547e+00  0.000000e+00
   endloop
 endfacet
 facet normal -8.531773e-01 -5.216210e-01  0.000000e+00
   outer loop
     vertex  2.212452e+01 -4.799485e+00  2.310000e+01
     vertex  2.199572e+01 -4.588810e+00  2.310000e+01
     vertex  2.199572e+01 -4.588810e+00  0.000000e+00
   endloop
 endfacet
 facet normal -8.385460e-01 -5.448308e-01 -0.000000e+00
   outer loop
     vertex  2.225905e+01 -5.006547e+00  2.310000e+01
     vertex  2.212452e+01 -4.799485e+00  2.310000e+01
     vertex  2.225905e+01 -5.006547e+00  0.000000e+00
   endloop
 endfacet
 facet normal -8.232835e-01 -5.676304e-01  0.000000e+00
   outer loop
     vertex  2.239922e+01 -5.209840e+00  2.310000e+01
     vertex  2.225905e+01 -5.006547e+00  2.310000e+01
     vertex  2.225905e+01 -5.006547e+00  0.000000e+00
   endloop
 endfacet
 facet normal -8.232835e-01 -5.676304e-01 -0.000000e+00
   outer loop
     vertex  2.239922e+01 -5.209840e+00  2.310000e+01
     vertex  2.225905e+01 -5.006547e+00  0.000000e+00
     vertex  2.239922e+01 -5.209840e+00  0.000000e+00
   endloop
 endfacet
 facet normal -8.074012e-01 -5.900028e-01  0.000000e+00
   outer loop
     vertex  2.254491e+01 -5.409211e+00  2.310000e+01
     vertex  2.239922e+01 -5.209840e+00  2.310000e+01
     vertex  2.239922e+01 -5.209840e+00  0.000000e+00
   endloop
 endfacet
 facet normal -8.074012e-01 -5.900028e-01 -0.000000e+00
   outer loop
     vertex  2.254491e+01 -5.409211e+00  2.310000e+01
     vertex  2.239922e+01 -5.209840e+00  0.000000e+00
     vertex  2.254491e+01 -5.409211e+00  0.000000e+00
   endloop
 endfacet
 facet normal -7.909112e-01 -6.119310e-01  0.000000e+00
   outer loop
     vertex  2.269601e+01 -5.604510e+00  2.310000e+01
     vertex  2.254491e+01 -5.409211e+00  2.310000e+01
     vertex  2.254491e+01 -5.409211e+00  0.000000e+00
   endloop
 endfacet
 facet normal -7.909112e-01 -6.119310e-01 -0.000000e+00
   outer loop
     vertex  2.269601e+01 -5.604510e+00  2.310000e+01
     vertex  2.254491e+01 -5.409211e+00  0.000000e+00
     vertex  2.269601e+01 -5.604510e+00  0.000000e+00
   endloop
 endfacet
 facet normal -7.738257e-01 -6.333986e-01 -0.000000e+00
   outer loop
     vertex  2.269601e+01 -5.604510e+00  2.310000e+01
     vertex  2.269601e+01 -5.604510e+00  0.000000e+00
     vertex  2.285242e+01 -5.795591e+00  0.000000e+00
   endloop
 endfacet
 facet normal -7.738257e-01 -6.333986e-01 -0.000000e+00
   outer loop
     vertex  2.285242e+01 -5.795591e+00  2.310000e+01
     vertex  2.269601e+01 -5.604510e+00  2.310000e+01
     vertex  2.285242e+01 -5.795591e+00  0.000000e+00
   endloop
 endfacet
 facet normal -7.561578e-01 -6.543893e-01  0.000000e+00
   outer loop
     vertex  2.301401e+01 -5.982309e+00  2.310000e+01
     vertex  2.285242e+01 -5.795591e+00  2.310000e+01
     vertex  2.285242e+01 -5.795591e+00  0.000000e+00
   endloop
 endfacet
 facet normal -7.561578e-01 -6.543893e-01 -0.000000e+00
   outer loop
     vertex  2.301401e+01 -5.982309e+00  2.310000e+01
     vertex  2.285242e+01 -5.795591e+00  0.000000e+00
     vertex  2.301401e+01 -5.982309e+00  0.000000e+00
   endloop
 endfacet
 facet normal -7.379206e-01 -6.748875e-01 -0.000000e+00
   outer loop
     vertex  2.301401e+01 -5.982309e+00  2.310000e+01
     vertex  2.301401e+01 -5.982309e+00  0.000000e+00
     vertex  2.318066e+01 -6.164523e+00  0.000000e+00
   endloop
 endfacet
 facet normal -7.379206e-01 -6.748875e-01 -0.000000e+00
   outer loop
     vertex  2.318066e+01 -6.164523e+00  2.310000e+01
     vertex  2.301401e+01 -5.982309e+00  2.310000e+01
     vertex  2.318066e+01 -6.164523e+00  0.000000e+00
   endloop
 endfacet
 facet normal -7.191280e-01 -6.948776e-01  0.000000e+00
   outer loop
     vertex  2.335224e+01 -6.342097e+00  2.310000e+01
     vertex  2.318066e+01 -6.164523e+00  2.310000e+01
     vertex  2.318066e+01 -6.164523e+00  0.000000e+00
   endloop
 endfacet
 facet normal -7.191280e-01 -6.948776e-01 -0.000000e+00
   outer loop
     vertex  2.335224e+01 -6.342097e+00  2.310000e+01
     vertex  2.318066e+01 -6.164523e+00  0.000000e+00
     vertex  2.335224e+01 -6.342097e+00  0.000000e+00
   endloop
 endfacet
 facet normal -6.997940e-01 -7.143447e-01 -0.000000e+00
   outer loop
     vertex  2.335224e+01 -6.342097e+00  2.310000e+01
     vertex  2.335224e+01 -6.342097e+00  0.000000e+00
     vertex  2.352863e+01 -6.514897e+00  0.000000e+00
   endloop
 endfacet
 facet normal -6.997940e-01 -7.143447e-01 -0.000000e+00
   outer loop
     vertex  2.352863e+01 -6.514897e+00  2.310000e+01
     vertex  2.335224e+01 -6.342097e+00  2.310000e+01
     vertex  2.352863e+01 -6.514897e+00  0.000000e+00
   endloop
 endfacet
 facet normal -6.799333e-01 -7.332740e-01  0.000000e+00
   outer loop
     vertex  2.370970e+01 -6.682793e+00  2.310000e+01
     vertex  2.352863e+01 -6.514897e+00  2.310000e+01
     vertex  2.352863e+01 -6.514897e+00  0.000000e+00
   endloop
 endfacet
 facet normal -6.799333e-01 -7.332740e-01 -0.000000e+00
   outer loop
     vertex  2.370970e+01 -6.682793e+00  2.310000e+01
     vertex  2.352863e+01 -6.514897e+00  0.000000e+00
     vertex  2.370970e+01 -6.682793e+00  0.000000e+00
   endloop
 endfacet
 facet normal -6.595607e-01 -7.516513e-01  0.000000e+00
   outer loop
     vertex  2.389531e+01 -6.845658e+00  2.310000e+01
     vertex  2.370970e+01 -6.682793e+00  2.310000e+01
     vertex  2.370970e+01 -6.682793e+00  0.000000e+00
   endloop
 endfacet
 facet normal -6.595607e-01 -7.516513e-01 -0.000000e+00
   outer loop
     vertex  2.389531e+01 -6.845658e+00  2.310000e+01
     vertex  2.370970e+01 -6.682793e+00  0.000000e+00
     vertex  2.389531e+01 -6.845658e+00  0.000000e+00
   endloop
 endfacet
 facet normal -6.386916e-01 -7.694628e-01 -0.000000e+00
   outer loop
     vertex  2.389531e+01 -6.845658e+00  2.310000e+01
     vertex  2.389531e+01 -6.845658e+00  0.000000e+00
     vertex  2.408531e+01 -7.003370e+00  0.000000e+00
   endloop
 endfacet
 facet normal -6.386916e-01 -7.694628e-01 -0.000000e+00
   outer loop
     vertex  2.408531e+01 -7.003370e+00  2.310000e+01
     vertex  2.389531e+01 -6.845658e+00  2.310000e+01
     vertex  2.408531e+01 -7.003370e+00  0.000000e+00
   endloop
 endfacet
 facet normal -6.173417e-01 -7.866951e-01  0.000000e+00
   outer loop
     vertex  2.427957e+01 -7.155810e+00  2.310000e+01
     vertex  2.408531e+01 -7.003370e+00  2.310000e+01
     vertex  2.408531e+01 -7.003370e+00  0.000000e+00
   endloop
 endfacet
 facet normal -6.173417e-01 -7.866951e-01 -0.000000e+00
   outer loop
     vertex  2.427957e+01 -7.155810e+00  2.310000e+01
     vertex  2.408531e+01 -7.003370e+00  0.000000e+00
     vertex  2.427957e+01 -7.155810e+00  0.000000e+00
   endloop
 endfacet
 facet normal -5.955271e-01 -8.033352e-01 -0.000000e+00
   outer loop
     vertex  2.427957e+01 -7.155810e+00  2.310000e+01
     vertex  2.427957e+01 -7.155810e+00  0.000000e+00
     vertex  2.447794e+01 -7.302863e+00  0.000000e+00
   endloop
 endfacet
 facet normal -5.955271e-01 -8.033352e-01 -0.000000e+00
   outer loop
     vertex  2.447794e+01 -7.302863e+00  2.310000e+01
     vertex  2.427957e+01 -7.155810e+00  2.310000e+01
     vertex  2.447794e+01 -7.302863e+00  0.000000e+00
   endloop
 endfacet
 facet normal -5.732642e-01 -8.193706e-01  0.000000e+00
   outer loop
     vertex  2.468026e+01 -7.444419e+00  2.310000e+01
     vertex  2.447794e+01 -7.302863e+00  2.310000e+01
     vertex  2.447794e+01 -7.302863e+00  0.000000e+00
   endloop
 endfacet
 facet normal -5.732642e-01 -8.193706e-01 -0.000000e+00
   outer loop
     vertex  2.468026e+01 -7.444419e+00  2.310000e+01
     vertex  2.447794e+01 -7.302863e+00  0.000000e+00
     vertex  2.468026e+01 -7.444419e+00  0.000000e+00
   endloop
 endfacet
 facet normal -5.505698e-01 -8.347891e-01  0.000000e+00
   outer loop
     vertex  2.488640e+01 -7.580371e+00  2.310000e+01
     vertex  2.468026e+01 -7.444419e+00  2.310000e+01
     vertex  2.468026e+01 -7.444419e+00  0.000000e+00
   endloop
 endfacet
 facet normal -5.505698e-01 -8.347891e-01 -0.000000e+00
   outer loop
     vertex  2.488640e+01 -7.580371e+00  2.310000e+01
     vertex  2.468026e+01 -7.444419e+00  0.000000e+00
     vertex  2.488640e+01 -7.580371e+00  0.000000e+00
   endloop
 endfacet
 facet normal -5.274609e-01 -8.495793e-01 -0.000000e+00
   outer loop
     vertex  2.488640e+01 -7.580371e+00  2.310000e+01
     vertex  2.488640e+01 -7.580371e+00  0.000000e+00
     vertex  2.509618e+01 -7.710617e+00  0.000000e+00
   endloop
 endfacet
 facet normal -5.274609e-01 -8.495793e-01 -0.000000e+00
   outer loop
     vertex  2.509618e+01 -7.710617e+00  2.310000e+01
     vertex  2.488640e+01 -7.580371e+00  2.310000e+01
     vertex  2.509618e+01 -7.710617e+00  0.000000e+00
   endloop
 endfacet
 facet normal -5.039550e-01 -8.637299e-01  0.000000e+00
   outer loop
     vertex  2.530946e+01 -7.835058e+00  2.310000e+01
     vertex  2.509618e+01 -7.710617e+00  2.310000e+01
     vertex  2.509618e+01 -7.710617e+00  0.000000e+00
   endloop
 endfacet
 facet normal -5.039550e-01 -8.637299e-01 -0.000000e+00
   outer loop
     vertex  2.530946e+01 -7.835058e+00  2.310000e+01
     vertex  2.509618e+01 -7.710617e+00  0.000000e+00
     vertex  2.530946e+01 -7.835058e+00  0.000000e+00
   endloop
 endfacet
 facet normal -4.800697e-01 -8.772303e-01 -0.000000e+00
   outer loop
     vertex  2.530946e+01 -7.835058e+00  2.310000e+01
     vertex  2.530946e+01 -7.835058e+00  0.000000e+00
     vertex  2.552608e+01 -7.953602e+00  0.000000e+00
   endloop
 endfacet
 facet normal -4.800697e-01 -8.772303e-01 -0.000000e+00
   outer loop
     vertex  2.552608e+01 -7.953602e+00  2.310000e+01
     vertex  2.530946e+01 -7.835058e+00  2.310000e+01
     vertex  2.552608e+01 -7.953602e+00  0.000000e+00
   endloop
 endfacet
 facet normal -4.558231e-01 -8.900704e-01  0.000000e+00
   outer loop
     vertex  2.574586e+01 -8.066158e+00  2.310000e+01
     vertex  2.552608e+01 -7.953602e+00  2.310000e+01
     vertex  2.552608e+01 -7.953602e+00  0.000000e+00
   endloop
 endfacet
 facet normal -4.558231e-01 -8.900704e-01 -0.000000e+00
   outer loop
     vertex  2.574586e+01 -8.066158e+00  2.310000e+01
     vertex  2.552608e+01 -7.953602e+00  0.000000e+00
     vertex  2.574586e+01 -8.066158e+00  0.000000e+00
   endloop
 endfacet
 facet normal -4.312333e-01 -9.022405e-01  0.000000e+00
   outer loop
     vertex  2.596865e+01 -8.172642e+00  2.310000e+01
     vertex  2.574586e+01 -8.066158e+00  2.310000e+01
     vertex  2.574586e+01 -8.066158e+00  0.000000e+00
   endloop
 endfacet
 facet normal -4.312333e-01 -9.022405e-01 -0.000000e+00
   outer loop
     vertex  2.596865e+01 -8.172642e+00  2.310000e+01
     vertex  2.574586e+01 -8.066158e+00  0.000000e+00
     vertex  2.596865e+01 -8.172642e+00  0.000000e+00
   endloop
 endfacet
 facet normal -4.063188e-01 -9.137314e-01  0.000000e+00
   outer loop
     vertex  2.619428e+01 -8.272974e+00  2.310000e+01
     vertex  2.596865e+01 -8.172642e+00  2.310000e+01
     vertex  2.596865e+01 -8.172642e+00  0.000000e+00
   endloop
 endfacet
 facet normal -4.063188e-01 -9.137314e-01 -0.000000e+00
   outer loop
     vertex  2.619428e+01 -8.272974e+00  2.310000e+01
     vertex  2.596865e+01 -8.172642e+00  0.000000e+00
     vertex  2.619428e+01 -8.272974e+00  0.000000e+00
   endloop
 endfacet
 facet normal -3.810986e-01 -9.245344e-01 -0.000000e+00
   outer loop
     vertex  2.619428e+01 -8.272974e+00  2.310000e+01
     vertex  2.619428e+01 -8.272974e+00  0.000000e+00
     vertex  2.642257e+01 -8.367079e+00  0.000000e+00
   endloop
 endfacet
 facet normal -3.810986e-01 -9.245344e-01 -0.000000e+00
   outer loop
     vertex  2.642257e+01 -8.367079e+00  2.310000e+01
     vertex  2.619428e+01 -8.272974e+00  2.310000e+01
     vertex  2.642257e+01 -8.367079e+00  0.000000e+00
   endloop
 endfacet
 facet normal -3.555914e-01 -9.346415e-01 -0.000000e+00
   outer loop
     vertex  2.665337e+01 -8.454885e+00  2.310000e+01
     vertex  2.642257e+01 -8.367079e+00  0.000000e+00
     vertex  2.665337e+01 -8.454885e+00  0.000000e+00
   endloop
 endfacet
 facet normal -3.298166e-01 -9.440450e-01 -0.000000e+00
   outer loop
     vertex  2.665337e+01 -8.454885e+00  2.310000e+01
     vertex  2.665337e+01 -8.454885e+00  0.000000e+00
     vertex  2.688648e+01 -8.536327e+00  0.000000e+00
   endloop
 endfacet
 facet normal -3.555914e-01 -9.346415e-01  0.000000e+00
   outer loop
     vertex  2.665337e+01 -8.454885e+00  2.310000e+01
     vertex  2.642257e+01 -8.367079e+00  2.310000e+01
     vertex  2.642257e+01 -8.367079e+00  0.000000e+00
   endloop
 endfacet
 facet normal -3.298166e-01 -9.440450e-01 -0.000000e+00
   outer loop
     vertex  2.688648e+01 -8.536327e+00  2.310000e+01
     vertex  2.665337e+01 -8.454885e+00  2.310000e+01
     vertex  2.688648e+01 -8.536327e+00  0.000000e+00
   endloop
 endfacet
 facet normal -3.037934e-01 -9.527379e-01 -0.000000e+00
   outer loop
     vertex  2.712174e+01 -8.611342e+00  2.310000e+01
     vertex  2.688648e+01 -8.536327e+00  0.000000e+00
     vertex  2.712174e+01 -8.611342e+00  0.000000e+00
   endloop
 endfacet
 facet normal -2.775416e-01 -9.607136e-01 -0.000000e+00
   outer loop
     vertex  2.712174e+01 -8.611342e+00  2.310000e+01
     vertex  2.712174e+01 -8.611342e+00  0.000000e+00
     vertex  2.735897e+01 -8.679875e+00  0.000000e+00
   endloop
 endfacet
 facet normal -3.037934e-01 -9.527379e-01  0.000000e+00
   outer loop
     vertex  2.712174e+01 -8.611342e+00  2.310000e+01
     vertex  2.688648e+01 -8.536327e+00  2.310000e+01
     vertex  2.688648e+01 -8.536327e+00  0.000000e+00
   endloop
 endfacet
 facet normal -2.775416e-01 -9.607136e-01 -0.000000e+00
   outer loop
     vertex  2.735897e+01 -8.679875e+00  2.310000e+01
     vertex  2.712174e+01 -8.611342e+00  2.310000e+01
     vertex  2.735897e+01 -8.679875e+00  0.000000e+00
   endloop
 endfacet
 facet normal -2.510809e-01 -9.679661e-01  0.000000e+00
   outer loop
     vertex  2.759799e+01 -8.741875e+00  2.310000e+01
     vertex  2.735897e+01 -8.679875e+00  2.310000e+01
     vertex  2.735897e+01 -8.679875e+00  0.000000e+00
   endloop
 endfacet
 facet normal -2.510809e-01 -9.679661e-01 -0.000000e+00
   outer loop
     vertex  2.759799e+01 -8.741875e+00  2.310000e+01
     vertex  2.735897e+01 -8.679875e+00  0.000000e+00
     vertex  2.759799e+01 -8.741875e+00  0.000000e+00
   endloop
 endfacet
 facet normal -2.244312e-01 -9.744899e-01  0.000000e+00
   outer loop
     vertex  2.783862e+01 -8.797294e+00  2.310000e+01
     vertex  2.759799e+01 -8.741875e+00  2.310000e+01
     vertex  2.759799e+01 -8.741875e+00  0.000000e+00
   endloop
 endfacet
 facet normal -2.244312e-01 -9.744899e-01 -0.000000e+00
   outer loop
     vertex  2.783862e+01 -8.797294e+00  2.310000e+01
     vertex  2.759799e+01 -8.741875e+00  0.000000e+00
     vertex  2.783862e+01 -8.797294e+00  0.000000e+00
   endloop
 endfacet
 facet normal -1.976125e-01 -9.802802e-01 -0.000000e+00
   outer loop
     vertex  2.783862e+01 -8.797294e+00  2.310000e+01
     vertex  2.783862e+01 -8.797294e+00  0.000000e+00
     vertex  2.808068e+01 -8.846090e+00  0.000000e+00
   endloop
 endfacet
 facet normal -1.976125e-01 -9.802802e-01 -0.000000e+00
   outer loop
     vertex  2.808068e+01 -8.846090e+00  2.310000e+01
     vertex  2.783862e+01 -8.797294e+00  2.310000e+01
     vertex  2.808068e+01 -8.846090e+00  0.000000e+00
   endloop
 endfacet
 facet normal -1.706451e-01 -9.853326e-01  0.000000e+00
   outer loop
     vertex  2.832398e+01 -8.888227e+00  2.310000e+01
     vertex  2.808068e+01 -8.846090e+00  2.310000e+01
     vertex  2.808068e+01 -8.846090e+00  0.000000e+00
   endloop
 endfacet
 facet normal -1.706451e-01 -9.853326e-01 -0.000000e+00
   outer loop
     vertex  2.832398e+01 -8.888227e+00  2.310000e+01
     vertex  2.808068e+01 -8.846090e+00  0.000000e+00
     vertex  2.832398e+01 -8.888227e+00  0.000000e+00
   endloop
 endfacet
 facet normal -1.435492e-01 -9.896432e-01  0.000000e+00
   outer loop
     vertex  2.856836e+01 -8.923674e+00  2.310000e+01
     vertex  2.832398e+01 -8.888227e+00  2.310000e+01
     vertex  2.832398e+01 -8.888227e+00  0.000000e+00
   endloop
 endfacet
 facet normal -1.435492e-01 -9.896432e-01 -0.000000e+00
   outer loop
     vertex  2.856836e+01 -8.923674e+00  2.310000e+01
     vertex  2.832398e+01 -8.888227e+00  0.000000e+00
     vertex  2.856836e+01 -8.923674e+00  0.000000e+00
   endloop
 endfacet
 facet normal -1.163452e-01 -9.932088e-01  0.000000e+00
   outer loop
     vertex  2.881361e+01 -8.952403e+00  2.310000e+01
     vertex  2.856836e+01 -8.923674e+00  2.310000e+01
     vertex  2.856836e+01 -8.923674e+00  0.000000e+00
   endloop
 endfacet
 facet normal -1.163452e-01 -9.932088e-01 -0.000000e+00
   outer loop
     vertex  2.881361e+01 -8.952403e+00  2.310000e+01
     vertex  2.856836e+01 -8.923674e+00  0.000000e+00
     vertex  2.881361e+01 -8.952403e+00  0.000000e+00
   endloop
 endfacet
 facet normal -8.905371e-02 -9.960268e-01  0.000000e+00
   outer loop
     vertex  2.905956e+01 -8.974393e+00  2.310000e+01
     vertex  2.881361e+01 -8.952403e+00  2.310000e+01
     vertex  2.881361e+01 -8.952403e+00  0.000000e+00
   endloop
 endfacet
 facet normal -8.905371e-02 -9.960268e-01 -0.000000e+00
   outer loop
     vertex  2.905956e+01 -8.974393e+00  2.310000e+01
     vertex  2.881361e+01 -8.952403e+00  0.000000e+00
     vertex  2.905956e+01 -8.974393e+00  0.000000e+00
   endloop
 endfacet
 facet normal -6.169515e-02 -9.980950e-01  0.000000e+00
   outer loop
     vertex  2.930602e+01 -8.989627e+00  2.310000e+01
     vertex  2.905956e+01 -8.974393e+00  2.310000e+01
     vertex  2.905956e+01 -8.974393e+00  0.000000e+00
   endloop
 endfacet
 facet normal -6.169515e-02 -9.980950e-01 -0.000000e+00
   outer loop
     vertex  2.930602e+01 -8.989627e+00  2.310000e+01
     vertex  2.905956e+01 -8.974393e+00  0.000000e+00
     vertex  2.930602e+01 -8.989627e+00  0.000000e+00
   endloop
 endfacet
 facet normal -3.429014e-02 -9.994119e-01  0.000000e+00
   outer loop
     vertex  2.955280e+01 -8.998095e+00  2.310000e+01
     vertex  2.930602e+01 -8.989627e+00  2.310000e+01
     vertex  2.930602e+01 -8.989627e+00  0.000000e+00
   endloop
 endfacet
 facet normal -3.429014e-02 -9.994119e-01 -0.000000e+00
   outer loop
     vertex  2.955280e+01 -8.998095e+00  2.310000e+01
     vertex  2.930602e+01 -8.989627e+00  0.000000e+00
     vertex  2.955280e+01 -8.998095e+00  0.000000e+00
   endloop
 endfacet
 facet normal -6.859319e-03 -9.999765e-01  0.000000e+00
   outer loop
     vertex  2.979973e+01 -8.999788e+00  2.310000e+01
     vertex  2.955280e+01 -8.998095e+00  2.310000e+01
     vertex  2.955280e+01 -8.998095e+00  0.000000e+00
   endloop
 endfacet
 facet normal -6.859319e-03 -9.999765e-01 -0.000000e+00
   outer loop
     vertex  2.979973e+01 -8.999788e+00  2.310000e+01
     vertex  2.955280e+01 -8.998095e+00  0.000000e+00
     vertex  2.979973e+01 -8.999788e+00  0.000000e+00
   endloop
 endfacet
 facet normal  2.057667e-02 -9.997883e-01  0.000000e+00
   outer loop
     vertex  3.004660e+01 -8.994707e+00  2.310000e+01
     vertex  2.979973e+01 -8.999788e+00  2.310000e+01
     vertex  2.979973e+01 -8.999788e+00  0.000000e+00
   endloop
 endfacet
 facet normal  2.057667e-02 -9.997883e-01  0.000000e+00
   outer loop
     vertex  3.004660e+01 -8.994707e+00  2.310000e+01
     vertex  2.979973e+01 -8.999788e+00  0.000000e+00
     vertex  3.004660e+01 -8.994707e+00  0.000000e+00
   endloop
 endfacet
 facet normal  4.799716e-02 -9.988475e-01  0.000000e+00
   outer loop
     vertex  3.029325e+01 -8.982855e+00  2.310000e+01
     vertex  3.004660e+01 -8.994707e+00  0.000000e+00
     vertex  3.029325e+01 -8.982855e+00  0.000000e+00
   endloop
 endfacet
 facet normal  4.799716e-02 -9.988475e-01  0.000000e+00
   outer loop
     vertex  3.029325e+01 -8.982855e+00  2.310000e+01
     vertex  3.004660e+01 -8.994707e+00  2.310000e+01
     vertex  3.004660e+01 -8.994707e+00  0.000000e+00
   endloop
 endfacet
 facet normal  7.538152e-02 -9.971548e-01  0.000000e+00
   outer loop
     vertex  3.053947e+01 -8.964241e+00  2.310000e+01
     vertex  3.029325e+01 -8.982855e+00  0.000000e+00
     vertex  3.053947e+01 -8.964241e+00  0.000000e+00
   endloop
 endfacet
 facet normal  7.538152e-02 -9.971548e-01  0.000000e+00
   outer loop
     vertex  3.053947e+01 -8.964241e+00  2.310000e+01
     vertex  3.029325e+01 -8.982855e+00  2.310000e+01
     vertex  3.029325e+01 -8.982855e+00  0.000000e+00
   endloop
 endfacet
 facet normal  1.027091e-01 -9.947114e-01  0.000000e+00
   outer loop
     vertex  3.078510e+01 -8.938879e+00  2.310000e+01
     vertex  3.053947e+01 -8.964241e+00  0.000000e+00
     vertex  3.078510e+01 -8.938879e+00  0.000000e+00
   endloop
 endfacet
 facet normal  1.027091e-01 -9.947114e-01  0.000000e+00
   outer loop
     vertex  3.078510e+01 -8.938879e+00  2.310000e+01
     vertex  3.053947e+01 -8.964241e+00  2.310000e+01
     vertex  3.053947e+01 -8.964241e+00  0.000000e+00
   endloop
 endfacet
 facet normal  1.299594e-01 -9.915193e-01  0.000000e+00
   outer loop
     vertex  3.102993e+01 -8.906789e+00  2.310000e+01
     vertex  3.078510e+01 -8.938879e+00  0.000000e+00
     vertex  3.102993e+01 -8.906789e+00  0.000000e+00
   endloop
 endfacet
 facet normal  1.571119e-01 -9.875808e-01  0.000000e+00
   outer loop
     vertex  3.102993e+01 -8.906789e+00  2.310000e+01
     vertex  3.102993e+01 -8.906789e+00  0.000000e+00
     vertex  3.127380e+01 -8.867993e+00  0.000000e+00
   endloop
 endfacet
 facet normal  1.299594e-01 -9.915193e-01  0.000000e+00
   outer loop
     vertex  3.102993e+01 -8.906789e+00  2.310000e+01
     vertex  3.078510e+01 -8.938879e+00  2.310000e+01
     vertex  3.078510e+01 -8.938879e+00  0.000000e+00
   endloop
 endfacet
 facet normal  1.571119e-01 -9.875808e-01  0.000000e+00
   outer loop
     vertex  3.127380e+01 -8.867993e+00  2.310000e+01
     vertex  3.102993e+01 -8.906789e+00  2.310000e+01
     vertex  3.127380e+01 -8.867993e+00  0.000000e+00
   endloop
 endfacet
 facet normal  1.841461e-01 -9.828989e-01  0.000000e+00
   outer loop
     vertex  3.151650e+01 -8.822522e+00  2.310000e+01
     vertex  3.127380e+01 -8.867993e+00  0.000000e+00
     vertex  3.151650e+01 -8.822522e+00  0.000000e+00
   endloop
 endfacet
 facet normal  1.841461e-01 -9.828989e-01  0.000000e+00
   outer loop
     vertex  3.151650e+01 -8.822522e+00  2.310000e+01
     vertex  3.127380e+01 -8.867993e+00  2.310000e+01
     vertex  3.127380e+01 -8.867993e+00  0.000000e+00
   endloop
 endfacet
 facet normal  2.110417e-01 -9.774771e-01  0.000000e+00
   outer loop
     vertex  3.175787e+01 -8.770409e+00  2.310000e+01
     vertex  3.151650e+01 -8.822522e+00  0.000000e+00
     vertex  3.175787e+01 -8.770409e+00  0.000000e+00
   endloop
 endfacet
 facet normal  2.110417e-01 -9.774771e-01  0.000000e+00
   outer loop
     vertex  3.175787e+01 -8.770409e+00  2.310000e+01
     vertex  3.151650e+01 -8.822522e+00  2.310000e+01
     vertex  3.151650e+01 -8.822522e+00  0.000000e+00
   endloop
 endfacet
 facet normal  2.377784e-01 -9.713194e-01  0.000000e+00
   outer loop
     vertex  3.199772e+01 -8.711695e+00  2.310000e+01
     vertex  3.175787e+01 -8.770409e+00  0.000000e+00
     vertex  3.199772e+01 -8.711695e+00  0.000000e+00
   endloop
 endfacet
 facet normal  2.377784e-01 -9.713194e-01  0.000000e+00
   outer loop
     vertex  3.199772e+01 -8.711695e+00  2.310000e+01
     vertex  3.175787e+01 -8.770409e+00  2.310000e+01
     vertex  3.175787e+01 -8.770409e+00  0.000000e+00
   endloop
 endfacet
 facet normal  2.643362e-01 -9.644306e-01  0.000000e+00
   outer loop
     vertex  3.223587e+01 -8.646422e+00  2.310000e+01
     vertex  3.199772e+01 -8.711695e+00  0.000000e+00
     vertex  3.223587e+01 -8.646422e+00  0.000000e+00
   endloop
 endfacet
 facet normal  2.643362e-01 -9.644306e-01  0.000000e+00
   outer loop
     vertex  3.223587e+01 -8.646422e+00  2.310000e+01
     vertex  3.199772e+01 -8.711695e+00  2.310000e+01
     vertex  3.199772e+01 -8.711695e+00  0.000000e+00
   endloop
 endfacet
 facet normal  2.906949e-01 -9.568158e-01  0.000000e+00
   outer loop
     vertex  3.247213e+01 -8.574641e+00  2.310000e+01
     vertex  3.223587e+01 -8.646422e+00  0.000000e+00
     vertex  3.247213e+01 -8.574641e+00  0.000000e+00
   endloop
 endfacet
 facet normal  2.906949e-01 -9.568158e-01  0.000000e+00
   outer loop
     vertex  3.247213e+01 -8.574641e+00  2.310000e+01
     vertex  3.223587e+01 -8.646422e+00  2.310000e+01
     vertex  3.223587e+01 -8.646422e+00  0.000000e+00
   endloop
 endfacet
 facet normal  3.168348e-01 -9.484807e-01  0.000000e+00
   outer loop
     vertex  3.270634e+01 -8.496405e+00  2.310000e+01
     vertex  3.247213e+01 -8.574641e+00  0.000000e+00
     vertex  3.270634e+01 -8.496405e+00  0.000000e+00
   endloop
 endfacet
 facet normal  3.168348e-01 -9.484807e-01  0.000000e+00
   outer loop
     vertex  3.270634e+01 -8.496405e+00  2.310000e+01
     vertex  3.247213e+01 -8.574641e+00  2.310000e+01
     vertex  3.247213e+01 -8.574641e+00  0.000000e+00
   endloop
 endfacet
 facet normal  3.427362e-01 -9.394317e-01  0.000000e+00
   outer loop
     vertex  3.293831e+01 -8.411774e+00  2.310000e+01
     vertex  3.270634e+01 -8.496405e+00  0.000000e+00
     vertex  3.293831e+01 -8.411774e+00  0.000000e+00
   endloop
 endfacet
 facet normal  3.427362e-01 -9.394317e-01  0.000000e+00
   outer loop
     vertex  3.293831e+01 -8.411774e+00  2.310000e+01
     vertex  3.270634e+01 -8.496405e+00  2.310000e+01
     vertex  3.270634e+01 -8.496405e+00  0.000000e+00
   endloop
 endfacet
 facet normal  3.683796e-01 -9.296754e-01  0.000000e+00
   outer loop
     vertex  3.316788e+01 -8.320810e+00  2.310000e+01
     vertex  3.293831e+01 -8.411774e+00  0.000000e+00
     vertex  3.316788e+01 -8.320810e+00  0.000000e+00
   endloop
 endfacet
 facet normal  3.683796e-01 -9.296754e-01  0.000000e+00
   outer loop
     vertex  3.316788e+01 -8.320810e+00  2.310000e+01
     vertex  3.293831e+01 -8.411774e+00  2.310000e+01
     vertex  3.293831e+01 -8.411774e+00  0.000000e+00
   endloop
 endfacet
 facet normal  3.937458e-01 -9.192194e-01  0.000000e+00
   outer loop
     vertex  3.339486e+01 -8.223582e+00  2.310000e+01
     vertex  3.316788e+01 -8.320810e+00  2.310000e+01
     vertex  3.316788e+01 -8.320810e+00  0.000000e+00
   endloop
 endfacet
 facet normal  3.937458e-01 -9.192194e-01  0.000000e+00
   outer loop
     vertex  3.339486e+01 -8.223582e+00  2.310000e+01
     vertex  3.316788e+01 -8.320810e+00  0.000000e+00
     vertex  3.339486e+01 -8.223582e+00  0.000000e+00
   endloop
 endfacet
 facet normal  4.188155e-01 -9.080714e-01  0.000000e+00
   outer loop
     vertex  3.361909e+01 -8.120164e+00  2.310000e+01
     vertex  3.339486e+01 -8.223582e+00  2.310000e+01
     vertex  3.339486e+01 -8.223582e+00  0.000000e+00
   endloop
 endfacet
 facet normal  4.188155e-01 -9.080714e-01  0.000000e+00
   outer loop
     vertex  3.361909e+01 -8.120164e+00  2.310000e+01
     vertex  3.339486e+01 -8.223582e+00  0.000000e+00
     vertex  3.361909e+01 -8.120164e+00  0.000000e+00
   endloop
 endfacet
 facet normal  4.435699e-01 -8.962398e-01  0.000000e+00
   outer loop
     vertex  3.384040e+01 -8.010634e+00  2.310000e+01
     vertex  3.361909e+01 -8.120164e+00  2.310000e+01
     vertex  3.361909e+01 -8.120164e+00  0.000000e+00
   endloop
 endfacet
 facet normal  4.435699e-01 -8.962398e-01  0.000000e+00
   outer loop
     vertex  3.384040e+01 -8.010634e+00  2.310000e+01
     vertex  3.361909e+01 -8.120164e+00  0.000000e+00
     vertex  3.384040e+01 -8.010634e+00  0.000000e+00
   endloop
 endfacet
 facet normal  4.679904e-01 -8.837335e-01  0.000000e+00
   outer loop
     vertex  3.405862e+01 -7.895073e+00  2.310000e+01
     vertex  3.384040e+01 -8.010634e+00  2.310000e+01
     vertex  3.384040e+01 -8.010634e+00  0.000000e+00
   endloop
 endfacet
 facet normal  4.679904e-01 -8.837335e-01  0.000000e+00
   outer loop
     vertex  3.405862e+01 -7.895073e+00  2.310000e+01
     vertex  3.384040e+01 -8.010634e+00  0.000000e+00
     vertex  3.405862e+01 -7.895073e+00  0.000000e+00
   endloop
 endfacet
 facet normal  4.920587e-01 -8.705620e-01  0.000000e+00
   outer loop
     vertex  3.427359e+01 -7.773569e+00  2.310000e+01
     vertex  3.405862e+01 -7.895073e+00  0.000000e+00
     vertex  3.427359e+01 -7.773569e+00  0.000000e+00
   endloop
 endfacet
 facet normal  4.920587e-01 -8.705620e-01  0.000000e+00
   outer loop
     vertex  3.427359e+01 -7.773569e+00  2.310000e+01
     vertex  3.405862e+01 -7.895073e+00  2.310000e+01
     vertex  3.405862e+01 -7.895073e+00  0.000000e+00
   endloop
 endfacet
 facet normal  5.157565e-01 -8.567352e-01  0.000000e+00
   outer loop
     vertex  3.448514e+01 -7.646214e+00  2.310000e+01
     vertex  3.427359e+01 -7.773569e+00  0.000000e+00
     vertex  3.448514e+01 -7.646214e+00  0.000000e+00
   endloop
 endfacet
 facet normal  5.157565e-01 -8.567352e-01  0.000000e+00
   outer loop
     vertex  3.448514e+01 -7.646214e+00  2.310000e+01
     vertex  3.427359e+01 -7.773569e+00  2.310000e+01
     vertex  3.427359e+01 -7.773569e+00  0.000000e+00
   endloop
 endfacet
 facet normal  5.390661e-01 -8.422635e-01  0.000000e+00
   outer loop
     vertex  3.469312e+01 -7.513102e+00  2.310000e+01
     vertex  3.448514e+01 -7.646214e+00  0.000000e+00
     vertex  3.469312e+01 -7.513102e+00  0.000000e+00
   endloop
 endfacet
 facet normal  5.390661e-01 -8.422635e-01  0.000000e+00
   outer loop
     vertex  3.469312e+01 -7.513102e+00  2.310000e+01
     vertex  3.448514e+01 -7.646214e+00  2.310000e+01
     vertex  3.448514e+01 -7.646214e+00  0.000000e+00
   endloop
 endfacet
 facet normal  5.619699e-01 -8.271577e-01  0.000000e+00
   outer loop
     vertex  3.489737e+01 -7.374335e+00  2.310000e+01
     vertex  3.469312e+01 -7.513102e+00  0.000000e+00
     vertex  3.489737e+01 -7.374335e+00  0.000000e+00
   endloop
 endfacet
 facet normal  5.619699e-01 -8.271577e-01  0.000000e+00
   outer loop
     vertex  3.489737e+01 -7.374335e+00  2.310000e+01
     vertex  3.469312e+01 -7.513102e+00  2.310000e+01
     vertex  3.469312e+01 -7.513102e+00  0.000000e+00
   endloop
 endfacet
 facet normal  5.844507e-01 -8.114292e-01  0.000000e+00
   outer loop
     vertex  3.509774e+01 -7.230017e+00  2.310000e+01
     vertex  3.489737e+01 -7.374335e+00  0.000000e+00
     vertex  3.509774e+01 -7.230017e+00  0.000000e+00
   endloop
 endfacet
 facet normal  5.844507e-01 -8.114292e-01  0.000000e+00
   outer loop
     vertex  3.509774e+01 -7.230017e+00  2.310000e+01
     vertex  3.489737e+01 -7.374335e+00  2.310000e+01
     vertex  3.489737e+01 -7.374335e+00  0.000000e+00
   endloop
 endfacet
 facet normal  6.064915e-01 -7.950900e-01  0.000000e+00
   outer loop
     vertex  3.529407e+01 -7.080256e+00  2.310000e+01
     vertex  3.509774e+01 -7.230017e+00  0.000000e+00
     vertex  3.529407e+01 -7.080256e+00  0.000000e+00
   endloop
 endfacet
 facet normal  6.064915e-01 -7.950900e-01  0.000000e+00
   outer loop
     vertex  3.529407e+01 -7.080256e+00  2.310000e+01
     vertex  3.509774e+01 -7.230017e+00  2.310000e+01
     vertex  3.509774e+01 -7.230017e+00  0.000000e+00
   endloop
 endfacet
 facet normal  6.280757e-01 -7.781522e-01  0.000000e+00
   outer loop
     vertex  3.548622e+01 -6.925166e+00  2.310000e+01
     vertex  3.529407e+01 -7.080256e+00  0.000000e+00
     vertex  3.548622e+01 -6.925166e+00  0.000000e+00
   endloop
 endfacet
 facet normal  6.280757e-01 -7.781522e-01  0.000000e+00
   outer loop
     vertex  3.548622e+01 -6.925166e+00  2.310000e+01
     vertex  3.529407e+01 -7.080256e+00  2.310000e+01
     vertex  3.529407e+01 -7.080256e+00  0.000000e+00
   endloop
 endfacet
 facet normal  6.491872e-01 -7.606287e-01  0.000000e+00
   outer loop
     vertex  3.567404e+01 -6.764862e+00  2.310000e+01
     vertex  3.548622e+01 -6.925166e+00  0.000000e+00
     vertex  3.567404e+01 -6.764862e+00  0.000000e+00
   endloop
 endfacet
 facet normal  6.491872e-01 -7.606287e-01  0.000000e+00
   outer loop
     vertex  3.567404e+01 -6.764862e+00  2.310000e+01
     vertex  3.548622e+01 -6.925166e+00  2.310000e+01
     vertex  3.548622e+01 -6.925166e+00  0.000000e+00
   endloop
 endfacet
 facet normal  6.698100e-01 -7.425325e-01  0.000000e+00
   outer loop
     vertex  3.585739e+01 -6.599466e+00  2.310000e+01
     vertex  3.567404e+01 -6.764862e+00  0.000000e+00
     vertex  3.585739e+01 -6.599466e+00  0.000000e+00
   endloop
 endfacet
 facet normal  6.698100e-01 -7.425325e-01  0.000000e+00
   outer loop
     vertex  3.585739e+01 -6.599466e+00  2.310000e+01
     vertex  3.567404e+01 -6.764862e+00  2.310000e+01
     vertex  3.567404e+01 -6.764862e+00  0.000000e+00
   endloop
 endfacet
 facet normal  6.899286e-01 -7.238775e-01  0.000000e+00
   outer loop
     vertex  3.603614e+01 -6.429102e+00  2.310000e+01
     vertex  3.585739e+01 -6.599466e+00  0.000000e+00
     vertex  3.603614e+01 -6.429102e+00  0.000000e+00
   endloop
 endfacet
 facet normal  6.899286e-01 -7.238775e-01  0.000000e+00
   outer loop
     vertex  3.603614e+01 -6.429102e+00  2.310000e+01
     vertex  3.585739e+01 -6.599466e+00  2.310000e+01
     vertex  3.585739e+01 -6.599466e+00  0.000000e+00
   endloop
 endfacet
 facet normal  7.095278e-01 -7.046775e-01  0.000000e+00
   outer loop
     vertex  3.621014e+01 -6.253899e+00  2.310000e+01
     vertex  3.603614e+01 -6.429102e+00  0.000000e+00
     vertex  3.621014e+01 -6.253899e+00  0.000000e+00
   endloop
 endfacet
 facet normal  7.095278e-01 -7.046775e-01  0.000000e+00
   outer loop
     vertex  3.621014e+01 -6.253899e+00  2.310000e+01
     vertex  3.603614e+01 -6.429102e+00  2.310000e+01
     vertex  3.603614e+01 -6.429102e+00  0.000000e+00
   endloop
 endfacet
 facet normal  7.285929e-01 -6.849470e-01  0.000000e+00
   outer loop
     vertex  3.637928e+01 -6.073988e+00  2.310000e+01
     vertex  3.621014e+01 -6.253899e+00  0.000000e+00
     vertex  3.637928e+01 -6.073988e+00  0.000000e+00
   endloop
 endfacet
 facet normal  7.285929e-01 -6.849470e-01  0.000000e+00
   outer loop
     vertex  3.637928e+01 -6.073988e+00  2.310000e+01
     vertex  3.621014e+01 -6.253899e+00  2.310000e+01
     vertex  3.621014e+01 -6.253899e+00  0.000000e+00
   endloop
 endfacet
 facet normal  7.471095e-01 -6.647010e-01  0.000000e+00
   outer loop
     vertex  3.654341e+01 -5.889504e+00  2.310000e+01
     vertex  3.637928e+01 -6.073988e+00  0.000000e+00
     vertex  3.654341e+01 -5.889504e+00  0.000000e+00
   endloop
 endfacet
 facet normal  7.471095e-01 -6.647010e-01  0.000000e+00
   outer loop
     vertex  3.654341e+01 -5.889504e+00  2.310000e+01
     vertex  3.637928e+01 -6.073988e+00  2.310000e+01
     vertex  3.637928e+01 -6.073988e+00  0.000000e+00
   endloop
 endfacet
 facet normal  7.650637e-01 -6.439545e-01  0.000000e+00
   outer loop
     vertex  3.670242e+01 -5.700587e+00  2.310000e+01
     vertex  3.654341e+01 -5.889504e+00  0.000000e+00
     vertex  3.670242e+01 -5.700587e+00  0.000000e+00
   endloop
 endfacet
 facet normal  7.650637e-01 -6.439545e-01  0.000000e+00
   outer loop
     vertex  3.670242e+01 -5.700587e+00  2.310000e+01
     vertex  3.654341e+01 -5.889504e+00  2.310000e+01
     vertex  3.654341e+01 -5.889504e+00  0.000000e+00
   endloop
 endfacet
 facet normal  7.824421e-01 -6.227234e-01  0.000000e+00
   outer loop
     vertex  3.685619e+01 -5.507379e+00  2.310000e+01
     vertex  3.670242e+01 -5.700587e+00  0.000000e+00
     vertex  3.685619e+01 -5.507379e+00  0.000000e+00
   endloop
 endfacet
 facet normal  7.824421e-01 -6.227234e-01  0.000000e+00
   outer loop
     vertex  3.685619e+01 -5.507379e+00  2.310000e+01
     vertex  3.670242e+01 -5.700587e+00  2.310000e+01
     vertex  3.670242e+01 -5.700587e+00  0.000000e+00
   endloop
 endfacet
 facet normal  7.992314e-01 -6.010234e-01  0.000000e+00
   outer loop
     vertex  3.700460e+01 -5.310025e+00  2.310000e+01
     vertex  3.685619e+01 -5.507379e+00  0.000000e+00
     vertex  3.700460e+01 -5.310025e+00  0.000000e+00
   endloop
 endfacet
 facet normal  7.992314e-01 -6.010234e-01  0.000000e+00
   outer loop
     vertex  3.700460e+01 -5.310025e+00  2.310000e+01
     vertex  3.685619e+01 -5.507379e+00  2.310000e+01
     vertex  3.685619e+01 -5.507379e+00  0.000000e+00
   endloop
 endfacet
 facet normal  8.154191e-01 -5.788711e-01  0.000000e+00
   outer loop
     vertex  3.714754e+01 -5.108674e+00  2.310000e+01
     vertex  3.700460e+01 -5.310025e+00  0.000000e+00
     vertex  3.714754e+01 -5.108674e+00  0.000000e+00
   endloop
 endfacet
 facet normal  8.154191e-01 -5.788711e-01  0.000000e+00
   outer loop
     vertex  3.714754e+01 -5.108674e+00  2.310000e+01
     vertex  3.700460e+01 -5.310025e+00  2.310000e+01
     vertex  3.700460e+01 -5.310025e+00  0.000000e+00
   endloop
 endfacet
 facet normal  8.309929e-01 -5.562829e-01  0.000000e+00
   outer loop
     vertex  3.728491e+01 -4.903477e+00  2.310000e+01
     vertex  3.714754e+01 -5.108674e+00  0.000000e+00
     vertex  3.728491e+01 -4.903477e+00  0.000000e+00
   endloop
 endfacet
 facet normal  8.309929e-01 -5.562829e-01  0.000000e+00
   outer loop
     vertex  3.728491e+01 -4.903477e+00  2.310000e+01
     vertex  3.714754e+01 -5.108674e+00  2.310000e+01
     vertex  3.714754e+01 -5.108674e+00  0.000000e+00
   endloop
 endfacet
 facet normal  8.459413e-01 -5.332761e-01  0.000000e+00
   outer loop
     vertex  3.741659e+01 -4.694589e+00  2.310000e+01
     vertex  3.728491e+01 -4.903477e+00  0.000000e+00
     vertex  3.741659e+01 -4.694589e+00  0.000000e+00
   endloop
 endfacet
 facet normal  8.459413e-01 -5.332761e-01  0.000000e+00
   outer loop
     vertex  3.741659e+01 -4.694589e+00  2.310000e+01
     vertex  3.728491e+01 -4.903477e+00  2.310000e+01
     vertex  3.728491e+01 -4.903477e+00  0.000000e+00
   endloop
 endfacet
 facet normal  8.602528e-01 -5.098678e-01  0.000000e+00
   outer loop
     vertex  3.754249e+01 -4.482167e+00  2.310000e+01
     vertex  3.741659e+01 -4.694589e+00  0.000000e+00
     vertex  3.754249e+01 -4.482167e+00  0.000000e+00
   endloop
 endfacet
 facet normal  8.739167e-01 -4.860756e-01  0.000000e+00
   outer loop
     vertex  3.754249e+01 -4.482167e+00  2.310000e+01
     vertex  3.754249e+01 -4.482167e+00  0.000000e+00
     vertex  3.766252e+01 -4.266371e+00  0.000000e+00
   endloop
 endfacet
 facet normal  8.602528e-01 -5.098678e-01  0.000000e+00
   outer loop
     vertex  3.754249e+01 -4.482167e+00  2.310000e+01
     vertex  3.741659e+01 -4.694589e+00  2.310000e+01
     vertex  3.741659e+01 -4.694589e+00  0.000000e+00
   endloop
 endfacet
 facet normal  8.739167e-01 -4.860756e-01  0.000000e+00
   outer loop
     vertex  3.766252e+01 -4.266371e+00  2.310000e+01
     vertex  3.754249e+01 -4.482167e+00  2.310000e+01
     vertex  3.766252e+01 -4.266371e+00  0.000000e+00
   endloop
 endfacet
 facet normal  8.869228e-01 -4.619176e-01  0.000000e+00
   outer loop
     vertex  3.777658e+01 -4.047364e+00  2.310000e+01
     vertex  3.766252e+01 -4.266371e+00  2.310000e+01
     vertex  3.766252e+01 -4.266371e+00  0.000000e+00
   endloop
 endfacet
 facet normal  8.869228e-01 -4.619176e-01  0.000000e+00
   outer loop
     vertex  3.777658e+01 -4.047364e+00  2.310000e+01
     vertex  3.766252e+01 -4.266371e+00  0.000000e+00
     vertex  3.777658e+01 -4.047364e+00  0.000000e+00
   endloop
 endfacet
 facet normal  8.992613e-01 -4.374119e-01  0.000000e+00
   outer loop
     vertex  3.788459e+01 -3.825309e+00  2.310000e+01
     vertex  3.777658e+01 -4.047364e+00  2.310000e+01
     vertex  3.777658e+01 -4.047364e+00  0.000000e+00
   endloop
 endfacet
 facet normal  8.992613e-01 -4.374119e-01  0.000000e+00
   outer loop
     vertex  3.788459e+01 -3.825309e+00  2.310000e+01
     vertex  3.777658e+01 -4.047364e+00  0.000000e+00
     vertex  3.788459e+01 -3.825309e+00  0.000000e+00
   endloop
 endfacet
 facet normal  9.109228e-01 -4.125769e-01  0.000000e+00
   outer loop
     vertex  3.798646e+01 -3.600375e+00  2.310000e+01
     vertex  3.788459e+01 -3.825309e+00  2.310000e+01
     vertex  3.788459e+01 -3.825309e+00  0.000000e+00
   endloop
 endfacet
 facet normal  9.109228e-01 -4.125769e-01  0.000000e+00
   outer loop
     vertex  3.798646e+01 -3.600375e+00  2.310000e+01
     vertex  3.788459e+01 -3.825309e+00  0.000000e+00
     vertex  3.798646e+01 -3.600375e+00  0.000000e+00
   endloop
 endfacet
 facet normal  9.218986e-01 -3.874313e-01  0.000000e+00
   outer loop
     vertex  3.798646e+01 -3.600375e+00  2.310000e+01
     vertex  3.798646e+01 -3.600375e+00  0.000000e+00
     vertex  3.808213e+01 -3.372731e+00  0.000000e+00
   endloop
 endfacet
 facet normal  9.218986e-01 -3.874313e-01  0.000000e+00
   outer loop
     vertex  3.808213e+01 -3.372731e+00  2.310000e+01
     vertex  3.798646e+01 -3.600375e+00  2.310000e+01
     vertex  3.808213e+01 -3.372731e+00  0.000000e+00
   endloop
 endfacet
 facet normal  9.321804e-01 -3.619940e-01  0.000000e+00
   outer loop
     vertex  3.817152e+01 -3.142548e+00  2.310000e+01
     vertex  3.808213e+01 -3.372731e+00  2.310000e+01
     vertex  3.808213e+01 -3.372731e+00  0.000000e+00
   endloop
 endfacet
 facet normal  9.321804e-01 -3.619940e-01  0.000000e+00
   outer loop
     vertex  3.817152e+01 -3.142548e+00  2.310000e+01
     vertex  3.808213e+01 -3.372731e+00  0.000000e+00
     vertex  3.817152e+01 -3.142548e+00  0.000000e+00
   endloop
 endfacet
 facet normal  9.417605e-01 -3.362843e-01  0.000000e+00
   outer loop
     vertex  3.825456e+01 -2.910000e+00  2.310000e+01
     vertex  3.817152e+01 -3.142548e+00  2.310000e+01
     vertex  3.817152e+01 -3.142548e+00  0.000000e+00
   endloop
 endfacet
 facet normal  9.417605e-01 -3.362843e-01  0.000000e+00
   outer loop
     vertex  3.825456e+01 -2.910000e+00  2.310000e+01
     vertex  3.817152e+01 -3.142548e+00  0.000000e+00
     vertex  3.825456e+01 -2.910000e+00  0.000000e+00
   endloop
 endfacet
 facet normal  9.506317e-01 -3.103214e-01  0.000000e+00
   outer loop
     vertex  3.833119e+01 -2.675261e+00  2.310000e+01
     vertex  3.825456e+01 -2.910000e+00  2.310000e+01
     vertex  3.825456e+01 -2.910000e+00  0.000000e+00
   endloop
 endfacet
 facet normal  9.506317e-01 -3.103214e-01  0.000000e+00
   outer loop
     vertex  3.833119e+01 -2.675261e+00  2.310000e+01
     vertex  3.825456e+01 -2.910000e+00  0.000000e+00
     vertex  3.833119e+01 -2.675261e+00  0.000000e+00
   endloop
 endfacet
 facet normal  9.587873e-01 -2.841250e-01  0.000000e+00
   outer loop
     vertex  3.840134e+01 -2.438507e+00  2.310000e+01
     vertex  3.833119e+01 -2.675261e+00  2.310000e+01
     vertex  3.833119e+01 -2.675261e+00  0.000000e+00
   endloop
 endfacet
 facet normal  9.587873e-01 -2.841250e-01  0.000000e+00
   outer loop
     vertex  3.840134e+01 -2.438507e+00  2.310000e+01
     vertex  3.833119e+01 -2.675261e+00  0.000000e+00
     vertex  3.840134e+01 -2.438507e+00  0.000000e+00
   endloop
 endfacet
 facet normal  9.662211e-01 -2.577146e-01  0.000000e+00
   outer loop
     vertex  3.846498e+01 -2.199919e+00  2.310000e+01
     vertex  3.840134e+01 -2.438507e+00  2.310000e+01
     vertex  3.840134e+01 -2.438507e+00  0.000000e+00
   endloop
 endfacet
 facet normal  9.662211e-01 -2.577146e-01  0.000000e+00
   outer loop
     vertex  3.846498e+01 -2.199919e+00  2.310000e+01
     vertex  3.840134e+01 -2.438507e+00  0.000000e+00
     vertex  3.846498e+01 -2.199919e+00  0.000000e+00
   endloop
 endfacet
 facet normal  9.729276e-01 -2.311102e-01  0.000000e+00
   outer loop
     vertex  3.852205e+01 -1.959674e+00  2.310000e+01
     vertex  3.846498e+01 -2.199919e+00  2.310000e+01
     vertex  3.846498e+01 -2.199919e+00  0.000000e+00
   endloop
 endfacet
 facet normal  9.729276e-01 -2.311102e-01  0.000000e+00
   outer loop
     vertex  3.852205e+01 -1.959674e+00  2.310000e+01
     vertex  3.846498e+01 -2.199919e+00  0.000000e+00
     vertex  3.852205e+01 -1.959674e+00  0.000000e+00
   endloop
 endfacet
 facet normal  9.789017e-01 -2.043319e-01  0.000000e+00
   outer loop
     vertex  3.857251e+01 -1.717954e+00  2.310000e+01
     vertex  3.852205e+01 -1.959674e+00  2.310000e+01
     vertex  3.852205e+01 -1.959674e+00  0.000000e+00
   endloop
 endfacet
 facet normal  9.789017e-01 -2.043319e-01  0.000000e+00
   outer loop
     vertex  3.857251e+01 -1.717954e+00  2.310000e+01
     vertex  3.852205e+01 -1.959674e+00  0.000000e+00
     vertex  3.857251e+01 -1.717954e+00  0.000000e+00
   endloop
 endfacet
 facet normal  9.841389e-01 -1.773998e-01  0.000000e+00
   outer loop
     vertex  3.861631e+01 -1.474941e+00  2.310000e+01
     vertex  3.857251e+01 -1.717954e+00  2.310000e+01
     vertex  3.857251e+01 -1.717954e+00  0.000000e+00
   endloop
 endfacet
 facet normal  9.841389e-01 -1.773998e-01  0.000000e+00
   outer loop
     vertex  3.861631e+01 -1.474941e+00  2.310000e+01
     vertex  3.857251e+01 -1.717954e+00  0.000000e+00
     vertex  3.861631e+01 -1.474941e+00  0.000000e+00
   endloop
 endfacet
 facet normal  9.886353e-01 -1.503341e-01  0.000000e+00
   outer loop
     vertex  3.861631e+01 -1.474941e+00  2.310000e+01
     vertex  3.861631e+01 -1.474941e+00  0.000000e+00
     vertex  3.865343e+01 -1.230818e+00  0.000000e+00
   endloop
 endfacet
 facet normal  9.886353e-01 -1.503341e-01  0.000000e+00
   outer loop
     vertex  3.865343e+01 -1.230818e+00  2.310000e+01
     vertex  3.861631e+01 -1.474941e+00  2.310000e+01
     vertex  3.865343e+01 -1.230818e+00  0.000000e+00
   endloop
 endfacet
 facet normal  9.923874e-01 -1.231552e-01  0.000000e+00
   outer loop
     vertex  3.868384e+01 -9.857679e-01  2.310000e+01
     vertex  3.865343e+01 -1.230818e+00  0.000000e+00
     vertex  3.868384e+01 -9.857679e-01  0.000000e+00
   endloop
 endfacet
 facet normal  9.923874e-01 -1.231552e-01  0.000000e+00
   outer loop
     vertex  3.868384e+01 -9.857679e-01  2.310000e+01
     vertex  3.865343e+01 -1.230818e+00  2.310000e+01
     vertex  3.865343e+01 -1.230818e+00  0.000000e+00
   endloop
 endfacet
 facet normal  9.953925e-01 -9.588368e-02  0.000000e+00
   outer loop
     vertex  3.870752e+01 -7.399760e-01  2.310000e+01
     vertex  3.868384e+01 -9.857679e-01  0.000000e+00
     vertex  3.870752e+01 -7.399760e-01  0.000000e+00
   endloop
 endfacet
 facet normal  9.953925e-01 -9.588368e-02  0.000000e+00
   outer loop
     vertex  3.870752e+01 -7.399760e-01  2.310000e+01
     vertex  3.868384e+01 -9.857679e-01  2.310000e+01
     vertex  3.868384e+01 -9.857679e-01  0.000000e+00
   endloop
 endfacet
 facet normal  9.976484e-01 -6.853995e-02  0.000000e+00
   outer loop
     vertex  3.872444e+01 -4.936270e-01  2.310000e+01
     vertex  3.870752e+01 -7.399760e-01  0.000000e+00
     vertex  3.872444e+01 -4.936270e-01  0.000000e+00
   endloop
 endfacet
 facet normal  9.976484e-01 -6.853995e-02  0.000000e+00
   outer loop
     vertex  3.872444e+01 -4.936270e-01  2.310000e+01
     vertex  3.870752e+01 -7.399760e-01  2.310000e+01
     vertex  3.870752e+01 -7.399760e-01  0.000000e+00
   endloop
 endfacet
 facet normal  9.991532e-01 -4.114462e-02  0.000000e+00
   outer loop
     vertex  3.873460e+01 -2.469064e-01  2.310000e+01
     vertex  3.872444e+01 -4.936270e-01  0.000000e+00
     vertex  3.873460e+01 -2.469064e-01  0.000000e+00
   endloop
 endfacet
 facet normal  9.991532e-01 -4.114462e-02  0.000000e+00
   outer loop
     vertex  3.873460e+01 -2.469064e-01  2.310000e+01
     vertex  3.872444e+01 -4.936270e-01  2.310000e+01
     vertex  3.872444e+01 -4.936270e-01  0.000000e+00
   endloop
 endfacet
 facet normal  9.999059e-01 -1.371831e-02  0.000000e+00
   outer loop
     vertex  3.873799e+01  0.000000e+00  2.310000e+01
     vertex  3.873460e+01 -2.469064e-01  0.000000e+00
     vertex  3.873799e+01  0.000000e+00  0.000000e+00
   endloop
 endfacet
 facet normal  9.999059e-01 -1.371831e-02  0.000000e+00
   outer loop
     vertex  3.873799e+01  0.000000e+00  2.310000e+01
     vertex  3.873460e+01 -2.469064e-01  2.310000e+01
     vertex  3.873460e+01 -2.469064e-01  0.000000e+00
   endloop
 endfacet
 facet normal  0.000000e+00  0.000000e+00  1.000000e+00
   outer loop
     vertex  2.552943e+01 -4.415653e+00  2.310000e+01
     vertex  2.540987e+01 -4.298533e+00  2.310000e+01
     vertex  2.335224e+01 -6.342097e+00  2.310000e+01
   endloop
 endfacet
 facet normal  0.000000e+00  0.000000e+00  1.000000e+00
   outer loop
     vertex  2.552943e+01 -4.415653e+00  2.310000e+01
     vertex  2.335224e+01 -6.342097e+00  2.310000e+01
     vertex  2.352863e+01 -6.514897e+00  2.310000e+01
   endloop
 endfacet
 facet normal  0.000000e+00  0.000000e+00  1.000000e+00
   outer loop
     vertex  2.529357e+01 -4.178177e+00  2.310000e+01
     vertex  2.335224e+01 -6.342097e+00  2.310000e+01
     vertex  2.540987e+01 -4.298533e+00  2.310000e+01
   endloop
 endfacet
 facet normal  0.000000e+00  0.000000e+00  1.000000e+00
   outer loop
     vertex  2.529357e+01 -4.178177e+00  2.310000e+01
     vertex  2.301401e+01 -5.982309e+00  2.310000e+01
     vertex  2.318066e+01 -6.164523e+00  2.310000e+01
   endloop
 endfacet
 facet normal  0.000000e+00  0.000000e+00  1.000000e+00
   outer loop
     vertex  2.529357e+01 -4.178177e+00  2.310000e+01
     vertex  2.318066e+01 -6.164523e+00  2.310000e+01
     vertex  2.335224e+01 -6.342097e+00  2.310000e+01
   endloop
 endfacet
 facet normal  0.000000e+00  0.000000e+00  1.000000e+00
   outer loop
     vertex  2.565215e+01 -4.529448e+00  2.310000e+01
     vertex  2.352863e+01 -6.514897e+00  2.310000e+01
     vertex  2.370970e+01 -6.682793e+00  2.310000e+01
   endloop
 endfacet
 facet normal  0.000000e+00  0.000000e+00  1.000000e+00
   outer loop
     vertex  2.565215e+01 -4.529448e+00  2.310000e+01
     vertex  2.552943e+01 -4.415653e+00  2.310000e+01
     vertex  2.352863e+01 -6.514897e+00  2.310000e+01
   endloop
 endfacet
 facet normal  0.000000e+00  0.000000e+00  1.000000e+00
   outer loop
     vertex  2.518062e+01 -4.054676e+00  2.310000e+01
     vertex  2.301401e+01 -5.982309e+00  2.310000e+01
     vertex  2.529357e+01 -4.178177e+00  2.310000e+01
   endloop
 endfacet
 facet normal  0.000000e+00  0.000000e+00  1.000000e+00
   outer loop
     vertex  2.577795e+01 -4.639835e+00  2.310000e+01
     vertex  2.370970e+01 -6.682793e+00  2.310000e+01
     vertex  2.389531e+01 -6.845658e+00  2.310000e+01
   endloop
 endfacet
 facet normal  0.000000e+00  0.000000e+00  1.000000e+00
   outer loop
     vertex  2.577795e+01 -4.639835e+00  2.310000e+01
     vertex  2.565215e+01 -4.529448e+00  2.310000e+01
     vertex  2.370970e+01 -6.682793e+00  2.310000e+01
   endloop
 endfacet
 facet normal  0.000000e+00  0.000000e+00  1.000000e+00
   outer loop
     vertex  2.507110e+01 -3.928123e+00  2.310000e+01
     vertex  2.301401e+01 -5.982309e+00  2.310000e+01
     vertex  2.518062e+01 -4.054676e+00  2.310000e+01
   endloop
 endfacet
 facet normal  0.000000e+00  0.000000e+00  1.000000e+00
   outer loop
     vertex  2.507110e+01 -3.928123e+00  2.310000e+01
     vertex  2.285242e+01 -5.795591e+00  2.310000e+01
     vertex  2.301401e+01 -5.982309e+00  2.310000e+01
   endloop
 endfacet
 facet normal  0.000000e+00  0.000000e+00  1.000000e+00
   outer loop
     vertex  2.590673e+01 -4.746728e+00  2.310000e+01
     vertex  2.389531e+01 -6.845658e+00  2.310000e+01
     vertex  2.408531e+01 -7.003370e+00  2.310000e+01
   endloop
 endfacet
 facet normal  0.000000e+00  0.000000e+00  1.000000e+00
   outer loop
     vertex  2.590673e+01 -4.746728e+00  2.310000e+01
     vertex  2.577795e+01 -4.639835e+00  2.310000e+01
     vertex  2.389531e+01 -6.845658e+00  2.310000e+01
   endloop
 endfacet
 facet normal  0.000000e+00  0.000000e+00  1.000000e+00
   outer loop
     vertex  2.496509e+01 -3.798613e+00  2.310000e+01
     vertex  2.285242e+01 -5.795591e+00  2.310000e+01
     vertex  2.507110e+01 -3.928123e+00  2.310000e+01
   endloop
 endfacet
 facet normal  0.000000e+00  0.000000e+00  1.000000e+00
   outer loop
     vertex  2.496509e+01 -3.798613e+00  2.310000e+01
     vertex  2.269601e+01 -5.604510e+00  2.310000e+01
     vertex  2.285242e+01 -5.795591e+00  2.310000e+01
   endloop
 endfacet
 facet normal  0.000000e+00  0.000000e+00  1.000000e+00
   outer loop
     vertex  2.603839e+01 -4.850049e+00  2.310000e+01
     vertex  2.590673e+01 -4.746728e+00  2.310000e+01
     vertex  2.408531e+01 -7.003370e+00  2.310000e+01
   endloop
 endfacet
 facet normal  0.000000e+00  0.000000e+00  1.000000e+00
   outer loop
     vertex  2.603839e+01 -4.850049e+00  2.310000e+01
     vertex  2.408531e+01 -7.003370e+00  2.310000e+01
     vertex  2.427957e+01 -7.155810e+00  2.310000e+01
   endloop
 endfacet
 facet normal  0.000000e+00  0.000000e+00  1.000000e+00
   outer loop
     vertex  2.486268e+01 -3.666243e+00  2.310000e+01
     vertex  2.269601e+01 -5.604510e+00  2.310000e+01
     vertex  2.496509e+01 -3.798613e+00  2.310000e+01
   endloop
 endfacet
 facet normal  0.000000e+00  0.000000e+00  1.000000e+00
   outer loop
     vertex  2.486268e+01 -3.666243e+00  2.310000e+01
     vertex  2.254491e+01 -5.409211e+00  2.310000e+01
     vertex  2.269601e+01 -5.604510e+00  2.310000e+01
   endloop
 endfacet
 facet normal  0.000000e+00  0.000000e+00  1.000000e+00
   outer loop
     vertex  2.617284e+01 -4.949718e+00  2.310000e+01
     vertex  2.427957e+01 -7.155810e+00  2.310000e+01
     vertex  2.447794e+01 -7.302863e+00  2.310000e+01
   endloop
 endfacet
 facet normal  0.000000e+00  0.000000e+00  1.000000e+00
   outer loop
     vertex  2.617284e+01 -4.949718e+00  2.310000e+01
     vertex  2.603839e+01 -4.850049e+00  2.310000e+01
     vertex  2.427957e+01 -7.155810e+00  2.310000e+01
   endloop
 endfacet
 facet normal  0.000000e+00  0.000000e+00  1.000000e+00
   outer loop
     vertex  2.476393e+01 -3.531114e+00  2.310000e+01
     vertex  2.239922e+01 -5.209840e+00  2.310000e+01
     vertex  2.254491e+01 -5.409211e+00  2.310000e+01
   endloop
 endfacet
 facet normal  0.000000e+00  0.000000e+00  1.000000e+00
   outer loop
     vertex  2.476393e+01 -3.531114e+00  2.310000e+01
     vertex  2.254491e+01 -5.409211e+00  2.310000e+01
     vertex  2.486268e+01 -3.666243e+00  2.310000e+01
   endloop
 endfacet
 facet normal  0.000000e+00  0.000000e+00  1.000000e+00
   outer loop
     vertex  2.630997e+01 -5.045662e+00  2.310000e+01
     vertex  2.447794e+01 -7.302863e+00  2.310000e+01
     vertex  2.468026e+01 -7.444419e+00  2.310000e+01
   endloop
 endfacet
 facet normal  0.000000e+00  0.000000e+00  1.000000e+00
   outer loop
     vertex  2.630997e+01 -5.045662e+00  2.310000e+01
     vertex  2.617284e+01 -4.949718e+00  2.310000e+01
     vertex  2.447794e+01 -7.302863e+00  2.310000e+01
   endloop
 endfacet
 facet normal  0.000000e+00  0.000000e+00  1.000000e+00
   outer loop
     vertex  2.466893e+01 -3.393326e+00  2.310000e+01
     vertex  2.225905e+01 -5.006547e+00  2.310000e+01
     vertex  2.239922e+01 -5.209840e+00  2.310000e+01
   endloop
 endfacet
 facet normal  0.000000e+00  0.000000e+00  1.000000e+00
   outer loop
     vertex  2.466893e+01 -3.393326e+00  2.310000e+01
     vertex  2.239922e+01 -5.209840e+00  2.310000e+01
     vertex  2.476393e+01 -3.531114e+00  2.310000e+01
   endloop
 endfacet
 facet normal  0.000000e+00  0.000000e+00  1.000000e+00
   outer loop
     vertex  2.644969e+01 -5.137807e+00  2.310000e+01
     vertex  2.630997e+01 -5.045662e+00  2.310000e+01
     vertex  2.468026e+01 -7.444419e+00  2.310000e+01
   endloop
 endfacet
 facet normal  0.000000e+00  0.000000e+00  1.000000e+00
   outer loop
     vertex  2.644969e+01 -5.137807e+00  2.310000e+01
     vertex  2.468026e+01 -7.444419e+00  2.310000e+01
     vertex  2.488640e+01 -7.580371e+00  2.310000e+01
   endloop
 endfacet
 facet normal  0.000000e+00  0.000000e+00  1.000000e+00
   outer loop
     vertex  2.644969e+01 -5.137807e+00  2.310000e+01
     vertex  2.488640e+01 -7.580371e+00  2.310000e+01
     vertex  2.509618e+01 -7.710617e+00  2.310000e+01
   endloop
 endfacet
 facet normal  0.000000e+00  0.000000e+00  1.000000e+00
   outer loop
     vertex  2.457775e+01 -3.252984e+00  2.310000e+01
     vertex  2.212452e+01 -4.799485e+00  2.310000e+01
     vertex  2.225905e+01 -5.006547e+00  2.310000e+01
   endloop
 endfacet
 facet normal  0.000000e+00  0.000000e+00  1.000000e+00
   outer loop
     vertex  2.457775e+01 -3.252984e+00  2.310000e+01
     vertex  2.225905e+01 -5.006547e+00  2.310000e+01
     vertex  2.466893e+01 -3.393326e+00  2.310000e+01
   endloop
 endfacet
 facet normal  0.000000e+00  0.000000e+00  1.000000e+00
   outer loop
     vertex  2.659188e+01 -5.226085e+00  2.310000e+01
     vertex  2.644969e+01 -5.137807e+00  2.310000e+01
     vertex  2.509618e+01 -7.710617e+00  2.310000e+01
   endloop
 endfacet
 facet normal  0.000000e+00  0.000000e+00  1.000000e+00
   outer loop
     vertex  2.449045e+01 -3.110193e+00  2.310000e+01
     vertex  2.199572e+01 -4.588810e+00  2.310000e+01
     vertex  2.212452e+01 -4.799485e+00  2.310000e+01
   endloop
 endfacet
 facet normal  0.000000e+00  0.000000e+00  1.000000e+00
   outer loop
     vertex  2.449045e+01 -3.110193e+00  2.310000e+01
     vertex  2.212452e+01 -4.799485e+00  2.310000e+01
     vertex  2.457775e+01 -3.252984e+00  2.310000e+01
   endloop
 endfacet
 facet normal  0.000000e+00  0.000000e+00  1.000000e+00
   outer loop
     vertex  2.673643e+01 -5.310428e+00  2.310000e+01
     vertex  2.509618e+01 -7.710617e+00  2.310000e+01
     vertex  2.530946e+01 -7.835058e+00  2.310000e+01
   endloop
 endfacet
 facet normal  0.000000e+00  0.000000e+00  1.000000e+00
   outer loop
     vertex  2.673643e+01 -5.310428e+00  2.310000e+01
     vertex  2.659188e+01 -5.226085e+00  2.310000e+01
     vertex  2.509618e+01 -7.710617e+00  2.310000e+01
   endloop
 endfacet
 facet normal  0.000000e+00  0.000000e+00  1.000000e+00
   outer loop
     vertex  2.440710e+01 -2.965061e+00  2.310000e+01
     vertex  2.175569e+01 -4.157259e+00  2.310000e+01
     vertex  2.187274e+01 -4.374681e+00  2.310000e+01
   endloop
 endfacet
 facet normal  0.000000e+00  0.000000e+00  1.000000e+00
   outer loop
     vertex  2.440710e+01 -2.965061e+00  2.310000e+01
     vertex  2.187274e+01 -4.374681e+00  2.310000e+01
     vertex  2.199572e+01 -4.588810e+00  2.310000e+01
   endloop
 endfacet
 facet normal  0.000000e+00  0.000000e+00  1.000000e+00
   outer loop
     vertex  2.440710e+01 -2.965061e+00  2.310000e+01
     vertex  2.199572e+01 -4.588810e+00  2.310000e+01
     vertex  2.449045e+01 -3.110193e+00  2.310000e+01
   endloop
 endfacet
 facet normal  0.000000e+00  0.000000e+00  1.000000e+00
   outer loop
     vertex  2.688325e+01 -5.390775e+00  2.310000e+01
     vertex  2.530946e+01 -7.835058e+00  2.310000e+01
     vertex  2.552608e+01 -7.953602e+00  2.310000e+01
   endloop
 endfacet
 facet normal  0.000000e+00  0.000000e+00  1.000000e+00
   outer loop
     vertex  2.688325e+01 -5.390775e+00  2.310000e+01
     vertex  2.673643e+01 -5.310428e+00  2.310000e+01
     vertex  2.530946e+01 -7.835058e+00  2.310000e+01
   endloop
 endfacet
 facet normal  0.000000e+00  0.000000e+00  1.000000e+00
   outer loop
     vertex  2.432776e+01 -2.817697e+00  2.310000e+01
     vertex  2.175569e+01 -4.157259e+00  2.310000e+01
     vertex  2.440710e+01 -2.965061e+00  2.310000e+01
   endloop
 endfacet
 facet normal  0.000000e+00  0.000000e+00  1.000000e+00
   outer loop
     vertex  2.703221e+01 -5.467063e+00  2.310000e+01
     vertex  2.688325e+01 -5.390775e+00  2.310000e+01
     vertex  2.552608e+01 -7.953602e+00  2.310000e+01
   endloop
 endfacet
 facet normal  0.000000e+00  0.000000e+00  1.000000e+00
   outer loop
     vertex  2.703221e+01 -5.467063e+00  2.310000e+01
     vertex  2.552608e+01 -7.953602e+00  2.310000e+01
     vertex  2.574586e+01 -8.066158e+00  2.310000e+01
   endloop
 endfacet
 facet normal  0.000000e+00  0.000000e+00  1.000000e+00
   outer loop
     vertex  2.425250e+01 -2.668212e+00  2.310000e+01
     vertex  2.153969e+01 -3.713192e+00  2.310000e+01
     vertex  2.164464e+01 -3.936707e+00  2.310000e+01
   endloop
 endfacet
 facet normal  0.000000e+00  0.000000e+00  1.000000e+00
   outer loop
     vertex  2.425250e+01 -2.668212e+00  2.310000e+01
     vertex  2.164464e+01 -3.936707e+00  2.310000e+01
     vertex  2.175569e+01 -4.157259e+00  2.310000e+01
   endloop
 endfacet
 facet normal  0.000000e+00  0.000000e+00  1.000000e+00
   outer loop
     vertex  2.425250e+01 -2.668212e+00  2.310000e+01
     vertex  2.175569e+01 -4.157259e+00  2.310000e+01
     vertex  2.432776e+01 -2.817697e+00  2.310000e+01
   endloop
 endfacet
 facet normal  0.000000e+00  0.000000e+00  1.000000e+00
   outer loop
     vertex  2.718322e+01 -5.539235e+00  2.310000e+01
     vertex  2.703221e+01 -5.467063e+00  2.310000e+01
     vertex  2.574586e+01 -8.066158e+00  2.310000e+01
   endloop
 endfacet
 facet normal  0.000000e+00  0.000000e+00  1.000000e+00
   outer loop
     vertex  2.718322e+01 -5.539235e+00  2.310000e+01
     vertex  2.574586e+01 -8.066158e+00  2.310000e+01
     vertex  2.596865e+01 -8.172642e+00  2.310000e+01
   endloop
 endfacet
 facet normal  0.000000e+00  0.000000e+00  1.000000e+00
   outer loop
     vertex  2.718322e+01 -5.539235e+00  2.310000e+01
     vertex  2.596865e+01 -8.172642e+00  2.310000e+01
     vertex  2.619428e+01 -8.272974e+00  2.310000e+01
   endloop
 endfacet
 facet normal  0.000000e+00  0.000000e+00  1.000000e+00
   outer loop
     vertex  2.418136e+01 -2.516719e+00  2.310000e+01
     vertex  2.153969e+01 -3.713192e+00  2.310000e+01
     vertex  2.425250e+01 -2.668212e+00  2.310000e+01
   endloop
 endfacet
 facet normal  0.000000e+00  0.000000e+00  1.000000e+00
   outer loop
     vertex  2.733614e+01 -5.607238e+00  2.310000e+01
     vertex  2.718322e+01 -5.539235e+00  2.310000e+01
     vertex  2.619428e+01 -8.272974e+00  2.310000e+01
   endloop
 endfacet
 facet normal  0.000000e+00  0.000000e+00  1.000000e+00
   outer loop
     vertex  2.411441e+01 -2.363331e+00  2.310000e+01
     vertex  2.153969e+01 -3.713192e+00  2.310000e+01
     vertex  2.418136e+01 -2.516719e+00  2.310000e+01
   endloop
 endfacet
 facet normal  0.000000e+00  0.000000e+00  1.000000e+00
   outer loop
     vertex  2.411441e+01 -2.363331e+00  2.310000e+01
     vertex  2.134837e+01 -3.257946e+00  2.310000e+01
     vertex  2.144090e+01 -3.486881e+00  2.310000e+01
   endloop
 endfacet
 facet normal  0.000000e+00  0.000000e+00  1.000000e+00
   outer loop
     vertex  2.411441e+01 -2.363331e+00  2.310000e+01
     vertex  2.144090e+01 -3.486881e+00  2.310000e+01
     vertex  2.153969e+01 -3.713192e+00  2.310000e+01
   endloop
 endfacet
 facet normal  0.000000e+00  0.000000e+00  1.000000e+00
   outer loop
     vertex  2.749088e+01 -5.671020e+00  2.310000e+01
     vertex  2.619428e+01 -8.272974e+00  2.310000e+01
     vertex  2.642257e+01 -8.367079e+00  2.310000e+01
   endloop
 endfacet
 facet normal  0.000000e+00  0.000000e+00  1.000000e+00
   outer loop
     vertex  2.749088e+01 -5.671020e+00  2.310000e+01
     vertex  2.642257e+01 -8.367079e+00  2.310000e+01
     vertex  2.665337e+01 -8.454885e+00  2.310000e+01
   endloop
 endfacet
 facet normal  0.000000e+00  0.000000e+00  1.000000e+00
   outer loop
     vertex  2.749088e+01 -5.671020e+00  2.310000e+01
     vertex  2.733614e+01 -5.607238e+00  2.310000e+01
     vertex  2.619428e+01 -8.272974e+00  2.310000e+01
   endloop
 endfacet
 facet normal  0.000000e+00  0.000000e+00  1.000000e+00
   outer loop
     vertex  2.405169e+01 -2.208164e+00  2.310000e+01
     vertex  2.134837e+01 -3.257946e+00  2.310000e+01
     vertex  2.411441e+01 -2.363331e+00  2.310000e+01
   endloop
 endfacet
 facet normal  0.000000e+00  0.000000e+00  1.000000e+00
   outer loop
     vertex  2.764730e+01 -5.730533e+00  2.310000e+01
     vertex  2.749088e+01 -5.671020e+00  2.310000e+01
     vertex  2.665337e+01 -8.454885e+00  2.310000e+01
   endloop
 endfacet
 facet normal  0.000000e+00  0.000000e+00  1.000000e+00
   outer loop
     vertex  2.399325e+01 -2.051334e+00  2.310000e+01
     vertex  2.126215e+01 -3.026559e+00  2.310000e+01
     vertex  2.134837e+01 -3.257946e+00  2.310000e+01
   endloop
 endfacet
 facet normal  0.000000e+00  0.000000e+00  1.000000e+00
   outer loop
     vertex  2.399325e+01 -2.051334e+00  2.310000e+01
     vertex  2.134837e+01 -3.257946e+00  2.310000e+01
     vertex  2.405169e+01 -2.208164e+00  2.310000e+01
   endloop
 endfacet
 facet normal  0.000000e+00  0.000000e+00  1.000000e+00
   outer loop
     vertex  2.780530e+01 -5.785732e+00  2.310000e+01
     vertex  2.764730e+01 -5.730533e+00  2.310000e+01
     vertex  2.665337e+01 -8.454885e+00  2.310000e+01
   endloop
 endfacet
 facet normal  0.000000e+00  0.000000e+00  1.000000e+00
   outer loop
     vertex  2.780530e+01 -5.785732e+00  2.310000e+01
     vertex  2.665337e+01 -8.454885e+00  2.310000e+01
     vertex  2.688648e+01 -8.536327e+00  2.310000e+01
   endloop
 endfacet
 facet normal  0.000000e+00  0.000000e+00  1.000000e+00
   outer loop
     vertex  2.393914e+01 -1.892961e+00  2.310000e+01
     vertex  2.110891e+01 -2.557125e+00  2.310000e+01
     vertex  2.118231e+01 -2.792893e+00  2.310000e+01
   endloop
 endfacet
 facet normal  0.000000e+00  0.000000e+00  1.000000e+00
   outer loop
     vertex  2.393914e+01 -1.892961e+00  2.310000e+01
     vertex  2.118231e+01 -2.792893e+00  2.310000e+01
     vertex  2.126215e+01 -3.026559e+00  2.310000e+01
   endloop
 endfacet
 facet normal  0.000000e+00  0.000000e+00  1.000000e+00
   outer loop
     vertex  2.393914e+01 -1.892961e+00  2.310000e+01
     vertex  2.126215e+01 -3.026559e+00  2.310000e+01
     vertex  2.399325e+01 -2.051334e+00  2.310000e+01
   endloop
 endfacet
 facet normal  0.000000e+00  0.000000e+00  1.000000e+00
   outer loop
     vertex  2.796475e+01 -5.836576e+00  2.310000e+01
     vertex  2.688648e+01 -8.536327e+00  2.310000e+01
     vertex  2.712174e+01 -8.611342e+00  2.310000e+01
   endloop
 endfacet
 facet normal  0.000000e+00  0.000000e+00  1.000000e+00
   outer loop
     vertex  2.796475e+01 -5.836576e+00  2.310000e+01
     vertex  2.712174e+01 -8.611342e+00  2.310000e+01
     vertex  2.735897e+01 -8.679875e+00  2.310000e+01
   endloop
 endfacet
 facet normal  0.000000e+00  0.000000e+00  1.000000e+00
   outer loop
     vertex  2.796475e+01 -5.836576e+00  2.310000e+01
     vertex  2.780530e+01 -5.785732e+00  2.310000e+01
     vertex  2.688648e+01 -8.536327e+00  2.310000e+01
   endloop
 endfacet
 facet normal  0.000000e+00  0.000000e+00  1.000000e+00
   outer loop
     vertex  2.388939e+01 -1.733162e+00  2.310000e+01
     vertex  2.110891e+01 -2.557125e+00  2.310000e+01
     vertex  2.393914e+01 -1.892961e+00  2.310000e+01
   endloop
 endfacet
 facet normal  0.000000e+00  0.000000e+00  1.000000e+00
   outer loop
     vertex  2.812554e+01 -5.883027e+00  2.310000e+01
     vertex  2.796475e+01 -5.836576e+00  2.310000e+01
     vertex  2.735897e+01 -8.679875e+00  2.310000e+01
   endloop
 endfacet
 facet normal  0.000000e+00  0.000000e+00  1.000000e+00
   outer loop
     vertex  2.812554e+01 -5.883027e+00  2.310000e+01
     vertex  2.735897e+01 -8.679875e+00  2.310000e+01
     vertex  2.759799e+01 -8.741875e+00  2.310000e+01
   endloop
 endfacet
 facet normal  0.000000e+00  0.000000e+00  1.000000e+00
   outer loop
     vertex  2.384404e+01 -1.572059e+00  2.310000e+01
     vertex  2.098164e+01 -2.079992e+00  2.310000e+01
     vertex  2.104200e+01 -2.319431e+00  2.310000e+01
   endloop
 endfacet
 facet normal  0.000000e+00  0.000000e+00  1.000000e+00
   outer loop
     vertex  2.384404e+01 -1.572059e+00  2.310000e+01
     vertex  2.104200e+01 -2.319431e+00  2.310000e+01
     vertex  2.110891e+01 -2.557125e+00  2.310000e+01
   endloop
 endfacet
 facet normal  0.000000e+00  0.000000e+00  1.000000e+00
   outer loop
     vertex  2.384404e+01 -1.572059e+00  2.310000e+01
     vertex  2.110891e+01 -2.557125e+00  2.310000e+01
     vertex  2.388939e+01 -1.733162e+00  2.310000e+01
   endloop
 endfacet
 facet normal  0.000000e+00  0.000000e+00  1.000000e+00
   outer loop
     vertex  2.828754e+01 -5.925048e+00  2.310000e+01
     vertex  2.759799e+01 -8.741875e+00  2.310000e+01
     vertex  2.783862e+01 -8.797294e+00  2.310000e+01
   endloop
 endfacet
 facet normal  0.000000e+00  0.000000e+00  1.000000e+00
   outer loop
     vertex  2.828754e+01 -5.925048e+00  2.310000e+01
     vertex  2.812554e+01 -5.883027e+00  2.310000e+01
     vertex  2.759799e+01 -8.741875e+00  2.310000e+01
   endloop
 endfacet
 facet normal  0.000000e+00  0.000000e+00  1.000000e+00
   outer loop
     vertex  2.380313e+01 -1.409773e+00  2.310000e+01
     vertex  2.098164e+01 -2.079992e+00  2.310000e+01
     vertex  2.384404e+01 -1.572059e+00  2.310000e+01
   endloop
 endfacet
 facet normal  0.000000e+00  0.000000e+00  1.000000e+00
   outer loop
     vertex  2.845064e+01 -5.962610e+00  2.310000e+01
     vertex  2.828754e+01 -5.925048e+00  2.310000e+01
     vertex  2.783862e+01 -8.797294e+00  2.310000e+01
   endloop
 endfacet
 facet normal  0.000000e+00  0.000000e+00  1.000000e+00
   outer loop
     vertex  2.376669e+01 -1.246425e+00  2.310000e+01
     vertex  2.098164e+01 -2.079992e+00  2.310000e+01
     vertex  2.380313e+01 -1.409773e+00  2.310000e+01
   endloop
 endfacet
 facet normal  0.000000e+00  0.000000e+00  1.000000e+00
   outer loop
     vertex  2.376669e+01 -1.246425e+00  2.310000e+01
     vertex  2.092788e+01 -1.838987e+00  2.310000e+01
     vertex  2.098164e+01 -2.079992e+00  2.310000e+01
   endloop
 endfacet
 facet normal  0.000000e+00  0.000000e+00  1.000000e+00
   outer loop
     vertex  2.861470e+01 -5.995683e+00  2.310000e+01
     vertex  2.783862e+01 -8.797294e+00  2.310000e+01
     vertex  2.808068e+01 -8.846090e+00  2.310000e+01
   endloop
 endfacet
 facet normal  0.000000e+00  0.000000e+00  1.000000e+00
   outer loop
     vertex  2.861470e+01 -5.995683e+00  2.310000e+01
     vertex  2.808068e+01 -8.846090e+00  2.310000e+01
     vertex  2.832398e+01 -8.888227e+00  2.310000e+01
   endloop
 endfacet
 facet normal  0.000000e+00  0.000000e+00  1.000000e+00
   outer loop
     vertex  2.861470e+01 -5.995683e+00  2.310000e+01
     vertex  2.845064e+01 -5.962610e+00  2.310000e+01
     vertex  2.783862e+01 -8.797294e+00  2.310000e+01
   endloop
 endfacet
 facet normal  0.000000e+00  0.000000e+00  1.000000e+00
   outer loop
     vertex  2.373474e+01 -1.082139e+00  2.310000e+01
     vertex  2.092788e+01 -1.838987e+00  2.310000e+01
     vertex  2.376669e+01 -1.246425e+00  2.310000e+01
   endloop
 endfacet
 facet normal  0.000000e+00  0.000000e+00  1.000000e+00
   outer loop
     vertex  2.373474e+01 -1.082139e+00  2.310000e+01
     vertex  2.088074e+01 -1.596598e+00  2.310000e+01
     vertex  2.092788e+01 -1.838987e+00  2.310000e+01
   endloop
 endfacet
 facet normal  0.000000e+00  0.000000e+00  1.000000e+00
   outer loop
     vertex  2.877961e+01 -6.024243e+00  2.310000e+01
     vertex  2.861470e+01 -5.995683e+00  2.310000e+01
     vertex  2.832398e+01 -8.888227e+00  2.310000e+01
   endloop
 endfacet
 facet normal  0.000000e+00  0.000000e+00  1.000000e+00
   outer loop
     vertex  2.877961e+01 -6.024243e+00  2.310000e+01
     vertex  2.832398e+01 -8.888227e+00  2.310000e+01
     vertex  2.856836e+01 -8.923674e+00  2.310000e+01
   endloop
 endfacet
 facet normal  0.000000e+00  0.000000e+00  1.000000e+00
   outer loop
     vertex  2.370732e+01 -9.170380e-01  2.310000e+01
     vertex  2.080650e+01 -1.108397e+00  2.310000e+01
     vertex  2.084027e+01 -1.353007e+00  2.310000e+01
   endloop
 endfacet
 facet normal  0.000000e+00  0.000000e+00  1.000000e+00
   outer loop
     vertex  2.370732e+01 -9.170380e-01  2.310000e+01
     vertex  2.084027e+01 -1.353007e+00  2.310000e+01
     vertex  2.088074e+01 -1.596598e+00  2.310000e+01
   endloop
 endfacet
 facet normal  0.000000e+00  0.000000e+00  1.000000e+00
   outer loop
     vertex  2.370732e+01 -9.170380e-01  2.310000e+01
     vertex  2.088074e+01 -1.596598e+00  2.310000e+01
     vertex  2.373474e+01 -1.082139e+00  2.310000e+01
   endloop
 endfacet
 facet normal  0.000000e+00  0.000000e+00  1.000000e+00
   outer loop
     vertex  2.894524e+01 -6.048268e+00  2.310000e+01
     vertex  2.877961e+01 -6.024243e+00  2.310000e+01
     vertex  2.856836e+01 -8.923674e+00  2.310000e+01
   endloop
 endfacet
 facet normal  0.000000e+00  0.000000e+00  1.000000e+00
   outer loop
     vertex  2.368443e+01 -7.512470e-01  2.310000e+01
     vertex  2.077946e+01 -8.629532e-01  2.310000e+01
     vertex  2.080650e+01 -1.108397e+00  2.310000e+01
   endloop
 endfacet
 facet normal  0.000000e+00  0.000000e+00  1.000000e+00
   outer loop
     vertex  2.368443e+01 -7.512470e-01  2.310000e+01
     vertex  2.080650e+01 -1.108397e+00  2.310000e+01
     vertex  2.370732e+01 -9.170380e-01  2.310000e+01
   endloop
 endfacet
 facet normal  0.000000e+00  0.000000e+00  1.000000e+00
   outer loop
     vertex  2.911147e+01 -6.067740e+00  2.310000e+01
     vertex  2.894524e+01 -6.048268e+00  2.310000e+01
     vertex  2.856836e+01 -8.923674e+00  2.310000e+01
   endloop
 endfacet
 facet normal  0.000000e+00  0.000000e+00  1.000000e+00
   outer loop
     vertex  2.911147e+01 -6.067740e+00  2.310000e+01
     vertex  2.856836e+01 -8.923674e+00  2.310000e+01
     vertex  2.881361e+01 -8.952403e+00  2.310000e+01
   endloop
 endfacet
 facet normal  0.000000e+00  0.000000e+00  1.000000e+00
   outer loop
     vertex  2.366610e+01 -5.848905e-01  2.310000e+01
     vertex  2.077946e+01 -8.629532e-01  2.310000e+01
     vertex  2.368443e+01 -7.512470e-01  2.310000e+01
   endloop
 endfacet
 facet normal  0.000000e+00  0.000000e+00  1.000000e+00
   outer loop
     vertex  2.927816e+01 -6.082644e+00  2.310000e+01
     vertex  2.881361e+01 -8.952403e+00  2.310000e+01
     vertex  2.905956e+01 -8.974393e+00  2.310000e+01
   endloop
 endfacet
 facet normal  0.000000e+00  0.000000e+00  1.000000e+00
   outer loop
     vertex  2.927816e+01 -6.082644e+00  2.310000e+01
     vertex  2.911147e+01 -6.067740e+00  2.310000e+01
     vertex  2.881361e+01 -8.952403e+00  2.310000e+01
   endloop
 endfacet
 facet normal  0.000000e+00  0.000000e+00  1.000000e+00
   outer loop
     vertex  2.365234e+01 -4.180937e-01  2.310000e+01
     vertex  2.075916e+01 -6.168595e-01  2.310000e+01
     vertex  2.077946e+01 -8.629532e-01  2.310000e+01
   endloop
 endfacet
 facet normal  0.000000e+00  0.000000e+00  1.000000e+00
   outer loop
     vertex  2.365234e+01 -4.180937e-01  2.310000e+01
     vertex  2.077946e+01 -8.629532e-01  2.310000e+01
     vertex  2.366610e+01 -5.848905e-01  2.310000e+01
   endloop
 endfacet
 facet normal  0.000000e+00  0.000000e+00  1.000000e+00
   outer loop
     vertex  2.944521e+01 -6.092970e+00  2.310000e+01
     vertex  2.905956e+01 -8.974393e+00  2.310000e+01
     vertex  2.930602e+01 -8.989627e+00  2.310000e+01
   endloop
 endfacet
 facet normal  0.000000e+00  0.000000e+00  1.000000e+00
   outer loop
     vertex  2.944521e+01 -6.092970e+00  2.310000e+01
     vertex  2.927816e+01 -6.082644e+00  2.310000e+01
     vertex  2.905956e+01 -8.974393e+00  2.310000e+01
   endloop
 endfacet
 facet normal  0.000000e+00  0.000000e+00  1.000000e+00
   outer loop
     vertex  2.364316e+01 -2.509822e-01  2.310000e+01
     vertex  2.074561e+01 -3.703016e-01  2.310000e+01
     vertex  2.075916e+01 -6.168595e-01  2.310000e+01
   endloop
 endfacet
 facet normal  0.000000e+00  0.000000e+00  1.000000e+00
   outer loop
     vertex  2.364316e+01 -2.509822e-01  2.310000e+01
     vertex  2.075916e+01 -6.168595e-01  2.310000e+01
     vertex  2.365234e+01 -4.180937e-01  2.310000e+01
   endloop
 endfacet
 facet normal  0.000000e+00  0.000000e+00  1.000000e+00
   outer loop
     vertex  2.961247e+01 -6.098708e+00  2.310000e+01
     vertex  2.930602e+01 -8.989627e+00  2.310000e+01
     vertex  2.955280e+01 -8.998095e+00  2.310000e+01
   endloop
 endfacet
 facet normal  0.000000e+00  0.000000e+00  1.000000e+00
   outer loop
     vertex  2.961247e+01 -6.098708e+00  2.310000e+01
     vertex  2.955280e+01 -8.998095e+00  2.310000e+01
     vertex  2.979973e+01 -8.999788e+00  2.310000e+01
   endloop
 endfacet
 facet normal  0.000000e+00  0.000000e+00  1.000000e+00
   outer loop
     vertex  2.961247e+01 -6.098708e+00  2.310000e+01
     vertex  2.944521e+01 -6.092970e+00  2.310000e+01
     vertex  2.930602e+01 -8.989627e+00  2.310000e+01
   endloop
 endfacet
 facet normal  0.000000e+00  0.000000e+00  1.000000e+00
   outer loop
     vertex  2.363857e+01 -8.368172e-02  2.310000e+01
     vertex  2.073884e+01 -1.234648e-01  2.310000e+01
     vertex  2.074561e+01 -3.703016e-01  2.310000e+01
   endloop
 endfacet
 facet normal  0.000000e+00  0.000000e+00  1.000000e+00
   outer loop
     vertex  2.363857e+01 -8.368172e-02  2.310000e+01
     vertex  2.074561e+01 -3.703016e-01  2.310000e+01
     vertex  2.364316e+01 -2.509822e-01  2.310000e+01
   endloop
 endfacet
 facet normal  0.000000e+00  0.000000e+00  1.000000e+00
   outer loop
     vertex  2.977983e+01 -6.099856e+00  2.310000e+01
     vertex  2.961247e+01 -6.098708e+00  2.310000e+01
     vertex  2.979973e+01 -8.999788e+00  2.310000e+01
   endloop
 endfacet
 facet normal  0.000000e+00  0.000000e+00  1.000000e+00
   outer loop
     vertex  2.977983e+01 -6.099856e+00  2.310000e+01
     vertex  2.979973e+01 -8.999788e+00  2.310000e+01
     vertex  3.004660e+01 -8.994707e+00  2.310000e+01
   endloop
 endfacet
 facet normal  0.000000e+00  0.000000e+00  1.000000e+00
   outer loop
     vertex  2.363857e+01  8.368172e-02  2.310000e+01
     vertex  2.073884e+01  1.234648e-01  2.310000e+01
     vertex  2.073884e+01 -1.234648e-01  2.310000e+01
   endloop
 endfacet
 facet normal  0.000000e+00  0.000000e+00  1.000000e+00
   outer loop
     vertex  2.363857e+01  8.368172e-02  2.310000e+01
     vertex  2.073884e+01 -1.234648e-01  2.310000e+01
     vertex  2.363857e+01 -8.368172e-02  2.310000e+01
   endloop
 endfacet
 facet normal  0.000000e+00  0.000000e+00  1.000000e+00
   outer loop
     vertex  2.994716e+01 -6.096413e+00  2.310000e+01
     vertex  2.977983e+01 -6.099856e+00  2.310000e+01
     vertex  3.004660e+01 -8.994707e+00  2.310000e+01
   endloop
 endfacet
 facet normal  0.000000e+00  0.000000e+00  1.000000e+00
   outer loop
     vertex  2.364316e+01  2.509822e-01  2.310000e+01
     vertex  2.073884e+01  1.234648e-01  2.310000e+01
     vertex  2.363857e+01  8.368172e-02  2.310000e+01
   endloop
 endfacet
 facet normal  0.000000e+00  0.000000e+00  1.000000e+00
   outer loop
     vertex  2.364316e+01  2.509822e-01  2.310000e+01
     vertex  2.074561e+01  3.703016e-01  2.310000e+01
     vertex  2.073884e+01  1.234648e-01  2.310000e+01
   endloop
 endfacet
 facet normal  0.000000e+00  0.000000e+00  1.000000e+00
   outer loop
     vertex  3.011433e+01 -6.088380e+00  2.310000e+01
     vertex  2.994716e+01 -6.096413e+00  2.310000e+01
     vertex  3.004660e+01 -8.994707e+00  2.310000e+01
   endloop
 endfacet
 facet normal  0.000000e+00  0.000000e+00  1.000000e+00
   outer loop
     vertex  3.011433e+01 -6.088380e+00  2.310000e+01
     vertex  3.004660e+01 -8.994707e+00  2.310000e+01
     vertex  3.029325e+01 -8.982855e+00  2.310000e+01
   endloop
 endfacet
 facet normal  0.000000e+00  0.000000e+00  1.000000e+00
   outer loop
     vertex  3.011433e+01 -6.088380e+00  2.310000e+01
     vertex  3.029325e+01 -8.982855e+00  2.310000e+01
     vertex  3.053947e+01 -8.964241e+00  2.310000e+01
   endloop
 endfacet
 facet normal  0.000000e+00  0.000000e+00  1.000000e+00
   outer loop
     vertex  2.365234e+01  4.180937e-01  2.310000e+01
     vertex  2.074561e+01  3.703016e-01  2.310000e+01
     vertex  2.364316e+01  2.509822e-01  2.310000e+01
   endloop
 endfacet
 facet normal  0.000000e+00  0.000000e+00  1.000000e+00
   outer loop
     vertex  2.365234e+01  4.180937e-01  2.310000e+01
     vertex  2.075916e+01  6.168595e-01  2.310000e+01
     vertex  2.074561e+01  3.703016e-01  2.310000e+01
   endloop
 endfacet
 facet normal  0.000000e+00  0.000000e+00  1.000000e+00
   outer loop
     vertex  3.028122e+01 -6.075764e+00  2.310000e+01
     vertex  3.011433e+01 -6.088380e+00  2.310000e+01
     vertex  3.053947e+01 -8.964241e+00  2.310000e+01
   endloop
 endfacet
 facet normal  0.000000e+00  0.000000e+00  1.000000e+00
   outer loop
     vertex  2.366610e+01  5.848905e-01  2.310000e+01
     vertex  2.077946e+01  8.629532e-01  2.310000e+01
     vertex  2.075916e+01  6.168595e-01  2.310000e+01
   endloop
 endfacet
 facet normal  0.000000e+00  0.000000e+00  1.000000e+00
   outer loop
     vertex  2.366610e+01  5.848905e-01  2.310000e+01
     vertex  2.075916e+01  6.168595e-01  2.310000e+01
     vertex  2.365234e+01  4.180937e-01  2.310000e+01
   endloop
 endfacet
 facet normal  0.000000e+00  0.000000e+00  1.000000e+00
   outer loop
     vertex  3.044770e+01 -6.058574e+00  2.310000e+01
     vertex  3.028122e+01 -6.075764e+00  2.310000e+01
     vertex  3.053947e+01 -8.964241e+00  2.310000e+01
   endloop
 endfacet
 facet normal  0.000000e+00  0.000000e+00  1.000000e+00
   outer loop
     vertex  3.044770e+01 -6.058574e+00  2.310000e+01
     vertex  3.053947e+01 -8.964241e+00  2.310000e+01
     vertex  3.078510e+01 -8.938879e+00  2.310000e+01
   endloop
 endfacet
 facet normal  0.000000e+00  0.000000e+00  1.000000e+00
   outer loop
     vertex  3.044770e+01 -6.058574e+00  2.310000e+01
     vertex  3.078510e+01 -8.938879e+00  2.310000e+01
     vertex  3.102993e+01 -8.906789e+00  2.310000e+01
   endloop
 endfacet
 facet normal  0.000000e+00  0.000000e+00  1.000000e+00
   outer loop
     vertex  2.368443e+01  7.512470e-01  2.310000e+01
     vertex  2.080650e+01  1.108397e+00  2.310000e+01
     vertex  2.077946e+01  8.629532e-01  2.310000e+01
   endloop
 endfacet
 facet normal  0.000000e+00  0.000000e+00  1.000000e+00
   outer loop
     vertex  2.368443e+01  7.512470e-01  2.310000e+01
     vertex  2.077946e+01  8.629532e-01  2.310000e+01
     vertex  2.366610e+01  5.848905e-01  2.310000e+01
   endloop
 endfacet
 facet normal  0.000000e+00  0.000000e+00  1.000000e+00
   outer loop
     vertex  3.061364e+01 -6.036823e+00  2.310000e+01
     vertex  3.044770e+01 -6.058574e+00  2.310000e+01
     vertex  3.102993e+01 -8.906789e+00  2.310000e+01
   endloop
 endfacet
 facet normal  0.000000e+00  0.000000e+00  1.000000e+00
   outer loop
     vertex  2.370732e+01  9.170380e-01  2.310000e+01
     vertex  2.084027e+01  1.353007e+00  2.310000e+01
     vertex  2.080650e+01  1.108397e+00  2.310000e+01
   endloop
 endfacet
 facet normal  0.000000e+00  0.000000e+00  1.000000e+00
   outer loop
     vertex  2.370732e+01  9.170380e-01  2.310000e+01
     vertex  2.080650e+01  1.108397e+00  2.310000e+01
     vertex  2.368443e+01  7.512470e-01  2.310000e+01
   endloop
 endfacet
 facet normal  0.000000e+00  0.000000e+00  1.000000e+00
   outer loop
     vertex  3.077893e+01 -6.010529e+00  2.310000e+01
     vertex  3.061364e+01 -6.036823e+00  2.310000e+01
     vertex  3.102993e+01 -8.906789e+00  2.310000e+01
   endloop
 endfacet
 facet normal  0.000000e+00  0.000000e+00  1.000000e+00
   outer loop
     vertex  3.077893e+01 -6.010529e+00  2.310000e+01
     vertex  3.102993e+01 -8.906789e+00  2.310000e+01
     vertex  3.127380e+01 -8.867993e+00  2.310000e+01
   endloop
 endfacet
 facet normal  0.000000e+00  0.000000e+00  1.000000e+00
   outer loop
     vertex  2.373474e+01  1.082139e+00  2.310000e+01
     vertex  2.092788e+01  1.838987e+00  2.310000e+01
     vertex  2.088074e+01  1.596598e+00  2.310000e+01
   endloop
 endfacet
 facet normal  0.000000e+00  0.000000e+00  1.000000e+00
   outer loop
     vertex  2.373474e+01  1.082139e+00  2.310000e+01
     vertex  2.088074e+01  1.596598e+00  2.310000e+01
     vertex  2.084027e+01  1.353007e+00  2.310000e+01
   endloop
 endfacet
 facet normal  0.000000e+00  0.000000e+00  1.000000e+00
   outer loop
     vertex  2.373474e+01  1.082139e+00  2.310000e+01
     vertex  2.084027e+01  1.353007e+00  2.310000e+01
     vertex  2.370732e+01  9.170380e-01  2.310000e+01
   endloop
 endfacet
 facet normal  0.000000e+00  0.000000e+00  1.000000e+00
   outer loop
     vertex  3.094343e+01 -5.979709e+00  2.310000e+01
     vertex  3.077893e+01 -6.010529e+00  2.310000e+01
     vertex  3.127380e+01 -8.867993e+00  2.310000e+01
   endloop
 endfacet
 facet normal  0.000000e+00  0.000000e+00  1.000000e+00
   outer loop
     vertex  3.094343e+01 -5.979709e+00  2.310000e+01
     vertex  3.127380e+01 -8.867993e+00  2.310000e+01
     vertex  3.151650e+01 -8.822522e+00  2.310000e+01
   endloop
 endfacet
 facet normal  0.000000e+00  0.000000e+00  1.000000e+00
   outer loop
     vertex  2.376669e+01  1.246425e+00  2.310000e+01
     vertex  2.092788e+01  1.838987e+00  2.310000e+01
     vertex  2.373474e+01  1.082139e+00  2.310000e+01
   endloop
 endfacet
 facet normal  0.000000e+00  0.000000e+00  1.000000e+00
   outer loop
     vertex  3.110702e+01 -5.944389e+00  2.310000e+01
     vertex  3.094343e+01 -5.979709e+00  2.310000e+01
     vertex  3.151650e+01 -8.822522e+00  2.310000e+01
   endloop
 endfacet
 facet normal  0.000000e+00  0.000000e+00  1.000000e+00
   outer loop
     vertex  3.110702e+01 -5.944389e+00  2.310000e+01
     vertex  3.151650e+01 -8.822522e+00  2.310000e+01
     vertex  3.175787e+01 -8.770409e+00  2.310000e+01
   endloop
 endfacet
 facet normal  0.000000e+00  0.000000e+00  1.000000e+00
   outer loop
     vertex  2.380313e+01  1.409773e+00  2.310000e+01
     vertex  2.098164e+01  2.079992e+00  2.310000e+01
     vertex  2.092788e+01  1.838987e+00  2.310000e+01
   endloop
 endfacet
 facet normal  0.000000e+00  0.000000e+00  1.000000e+00
   outer loop
     vertex  2.380313e+01  1.409773e+00  2.310000e+01
     vertex  2.092788e+01  1.838987e+00  2.310000e+01
     vertex  2.376669e+01  1.246425e+00  2.310000e+01
   endloop
 endfacet
 facet normal  0.000000e+00  0.000000e+00  1.000000e+00
   outer loop
     vertex  3.126958e+01 -5.904593e+00  2.310000e+01
     vertex  3.175787e+01 -8.770409e+00  2.310000e+01
     vertex  3.199772e+01 -8.711695e+00  2.310000e+01
   endloop
 endfacet
 facet normal  0.000000e+00  0.000000e+00  1.000000e+00
   outer loop
     vertex  3.126958e+01 -5.904593e+00  2.310000e+01
     vertex  3.110702e+01 -5.944389e+00  2.310000e+01
     vertex  3.175787e+01 -8.770409e+00  2.310000e+01
   endloop
 endfacet
 facet normal  0.000000e+00  0.000000e+00  1.000000e+00
   outer loop
     vertex  2.384404e+01  1.572059e+00  2.310000e+01
     vertex  2.104200e+01  2.319431e+00  2.310000e+01
     vertex  2.098164e+01  2.079992e+00  2.310000e+01
   endloop
 endfacet
 facet normal  0.000000e+00  0.000000e+00  1.000000e+00
   outer loop
     vertex  2.384404e+01  1.572059e+00  2.310000e+01
     vertex  2.098164e+01  2.079992e+00  2.310000e+01
     vertex  2.380313e+01  1.409773e+00  2.310000e+01
   endloop
 endfacet
 facet normal  0.000000e+00  0.000000e+00  1.000000e+00
   outer loop
     vertex  3.143100e+01 -5.860353e+00  2.310000e+01
     vertex  3.126958e+01 -5.904593e+00  2.310000e+01
     vertex  3.199772e+01 -8.711695e+00  2.310000e+01
   endloop
 endfacet
 facet normal  0.000000e+00  0.000000e+00  1.000000e+00
   outer loop
     vertex  3.143100e+01 -5.860353e+00  2.310000e+01
     vertex  3.199772e+01 -8.711695e+00  2.310000e+01
     vertex  3.223587e+01 -8.646422e+00  2.310000e+01
   endloop
 endfacet
 facet normal  0.000000e+00  0.000000e+00  1.000000e+00
   outer loop
     vertex  2.388939e+01  1.733162e+00  2.310000e+01
     vertex  2.118231e+01  2.792893e+00  2.310000e+01
     vertex  2.110891e+01  2.557125e+00  2.310000e+01
   endloop
 endfacet
 facet normal  0.000000e+00  0.000000e+00  1.000000e+00
   outer loop
     vertex  2.388939e+01  1.733162e+00  2.310000e+01
     vertex  2.110891e+01  2.557125e+00  2.310000e+01
     vertex  2.104200e+01  2.319431e+00  2.310000e+01
   endloop
 endfacet
 facet normal  0.000000e+00  0.000000e+00  1.000000e+00
   outer loop
     vertex  2.388939e+01  1.733162e+00  2.310000e+01
     vertex  2.104200e+01  2.319431e+00  2.310000e+01
     vertex  2.384404e+01  1.572059e+00  2.310000e+01
   endloop
 endfacet
 facet normal  0.000000e+00  0.000000e+00  1.000000e+00
   outer loop
     vertex  3.159113e+01 -5.811701e+00  2.310000e+01
     vertex  3.143100e+01 -5.860353e+00  2.310000e+01
     vertex  3.223587e+01 -8.646422e+00  2.310000e+01
   endloop
 endfacet
 facet normal  0.000000e+00  0.000000e+00  1.000000e+00
   outer loop
     vertex  3.159113e+01 -5.811701e+00  2.310000e+01
     vertex  3.223587e+01 -8.646422e+00  2.310000e+01
     vertex  3.247213e+01 -8.574641e+00  2.310000e+01
   endloop
 endfacet
 facet normal  0.000000e+00  0.000000e+00  1.000000e+00
   outer loop
     vertex  2.393914e+01  1.892961e+00  2.310000e+01
     vertex  2.126215e+01  3.026559e+00  2.310000e+01
     vertex  2.118231e+01  2.792893e+00  2.310000e+01
   endloop
 endfacet
 facet normal  0.000000e+00  0.000000e+00  1.000000e+00
   outer loop
     vertex  2.393914e+01  1.892961e+00  2.310000e+01
     vertex  2.118231e+01  2.792893e+00  2.310000e+01
     vertex  2.388939e+01  1.733162e+00  2.310000e+01
   endloop
 endfacet
 facet normal  0.000000e+00  0.000000e+00  1.000000e+00
   outer loop
     vertex  3.174987e+01 -5.758675e+00  2.310000e+01
     vertex  3.159113e+01 -5.811701e+00  2.310000e+01
     vertex  3.247213e+01 -8.574641e+00  2.310000e+01
   endloop
 endfacet
 facet normal  0.000000e+00  0.000000e+00  1.000000e+00
   outer loop
     vertex  3.174987e+01 -5.758675e+00  2.310000e+01
     vertex  3.247213e+01 -8.574641e+00  2.310000e+01
     vertex  3.270634e+01 -8.496405e+00  2.310000e+01
   endloop
 endfacet
 facet normal  0.000000e+00  0.000000e+00  1.000000e+00
   outer loop
     vertex  2.399325e+01  2.051334e+00  2.310000e+01
     vertex  2.126215e+01  3.026559e+00  2.310000e+01
     vertex  2.393914e+01  1.892961e+00  2.310000e+01
   endloop
 endfacet
 facet normal  0.000000e+00  0.000000e+00  1.000000e+00
   outer loop
     vertex  3.190710e+01 -5.701313e+00  2.310000e+01
     vertex  3.270634e+01 -8.496405e+00  2.310000e+01
     vertex  3.293831e+01 -8.411774e+00  2.310000e+01
   endloop
 endfacet
 facet normal  0.000000e+00  0.000000e+00  1.000000e+00
   outer loop
     vertex  3.190710e+01 -5.701313e+00  2.310000e+01
     vertex  3.174987e+01 -5.758675e+00  2.310000e+01
     vertex  3.270634e+01 -8.496405e+00  2.310000e+01
   endloop
 endfacet
 facet normal  0.000000e+00  0.000000e+00  1.000000e+00
   outer loop
     vertex  2.405169e+01  2.208164e+00  2.310000e+01
     vertex  2.134837e+01  3.257946e+00  2.310000e+01
     vertex  2.126215e+01  3.026559e+00  2.310000e+01
   endloop
 endfacet
 facet normal  0.000000e+00  0.000000e+00  1.000000e+00
   outer loop
     vertex  2.405169e+01  2.208164e+00  2.310000e+01
     vertex  2.126215e+01  3.026559e+00  2.310000e+01
     vertex  2.399325e+01  2.051334e+00  2.310000e+01
   endloop
 endfacet
 facet normal  0.000000e+00  0.000000e+00  1.000000e+00
   outer loop
     vertex  3.206269e+01 -5.639660e+00  2.310000e+01
     vertex  3.190710e+01 -5.701313e+00  2.310000e+01
     vertex  3.293831e+01 -8.411774e+00  2.310000e+01
   endloop
 endfacet
 facet normal  0.000000e+00  0.000000e+00  1.000000e+00
   outer loop
     vertex  3.206269e+01 -5.639660e+00  2.310000e+01
     vertex  3.293831e+01 -8.411774e+00  2.310000e+01
     vertex  3.316788e+01 -8.320810e+00  2.310000e+01
   endloop
 endfacet
 facet normal  0.000000e+00  0.000000e+00  1.000000e+00
   outer loop
     vertex  2.411441e+01  2.363331e+00  2.310000e+01
     vertex  2.144090e+01  3.486881e+00  2.310000e+01
     vertex  2.134837e+01  3.257946e+00  2.310000e+01
   endloop
 endfacet
 facet normal  0.000000e+00  0.000000e+00  1.000000e+00
   outer loop
     vertex  2.411441e+01  2.363331e+00  2.310000e+01
     vertex  2.134837e+01  3.257946e+00  2.310000e+01
     vertex  2.405169e+01  2.208164e+00  2.310000e+01
   endloop
 endfacet
 facet normal  0.000000e+00  0.000000e+00  1.000000e+00
   outer loop
     vertex  3.221654e+01 -5.573761e+00  2.310000e+01
     vertex  3.206269e+01 -5.639660e+00  2.310000e+01
     vertex  3.316788e+01 -8.320810e+00  2.310000e+01
   endloop
 endfacet
 facet normal  0.000000e+00  0.000000e+00  1.000000e+00
   outer loop
     vertex  3.221654e+01 -5.573761e+00  2.310000e+01
     vertex  3.316788e+01 -8.320810e+00  2.310000e+01
     vertex  3.339486e+01 -8.223582e+00  2.310000e+01
   endloop
 endfacet
 facet normal  0.000000e+00  0.000000e+00  1.000000e+00
   outer loop
     vertex  2.418136e+01  2.516719e+00  2.310000e+01
     vertex  2.144090e+01  3.486881e+00  2.310000e+01
     vertex  2.411441e+01  2.363331e+00  2.310000e+01
   endloop
 endfacet
 facet normal  0.000000e+00  0.000000e+00  1.000000e+00
   outer loop
     vertex  2.418136e+01  2.516719e+00  2.310000e+01
     vertex  2.153969e+01  3.713192e+00  2.310000e+01
     vertex  2.144090e+01  3.486881e+00  2.310000e+01
   endloop
 endfacet
 facet normal  0.000000e+00  0.000000e+00  1.000000e+00
   outer loop
     vertex  3.236851e+01 -5.503667e+00  2.310000e+01
     vertex  3.221654e+01 -5.573761e+00  2.310000e+01
     vertex  3.339486e+01 -8.223582e+00  2.310000e+01
   endloop
 endfacet
 facet normal  0.000000e+00  0.000000e+00  1.000000e+00
   outer loop
     vertex  3.236851e+01 -5.503667e+00  2.310000e+01
     vertex  3.339486e+01 -8.223582e+00  2.310000e+01
     vertex  3.361909e+01 -8.120164e+00  2.310000e+01
   endloop
 endfacet
 facet normal  0.000000e+00  0.000000e+00  1.000000e+00
   outer loop
     vertex  3.236851e+01 -5.503667e+00  2.310000e+01
     vertex  3.361909e+01 -8.120164e+00  2.310000e+01
     vertex  3.384040e+01 -8.010634e+00  2.310000e+01
   endloop
 endfacet
 facet normal  0.000000e+00  0.000000e+00  1.000000e+00
   outer loop
     vertex  2.425250e+01  2.668212e+00  2.310000e+01
     vertex  2.153969e+01  3.713192e+00  2.310000e+01
     vertex  2.418136e+01  2.516719e+00  2.310000e+01
   endloop
 endfacet
 facet normal  0.000000e+00  0.000000e+00  1.000000e+00
   outer loop
     vertex  2.425250e+01  2.668212e+00  2.310000e+01
     vertex  2.175569e+01  4.157259e+00  2.310000e+01
     vertex  2.164464e+01  3.936707e+00  2.310000e+01
   endloop
 endfacet
 facet normal  0.000000e+00  0.000000e+00  1.000000e+00
   outer loop
     vertex  2.425250e+01  2.668212e+00  2.310000e+01
     vertex  2.164464e+01  3.936707e+00  2.310000e+01
     vertex  2.153969e+01  3.713192e+00  2.310000e+01
   endloop
 endfacet
 facet normal  0.000000e+00  0.000000e+00  1.000000e+00
   outer loop
     vertex  3.251851e+01 -5.429430e+00  2.310000e+01
     vertex  3.236851e+01 -5.503667e+00  2.310000e+01
     vertex  3.384040e+01 -8.010634e+00  2.310000e+01
   endloop
 endfacet
 facet normal  0.000000e+00  0.000000e+00  1.000000e+00
   outer loop
     vertex  2.432776e+01  2.817697e+00  2.310000e+01
     vertex  2.175569e+01  4.157259e+00  2.310000e+01
     vertex  2.425250e+01  2.668212e+00  2.310000e+01
   endloop
 endfacet
 facet normal  0.000000e+00  0.000000e+00  1.000000e+00
   outer loop
     vertex  3.266642e+01 -5.351105e+00  2.310000e+01
     vertex  3.251851e+01 -5.429430e+00  2.310000e+01
     vertex  3.384040e+01 -8.010634e+00  2.310000e+01
   endloop
 endfacet
 facet normal  0.000000e+00  0.000000e+00  1.000000e+00
   outer loop
     vertex  3.266642e+01 -5.351105e+00  2.310000e+01
     vertex  3.384040e+01 -8.010634e+00  2.310000e+01
     vertex  3.405862e+01 -7.895073e+00  2.310000e+01
   endloop
 endfacet
 facet normal  0.000000e+00  0.000000e+00  1.000000e+00
   outer loop
     vertex  2.440710e+01  2.965061e+00  2.310000e+01
     vertex  2.175569e+01  4.157259e+00  2.310000e+01
     vertex  2.432776e+01  2.817697e+00  2.310000e+01
   endloop
 endfacet
 facet normal  0.000000e+00  0.000000e+00  1.000000e+00
   outer loop
     vertex  2.440710e+01  2.965061e+00  2.310000e+01
     vertex  2.187274e+01  4.374681e+00  2.310000e+01
     vertex  2.175569e+01  4.157259e+00  2.310000e+01
   endloop
 endfacet
 facet normal  0.000000e+00  0.000000e+00  1.000000e+00
   outer loop
     vertex  3.281212e+01 -5.268752e+00  2.310000e+01
     vertex  3.266642e+01 -5.351105e+00  2.310000e+01
     vertex  3.405862e+01 -7.895073e+00  2.310000e+01
   endloop
 endfacet
 facet normal  0.000000e+00  0.000000e+00  1.000000e+00
   outer loop
     vertex  3.281212e+01 -5.268752e+00  2.310000e+01
     vertex  3.405862e+01 -7.895073e+00  2.310000e+01
     vertex  3.427359e+01 -7.773569e+00  2.310000e+01
   endloop
 endfacet
 facet normal  0.000000e+00  0.000000e+00  1.000000e+00
   outer loop
     vertex  2.449045e+01  3.110193e+00  2.310000e+01
     vertex  2.187274e+01  4.374681e+00  2.310000e+01
     vertex  2.440710e+01  2.965061e+00  2.310000e+01
   endloop
 endfacet
 facet normal  0.000000e+00  0.000000e+00  1.000000e+00
   outer loop
     vertex  2.449045e+01  3.110193e+00  2.310000e+01
     vertex  2.199572e+01  4.588810e+00  2.310000e+01
     vertex  2.187274e+01  4.374681e+00  2.310000e+01
   endloop
 endfacet
 facet normal  0.000000e+00  0.000000e+00  1.000000e+00
   outer loop
     vertex  3.295550e+01 -5.182434e+00  2.310000e+01
     vertex  3.281212e+01 -5.268752e+00  2.310000e+01
     vertex  3.427359e+01 -7.773569e+00  2.310000e+01
   endloop
 endfacet
 facet normal  0.000000e+00  0.000000e+00  1.000000e+00
   outer loop
     vertex  3.295550e+01 -5.182434e+00  2.310000e+01
     vertex  3.427359e+01 -7.773569e+00  2.310000e+01
     vertex  3.448514e+01 -7.646214e+00  2.310000e+01
   endloop
 endfacet
 facet normal  0.000000e+00  0.000000e+00  1.000000e+00
   outer loop
     vertex  2.457775e+01  3.252984e+00  2.310000e+01
     vertex  2.199572e+01  4.588810e+00  2.310000e+01
     vertex  2.449045e+01  3.110193e+00  2.310000e+01
   endloop
 endfacet
 facet normal  0.000000e+00  0.000000e+00  1.000000e+00
   outer loop
     vertex  2.457775e+01  3.252984e+00  2.310000e+01
     vertex  2.225905e+01  5.006547e+00  2.310000e+01
     vertex  2.212452e+01  4.799485e+00  2.310000e+01
   endloop
 endfacet
 facet normal  0.000000e+00  0.000000e+00  1.000000e+00
   outer loop
     vertex  2.457775e+01  3.252984e+00  2.310000e+01
     vertex  2.212452e+01  4.799485e+00  2.310000e+01
     vertex  2.199572e+01  4.588810e+00  2.310000e+01
   endloop
 endfacet
 facet normal  0.000000e+00  0.000000e+00  1.000000e+00
   outer loop
     vertex  3.309647e+01 -5.092214e+00  2.310000e+01
     vertex  3.295550e+01 -5.182434e+00  2.310000e+01
     vertex  3.448514e+01 -7.646214e+00  2.310000e+01
   endloop
 endfacet
 facet normal  0.000000e+00  0.000000e+00  1.000000e+00
   outer loop
     vertex  3.309647e+01 -5.092214e+00  2.310000e+01
     vertex  3.448514e+01 -7.646214e+00  2.310000e+01
     vertex  3.469312e+01 -7.513102e+00  2.310000e+01
   endloop
 endfacet
 facet normal  0.000000e+00  0.000000e+00  1.000000e+00
   outer loop
     vertex  2.466893e+01  3.393326e+00  2.310000e+01
     vertex  2.225905e+01  5.006547e+00  2.310000e+01
     vertex  2.457775e+01  3.252984e+00  2.310000e+01
   endloop
 endfacet
 facet normal  0.000000e+00  0.000000e+00  1.000000e+00
   outer loop
     vertex  3.323490e+01 -4.998160e+00  2.310000e+01
     vertex  3.309647e+01 -5.092214e+00  2.310000e+01
     vertex  3.469312e+01 -7.513102e+00  2.310000e+01
   endloop
 endfacet
 facet normal  0.000000e+00  0.000000e+00  1.000000e+00
   outer loop
     vertex  3.323490e+01 -4.998160e+00  2.310000e+01
     vertex  3.469312e+01 -7.513102e+00  2.310000e+01
     vertex  3.489737e+01 -7.374335e+00  2.310000e+01
   endloop
 endfacet
 facet normal  0.000000e+00  0.000000e+00  1.000000e+00
   outer loop
     vertex  2.476393e+01  3.531114e+00  2.310000e+01
     vertex  2.225905e+01  5.006547e+00  2.310000e+01
     vertex  2.466893e+01  3.393326e+00  2.310000e+01
   endloop
 endfacet
 facet normal  0.000000e+00  0.000000e+00  1.000000e+00
   outer loop
     vertex  2.476393e+01  3.531114e+00  2.310000e+01
     vertex  2.239922e+01  5.209840e+00  2.310000e+01
     vertex  2.225905e+01  5.006547e+00  2.310000e+01
   endloop
 endfacet
 facet normal  0.000000e+00  0.000000e+00  1.000000e+00
   outer loop
     vertex  3.337071e+01 -4.900345e+00  2.310000e+01
     vertex  3.323490e+01 -4.998160e+00  2.310000e+01
     vertex  3.489737e+01 -7.374335e+00  2.310000e+01
   endloop
 endfacet
 facet normal  0.000000e+00  0.000000e+00  1.000000e+00
   outer loop
     vertex  3.337071e+01 -4.900345e+00  2.310000e+01
     vertex  3.489737e+01 -7.374335e+00  2.310000e+01
     vertex  3.509774e+01 -7.230017e+00  2.310000e+01
   endloop
 endfacet
 facet normal  0.000000e+00  0.000000e+00  1.000000e+00
   outer loop
     vertex  2.486268e+01  3.666243e+00  2.310000e+01
     vertex  2.239922e+01  5.209840e+00  2.310000e+01
     vertex  2.476393e+01  3.531114e+00  2.310000e+01
   endloop
 endfacet
 facet normal  0.000000e+00  0.000000e+00  1.000000e+00
   outer loop
     vertex  2.486268e+01  3.666243e+00  2.310000e+01
     vertex  2.254491e+01  5.409211e+00  2.310000e+01
     vertex  2.239922e+01  5.209840e+00  2.310000e+01
   endloop
 endfacet
 facet normal  0.000000e+00  0.000000e+00  1.000000e+00
   outer loop
     vertex  3.350378e+01 -4.798840e+00  2.310000e+01
     vertex  3.337071e+01 -4.900345e+00  2.310000e+01
     vertex  3.509774e+01 -7.230017e+00  2.310000e+01
   endloop
 endfacet
 facet normal  0.000000e+00  0.000000e+00  1.000000e+00
   outer loop
     vertex  3.350378e+01 -4.798840e+00  2.310000e+01
     vertex  3.509774e+01 -7.230017e+00  2.310000e+01
     vertex  3.529407e+01 -7.080256e+00  2.310000e+01
   endloop
 endfacet
 facet normal  0.000000e+00  0.000000e+00  1.000000e+00
   outer loop
     vertex  3.350378e+01 -4.798840e+00  2.310000e+01
     vertex  3.529407e+01 -7.080256e+00  2.310000e+01
     vertex  3.548622e+01 -6.925166e+00  2.310000e+01
   endloop
 endfacet
 facet normal  0.000000e+00  0.000000e+00  1.000000e+00
   outer loop
     vertex  2.496509e+01  3.798613e+00  2.310000e+01
     vertex  2.254491e+01  5.409211e+00  2.310000e+01
     vertex  2.486268e+01  3.666243e+00  2.310000e+01
   endloop
 endfacet
 facet normal  0.000000e+00  0.000000e+00  1.000000e+00
   outer loop
     vertex  2.496509e+01  3.798613e+00  2.310000e+01
     vertex  2.269601e+01  5.604510e+00  2.310000e+01
     vertex  2.254491e+01  5.409211e+00  2.310000e+01
   endloop
 endfacet
 facet normal  0.000000e+00  0.000000e+00  1.000000e+00
   outer loop
     vertex  3.363401e+01 -4.693723e+00  2.310000e+01
     vertex  3.350378e+01 -4.798840e+00  2.310000e+01
     vertex  3.548622e+01 -6.925166e+00  2.310000e+01
   endloop
 endfacet
 facet normal  0.000000e+00  0.000000e+00  1.000000e+00
   outer loop
     vertex  2.507110e+01  3.928123e+00  2.310000e+01
     vertex  2.269601e+01  5.604510e+00  2.310000e+01
     vertex  2.496509e+01  3.798613e+00  2.310000e+01
   endloop
 endfacet
 facet normal  0.000000e+00  0.000000e+00  1.000000e+00
   outer loop
     vertex  2.507110e+01  3.928123e+00  2.310000e+01
     vertex  2.285242e+01  5.795591e+00  2.310000e+01
     vertex  2.269601e+01  5.604510e+00  2.310000e+01
   endloop
 endfacet
 facet normal  0.000000e+00  0.000000e+00  1.000000e+00
   outer loop
     vertex  3.376131e+01 -4.585073e+00  2.310000e+01
     vertex  3.363401e+01 -4.693723e+00  2.310000e+01
     vertex  3.548622e+01 -6.925166e+00  2.310000e+01
   endloop
 endfacet
 facet normal  0.000000e+00  0.000000e+00  1.000000e+00
   outer loop
     vertex  3.376131e+01 -4.585073e+00  2.310000e+01
     vertex  3.548622e+01 -6.925166e+00  2.310000e+01
     vertex  3.567404e+01 -6.764862e+00  2.310000e+01
   endloop
 endfacet
 facet normal  0.000000e+00  0.000000e+00  1.000000e+00
   outer loop
     vertex  2.518062e+01  4.054676e+00  2.310000e+01
     vertex  2.301401e+01  5.982309e+00  2.310000e+01
     vertex  2.285242e+01  5.795591e+00  2.310000e+01
   endloop
 endfacet
 facet normal  0.000000e+00  0.000000e+00  1.000000e+00
   outer loop
     vertex  2.518062e+01  4.054676e+00  2.310000e+01
     vertex  2.285242e+01  5.795591e+00  2.310000e+01
     vertex  2.507110e+01  3.928123e+00  2.310000e+01
   endloop
 endfacet
 facet normal  0.000000e+00  0.000000e+00  1.000000e+00
   outer loop
     vertex  3.388558e+01 -4.472971e+00  2.310000e+01
     vertex  3.376131e+01 -4.585073e+00  2.310000e+01
     vertex  3.567404e+01 -6.764862e+00  2.310000e+01
   endloop
 endfacet
 facet normal  0.000000e+00  0.000000e+00  1.000000e+00
   outer loop
     vertex  3.388558e+01 -4.472971e+00  2.310000e+01
     vertex  3.567404e+01 -6.764862e+00  2.310000e+01
     vertex  3.585739e+01 -6.599466e+00  2.310000e+01
   endloop
 endfacet
 facet normal  0.000000e+00  0.000000e+00  1.000000e+00
   outer loop
     vertex  2.529357e+01  4.178177e+00  2.310000e+01
     vertex  2.318066e+01  6.164523e+00  2.310000e+01
     vertex  2.301401e+01  5.982309e+00  2.310000e+01
   endloop
 endfacet
 facet normal  0.000000e+00  0.000000e+00  1.000000e+00
   outer loop
     vertex  2.529357e+01  4.178177e+00  2.310000e+01
     vertex  2.301401e+01  5.982309e+00  2.310000e+01
     vertex  2.518062e+01  4.054676e+00  2.310000e+01
   endloop
 endfacet
 facet normal  0.000000e+00  0.000000e+00  1.000000e+00
   outer loop
     vertex  3.400673e+01 -4.357503e+00  2.310000e+01
     vertex  3.388558e+01 -4.472971e+00  2.310000e+01
     vertex  3.585739e+01 -6.599466e+00  2.310000e+01
   endloop
 endfacet
 facet normal  0.000000e+00  0.000000e+00  1.000000e+00
   outer loop
     vertex  3.400673e+01 -4.357503e+00  2.310000e+01
     vertex  3.585739e+01 -6.599466e+00  2.310000e+01
     vertex  3.603614e+01 -6.429102e+00  2.310000e+01
   endloop
 endfacet
 facet normal  0.000000e+00  0.000000e+00  1.000000e+00
   outer loop
     vertex  2.540987e+01  4.298533e+00  2.310000e+01
     vertex  2.335224e+01  6.342097e+00  2.310000e+01
     vertex  2.318066e+01  6.164523e+00  2.310000e+01
   endloop
 endfacet
 facet normal  0.000000e+00  0.000000e+00  1.000000e+00
   outer loop
     vertex  2.540987e+01  4.298533e+00  2.310000e+01
     vertex  2.318066e+01  6.164523e+00  2.310000e+01
     vertex  2.529357e+01  4.178177e+00  2.310000e+01
   endloop
 endfacet
 facet normal  0.000000e+00  0.000000e+00  1.000000e+00
   outer loop
     vertex  2.552943e+01  4.415653e+00  2.310000e+01
     vertex  2.335224e+01  6.342097e+00  2.310000e+01
     vertex  2.540987e+01  4.298533e+00  2.310000e+01
   endloop
 endfacet
 facet normal  0.000000e+00  0.000000e+00  1.000000e+00
   outer loop
     vertex  3.621014e+01 -6.253899e+00  2.310000e+01
     vertex  3.400673e+01 -4.357503e+00  2.310000e+01
     vertex  3.603614e+01 -6.429102e+00  2.310000e+01
   endloop
 endfacet
 facet normal  0.000000e+00  0.000000e+00  1.000000e+00
   outer loop
     vertex  3.621014e+01 -6.253899e+00  2.310000e+01
     vertex  3.412467e+01 -4.238754e+00  2.310000e+01
     vertex  3.400673e+01 -4.357503e+00  2.310000e+01
   endloop
 endfacet
 facet normal  0.000000e+00  0.000000e+00  1.000000e+00
   outer loop
     vertex  2.352863e+01  6.514897e+00  2.310000e+01
     vertex  2.335224e+01  6.342097e+00  2.310000e+01
     vertex  2.552943e+01  4.415653e+00  2.310000e+01
   endloop
 endfacet
 facet normal  0.000000e+00  0.000000e+00  1.000000e+00
   outer loop
     vertex  2.565215e+01  4.529448e+00  2.310000e+01
     vertex  2.352863e+01  6.514897e+00  2.310000e+01
     vertex  2.552943e+01  4.415653e+00  2.310000e+01
   endloop
 endfacet
 facet normal  0.000000e+00  0.000000e+00  1.000000e+00
   outer loop
     vertex  3.637928e+01 -6.073988e+00  2.310000e+01
     vertex  3.412467e+01 -4.238754e+00  2.310000e+01
     vertex  3.621014e+01 -6.253899e+00  2.310000e+01
   endloop
 endfacet
 facet normal  0.000000e+00  0.000000e+00  1.000000e+00
   outer loop
     vertex  3.637928e+01 -6.073988e+00  2.310000e+01
     vertex  3.423931e+01 -4.116814e+00  2.310000e+01
     vertex  3.412467e+01 -4.238754e+00  2.310000e+01
   endloop
 endfacet
 facet normal  0.000000e+00  0.000000e+00  1.000000e+00
   outer loop
     vertex  3.435055e+01 -3.991775e+00  2.310000e+01
     vertex  3.423931e+01 -4.116814e+00  2.310000e+01
     vertex  3.637928e+01 -6.073988e+00  2.310000e+01
   endloop
 endfacet
 facet normal  0.000000e+00  0.000000e+00  1.000000e+00
   outer loop
     vertex  2.370970e+01  6.682793e+00  2.310000e+01
     vertex  2.352863e+01  6.514897e+00  2.310000e+01
     vertex  2.565215e+01  4.529448e+00  2.310000e+01
   endloop
 endfacet
 facet normal  0.000000e+00  0.000000e+00  1.000000e+00
   outer loop
     vertex  2.577795e+01  4.639835e+00  2.310000e+01
     vertex  2.370970e+01  6.682793e+00  2.310000e+01
     vertex  2.565215e+01  4.529448e+00  2.310000e+01
   endloop
 endfacet
 facet normal  0.000000e+00  0.000000e+00  1.000000e+00
   outer loop
     vertex  3.654341e+01 -5.889504e+00  2.310000e+01
     vertex  3.435055e+01 -3.991775e+00  2.310000e+01
     vertex  3.637928e+01 -6.073988e+00  2.310000e+01
   endloop
 endfacet
 facet normal  0.000000e+00  0.000000e+00  1.000000e+00
   outer loop
     vertex  3.654341e+01 -5.889504e+00  2.310000e+01
     vertex  3.445833e+01 -3.863731e+00  2.310000e+01
     vertex  3.435055e+01 -3.991775e+00  2.310000e+01
   endloop
 endfacet
 facet normal  0.000000e+00  0.000000e+00  1.000000e+00
   outer loop
     vertex  2.389531e+01  6.845658e+00  2.310000e+01
     vertex  2.370970e+01  6.682793e+00  2.310000e+01
     vertex  2.577795e+01  4.639835e+00  2.310000e+01
   endloop
 endfacet
 facet normal  0.000000e+00  0.000000e+00  1.000000e+00
   outer loop
     vertex  3.670242e+01 -5.700587e+00  2.310000e+01
     vertex  3.456255e+01 -3.732779e+00  2.310000e+01
     vertex  3.445833e+01 -3.863731e+00  2.310000e+01
   endloop
 endfacet
 facet normal  0.000000e+00  0.000000e+00  1.000000e+00
   outer loop
     vertex  3.670242e+01 -5.700587e+00  2.310000e+01
     vertex  3.445833e+01 -3.863731e+00  2.310000e+01
     vertex  3.654341e+01 -5.889504e+00  2.310000e+01
   endloop
 endfacet
 facet normal  0.000000e+00  0.000000e+00  1.000000e+00
   outer loop
     vertex  2.408531e+01  7.003370e+00  2.310000e+01
     vertex  2.577795e+01  4.639835e+00  2.310000e+01
     vertex  2.590673e+01  4.746728e+00  2.310000e+01
   endloop
 endfacet
 facet normal  0.000000e+00  0.000000e+00  1.000000e+00
   outer loop
     vertex  2.408531e+01  7.003370e+00  2.310000e+01
     vertex  2.389531e+01  6.845658e+00  2.310000e+01
     vertex  2.577795e+01  4.639835e+00  2.310000e+01
   endloop
 endfacet
 facet normal  0.000000e+00  0.000000e+00  1.000000e+00
   outer loop
     vertex  3.685619e+01 -5.507379e+00  2.310000e+01
     vertex  3.466314e+01 -3.599017e+00  2.310000e+01
     vertex  3.456255e+01 -3.732779e+00  2.310000e+01
   endloop
 endfacet
 facet normal  0.000000e+00  0.000000e+00  1.000000e+00
   outer loop
     vertex  3.685619e+01 -5.507379e+00  2.310000e+01
     vertex  3.456255e+01 -3.732779e+00  2.310000e+01
     vertex  3.670242e+01 -5.700587e+00  2.310000e+01
   endloop
 endfacet
 facet normal  0.000000e+00  0.000000e+00  1.000000e+00
   outer loop
     vertex  2.427957e+01  7.155810e+00  2.310000e+01
     vertex  2.590673e+01  4.746728e+00  2.310000e+01
     vertex  2.603839e+01  4.850049e+00  2.310000e+01
   endloop
 endfacet
 facet normal  0.000000e+00  0.000000e+00  1.000000e+00
   outer loop
     vertex  2.427957e+01  7.155810e+00  2.310000e+01
     vertex  2.408531e+01  7.003370e+00  2.310000e+01
     vertex  2.590673e+01  4.746728e+00  2.310000e+01
   endloop
 endfacet
 facet normal  0.000000e+00  0.000000e+00  1.000000e+00
   outer loop
     vertex  3.700460e+01 -5.310025e+00  2.310000e+01
     vertex  3.466314e+01 -3.599017e+00  2.310000e+01
     vertex  3.685619e+01 -5.507379e+00  2.310000e+01
   endloop
 endfacet
 facet normal  0.000000e+00  0.000000e+00  1.000000e+00
   outer loop
     vertex  2.447794e+01  7.302863e+00  2.310000e+01
     vertex  2.603839e+01  4.850049e+00  2.310000e+01
     vertex  2.617284e+01  4.949718e+00  2.310000e+01
   endloop
 endfacet
 facet normal  0.000000e+00  0.000000e+00  1.000000e+00
   outer loop
     vertex  2.447794e+01  7.302863e+00  2.310000e+01
     vertex  2.427957e+01  7.155810e+00  2.310000e+01
     vertex  2.603839e+01  4.850049e+00  2.310000e+01
   endloop
 endfacet
 facet normal  0.000000e+00  0.000000e+00  1.000000e+00
   outer loop
     vertex  3.714754e+01 -5.108674e+00  2.310000e+01
     vertex  3.476002e+01 -3.462546e+00  2.310000e+01
     vertex  3.466314e+01 -3.599017e+00  2.310000e+01
   endloop
 endfacet
 facet normal  0.000000e+00  0.000000e+00  1.000000e+00
   outer loop
     vertex  3.714754e+01 -5.108674e+00  2.310000e+01
     vertex  3.466314e+01 -3.599017e+00  2.310000e+01
     vertex  3.700460e+01 -5.310025e+00  2.310000e+01
   endloop
 endfacet
 facet normal  0.000000e+00  0.000000e+00  1.000000e+00
   outer loop
     vertex  2.468026e+01  7.444419e+00  2.310000e+01
     vertex  2.617284e+01  4.949718e+00  2.310000e+01
     vertex  2.630997e+01  5.045662e+00  2.310000e+01
   endloop
 endfacet
 facet normal  0.000000e+00  0.000000e+00  1.000000e+00
   outer loop
     vertex  2.468026e+01  7.444419e+00  2.310000e+01
     vertex  2.447794e+01  7.302863e+00  2.310000e+01
     vertex  2.617284e+01  4.949718e+00  2.310000e+01
   endloop
 endfacet
 facet normal  0.000000e+00  0.000000e+00  1.000000e+00
   outer loop
     vertex  3.728491e+01 -4.903477e+00  2.310000e+01
     vertex  3.485312e+01 -3.323468e+00  2.310000e+01
     vertex  3.476002e+01 -3.462546e+00  2.310000e+01
   endloop
 endfacet
 facet normal  0.000000e+00  0.000000e+00  1.000000e+00
   outer loop
     vertex  3.728491e+01 -4.903477e+00  2.310000e+01
     vertex  3.494237e+01 -3.181888e+00  2.310000e+01
     vertex  3.485312e+01 -3.323468e+00  2.310000e+01
   endloop
 endfacet
 facet normal  0.000000e+00  0.000000e+00  1.000000e+00
   outer loop
     vertex  3.728491e+01 -4.903477e+00  2.310000e+01
     vertex  3.476002e+01 -3.462546e+00  2.310000e+01
     vertex  3.714754e+01 -5.108674e+00  2.310000e+01
   endloop
 endfacet
 facet normal  0.000000e+00  0.000000e+00  1.000000e+00
   outer loop
     vertex  2.488640e+01  7.580371e+00  2.310000e+01
     vertex  2.630997e+01  5.045662e+00  2.310000e+01
     vertex  2.644969e+01  5.137807e+00  2.310000e+01
   endloop
 endfacet
 facet normal  0.000000e+00  0.000000e+00  1.000000e+00
   outer loop
     vertex  2.488640e+01  7.580371e+00  2.310000e+01
     vertex  2.468026e+01  7.444419e+00  2.310000e+01
     vertex  2.630997e+01  5.045662e+00  2.310000e+01
   endloop
 endfacet
 facet normal  0.000000e+00  0.000000e+00  1.000000e+00
   outer loop
     vertex  3.741659e+01 -4.694589e+00  2.310000e+01
     vertex  3.494237e+01 -3.181888e+00  2.310000e+01
     vertex  3.728491e+01 -4.903477e+00  2.310000e+01
   endloop
 endfacet
 facet normal  0.000000e+00  0.000000e+00  1.000000e+00
   outer loop
     vertex  2.509618e+01  7.710617e+00  2.310000e+01
     vertex  2.644969e+01  5.137807e+00  2.310000e+01
     vertex  2.659188e+01  5.226085e+00  2.310000e+01
   endloop
 endfacet
 facet normal  0.000000e+00  0.000000e+00  1.000000e+00
   outer loop
     vertex  2.509618e+01  7.710617e+00  2.310000e+01
     vertex  2.488640e+01  7.580371e+00  2.310000e+01
     vertex  2.644969e+01  5.137807e+00  2.310000e+01
   endloop
 endfacet
 facet normal  0.000000e+00  0.000000e+00  1.000000e+00
   outer loop
     vertex  3.754249e+01 -4.482167e+00  2.310000e+01
     vertex  3.502771e+01 -3.037913e+00  2.310000e+01
     vertex  3.494237e+01 -3.181888e+00  2.310000e+01
   endloop
 endfacet
 facet normal  0.000000e+00  0.000000e+00  1.000000e+00
   outer loop
     vertex  3.754249e+01 -4.482167e+00  2.310000e+01
     vertex  3.494237e+01 -3.181888e+00  2.310000e+01
     vertex  3.741659e+01 -4.694589e+00  2.310000e+01
   endloop
 endfacet
 facet normal  0.000000e+00  0.000000e+00  1.000000e+00
   outer loop
     vertex  2.530946e+01  7.835058e+00  2.310000e+01
     vertex  2.659188e+01  5.226085e+00  2.310000e+01
     vertex  2.673643e+01  5.310428e+00  2.310000e+01
   endloop
 endfacet
 facet normal  0.000000e+00  0.000000e+00  1.000000e+00
   outer loop
     vertex  2.530946e+01  7.835058e+00  2.310000e+01
     vertex  2.509618e+01  7.710617e+00  2.310000e+01
     vertex  2.659188e+01  5.226085e+00  2.310000e+01
   endloop
 endfacet
 facet normal  0.000000e+00  0.000000e+00  1.000000e+00
   outer loop
     vertex  3.766252e+01 -4.266371e+00  2.310000e+01
     vertex  3.510906e+01 -2.891652e+00  2.310000e+01
     vertex  3.502771e+01 -3.037913e+00  2.310000e+01
   endloop
 endfacet
 facet normal  0.000000e+00  0.000000e+00  1.000000e+00
   outer loop
     vertex  3.766252e+01 -4.266371e+00  2.310000e+01
     vertex  3.502771e+01 -3.037913e+00  2.310000e+01
     vertex  3.754249e+01 -4.482167e+00  2.310000e+01
   endloop
 endfacet
 facet normal  0.000000e+00  0.000000e+00  1.000000e+00
   outer loop
     vertex  2.552608e+01  7.953602e+00  2.310000e+01
     vertex  2.688325e+01  5.390775e+00  2.310000e+01
     vertex  2.703221e+01  5.467063e+00  2.310000e+01
   endloop
 endfacet
 facet normal  0.000000e+00  0.000000e+00  1.000000e+00
   outer loop
     vertex  2.552608e+01  7.953602e+00  2.310000e+01
     vertex  2.673643e+01  5.310428e+00  2.310000e+01
     vertex  2.688325e+01  5.390775e+00  2.310000e+01
   endloop
 endfacet
 facet normal  0.000000e+00  0.000000e+00  1.000000e+00
   outer loop
     vertex  2.552608e+01  7.953602e+00  2.310000e+01
     vertex  2.530946e+01  7.835058e+00  2.310000e+01
     vertex  2.673643e+01  5.310428e+00  2.310000e+01
   endloop
 endfacet
 facet normal  0.000000e+00  0.000000e+00  1.000000e+00
   outer loop
     vertex  3.777658e+01 -4.047364e+00  2.310000e+01
     vertex  3.510906e+01 -2.891652e+00  2.310000e+01
     vertex  3.766252e+01 -4.266371e+00  2.310000e+01
   endloop
 endfacet
 facet normal  0.000000e+00  0.000000e+00  1.000000e+00
   outer loop
     vertex  3.777658e+01 -4.047364e+00  2.310000e+01
     vertex  3.518637e+01 -2.743213e+00  2.310000e+01
     vertex  3.510906e+01 -2.891652e+00  2.310000e+01
   endloop
 endfacet
 facet normal  0.000000e+00  0.000000e+00  1.000000e+00
   outer loop
     vertex  2.574586e+01  8.066158e+00  2.310000e+01
     vertex  2.552608e+01  7.953602e+00  2.310000e+01
     vertex  2.703221e+01  5.467063e+00  2.310000e+01
   endloop
 endfacet
 facet normal  0.000000e+00  0.000000e+00  1.000000e+00
   outer loop
     vertex  3.788459e+01 -3.825309e+00  2.310000e+01
     vertex  3.518637e+01 -2.743213e+00  2.310000e+01
     vertex  3.777658e+01 -4.047364e+00  2.310000e+01
   endloop
 endfacet
 facet normal  0.000000e+00  0.000000e+00  1.000000e+00
   outer loop
     vertex  3.788459e+01 -3.825309e+00  2.310000e+01
     vertex  3.525957e+01 -2.592710e+00  2.310000e+01
     vertex  3.518637e+01 -2.743213e+00  2.310000e+01
   endloop
 endfacet
 facet normal  0.000000e+00  0.000000e+00  1.000000e+00
   outer loop
     vertex  2.596865e+01  8.172642e+00  2.310000e+01
     vertex  2.703221e+01  5.467063e+00  2.310000e+01
     vertex  2.718322e+01  5.539235e+00  2.310000e+01
   endloop
 endfacet
 facet normal  0.000000e+00  0.000000e+00  1.000000e+00
   outer loop
     vertex  2.596865e+01  8.172642e+00  2.310000e+01
     vertex  2.574586e+01  8.066158e+00  2.310000e+01
     vertex  2.703221e+01  5.467063e+00  2.310000e+01
   endloop
 endfacet
 facet normal  0.000000e+00  0.000000e+00  1.000000e+00
   outer loop
     vertex  3.798646e+01 -3.600375e+00  2.310000e+01
     vertex  3.532862e+01 -2.440254e+00  2.310000e+01
     vertex  3.525957e+01 -2.592710e+00  2.310000e+01
   endloop
 endfacet
 facet normal  0.000000e+00  0.000000e+00  1.000000e+00
   outer loop
     vertex  3.798646e+01 -3.600375e+00  2.310000e+01
     vertex  3.525957e+01 -2.592710e+00  2.310000e+01
     vertex  3.788459e+01 -3.825309e+00  2.310000e+01
   endloop
 endfacet
 facet normal  0.000000e+00  0.000000e+00  1.000000e+00
   outer loop
     vertex  2.619428e+01  8.272974e+00  2.310000e+01
     vertex  2.596865e+01  8.172642e+00  2.310000e+01
     vertex  2.718322e+01  5.539235e+00  2.310000e+01
   endloop
 endfacet
 facet normal  0.000000e+00  0.000000e+00  1.000000e+00
   outer loop
     vertex  2.619428e+01  8.272974e+00  2.310000e+01
     vertex  2.718322e+01  5.539235e+00  2.310000e+01
     vertex  2.733614e+01  5.607238e+00  2.310000e+01
   endloop
 endfacet
 facet normal  0.000000e+00  0.000000e+00  1.000000e+00
   outer loop
     vertex  3.808213e+01 -3.372731e+00  2.310000e+01
     vertex  3.539346e+01 -2.285962e+00  2.310000e+01
     vertex  3.532862e+01 -2.440254e+00  2.310000e+01
   endloop
 endfacet
 facet normal  0.000000e+00  0.000000e+00  1.000000e+00
   outer loop
     vertex  3.808213e+01 -3.372731e+00  2.310000e+01
     vertex  3.545405e+01 -2.129949e+00  2.310000e+01
     vertex  3.539346e+01 -2.285962e+00  2.310000e+01
   endloop
 endfacet
 facet normal  0.000000e+00  0.000000e+00  1.000000e+00
   outer loop
     vertex  3.808213e+01 -3.372731e+00  2.310000e+01
     vertex  3.532862e+01 -2.440254e+00  2.310000e+01
     vertex  3.798646e+01 -3.600375e+00  2.310000e+01
   endloop
 endfacet
 facet normal  0.000000e+00  0.000000e+00  1.000000e+00
   outer loop
     vertex  2.642257e+01  8.367079e+00  2.310000e+01
     vertex  2.619428e+01  8.272974e+00  2.310000e+01
     vertex  2.733614e+01  5.607238e+00  2.310000e+01
   endloop
 endfacet
 facet normal  0.000000e+00  0.000000e+00  1.000000e+00
   outer loop
     vertex  2.642257e+01  8.367079e+00  2.310000e+01
     vertex  2.733614e+01  5.607238e+00  2.310000e+01
     vertex  2.749088e+01  5.671020e+00  2.310000e+01
   endloop
 endfacet
 facet normal  0.000000e+00  0.000000e+00  1.000000e+00
   outer loop
     vertex  3.817152e+01 -3.142548e+00  2.310000e+01
     vertex  3.545405e+01 -2.129949e+00  2.310000e+01
     vertex  3.808213e+01 -3.372731e+00  2.310000e+01
   endloop
 endfacet
 facet normal  0.000000e+00  0.000000e+00  1.000000e+00
   outer loop
     vertex  2.665337e+01  8.454885e+00  2.310000e+01
     vertex  2.642257e+01  8.367079e+00  2.310000e+01
     vertex  2.749088e+01  5.671020e+00  2.310000e+01
   endloop
 endfacet
 facet normal  0.000000e+00  0.000000e+00  1.000000e+00
   outer loop
     vertex  2.665337e+01  8.454885e+00  2.310000e+01
     vertex  2.749088e+01  5.671020e+00  2.310000e+01
     vertex  2.764730e+01  5.730533e+00  2.310000e+01
   endloop
 endfacet
 facet normal  0.000000e+00  0.000000e+00  1.000000e+00
   outer loop
     vertex  3.825456e+01 -2.910000e+00  2.310000e+01
     vertex  3.551033e+01 -1.972333e+00  2.310000e+01
     vertex  3.545405e+01 -2.129949e+00  2.310000e+01
   endloop
 endfacet
 facet normal  0.000000e+00  0.000000e+00  1.000000e+00
   outer loop
     vertex  3.825456e+01 -2.910000e+00  2.310000e+01
     vertex  3.545405e+01 -2.129949e+00  2.310000e+01
     vertex  3.817152e+01 -3.142548e+00  2.310000e+01
   endloop
 endfacet
 facet normal  0.000000e+00  0.000000e+00  1.000000e+00
   outer loop
     vertex  2.688648e+01  8.536327e+00  2.310000e+01
     vertex  2.665337e+01  8.454885e+00  2.310000e+01
     vertex  2.764730e+01  5.730533e+00  2.310000e+01
   endloop
 endfacet
 facet normal  0.000000e+00  0.000000e+00  1.000000e+00
   outer loop
     vertex  2.688648e+01  8.536327e+00  2.310000e+01
     vertex  2.764730e+01  5.730533e+00  2.310000e+01
     vertex  2.780530e+01  5.785732e+00  2.310000e+01
   endloop
 endfacet
 facet normal  0.000000e+00  0.000000e+00  1.000000e+00
   outer loop
     vertex  3.833119e+01 -2.675261e+00  2.310000e+01
     vertex  3.556227e+01 -1.813232e+00  2.310000e+01
     vertex  3.551033e+01 -1.972333e+00  2.310000e+01
   endloop
 endfacet
 facet normal  0.000000e+00  0.000000e+00  1.000000e+00
   outer loop
     vertex  3.833119e+01 -2.675261e+00  2.310000e+01
     vertex  3.551033e+01 -1.972333e+00  2.310000e+01
     vertex  3.825456e+01 -2.910000e+00  2.310000e+01
   endloop
 endfacet
 facet normal  0.000000e+00  0.000000e+00  1.000000e+00
   outer loop
     vertex  2.712174e+01  8.611342e+00  2.310000e+01
     vertex  2.688648e+01  8.536327e+00  2.310000e+01
     vertex  2.780530e+01  5.785732e+00  2.310000e+01
   endloop
 endfacet
 facet normal  0.000000e+00  0.000000e+00  1.000000e+00
   outer loop
     vertex  2.712174e+01  8.611342e+00  2.310000e+01
     vertex  2.796475e+01  5.836576e+00  2.310000e+01
     vertex  2.812554e+01  5.883027e+00  2.310000e+01
   endloop
 endfacet
 facet normal  0.000000e+00  0.000000e+00  1.000000e+00
   outer loop
     vertex  2.712174e+01  8.611342e+00  2.310000e+01
     vertex  2.780530e+01  5.785732e+00  2.310000e+01
     vertex  2.796475e+01  5.836576e+00  2.310000e+01
   endloop
 endfacet
 facet normal  0.000000e+00  0.000000e+00  1.000000e+00
   outer loop
     vertex  3.840134e+01 -2.438507e+00  2.310000e+01
     vertex  3.560982e+01 -1.652766e+00  2.310000e+01
     vertex  3.556227e+01 -1.813232e+00  2.310000e+01
   endloop
 endfacet
 facet normal  0.000000e+00  0.000000e+00  1.000000e+00
   outer loop
     vertex  3.840134e+01 -2.438507e+00  2.310000e+01
     vertex  3.565295e+01 -1.491056e+00  2.310000e+01
     vertex  3.560982e+01 -1.652766e+00  2.310000e+01
   endloop
 endfacet
 facet normal  0.000000e+00  0.000000e+00  1.000000e+00
   outer loop
     vertex  3.840134e+01 -2.438507e+00  2.310000e+01
     vertex  3.556227e+01 -1.813232e+00  2.310000e+01
     vertex  3.833119e+01 -2.675261e+00  2.310000e+01
   endloop
 endfacet
 facet normal  0.000000e+00  0.000000e+00  1.000000e+00
   outer loop
     vertex  2.735897e+01  8.679875e+00  2.310000e+01
     vertex  2.712174e+01  8.611342e+00  2.310000e+01
     vertex  2.812554e+01  5.883027e+00  2.310000e+01
   endloop
 endfacet
 facet normal  0.000000e+00  0.000000e+00  1.000000e+00
   outer loop
     vertex  3.846498e+01 -2.199919e+00  2.310000e+01
     vertex  3.565295e+01 -1.491056e+00  2.310000e+01
     vertex  3.840134e+01 -2.438507e+00  2.310000e+01
   endloop
 endfacet
 facet normal  0.000000e+00  0.000000e+00  1.000000e+00
   outer loop
     vertex  2.759799e+01  8.741875e+00  2.310000e+01
     vertex  2.735897e+01  8.679875e+00  2.310000e+01
     vertex  2.812554e+01  5.883027e+00  2.310000e+01
   endloop
 endfacet
 facet normal  0.000000e+00  0.000000e+00  1.000000e+00
   outer loop
     vertex  2.759799e+01  8.741875e+00  2.310000e+01
     vertex  2.812554e+01  5.883027e+00  2.310000e+01
     vertex  2.828754e+01  5.925048e+00  2.310000e+01
   endloop
 endfacet
 facet normal  0.000000e+00  0.000000e+00  1.000000e+00
   outer loop
     vertex  3.852205e+01 -1.959674e+00  2.310000e+01
     vertex  3.569163e+01 -1.328224e+00  2.310000e+01
     vertex  3.565295e+01 -1.491056e+00  2.310000e+01
   endloop
 endfacet
 facet normal  0.000000e+00  0.000000e+00  1.000000e+00
   outer loop
     vertex  3.852205e+01 -1.959674e+00  2.310000e+01
     vertex  3.565295e+01 -1.491056e+00  2.310000e+01
     vertex  3.846498e+01 -2.199919e+00  2.310000e+01
   endloop
 endfacet
 facet normal  0.000000e+00  0.000000e+00  1.000000e+00
   outer loop
     vertex  2.783862e+01  8.797294e+00  2.310000e+01
     vertex  2.759799e+01  8.741875e+00  2.310000e+01
     vertex  2.828754e+01  5.925048e+00  2.310000e+01
   endloop
 endfacet
 facet normal  0.000000e+00  0.000000e+00  1.000000e+00
   outer loop
     vertex  2.783862e+01  8.797294e+00  2.310000e+01
     vertex  2.845064e+01  5.962610e+00  2.310000e+01
     vertex  2.861470e+01  5.995683e+00  2.310000e+01
   endloop
 endfacet
 facet normal  0.000000e+00  0.000000e+00  1.000000e+00
   outer loop
     vertex  2.783862e+01  8.797294e+00  2.310000e+01
     vertex  2.828754e+01  5.925048e+00  2.310000e+01
     vertex  2.845064e+01  5.962610e+00  2.310000e+01
   endloop
 endfacet
 facet normal  0.000000e+00  0.000000e+00  1.000000e+00
   outer loop
     vertex  3.857251e+01 -1.717954e+00  2.310000e+01
     vertex  3.572583e+01 -1.164391e+00  2.310000e+01
     vertex  3.569163e+01 -1.328224e+00  2.310000e+01
   endloop
 endfacet
 facet normal  0.000000e+00  0.000000e+00  1.000000e+00
   outer loop
     vertex  3.857251e+01 -1.717954e+00  2.310000e+01
     vertex  3.569163e+01 -1.328224e+00  2.310000e+01
     vertex  3.852205e+01 -1.959674e+00  2.310000e+01
   endloop
 endfacet
 facet normal  0.000000e+00  0.000000e+00  1.000000e+00
   outer loop
     vertex  2.808068e+01  8.846090e+00  2.310000e+01
     vertex  2.783862e+01  8.797294e+00  2.310000e+01
     vertex  2.861470e+01  5.995683e+00  2.310000e+01
   endloop
 endfacet
 facet normal  0.000000e+00  0.000000e+00  1.000000e+00
   outer loop
     vertex  2.808068e+01  8.846090e+00  2.310000e+01
     vertex  2.861470e+01  5.995683e+00  2.310000e+01
     vertex  2.877961e+01  6.024243e+00  2.310000e+01
   endloop
 endfacet
 facet normal  0.000000e+00  0.000000e+00  1.000000e+00
   outer loop
     vertex  3.861631e+01 -1.474941e+00  2.310000e+01
     vertex  3.572583e+01 -1.164391e+00  2.310000e+01
     vertex  3.857251e+01 -1.717954e+00  2.310000e+01
   endloop
 endfacet
 facet normal  0.000000e+00  0.000000e+00  1.000000e+00
   outer loop
     vertex  3.861631e+01 -1.474941e+00  2.310000e+01
     vertex  3.575552e+01 -9.996824e-01  2.310000e+01
     vertex  3.572583e+01 -1.164391e+00  2.310000e+01
   endloop
 endfacet
 facet normal  0.000000e+00  0.000000e+00  1.000000e+00
   outer loop
     vertex  3.861631e+01 -1.474941e+00  2.310000e+01
     vertex  3.578068e+01 -8.342210e-01  2.310000e+01
     vertex  3.575552e+01 -9.996824e-01  2.310000e+01
   endloop
 endfacet
 facet normal  0.000000e+00  0.000000e+00  1.000000e+00
   outer loop
     vertex  2.832398e+01  8.888227e+00  2.310000e+01
     vertex  2.808068e+01  8.846090e+00  2.310000e+01
     vertex  2.877961e+01  6.024243e+00  2.310000e+01
   endloop
 endfacet
 facet normal  0.000000e+00  0.000000e+00  1.000000e+00
   outer loop
     vertex  3.865343e+01 -1.230818e+00  2.310000e+01
     vertex  3.578068e+01 -8.342210e-01  2.310000e+01
     vertex  3.861631e+01 -1.474941e+00  2.310000e+01
   endloop
 endfacet
 facet normal  0.000000e+00  0.000000e+00  1.000000e+00
   outer loop
     vertex  2.856836e+01  8.923674e+00  2.310000e+01
     vertex  2.832398e+01  8.888227e+00  2.310000e+01
     vertex  2.877961e+01  6.024243e+00  2.310000e+01
   endloop
 endfacet
 facet normal  0.000000e+00  0.000000e+00  1.000000e+00
   outer loop
     vertex  2.856836e+01  8.923674e+00  2.310000e+01
     vertex  2.877961e+01  6.024243e+00  2.310000e+01
     vertex  2.894524e+01  6.048268e+00  2.310000e+01
   endloop
 endfacet
 facet normal  0.000000e+00  0.000000e+00  1.000000e+00
   outer loop
     vertex  3.868384e+01 -9.857679e-01  2.310000e+01
     vertex  3.578068e+01 -8.342210e-01  2.310000e+01
     vertex  3.865343e+01 -1.230818e+00  2.310000e+01
   endloop
 endfacet
 facet normal  0.000000e+00  0.000000e+00  1.000000e+00
   outer loop
     vertex  3.868384e+01 -9.857679e-01  2.310000e+01
     vertex  3.580129e+01 -6.681316e-01  2.310000e+01
     vertex  3.578068e+01 -8.342210e-01  2.310000e+01
   endloop
 endfacet
 facet normal  0.000000e+00  0.000000e+00  1.000000e+00
   outer loop
     vertex  2.881361e+01  8.952403e+00  2.310000e+01
     vertex  2.856836e+01  8.923674e+00  2.310000e+01
     vertex  2.894524e+01  6.048268e+00  2.310000e+01
   endloop
 endfacet
 facet normal  0.000000e+00  0.000000e+00  1.000000e+00
   outer loop
     vertex  2.881361e+01  8.952403e+00  2.310000e+01
     vertex  2.911147e+01  6.067740e+00  2.310000e+01
     vertex  2.927816e+01  6.082644e+00  2.310000e+01
   endloop
 endfacet
 facet normal  0.000000e+00  0.000000e+00  1.000000e+00
   outer loop
     vertex  2.881361e+01  8.952403e+00  2.310000e+01
     vertex  2.894524e+01  6.048268e+00  2.310000e+01
     vertex  2.911147e+01  6.067740e+00  2.310000e+01
   endloop
 endfacet
 facet normal  0.000000e+00  0.000000e+00  1.000000e+00
   outer loop
     vertex  3.870752e+01 -7.399760e-01  2.310000e+01
     vertex  3.581734e+01 -5.015393e-01  2.310000e+01
     vertex  3.580129e+01 -6.681316e-01  2.310000e+01
   endloop
 endfacet
 facet normal  0.000000e+00  0.000000e+00  1.000000e+00
   outer loop
     vertex  3.870752e+01 -7.399760e-01  2.310000e+01
     vertex  3.582881e+01 -3.345694e-01  2.310000e+01
     vertex  3.581734e+01 -5.015393e-01  2.310000e+01
   endloop
 endfacet
 facet normal  0.000000e+00  0.000000e+00  1.000000e+00
   outer loop
     vertex  3.870752e+01 -7.399760e-01  2.310000e+01
     vertex  3.580129e+01 -6.681316e-01  2.310000e+01
     vertex  3.868384e+01 -9.857679e-01  2.310000e+01
   endloop
 endfacet
 facet normal  0.000000e+00  0.000000e+00  1.000000e+00
   outer loop
     vertex  2.905956e+01  8.974393e+00  2.310000e+01
     vertex  2.881361e+01  8.952403e+00  2.310000e+01
     vertex  2.927816e+01  6.082644e+00  2.310000e+01
   endloop
 endfacet
 facet normal  0.000000e+00  0.000000e+00  1.000000e+00
   outer loop
     vertex  2.905956e+01  8.974393e+00  2.310000e+01
     vertex  2.927816e+01  6.082644e+00  2.310000e+01
     vertex  2.944521e+01  6.092970e+00  2.310000e+01
   endloop
 endfacet
 facet normal  0.000000e+00  0.000000e+00  1.000000e+00
   outer loop
     vertex  3.872444e+01 -4.936270e-01  2.310000e+01
     vertex  3.582881e+01 -3.345694e-01  2.310000e+01
     vertex  3.870752e+01 -7.399760e-01  2.310000e+01
   endloop
 endfacet
 facet normal  0.000000e+00  0.000000e+00  1.000000e+00
   outer loop
     vertex  2.930602e+01  8.989627e+00  2.310000e+01
     vertex  2.905956e+01  8.974393e+00  2.310000e+01
     vertex  2.944521e+01  6.092970e+00  2.310000e+01
   endloop
 endfacet
 facet normal  0.000000e+00  0.000000e+00  1.000000e+00
   outer loop
     vertex  2.930602e+01  8.989627e+00  2.310000e+01
     vertex  2.944521e+01  6.092970e+00  2.310000e+01
     vertex  2.961247e+01  6.098708e+00  2.310000e+01
   endloop
 endfacet
 facet normal  0.000000e+00  0.000000e+00  1.000000e+00
   outer loop
     vertex  3.873460e+01 -2.469064e-01  2.310000e+01
     vertex  3.582881e+01 -3.345694e-01  2.310000e+01
     vertex  3.872444e+01 -4.936270e-01  2.310000e+01
   endloop
 endfacet
 facet normal  0.000000e+00  0.000000e+00  1.000000e+00
   outer loop
     vertex  3.873460e+01 -2.469064e-01  2.310000e+01
     vertex  3.583570e+01 -1.673477e-01  2.310000e+01
     vertex  3.582881e+01 -3.345694e-01  2.310000e+01
   endloop
 endfacet
 facet normal  0.000000e+00  0.000000e+00  1.000000e+00
   outer loop
     vertex  3.873460e+01 -2.469064e-01  2.310000e+01
     vertex  3.583799e+01  0.000000e+00  2.310000e+01
     vertex  3.583570e+01 -1.673477e-01  2.310000e+01
   endloop
 endfacet
 facet normal  0.000000e+00  0.000000e+00  1.000000e+00
   outer loop
     vertex  2.955280e+01  8.998095e+00  2.310000e+01
     vertex  2.930602e+01  8.989627e+00  2.310000e+01
     vertex  2.961247e+01  6.098708e+00  2.310000e+01
   endloop
 endfacet
 facet normal  0.000000e+00  0.000000e+00  1.000000e+00
   outer loop
     vertex  3.873799e+01  0.000000e+00  2.310000e+01
     vertex  3.583799e+01  0.000000e+00  2.310000e+01
     vertex  3.873460e+01 -2.469064e-01  2.310000e+01
   endloop
 endfacet
 facet normal  0.000000e+00  0.000000e+00  1.000000e+00
   outer loop
     vertex  3.873799e+01  0.000000e+00  2.310000e+01
     vertex  3.583570e+01  1.673477e-01  2.310000e+01
     vertex  3.583799e+01  0.000000e+00  2.310000e+01
   endloop
 endfacet
 facet normal  0.000000e+00  0.000000e+00  1.000000e+00
   outer loop
     vertex  2.979973e+01  8.999788e+00  2.310000e+01
     vertex  2.977983e+01  6.099856e+00  2.310000e+01
     vertex  2.994716e+01  6.096413e+00  2.310000e+01
   endloop
 endfacet
 facet normal  0.000000e+00  0.000000e+00  1.000000e+00
   outer loop
     vertex  2.979973e+01  8.999788e+00  2.310000e+01
     vertex  2.961247e+01  6.098708e+00  2.310000e+01
     vertex  2.977983e+01  6.099856e+00  2.310000e+01
   endloop
 endfacet
 facet normal  0.000000e+00  0.000000e+00  1.000000e+00
   outer loop
     vertex  2.979973e+01  8.999788e+00  2.310000e+01
     vertex  2.955280e+01  8.998095e+00  2.310000e+01
     vertex  2.961247e+01  6.098708e+00  2.310000e+01
   endloop
 endfacet
 facet normal  0.000000e+00  0.000000e+00  1.000000e+00
   outer loop
     vertex  3.873460e+01  2.469064e-01  2.310000e+01
     vertex  3.583570e+01  1.673477e-01  2.310000e+01
     vertex  3.873799e+01  0.000000e+00  2.310000e+01
   endloop
 endfacet
 facet normal  0.000000e+00  0.000000e+00  1.000000e+00
   outer loop
     vertex  3.004660e+01  8.994707e+00  2.310000e+01
     vertex  2.979973e+01  8.999788e+00  2.310000e+01
     vertex  2.994716e+01  6.096413e+00  2.310000e+01
   endloop
 endfacet
 facet normal  0.000000e+00  0.000000e+00  1.000000e+00
   outer loop
     vertex  3.872444e+01  4.936270e-01  2.310000e+01
     vertex  3.582881e+01  3.345694e-01  2.310000e+01
     vertex  3.583570e+01  1.673477e-01  2.310000e+01
   endloop
 endfacet
 facet normal  0.000000e+00  0.000000e+00  1.000000e+00
   outer loop
     vertex  3.872444e+01  4.936270e-01  2.310000e+01
     vertex  3.581734e+01  5.015393e-01  2.310000e+01
     vertex  3.582881e+01  3.345694e-01  2.310000e+01
   endloop
 endfacet
 facet normal  0.000000e+00  0.000000e+00  1.000000e+00
   outer loop
     vertex  3.872444e+01  4.936270e-01  2.310000e+01
     vertex  3.583570e+01  1.673477e-01  2.310000e+01
     vertex  3.873460e+01  2.469064e-01  2.310000e+01
   endloop
 endfacet
 facet normal  0.000000e+00  0.000000e+00  1.000000e+00
   outer loop
     vertex  3.029325e+01  8.982855e+00  2.310000e+01
     vertex  3.004660e+01  8.994707e+00  2.310000e+01
     vertex  2.994716e+01  6.096413e+00  2.310000e+01
   endloop
 endfacet
 facet normal  0.000000e+00  0.000000e+00  1.000000e+00
   outer loop
     vertex  3.029325e+01  8.982855e+00  2.310000e+01
     vertex  2.994716e+01  6.096413e+00  2.310000e+01
     vertex  3.011433e+01  6.088380e+00  2.310000e+01
   endloop
 endfacet
 facet normal  0.000000e+00  0.000000e+00  1.000000e+00
   outer loop
     vertex  3.870752e+01  7.399760e-01  2.310000e+01
     vertex  3.581734e+01  5.015393e-01  2.310000e+01
     vertex  3.872444e+01  4.936270e-01  2.310000e+01
   endloop
 endfacet
 facet normal  0.000000e+00  0.000000e+00  1.000000e+00
   outer loop
     vertex  3.053947e+01  8.964241e+00  2.310000e+01
     vertex  3.029325e+01  8.982855e+00  2.310000e+01
     vertex  3.011433e+01  6.088380e+00  2.310000e+01
   endloop
 endfacet
 facet normal  0.000000e+00  0.000000e+00  1.000000e+00
   outer loop
     vertex  3.053947e+01  8.964241e+00  2.310000e+01
     vertex  3.011433e+01  6.088380e+00  2.310000e+01
     vertex  3.028122e+01  6.075764e+00  2.310000e+01
   endloop
 endfacet
 facet normal  0.000000e+00  0.000000e+00  1.000000e+00
   outer loop
     vertex  3.868384e+01  9.857679e-01  2.310000e+01
     vertex  3.580129e+01  6.681316e-01  2.310000e+01
     vertex  3.581734e+01  5.015393e-01  2.310000e+01
   endloop
 endfacet
 facet normal  0.000000e+00  0.000000e+00  1.000000e+00
   outer loop
     vertex  3.868384e+01  9.857679e-01  2.310000e+01
     vertex  3.578068e+01  8.342210e-01  2.310000e+01
     vertex  3.580129e+01  6.681316e-01  2.310000e+01
   endloop
 endfacet
 facet normal  0.000000e+00  0.000000e+00  1.000000e+00
   outer loop
     vertex  3.868384e+01  9.857679e-01  2.310000e+01
     vertex  3.581734e+01  5.015393e-01  2.310000e+01
     vertex  3.870752e+01  7.399760e-01  2.310000e+01
   endloop
 endfacet
 facet normal  0.000000e+00  0.000000e+00  1.000000e+00
   outer loop
     vertex  3.078510e+01  8.938879e+00  2.310000e+01
     vertex  3.053947e+01  8.964241e+00  2.310000e+01
     vertex  3.028122e+01  6.075764e+00  2.310000e+01
   endloop
 endfacet
 facet normal  0.000000e+00  0.000000e+00  1.000000e+00
   outer loop
     vertex  3.078510e+01  8.938879e+00  2.310000e+01
     vertex  3.028122e+01  6.075764e+00  2.310000e+01
     vertex  3.044770e+01  6.058574e+00  2.310000e+01
   endloop
 endfacet
 facet normal  0.000000e+00  0.000000e+00  1.000000e+00
   outer loop
     vertex  3.865343e+01  1.230818e+00  2.310000e+01
     vertex  3.578068e+01  8.342210e-01  2.310000e+01
     vertex  3.868384e+01  9.857679e-01  2.310000e+01
   endloop
 endfacet
 facet normal  0.000000e+00  0.000000e+00  1.000000e+00
   outer loop
     vertex  3.102993e+01  8.906789e+00  2.310000e+01
     vertex  3.078510e+01  8.938879e+00  2.310000e+01
     vertex  3.044770e+01  6.058574e+00  2.310000e+01
   endloop
 endfacet
 facet normal  0.000000e+00  0.000000e+00  1.000000e+00
   outer loop
     vertex  3.102993e+01  8.906789e+00  2.310000e+01
     vertex  3.044770e+01  6.058574e+00  2.310000e+01
     vertex  3.061364e+01  6.036823e+00  2.310000e+01
   endloop
 endfacet
 facet normal  0.000000e+00  0.000000e+00  1.000000e+00
   outer loop
     vertex  3.861631e+01  1.474941e+00  2.310000e+01
     vertex  3.575552e+01  9.996824e-01  2.310000e+01
     vertex  3.578068e+01  8.342210e-01  2.310000e+01
   endloop
 endfacet
 facet normal  0.000000e+00  0.000000e+00  1.000000e+00
   outer loop
     vertex  3.861631e+01  1.474941e+00  2.310000e+01
     vertex  3.578068e+01  8.342210e-01  2.310000e+01
     vertex  3.865343e+01  1.230818e+00  2.310000e+01
   endloop
 endfacet
 facet normal  0.000000e+00  0.000000e+00  1.000000e+00
   outer loop
     vertex  3.127380e+01  8.867993e+00  2.310000e+01
     vertex  3.102993e+01  8.906789e+00  2.310000e+01
     vertex  3.061364e+01  6.036823e+00  2.310000e+01
   endloop
 endfacet
 facet normal  0.000000e+00  0.000000e+00  1.000000e+00
   outer loop
     vertex  3.127380e+01  8.867993e+00  2.310000e+01
     vertex  3.061364e+01  6.036823e+00  2.310000e+01
     vertex  3.077893e+01  6.010529e+00  2.310000e+01
   endloop
 endfacet
 facet normal  0.000000e+00  0.000000e+00  1.000000e+00
   outer loop
     vertex  3.857251e+01  1.717954e+00  2.310000e+01
     vertex  3.572583e+01  1.164391e+00  2.310000e+01
     vertex  3.575552e+01  9.996824e-01  2.310000e+01
   endloop
 endfacet
 facet normal  0.000000e+00  0.000000e+00  1.000000e+00
   outer loop
     vertex  3.857251e+01  1.717954e+00  2.310000e+01
     vertex  3.575552e+01  9.996824e-01  2.310000e+01
     vertex  3.861631e+01  1.474941e+00  2.310000e+01
   endloop
 endfacet
 facet normal  0.000000e+00  0.000000e+00  1.000000e+00
   outer loop
     vertex  3.151650e+01  8.822522e+00  2.310000e+01
     vertex  3.077893e+01  6.010529e+00  2.310000e+01
     vertex  3.094343e+01  5.979709e+00  2.310000e+01
   endloop
 endfacet
 facet normal  0.000000e+00  0.000000e+00  1.000000e+00
   outer loop
     vertex  3.151650e+01  8.822522e+00  2.310000e+01
     vertex  3.127380e+01  8.867993e+00  2.310000e+01
     vertex  3.077893e+01  6.010529e+00  2.310000e+01
   endloop
 endfacet
 facet normal  0.000000e+00  0.000000e+00  1.000000e+00
   outer loop
     vertex  3.852205e+01  1.959674e+00  2.310000e+01
     vertex  3.569163e+01  1.328224e+00  2.310000e+01
     vertex  3.572583e+01  1.164391e+00  2.310000e+01
   endloop
 endfacet
 facet normal  0.000000e+00  0.000000e+00  1.000000e+00
   outer loop
     vertex  3.852205e+01  1.959674e+00  2.310000e+01
     vertex  3.572583e+01  1.164391e+00  2.310000e+01
     vertex  3.857251e+01  1.717954e+00  2.310000e+01
   endloop
 endfacet
 facet normal  0.000000e+00  0.000000e+00  1.000000e+00
   outer loop
     vertex  3.175787e+01  8.770409e+00  2.310000e+01
     vertex  3.094343e+01  5.979709e+00  2.310000e+01
     vertex  3.110702e+01  5.944389e+00  2.310000e+01
   endloop
 endfacet
 facet normal  0.000000e+00  0.000000e+00  1.000000e+00
   outer loop
     vertex  3.175787e+01  8.770409e+00  2.310000e+01
     vertex  3.151650e+01  8.822522e+00  2.310000e+01
     vertex  3.094343e+01  5.979709e+00  2.310000e+01
   endloop
 endfacet
 facet normal  0.000000e+00  0.000000e+00  1.000000e+00
   outer loop
     vertex  3.846498e+01  2.199919e+00  2.310000e+01
     vertex  3.569163e+01  1.328224e+00  2.310000e+01
     vertex  3.852205e+01  1.959674e+00  2.310000e+01
   endloop
 endfacet
 facet normal  0.000000e+00  0.000000e+00  1.000000e+00
   outer loop
     vertex  3.846498e+01  2.199919e+00  2.310000e+01
     vertex  3.565295e+01  1.491056e+00  2.310000e+01
     vertex  3.569163e+01  1.328224e+00  2.310000e+01
   endloop
 endfacet
 facet normal  0.000000e+00  0.000000e+00  1.000000e+00
   outer loop
     vertex  3.846498e+01  2.199919e+00  2.310000e+01
     vertex  3.560982e+01  1.652766e+00  2.310000e+01
     vertex  3.565295e+01  1.491056e+00  2.310000e+01
   endloop
 endfacet
 facet normal  0.000000e+00  0.000000e+00  1.000000e+00
   outer loop
     vertex  3.199772e+01  8.711695e+00  2.310000e+01
     vertex  3.175787e+01  8.770409e+00  2.310000e+01
     vertex  3.110702e+01  5.944389e+00  2.310000e+01
   endloop
 endfacet
 facet normal  0.000000e+00  0.000000e+00  1.000000e+00
   outer loop
     vertex  3.199772e+01  8.711695e+00  2.310000e+01
     vertex  3.110702e+01  5.944389e+00  2.310000e+01
     vertex  3.126958e+01  5.904593e+00  2.310000e+01
   endloop
 endfacet
 facet normal  0.000000e+00  0.000000e+00  1.000000e+00
   outer loop
     vertex  3.840134e+01  2.438507e+00  2.310000e+01
     vertex  3.560982e+01  1.652766e+00  2.310000e+01
     vertex  3.846498e+01  2.199919e+00  2.310000e+01
   endloop
 endfacet
 facet normal  0.000000e+00  0.000000e+00  1.000000e+00
   outer loop
     vertex  3.223587e+01  8.646422e+00  2.310000e+01
     vertex  3.143100e+01  5.860353e+00  2.310000e+01
     vertex  3.159113e+01  5.811701e+00  2.310000e+01
   endloop
 endfacet
 facet normal  0.000000e+00  0.000000e+00  1.000000e+00
   outer loop
     vertex  3.223587e+01  8.646422e+00  2.310000e+01
     vertex  3.126958e+01  5.904593e+00  2.310000e+01
     vertex  3.143100e+01  5.860353e+00  2.310000e+01
   endloop
 endfacet
 facet normal  0.000000e+00  0.000000e+00  1.000000e+00
   outer loop
     vertex  3.223587e+01  8.646422e+00  2.310000e+01
     vertex  3.199772e+01  8.711695e+00  2.310000e+01
     vertex  3.126958e+01  5.904593e+00  2.310000e+01
   endloop
 endfacet
 facet normal  0.000000e+00  0.000000e+00  1.000000e+00
   outer loop
     vertex  3.833119e+01  2.675261e+00  2.310000e+01
     vertex  3.556227e+01  1.813232e+00  2.310000e+01
     vertex  3.560982e+01  1.652766e+00  2.310000e+01
   endloop
 endfacet
 facet normal  0.000000e+00  0.000000e+00  1.000000e+00
   outer loop
     vertex  3.833119e+01  2.675261e+00  2.310000e+01
     vertex  3.560982e+01  1.652766e+00  2.310000e+01
     vertex  3.840134e+01  2.438507e+00  2.310000e+01
   endloop
 endfacet
 facet normal  0.000000e+00  0.000000e+00  1.000000e+00
   outer loop
     vertex  3.247213e+01  8.574641e+00  2.310000e+01
     vertex  3.223587e+01  8.646422e+00  2.310000e+01
     vertex  3.159113e+01  5.811701e+00  2.310000e+01
   endloop
 endfacet
 facet normal  0.000000e+00  0.000000e+00  1.000000e+00
   outer loop
     vertex  3.825456e+01  2.910000e+00  2.310000e+01
     vertex  3.551033e+01  1.972333e+00  2.310000e+01
     vertex  3.556227e+01  1.813232e+00  2.310000e+01
   endloop
 endfacet
 facet normal  0.000000e+00  0.000000e+00  1.000000e+00
   outer loop
     vertex  3.825456e+01  2.910000e+00  2.310000e+01
     vertex  3.545405e+01  2.129949e+00  2.310000e+01
     vertex  3.551033e+01  1.972333e+00  2.310000e+01
   endloop
 endfacet
 facet normal  0.000000e+00  0.000000e+00  1.000000e+00
   outer loop
     vertex  3.825456e+01  2.910000e+00  2.310000e+01
     vertex  3.556227e+01  1.813232e+00  2.310000e+01
     vertex  3.833119e+01  2.675261e+00  2.310000e+01
   endloop
 endfacet
 facet normal  0.000000e+00  0.000000e+00  1.000000e+00
   outer loop
     vertex  3.270634e+01  8.496405e+00  2.310000e+01
     vertex  3.247213e+01  8.574641e+00  2.310000e+01
     vertex  3.159113e+01  5.811701e+00  2.310000e+01
   endloop
 endfacet
 facet normal  0.000000e+00  0.000000e+00  1.000000e+00
   outer loop
     vertex  3.270634e+01  8.496405e+00  2.310000e+01
     vertex  3.159113e+01  5.811701e+00  2.310000e+01
     vertex  3.174987e+01  5.758675e+00  2.310000e+01
   endloop
 endfacet
 facet normal  0.000000e+00  0.000000e+00  1.000000e+00
   outer loop
     vertex  3.817152e+01  3.142548e+00  2.310000e+01
     vertex  3.545405e+01  2.129949e+00  2.310000e+01
     vertex  3.825456e+01  2.910000e+00  2.310000e+01
   endloop
 endfacet
 facet normal  0.000000e+00  0.000000e+00  1.000000e+00
   outer loop
     vertex  3.293831e+01  8.411774e+00  2.310000e+01
     vertex  3.270634e+01  8.496405e+00  2.310000e+01
     vertex  3.174987e+01  5.758675e+00  2.310000e+01
   endloop
 endfacet
 facet normal  0.000000e+00  0.000000e+00  1.000000e+00
   outer loop
     vertex  3.293831e+01  8.411774e+00  2.310000e+01
     vertex  3.174987e+01  5.758675e+00  2.310000e+01
     vertex  3.190710e+01  5.701313e+00  2.310000e+01
   endloop
 endfacet
 facet normal  0.000000e+00  0.000000e+00  1.000000e+00
   outer loop
     vertex  3.808213e+01  3.372731e+00  2.310000e+01
     vertex  3.539346e+01  2.285962e+00  2.310000e+01
     vertex  3.545405e+01  2.129949e+00  2.310000e+01
   endloop
 endfacet
 facet normal  0.000000e+00  0.000000e+00  1.000000e+00
   outer loop
     vertex  3.808213e+01  3.372731e+00  2.310000e+01
     vertex  3.532862e+01  2.440254e+00  2.310000e+01
     vertex  3.539346e+01  2.285962e+00  2.310000e+01
   endloop
 endfacet
 facet normal  0.000000e+00  0.000000e+00  1.000000e+00
   outer loop
     vertex  3.808213e+01  3.372731e+00  2.310000e+01
     vertex  3.545405e+01  2.129949e+00  2.310000e+01
     vertex  3.817152e+01  3.142548e+00  2.310000e+01
   endloop
 endfacet
 facet normal  0.000000e+00  0.000000e+00  1.000000e+00
   outer loop
     vertex  3.316788e+01  8.320810e+00  2.310000e+01
     vertex  3.293831e+01  8.411774e+00  2.310000e+01
     vertex  3.190710e+01  5.701313e+00  2.310000e+01
   endloop
 endfacet
 facet normal  0.000000e+00  0.000000e+00  1.000000e+00
   outer loop
     vertex  3.316788e+01  8.320810e+00  2.310000e+01
     vertex  3.206269e+01  5.639660e+00  2.310000e+01
     vertex  3.221654e+01  5.573761e+00  2.310000e+01
   endloop
 endfacet
 facet normal  0.000000e+00  0.000000e+00  1.000000e+00
   outer loop
     vertex  3.316788e+01  8.320810e+00  2.310000e+01
     vertex  3.190710e+01  5.701313e+00  2.310000e+01
     vertex  3.206269e+01  5.639660e+00  2.310000e+01
   endloop
 endfacet
 facet normal  0.000000e+00  0.000000e+00  1.000000e+00
   outer loop
     vertex  3.798646e+01  3.600375e+00  2.310000e+01
     vertex  3.532862e+01  2.440254e+00  2.310000e+01
     vertex  3.808213e+01  3.372731e+00  2.310000e+01
   endloop
 endfacet
 facet normal  0.000000e+00  0.000000e+00  1.000000e+00
   outer loop
     vertex  3.339486e+01  8.223582e+00  2.310000e+01
     vertex  3.316788e+01  8.320810e+00  2.310000e+01
     vertex  3.221654e+01  5.573761e+00  2.310000e+01
   endloop
 endfacet
 facet normal  0.000000e+00  0.000000e+00  1.000000e+00
   outer loop
     vertex  3.339486e+01  8.223582e+00  2.310000e+01
     vertex  3.221654e+01  5.573761e+00  2.310000e+01
     vertex  3.236851e+01  5.503667e+00  2.310000e+01
   endloop
 endfacet
 facet normal  0.000000e+00  0.000000e+00  1.000000e+00
   outer loop
     vertex  3.788459e+01  3.825309e+00  2.310000e+01
     vertex  3.525957e+01  2.592710e+00  2.310000e+01
     vertex  3.532862e+01  2.440254e+00  2.310000e+01
   endloop
 endfacet
 facet normal  0.000000e+00  0.000000e+00  1.000000e+00
   outer loop
     vertex  3.788459e+01  3.825309e+00  2.310000e+01
     vertex  3.518637e+01  2.743213e+00  2.310000e+01
     vertex  3.525957e+01  2.592710e+00  2.310000e+01
   endloop
 endfacet
 facet normal  0.000000e+00  0.000000e+00  1.000000e+00
   outer loop
     vertex  3.788459e+01  3.825309e+00  2.310000e+01
     vertex  3.532862e+01  2.440254e+00  2.310000e+01
     vertex  3.798646e+01  3.600375e+00  2.310000e+01
   endloop
 endfacet
 facet normal  0.000000e+00  0.000000e+00  1.000000e+00
   outer loop
     vertex  3.361909e+01  8.120164e+00  2.310000e+01
     vertex  3.339486e+01  8.223582e+00  2.310000e+01
     vertex  3.236851e+01  5.503667e+00  2.310000e+01
   endloop
 endfacet
 facet normal  0.000000e+00  0.000000e+00  1.000000e+00
   outer loop
     vertex  3.777658e+01  4.047364e+00  2.310000e+01
     vertex  3.518637e+01  2.743213e+00  2.310000e+01
     vertex  3.788459e+01  3.825309e+00  2.310000e+01
   endloop
 endfacet
 facet normal  0.000000e+00  0.000000e+00  1.000000e+00
   outer loop
     vertex  3.384040e+01  8.010634e+00  2.310000e+01
     vertex  3.361909e+01  8.120164e+00  2.310000e+01
     vertex  3.236851e+01  5.503667e+00  2.310000e+01
   endloop
 endfacet
 facet normal  0.000000e+00  0.000000e+00  1.000000e+00
   outer loop
     vertex  3.384040e+01  8.010634e+00  2.310000e+01
     vertex  3.236851e+01  5.503667e+00  2.310000e+01
     vertex  3.251851e+01  5.429430e+00  2.310000e+01
   endloop
 endfacet
 facet normal  0.000000e+00  0.000000e+00  1.000000e+00
   outer loop
     vertex  3.766252e+01  4.266371e+00  2.310000e+01
     vertex  3.518637e+01  2.743213e+00  2.310000e+01
     vertex  3.777658e+01  4.047364e+00  2.310000e+01
   endloop
 endfacet
 facet normal  0.000000e+00  0.000000e+00  1.000000e+00
   outer loop
     vertex  3.766252e+01  4.266371e+00  2.310000e+01
     vertex  3.510906e+01  2.891652e+00  2.310000e+01
     vertex  3.518637e+01  2.743213e+00  2.310000e+01
   endloop
 endfacet
 facet normal  0.000000e+00  0.000000e+00  1.000000e+00
   outer loop
     vertex  3.766252e+01  4.266371e+00  2.310000e+01
     vertex  3.502771e+01  3.037913e+00  2.310000e+01
     vertex  3.510906e+01  2.891652e+00  2.310000e+01
   endloop
 endfacet
 facet normal  0.000000e+00  0.000000e+00  1.000000e+00
   outer loop
     vertex  3.405862e+01  7.895073e+00  2.310000e+01
     vertex  3.384040e+01  8.010634e+00  2.310000e+01
     vertex  3.251851e+01  5.429430e+00  2.310000e+01
   endloop
 endfacet
 facet normal  0.000000e+00  0.000000e+00  1.000000e+00
   outer loop
     vertex  3.405862e+01  7.895073e+00  2.310000e+01
     vertex  3.251851e+01  5.429430e+00  2.310000e+01
     vertex  3.266642e+01  5.351105e+00  2.310000e+01
   endloop
 endfacet
 facet normal  0.000000e+00  0.000000e+00  1.000000e+00
   outer loop
     vertex  3.754249e+01  4.482167e+00  2.310000e+01
     vertex  3.502771e+01  3.037913e+00  2.310000e+01
     vertex  3.766252e+01  4.266371e+00  2.310000e+01
   endloop
 endfacet
 facet normal  0.000000e+00  0.000000e+00  1.000000e+00
   outer loop
     vertex  3.427359e+01  7.773569e+00  2.310000e+01
     vertex  3.405862e+01  7.895073e+00  2.310000e+01
     vertex  3.266642e+01  5.351105e+00  2.310000e+01
   endloop
 endfacet
 facet normal  0.000000e+00  0.000000e+00  1.000000e+00
   outer loop
     vertex  3.427359e+01  7.773569e+00  2.310000e+01
     vertex  3.266642e+01  5.351105e+00  2.310000e+01
     vertex  3.281212e+01  5.268752e+00  2.310000e+01
   endloop
 endfacet
 facet normal  0.000000e+00  0.000000e+00  1.000000e+00
   outer loop
     vertex  3.741659e+01  4.694589e+00  2.310000e+01
     vertex  3.502771e+01  3.037913e+00  2.310000e+01
     vertex  3.754249e+01  4.482167e+00  2.310000e+01
   endloop
 endfacet
 facet normal  0.000000e+00  0.000000e+00  1.000000e+00
   outer loop
     vertex  3.741659e+01  4.694589e+00  2.310000e+01
     vertex  3.494237e+01  3.181888e+00  2.310000e+01
     vertex  3.502771e+01  3.037913e+00  2.310000e+01
   endloop
 endfacet
 facet normal  0.000000e+00  0.000000e+00  1.000000e+00
   outer loop
     vertex  3.448514e+01  7.646214e+00  2.310000e+01
     vertex  3.427359e+01  7.773569e+00  2.310000e+01
     vertex  3.281212e+01  5.268752e+00  2.310000e+01
   endloop
 endfacet
 facet normal  0.000000e+00  0.000000e+00  1.000000e+00
   outer loop
     vertex  3.448514e+01  7.646214e+00  2.310000e+01
     vertex  3.281212e+01  5.268752e+00  2.310000e+01
     vertex  3.295550e+01  5.182434e+00  2.310000e+01
   endloop
 endfacet
 facet normal  0.000000e+00  0.000000e+00  1.000000e+00
   outer loop
     vertex  3.728491e+01  4.903477e+00  2.310000e+01
     vertex  3.494237e+01  3.181888e+00  2.310000e+01
     vertex  3.741659e+01  4.694589e+00  2.310000e+01
   endloop
 endfacet
 facet normal  0.000000e+00  0.000000e+00  1.000000e+00
   outer loop
     vertex  3.728491e+01  4.903477e+00  2.310000e+01
     vertex  3.485312e+01  3.323468e+00  2.310000e+01
     vertex  3.494237e+01  3.181888e+00  2.310000e+01
   endloop
 endfacet
 facet normal  0.000000e+00  0.000000e+00  1.000000e+00
   outer loop
     vertex  3.469312e+01  7.513102e+00  2.310000e+01
     vertex  3.448514e+01  7.646214e+00  2.310000e+01
     vertex  3.295550e+01  5.182434e+00  2.310000e+01
   endloop
 endfacet
 facet normal  0.000000e+00  0.000000e+00  1.000000e+00
   outer loop
     vertex  3.469312e+01  7.513102e+00  2.310000e+01
     vertex  3.295550e+01  5.182434e+00  2.310000e+01
     vertex  3.309647e+01  5.092214e+00  2.310000e+01
   endloop
 endfacet
 facet normal  0.000000e+00  0.000000e+00  1.000000e+00
   outer loop
     vertex  3.714754e+01  5.108674e+00  2.310000e+01
     vertex  3.476002e+01  3.462546e+00  2.310000e+01
     vertex  3.485312e+01  3.323468e+00  2.310000e+01
   endloop
 endfacet
 facet normal  0.000000e+00  0.000000e+00  1.000000e+00
   outer loop
     vertex  3.714754e+01  5.108674e+00  2.310000e+01
     vertex  3.485312e+01  3.323468e+00  2.310000e+01
     vertex  3.728491e+01  4.903477e+00  2.310000e+01
   endloop
 endfacet
 facet normal  0.000000e+00  0.000000e+00  1.000000e+00
   outer loop
     vertex  3.489737e+01  7.374335e+00  2.310000e+01
     vertex  3.469312e+01  7.513102e+00  2.310000e+01
     vertex  3.309647e+01  5.092214e+00  2.310000e+01
   endloop
 endfacet
 facet normal  0.000000e+00  0.000000e+00  1.000000e+00
   outer loop
     vertex  3.489737e+01  7.374335e+00  2.310000e+01
     vertex  3.323490e+01  4.998160e+00  2.310000e+01
     vertex  3.337071e+01  4.900345e+00  2.310000e+01
   endloop
 endfacet
 facet normal  0.000000e+00  0.000000e+00  1.000000e+00
   outer loop
     vertex  3.489737e+01  7.374335e+00  2.310000e+01
     vertex  3.309647e+01  5.092214e+00  2.310000e+01
     vertex  3.323490e+01  4.998160e+00  2.310000e+01
   endloop
 endfacet
 facet normal  0.000000e+00  0.000000e+00  1.000000e+00
   outer loop
     vertex  3.700460e+01  5.310025e+00  2.310000e+01
     vertex  3.476002e+01  3.462546e+00  2.310000e+01
     vertex  3.714754e+01  5.108674e+00  2.310000e+01
   endloop
 endfacet
 facet normal  0.000000e+00  0.000000e+00  1.000000e+00
   outer loop
     vertex  3.700460e+01  5.310025e+00  2.310000e+01
     vertex  3.466314e+01  3.599017e+00  2.310000e+01
     vertex  3.476002e+01  3.462546e+00  2.310000e+01
   endloop
 endfacet
 facet normal  0.000000e+00  0.000000e+00  1.000000e+00
   outer loop
     vertex  3.700460e+01  5.310025e+00  2.310000e+01
     vertex  3.456255e+01  3.732779e+00  2.310000e+01
     vertex  3.466314e+01  3.599017e+00  2.310000e+01
   endloop
 endfacet
 facet normal  0.000000e+00  0.000000e+00  1.000000e+00
   outer loop
     vertex  3.509774e+01  7.230017e+00  2.310000e+01
     vertex  3.489737e+01  7.374335e+00  2.310000e+01
     vertex  3.337071e+01  4.900345e+00  2.310000e+01
   endloop
 endfacet
 facet normal  0.000000e+00  0.000000e+00  1.000000e+00
   outer loop
     vertex  3.685619e+01  5.507379e+00  2.310000e+01
     vertex  3.456255e+01  3.732779e+00  2.310000e+01
     vertex  3.700460e+01  5.310025e+00  2.310000e+01
   endloop
 endfacet
 facet normal  0.000000e+00  0.000000e+00  1.000000e+00
   outer loop
     vertex  3.685619e+01  5.507379e+00  2.310000e+01
     vertex  3.445833e+01  3.863731e+00  2.310000e+01
     vertex  3.456255e+01  3.732779e+00  2.310000e+01
   endloop
 endfacet
 facet normal  0.000000e+00  0.000000e+00  1.000000e+00
   outer loop
     vertex  3.529407e+01  7.080256e+00  2.310000e+01
     vertex  3.509774e+01  7.230017e+00  2.310000e+01
     vertex  3.337071e+01  4.900345e+00  2.310000e+01
   endloop
 endfacet
 facet normal  0.000000e+00  0.000000e+00  1.000000e+00
   outer loop
     vertex  3.529407e+01  7.080256e+00  2.310000e+01
     vertex  3.337071e+01  4.900345e+00  2.310000e+01
     vertex  3.350378e+01  4.798840e+00  2.310000e+01
   endloop
 endfacet
 facet normal  0.000000e+00  0.000000e+00  1.000000e+00
   outer loop
     vertex  3.670242e+01  5.700587e+00  2.310000e+01
     vertex  3.445833e+01  3.863731e+00  2.310000e+01
     vertex  3.685619e+01  5.507379e+00  2.310000e+01
   endloop
 endfacet
 facet normal  0.000000e+00  0.000000e+00  1.000000e+00
   outer loop
     vertex  3.548622e+01  6.925166e+00  2.310000e+01
     vertex  3.529407e+01  7.080256e+00  2.310000e+01
     vertex  3.350378e+01  4.798840e+00  2.310000e+01
   endloop
 endfacet
 facet normal  0.000000e+00  0.000000e+00  1.000000e+00
   outer loop
     vertex  3.548622e+01  6.925166e+00  2.310000e+01
     vertex  3.350378e+01  4.798840e+00  2.310000e+01
     vertex  3.363401e+01  4.693723e+00  2.310000e+01
   endloop
 endfacet
 facet normal  0.000000e+00  0.000000e+00  1.000000e+00
   outer loop
     vertex  3.654341e+01  5.889504e+00  2.310000e+01
     vertex  3.445833e+01  3.863731e+00  2.310000e+01
     vertex  3.670242e+01  5.700587e+00  2.310000e+01
   endloop
 endfacet
 facet normal  0.000000e+00  0.000000e+00  1.000000e+00
   outer loop
     vertex  3.654341e+01  5.889504e+00  2.310000e+01
     vertex  3.435055e+01  3.991775e+00  2.310000e+01
     vertex  3.445833e+01  3.863731e+00  2.310000e+01
   endloop
 endfacet
 facet normal  0.000000e+00  0.000000e+00  1.000000e+00
   outer loop
     vertex  3.654341e+01  5.889504e+00  2.310000e+01
     vertex  3.423931e+01  4.116814e+00  2.310000e+01
     vertex  3.435055e+01  3.991775e+00  2.310000e+01
   endloop
 endfacet
 facet normal  0.000000e+00  0.000000e+00  1.000000e+00
   outer loop
     vertex  3.567404e+01  6.764862e+00  2.310000e+01
     vertex  3.548622e+01  6.925166e+00  2.310000e+01
     vertex  3.363401e+01  4.693723e+00  2.310000e+01
   endloop
 endfacet
 facet normal  0.000000e+00  0.000000e+00  1.000000e+00
   outer loop
     vertex  3.567404e+01  6.764862e+00  2.310000e+01
     vertex  3.376131e+01  4.585073e+00  2.310000e+01
     vertex  3.388558e+01  4.472971e+00  2.310000e+01
   endloop
 endfacet
 facet normal  0.000000e+00  0.000000e+00  1.000000e+00
   outer loop
     vertex  3.567404e+01  6.764862e+00  2.310000e+01
     vertex  3.363401e+01  4.693723e+00  2.310000e+01
     vertex  3.376131e+01  4.585073e+00  2.310000e+01
   endloop
 endfacet
 facet normal  0.000000e+00  0.000000e+00  1.000000e+00
   outer loop
     vertex  3.637928e+01  6.073988e+00  2.310000e+01
     vertex  3.423931e+01  4.116814e+00  2.310000e+01
     vertex  3.654341e+01  5.889504e+00  2.310000e+01
   endloop
 endfacet
 facet normal  0.000000e+00  0.000000e+00  1.000000e+00
   outer loop
     vertex  3.637928e+01  6.073988e+00  2.310000e+01
     vertex  3.412467e+01  4.238754e+00  2.310000e+01
     vertex  3.423931e+01  4.116814e+00  2.310000e+01
   endloop
 endfacet
 facet normal  0.000000e+00  0.000000e+00  1.000000e+00
   outer loop
     vertex  3.585739e+01  6.599466e+00  2.310000e+01
     vertex  3.567404e+01  6.764862e+00  2.310000e+01
     vertex  3.388558e+01  4.472971e+00  2.310000e+01
   endloop
 endfacet
 facet normal  0.000000e+00  0.000000e+00  1.000000e+00
   outer loop
     vertex  3.621014e+01  6.253899e+00  2.310000e+01
     vertex  3.412467e+01  4.238754e+00  2.310000e+01
     vertex  3.637928e+01  6.073988e+00  2.310000e+01
   endloop
 endfacet
 facet normal  0.000000e+00  0.000000e+00  1.000000e+00
   outer loop
     vertex  3.603614e+01  6.429102e+00  2.310000e+01
     vertex  3.585739e+01  6.599466e+00  2.310000e+01
     vertex  3.388558e+01  4.472971e+00  2.310000e+01
   endloop
 endfacet
 facet normal  0.000000e+00  0.000000e+00  1.000000e+00
   outer loop
     vertex  3.603614e+01  6.429102e+00  2.310000e+01
     vertex  3.400673e+01  4.357503e+00  2.310000e+01
     vertex  3.412467e+01  4.238754e+00  2.310000e+01
   endloop
 endfacet
 facet normal  0.000000e+00  0.000000e+00  1.000000e+00
   outer loop
     vertex  3.603614e+01  6.429102e+00  2.310000e+01
     vertex  3.388558e+01  4.472971e+00  2.310000e+01
     vertex  3.400673e+01  4.357503e+00  2.310000e+01
   endloop
 endfacet
 facet normal  0.000000e+00  0.000000e+00  1.000000e+00
   outer loop
     vertex  3.603614e+01  6.429102e+00  2.310000e+01
     vertex  3.412467e+01  4.238754e+00  2.310000e+01
     vertex  3.621014e+01  6.253899e+00  2.310000e+01
   endloop
 endfacet
 facet normal -0.000000e+00  0.000000e+00 -1.000000e+00
   outer loop
     vertex  2.552943e+01 -4.415653e+00  0.000000e+00
     vertex  2.335224e+01 -6.342097e+00  0.000000e+00
     vertex  2.540987e+01 -4.298533e+00  0.000000e+00
   endloop
 endfacet
 facet normal  0.000000e+00  0.000000e+00 -1.000000e+00
   outer loop
     vertex  2.552943e+01 -4.415653e+00  0.000000e+00
     vertex  2.352863e+01 -6.514897e+00  0.000000e+00
     vertex  2.335224e+01 -6.342097e+00  0.000000e+00
   endloop
 endfacet
 facet normal  0.000000e+00 -0.000000e+00 -1.000000e+00
   outer loop
     vertex  2.529357e+01 -4.178177e+00  0.000000e+00
     vertex  2.540987e+01 -4.298533e+00  0.000000e+00
     vertex  2.335224e+01 -6.342097e+00  0.000000e+00
   endloop
 endfacet
 facet normal  0.000000e+00  0.000000e+00 -1.000000e+00
   outer loop
     vertex  2.529357e+01 -4.178177e+00  0.000000e+00
     vertex  2.318066e+01 -6.164523e+00  0.000000e+00
     vertex  2.301401e+01 -5.982309e+00  0.000000e+00
   endloop
 endfacet
 facet normal  0.000000e+00  0.000000e+00 -1.000000e+00
   outer loop
     vertex  2.529357e+01 -4.178177e+00  0.000000e+00
     vertex  2.335224e+01 -6.342097e+00  0.000000e+00
     vertex  2.318066e+01 -6.164523e+00  0.000000e+00
   endloop
 endfacet
 facet normal  0.000000e+00  0.000000e+00 -1.000000e+00
   outer loop
     vertex  2.565215e+01 -4.529448e+00  0.000000e+00
     vertex  2.370970e+01 -6.682793e+00  0.000000e+00
     vertex  2.352863e+01 -6.514897e+00  0.000000e+00
   endloop
 endfacet
 facet normal -0.000000e+00  0.000000e+00 -1.000000e+00
   outer loop
     vertex  2.565215e+01 -4.529448e+00  0.000000e+00
     vertex  2.352863e+01 -6.514897e+00  0.000000e+00
     vertex  2.552943e+01 -4.415653e+00  0.000000e+00
   endloop
 endfacet
 facet normal  0.000000e+00 -0.000000e+00 -1.000000e+00
   outer loop
     vertex  2.518062e+01 -4.054676e+00  0.000000e+00
     vertex  2.529357e+01 -4.178177e+00  0.000000e+00
     vertex  2.301401e+01 -5.982309e+00  0.000000e+00
   endloop
 endfacet
 facet normal  0.000000e+00  0.000000e+00 -1.000000e+00
   outer loop
     vertex  2.577795e+01 -4.639835e+00  0.000000e+00
     vertex  2.389531e+01 -6.845658e+00  0.000000e+00
     vertex  2.370970e+01 -6.682793e+00  0.000000e+00
   endloop
 endfacet
 facet normal -0.000000e+00  0.000000e+00 -1.000000e+00
   outer loop
     vertex  2.577795e+01 -4.639835e+00  0.000000e+00
     vertex  2.370970e+01 -6.682793e+00  0.000000e+00
     vertex  2.565215e+01 -4.529448e+00  0.000000e+00
   endloop
 endfacet
 facet normal  0.000000e+00 -0.000000e+00 -1.000000e+00
   outer loop
     vertex  2.507110e+01 -3.928123e+00  0.000000e+00
     vertex  2.518062e+01 -4.054676e+00  0.000000e+00
     vertex  2.301401e+01 -5.982309e+00  0.000000e+00
   endloop
 endfacet
 facet normal  0.000000e+00  0.000000e+00 -1.000000e+00
   outer loop
     vertex  2.507110e+01 -3.928123e+00  0.000000e+00
     vertex  2.301401e+01 -5.982309e+00  0.000000e+00
     vertex  2.285242e+01 -5.795591e+00  0.000000e+00
   endloop
 endfacet
 facet normal  0.000000e+00  0.000000e+00 -1.000000e+00
   outer loop
     vertex  2.590673e+01 -4.746728e+00  0.000000e+00
     vertex  2.408531e+01 -7.003370e+00  0.000000e+00
     vertex  2.389531e+01 -6.845658e+00  0.000000e+00
   endloop
 endfacet
 facet normal -0.000000e+00  0.000000e+00 -1.000000e+00
   outer loop
     vertex  2.590673e+01 -4.746728e+00  0.000000e+00
     vertex  2.389531e+01 -6.845658e+00  0.000000e+00
     vertex  2.577795e+01 -4.639835e+00  0.000000e+00
   endloop
 endfacet
 facet normal  0.000000e+00 -0.000000e+00 -1.000000e+00
   outer loop
     vertex  2.496509e+01 -3.798613e+00  0.000000e+00
     vertex  2.507110e+01 -3.928123e+00  0.000000e+00
     vertex  2.285242e+01 -5.795591e+00  0.000000e+00
   endloop
 endfacet
 facet normal  0.000000e+00  0.000000e+00 -1.000000e+00
   outer loop
     vertex  2.496509e+01 -3.798613e+00  0.000000e+00
     vertex  2.285242e+01 -5.795591e+00  0.000000e+00
     vertex  2.269601e+01 -5.604510e+00  0.000000e+00
   endloop
 endfacet
 facet normal -0.000000e+00  0.000000e+00 -1.000000e+00
   outer loop
     vertex  2.603839e+01 -4.850049e+00  0.000000e+00
     vertex  2.408531e+01 -7.003370e+00  0.000000e+00
     vertex  2.590673e+01 -4.746728e+00  0.000000e+00
   endloop
 endfacet
 facet normal  0.000000e+00  0.000000e+00 -1.000000e+00
   outer loop
     vertex  2.603839e+01 -4.850049e+00  0.000000e+00
     vertex  2.427957e+01 -7.155810e+00  0.000000e+00
     vertex  2.408531e+01 -7.003370e+00  0.000000e+00
   endloop
 endfacet
 facet normal  0.000000e+00 -0.000000e+00 -1.000000e+00
   outer loop
     vertex  2.486268e+01 -3.666243e+00  0.000000e+00
     vertex  2.496509e+01 -3.798613e+00  0.000000e+00
     vertex  2.269601e+01 -5.604510e+00  0.000000e+00
   endloop
 endfacet
 facet normal  0.000000e+00  0.000000e+00 -1.000000e+00
   outer loop
     vertex  2.486268e+01 -3.666243e+00  0.000000e+00
     vertex  2.269601e+01 -5.604510e+00  0.000000e+00
     vertex  2.254491e+01 -5.409211e+00  0.000000e+00
   endloop
 endfacet
 facet normal  0.000000e+00  0.000000e+00 -1.000000e+00
   outer loop
     vertex  2.617284e+01 -4.949718e+00  0.000000e+00
     vertex  2.447794e+01 -7.302863e+00  0.000000e+00
     vertex  2.427957e+01 -7.155810e+00  0.000000e+00
   endloop
 endfacet
 facet normal -0.000000e+00  0.000000e+00 -1.000000e+00
   outer loop
     vertex  2.617284e+01 -4.949718e+00  0.000000e+00
     vertex  2.427957e+01 -7.155810e+00  0.000000e+00
     vertex  2.603839e+01 -4.850049e+00  0.000000e+00
   endloop
 endfacet
 facet normal  0.000000e+00  0.000000e+00 -1.000000e+00
   outer loop
     vertex  2.476393e+01 -3.531114e+00  0.000000e+00
     vertex  2.254491e+01 -5.409211e+00  0.000000e+00
     vertex  2.239922e+01 -5.209840e+00  0.000000e+00
   endloop
 endfacet
 facet normal  0.000000e+00 -0.000000e+00 -1.000000e+00
   outer loop
     vertex  2.476393e+01 -3.531114e+00  0.000000e+00
     vertex  2.486268e+01 -3.666243e+00  0.000000e+00
     vertex  2.254491e+01 -5.409211e+00  0.000000e+00
   endloop
 endfacet
 facet normal  0.000000e+00  0.000000e+00 -1.000000e+00
   outer loop
     vertex  2.630997e+01 -5.045662e+00  0.000000e+00
     vertex  2.468026e+01 -7.444419e+00  0.000000e+00
     vertex  2.447794e+01 -7.302863e+00  0.000000e+00
   endloop
 endfacet
 facet normal -0.000000e+00  0.000000e+00 -1.000000e+00
   outer loop
     vertex  2.630997e+01 -5.045662e+00  0.000000e+00
     vertex  2.447794e+01 -7.302863e+00  0.000000e+00
     vertex  2.617284e+01 -4.949718e+00  0.000000e+00
   endloop
 endfacet
 facet normal  0.000000e+00  0.000000e+00 -1.000000e+00
   outer loop
     vertex  2.466893e+01 -3.393326e+00  0.000000e+00
     vertex  2.239922e+01 -5.209840e+00  0.000000e+00
     vertex  2.225905e+01 -5.006547e+00  0.000000e+00
   endloop
 endfacet
 facet normal  0.000000e+00 -0.000000e+00 -1.000000e+00
   outer loop
     vertex  2.466893e+01 -3.393326e+00  0.000000e+00
     vertex  2.476393e+01 -3.531114e+00  0.000000e+00
     vertex  2.239922e+01 -5.209840e+00  0.000000e+00
   endloop
 endfacet
 facet normal -0.000000e+00  0.000000e+00 -1.000000e+00
   outer loop
     vertex  2.644969e+01 -5.137807e+00  0.000000e+00
     vertex  2.468026e+01 -7.444419e+00  0.000000e+00
     vertex  2.630997e+01 -5.045662e+00  0.000000e+00
   endloop
 endfacet
 facet normal  0.000000e+00  0.000000e+00 -1.000000e+00
   outer loop
     vertex  2.644969e+01 -5.137807e+00  0.000000e+00
     vertex  2.488640e+01 -7.580371e+00  0.000000e+00
     vertex  2.468026e+01 -7.444419e+00  0.000000e+00
   endloop
 endfacet
 facet normal  0.000000e+00  0.000000e+00 -1.000000e+00
   outer loop
     vertex  2.644969e+01 -5.137807e+00  0.000000e+00
     vertex  2.509618e+01 -7.710617e+00  0.000000e+00
     vertex  2.488640e+01 -7.580371e+00  0.000000e+00
   endloop
 endfacet
 facet normal  0.000000e+00  0.000000e+00 -1.000000e+00
   outer loop
     vertex  2.457775e+01 -3.252984e+00  0.000000e+00
     vertex  2.225905e+01 -5.006547e+00  0.000000e+00
     vertex  2.212452e+01 -4.799485e+00  0.000000e+00
   endloop
 endfacet
 facet normal  0.000000e+00 -0.000000e+00 -1.000000e+00
   outer loop
     vertex  2.457775e+01 -3.252984e+00  0.000000e+00
     vertex  2.466893e+01 -3.393326e+00  0.000000e+00
     vertex  2.225905e+01 -5.006547e+00  0.000000e+00
   endloop
 endfacet
 facet normal -0.000000e+00  0.000000e+00 -1.000000e+00
   outer loop
     vertex  2.659188e+01 -5.226085e+00  0.000000e+00
     vertex  2.509618e+01 -7.710617e+00  0.000000e+00
     vertex  2.644969e+01 -5.137807e+00  0.000000e+00
   endloop
 endfacet
 facet normal  0.000000e+00  0.000000e+00 -1.000000e+00
   outer loop
     vertex  2.449045e+01 -3.110193e+00  0.000000e+00
     vertex  2.212452e+01 -4.799485e+00  0.000000e+00
     vertex  2.199572e+01 -4.588810e+00  0.000000e+00
   endloop
 endfacet
 facet normal  0.000000e+00 -0.000000e+00 -1.000000e+00
   outer loop
     vertex  2.449045e+01 -3.110193e+00  0.000000e+00
     vertex  2.457775e+01 -3.252984e+00  0.000000e+00
     vertex  2.212452e+01 -4.799485e+00  0.000000e+00
   endloop
 endfacet
 facet normal  0.000000e+00  0.000000e+00 -1.000000e+00
   outer loop
     vertex  2.673643e+01 -5.310428e+00  0.000000e+00
     vertex  2.530946e+01 -7.835058e+00  0.000000e+00
     vertex  2.509618e+01 -7.710617e+00  0.000000e+00
   endloop
 endfacet
 facet normal -0.000000e+00  0.000000e+00 -1.000000e+00
   outer loop
     vertex  2.673643e+01 -5.310428e+00  0.000000e+00
     vertex  2.509618e+01 -7.710617e+00  0.000000e+00
     vertex  2.659188e+01 -5.226085e+00  0.000000e+00
   endloop
 endfacet
 facet normal  0.000000e+00  0.000000e+00 -1.000000e+00
   outer loop
     vertex  2.440710e+01 -2.965061e+00  0.000000e+00
     vertex  2.187274e+01 -4.374681e+00  0.000000e+00
     vertex  2.175569e+01 -4.157259e+00  0.000000e+00
   endloop
 endfacet
 facet normal  0.000000e+00  0.000000e+00 -1.000000e+00
   outer loop
     vertex  2.440710e+01 -2.965061e+00  0.000000e+00
     vertex  2.199572e+01 -4.588810e+00  0.000000e+00
     vertex  2.187274e+01 -4.374681e+00  0.000000e+00
   endloop
 endfacet
 facet normal  0.000000e+00 -0.000000e+00 -1.000000e+00
   outer loop
     vertex  2.440710e+01 -2.965061e+00  0.000000e+00
     vertex  2.449045e+01 -3.110193e+00  0.000000e+00
     vertex  2.199572e+01 -4.588810e+00  0.000000e+00
   endloop
 endfacet
 facet normal  0.000000e+00  0.000000e+00 -1.000000e+00
   outer loop
     vertex  2.688325e+01 -5.390775e+00  0.000000e+00
     vertex  2.552608e+01 -7.953602e+00  0.000000e+00
     vertex  2.530946e+01 -7.835058e+00  0.000000e+00
   endloop
 endfacet
 facet normal -0.000000e+00  0.000000e+00 -1.000000e+00
   outer loop
     vertex  2.688325e+01 -5.390775e+00  0.000000e+00
     vertex  2.530946e+01 -7.835058e+00  0.000000e+00
     vertex  2.673643e+01 -5.310428e+00  0.000000e+00
   endloop
 endfacet
 facet normal  0.000000e+00 -0.000000e+00 -1.000000e+00
   outer loop
     vertex  2.432776e+01 -2.817697e+00  0.000000e+00
     vertex  2.440710e+01 -2.965061e+00  0.000000e+00
     vertex  2.175569e+01 -4.157259e+00  0.000000e+00
   endloop
 endfacet
 facet normal -0.000000e+00  0.000000e+00 -1.000000e+00
   outer loop
     vertex  2.703221e+01 -5.467063e+00  0.000000e+00
     vertex  2.552608e+01 -7.953602e+00  0.000000e+00
     vertex  2.688325e+01 -5.390775e+00  0.000000e+00
   endloop
 endfacet
 facet normal  0.000000e+00  0.000000e+00 -1.000000e+00
   outer loop
     vertex  2.703221e+01 -5.467063e+00  0.000000e+00
     vertex  2.574586e+01 -8.066158e+00  0.000000e+00
     vertex  2.552608e+01 -7.953602e+00  0.000000e+00
   endloop
 endfacet
 facet normal  0.000000e+00  0.000000e+00 -1.000000e+00
   outer loop
     vertex  2.425250e+01 -2.668212e+00  0.000000e+00
     vertex  2.164464e+01 -3.936707e+00  0.000000e+00
     vertex  2.153969e+01 -3.713192e+00  0.000000e+00
   endloop
 endfacet
 facet normal  0.000000e+00  0.000000e+00 -1.000000e+00
   outer loop
     vertex  2.425250e+01 -2.668212e+00  0.000000e+00
     vertex  2.175569e+01 -4.157259e+00  0.000000e+00
     vertex  2.164464e+01 -3.936707e+00  0.000000e+00
   endloop
 endfacet
 facet normal  0.000000e+00 -0.000000e+00 -1.000000e+00
   outer loop
     vertex  2.425250e+01 -2.668212e+00  0.000000e+00
     vertex  2.432776e+01 -2.817697e+00  0.000000e+00
     vertex  2.175569e+01 -4.157259e+00  0.000000e+00
   endloop
 endfacet
 facet normal -0.000000e+00  0.000000e+00 -1.000000e+00
   outer loop
     vertex  2.718322e+01 -5.539235e+00  0.000000e+00
     vertex  2.574586e+01 -8.066158e+00  0.000000e+00
     vertex  2.703221e+01 -5.467063e+00  0.000000e+00
   endloop
 endfacet
 facet normal  0.000000e+00  0.000000e+00 -1.000000e+00
   outer loop
     vertex  2.718322e+01 -5.539235e+00  0.000000e+00
     vertex  2.596865e+01 -8.172642e+00  0.000000e+00
     vertex  2.574586e+01 -8.066158e+00  0.000000e+00
   endloop
 endfacet
 facet normal  0.000000e+00  0.000000e+00 -1.000000e+00
   outer loop
     vertex  2.718322e+01 -5.539235e+00  0.000000e+00
     vertex  2.619428e+01 -8.272974e+00  0.000000e+00
     vertex  2.596865e+01 -8.172642e+00  0.000000e+00
   endloop
 endfacet
 facet normal  0.000000e+00 -0.000000e+00 -1.000000e+00
   outer loop
     vertex  2.418136e+01 -2.516719e+00  0.000000e+00
     vertex  2.425250e+01 -2.668212e+00  0.000000e+00
     vertex  2.153969e+01 -3.713192e+00  0.000000e+00
   endloop
 endfacet
 facet normal -0.000000e+00  0.000000e+00 -1.000000e+00
   outer loop
     vertex  2.733614e+01 -5.607238e+00  0.000000e+00
     vertex  2.619428e+01 -8.272974e+00  0.000000e+00
     vertex  2.718322e+01 -5.539235e+00  0.000000e+00
   endloop
 endfacet
 facet normal  0.000000e+00 -0.000000e+00 -1.000000e+00
   outer loop
     vertex  2.411441e+01 -2.363331e+00  0.000000e+00
     vertex  2.418136e+01 -2.516719e+00  0.000000e+00
     vertex  2.153969e+01 -3.713192e+00  0.000000e+00
   endloop
 endfacet
 facet normal  0.000000e+00  0.000000e+00 -1.000000e+00
   outer loop
     vertex  2.411441e+01 -2.363331e+00  0.000000e+00
     vertex  2.144090e+01 -3.486881e+00  0.000000e+00
     vertex  2.134837e+01 -3.257946e+00  0.000000e+00
   endloop
 endfacet
 facet normal  0.000000e+00  0.000000e+00 -1.000000e+00
   outer loop
     vertex  2.411441e+01 -2.363331e+00  0.000000e+00
     vertex  2.153969e+01 -3.713192e+00  0.000000e+00
     vertex  2.144090e+01 -3.486881e+00  0.000000e+00
   endloop
 endfacet
 facet normal  0.000000e+00  0.000000e+00 -1.000000e+00
   outer loop
     vertex  2.749088e+01 -5.671020e+00  0.000000e+00
     vertex  2.642257e+01 -8.367079e+00  0.000000e+00
     vertex  2.619428e+01 -8.272974e+00  0.000000e+00
   endloop
 endfacet
 facet normal  0.000000e+00  0.000000e+00 -1.000000e+00
   outer loop
     vertex  2.749088e+01 -5.671020e+00  0.000000e+00
     vertex  2.665337e+01 -8.454885e+00  0.000000e+00
     vertex  2.642257e+01 -8.367079e+00  0.000000e+00
   endloop
 endfacet
 facet normal -0.000000e+00  0.000000e+00 -1.000000e+00
   outer loop
     vertex  2.749088e+01 -5.671020e+00  0.000000e+00
     vertex  2.619428e+01 -8.272974e+00  0.000000e+00
     vertex  2.733614e+01 -5.607238e+00  0.000000e+00
   endloop
 endfacet
 facet normal  0.000000e+00 -0.000000e+00 -1.000000e+00
   outer loop
     vertex  2.405169e+01 -2.208164e+00  0.000000e+00
     vertex  2.411441e+01 -2.363331e+00  0.000000e+00
     vertex  2.134837e+01 -3.257946e+00  0.000000e+00
   endloop
 endfacet
 facet normal -0.000000e+00  0.000000e+00 -1.000000e+00
   outer loop
     vertex  2.764730e+01 -5.730533e+00  0.000000e+00
     vertex  2.665337e+01 -8.454885e+00  0.000000e+00
     vertex  2.749088e+01 -5.671020e+00  0.000000e+00
   endloop
 endfacet
 facet normal  0.000000e+00  0.000000e+00 -1.000000e+00
   outer loop
     vertex  2.399325e+01 -2.051334e+00  0.000000e+00
     vertex  2.134837e+01 -3.257946e+00  0.000000e+00
     vertex  2.126215e+01 -3.026559e+00  0.000000e+00
   endloop
 endfacet
 facet normal  0.000000e+00 -0.000000e+00 -1.000000e+00
   outer loop
     vertex  2.399325e+01 -2.051334e+00  0.000000e+00
     vertex  2.405169e+01 -2.208164e+00  0.000000e+00
     vertex  2.134837e+01 -3.257946e+00  0.000000e+00
   endloop
 endfacet
 facet normal -0.000000e+00  0.000000e+00 -1.000000e+00
   outer loop
     vertex  2.780530e+01 -5.785732e+00  0.000000e+00
     vertex  2.665337e+01 -8.454885e+00  0.000000e+00
     vertex  2.764730e+01 -5.730533e+00  0.000000e+00
   endloop
 endfacet
 facet normal  0.000000e+00  0.000000e+00 -1.000000e+00
   outer loop
     vertex  2.780530e+01 -5.785732e+00  0.000000e+00
     vertex  2.688648e+01 -8.536327e+00  0.000000e+00
     vertex  2.665337e+01 -8.454885e+00  0.000000e+00
   endloop
 endfacet
 facet normal  0.000000e+00  0.000000e+00 -1.000000e+00
   outer loop
     vertex  2.393914e+01 -1.892961e+00  0.000000e+00
     vertex  2.118231e+01 -2.792893e+00  0.000000e+00
     vertex  2.110891e+01 -2.557125e+00  0.000000e+00
   endloop
 endfacet
 facet normal  0.000000e+00  0.000000e+00 -1.000000e+00
   outer loop
     vertex  2.393914e+01 -1.892961e+00  0.000000e+00
     vertex  2.126215e+01 -3.026559e+00  0.000000e+00
     vertex  2.118231e+01 -2.792893e+00  0.000000e+00
   endloop
 endfacet
 facet normal  0.000000e+00 -0.000000e+00 -1.000000e+00
   outer loop
     vertex  2.393914e+01 -1.892961e+00  0.000000e+00
     vertex  2.399325e+01 -2.051334e+00  0.000000e+00
     vertex  2.126215e+01 -3.026559e+00  0.000000e+00
   endloop
 endfacet
 facet normal  0.000000e+00  0.000000e+00 -1.000000e+00
   outer loop
     vertex  2.796475e+01 -5.836576e+00  0.000000e+00
     vertex  2.712174e+01 -8.611342e+00  0.000000e+00
     vertex  2.688648e+01 -8.536327e+00  0.000000e+00
   endloop
 endfacet
 facet normal  0.000000e+00  0.000000e+00 -1.000000e+00
   outer loop
     vertex  2.796475e+01 -5.836576e+00  0.000000e+00
     vertex  2.735897e+01 -8.679875e+00  0.000000e+00
     vertex  2.712174e+01 -8.611342e+00  0.000000e+00
   endloop
 endfacet
 facet normal -0.000000e+00  0.000000e+00 -1.000000e+00
   outer loop
     vertex  2.796475e+01 -5.836576e+00  0.000000e+00
     vertex  2.688648e+01 -8.536327e+00  0.000000e+00
     vertex  2.780530e+01 -5.785732e+00  0.000000e+00
   endloop
 endfacet
 facet normal  0.000000e+00 -0.000000e+00 -1.000000e+00
   outer loop
     vertex  2.388939e+01 -1.733162e+00  0.000000e+00
     vertex  2.393914e+01 -1.892961e+00  0.000000e+00
     vertex  2.110891e+01 -2.557125e+00  0.000000e+00
   endloop
 endfacet
 facet normal -0.000000e+00  0.000000e+00 -1.000000e+00
   outer loop
     vertex  2.812554e+01 -5.883027e+00  0.000000e+00
     vertex  2.735897e+01 -8.679875e+00  0.000000e+00
     vertex  2.796475e+01 -5.836576e+00  0.000000e+00
   endloop
 endfacet
 facet normal  0.000000e+00  0.000000e+00 -1.000000e+00
   outer loop
     vertex  2.812554e+01 -5.883027e+00  0.000000e+00
     vertex  2.759799e+01 -8.741875e+00  0.000000e+00
     vertex  2.735897e+01 -8.679875e+00  0.000000e+00
   endloop
 endfacet
 facet normal  0.000000e+00  0.000000e+00 -1.000000e+00
   outer loop
     vertex  2.384404e+01 -1.572059e+00  0.000000e+00
     vertex  2.104200e+01 -2.319431e+00  0.000000e+00
     vertex  2.098164e+01 -2.079992e+00  0.000000e+00
   endloop
 endfacet
 facet normal  0.000000e+00  0.000000e+00 -1.000000e+00
   outer loop
     vertex  2.384404e+01 -1.572059e+00  0.000000e+00
     vertex  2.110891e+01 -2.557125e+00  0.000000e+00
     vertex  2.104200e+01 -2.319431e+00  0.000000e+00
   endloop
 endfacet
 facet normal  0.000000e+00 -0.000000e+00 -1.000000e+00
   outer loop
     vertex  2.384404e+01 -1.572059e+00  0.000000e+00
     vertex  2.388939e+01 -1.733162e+00  0.000000e+00
     vertex  2.110891e+01 -2.557125e+00  0.000000e+00
   endloop
 endfacet
 facet normal  0.000000e+00  0.000000e+00 -1.000000e+00
   outer loop
     vertex  2.828754e+01 -5.925048e+00  0.000000e+00
     vertex  2.783862e+01 -8.797294e+00  0.000000e+00
     vertex  2.759799e+01 -8.741875e+00  0.000000e+00
   endloop
 endfacet
 facet normal -0.000000e+00  0.000000e+00 -1.000000e+00
   outer loop
     vertex  2.828754e+01 -5.925048e+00  0.000000e+00
     vertex  2.759799e+01 -8.741875e+00  0.000000e+00
     vertex  2.812554e+01 -5.883027e+00  0.000000e+00
   endloop
 endfacet
 facet normal  0.000000e+00 -0.000000e+00 -1.000000e+00
   outer loop
     vertex  2.380313e+01 -1.409773e+00  0.000000e+00
     vertex  2.384404e+01 -1.572059e+00  0.000000e+00
     vertex  2.098164e+01 -2.079992e+00  0.000000e+00
   endloop
 endfacet
 facet normal -0.000000e+00  0.000000e+00 -1.000000e+00
   outer loop
     vertex  2.845064e+01 -5.962610e+00  0.000000e+00
     vertex  2.783862e+01 -8.797294e+00  0.000000e+00
     vertex  2.828754e+01 -5.925048e+00  0.000000e+00
   endloop
 endfacet
 facet normal  0.000000e+00 -0.000000e+00 -1.000000e+00
   outer loop
     vertex  2.376669e+01 -1.246425e+00  0.000000e+00
     vertex  2.380313e+01 -1.409773e+00  0.000000e+00
     vertex  2.098164e+01 -2.079992e+00  0.000000e+00
   endloop
 endfacet
 facet normal  0.000000e+00  0.000000e+00 -1.000000e+00
   outer loop
     vertex  2.376669e+01 -1.246425e+00  0.000000e+00
     vertex  2.098164e+01 -2.079992e+00  0.000000e+00
     vertex  2.092788e+01 -1.838987e+00  0.000000e+00
   endloop
 endfacet
 facet normal  0.000000e+00  0.000000e+00 -1.000000e+00
   outer loop
     vertex  2.861470e+01 -5.995683e+00  0.000000e+00
     vertex  2.808068e+01 -8.846090e+00  0.000000e+00
     vertex  2.783862e+01 -8.797294e+00  0.000000e+00
   endloop
 endfacet
 facet normal  0.000000e+00  0.000000e+00 -1.000000e+00
   outer loop
     vertex  2.861470e+01 -5.995683e+00  0.000000e+00
     vertex  2.832398e+01 -8.888227e+00  0.000000e+00
     vertex  2.808068e+01 -8.846090e+00  0.000000e+00
   endloop
 endfacet
 facet normal -0.000000e+00  0.000000e+00 -1.000000e+00
   outer loop
     vertex  2.861470e+01 -5.995683e+00  0.000000e+00
     vertex  2.783862e+01 -8.797294e+00  0.000000e+00
     vertex  2.845064e+01 -5.962610e+00  0.000000e+00
   endloop
 endfacet
 facet normal  0.000000e+00 -0.000000e+00 -1.000000e+00
   outer loop
     vertex  2.373474e+01 -1.082139e+00  0.000000e+00
     vertex  2.376669e+01 -1.246425e+00  0.000000e+00
     vertex  2.092788e+01 -1.838987e+00  0.000000e+00
   endloop
 endfacet
 facet normal  0.000000e+00  0.000000e+00 -1.000000e+00
   outer loop
     vertex  2.373474e+01 -1.082139e+00  0.000000e+00
     vertex  2.092788e+01 -1.838987e+00  0.000000e+00
     vertex  2.088074e+01 -1.596598e+00  0.000000e+00
   endloop
 endfacet
 facet normal -0.000000e+00  0.000000e+00 -1.000000e+00
   outer loop
     vertex  2.877961e+01 -6.024243e+00  0.000000e+00
     vertex  2.832398e+01 -8.888227e+00  0.000000e+00
     vertex  2.861470e+01 -5.995683e+00  0.000000e+00
   endloop
 endfacet
 facet normal  0.000000e+00  0.000000e+00 -1.000000e+00
   outer loop
     vertex  2.877961e+01 -6.024243e+00  0.000000e+00
     vertex  2.856836e+01 -8.923674e+00  0.000000e+00
     vertex  2.832398e+01 -8.888227e+00  0.000000e+00
   endloop
 endfacet
 facet normal  0.000000e+00  0.000000e+00 -1.000000e+00
   outer loop
     vertex  2.370732e+01 -9.170380e-01  0.000000e+00
     vertex  2.084027e+01 -1.353007e+00  0.000000e+00
     vertex  2.080650e+01 -1.108397e+00  0.000000e+00
   endloop
 endfacet
 facet normal  0.000000e+00  0.000000e+00 -1.000000e+00
   outer loop
     vertex  2.370732e+01 -9.170380e-01  0.000000e+00
     vertex  2.088074e+01 -1.596598e+00  0.000000e+00
     vertex  2.084027e+01 -1.353007e+00  0.000000e+00
   endloop
 endfacet
 facet normal  0.000000e+00 -0.000000e+00 -1.000000e+00
   outer loop
     vertex  2.370732e+01 -9.170380e-01  0.000000e+00
     vertex  2.373474e+01 -1.082139e+00  0.000000e+00
     vertex  2.088074e+01 -1.596598e+00  0.000000e+00
   endloop
 endfacet
 facet normal -0.000000e+00  0.000000e+00 -1.000000e+00
   outer loop
     vertex  2.894524e+01 -6.048268e+00  0.000000e+00
     vertex  2.856836e+01 -8.923674e+00  0.000000e+00
     vertex  2.877961e+01 -6.024243e+00  0.000000e+00
   endloop
 endfacet
 facet normal  0.000000e+00  0.000000e+00 -1.000000e+00
   outer loop
     vertex  2.368443e+01 -7.512470e-01  0.000000e+00
     vertex  2.080650e+01 -1.108397e+00  0.000000e+00
     vertex  2.077946e+01 -8.629532e-01  0.000000e+00
   endloop
 endfacet
 facet normal  0.000000e+00 -0.000000e+00 -1.000000e+00
   outer loop
     vertex  2.368443e+01 -7.512470e-01  0.000000e+00
     vertex  2.370732e+01 -9.170380e-01  0.000000e+00
     vertex  2.080650e+01 -1.108397e+00  0.000000e+00
   endloop
 endfacet
 facet normal -0.000000e+00  0.000000e+00 -1.000000e+00
   outer loop
     vertex  2.911147e+01 -6.067740e+00  0.000000e+00
     vertex  2.856836e+01 -8.923674e+00  0.000000e+00
     vertex  2.894524e+01 -6.048268e+00  0.000000e+00
   endloop
 endfacet
 facet normal  0.000000e+00  0.000000e+00 -1.000000e+00
   outer loop
     vertex  2.911147e+01 -6.067740e+00  0.000000e+00
     vertex  2.881361e+01 -8.952403e+00  0.000000e+00
     vertex  2.856836e+01 -8.923674e+00  0.000000e+00
   endloop
 endfacet
 facet normal  0.000000e+00 -0.000000e+00 -1.000000e+00
   outer loop
     vertex  2.366610e+01 -5.848905e-01  0.000000e+00
     vertex  2.368443e+01 -7.512470e-01  0.000000e+00
     vertex  2.077946e+01 -8.629532e-01  0.000000e+00
   endloop
 endfacet
 facet normal  0.000000e+00  0.000000e+00 -1.000000e+00
   outer loop
     vertex  2.927816e+01 -6.082644e+00  0.000000e+00
     vertex  2.905956e+01 -8.974393e+00  0.000000e+00
     vertex  2.881361e+01 -8.952403e+00  0.000000e+00
   endloop
 endfacet
 facet normal -0.000000e+00  0.000000e+00 -1.000000e+00
   outer loop
     vertex  2.927816e+01 -6.082644e+00  0.000000e+00
     vertex  2.881361e+01 -8.952403e+00  0.000000e+00
     vertex  2.911147e+01 -6.067740e+00  0.000000e+00
   endloop
 endfacet
 facet normal  0.000000e+00  0.000000e+00 -1.000000e+00
   outer loop
     vertex  2.365234e+01 -4.180937e-01  0.000000e+00
     vertex  2.077946e+01 -8.629532e-01  0.000000e+00
     vertex  2.075916e+01 -6.168595e-01  0.000000e+00
   endloop
 endfacet
 facet normal  0.000000e+00 -0.000000e+00 -1.000000e+00
   outer loop
     vertex  2.365234e+01 -4.180937e-01  0.000000e+00
     vertex  2.366610e+01 -5.848905e-01  0.000000e+00
     vertex  2.077946e+01 -8.629532e-01  0.000000e+00
   endloop
 endfacet
 facet normal  0.000000e+00  0.000000e+00 -1.000000e+00
   outer loop
     vertex  2.944521e+01 -6.092970e+00  0.000000e+00
     vertex  2.930602e+01 -8.989627e+00  0.000000e+00
     vertex  2.905956e+01 -8.974393e+00  0.000000e+00
   endloop
 endfacet
 facet normal -0.000000e+00  0.000000e+00 -1.000000e+00
   outer loop
     vertex  2.944521e+01 -6.092970e+00  0.000000e+00
     vertex  2.905956e+01 -8.974393e+00  0.000000e+00
     vertex  2.927816e+01 -6.082644e+00  0.000000e+00
   endloop
 endfacet
 facet normal  0.000000e+00  0.000000e+00 -1.000000e+00
   outer loop
     vertex  2.364316e+01 -2.509822e-01  0.000000e+00
     vertex  2.075916e+01 -6.168595e-01  0.000000e+00
     vertex  2.074561e+01 -3.703016e-01  0.000000e+00
   endloop
 endfacet
 facet normal  0.000000e+00 -0.000000e+00 -1.000000e+00
   outer loop
     vertex  2.364316e+01 -2.509822e-01  0.000000e+00
     vertex  2.365234e+01 -4.180937e-01  0.000000e+00
     vertex  2.075916e+01 -6.168595e-01  0.000000e+00
   endloop
 endfacet
 facet normal  0.000000e+00  0.000000e+00 -1.000000e+00
   outer loop
     vertex  2.961247e+01 -6.098708e+00  0.000000e+00
     vertex  2.955280e+01 -8.998095e+00  0.000000e+00
     vertex  2.930602e+01 -8.989627e+00  0.000000e+00
   endloop
 endfacet
 facet normal  0.000000e+00 -0.000000e+00 -1.000000e+00
   outer loop
     vertex  2.961247e+01 -6.098708e+00  0.000000e+00
     vertex  2.979973e+01 -8.999788e+00  0.000000e+00
     vertex  2.955280e+01 -8.998095e+00  0.000000e+00
   endloop
 endfacet
 facet normal -0.000000e+00  0.000000e+00 -1.000000e+00
   outer loop
     vertex  2.961247e+01 -6.098708e+00  0.000000e+00
     vertex  2.930602e+01 -8.989627e+00  0.000000e+00
     vertex  2.944521e+01 -6.092970e+00  0.000000e+00
   endloop
 endfacet
 facet normal  0.000000e+00  0.000000e+00 -1.000000e+00
   outer loop
     vertex  2.363857e+01 -8.368172e-02  0.000000e+00
     vertex  2.074561e+01 -3.703016e-01  0.000000e+00
     vertex  2.073884e+01 -1.234648e-01  0.000000e+00
   endloop
 endfacet
 facet normal  0.000000e+00 -0.000000e+00 -1.000000e+00
   outer loop
     vertex  2.363857e+01 -8.368172e-02  0.000000e+00
     vertex  2.364316e+01 -2.509822e-01  0.000000e+00
     vertex  2.074561e+01 -3.703016e-01  0.000000e+00
   endloop
 endfacet
 facet normal -0.000000e+00 -0.000000e+00 -1.000000e+00
   outer loop
     vertex  2.977983e+01 -6.099856e+00  0.000000e+00
     vertex  2.979973e+01 -8.999788e+00  0.000000e+00
     vertex  2.961247e+01 -6.098708e+00  0.000000e+00
   endloop
 endfacet
 facet normal  0.000000e+00  0.000000e+00 -1.000000e+00
   outer loop
     vertex  2.977983e+01 -6.099856e+00  0.000000e+00
     vertex  3.004660e+01 -8.994707e+00  0.000000e+00
     vertex  2.979973e+01 -8.999788e+00  0.000000e+00
   endloop
 endfacet
 facet normal -0.000000e+00  0.000000e+00 -1.000000e+00
   outer loop
     vertex  2.363857e+01  8.368172e-02  0.000000e+00
     vertex  2.073884e+01 -1.234648e-01  0.000000e+00
     vertex  2.073884e+01  1.234648e-01  0.000000e+00
   endloop
 endfacet
 facet normal  0.000000e+00 -0.000000e+00 -1.000000e+00
   outer loop
     vertex  2.363857e+01  8.368172e-02  0.000000e+00
     vertex  2.363857e+01 -8.368172e-02  0.000000e+00
     vertex  2.073884e+01 -1.234648e-01  0.000000e+00
   endloop
 endfacet
 facet normal  0.000000e+00 -0.000000e+00 -1.000000e+00
   outer loop
     vertex  2.994716e+01 -6.096413e+00  0.000000e+00
     vertex  3.004660e+01 -8.994707e+00  0.000000e+00
     vertex  2.977983e+01 -6.099856e+00  0.000000e+00
   endloop
 endfacet
 facet normal  0.000000e+00  0.000000e+00 -1.000000e+00
   outer loop
     vertex  2.364316e+01  2.509822e-01  0.000000e+00
     vertex  2.363857e+01  8.368172e-02  0.000000e+00
     vertex  2.073884e+01  1.234648e-01  0.000000e+00
   endloop
 endfacet
 facet normal -0.000000e+00  0.000000e+00 -1.000000e+00
   outer loop
     vertex  2.364316e+01  2.509822e-01  0.000000e+00
     vertex  2.073884e+01  1.234648e-01  0.000000e+00
     vertex  2.074561e+01  3.703016e-01  0.000000e+00
   endloop
 endfacet
 facet normal  0.000000e+00  0.000000e+00 -1.000000e+00
   outer loop
     vertex  3.011433e+01 -6.088380e+00  0.000000e+00
     vertex  3.004660e+01 -8.994707e+00  0.000000e+00
     vertex  2.994716e+01 -6.096413e+00  0.000000e+00
   endloop
 endfacet
 facet normal  0.000000e+00 -0.000000e+00 -1.000000e+00
   outer loop
     vertex  3.011433e+01 -6.088380e+00  0.000000e+00
     vertex  3.029325e+01 -8.982855e+00  0.000000e+00
     vertex  3.004660e+01 -8.994707e+00  0.000000e+00
   endloop
 endfacet
 facet normal  0.000000e+00  0.000000e+00 -1.000000e+00
   outer loop
     vertex  3.011433e+01 -6.088380e+00  0.000000e+00
     vertex  3.053947e+01 -8.964241e+00  0.000000e+00
     vertex  3.029325e+01 -8.982855e+00  0.000000e+00
   endloop
 endfacet
 facet normal  0.000000e+00  0.000000e+00 -1.000000e+00
   outer loop
     vertex  2.365234e+01  4.180937e-01  0.000000e+00
     vertex  2.364316e+01  2.509822e-01  0.000000e+00
     vertex  2.074561e+01  3.703016e-01  0.000000e+00
   endloop
 endfacet
 facet normal -0.000000e+00  0.000000e+00 -1.000000e+00
   outer loop
     vertex  2.365234e+01  4.180937e-01  0.000000e+00
     vertex  2.074561e+01  3.703016e-01  0.000000e+00
     vertex  2.075916e+01  6.168595e-01  0.000000e+00
   endloop
 endfacet
 facet normal  0.000000e+00 -0.000000e+00 -1.000000e+00
   outer loop
     vertex  3.028122e+01 -6.075764e+00  0.000000e+00
     vertex  3.053947e+01 -8.964241e+00  0.000000e+00
     vertex  3.011433e+01 -6.088380e+00  0.000000e+00
   endloop
 endfacet
 facet normal  0.000000e+00  0.000000e+00 -1.000000e+00
   outer loop
     vertex  2.366610e+01  5.848905e-01  0.000000e+00
     vertex  2.075916e+01  6.168595e-01  0.000000e+00
     vertex  2.077946e+01  8.629532e-01  0.000000e+00
   endloop
 endfacet
 facet normal -0.000000e+00  0.000000e+00 -1.000000e+00
   outer loop
     vertex  2.366610e+01  5.848905e-01  0.000000e+00
     vertex  2.365234e+01  4.180937e-01  0.000000e+00
     vertex  2.075916e+01  6.168595e-01  0.000000e+00
   endloop
 endfacet
 facet normal  0.000000e+00 -0.000000e+00 -1.000000e+00
   outer loop
     vertex  3.044770e+01 -6.058574e+00  0.000000e+00
     vertex  3.053947e+01 -8.964241e+00  0.000000e+00
     vertex  3.028122e+01 -6.075764e+00  0.000000e+00
   endloop
 endfacet
 facet normal  0.000000e+00  0.000000e+00 -1.000000e+00
   outer loop
     vertex  3.044770e+01 -6.058574e+00  0.000000e+00
     vertex  3.078510e+01 -8.938879e+00  0.000000e+00
     vertex  3.053947e+01 -8.964241e+00  0.000000e+00
   endloop
 endfacet
 facet normal  0.000000e+00  0.000000e+00 -1.000000e+00
   outer loop
     vertex  3.044770e+01 -6.058574e+00  0.000000e+00
     vertex  3.102993e+01 -8.906789e+00  0.000000e+00
     vertex  3.078510e+01 -8.938879e+00  0.000000e+00
   endloop
 endfacet
 facet normal  0.000000e+00  0.000000e+00 -1.000000e+00
   outer loop
     vertex  2.368443e+01  7.512470e-01  0.000000e+00
     vertex  2.077946e+01  8.629532e-01  0.000000e+00
     vertex  2.080650e+01  1.108397e+00  0.000000e+00
   endloop
 endfacet
 facet normal -0.000000e+00  0.000000e+00 -1.000000e+00
   outer loop
     vertex  2.368443e+01  7.512470e-01  0.000000e+00
     vertex  2.366610e+01  5.848905e-01  0.000000e+00
     vertex  2.077946e+01  8.629532e-01  0.000000e+00
   endloop
 endfacet
 facet normal  0.000000e+00 -0.000000e+00 -1.000000e+00
   outer loop
     vertex  3.061364e+01 -6.036823e+00  0.000000e+00
     vertex  3.102993e+01 -8.906789e+00  0.000000e+00
     vertex  3.044770e+01 -6.058574e+00  0.000000e+00
   endloop
 endfacet
 facet normal  0.000000e+00  0.000000e+00 -1.000000e+00
   outer loop
     vertex  2.370732e+01  9.170380e-01  0.000000e+00
     vertex  2.080650e+01  1.108397e+00  0.000000e+00
     vertex  2.084027e+01  1.353007e+00  0.000000e+00
   endloop
 endfacet
 facet normal -0.000000e+00  0.000000e+00 -1.000000e+00
   outer loop
     vertex  2.370732e+01  9.170380e-01  0.000000e+00
     vertex  2.368443e+01  7.512470e-01  0.000000e+00
     vertex  2.080650e+01  1.108397e+00  0.000000e+00
   endloop
 endfacet
 facet normal  0.000000e+00 -0.000000e+00 -1.000000e+00
   outer loop
     vertex  3.077893e+01 -6.010529e+00  0.000000e+00
     vertex  3.102993e+01 -8.906789e+00  0.000000e+00
     vertex  3.061364e+01 -6.036823e+00  0.000000e+00
   endloop
 endfacet
 facet normal  0.000000e+00  0.000000e+00 -1.000000e+00
   outer loop
     vertex  3.077893e+01 -6.010529e+00  0.000000e+00
     vertex  3.127380e+01 -8.867993e+00  0.000000e+00
     vertex  3.102993e+01 -8.906789e+00  0.000000e+00
   endloop
 endfacet
 facet normal  0.000000e+00  0.000000e+00 -1.000000e+00
   outer loop
     vertex  2.373474e+01  1.082139e+00  0.000000e+00
     vertex  2.088074e+01  1.596598e+00  0.000000e+00
     vertex  2.092788e+01  1.838987e+00  0.000000e+00
   endloop
 endfacet
 facet normal  0.000000e+00  0.000000e+00 -1.000000e+00
   outer loop
     vertex  2.373474e+01  1.082139e+00  0.000000e+00
     vertex  2.084027e+01  1.353007e+00  0.000000e+00
     vertex  2.088074e+01  1.596598e+00  0.000000e+00
   endloop
 endfacet
 facet normal -0.000000e+00  0.000000e+00 -1.000000e+00
   outer loop
     vertex  2.373474e+01  1.082139e+00  0.000000e+00
     vertex  2.370732e+01  9.170380e-01  0.000000e+00
     vertex  2.084027e+01  1.353007e+00  0.000000e+00
   endloop
 endfacet
 facet normal  0.000000e+00 -0.000000e+00 -1.000000e+00
   outer loop
     vertex  3.094343e+01 -5.979709e+00  0.000000e+00
     vertex  3.127380e+01 -8.867993e+00  0.000000e+00
     vertex  3.077893e+01 -6.010529e+00  0.000000e+00
   endloop
 endfacet
 facet normal  0.000000e+00  0.000000e+00 -1.000000e+00
   outer loop
     vertex  3.094343e+01 -5.979709e+00  0.000000e+00
     vertex  3.151650e+01 -8.822522e+00  0.000000e+00
     vertex  3.127380e+01 -8.867993e+00  0.000000e+00
   endloop
 endfacet
 facet normal -0.000000e+00  0.000000e+00 -1.000000e+00
   outer loop
     vertex  2.376669e+01  1.246425e+00  0.000000e+00
     vertex  2.373474e+01  1.082139e+00  0.000000e+00
     vertex  2.092788e+01  1.838987e+00  0.000000e+00
   endloop
 endfacet
 facet normal  0.000000e+00 -0.000000e+00 -1.000000e+00
   outer loop
     vertex  3.110702e+01 -5.944389e+00  0.000000e+00
     vertex  3.151650e+01 -8.822522e+00  0.000000e+00
     vertex  3.094343e+01 -5.979709e+00  0.000000e+00
   endloop
 endfacet
 facet normal  0.000000e+00  0.000000e+00 -1.000000e+00
   outer loop
     vertex  3.110702e+01 -5.944389e+00  0.000000e+00
     vertex  3.175787e+01 -8.770409e+00  0.000000e+00
     vertex  3.151650e+01 -8.822522e+00  0.000000e+00
   endloop
 endfacet
 facet normal  0.000000e+00  0.000000e+00 -1.000000e+00
   outer loop
     vertex  2.380313e+01  1.409773e+00  0.000000e+00
     vertex  2.092788e+01  1.838987e+00  0.000000e+00
     vertex  2.098164e+01  2.079992e+00  0.000000e+00
   endloop
 endfacet
 facet normal -0.000000e+00  0.000000e+00 -1.000000e+00
   outer loop
     vertex  2.380313e+01  1.409773e+00  0.000000e+00
     vertex  2.376669e+01  1.246425e+00  0.000000e+00
     vertex  2.092788e+01  1.838987e+00  0.000000e+00
   endloop
 endfacet
 facet normal  0.000000e+00  0.000000e+00 -1.000000e+00
   outer loop
     vertex  3.126958e+01 -5.904593e+00  0.000000e+00
     vertex  3.199772e+01 -8.711695e+00  0.000000e+00
     vertex  3.175787e+01 -8.770409e+00  0.000000e+00
   endloop
 endfacet
 facet normal  0.000000e+00 -0.000000e+00 -1.000000e+00
   outer loop
     vertex  3.126958e+01 -5.904593e+00  0.000000e+00
     vertex  3.175787e+01 -8.770409e+00  0.000000e+00
     vertex  3.110702e+01 -5.944389e+00  0.000000e+00
   endloop
 endfacet
 facet normal  0.000000e+00  0.000000e+00 -1.000000e+00
   outer loop
     vertex  2.384404e+01  1.572059e+00  0.000000e+00
     vertex  2.098164e+01  2.079992e+00  0.000000e+00
     vertex  2.104200e+01  2.319431e+00  0.000000e+00
   endloop
 endfacet
 facet normal -0.000000e+00  0.000000e+00 -1.000000e+00
   outer loop
     vertex  2.384404e+01  1.572059e+00  0.000000e+00
     vertex  2.380313e+01  1.409773e+00  0.000000e+00
     vertex  2.098164e+01  2.079992e+00  0.000000e+00
   endloop
 endfacet
 facet normal  0.000000e+00 -0.000000e+00 -1.000000e+00
   outer loop
     vertex  3.143100e+01 -5.860353e+00  0.000000e+00
     vertex  3.199772e+01 -8.711695e+00  0.000000e+00
     vertex  3.126958e+01 -5.904593e+00  0.000000e+00
   endloop
 endfacet
 facet normal  0.000000e+00  0.000000e+00 -1.000000e+00
   outer loop
     vertex  3.143100e+01 -5.860353e+00  0.000000e+00
     vertex  3.223587e+01 -8.646422e+00  0.000000e+00
     vertex  3.199772e+01 -8.711695e+00  0.000000e+00
   endloop
 endfacet
 facet normal  0.000000e+00  0.000000e+00 -1.000000e+00
   outer loop
     vertex  2.388939e+01  1.733162e+00  0.000000e+00
     vertex  2.110891e+01  2.557125e+00  0.000000e+00
     vertex  2.118231e+01  2.792893e+00  0.000000e+00
   endloop
 endfacet
 facet normal  0.000000e+00  0.000000e+00 -1.000000e+00
   outer loop
     vertex  2.388939e+01  1.733162e+00  0.000000e+00
     vertex  2.104200e+01  2.319431e+00  0.000000e+00
     vertex  2.110891e+01  2.557125e+00  0.000000e+00
   endloop
 endfacet
 facet normal -0.000000e+00  0.000000e+00 -1.000000e+00
   outer loop
     vertex  2.388939e+01  1.733162e+00  0.000000e+00
     vertex  2.384404e+01  1.572059e+00  0.000000e+00
     vertex  2.104200e+01  2.319431e+00  0.000000e+00
   endloop
 endfacet
 facet normal  0.000000e+00 -0.000000e+00 -1.000000e+00
   outer loop
     vertex  3.159113e+01 -5.811701e+00  0.000000e+00
     vertex  3.223587e+01 -8.646422e+00  0.000000e+00
     vertex  3.143100e+01 -5.860353e+00  0.000000e+00
   endloop
 endfacet
 facet normal  0.000000e+00  0.000000e+00 -1.000000e+00
   outer loop
     vertex  3.159113e+01 -5.811701e+00  0.000000e+00
     vertex  3.247213e+01 -8.574641e+00  0.000000e+00
     vertex  3.223587e+01 -8.646422e+00  0.000000e+00
   endloop
 endfacet
 facet normal  0.000000e+00  0.000000e+00 -1.000000e+00
   outer loop
     vertex  2.393914e+01  1.892961e+00  0.000000e+00
     vertex  2.118231e+01  2.792893e+00  0.000000e+00
     vertex  2.126215e+01  3.026559e+00  0.000000e+00
   endloop
 endfacet
 facet normal -0.000000e+00  0.000000e+00 -1.000000e+00
   outer loop
     vertex  2.393914e+01  1.892961e+00  0.000000e+00
     vertex  2.388939e+01  1.733162e+00  0.000000e+00
     vertex  2.118231e+01  2.792893e+00  0.000000e+00
   endloop
 endfacet
 facet normal  0.000000e+00 -0.000000e+00 -1.000000e+00
   outer loop
     vertex  3.174987e+01 -5.758675e+00  0.000000e+00
     vertex  3.247213e+01 -8.574641e+00  0.000000e+00
     vertex  3.159113e+01 -5.811701e+00  0.000000e+00
   endloop
 endfacet
 facet normal  0.000000e+00  0.000000e+00 -1.000000e+00
   outer loop
     vertex  3.174987e+01 -5.758675e+00  0.000000e+00
     vertex  3.270634e+01 -8.496405e+00  0.000000e+00
     vertex  3.247213e+01 -8.574641e+00  0.000000e+00
   endloop
 endfacet
 facet normal -0.000000e+00  0.000000e+00 -1.000000e+00
   outer loop
     vertex  2.399325e+01  2.051334e+00  0.000000e+00
     vertex  2.393914e+01  1.892961e+00  0.000000e+00
     vertex  2.126215e+01  3.026559e+00  0.000000e+00
   endloop
 endfacet
 facet normal  0.000000e+00  0.000000e+00 -1.000000e+00
   outer loop
     vertex  3.190710e+01 -5.701313e+00  0.000000e+00
     vertex  3.293831e+01 -8.411774e+00  0.000000e+00
     vertex  3.270634e+01 -8.496405e+00  0.000000e+00
   endloop
 endfacet
 facet normal  0.000000e+00 -0.000000e+00 -1.000000e+00
   outer loop
     vertex  3.190710e+01 -5.701313e+00  0.000000e+00
     vertex  3.270634e+01 -8.496405e+00  0.000000e+00
     vertex  3.174987e+01 -5.758675e+00  0.000000e+00
   endloop
 endfacet
 facet normal  0.000000e+00  0.000000e+00 -1.000000e+00
   outer loop
     vertex  2.405169e+01  2.208164e+00  0.000000e+00
     vertex  2.126215e+01  3.026559e+00  0.000000e+00
     vertex  2.134837e+01  3.257946e+00  0.000000e+00
   endloop
 endfacet
 facet normal -0.000000e+00  0.000000e+00 -1.000000e+00
   outer loop
     vertex  2.405169e+01  2.208164e+00  0.000000e+00
     vertex  2.399325e+01  2.051334e+00  0.000000e+00
     vertex  2.126215e+01  3.026559e+00  0.000000e+00
   endloop
 endfacet
 facet normal  0.000000e+00 -0.000000e+00 -1.000000e+00
   outer loop
     vertex  3.206269e+01 -5.639660e+00  0.000000e+00
     vertex  3.293831e+01 -8.411774e+00  0.000000e+00
     vertex  3.190710e+01 -5.701313e+00  0.000000e+00
   endloop
 endfacet
 facet normal  0.000000e+00  0.000000e+00 -1.000000e+00
   outer loop
     vertex  3.206269e+01 -5.639660e+00  0.000000e+00
     vertex  3.316788e+01 -8.320810e+00  0.000000e+00
     vertex  3.293831e+01 -8.411774e+00  0.000000e+00
   endloop
 endfacet
 facet normal  0.000000e+00  0.000000e+00 -1.000000e+00
   outer loop
     vertex  2.411441e+01  2.363331e+00  0.000000e+00
     vertex  2.134837e+01  3.257946e+00  0.000000e+00
     vertex  2.144090e+01  3.486881e+00  0.000000e+00
   endloop
 endfacet
 facet normal -0.000000e+00  0.000000e+00 -1.000000e+00
   outer loop
     vertex  2.411441e+01  2.363331e+00  0.000000e+00
     vertex  2.405169e+01  2.208164e+00  0.000000e+00
     vertex  2.134837e+01  3.257946e+00  0.000000e+00
   endloop
 endfacet
 facet normal  0.000000e+00 -0.000000e+00 -1.000000e+00
   outer loop
     vertex  3.221654e+01 -5.573761e+00  0.000000e+00
     vertex  3.316788e+01 -8.320810e+00  0.000000e+00
     vertex  3.206269e+01 -5.639660e+00  0.000000e+00
   endloop
 endfacet
 facet normal  0.000000e+00  0.000000e+00 -1.000000e+00
   outer loop
     vertex  3.221654e+01 -5.573761e+00  0.000000e+00
     vertex  3.339486e+01 -8.223582e+00  0.000000e+00
     vertex  3.316788e+01 -8.320810e+00  0.000000e+00
   endloop
 endfacet
 facet normal -0.000000e+00  0.000000e+00 -1.000000e+00
   outer loop
     vertex  2.418136e+01  2.516719e+00  0.000000e+00
     vertex  2.411441e+01  2.363331e+00  0.000000e+00
     vertex  2.144090e+01  3.486881e+00  0.000000e+00
   endloop
 endfacet
 facet normal  0.000000e+00  0.000000e+00 -1.000000e+00
   outer loop
     vertex  2.418136e+01  2.516719e+00  0.000000e+00
     vertex  2.144090e+01  3.486881e+00  0.000000e+00
     vertex  2.153969e+01  3.713192e+00  0.000000e+00
   endloop
 endfacet
 facet normal  0.000000e+00 -0.000000e+00 -1.000000e+00
   outer loop
     vertex  3.236851e+01 -5.503667e+00  0.000000e+00
     vertex  3.339486e+01 -8.223582e+00  0.000000e+00
     vertex  3.221654e+01 -5.573761e+00  0.000000e+00
   endloop
 endfacet
 facet normal  0.000000e+00  0.000000e+00 -1.000000e+00
   outer loop
     vertex  3.236851e+01 -5.503667e+00  0.000000e+00
     vertex  3.361909e+01 -8.120164e+00  0.000000e+00
     vertex  3.339486e+01 -8.223582e+00  0.000000e+00
   endloop
 endfacet
 facet normal  0.000000e+00  0.000000e+00 -1.000000e+00
   outer loop
     vertex  3.236851e+01 -5.503667e+00  0.000000e+00
     vertex  3.384040e+01 -8.010634e+00  0.000000e+00
     vertex  3.361909e+01 -8.120164e+00  0.000000e+00
   endloop
 endfacet
 facet normal -0.000000e+00  0.000000e+00 -1.000000e+00
   outer loop
     vertex  2.425250e+01  2.668212e+00  0.000000e+00
     vertex  2.418136e+01  2.516719e+00  0.000000e+00
     vertex  2.153969e+01  3.713192e+00  0.000000e+00
   endloop
 endfacet
 facet normal  0.000000e+00  0.000000e+00 -1.000000e+00
   outer loop
     vertex  2.425250e+01  2.668212e+00  0.000000e+00
     vertex  2.164464e+01  3.936707e+00  0.000000e+00
     vertex  2.175569e+01  4.157259e+00  0.000000e+00
   endloop
 endfacet
 facet normal  0.000000e+00  0.000000e+00 -1.000000e+00
   outer loop
     vertex  2.425250e+01  2.668212e+00  0.000000e+00
     vertex  2.153969e+01  3.713192e+00  0.000000e+00
     vertex  2.164464e+01  3.936707e+00  0.000000e+00
   endloop
 endfacet
 facet normal  0.000000e+00 -0.000000e+00 -1.000000e+00
   outer loop
     vertex  3.251851e+01 -5.429430e+00  0.000000e+00
     vertex  3.384040e+01 -8.010634e+00  0.000000e+00
     vertex  3.236851e+01 -5.503667e+00  0.000000e+00
   endloop
 endfacet
 facet normal -0.000000e+00  0.000000e+00 -1.000000e+00
   outer loop
     vertex  2.432776e+01  2.817697e+00  0.000000e+00
     vertex  2.425250e+01  2.668212e+00  0.000000e+00
     vertex  2.175569e+01  4.157259e+00  0.000000e+00
   endloop
 endfacet
 facet normal  0.000000e+00 -0.000000e+00 -1.000000e+00
   outer loop
     vertex  3.266642e+01 -5.351105e+00  0.000000e+00
     vertex  3.384040e+01 -8.010634e+00  0.000000e+00
     vertex  3.251851e+01 -5.429430e+00  0.000000e+00
   endloop
 endfacet
 facet normal  0.000000e+00  0.000000e+00 -1.000000e+00
   outer loop
     vertex  3.266642e+01 -5.351105e+00  0.000000e+00
     vertex  3.405862e+01 -7.895073e+00  0.000000e+00
     vertex  3.384040e+01 -8.010634e+00  0.000000e+00
   endloop
 endfacet
 facet normal -0.000000e+00  0.000000e+00 -1.000000e+00
   outer loop
     vertex  2.440710e+01  2.965061e+00  0.000000e+00
     vertex  2.432776e+01  2.817697e+00  0.000000e+00
     vertex  2.175569e+01  4.157259e+00  0.000000e+00
   endloop
 endfacet
 facet normal  0.000000e+00  0.000000e+00 -1.000000e+00
   outer loop
     vertex  2.440710e+01  2.965061e+00  0.000000e+00
     vertex  2.175569e+01  4.157259e+00  0.000000e+00
     vertex  2.187274e+01  4.374681e+00  0.000000e+00
   endloop
 endfacet
 facet normal  0.000000e+00 -0.000000e+00 -1.000000e+00
   outer loop
     vertex  3.281212e+01 -5.268752e+00  0.000000e+00
     vertex  3.405862e+01 -7.895073e+00  0.000000e+00
     vertex  3.266642e+01 -5.351105e+00  0.000000e+00
   endloop
 endfacet
 facet normal  0.000000e+00  0.000000e+00 -1.000000e+00
   outer loop
     vertex  3.281212e+01 -5.268752e+00  0.000000e+00
     vertex  3.427359e+01 -7.773569e+00  0.000000e+00
     vertex  3.405862e+01 -7.895073e+00  0.000000e+00
   endloop
 endfacet
 facet normal -0.000000e+00  0.000000e+00 -1.000000e+00
   outer loop
     vertex  2.449045e+01  3.110193e+00  0.000000e+00
     vertex  2.440710e+01  2.965061e+00  0.000000e+00
     vertex  2.187274e+01  4.374681e+00  0.000000e+00
   endloop
 endfacet
 facet normal  0.000000e+00  0.000000e+00 -1.000000e+00
   outer loop
     vertex  2.449045e+01  3.110193e+00  0.000000e+00
     vertex  2.187274e+01  4.374681e+00  0.000000e+00
     vertex  2.199572e+01  4.588810e+00  0.000000e+00
   endloop
 endfacet
 facet normal  0.000000e+00 -0.000000e+00 -1.000000e+00
   outer loop
     vertex  3.295550e+01 -5.182434e+00  0.000000e+00
     vertex  3.427359e+01 -7.773569e+00  0.000000e+00
     vertex  3.281212e+01 -5.268752e+00  0.000000e+00
   endloop
 endfacet
 facet normal  0.000000e+00  0.000000e+00 -1.000000e+00
   outer loop
     vertex  3.295550e+01 -5.182434e+00  0.000000e+00
     vertex  3.448514e+01 -7.646214e+00  0.000000e+00
     vertex  3.427359e+01 -7.773569e+00  0.000000e+00
   endloop
 endfacet
 facet normal -0.000000e+00  0.000000e+00 -1.000000e+00
   outer loop
     vertex  2.457775e+01  3.252984e+00  0.000000e+00
     vertex  2.449045e+01  3.110193e+00  0.000000e+00
     vertex  2.199572e+01  4.588810e+00  0.000000e+00
   endloop
 endfacet
 facet normal  0.000000e+00  0.000000e+00 -1.000000e+00
   outer loop
     vertex  2.457775e+01  3.252984e+00  0.000000e+00
     vertex  2.212452e+01  4.799485e+00  0.000000e+00
     vertex  2.225905e+01  5.006547e+00  0.000000e+00
   endloop
 endfacet
 facet normal  0.000000e+00  0.000000e+00 -1.000000e+00
   outer loop
     vertex  2.457775e+01  3.252984e+00  0.000000e+00
     vertex  2.199572e+01  4.588810e+00  0.000000e+00
     vertex  2.212452e+01  4.799485e+00  0.000000e+00
   endloop
 endfacet
 facet normal  0.000000e+00 -0.000000e+00 -1.000000e+00
   outer loop
     vertex  3.309647e+01 -5.092214e+00  0.000000e+00
     vertex  3.448514e+01 -7.646214e+00  0.000000e+00
     vertex  3.295550e+01 -5.182434e+00  0.000000e+00
   endloop
 endfacet
 facet normal  0.000000e+00  0.000000e+00 -1.000000e+00
   outer loop
     vertex  3.309647e+01 -5.092214e+00  0.000000e+00
     vertex  3.469312e+01 -7.513102e+00  0.000000e+00
     vertex  3.448514e+01 -7.646214e+00  0.000000e+00
   endloop
 endfacet
 facet normal -0.000000e+00  0.000000e+00 -1.000000e+00
   outer loop
     vertex  2.466893e+01  3.393326e+00  0.000000e+00
     vertex  2.457775e+01  3.252984e+00  0.000000e+00
     vertex  2.225905e+01  5.006547e+00  0.000000e+00
   endloop
 endfacet
 facet normal  0.000000e+00 -0.000000e+00 -1.000000e+00
   outer loop
     vertex  3.323490e+01 -4.998160e+00  0.000000e+00
     vertex  3.469312e+01 -7.513102e+00  0.000000e+00
     vertex  3.309647e+01 -5.092214e+00  0.000000e+00
   endloop
 endfacet
 facet normal  0.000000e+00  0.000000e+00 -1.000000e+00
   outer loop
     vertex  3.323490e+01 -4.998160e+00  0.000000e+00
     vertex  3.489737e+01 -7.374335e+00  0.000000e+00
     vertex  3.469312e+01 -7.513102e+00  0.000000e+00
   endloop
 endfacet
 facet normal -0.000000e+00  0.000000e+00 -1.000000e+00
   outer loop
     vertex  2.476393e+01  3.531114e+00  0.000000e+00
     vertex  2.466893e+01  3.393326e+00  0.000000e+00
     vertex  2.225905e+01  5.006547e+00  0.000000e+00
   endloop
 endfacet
 facet normal  0.000000e+00  0.000000e+00 -1.000000e+00
   outer loop
     vertex  2.476393e+01  3.531114e+00  0.000000e+00
     vertex  2.225905e+01  5.006547e+00  0.000000e+00
     vertex  2.239922e+01  5.209840e+00  0.000000e+00
   endloop
 endfacet
 facet normal  0.000000e+00 -0.000000e+00 -1.000000e+00
   outer loop
     vertex  3.337071e+01 -4.900345e+00  0.000000e+00
     vertex  3.489737e+01 -7.374335e+00  0.000000e+00
     vertex  3.323490e+01 -4.998160e+00  0.000000e+00
   endloop
 endfacet
 facet normal  0.000000e+00  0.000000e+00 -1.000000e+00
   outer loop
     vertex  3.337071e+01 -4.900345e+00  0.000000e+00
     vertex  3.509774e+01 -7.230017e+00  0.000000e+00
     vertex  3.489737e+01 -7.374335e+00  0.000000e+00
   endloop
 endfacet
 facet normal -0.000000e+00  0.000000e+00 -1.000000e+00
   outer loop
     vertex  2.486268e+01  3.666243e+00  0.000000e+00
     vertex  2.476393e+01  3.531114e+00  0.000000e+00
     vertex  2.239922e+01  5.209840e+00  0.000000e+00
   endloop
 endfacet
 facet normal  0.000000e+00  0.000000e+00 -1.000000e+00
   outer loop
     vertex  2.486268e+01  3.666243e+00  0.000000e+00
     vertex  2.239922e+01  5.209840e+00  0.000000e+00
     vertex  2.254491e+01  5.409211e+00  0.000000e+00
   endloop
 endfacet
 facet normal  0.000000e+00 -0.000000e+00 -1.000000e+00
   outer loop
     vertex  3.350378e+01 -4.798840e+00  0.000000e+00
     vertex  3.509774e+01 -7.230017e+00  0.000000e+00
     vertex  3.337071e+01 -4.900345e+00  0.000000e+00
   endloop
 endfacet
 facet normal  0.000000e+00  0.000000e+00 -1.000000e+00
   outer loop
     vertex  3.350378e+01 -4.798840e+00  0.000000e+00
     vertex  3.529407e+01 -7.080256e+00  0.000000e+00
     vertex  3.509774e+01 -7.230017e+00  0.000000e+00
   endloop
 endfacet
 facet normal  0.000000e+00  0.000000e+00 -1.000000e+00
   outer loop
     vertex  3.350378e+01 -4.798840e+00  0.000000e+00
     vertex  3.548622e+01 -6.925166e+00  0.000000e+00
     vertex  3.529407e+01 -7.080256e+00  0.000000e+00
   endloop
 endfacet
 facet normal -0.000000e+00  0.000000e+00 -1.000000e+00
   outer loop
     vertex  2.496509e+01  3.798613e+00  0.000000e+00
     vertex  2.486268e+01  3.666243e+00  0.000000e+00
     vertex  2.254491e+01  5.409211e+00  0.000000e+00
   endloop
 endfacet
 facet normal  0.000000e+00  0.000000e+00 -1.000000e+00
   outer loop
     vertex  2.496509e+01  3.798613e+00  0.000000e+00
     vertex  2.254491e+01  5.409211e+00  0.000000e+00
     vertex  2.269601e+01  5.604510e+00  0.000000e+00
   endloop
 endfacet
 facet normal  0.000000e+00 -0.000000e+00 -1.000000e+00
   outer loop
     vertex  3.363401e+01 -4.693723e+00  0.000000e+00
     vertex  3.548622e+01 -6.925166e+00  0.000000e+00
     vertex  3.350378e+01 -4.798840e+00  0.000000e+00
   endloop
 endfacet
 facet normal -0.000000e+00  0.000000e+00 -1.000000e+00
   outer loop
     vertex  2.507110e+01  3.928123e+00  0.000000e+00
     vertex  2.496509e+01  3.798613e+00  0.000000e+00
     vertex  2.269601e+01  5.604510e+00  0.000000e+00
   endloop
 endfacet
 facet normal  0.000000e+00  0.000000e+00 -1.000000e+00
   outer loop
     vertex  2.507110e+01  3.928123e+00  0.000000e+00
     vertex  2.269601e+01  5.604510e+00  0.000000e+00
     vertex  2.285242e+01  5.795591e+00  0.000000e+00
   endloop
 endfacet
 facet normal  0.000000e+00 -0.000000e+00 -1.000000e+00
   outer loop
     vertex  3.376131e+01 -4.585073e+00  0.000000e+00
     vertex  3.548622e+01 -6.925166e+00  0.000000e+00
     vertex  3.363401e+01 -4.693723e+00  0.000000e+00
   endloop
 endfacet
 facet normal  0.000000e+00  0.000000e+00 -1.000000e+00
   outer loop
     vertex  3.376131e+01 -4.585073e+00  0.000000e+00
     vertex  3.567404e+01 -6.764862e+00  0.000000e+00
     vertex  3.548622e+01 -6.925166e+00  0.000000e+00
   endloop
 endfacet
 facet normal  0.000000e+00  0.000000e+00 -1.000000e+00
   outer loop
     vertex  2.518062e+01  4.054676e+00  0.000000e+00
     vertex  2.285242e+01  5.795591e+00  0.000000e+00
     vertex  2.301401e+01  5.982309e+00  0.000000e+00
   endloop
 endfacet
 facet normal -0.000000e+00  0.000000e+00 -1.000000e+00
   outer loop
     vertex  2.518062e+01  4.054676e+00  0.000000e+00
     vertex  2.507110e+01  3.928123e+00  0.000000e+00
     vertex  2.285242e+01  5.795591e+00  0.000000e+00
   endloop
 endfacet
 facet normal  0.000000e+00 -0.000000e+00 -1.000000e+00
   outer loop
     vertex  3.388558e+01 -4.472971e+00  0.000000e+00
     vertex  3.567404e+01 -6.764862e+00  0.000000e+00
     vertex  3.376131e+01 -4.585073e+00  0.000000e+00
   endloop
 endfacet
 facet normal  0.000000e+00  0.000000e+00 -1.000000e+00
   outer loop
     vertex  3.388558e+01 -4.472971e+00  0.000000e+00
     vertex  3.585739e+01 -6.599466e+00  0.000000e+00
     vertex  3.567404e+01 -6.764862e+00  0.000000e+00
   endloop
 endfacet
 facet normal  0.000000e+00  0.000000e+00 -1.000000e+00
   outer loop
     vertex  2.529357e+01  4.178177e+00  0.000000e+00
     vertex  2.301401e+01  5.982309e+00  0.000000e+00
     vertex  2.318066e+01  6.164523e+00  0.000000e+00
   endloop
 endfacet
 facet normal -0.000000e+00  0.000000e+00 -1.000000e+00
   outer loop
     vertex  2.529357e+01  4.178177e+00  0.000000e+00
     vertex  2.518062e+01  4.054676e+00  0.000000e+00
     vertex  2.301401e+01  5.982309e+00  0.000000e+00
   endloop
 endfacet
 facet normal  0.000000e+00 -0.000000e+00 -1.000000e+00
   outer loop
     vertex  3.400673e+01 -4.357503e+00  0.000000e+00
     vertex  3.585739e+01 -6.599466e+00  0.000000e+00
     vertex  3.388558e+01 -4.472971e+00  0.000000e+00
   endloop
 endfacet
 facet normal  0.000000e+00  0.000000e+00 -1.000000e+00
   outer loop
     vertex  3.400673e+01 -4.357503e+00  0.000000e+00
     vertex  3.603614e+01 -6.429102e+00  0.000000e+00
     vertex  3.585739e+01 -6.599466e+00  0.000000e+00
   endloop
 endfacet
 facet normal  0.000000e+00  0.000000e+00 -1.000000e+00
   outer loop
     vertex  2.540987e+01  4.298533e+00  0.000000e+00
     vertex  2.318066e+01  6.164523e+00  0.000000e+00
     vertex  2.335224e+01  6.342097e+00  0.000000e+00
   endloop
 endfacet
 facet normal -0.000000e+00  0.000000e+00 -1.000000e+00
   outer loop
     vertex  2.540987e+01  4.298533e+00  0.000000e+00
     vertex  2.529357e+01  4.178177e+00  0.000000e+00
     vertex  2.318066e+01  6.164523e+00  0.000000e+00
   endloop
 endfacet
 facet normal -0.000000e+00  0.000000e+00 -1.000000e+00
   outer loop
     vertex  2.552943e+01  4.415653e+00  0.000000e+00
     vertex  2.540987e+01  4.298533e+00  0.000000e+00
     vertex  2.335224e+01  6.342097e+00  0.000000e+00
   endloop
 endfacet
 facet normal -0.000000e+00  0.000000e+00 -1.000000e+00
   outer loop
     vertex  3.621014e+01 -6.253899e+00  0.000000e+00
     vertex  3.603614e+01 -6.429102e+00  0.000000e+00
     vertex  3.400673e+01 -4.357503e+00  0.000000e+00
   endloop
 endfacet
 facet normal  0.000000e+00  0.000000e+00 -1.000000e+00
   outer loop
     vertex  3.621014e+01 -6.253899e+00  0.000000e+00
     vertex  3.400673e+01 -4.357503e+00  0.000000e+00
     vertex  3.412467e+01 -4.238754e+00  0.000000e+00
   endloop
 endfacet
 facet normal  0.000000e+00 -0.000000e+00 -1.000000e+00
   outer loop
     vertex  2.352863e+01  6.514897e+00  0.000000e+00
     vertex  2.552943e+01  4.415653e+00  0.000000e+00
     vertex  2.335224e+01  6.342097e+00  0.000000e+00
   endloop
 endfacet
 facet normal -0.000000e+00  0.000000e+00 -1.000000e+00
   outer loop
     vertex  2.565215e+01  4.529448e+00  0.000000e+00
     vertex  2.552943e+01  4.415653e+00  0.000000e+00
     vertex  2.352863e+01  6.514897e+00  0.000000e+00
   endloop
 endfacet
 facet normal -0.000000e+00  0.000000e+00 -1.000000e+00
   outer loop
     vertex  3.637928e+01 -6.073988e+00  0.000000e+00
     vertex  3.621014e+01 -6.253899e+00  0.000000e+00
     vertex  3.412467e+01 -4.238754e+00  0.000000e+00
   endloop
 endfacet
 facet normal  0.000000e+00  0.000000e+00 -1.000000e+00
   outer loop
     vertex  3.637928e+01 -6.073988e+00  0.000000e+00
     vertex  3.412467e+01 -4.238754e+00  0.000000e+00
     vertex  3.423931e+01 -4.116814e+00  0.000000e+00
   endloop
 endfacet
 facet normal  0.000000e+00 -0.000000e+00 -1.000000e+00
   outer loop
     vertex  3.435055e+01 -3.991775e+00  0.000000e+00
     vertex  3.637928e+01 -6.073988e+00  0.000000e+00
     vertex  3.423931e+01 -4.116814e+00  0.000000e+00
   endloop
 endfacet
 facet normal  0.000000e+00 -0.000000e+00 -1.000000e+00
   outer loop
     vertex  2.370970e+01  6.682793e+00  0.000000e+00
     vertex  2.565215e+01  4.529448e+00  0.000000e+00
     vertex  2.352863e+01  6.514897e+00  0.000000e+00
   endloop
 endfacet
 facet normal -0.000000e+00  0.000000e+00 -1.000000e+00
   outer loop
     vertex  2.577795e+01  4.639835e+00  0.000000e+00
     vertex  2.565215e+01  4.529448e+00  0.000000e+00
     vertex  2.370970e+01  6.682793e+00  0.000000e+00
   endloop
 endfacet
 facet normal -0.000000e+00  0.000000e+00 -1.000000e+00
   outer loop
     vertex  3.654341e+01 -5.889504e+00  0.000000e+00
     vertex  3.637928e+01 -6.073988e+00  0.000000e+00
     vertex  3.435055e+01 -3.991775e+00  0.000000e+00
   endloop
 endfacet
 facet normal  0.000000e+00  0.000000e+00 -1.000000e+00
   outer loop
     vertex  3.654341e+01 -5.889504e+00  0.000000e+00
     vertex  3.435055e+01 -3.991775e+00  0.000000e+00
     vertex  3.445833e+01 -3.863731e+00  0.000000e+00
   endloop
 endfacet
 facet normal  0.000000e+00 -0.000000e+00 -1.000000e+00
   outer loop
     vertex  2.389531e+01  6.845658e+00  0.000000e+00
     vertex  2.577795e+01  4.639835e+00  0.000000e+00
     vertex  2.370970e+01  6.682793e+00  0.000000e+00
   endloop
 endfacet
 facet normal  0.000000e+00  0.000000e+00 -1.000000e+00
   outer loop
     vertex  3.670242e+01 -5.700587e+00  0.000000e+00
     vertex  3.445833e+01 -3.863731e+00  0.000000e+00
     vertex  3.456255e+01 -3.732779e+00  0.000000e+00
   endloop
 endfacet
 facet normal -0.000000e+00  0.000000e+00 -1.000000e+00
   outer loop
     vertex  3.670242e+01 -5.700587e+00  0.000000e+00
     vertex  3.654341e+01 -5.889504e+00  0.000000e+00
     vertex  3.445833e+01 -3.863731e+00  0.000000e+00
   endloop
 endfacet
 facet normal  0.000000e+00  0.000000e+00 -1.000000e+00
   outer loop
     vertex  2.408531e+01  7.003370e+00  0.000000e+00
     vertex  2.590673e+01  4.746728e+00  0.000000e+00
     vertex  2.577795e+01  4.639835e+00  0.000000e+00
   endloop
 endfacet
 facet normal  0.000000e+00 -0.000000e+00 -1.000000e+00
   outer loop
     vertex  2.408531e+01  7.003370e+00  0.000000e+00
     vertex  2.577795e+01  4.639835e+00  0.000000e+00
     vertex  2.389531e+01  6.845658e+00  0.000000e+00
   endloop
 endfacet
 facet normal  0.000000e+00  0.000000e+00 -1.000000e+00
   outer loop
     vertex  3.685619e+01 -5.507379e+00  0.000000e+00
     vertex  3.456255e+01 -3.732779e+00  0.000000e+00
     vertex  3.466314e+01 -3.599017e+00  0.000000e+00
   endloop
 endfacet
 facet normal -0.000000e+00  0.000000e+00 -1.000000e+00
   outer loop
     vertex  3.685619e+01 -5.507379e+00  0.000000e+00
     vertex  3.670242e+01 -5.700587e+00  0.000000e+00
     vertex  3.456255e+01 -3.732779e+00  0.000000e+00
   endloop
 endfacet
 facet normal  0.000000e+00  0.000000e+00 -1.000000e+00
   outer loop
     vertex  2.427957e+01  7.155810e+00  0.000000e+00
     vertex  2.603839e+01  4.850049e+00  0.000000e+00
     vertex  2.590673e+01  4.746728e+00  0.000000e+00
   endloop
 endfacet
 facet normal  0.000000e+00 -0.000000e+00 -1.000000e+00
   outer loop
     vertex  2.427957e+01  7.155810e+00  0.000000e+00
     vertex  2.590673e+01  4.746728e+00  0.000000e+00
     vertex  2.408531e+01  7.003370e+00  0.000000e+00
   endloop
 endfacet
 facet normal -0.000000e+00  0.000000e+00 -1.000000e+00
   outer loop
     vertex  3.700460e+01 -5.310025e+00  0.000000e+00
     vertex  3.685619e+01 -5.507379e+00  0.000000e+00
     vertex  3.466314e+01 -3.599017e+00  0.000000e+00
   endloop
 endfacet
 facet normal  0.000000e+00  0.000000e+00 -1.000000e+00
   outer loop
     vertex  2.447794e+01  7.302863e+00  0.000000e+00
     vertex  2.617284e+01  4.949718e+00  0.000000e+00
     vertex  2.603839e+01  4.850049e+00  0.000000e+00
   endloop
 endfacet
 facet normal  0.000000e+00 -0.000000e+00 -1.000000e+00
   outer loop
     vertex  2.447794e+01  7.302863e+00  0.000000e+00
     vertex  2.603839e+01  4.850049e+00  0.000000e+00
     vertex  2.427957e+01  7.155810e+00  0.000000e+00
   endloop
 endfacet
 facet normal  0.000000e+00  0.000000e+00 -1.000000e+00
   outer loop
     vertex  3.714754e+01 -5.108674e+00  0.000000e+00
     vertex  3.466314e+01 -3.599017e+00  0.000000e+00
     vertex  3.476002e+01 -3.462546e+00  0.000000e+00
   endloop
 endfacet
 facet normal -0.000000e+00  0.000000e+00 -1.000000e+00
   outer loop
     vertex  3.714754e+01 -5.108674e+00  0.000000e+00
     vertex  3.700460e+01 -5.310025e+00  0.000000e+00
     vertex  3.466314e+01 -3.599017e+00  0.000000e+00
   endloop
 endfacet
 facet normal  0.000000e+00  0.000000e+00 -1.000000e+00
   outer loop
     vertex  2.468026e+01  7.444419e+00  0.000000e+00
     vertex  2.630997e+01  5.045662e+00  0.000000e+00
     vertex  2.617284e+01  4.949718e+00  0.000000e+00
   endloop
 endfacet
 facet normal  0.000000e+00 -0.000000e+00 -1.000000e+00
   outer loop
     vertex  2.468026e+01  7.444419e+00  0.000000e+00
     vertex  2.617284e+01  4.949718e+00  0.000000e+00
     vertex  2.447794e+01  7.302863e+00  0.000000e+00
   endloop
 endfacet
 facet normal  0.000000e+00  0.000000e+00 -1.000000e+00
   outer loop
     vertex  3.728491e+01 -4.903477e+00  0.000000e+00
     vertex  3.476002e+01 -3.462546e+00  0.000000e+00
     vertex  3.485312e+01 -3.323468e+00  0.000000e+00
   endloop
 endfacet
 facet normal  0.000000e+00  0.000000e+00 -1.000000e+00
   outer loop
     vertex  3.728491e+01 -4.903477e+00  0.000000e+00
     vertex  3.485312e+01 -3.323468e+00  0.000000e+00
     vertex  3.494237e+01 -3.181888e+00  0.000000e+00
   endloop
 endfacet
 facet normal -0.000000e+00  0.000000e+00 -1.000000e+00
   outer loop
     vertex  3.728491e+01 -4.903477e+00  0.000000e+00
     vertex  3.714754e+01 -5.108674e+00  0.000000e+00
     vertex  3.476002e+01 -3.462546e+00  0.000000e+00
   endloop
 endfacet
 facet normal  0.000000e+00  0.000000e+00 -1.000000e+00
   outer loop
     vertex  2.488640e+01  7.580371e+00  0.000000e+00
     vertex  2.644969e+01  5.137807e+00  0.000000e+00
     vertex  2.630997e+01  5.045662e+00  0.000000e+00
   endloop
 endfacet
 facet normal  0.000000e+00 -0.000000e+00 -1.000000e+00
   outer loop
     vertex  2.488640e+01  7.580371e+00  0.000000e+00
     vertex  2.630997e+01  5.045662e+00  0.000000e+00
     vertex  2.468026e+01  7.444419e+00  0.000000e+00
   endloop
 endfacet
 facet normal -0.000000e+00  0.000000e+00 -1.000000e+00
   outer loop
     vertex  3.741659e+01 -4.694589e+00  0.000000e+00
     vertex  3.728491e+01 -4.903477e+00  0.000000e+00
     vertex  3.494237e+01 -3.181888e+00  0.000000e+00
   endloop
 endfacet
 facet normal  0.000000e+00  0.000000e+00 -1.000000e+00
   outer loop
     vertex  2.509618e+01  7.710617e+00  0.000000e+00
     vertex  2.659188e+01  5.226085e+00  0.000000e+00
     vertex  2.644969e+01  5.137807e+00  0.000000e+00
   endloop
 endfacet
 facet normal  0.000000e+00 -0.000000e+00 -1.000000e+00
   outer loop
     vertex  2.509618e+01  7.710617e+00  0.000000e+00
     vertex  2.644969e+01  5.137807e+00  0.000000e+00
     vertex  2.488640e+01  7.580371e+00  0.000000e+00
   endloop
 endfacet
 facet normal  0.000000e+00  0.000000e+00 -1.000000e+00
   outer loop
     vertex  3.754249e+01 -4.482167e+00  0.000000e+00
     vertex  3.494237e+01 -3.181888e+00  0.000000e+00
     vertex  3.502771e+01 -3.037913e+00  0.000000e+00
   endloop
 endfacet
 facet normal -0.000000e+00  0.000000e+00 -1.000000e+00
   outer loop
     vertex  3.754249e+01 -4.482167e+00  0.000000e+00
     vertex  3.741659e+01 -4.694589e+00  0.000000e+00
     vertex  3.494237e+01 -3.181888e+00  0.000000e+00
   endloop
 endfacet
 facet normal  0.000000e+00  0.000000e+00 -1.000000e+00
   outer loop
     vertex  2.530946e+01  7.835058e+00  0.000000e+00
     vertex  2.673643e+01  5.310428e+00  0.000000e+00
     vertex  2.659188e+01  5.226085e+00  0.000000e+00
   endloop
 endfacet
 facet normal  0.000000e+00 -0.000000e+00 -1.000000e+00
   outer loop
     vertex  2.530946e+01  7.835058e+00  0.000000e+00
     vertex  2.659188e+01  5.226085e+00  0.000000e+00
     vertex  2.509618e+01  7.710617e+00  0.000000e+00
   endloop
 endfacet
 facet normal  0.000000e+00  0.000000e+00 -1.000000e+00
   outer loop
     vertex  3.766252e+01 -4.266371e+00  0.000000e+00
     vertex  3.502771e+01 -3.037913e+00  0.000000e+00
     vertex  3.510906e+01 -2.891652e+00  0.000000e+00
   endloop
 endfacet
 facet normal -0.000000e+00  0.000000e+00 -1.000000e+00
   outer loop
     vertex  3.766252e+01 -4.266371e+00  0.000000e+00
     vertex  3.754249e+01 -4.482167e+00  0.000000e+00
     vertex  3.502771e+01 -3.037913e+00  0.000000e+00
   endloop
 endfacet
 facet normal  0.000000e+00  0.000000e+00 -1.000000e+00
   outer loop
     vertex  2.552608e+01  7.953602e+00  0.000000e+00
     vertex  2.703221e+01  5.467063e+00  0.000000e+00
     vertex  2.688325e+01  5.390775e+00  0.000000e+00
   endloop
 endfacet
 facet normal  0.000000e+00  0.000000e+00 -1.000000e+00
   outer loop
     vertex  2.552608e+01  7.953602e+00  0.000000e+00
     vertex  2.688325e+01  5.390775e+00  0.000000e+00
     vertex  2.673643e+01  5.310428e+00  0.000000e+00
   endloop
 endfacet
 facet normal  0.000000e+00 -0.000000e+00 -1.000000e+00
   outer loop
     vertex  2.552608e+01  7.953602e+00  0.000000e+00
     vertex  2.673643e+01  5.310428e+00  0.000000e+00
     vertex  2.530946e+01  7.835058e+00  0.000000e+00
   endloop
 endfacet
 facet normal -0.000000e+00  0.000000e+00 -1.000000e+00
   outer loop
     vertex  3.777658e+01 -4.047364e+00  0.000000e+00
     vertex  3.766252e+01 -4.266371e+00  0.000000e+00
     vertex  3.510906e+01 -2.891652e+00  0.000000e+00
   endloop
 endfacet
 facet normal  0.000000e+00  0.000000e+00 -1.000000e+00
   outer loop
     vertex  3.777658e+01 -4.047364e+00  0.000000e+00
     vertex  3.510906e+01 -2.891652e+00  0.000000e+00
     vertex  3.518637e+01 -2.743213e+00  0.000000e+00
   endloop
 endfacet
 facet normal  0.000000e+00 -0.000000e+00 -1.000000e+00
   outer loop
     vertex  2.574586e+01  8.066158e+00  0.000000e+00
     vertex  2.703221e+01  5.467063e+00  0.000000e+00
     vertex  2.552608e+01  7.953602e+00  0.000000e+00
   endloop
 endfacet
 facet normal -0.000000e+00  0.000000e+00 -1.000000e+00
   outer loop
     vertex  3.788459e+01 -3.825309e+00  0.000000e+00
     vertex  3.777658e+01 -4.047364e+00  0.000000e+00
     vertex  3.518637e+01 -2.743213e+00  0.000000e+00
   endloop
 endfacet
 facet normal  0.000000e+00  0.000000e+00 -1.000000e+00
   outer loop
     vertex  3.788459e+01 -3.825309e+00  0.000000e+00
     vertex  3.518637e+01 -2.743213e+00  0.000000e+00
     vertex  3.525957e+01 -2.592710e+00  0.000000e+00
   endloop
 endfacet
 facet normal  0.000000e+00  0.000000e+00 -1.000000e+00
   outer loop
     vertex  2.596865e+01  8.172642e+00  0.000000e+00
     vertex  2.718322e+01  5.539235e+00  0.000000e+00
     vertex  2.703221e+01  5.467063e+00  0.000000e+00
   endloop
 endfacet
 facet normal  0.000000e+00 -0.000000e+00 -1.000000e+00
   outer loop
     vertex  2.596865e+01  8.172642e+00  0.000000e+00
     vertex  2.703221e+01  5.467063e+00  0.000000e+00
     vertex  2.574586e+01  8.066158e+00  0.000000e+00
   endloop
 endfacet
 facet normal  0.000000e+00  0.000000e+00 -1.000000e+00
   outer loop
     vertex  3.798646e+01 -3.600375e+00  0.000000e+00
     vertex  3.525957e+01 -2.592710e+00  0.000000e+00
     vertex  3.532862e+01 -2.440254e+00  0.000000e+00
   endloop
 endfacet
 facet normal -0.000000e+00  0.000000e+00 -1.000000e+00
   outer loop
     vertex  3.798646e+01 -3.600375e+00  0.000000e+00
     vertex  3.788459e+01 -3.825309e+00  0.000000e+00
     vertex  3.525957e+01 -2.592710e+00  0.000000e+00
   endloop
 endfacet
 facet normal  0.000000e+00 -0.000000e+00 -1.000000e+00
   outer loop
     vertex  2.619428e+01  8.272974e+00  0.000000e+00
     vertex  2.718322e+01  5.539235e+00  0.000000e+00
     vertex  2.596865e+01  8.172642e+00  0.000000e+00
   endloop
 endfacet
 facet normal  0.000000e+00  0.000000e+00 -1.000000e+00
   outer loop
     vertex  2.619428e+01  8.272974e+00  0.000000e+00
     vertex  2.733614e+01  5.607238e+00  0.000000e+00
     vertex  2.718322e+01  5.539235e+00  0.000000e+00
   endloop
 endfacet
 facet normal  0.000000e+00  0.000000e+00 -1.000000e+00
   outer loop
     vertex  3.808213e+01 -3.372731e+00  0.000000e+00
     vertex  3.532862e+01 -2.440254e+00  0.000000e+00
     vertex  3.539346e+01 -2.285962e+00  0.000000e+00
   endloop
 endfacet
 facet normal  0.000000e+00  0.000000e+00 -1.000000e+00
   outer loop
     vertex  3.808213e+01 -3.372731e+00  0.000000e+00
     vertex  3.539346e+01 -2.285962e+00  0.000000e+00
     vertex  3.545405e+01 -2.129949e+00  0.000000e+00
   endloop
 endfacet
 facet normal -0.000000e+00  0.000000e+00 -1.000000e+00
   outer loop
     vertex  3.808213e+01 -3.372731e+00  0.000000e+00
     vertex  3.798646e+01 -3.600375e+00  0.000000e+00
     vertex  3.532862e+01 -2.440254e+00  0.000000e+00
   endloop
 endfacet
 facet normal  0.000000e+00 -0.000000e+00 -1.000000e+00
   outer loop
     vertex  2.642257e+01  8.367079e+00  0.000000e+00
     vertex  2.733614e+01  5.607238e+00  0.000000e+00
     vertex  2.619428e+01  8.272974e+00  0.000000e+00
   endloop
 endfacet
 facet normal  0.000000e+00  0.000000e+00 -1.000000e+00
   outer loop
     vertex  2.642257e+01  8.367079e+00  0.000000e+00
     vertex  2.749088e+01  5.671020e+00  0.000000e+00
     vertex  2.733614e+01  5.607238e+00  0.000000e+00
   endloop
 endfacet
 facet normal -0.000000e+00  0.000000e+00 -1.000000e+00
   outer loop
     vertex  3.817152e+01 -3.142548e+00  0.000000e+00
     vertex  3.808213e+01 -3.372731e+00  0.000000e+00
     vertex  3.545405e+01 -2.129949e+00  0.000000e+00
   endloop
 endfacet
 facet normal  0.000000e+00 -0.000000e+00 -1.000000e+00
   outer loop
     vertex  2.665337e+01  8.454885e+00  0.000000e+00
     vertex  2.749088e+01  5.671020e+00  0.000000e+00
     vertex  2.642257e+01  8.367079e+00  0.000000e+00
   endloop
 endfacet
 facet normal  0.000000e+00  0.000000e+00 -1.000000e+00
   outer loop
     vertex  2.665337e+01  8.454885e+00  0.000000e+00
     vertex  2.764730e+01  5.730533e+00  0.000000e+00
     vertex  2.749088e+01  5.671020e+00  0.000000e+00
   endloop
 endfacet
 facet normal  0.000000e+00  0.000000e+00 -1.000000e+00
   outer loop
     vertex  3.825456e+01 -2.910000e+00  0.000000e+00
     vertex  3.545405e+01 -2.129949e+00  0.000000e+00
     vertex  3.551033e+01 -1.972333e+00  0.000000e+00
   endloop
 endfacet
 facet normal -0.000000e+00  0.000000e+00 -1.000000e+00
   outer loop
     vertex  3.825456e+01 -2.910000e+00  0.000000e+00
     vertex  3.817152e+01 -3.142548e+00  0.000000e+00
     vertex  3.545405e+01 -2.129949e+00  0.000000e+00
   endloop
 endfacet
 facet normal  0.000000e+00 -0.000000e+00 -1.000000e+00
   outer loop
     vertex  2.688648e+01  8.536327e+00  0.000000e+00
     vertex  2.764730e+01  5.730533e+00  0.000000e+00
     vertex  2.665337e+01  8.454885e+00  0.000000e+00
   endloop
 endfacet
 facet normal  0.000000e+00  0.000000e+00 -1.000000e+00
   outer loop
     vertex  2.688648e+01  8.536327e+00  0.000000e+00
     vertex  2.780530e+01  5.785732e+00  0.000000e+00
     vertex  2.764730e+01  5.730533e+00  0.000000e+00
   endloop
 endfacet
 facet normal  0.000000e+00  0.000000e+00 -1.000000e+00
   outer loop
     vertex  3.833119e+01 -2.675261e+00  0.000000e+00
     vertex  3.551033e+01 -1.972333e+00  0.000000e+00
     vertex  3.556227e+01 -1.813232e+00  0.000000e+00
   endloop
 endfacet
 facet normal -0.000000e+00  0.000000e+00 -1.000000e+00
   outer loop
     vertex  3.833119e+01 -2.675261e+00  0.000000e+00
     vertex  3.825456e+01 -2.910000e+00  0.000000e+00
     vertex  3.551033e+01 -1.972333e+00  0.000000e+00
   endloop
 endfacet
 facet normal  0.000000e+00 -0.000000e+00 -1.000000e+00
   outer loop
     vertex  2.712174e+01  8.611342e+00  0.000000e+00
     vertex  2.780530e+01  5.785732e+00  0.000000e+00
     vertex  2.688648e+01  8.536327e+00  0.000000e+00
   endloop
 endfacet
 facet normal  0.000000e+00  0.000000e+00 -1.000000e+00
   outer loop
     vertex  2.712174e+01  8.611342e+00  0.000000e+00
     vertex  2.812554e+01  5.883027e+00  0.000000e+00
     vertex  2.796475e+01  5.836576e+00  0.000000e+00
   endloop
 endfacet
 facet normal  0.000000e+00  0.000000e+00 -1.000000e+00
   outer loop
     vertex  2.712174e+01  8.611342e+00  0.000000e+00
     vertex  2.796475e+01  5.836576e+00  0.000000e+00
     vertex  2.780530e+01  5.785732e+00  0.000000e+00
   endloop
 endfacet
 facet normal  0.000000e+00  0.000000e+00 -1.000000e+00
   outer loop
     vertex  3.840134e+01 -2.438507e+00  0.000000e+00
     vertex  3.556227e+01 -1.813232e+00  0.000000e+00
     vertex  3.560982e+01 -1.652766e+00  0.000000e+00
   endloop
 endfacet
 facet normal  0.000000e+00  0.000000e+00 -1.000000e+00
   outer loop
     vertex  3.840134e+01 -2.438507e+00  0.000000e+00
     vertex  3.560982e+01 -1.652766e+00  0.000000e+00
     vertex  3.565295e+01 -1.491056e+00  0.000000e+00
   endloop
 endfacet
 facet normal -0.000000e+00  0.000000e+00 -1.000000e+00
   outer loop
     vertex  3.840134e+01 -2.438507e+00  0.000000e+00
     vertex  3.833119e+01 -2.675261e+00  0.000000e+00
     vertex  3.556227e+01 -1.813232e+00  0.000000e+00
   endloop
 endfacet
 facet normal  0.000000e+00 -0.000000e+00 -1.000000e+00
   outer loop
     vertex  2.735897e+01  8.679875e+00  0.000000e+00
     vertex  2.812554e+01  5.883027e+00  0.000000e+00
     vertex  2.712174e+01  8.611342e+00  0.000000e+00
   endloop
 endfacet
 facet normal -0.000000e+00  0.000000e+00 -1.000000e+00
   outer loop
     vertex  3.846498e+01 -2.199919e+00  0.000000e+00
     vertex  3.840134e+01 -2.438507e+00  0.000000e+00
     vertex  3.565295e+01 -1.491056e+00  0.000000e+00
   endloop
 endfacet
 facet normal  0.000000e+00 -0.000000e+00 -1.000000e+00
   outer loop
     vertex  2.759799e+01  8.741875e+00  0.000000e+00
     vertex  2.812554e+01  5.883027e+00  0.000000e+00
     vertex  2.735897e+01  8.679875e+00  0.000000e+00
   endloop
 endfacet
 facet normal  0.000000e+00  0.000000e+00 -1.000000e+00
   outer loop
     vertex  2.759799e+01  8.741875e+00  0.000000e+00
     vertex  2.828754e+01  5.925048e+00  0.000000e+00
     vertex  2.812554e+01  5.883027e+00  0.000000e+00
   endloop
 endfacet
 facet normal  0.000000e+00  0.000000e+00 -1.000000e+00
   outer loop
     vertex  3.852205e+01 -1.959674e+00  0.000000e+00
     vertex  3.565295e+01 -1.491056e+00  0.000000e+00
     vertex  3.569163e+01 -1.328224e+00  0.000000e+00
   endloop
 endfacet
 facet normal -0.000000e+00  0.000000e+00 -1.000000e+00
   outer loop
     vertex  3.852205e+01 -1.959674e+00  0.000000e+00
     vertex  3.846498e+01 -2.199919e+00  0.000000e+00
     vertex  3.565295e+01 -1.491056e+00  0.000000e+00
   endloop
 endfacet
 facet normal  0.000000e+00 -0.000000e+00 -1.000000e+00
   outer loop
     vertex  2.783862e+01  8.797294e+00  0.000000e+00
     vertex  2.828754e+01  5.925048e+00  0.000000e+00
     vertex  2.759799e+01  8.741875e+00  0.000000e+00
   endloop
 endfacet
 facet normal  0.000000e+00  0.000000e+00 -1.000000e+00
   outer loop
     vertex  2.783862e+01  8.797294e+00  0.000000e+00
     vertex  2.861470e+01  5.995683e+00  0.000000e+00
     vertex  2.845064e+01  5.962610e+00  0.000000e+00
   endloop
 endfacet
 facet normal  0.000000e+00  0.000000e+00 -1.000000e+00
   outer loop
     vertex  2.783862e+01  8.797294e+00  0.000000e+00
     vertex  2.845064e+01  5.962610e+00  0.000000e+00
     vertex  2.828754e+01  5.925048e+00  0.000000e+00
   endloop
 endfacet
 facet normal  0.000000e+00  0.000000e+00 -1.000000e+00
   outer loop
     vertex  3.857251e+01 -1.717954e+00  0.000000e+00
     vertex  3.569163e+01 -1.328224e+00  0.000000e+00
     vertex  3.572583e+01 -1.164391e+00  0.000000e+00
   endloop
 endfacet
 facet normal -0.000000e+00  0.000000e+00 -1.000000e+00
   outer loop
     vertex  3.857251e+01 -1.717954e+00  0.000000e+00
     vertex  3.852205e+01 -1.959674e+00  0.000000e+00
     vertex  3.569163e+01 -1.328224e+00  0.000000e+00
   endloop
 endfacet
 facet normal  0.000000e+00 -0.000000e+00 -1.000000e+00
   outer loop
     vertex  2.808068e+01  8.846090e+00  0.000000e+00
     vertex  2.861470e+01  5.995683e+00  0.000000e+00
     vertex  2.783862e+01  8.797294e+00  0.000000e+00
   endloop
 endfacet
 facet normal  0.000000e+00  0.000000e+00 -1.000000e+00
   outer loop
     vertex  2.808068e+01  8.846090e+00  0.000000e+00
     vertex  2.877961e+01  6.024243e+00  0.000000e+00
     vertex  2.861470e+01  5.995683e+00  0.000000e+00
   endloop
 endfacet
 facet normal -0.000000e+00  0.000000e+00 -1.000000e+00
   outer loop
     vertex  3.861631e+01 -1.474941e+00  0.000000e+00
     vertex  3.857251e+01 -1.717954e+00  0.000000e+00
     vertex  3.572583e+01 -1.164391e+00  0.000000e+00
   endloop
 endfacet
 facet normal  0.000000e+00  0.000000e+00 -1.000000e+00
   outer loop
     vertex  3.861631e+01 -1.474941e+00  0.000000e+00
     vertex  3.572583e+01 -1.164391e+00  0.000000e+00
     vertex  3.575552e+01 -9.996824e-01  0.000000e+00
   endloop
 endfacet
 facet normal  0.000000e+00  0.000000e+00 -1.000000e+00
   outer loop
     vertex  3.861631e+01 -1.474941e+00  0.000000e+00
     vertex  3.575552e+01 -9.996824e-01  0.000000e+00
     vertex  3.578068e+01 -8.342210e-01  0.000000e+00
   endloop
 endfacet
 facet normal  0.000000e+00 -0.000000e+00 -1.000000e+00
   outer loop
     vertex  2.832398e+01  8.888227e+00  0.000000e+00
     vertex  2.877961e+01  6.024243e+00  0.000000e+00
     vertex  2.808068e+01  8.846090e+00  0.000000e+00
   endloop
 endfacet
 facet normal -0.000000e+00  0.000000e+00 -1.000000e+00
   outer loop
     vertex  3.865343e+01 -1.230818e+00  0.000000e+00
     vertex  3.861631e+01 -1.474941e+00  0.000000e+00
     vertex  3.578068e+01 -8.342210e-01  0.000000e+00
   endloop
 endfacet
 facet normal  0.000000e+00 -0.000000e+00 -1.000000e+00
   outer loop
     vertex  2.856836e+01  8.923674e+00  0.000000e+00
     vertex  2.877961e+01  6.024243e+00  0.000000e+00
     vertex  2.832398e+01  8.888227e+00  0.000000e+00
   endloop
 endfacet
 facet normal  0.000000e+00  0.000000e+00 -1.000000e+00
   outer loop
     vertex  2.856836e+01  8.923674e+00  0.000000e+00
     vertex  2.894524e+01  6.048268e+00  0.000000e+00
     vertex  2.877961e+01  6.024243e+00  0.000000e+00
   endloop
 endfacet
 facet normal -0.000000e+00  0.000000e+00 -1.000000e+00
   outer loop
     vertex  3.868384e+01 -9.857679e-01  0.000000e+00
     vertex  3.865343e+01 -1.230818e+00  0.000000e+00
     vertex  3.578068e+01 -8.342210e-01  0.000000e+00
   endloop
 endfacet
 facet normal  0.000000e+00  0.000000e+00 -1.000000e+00
   outer loop
     vertex  3.868384e+01 -9.857679e-01  0.000000e+00
     vertex  3.578068e+01 -8.342210e-01  0.000000e+00
     vertex  3.580129e+01 -6.681316e-01  0.000000e+00
   endloop
 endfacet
 facet normal  0.000000e+00 -0.000000e+00 -1.000000e+00
   outer loop
     vertex  2.881361e+01  8.952403e+00  0.000000e+00
     vertex  2.894524e+01  6.048268e+00  0.000000e+00
     vertex  2.856836e+01  8.923674e+00  0.000000e+00
   endloop
 endfacet
 facet normal  0.000000e+00  0.000000e+00 -1.000000e+00
   outer loop
     vertex  2.881361e+01  8.952403e+00  0.000000e+00
     vertex  2.927816e+01  6.082644e+00  0.000000e+00
     vertex  2.911147e+01  6.067740e+00  0.000000e+00
   endloop
 endfacet
 facet normal  0.000000e+00  0.000000e+00 -1.000000e+00
   outer loop
     vertex  2.881361e+01  8.952403e+00  0.000000e+00
     vertex  2.911147e+01  6.067740e+00  0.000000e+00
     vertex  2.894524e+01  6.048268e+00  0.000000e+00
   endloop
 endfacet
 facet normal  0.000000e+00  0.000000e+00 -1.000000e+00
   outer loop
     vertex  3.870752e+01 -7.399760e-01  0.000000e+00
     vertex  3.580129e+01 -6.681316e-01  0.000000e+00
     vertex  3.581734e+01 -5.015393e-01  0.000000e+00
   endloop
 endfacet
 facet normal  0.000000e+00  0.000000e+00 -1.000000e+00
   outer loop
     vertex  3.870752e+01 -7.399760e-01  0.000000e+00
     vertex  3.581734e+01 -5.015393e-01  0.000000e+00
     vertex  3.582881e+01 -3.345694e-01  0.000000e+00
   endloop
 endfacet
 facet normal -0.000000e+00  0.000000e+00 -1.000000e+00
   outer loop
     vertex  3.870752e+01 -7.399760e-01  0.000000e+00
     vertex  3.868384e+01 -9.857679e-01  0.000000e+00
     vertex  3.580129e+01 -6.681316e-01  0.000000e+00
   endloop
 endfacet
 facet normal  0.000000e+00 -0.000000e+00 -1.000000e+00
   outer loop
     vertex  2.905956e+01  8.974393e+00  0.000000e+00
     vertex  2.927816e+01  6.082644e+00  0.000000e+00
     vertex  2.881361e+01  8.952403e+00  0.000000e+00
   endloop
 endfacet
 facet normal  0.000000e+00  0.000000e+00 -1.000000e+00
   outer loop
     vertex  2.905956e+01  8.974393e+00  0.000000e+00
     vertex  2.944521e+01  6.092970e+00  0.000000e+00
     vertex  2.927816e+01  6.082644e+00  0.000000e+00
   endloop
 endfacet
 facet normal -0.000000e+00  0.000000e+00 -1.000000e+00
   outer loop
     vertex  3.872444e+01 -4.936270e-01  0.000000e+00
     vertex  3.870752e+01 -7.399760e-01  0.000000e+00
     vertex  3.582881e+01 -3.345694e-01  0.000000e+00
   endloop
 endfacet
 facet normal  0.000000e+00 -0.000000e+00 -1.000000e+00
   outer loop
     vertex  2.930602e+01  8.989627e+00  0.000000e+00
     vertex  2.944521e+01  6.092970e+00  0.000000e+00
     vertex  2.905956e+01  8.974393e+00  0.000000e+00
   endloop
 endfacet
 facet normal  0.000000e+00  0.000000e+00 -1.000000e+00
   outer loop
     vertex  2.930602e+01  8.989627e+00  0.000000e+00
     vertex  2.961247e+01  6.098708e+00  0.000000e+00
     vertex  2.944521e+01  6.092970e+00  0.000000e+00
   endloop
 endfacet
 facet normal  0.000000e+00  0.000000e+00 -1.000000e+00
   outer loop
     vertex  3.873460e+01 -2.469064e-01  0.000000e+00
     vertex  3.872444e+01 -4.936270e-01  0.000000e+00
     vertex  3.582881e+01 -3.345694e-01  0.000000e+00
   endloop
 endfacet
 facet normal -0.000000e+00  0.000000e+00 -1.000000e+00
   outer loop
     vertex  3.873460e+01 -2.469064e-01  0.000000e+00
     vertex  3.582881e+01 -3.345694e-01  0.000000e+00
     vertex  3.583570e+01 -1.673477e-01  0.000000e+00
   endloop
 endfacet
 facet normal  0.000000e+00  0.000000e+00 -1.000000e+00
   outer loop
     vertex  3.873460e+01 -2.469064e-01  0.000000e+00
     vertex  3.583570e+01 -1.673477e-01  0.000000e+00
     vertex  3.583799e+01  0.000000e+00  0.000000e+00
   endloop
 endfacet
 facet normal  0.000000e+00 -0.000000e+00 -1.000000e+00
   outer loop
     vertex  2.955280e+01  8.998095e+00  0.000000e+00
     vertex  2.961247e+01  6.098708e+00  0.000000e+00
     vertex  2.930602e+01  8.989627e+00  0.000000e+00
   endloop
 endfacet
 facet normal -0.000000e+00  0.000000e+00 -1.000000e+00
   outer loop
     vertex  3.873799e+01  0.000000e+00  0.000000e+00
     vertex  3.873460e+01 -2.469064e-01  0.000000e+00
     vertex  3.583799e+01  0.000000e+00  0.000000e+00
   endloop
 endfacet
 facet normal  0.000000e+00  0.000000e+00 -1.000000e+00
   outer loop
     vertex  3.873799e+01  0.000000e+00  0.000000e+00
     vertex  3.583799e+01  0.000000e+00  0.000000e+00
     vertex  3.583570e+01  1.673477e-01  0.000000e+00
   endloop
 endfacet
 facet normal  0.000000e+00 -0.000000e+00 -1.000000e+00
   outer loop
     vertex  2.979973e+01  8.999788e+00  0.000000e+00
     vertex  2.994716e+01  6.096413e+00  0.000000e+00
     vertex  2.977983e+01  6.099856e+00  0.000000e+00
   endloop
 endfacet
 facet normal  0.000000e+00  0.000000e+00 -1.000000e+00
   outer loop
     vertex  2.979973e+01  8.999788e+00  0.000000e+00
     vertex  2.977983e+01  6.099856e+00  0.000000e+00
     vertex  2.961247e+01  6.098708e+00  0.000000e+00
   endloop
 endfacet
 facet normal  0.000000e+00  0.000000e+00 -1.000000e+00
   outer loop
     vertex  2.979973e+01  8.999788e+00  0.000000e+00
     vertex  2.961247e+01  6.098708e+00  0.000000e+00
     vertex  2.955280e+01  8.998095e+00  0.000000e+00
   endloop
 endfacet
 facet normal  0.000000e+00 -0.000000e+00 -1.000000e+00
   outer loop
     vertex  3.873460e+01  2.469064e-01  0.000000e+00
     vertex  3.873799e+01  0.000000e+00  0.000000e+00
     vertex  3.583570e+01  1.673477e-01  0.000000e+00
   endloop
 endfacet
 facet normal -0.000000e+00  0.000000e+00 -1.000000e+00
   outer loop
     vertex  3.004660e+01  8.994707e+00  0.000000e+00
     vertex  2.994716e+01  6.096413e+00  0.000000e+00
     vertex  2.979973e+01  8.999788e+00  0.000000e+00
   endloop
 endfacet
 facet normal  0.000000e+00  0.000000e+00 -1.000000e+00
   outer loop
     vertex  3.872444e+01  4.936270e-01  0.000000e+00
     vertex  3.583570e+01  1.673477e-01  0.000000e+00
     vertex  3.582881e+01  3.345694e-01  0.000000e+00
   endloop
 endfacet
 facet normal -0.000000e+00  0.000000e+00 -1.000000e+00
   outer loop
     vertex  3.872444e+01  4.936270e-01  0.000000e+00
     vertex  3.582881e+01  3.345694e-01  0.000000e+00
     vertex  3.581734e+01  5.015393e-01  0.000000e+00
   endloop
 endfacet
 facet normal  0.000000e+00 -0.000000e+00 -1.000000e+00
   outer loop
     vertex  3.872444e+01  4.936270e-01  0.000000e+00
     vertex  3.873460e+01  2.469064e-01  0.000000e+00
     vertex  3.583570e+01  1.673477e-01  0.000000e+00
   endloop
 endfacet
 facet normal -0.000000e+00  0.000000e+00 -1.000000e+00
   outer loop
     vertex  3.029325e+01  8.982855e+00  0.000000e+00
     vertex  2.994716e+01  6.096413e+00  0.000000e+00
     vertex  3.004660e+01  8.994707e+00  0.000000e+00
   endloop
 endfacet
 facet normal  0.000000e+00  0.000000e+00 -1.000000e+00
   outer loop
     vertex  3.029325e+01  8.982855e+00  0.000000e+00
     vertex  3.011433e+01  6.088380e+00  0.000000e+00
     vertex  2.994716e+01  6.096413e+00  0.000000e+00
   endloop
 endfacet
 facet normal  0.000000e+00 -0.000000e+00 -1.000000e+00
   outer loop
     vertex  3.870752e+01  7.399760e-01  0.000000e+00
     vertex  3.872444e+01  4.936270e-01  0.000000e+00
     vertex  3.581734e+01  5.015393e-01  0.000000e+00
   endloop
 endfacet
 facet normal -0.000000e+00  0.000000e+00 -1.000000e+00
   outer loop
     vertex  3.053947e+01  8.964241e+00  0.000000e+00
     vertex  3.011433e+01  6.088380e+00  0.000000e+00
     vertex  3.029325e+01  8.982855e+00  0.000000e+00
   endloop
 endfacet
 facet normal  0.000000e+00  0.000000e+00 -1.000000e+00
   outer loop
     vertex  3.053947e+01  8.964241e+00  0.000000e+00
     vertex  3.028122e+01  6.075764e+00  0.000000e+00
     vertex  3.011433e+01  6.088380e+00  0.000000e+00
   endloop
 endfacet
 facet normal  0.000000e+00  0.000000e+00 -1.000000e+00
   outer loop
     vertex  3.868384e+01  9.857679e-01  0.000000e+00
     vertex  3.581734e+01  5.015393e-01  0.000000e+00
     vertex  3.580129e+01  6.681316e-01  0.000000e+00
   endloop
 endfacet
 facet normal  0.000000e+00  0.000000e+00 -1.000000e+00
   outer loop
     vertex  3.868384e+01  9.857679e-01  0.000000e+00
     vertex  3.580129e+01  6.681316e-01  0.000000e+00
     vertex  3.578068e+01  8.342210e-01  0.000000e+00
   endloop
 endfacet
 facet normal  0.000000e+00 -0.000000e+00 -1.000000e+00
   outer loop
     vertex  3.868384e+01  9.857679e-01  0.000000e+00
     vertex  3.870752e+01  7.399760e-01  0.000000e+00
     vertex  3.581734e+01  5.015393e-01  0.000000e+00
   endloop
 endfacet
 facet normal -0.000000e+00  0.000000e+00 -1.000000e+00
   outer loop
     vertex  3.078510e+01  8.938879e+00  0.000000e+00
     vertex  3.028122e+01  6.075764e+00  0.000000e+00
     vertex  3.053947e+01  8.964241e+00  0.000000e+00
   endloop
 endfacet
 facet normal  0.000000e+00  0.000000e+00 -1.000000e+00
   outer loop
     vertex  3.078510e+01  8.938879e+00  0.000000e+00
     vertex  3.044770e+01  6.058574e+00  0.000000e+00
     vertex  3.028122e+01  6.075764e+00  0.000000e+00
   endloop
 endfacet
 facet normal  0.000000e+00 -0.000000e+00 -1.000000e+00
   outer loop
     vertex  3.865343e+01  1.230818e+00  0.000000e+00
     vertex  3.868384e+01  9.857679e-01  0.000000e+00
     vertex  3.578068e+01  8.342210e-01  0.000000e+00
   endloop
 endfacet
 facet normal -0.000000e+00  0.000000e+00 -1.000000e+00
   outer loop
     vertex  3.102993e+01  8.906789e+00  0.000000e+00
     vertex  3.044770e+01  6.058574e+00  0.000000e+00
     vertex  3.078510e+01  8.938879e+00  0.000000e+00
   endloop
 endfacet
 facet normal  0.000000e+00  0.000000e+00 -1.000000e+00
   outer loop
     vertex  3.102993e+01  8.906789e+00  0.000000e+00
     vertex  3.061364e+01  6.036823e+00  0.000000e+00
     vertex  3.044770e+01  6.058574e+00  0.000000e+00
   endloop
 endfacet
 facet normal  0.000000e+00  0.000000e+00 -1.000000e+00
   outer loop
     vertex  3.861631e+01  1.474941e+00  0.000000e+00
     vertex  3.578068e+01  8.342210e-01  0.000000e+00
     vertex  3.575552e+01  9.996824e-01  0.000000e+00
   endloop
 endfacet
 facet normal  0.000000e+00 -0.000000e+00 -1.000000e+00
   outer loop
     vertex  3.861631e+01  1.474941e+00  0.000000e+00
     vertex  3.865343e+01  1.230818e+00  0.000000e+00
     vertex  3.578068e+01  8.342210e-01  0.000000e+00
   endloop
 endfacet
 facet normal -0.000000e+00  0.000000e+00 -1.000000e+00
   outer loop
     vertex  3.127380e+01  8.867993e+00  0.000000e+00
     vertex  3.061364e+01  6.036823e+00  0.000000e+00
     vertex  3.102993e+01  8.906789e+00  0.000000e+00
   endloop
 endfacet
 facet normal  0.000000e+00  0.000000e+00 -1.000000e+00
   outer loop
     vertex  3.127380e+01  8.867993e+00  0.000000e+00
     vertex  3.077893e+01  6.010529e+00  0.000000e+00
     vertex  3.061364e+01  6.036823e+00  0.000000e+00
   endloop
 endfacet
 facet normal  0.000000e+00  0.000000e+00 -1.000000e+00
   outer loop
     vertex  3.857251e+01  1.717954e+00  0.000000e+00
     vertex  3.575552e+01  9.996824e-01  0.000000e+00
     vertex  3.572583e+01  1.164391e+00  0.000000e+00
   endloop
 endfacet
 facet normal  0.000000e+00 -0.000000e+00 -1.000000e+00
   outer loop
     vertex  3.857251e+01  1.717954e+00  0.000000e+00
     vertex  3.861631e+01  1.474941e+00  0.000000e+00
     vertex  3.575552e+01  9.996824e-01  0.000000e+00
   endloop
 endfacet
 facet normal  0.000000e+00  0.000000e+00 -1.000000e+00
   outer loop
     vertex  3.151650e+01  8.822522e+00  0.000000e+00
     vertex  3.094343e+01  5.979709e+00  0.000000e+00
     vertex  3.077893e+01  6.010529e+00  0.000000e+00
   endloop
 endfacet
 facet normal -0.000000e+00  0.000000e+00 -1.000000e+00
   outer loop
     vertex  3.151650e+01  8.822522e+00  0.000000e+00
     vertex  3.077893e+01  6.010529e+00  0.000000e+00
     vertex  3.127380e+01  8.867993e+00  0.000000e+00
   endloop
 endfacet
 facet normal  0.000000e+00  0.000000e+00 -1.000000e+00
   outer loop
     vertex  3.852205e+01  1.959674e+00  0.000000e+00
     vertex  3.572583e+01  1.164391e+00  0.000000e+00
     vertex  3.569163e+01  1.328224e+00  0.000000e+00
   endloop
 endfacet
 facet normal  0.000000e+00 -0.000000e+00 -1.000000e+00
   outer loop
     vertex  3.852205e+01  1.959674e+00  0.000000e+00
     vertex  3.857251e+01  1.717954e+00  0.000000e+00
     vertex  3.572583e+01  1.164391e+00  0.000000e+00
   endloop
 endfacet
 facet normal  0.000000e+00  0.000000e+00 -1.000000e+00
   outer loop
     vertex  3.175787e+01  8.770409e+00  0.000000e+00
     vertex  3.110702e+01  5.944389e+00  0.000000e+00
     vertex  3.094343e+01  5.979709e+00  0.000000e+00
   endloop
 endfacet
 facet normal -0.000000e+00  0.000000e+00 -1.000000e+00
   outer loop
     vertex  3.175787e+01  8.770409e+00  0.000000e+00
     vertex  3.094343e+01  5.979709e+00  0.000000e+00
     vertex  3.151650e+01  8.822522e+00  0.000000e+00
   endloop
 endfacet
 facet normal  0.000000e+00 -0.000000e+00 -1.000000e+00
   outer loop
     vertex  3.846498e+01  2.199919e+00  0.000000e+00
     vertex  3.852205e+01  1.959674e+00  0.000000e+00
     vertex  3.569163e+01  1.328224e+00  0.000000e+00
   endloop
 endfacet
 facet normal  0.000000e+00  0.000000e+00 -1.000000e+00
   outer loop
     vertex  3.846498e+01  2.199919e+00  0.000000e+00
     vertex  3.569163e+01  1.328224e+00  0.000000e+00
     vertex  3.565295e+01  1.491056e+00  0.000000e+00
   endloop
 endfacet
 facet normal  0.000000e+00  0.000000e+00 -1.000000e+00
   outer loop
     vertex  3.846498e+01  2.199919e+00  0.000000e+00
     vertex  3.565295e+01  1.491056e+00  0.000000e+00
     vertex  3.560982e+01  1.652766e+00  0.000000e+00
   endloop
 endfacet
 facet normal -0.000000e+00  0.000000e+00 -1.000000e+00
   outer loop
     vertex  3.199772e+01  8.711695e+00  0.000000e+00
     vertex  3.110702e+01  5.944389e+00  0.000000e+00
     vertex  3.175787e+01  8.770409e+00  0.000000e+00
   endloop
 endfacet
 facet normal  0.000000e+00  0.000000e+00 -1.000000e+00
   outer loop
     vertex  3.199772e+01  8.711695e+00  0.000000e+00
     vertex  3.126958e+01  5.904593e+00  0.000000e+00
     vertex  3.110702e+01  5.944389e+00  0.000000e+00
   endloop
 endfacet
 facet normal  0.000000e+00 -0.000000e+00 -1.000000e+00
   outer loop
     vertex  3.840134e+01  2.438507e+00  0.000000e+00
     vertex  3.846498e+01  2.199919e+00  0.000000e+00
     vertex  3.560982e+01  1.652766e+00  0.000000e+00
   endloop
 endfacet
 facet normal  0.000000e+00  0.000000e+00 -1.000000e+00
   outer loop
     vertex  3.223587e+01  8.646422e+00  0.000000e+00
     vertex  3.159113e+01  5.811701e+00  0.000000e+00
     vertex  3.143100e+01  5.860353e+00  0.000000e+00
   endloop
 endfacet
 facet normal  0.000000e+00  0.000000e+00 -1.000000e+00
   outer loop
     vertex  3.223587e+01  8.646422e+00  0.000000e+00
     vertex  3.143100e+01  5.860353e+00  0.000000e+00
     vertex  3.126958e+01  5.904593e+00  0.000000e+00
   endloop
 endfacet
 facet normal -0.000000e+00  0.000000e+00 -1.000000e+00
   outer loop
     vertex  3.223587e+01  8.646422e+00  0.000000e+00
     vertex  3.126958e+01  5.904593e+00  0.000000e+00
     vertex  3.199772e+01  8.711695e+00  0.000000e+00
   endloop
 endfacet
 facet normal  0.000000e+00  0.000000e+00 -1.000000e+00
   outer loop
     vertex  3.833119e+01  2.675261e+00  0.000000e+00
     vertex  3.560982e+01  1.652766e+00  0.000000e+00
     vertex  3.556227e+01  1.813232e+00  0.000000e+00
   endloop
 endfacet
 facet normal  0.000000e+00 -0.000000e+00 -1.000000e+00
   outer loop
     vertex  3.833119e+01  2.675261e+00  0.000000e+00
     vertex  3.840134e+01  2.438507e+00  0.000000e+00
     vertex  3.560982e+01  1.652766e+00  0.000000e+00
   endloop
 endfacet
 facet normal -0.000000e+00  0.000000e+00 -1.000000e+00
   outer loop
     vertex  3.247213e+01  8.574641e+00  0.000000e+00
     vertex  3.159113e+01  5.811701e+00  0.000000e+00
     vertex  3.223587e+01  8.646422e+00  0.000000e+00
   endloop
 endfacet
 facet normal  0.000000e+00  0.000000e+00 -1.000000e+00
   outer loop
     vertex  3.825456e+01  2.910000e+00  0.000000e+00
     vertex  3.556227e+01  1.813232e+00  0.000000e+00
     vertex  3.551033e+01  1.972333e+00  0.000000e+00
   endloop
 endfacet
 facet normal  0.000000e+00  0.000000e+00 -1.000000e+00
   outer loop
     vertex  3.825456e+01  2.910000e+00  0.000000e+00
     vertex  3.551033e+01  1.972333e+00  0.000000e+00
     vertex  3.545405e+01  2.129949e+00  0.000000e+00
   endloop
 endfacet
 facet normal  0.000000e+00 -0.000000e+00 -1.000000e+00
   outer loop
     vertex  3.825456e+01  2.910000e+00  0.000000e+00
     vertex  3.833119e+01  2.675261e+00  0.000000e+00
     vertex  3.556227e+01  1.813232e+00  0.000000e+00
   endloop
 endfacet
 facet normal -0.000000e+00  0.000000e+00 -1.000000e+00
   outer loop
     vertex  3.270634e+01  8.496405e+00  0.000000e+00
     vertex  3.159113e+01  5.811701e+00  0.000000e+00
     vertex  3.247213e+01  8.574641e+00  0.000000e+00
   endloop
 endfacet
 facet normal  0.000000e+00  0.000000e+00 -1.000000e+00
   outer loop
     vertex  3.270634e+01  8.496405e+00  0.000000e+00
     vertex  3.174987e+01  5.758675e+00  0.000000e+00
     vertex  3.159113e+01  5.811701e+00  0.000000e+00
   endloop
 endfacet
 facet normal  0.000000e+00 -0.000000e+00 -1.000000e+00
   outer loop
     vertex  3.817152e+01  3.142548e+00  0.000000e+00
     vertex  3.825456e+01  2.910000e+00  0.000000e+00
     vertex  3.545405e+01  2.129949e+00  0.000000e+00
   endloop
 endfacet
 facet normal -0.000000e+00  0.000000e+00 -1.000000e+00
   outer loop
     vertex  3.293831e+01  8.411774e+00  0.000000e+00
     vertex  3.174987e+01  5.758675e+00  0.000000e+00
     vertex  3.270634e+01  8.496405e+00  0.000000e+00
   endloop
 endfacet
 facet normal  0.000000e+00  0.000000e+00 -1.000000e+00
   outer loop
     vertex  3.293831e+01  8.411774e+00  0.000000e+00
     vertex  3.190710e+01  5.701313e+00  0.000000e+00
     vertex  3.174987e+01  5.758675e+00  0.000000e+00
   endloop
 endfacet
 facet normal  0.000000e+00  0.000000e+00 -1.000000e+00
   outer loop
     vertex  3.808213e+01  3.372731e+00  0.000000e+00
     vertex  3.545405e+01  2.129949e+00  0.000000e+00
     vertex  3.539346e+01  2.285962e+00  0.000000e+00
   endloop
 endfacet
 facet normal  0.000000e+00  0.000000e+00 -1.000000e+00
   outer loop
     vertex  3.808213e+01  3.372731e+00  0.000000e+00
     vertex  3.539346e+01  2.285962e+00  0.000000e+00
     vertex  3.532862e+01  2.440254e+00  0.000000e+00
   endloop
 endfacet
 facet normal  0.000000e+00 -0.000000e+00 -1.000000e+00
   outer loop
     vertex  3.808213e+01  3.372731e+00  0.000000e+00
     vertex  3.817152e+01  3.142548e+00  0.000000e+00
     vertex  3.545405e+01  2.129949e+00  0.000000e+00
   endloop
 endfacet
 facet normal -0.000000e+00  0.000000e+00 -1.000000e+00
   outer loop
     vertex  3.316788e+01  8.320810e+00  0.000000e+00
     vertex  3.190710e+01  5.701313e+00  0.000000e+00
     vertex  3.293831e+01  8.411774e+00  0.000000e+00
   endloop
 endfacet
 facet normal  0.000000e+00  0.000000e+00 -1.000000e+00
   outer loop
     vertex  3.316788e+01  8.320810e+00  0.000000e+00
     vertex  3.221654e+01  5.573761e+00  0.000000e+00
     vertex  3.206269e+01  5.639660e+00  0.000000e+00
   endloop
 endfacet
 facet normal  0.000000e+00  0.000000e+00 -1.000000e+00
   outer loop
     vertex  3.316788e+01  8.320810e+00  0.000000e+00
     vertex  3.206269e+01  5.639660e+00  0.000000e+00
     vertex  3.190710e+01  5.701313e+00  0.000000e+00
   endloop
 endfacet
 facet normal  0.000000e+00 -0.000000e+00 -1.000000e+00
   outer loop
     vertex  3.798646e+01  3.600375e+00  0.000000e+00
     vertex  3.808213e+01  3.372731e+00  0.000000e+00
     vertex  3.532862e+01  2.440254e+00  0.000000e+00
   endloop
 endfacet
 facet normal -0.000000e+00  0.000000e+00 -1.000000e+00
   outer loop
     vertex  3.339486e+01  8.223582e+00  0.000000e+00
     vertex  3.221654e+01  5.573761e+00  0.000000e+00
     vertex  3.316788e+01  8.320810e+00  0.000000e+00
   endloop
 endfacet
 facet normal  0.000000e+00  0.000000e+00 -1.000000e+00
   outer loop
     vertex  3.339486e+01  8.223582e+00  0.000000e+00
     vertex  3.236851e+01  5.503667e+00  0.000000e+00
     vertex  3.221654e+01  5.573761e+00  0.000000e+00
   endloop
 endfacet
 facet normal  0.000000e+00  0.000000e+00 -1.000000e+00
   outer loop
     vertex  3.788459e+01  3.825309e+00  0.000000e+00
     vertex  3.532862e+01  2.440254e+00  0.000000e+00
     vertex  3.525957e+01  2.592710e+00  0.000000e+00
   endloop
 endfacet
 facet normal  0.000000e+00  0.000000e+00 -1.000000e+00
   outer loop
     vertex  3.788459e+01  3.825309e+00  0.000000e+00
     vertex  3.525957e+01  2.592710e+00  0.000000e+00
     vertex  3.518637e+01  2.743213e+00  0.000000e+00
   endloop
 endfacet
 facet normal  0.000000e+00 -0.000000e+00 -1.000000e+00
   outer loop
     vertex  3.788459e+01  3.825309e+00  0.000000e+00
     vertex  3.798646e+01  3.600375e+00  0.000000e+00
     vertex  3.532862e+01  2.440254e+00  0.000000e+00
   endloop
 endfacet
 facet normal -0.000000e+00  0.000000e+00 -1.000000e+00
   outer loop
     vertex  3.361909e+01  8.120164e+00  0.000000e+00
     vertex  3.236851e+01  5.503667e+00  0.000000e+00
     vertex  3.339486e+01  8.223582e+00  0.000000e+00
   endloop
 endfacet
 facet normal  0.000000e+00 -0.000000e+00 -1.000000e+00
   outer loop
     vertex  3.777658e+01  4.047364e+00  0.000000e+00
     vertex  3.788459e+01  3.825309e+00  0.000000e+00
     vertex  3.518637e+01  2.743213e+00  0.000000e+00
   endloop
 endfacet
 facet normal -0.000000e+00  0.000000e+00 -1.000000e+00
   outer loop
     vertex  3.384040e+01  8.010634e+00  0.000000e+00
     vertex  3.236851e+01  5.503667e+00  0.000000e+00
     vertex  3.361909e+01  8.120164e+00  0.000000e+00
   endloop
 endfacet
 facet normal  0.000000e+00  0.000000e+00 -1.000000e+00
   outer loop
     vertex  3.384040e+01  8.010634e+00  0.000000e+00
     vertex  3.251851e+01  5.429430e+00  0.000000e+00
     vertex  3.236851e+01  5.503667e+00  0.000000e+00
   endloop
 endfacet
 facet normal  0.000000e+00 -0.000000e+00 -1.000000e+00
   outer loop
     vertex  3.766252e+01  4.266371e+00  0.000000e+00
     vertex  3.777658e+01  4.047364e+00  0.000000e+00
     vertex  3.518637e+01  2.743213e+00  0.000000e+00
   endloop
 endfacet
 facet normal  0.000000e+00  0.000000e+00 -1.000000e+00
   outer loop
     vertex  3.766252e+01  4.266371e+00  0.000000e+00
     vertex  3.518637e+01  2.743213e+00  0.000000e+00
     vertex  3.510906e+01  2.891652e+00  0.000000e+00
   endloop
 endfacet
 facet normal  0.000000e+00  0.000000e+00 -1.000000e+00
   outer loop
     vertex  3.766252e+01  4.266371e+00  0.000000e+00
     vertex  3.510906e+01  2.891652e+00  0.000000e+00
     vertex  3.502771e+01  3.037913e+00  0.000000e+00
   endloop
 endfacet
 facet normal -0.000000e+00  0.000000e+00 -1.000000e+00
   outer loop
     vertex  3.405862e+01  7.895073e+00  0.000000e+00
     vertex  3.251851e+01  5.429430e+00  0.000000e+00
     vertex  3.384040e+01  8.010634e+00  0.000000e+00
   endloop
 endfacet
 facet normal  0.000000e+00  0.000000e+00 -1.000000e+00
   outer loop
     vertex  3.405862e+01  7.895073e+00  0.000000e+00
     vertex  3.266642e+01  5.351105e+00  0.000000e+00
     vertex  3.251851e+01  5.429430e+00  0.000000e+00
   endloop
 endfacet
 facet normal  0.000000e+00 -0.000000e+00 -1.000000e+00
   outer loop
     vertex  3.754249e+01  4.482167e+00  0.000000e+00
     vertex  3.766252e+01  4.266371e+00  0.000000e+00
     vertex  3.502771e+01  3.037913e+00  0.000000e+00
   endloop
 endfacet
 facet normal -0.000000e+00  0.000000e+00 -1.000000e+00
   outer loop
     vertex  3.427359e+01  7.773569e+00  0.000000e+00
     vertex  3.266642e+01  5.351105e+00  0.000000e+00
     vertex  3.405862e+01  7.895073e+00  0.000000e+00
   endloop
 endfacet
 facet normal  0.000000e+00  0.000000e+00 -1.000000e+00
   outer loop
     vertex  3.427359e+01  7.773569e+00  0.000000e+00
     vertex  3.281212e+01  5.268752e+00  0.000000e+00
     vertex  3.266642e+01  5.351105e+00  0.000000e+00
   endloop
 endfacet
 facet normal  0.000000e+00 -0.000000e+00 -1.000000e+00
   outer loop
     vertex  3.741659e+01  4.694589e+00  0.000000e+00
     vertex  3.754249e+01  4.482167e+00  0.000000e+00
     vertex  3.502771e+01  3.037913e+00  0.000000e+00
   endloop
 endfacet
 facet normal  0.000000e+00  0.000000e+00 -1.000000e+00
   outer loop
     vertex  3.741659e+01  4.694589e+00  0.000000e+00
     vertex  3.502771e+01  3.037913e+00  0.000000e+00
     vertex  3.494237e+01  3.181888e+00  0.000000e+00
   endloop
 endfacet
 facet normal -0.000000e+00  0.000000e+00 -1.000000e+00
   outer loop
     vertex  3.448514e+01  7.646214e+00  0.000000e+00
     vertex  3.281212e+01  5.268752e+00  0.000000e+00
     vertex  3.427359e+01  7.773569e+00  0.000000e+00
   endloop
 endfacet
 facet normal  0.000000e+00  0.000000e+00 -1.000000e+00
   outer loop
     vertex  3.448514e+01  7.646214e+00  0.000000e+00
     vertex  3.295550e+01  5.182434e+00  0.000000e+00
     vertex  3.281212e+01  5.268752e+00  0.000000e+00
   endloop
 endfacet
 facet normal  0.000000e+00 -0.000000e+00 -1.000000e+00
   outer loop
     vertex  3.728491e+01  4.903477e+00  0.000000e+00
     vertex  3.741659e+01  4.694589e+00  0.000000e+00
     vertex  3.494237e+01  3.181888e+00  0.000000e+00
   endloop
 endfacet
 facet normal  0.000000e+00  0.000000e+00 -1.000000e+00
   outer loop
     vertex  3.728491e+01  4.903477e+00  0.000000e+00
     vertex  3.494237e+01  3.181888e+00  0.000000e+00
     vertex  3.485312e+01  3.323468e+00  0.000000e+00
   endloop
 endfacet
 facet normal -0.000000e+00  0.000000e+00 -1.000000e+00
   outer loop
     vertex  3.469312e+01  7.513102e+00  0.000000e+00
     vertex  3.295550e+01  5.182434e+00  0.000000e+00
     vertex  3.448514e+01  7.646214e+00  0.000000e+00
   endloop
 endfacet
 facet normal  0.000000e+00  0.000000e+00 -1.000000e+00
   outer loop
     vertex  3.469312e+01  7.513102e+00  0.000000e+00
     vertex  3.309647e+01  5.092214e+00  0.000000e+00
     vertex  3.295550e+01  5.182434e+00  0.000000e+00
   endloop
 endfacet
 facet normal  0.000000e+00  0.000000e+00 -1.000000e+00
   outer loop
     vertex  3.714754e+01  5.108674e+00  0.000000e+00
     vertex  3.485312e+01  3.323468e+00  0.000000e+00
     vertex  3.476002e+01  3.462546e+00  0.000000e+00
   endloop
 endfacet
 facet normal  0.000000e+00 -0.000000e+00 -1.000000e+00
   outer loop
     vertex  3.714754e+01  5.108674e+00  0.000000e+00
     vertex  3.728491e+01  4.903477e+00  0.000000e+00
     vertex  3.485312e+01  3.323468e+00  0.000000e+00
   endloop
 endfacet
 facet normal -0.000000e+00  0.000000e+00 -1.000000e+00
   outer loop
     vertex  3.489737e+01  7.374335e+00  0.000000e+00
     vertex  3.309647e+01  5.092214e+00  0.000000e+00
     vertex  3.469312e+01  7.513102e+00  0.000000e+00
   endloop
 endfacet
 facet normal  0.000000e+00  0.000000e+00 -1.000000e+00
   outer loop
     vertex  3.489737e+01  7.374335e+00  0.000000e+00
     vertex  3.337071e+01  4.900345e+00  0.000000e+00
     vertex  3.323490e+01  4.998160e+00  0.000000e+00
   endloop
 endfacet
 facet normal  0.000000e+00  0.000000e+00 -1.000000e+00
   outer loop
     vertex  3.489737e+01  7.374335e+00  0.000000e+00
     vertex  3.323490e+01  4.998160e+00  0.000000e+00
     vertex  3.309647e+01  5.092214e+00  0.000000e+00
   endloop
 endfacet
 facet normal  0.000000e+00 -0.000000e+00 -1.000000e+00
   outer loop
     vertex  3.700460e+01  5.310025e+00  0.000000e+00
     vertex  3.714754e+01  5.108674e+00  0.000000e+00
     vertex  3.476002e+01  3.462546e+00  0.000000e+00
   endloop
 endfacet
 facet normal  0.000000e+00  0.000000e+00 -1.000000e+00
   outer loop
     vertex  3.700460e+01  5.310025e+00  0.000000e+00
     vertex  3.476002e+01  3.462546e+00  0.000000e+00
     vertex  3.466314e+01  3.599017e+00  0.000000e+00
   endloop
 endfacet
 facet normal  0.000000e+00  0.000000e+00 -1.000000e+00
   outer loop
     vertex  3.700460e+01  5.310025e+00  0.000000e+00
     vertex  3.466314e+01  3.599017e+00  0.000000e+00
     vertex  3.456255e+01  3.732779e+00  0.000000e+00
   endloop
 endfacet
 facet normal -0.000000e+00  0.000000e+00 -1.000000e+00
   outer loop
     vertex  3.509774e+01  7.230017e+00  0.000000e+00
     vertex  3.337071e+01  4.900345e+00  0.000000e+00
     vertex  3.489737e+01  7.374335e+00  0.000000e+00
   endloop
 endfacet
 facet normal  0.000000e+00 -0.000000e+00 -1.000000e+00
   outer loop
     vertex  3.685619e+01  5.507379e+00  0.000000e+00
     vertex  3.700460e+01  5.310025e+00  0.000000e+00
     vertex  3.456255e+01  3.732779e+00  0.000000e+00
   endloop
 endfacet
 facet normal  0.000000e+00  0.000000e+00 -1.000000e+00
   outer loop
     vertex  3.685619e+01  5.507379e+00  0.000000e+00
     vertex  3.456255e+01  3.732779e+00  0.000000e+00
     vertex  3.445833e+01  3.863731e+00  0.000000e+00
   endloop
 endfacet
 facet normal -0.000000e+00  0.000000e+00 -1.000000e+00
   outer loop
     vertex  3.529407e+01  7.080256e+00  0.000000e+00
     vertex  3.337071e+01  4.900345e+00  0.000000e+00
     vertex  3.509774e+01  7.230017e+00  0.000000e+00
   endloop
 endfacet
 facet normal  0.000000e+00  0.000000e+00 -1.000000e+00
   outer loop
     vertex  3.529407e+01  7.080256e+00  0.000000e+00
     vertex  3.350378e+01  4.798840e+00  0.000000e+00
     vertex  3.337071e+01  4.900345e+00  0.000000e+00
   endloop
 endfacet
 facet normal  0.000000e+00 -0.000000e+00 -1.000000e+00
   outer loop
     vertex  3.670242e+01  5.700587e+00  0.000000e+00
     vertex  3.685619e+01  5.507379e+00  0.000000e+00
     vertex  3.445833e+01  3.863731e+00  0.000000e+00
   endloop
 endfacet
 facet normal -0.000000e+00  0.000000e+00 -1.000000e+00
   outer loop
     vertex  3.548622e+01  6.925166e+00  0.000000e+00
     vertex  3.350378e+01  4.798840e+00  0.000000e+00
     vertex  3.529407e+01  7.080256e+00  0.000000e+00
   endloop
 endfacet
 facet normal  0.000000e+00  0.000000e+00 -1.000000e+00
   outer loop
     vertex  3.548622e+01  6.925166e+00  0.000000e+00
     vertex  3.363401e+01  4.693723e+00  0.000000e+00
     vertex  3.350378e+01  4.798840e+00  0.000000e+00
   endloop
 endfacet
 facet normal  0.000000e+00 -0.000000e+00 -1.000000e+00
   outer loop
     vertex  3.654341e+01  5.889504e+00  0.000000e+00
     vertex  3.670242e+01  5.700587e+00  0.000000e+00
     vertex  3.445833e+01  3.863731e+00  0.000000e+00
   endloop
 endfacet
 facet normal  0.000000e+00  0.000000e+00 -1.000000e+00
   outer loop
     vertex  3.654341e+01  5.889504e+00  0.000000e+00
     vertex  3.445833e+01  3.863731e+00  0.000000e+00
     vertex  3.435055e+01  3.991775e+00  0.000000e+00
   endloop
 endfacet
 facet normal  0.000000e+00  0.000000e+00 -1.000000e+00
   outer loop
     vertex  3.654341e+01  5.889504e+00  0.000000e+00
     vertex  3.435055e+01  3.991775e+00  0.000000e+00
     vertex  3.423931e+01  4.116814e+00  0.000000e+00
   endloop
 endfacet
 facet normal -0.000000e+00  0.000000e+00 -1.000000e+00
   outer loop
     vertex  3.567404e+01  6.764862e+00  0.000000e+00
     vertex  3.363401e+01  4.693723e+00  0.000000e+00
     vertex  3.548622e+01  6.925166e+00  0.000000e+00
   endloop
 endfacet
 facet normal  0.000000e+00  0.000000e+00 -1.000000e+00
   outer loop
     vertex  3.567404e+01  6.764862e+00  0.000000e+00
     vertex  3.388558e+01  4.472971e+00  0.000000e+00
     vertex  3.376131e+01  4.585073e+00  0.000000e+00
   endloop
 endfacet
 facet normal  0.000000e+00  0.000000e+00 -1.000000e+00
   outer loop
     vertex  3.567404e+01  6.764862e+00  0.000000e+00
     vertex  3.376131e+01  4.585073e+00  0.000000e+00
     vertex  3.363401e+01  4.693723e+00  0.000000e+00
   endloop
 endfacet
 facet normal  0.000000e+00 -0.000000e+00 -1.000000e+00
   outer loop
     vertex  3.637928e+01  6.073988e+00  0.000000e+00
     vertex  3.654341e+01  5.889504e+00  0.000000e+00
     vertex  3.423931e+01  4.116814e+00  0.000000e+00
   endloop
 endfacet
 facet normal  0.000000e+00  0.000000e+00 -1.000000e+00
   outer loop
     vertex  3.637928e+01  6.073988e+00  0.000000e+00
     vertex  3.423931e+01  4.116814e+00  0.000000e+00
     vertex  3.412467e+01  4.238754e+00  0.000000e+00
   endloop
 endfacet
 facet normal -0.000000e+00  0.000000e+00 -1.000000e+00
   outer loop
     vertex  3.585739e+01  6.599466e+00  0.000000e+00
     vertex  3.388558e+01  4.472971e+00  0.000000e+00
     vertex  3.567404e+01  6.764862e+00  0.000000e+00
   endloop
 endfacet
 facet normal  0.000000e+00 -0.000000e+00 -1.000000e+00
   outer loop
     vertex  3.621014e+01  6.253899e+00  0.000000e+00
     vertex  3.637928e+01  6.073988e+00  0.000000e+00
     vertex  3.412467e+01  4.238754e+00  0.000000e+00
   endloop
 endfacet
 facet normal -0.000000e+00  0.000000e+00 -1.000000e+00
   outer loop
     vertex  3.603614e+01  6.429102e+00  0.000000e+00
     vertex  3.388558e+01  4.472971e+00  0.000000e+00
     vertex  3.585739e+01  6.599466e+00  0.000000e+00
   endloop
 endfacet
 facet normal  0.000000e+00  0.000000e+00 -1.000000e+00
   outer loop
     vertex  3.603614e+01  6.429102e+00  0.000000e+00
     vertex  3.412467e+01  4.238754e+00  0.000000e+00
     vertex  3.400673e+01  4.357503e+00  0.000000e+00
   endloop
 endfacet
 facet normal  0.000000e+00  0.000000e+00 -1.000000e+00
   outer loop
     vertex  3.603614e+01  6.429102e+00  0.000000e+00
     vertex  3.400673e+01  4.357503e+00  0.000000e+00
     vertex  3.388558e+01  4.472971e+00  0.000000e+00
   endloop
 endfacet
 facet normal  0.000000e+00 -0.000000e+00 -1.000000e+00
   outer loop
     vertex  3.603614e+01  6.429102e+00  0.000000e+00
     vertex  3.621014e+01  6.253899e+00  0.000000e+00
     vertex  3.412467e+01  4.238754e+00  0.000000e+00
   endloop
 endfacet
 facet normal -9.999059e-01 -1.371831e-02  0.000000e+00
   outer loop
     vertex  3.583570e+01  1.673477e-01  2.310000e+01
     vertex  3.583799e+01  0.000000e+00  0.000000e+00
     vertex  3.583799e+01  0.000000e+00  2.310000e+01
   endloop
 endfacet
 facet normal -9.999059e-01 -1.371831e-02 -0.000000e+00
   outer loop
     vertex  3.583570e+01  1.673477e-01  2.310000e+01
     vertex  3.583570e+01  1.673477e-01  0.000000e+00
     vertex  3.583799e+01  0.000000e+00  0.000000e+00
   endloop
 endfacet
 facet normal -9.991532e-01 -4.114462e-02 -0.000000e+00
   outer loop
     vertex  3.582881e+01  3.345694e-01  2.310000e+01
     vertex  3.582881e+01  3.345694e-01  0.000000e+00
     vertex  3.583570e+01  1.673477e-01  0.000000e+00
   endloop
 endfacet
 facet normal -9.991532e-01 -4.114462e-02  0.000000e+00
   outer loop
     vertex  3.582881e+01  3.345694e-01  2.310000e+01
     vertex  3.583570e+01  1.673477e-01  0.000000e+00
     vertex  3.583570e+01  1.673477e-01  2.310000e+01
   endloop
 endfacet
 facet normal -9.976484e-01 -6.853995e-02 -0.000000e+00
   outer loop
     vertex  3.581734e+01  5.015393e-01  2.310000e+01
     vertex  3.581734e+01  5.015393e-01  0.000000e+00
     vertex  3.582881e+01  3.345694e-01  0.000000e+00
   endloop
 endfacet
 facet normal -9.976484e-01 -6.853995e-02  0.000000e+00
   outer loop
     vertex  3.581734e+01  5.015393e-01  2.310000e+01
     vertex  3.582881e+01  3.345694e-01  0.000000e+00
     vertex  3.582881e+01  3.345694e-01  2.310000e+01
   endloop
 endfacet
 facet normal -9.953925e-01 -9.588368e-02 -0.000000e+00
   outer loop
     vertex  3.580129e+01  6.681316e-01  2.310000e+01
     vertex  3.580129e+01  6.681316e-01  0.000000e+00
     vertex  3.581734e+01  5.015393e-01  0.000000e+00
   endloop
 endfacet
 facet normal -9.953925e-01 -9.588368e-02  0.000000e+00
   outer loop
     vertex  3.580129e+01  6.681316e-01  2.310000e+01
     vertex  3.581734e+01  5.015393e-01  0.000000e+00
     vertex  3.581734e+01  5.015393e-01  2.310000e+01
   endloop
 endfacet
 facet normal -9.923874e-01 -1.231552e-01 -0.000000e+00
   outer loop
     vertex  3.578068e+01  8.342210e-01  2.310000e+01
     vertex  3.578068e+01  8.342210e-01  0.000000e+00
     vertex  3.580129e+01  6.681316e-01  0.000000e+00
   endloop
 endfacet
 facet normal -9.923874e-01 -1.231552e-01  0.000000e+00
   outer loop
     vertex  3.578068e+01  8.342210e-01  2.310000e+01
     vertex  3.580129e+01  6.681316e-01  0.000000e+00
     vertex  3.580129e+01  6.681316e-01  2.310000e+01
   endloop
 endfacet
 facet normal -9.886353e-01 -1.503341e-01 -0.000000e+00
   outer loop
     vertex  3.575552e+01  9.996824e-01  2.310000e+01
     vertex  3.575552e+01  9.996824e-01  0.000000e+00
     vertex  3.578068e+01  8.342210e-01  0.000000e+00
   endloop
 endfacet
 facet normal -9.886353e-01 -1.503341e-01  0.000000e+00
   outer loop
     vertex  3.575552e+01  9.996824e-01  2.310000e+01
     vertex  3.578068e+01  8.342210e-01  0.000000e+00
     vertex  3.578068e+01  8.342210e-01  2.310000e+01
   endloop
 endfacet
 facet normal -9.841389e-01 -1.773998e-01 -0.000000e+00
   outer loop
     vertex  3.572583e+01  1.164391e+00  2.310000e+01
     vertex  3.572583e+01  1.164391e+00  0.000000e+00
     vertex  3.575552e+01  9.996824e-01  0.000000e+00
   endloop
 endfacet
 facet normal -9.789017e-01 -2.043319e-01 -0.000000e+00
   outer loop
     vertex  3.572583e+01  1.164391e+00  2.310000e+01
     vertex  3.569163e+01  1.328224e+00  0.000000e+00
     vertex  3.572583e+01  1.164391e+00  0.000000e+00
   endloop
 endfacet
 facet normal -9.841389e-01 -1.773998e-01  0.000000e+00
   outer loop
     vertex  3.572583e+01  1.164391e+00  2.310000e+01
     vertex  3.575552e+01  9.996824e-01  0.000000e+00
     vertex  3.575552e+01  9.996824e-01  2.310000e+01
   endloop
 endfacet
 facet normal -9.789017e-01 -2.043319e-01 -0.000000e+00
   outer loop
     vertex  3.569163e+01  1.328224e+00  2.310000e+01
     vertex  3.569163e+01  1.328224e+00  0.000000e+00
     vertex  3.572583e+01  1.164391e+00  2.310000e+01
   endloop
 endfacet
 facet normal -9.729276e-01 -2.311102e-01 -0.000000e+00
   outer loop
     vertex  3.565295e+01  1.491056e+00  2.310000e+01
     vertex  3.565295e+01  1.491056e+00  0.000000e+00
     vertex  3.569163e+01  1.328224e+00  0.000000e+00
   endloop
 endfacet
 facet normal -9.729276e-01 -2.311102e-01  0.000000e+00
   outer loop
     vertex  3.565295e+01  1.491056e+00  2.310000e+01
     vertex  3.569163e+01  1.328224e+00  0.000000e+00
     vertex  3.569163e+01  1.328224e+00  2.310000e+01
   endloop
 endfacet
 facet normal -9.662211e-01 -2.577146e-01  0.000000e+00
   outer loop
     vertex  3.560982e+01  1.652766e+00  2.310000e+01
     vertex  3.565295e+01  1.491056e+00  0.000000e+00
     vertex  3.565295e+01  1.491056e+00  2.310000e+01
   endloop
 endfacet
 facet normal -9.662211e-01 -2.577146e-01 -0.000000e+00
   outer loop
     vertex  3.560982e+01  1.652766e+00  2.310000e+01
     vertex  3.560982e+01  1.652766e+00  0.000000e+00
     vertex  3.565295e+01  1.491056e+00  0.000000e+00
   endloop
 endfacet
 facet normal -9.587873e-01 -2.841250e-01  0.000000e+00
   outer loop
     vertex  3.556227e+01  1.813232e+00  2.310000e+01
     vertex  3.560982e+01  1.652766e+00  0.000000e+00
     vertex  3.560982e+01  1.652766e+00  2.310000e+01
   endloop
 endfacet
 facet normal -9.587873e-01 -2.841250e-01 -0.000000e+00
   outer loop
     vertex  3.556227e+01  1.813232e+00  2.310000e+01
     vertex  3.556227e+01  1.813232e+00  0.000000e+00
     vertex  3.560982e+01  1.652766e+00  0.000000e+00
   endloop
 endfacet
 facet normal -9.506317e-01 -3.103214e-01 -0.000000e+00
   outer loop
     vertex  3.556227e+01  1.813232e+00  2.310000e+01
     vertex  3.551033e+01  1.972333e+00  0.000000e+00
     vertex  3.556227e+01  1.813232e+00  0.000000e+00
   endloop
 endfacet
 facet normal -9.506317e-01 -3.103214e-01 -0.000000e+00
   outer loop
     vertex  3.551033e+01  1.972333e+00  2.310000e+01
     vertex  3.551033e+01  1.972333e+00  0.000000e+00
     vertex  3.556227e+01  1.813232e+00  2.310000e+01
   endloop
 endfacet
 facet normal -9.417605e-01 -3.362843e-01  0.000000e+00
   outer loop
     vertex  3.545405e+01  2.129949e+00  2.310000e+01
     vertex  3.551033e+01  1.972333e+00  0.000000e+00
     vertex  3.551033e+01  1.972333e+00  2.310000e+01
   endloop
 endfacet
 facet normal -9.417605e-01 -3.362843e-01 -0.000000e+00
   outer loop
     vertex  3.545405e+01  2.129949e+00  2.310000e+01
     vertex  3.545405e+01  2.129949e+00  0.000000e+00
     vertex  3.551033e+01  1.972333e+00  0.000000e+00
   endloop
 endfacet
 facet normal -9.321804e-01 -3.619940e-01 -0.000000e+00
   outer loop
     vertex  3.545405e+01  2.129949e+00  2.310000e+01
     vertex  3.539346e+01  2.285962e+00  0.000000e+00
     vertex  3.545405e+01  2.129949e+00  0.000000e+00
   endloop
 endfacet
 facet normal -9.321804e-01 -3.619940e-01 -0.000000e+00
   outer loop
     vertex  3.539346e+01  2.285962e+00  2.310000e+01
     vertex  3.539346e+01  2.285962e+00  0.000000e+00
     vertex  3.545405e+01  2.129949e+00  2.310000e+01
   endloop
 endfacet
 facet normal -9.218986e-01 -3.874313e-01  0.000000e+00
   outer loop
     vertex  3.532862e+01  2.440254e+00  2.310000e+01
     vertex  3.539346e+01  2.285962e+00  0.000000e+00
     vertex  3.539346e+01  2.285962e+00  2.310000e+01
   endloop
 endfacet
 facet normal -9.218986e-01 -3.874313e-01 -0.000000e+00
   outer loop
     vertex  3.532862e+01  2.440254e+00  2.310000e+01
     vertex  3.532862e+01  2.440254e+00  0.000000e+00
     vertex  3.539346e+01  2.285962e+00  0.000000e+00
   endloop
 endfacet
 facet normal -9.109228e-01 -4.125769e-01  0.000000e+00
   outer loop
     vertex  3.525957e+01  2.592710e+00  2.310000e+01
     vertex  3.532862e+01  2.440254e+00  0.000000e+00
     vertex  3.532862e+01  2.440254e+00  2.310000e+01
   endloop
 endfacet
 facet normal -9.109228e-01 -4.125769e-01 -0.000000e+00
   outer loop
     vertex  3.525957e+01  2.592710e+00  2.310000e+01
     vertex  3.525957e+01  2.592710e+00  0.000000e+00
     vertex  3.532862e+01  2.440254e+00  0.000000e+00
   endloop
 endfacet
 facet normal -8.992613e-01 -4.374119e-01  0.000000e+00
   outer loop
     vertex  3.518637e+01  2.743213e+00  2.310000e+01
     vertex  3.525957e+01  2.592710e+00  0.000000e+00
     vertex  3.525957e+01  2.592710e+00  2.310000e+01
   endloop
 endfacet
 facet normal -8.992613e-01 -4.374119e-01 -0.000000e+00
   outer loop
     vertex  3.518637e+01  2.743213e+00  2.310000e+01
     vertex  3.518637e+01  2.743213e+00  0.000000e+00
     vertex  3.525957e+01  2.592710e+00  0.000000e+00
   endloop
 endfacet
 facet normal -8.869228e-01 -4.619176e-01  0.000000e+00
   outer loop
     vertex  3.510906e+01  2.891652e+00  2.310000e+01
     vertex  3.518637e+01  2.743213e+00  0.000000e+00
     vertex  3.518637e+01  2.743213e+00  2.310000e+01
   endloop
 endfacet
 facet normal -8.869228e-01 -4.619176e-01 -0.000000e+00
   outer loop
     vertex  3.510906e+01  2.891652e+00  2.310000e+01
     vertex  3.510906e+01  2.891652e+00  0.000000e+00
     vertex  3.518637e+01  2.743213e+00  0.000000e+00
   endloop
 endfacet
 facet normal -8.739167e-01 -4.860756e-01  0.000000e+00
   outer loop
     vertex  3.502771e+01  3.037913e+00  2.310000e+01
     vertex  3.510906e+01  2.891652e+00  0.000000e+00
     vertex  3.510906e+01  2.891652e+00  2.310000e+01
   endloop
 endfacet
 facet normal -8.739167e-01 -4.860756e-01 -0.000000e+00
   outer loop
     vertex  3.502771e+01  3.037913e+00  2.310000e+01
     vertex  3.502771e+01  3.037913e+00  0.000000e+00
     vertex  3.510906e+01  2.891652e+00  0.000000e+00
   endloop
 endfacet
 facet normal -8.602528e-01 -5.098678e-01  0.000000e+00
   outer loop
     vertex  3.494237e+01  3.181888e+00  2.310000e+01
     vertex  3.502771e+01  3.037913e+00  0.000000e+00
     vertex  3.502771e+01  3.037913e+00  2.310000e+01
   endloop
 endfacet
 facet normal -8.602528e-01 -5.098678e-01 -0.000000e+00
   outer loop
     vertex  3.494237e+01  3.181888e+00  2.310000e+01
     vertex  3.494237e+01  3.181888e+00  0.000000e+00
     vertex  3.502771e+01  3.037913e+00  0.000000e+00
   endloop
 endfacet
 facet normal -8.459413e-01 -5.332761e-01  0.000000e+00
   outer loop
     vertex  3.485312e+01  3.323468e+00  2.310000e+01
     vertex  3.494237e+01  3.181888e+00  0.000000e+00
     vertex  3.494237e+01  3.181888e+00  2.310000e+01
   endloop
 endfacet
 facet normal -8.459413e-01 -5.332761e-01 -0.000000e+00
   outer loop
     vertex  3.485312e+01  3.323468e+00  2.310000e+01
     vertex  3.485312e+01  3.323468e+00  0.000000e+00
     vertex  3.494237e+01  3.181888e+00  0.000000e+00
   endloop
 endfacet
 facet normal -8.309929e-01 -5.562829e-01 -0.000000e+00
   outer loop
     vertex  3.485312e+01  3.323468e+00  2.310000e+01
     vertex  3.476002e+01  3.462546e+00  0.000000e+00
     vertex  3.485312e+01  3.323468e+00  0.000000e+00
   endloop
 endfacet
 facet normal -8.309929e-01 -5.562829e-01 -0.000000e+00
   outer loop
     vertex  3.476002e+01  3.462546e+00  2.310000e+01
     vertex  3.476002e+01  3.462546e+00  0.000000e+00
     vertex  3.485312e+01  3.323468e+00  2.310000e+01
   endloop
 endfacet
 facet normal -8.154191e-01 -5.788711e-01 -0.000000e+00
   outer loop
     vertex  3.466314e+01  3.599017e+00  2.310000e+01
     vertex  3.466314e+01  3.599017e+00  0.000000e+00
     vertex  3.476002e+01  3.462546e+00  0.000000e+00
   endloop
 endfacet
 facet normal -8.154191e-01 -5.788711e-01  0.000000e+00
   outer loop
     vertex  3.466314e+01  3.599017e+00  2.310000e+01
     vertex  3.476002e+01  3.462546e+00  0.000000e+00
     vertex  3.476002e+01  3.462546e+00  2.310000e+01
   endloop
 endfacet
 facet normal -7.992314e-01 -6.010234e-01 -0.000000e+00
   outer loop
     vertex  3.456255e+01  3.732779e+00  2.310000e+01
     vertex  3.456255e+01  3.732779e+00  0.000000e+00
     vertex  3.466314e+01  3.599017e+00  0.000000e+00
   endloop
 endfacet
 facet normal -7.992314e-01 -6.010234e-01  0.000000e+00
   outer loop
     vertex  3.456255e+01  3.732779e+00  2.310000e+01
     vertex  3.466314e+01  3.599017e+00  0.000000e+00
     vertex  3.466314e+01  3.599017e+00  2.310000e+01
   endloop
 endfacet
 facet normal -7.824421e-01 -6.227234e-01 -0.000000e+00
   outer loop
     vertex  3.445833e+01  3.863731e+00  2.310000e+01
     vertex  3.445833e+01  3.863731e+00  0.000000e+00
     vertex  3.456255e+01  3.732779e+00  0.000000e+00
   endloop
 endfacet
 facet normal -7.824421e-01 -6.227234e-01  0.000000e+00
   outer loop
     vertex  3.445833e+01  3.863731e+00  2.310000e+01
     vertex  3.456255e+01  3.732779e+00  0.000000e+00
     vertex  3.456255e+01  3.732779e+00  2.310000e+01
   endloop
 endfacet
 facet normal -7.650637e-01 -6.439545e-01 -0.000000e+00
   outer loop
     vertex  3.435055e+01  3.991775e+00  2.310000e+01
     vertex  3.435055e+01  3.991775e+00  0.000000e+00
     vertex  3.445833e+01  3.863731e+00  0.000000e+00
   endloop
 endfacet
 facet normal -7.471095e-01 -6.647010e-01 -0.000000e+00
   outer loop
     vertex  3.435055e+01  3.991775e+00  2.310000e+01
     vertex  3.423931e+01  4.116814e+00  0.000000e+00
     vertex  3.435055e+01  3.991775e+00  0.000000e+00
   endloop
 endfacet
 facet normal -7.650637e-01 -6.439545e-01  0.000000e+00
   outer loop
     vertex  3.435055e+01  3.991775e+00  2.310000e+01
     vertex  3.445833e+01  3.863731e+00  0.000000e+00
     vertex  3.445833e+01  3.863731e+00  2.310000e+01
   endloop
 endfacet
 facet normal -7.471095e-01 -6.647010e-01 -0.000000e+00
   outer loop
     vertex  3.423931e+01  4.116814e+00  2.310000e+01
     vertex  3.423931e+01  4.116814e+00  0.000000e+00
     vertex  3.435055e+01  3.991775e+00  2.310000e+01
   endloop
 endfacet
 facet normal -7.285929e-01 -6.849470e-01 -0.000000e+00
   outer loop
     vertex  3.412467e+01  4.238754e+00  2.310000e+01
     vertex  3.412467e+01  4.238754e+00  0.000000e+00
     vertex  3.423931e+01  4.116814e+00  0.000000e+00
   endloop
 endfacet
 facet normal -7.285929e-01 -6.849470e-01  0.000000e+00
   outer loop
     vertex  3.412467e+01  4.238754e+00  2.310000e+01
     vertex  3.423931e+01  4.116814e+00  0.000000e+00
     vertex  3.423931e+01  4.116814e+00  2.310000e+01
   endloop
 endfacet
 facet normal -7.095278e-01 -7.046775e-01 -0.000000e+00
   outer loop
     vertex  3.400673e+01  4.357503e+00  2.310000e+01
     vertex  3.400673e+01  4.357503e+00  0.000000e+00
     vertex  3.412467e+01  4.238754e+00  0.000000e+00
   endloop
 endfacet
 facet normal -7.095278e-01 -7.046775e-01  0.000000e+00
   outer loop
     vertex  3.400673e+01  4.357503e+00  2.310000e+01
     vertex  3.412467e+01  4.238754e+00  0.000000e+00
     vertex  3.412467e+01  4.238754e+00  2.310000e+01
   endloop
 endfacet
 facet normal -6.899286e-01 -7.238775e-01 -0.000000e+00
   outer loop
     vertex  3.388558e+01  4.472971e+00  2.310000e+01
     vertex  3.388558e+01  4.472971e+00  0.000000e+00
     vertex  3.400673e+01  4.357503e+00  0.000000e+00
   endloop
 endfacet
 facet normal -6.899286e-01 -7.238775e-01  0.000000e+00
   outer loop
     vertex  3.388558e+01  4.472971e+00  2.310000e+01
     vertex  3.400673e+01  4.357503e+00  0.000000e+00
     vertex  3.400673e+01  4.357503e+00  2.310000e+01
   endloop
 endfacet
 facet normal -6.698100e-01 -7.425325e-01 -0.000000e+00
   outer loop
     vertex  3.376131e+01  4.585073e+00  2.310000e+01
     vertex  3.376131e+01  4.585073e+00  0.000000e+00
     vertex  3.388558e+01  4.472971e+00  0.000000e+00
   endloop
 endfacet
 facet normal -6.698100e-01 -7.425325e-01  0.000000e+00
   outer loop
     vertex  3.376131e+01  4.585073e+00  2.310000e+01
     vertex  3.388558e+01  4.472971e+00  0.000000e+00
     vertex  3.388558e+01  4.472971e+00  2.310000e+01
   endloop
 endfacet
 facet normal -6.491872e-01 -7.606287e-01 -0.000000e+00
   outer loop
     vertex  3.363401e+01  4.693723e+00  2.310000e+01
     vertex  3.363401e+01  4.693723e+00  0.000000e+00
     vertex  3.376131e+01  4.585073e+00  0.000000e+00
   endloop
 endfacet
 facet normal -6.491872e-01 -7.606287e-01  0.000000e+00
   outer loop
     vertex  3.363401e+01  4.693723e+00  2.310000e+01
     vertex  3.376131e+01  4.585073e+00  0.000000e+00
     vertex  3.376131e+01  4.585073e+00  2.310000e+01
   endloop
 endfacet
 facet normal -6.280757e-01 -7.781522e-01 -0.000000e+00
   outer loop
     vertex  3.350378e+01  4.798840e+00  2.310000e+01
     vertex  3.350378e+01  4.798840e+00  0.000000e+00
     vertex  3.363401e+01  4.693723e+00  0.000000e+00
   endloop
 endfacet
 facet normal -6.280757e-01 -7.781522e-01  0.000000e+00
   outer loop
     vertex  3.350378e+01  4.798840e+00  2.310000e+01
     vertex  3.363401e+01  4.693723e+00  0.000000e+00
     vertex  3.363401e+01  4.693723e+00  2.310000e+01
   endloop
 endfacet
 facet normal -6.064915e-01 -7.950900e-01 -0.000000e+00
   outer loop
     vertex  3.337071e+01  4.900345e+00  2.310000e+01
     vertex  3.337071e+01  4.900345e+00  0.000000e+00
     vertex  3.350378e+01  4.798840e+00  0.000000e+00
   endloop
 endfacet
 facet normal -6.064915e-01 -7.950900e-01  0.000000e+00
   outer loop
     vertex  3.337071e+01  4.900345e+00  2.310000e+01
     vertex  3.350378e+01  4.798840e+00  0.000000e+00
     vertex  3.350378e+01  4.798840e+00  2.310000e+01
   endloop
 endfacet
 facet normal -5.844507e-01 -8.114292e-01 -0.000000e+00
   outer loop
     vertex  3.323490e+01  4.998160e+00  2.310000e+01
     vertex  3.323490e+01  4.998160e+00  0.000000e+00
     vertex  3.337071e+01  4.900345e+00  0.000000e+00
   endloop
 endfacet
 facet normal -5.619699e-01 -8.271577e-01 -0.000000e+00
   outer loop
     vertex  3.323490e+01  4.998160e+00  2.310000e+01
     vertex  3.309647e+01  5.092214e+00  0.000000e+00
     vertex  3.323490e+01  4.998160e+00  0.000000e+00
   endloop
 endfacet
 facet normal -5.844507e-01 -8.114292e-01  0.000000e+00
   outer loop
     vertex  3.323490e+01  4.998160e+00  2.310000e+01
     vertex  3.337071e+01  4.900345e+00  0.000000e+00
     vertex  3.337071e+01  4.900345e+00  2.310000e+01
   endloop
 endfacet
 facet normal -5.619699e-01 -8.271577e-01 -0.000000e+00
   outer loop
     vertex  3.309647e+01  5.092214e+00  2.310000e+01
     vertex  3.309647e+01  5.092214e+00  0.000000e+00
     vertex  3.323490e+01  4.998160e+00  2.310000e+01
   endloop
 endfacet
 facet normal -5.390661e-01 -8.422635e-01 -0.000000e+00
   outer loop
     vertex  3.309647e+01  5.092214e+00  2.310000e+01
     vertex  3.295550e+01  5.182434e+00  0.000000e+00
     vertex  3.309647e+01  5.092214e+00  0.000000e+00
   endloop
 endfacet
 facet normal -5.390661e-01 -8.422635e-01 -0.000000e+00
   outer loop
     vertex  3.295550e+01  5.182434e+00  2.310000e+01
     vertex  3.295550e+01  5.182434e+00  0.000000e+00
     vertex  3.309647e+01  5.092214e+00  2.310000e+01
   endloop
 endfacet
 facet normal -5.157565e-01 -8.567352e-01  0.000000e+00
   outer loop
     vertex  3.281212e+01  5.268752e+00  2.310000e+01
     vertex  3.295550e+01  5.182434e+00  0.000000e+00
     vertex  3.295550e+01  5.182434e+00  2.310000e+01
   endloop
 endfacet
 facet normal -5.157565e-01 -8.567352e-01 -0.000000e+00
   outer loop
     vertex  3.281212e+01  5.268752e+00  2.310000e+01
     vertex  3.281212e+01  5.268752e+00  0.000000e+00
     vertex  3.295550e+01  5.182434e+00  0.000000e+00
   endloop
 endfacet
 facet normal -4.920587e-01 -8.705620e-01  0.000000e+00
   outer loop
     vertex  3.266642e+01  5.351105e+00  2.310000e+01
     vertex  3.281212e+01  5.268752e+00  0.000000e+00
     vertex  3.281212e+01  5.268752e+00  2.310000e+01
   endloop
 endfacet
 facet normal -4.920587e-01 -8.705620e-01 -0.000000e+00
   outer loop
     vertex  3.266642e+01  5.351105e+00  2.310000e+01
     vertex  3.266642e+01  5.351105e+00  0.000000e+00
     vertex  3.281212e+01  5.268752e+00  0.000000e+00
   endloop
 endfacet
 facet normal -4.679904e-01 -8.837335e-01  0.000000e+00
   outer loop
     vertex  3.251851e+01  5.429430e+00  2.310000e+01
     vertex  3.266642e+01  5.351105e+00  0.000000e+00
     vertex  3.266642e+01  5.351105e+00  2.310000e+01
   endloop
 endfacet
 facet normal -4.679904e-01 -8.837335e-01 -0.000000e+00
   outer loop
     vertex  3.251851e+01  5.429430e+00  2.310000e+01
     vertex  3.251851e+01  5.429430e+00  0.000000e+00
     vertex  3.266642e+01  5.351105e+00  0.000000e+00
   endloop
 endfacet
 facet normal -4.435699e-01 -8.962398e-01 -0.000000e+00
   outer loop
     vertex  3.251851e+01  5.429430e+00  2.310000e+01
     vertex  3.236851e+01  5.503667e+00  0.000000e+00
     vertex  3.251851e+01  5.429430e+00  0.000000e+00
   endloop
 endfacet
 facet normal -4.435699e-01 -8.962398e-01 -0.000000e+00
   outer loop
     vertex  3.236851e+01  5.503667e+00  2.310000e+01
     vertex  3.236851e+01  5.503667e+00  0.000000e+00
     vertex  3.251851e+01  5.429430e+00  2.310000e+01
   endloop
 endfacet
 facet normal -4.188155e-01 -9.080714e-01 -0.000000e+00
   outer loop
     vertex  3.236851e+01  5.503667e+00  2.310000e+01
     vertex  3.221654e+01  5.573761e+00  0.000000e+00
     vertex  3.236851e+01  5.503667e+00  0.000000e+00
   endloop
 endfacet
 facet normal -4.188155e-01 -9.080714e-01 -0.000000e+00
   outer loop
     vertex  3.221654e+01  5.573761e+00  2.310000e+01
     vertex  3.221654e+01  5.573761e+00  0.000000e+00
     vertex  3.236851e+01  5.503667e+00  2.310000e+01
   endloop
 endfacet
 facet normal -3.937458e-01 -9.192194e-01  0.000000e+00
   outer loop
     vertex  3.206269e+01  5.639660e+00  2.310000e+01
     vertex  3.221654e+01  5.573761e+00  0.000000e+00
     vertex  3.221654e+01  5.573761e+00  2.310000e+01
   endloop
 endfacet
 facet normal -3.937458e-01 -9.192194e-01 -0.000000e+00
   outer loop
     vertex  3.206269e+01  5.639660e+00  2.310000e+01
     vertex  3.206269e+01  5.639660e+00  0.000000e+00
     vertex  3.221654e+01  5.573761e+00  0.000000e+00
   endloop
 endfacet
 facet normal -3.683796e-01 -9.296754e-01  0.000000e+00
   outer loop
     vertex  3.190710e+01  5.701313e+00  2.310000e+01
     vertex  3.206269e+01  5.639660e+00  0.000000e+00
     vertex  3.206269e+01  5.639660e+00  2.310000e+01
   endloop
 endfacet
 facet normal -3.683796e-01 -9.296754e-01 -0.000000e+00
   outer loop
     vertex  3.190710e+01  5.701313e+00  2.310000e+01
     vertex  3.190710e+01  5.701313e+00  0.000000e+00
     vertex  3.206269e+01  5.639660e+00  0.000000e+00
   endloop
 endfacet
 facet normal -3.427362e-01 -9.394317e-01  0.000000e+00
   outer loop
     vertex  3.174987e+01  5.758675e+00  2.310000e+01
     vertex  3.190710e+01  5.701313e+00  0.000000e+00
     vertex  3.190710e+01  5.701313e+00  2.310000e+01
   endloop
 endfacet
 facet normal -3.427362e-01 -9.394317e-01 -0.000000e+00
   outer loop
     vertex  3.174987e+01  5.758675e+00  2.310000e+01
     vertex  3.174987e+01  5.758675e+00  0.000000e+00
     vertex  3.190710e+01  5.701313e+00  0.000000e+00
   endloop
 endfacet
 facet normal -3.168348e-01 -9.484807e-01  0.000000e+00
   outer loop
     vertex  3.159113e+01  5.811701e+00  2.310000e+01
     vertex  3.174987e+01  5.758675e+00  0.000000e+00
     vertex  3.174987e+01  5.758675e+00  2.310000e+01
   endloop
 endfacet
 facet normal -3.168348e-01 -9.484807e-01 -0.000000e+00
   outer loop
     vertex  3.159113e+01  5.811701e+00  2.310000e+01
     vertex  3.159113e+01  5.811701e+00  0.000000e+00
     vertex  3.174987e+01  5.758675e+00  0.000000e+00
   endloop
 endfacet
 facet normal -2.906949e-01 -9.568158e-01 -0.000000e+00
   outer loop
     vertex  3.159113e+01  5.811701e+00  2.310000e+01
     vertex  3.143100e+01  5.860353e+00  0.000000e+00
     vertex  3.159113e+01  5.811701e+00  0.000000e+00
   endloop
 endfacet
 facet normal -2.906949e-01 -9.568158e-01 -0.000000e+00
   outer loop
     vertex  3.143100e+01  5.860353e+00  2.310000e+01
     vertex  3.143100e+01  5.860353e+00  0.000000e+00
     vertex  3.159113e+01  5.811701e+00  2.310000e+01
   endloop
 endfacet
 facet normal -2.643362e-01 -9.644306e-01 -0.000000e+00
   outer loop
     vertex  3.143100e+01  5.860353e+00  2.310000e+01
     vertex  3.126958e+01  5.904593e+00  0.000000e+00
     vertex  3.143100e+01  5.860353e+00  0.000000e+00
   endloop
 endfacet
 facet normal -2.643362e-01 -9.644306e-01 -0.000000e+00
   outer loop
     vertex  3.126958e+01  5.904593e+00  2.310000e+01
     vertex  3.126958e+01  5.904593e+00  0.000000e+00
     vertex  3.143100e+01  5.860353e+00  2.310000e+01
   endloop
 endfacet
 facet normal -2.377784e-01 -9.713194e-01  0.000000e+00
   outer loop
     vertex  3.110702e+01  5.944389e+00  2.310000e+01
     vertex  3.126958e+01  5.904593e+00  0.000000e+00
     vertex  3.126958e+01  5.904593e+00  2.310000e+01
   endloop
 endfacet
 facet normal -2.377784e-01 -9.713194e-01 -0.000000e+00
   outer loop
     vertex  3.110702e+01  5.944389e+00  2.310000e+01
     vertex  3.110702e+01  5.944389e+00  0.000000e+00
     vertex  3.126958e+01  5.904593e+00  0.000000e+00
   endloop
 endfacet
 facet normal -2.110417e-01 -9.774771e-01 -0.000000e+00
   outer loop
     vertex  3.110702e+01  5.944389e+00  2.310000e+01
     vertex  3.094343e+01  5.979709e+00  0.000000e+00
     vertex  3.110702e+01  5.944389e+00  0.000000e+00
   endloop
 endfacet
 facet normal -2.110417e-01 -9.774771e-01 -0.000000e+00
   outer loop
     vertex  3.094343e+01  5.979709e+00  2.310000e+01
     vertex  3.094343e+01  5.979709e+00  0.000000e+00
     vertex  3.110702e+01  5.944389e+00  2.310000e+01
   endloop
 endfacet
 facet normal -1.841461e-01 -9.828989e-01  0.000000e+00
   outer loop
     vertex  3.077893e+01  6.010529e+00  2.310000e+01
     vertex  3.094343e+01  5.979709e+00  0.000000e+00
     vertex  3.094343e+01  5.979709e+00  2.310000e+01
   endloop
 endfacet
 facet normal -1.841461e-01 -9.828989e-01 -0.000000e+00
   outer loop
     vertex  3.077893e+01  6.010529e+00  2.310000e+01
     vertex  3.077893e+01  6.010529e+00  0.000000e+00
     vertex  3.094343e+01  5.979709e+00  0.000000e+00
   endloop
 endfacet
 facet normal -1.571119e-01 -9.875808e-01 -0.000000e+00
   outer loop
     vertex  3.077893e+01  6.010529e+00  2.310000e+01
     vertex  3.061364e+01  6.036823e+00  0.000000e+00
     vertex  3.077893e+01  6.010529e+00  0.000000e+00
   endloop
 endfacet
 facet normal -1.571119e-01 -9.875808e-01 -0.000000e+00
   outer loop
     vertex  3.061364e+01  6.036823e+00  2.310000e+01
     vertex  3.061364e+01  6.036823e+00  0.000000e+00
     vertex  3.077893e+01  6.010529e+00  2.310000e+01
   endloop
 endfacet
 facet normal -1.299594e-01 -9.915193e-01 -0.000000e+00
   outer loop
     vertex  3.061364e+01  6.036823e+00  2.310000e+01
     vertex  3.044770e+01  6.058574e+00  0.000000e+00
     vertex  3.061364e+01  6.036823e+00  0.000000e+00
   endloop
 endfacet
 facet normal -1.299594e-01 -9.915193e-01 -0.000000e+00
   outer loop
     vertex  3.044770e+01  6.058574e+00  2.310000e+01
     vertex  3.044770e+01  6.058574e+00  0.000000e+00
     vertex  3.061364e+01  6.036823e+00  2.310000e+01
   endloop
 endfacet
 facet normal -1.027091e-01 -9.947114e-01  0.000000e+00
   outer loop
     vertex  3.028122e+01  6.075764e+00  2.310000e+01
     vertex  3.044770e+01  6.058574e+00  0.000000e+00
     vertex  3.044770e+01  6.058574e+00  2.310000e+01
   endloop
 endfacet
 facet normal -1.027091e-01 -9.947114e-01 -0.000000e+00
   outer loop
     vertex  3.028122e+01  6.075764e+00  2.310000e+01
     vertex  3.028122e+01  6.075764e+00  0.000000e+00
     vertex  3.044770e+01  6.058574e+00  0.000000e+00
   endloop
 endfacet
 facet normal -7.538152e-02 -9.971548e-01  0.000000e+00
   outer loop
     vertex  3.011433e+01  6.088380e+00  2.310000e+01
     vertex  3.028122e+01  6.075764e+00  0.000000e+00
     vertex  3.028122e+01  6.075764e+00  2.310000e+01
   endloop
 endfacet
 facet normal -7.538152e-02 -9.971548e-01 -0.000000e+00
   outer loop
     vertex  3.011433e+01  6.088380e+00  2.310000e+01
     vertex  3.011433e+01  6.088380e+00  0.000000e+00
     vertex  3.028122e+01  6.075764e+00  0.000000e+00
   endloop
 endfacet
 facet normal -4.799716e-02 -9.988475e-01  0.000000e+00
   outer loop
     vertex  2.994716e+01  6.096413e+00  2.310000e+01
     vertex  3.011433e+01  6.088380e+00  0.000000e+00
     vertex  3.011433e+01  6.088380e+00  2.310000e+01
   endloop
 endfacet
 facet normal -4.799716e-02 -9.988475e-01 -0.000000e+00
   outer loop
     vertex  2.994716e+01  6.096413e+00  2.310000e+01
     vertex  2.994716e+01  6.096413e+00  0.000000e+00
     vertex  3.011433e+01  6.088380e+00  0.000000e+00
   endloop
 endfacet
 facet normal -2.057667e-02 -9.997883e-01 -0.000000e+00
   outer loop
     vertex  2.977983e+01  6.099856e+00  2.310000e+01
     vertex  2.977983e+01  6.099856e+00  0.000000e+00
     vertex  2.994716e+01  6.096413e+00  0.000000e+00
   endloop
 endfacet
 facet normal -2.057667e-02 -9.997883e-01  0.000000e+00
   outer loop
     vertex  2.977983e+01  6.099856e+00  2.310000e+01
     vertex  2.994716e+01  6.096413e+00  0.000000e+00
     vertex  2.994716e+01  6.096413e+00  2.310000e+01
   endloop
 endfacet
 facet normal  6.859319e-03 -9.999765e-01  0.000000e+00
   outer loop
     vertex  2.961247e+01  6.098708e+00  2.310000e+01
     vertex  2.961247e+01  6.098708e+00  0.000000e+00
     vertex  2.977983e+01  6.099856e+00  0.000000e+00
   endloop
 endfacet
 facet normal  3.429014e-02 -9.994119e-01  0.000000e+00
   outer loop
     vertex  2.961247e+01  6.098708e+00  2.310000e+01
     vertex  2.944521e+01  6.092970e+00  0.000000e+00
     vertex  2.961247e+01  6.098708e+00  0.000000e+00
   endloop
 endfacet
 facet normal  6.859319e-03 -9.999765e-01  0.000000e+00
   outer loop
     vertex  2.961247e+01  6.098708e+00  2.310000e+01
     vertex  2.977983e+01  6.099856e+00  0.000000e+00
     vertex  2.977983e+01  6.099856e+00  2.310000e+01
   endloop
 endfacet
 facet normal  3.429014e-02 -9.994119e-01  0.000000e+00
   outer loop
     vertex  2.944521e+01  6.092970e+00  2.310000e+01
     vertex  2.944521e+01  6.092970e+00  0.000000e+00
     vertex  2.961247e+01  6.098708e+00  2.310000e+01
   endloop
 endfacet
 facet normal  6.169515e-02 -9.980950e-01  0.000000e+00
   outer loop
     vertex  2.927816e+01  6.082644e+00  2.310000e+01
     vertex  2.927816e+01  6.082644e+00  0.000000e+00
     vertex  2.944521e+01  6.092970e+00  0.000000e+00
   endloop
 endfacet
 facet normal  6.169515e-02 -9.980950e-01  0.000000e+00
   outer loop
     vertex  2.927816e+01  6.082644e+00  2.310000e+01
     vertex  2.944521e+01  6.092970e+00  0.000000e+00
     vertex  2.944521e+01  6.092970e+00  2.310000e+01
   endloop
 endfacet
 facet normal  8.905371e-02 -9.960268e-01  0.000000e+00
   outer loop
     vertex  2.911147e+01  6.067740e+00  2.310000e+01
     vertex  2.927816e+01  6.082644e+00  0.000000e+00
     vertex  2.927816e+01  6.082644e+00  2.310000e+01
   endloop
 endfacet
 facet normal  8.905371e-02 -9.960268e-01  0.000000e+00
   outer loop
     vertex  2.911147e+01  6.067740e+00  2.310000e+01
     vertex  2.911147e+01  6.067740e+00  0.000000e+00
     vertex  2.927816e+01  6.082644e+00  0.000000e+00
   endloop
 endfacet
 facet normal  1.163452e-01 -9.932088e-01  0.000000e+00
   outer loop
     vertex  2.894524e+01  6.048268e+00  2.310000e+01
     vertex  2.911147e+01  6.067740e+00  0.000000e+00
     vertex  2.911147e+01  6.067740e+00  2.310000e+01
   endloop
 endfacet
 facet normal  1.163452e-01 -9.932088e-01  0.000000e+00
   outer loop
     vertex  2.894524e+01  6.048268e+00  2.310000e+01
     vertex  2.894524e+01  6.048268e+00  0.000000e+00
     vertex  2.911147e+01  6.067740e+00  0.000000e+00
   endloop
 endfacet
 facet normal  1.435492e-01 -9.896432e-01  0.000000e+00
   outer loop
     vertex  2.877961e+01  6.024243e+00  2.310000e+01
     vertex  2.894524e+01  6.048268e+00  0.000000e+00
     vertex  2.894524e+01  6.048268e+00  2.310000e+01
   endloop
 endfacet
 facet normal  1.435492e-01 -9.896432e-01  0.000000e+00
   outer loop
     vertex  2.877961e+01  6.024243e+00  2.310000e+01
     vertex  2.877961e+01  6.024243e+00  0.000000e+00
     vertex  2.894524e+01  6.048268e+00  0.000000e+00
   endloop
 endfacet
 facet normal  1.706451e-01 -9.853326e-01  0.000000e+00
   outer loop
     vertex  2.861470e+01  5.995683e+00  2.310000e+01
     vertex  2.877961e+01  6.024243e+00  0.000000e+00
     vertex  2.877961e+01  6.024243e+00  2.310000e+01
   endloop
 endfacet
 facet normal  1.706451e-01 -9.853326e-01  0.000000e+00
   outer loop
     vertex  2.861470e+01  5.995683e+00  2.310000e+01
     vertex  2.861470e+01  5.995683e+00  0.000000e+00
     vertex  2.877961e+01  6.024243e+00  0.000000e+00
   endloop
 endfacet
 facet normal  1.976125e-01 -9.802802e-01  0.000000e+00
   outer loop
     vertex  2.845064e+01  5.962610e+00  2.310000e+01
     vertex  2.861470e+01  5.995683e+00  0.000000e+00
     vertex  2.861470e+01  5.995683e+00  2.310000e+01
   endloop
 endfacet
 facet normal  1.976125e-01 -9.802802e-01  0.000000e+00
   outer loop
     vertex  2.845064e+01  5.962610e+00  2.310000e+01
     vertex  2.845064e+01  5.962610e+00  0.000000e+00
     vertex  2.861470e+01  5.995683e+00  0.000000e+00
   endloop
 endfacet
 facet normal  2.244312e-01 -9.744899e-01  0.000000e+00
   outer loop
     vertex  2.845064e+01  5.962610e+00  2.310000e+01
     vertex  2.828754e+01  5.925048e+00  0.000000e+00
     vertex  2.845064e+01  5.962610e+00  0.000000e+00
   endloop
 endfacet
 facet normal  2.244312e-01 -9.744899e-01  0.000000e+00
   outer loop
     vertex  2.828754e+01  5.925048e+00  2.310000e+01
     vertex  2.828754e+01  5.925048e+00  0.000000e+00
     vertex  2.845064e+01  5.962610e+00  2.310000e+01
   endloop
 endfacet
 facet normal  2.510809e-01 -9.679661e-01  0.000000e+00
   outer loop
     vertex  2.812554e+01  5.883027e+00  2.310000e+01
     vertex  2.828754e+01  5.925048e+00  0.000000e+00
     vertex  2.828754e+01  5.925048e+00  2.310000e+01
   endloop
 endfacet
 facet normal  2.510809e-01 -9.679661e-01  0.000000e+00
   outer loop
     vertex  2.812554e+01  5.883027e+00  2.310000e+01
     vertex  2.812554e+01  5.883027e+00  0.000000e+00
     vertex  2.828754e+01  5.925048e+00  0.000000e+00
   endloop
 endfacet
 facet normal  2.775416e-01 -9.607136e-01  0.000000e+00
   outer loop
     vertex  2.796475e+01  5.836576e+00  2.310000e+01
     vertex  2.812554e+01  5.883027e+00  0.000000e+00
     vertex  2.812554e+01  5.883027e+00  2.310000e+01
   endloop
 endfacet
 facet normal  2.775416e-01 -9.607136e-01  0.000000e+00
   outer loop
     vertex  2.796475e+01  5.836576e+00  2.310000e+01
     vertex  2.796475e+01  5.836576e+00  0.000000e+00
     vertex  2.812554e+01  5.883027e+00  0.000000e+00
   endloop
 endfacet
 facet normal  3.037934e-01 -9.527379e-01  0.000000e+00
   outer loop
     vertex  2.780530e+01  5.785732e+00  2.310000e+01
     vertex  2.796475e+01  5.836576e+00  0.000000e+00
     vertex  2.796475e+01  5.836576e+00  2.310000e+01
   endloop
 endfacet
 facet normal  3.037934e-01 -9.527379e-01  0.000000e+00
   outer loop
     vertex  2.780530e+01  5.785732e+00  2.310000e+01
     vertex  2.780530e+01  5.785732e+00  0.000000e+00
     vertex  2.796475e+01  5.836576e+00  0.000000e+00
   endloop
 endfacet
 facet normal  3.298166e-01 -9.440450e-01  0.000000e+00
   outer loop
     vertex  2.780530e+01  5.785732e+00  2.310000e+01
     vertex  2.764730e+01  5.730533e+00  0.000000e+00
     vertex  2.780530e+01  5.785732e+00  0.000000e+00
   endloop
 endfacet
 facet normal  3.298166e-01 -9.440450e-01  0.000000e+00
   outer loop
     vertex  2.764730e+01  5.730533e+00  2.310000e+01
     vertex  2.764730e+01  5.730533e+00  0.000000e+00
     vertex  2.780530e+01  5.785732e+00  2.310000e+01
   endloop
 endfacet
 facet normal  3.555914e-01 -9.346415e-01  0.000000e+00
   outer loop
     vertex  2.749088e+01  5.671020e+00  2.310000e+01
     vertex  2.764730e+01  5.730533e+00  0.000000e+00
     vertex  2.764730e+01  5.730533e+00  2.310000e+01
   endloop
 endfacet
 facet normal  3.555914e-01 -9.346415e-01  0.000000e+00
   outer loop
     vertex  2.749088e+01  5.671020e+00  2.310000e+01
     vertex  2.749088e+01  5.671020e+00  0.000000e+00
     vertex  2.764730e+01  5.730533e+00  0.000000e+00
   endloop
 endfacet
 facet normal  3.810986e-01 -9.245344e-01  0.000000e+00
   outer loop
     vertex  2.749088e+01  5.671020e+00  2.310000e+01
     vertex  2.733614e+01  5.607238e+00  0.000000e+00
     vertex  2.749088e+01  5.671020e+00  0.000000e+00
   endloop
 endfacet
 facet normal  4.063188e-01 -9.137314e-01  0.000000e+00
   outer loop
     vertex  2.733614e+01  5.607238e+00  2.310000e+01
     vertex  2.718322e+01  5.539235e+00  0.000000e+00
     vertex  2.733614e+01  5.607238e+00  0.000000e+00
   endloop
 endfacet
 facet normal  3.810986e-01 -9.245344e-01  0.000000e+00
   outer loop
     vertex  2.733614e+01  5.607238e+00  2.310000e+01
     vertex  2.733614e+01  5.607238e+00  0.000000e+00
     vertex  2.749088e+01  5.671020e+00  2.310000e+01
   endloop
 endfacet
 facet normal  4.063188e-01 -9.137314e-01  0.000000e+00
   outer loop
     vertex  2.718322e+01  5.539235e+00  2.310000e+01
     vertex  2.718322e+01  5.539235e+00  0.000000e+00
     vertex  2.733614e+01  5.607238e+00  2.310000e+01
   endloop
 endfacet
 facet normal  4.312333e-01 -9.022405e-01  0.000000e+00
   outer loop
     vertex  2.703221e+01  5.467063e+00  2.310000e+01
     vertex  2.703221e+01  5.467063e+00  0.000000e+00
     vertex  2.718322e+01  5.539235e+00  0.000000e+00
   endloop
 endfacet
 facet normal  4.312333e-01 -9.022405e-01  0.000000e+00
   outer loop
     vertex  2.703221e+01  5.467063e+00  2.310000e+01
     vertex  2.718322e+01  5.539235e+00  0.000000e+00
     vertex  2.718322e+01  5.539235e+00  2.310000e+01
   endloop
 endfacet
 facet normal  4.558231e-01 -8.900704e-01  0.000000e+00
   outer loop
     vertex  2.688325e+01  5.390775e+00  2.310000e+01
     vertex  2.688325e+01  5.390775e+00  0.000000e+00
     vertex  2.703221e+01  5.467063e+00  0.000000e+00
   endloop
 endfacet
 facet normal  4.558231e-01 -8.900704e-01  0.000000e+00
   outer loop
     vertex  2.688325e+01  5.390775e+00  2.310000e+01
     vertex  2.703221e+01  5.467063e+00  0.000000e+00
     vertex  2.703221e+01  5.467063e+00  2.310000e+01
   endloop
 endfacet
 facet normal  4.800697e-01 -8.772303e-01  0.000000e+00
   outer loop
     vertex  2.673643e+01  5.310428e+00  2.310000e+01
     vertex  2.673643e+01  5.310428e+00  0.000000e+00
     vertex  2.688325e+01  5.390775e+00  0.000000e+00
   endloop
 endfacet
 facet normal  4.800697e-01 -8.772303e-01  0.000000e+00
   outer loop
     vertex  2.673643e+01  5.310428e+00  2.310000e+01
     vertex  2.688325e+01  5.390775e+00  0.000000e+00
     vertex  2.688325e+01  5.390775e+00  2.310000e+01
   endloop
 endfacet
 facet normal  5.039550e-01 -8.637299e-01  0.000000e+00
   outer loop
     vertex  2.659188e+01  5.226085e+00  2.310000e+01
     vertex  2.659188e+01  5.226085e+00  0.000000e+00
     vertex  2.673643e+01  5.310428e+00  0.000000e+00
   endloop
 endfacet
 facet normal  5.039550e-01 -8.637299e-01  0.000000e+00
   outer loop
     vertex  2.659188e+01  5.226085e+00  2.310000e+01
     vertex  2.673643e+01  5.310428e+00  0.000000e+00
     vertex  2.673643e+01  5.310428e+00  2.310000e+01
   endloop
 endfacet
 facet normal  5.274609e-01 -8.495793e-01  0.000000e+00
   outer loop
     vertex  2.644969e+01  5.137807e+00  2.310000e+01
     vertex  2.644969e+01  5.137807e+00  0.000000e+00
     vertex  2.659188e+01  5.226085e+00  0.000000e+00
   endloop
 endfacet
 facet normal  5.274609e-01 -8.495793e-01  0.000000e+00
   outer loop
     vertex  2.644969e+01  5.137807e+00  2.310000e+01
     vertex  2.659188e+01  5.226085e+00  0.000000e+00
     vertex  2.659188e+01  5.226085e+00  2.310000e+01
   endloop
 endfacet
 facet normal  5.505698e-01 -8.347891e-01  0.000000e+00
   outer loop
     vertex  2.630997e+01  5.045662e+00  2.310000e+01
     vertex  2.630997e+01  5.045662e+00  0.000000e+00
     vertex  2.644969e+01  5.137807e+00  0.000000e+00
   endloop
 endfacet
 facet normal  5.505698e-01 -8.347891e-01  0.000000e+00
   outer loop
     vertex  2.630997e+01  5.045662e+00  2.310000e+01
     vertex  2.644969e+01  5.137807e+00  0.000000e+00
     vertex  2.644969e+01  5.137807e+00  2.310000e+01
   endloop
 endfacet
 facet normal  5.732642e-01 -8.193706e-01  0.000000e+00
   outer loop
     vertex  2.617284e+01  4.949718e+00  2.310000e+01
     vertex  2.617284e+01  4.949718e+00  0.000000e+00
     vertex  2.630997e+01  5.045662e+00  0.000000e+00
   endloop
 endfacet
 facet normal  5.732642e-01 -8.193706e-01  0.000000e+00
   outer loop
     vertex  2.617284e+01  4.949718e+00  2.310000e+01
     vertex  2.630997e+01  5.045662e+00  0.000000e+00
     vertex  2.630997e+01  5.045662e+00  2.310000e+01
   endloop
 endfacet
 facet normal  5.955271e-01 -8.033352e-01  0.000000e+00
   outer loop
     vertex  2.603839e+01  4.850049e+00  2.310000e+01
     vertex  2.603839e+01  4.850049e+00  0.000000e+00
     vertex  2.617284e+01  4.949718e+00  0.000000e+00
   endloop
 endfacet
 facet normal  5.955271e-01 -8.033352e-01  0.000000e+00
   outer loop
     vertex  2.603839e+01  4.850049e+00  2.310000e+01
     vertex  2.617284e+01  4.949718e+00  0.000000e+00
     vertex  2.617284e+01  4.949718e+00  2.310000e+01
   endloop
 endfacet
 facet normal  6.173417e-01 -7.866951e-01  0.000000e+00
   outer loop
     vertex  2.590673e+01  4.746728e+00  2.310000e+01
     vertex  2.590673e+01  4.746728e+00  0.000000e+00
     vertex  2.603839e+01  4.850049e+00  0.000000e+00
   endloop
 endfacet
 facet normal  6.173417e-01 -7.866951e-01  0.000000e+00
   outer loop
     vertex  2.590673e+01  4.746728e+00  2.310000e+01
     vertex  2.603839e+01  4.850049e+00  0.000000e+00
     vertex  2.603839e+01  4.850049e+00  2.310000e+01
   endloop
 endfacet
 facet normal  6.386916e-01 -7.694628e-01  0.000000e+00
   outer loop
     vertex  2.577795e+01  4.639835e+00  2.310000e+01
     vertex  2.577795e+01  4.639835e+00  0.000000e+00
     vertex  2.590673e+01  4.746728e+00  0.000000e+00
   endloop
 endfacet
 facet normal  6.386916e-01 -7.694628e-01  0.000000e+00
   outer loop
     vertex  2.577795e+01  4.639835e+00  2.310000e+01
     vertex  2.590673e+01  4.746728e+00  0.000000e+00
     vertex  2.590673e+01  4.746728e+00  2.310000e+01
   endloop
 endfacet
 facet normal  6.595607e-01 -7.516513e-01  0.000000e+00
   outer loop
     vertex  2.565215e+01  4.529448e+00  2.310000e+01
     vertex  2.565215e+01  4.529448e+00  0.000000e+00
     vertex  2.577795e+01  4.639835e+00  0.000000e+00
   endloop
 endfacet
 facet normal  6.595607e-01 -7.516513e-01  0.000000e+00
   outer loop
     vertex  2.565215e+01  4.529448e+00  2.310000e+01
     vertex  2.577795e+01  4.639835e+00  0.000000e+00
     vertex  2.577795e+01  4.639835e+00  2.310000e+01
   endloop
 endfacet
 facet normal  6.799333e-01 -7.332740e-01  0.000000e+00
   outer loop
     vertex  2.552943e+01  4.415653e+00  2.310000e+01
     vertex  2.552943e+01  4.415653e+00  0.000000e+00
     vertex  2.565215e+01  4.529448e+00  0.000000e+00
   endloop
 endfacet
 facet normal  6.799333e-01 -7.332740e-01  0.000000e+00
   outer loop
     vertex  2.552943e+01  4.415653e+00  2.310000e+01
     vertex  2.565215e+01  4.529448e+00  0.000000e+00
     vertex  2.565215e+01  4.529448e+00  2.310000e+01
   endloop
 endfacet
 facet normal  6.997940e-01 -7.143447e-01  0.000000e+00
   outer loop
     vertex  2.540987e+01  4.298533e+00  2.310000e+01
     vertex  2.540987e+01  4.298533e+00  0.000000e+00
     vertex  2.552943e+01  4.415653e+00  0.000000e+00
   endloop
 endfacet
 facet normal  6.997940e-01 -7.143447e-01  0.000000e+00
   outer loop
     vertex  2.540987e+01  4.298533e+00  2.310000e+01
     vertex  2.552943e+01  4.415653e+00  0.000000e+00
     vertex  2.552943e+01  4.415653e+00  2.310000e+01
   endloop
 endfacet
 facet normal  7.191280e-01 -6.948776e-01  0.000000e+00
   outer loop
     vertex  2.529357e+01  4.178177e+00  2.310000e+01
     vertex  2.540987e+01  4.298533e+00  0.000000e+00
     vertex  2.540987e+01  4.298533e+00  2.310000e+01
   endloop
 endfacet
 facet normal  7.191280e-01 -6.948776e-01  0.000000e+00
   outer loop
     vertex  2.529357e+01  4.178177e+00  2.310000e+01
     vertex  2.529357e+01  4.178177e+00  0.000000e+00
     vertex  2.540987e+01  4.298533e+00  0.000000e+00
   endloop
 endfacet
 facet normal  7.379206e-01 -6.748875e-01  0.000000e+00
   outer loop
     vertex  2.529357e+01  4.178177e+00  2.310000e+01
     vertex  2.518062e+01  4.054676e+00  0.000000e+00
     vertex  2.529357e+01  4.178177e+00  0.000000e+00
   endloop
 endfacet
 facet normal  7.379206e-01 -6.748875e-01  0.000000e+00
   outer loop
     vertex  2.518062e+01  4.054676e+00  2.310000e+01
     vertex  2.518062e+01  4.054676e+00  0.000000e+00
     vertex  2.529357e+01  4.178177e+00  2.310000e+01
   endloop
 endfacet
 facet normal  7.561578e-01 -6.543893e-01  0.000000e+00
   outer loop
     vertex  2.507110e+01  3.928123e+00  2.310000e+01
     vertex  2.518062e+01  4.054676e+00  0.000000e+00
     vertex  2.518062e+01  4.054676e+00  2.310000e+01
   endloop
 endfacet
 facet normal  7.561578e-01 -6.543893e-01  0.000000e+00
   outer loop
     vertex  2.507110e+01  3.928123e+00  2.310000e+01
     vertex  2.507110e+01  3.928123e+00  0.000000e+00
     vertex  2.518062e+01  4.054676e+00  0.000000e+00
   endloop
 endfacet
 facet normal  7.738257e-01 -6.333986e-01  0.000000e+00
   outer loop
     vertex  2.496509e+01  3.798613e+00  2.310000e+01
     vertex  2.496509e+01  3.798613e+00  0.000000e+00
     vertex  2.507110e+01  3.928123e+00  0.000000e+00
   endloop
 endfacet
 facet normal  7.738257e-01 -6.333986e-01  0.000000e+00
   outer loop
     vertex  2.496509e+01  3.798613e+00  2.310000e+01
     vertex  2.507110e+01  3.928123e+00  0.000000e+00
     vertex  2.507110e+01  3.928123e+00  2.310000e+01
   endloop
 endfacet
 facet normal  7.909112e-01 -6.119310e-01  0.000000e+00
   outer loop
     vertex  2.486268e+01  3.666243e+00  2.310000e+01
     vertex  2.486268e+01  3.666243e+00  0.000000e+00
     vertex  2.496509e+01  3.798613e+00  0.000000e+00
   endloop
 endfacet
 facet normal  7.909112e-01 -6.119310e-01  0.000000e+00
   outer loop
     vertex  2.486268e+01  3.666243e+00  2.310000e+01
     vertex  2.496509e+01  3.798613e+00  0.000000e+00
     vertex  2.496509e+01  3.798613e+00  2.310000e+01
   endloop
 endfacet
 facet normal  8.074012e-01 -5.900028e-01  0.000000e+00
   outer loop
     vertex  2.476393e+01  3.531114e+00  2.310000e+01
     vertex  2.476393e+01  3.531114e+00  0.000000e+00
     vertex  2.486268e+01  3.666243e+00  0.000000e+00
   endloop
 endfacet
 facet normal  8.074012e-01 -5.900028e-01  0.000000e+00
   outer loop
     vertex  2.476393e+01  3.531114e+00  2.310000e+01
     vertex  2.486268e+01  3.666243e+00  0.000000e+00
     vertex  2.486268e+01  3.666243e+00  2.310000e+01
   endloop
 endfacet
 facet normal  8.232835e-01 -5.676304e-01  0.000000e+00
   outer loop
     vertex  2.466893e+01  3.393326e+00  2.310000e+01
     vertex  2.466893e+01  3.393326e+00  0.000000e+00
     vertex  2.476393e+01  3.531114e+00  0.000000e+00
   endloop
 endfacet
 facet normal  8.232835e-01 -5.676304e-01  0.000000e+00
   outer loop
     vertex  2.466893e+01  3.393326e+00  2.310000e+01
     vertex  2.476393e+01  3.531114e+00  0.000000e+00
     vertex  2.476393e+01  3.531114e+00  2.310000e+01
   endloop
 endfacet
 facet normal  8.385460e-01 -5.448308e-01  0.000000e+00
   outer loop
     vertex  2.457775e+01  3.252984e+00  2.310000e+01
     vertex  2.457775e+01  3.252984e+00  0.000000e+00
     vertex  2.466893e+01  3.393326e+00  0.000000e+00
   endloop
 endfacet
 facet normal  8.385460e-01 -5.448308e-01  0.000000e+00
   outer loop
     vertex  2.457775e+01  3.252984e+00  2.310000e+01
     vertex  2.466893e+01  3.393326e+00  0.000000e+00
     vertex  2.466893e+01  3.393326e+00  2.310000e+01
   endloop
 endfacet
 facet normal  8.531773e-01 -5.216210e-01  0.000000e+00
   outer loop
     vertex  2.449045e+01  3.110193e+00  2.310000e+01
     vertex  2.449045e+01  3.110193e+00  0.000000e+00
     vertex  2.457775e+01  3.252984e+00  0.000000e+00
   endloop
 endfacet
 facet normal  8.531773e-01 -5.216210e-01  0.000000e+00
   outer loop
     vertex  2.449045e+01  3.110193e+00  2.310000e+01
     vertex  2.457775e+01  3.252984e+00  0.000000e+00
     vertex  2.457775e+01  3.252984e+00  2.310000e+01
   endloop
 endfacet
 facet normal  8.671664e-01 -4.980186e-01  0.000000e+00
   outer loop
     vertex  2.440710e+01  2.965061e+00  2.310000e+01
     vertex  2.440710e+01  2.965061e+00  0.000000e+00
     vertex  2.449045e+01  3.110193e+00  0.000000e+00
   endloop
 endfacet
 facet normal  8.671664e-01 -4.980186e-01  0.000000e+00
   outer loop
     vertex  2.440710e+01  2.965061e+00  2.310000e+01
     vertex  2.449045e+01  3.110193e+00  0.000000e+00
     vertex  2.449045e+01  3.110193e+00  2.310000e+01
   endloop
 endfacet
 facet normal  8.805026e-01 -4.740412e-01  0.000000e+00
   outer loop
     vertex  2.432776e+01  2.817697e+00  2.310000e+01
     vertex  2.432776e+01  2.817697e+00  0.000000e+00
     vertex  2.440710e+01  2.965061e+00  0.000000e+00
   endloop
 endfacet
 facet normal  8.805026e-01 -4.740412e-01  0.000000e+00
   outer loop
     vertex  2.432776e+01  2.817697e+00  2.310000e+01
     vertex  2.440710e+01  2.965061e+00  0.000000e+00
     vertex  2.440710e+01  2.965061e+00  2.310000e+01
   endloop
 endfacet
 facet normal  8.931761e-01 -4.497071e-01  0.000000e+00
   outer loop
     vertex  2.425250e+01  2.668212e+00  2.310000e+01
     vertex  2.425250e+01  2.668212e+00  0.000000e+00
     vertex  2.432776e+01  2.817697e+00  0.000000e+00
   endloop
 endfacet
 facet normal  8.931761e-01 -4.497071e-01  0.000000e+00
   outer loop
     vertex  2.425250e+01  2.668212e+00  2.310000e+01
     vertex  2.432776e+01  2.817697e+00  0.000000e+00
     vertex  2.432776e+01  2.817697e+00  2.310000e+01
   endloop
 endfacet
 facet normal  9.051772e-01 -4.250344e-01  0.000000e+00
   outer loop
     vertex  2.418136e+01  2.516719e+00  2.310000e+01
     vertex  2.418136e+01  2.516719e+00  0.000000e+00
     vertex  2.425250e+01  2.668212e+00  0.000000e+00
   endloop
 endfacet
 facet normal  9.051772e-01 -4.250344e-01  0.000000e+00
   outer loop
     vertex  2.418136e+01  2.516719e+00  2.310000e+01
     vertex  2.425250e+01  2.668212e+00  0.000000e+00
     vertex  2.425250e+01  2.668212e+00  2.310000e+01
   endloop
 endfacet
 facet normal  9.164969e-01 -4.000417e-01  0.000000e+00
   outer loop
     vertex  2.411441e+01  2.363331e+00  2.310000e+01
     vertex  2.411441e+01  2.363331e+00  0.000000e+00
     vertex  2.418136e+01  2.516719e+00  0.000000e+00
   endloop
 endfacet
 facet normal  9.164969e-01 -4.000417e-01  0.000000e+00
   outer loop
     vertex  2.411441e+01  2.363331e+00  2.310000e+01
     vertex  2.418136e+01  2.516719e+00  0.000000e+00
     vertex  2.418136e+01  2.516719e+00  2.310000e+01
   endloop
 endfacet
 facet normal  9.271267e-01 -3.747479e-01  0.000000e+00
   outer loop
     vertex  2.405169e+01  2.208164e+00  2.310000e+01
     vertex  2.405169e+01  2.208164e+00  0.000000e+00
     vertex  2.411441e+01  2.363331e+00  0.000000e+00
   endloop
 endfacet
 facet normal  9.271267e-01 -3.747479e-01  0.000000e+00
   outer loop
     vertex  2.405169e+01  2.208164e+00  2.310000e+01
     vertex  2.411441e+01  2.363331e+00  0.000000e+00
     vertex  2.411441e+01  2.363331e+00  2.310000e+01
   endloop
 endfacet
 facet normal  9.370586e-01 -3.491720e-01  0.000000e+00
   outer loop
     vertex  2.399325e+01  2.051334e+00  2.310000e+01
     vertex  2.399325e+01  2.051334e+00  0.000000e+00
     vertex  2.405169e+01  2.208164e+00  0.000000e+00
   endloop
 endfacet
 facet normal  9.370586e-01 -3.491720e-01  0.000000e+00
   outer loop
     vertex  2.399325e+01  2.051334e+00  2.310000e+01
     vertex  2.405169e+01  2.208164e+00  0.000000e+00
     vertex  2.405169e+01  2.208164e+00  2.310000e+01
   endloop
 endfacet
 facet normal  9.462851e-01 -3.233333e-01  0.000000e+00
   outer loop
     vertex  2.393914e+01  1.892961e+00  2.310000e+01
     vertex  2.393914e+01  1.892961e+00  0.000000e+00
     vertex  2.399325e+01  2.051334e+00  0.000000e+00
   endloop
 endfacet
 facet normal  9.462851e-01 -3.233333e-01  0.000000e+00
   outer loop
     vertex  2.393914e+01  1.892961e+00  2.310000e+01
     vertex  2.399325e+01  2.051334e+00  0.000000e+00
     vertex  2.399325e+01  2.051334e+00  2.310000e+01
   endloop
 endfacet
 facet normal  9.547993e-01 -2.972512e-01  0.000000e+00
   outer loop
     vertex  2.388939e+01  1.733162e+00  2.310000e+01
     vertex  2.388939e+01  1.733162e+00  0.000000e+00
     vertex  2.393914e+01  1.892961e+00  0.000000e+00
   endloop
 endfacet
 facet normal  9.547993e-01 -2.972512e-01  0.000000e+00
   outer loop
     vertex  2.388939e+01  1.733162e+00  2.310000e+01
     vertex  2.393914e+01  1.892961e+00  0.000000e+00
     vertex  2.393914e+01  1.892961e+00  2.310000e+01
   endloop
 endfacet
 facet normal  9.625948e-01 -2.709453e-01  0.000000e+00
   outer loop
     vertex  2.384404e+01  1.572059e+00  2.310000e+01
     vertex  2.384404e+01  1.572059e+00  0.000000e+00
     vertex  2.388939e+01  1.733162e+00  0.000000e+00
   endloop
 endfacet
 facet normal  9.625948e-01 -2.709453e-01  0.000000e+00
   outer loop
     vertex  2.384404e+01  1.572059e+00  2.310000e+01
     vertex  2.388939e+01  1.733162e+00  0.000000e+00
     vertex  2.388939e+01  1.733162e+00  2.310000e+01
   endloop
 endfacet
 facet normal  9.696656e-01 -2.444354e-01  0.000000e+00
   outer loop
     vertex  2.380313e+01  1.409773e+00  2.310000e+01
     vertex  2.380313e+01  1.409773e+00  0.000000e+00
     vertex  2.384404e+01  1.572059e+00  0.000000e+00
   endloop
 endfacet
 facet normal  9.696656e-01 -2.444354e-01  0.000000e+00
   outer loop
     vertex  2.380313e+01  1.409773e+00  2.310000e+01
     vertex  2.384404e+01  1.572059e+00  0.000000e+00
     vertex  2.384404e+01  1.572059e+00  2.310000e+01
   endloop
 endfacet
 facet normal  9.760065e-01 -2.177416e-01  0.000000e+00
   outer loop
     vertex  2.376669e+01  1.246425e+00  2.310000e+01
     vertex  2.376669e+01  1.246425e+00  0.000000e+00
     vertex  2.380313e+01  1.409773e+00  0.000000e+00
   endloop
 endfacet
 facet normal  9.760065e-01 -2.177416e-01  0.000000e+00
   outer loop
     vertex  2.376669e+01  1.246425e+00  2.310000e+01
     vertex  2.380313e+01  1.409773e+00  0.000000e+00
     vertex  2.380313e+01  1.409773e+00  2.310000e+01
   endloop
 endfacet
 facet normal  9.816126e-01 -1.908838e-01  0.000000e+00
   outer loop
     vertex  2.373474e+01  1.082139e+00  2.310000e+01
     vertex  2.373474e+01  1.082139e+00  0.000000e+00
     vertex  2.376669e+01  1.246425e+00  0.000000e+00
   endloop
 endfacet
 facet normal  9.816126e-01 -1.908838e-01  0.000000e+00
   outer loop
     vertex  2.373474e+01  1.082139e+00  2.310000e+01
     vertex  2.376669e+01  1.246425e+00  0.000000e+00
     vertex  2.376669e+01  1.246425e+00  2.310000e+01
   endloop
 endfacet
 facet normal  9.864799e-01 -1.638824e-01  0.000000e+00
   outer loop
     vertex  2.370732e+01  9.170380e-01  2.310000e+01
     vertex  2.370732e+01  9.170380e-01  0.000000e+00
     vertex  2.373474e+01  1.082139e+00  0.000000e+00
   endloop
 endfacet
 facet normal  9.864799e-01 -1.638824e-01  0.000000e+00
   outer loop
     vertex  2.370732e+01  9.170380e-01  2.310000e+01
     vertex  2.373474e+01  1.082139e+00  0.000000e+00
     vertex  2.373474e+01  1.082139e+00  2.310000e+01
   endloop
 endfacet
 facet normal  9.906046e-01 -1.367575e-01  0.000000e+00
   outer loop
     vertex  2.368443e+01  7.512470e-01  2.310000e+01
     vertex  2.368443e+01  7.512470e-01  0.000000e+00
     vertex  2.370732e+01  9.170380e-01  0.000000e+00
   endloop
 endfacet
 facet normal  9.906046e-01 -1.367575e-01  0.000000e+00
   outer loop
     vertex  2.368443e+01  7.512470e-01  2.310000e+01
     vertex  2.370732e+01  9.170380e-01  0.000000e+00
     vertex  2.370732e+01  9.170380e-01  2.310000e+01
   endloop
 endfacet
 facet normal  9.939835e-01 -1.095298e-01  0.000000e+00
   outer loop
     vertex  2.366610e+01  5.848905e-01  2.310000e+01
     vertex  2.368443e+01  7.512470e-01  0.000000e+00
     vertex  2.368443e+01  7.512470e-01  2.310000e+01
   endloop
 endfacet
 facet normal  9.939835e-01 -1.095298e-01  0.000000e+00
   outer loop
     vertex  2.366610e+01  5.848905e-01  2.310000e+01
     vertex  2.366610e+01  5.848905e-01  0.000000e+00
     vertex  2.368443e+01  7.512470e-01  0.000000e+00
   endloop
 endfacet
 facet normal  9.966142e-01 -8.221955e-02  0.000000e+00
   outer loop
     vertex  2.365234e+01  4.180937e-01  2.310000e+01
     vertex  2.366610e+01  5.848905e-01  0.000000e+00
     vertex  2.366610e+01  5.848905e-01  2.310000e+01
   endloop
 endfacet
 facet normal  9.966142e-01 -8.221955e-02  0.000000e+00
   outer loop
     vertex  2.365234e+01  4.180937e-01  2.310000e+01
     vertex  2.365234e+01  4.180937e-01  0.000000e+00
     vertex  2.366610e+01  5.848905e-01  0.000000e+00
   endloop
 endfacet
 facet normal  9.984947e-01 -5.484744e-02  0.000000e+00
   outer loop
     vertex  2.364316e+01  2.509822e-01  2.310000e+01
     vertex  2.365234e+01  4.180937e-01  0.000000e+00
     vertex  2.365234e+01  4.180937e-01  2.310000e+01
   endloop
 endfacet
 facet normal  9.984947e-01 -5.484744e-02  0.000000e+00
   outer loop
     vertex  2.364316e+01  2.509822e-01  2.310000e+01
     vertex  2.364316e+01  2.509822e-01  0.000000e+00
     vertex  2.365234e+01  4.180937e-01  0.000000e+00
   endloop
 endfacet
 facet normal  9.996236e-01 -2.743405e-02  0.000000e+00
   outer loop
     vertex  2.363857e+01  8.368172e-02  2.310000e+01
     vertex  2.364316e+01  2.509822e-01  0.000000e+00
     vertex  2.364316e+01  2.509822e-01  2.310000e+01
   endloop
 endfacet
 facet normal  9.996236e-01 -2.743405e-02  0.000000e+00
   outer loop
     vertex  2.363857e+01  8.368172e-02  2.310000e+01
     vertex  2.363857e+01  8.368172e-02  0.000000e+00
     vertex  2.364316e+01  2.509822e-01  0.000000e+00
   endloop
 endfacet
 facet normal  1.000000e+00 -0.000000e+00  0.000000e+00
   outer loop
     vertex  2.363857e+01 -8.368172e-02  2.310000e+01
     vertex  2.363857e+01  8.368172e-02  0.000000e+00
     vertex  2.363857e+01  8.368172e-02  2.310000e+01
   endloop
 endfacet
 facet normal  1.000000e+00  0.000000e+00  0.000000e+00
   outer loop
     vertex  2.363857e+01 -8.368172e-02  2.310000e+01
     vertex  2.363857e+01 -8.368172e-02  0.000000e+00
     vertex  2.363857e+01  8.368172e-02  0.000000e+00
   endloop
 endfacet
 facet normal  9.996236e-01  2.743405e-02  0.000000e+00
   outer loop
     vertex  2.364316e+01 -2.509822e-01  2.310000e+01
     vertex  2.363857e+01 -8.368172e-02  0.000000e+00
     vertex  2.363857e+01 -8.368172e-02  2.310000e+01
   endloop
 endfacet
 facet normal  9.996236e-01  2.743405e-02  0.000000e+00
   outer loop
     vertex  2.364316e+01 -2.509822e-01  2.310000e+01
     vertex  2.364316e+01 -2.509822e-01  0.000000e+00
     vertex  2.363857e+01 -8.368172e-02  0.000000e+00
   endloop
 endfacet
 facet normal  9.984947e-01  5.484744e-02  0.000000e+00
   outer loop
     vertex  2.365234e+01 -4.180937e-01  2.310000e+01
     vertex  2.364316e+01 -2.509822e-01  0.000000e+00
     vertex  2.364316e+01 -2.509822e-01  2.310000e+01
   endloop
 endfacet
 facet normal  9.984947e-01  5.484744e-02  0.000000e+00
   outer loop
     vertex  2.365234e+01 -4.180937e-01  2.310000e+01
     vertex  2.365234e+01 -4.180937e-01  0.000000e+00
     vertex  2.364316e+01 -2.509822e-01  0.000000e+00
   endloop
 endfacet
 facet normal  9.966142e-01  8.221955e-02  0.000000e+00
   outer loop
     vertex  2.366610e+01 -5.848905e-01  2.310000e+01
     vertex  2.365234e+01 -4.180937e-01  0.000000e+00
     vertex  2.365234e+01 -4.180937e-01  2.310000e+01
   endloop
 endfacet
 facet normal  9.966142e-01  8.221955e-02  0.000000e+00
   outer loop
     vertex  2.366610e+01 -5.848905e-01  2.310000e+01
     vertex  2.366610e+01 -5.848905e-01  0.000000e+00
     vertex  2.365234e+01 -4.180937e-01  0.000000e+00
   endloop
 endfacet
 facet normal  9.939835e-01  1.095298e-01  0.000000e+00
   outer loop
     vertex  2.368443e+01 -7.512470e-01  2.310000e+01
     vertex  2.366610e+01 -5.848905e-01  0.000000e+00
     vertex  2.366610e+01 -5.848905e-01  2.310000e+01
   endloop
 endfacet
 facet normal  9.939835e-01  1.095298e-01  0.000000e+00
   outer loop
     vertex  2.368443e+01 -7.512470e-01  2.310000e+01
     vertex  2.368443e+01 -7.512470e-01  0.000000e+00
     vertex  2.366610e+01 -5.848905e-01  0.000000e+00
   endloop
 endfacet
 facet normal  9.906046e-01  1.367575e-01  0.000000e+00
   outer loop
     vertex  2.370732e+01 -9.170380e-01  2.310000e+01
     vertex  2.368443e+01 -7.512470e-01  0.000000e+00
     vertex  2.368443e+01 -7.512470e-01  2.310000e+01
   endloop
 endfacet
 facet normal  9.906046e-01  1.367575e-01  0.000000e+00
   outer loop
     vertex  2.370732e+01 -9.170380e-01  2.310000e+01
     vertex  2.370732e+01 -9.170380e-01  0.000000e+00
     vertex  2.368443e+01 -7.512470e-01  0.000000e+00
   endloop
 endfacet
 facet normal  9.864799e-01  1.638824e-01  0.000000e+00
   outer loop
     vertex  2.373474e+01 -1.082139e+00  2.310000e+01
     vertex  2.370732e+01 -9.170380e-01  0.000000e+00
     vertex  2.370732e+01 -9.170380e-01  2.310000e+01
   endloop
 endfacet
 facet normal  9.864799e-01  1.638824e-01  0.000000e+00
   outer loop
     vertex  2.373474e+01 -1.082139e+00  2.310000e+01
     vertex  2.373474e+01 -1.082139e+00  0.000000e+00
     vertex  2.370732e+01 -9.170380e-01  0.000000e+00
   endloop
 endfacet
 facet normal  9.816126e-01  1.908838e-01  0.000000e+00
   outer loop
     vertex  2.376669e+01 -1.246425e+00  2.310000e+01
     vertex  2.373474e+01 -1.082139e+00  0.000000e+00
     vertex  2.373474e+01 -1.082139e+00  2.310000e+01
   endloop
 endfacet
 facet normal  9.816126e-01  1.908838e-01  0.000000e+00
   outer loop
     vertex  2.376669e+01 -1.246425e+00  2.310000e+01
     vertex  2.376669e+01 -1.246425e+00  0.000000e+00
     vertex  2.373474e+01 -1.082139e+00  0.000000e+00
   endloop
 endfacet
 facet normal  9.760065e-01  2.177416e-01  0.000000e+00
   outer loop
     vertex  2.380313e+01 -1.409773e+00  2.310000e+01
     vertex  2.380313e+01 -1.409773e+00  0.000000e+00
     vertex  2.376669e+01 -1.246425e+00  0.000000e+00
   endloop
 endfacet
 facet normal  9.760065e-01  2.177416e-01  0.000000e+00
   outer loop
     vertex  2.380313e+01 -1.409773e+00  2.310000e+01
     vertex  2.376669e+01 -1.246425e+00  0.000000e+00
     vertex  2.376669e+01 -1.246425e+00  2.310000e+01
   endloop
 endfacet
 facet normal  9.696656e-01  2.444354e-01  0.000000e+00
   outer loop
     vertex  2.384404e+01 -1.572059e+00  2.310000e+01
     vertex  2.384404e+01 -1.572059e+00  0.000000e+00
     vertex  2.380313e+01 -1.409773e+00  0.000000e+00
   endloop
 endfacet
 facet normal  9.696656e-01  2.444354e-01  0.000000e+00
   outer loop
     vertex  2.384404e+01 -1.572059e+00  2.310000e+01
     vertex  2.380313e+01 -1.409773e+00  0.000000e+00
     vertex  2.380313e+01 -1.409773e+00  2.310000e+01
   endloop
 endfacet
 facet normal  9.625948e-01  2.709453e-01  0.000000e+00
   outer loop
     vertex  2.388939e+01 -1.733162e+00  2.310000e+01
     vertex  2.384404e+01 -1.572059e+00  0.000000e+00
     vertex  2.384404e+01 -1.572059e+00  2.310000e+01
   endloop
 endfacet
 facet normal  9.625948e-01  2.709453e-01  0.000000e+00
   outer loop
     vertex  2.388939e+01 -1.733162e+00  2.310000e+01
     vertex  2.388939e+01 -1.733162e+00  0.000000e+00
     vertex  2.384404e+01 -1.572059e+00  0.000000e+00
   endloop
 endfacet
 facet normal  9.547993e-01  2.972512e-01  0.000000e+00
   outer loop
     vertex  2.393914e+01 -1.892961e+00  2.310000e+01
     vertex  2.393914e+01 -1.892961e+00  0.000000e+00
     vertex  2.388939e+01 -1.733162e+00  0.000000e+00
   endloop
 endfacet
 facet normal  9.547993e-01  2.972512e-01  0.000000e+00
   outer loop
     vertex  2.393914e+01 -1.892961e+00  2.310000e+01
     vertex  2.388939e+01 -1.733162e+00  0.000000e+00
     vertex  2.388939e+01 -1.733162e+00  2.310000e+01
   endloop
 endfacet
 facet normal  9.462851e-01  3.233333e-01  0.000000e+00
   outer loop
     vertex  2.399325e+01 -2.051334e+00  2.310000e+01
     vertex  2.399325e+01 -2.051334e+00  0.000000e+00
     vertex  2.393914e+01 -1.892961e+00  0.000000e+00
   endloop
 endfacet
 facet normal  9.462851e-01  3.233333e-01  0.000000e+00
   outer loop
     vertex  2.399325e+01 -2.051334e+00  2.310000e+01
     vertex  2.393914e+01 -1.892961e+00  0.000000e+00
     vertex  2.393914e+01 -1.892961e+00  2.310000e+01
   endloop
 endfacet
 facet normal  9.370586e-01  3.491720e-01  0.000000e+00
   outer loop
     vertex  2.405169e+01 -2.208164e+00  2.310000e+01
     vertex  2.405169e+01 -2.208164e+00  0.000000e+00
     vertex  2.399325e+01 -2.051334e+00  0.000000e+00
   endloop
 endfacet
 facet normal  9.370586e-01  3.491720e-01  0.000000e+00
   outer loop
     vertex  2.405169e+01 -2.208164e+00  2.310000e+01
     vertex  2.399325e+01 -2.051334e+00  0.000000e+00
     vertex  2.399325e+01 -2.051334e+00  2.310000e+01
   endloop
 endfacet
 facet normal  9.271267e-01  3.747479e-01  0.000000e+00
   outer loop
     vertex  2.411441e+01 -2.363331e+00  2.310000e+01
     vertex  2.411441e+01 -2.363331e+00  0.000000e+00
     vertex  2.405169e+01 -2.208164e+00  0.000000e+00
   endloop
 endfacet
 facet normal  9.271267e-01  3.747479e-01  0.000000e+00
   outer loop
     vertex  2.411441e+01 -2.363331e+00  2.310000e+01
     vertex  2.405169e+01 -2.208164e+00  0.000000e+00
     vertex  2.405169e+01 -2.208164e+00  2.310000e+01
   endloop
 endfacet
 facet normal  9.164969e-01  4.000417e-01  0.000000e+00
   outer loop
     vertex  2.418136e+01 -2.516719e+00  2.310000e+01
     vertex  2.418136e+01 -2.516719e+00  0.000000e+00
     vertex  2.411441e+01 -2.363331e+00  0.000000e+00
   endloop
 endfacet
 facet normal  9.051772e-01  4.250344e-01  0.000000e+00
   outer loop
     vertex  2.418136e+01 -2.516719e+00  2.310000e+01
     vertex  2.425250e+01 -2.668212e+00  0.000000e+00
     vertex  2.418136e+01 -2.516719e+00  0.000000e+00
   endloop
 endfacet
 facet normal  9.164969e-01  4.000417e-01  0.000000e+00
   outer loop
     vertex  2.418136e+01 -2.516719e+00  2.310000e+01
     vertex  2.411441e+01 -2.363331e+00  0.000000e+00
     vertex  2.411441e+01 -2.363331e+00  2.310000e+01
   endloop
 endfacet
 facet normal  9.051772e-01  4.250344e-01  0.000000e+00
   outer loop
     vertex  2.425250e+01 -2.668212e+00  2.310000e+01
     vertex  2.425250e+01 -2.668212e+00  0.000000e+00
     vertex  2.418136e+01 -2.516719e+00  2.310000e+01
   endloop
 endfacet
 facet normal  8.931761e-01  4.497071e-01  0.000000e+00
   outer loop
     vertex  2.432776e+01 -2.817697e+00  2.310000e+01
     vertex  2.432776e+01 -2.817697e+00  0.000000e+00
     vertex  2.425250e+01 -2.668212e+00  0.000000e+00
   endloop
 endfacet
 facet normal  8.931761e-01  4.497071e-01  0.000000e+00
   outer loop
     vertex  2.432776e+01 -2.817697e+00  2.310000e+01
     vertex  2.425250e+01 -2.668212e+00  0.000000e+00
     vertex  2.425250e+01 -2.668212e+00  2.310000e+01
   endloop
 endfacet
 facet normal  8.805026e-01  4.740412e-01  0.000000e+00
   outer loop
     vertex  2.440710e+01 -2.965061e+00  2.310000e+01
     vertex  2.440710e+01 -2.965061e+00  0.000000e+00
     vertex  2.432776e+01 -2.817697e+00  0.000000e+00
   endloop
 endfacet
 facet normal  8.805026e-01  4.740412e-01  0.000000e+00
   outer loop
     vertex  2.440710e+01 -2.965061e+00  2.310000e+01
     vertex  2.432776e+01 -2.817697e+00  0.000000e+00
     vertex  2.432776e+01 -2.817697e+00  2.310000e+01
   endloop
 endfacet
 facet normal  8.671664e-01  4.980186e-01  0.000000e+00
   outer loop
     vertex  2.449045e+01 -3.110193e+00  2.310000e+01
     vertex  2.449045e+01 -3.110193e+00  0.000000e+00
     vertex  2.440710e+01 -2.965061e+00  0.000000e+00
   endloop
 endfacet
 facet normal  8.671664e-01  4.980186e-01  0.000000e+00
   outer loop
     vertex  2.449045e+01 -3.110193e+00  2.310000e+01
     vertex  2.440710e+01 -2.965061e+00  0.000000e+00
     vertex  2.440710e+01 -2.965061e+00  2.310000e+01
   endloop
 endfacet
 facet normal  8.531773e-01  5.216210e-01  0.000000e+00
   outer loop
     vertex  2.457775e+01 -3.252984e+00  2.310000e+01
     vertex  2.457775e+01 -3.252984e+00  0.000000e+00
     vertex  2.449045e+01 -3.110193e+00  0.000000e+00
   endloop
 endfacet
 facet normal  8.385460e-01  5.448308e-01  0.000000e+00
   outer loop
     vertex  2.457775e+01 -3.252984e+00  2.310000e+01
     vertex  2.466893e+01 -3.393326e+00  0.000000e+00
     vertex  2.457775e+01 -3.252984e+00  0.000000e+00
   endloop
 endfacet
 facet normal  8.531773e-01  5.216210e-01  0.000000e+00
   outer loop
     vertex  2.457775e+01 -3.252984e+00  2.310000e+01
     vertex  2.449045e+01 -3.110193e+00  0.000000e+00
     vertex  2.449045e+01 -3.110193e+00  2.310000e+01
   endloop
 endfacet
 facet normal  8.385460e-01  5.448308e-01  0.000000e+00
   outer loop
     vertex  2.466893e+01 -3.393326e+00  2.310000e+01
     vertex  2.466893e+01 -3.393326e+00  0.000000e+00
     vertex  2.457775e+01 -3.252984e+00  2.310000e+01
   endloop
 endfacet
 facet normal  8.232835e-01  5.676304e-01  0.000000e+00
   outer loop
     vertex  2.476393e+01 -3.531114e+00  2.310000e+01
     vertex  2.466893e+01 -3.393326e+00  0.000000e+00
     vertex  2.466893e+01 -3.393326e+00  2.310000e+01
   endloop
 endfacet
 facet normal  8.232835e-01  5.676304e-01  0.000000e+00
   outer loop
     vertex  2.476393e+01 -3.531114e+00  2.310000e+01
     vertex  2.476393e+01 -3.531114e+00  0.000000e+00
     vertex  2.466893e+01 -3.393326e+00  0.000000e+00
   endloop
 endfacet
 facet normal  8.074012e-01  5.900028e-01  0.000000e+00
   outer loop
     vertex  2.486268e+01 -3.666243e+00  2.310000e+01
     vertex  2.476393e+01 -3.531114e+00  0.000000e+00
     vertex  2.476393e+01 -3.531114e+00  2.310000e+01
   endloop
 endfacet
 facet normal  8.074012e-01  5.900028e-01  0.000000e+00
   outer loop
     vertex  2.486268e+01 -3.666243e+00  2.310000e+01
     vertex  2.486268e+01 -3.666243e+00  0.000000e+00
     vertex  2.476393e+01 -3.531114e+00  0.000000e+00
   endloop
 endfacet
 facet normal  7.909112e-01  6.119310e-01  0.000000e+00
   outer loop
     vertex  2.496509e+01 -3.798613e+00  2.310000e+01
     vertex  2.486268e+01 -3.666243e+00  0.000000e+00
     vertex  2.486268e+01 -3.666243e+00  2.310000e+01
   endloop
 endfacet
 facet normal  7.909112e-01  6.119310e-01  0.000000e+00
   outer loop
     vertex  2.496509e+01 -3.798613e+00  2.310000e+01
     vertex  2.496509e+01 -3.798613e+00  0.000000e+00
     vertex  2.486268e+01 -3.666243e+00  0.000000e+00
   endloop
 endfacet
 facet normal  7.738257e-01  6.333986e-01  0.000000e+00
   outer loop
     vertex  2.496509e+01 -3.798613e+00  2.310000e+01
     vertex  2.507110e+01 -3.928123e+00  0.000000e+00
     vertex  2.496509e+01 -3.798613e+00  0.000000e+00
   endloop
 endfacet
 facet normal  7.738257e-01  6.333986e-01  0.000000e+00
   outer loop
     vertex  2.507110e+01 -3.928123e+00  2.310000e+01
     vertex  2.507110e+01 -3.928123e+00  0.000000e+00
     vertex  2.496509e+01 -3.798613e+00  2.310000e+01
   endloop
 endfacet
 facet normal  7.561578e-01  6.543893e-01  0.000000e+00
   outer loop
     vertex  2.518062e+01 -4.054676e+00  2.310000e+01
     vertex  2.507110e+01 -3.928123e+00  0.000000e+00
     vertex  2.507110e+01 -3.928123e+00  2.310000e+01
   endloop
 endfacet
 facet normal  7.561578e-01  6.543893e-01  0.000000e+00
   outer loop
     vertex  2.518062e+01 -4.054676e+00  2.310000e+01
     vertex  2.518062e+01 -4.054676e+00  0.000000e+00
     vertex  2.507110e+01 -3.928123e+00  0.000000e+00
   endloop
 endfacet
 facet normal  7.379206e-01  6.748875e-01  0.000000e+00
   outer loop
     vertex  2.518062e+01 -4.054676e+00  2.310000e+01
     vertex  2.529357e+01 -4.178177e+00  0.000000e+00
     vertex  2.518062e+01 -4.054676e+00  0.000000e+00
   endloop
 endfacet
 facet normal  7.379206e-01  6.748875e-01  0.000000e+00
   outer loop
     vertex  2.529357e+01 -4.178177e+00  2.310000e+01
     vertex  2.529357e+01 -4.178177e+00  0.000000e+00
     vertex  2.518062e+01 -4.054676e+00  2.310000e+01
   endloop
 endfacet
 facet normal  7.191280e-01  6.948776e-01  0.000000e+00
   outer loop
     vertex  2.540987e+01 -4.298533e+00  2.310000e+01
     vertex  2.529357e+01 -4.178177e+00  0.000000e+00
     vertex  2.529357e+01 -4.178177e+00  2.310000e+01
   endloop
 endfacet
 facet normal  7.191280e-01  6.948776e-01  0.000000e+00
   outer loop
     vertex  2.540987e+01 -4.298533e+00  2.310000e+01
     vertex  2.540987e+01 -4.298533e+00  0.000000e+00
     vertex  2.529357e+01 -4.178177e+00  0.000000e+00
   endloop
 endfacet
 facet normal  6.997940e-01  7.143447e-01  0.000000e+00
   outer loop
     vertex  2.540987e+01 -4.298533e+00  2.310000e+01
     vertex  2.552943e+01 -4.415653e+00  0.000000e+00
     vertex  2.540987e+01 -4.298533e+00  0.000000e+00
   endloop
 endfacet
 facet normal  6.997940e-01  7.143447e-01  0.000000e+00
   outer loop
     vertex  2.552943e+01 -4.415653e+00  2.310000e+01
     vertex  2.552943e+01 -4.415653e+00  0.000000e+00
     vertex  2.540987e+01 -4.298533e+00  2.310000e+01
   endloop
 endfacet
 facet normal  6.799333e-01  7.332740e-01  0.000000e+00
   outer loop
     vertex  2.565215e+01 -4.529448e+00  2.310000e+01
     vertex  2.552943e+01 -4.415653e+00  0.000000e+00
     vertex  2.552943e+01 -4.415653e+00  2.310000e+01
   endloop
 endfacet
 facet normal  6.799333e-01  7.332740e-01  0.000000e+00
   outer loop
     vertex  2.565215e+01 -4.529448e+00  2.310000e+01
     vertex  2.565215e+01 -4.529448e+00  0.000000e+00
     vertex  2.552943e+01 -4.415653e+00  0.000000e+00
   endloop
 endfacet
 facet normal  6.595607e-01  7.516513e-01  0.000000e+00
   outer loop
     vertex  2.577795e+01 -4.639835e+00  2.310000e+01
     vertex  2.565215e+01 -4.529448e+00  0.000000e+00
     vertex  2.565215e+01 -4.529448e+00  2.310000e+01
   endloop
 endfacet
 facet normal  6.595607e-01  7.516513e-01  0.000000e+00
   outer loop
     vertex  2.577795e+01 -4.639835e+00  2.310000e+01
     vertex  2.577795e+01 -4.639835e+00  0.000000e+00
     vertex  2.565215e+01 -4.529448e+00  0.000000e+00
   endloop
 endfacet
 facet normal  6.386916e-01  7.694628e-01  0.000000e+00
   outer loop
     vertex  2.577795e+01 -4.639835e+00  2.310000e+01
     vertex  2.590673e+01 -4.746728e+00  0.000000e+00
     vertex  2.577795e+01 -4.639835e+00  0.000000e+00
   endloop
 endfacet
 facet normal  6.386916e-01  7.694628e-01  0.000000e+00
   outer loop
     vertex  2.590673e+01 -4.746728e+00  2.310000e+01
     vertex  2.590673e+01 -4.746728e+00  0.000000e+00
     vertex  2.577795e+01 -4.639835e+00  2.310000e+01
   endloop
 endfacet
 facet normal  6.173417e-01  7.866951e-01  0.000000e+00
   outer loop
     vertex  2.603839e+01 -4.850049e+00  2.310000e+01
     vertex  2.590673e+01 -4.746728e+00  0.000000e+00
     vertex  2.590673e+01 -4.746728e+00  2.310000e+01
   endloop
 endfacet
 facet normal  6.173417e-01  7.866951e-01  0.000000e+00
   outer loop
     vertex  2.603839e+01 -4.850049e+00  2.310000e+01
     vertex  2.603839e+01 -4.850049e+00  0.000000e+00
     vertex  2.590673e+01 -4.746728e+00  0.000000e+00
   endloop
 endfacet
 facet normal  5.955271e-01  8.033352e-01  0.000000e+00
   outer loop
     vertex  2.603839e+01 -4.850049e+00  2.310000e+01
     vertex  2.617284e+01 -4.949718e+00  0.000000e+00
     vertex  2.603839e+01 -4.850049e+00  0.000000e+00
   endloop
 endfacet
 facet normal  5.955271e-01  8.033352e-01  0.000000e+00
   outer loop
     vertex  2.617284e+01 -4.949718e+00  2.310000e+01
     vertex  2.617284e+01 -4.949718e+00  0.000000e+00
     vertex  2.603839e+01 -4.850049e+00  2.310000e+01
   endloop
 endfacet
 facet normal  5.732642e-01  8.193706e-01  0.000000e+00
   outer loop
     vertex  2.630997e+01 -5.045662e+00  2.310000e+01
     vertex  2.617284e+01 -4.949718e+00  0.000000e+00
     vertex  2.617284e+01 -4.949718e+00  2.310000e+01
   endloop
 endfacet
 facet normal  5.732642e-01  8.193706e-01  0.000000e+00
   outer loop
     vertex  2.630997e+01 -5.045662e+00  2.310000e+01
     vertex  2.630997e+01 -5.045662e+00  0.000000e+00
     vertex  2.617284e+01 -4.949718e+00  0.000000e+00
   endloop
 endfacet
 facet normal  5.505698e-01  8.347891e-01  0.000000e+00
   outer loop
     vertex  2.644969e+01 -5.137807e+00  2.310000e+01
     vertex  2.630997e+01 -5.045662e+00  0.000000e+00
     vertex  2.630997e+01 -5.045662e+00  2.310000e+01
   endloop
 endfacet
 facet normal  5.505698e-01  8.347891e-01  0.000000e+00
   outer loop
     vertex  2.644969e+01 -5.137807e+00  2.310000e+01
     vertex  2.644969e+01 -5.137807e+00  0.000000e+00
     vertex  2.630997e+01 -5.045662e+00  0.000000e+00
   endloop
 endfacet
 facet normal  5.274609e-01  8.495793e-01  0.000000e+00
   outer loop
     vertex  2.644969e+01 -5.137807e+00  2.310000e+01
     vertex  2.659188e+01 -5.226085e+00  0.000000e+00
     vertex  2.644969e+01 -5.137807e+00  0.000000e+00
   endloop
 endfacet
 facet normal  5.274609e-01  8.495793e-01  0.000000e+00
   outer loop
     vertex  2.659188e+01 -5.226085e+00  2.310000e+01
     vertex  2.659188e+01 -5.226085e+00  0.000000e+00
     vertex  2.644969e+01 -5.137807e+00  2.310000e+01
   endloop
 endfacet
 facet normal  5.039550e-01  8.637299e-01  0.000000e+00
   outer loop
     vertex  2.673643e+01 -5.310428e+00  2.310000e+01
     vertex  2.659188e+01 -5.226085e+00  0.000000e+00
     vertex  2.659188e+01 -5.226085e+00  2.310000e+01
   endloop
 endfacet
 facet normal  5.039550e-01  8.637299e-01  0.000000e+00
   outer loop
     vertex  2.673643e+01 -5.310428e+00  2.310000e+01
     vertex  2.673643e+01 -5.310428e+00  0.000000e+00
     vertex  2.659188e+01 -5.226085e+00  0.000000e+00
   endloop
 endfacet
 facet normal  4.800697e-01  8.772303e-01  0.000000e+00
   outer loop
     vertex  2.673643e+01 -5.310428e+00  2.310000e+01
     vertex  2.688325e+01 -5.390775e+00  0.000000e+00
     vertex  2.673643e+01 -5.310428e+00  0.000000e+00
   endloop
 endfacet
 facet normal  4.800697e-01  8.772303e-01  0.000000e+00
   outer loop
     vertex  2.688325e+01 -5.390775e+00  2.310000e+01
     vertex  2.688325e+01 -5.390775e+00  0.000000e+00
     vertex  2.673643e+01 -5.310428e+00  2.310000e+01
   endloop
 endfacet
 facet normal  4.558231e-01  8.900704e-01  0.000000e+00
   outer loop
     vertex  2.703221e+01 -5.467063e+00  2.310000e+01
     vertex  2.688325e+01 -5.390775e+00  0.000000e+00
     vertex  2.688325e+01 -5.390775e+00  2.310000e+01
   endloop
 endfacet
 facet normal  4.558231e-01  8.900704e-01  0.000000e+00
   outer loop
     vertex  2.703221e+01 -5.467063e+00  2.310000e+01
     vertex  2.703221e+01 -5.467063e+00  0.000000e+00
     vertex  2.688325e+01 -5.390775e+00  0.000000e+00
   endloop
 endfacet
 facet normal  4.312333e-01  9.022405e-01  0.000000e+00
   outer loop
     vertex  2.718322e+01 -5.539235e+00  2.310000e+01
     vertex  2.703221e+01 -5.467063e+00  0.000000e+00
     vertex  2.703221e+01 -5.467063e+00  2.310000e+01
   endloop
 endfacet
 facet normal  4.312333e-01  9.022405e-01  0.000000e+00
   outer loop
     vertex  2.718322e+01 -5.539235e+00  2.310000e+01
     vertex  2.718322e+01 -5.539235e+00  0.000000e+00
     vertex  2.703221e+01 -5.467063e+00  0.000000e+00
   endloop
 endfacet
 facet normal  4.063188e-01  9.137314e-01  0.000000e+00
   outer loop
     vertex  2.733614e+01 -5.607238e+00  2.310000e+01
     vertex  2.718322e+01 -5.539235e+00  0.000000e+00
     vertex  2.718322e+01 -5.539235e+00  2.310000e+01
   endloop
 endfacet
 facet normal  4.063188e-01  9.137314e-01  0.000000e+00
   outer loop
     vertex  2.733614e+01 -5.607238e+00  2.310000e+01
     vertex  2.733614e+01 -5.607238e+00  0.000000e+00
     vertex  2.718322e+01 -5.539235e+00  0.000000e+00
   endloop
 endfacet
 facet normal  3.810986e-01  9.245344e-01  0.000000e+00
   outer loop
     vertex  2.733614e+01 -5.607238e+00  2.310000e+01
     vertex  2.749088e+01 -5.671020e+00  0.000000e+00
     vertex  2.733614e+01 -5.607238e+00  0.000000e+00
   endloop
 endfacet
 facet normal  3.810986e-01  9.245344e-01  0.000000e+00
   outer loop
     vertex  2.749088e+01 -5.671020e+00  2.310000e+01
     vertex  2.749088e+01 -5.671020e+00  0.000000e+00
     vertex  2.733614e+01 -5.607238e+00  2.310000e+01
   endloop
 endfacet
 facet normal  3.555914e-01  9.346415e-01  0.000000e+00
   outer loop
     vertex  2.764730e+01 -5.730533e+00  2.310000e+01
     vertex  2.764730e+01 -5.730533e+00  0.000000e+00
     vertex  2.749088e+01 -5.671020e+00  0.000000e+00
   endloop
 endfacet
 facet normal  3.298166e-01  9.440450e-01  0.000000e+00
   outer loop
     vertex  2.764730e+01 -5.730533e+00  2.310000e+01
     vertex  2.780530e+01 -5.785732e+00  0.000000e+00
     vertex  2.764730e+01 -5.730533e+00  0.000000e+00
   endloop
 endfacet
 facet normal  3.555914e-01  9.346415e-01  0.000000e+00
   outer loop
     vertex  2.764730e+01 -5.730533e+00  2.310000e+01
     vertex  2.749088e+01 -5.671020e+00  0.000000e+00
     vertex  2.749088e+01 -5.671020e+00  2.310000e+01
   endloop
 endfacet
 facet normal  3.298166e-01  9.440450e-01  0.000000e+00
   outer loop
     vertex  2.780530e+01 -5.785732e+00  2.310000e+01
     vertex  2.780530e+01 -5.785732e+00  0.000000e+00
     vertex  2.764730e+01 -5.730533e+00  2.310000e+01
   endloop
 endfacet
 facet normal  3.037934e-01  9.527379e-01  0.000000e+00
   outer loop
     vertex  2.796475e+01 -5.836576e+00  2.310000e+01
     vertex  2.796475e+01 -5.836576e+00  0.000000e+00
     vertex  2.780530e+01 -5.785732e+00  0.000000e+00
   endloop
 endfacet
 facet normal  2.775416e-01  9.607136e-01  0.000000e+00
   outer loop
     vertex  2.796475e+01 -5.836576e+00  2.310000e+01
     vertex  2.812554e+01 -5.883027e+00  0.000000e+00
     vertex  2.796475e+01 -5.836576e+00  0.000000e+00
   endloop
 endfacet
 facet normal  3.037934e-01  9.527379e-01  0.000000e+00
   outer loop
     vertex  2.796475e+01 -5.836576e+00  2.310000e+01
     vertex  2.780530e+01 -5.785732e+00  0.000000e+00
     vertex  2.780530e+01 -5.785732e+00  2.310000e+01
   endloop
 endfacet
 facet normal  2.775416e-01  9.607136e-01  0.000000e+00
   outer loop
     vertex  2.812554e+01 -5.883027e+00  2.310000e+01
     vertex  2.812554e+01 -5.883027e+00  0.000000e+00
     vertex  2.796475e+01 -5.836576e+00  2.310000e+01
   endloop
 endfacet
 facet normal  2.510809e-01  9.679661e-01  0.000000e+00
   outer loop
     vertex  2.828754e+01 -5.925048e+00  2.310000e+01
     vertex  2.812554e+01 -5.883027e+00  0.000000e+00
     vertex  2.812554e+01 -5.883027e+00  2.310000e+01
   endloop
 endfacet
 facet normal  2.510809e-01  9.679661e-01  0.000000e+00
   outer loop
     vertex  2.828754e+01 -5.925048e+00  2.310000e+01
     vertex  2.828754e+01 -5.925048e+00  0.000000e+00
     vertex  2.812554e+01 -5.883027e+00  0.000000e+00
   endloop
 endfacet
 facet normal  2.244312e-01  9.744899e-01  0.000000e+00
   outer loop
     vertex  2.845064e+01 -5.962610e+00  2.310000e+01
     vertex  2.828754e+01 -5.925048e+00  0.000000e+00
     vertex  2.828754e+01 -5.925048e+00  2.310000e+01
   endloop
 endfacet
 facet normal  2.244312e-01  9.744899e-01  0.000000e+00
   outer loop
     vertex  2.845064e+01 -5.962610e+00  2.310000e+01
     vertex  2.845064e+01 -5.962610e+00  0.000000e+00
     vertex  2.828754e+01 -5.925048e+00  0.000000e+00
   endloop
 endfacet
 facet normal  1.976125e-01  9.802802e-01  0.000000e+00
   outer loop
     vertex  2.845064e+01 -5.962610e+00  2.310000e+01
     vertex  2.861470e+01 -5.995683e+00  0.000000e+00
     vertex  2.845064e+01 -5.962610e+00  0.000000e+00
   endloop
 endfacet
 facet normal  1.976125e-01  9.802802e-01  0.000000e+00
   outer loop
     vertex  2.861470e+01 -5.995683e+00  2.310000e+01
     vertex  2.861470e+01 -5.995683e+00  0.000000e+00
     vertex  2.845064e+01 -5.962610e+00  2.310000e+01
   endloop
 endfacet
 facet normal  1.706451e-01  9.853326e-01  0.000000e+00
   outer loop
     vertex  2.877961e+01 -6.024243e+00  2.310000e+01
     vertex  2.861470e+01 -5.995683e+00  0.000000e+00
     vertex  2.861470e+01 -5.995683e+00  2.310000e+01
   endloop
 endfacet
 facet normal  1.706451e-01  9.853326e-01  0.000000e+00
   outer loop
     vertex  2.877961e+01 -6.024243e+00  2.310000e+01
     vertex  2.877961e+01 -6.024243e+00  0.000000e+00
     vertex  2.861470e+01 -5.995683e+00  0.000000e+00
   endloop
 endfacet
 facet normal  1.435492e-01  9.896432e-01  0.000000e+00
   outer loop
     vertex  2.894524e+01 -6.048268e+00  2.310000e+01
     vertex  2.877961e+01 -6.024243e+00  0.000000e+00
     vertex  2.877961e+01 -6.024243e+00  2.310000e+01
   endloop
 endfacet
 facet normal  1.435492e-01  9.896432e-01  0.000000e+00
   outer loop
     vertex  2.894524e+01 -6.048268e+00  2.310000e+01
     vertex  2.894524e+01 -6.048268e+00  0.000000e+00
     vertex  2.877961e+01 -6.024243e+00  0.000000e+00
   endloop
 endfacet
 facet normal  1.163452e-01  9.932088e-01  0.000000e+00
   outer loop
     vertex  2.911147e+01 -6.067740e+00  2.310000e+01
     vertex  2.894524e+01 -6.048268e+00  0.000000e+00
     vertex  2.894524e+01 -6.048268e+00  2.310000e+01
   endloop
 endfacet
 facet normal  1.163452e-01  9.932088e-01  0.000000e+00
   outer loop
     vertex  2.911147e+01 -6.067740e+00  2.310000e+01
     vertex  2.911147e+01 -6.067740e+00  0.000000e+00
     vertex  2.894524e+01 -6.048268e+00  0.000000e+00
   endloop
 endfacet
 facet normal  8.905371e-02  9.960268e-01  0.000000e+00
   outer loop
     vertex  2.927816e+01 -6.082644e+00  2.310000e+01
     vertex  2.911147e+01 -6.067740e+00  0.000000e+00
     vertex  2.911147e+01 -6.067740e+00  2.310000e+01
   endloop
 endfacet
 facet normal  8.905371e-02  9.960268e-01  0.000000e+00
   outer loop
     vertex  2.927816e+01 -6.082644e+00  2.310000e+01
     vertex  2.927816e+01 -6.082644e+00  0.000000e+00
     vertex  2.911147e+01 -6.067740e+00  0.000000e+00
   endloop
 endfacet
 facet normal  6.169515e-02  9.980950e-01  0.000000e+00
   outer loop
     vertex  2.944521e+01 -6.092970e+00  2.310000e+01
     vertex  2.927816e+01 -6.082644e+00  0.000000e+00
     vertex  2.927816e+01 -6.082644e+00  2.310000e+01
   endloop
 endfacet
 facet normal  6.169515e-02  9.980950e-01  0.000000e+00
   outer loop
     vertex  2.944521e+01 -6.092970e+00  2.310000e+01
     vertex  2.944521e+01 -6.092970e+00  0.000000e+00
     vertex  2.927816e+01 -6.082644e+00  0.000000e+00
   endloop
 endfacet
 facet normal  3.429014e-02  9.994119e-01  0.000000e+00
   outer loop
     vertex  2.961247e+01 -6.098708e+00  2.310000e+01
     vertex  2.944521e+01 -6.092970e+00  0.000000e+00
     vertex  2.944521e+01 -6.092970e+00  2.310000e+01
   endloop
 endfacet
 facet normal  3.429014e-02  9.994119e-01  0.000000e+00
   outer loop
     vertex  2.961247e+01 -6.098708e+00  2.310000e+01
     vertex  2.961247e+01 -6.098708e+00  0.000000e+00
     vertex  2.944521e+01 -6.092970e+00  0.000000e+00
   endloop
 endfacet
 facet normal  6.859319e-03  9.999765e-01  0.000000e+00
   outer loop
     vertex  2.977983e+01 -6.099856e+00  2.310000e+01
     vertex  2.961247e+01 -6.098708e+00  0.000000e+00
     vertex  2.961247e+01 -6.098708e+00  2.310000e+01
   endloop
 endfacet
 facet normal  6.859319e-03  9.999765e-01  0.000000e+00
   outer loop
     vertex  2.977983e+01 -6.099856e+00  2.310000e+01
     vertex  2.977983e+01 -6.099856e+00  0.000000e+00
     vertex  2.961247e+01 -6.098708e+00  0.000000e+00
   endloop
 endfacet
 facet normal -2.057667e-02  9.997883e-01  0.000000e+00
   outer loop
     vertex  2.994716e+01 -6.096413e+00  2.310000e+01
     vertex  2.977983e+01 -6.099856e+00  0.000000e+00
     vertex  2.977983e+01 -6.099856e+00  2.310000e+01
   endloop
 endfacet
 facet normal -2.057667e-02  9.997883e-01  0.000000e+00
   outer loop
     vertex  2.994716e+01 -6.096413e+00  2.310000e+01
     vertex  2.994716e+01 -6.096413e+00  0.000000e+00
     vertex  2.977983e+01 -6.099856e+00  0.000000e+00
   endloop
 endfacet
 facet normal -4.799716e-02  9.988475e-01  0.000000e+00
   outer loop
     vertex  3.011433e+01 -6.088380e+00  2.310000e+01
     vertex  3.011433e+01 -6.088380e+00  0.000000e+00
     vertex  2.994716e+01 -6.096413e+00  0.000000e+00
   endloop
 endfacet
 facet normal -4.799716e-02  9.988475e-01  0.000000e+00
   outer loop
     vertex  3.011433e+01 -6.088380e+00  2.310000e+01
     vertex  2.994716e+01 -6.096413e+00  0.000000e+00
     vertex  2.994716e+01 -6.096413e+00  2.310000e+01
   endloop
 endfacet
 facet normal -7.538152e-02  9.971548e-01  0.000000e+00
   outer loop
     vertex  3.028122e+01 -6.075764e+00  2.310000e+01
     vertex  3.028122e+01 -6.075764e+00  0.000000e+00
     vertex  3.011433e+01 -6.088380e+00  0.000000e+00
   endloop
 endfacet
 facet normal -7.538152e-02  9.971548e-01  0.000000e+00
   outer loop
     vertex  3.028122e+01 -6.075764e+00  2.310000e+01
     vertex  3.011433e+01 -6.088380e+00  0.000000e+00
     vertex  3.011433e+01 -6.088380e+00  2.310000e+01
   endloop
 endfacet
 facet normal -1.027091e-01  9.947114e-01  0.000000e+00
   outer loop
     vertex  3.044770e+01 -6.058574e+00  2.310000e+01
     vertex  3.044770e+01 -6.058574e+00  0.000000e+00
     vertex  3.028122e+01 -6.075764e+00  0.000000e+00
   endloop
 endfacet
 facet normal -1.027091e-01  9.947114e-01  0.000000e+00
   outer loop
     vertex  3.044770e+01 -6.058574e+00  2.310000e+01
     vertex  3.028122e+01 -6.075764e+00  0.000000e+00
     vertex  3.028122e+01 -6.075764e+00  2.310000e+01
   endloop
 endfacet
 facet normal -1.299594e-01  9.915193e-01  0.000000e+00
   outer loop
     vertex  3.061364e+01 -6.036823e+00  2.310000e+01
     vertex  3.061364e+01 -6.036823e+00  0.000000e+00
     vertex  3.044770e+01 -6.058574e+00  0.000000e+00
   endloop
 endfacet
 facet normal -1.571119e-01  9.875808e-01  0.000000e+00
   outer loop
     vertex  3.061364e+01 -6.036823e+00  2.310000e+01
     vertex  3.077893e+01 -6.010529e+00  0.000000e+00
     vertex  3.061364e+01 -6.036823e+00  0.000000e+00
   endloop
 endfacet
 facet normal -1.299594e-01  9.915193e-01  0.000000e+00
   outer loop
     vertex  3.061364e+01 -6.036823e+00  2.310000e+01
     vertex  3.044770e+01 -6.058574e+00  0.000000e+00
     vertex  3.044770e+01 -6.058574e+00  2.310000e+01
   endloop
 endfacet
 facet normal -1.571119e-01  9.875808e-01  0.000000e+00
   outer loop
     vertex  3.077893e+01 -6.010529e+00  2.310000e+01
     vertex  3.077893e+01 -6.010529e+00  0.000000e+00
     vertex  3.061364e+01 -6.036823e+00  2.310000e+01
   endloop
 endfacet
 facet normal -1.841461e-01  9.828989e-01  0.000000e+00
   outer loop
     vertex  3.094343e+01 -5.979709e+00  2.310000e+01
     vertex  3.094343e+01 -5.979709e+00  0.000000e+00
     vertex  3.077893e+01 -6.010529e+00  0.000000e+00
   endloop
 endfacet
 facet normal -1.841461e-01  9.828989e-01  0.000000e+00
   outer loop
     vertex  3.094343e+01 -5.979709e+00  2.310000e+01
     vertex  3.077893e+01 -6.010529e+00  0.000000e+00
     vertex  3.077893e+01 -6.010529e+00  2.310000e+01
   endloop
 endfacet
 facet normal -2.110417e-01  9.774771e-01  0.000000e+00
   outer loop
     vertex  3.110702e+01 -5.944389e+00  2.310000e+01
     vertex  3.110702e+01 -5.944389e+00  0.000000e+00
     vertex  3.094343e+01 -5.979709e+00  0.000000e+00
   endloop
 endfacet
 facet normal -2.110417e-01  9.774771e-01  0.000000e+00
   outer loop
     vertex  3.110702e+01 -5.944389e+00  2.310000e+01
     vertex  3.094343e+01 -5.979709e+00  0.000000e+00
     vertex  3.094343e+01 -5.979709e+00  2.310000e+01
   endloop
 endfacet
 facet normal -2.377784e-01  9.713194e-01  0.000000e+00
   outer loop
     vertex  3.126958e+01 -5.904593e+00  2.310000e+01
     vertex  3.126958e+01 -5.904593e+00  0.000000e+00
     vertex  3.110702e+01 -5.944389e+00  0.000000e+00
   endloop
 endfacet
 facet normal -2.377784e-01  9.713194e-01  0.000000e+00
   outer loop
     vertex  3.126958e+01 -5.904593e+00  2.310000e+01
     vertex  3.110702e+01 -5.944389e+00  0.000000e+00
     vertex  3.110702e+01 -5.944389e+00  2.310000e+01
   endloop
 endfacet
 facet normal -2.643362e-01  9.644306e-01  0.000000e+00
   outer loop
     vertex  3.143100e+01 -5.860353e+00  2.310000e+01
     vertex  3.143100e+01 -5.860353e+00  0.000000e+00
     vertex  3.126958e+01 -5.904593e+00  0.000000e+00
   endloop
 endfacet
 facet normal -2.643362e-01  9.644306e-01  0.000000e+00
   outer loop
     vertex  3.143100e+01 -5.860353e+00  2.310000e+01
     vertex  3.126958e+01 -5.904593e+00  0.000000e+00
     vertex  3.126958e+01 -5.904593e+00  2.310000e+01
   endloop
 endfacet
 facet normal -2.906949e-01  9.568158e-01  0.000000e+00
   outer loop
     vertex  3.159113e+01 -5.811701e+00  2.310000e+01
     vertex  3.159113e+01 -5.811701e+00  0.000000e+00
     vertex  3.143100e+01 -5.860353e+00  0.000000e+00
   endloop
 endfacet
 facet normal -2.906949e-01  9.568158e-01  0.000000e+00
   outer loop
     vertex  3.159113e+01 -5.811701e+00  2.310000e+01
     vertex  3.143100e+01 -5.860353e+00  0.000000e+00
     vertex  3.143100e+01 -5.860353e+00  2.310000e+01
   endloop
 endfacet
 facet normal -3.168348e-01  9.484807e-01  0.000000e+00
   outer loop
     vertex  3.174987e+01 -5.758675e+00  2.310000e+01
     vertex  3.174987e+01 -5.758675e+00  0.000000e+00
     vertex  3.159113e+01 -5.811701e+00  0.000000e+00
   endloop
 endfacet
 facet normal -3.168348e-01  9.484807e-01  0.000000e+00
   outer loop
     vertex  3.174987e+01 -5.758675e+00  2.310000e+01
     vertex  3.159113e+01 -5.811701e+00  0.000000e+00
     vertex  3.159113e+01 -5.811701e+00  2.310000e+01
   endloop
 endfacet
 facet normal -3.427362e-01  9.394317e-01  0.000000e+00
   outer loop
     vertex  3.190710e+01 -5.701313e+00  2.310000e+01
     vertex  3.190710e+01 -5.701313e+00  0.000000e+00
     vertex  3.174987e+01 -5.758675e+00  0.000000e+00
   endloop
 endfacet
 facet normal -3.427362e-01  9.394317e-01  0.000000e+00
   outer loop
     vertex  3.190710e+01 -5.701313e+00  2.310000e+01
     vertex  3.174987e+01 -5.758675e+00  0.000000e+00
     vertex  3.174987e+01 -5.758675e+00  2.310000e+01
   endloop
 endfacet
 facet normal -3.683796e-01  9.296754e-01  0.000000e+00
   outer loop
     vertex  3.206269e+01 -5.639660e+00  2.310000e+01
     vertex  3.206269e+01 -5.639660e+00  0.000000e+00
     vertex  3.190710e+01 -5.701313e+00  0.000000e+00
   endloop
 endfacet
 facet normal -3.683796e-01  9.296754e-01  0.000000e+00
   outer loop
     vertex  3.206269e+01 -5.639660e+00  2.310000e+01
     vertex  3.190710e+01 -5.701313e+00  0.000000e+00
     vertex  3.190710e+01 -5.701313e+00  2.310000e+01
   endloop
 endfacet
 facet normal -3.937458e-01  9.192194e-01  0.000000e+00
   outer loop
     vertex  3.221654e+01 -5.573761e+00  2.310000e+01
     vertex  3.206269e+01 -5.639660e+00  0.000000e+00
     vertex  3.206269e+01 -5.639660e+00  2.310000e+01
   endloop
 endfacet
 facet normal -3.937458e-01  9.192194e-01  0.000000e+00
   outer loop
     vertex  3.221654e+01 -5.573761e+00  2.310000e+01
     vertex  3.221654e+01 -5.573761e+00  0.000000e+00
     vertex  3.206269e+01 -5.639660e+00  0.000000e+00
   endloop
 endfacet
 facet normal -4.188155e-01  9.080714e-01  0.000000e+00
   outer loop
     vertex  3.236851e+01 -5.503667e+00  2.310000e+01
     vertex  3.221654e+01 -5.573761e+00  0.000000e+00
     vertex  3.221654e+01 -5.573761e+00  2.310000e+01
   endloop
 endfacet
 facet normal -4.188155e-01  9.080714e-01  0.000000e+00
   outer loop
     vertex  3.236851e+01 -5.503667e+00  2.310000e+01
     vertex  3.236851e+01 -5.503667e+00  0.000000e+00
     vertex  3.221654e+01 -5.573761e+00  0.000000e+00
   endloop
 endfacet
 facet normal -4.435699e-01  8.962398e-01  0.000000e+00
   outer loop
     vertex  3.251851e+01 -5.429430e+00  2.310000e+01
     vertex  3.236851e+01 -5.503667e+00  0.000000e+00
     vertex  3.236851e+01 -5.503667e+00  2.310000e+01
   endloop
 endfacet
 facet normal -4.435699e-01  8.962398e-01  0.000000e+00
   outer loop
     vertex  3.251851e+01 -5.429430e+00  2.310000e+01
     vertex  3.251851e+01 -5.429430e+00  0.000000e+00
     vertex  3.236851e+01 -5.503667e+00  0.000000e+00
   endloop
 endfacet
 facet normal -4.679904e-01  8.837335e-01  0.000000e+00
   outer loop
     vertex  3.266642e+01 -5.351105e+00  2.310000e+01
     vertex  3.251851e+01 -5.429430e+00  0.000000e+00
     vertex  3.251851e+01 -5.429430e+00  2.310000e+01
   endloop
 endfacet
 facet normal -4.679904e-01  8.837335e-01  0.000000e+00
   outer loop
     vertex  3.266642e+01 -5.351105e+00  2.310000e+01
     vertex  3.266642e+01 -5.351105e+00  0.000000e+00
     vertex  3.251851e+01 -5.429430e+00  0.000000e+00
   endloop
 endfacet
 facet normal -4.920587e-01  8.705620e-01  0.000000e+00
   outer loop
     vertex  3.281212e+01 -5.268752e+00  2.310000e+01
     vertex  3.281212e+01 -5.268752e+00  0.000000e+00
     vertex  3.266642e+01 -5.351105e+00  0.000000e+00
   endloop
 endfacet
 facet normal -4.920587e-01  8.705620e-01  0.000000e+00
   outer loop
     vertex  3.281212e+01 -5.268752e+00  2.310000e+01
     vertex  3.266642e+01 -5.351105e+00  0.000000e+00
     vertex  3.266642e+01 -5.351105e+00  2.310000e+01
   endloop
 endfacet
 facet normal -5.157565e-01  8.567352e-01  0.000000e+00
   outer loop
     vertex  3.295550e+01 -5.182434e+00  2.310000e+01
     vertex  3.295550e+01 -5.182434e+00  0.000000e+00
     vertex  3.281212e+01 -5.268752e+00  0.000000e+00
   endloop
 endfacet
 facet normal -5.157565e-01  8.567352e-01  0.000000e+00
   outer loop
     vertex  3.295550e+01 -5.182434e+00  2.310000e+01
     vertex  3.281212e+01 -5.268752e+00  0.000000e+00
     vertex  3.281212e+01 -5.268752e+00  2.310000e+01
   endloop
 endfacet
 facet normal -5.390661e-01  8.422635e-01  0.000000e+00
   outer loop
     vertex  3.309647e+01 -5.092214e+00  2.310000e+01
     vertex  3.309647e+01 -5.092214e+00  0.000000e+00
     vertex  3.295550e+01 -5.182434e+00  0.000000e+00
   endloop
 endfacet
 facet normal -5.390661e-01  8.422635e-01  0.000000e+00
   outer loop
     vertex  3.309647e+01 -5.092214e+00  2.310000e+01
     vertex  3.295550e+01 -5.182434e+00  0.000000e+00
     vertex  3.295550e+01 -5.182434e+00  2.310000e+01
   endloop
 endfacet
 facet normal -5.619699e-01  8.271577e-01  0.000000e+00
   outer loop
     vertex  3.323490e+01 -4.998160e+00  2.310000e+01
     vertex  3.323490e+01 -4.998160e+00  0.000000e+00
     vertex  3.309647e+01 -5.092214e+00  0.000000e+00
   endloop
 endfacet
 facet normal -5.619699e-01  8.271577e-01  0.000000e+00
   outer loop
     vertex  3.323490e+01 -4.998160e+00  2.310000e+01
     vertex  3.309647e+01 -5.092214e+00  0.000000e+00
     vertex  3.309647e+01 -5.092214e+00  2.310000e+01
   endloop
 endfacet
 facet normal -5.844507e-01  8.114292e-01  0.000000e+00
   outer loop
     vertex  3.337071e+01 -4.900345e+00  2.310000e+01
     vertex  3.337071e+01 -4.900345e+00  0.000000e+00
     vertex  3.323490e+01 -4.998160e+00  0.000000e+00
   endloop
 endfacet
 facet normal -5.844507e-01  8.114292e-01  0.000000e+00
   outer loop
     vertex  3.337071e+01 -4.900345e+00  2.310000e+01
     vertex  3.323490e+01 -4.998160e+00  0.000000e+00
     vertex  3.323490e+01 -4.998160e+00  2.310000e+01
   endloop
 endfacet
 facet normal -6.064915e-01  7.950900e-01  0.000000e+00
   outer loop
     vertex  3.350378e+01 -4.798840e+00  2.310000e+01
     vertex  3.350378e+01 -4.798840e+00  0.000000e+00
     vertex  3.337071e+01 -4.900345e+00  0.000000e+00
   endloop
 endfacet
 facet normal -6.064915e-01  7.950900e-01  0.000000e+00
   outer loop
     vertex  3.350378e+01 -4.798840e+00  2.310000e+01
     vertex  3.337071e+01 -4.900345e+00  0.000000e+00
     vertex  3.337071e+01 -4.900345e+00  2.310000e+01
   endloop
 endfacet
 facet normal -6.280757e-01  7.781522e-01  0.000000e+00
   outer loop
     vertex  3.363401e+01 -4.693723e+00  2.310000e+01
     vertex  3.363401e+01 -4.693723e+00  0.000000e+00
     vertex  3.350378e+01 -4.798840e+00  0.000000e+00
   endloop
 endfacet
 facet normal -6.280757e-01  7.781522e-01  0.000000e+00
   outer loop
     vertex  3.363401e+01 -4.693723e+00  2.310000e+01
     vertex  3.350378e+01 -4.798840e+00  0.000000e+00
     vertex  3.350378e+01 -4.798840e+00  2.310000e+01
   endloop
 endfacet
 facet normal -6.491872e-01  7.606287e-01  0.000000e+00
   outer loop
     vertex  3.376131e+01 -4.585073e+00  2.310000e+01
     vertex  3.376131e+01 -4.585073e+00  0.000000e+00
     vertex  3.363401e+01 -4.693723e+00  0.000000e+00
   endloop
 endfacet
 facet normal -6.491872e-01  7.606287e-01  0.000000e+00
   outer loop
     vertex  3.376131e+01 -4.585073e+00  2.310000e+01
     vertex  3.363401e+01 -4.693723e+00  0.000000e+00
     vertex  3.363401e+01 -4.693723e+00  2.310000e+01
   endloop
 endfacet
 facet normal -6.698100e-01  7.425325e-01  0.000000e+00
   outer loop
     vertex  3.388558e+01 -4.472971e+00  2.310000e+01
     vertex  3.388558e+01 -4.472971e+00  0.000000e+00
     vertex  3.376131e+01 -4.585073e+00  0.000000e+00
   endloop
 endfacet
 facet normal -6.698100e-01  7.425325e-01  0.000000e+00
   outer loop
     vertex  3.388558e+01 -4.472971e+00  2.310000e+01
     vertex  3.376131e+01 -4.585073e+00  0.000000e+00
     vertex  3.376131e+01 -4.585073e+00  2.310000e+01
   endloop
 endfacet
 facet normal -6.899286e-01  7.238775e-01  0.000000e+00
   outer loop
     vertex  3.400673e+01 -4.357503e+00  2.310000e+01
     vertex  3.400673e+01 -4.357503e+00  0.000000e+00
     vertex  3.388558e+01 -4.472971e+00  0.000000e+00
   endloop
 endfacet
 facet normal -6.899286e-01  7.238775e-01  0.000000e+00
   outer loop
     vertex  3.400673e+01 -4.357503e+00  2.310000e+01
     vertex  3.388558e+01 -4.472971e+00  0.000000e+00
     vertex  3.388558e+01 -4.472971e+00  2.310000e+01
   endloop
 endfacet
 facet normal -7.095278e-01  7.046775e-01  0.000000e+00
   outer loop
     vertex  3.412467e+01 -4.238754e+00  2.310000e+01
     vertex  3.412467e+01 -4.238754e+00  0.000000e+00
     vertex  3.400673e+01 -4.357503e+00  0.000000e+00
   endloop
 endfacet
 facet normal -7.095278e-01  7.046775e-01  0.000000e+00
   outer loop
     vertex  3.412467e+01 -4.238754e+00  2.310000e+01
     vertex  3.400673e+01 -4.357503e+00  0.000000e+00
     vertex  3.400673e+01 -4.357503e+00  2.310000e+01
   endloop
 endfacet
 facet normal -7.285929e-01  6.849470e-01  0.000000e+00
   outer loop
     vertex  3.423931e+01 -4.116814e+00  2.310000e+01
     vertex  3.423931e+01 -4.116814e+00  0.000000e+00
     vertex  3.412467e+01 -4.238754e+00  0.000000e+00
   endloop
 endfacet
 facet normal -7.285929e-01  6.849470e-01  0.000000e+00
   outer loop
     vertex  3.423931e+01 -4.116814e+00  2.310000e+01
     vertex  3.412467e+01 -4.238754e+00  0.000000e+00
     vertex  3.412467e+01 -4.238754e+00  2.310000e+01
   endloop
 endfacet
 facet normal -7.471095e-01  6.647010e-01  0.000000e+00
   outer loop
     vertex  3.435055e+01 -3.991775e+00  2.310000e+01
     vertex  3.435055e+01 -3.991775e+00  0.000000e+00
     vertex  3.423931e+01 -4.116814e+00  0.000000e+00
   endloop
 endfacet
 facet normal -7.471095e-01  6.647010e-01  0.000000e+00
   outer loop
     vertex  3.435055e+01 -3.991775e+00  2.310000e+01
     vertex  3.423931e+01 -4.116814e+00  0.000000e+00
     vertex  3.423931e+01 -4.116814e+00  2.310000e+01
   endloop
 endfacet
 facet normal -7.650637e-01  6.439545e-01  0.000000e+00
   outer loop
     vertex  3.445833e+01 -3.863731e+00  2.310000e+01
     vertex  3.445833e+01 -3.863731e+00  0.000000e+00
     vertex  3.435055e+01 -3.991775e+00  0.000000e+00
   endloop
 endfacet
 facet normal -7.650637e-01  6.439545e-01  0.000000e+00
   outer loop
     vertex  3.445833e+01 -3.863731e+00  2.310000e+01
     vertex  3.435055e+01 -3.991775e+00  0.000000e+00
     vertex  3.435055e+01 -3.991775e+00  2.310000e+01
   endloop
 endfacet
 facet normal -7.824421e-01  6.227234e-01  0.000000e+00
   outer loop
     vertex  3.456255e+01 -3.732779e+00  2.310000e+01
     vertex  3.456255e+01 -3.732779e+00  0.000000e+00
     vertex  3.445833e+01 -3.863731e+00  0.000000e+00
   endloop
 endfacet
 facet normal -7.824421e-01  6.227234e-01  0.000000e+00
   outer loop
     vertex  3.456255e+01 -3.732779e+00  2.310000e+01
     vertex  3.445833e+01 -3.863731e+00  0.000000e+00
     vertex  3.445833e+01 -3.863731e+00  2.310000e+01
   endloop
 endfacet
 facet normal -7.992314e-01  6.010234e-01  0.000000e+00
   outer loop
     vertex  3.466314e+01 -3.599017e+00  2.310000e+01
     vertex  3.466314e+01 -3.599017e+00  0.000000e+00
     vertex  3.456255e+01 -3.732779e+00  0.000000e+00
   endloop
 endfacet
 facet normal -7.992314e-01  6.010234e-01  0.000000e+00
   outer loop
     vertex  3.466314e+01 -3.599017e+00  2.310000e+01
     vertex  3.456255e+01 -3.732779e+00  0.000000e+00
     vertex  3.456255e+01 -3.732779e+00  2.310000e+01
   endloop
 endfacet
 facet normal -8.154191e-01  5.788711e-01  0.000000e+00
   outer loop
     vertex  3.476002e+01 -3.462546e+00  2.310000e+01
     vertex  3.476002e+01 -3.462546e+00  0.000000e+00
     vertex  3.466314e+01 -3.599017e+00  0.000000e+00
   endloop
 endfacet
 facet normal -8.154191e-01  5.788711e-01  0.000000e+00
   outer loop
     vertex  3.476002e+01 -3.462546e+00  2.310000e+01
     vertex  3.466314e+01 -3.599017e+00  0.000000e+00
     vertex  3.466314e+01 -3.599017e+00  2.310000e+01
   endloop
 endfacet
 facet normal -8.309929e-01  5.562829e-01  0.000000e+00
   outer loop
     vertex  3.485312e+01 -3.323468e+00  2.310000e+01
     vertex  3.485312e+01 -3.323468e+00  0.000000e+00
     vertex  3.476002e+01 -3.462546e+00  0.000000e+00
   endloop
 endfacet
 facet normal -8.309929e-01  5.562829e-01  0.000000e+00
   outer loop
     vertex  3.485312e+01 -3.323468e+00  2.310000e+01
     vertex  3.476002e+01 -3.462546e+00  0.000000e+00
     vertex  3.476002e+01 -3.462546e+00  2.310000e+01
   endloop
 endfacet
 facet normal -8.459413e-01  5.332761e-01  0.000000e+00
   outer loop
     vertex  3.494237e+01 -3.181888e+00  2.310000e+01
     vertex  3.494237e+01 -3.181888e+00  0.000000e+00
     vertex  3.485312e+01 -3.323468e+00  0.000000e+00
   endloop
 endfacet
 facet normal -8.459413e-01  5.332761e-01  0.000000e+00
   outer loop
     vertex  3.494237e+01 -3.181888e+00  2.310000e+01
     vertex  3.485312e+01 -3.323468e+00  0.000000e+00
     vertex  3.485312e+01 -3.323468e+00  2.310000e+01
   endloop
 endfacet
 facet normal -8.602528e-01  5.098678e-01  0.000000e+00
   outer loop
     vertex  3.502771e+01 -3.037913e+00  2.310000e+01
     vertex  3.502771e+01 -3.037913e+00  0.000000e+00
     vertex  3.494237e+01 -3.181888e+00  0.000000e+00
   endloop
 endfacet
 facet normal -8.739167e-01  4.860756e-01  0.000000e+00
   outer loop
     vertex  3.502771e+01 -3.037913e+00  2.310000e+01
     vertex  3.510906e+01 -2.891652e+00  0.000000e+00
     vertex  3.502771e+01 -3.037913e+00  0.000000e+00
   endloop
 endfacet
 facet normal -8.602528e-01  5.098678e-01  0.000000e+00
   outer loop
     vertex  3.502771e+01 -3.037913e+00  2.310000e+01
     vertex  3.494237e+01 -3.181888e+00  0.000000e+00
     vertex  3.494237e+01 -3.181888e+00  2.310000e+01
   endloop
 endfacet
 facet normal -8.739167e-01  4.860756e-01  0.000000e+00
   outer loop
     vertex  3.510906e+01 -2.891652e+00  2.310000e+01
     vertex  3.510906e+01 -2.891652e+00  0.000000e+00
     vertex  3.502771e+01 -3.037913e+00  2.310000e+01
   endloop
 endfacet
 facet normal -8.869228e-01  4.619176e-01  0.000000e+00
   outer loop
     vertex  3.518637e+01 -2.743213e+00  2.310000e+01
     vertex  3.510906e+01 -2.891652e+00  0.000000e+00
     vertex  3.510906e+01 -2.891652e+00  2.310000e+01
   endloop
 endfacet
 facet normal -8.869228e-01  4.619176e-01  0.000000e+00
   outer loop
     vertex  3.518637e+01 -2.743213e+00  2.310000e+01
     vertex  3.518637e+01 -2.743213e+00  0.000000e+00
     vertex  3.510906e+01 -2.891652e+00  0.000000e+00
   endloop
 endfacet
 facet normal -8.992613e-01  4.374119e-01  0.000000e+00
   outer loop
     vertex  3.525957e+01 -2.592710e+00  2.310000e+01
     vertex  3.518637e+01 -2.743213e+00  0.000000e+00
     vertex  3.518637e+01 -2.743213e+00  2.310000e+01
   endloop
 endfacet
 facet normal -8.992613e-01  4.374119e-01  0.000000e+00
   outer loop
     vertex  3.525957e+01 -2.592710e+00  2.310000e+01
     vertex  3.525957e+01 -2.592710e+00  0.000000e+00
     vertex  3.518637e+01 -2.743213e+00  0.000000e+00
   endloop
 endfacet
 facet normal -9.109228e-01  4.125769e-01  0.000000e+00
   outer loop
     vertex  3.532862e+01 -2.440254e+00  2.310000e+01
     vertex  3.525957e+01 -2.592710e+00  0.000000e+00
     vertex  3.525957e+01 -2.592710e+00  2.310000e+01
   endloop
 endfacet
 facet normal -9.109228e-01  4.125769e-01  0.000000e+00
   outer loop
     vertex  3.532862e+01 -2.440254e+00  2.310000e+01
     vertex  3.532862e+01 -2.440254e+00  0.000000e+00
     vertex  3.525957e+01 -2.592710e+00  0.000000e+00
   endloop
 endfacet
 facet normal -9.218986e-01  3.874313e-01  0.000000e+00
   outer loop
     vertex  3.532862e+01 -2.440254e+00  2.310000e+01
     vertex  3.539346e+01 -2.285962e+00  0.000000e+00
     vertex  3.532862e+01 -2.440254e+00  0.000000e+00
   endloop
 endfacet
 facet normal -9.218986e-01  3.874313e-01  0.000000e+00
   outer loop
     vertex  3.539346e+01 -2.285962e+00  2.310000e+01
     vertex  3.539346e+01 -2.285962e+00  0.000000e+00
     vertex  3.532862e+01 -2.440254e+00  2.310000e+01
   endloop
 endfacet
 facet normal -9.321804e-01  3.619940e-01  0.000000e+00
   outer loop
     vertex  3.545405e+01 -2.129949e+00  2.310000e+01
     vertex  3.539346e+01 -2.285962e+00  0.000000e+00
     vertex  3.539346e+01 -2.285962e+00  2.310000e+01
   endloop
 endfacet
 facet normal -9.321804e-01  3.619940e-01  0.000000e+00
   outer loop
     vertex  3.545405e+01 -2.129949e+00  2.310000e+01
     vertex  3.545405e+01 -2.129949e+00  0.000000e+00
     vertex  3.539346e+01 -2.285962e+00  0.000000e+00
   endloop
 endfacet
 facet normal -9.417605e-01  3.362843e-01  0.000000e+00
   outer loop
     vertex  3.551033e+01 -1.972333e+00  2.310000e+01
     vertex  3.545405e+01 -2.129949e+00  0.000000e+00
     vertex  3.545405e+01 -2.129949e+00  2.310000e+01
   endloop
 endfacet
 facet normal -9.417605e-01  3.362843e-01  0.000000e+00
   outer loop
     vertex  3.551033e+01 -1.972333e+00  2.310000e+01
     vertex  3.551033e+01 -1.972333e+00  0.000000e+00
     vertex  3.545405e+01 -2.129949e+00  0.000000e+00
   endloop
 endfacet
 facet normal -9.506317e-01  3.103214e-01  0.000000e+00
   outer loop
     vertex  3.556227e+01 -1.813232e+00  2.310000e+01
     vertex  3.551033e+01 -1.972333e+00  0.000000e+00
     vertex  3.551033e+01 -1.972333e+00  2.310000e+01
   endloop
 endfacet
 facet normal -9.506317e-01  3.103214e-01  0.000000e+00
   outer loop
     vertex  3.556227e+01 -1.813232e+00  2.310000e+01
     vertex  3.556227e+01 -1.813232e+00  0.000000e+00
     vertex  3.551033e+01 -1.972333e+00  0.000000e+00
   endloop
 endfacet
 facet normal -9.587873e-01  2.841250e-01  0.000000e+00
   outer loop
     vertex  3.560982e+01 -1.652766e+00  2.310000e+01
     vertex  3.556227e+01 -1.813232e+00  0.000000e+00
     vertex  3.556227e+01 -1.813232e+00  2.310000e+01
   endloop
 endfacet
 facet normal -9.587873e-01  2.841250e-01  0.000000e+00
   outer loop
     vertex  3.560982e+01 -1.652766e+00  2.310000e+01
     vertex  3.560982e+01 -1.652766e+00  0.000000e+00
     vertex  3.556227e+01 -1.813232e+00  0.000000e+00
   endloop
 endfacet
 facet normal -9.662211e-01  2.577146e-01  0.000000e+00
   outer loop
     vertex  3.565295e+01 -1.491056e+00  2.310000e+01
     vertex  3.560982e+01 -1.652766e+00  0.000000e+00
     vertex  3.560982e+01 -1.652766e+00  2.310000e+01
   endloop
 endfacet
 facet normal -9.662211e-01  2.577146e-01  0.000000e+00
   outer loop
     vertex  3.565295e+01 -1.491056e+00  2.310000e+01
     vertex  3.565295e+01 -1.491056e+00  0.000000e+00
     vertex  3.560982e+01 -1.652766e+00  0.000000e+00
   endloop
 endfacet
 facet normal -9.729276e-01  2.311102e-01  0.000000e+00
   outer loop
     vertex  3.569163e+01 -1.328224e+00  2.310000e+01
     vertex  3.565295e+01 -1.491056e+00  0.000000e+00
     vertex  3.565295e+01 -1.491056e+00  2.310000e+01
   endloop
 endfacet
 facet normal -9.729276e-01  2.311102e-01  0.000000e+00
   outer loop
     vertex  3.569163e+01 -1.328224e+00  2.310000e+01
     vertex  3.569163e+01 -1.328224e+00  0.000000e+00
     vertex  3.565295e+01 -1.491056e+00  0.000000e+00
   endloop
 endfacet
 facet normal -9.789017e-01  2.043319e-01  0.000000e+00
   outer loop
     vertex  3.572583e+01 -1.164391e+00  2.310000e+01
     vertex  3.569163e+01 -1.328224e+00  0.000000e+00
     vertex  3.569163e+01 -1.328224e+00  2.310000e+01
   endloop
 endfacet
 facet normal -9.789017e-01  2.043319e-01  0.000000e+00
   outer loop
     vertex  3.572583e+01 -1.164391e+00  2.310000e+01
     vertex  3.572583e+01 -1.164391e+00  0.000000e+00
     vertex  3.569163e+01 -1.328224e+00  0.000000e+00
   endloop
 endfacet
 facet normal -9.841389e-01  1.773998e-01  0.000000e+00
   outer loop
     vertex  3.575552e+01 -9.996824e-01  2.310000e+01
     vertex  3.572583e+01 -1.164391e+00  0.000000e+00
     vertex  3.572583e+01 -1.164391e+00  2.310000e+01
   endloop
 endfacet
 facet normal -9.841389e-01  1.773998e-01  0.000000e+00
   outer loop
     vertex  3.575552e+01 -9.996824e-01  2.310000e+01
     vertex  3.575552e+01 -9.996824e-01  0.000000e+00
     vertex  3.572583e+01 -1.164391e+00  0.000000e+00
   endloop
 endfacet
 facet normal -9.886353e-01  1.503341e-01  0.000000e+00
   outer loop
     vertex  3.575552e+01 -9.996824e-01  2.310000e+01
     vertex  3.578068e+01 -8.342210e-01  0.000000e+00
     vertex  3.575552e+01 -9.996824e-01  0.000000e+00
   endloop
 endfacet
 facet normal -9.886353e-01  1.503341e-01  0.000000e+00
   outer loop
     vertex  3.578068e+01 -8.342210e-01  2.310000e+01
     vertex  3.578068e+01 -8.342210e-01  0.000000e+00
     vertex  3.575552e+01 -9.996824e-01  2.310000e+01
   endloop
 endfacet
 facet normal -9.923874e-01  1.231552e-01  0.000000e+00
   outer loop
     vertex  3.580129e+01 -6.681316e-01  2.310000e+01
     vertex  3.580129e+01 -6.681316e-01  0.000000e+00
     vertex  3.578068e+01 -8.342210e-01  0.000000e+00
   endloop
 endfacet
 facet normal -9.923874e-01  1.231552e-01  0.000000e+00
   outer loop
     vertex  3.580129e+01 -6.681316e-01  2.310000e+01
     vertex  3.578068e+01 -8.342210e-01  0.000000e+00
     vertex  3.578068e+01 -8.342210e-01  2.310000e+01
   endloop
 endfacet
 facet normal -9.953925e-01  9.588368e-02  0.000000e+00
   outer loop
     vertex  3.581734e+01 -5.015393e-01  2.310000e+01
     vertex  3.581734e+01 -5.015393e-01  0.000000e+00
     vertex  3.580129e+01 -6.681316e-01  0.000000e+00
   endloop
 endfacet
 facet normal -9.953925e-01  9.588368e-02  0.000000e+00
   outer loop
     vertex  3.581734e+01 -5.015393e-01  2.310000e+01
     vertex  3.580129e+01 -6.681316e-01  0.000000e+00
     vertex  3.580129e+01 -6.681316e-01  2.310000e+01
   endloop
 endfacet
 facet normal -9.976484e-01  6.853995e-02  0.000000e+00
   outer loop
     vertex  3.582881e+01 -3.345694e-01  2.310000e+01
     vertex  3.582881e+01 -3.345694e-01  0.000000e+00
     vertex  3.581734e+01 -5.015393e-01  0.000000e+00
   endloop
 endfacet
 facet normal -9.976484e-01  6.853995e-02  0.000000e+00
   outer loop
     vertex  3.582881e+01 -3.345694e-01  2.310000e+01
     vertex  3.581734e+01 -5.015393e-01  0.000000e+00
     vertex  3.581734e+01 -5.015393e-01  2.310000e+01
   endloop
 endfacet
 facet normal -9.991532e-01  4.114462e-02  0.000000e+00
   outer loop
     vertex  3.583570e+01 -1.673477e-01  2.310000e+01
     vertex  3.583570e+01 -1.673477e-01  0.000000e+00
     vertex  3.582881e+01 -3.345694e-01  0.000000e+00
   endloop
 endfacet
 facet normal -9.991532e-01  4.114462e-02  0.000000e+00
   outer loop
     vertex  3.583570e+01 -1.673477e-01  2.310000e+01
     vertex  3.582881e+01 -3.345694e-01  0.000000e+00
     vertex  3.582881e+01 -3.345694e-01  2.310000e+01
   endloop
 endfacet
 facet normal -9.999059e-01  1.371831e-02  0.000000e+00
   outer loop
     vertex  3.583799e+01  0.000000e+00  2.310000e+01
     vertex  3.583799e+01  0.000000e+00  0.000000e+00
     vertex  3.583570e+01 -1.673477e-01  0.000000e+00
   endloop
 endfacet
 facet normal -9.999059e-01  1.371831e-02  0.000000e+00
   outer loop
     vertex  3.583799e+01  0.000000e+00  2.310000e+01
     vertex  3.583570e+01 -1.673477e-01  0.000000e+00
     vertex  3.583570e+01 -1.673477e-01  2.310000e+01
   endloop
 endfacet
endsolid
