solid 
 facet normal  9.999059e-01  1.371831e-02  0.000000e+00
   outer loop
     vertex -2.074138e+01  2.469064e-01  2.270000e+01
     vertex -2.073799e+01  0.000000e+00  2.270000e+01
     vertex -2.073799e+01  0.000000e+00  0.000000e+00
   endloop
 endfacet
 facet normal  9.999059e-01  1.371831e-02  0.000000e+00
   outer loop
     vertex -2.074138e+01  2.469064e-01  2.270000e+01
     vertex -2.073799e+01  0.000000e+00  0.000000e+00
     vertex -2.074138e+01  2.469064e-01  0.000000e+00
   endloop
 endfacet
 facet normal  9.991532e-01  4.114462e-02  0.000000e+00
   outer loop
     vertex -2.075154e+01  4.936270e-01  2.270000e+01
     vertex -2.074138e+01  2.469064e-01  0.000000e+00
     vertex -2.075154e+01  4.936270e-01  0.000000e+00
   endloop
 endfacet
 facet normal  9.976484e-01  6.853995e-02  0.000000e+00
   outer loop
     vertex -2.075154e+01  4.936270e-01  2.270000e+01
     vertex -2.075154e+01  4.936270e-01  0.000000e+00
     vertex -2.076846e+01  7.399760e-01  0.000000e+00
   endloop
 endfacet
 facet normal  9.991532e-01  4.114462e-02  0.000000e+00
   outer loop
     vertex -2.075154e+01  4.936270e-01  2.270000e+01
     vertex -2.074138e+01  2.469064e-01  2.270000e+01
     vertex -2.074138e+01  2.469064e-01  0.000000e+00
   endloop
 endfacet
 facet normal  9.976484e-01  6.853995e-02  0.000000e+00
   outer loop
     vertex -2.076846e+01  7.399760e-01  2.270000e+01
     vertex -2.075154e+01  4.936270e-01  2.270000e+01
     vertex -2.076846e+01  7.399760e-01  0.000000e+00
   endloop
 endfacet
 facet normal  9.953925e-01  9.588368e-02  0.000000e+00
   outer loop
     vertex -2.079214e+01  9.857679e-01  2.270000e+01
     vertex -2.076846e+01  7.399760e-01  0.000000e+00
     vertex -2.079214e+01  9.857679e-01  0.000000e+00
   endloop
 endfacet
 facet normal  9.953925e-01  9.588368e-02  0.000000e+00
   outer loop
     vertex -2.079214e+01  9.857679e-01  2.270000e+01
     vertex -2.076846e+01  7.399760e-01  2.270000e+01
     vertex -2.076846e+01  7.399760e-01  0.000000e+00
   endloop
 endfacet
 facet normal  9.923874e-01  1.231552e-01  0.000000e+00
   outer loop
     vertex -2.082255e+01  1.230818e+00  2.270000e+01
     vertex -2.079214e+01  9.857679e-01  0.000000e+00
     vertex -2.082255e+01  1.230818e+00  0.000000e+00
   endloop
 endfacet
 facet normal  9.886353e-01  1.503341e-01  0.000000e+00
   outer loop
     vertex -2.082255e+01  1.230818e+00  2.270000e+01
     vertex -2.082255e+01  1.230818e+00  0.000000e+00
     vertex -2.085967e+01  1.474941e+00  0.000000e+00
   endloop
 endfacet
 facet normal  9.923874e-01  1.231552e-01  0.000000e+00
   outer loop
     vertex -2.082255e+01  1.230818e+00  2.270000e+01
     vertex -2.079214e+01  9.857679e-01  2.270000e+01
     vertex -2.079214e+01  9.857679e-01  0.000000e+00
   endloop
 endfacet
 facet normal  9.886353e-01  1.503341e-01  0.000000e+00
   outer loop
     vertex -2.085967e+01  1.474941e+00  2.270000e+01
     vertex -2.082255e+01  1.230818e+00  2.270000e+01
     vertex -2.085967e+01  1.474941e+00  0.000000e+00
   endloop
 endfacet
 facet normal  9.841389e-01  1.773998e-01  0.000000e+00
   outer loop
     vertex -2.090348e+01  1.717954e+00  2.270000e+01
     vertex -2.085967e+01  1.474941e+00  0.000000e+00
     vertex -2.090348e+01  1.717954e+00  0.000000e+00
   endloop
 endfacet
 facet normal  9.789017e-01  2.043319e-01  0.000000e+00
   outer loop
     vertex -2.090348e+01  1.717954e+00  2.270000e+01
     vertex -2.090348e+01  1.717954e+00  0.000000e+00
     vertex -2.095393e+01  1.959674e+00  0.000000e+00
   endloop
 endfacet
 facet normal  9.841389e-01  1.773998e-01  0.000000e+00
   outer loop
     vertex -2.090348e+01  1.717954e+00  2.270000e+01
     vertex -2.085967e+01  1.474941e+00  2.270000e+01
     vertex -2.085967e+01  1.474941e+00  0.000000e+00
   endloop
 endfacet
 facet normal  9.729276e-01  2.311102e-01  0.000000e+00
   outer loop
     vertex -2.095393e+01  1.959674e+00  2.270000e+01
     vertex -2.095393e+01  1.959674e+00  0.000000e+00
     vertex -2.101100e+01  2.199919e+00  0.000000e+00
   endloop
 endfacet
 facet normal  9.789017e-01  2.043319e-01  0.000000e+00
   outer loop
     vertex -2.095393e+01  1.959674e+00  2.270000e+01
     vertex -2.090348e+01  1.717954e+00  2.270000e+01
     vertex -2.095393e+01  1.959674e+00  0.000000e+00
   endloop
 endfacet
 facet normal  9.729276e-01  2.311102e-01  0.000000e+00
   outer loop
     vertex -2.101100e+01  2.199919e+00  2.270000e+01
     vertex -2.095393e+01  1.959674e+00  2.270000e+01
     vertex -2.101100e+01  2.199919e+00  0.000000e+00
   endloop
 endfacet
 facet normal  9.662211e-01  2.577146e-01  0.000000e+00
   outer loop
     vertex -2.107464e+01  2.438507e+00  2.270000e+01
     vertex -2.101100e+01  2.199919e+00  2.270000e+01
     vertex -2.101100e+01  2.199919e+00  0.000000e+00
   endloop
 endfacet
 facet normal  9.662211e-01  2.577146e-01  0.000000e+00
   outer loop
     vertex -2.107464e+01  2.438507e+00  2.270000e+01
     vertex -2.101100e+01  2.199919e+00  0.000000e+00
     vertex -2.107464e+01  2.438507e+00  0.000000e+00
   endloop
 endfacet
 facet normal  9.587873e-01  2.841250e-01  0.000000e+00
   outer loop
     vertex -2.107464e+01  2.438507e+00  2.270000e+01
     vertex -2.107464e+01  2.438507e+00  0.000000e+00
     vertex -2.114480e+01  2.675261e+00  0.000000e+00
   endloop
 endfacet
 facet normal  9.587873e-01  2.841250e-01  0.000000e+00
   outer loop
     vertex -2.114480e+01  2.675261e+00  2.270000e+01
     vertex -2.107464e+01  2.438507e+00  2.270000e+01
     vertex -2.114480e+01  2.675261e+00  0.000000e+00
   endloop
 endfacet
 facet normal  9.506317e-01  3.103214e-01  0.000000e+00
   outer loop
     vertex -2.122142e+01  2.910000e+00  2.270000e+01
     vertex -2.114480e+01  2.675261e+00  2.270000e+01
     vertex -2.114480e+01  2.675261e+00  0.000000e+00
   endloop
 endfacet
 facet normal  9.506317e-01  3.103214e-01  0.000000e+00
   outer loop
     vertex -2.122142e+01  2.910000e+00  2.270000e+01
     vertex -2.114480e+01  2.675261e+00  0.000000e+00
     vertex -2.122142e+01  2.910000e+00  0.000000e+00
   endloop
 endfacet
 facet normal  9.417605e-01  3.362843e-01  0.000000e+00
   outer loop
     vertex -2.122142e+01  2.910000e+00  2.270000e+01
     vertex -2.122142e+01  2.910000e+00  0.000000e+00
     vertex -2.130446e+01  3.142548e+00  0.000000e+00
   endloop
 endfacet
 facet normal  9.417605e-01  3.362843e-01  0.000000e+00
   outer loop
     vertex -2.130446e+01  3.142548e+00  2.270000e+01
     vertex -2.122142e+01  2.910000e+00  2.270000e+01
     vertex -2.130446e+01  3.142548e+00  0.000000e+00
   endloop
 endfacet
 facet normal  9.321804e-01  3.619940e-01  0.000000e+00
   outer loop
     vertex -2.130446e+01  3.142548e+00  2.270000e+01
     vertex -2.130446e+01  3.142548e+00  0.000000e+00
     vertex -2.139385e+01  3.372731e+00  0.000000e+00
   endloop
 endfacet
 facet normal  9.321804e-01  3.619940e-01  0.000000e+00
   outer loop
     vertex -2.139385e+01  3.372731e+00  2.270000e+01
     vertex -2.130446e+01  3.142548e+00  2.270000e+01
     vertex -2.139385e+01  3.372731e+00  0.000000e+00
   endloop
 endfacet
 facet normal  9.218986e-01  3.874313e-01  0.000000e+00
   outer loop
     vertex -2.148952e+01  3.600375e+00  2.270000e+01
     vertex -2.139385e+01  3.372731e+00  2.270000e+01
     vertex -2.139385e+01  3.372731e+00  0.000000e+00
   endloop
 endfacet
 facet normal  9.218986e-01  3.874313e-01  0.000000e+00
   outer loop
     vertex -2.148952e+01  3.600375e+00  2.270000e+01
     vertex -2.139385e+01  3.372731e+00  0.000000e+00
     vertex -2.148952e+01  3.600375e+00  0.000000e+00
   endloop
 endfacet
 facet normal  9.109228e-01  4.125769e-01  0.000000e+00
   outer loop
     vertex -2.159140e+01  3.825309e+00  2.270000e+01
     vertex -2.148952e+01  3.600375e+00  2.270000e+01
     vertex -2.148952e+01  3.600375e+00  0.000000e+00
   endloop
 endfacet
 facet normal  9.109228e-01  4.125769e-01  0.000000e+00
   outer loop
     vertex -2.159140e+01  3.825309e+00  2.270000e+01
     vertex -2.148952e+01  3.600375e+00  0.000000e+00
     vertex -2.159140e+01  3.825309e+00  0.000000e+00
   endloop
 endfacet
 facet normal  8.992613e-01  4.374119e-01  0.000000e+00
   outer loop
     vertex -2.169941e+01  4.047364e+00  2.270000e+01
     vertex -2.159140e+01  3.825309e+00  2.270000e+01
     vertex -2.159140e+01  3.825309e+00  0.000000e+00
   endloop
 endfacet
 facet normal  8.992613e-01  4.374119e-01  0.000000e+00
   outer loop
     vertex -2.169941e+01  4.047364e+00  2.270000e+01
     vertex -2.159140e+01  3.825309e+00  0.000000e+00
     vertex -2.169941e+01  4.047364e+00  0.000000e+00
   endloop
 endfacet
 facet normal  8.869228e-01  4.619176e-01  0.000000e+00
   outer loop
     vertex -2.181347e+01  4.266371e+00  2.270000e+01
     vertex -2.169941e+01  4.047364e+00  2.270000e+01
     vertex -2.169941e+01  4.047364e+00  0.000000e+00
   endloop
 endfacet
 facet normal  8.869228e-01  4.619176e-01  0.000000e+00
   outer loop
     vertex -2.181347e+01  4.266371e+00  2.270000e+01
     vertex -2.169941e+01  4.047364e+00  0.000000e+00
     vertex -2.181347e+01  4.266371e+00  0.000000e+00
   endloop
 endfacet
 facet normal  8.739167e-01  4.860756e-01  0.000000e+00
   outer loop
     vertex -2.193349e+01  4.482167e+00  2.270000e+01
     vertex -2.181347e+01  4.266371e+00  2.270000e+01
     vertex -2.181347e+01  4.266371e+00  0.000000e+00
   endloop
 endfacet
 facet normal  8.739167e-01  4.860756e-01  0.000000e+00
   outer loop
     vertex -2.193349e+01  4.482167e+00  2.270000e+01
     vertex -2.181347e+01  4.266371e+00  0.000000e+00
     vertex -2.193349e+01  4.482167e+00  0.000000e+00
   endloop
 endfacet
 facet normal  8.602528e-01  5.098678e-01  0.000000e+00
   outer loop
     vertex -2.205940e+01  4.694589e+00  2.270000e+01
     vertex -2.193349e+01  4.482167e+00  2.270000e+01
     vertex -2.193349e+01  4.482167e+00  0.000000e+00
   endloop
 endfacet
 facet normal  8.602528e-01  5.098678e-01  0.000000e+00
   outer loop
     vertex -2.205940e+01  4.694589e+00  2.270000e+01
     vertex -2.193349e+01  4.482167e+00  0.000000e+00
     vertex -2.205940e+01  4.694589e+00  0.000000e+00
   endloop
 endfacet
 facet normal  8.459413e-01  5.332761e-01  0.000000e+00
   outer loop
     vertex -2.219108e+01  4.903477e+00  2.270000e+01
     vertex -2.205940e+01  4.694589e+00  2.270000e+01
     vertex -2.205940e+01  4.694589e+00  0.000000e+00
   endloop
 endfacet
 facet normal  8.459413e-01  5.332761e-01  0.000000e+00
   outer loop
     vertex -2.219108e+01  4.903477e+00  2.270000e+01
     vertex -2.205940e+01  4.694589e+00  0.000000e+00
     vertex -2.219108e+01  4.903477e+00  0.000000e+00
   endloop
 endfacet
 facet normal  8.309929e-01  5.562829e-01  0.000000e+00
   outer loop
     vertex -2.232844e+01  5.108674e+00  2.270000e+01
     vertex -2.219108e+01  4.903477e+00  0.000000e+00
     vertex -2.232844e+01  5.108674e+00  0.000000e+00
   endloop
 endfacet
 facet normal  8.309929e-01  5.562829e-01  0.000000e+00
   outer loop
     vertex -2.232844e+01  5.108674e+00  2.270000e+01
     vertex -2.219108e+01  4.903477e+00  2.270000e+01
     vertex -2.219108e+01  4.903477e+00  0.000000e+00
   endloop
 endfacet
 facet normal  8.154191e-01  5.788711e-01  0.000000e+00
   outer loop
     vertex -2.232844e+01  5.108674e+00  2.270000e+01
     vertex -2.232844e+01  5.108674e+00  0.000000e+00
     vertex -2.247138e+01  5.310025e+00  0.000000e+00
   endloop
 endfacet
 facet normal  8.154191e-01  5.788711e-01  0.000000e+00
   outer loop
     vertex -2.247138e+01  5.310025e+00  2.270000e+01
     vertex -2.232844e+01  5.108674e+00  2.270000e+01
     vertex -2.247138e+01  5.310025e+00  0.000000e+00
   endloop
 endfacet
 facet normal  7.992314e-01  6.010234e-01  0.000000e+00
   outer loop
     vertex -2.261979e+01  5.507379e+00  2.270000e+01
     vertex -2.247138e+01  5.310025e+00  2.270000e+01
     vertex -2.247138e+01  5.310025e+00  0.000000e+00
   endloop
 endfacet
 facet normal  7.992314e-01  6.010234e-01  0.000000e+00
   outer loop
     vertex -2.261979e+01  5.507379e+00  2.270000e+01
     vertex -2.247138e+01  5.310025e+00  0.000000e+00
     vertex -2.261979e+01  5.507379e+00  0.000000e+00
   endloop
 endfacet
 facet normal  7.824421e-01  6.227234e-01  0.000000e+00
   outer loop
     vertex -2.261979e+01  5.507379e+00  2.270000e+01
     vertex -2.261979e+01  5.507379e+00  0.000000e+00
     vertex -2.277356e+01  5.700587e+00  0.000000e+00
   endloop
 endfacet
 facet normal  7.650637e-01  6.439545e-01  0.000000e+00
   outer loop
     vertex -2.277356e+01  5.700587e+00  2.270000e+01
     vertex -2.277356e+01  5.700587e+00  0.000000e+00
     vertex -2.293257e+01  5.889504e+00  0.000000e+00
   endloop
 endfacet
 facet normal  7.824421e-01  6.227234e-01  0.000000e+00
   outer loop
     vertex -2.277356e+01  5.700587e+00  2.270000e+01
     vertex -2.261979e+01  5.507379e+00  2.270000e+01
     vertex -2.277356e+01  5.700587e+00  0.000000e+00
   endloop
 endfacet
 facet normal  7.650637e-01  6.439545e-01  0.000000e+00
   outer loop
     vertex -2.293257e+01  5.889504e+00  2.270000e+01
     vertex -2.277356e+01  5.700587e+00  2.270000e+01
     vertex -2.293257e+01  5.889504e+00  0.000000e+00
   endloop
 endfacet
 facet normal  7.471095e-01  6.647010e-01  0.000000e+00
   outer loop
     vertex -2.309671e+01  6.073988e+00  2.270000e+01
     vertex -2.293257e+01  5.889504e+00  0.000000e+00
     vertex -2.309671e+01  6.073988e+00  0.000000e+00
   endloop
 endfacet
 facet normal  7.471095e-01  6.647010e-01  0.000000e+00
   outer loop
     vertex -2.309671e+01  6.073988e+00  2.270000e+01
     vertex -2.293257e+01  5.889504e+00  2.270000e+01
     vertex -2.293257e+01  5.889504e+00  0.000000e+00
   endloop
 endfacet
 facet normal  7.285929e-01  6.849470e-01  0.000000e+00
   outer loop
     vertex -2.326584e+01  6.253899e+00  2.270000e+01
     vertex -2.309671e+01  6.073988e+00  0.000000e+00
     vertex -2.326584e+01  6.253899e+00  0.000000e+00
   endloop
 endfacet
 facet normal  7.095278e-01  7.046775e-01  0.000000e+00
   outer loop
     vertex -2.326584e+01  6.253899e+00  2.270000e+01
     vertex -2.326584e+01  6.253899e+00  0.000000e+00
     vertex -2.343985e+01  6.429102e+00  0.000000e+00
   endloop
 endfacet
 facet normal  7.285929e-01  6.849470e-01  0.000000e+00
   outer loop
     vertex -2.326584e+01  6.253899e+00  2.270000e+01
     vertex -2.309671e+01  6.073988e+00  2.270000e+01
     vertex -2.309671e+01  6.073988e+00  0.000000e+00
   endloop
 endfacet
 facet normal  7.095278e-01  7.046775e-01  0.000000e+00
   outer loop
     vertex -2.343985e+01  6.429102e+00  2.270000e+01
     vertex -2.326584e+01  6.253899e+00  2.270000e+01
     vertex -2.343985e+01  6.429102e+00  0.000000e+00
   endloop
 endfacet
 facet normal  6.899286e-01  7.238775e-01  0.000000e+00
   outer loop
     vertex -2.361859e+01  6.599466e+00  2.270000e+01
     vertex -2.343985e+01  6.429102e+00  0.000000e+00
     vertex -2.361859e+01  6.599466e+00  0.000000e+00
   endloop
 endfacet
 facet normal  6.899286e-01  7.238775e-01  0.000000e+00
   outer loop
     vertex -2.361859e+01  6.599466e+00  2.270000e+01
     vertex -2.343985e+01  6.429102e+00  2.270000e+01
     vertex -2.343985e+01  6.429102e+00  0.000000e+00
   endloop
 endfacet
 facet normal  6.698100e-01  7.425325e-01  0.000000e+00
   outer loop
     vertex -2.380195e+01  6.764862e+00  2.270000e+01
     vertex -2.361859e+01  6.599466e+00  0.000000e+00
     vertex -2.380195e+01  6.764862e+00  0.000000e+00
   endloop
 endfacet
 facet normal  6.698100e-01  7.425325e-01  0.000000e+00
   outer loop
     vertex -2.380195e+01  6.764862e+00  2.270000e+01
     vertex -2.361859e+01  6.599466e+00  2.270000e+01
     vertex -2.361859e+01  6.599466e+00  0.000000e+00
   endloop
 endfacet
 facet normal  6.491872e-01  7.606287e-01  0.000000e+00
   outer loop
     vertex -2.398977e+01  6.925166e+00  2.270000e+01
     vertex -2.380195e+01  6.764862e+00  0.000000e+00
     vertex -2.398977e+01  6.925166e+00  0.000000e+00
   endloop
 endfacet
 facet normal  6.491872e-01  7.606287e-01  0.000000e+00
   outer loop
     vertex -2.398977e+01  6.925166e+00  2.270000e+01
     vertex -2.380195e+01  6.764862e+00  2.270000e+01
     vertex -2.380195e+01  6.764862e+00  0.000000e+00
   endloop
 endfacet
 facet normal  6.280757e-01  7.781522e-01  0.000000e+00
   outer loop
     vertex -2.418192e+01  7.080256e+00  2.270000e+01
     vertex -2.398977e+01  6.925166e+00  0.000000e+00
     vertex -2.418192e+01  7.080256e+00  0.000000e+00
   endloop
 endfacet
 facet normal  6.280757e-01  7.781522e-01  0.000000e+00
   outer loop
     vertex -2.418192e+01  7.080256e+00  2.270000e+01
     vertex -2.398977e+01  6.925166e+00  2.270000e+01
     vertex -2.398977e+01  6.925166e+00  0.000000e+00
   endloop
 endfacet
 facet normal  6.064915e-01  7.950900e-01  0.000000e+00
   outer loop
     vertex -2.437825e+01  7.230017e+00  2.270000e+01
     vertex -2.418192e+01  7.080256e+00  0.000000e+00
     vertex -2.437825e+01  7.230017e+00  0.000000e+00
   endloop
 endfacet
 facet normal  6.064915e-01  7.950900e-01  0.000000e+00
   outer loop
     vertex -2.437825e+01  7.230017e+00  2.270000e+01
     vertex -2.418192e+01  7.080256e+00  2.270000e+01
     vertex -2.418192e+01  7.080256e+00  0.000000e+00
   endloop
 endfacet
 facet normal  5.844507e-01  8.114292e-01  0.000000e+00
   outer loop
     vertex -2.457861e+01  7.374335e+00  2.270000e+01
     vertex -2.437825e+01  7.230017e+00  0.000000e+00
     vertex -2.457861e+01  7.374335e+00  0.000000e+00
   endloop
 endfacet
 facet normal  5.844507e-01  8.114292e-01  0.000000e+00
   outer loop
     vertex -2.457861e+01  7.374335e+00  2.270000e+01
     vertex -2.437825e+01  7.230017e+00  2.270000e+01
     vertex -2.437825e+01  7.230017e+00  0.000000e+00
   endloop
 endfacet
 facet normal  5.619699e-01  8.271577e-01  0.000000e+00
   outer loop
     vertex -2.478286e+01  7.513102e+00  2.270000e+01
     vertex -2.457861e+01  7.374335e+00  2.270000e+01
     vertex -2.457861e+01  7.374335e+00  0.000000e+00
   endloop
 endfacet
 facet normal  5.619699e-01  8.271577e-01  0.000000e+00
   outer loop
     vertex -2.478286e+01  7.513102e+00  2.270000e+01
     vertex -2.457861e+01  7.374335e+00  0.000000e+00
     vertex -2.478286e+01  7.513102e+00  0.000000e+00
   endloop
 endfacet
 facet normal  5.390661e-01  8.422635e-01  0.000000e+00
   outer loop
     vertex -2.499084e+01  7.646214e+00  2.270000e+01
     vertex -2.478286e+01  7.513102e+00  2.270000e+01
     vertex -2.478286e+01  7.513102e+00  0.000000e+00
   endloop
 endfacet
 facet normal  5.390661e-01  8.422635e-01  0.000000e+00
   outer loop
     vertex -2.499084e+01  7.646214e+00  2.270000e+01
     vertex -2.478286e+01  7.513102e+00  0.000000e+00
     vertex -2.499084e+01  7.646214e+00  0.000000e+00
   endloop
 endfacet
 facet normal  5.157565e-01  8.567352e-01  0.000000e+00
   outer loop
     vertex -2.520240e+01  7.773569e+00  2.270000e+01
     vertex -2.499084e+01  7.646214e+00  2.270000e+01
     vertex -2.499084e+01  7.646214e+00  0.000000e+00
   endloop
 endfacet
 facet normal  5.157565e-01  8.567352e-01  0.000000e+00
   outer loop
     vertex -2.520240e+01  7.773569e+00  2.270000e+01
     vertex -2.499084e+01  7.646214e+00  0.000000e+00
     vertex -2.520240e+01  7.773569e+00  0.000000e+00
   endloop
 endfacet
 facet normal  4.920587e-01  8.705620e-01  0.000000e+00
   outer loop
     vertex -2.541736e+01  7.895073e+00  2.270000e+01
     vertex -2.520240e+01  7.773569e+00  2.270000e+01
     vertex -2.520240e+01  7.773569e+00  0.000000e+00
   endloop
 endfacet
 facet normal  4.920587e-01  8.705620e-01  0.000000e+00
   outer loop
     vertex -2.541736e+01  7.895073e+00  2.270000e+01
     vertex -2.520240e+01  7.773569e+00  0.000000e+00
     vertex -2.541736e+01  7.895073e+00  0.000000e+00
   endloop
 endfacet
 facet normal  4.679904e-01  8.837335e-01  0.000000e+00
   outer loop
     vertex -2.563558e+01  8.010634e+00  2.270000e+01
     vertex -2.541736e+01  7.895073e+00  2.270000e+01
     vertex -2.541736e+01  7.895073e+00  0.000000e+00
   endloop
 endfacet
 facet normal  4.679904e-01  8.837335e-01  0.000000e+00
   outer loop
     vertex -2.563558e+01  8.010634e+00  2.270000e+01
     vertex -2.541736e+01  7.895073e+00  0.000000e+00
     vertex -2.563558e+01  8.010634e+00  0.000000e+00
   endloop
 endfacet
 facet normal  4.435699e-01  8.962398e-01  0.000000e+00
   outer loop
     vertex -2.585689e+01  8.120164e+00  2.270000e+01
     vertex -2.563558e+01  8.010634e+00  2.270000e+01
     vertex -2.563558e+01  8.010634e+00  0.000000e+00
   endloop
 endfacet
 facet normal  4.435699e-01  8.962398e-01  0.000000e+00
   outer loop
     vertex -2.585689e+01  8.120164e+00  2.270000e+01
     vertex -2.563558e+01  8.010634e+00  0.000000e+00
     vertex -2.585689e+01  8.120164e+00  0.000000e+00
   endloop
 endfacet
 facet normal  4.188155e-01  9.080714e-01  0.000000e+00
   outer loop
     vertex -2.608112e+01  8.223582e+00  2.270000e+01
     vertex -2.585689e+01  8.120164e+00  2.270000e+01
     vertex -2.585689e+01  8.120164e+00  0.000000e+00
   endloop
 endfacet
 facet normal  4.188155e-01  9.080714e-01  0.000000e+00
   outer loop
     vertex -2.608112e+01  8.223582e+00  2.270000e+01
     vertex -2.585689e+01  8.120164e+00  0.000000e+00
     vertex -2.608112e+01  8.223582e+00  0.000000e+00
   endloop
 endfacet
 facet normal  3.937458e-01  9.192194e-01  0.000000e+00
   outer loop
     vertex -2.630810e+01  8.320810e+00  2.270000e+01
     vertex -2.608112e+01  8.223582e+00  2.270000e+01
     vertex -2.608112e+01  8.223582e+00  0.000000e+00
   endloop
 endfacet
 facet normal  3.937458e-01  9.192194e-01  0.000000e+00
   outer loop
     vertex -2.630810e+01  8.320810e+00  2.270000e+01
     vertex -2.608112e+01  8.223582e+00  0.000000e+00
     vertex -2.630810e+01  8.320810e+00  0.000000e+00
   endloop
 endfacet
 facet normal  3.683796e-01  9.296754e-01  0.000000e+00
   outer loop
     vertex -2.653767e+01  8.411774e+00  2.270000e+01
     vertex -2.630810e+01  8.320810e+00  2.270000e+01
     vertex -2.630810e+01  8.320810e+00  0.000000e+00
   endloop
 endfacet
 facet normal  3.683796e-01  9.296754e-01  0.000000e+00
   outer loop
     vertex -2.653767e+01  8.411774e+00  2.270000e+01
     vertex -2.630810e+01  8.320810e+00  0.000000e+00
     vertex -2.653767e+01  8.411774e+00  0.000000e+00
   endloop
 endfacet
 facet normal  3.427362e-01  9.394317e-01  0.000000e+00
   outer loop
     vertex -2.676964e+01  8.496405e+00  2.270000e+01
     vertex -2.653767e+01  8.411774e+00  2.270000e+01
     vertex -2.653767e+01  8.411774e+00  0.000000e+00
   endloop
 endfacet
 facet normal  3.427362e-01  9.394317e-01  0.000000e+00
   outer loop
     vertex -2.676964e+01  8.496405e+00  2.270000e+01
     vertex -2.653767e+01  8.411774e+00  0.000000e+00
     vertex -2.676964e+01  8.496405e+00  0.000000e+00
   endloop
 endfacet
 facet normal  3.168348e-01  9.484807e-01  0.000000e+00
   outer loop
     vertex -2.700385e+01  8.574641e+00  2.270000e+01
     vertex -2.676964e+01  8.496405e+00  2.270000e+01
     vertex -2.676964e+01  8.496405e+00  0.000000e+00
   endloop
 endfacet
 facet normal  3.168348e-01  9.484807e-01  0.000000e+00
   outer loop
     vertex -2.700385e+01  8.574641e+00  2.270000e+01
     vertex -2.676964e+01  8.496405e+00  0.000000e+00
     vertex -2.700385e+01  8.574641e+00  0.000000e+00
   endloop
 endfacet
 facet normal  2.906949e-01  9.568158e-01  0.000000e+00
   outer loop
     vertex -2.700385e+01  8.574641e+00  2.270000e+01
     vertex -2.700385e+01  8.574641e+00  0.000000e+00
     vertex -2.724012e+01  8.646422e+00  0.000000e+00
   endloop
 endfacet
 facet normal  2.906949e-01  9.568158e-01  0.000000e+00
   outer loop
     vertex -2.724012e+01  8.646422e+00  2.270000e+01
     vertex -2.700385e+01  8.574641e+00  2.270000e+01
     vertex -2.724012e+01  8.646422e+00  0.000000e+00
   endloop
 endfacet
 facet normal  2.643362e-01  9.644306e-01  0.000000e+00
   outer loop
     vertex -2.724012e+01  8.646422e+00  2.270000e+01
     vertex -2.724012e+01  8.646422e+00  0.000000e+00
     vertex -2.747826e+01  8.711695e+00  0.000000e+00
   endloop
 endfacet
 facet normal  2.643362e-01  9.644306e-01  0.000000e+00
   outer loop
     vertex -2.747826e+01  8.711695e+00  2.270000e+01
     vertex -2.724012e+01  8.646422e+00  2.270000e+01
     vertex -2.747826e+01  8.711695e+00  0.000000e+00
   endloop
 endfacet
 facet normal  2.377784e-01  9.713194e-01  0.000000e+00
   outer loop
     vertex -2.771811e+01  8.770409e+00  2.270000e+01
     vertex -2.747826e+01  8.711695e+00  2.270000e+01
     vertex -2.747826e+01  8.711695e+00  0.000000e+00
   endloop
 endfacet
 facet normal  2.377784e-01  9.713194e-01  0.000000e+00
   outer loop
     vertex -2.771811e+01  8.770409e+00  2.270000e+01
     vertex -2.747826e+01  8.711695e+00  0.000000e+00
     vertex -2.771811e+01  8.770409e+00  0.000000e+00
   endloop
 endfacet
 facet normal  2.110417e-01  9.774771e-01  0.000000e+00
   outer loop
     vertex -2.771811e+01  8.770409e+00  2.270000e+01
     vertex -2.771811e+01  8.770409e+00  0.000000e+00
     vertex -2.795948e+01  8.822522e+00  0.000000e+00
   endloop
 endfacet
 facet normal  2.110417e-01  9.774771e-01  0.000000e+00
   outer loop
     vertex -2.795948e+01  8.822522e+00  2.270000e+01
     vertex -2.771811e+01  8.770409e+00  2.270000e+01
     vertex -2.795948e+01  8.822522e+00  0.000000e+00
   endloop
 endfacet
 facet normal  1.841461e-01  9.828989e-01  0.000000e+00
   outer loop
     vertex -2.795948e+01  8.822522e+00  2.270000e+01
     vertex -2.795948e+01  8.822522e+00  0.000000e+00
     vertex -2.820219e+01  8.867993e+00  0.000000e+00
   endloop
 endfacet
 facet normal  1.841461e-01  9.828989e-01  0.000000e+00
   outer loop
     vertex -2.820219e+01  8.867993e+00  2.270000e+01
     vertex -2.795948e+01  8.822522e+00  2.270000e+01
     vertex -2.820219e+01  8.867993e+00  0.000000e+00
   endloop
 endfacet
 facet normal  1.571119e-01  9.875808e-01  0.000000e+00
   outer loop
     vertex -2.844605e+01  8.906789e+00  2.270000e+01
     vertex -2.820219e+01  8.867993e+00  2.270000e+01
     vertex -2.820219e+01  8.867993e+00  0.000000e+00
   endloop
 endfacet
 facet normal  1.571119e-01  9.875808e-01  0.000000e+00
   outer loop
     vertex -2.844605e+01  8.906789e+00  2.270000e+01
     vertex -2.820219e+01  8.867993e+00  0.000000e+00
     vertex -2.844605e+01  8.906789e+00  0.000000e+00
   endloop
 endfacet
 facet normal  1.299594e-01  9.915193e-01  0.000000e+00
   outer loop
     vertex -2.869088e+01  8.938879e+00  2.270000e+01
     vertex -2.844605e+01  8.906789e+00  2.270000e+01
     vertex -2.844605e+01  8.906789e+00  0.000000e+00
   endloop
 endfacet
 facet normal  1.299594e-01  9.915193e-01  0.000000e+00
   outer loop
     vertex -2.869088e+01  8.938879e+00  2.270000e+01
     vertex -2.844605e+01  8.906789e+00  0.000000e+00
     vertex -2.869088e+01  8.938879e+00  0.000000e+00
   endloop
 endfacet
 facet normal  1.027091e-01  9.947114e-01  0.000000e+00
   outer loop
     vertex -2.869088e+01  8.938879e+00  2.270000e+01
     vertex -2.869088e+01  8.938879e+00  0.000000e+00
     vertex -2.893651e+01  8.964241e+00  0.000000e+00
   endloop
 endfacet
 facet normal  1.027091e-01  9.947114e-01  0.000000e+00
   outer loop
     vertex -2.893651e+01  8.964241e+00  2.270000e+01
     vertex -2.869088e+01  8.938879e+00  2.270000e+01
     vertex -2.893651e+01  8.964241e+00  0.000000e+00
   endloop
 endfacet
 facet normal  7.538152e-02  9.971548e-01  0.000000e+00
   outer loop
     vertex -2.893651e+01  8.964241e+00  2.270000e+01
     vertex -2.893651e+01  8.964241e+00  0.000000e+00
     vertex -2.918273e+01  8.982855e+00  0.000000e+00
   endloop
 endfacet
 facet normal  7.538152e-02  9.971548e-01  0.000000e+00
   outer loop
     vertex -2.918273e+01  8.982855e+00  2.270000e+01
     vertex -2.893651e+01  8.964241e+00  2.270000e+01
     vertex -2.918273e+01  8.982855e+00  0.000000e+00
   endloop
 endfacet
 facet normal  4.799716e-02  9.988475e-01  0.000000e+00
   outer loop
     vertex -2.942938e+01  8.994707e+00  2.270000e+01
     vertex -2.918273e+01  8.982855e+00  2.270000e+01
     vertex -2.918273e+01  8.982855e+00  0.000000e+00
   endloop
 endfacet
 facet normal  4.799716e-02  9.988475e-01  0.000000e+00
   outer loop
     vertex -2.942938e+01  8.994707e+00  2.270000e+01
     vertex -2.918273e+01  8.982855e+00  0.000000e+00
     vertex -2.942938e+01  8.994707e+00  0.000000e+00
   endloop
 endfacet
 facet normal  2.057667e-02  9.997883e-01  0.000000e+00
   outer loop
     vertex -2.967626e+01  8.999788e+00  2.270000e+01
     vertex -2.942938e+01  8.994707e+00  0.000000e+00
     vertex -2.967626e+01  8.999788e+00  0.000000e+00
   endloop
 endfacet
 facet normal  2.057667e-02  9.997883e-01  0.000000e+00
   outer loop
     vertex -2.967626e+01  8.999788e+00  2.270000e+01
     vertex -2.942938e+01  8.994707e+00  2.270000e+01
     vertex -2.942938e+01  8.994707e+00  0.000000e+00
   endloop
 endfacet
 facet normal -6.859319e-03  9.999765e-01  0.000000e+00
   outer loop
     vertex -2.992318e+01  8.998095e+00  2.270000e+01
     vertex -2.967626e+01  8.999788e+00  0.000000e+00
     vertex -2.992318e+01  8.998095e+00  0.000000e+00
   endloop
 endfacet
 facet normal -6.859319e-03  9.999765e-01  0.000000e+00
   outer loop
     vertex -2.992318e+01  8.998095e+00  2.270000e+01
     vertex -2.967626e+01  8.999788e+00  2.270000e+01
     vertex -2.967626e+01  8.999788e+00  0.000000e+00
   endloop
 endfacet
 facet normal -3.429014e-02  9.994119e-01  0.000000e+00
   outer loop
     vertex -3.016997e+01  8.989627e+00  2.270000e+01
     vertex -2.992318e+01  8.998095e+00  0.000000e+00
     vertex -3.016997e+01  8.989627e+00  0.000000e+00
   endloop
 endfacet
 facet normal -3.429014e-02  9.994119e-01  0.000000e+00
   outer loop
     vertex -3.016997e+01  8.989627e+00  2.270000e+01
     vertex -2.992318e+01  8.998095e+00  2.270000e+01
     vertex -2.992318e+01  8.998095e+00  0.000000e+00
   endloop
 endfacet
 facet normal -6.169515e-02  9.980950e-01  0.000000e+00
   outer loop
     vertex -3.041642e+01  8.974393e+00  2.270000e+01
     vertex -3.016997e+01  8.989627e+00  0.000000e+00
     vertex -3.041642e+01  8.974393e+00  0.000000e+00
   endloop
 endfacet
 facet normal -8.905371e-02  9.960268e-01  0.000000e+00
   outer loop
     vertex -3.041642e+01  8.974393e+00  2.270000e+01
     vertex -3.041642e+01  8.974393e+00  0.000000e+00
     vertex -3.066237e+01  8.952403e+00  0.000000e+00
   endloop
 endfacet
 facet normal -6.169515e-02  9.980950e-01  0.000000e+00
   outer loop
     vertex -3.041642e+01  8.974393e+00  2.270000e+01
     vertex -3.016997e+01  8.989627e+00  2.270000e+01
     vertex -3.016997e+01  8.989627e+00  0.000000e+00
   endloop
 endfacet
 facet normal -8.905371e-02  9.960268e-01  0.000000e+00
   outer loop
     vertex -3.066237e+01  8.952403e+00  2.270000e+01
     vertex -3.041642e+01  8.974393e+00  2.270000e+01
     vertex -3.066237e+01  8.952403e+00  0.000000e+00
   endloop
 endfacet
 facet normal -1.163452e-01  9.932088e-01  0.000000e+00
   outer loop
     vertex -3.090763e+01  8.923674e+00  2.270000e+01
     vertex -3.066237e+01  8.952403e+00  2.270000e+01
     vertex -3.066237e+01  8.952403e+00  0.000000e+00
   endloop
 endfacet
 facet normal -1.163452e-01  9.932088e-01  0.000000e+00
   outer loop
     vertex -3.090763e+01  8.923674e+00  2.270000e+01
     vertex -3.066237e+01  8.952403e+00  0.000000e+00
     vertex -3.090763e+01  8.923674e+00  0.000000e+00
   endloop
 endfacet
 facet normal -1.435492e-01  9.896432e-01  0.000000e+00
   outer loop
     vertex -3.115200e+01  8.888227e+00  2.270000e+01
     vertex -3.090763e+01  8.923674e+00  2.270000e+01
     vertex -3.090763e+01  8.923674e+00  0.000000e+00
   endloop
 endfacet
 facet normal -1.435492e-01  9.896432e-01  0.000000e+00
   outer loop
     vertex -3.115200e+01  8.888227e+00  2.270000e+01
     vertex -3.090763e+01  8.923674e+00  0.000000e+00
     vertex -3.115200e+01  8.888227e+00  0.000000e+00
   endloop
 endfacet
 facet normal -1.706451e-01  9.853326e-01  0.000000e+00
   outer loop
     vertex -3.139531e+01  8.846090e+00  2.270000e+01
     vertex -3.115200e+01  8.888227e+00  2.270000e+01
     vertex -3.115200e+01  8.888227e+00  0.000000e+00
   endloop
 endfacet
 facet normal -1.706451e-01  9.853326e-01  0.000000e+00
   outer loop
     vertex -3.139531e+01  8.846090e+00  2.270000e+01
     vertex -3.115200e+01  8.888227e+00  0.000000e+00
     vertex -3.139531e+01  8.846090e+00  0.000000e+00
   endloop
 endfacet
 facet normal -1.976125e-01  9.802802e-01  0.000000e+00
   outer loop
     vertex -3.163737e+01  8.797294e+00  2.270000e+01
     vertex -3.139531e+01  8.846090e+00  2.270000e+01
     vertex -3.139531e+01  8.846090e+00  0.000000e+00
   endloop
 endfacet
 facet normal -1.976125e-01  9.802802e-01  0.000000e+00
   outer loop
     vertex -3.163737e+01  8.797294e+00  2.270000e+01
     vertex -3.139531e+01  8.846090e+00  0.000000e+00
     vertex -3.163737e+01  8.797294e+00  0.000000e+00
   endloop
 endfacet
 facet normal -2.244312e-01  9.744899e-01  0.000000e+00
   outer loop
     vertex -3.187800e+01  8.741875e+00  2.270000e+01
     vertex -3.163737e+01  8.797294e+00  2.270000e+01
     vertex -3.163737e+01  8.797294e+00  0.000000e+00
   endloop
 endfacet
 facet normal -2.244312e-01  9.744899e-01  0.000000e+00
   outer loop
     vertex -3.187800e+01  8.741875e+00  2.270000e+01
     vertex -3.163737e+01  8.797294e+00  0.000000e+00
     vertex -3.187800e+01  8.741875e+00  0.000000e+00
   endloop
 endfacet
 facet normal -2.510809e-01  9.679661e-01  0.000000e+00
   outer loop
     vertex -3.211702e+01  8.679875e+00  2.270000e+01
     vertex -3.187800e+01  8.741875e+00  2.270000e+01
     vertex -3.187800e+01  8.741875e+00  0.000000e+00
   endloop
 endfacet
 facet normal -2.510809e-01  9.679661e-01  0.000000e+00
   outer loop
     vertex -3.211702e+01  8.679875e+00  2.270000e+01
     vertex -3.187800e+01  8.741875e+00  0.000000e+00
     vertex -3.211702e+01  8.679875e+00  0.000000e+00
   endloop
 endfacet
 facet normal -2.775416e-01  9.607136e-01  0.000000e+00
   outer loop
     vertex -3.235425e+01  8.611342e+00  2.270000e+01
     vertex -3.211702e+01  8.679875e+00  2.270000e+01
     vertex -3.211702e+01  8.679875e+00  0.000000e+00
   endloop
 endfacet
 facet normal -2.775416e-01  9.607136e-01  0.000000e+00
   outer loop
     vertex -3.235425e+01  8.611342e+00  2.270000e+01
     vertex -3.211702e+01  8.679875e+00  0.000000e+00
     vertex -3.235425e+01  8.611342e+00  0.000000e+00
   endloop
 endfacet
 facet normal -3.037934e-01  9.527379e-01  0.000000e+00
   outer loop
     vertex -3.258950e+01  8.536327e+00  2.270000e+01
     vertex -3.235425e+01  8.611342e+00  2.270000e+01
     vertex -3.235425e+01  8.611342e+00  0.000000e+00
   endloop
 endfacet
 facet normal -3.037934e-01  9.527379e-01  0.000000e+00
   outer loop
     vertex -3.258950e+01  8.536327e+00  2.270000e+01
     vertex -3.235425e+01  8.611342e+00  0.000000e+00
     vertex -3.258950e+01  8.536327e+00  0.000000e+00
   endloop
 endfacet
 facet normal -3.298166e-01  9.440450e-01  0.000000e+00
   outer loop
     vertex -3.282262e+01  8.454885e+00  2.270000e+01
     vertex -3.258950e+01  8.536327e+00  2.270000e+01
     vertex -3.258950e+01  8.536327e+00  0.000000e+00
   endloop
 endfacet
 facet normal -3.298166e-01  9.440450e-01  0.000000e+00
   outer loop
     vertex -3.282262e+01  8.454885e+00  2.270000e+01
     vertex -3.258950e+01  8.536327e+00  0.000000e+00
     vertex -3.282262e+01  8.454885e+00  0.000000e+00
   endloop
 endfacet
 facet normal -3.555914e-01  9.346415e-01  0.000000e+00
   outer loop
     vertex -3.305341e+01  8.367079e+00  2.270000e+01
     vertex -3.282262e+01  8.454885e+00  2.270000e+01
     vertex -3.282262e+01  8.454885e+00  0.000000e+00
   endloop
 endfacet
 facet normal -3.555914e-01  9.346415e-01  0.000000e+00
   outer loop
     vertex -3.305341e+01  8.367079e+00  2.270000e+01
     vertex -3.282262e+01  8.454885e+00  0.000000e+00
     vertex -3.305341e+01  8.367079e+00  0.000000e+00
   endloop
 endfacet
 facet normal -3.810986e-01  9.245344e-01  0.000000e+00
   outer loop
     vertex -3.328170e+01  8.272974e+00  2.270000e+01
     vertex -3.305341e+01  8.367079e+00  2.270000e+01
     vertex -3.305341e+01  8.367079e+00  0.000000e+00
   endloop
 endfacet
 facet normal -3.810986e-01  9.245344e-01  0.000000e+00
   outer loop
     vertex -3.328170e+01  8.272974e+00  2.270000e+01
     vertex -3.305341e+01  8.367079e+00  0.000000e+00
     vertex -3.328170e+01  8.272974e+00  0.000000e+00
   endloop
 endfacet
 facet normal -4.063188e-01  9.137314e-01  0.000000e+00
   outer loop
     vertex -3.350733e+01  8.172642e+00  2.270000e+01
     vertex -3.328170e+01  8.272974e+00  0.000000e+00
     vertex -3.350733e+01  8.172642e+00  0.000000e+00
   endloop
 endfacet
 facet normal -4.063188e-01  9.137314e-01  0.000000e+00
   outer loop
     vertex -3.350733e+01  8.172642e+00  2.270000e+01
     vertex -3.328170e+01  8.272974e+00  2.270000e+01
     vertex -3.328170e+01  8.272974e+00  0.000000e+00
   endloop
 endfacet
 facet normal -4.312333e-01  9.022405e-01  0.000000e+00
   outer loop
     vertex -3.373012e+01  8.066158e+00  2.270000e+01
     vertex -3.350733e+01  8.172642e+00  0.000000e+00
     vertex -3.373012e+01  8.066158e+00  0.000000e+00
   endloop
 endfacet
 facet normal -4.312333e-01  9.022405e-01  0.000000e+00
   outer loop
     vertex -3.373012e+01  8.066158e+00  2.270000e+01
     vertex -3.350733e+01  8.172642e+00  2.270000e+01
     vertex -3.350733e+01  8.172642e+00  0.000000e+00
   endloop
 endfacet
 facet normal -4.558231e-01  8.900704e-01  0.000000e+00
   outer loop
     vertex -3.394991e+01  7.953602e+00  2.270000e+01
     vertex -3.373012e+01  8.066158e+00  0.000000e+00
     vertex -3.394991e+01  7.953602e+00  0.000000e+00
   endloop
 endfacet
 facet normal -4.558231e-01  8.900704e-01  0.000000e+00
   outer loop
     vertex -3.394991e+01  7.953602e+00  2.270000e+01
     vertex -3.373012e+01  8.066158e+00  2.270000e+01
     vertex -3.373012e+01  8.066158e+00  0.000000e+00
   endloop
 endfacet
 facet normal -4.800697e-01  8.772303e-01  0.000000e+00
   outer loop
     vertex -3.416652e+01  7.835058e+00  2.270000e+01
     vertex -3.394991e+01  7.953602e+00  0.000000e+00
     vertex -3.416652e+01  7.835058e+00  0.000000e+00
   endloop
 endfacet
 facet normal -4.800697e-01  8.772303e-01  0.000000e+00
   outer loop
     vertex -3.416652e+01  7.835058e+00  2.270000e+01
     vertex -3.394991e+01  7.953602e+00  2.270000e+01
     vertex -3.394991e+01  7.953602e+00  0.000000e+00
   endloop
 endfacet
 facet normal -5.039550e-01  8.637299e-01  0.000000e+00
   outer loop
     vertex -3.437980e+01  7.710617e+00  2.270000e+01
     vertex -3.416652e+01  7.835058e+00  0.000000e+00
     vertex -3.437980e+01  7.710617e+00  0.000000e+00
   endloop
 endfacet
 facet normal -5.039550e-01  8.637299e-01  0.000000e+00
   outer loop
     vertex -3.437980e+01  7.710617e+00  2.270000e+01
     vertex -3.416652e+01  7.835058e+00  2.270000e+01
     vertex -3.416652e+01  7.835058e+00  0.000000e+00
   endloop
 endfacet
 facet normal -5.274609e-01  8.495793e-01  0.000000e+00
   outer loop
     vertex -3.458959e+01  7.580371e+00  2.270000e+01
     vertex -3.437980e+01  7.710617e+00  0.000000e+00
     vertex -3.458959e+01  7.580371e+00  0.000000e+00
   endloop
 endfacet
 facet normal -5.274609e-01  8.495793e-01  0.000000e+00
   outer loop
     vertex -3.458959e+01  7.580371e+00  2.270000e+01
     vertex -3.437980e+01  7.710617e+00  2.270000e+01
     vertex -3.437980e+01  7.710617e+00  0.000000e+00
   endloop
 endfacet
 facet normal -5.505698e-01  8.347891e-01  0.000000e+00
   outer loop
     vertex -3.479572e+01  7.444419e+00  2.270000e+01
     vertex -3.458959e+01  7.580371e+00  0.000000e+00
     vertex -3.479572e+01  7.444419e+00  0.000000e+00
   endloop
 endfacet
 facet normal -5.505698e-01  8.347891e-01  0.000000e+00
   outer loop
     vertex -3.479572e+01  7.444419e+00  2.270000e+01
     vertex -3.458959e+01  7.580371e+00  2.270000e+01
     vertex -3.458959e+01  7.580371e+00  0.000000e+00
   endloop
 endfacet
 facet normal -5.732642e-01  8.193706e-01  0.000000e+00
   outer loop
     vertex -3.499805e+01  7.302863e+00  2.270000e+01
     vertex -3.479572e+01  7.444419e+00  0.000000e+00
     vertex -3.499805e+01  7.302863e+00  0.000000e+00
   endloop
 endfacet
 facet normal -5.732642e-01  8.193706e-01  0.000000e+00
   outer loop
     vertex -3.499805e+01  7.302863e+00  2.270000e+01
     vertex -3.479572e+01  7.444419e+00  2.270000e+01
     vertex -3.479572e+01  7.444419e+00  0.000000e+00
   endloop
 endfacet
 facet normal -5.955271e-01  8.033352e-01  0.000000e+00
   outer loop
     vertex -3.519641e+01  7.155810e+00  2.270000e+01
     vertex -3.499805e+01  7.302863e+00  0.000000e+00
     vertex -3.519641e+01  7.155810e+00  0.000000e+00
   endloop
 endfacet
 facet normal -5.955271e-01  8.033352e-01  0.000000e+00
   outer loop
     vertex -3.519641e+01  7.155810e+00  2.270000e+01
     vertex -3.499805e+01  7.302863e+00  2.270000e+01
     vertex -3.499805e+01  7.302863e+00  0.000000e+00
   endloop
 endfacet
 facet normal -6.173417e-01  7.866951e-01  0.000000e+00
   outer loop
     vertex -3.539067e+01  7.003370e+00  2.270000e+01
     vertex -3.519641e+01  7.155810e+00  0.000000e+00
     vertex -3.539067e+01  7.003370e+00  0.000000e+00
   endloop
 endfacet
 facet normal -6.173417e-01  7.866951e-01  0.000000e+00
   outer loop
     vertex -3.539067e+01  7.003370e+00  2.270000e+01
     vertex -3.519641e+01  7.155810e+00  2.270000e+01
     vertex -3.519641e+01  7.155810e+00  0.000000e+00
   endloop
 endfacet
 facet normal -6.386916e-01  7.694628e-01  0.000000e+00
   outer loop
     vertex -3.558068e+01  6.845658e+00  2.270000e+01
     vertex -3.539067e+01  7.003370e+00  0.000000e+00
     vertex -3.558068e+01  6.845658e+00  0.000000e+00
   endloop
 endfacet
 facet normal -6.386916e-01  7.694628e-01  0.000000e+00
   outer loop
     vertex -3.558068e+01  6.845658e+00  2.270000e+01
     vertex -3.539067e+01  7.003370e+00  2.270000e+01
     vertex -3.539067e+01  7.003370e+00  0.000000e+00
   endloop
 endfacet
 facet normal -6.595607e-01  7.516513e-01  0.000000e+00
   outer loop
     vertex -3.576628e+01  6.682793e+00  2.270000e+01
     vertex -3.558068e+01  6.845658e+00  0.000000e+00
     vertex -3.576628e+01  6.682793e+00  0.000000e+00
   endloop
 endfacet
 facet normal -6.595607e-01  7.516513e-01  0.000000e+00
   outer loop
     vertex -3.576628e+01  6.682793e+00  2.270000e+01
     vertex -3.558068e+01  6.845658e+00  2.270000e+01
     vertex -3.558068e+01  6.845658e+00  0.000000e+00
   endloop
 endfacet
 facet normal -6.799333e-01  7.332740e-01  0.000000e+00
   outer loop
     vertex -3.594735e+01  6.514897e+00  2.270000e+01
     vertex -3.576628e+01  6.682793e+00  0.000000e+00
     vertex -3.594735e+01  6.514897e+00  0.000000e+00
   endloop
 endfacet
 facet normal -6.799333e-01  7.332740e-01  0.000000e+00
   outer loop
     vertex -3.594735e+01  6.514897e+00  2.270000e+01
     vertex -3.576628e+01  6.682793e+00  2.270000e+01
     vertex -3.576628e+01  6.682793e+00  0.000000e+00
   endloop
 endfacet
 facet normal -6.997940e-01  7.143447e-01  0.000000e+00
   outer loop
     vertex -3.612374e+01  6.342097e+00  2.270000e+01
     vertex -3.594735e+01  6.514897e+00  0.000000e+00
     vertex -3.612374e+01  6.342097e+00  0.000000e+00
   endloop
 endfacet
 facet normal -6.997940e-01  7.143447e-01  0.000000e+00
   outer loop
     vertex -3.612374e+01  6.342097e+00  2.270000e+01
     vertex -3.594735e+01  6.514897e+00  2.270000e+01
     vertex -3.594735e+01  6.514897e+00  0.000000e+00
   endloop
 endfacet
 facet normal -7.191280e-01  6.948776e-01  0.000000e+00
   outer loop
     vertex -3.629533e+01  6.164523e+00  2.270000e+01
     vertex -3.612374e+01  6.342097e+00  2.270000e+01
     vertex -3.612374e+01  6.342097e+00  0.000000e+00
   endloop
 endfacet
 facet normal -7.191280e-01  6.948776e-01  0.000000e+00
   outer loop
     vertex -3.629533e+01  6.164523e+00  2.270000e+01
     vertex -3.612374e+01  6.342097e+00  0.000000e+00
     vertex -3.629533e+01  6.164523e+00  0.000000e+00
   endloop
 endfacet
 facet normal -7.379206e-01  6.748875e-01  0.000000e+00
   outer loop
     vertex -3.646198e+01  5.982309e+00  2.270000e+01
     vertex -3.629533e+01  6.164523e+00  2.270000e+01
     vertex -3.629533e+01  6.164523e+00  0.000000e+00
   endloop
 endfacet
 facet normal -7.379206e-01  6.748875e-01  0.000000e+00
   outer loop
     vertex -3.646198e+01  5.982309e+00  2.270000e+01
     vertex -3.629533e+01  6.164523e+00  0.000000e+00
     vertex -3.646198e+01  5.982309e+00  0.000000e+00
   endloop
 endfacet
 facet normal -7.561578e-01  6.543893e-01  0.000000e+00
   outer loop
     vertex -3.662357e+01  5.795591e+00  2.270000e+01
     vertex -3.646198e+01  5.982309e+00  2.270000e+01
     vertex -3.646198e+01  5.982309e+00  0.000000e+00
   endloop
 endfacet
 facet normal -7.561578e-01  6.543893e-01  0.000000e+00
   outer loop
     vertex -3.662357e+01  5.795591e+00  2.270000e+01
     vertex -3.646198e+01  5.982309e+00  0.000000e+00
     vertex -3.662357e+01  5.795591e+00  0.000000e+00
   endloop
 endfacet
 facet normal -7.738257e-01  6.333986e-01  0.000000e+00
   outer loop
     vertex -3.677997e+01  5.604510e+00  2.270000e+01
     vertex -3.662357e+01  5.795591e+00  0.000000e+00
     vertex -3.677997e+01  5.604510e+00  0.000000e+00
   endloop
 endfacet
 facet normal -7.738257e-01  6.333986e-01  0.000000e+00
   outer loop
     vertex -3.677997e+01  5.604510e+00  2.270000e+01
     vertex -3.662357e+01  5.795591e+00  2.270000e+01
     vertex -3.662357e+01  5.795591e+00  0.000000e+00
   endloop
 endfacet
 facet normal -7.909112e-01  6.119310e-01  0.000000e+00
   outer loop
     vertex -3.693107e+01  5.409211e+00  2.270000e+01
     vertex -3.677997e+01  5.604510e+00  0.000000e+00
     vertex -3.693107e+01  5.409211e+00  0.000000e+00
   endloop
 endfacet
 facet normal -7.909112e-01  6.119310e-01  0.000000e+00
   outer loop
     vertex -3.693107e+01  5.409211e+00  2.270000e+01
     vertex -3.677997e+01  5.604510e+00  2.270000e+01
     vertex -3.677997e+01  5.604510e+00  0.000000e+00
   endloop
 endfacet
 facet normal -8.074012e-01  5.900028e-01  0.000000e+00
   outer loop
     vertex -3.707676e+01  5.209840e+00  2.270000e+01
     vertex -3.693107e+01  5.409211e+00  0.000000e+00
     vertex -3.707676e+01  5.209840e+00  0.000000e+00
   endloop
 endfacet
 facet normal -8.074012e-01  5.900028e-01  0.000000e+00
   outer loop
     vertex -3.707676e+01  5.209840e+00  2.270000e+01
     vertex -3.693107e+01  5.409211e+00  2.270000e+01
     vertex -3.693107e+01  5.409211e+00  0.000000e+00
   endloop
 endfacet
 facet normal -8.232835e-01  5.676304e-01  0.000000e+00
   outer loop
     vertex -3.721693e+01  5.006547e+00  2.270000e+01
     vertex -3.707676e+01  5.209840e+00  0.000000e+00
     vertex -3.721693e+01  5.006547e+00  0.000000e+00
   endloop
 endfacet
 facet normal -8.232835e-01  5.676304e-01  0.000000e+00
   outer loop
     vertex -3.721693e+01  5.006547e+00  2.270000e+01
     vertex -3.707676e+01  5.209840e+00  2.270000e+01
     vertex -3.707676e+01  5.209840e+00  0.000000e+00
   endloop
 endfacet
 facet normal -8.385460e-01  5.448308e-01  0.000000e+00
   outer loop
     vertex -3.735146e+01  4.799485e+00  2.270000e+01
     vertex -3.721693e+01  5.006547e+00  0.000000e+00
     vertex -3.735146e+01  4.799485e+00  0.000000e+00
   endloop
 endfacet
 facet normal -8.385460e-01  5.448308e-01  0.000000e+00
   outer loop
     vertex -3.735146e+01  4.799485e+00  2.270000e+01
     vertex -3.721693e+01  5.006547e+00  2.270000e+01
     vertex -3.721693e+01  5.006547e+00  0.000000e+00
   endloop
 endfacet
 facet normal -8.531773e-01  5.216210e-01  0.000000e+00
   outer loop
     vertex -3.748027e+01  4.588810e+00  2.270000e+01
     vertex -3.735146e+01  4.799485e+00  0.000000e+00
     vertex -3.748027e+01  4.588810e+00  0.000000e+00
   endloop
 endfacet
 facet normal -8.531773e-01  5.216210e-01  0.000000e+00
   outer loop
     vertex -3.748027e+01  4.588810e+00  2.270000e+01
     vertex -3.735146e+01  4.799485e+00  2.270000e+01
     vertex -3.735146e+01  4.799485e+00  0.000000e+00
   endloop
 endfacet
 facet normal -8.671664e-01  4.980186e-01  0.000000e+00
   outer loop
     vertex -3.760324e+01  4.374681e+00  2.270000e+01
     vertex -3.748027e+01  4.588810e+00  0.000000e+00
     vertex -3.760324e+01  4.374681e+00  0.000000e+00
   endloop
 endfacet
 facet normal -8.671664e-01  4.980186e-01  0.000000e+00
   outer loop
     vertex -3.760324e+01  4.374681e+00  2.270000e+01
     vertex -3.748027e+01  4.588810e+00  2.270000e+01
     vertex -3.748027e+01  4.588810e+00  0.000000e+00
   endloop
 endfacet
 facet normal -8.805026e-01  4.740412e-01  0.000000e+00
   outer loop
     vertex -3.772030e+01  4.157259e+00  2.270000e+01
     vertex -3.760324e+01  4.374681e+00  0.000000e+00
     vertex -3.772030e+01  4.157259e+00  0.000000e+00
   endloop
 endfacet
 facet normal -8.805026e-01  4.740412e-01  0.000000e+00
   outer loop
     vertex -3.772030e+01  4.157259e+00  2.270000e+01
     vertex -3.760324e+01  4.374681e+00  2.270000e+01
     vertex -3.760324e+01  4.374681e+00  0.000000e+00
   endloop
 endfacet
 facet normal -8.931761e-01  4.497071e-01  0.000000e+00
   outer loop
     vertex -3.783134e+01  3.936707e+00  2.270000e+01
     vertex -3.772030e+01  4.157259e+00  0.000000e+00
     vertex -3.783134e+01  3.936707e+00  0.000000e+00
   endloop
 endfacet
 facet normal -8.931761e-01  4.497071e-01  0.000000e+00
   outer loop
     vertex -3.783134e+01  3.936707e+00  2.270000e+01
     vertex -3.772030e+01  4.157259e+00  2.270000e+01
     vertex -3.772030e+01  4.157259e+00  0.000000e+00
   endloop
 endfacet
 facet normal -9.051772e-01  4.250344e-01  0.000000e+00
   outer loop
     vertex -3.793630e+01  3.713192e+00  2.270000e+01
     vertex -3.783134e+01  3.936707e+00  0.000000e+00
     vertex -3.793630e+01  3.713192e+00  0.000000e+00
   endloop
 endfacet
 facet normal -9.051772e-01  4.250344e-01  0.000000e+00
   outer loop
     vertex -3.793630e+01  3.713192e+00  2.270000e+01
     vertex -3.783134e+01  3.936707e+00  2.270000e+01
     vertex -3.783134e+01  3.936707e+00  0.000000e+00
   endloop
 endfacet
 facet normal -9.164969e-01  4.000417e-01  0.000000e+00
   outer loop
     vertex -3.803508e+01  3.486881e+00  2.270000e+01
     vertex -3.793630e+01  3.713192e+00  0.000000e+00
     vertex -3.803508e+01  3.486881e+00  0.000000e+00
   endloop
 endfacet
 facet normal -9.164969e-01  4.000417e-01  0.000000e+00
   outer loop
     vertex -3.803508e+01  3.486881e+00  2.270000e+01
     vertex -3.793630e+01  3.713192e+00  2.270000e+01
     vertex -3.793630e+01  3.713192e+00  0.000000e+00
   endloop
 endfacet
 facet normal -9.271267e-01  3.747479e-01  0.000000e+00
   outer loop
     vertex -3.812761e+01  3.257946e+00  2.270000e+01
     vertex -3.803508e+01  3.486881e+00  0.000000e+00
     vertex -3.812761e+01  3.257946e+00  0.000000e+00
   endloop
 endfacet
 facet normal -9.271267e-01  3.747479e-01  0.000000e+00
   outer loop
     vertex -3.812761e+01  3.257946e+00  2.270000e+01
     vertex -3.803508e+01  3.486881e+00  2.270000e+01
     vertex -3.803508e+01  3.486881e+00  0.000000e+00
   endloop
 endfacet
 facet normal -9.370586e-01  3.491720e-01  0.000000e+00
   outer loop
     vertex -3.821384e+01  3.026559e+00  2.270000e+01
     vertex -3.812761e+01  3.257946e+00  0.000000e+00
     vertex -3.821384e+01  3.026559e+00  0.000000e+00
   endloop
 endfacet
 facet normal -9.370586e-01  3.491720e-01  0.000000e+00
   outer loop
     vertex -3.821384e+01  3.026559e+00  2.270000e+01
     vertex -3.812761e+01  3.257946e+00  2.270000e+01
     vertex -3.812761e+01  3.257946e+00  0.000000e+00
   endloop
 endfacet
 facet normal -9.462851e-01  3.233333e-01  0.000000e+00
   outer loop
     vertex -3.829368e+01  2.792893e+00  2.270000e+01
     vertex -3.821384e+01  3.026559e+00  0.000000e+00
     vertex -3.829368e+01  2.792893e+00  0.000000e+00
   endloop
 endfacet
 facet normal -9.462851e-01  3.233333e-01  0.000000e+00
   outer loop
     vertex -3.829368e+01  2.792893e+00  2.270000e+01
     vertex -3.821384e+01  3.026559e+00  2.270000e+01
     vertex -3.821384e+01  3.026559e+00  0.000000e+00
   endloop
 endfacet
 facet normal -9.547993e-01  2.972512e-01  0.000000e+00
   outer loop
     vertex -3.836708e+01  2.557125e+00  2.270000e+01
     vertex -3.829368e+01  2.792893e+00  0.000000e+00
     vertex -3.836708e+01  2.557125e+00  0.000000e+00
   endloop
 endfacet
 facet normal -9.547993e-01  2.972512e-01  0.000000e+00
   outer loop
     vertex -3.836708e+01  2.557125e+00  2.270000e+01
     vertex -3.829368e+01  2.792893e+00  2.270000e+01
     vertex -3.829368e+01  2.792893e+00  0.000000e+00
   endloop
 endfacet
 facet normal -9.625948e-01  2.709453e-01  0.000000e+00
   outer loop
     vertex -3.843398e+01  2.319431e+00  2.270000e+01
     vertex -3.836708e+01  2.557125e+00  0.000000e+00
     vertex -3.843398e+01  2.319431e+00  0.000000e+00
   endloop
 endfacet
 facet normal -9.625948e-01  2.709453e-01  0.000000e+00
   outer loop
     vertex -3.843398e+01  2.319431e+00  2.270000e+01
     vertex -3.836708e+01  2.557125e+00  2.270000e+01
     vertex -3.836708e+01  2.557125e+00  0.000000e+00
   endloop
 endfacet
 facet normal -9.696656e-01  2.444354e-01  0.000000e+00
   outer loop
     vertex -3.849434e+01  2.079992e+00  2.270000e+01
     vertex -3.843398e+01  2.319431e+00  0.000000e+00
     vertex -3.849434e+01  2.079992e+00  0.000000e+00
   endloop
 endfacet
 facet normal -9.696656e-01  2.444354e-01  0.000000e+00
   outer loop
     vertex -3.849434e+01  2.079992e+00  2.270000e+01
     vertex -3.843398e+01  2.319431e+00  2.270000e+01
     vertex -3.843398e+01  2.319431e+00  0.000000e+00
   endloop
 endfacet
 facet normal -9.760065e-01  2.177416e-01  0.000000e+00
   outer loop
     vertex -3.854811e+01  1.838987e+00  2.270000e+01
     vertex -3.849434e+01  2.079992e+00  0.000000e+00
     vertex -3.854811e+01  1.838987e+00  0.000000e+00
   endloop
 endfacet
 facet normal -9.760065e-01  2.177416e-01  0.000000e+00
   outer loop
     vertex -3.854811e+01  1.838987e+00  2.270000e+01
     vertex -3.849434e+01  2.079992e+00  2.270000e+01
     vertex -3.849434e+01  2.079992e+00  0.000000e+00
   endloop
 endfacet
 facet normal -9.816126e-01  1.908838e-01  0.000000e+00
   outer loop
     vertex -3.859524e+01  1.596598e+00  2.270000e+01
     vertex -3.854811e+01  1.838987e+00  0.000000e+00
     vertex -3.859524e+01  1.596598e+00  0.000000e+00
   endloop
 endfacet
 facet normal -9.816126e-01  1.908838e-01  0.000000e+00
   outer loop
     vertex -3.859524e+01  1.596598e+00  2.270000e+01
     vertex -3.854811e+01  1.838987e+00  2.270000e+01
     vertex -3.854811e+01  1.838987e+00  0.000000e+00
   endloop
 endfacet
 facet normal -9.864799e-01  1.638824e-01  0.000000e+00
   outer loop
     vertex -3.863571e+01  1.353007e+00  2.270000e+01
     vertex -3.859524e+01  1.596598e+00  0.000000e+00
     vertex -3.863571e+01  1.353007e+00  0.000000e+00
   endloop
 endfacet
 facet normal -9.864799e-01  1.638824e-01  0.000000e+00
   outer loop
     vertex -3.863571e+01  1.353007e+00  2.270000e+01
     vertex -3.859524e+01  1.596598e+00  2.270000e+01
     vertex -3.859524e+01  1.596598e+00  0.000000e+00
   endloop
 endfacet
 facet normal -9.906046e-01  1.367575e-01  0.000000e+00
   outer loop
     vertex -3.866948e+01  1.108397e+00  2.270000e+01
     vertex -3.863571e+01  1.353007e+00  0.000000e+00
     vertex -3.866948e+01  1.108397e+00  0.000000e+00
   endloop
 endfacet
 facet normal -9.906046e-01  1.367575e-01  0.000000e+00
   outer loop
     vertex -3.866948e+01  1.108397e+00  2.270000e+01
     vertex -3.863571e+01  1.353007e+00  2.270000e+01
     vertex -3.863571e+01  1.353007e+00  0.000000e+00
   endloop
 endfacet
 facet normal -9.939835e-01  1.095298e-01  0.000000e+00
   outer loop
     vertex -3.869652e+01  8.629532e-01  2.270000e+01
     vertex -3.866948e+01  1.108397e+00  2.270000e+01
     vertex -3.866948e+01  1.108397e+00  0.000000e+00
   endloop
 endfacet
 facet normal -9.939835e-01  1.095298e-01  0.000000e+00
   outer loop
     vertex -3.869652e+01  8.629532e-01  2.270000e+01
     vertex -3.866948e+01  1.108397e+00  0.000000e+00
     vertex -3.869652e+01  8.629532e-01  0.000000e+00
   endloop
 endfacet
 facet normal -9.966142e-01  8.221955e-02  0.000000e+00
   outer loop
     vertex -3.871683e+01  6.168595e-01  2.270000e+01
     vertex -3.869652e+01  8.629532e-01  2.270000e+01
     vertex -3.869652e+01  8.629532e-01  0.000000e+00
   endloop
 endfacet
 facet normal -9.966142e-01  8.221955e-02  0.000000e+00
   outer loop
     vertex -3.871683e+01  6.168595e-01  2.270000e+01
     vertex -3.869652e+01  8.629532e-01  0.000000e+00
     vertex -3.871683e+01  6.168595e-01  0.000000e+00
   endloop
 endfacet
 facet normal -9.984947e-01  5.484744e-02  0.000000e+00
   outer loop
     vertex -3.873037e+01  3.703016e-01  2.270000e+01
     vertex -3.871683e+01  6.168595e-01  2.270000e+01
     vertex -3.871683e+01  6.168595e-01  0.000000e+00
   endloop
 endfacet
 facet normal -9.984947e-01  5.484744e-02  0.000000e+00
   outer loop
     vertex -3.873037e+01  3.703016e-01  2.270000e+01
     vertex -3.871683e+01  6.168595e-01  0.000000e+00
     vertex -3.873037e+01  3.703016e-01  0.000000e+00
   endloop
 endfacet
 facet normal -9.996236e-01  2.743405e-02  0.000000e+00
   outer loop
     vertex -3.873714e+01  1.234648e-01  2.270000e+01
     vertex -3.873037e+01  3.703016e-01  2.270000e+01
     vertex -3.873037e+01  3.703016e-01  0.000000e+00
   endloop
 endfacet
 facet normal -9.996236e-01  2.743405e-02  0.000000e+00
   outer loop
     vertex -3.873714e+01  1.234648e-01  2.270000e+01
     vertex -3.873037e+01  3.703016e-01  0.000000e+00
     vertex -3.873714e+01  1.234648e-01  0.000000e+00
   endloop
 endfacet
 facet normal -1.000000e+00  0.000000e+00  0.000000e+00
   outer loop
     vertex -3.873714e+01 -1.234648e-01  2.270000e+01
     vertex -3.873714e+01  1.234648e-01  2.270000e+01
     vertex -3.873714e+01  1.234648e-01  0.000000e+00
   endloop
 endfacet
 facet normal -1.000000e+00  0.000000e+00  0.000000e+00
   outer loop
     vertex -3.873714e+01 -1.234648e-01  2.270000e+01
     vertex -3.873714e+01  1.234648e-01  0.000000e+00
     vertex -3.873714e+01 -1.234648e-01  0.000000e+00
   endloop
 endfacet
 facet normal -9.996236e-01 -2.743405e-02  0.000000e+00
   outer loop
     vertex -3.873037e+01 -3.703016e-01  2.270000e+01
     vertex -3.873714e+01 -1.234648e-01  2.270000e+01
     vertex -3.873714e+01 -1.234648e-01  0.000000e+00
   endloop
 endfacet
 facet normal -9.996236e-01 -2.743405e-02 -0.000000e+00
   outer loop
     vertex -3.873037e+01 -3.703016e-01  2.270000e+01
     vertex -3.873714e+01 -1.234648e-01  0.000000e+00
     vertex -3.873037e+01 -3.703016e-01  0.000000e+00
   endloop
 endfacet
 facet normal -9.984947e-01 -5.484744e-02  0.000000e+00
   outer loop
     vertex -3.871683e+01 -6.168595e-01  2.270000e+01
     vertex -3.873037e+01 -3.703016e-01  2.270000e+01
     vertex -3.873037e+01 -3.703016e-01  0.000000e+00
   endloop
 endfacet
 facet normal -9.984947e-01 -5.484744e-02 -0.000000e+00
   outer loop
     vertex -3.871683e+01 -6.168595e-01  2.270000e+01
     vertex -3.873037e+01 -3.703016e-01  0.000000e+00
     vertex -3.871683e+01 -6.168595e-01  0.000000e+00
   endloop
 endfacet
 facet normal -9.966142e-01 -8.221955e-02  0.000000e+00
   outer loop
     vertex -3.869652e+01 -8.629532e-01  2.270000e+01
     vertex -3.871683e+01 -6.168595e-01  2.270000e+01
     vertex -3.871683e+01 -6.168595e-01  0.000000e+00
   endloop
 endfacet
 facet normal -9.966142e-01 -8.221955e-02 -0.000000e+00
   outer loop
     vertex -3.869652e+01 -8.629532e-01  2.270000e+01
     vertex -3.871683e+01 -6.168595e-01  0.000000e+00
     vertex -3.869652e+01 -8.629532e-01  0.000000e+00
   endloop
 endfacet
 facet normal -9.939835e-01 -1.095298e-01  0.000000e+00
   outer loop
     vertex -3.866948e+01 -1.108397e+00  2.270000e+01
     vertex -3.869652e+01 -8.629532e-01  2.270000e+01
     vertex -3.869652e+01 -8.629532e-01  0.000000e+00
   endloop
 endfacet
 facet normal -9.939835e-01 -1.095298e-01 -0.000000e+00
   outer loop
     vertex -3.866948e+01 -1.108397e+00  2.270000e+01
     vertex -3.869652e+01 -8.629532e-01  0.000000e+00
     vertex -3.866948e+01 -1.108397e+00  0.000000e+00
   endloop
 endfacet
 facet normal -9.906046e-01 -1.367575e-01  0.000000e+00
   outer loop
     vertex -3.863571e+01 -1.353007e+00  2.270000e+01
     vertex -3.866948e+01 -1.108397e+00  2.270000e+01
     vertex -3.866948e+01 -1.108397e+00  0.000000e+00
   endloop
 endfacet
 facet normal -9.906046e-01 -1.367575e-01 -0.000000e+00
   outer loop
     vertex -3.863571e+01 -1.353007e+00  2.270000e+01
     vertex -3.866948e+01 -1.108397e+00  0.000000e+00
     vertex -3.863571e+01 -1.353007e+00  0.000000e+00
   endloop
 endfacet
 facet normal -9.864799e-01 -1.638824e-01  0.000000e+00
   outer loop
     vertex -3.859524e+01 -1.596598e+00  2.270000e+01
     vertex -3.863571e+01 -1.353007e+00  2.270000e+01
     vertex -3.863571e+01 -1.353007e+00  0.000000e+00
   endloop
 endfacet
 facet normal -9.864799e-01 -1.638824e-01 -0.000000e+00
   outer loop
     vertex -3.859524e+01 -1.596598e+00  2.270000e+01
     vertex -3.863571e+01 -1.353007e+00  0.000000e+00
     vertex -3.859524e+01 -1.596598e+00  0.000000e+00
   endloop
 endfacet
 facet normal -9.816126e-01 -1.908838e-01  0.000000e+00
   outer loop
     vertex -3.854811e+01 -1.838987e+00  2.270000e+01
     vertex -3.859524e+01 -1.596598e+00  2.270000e+01
     vertex -3.859524e+01 -1.596598e+00  0.000000e+00
   endloop
 endfacet
 facet normal -9.816126e-01 -1.908838e-01 -0.000000e+00
   outer loop
     vertex -3.854811e+01 -1.838987e+00  2.270000e+01
     vertex -3.859524e+01 -1.596598e+00  0.000000e+00
     vertex -3.854811e+01 -1.838987e+00  0.000000e+00
   endloop
 endfacet
 facet normal -9.760065e-01 -2.177416e-01 -0.000000e+00
   outer loop
     vertex -3.849434e+01 -2.079992e+00  2.270000e+01
     vertex -3.854811e+01 -1.838987e+00  0.000000e+00
     vertex -3.849434e+01 -2.079992e+00  0.000000e+00
   endloop
 endfacet
 facet normal -9.760065e-01 -2.177416e-01  0.000000e+00
   outer loop
     vertex -3.849434e+01 -2.079992e+00  2.270000e+01
     vertex -3.854811e+01 -1.838987e+00  2.270000e+01
     vertex -3.854811e+01 -1.838987e+00  0.000000e+00
   endloop
 endfacet
 facet normal -9.696656e-01 -2.444354e-01 -0.000000e+00
   outer loop
     vertex -3.843398e+01 -2.319431e+00  2.270000e+01
     vertex -3.849434e+01 -2.079992e+00  0.000000e+00
     vertex -3.843398e+01 -2.319431e+00  0.000000e+00
   endloop
 endfacet
 facet normal -9.696656e-01 -2.444354e-01  0.000000e+00
   outer loop
     vertex -3.843398e+01 -2.319431e+00  2.270000e+01
     vertex -3.849434e+01 -2.079992e+00  2.270000e+01
     vertex -3.849434e+01 -2.079992e+00  0.000000e+00
   endloop
 endfacet
 facet normal -9.625948e-01 -2.709453e-01  0.000000e+00
   outer loop
     vertex -3.836708e+01 -2.557125e+00  2.270000e+01
     vertex -3.843398e+01 -2.319431e+00  2.270000e+01
     vertex -3.843398e+01 -2.319431e+00  0.000000e+00
   endloop
 endfacet
 facet normal -9.625948e-01 -2.709453e-01 -0.000000e+00
   outer loop
     vertex -3.836708e+01 -2.557125e+00  2.270000e+01
     vertex -3.843398e+01 -2.319431e+00  0.000000e+00
     vertex -3.836708e+01 -2.557125e+00  0.000000e+00
   endloop
 endfacet
 facet normal -9.547993e-01 -2.972512e-01 -0.000000e+00
   outer loop
     vertex -3.829368e+01 -2.792893e+00  2.270000e+01
     vertex -3.836708e+01 -2.557125e+00  0.000000e+00
     vertex -3.829368e+01 -2.792893e+00  0.000000e+00
   endloop
 endfacet
 facet normal -9.547993e-01 -2.972512e-01  0.000000e+00
   outer loop
     vertex -3.829368e+01 -2.792893e+00  2.270000e+01
     vertex -3.836708e+01 -2.557125e+00  2.270000e+01
     vertex -3.836708e+01 -2.557125e+00  0.000000e+00
   endloop
 endfacet
 facet normal -9.462851e-01 -3.233333e-01 -0.000000e+00
   outer loop
     vertex -3.821384e+01 -3.026559e+00  2.270000e+01
     vertex -3.829368e+01 -2.792893e+00  0.000000e+00
     vertex -3.821384e+01 -3.026559e+00  0.000000e+00
   endloop
 endfacet
 facet normal -9.462851e-01 -3.233333e-01  0.000000e+00
   outer loop
     vertex -3.821384e+01 -3.026559e+00  2.270000e+01
     vertex -3.829368e+01 -2.792893e+00  2.270000e+01
     vertex -3.829368e+01 -2.792893e+00  0.000000e+00
   endloop
 endfacet
 facet normal -9.370586e-01 -3.491720e-01 -0.000000e+00
   outer loop
     vertex -3.812761e+01 -3.257946e+00  2.270000e+01
     vertex -3.821384e+01 -3.026559e+00  0.000000e+00
     vertex -3.812761e+01 -3.257946e+00  0.000000e+00
   endloop
 endfacet
 facet normal -9.370586e-01 -3.491720e-01  0.000000e+00
   outer loop
     vertex -3.812761e+01 -3.257946e+00  2.270000e+01
     vertex -3.821384e+01 -3.026559e+00  2.270000e+01
     vertex -3.821384e+01 -3.026559e+00  0.000000e+00
   endloop
 endfacet
 facet normal -9.271267e-01 -3.747479e-01 -0.000000e+00
   outer loop
     vertex -3.803508e+01 -3.486881e+00  2.270000e+01
     vertex -3.812761e+01 -3.257946e+00  0.000000e+00
     vertex -3.803508e+01 -3.486881e+00  0.000000e+00
   endloop
 endfacet
 facet normal -9.271267e-01 -3.747479e-01  0.000000e+00
   outer loop
     vertex -3.803508e+01 -3.486881e+00  2.270000e+01
     vertex -3.812761e+01 -3.257946e+00  2.270000e+01
     vertex -3.812761e+01 -3.257946e+00  0.000000e+00
   endloop
 endfacet
 facet normal -9.164969e-01 -4.000417e-01 -0.000000e+00
   outer loop
     vertex -3.793630e+01 -3.713192e+00  2.270000e+01
     vertex -3.803508e+01 -3.486881e+00  0.000000e+00
     vertex -3.793630e+01 -3.713192e+00  0.000000e+00
   endloop
 endfacet
 facet normal -9.164969e-01 -4.000417e-01  0.000000e+00
   outer loop
     vertex -3.793630e+01 -3.713192e+00  2.270000e+01
     vertex -3.803508e+01 -3.486881e+00  2.270000e+01
     vertex -3.803508e+01 -3.486881e+00  0.000000e+00
   endloop
 endfacet
 facet normal -9.051772e-01 -4.250344e-01 -0.000000e+00
   outer loop
     vertex -3.783134e+01 -3.936707e+00  2.270000e+01
     vertex -3.793630e+01 -3.713192e+00  0.000000e+00
     vertex -3.783134e+01 -3.936707e+00  0.000000e+00
   endloop
 endfacet
 facet normal -9.051772e-01 -4.250344e-01  0.000000e+00
   outer loop
     vertex -3.783134e+01 -3.936707e+00  2.270000e+01
     vertex -3.793630e+01 -3.713192e+00  2.270000e+01
     vertex -3.793630e+01 -3.713192e+00  0.000000e+00
   endloop
 endfacet
 facet normal -8.931761e-01 -4.497071e-01 -0.000000e+00
   outer loop
     vertex -3.772030e+01 -4.157259e+00  2.270000e+01
     vertex -3.783134e+01 -3.936707e+00  0.000000e+00
     vertex -3.772030e+01 -4.157259e+00  0.000000e+00
   endloop
 endfacet
 facet normal -8.931761e-01 -4.497071e-01  0.000000e+00
   outer loop
     vertex -3.772030e+01 -4.157259e+00  2.270000e+01
     vertex -3.783134e+01 -3.936707e+00  2.270000e+01
     vertex -3.783134e+01 -3.936707e+00  0.000000e+00
   endloop
 endfacet
 facet normal -8.805026e-01 -4.740412e-01 -0.000000e+00
   outer loop
     vertex -3.760324e+01 -4.374681e+00  2.270000e+01
     vertex -3.772030e+01 -4.157259e+00  0.000000e+00
     vertex -3.760324e+01 -4.374681e+00  0.000000e+00
   endloop
 endfacet
 facet normal -8.805026e-01 -4.740412e-01  0.000000e+00
   outer loop
     vertex -3.760324e+01 -4.374681e+00  2.270000e+01
     vertex -3.772030e+01 -4.157259e+00  2.270000e+01
     vertex -3.772030e+01 -4.157259e+00  0.000000e+00
   endloop
 endfacet
 facet normal -8.671664e-01 -4.980186e-01 -0.000000e+00
   outer loop
     vertex -3.748027e+01 -4.588810e+00  2.270000e+01
     vertex -3.760324e+01 -4.374681e+00  0.000000e+00
     vertex -3.748027e+01 -4.588810e+00  0.000000e+00
   endloop
 endfacet
 facet normal -8.671664e-01 -4.980186e-01  0.000000e+00
   outer loop
     vertex -3.748027e+01 -4.588810e+00  2.270000e+01
     vertex -3.760324e+01 -4.374681e+00  2.270000e+01
     vertex -3.760324e+01 -4.374681e+00  0.000000e+00
   endloop
 endfacet
 facet normal -8.531773e-01 -5.216210e-01 -0.000000e+00
   outer loop
     vertex -3.735146e+01 -4.799485e+00  2.270000e+01
     vertex -3.748027e+01 -4.588810e+00  0.000000e+00
     vertex -3.735146e+01 -4.799485e+00  0.000000e+00
   endloop
 endfacet
 facet normal -8.531773e-01 -5.216210e-01  0.000000e+00
   outer loop
     vertex -3.735146e+01 -4.799485e+00  2.270000e+01
     vertex -3.748027e+01 -4.588810e+00  2.270000e+01
     vertex -3.748027e+01 -4.588810e+00  0.000000e+00
   endloop
 endfacet
 facet normal -8.385460e-01 -5.448308e-01 -0.000000e+00
   outer loop
     vertex -3.721693e+01 -5.006547e+00  2.270000e+01
     vertex -3.735146e+01 -4.799485e+00  0.000000e+00
     vertex -3.721693e+01 -5.006547e+00  0.000000e+00
   endloop
 endfacet
 facet normal -8.385460e-01 -5.448308e-01  0.000000e+00
   outer loop
     vertex -3.721693e+01 -5.006547e+00  2.270000e+01
     vertex -3.735146e+01 -4.799485e+00  2.270000e+01
     vertex -3.735146e+01 -4.799485e+00  0.000000e+00
   endloop
 endfacet
 facet normal -8.232835e-01 -5.676304e-01  0.000000e+00
   outer loop
     vertex -3.707676e+01 -5.209840e+00  2.270000e+01
     vertex -3.721693e+01 -5.006547e+00  2.270000e+01
     vertex -3.721693e+01 -5.006547e+00  0.000000e+00
   endloop
 endfacet
 facet normal -8.232835e-01 -5.676304e-01 -0.000000e+00
   outer loop
     vertex -3.707676e+01 -5.209840e+00  2.270000e+01
     vertex -3.721693e+01 -5.006547e+00  0.000000e+00
     vertex -3.707676e+01 -5.209840e+00  0.000000e+00
   endloop
 endfacet
 facet normal -8.074012e-01 -5.900028e-01  0.000000e+00
   outer loop
     vertex -3.693107e+01 -5.409211e+00  2.270000e+01
     vertex -3.707676e+01 -5.209840e+00  2.270000e+01
     vertex -3.707676e+01 -5.209840e+00  0.000000e+00
   endloop
 endfacet
 facet normal -8.074012e-01 -5.900028e-01 -0.000000e+00
   outer loop
     vertex -3.693107e+01 -5.409211e+00  2.270000e+01
     vertex -3.707676e+01 -5.209840e+00  0.000000e+00
     vertex -3.693107e+01 -5.409211e+00  0.000000e+00
   endloop
 endfacet
 facet normal -7.909112e-01 -6.119310e-01  0.000000e+00
   outer loop
     vertex -3.677997e+01 -5.604510e+00  2.270000e+01
     vertex -3.693107e+01 -5.409211e+00  2.270000e+01
     vertex -3.693107e+01 -5.409211e+00  0.000000e+00
   endloop
 endfacet
 facet normal -7.909112e-01 -6.119310e-01 -0.000000e+00
   outer loop
     vertex -3.677997e+01 -5.604510e+00  2.270000e+01
     vertex -3.693107e+01 -5.409211e+00  0.000000e+00
     vertex -3.677997e+01 -5.604510e+00  0.000000e+00
   endloop
 endfacet
 facet normal -7.738257e-01 -6.333986e-01  0.000000e+00
   outer loop
     vertex -3.662357e+01 -5.795591e+00  2.270000e+01
     vertex -3.677997e+01 -5.604510e+00  2.270000e+01
     vertex -3.677997e+01 -5.604510e+00  0.000000e+00
   endloop
 endfacet
 facet normal -7.738257e-01 -6.333986e-01 -0.000000e+00
   outer loop
     vertex -3.662357e+01 -5.795591e+00  2.270000e+01
     vertex -3.677997e+01 -5.604510e+00  0.000000e+00
     vertex -3.662357e+01 -5.795591e+00  0.000000e+00
   endloop
 endfacet
 facet normal -7.561578e-01 -6.543893e-01  0.000000e+00
   outer loop
     vertex -3.646198e+01 -5.982309e+00  2.270000e+01
     vertex -3.662357e+01 -5.795591e+00  2.270000e+01
     vertex -3.662357e+01 -5.795591e+00  0.000000e+00
   endloop
 endfacet
 facet normal -7.561578e-01 -6.543893e-01 -0.000000e+00
   outer loop
     vertex -3.646198e+01 -5.982309e+00  2.270000e+01
     vertex -3.662357e+01 -5.795591e+00  0.000000e+00
     vertex -3.646198e+01 -5.982309e+00  0.000000e+00
   endloop
 endfacet
 facet normal -7.379206e-01 -6.748875e-01  0.000000e+00
   outer loop
     vertex -3.629533e+01 -6.164523e+00  2.270000e+01
     vertex -3.646198e+01 -5.982309e+00  2.270000e+01
     vertex -3.646198e+01 -5.982309e+00  0.000000e+00
   endloop
 endfacet
 facet normal -7.379206e-01 -6.748875e-01 -0.000000e+00
   outer loop
     vertex -3.629533e+01 -6.164523e+00  2.270000e+01
     vertex -3.646198e+01 -5.982309e+00  0.000000e+00
     vertex -3.629533e+01 -6.164523e+00  0.000000e+00
   endloop
 endfacet
 facet normal -7.191280e-01 -6.948776e-01  0.000000e+00
   outer loop
     vertex -3.612374e+01 -6.342097e+00  2.270000e+01
     vertex -3.629533e+01 -6.164523e+00  2.270000e+01
     vertex -3.629533e+01 -6.164523e+00  0.000000e+00
   endloop
 endfacet
 facet normal -7.191280e-01 -6.948776e-01 -0.000000e+00
   outer loop
     vertex -3.612374e+01 -6.342097e+00  2.270000e+01
     vertex -3.629533e+01 -6.164523e+00  0.000000e+00
     vertex -3.612374e+01 -6.342097e+00  0.000000e+00
   endloop
 endfacet
 facet normal -6.997940e-01 -7.143447e-01  0.000000e+00
   outer loop
     vertex -3.594735e+01 -6.514897e+00  2.270000e+01
     vertex -3.612374e+01 -6.342097e+00  2.270000e+01
     vertex -3.612374e+01 -6.342097e+00  0.000000e+00
   endloop
 endfacet
 facet normal -6.997940e-01 -7.143447e-01 -0.000000e+00
   outer loop
     vertex -3.594735e+01 -6.514897e+00  2.270000e+01
     vertex -3.612374e+01 -6.342097e+00  0.000000e+00
     vertex -3.594735e+01 -6.514897e+00  0.000000e+00
   endloop
 endfacet
 facet normal -6.799333e-01 -7.332740e-01  0.000000e+00
   outer loop
     vertex -3.576628e+01 -6.682793e+00  2.270000e+01
     vertex -3.594735e+01 -6.514897e+00  2.270000e+01
     vertex -3.594735e+01 -6.514897e+00  0.000000e+00
   endloop
 endfacet
 facet normal -6.799333e-01 -7.332740e-01 -0.000000e+00
   outer loop
     vertex -3.576628e+01 -6.682793e+00  2.270000e+01
     vertex -3.594735e+01 -6.514897e+00  0.000000e+00
     vertex -3.576628e+01 -6.682793e+00  0.000000e+00
   endloop
 endfacet
 facet normal -6.595607e-01 -7.516513e-01  0.000000e+00
   outer loop
     vertex -3.558068e+01 -6.845658e+00  2.270000e+01
     vertex -3.576628e+01 -6.682793e+00  2.270000e+01
     vertex -3.576628e+01 -6.682793e+00  0.000000e+00
   endloop
 endfacet
 facet normal -6.595607e-01 -7.516513e-01 -0.000000e+00
   outer loop
     vertex -3.558068e+01 -6.845658e+00  2.270000e+01
     vertex -3.576628e+01 -6.682793e+00  0.000000e+00
     vertex -3.558068e+01 -6.845658e+00  0.000000e+00
   endloop
 endfacet
 facet normal -6.386916e-01 -7.694628e-01  0.000000e+00
   outer loop
     vertex -3.539067e+01 -7.003370e+00  2.270000e+01
     vertex -3.558068e+01 -6.845658e+00  2.270000e+01
     vertex -3.558068e+01 -6.845658e+00  0.000000e+00
   endloop
 endfacet
 facet normal -6.386916e-01 -7.694628e-01 -0.000000e+00
   outer loop
     vertex -3.539067e+01 -7.003370e+00  2.270000e+01
     vertex -3.558068e+01 -6.845658e+00  0.000000e+00
     vertex -3.539067e+01 -7.003370e+00  0.000000e+00
   endloop
 endfacet
 facet normal -6.173417e-01 -7.866951e-01  0.000000e+00
   outer loop
     vertex -3.519641e+01 -7.155810e+00  2.270000e+01
     vertex -3.539067e+01 -7.003370e+00  2.270000e+01
     vertex -3.539067e+01 -7.003370e+00  0.000000e+00
   endloop
 endfacet
 facet normal -6.173417e-01 -7.866951e-01 -0.000000e+00
   outer loop
     vertex -3.519641e+01 -7.155810e+00  2.270000e+01
     vertex -3.539067e+01 -7.003370e+00  0.000000e+00
     vertex -3.519641e+01 -7.155810e+00  0.000000e+00
   endloop
 endfacet
 facet normal -5.955271e-01 -8.033352e-01  0.000000e+00
   outer loop
     vertex -3.499805e+01 -7.302863e+00  2.270000e+01
     vertex -3.519641e+01 -7.155810e+00  2.270000e+01
     vertex -3.519641e+01 -7.155810e+00  0.000000e+00
   endloop
 endfacet
 facet normal -5.955271e-01 -8.033352e-01 -0.000000e+00
   outer loop
     vertex -3.499805e+01 -7.302863e+00  2.270000e+01
     vertex -3.519641e+01 -7.155810e+00  0.000000e+00
     vertex -3.499805e+01 -7.302863e+00  0.000000e+00
   endloop
 endfacet
 facet normal -5.732642e-01 -8.193706e-01  0.000000e+00
   outer loop
     vertex -3.479572e+01 -7.444419e+00  2.270000e+01
     vertex -3.499805e+01 -7.302863e+00  2.270000e+01
     vertex -3.499805e+01 -7.302863e+00  0.000000e+00
   endloop
 endfacet
 facet normal -5.732642e-01 -8.193706e-01 -0.000000e+00
   outer loop
     vertex -3.479572e+01 -7.444419e+00  2.270000e+01
     vertex -3.499805e+01 -7.302863e+00  0.000000e+00
     vertex -3.479572e+01 -7.444419e+00  0.000000e+00
   endloop
 endfacet
 facet normal -5.505698e-01 -8.347891e-01  0.000000e+00
   outer loop
     vertex -3.458959e+01 -7.580371e+00  2.270000e+01
     vertex -3.479572e+01 -7.444419e+00  2.270000e+01
     vertex -3.479572e+01 -7.444419e+00  0.000000e+00
   endloop
 endfacet
 facet normal -5.505698e-01 -8.347891e-01 -0.000000e+00
   outer loop
     vertex -3.458959e+01 -7.580371e+00  2.270000e+01
     vertex -3.479572e+01 -7.444419e+00  0.000000e+00
     vertex -3.458959e+01 -7.580371e+00  0.000000e+00
   endloop
 endfacet
 facet normal -5.274609e-01 -8.495793e-01  0.000000e+00
   outer loop
     vertex -3.437980e+01 -7.710617e+00  2.270000e+01
     vertex -3.458959e+01 -7.580371e+00  2.270000e+01
     vertex -3.458959e+01 -7.580371e+00  0.000000e+00
   endloop
 endfacet
 facet normal -5.274609e-01 -8.495793e-01 -0.000000e+00
   outer loop
     vertex -3.437980e+01 -7.710617e+00  2.270000e+01
     vertex -3.458959e+01 -7.580371e+00  0.000000e+00
     vertex -3.437980e+01 -7.710617e+00  0.000000e+00
   endloop
 endfacet
 facet normal -5.039550e-01 -8.637299e-01  0.000000e+00
   outer loop
     vertex -3.416652e+01 -7.835058e+00  2.270000e+01
     vertex -3.437980e+01 -7.710617e+00  2.270000e+01
     vertex -3.437980e+01 -7.710617e+00  0.000000e+00
   endloop
 endfacet
 facet normal -5.039550e-01 -8.637299e-01 -0.000000e+00
   outer loop
     vertex -3.416652e+01 -7.835058e+00  2.270000e+01
     vertex -3.437980e+01 -7.710617e+00  0.000000e+00
     vertex -3.416652e+01 -7.835058e+00  0.000000e+00
   endloop
 endfacet
 facet normal -4.800697e-01 -8.772303e-01  0.000000e+00
   outer loop
     vertex -3.394991e+01 -7.953602e+00  2.270000e+01
     vertex -3.416652e+01 -7.835058e+00  2.270000e+01
     vertex -3.416652e+01 -7.835058e+00  0.000000e+00
   endloop
 endfacet
 facet normal -4.800697e-01 -8.772303e-01 -0.000000e+00
   outer loop
     vertex -3.394991e+01 -7.953602e+00  2.270000e+01
     vertex -3.416652e+01 -7.835058e+00  0.000000e+00
     vertex -3.394991e+01 -7.953602e+00  0.000000e+00
   endloop
 endfacet
 facet normal -4.558231e-01 -8.900704e-01  0.000000e+00
   outer loop
     vertex -3.373012e+01 -8.066158e+00  2.270000e+01
     vertex -3.394991e+01 -7.953602e+00  2.270000e+01
     vertex -3.394991e+01 -7.953602e+00  0.000000e+00
   endloop
 endfacet
 facet normal -4.558231e-01 -8.900704e-01 -0.000000e+00
   outer loop
     vertex -3.373012e+01 -8.066158e+00  2.270000e+01
     vertex -3.394991e+01 -7.953602e+00  0.000000e+00
     vertex -3.373012e+01 -8.066158e+00  0.000000e+00
   endloop
 endfacet
 facet normal -4.312333e-01 -9.022405e-01  0.000000e+00
   outer loop
     vertex -3.350733e+01 -8.172642e+00  2.270000e+01
     vertex -3.373012e+01 -8.066158e+00  2.270000e+01
     vertex -3.373012e+01 -8.066158e+00  0.000000e+00
   endloop
 endfacet
 facet normal -4.312333e-01 -9.022405e-01 -0.000000e+00
   outer loop
     vertex -3.350733e+01 -8.172642e+00  2.270000e+01
     vertex -3.373012e+01 -8.066158e+00  0.000000e+00
     vertex -3.350733e+01 -8.172642e+00  0.000000e+00
   endloop
 endfacet
 facet normal -4.063188e-01 -9.137314e-01  0.000000e+00
   outer loop
     vertex -3.328170e+01 -8.272974e+00  2.270000e+01
     vertex -3.350733e+01 -8.172642e+00  2.270000e+01
     vertex -3.350733e+01 -8.172642e+00  0.000000e+00
   endloop
 endfacet
 facet normal -4.063188e-01 -9.137314e-01 -0.000000e+00
   outer loop
     vertex -3.328170e+01 -8.272974e+00  2.270000e+01
     vertex -3.350733e+01 -8.172642e+00  0.000000e+00
     vertex -3.328170e+01 -8.272974e+00  0.000000e+00
   endloop
 endfacet
 facet normal -3.810986e-01 -9.245344e-01 -0.000000e+00
   outer loop
     vertex -3.305341e+01 -8.367079e+00  2.270000e+01
     vertex -3.328170e+01 -8.272974e+00  0.000000e+00
     vertex -3.305341e+01 -8.367079e+00  0.000000e+00
   endloop
 endfacet
 facet normal -3.810986e-01 -9.245344e-01  0.000000e+00
   outer loop
     vertex -3.305341e+01 -8.367079e+00  2.270000e+01
     vertex -3.328170e+01 -8.272974e+00  2.270000e+01
     vertex -3.328170e+01 -8.272974e+00  0.000000e+00
   endloop
 endfacet
 facet normal -3.555914e-01 -9.346415e-01 -0.000000e+00
   outer loop
     vertex -3.282262e+01 -8.454885e+00  2.270000e+01
     vertex -3.305341e+01 -8.367079e+00  0.000000e+00
     vertex -3.282262e+01 -8.454885e+00  0.000000e+00
   endloop
 endfacet
 facet normal -3.555914e-01 -9.346415e-01  0.000000e+00
   outer loop
     vertex -3.282262e+01 -8.454885e+00  2.270000e+01
     vertex -3.305341e+01 -8.367079e+00  2.270000e+01
     vertex -3.305341e+01 -8.367079e+00  0.000000e+00
   endloop
 endfacet
 facet normal -3.298166e-01 -9.440450e-01 -0.000000e+00
   outer loop
     vertex -3.258950e+01 -8.536327e+00  2.270000e+01
     vertex -3.282262e+01 -8.454885e+00  0.000000e+00
     vertex -3.258950e+01 -8.536327e+00  0.000000e+00
   endloop
 endfacet
 facet normal -3.298166e-01 -9.440450e-01  0.000000e+00
   outer loop
     vertex -3.258950e+01 -8.536327e+00  2.270000e+01
     vertex -3.282262e+01 -8.454885e+00  2.270000e+01
     vertex -3.282262e+01 -8.454885e+00  0.000000e+00
   endloop
 endfacet
 facet normal -3.037934e-01 -9.527379e-01 -0.000000e+00
   outer loop
     vertex -3.235425e+01 -8.611342e+00  2.270000e+01
     vertex -3.258950e+01 -8.536327e+00  0.000000e+00
     vertex -3.235425e+01 -8.611342e+00  0.000000e+00
   endloop
 endfacet
 facet normal -3.037934e-01 -9.527379e-01  0.000000e+00
   outer loop
     vertex -3.235425e+01 -8.611342e+00  2.270000e+01
     vertex -3.258950e+01 -8.536327e+00  2.270000e+01
     vertex -3.258950e+01 -8.536327e+00  0.000000e+00
   endloop
 endfacet
 facet normal -2.775416e-01 -9.607136e-01  0.000000e+00
   outer loop
     vertex -3.211702e+01 -8.679875e+00  2.270000e+01
     vertex -3.235425e+01 -8.611342e+00  2.270000e+01
     vertex -3.235425e+01 -8.611342e+00  0.000000e+00
   endloop
 endfacet
 facet normal -2.775416e-01 -9.607136e-01 -0.000000e+00
   outer loop
     vertex -3.211702e+01 -8.679875e+00  2.270000e+01
     vertex -3.235425e+01 -8.611342e+00  0.000000e+00
     vertex -3.211702e+01 -8.679875e+00  0.000000e+00
   endloop
 endfacet
 facet normal -2.510809e-01 -9.679661e-01  0.000000e+00
   outer loop
     vertex -3.187800e+01 -8.741875e+00  2.270000e+01
     vertex -3.211702e+01 -8.679875e+00  2.270000e+01
     vertex -3.211702e+01 -8.679875e+00  0.000000e+00
   endloop
 endfacet
 facet normal -2.510809e-01 -9.679661e-01 -0.000000e+00
   outer loop
     vertex -3.187800e+01 -8.741875e+00  2.270000e+01
     vertex -3.211702e+01 -8.679875e+00  0.000000e+00
     vertex -3.187800e+01 -8.741875e+00  0.000000e+00
   endloop
 endfacet
 facet normal -2.244312e-01 -9.744899e-01  0.000000e+00
   outer loop
     vertex -3.163737e+01 -8.797294e+00  2.270000e+01
     vertex -3.187800e+01 -8.741875e+00  2.270000e+01
     vertex -3.187800e+01 -8.741875e+00  0.000000e+00
   endloop
 endfacet
 facet normal -2.244312e-01 -9.744899e-01 -0.000000e+00
   outer loop
     vertex -3.163737e+01 -8.797294e+00  2.270000e+01
     vertex -3.187800e+01 -8.741875e+00  0.000000e+00
     vertex -3.163737e+01 -8.797294e+00  0.000000e+00
   endloop
 endfacet
 facet normal -1.976125e-01 -9.802802e-01  0.000000e+00
   outer loop
     vertex -3.139531e+01 -8.846090e+00  2.270000e+01
     vertex -3.163737e+01 -8.797294e+00  2.270000e+01
     vertex -3.163737e+01 -8.797294e+00  0.000000e+00
   endloop
 endfacet
 facet normal -1.976125e-01 -9.802802e-01 -0.000000e+00
   outer loop
     vertex -3.139531e+01 -8.846090e+00  2.270000e+01
     vertex -3.163737e+01 -8.797294e+00  0.000000e+00
     vertex -3.139531e+01 -8.846090e+00  0.000000e+00
   endloop
 endfacet
 facet normal -1.706451e-01 -9.853326e-01  0.000000e+00
   outer loop
     vertex -3.115200e+01 -8.888227e+00  2.270000e+01
     vertex -3.139531e+01 -8.846090e+00  2.270000e+01
     vertex -3.139531e+01 -8.846090e+00  0.000000e+00
   endloop
 endfacet
 facet normal -1.706451e-01 -9.853326e-01 -0.000000e+00
   outer loop
     vertex -3.115200e+01 -8.888227e+00  2.270000e+01
     vertex -3.139531e+01 -8.846090e+00  0.000000e+00
     vertex -3.115200e+01 -8.888227e+00  0.000000e+00
   endloop
 endfacet
 facet normal -1.435492e-01 -9.896432e-01  0.000000e+00
   outer loop
     vertex -3.090763e+01 -8.923674e+00  2.270000e+01
     vertex -3.115200e+01 -8.888227e+00  2.270000e+01
     vertex -3.115200e+01 -8.888227e+00  0.000000e+00
   endloop
 endfacet
 facet normal -1.435492e-01 -9.896432e-01 -0.000000e+00
   outer loop
     vertex -3.090763e+01 -8.923674e+00  2.270000e+01
     vertex -3.115200e+01 -8.888227e+00  0.000000e+00
     vertex -3.090763e+01 -8.923674e+00  0.000000e+00
   endloop
 endfacet
 facet normal -1.163452e-01 -9.932088e-01  0.000000e+00
   outer loop
     vertex -3.066237e+01 -8.952403e+00  2.270000e+01
     vertex -3.090763e+01 -8.923674e+00  2.270000e+01
     vertex -3.090763e+01 -8.923674e+00  0.000000e+00
   endloop
 endfacet
 facet normal -1.163452e-01 -9.932088e-01 -0.000000e+00
   outer loop
     vertex -3.066237e+01 -8.952403e+00  2.270000e+01
     vertex -3.090763e+01 -8.923674e+00  0.000000e+00
     vertex -3.066237e+01 -8.952403e+00  0.000000e+00
   endloop
 endfacet
 facet normal -8.905371e-02 -9.960268e-01  0.000000e+00
   outer loop
     vertex -3.041642e+01 -8.974393e+00  2.270000e+01
     vertex -3.066237e+01 -8.952403e+00  2.270000e+01
     vertex -3.066237e+01 -8.952403e+00  0.000000e+00
   endloop
 endfacet
 facet normal -8.905371e-02 -9.960268e-01 -0.000000e+00
   outer loop
     vertex -3.041642e+01 -8.974393e+00  2.270000e+01
     vertex -3.066237e+01 -8.952403e+00  0.000000e+00
     vertex -3.041642e+01 -8.974393e+00  0.000000e+00
   endloop
 endfacet
 facet normal -6.169515e-02 -9.980950e-01  0.000000e+00
   outer loop
     vertex -3.016997e+01 -8.989627e+00  2.270000e+01
     vertex -3.041642e+01 -8.974393e+00  2.270000e+01
     vertex -3.041642e+01 -8.974393e+00  0.000000e+00
   endloop
 endfacet
 facet normal -6.169515e-02 -9.980950e-01 -0.000000e+00
   outer loop
     vertex -3.016997e+01 -8.989627e+00  2.270000e+01
     vertex -3.041642e+01 -8.974393e+00  0.000000e+00
     vertex -3.016997e+01 -8.989627e+00  0.000000e+00
   endloop
 endfacet
 facet normal -3.429014e-02 -9.994119e-01  0.000000e+00
   outer loop
     vertex -2.992318e+01 -8.998095e+00  2.270000e+01
     vertex -3.016997e+01 -8.989627e+00  2.270000e+01
     vertex -3.016997e+01 -8.989627e+00  0.000000e+00
   endloop
 endfacet
 facet normal -3.429014e-02 -9.994119e-01 -0.000000e+00
   outer loop
     vertex -2.992318e+01 -8.998095e+00  2.270000e+01
     vertex -3.016997e+01 -8.989627e+00  0.000000e+00
     vertex -2.992318e+01 -8.998095e+00  0.000000e+00
   endloop
 endfacet
 facet normal -6.859319e-03 -9.999765e-01  0.000000e+00
   outer loop
     vertex -2.967626e+01 -8.999788e+00  2.270000e+01
     vertex -2.992318e+01 -8.998095e+00  2.270000e+01
     vertex -2.992318e+01 -8.998095e+00  0.000000e+00
   endloop
 endfacet
 facet normal -6.859319e-03 -9.999765e-01 -0.000000e+00
   outer loop
     vertex -2.967626e+01 -8.999788e+00  2.270000e+01
     vertex -2.992318e+01 -8.998095e+00  0.000000e+00
     vertex -2.967626e+01 -8.999788e+00  0.000000e+00
   endloop
 endfacet
 facet normal  2.057667e-02 -9.997883e-01  0.000000e+00
   outer loop
     vertex -2.942938e+01 -8.994707e+00  2.270000e+01
     vertex -2.967626e+01 -8.999788e+00  2.270000e+01
     vertex -2.967626e+01 -8.999788e+00  0.000000e+00
   endloop
 endfacet
 facet normal  2.057667e-02 -9.997883e-01  0.000000e+00
   outer loop
     vertex -2.942938e+01 -8.994707e+00  2.270000e+01
     vertex -2.967626e+01 -8.999788e+00  0.000000e+00
     vertex -2.942938e+01 -8.994707e+00  0.000000e+00
   endloop
 endfacet
 facet normal  4.799716e-02 -9.988475e-01  0.000000e+00
   outer loop
     vertex -2.918273e+01 -8.982855e+00  2.270000e+01
     vertex -2.942938e+01 -8.994707e+00  0.000000e+00
     vertex -2.918273e+01 -8.982855e+00  0.000000e+00
   endloop
 endfacet
 facet normal  4.799716e-02 -9.988475e-01  0.000000e+00
   outer loop
     vertex -2.918273e+01 -8.982855e+00  2.270000e+01
     vertex -2.942938e+01 -8.994707e+00  2.270000e+01
     vertex -2.942938e+01 -8.994707e+00  0.000000e+00
   endloop
 endfacet
 facet normal  7.538152e-02 -9.971548e-01  0.000000e+00
   outer loop
     vertex -2.893651e+01 -8.964241e+00  2.270000e+01
     vertex -2.918273e+01 -8.982855e+00  0.000000e+00
     vertex -2.893651e+01 -8.964241e+00  0.000000e+00
   endloop
 endfacet
 facet normal  7.538152e-02 -9.971548e-01  0.000000e+00
   outer loop
     vertex -2.893651e+01 -8.964241e+00  2.270000e+01
     vertex -2.918273e+01 -8.982855e+00  2.270000e+01
     vertex -2.918273e+01 -8.982855e+00  0.000000e+00
   endloop
 endfacet
 facet normal  1.027091e-01 -9.947114e-01  0.000000e+00
   outer loop
     vertex -2.869088e+01 -8.938879e+00  2.270000e+01
     vertex -2.893651e+01 -8.964241e+00  0.000000e+00
     vertex -2.869088e+01 -8.938879e+00  0.000000e+00
   endloop
 endfacet
 facet normal  1.027091e-01 -9.947114e-01  0.000000e+00
   outer loop
     vertex -2.869088e+01 -8.938879e+00  2.270000e+01
     vertex -2.893651e+01 -8.964241e+00  2.270000e+01
     vertex -2.893651e+01 -8.964241e+00  0.000000e+00
   endloop
 endfacet
 facet normal  1.299594e-01 -9.915193e-01  0.000000e+00
   outer loop
     vertex -2.844605e+01 -8.906789e+00  2.270000e+01
     vertex -2.869088e+01 -8.938879e+00  0.000000e+00
     vertex -2.844605e+01 -8.906789e+00  0.000000e+00
   endloop
 endfacet
 facet normal  1.299594e-01 -9.915193e-01  0.000000e+00
   outer loop
     vertex -2.844605e+01 -8.906789e+00  2.270000e+01
     vertex -2.869088e+01 -8.938879e+00  2.270000e+01
     vertex -2.869088e+01 -8.938879e+00  0.000000e+00
   endloop
 endfacet
 facet normal  1.571119e-01 -9.875808e-01  0.000000e+00
   outer loop
     vertex -2.820219e+01 -8.867993e+00  2.270000e+01
     vertex -2.844605e+01 -8.906789e+00  0.000000e+00
     vertex -2.820219e+01 -8.867993e+00  0.000000e+00
   endloop
 endfacet
 facet normal  1.571119e-01 -9.875808e-01  0.000000e+00
   outer loop
     vertex -2.820219e+01 -8.867993e+00  2.270000e+01
     vertex -2.844605e+01 -8.906789e+00  2.270000e+01
     vertex -2.844605e+01 -8.906789e+00  0.000000e+00
   endloop
 endfacet
 facet normal  1.841461e-01 -9.828989e-01  0.000000e+00
   outer loop
     vertex -2.795948e+01 -8.822522e+00  2.270000e+01
     vertex -2.820219e+01 -8.867993e+00  0.000000e+00
     vertex -2.795948e+01 -8.822522e+00  0.000000e+00
   endloop
 endfacet
 facet normal  1.841461e-01 -9.828989e-01  0.000000e+00
   outer loop
     vertex -2.795948e+01 -8.822522e+00  2.270000e+01
     vertex -2.820219e+01 -8.867993e+00  2.270000e+01
     vertex -2.820219e+01 -8.867993e+00  0.000000e+00
   endloop
 endfacet
 facet normal  2.110417e-01 -9.774771e-01  0.000000e+00
   outer loop
     vertex -2.771811e+01 -8.770409e+00  2.270000e+01
     vertex -2.795948e+01 -8.822522e+00  0.000000e+00
     vertex -2.771811e+01 -8.770409e+00  0.000000e+00
   endloop
 endfacet
 facet normal  2.110417e-01 -9.774771e-01  0.000000e+00
   outer loop
     vertex -2.771811e+01 -8.770409e+00  2.270000e+01
     vertex -2.795948e+01 -8.822522e+00  2.270000e+01
     vertex -2.795948e+01 -8.822522e+00  0.000000e+00
   endloop
 endfacet
 facet normal  2.377784e-01 -9.713194e-01  0.000000e+00
   outer loop
     vertex -2.747826e+01 -8.711695e+00  2.270000e+01
     vertex -2.771811e+01 -8.770409e+00  0.000000e+00
     vertex -2.747826e+01 -8.711695e+00  0.000000e+00
   endloop
 endfacet
 facet normal  2.377784e-01 -9.713194e-01  0.000000e+00
   outer loop
     vertex -2.747826e+01 -8.711695e+00  2.270000e+01
     vertex -2.771811e+01 -8.770409e+00  2.270000e+01
     vertex -2.771811e+01 -8.770409e+00  0.000000e+00
   endloop
 endfacet
 facet normal  2.643362e-01 -9.644306e-01  0.000000e+00
   outer loop
     vertex -2.724012e+01 -8.646422e+00  2.270000e+01
     vertex -2.747826e+01 -8.711695e+00  0.000000e+00
     vertex -2.724012e+01 -8.646422e+00  0.000000e+00
   endloop
 endfacet
 facet normal  2.643362e-01 -9.644306e-01  0.000000e+00
   outer loop
     vertex -2.724012e+01 -8.646422e+00  2.270000e+01
     vertex -2.747826e+01 -8.711695e+00  2.270000e+01
     vertex -2.747826e+01 -8.711695e+00  0.000000e+00
   endloop
 endfacet
 facet normal  2.906949e-01 -9.568158e-01  0.000000e+00
   outer loop
     vertex -2.700385e+01 -8.574641e+00  2.270000e+01
     vertex -2.724012e+01 -8.646422e+00  0.000000e+00
     vertex -2.700385e+01 -8.574641e+00  0.000000e+00
   endloop
 endfacet
 facet normal  2.906949e-01 -9.568158e-01  0.000000e+00
   outer loop
     vertex -2.700385e+01 -8.574641e+00  2.270000e+01
     vertex -2.724012e+01 -8.646422e+00  2.270000e+01
     vertex -2.724012e+01 -8.646422e+00  0.000000e+00
   endloop
 endfacet
 facet normal  3.168348e-01 -9.484807e-01  0.000000e+00
   outer loop
     vertex -2.676964e+01 -8.496405e+00  2.270000e+01
     vertex -2.700385e+01 -8.574641e+00  0.000000e+00
     vertex -2.676964e+01 -8.496405e+00  0.000000e+00
   endloop
 endfacet
 facet normal  3.168348e-01 -9.484807e-01  0.000000e+00
   outer loop
     vertex -2.676964e+01 -8.496405e+00  2.270000e+01
     vertex -2.700385e+01 -8.574641e+00  2.270000e+01
     vertex -2.700385e+01 -8.574641e+00  0.000000e+00
   endloop
 endfacet
 facet normal  3.427362e-01 -9.394317e-01  0.000000e+00
   outer loop
     vertex -2.653767e+01 -8.411774e+00  2.270000e+01
     vertex -2.676964e+01 -8.496405e+00  0.000000e+00
     vertex -2.653767e+01 -8.411774e+00  0.000000e+00
   endloop
 endfacet
 facet normal  3.427362e-01 -9.394317e-01  0.000000e+00
   outer loop
     vertex -2.653767e+01 -8.411774e+00  2.270000e+01
     vertex -2.676964e+01 -8.496405e+00  2.270000e+01
     vertex -2.676964e+01 -8.496405e+00  0.000000e+00
   endloop
 endfacet
 facet normal  3.683796e-01 -9.296754e-01  0.000000e+00
   outer loop
     vertex -2.630810e+01 -8.320810e+00  2.270000e+01
     vertex -2.653767e+01 -8.411774e+00  0.000000e+00
     vertex -2.630810e+01 -8.320810e+00  0.000000e+00
   endloop
 endfacet
 facet normal  3.683796e-01 -9.296754e-01  0.000000e+00
   outer loop
     vertex -2.630810e+01 -8.320810e+00  2.270000e+01
     vertex -2.653767e+01 -8.411774e+00  2.270000e+01
     vertex -2.653767e+01 -8.411774e+00  0.000000e+00
   endloop
 endfacet
 facet normal  3.937458e-01 -9.192194e-01  0.000000e+00
   outer loop
     vertex -2.608112e+01 -8.223582e+00  2.270000e+01
     vertex -2.630810e+01 -8.320810e+00  2.270000e+01
     vertex -2.630810e+01 -8.320810e+00  0.000000e+00
   endloop
 endfacet
 facet normal  3.937458e-01 -9.192194e-01  0.000000e+00
   outer loop
     vertex -2.608112e+01 -8.223582e+00  2.270000e+01
     vertex -2.630810e+01 -8.320810e+00  0.000000e+00
     vertex -2.608112e+01 -8.223582e+00  0.000000e+00
   endloop
 endfacet
 facet normal  4.188155e-01 -9.080714e-01  0.000000e+00
   outer loop
     vertex -2.585689e+01 -8.120164e+00  2.270000e+01
     vertex -2.608112e+01 -8.223582e+00  2.270000e+01
     vertex -2.608112e+01 -8.223582e+00  0.000000e+00
   endloop
 endfacet
 facet normal  4.188155e-01 -9.080714e-01  0.000000e+00
   outer loop
     vertex -2.585689e+01 -8.120164e+00  2.270000e+01
     vertex -2.608112e+01 -8.223582e+00  0.000000e+00
     vertex -2.585689e+01 -8.120164e+00  0.000000e+00
   endloop
 endfacet
 facet normal  4.435699e-01 -8.962398e-01  0.000000e+00
   outer loop
     vertex -2.563558e+01 -8.010634e+00  2.270000e+01
     vertex -2.585689e+01 -8.120164e+00  2.270000e+01
     vertex -2.585689e+01 -8.120164e+00  0.000000e+00
   endloop
 endfacet
 facet normal  4.435699e-01 -8.962398e-01  0.000000e+00
   outer loop
     vertex -2.563558e+01 -8.010634e+00  2.270000e+01
     vertex -2.585689e+01 -8.120164e+00  0.000000e+00
     vertex -2.563558e+01 -8.010634e+00  0.000000e+00
   endloop
 endfacet
 facet normal  4.679904e-01 -8.837335e-01  0.000000e+00
   outer loop
     vertex -2.541736e+01 -7.895073e+00  2.270000e+01
     vertex -2.563558e+01 -8.010634e+00  2.270000e+01
     vertex -2.563558e+01 -8.010634e+00  0.000000e+00
   endloop
 endfacet
 facet normal  4.679904e-01 -8.837335e-01  0.000000e+00
   outer loop
     vertex -2.541736e+01 -7.895073e+00  2.270000e+01
     vertex -2.563558e+01 -8.010634e+00  0.000000e+00
     vertex -2.541736e+01 -7.895073e+00  0.000000e+00
   endloop
 endfacet
 facet normal  4.920587e-01 -8.705620e-01  0.000000e+00
   outer loop
     vertex -2.520240e+01 -7.773569e+00  2.270000e+01
     vertex -2.541736e+01 -7.895073e+00  0.000000e+00
     vertex -2.520240e+01 -7.773569e+00  0.000000e+00
   endloop
 endfacet
 facet normal  4.920587e-01 -8.705620e-01  0.000000e+00
   outer loop
     vertex -2.520240e+01 -7.773569e+00  2.270000e+01
     vertex -2.541736e+01 -7.895073e+00  2.270000e+01
     vertex -2.541736e+01 -7.895073e+00  0.000000e+00
   endloop
 endfacet
 facet normal  5.157565e-01 -8.567352e-01  0.000000e+00
   outer loop
     vertex -2.499084e+01 -7.646214e+00  2.270000e+01
     vertex -2.520240e+01 -7.773569e+00  2.270000e+01
     vertex -2.520240e+01 -7.773569e+00  0.000000e+00
   endloop
 endfacet
 facet normal  5.157565e-01 -8.567352e-01  0.000000e+00
   outer loop
     vertex -2.499084e+01 -7.646214e+00  2.270000e+01
     vertex -2.520240e+01 -7.773569e+00  0.000000e+00
     vertex -2.499084e+01 -7.646214e+00  0.000000e+00
   endloop
 endfacet
 facet normal  5.390661e-01 -8.422635e-01  0.000000e+00
   outer loop
     vertex -2.478286e+01 -7.513102e+00  2.270000e+01
     vertex -2.499084e+01 -7.646214e+00  0.000000e+00
     vertex -2.478286e+01 -7.513102e+00  0.000000e+00
   endloop
 endfacet
 facet normal  5.390661e-01 -8.422635e-01  0.000000e+00
   outer loop
     vertex -2.478286e+01 -7.513102e+00  2.270000e+01
     vertex -2.499084e+01 -7.646214e+00  2.270000e+01
     vertex -2.499084e+01 -7.646214e+00  0.000000e+00
   endloop
 endfacet
 facet normal  5.619699e-01 -8.271577e-01  0.000000e+00
   outer loop
     vertex -2.457861e+01 -7.374335e+00  2.270000e+01
     vertex -2.478286e+01 -7.513102e+00  0.000000e+00
     vertex -2.457861e+01 -7.374335e+00  0.000000e+00
   endloop
 endfacet
 facet normal  5.619699e-01 -8.271577e-01  0.000000e+00
   outer loop
     vertex -2.457861e+01 -7.374335e+00  2.270000e+01
     vertex -2.478286e+01 -7.513102e+00  2.270000e+01
     vertex -2.478286e+01 -7.513102e+00  0.000000e+00
   endloop
 endfacet
 facet normal  5.844507e-01 -8.114292e-01  0.000000e+00
   outer loop
     vertex -2.437825e+01 -7.230017e+00  2.270000e+01
     vertex -2.457861e+01 -7.374335e+00  0.000000e+00
     vertex -2.437825e+01 -7.230017e+00  0.000000e+00
   endloop
 endfacet
 facet normal  5.844507e-01 -8.114292e-01  0.000000e+00
   outer loop
     vertex -2.437825e+01 -7.230017e+00  2.270000e+01
     vertex -2.457861e+01 -7.374335e+00  2.270000e+01
     vertex -2.457861e+01 -7.374335e+00  0.000000e+00
   endloop
 endfacet
 facet normal  6.064915e-01 -7.950900e-01  0.000000e+00
   outer loop
     vertex -2.418192e+01 -7.080256e+00  2.270000e+01
     vertex -2.437825e+01 -7.230017e+00  0.000000e+00
     vertex -2.418192e+01 -7.080256e+00  0.000000e+00
   endloop
 endfacet
 facet normal  6.064915e-01 -7.950900e-01  0.000000e+00
   outer loop
     vertex -2.418192e+01 -7.080256e+00  2.270000e+01
     vertex -2.437825e+01 -7.230017e+00  2.270000e+01
     vertex -2.437825e+01 -7.230017e+00  0.000000e+00
   endloop
 endfacet
 facet normal  6.280757e-01 -7.781522e-01  0.000000e+00
   outer loop
     vertex -2.398977e+01 -6.925166e+00  2.270000e+01
     vertex -2.418192e+01 -7.080256e+00  0.000000e+00
     vertex -2.398977e+01 -6.925166e+00  0.000000e+00
   endloop
 endfacet
 facet normal  6.280757e-01 -7.781522e-01  0.000000e+00
   outer loop
     vertex -2.398977e+01 -6.925166e+00  2.270000e+01
     vertex -2.418192e+01 -7.080256e+00  2.270000e+01
     vertex -2.418192e+01 -7.080256e+00  0.000000e+00
   endloop
 endfacet
 facet normal  6.491872e-01 -7.606287e-01  0.000000e+00
   outer loop
     vertex -2.380195e+01 -6.764862e+00  2.270000e+01
     vertex -2.398977e+01 -6.925166e+00  0.000000e+00
     vertex -2.380195e+01 -6.764862e+00  0.000000e+00
   endloop
 endfacet
 facet normal  6.491872e-01 -7.606287e-01  0.000000e+00
   outer loop
     vertex -2.380195e+01 -6.764862e+00  2.270000e+01
     vertex -2.398977e+01 -6.925166e+00  2.270000e+01
     vertex -2.398977e+01 -6.925166e+00  0.000000e+00
   endloop
 endfacet
 facet normal  6.698100e-01 -7.425325e-01  0.000000e+00
   outer loop
     vertex -2.361859e+01 -6.599466e+00  2.270000e+01
     vertex -2.380195e+01 -6.764862e+00  0.000000e+00
     vertex -2.361859e+01 -6.599466e+00  0.000000e+00
   endloop
 endfacet
 facet normal  6.698100e-01 -7.425325e-01  0.000000e+00
   outer loop
     vertex -2.361859e+01 -6.599466e+00  2.270000e+01
     vertex -2.380195e+01 -6.764862e+00  2.270000e+01
     vertex -2.380195e+01 -6.764862e+00  0.000000e+00
   endloop
 endfacet
 facet normal  6.899286e-01 -7.238775e-01  0.000000e+00
   outer loop
     vertex -2.343985e+01 -6.429102e+00  2.270000e+01
     vertex -2.361859e+01 -6.599466e+00  0.000000e+00
     vertex -2.343985e+01 -6.429102e+00  0.000000e+00
   endloop
 endfacet
 facet normal  6.899286e-01 -7.238775e-01  0.000000e+00
   outer loop
     vertex -2.343985e+01 -6.429102e+00  2.270000e+01
     vertex -2.361859e+01 -6.599466e+00  2.270000e+01
     vertex -2.361859e+01 -6.599466e+00  0.000000e+00
   endloop
 endfacet
 facet normal  7.095278e-01 -7.046775e-01  0.000000e+00
   outer loop
     vertex -2.326584e+01 -6.253899e+00  2.270000e+01
     vertex -2.343985e+01 -6.429102e+00  0.000000e+00
     vertex -2.326584e+01 -6.253899e+00  0.000000e+00
   endloop
 endfacet
 facet normal  7.095278e-01 -7.046775e-01  0.000000e+00
   outer loop
     vertex -2.326584e+01 -6.253899e+00  2.270000e+01
     vertex -2.343985e+01 -6.429102e+00  2.270000e+01
     vertex -2.343985e+01 -6.429102e+00  0.000000e+00
   endloop
 endfacet
 facet normal  7.285929e-01 -6.849470e-01  0.000000e+00
   outer loop
     vertex -2.309671e+01 -6.073988e+00  2.270000e+01
     vertex -2.326584e+01 -6.253899e+00  0.000000e+00
     vertex -2.309671e+01 -6.073988e+00  0.000000e+00
   endloop
 endfacet
 facet normal  7.285929e-01 -6.849470e-01  0.000000e+00
   outer loop
     vertex -2.309671e+01 -6.073988e+00  2.270000e+01
     vertex -2.326584e+01 -6.253899e+00  2.270000e+01
     vertex -2.326584e+01 -6.253899e+00  0.000000e+00
   endloop
 endfacet
 facet normal  7.471095e-01 -6.647010e-01  0.000000e+00
   outer loop
     vertex -2.293257e+01 -5.889504e+00  2.270000e+01
     vertex -2.309671e+01 -6.073988e+00  0.000000e+00
     vertex -2.293257e+01 -5.889504e+00  0.000000e+00
   endloop
 endfacet
 facet normal  7.471095e-01 -6.647010e-01  0.000000e+00
   outer loop
     vertex -2.293257e+01 -5.889504e+00  2.270000e+01
     vertex -2.309671e+01 -6.073988e+00  2.270000e+01
     vertex -2.309671e+01 -6.073988e+00  0.000000e+00
   endloop
 endfacet
 facet normal  7.650637e-01 -6.439545e-01  0.000000e+00
   outer loop
     vertex -2.277356e+01 -5.700587e+00  2.270000e+01
     vertex -2.293257e+01 -5.889504e+00  0.000000e+00
     vertex -2.277356e+01 -5.700587e+00  0.000000e+00
   endloop
 endfacet
 facet normal  7.650637e-01 -6.439545e-01  0.000000e+00
   outer loop
     vertex -2.277356e+01 -5.700587e+00  2.270000e+01
     vertex -2.293257e+01 -5.889504e+00  2.270000e+01
     vertex -2.293257e+01 -5.889504e+00  0.000000e+00
   endloop
 endfacet
 facet normal  7.824421e-01 -6.227234e-01  0.000000e+00
   outer loop
     vertex -2.261979e+01 -5.507379e+00  2.270000e+01
     vertex -2.277356e+01 -5.700587e+00  0.000000e+00
     vertex -2.261979e+01 -5.507379e+00  0.000000e+00
   endloop
 endfacet
 facet normal  7.824421e-01 -6.227234e-01  0.000000e+00
   outer loop
     vertex -2.261979e+01 -5.507379e+00  2.270000e+01
     vertex -2.277356e+01 -5.700587e+00  2.270000e+01
     vertex -2.277356e+01 -5.700587e+00  0.000000e+00
   endloop
 endfacet
 facet normal  7.992314e-01 -6.010234e-01  0.000000e+00
   outer loop
     vertex -2.247138e+01 -5.310025e+00  2.270000e+01
     vertex -2.261979e+01 -5.507379e+00  0.000000e+00
     vertex -2.247138e+01 -5.310025e+00  0.000000e+00
   endloop
 endfacet
 facet normal  7.992314e-01 -6.010234e-01  0.000000e+00
   outer loop
     vertex -2.247138e+01 -5.310025e+00  2.270000e+01
     vertex -2.261979e+01 -5.507379e+00  2.270000e+01
     vertex -2.261979e+01 -5.507379e+00  0.000000e+00
   endloop
 endfacet
 facet normal  8.154191e-01 -5.788711e-01  0.000000e+00
   outer loop
     vertex -2.232844e+01 -5.108674e+00  2.270000e+01
     vertex -2.247138e+01 -5.310025e+00  0.000000e+00
     vertex -2.232844e+01 -5.108674e+00  0.000000e+00
   endloop
 endfacet
 facet normal  8.154191e-01 -5.788711e-01  0.000000e+00
   outer loop
     vertex -2.232844e+01 -5.108674e+00  2.270000e+01
     vertex -2.247138e+01 -5.310025e+00  2.270000e+01
     vertex -2.247138e+01 -5.310025e+00  0.000000e+00
   endloop
 endfacet
 facet normal  8.309929e-01 -5.562829e-01  0.000000e+00
   outer loop
     vertex -2.219108e+01 -4.903477e+00  2.270000e+01
     vertex -2.232844e+01 -5.108674e+00  0.000000e+00
     vertex -2.219108e+01 -4.903477e+00  0.000000e+00
   endloop
 endfacet
 facet normal  8.309929e-01 -5.562829e-01  0.000000e+00
   outer loop
     vertex -2.219108e+01 -4.903477e+00  2.270000e+01
     vertex -2.232844e+01 -5.108674e+00  2.270000e+01
     vertex -2.232844e+01 -5.108674e+00  0.000000e+00
   endloop
 endfacet
 facet normal  8.459413e-01 -5.332761e-01  0.000000e+00
   outer loop
     vertex -2.205940e+01 -4.694589e+00  2.270000e+01
     vertex -2.219108e+01 -4.903477e+00  0.000000e+00
     vertex -2.205940e+01 -4.694589e+00  0.000000e+00
   endloop
 endfacet
 facet normal  8.459413e-01 -5.332761e-01  0.000000e+00
   outer loop
     vertex -2.205940e+01 -4.694589e+00  2.270000e+01
     vertex -2.219108e+01 -4.903477e+00  2.270000e+01
     vertex -2.219108e+01 -4.903477e+00  0.000000e+00
   endloop
 endfacet
 facet normal  8.602528e-01 -5.098678e-01  0.000000e+00
   outer loop
     vertex -2.193349e+01 -4.482167e+00  2.270000e+01
     vertex -2.205940e+01 -4.694589e+00  0.000000e+00
     vertex -2.193349e+01 -4.482167e+00  0.000000e+00
   endloop
 endfacet
 facet normal  8.602528e-01 -5.098678e-01  0.000000e+00
   outer loop
     vertex -2.193349e+01 -4.482167e+00  2.270000e+01
     vertex -2.205940e+01 -4.694589e+00  2.270000e+01
     vertex -2.205940e+01 -4.694589e+00  0.000000e+00
   endloop
 endfacet
 facet normal  8.739167e-01 -4.860756e-01  0.000000e+00
   outer loop
     vertex -2.181347e+01 -4.266371e+00  2.270000e+01
     vertex -2.193349e+01 -4.482167e+00  0.000000e+00
     vertex -2.181347e+01 -4.266371e+00  0.000000e+00
   endloop
 endfacet
 facet normal  8.739167e-01 -4.860756e-01  0.000000e+00
   outer loop
     vertex -2.181347e+01 -4.266371e+00  2.270000e+01
     vertex -2.193349e+01 -4.482167e+00  2.270000e+01
     vertex -2.193349e+01 -4.482167e+00  0.000000e+00
   endloop
 endfacet
 facet normal  8.869228e-01 -4.619176e-01  0.000000e+00
   outer loop
     vertex -2.169941e+01 -4.047364e+00  2.270000e+01
     vertex -2.181347e+01 -4.266371e+00  2.270000e+01
     vertex -2.181347e+01 -4.266371e+00  0.000000e+00
   endloop
 endfacet
 facet normal  8.869228e-01 -4.619176e-01  0.000000e+00
   outer loop
     vertex -2.169941e+01 -4.047364e+00  2.270000e+01
     vertex -2.181347e+01 -4.266371e+00  0.000000e+00
     vertex -2.169941e+01 -4.047364e+00  0.000000e+00
   endloop
 endfacet
 facet normal  8.992613e-01 -4.374119e-01  0.000000e+00
   outer loop
     vertex -2.159140e+01 -3.825309e+00  2.270000e+01
     vertex -2.169941e+01 -4.047364e+00  2.270000e+01
     vertex -2.169941e+01 -4.047364e+00  0.000000e+00
   endloop
 endfacet
 facet normal  8.992613e-01 -4.374119e-01  0.000000e+00
   outer loop
     vertex -2.159140e+01 -3.825309e+00  2.270000e+01
     vertex -2.169941e+01 -4.047364e+00  0.000000e+00
     vertex -2.159140e+01 -3.825309e+00  0.000000e+00
   endloop
 endfacet
 facet normal  9.109228e-01 -4.125769e-01  0.000000e+00
   outer loop
     vertex -2.148952e+01 -3.600375e+00  2.270000e+01
     vertex -2.159140e+01 -3.825309e+00  2.270000e+01
     vertex -2.159140e+01 -3.825309e+00  0.000000e+00
   endloop
 endfacet
 facet normal  9.109228e-01 -4.125769e-01  0.000000e+00
   outer loop
     vertex -2.148952e+01 -3.600375e+00  2.270000e+01
     vertex -2.159140e+01 -3.825309e+00  0.000000e+00
     vertex -2.148952e+01 -3.600375e+00  0.000000e+00
   endloop
 endfacet
 facet normal  9.218986e-01 -3.874313e-01  0.000000e+00
   outer loop
     vertex -2.139385e+01 -3.372731e+00  2.270000e+01
     vertex -2.148952e+01 -3.600375e+00  2.270000e+01
     vertex -2.148952e+01 -3.600375e+00  0.000000e+00
   endloop
 endfacet
 facet normal  9.218986e-01 -3.874313e-01  0.000000e+00
   outer loop
     vertex -2.139385e+01 -3.372731e+00  2.270000e+01
     vertex -2.148952e+01 -3.600375e+00  0.000000e+00
     vertex -2.139385e+01 -3.372731e+00  0.000000e+00
   endloop
 endfacet
 facet normal  9.321804e-01 -3.619940e-01  0.000000e+00
   outer loop
     vertex -2.130446e+01 -3.142548e+00  2.270000e+01
     vertex -2.139385e+01 -3.372731e+00  2.270000e+01
     vertex -2.139385e+01 -3.372731e+00  0.000000e+00
   endloop
 endfacet
 facet normal  9.321804e-01 -3.619940e-01  0.000000e+00
   outer loop
     vertex -2.130446e+01 -3.142548e+00  2.270000e+01
     vertex -2.139385e+01 -3.372731e+00  0.000000e+00
     vertex -2.130446e+01 -3.142548e+00  0.000000e+00
   endloop
 endfacet
 facet normal  9.417605e-01 -3.362843e-01  0.000000e+00
   outer loop
     vertex -2.122142e+01 -2.910000e+00  2.270000e+01
     vertex -2.130446e+01 -3.142548e+00  2.270000e+01
     vertex -2.130446e+01 -3.142548e+00  0.000000e+00
   endloop
 endfacet
 facet normal  9.417605e-01 -3.362843e-01  0.000000e+00
   outer loop
     vertex -2.122142e+01 -2.910000e+00  2.270000e+01
     vertex -2.130446e+01 -3.142548e+00  0.000000e+00
     vertex -2.122142e+01 -2.910000e+00  0.000000e+00
   endloop
 endfacet
 facet normal  9.506317e-01 -3.103214e-01  0.000000e+00
   outer loop
     vertex -2.114480e+01 -2.675261e+00  2.270000e+01
     vertex -2.122142e+01 -2.910000e+00  2.270000e+01
     vertex -2.122142e+01 -2.910000e+00  0.000000e+00
   endloop
 endfacet
 facet normal  9.506317e-01 -3.103214e-01  0.000000e+00
   outer loop
     vertex -2.114480e+01 -2.675261e+00  2.270000e+01
     vertex -2.122142e+01 -2.910000e+00  0.000000e+00
     vertex -2.114480e+01 -2.675261e+00  0.000000e+00
   endloop
 endfacet
 facet normal  9.587873e-01 -2.841250e-01  0.000000e+00
   outer loop
     vertex -2.107464e+01 -2.438507e+00  2.270000e+01
     vertex -2.114480e+01 -2.675261e+00  2.270000e+01
     vertex -2.114480e+01 -2.675261e+00  0.000000e+00
   endloop
 endfacet
 facet normal  9.587873e-01 -2.841250e-01  0.000000e+00
   outer loop
     vertex -2.107464e+01 -2.438507e+00  2.270000e+01
     vertex -2.114480e+01 -2.675261e+00  0.000000e+00
     vertex -2.107464e+01 -2.438507e+00  0.000000e+00
   endloop
 endfacet
 facet normal  9.662211e-01 -2.577146e-01  0.000000e+00
   outer loop
     vertex -2.101100e+01 -2.199919e+00  2.270000e+01
     vertex -2.107464e+01 -2.438507e+00  2.270000e+01
     vertex -2.107464e+01 -2.438507e+00  0.000000e+00
   endloop
 endfacet
 facet normal  9.662211e-01 -2.577146e-01  0.000000e+00
   outer loop
     vertex -2.101100e+01 -2.199919e+00  2.270000e+01
     vertex -2.107464e+01 -2.438507e+00  0.000000e+00
     vertex -2.101100e+01 -2.199919e+00  0.000000e+00
   endloop
 endfacet
 facet normal  9.729276e-01 -2.311102e-01  0.000000e+00
   outer loop
     vertex -2.095393e+01 -1.959674e+00  2.270000e+01
     vertex -2.101100e+01 -2.199919e+00  2.270000e+01
     vertex -2.101100e+01 -2.199919e+00  0.000000e+00
   endloop
 endfacet
 facet normal  9.729276e-01 -2.311102e-01  0.000000e+00
   outer loop
     vertex -2.095393e+01 -1.959674e+00  2.270000e+01
     vertex -2.101100e+01 -2.199919e+00  0.000000e+00
     vertex -2.095393e+01 -1.959674e+00  0.000000e+00
   endloop
 endfacet
 facet normal  9.789017e-01 -2.043319e-01  0.000000e+00
   outer loop
     vertex -2.090348e+01 -1.717954e+00  2.270000e+01
     vertex -2.095393e+01 -1.959674e+00  2.270000e+01
     vertex -2.095393e+01 -1.959674e+00  0.000000e+00
   endloop
 endfacet
 facet normal  9.789017e-01 -2.043319e-01  0.000000e+00
   outer loop
     vertex -2.090348e+01 -1.717954e+00  2.270000e+01
     vertex -2.095393e+01 -1.959674e+00  0.000000e+00
     vertex -2.090348e+01 -1.717954e+00  0.000000e+00
   endloop
 endfacet
 facet normal  9.841389e-01 -1.773998e-01  0.000000e+00
   outer loop
     vertex -2.085967e+01 -1.474941e+00  2.270000e+01
     vertex -2.090348e+01 -1.717954e+00  2.270000e+01
     vertex -2.090348e+01 -1.717954e+00  0.000000e+00
   endloop
 endfacet
 facet normal  9.841389e-01 -1.773998e-01  0.000000e+00
   outer loop
     vertex -2.085967e+01 -1.474941e+00  2.270000e+01
     vertex -2.090348e+01 -1.717954e+00  0.000000e+00
     vertex -2.085967e+01 -1.474941e+00  0.000000e+00
   endloop
 endfacet
 facet normal  9.886353e-01 -1.503341e-01  0.000000e+00
   outer loop
     vertex -2.082255e+01 -1.230818e+00  2.270000e+01
     vertex -2.085967e+01 -1.474941e+00  2.270000e+01
     vertex -2.085967e+01 -1.474941e+00  0.000000e+00
   endloop
 endfacet
 facet normal  9.886353e-01 -1.503341e-01  0.000000e+00
   outer loop
     vertex -2.082255e+01 -1.230818e+00  2.270000e+01
     vertex -2.085967e+01 -1.474941e+00  0.000000e+00
     vertex -2.082255e+01 -1.230818e+00  0.000000e+00
   endloop
 endfacet
 facet normal  9.923874e-01 -1.231552e-01  0.000000e+00
   outer loop
     vertex -2.079214e+01 -9.857679e-01  2.270000e+01
     vertex -2.082255e+01 -1.230818e+00  2.270000e+01
     vertex -2.082255e+01 -1.230818e+00  0.000000e+00
   endloop
 endfacet
 facet normal  9.923874e-01 -1.231552e-01  0.000000e+00
   outer loop
     vertex -2.079214e+01 -9.857679e-01  2.270000e+01
     vertex -2.082255e+01 -1.230818e+00  0.000000e+00
     vertex -2.079214e+01 -9.857679e-01  0.000000e+00
   endloop
 endfacet
 facet normal  9.953925e-01 -9.588368e-02  0.000000e+00
   outer loop
     vertex -2.076846e+01 -7.399760e-01  2.270000e+01
     vertex -2.079214e+01 -9.857679e-01  0.000000e+00
     vertex -2.076846e+01 -7.399760e-01  0.000000e+00
   endloop
 endfacet
 facet normal  9.953925e-01 -9.588368e-02  0.000000e+00
   outer loop
     vertex -2.076846e+01 -7.399760e-01  2.270000e+01
     vertex -2.079214e+01 -9.857679e-01  2.270000e+01
     vertex -2.079214e+01 -9.857679e-01  0.000000e+00
   endloop
 endfacet
 facet normal  9.976484e-01 -6.853995e-02  0.000000e+00
   outer loop
     vertex -2.075154e+01 -4.936270e-01  2.270000e+01
     vertex -2.076846e+01 -7.399760e-01  0.000000e+00
     vertex -2.075154e+01 -4.936270e-01  0.000000e+00
   endloop
 endfacet
 facet normal  9.976484e-01 -6.853995e-02  0.000000e+00
   outer loop
     vertex -2.075154e+01 -4.936270e-01  2.270000e+01
     vertex -2.076846e+01 -7.399760e-01  2.270000e+01
     vertex -2.076846e+01 -7.399760e-01  0.000000e+00
   endloop
 endfacet
 facet normal  9.991532e-01 -4.114462e-02  0.000000e+00
   outer loop
     vertex -2.074138e+01 -2.469064e-01  2.270000e+01
     vertex -2.075154e+01 -4.936270e-01  0.000000e+00
     vertex -2.074138e+01 -2.469064e-01  0.000000e+00
   endloop
 endfacet
 facet normal  9.991532e-01 -4.114462e-02  0.000000e+00
   outer loop
     vertex -2.074138e+01 -2.469064e-01  2.270000e+01
     vertex -2.075154e+01 -4.936270e-01  2.270000e+01
     vertex -2.075154e+01 -4.936270e-01  0.000000e+00
   endloop
 endfacet
 facet normal  9.999059e-01 -1.371831e-02  0.000000e+00
   outer loop
     vertex -2.073799e+01  0.000000e+00  2.270000e+01
     vertex -2.074138e+01 -2.469064e-01  2.270000e+01
     vertex -2.074138e+01 -2.469064e-01  0.000000e+00
   endloop
 endfacet
 facet normal  9.999059e-01 -1.371831e-02  0.000000e+00
   outer loop
     vertex -2.073799e+01  0.000000e+00  2.270000e+01
     vertex -2.074138e+01 -2.469064e-01  0.000000e+00
     vertex -2.073799e+01  0.000000e+00  0.000000e+00
   endloop
 endfacet
 facet normal  0.000000e+00  0.000000e+00  1.000000e+00
   outer loop
     vertex -3.394656e+01 -4.415653e+00  2.270000e+01
     vertex -3.406611e+01 -4.298533e+00  2.270000e+01
     vertex -3.612374e+01 -6.342097e+00  2.270000e+01
   endloop
 endfacet
 facet normal  0.000000e+00  0.000000e+00  1.000000e+00
   outer loop
     vertex -3.394656e+01 -4.415653e+00  2.270000e+01
     vertex -3.612374e+01 -6.342097e+00  2.270000e+01
     vertex -3.594735e+01 -6.514897e+00  2.270000e+01
   endloop
 endfacet
 facet normal  0.000000e+00  0.000000e+00  1.000000e+00
   outer loop
     vertex -3.418241e+01 -4.178177e+00  2.270000e+01
     vertex -3.612374e+01 -6.342097e+00  2.270000e+01
     vertex -3.406611e+01 -4.298533e+00  2.270000e+01
   endloop
 endfacet
 facet normal  0.000000e+00  0.000000e+00  1.000000e+00
   outer loop
     vertex -3.418241e+01 -4.178177e+00  2.270000e+01
     vertex -3.629533e+01 -6.164523e+00  2.270000e+01
     vertex -3.612374e+01 -6.342097e+00  2.270000e+01
   endloop
 endfacet
 facet normal  0.000000e+00  0.000000e+00  1.000000e+00
   outer loop
     vertex -3.382383e+01 -4.529448e+00  2.270000e+01
     vertex -3.594735e+01 -6.514897e+00  2.270000e+01
     vertex -3.576628e+01 -6.682793e+00  2.270000e+01
   endloop
 endfacet
 facet normal  0.000000e+00  0.000000e+00  1.000000e+00
   outer loop
     vertex -3.382383e+01 -4.529448e+00  2.270000e+01
     vertex -3.394656e+01 -4.415653e+00  2.270000e+01
     vertex -3.594735e+01 -6.514897e+00  2.270000e+01
   endloop
 endfacet
 facet normal  0.000000e+00  0.000000e+00  1.000000e+00
   outer loop
     vertex -3.429536e+01 -4.054676e+00  2.270000e+01
     vertex -3.646198e+01 -5.982309e+00  2.270000e+01
     vertex -3.629533e+01 -6.164523e+00  2.270000e+01
   endloop
 endfacet
 facet normal  0.000000e+00  0.000000e+00  1.000000e+00
   outer loop
     vertex -3.429536e+01 -4.054676e+00  2.270000e+01
     vertex -3.629533e+01 -6.164523e+00  2.270000e+01
     vertex -3.418241e+01 -4.178177e+00  2.270000e+01
   endloop
 endfacet
 facet normal  0.000000e+00  0.000000e+00  1.000000e+00
   outer loop
     vertex -3.369803e+01 -4.639835e+00  2.270000e+01
     vertex -3.576628e+01 -6.682793e+00  2.270000e+01
     vertex -3.558068e+01 -6.845658e+00  2.270000e+01
   endloop
 endfacet
 facet normal  0.000000e+00  0.000000e+00  1.000000e+00
   outer loop
     vertex -3.369803e+01 -4.639835e+00  2.270000e+01
     vertex -3.382383e+01 -4.529448e+00  2.270000e+01
     vertex -3.576628e+01 -6.682793e+00  2.270000e+01
   endloop
 endfacet
 facet normal  0.000000e+00  0.000000e+00  1.000000e+00
   outer loop
     vertex -3.440488e+01 -3.928123e+00  2.270000e+01
     vertex -3.646198e+01 -5.982309e+00  2.270000e+01
     vertex -3.429536e+01 -4.054676e+00  2.270000e+01
   endloop
 endfacet
 facet normal  0.000000e+00  0.000000e+00  1.000000e+00
   outer loop
     vertex -3.440488e+01 -3.928123e+00  2.270000e+01
     vertex -3.677997e+01 -5.604510e+00  2.270000e+01
     vertex -3.662357e+01 -5.795591e+00  2.270000e+01
   endloop
 endfacet
 facet normal  0.000000e+00  0.000000e+00  1.000000e+00
   outer loop
     vertex -3.440488e+01 -3.928123e+00  2.270000e+01
     vertex -3.662357e+01 -5.795591e+00  2.270000e+01
     vertex -3.646198e+01 -5.982309e+00  2.270000e+01
   endloop
 endfacet
 facet normal  0.000000e+00  0.000000e+00  1.000000e+00
   outer loop
     vertex -3.356925e+01 -4.746728e+00  2.270000e+01
     vertex -3.558068e+01 -6.845658e+00  2.270000e+01
     vertex -3.539067e+01 -7.003370e+00  2.270000e+01
   endloop
 endfacet
 facet normal  0.000000e+00  0.000000e+00  1.000000e+00
   outer loop
     vertex -3.356925e+01 -4.746728e+00  2.270000e+01
     vertex -3.369803e+01 -4.639835e+00  2.270000e+01
     vertex -3.558068e+01 -6.845658e+00  2.270000e+01
   endloop
 endfacet
 facet normal  0.000000e+00  0.000000e+00  1.000000e+00
   outer loop
     vertex -3.451089e+01 -3.798613e+00  2.270000e+01
     vertex -3.677997e+01 -5.604510e+00  2.270000e+01
     vertex -3.440488e+01 -3.928123e+00  2.270000e+01
   endloop
 endfacet
 facet normal  0.000000e+00  0.000000e+00  1.000000e+00
   outer loop
     vertex -3.343759e+01 -4.850049e+00  2.270000e+01
     vertex -3.539067e+01 -7.003370e+00  2.270000e+01
     vertex -3.519641e+01 -7.155810e+00  2.270000e+01
   endloop
 endfacet
 facet normal  0.000000e+00  0.000000e+00  1.000000e+00
   outer loop
     vertex -3.343759e+01 -4.850049e+00  2.270000e+01
     vertex -3.356925e+01 -4.746728e+00  2.270000e+01
     vertex -3.539067e+01 -7.003370e+00  2.270000e+01
   endloop
 endfacet
 facet normal  0.000000e+00  0.000000e+00  1.000000e+00
   outer loop
     vertex -3.461330e+01 -3.666243e+00  2.270000e+01
     vertex -3.693107e+01 -5.409211e+00  2.270000e+01
     vertex -3.677997e+01 -5.604510e+00  2.270000e+01
   endloop
 endfacet
 facet normal  0.000000e+00  0.000000e+00  1.000000e+00
   outer loop
     vertex -3.461330e+01 -3.666243e+00  2.270000e+01
     vertex -3.677997e+01 -5.604510e+00  2.270000e+01
     vertex -3.451089e+01 -3.798613e+00  2.270000e+01
   endloop
 endfacet
 facet normal  0.000000e+00  0.000000e+00  1.000000e+00
   outer loop
     vertex -3.330314e+01 -4.949718e+00  2.270000e+01
     vertex -3.519641e+01 -7.155810e+00  2.270000e+01
     vertex -3.499805e+01 -7.302863e+00  2.270000e+01
   endloop
 endfacet
 facet normal  0.000000e+00  0.000000e+00  1.000000e+00
   outer loop
     vertex -3.330314e+01 -4.949718e+00  2.270000e+01
     vertex -3.343759e+01 -4.850049e+00  2.270000e+01
     vertex -3.519641e+01 -7.155810e+00  2.270000e+01
   endloop
 endfacet
 facet normal  0.000000e+00  0.000000e+00  1.000000e+00
   outer loop
     vertex -3.471205e+01 -3.531114e+00  2.270000e+01
     vertex -3.707676e+01 -5.209840e+00  2.270000e+01
     vertex -3.693107e+01 -5.409211e+00  2.270000e+01
   endloop
 endfacet
 facet normal  0.000000e+00  0.000000e+00  1.000000e+00
   outer loop
     vertex -3.471205e+01 -3.531114e+00  2.270000e+01
     vertex -3.693107e+01 -5.409211e+00  2.270000e+01
     vertex -3.461330e+01 -3.666243e+00  2.270000e+01
   endloop
 endfacet
 facet normal  0.000000e+00  0.000000e+00  1.000000e+00
   outer loop
     vertex -3.316601e+01 -5.045662e+00  2.270000e+01
     vertex -3.499805e+01 -7.302863e+00  2.270000e+01
     vertex -3.479572e+01 -7.444419e+00  2.270000e+01
   endloop
 endfacet
 facet normal  0.000000e+00  0.000000e+00  1.000000e+00
   outer loop
     vertex -3.316601e+01 -5.045662e+00  2.270000e+01
     vertex -3.479572e+01 -7.444419e+00  2.270000e+01
     vertex -3.458959e+01 -7.580371e+00  2.270000e+01
   endloop
 endfacet
 facet normal  0.000000e+00  0.000000e+00  1.000000e+00
   outer loop
     vertex -3.316601e+01 -5.045662e+00  2.270000e+01
     vertex -3.330314e+01 -4.949718e+00  2.270000e+01
     vertex -3.499805e+01 -7.302863e+00  2.270000e+01
   endloop
 endfacet
 facet normal  0.000000e+00  0.000000e+00  1.000000e+00
   outer loop
     vertex -3.480705e+01 -3.393326e+00  2.270000e+01
     vertex -3.721693e+01 -5.006547e+00  2.270000e+01
     vertex -3.707676e+01 -5.209840e+00  2.270000e+01
   endloop
 endfacet
 facet normal  0.000000e+00  0.000000e+00  1.000000e+00
   outer loop
     vertex -3.480705e+01 -3.393326e+00  2.270000e+01
     vertex -3.707676e+01 -5.209840e+00  2.270000e+01
     vertex -3.471205e+01 -3.531114e+00  2.270000e+01
   endloop
 endfacet
 facet normal  0.000000e+00  0.000000e+00  1.000000e+00
   outer loop
     vertex -3.302629e+01 -5.137807e+00  2.270000e+01
     vertex -3.316601e+01 -5.045662e+00  2.270000e+01
     vertex -3.458959e+01 -7.580371e+00  2.270000e+01
   endloop
 endfacet
 facet normal  0.000000e+00  0.000000e+00  1.000000e+00
   outer loop
     vertex -3.489823e+01 -3.252984e+00  2.270000e+01
     vertex -3.721693e+01 -5.006547e+00  2.270000e+01
     vertex -3.480705e+01 -3.393326e+00  2.270000e+01
   endloop
 endfacet
 facet normal  0.000000e+00  0.000000e+00  1.000000e+00
   outer loop
     vertex -3.489823e+01 -3.252984e+00  2.270000e+01
     vertex -3.735146e+01 -4.799485e+00  2.270000e+01
     vertex -3.721693e+01 -5.006547e+00  2.270000e+01
   endloop
 endfacet
 facet normal  0.000000e+00  0.000000e+00  1.000000e+00
   outer loop
     vertex -3.288411e+01 -5.226085e+00  2.270000e+01
     vertex -3.302629e+01 -5.137807e+00  2.270000e+01
     vertex -3.458959e+01 -7.580371e+00  2.270000e+01
   endloop
 endfacet
 facet normal  0.000000e+00  0.000000e+00  1.000000e+00
   outer loop
     vertex -3.288411e+01 -5.226085e+00  2.270000e+01
     vertex -3.458959e+01 -7.580371e+00  2.270000e+01
     vertex -3.437980e+01 -7.710617e+00  2.270000e+01
   endloop
 endfacet
 facet normal  0.000000e+00  0.000000e+00  1.000000e+00
   outer loop
     vertex -3.498553e+01 -3.110193e+00  2.270000e+01
     vertex -3.748027e+01 -4.588810e+00  2.270000e+01
     vertex -3.735146e+01 -4.799485e+00  2.270000e+01
   endloop
 endfacet
 facet normal  0.000000e+00  0.000000e+00  1.000000e+00
   outer loop
     vertex -3.498553e+01 -3.110193e+00  2.270000e+01
     vertex -3.735146e+01 -4.799485e+00  2.270000e+01
     vertex -3.489823e+01 -3.252984e+00  2.270000e+01
   endloop
 endfacet
 facet normal  0.000000e+00  0.000000e+00  1.000000e+00
   outer loop
     vertex -3.273955e+01 -5.310428e+00  2.270000e+01
     vertex -3.437980e+01 -7.710617e+00  2.270000e+01
     vertex -3.416652e+01 -7.835058e+00  2.270000e+01
   endloop
 endfacet
 facet normal  0.000000e+00  0.000000e+00  1.000000e+00
   outer loop
     vertex -3.273955e+01 -5.310428e+00  2.270000e+01
     vertex -3.288411e+01 -5.226085e+00  2.270000e+01
     vertex -3.437980e+01 -7.710617e+00  2.270000e+01
   endloop
 endfacet
 facet normal  0.000000e+00  0.000000e+00  1.000000e+00
   outer loop
     vertex -3.506888e+01 -2.965061e+00  2.270000e+01
     vertex -3.760324e+01 -4.374681e+00  2.270000e+01
     vertex -3.748027e+01 -4.588810e+00  2.270000e+01
   endloop
 endfacet
 facet normal  0.000000e+00  0.000000e+00  1.000000e+00
   outer loop
     vertex -3.506888e+01 -2.965061e+00  2.270000e+01
     vertex -3.748027e+01 -4.588810e+00  2.270000e+01
     vertex -3.498553e+01 -3.110193e+00  2.270000e+01
   endloop
 endfacet
 facet normal  0.000000e+00  0.000000e+00  1.000000e+00
   outer loop
     vertex -3.259273e+01 -5.390775e+00  2.270000e+01
     vertex -3.416652e+01 -7.835058e+00  2.270000e+01
     vertex -3.394991e+01 -7.953602e+00  2.270000e+01
   endloop
 endfacet
 facet normal  0.000000e+00  0.000000e+00  1.000000e+00
   outer loop
     vertex -3.259273e+01 -5.390775e+00  2.270000e+01
     vertex -3.273955e+01 -5.310428e+00  2.270000e+01
     vertex -3.416652e+01 -7.835058e+00  2.270000e+01
   endloop
 endfacet
 facet normal  0.000000e+00  0.000000e+00  1.000000e+00
   outer loop
     vertex -3.514822e+01 -2.817697e+00  2.270000e+01
     vertex -3.772030e+01 -4.157259e+00  2.270000e+01
     vertex -3.760324e+01 -4.374681e+00  2.270000e+01
   endloop
 endfacet
 facet normal  0.000000e+00  0.000000e+00  1.000000e+00
   outer loop
     vertex -3.514822e+01 -2.817697e+00  2.270000e+01
     vertex -3.760324e+01 -4.374681e+00  2.270000e+01
     vertex -3.506888e+01 -2.965061e+00  2.270000e+01
   endloop
 endfacet
 facet normal  0.000000e+00  0.000000e+00  1.000000e+00
   outer loop
     vertex -3.244377e+01 -5.467063e+00  2.270000e+01
     vertex -3.259273e+01 -5.390775e+00  2.270000e+01
     vertex -3.394991e+01 -7.953602e+00  2.270000e+01
   endloop
 endfacet
 facet normal  0.000000e+00  0.000000e+00  1.000000e+00
   outer loop
     vertex -3.244377e+01 -5.467063e+00  2.270000e+01
     vertex -3.394991e+01 -7.953602e+00  2.270000e+01
     vertex -3.373012e+01 -8.066158e+00  2.270000e+01
   endloop
 endfacet
 facet normal  0.000000e+00  0.000000e+00  1.000000e+00
   outer loop
     vertex -3.522349e+01 -2.668212e+00  2.270000e+01
     vertex -3.783134e+01 -3.936707e+00  2.270000e+01
     vertex -3.772030e+01 -4.157259e+00  2.270000e+01
   endloop
 endfacet
 facet normal  0.000000e+00  0.000000e+00  1.000000e+00
   outer loop
     vertex -3.522349e+01 -2.668212e+00  2.270000e+01
     vertex -3.772030e+01 -4.157259e+00  2.270000e+01
     vertex -3.514822e+01 -2.817697e+00  2.270000e+01
   endloop
 endfacet
 facet normal  0.000000e+00  0.000000e+00  1.000000e+00
   outer loop
     vertex -3.229277e+01 -5.539235e+00  2.270000e+01
     vertex -3.244377e+01 -5.467063e+00  2.270000e+01
     vertex -3.373012e+01 -8.066158e+00  2.270000e+01
   endloop
 endfacet
 facet normal  0.000000e+00  0.000000e+00  1.000000e+00
   outer loop
     vertex -3.229277e+01 -5.539235e+00  2.270000e+01
     vertex -3.373012e+01 -8.066158e+00  2.270000e+01
     vertex -3.350733e+01 -8.172642e+00  2.270000e+01
   endloop
 endfacet
 facet normal  0.000000e+00  0.000000e+00  1.000000e+00
   outer loop
     vertex -3.229277e+01 -5.539235e+00  2.270000e+01
     vertex -3.350733e+01 -8.172642e+00  2.270000e+01
     vertex -3.328170e+01 -8.272974e+00  2.270000e+01
   endloop
 endfacet
 facet normal  0.000000e+00  0.000000e+00  1.000000e+00
   outer loop
     vertex -3.529462e+01 -2.516719e+00  2.270000e+01
     vertex -3.793630e+01 -3.713192e+00  2.270000e+01
     vertex -3.783134e+01 -3.936707e+00  2.270000e+01
   endloop
 endfacet
 facet normal  0.000000e+00  0.000000e+00  1.000000e+00
   outer loop
     vertex -3.529462e+01 -2.516719e+00  2.270000e+01
     vertex -3.783134e+01 -3.936707e+00  2.270000e+01
     vertex -3.522349e+01 -2.668212e+00  2.270000e+01
   endloop
 endfacet
 facet normal  0.000000e+00  0.000000e+00  1.000000e+00
   outer loop
     vertex -3.213984e+01 -5.607238e+00  2.270000e+01
     vertex -3.229277e+01 -5.539235e+00  2.270000e+01
     vertex -3.328170e+01 -8.272974e+00  2.270000e+01
   endloop
 endfacet
 facet normal  0.000000e+00  0.000000e+00  1.000000e+00
   outer loop
     vertex -3.536157e+01 -2.363331e+00  2.270000e+01
     vertex -3.803508e+01 -3.486881e+00  2.270000e+01
     vertex -3.793630e+01 -3.713192e+00  2.270000e+01
   endloop
 endfacet
 facet normal  0.000000e+00  0.000000e+00  1.000000e+00
   outer loop
     vertex -3.536157e+01 -2.363331e+00  2.270000e+01
     vertex -3.793630e+01 -3.713192e+00  2.270000e+01
     vertex -3.529462e+01 -2.516719e+00  2.270000e+01
   endloop
 endfacet
 facet normal  0.000000e+00  0.000000e+00  1.000000e+00
   outer loop
     vertex -3.198511e+01 -5.671020e+00  2.270000e+01
     vertex -3.328170e+01 -8.272974e+00  2.270000e+01
     vertex -3.305341e+01 -8.367079e+00  2.270000e+01
   endloop
 endfacet
 facet normal  0.000000e+00  0.000000e+00  1.000000e+00
   outer loop
     vertex -3.198511e+01 -5.671020e+00  2.270000e+01
     vertex -3.213984e+01 -5.607238e+00  2.270000e+01
     vertex -3.328170e+01 -8.272974e+00  2.270000e+01
   endloop
 endfacet
 facet normal  0.000000e+00  0.000000e+00  1.000000e+00
   outer loop
     vertex -3.542429e+01 -2.208164e+00  2.270000e+01
     vertex -3.812761e+01 -3.257946e+00  2.270000e+01
     vertex -3.803508e+01 -3.486881e+00  2.270000e+01
   endloop
 endfacet
 facet normal  0.000000e+00  0.000000e+00  1.000000e+00
   outer loop
     vertex -3.542429e+01 -2.208164e+00  2.270000e+01
     vertex -3.803508e+01 -3.486881e+00  2.270000e+01
     vertex -3.536157e+01 -2.363331e+00  2.270000e+01
   endloop
 endfacet
 facet normal  0.000000e+00  0.000000e+00  1.000000e+00
   outer loop
     vertex -3.182868e+01 -5.730533e+00  2.270000e+01
     vertex -3.305341e+01 -8.367079e+00  2.270000e+01
     vertex -3.282262e+01 -8.454885e+00  2.270000e+01
   endloop
 endfacet
 facet normal  0.000000e+00  0.000000e+00  1.000000e+00
   outer loop
     vertex -3.182868e+01 -5.730533e+00  2.270000e+01
     vertex -3.198511e+01 -5.671020e+00  2.270000e+01
     vertex -3.305341e+01 -8.367079e+00  2.270000e+01
   endloop
 endfacet
 facet normal  0.000000e+00  0.000000e+00  1.000000e+00
   outer loop
     vertex -3.548273e+01 -2.051334e+00  2.270000e+01
     vertex -3.821384e+01 -3.026559e+00  2.270000e+01
     vertex -3.812761e+01 -3.257946e+00  2.270000e+01
   endloop
 endfacet
 facet normal  0.000000e+00  0.000000e+00  1.000000e+00
   outer loop
     vertex -3.548273e+01 -2.051334e+00  2.270000e+01
     vertex -3.812761e+01 -3.257946e+00  2.270000e+01
     vertex -3.542429e+01 -2.208164e+00  2.270000e+01
   endloop
 endfacet
 facet normal  0.000000e+00  0.000000e+00  1.000000e+00
   outer loop
     vertex -3.167068e+01 -5.785732e+00  2.270000e+01
     vertex -3.282262e+01 -8.454885e+00  2.270000e+01
     vertex -3.258950e+01 -8.536327e+00  2.270000e+01
   endloop
 endfacet
 facet normal  0.000000e+00  0.000000e+00  1.000000e+00
   outer loop
     vertex -3.167068e+01 -5.785732e+00  2.270000e+01
     vertex -3.182868e+01 -5.730533e+00  2.270000e+01
     vertex -3.282262e+01 -8.454885e+00  2.270000e+01
   endloop
 endfacet
 facet normal  0.000000e+00  0.000000e+00  1.000000e+00
   outer loop
     vertex -3.553684e+01 -1.892961e+00  2.270000e+01
     vertex -3.836708e+01 -2.557125e+00  2.270000e+01
     vertex -3.829368e+01 -2.792893e+00  2.270000e+01
   endloop
 endfacet
 facet normal  0.000000e+00  0.000000e+00  1.000000e+00
   outer loop
     vertex -3.553684e+01 -1.892961e+00  2.270000e+01
     vertex -3.829368e+01 -2.792893e+00  2.270000e+01
     vertex -3.821384e+01 -3.026559e+00  2.270000e+01
   endloop
 endfacet
 facet normal  0.000000e+00  0.000000e+00  1.000000e+00
   outer loop
     vertex -3.553684e+01 -1.892961e+00  2.270000e+01
     vertex -3.821384e+01 -3.026559e+00  2.270000e+01
     vertex -3.548273e+01 -2.051334e+00  2.270000e+01
   endloop
 endfacet
 facet normal  0.000000e+00  0.000000e+00  1.000000e+00
   outer loop
     vertex -3.151123e+01 -5.836576e+00  2.270000e+01
     vertex -3.167068e+01 -5.785732e+00  2.270000e+01
     vertex -3.258950e+01 -8.536327e+00  2.270000e+01
   endloop
 endfacet
 facet normal  0.000000e+00  0.000000e+00  1.000000e+00
   outer loop
     vertex -3.151123e+01 -5.836576e+00  2.270000e+01
     vertex -3.258950e+01 -8.536327e+00  2.270000e+01
     vertex -3.235425e+01 -8.611342e+00  2.270000e+01
   endloop
 endfacet
 facet normal  0.000000e+00  0.000000e+00  1.000000e+00
   outer loop
     vertex -3.151123e+01 -5.836576e+00  2.270000e+01
     vertex -3.235425e+01 -8.611342e+00  2.270000e+01
     vertex -3.211702e+01 -8.679875e+00  2.270000e+01
   endloop
 endfacet
 facet normal  0.000000e+00  0.000000e+00  1.000000e+00
   outer loop
     vertex -3.558659e+01 -1.733162e+00  2.270000e+01
     vertex -3.836708e+01 -2.557125e+00  2.270000e+01
     vertex -3.553684e+01 -1.892961e+00  2.270000e+01
   endloop
 endfacet
 facet normal  0.000000e+00  0.000000e+00  1.000000e+00
   outer loop
     vertex -3.135044e+01 -5.883027e+00  2.270000e+01
     vertex -3.151123e+01 -5.836576e+00  2.270000e+01
     vertex -3.211702e+01 -8.679875e+00  2.270000e+01
   endloop
 endfacet
 facet normal  0.000000e+00  0.000000e+00  1.000000e+00
   outer loop
     vertex -3.135044e+01 -5.883027e+00  2.270000e+01
     vertex -3.211702e+01 -8.679875e+00  2.270000e+01
     vertex -3.187800e+01 -8.741875e+00  2.270000e+01
   endloop
 endfacet
 facet normal  0.000000e+00  0.000000e+00  1.000000e+00
   outer loop
     vertex -3.563194e+01 -1.572059e+00  2.270000e+01
     vertex -3.843398e+01 -2.319431e+00  2.270000e+01
     vertex -3.836708e+01 -2.557125e+00  2.270000e+01
   endloop
 endfacet
 facet normal  0.000000e+00  0.000000e+00  1.000000e+00
   outer loop
     vertex -3.563194e+01 -1.572059e+00  2.270000e+01
     vertex -3.836708e+01 -2.557125e+00  2.270000e+01
     vertex -3.558659e+01 -1.733162e+00  2.270000e+01
   endloop
 endfacet
 facet normal  0.000000e+00  0.000000e+00  1.000000e+00
   outer loop
     vertex -3.118844e+01 -5.925048e+00  2.270000e+01
     vertex -3.187800e+01 -8.741875e+00  2.270000e+01
     vertex -3.163737e+01 -8.797294e+00  2.270000e+01
   endloop
 endfacet
 facet normal  0.000000e+00  0.000000e+00  1.000000e+00
   outer loop
     vertex -3.118844e+01 -5.925048e+00  2.270000e+01
     vertex -3.135044e+01 -5.883027e+00  2.270000e+01
     vertex -3.187800e+01 -8.741875e+00  2.270000e+01
   endloop
 endfacet
 facet normal  0.000000e+00  0.000000e+00  1.000000e+00
   outer loop
     vertex -3.567285e+01 -1.409773e+00  2.270000e+01
     vertex -3.849434e+01 -2.079992e+00  2.270000e+01
     vertex -3.843398e+01 -2.319431e+00  2.270000e+01
   endloop
 endfacet
 facet normal  0.000000e+00  0.000000e+00  1.000000e+00
   outer loop
     vertex -3.567285e+01 -1.409773e+00  2.270000e+01
     vertex -3.843398e+01 -2.319431e+00  2.270000e+01
     vertex -3.563194e+01 -1.572059e+00  2.270000e+01
   endloop
 endfacet
 facet normal  0.000000e+00  0.000000e+00  1.000000e+00
   outer loop
     vertex -3.102535e+01 -5.962610e+00  2.270000e+01
     vertex -3.118844e+01 -5.925048e+00  2.270000e+01
     vertex -3.163737e+01 -8.797294e+00  2.270000e+01
   endloop
 endfacet
 facet normal  0.000000e+00  0.000000e+00  1.000000e+00
   outer loop
     vertex -3.102535e+01 -5.962610e+00  2.270000e+01
     vertex -3.163737e+01 -8.797294e+00  2.270000e+01
     vertex -3.139531e+01 -8.846090e+00  2.270000e+01
   endloop
 endfacet
 facet normal  0.000000e+00  0.000000e+00  1.000000e+00
   outer loop
     vertex -3.570929e+01 -1.246425e+00  2.270000e+01
     vertex -3.854811e+01 -1.838987e+00  2.270000e+01
     vertex -3.849434e+01 -2.079992e+00  2.270000e+01
   endloop
 endfacet
 facet normal  0.000000e+00  0.000000e+00  1.000000e+00
   outer loop
     vertex -3.570929e+01 -1.246425e+00  2.270000e+01
     vertex -3.849434e+01 -2.079992e+00  2.270000e+01
     vertex -3.567285e+01 -1.409773e+00  2.270000e+01
   endloop
 endfacet
 facet normal  0.000000e+00  0.000000e+00  1.000000e+00
   outer loop
     vertex -3.086128e+01 -5.995683e+00  2.270000e+01
     vertex -3.139531e+01 -8.846090e+00  2.270000e+01
     vertex -3.115200e+01 -8.888227e+00  2.270000e+01
   endloop
 endfacet
 facet normal  0.000000e+00  0.000000e+00  1.000000e+00
   outer loop
     vertex -3.086128e+01 -5.995683e+00  2.270000e+01
     vertex -3.102535e+01 -5.962610e+00  2.270000e+01
     vertex -3.139531e+01 -8.846090e+00  2.270000e+01
   endloop
 endfacet
 facet normal  0.000000e+00  0.000000e+00  1.000000e+00
   outer loop
     vertex -3.574124e+01 -1.082139e+00  2.270000e+01
     vertex -3.859524e+01 -1.596598e+00  2.270000e+01
     vertex -3.854811e+01 -1.838987e+00  2.270000e+01
   endloop
 endfacet
 facet normal  0.000000e+00  0.000000e+00  1.000000e+00
   outer loop
     vertex -3.574124e+01 -1.082139e+00  2.270000e+01
     vertex -3.854811e+01 -1.838987e+00  2.270000e+01
     vertex -3.570929e+01 -1.246425e+00  2.270000e+01
   endloop
 endfacet
 facet normal  0.000000e+00  0.000000e+00  1.000000e+00
   outer loop
     vertex -3.069637e+01 -6.024243e+00  2.270000e+01
     vertex -3.086128e+01 -5.995683e+00  2.270000e+01
     vertex -3.115200e+01 -8.888227e+00  2.270000e+01
   endloop
 endfacet
 facet normal  0.000000e+00  0.000000e+00  1.000000e+00
   outer loop
     vertex -3.576867e+01 -9.170380e-01  2.270000e+01
     vertex -3.866948e+01 -1.108397e+00  2.270000e+01
     vertex -3.863571e+01 -1.353007e+00  2.270000e+01
   endloop
 endfacet
 facet normal  0.000000e+00  0.000000e+00  1.000000e+00
   outer loop
     vertex -3.576867e+01 -9.170380e-01  2.270000e+01
     vertex -3.863571e+01 -1.353007e+00  2.270000e+01
     vertex -3.859524e+01 -1.596598e+00  2.270000e+01
   endloop
 endfacet
 facet normal  0.000000e+00  0.000000e+00  1.000000e+00
   outer loop
     vertex -3.576867e+01 -9.170380e-01  2.270000e+01
     vertex -3.859524e+01 -1.596598e+00  2.270000e+01
     vertex -3.574124e+01 -1.082139e+00  2.270000e+01
   endloop
 endfacet
 facet normal  0.000000e+00  0.000000e+00  1.000000e+00
   outer loop
     vertex -3.053074e+01 -6.048268e+00  2.270000e+01
     vertex -3.115200e+01 -8.888227e+00  2.270000e+01
     vertex -3.090763e+01 -8.923674e+00  2.270000e+01
   endloop
 endfacet
 facet normal  0.000000e+00  0.000000e+00  1.000000e+00
   outer loop
     vertex -3.053074e+01 -6.048268e+00  2.270000e+01
     vertex -3.090763e+01 -8.923674e+00  2.270000e+01
     vertex -3.066237e+01 -8.952403e+00  2.270000e+01
   endloop
 endfacet
 facet normal  0.000000e+00  0.000000e+00  1.000000e+00
   outer loop
     vertex -3.053074e+01 -6.048268e+00  2.270000e+01
     vertex -3.069637e+01 -6.024243e+00  2.270000e+01
     vertex -3.115200e+01 -8.888227e+00  2.270000e+01
   endloop
 endfacet
 facet normal  0.000000e+00  0.000000e+00  1.000000e+00
   outer loop
     vertex -3.579155e+01 -7.512470e-01  2.270000e+01
     vertex -3.866948e+01 -1.108397e+00  2.270000e+01
     vertex -3.576867e+01 -9.170380e-01  2.270000e+01
   endloop
 endfacet
 facet normal  0.000000e+00  0.000000e+00  1.000000e+00
   outer loop
     vertex -3.036452e+01 -6.067740e+00  2.270000e+01
     vertex -3.053074e+01 -6.048268e+00  2.270000e+01
     vertex -3.066237e+01 -8.952403e+00  2.270000e+01
   endloop
 endfacet
 facet normal  0.000000e+00  0.000000e+00  1.000000e+00
   outer loop
     vertex -3.580989e+01 -5.848905e-01  2.270000e+01
     vertex -3.869652e+01 -8.629532e-01  2.270000e+01
     vertex -3.866948e+01 -1.108397e+00  2.270000e+01
   endloop
 endfacet
 facet normal  0.000000e+00  0.000000e+00  1.000000e+00
   outer loop
     vertex -3.580989e+01 -5.848905e-01  2.270000e+01
     vertex -3.866948e+01 -1.108397e+00  2.270000e+01
     vertex -3.579155e+01 -7.512470e-01  2.270000e+01
   endloop
 endfacet
 facet normal  0.000000e+00  0.000000e+00  1.000000e+00
   outer loop
     vertex -3.019782e+01 -6.082644e+00  2.270000e+01
     vertex -3.036452e+01 -6.067740e+00  2.270000e+01
     vertex -3.066237e+01 -8.952403e+00  2.270000e+01
   endloop
 endfacet
 facet normal  0.000000e+00  0.000000e+00  1.000000e+00
   outer loop
     vertex -3.019782e+01 -6.082644e+00  2.270000e+01
     vertex -3.066237e+01 -8.952403e+00  2.270000e+01
     vertex -3.041642e+01 -8.974393e+00  2.270000e+01
   endloop
 endfacet
 facet normal  0.000000e+00  0.000000e+00  1.000000e+00
   outer loop
     vertex -3.582365e+01 -4.180937e-01  2.270000e+01
     vertex -3.871683e+01 -6.168595e-01  2.270000e+01
     vertex -3.869652e+01 -8.629532e-01  2.270000e+01
   endloop
 endfacet
 facet normal  0.000000e+00  0.000000e+00  1.000000e+00
   outer loop
     vertex -3.582365e+01 -4.180937e-01  2.270000e+01
     vertex -3.869652e+01 -8.629532e-01  2.270000e+01
     vertex -3.580989e+01 -5.848905e-01  2.270000e+01
   endloop
 endfacet
 facet normal  0.000000e+00  0.000000e+00  1.000000e+00
   outer loop
     vertex -3.003077e+01 -6.092970e+00  2.270000e+01
     vertex -3.041642e+01 -8.974393e+00  2.270000e+01
     vertex -3.016997e+01 -8.989627e+00  2.270000e+01
   endloop
 endfacet
 facet normal  0.000000e+00  0.000000e+00  1.000000e+00
   outer loop
     vertex -3.003077e+01 -6.092970e+00  2.270000e+01
     vertex -3.019782e+01 -6.082644e+00  2.270000e+01
     vertex -3.041642e+01 -8.974393e+00  2.270000e+01
   endloop
 endfacet
 facet normal  0.000000e+00  0.000000e+00  1.000000e+00
   outer loop
     vertex -3.583283e+01 -2.509822e-01  2.270000e+01
     vertex -3.873037e+01 -3.703016e-01  2.270000e+01
     vertex -3.871683e+01 -6.168595e-01  2.270000e+01
   endloop
 endfacet
 facet normal  0.000000e+00  0.000000e+00  1.000000e+00
   outer loop
     vertex -3.583283e+01 -2.509822e-01  2.270000e+01
     vertex -3.871683e+01 -6.168595e-01  2.270000e+01
     vertex -3.582365e+01 -4.180937e-01  2.270000e+01
   endloop
 endfacet
 facet normal  0.000000e+00  0.000000e+00  1.000000e+00
   outer loop
     vertex -2.986351e+01 -6.098708e+00  2.270000e+01
     vertex -3.003077e+01 -6.092970e+00  2.270000e+01
     vertex -3.016997e+01 -8.989627e+00  2.270000e+01
   endloop
 endfacet
 facet normal  0.000000e+00  0.000000e+00  1.000000e+00
   outer loop
     vertex -2.986351e+01 -6.098708e+00  2.270000e+01
     vertex -3.016997e+01 -8.989627e+00  2.270000e+01
     vertex -2.992318e+01 -8.998095e+00  2.270000e+01
   endloop
 endfacet
 facet normal  0.000000e+00  0.000000e+00  1.000000e+00
   outer loop
     vertex -2.986351e+01 -6.098708e+00  2.270000e+01
     vertex -2.992318e+01 -8.998095e+00  2.270000e+01
     vertex -2.967626e+01 -8.999788e+00  2.270000e+01
   endloop
 endfacet
 facet normal  0.000000e+00  0.000000e+00  1.000000e+00
   outer loop
     vertex -3.583742e+01 -8.368172e-02  2.270000e+01
     vertex -3.873714e+01 -1.234648e-01  2.270000e+01
     vertex -3.873037e+01 -3.703016e-01  2.270000e+01
   endloop
 endfacet
 facet normal  0.000000e+00  0.000000e+00  1.000000e+00
   outer loop
     vertex -3.583742e+01 -8.368172e-02  2.270000e+01
     vertex -3.873037e+01 -3.703016e-01  2.270000e+01
     vertex -3.583283e+01 -2.509822e-01  2.270000e+01
   endloop
 endfacet
 facet normal  0.000000e+00  0.000000e+00  1.000000e+00
   outer loop
     vertex -2.969615e+01 -6.099856e+00  2.270000e+01
     vertex -2.986351e+01 -6.098708e+00  2.270000e+01
     vertex -2.967626e+01 -8.999788e+00  2.270000e+01
   endloop
 endfacet
 facet normal  0.000000e+00  0.000000e+00  1.000000e+00
   outer loop
     vertex -3.583742e+01  8.368172e-02  2.270000e+01
     vertex -3.873714e+01  1.234648e-01  2.270000e+01
     vertex -3.873714e+01 -1.234648e-01  2.270000e+01
   endloop
 endfacet
 facet normal  0.000000e+00  0.000000e+00  1.000000e+00
   outer loop
     vertex -3.583742e+01  8.368172e-02  2.270000e+01
     vertex -3.873714e+01 -1.234648e-01  2.270000e+01
     vertex -3.583742e+01 -8.368172e-02  2.270000e+01
   endloop
 endfacet
 facet normal  0.000000e+00  0.000000e+00  1.000000e+00
   outer loop
     vertex -2.952882e+01 -6.096413e+00  2.270000e+01
     vertex -2.969615e+01 -6.099856e+00  2.270000e+01
     vertex -2.967626e+01 -8.999788e+00  2.270000e+01
   endloop
 endfacet
 facet normal  0.000000e+00  0.000000e+00  1.000000e+00
   outer loop
     vertex -2.952882e+01 -6.096413e+00  2.270000e+01
     vertex -2.967626e+01 -8.999788e+00  2.270000e+01
     vertex -2.942938e+01 -8.994707e+00  2.270000e+01
   endloop
 endfacet
 facet normal  0.000000e+00  0.000000e+00  1.000000e+00
   outer loop
     vertex -3.583283e+01  2.509822e-01  2.270000e+01
     vertex -3.873037e+01  3.703016e-01  2.270000e+01
     vertex -3.873714e+01  1.234648e-01  2.270000e+01
   endloop
 endfacet
 facet normal  0.000000e+00  0.000000e+00  1.000000e+00
   outer loop
     vertex -3.583283e+01  2.509822e-01  2.270000e+01
     vertex -3.873714e+01  1.234648e-01  2.270000e+01
     vertex -3.583742e+01  8.368172e-02  2.270000e+01
   endloop
 endfacet
 facet normal  0.000000e+00  0.000000e+00  1.000000e+00
   outer loop
     vertex -2.936165e+01 -6.088380e+00  2.270000e+01
     vertex -2.952882e+01 -6.096413e+00  2.270000e+01
     vertex -2.942938e+01 -8.994707e+00  2.270000e+01
   endloop
 endfacet
 facet normal  0.000000e+00  0.000000e+00  1.000000e+00
   outer loop
     vertex -2.936165e+01 -6.088380e+00  2.270000e+01
     vertex -2.942938e+01 -8.994707e+00  2.270000e+01
     vertex -2.918273e+01 -8.982855e+00  2.270000e+01
   endloop
 endfacet
 facet normal  0.000000e+00  0.000000e+00  1.000000e+00
   outer loop
     vertex -3.582365e+01  4.180937e-01  2.270000e+01
     vertex -3.871683e+01  6.168595e-01  2.270000e+01
     vertex -3.873037e+01  3.703016e-01  2.270000e+01
   endloop
 endfacet
 facet normal  0.000000e+00  0.000000e+00  1.000000e+00
   outer loop
     vertex -3.582365e+01  4.180937e-01  2.270000e+01
     vertex -3.873037e+01  3.703016e-01  2.270000e+01
     vertex -3.583283e+01  2.509822e-01  2.270000e+01
   endloop
 endfacet
 facet normal  0.000000e+00  0.000000e+00  1.000000e+00
   outer loop
     vertex -2.919476e+01 -6.075764e+00  2.270000e+01
     vertex -2.936165e+01 -6.088380e+00  2.270000e+01
     vertex -2.918273e+01 -8.982855e+00  2.270000e+01
   endloop
 endfacet
 facet normal  0.000000e+00  0.000000e+00  1.000000e+00
   outer loop
     vertex -2.919476e+01 -6.075764e+00  2.270000e+01
     vertex -2.918273e+01 -8.982855e+00  2.270000e+01
     vertex -2.893651e+01 -8.964241e+00  2.270000e+01
   endloop
 endfacet
 facet normal  0.000000e+00  0.000000e+00  1.000000e+00
   outer loop
     vertex -2.919476e+01 -6.075764e+00  2.270000e+01
     vertex -2.893651e+01 -8.964241e+00  2.270000e+01
     vertex -2.869088e+01 -8.938879e+00  2.270000e+01
   endloop
 endfacet
 facet normal  0.000000e+00  0.000000e+00  1.000000e+00
   outer loop
     vertex -3.580989e+01  5.848905e-01  2.270000e+01
     vertex -3.869652e+01  8.629532e-01  2.270000e+01
     vertex -3.871683e+01  6.168595e-01  2.270000e+01
   endloop
 endfacet
 facet normal  0.000000e+00  0.000000e+00  1.000000e+00
   outer loop
     vertex -3.580989e+01  5.848905e-01  2.270000e+01
     vertex -3.871683e+01  6.168595e-01  2.270000e+01
     vertex -3.582365e+01  4.180937e-01  2.270000e+01
   endloop
 endfacet
 facet normal  0.000000e+00  0.000000e+00  1.000000e+00
   outer loop
     vertex -2.902829e+01 -6.058574e+00  2.270000e+01
     vertex -2.919476e+01 -6.075764e+00  2.270000e+01
     vertex -2.869088e+01 -8.938879e+00  2.270000e+01
   endloop
 endfacet
 facet normal  0.000000e+00  0.000000e+00  1.000000e+00
   outer loop
     vertex -2.902829e+01 -6.058574e+00  2.270000e+01
     vertex -2.869088e+01 -8.938879e+00  2.270000e+01
     vertex -2.844605e+01 -8.906789e+00  2.270000e+01
   endloop
 endfacet
 facet normal  0.000000e+00  0.000000e+00  1.000000e+00
   outer loop
     vertex -3.579155e+01  7.512470e-01  2.270000e+01
     vertex -3.866948e+01  1.108397e+00  2.270000e+01
     vertex -3.869652e+01  8.629532e-01  2.270000e+01
   endloop
 endfacet
 facet normal  0.000000e+00  0.000000e+00  1.000000e+00
   outer loop
     vertex -3.579155e+01  7.512470e-01  2.270000e+01
     vertex -3.869652e+01  8.629532e-01  2.270000e+01
     vertex -3.580989e+01  5.848905e-01  2.270000e+01
   endloop
 endfacet
 facet normal  0.000000e+00  0.000000e+00  1.000000e+00
   outer loop
     vertex -2.886234e+01 -6.036823e+00  2.270000e+01
     vertex -2.902829e+01 -6.058574e+00  2.270000e+01
     vertex -2.844605e+01 -8.906789e+00  2.270000e+01
   endloop
 endfacet
 facet normal  0.000000e+00  0.000000e+00  1.000000e+00
   outer loop
     vertex -3.576867e+01  9.170380e-01  2.270000e+01
     vertex -3.863571e+01  1.353007e+00  2.270000e+01
     vertex -3.866948e+01  1.108397e+00  2.270000e+01
   endloop
 endfacet
 facet normal  0.000000e+00  0.000000e+00  1.000000e+00
   outer loop
     vertex -3.576867e+01  9.170380e-01  2.270000e+01
     vertex -3.866948e+01  1.108397e+00  2.270000e+01
     vertex -3.579155e+01  7.512470e-01  2.270000e+01
   endloop
 endfacet
 facet normal  0.000000e+00  0.000000e+00  1.000000e+00
   outer loop
     vertex -2.869706e+01 -6.010529e+00  2.270000e+01
     vertex -2.886234e+01 -6.036823e+00  2.270000e+01
     vertex -2.844605e+01 -8.906789e+00  2.270000e+01
   endloop
 endfacet
 facet normal  0.000000e+00  0.000000e+00  1.000000e+00
   outer loop
     vertex -2.869706e+01 -6.010529e+00  2.270000e+01
     vertex -2.844605e+01 -8.906789e+00  2.270000e+01
     vertex -2.820219e+01 -8.867993e+00  2.270000e+01
   endloop
 endfacet
 facet normal  0.000000e+00  0.000000e+00  1.000000e+00
   outer loop
     vertex -3.574124e+01  1.082139e+00  2.270000e+01
     vertex -3.854811e+01  1.838987e+00  2.270000e+01
     vertex -3.859524e+01  1.596598e+00  2.270000e+01
   endloop
 endfacet
 facet normal  0.000000e+00  0.000000e+00  1.000000e+00
   outer loop
     vertex -3.574124e+01  1.082139e+00  2.270000e+01
     vertex -3.859524e+01  1.596598e+00  2.270000e+01
     vertex -3.863571e+01  1.353007e+00  2.270000e+01
   endloop
 endfacet
 facet normal  0.000000e+00  0.000000e+00  1.000000e+00
   outer loop
     vertex -3.574124e+01  1.082139e+00  2.270000e+01
     vertex -3.863571e+01  1.353007e+00  2.270000e+01
     vertex -3.576867e+01  9.170380e-01  2.270000e+01
   endloop
 endfacet
 facet normal  0.000000e+00  0.000000e+00  1.000000e+00
   outer loop
     vertex -2.853255e+01 -5.979709e+00  2.270000e+01
     vertex -2.869706e+01 -6.010529e+00  2.270000e+01
     vertex -2.820219e+01 -8.867993e+00  2.270000e+01
   endloop
 endfacet
 facet normal  0.000000e+00  0.000000e+00  1.000000e+00
   outer loop
     vertex -2.853255e+01 -5.979709e+00  2.270000e+01
     vertex -2.820219e+01 -8.867993e+00  2.270000e+01
     vertex -2.795948e+01 -8.822522e+00  2.270000e+01
   endloop
 endfacet
 facet normal  0.000000e+00  0.000000e+00  1.000000e+00
   outer loop
     vertex -3.570929e+01  1.246425e+00  2.270000e+01
     vertex -3.854811e+01  1.838987e+00  2.270000e+01
     vertex -3.574124e+01  1.082139e+00  2.270000e+01
   endloop
 endfacet
 facet normal  0.000000e+00  0.000000e+00  1.000000e+00
   outer loop
     vertex -2.836896e+01 -5.944389e+00  2.270000e+01
     vertex -2.853255e+01 -5.979709e+00  2.270000e+01
     vertex -2.795948e+01 -8.822522e+00  2.270000e+01
   endloop
 endfacet
 facet normal  0.000000e+00  0.000000e+00  1.000000e+00
   outer loop
     vertex -2.836896e+01 -5.944389e+00  2.270000e+01
     vertex -2.795948e+01 -8.822522e+00  2.270000e+01
     vertex -2.771811e+01 -8.770409e+00  2.270000e+01
   endloop
 endfacet
 facet normal  0.000000e+00  0.000000e+00  1.000000e+00
   outer loop
     vertex -3.567285e+01  1.409773e+00  2.270000e+01
     vertex -3.849434e+01  2.079992e+00  2.270000e+01
     vertex -3.854811e+01  1.838987e+00  2.270000e+01
   endloop
 endfacet
 facet normal  0.000000e+00  0.000000e+00  1.000000e+00
   outer loop
     vertex -3.567285e+01  1.409773e+00  2.270000e+01
     vertex -3.854811e+01  1.838987e+00  2.270000e+01
     vertex -3.570929e+01  1.246425e+00  2.270000e+01
   endloop
 endfacet
 facet normal  0.000000e+00  0.000000e+00  1.000000e+00
   outer loop
     vertex -2.820640e+01 -5.904593e+00  2.270000e+01
     vertex -2.836896e+01 -5.944389e+00  2.270000e+01
     vertex -2.771811e+01 -8.770409e+00  2.270000e+01
   endloop
 endfacet
 facet normal  0.000000e+00  0.000000e+00  1.000000e+00
   outer loop
     vertex -2.820640e+01 -5.904593e+00  2.270000e+01
     vertex -2.771811e+01 -8.770409e+00  2.270000e+01
     vertex -2.747826e+01 -8.711695e+00  2.270000e+01
   endloop
 endfacet
 facet normal  0.000000e+00  0.000000e+00  1.000000e+00
   outer loop
     vertex -2.820640e+01 -5.904593e+00  2.270000e+01
     vertex -2.747826e+01 -8.711695e+00  2.270000e+01
     vertex -2.724012e+01 -8.646422e+00  2.270000e+01
   endloop
 endfacet
 facet normal  0.000000e+00  0.000000e+00  1.000000e+00
   outer loop
     vertex -3.563194e+01  1.572059e+00  2.270000e+01
     vertex -3.843398e+01  2.319431e+00  2.270000e+01
     vertex -3.849434e+01  2.079992e+00  2.270000e+01
   endloop
 endfacet
 facet normal  0.000000e+00  0.000000e+00  1.000000e+00
   outer loop
     vertex -3.563194e+01  1.572059e+00  2.270000e+01
     vertex -3.849434e+01  2.079992e+00  2.270000e+01
     vertex -3.567285e+01  1.409773e+00  2.270000e+01
   endloop
 endfacet
 facet normal  0.000000e+00  0.000000e+00  1.000000e+00
   outer loop
     vertex -2.804499e+01 -5.860353e+00  2.270000e+01
     vertex -2.820640e+01 -5.904593e+00  2.270000e+01
     vertex -2.724012e+01 -8.646422e+00  2.270000e+01
   endloop
 endfacet
 facet normal  0.000000e+00  0.000000e+00  1.000000e+00
   outer loop
     vertex -3.558659e+01  1.733162e+00  2.270000e+01
     vertex -3.836708e+01  2.557125e+00  2.270000e+01
     vertex -3.843398e+01  2.319431e+00  2.270000e+01
   endloop
 endfacet
 facet normal  0.000000e+00  0.000000e+00  1.000000e+00
   outer loop
     vertex -3.558659e+01  1.733162e+00  2.270000e+01
     vertex -3.843398e+01  2.319431e+00  2.270000e+01
     vertex -3.563194e+01  1.572059e+00  2.270000e+01
   endloop
 endfacet
 facet normal  0.000000e+00  0.000000e+00  1.000000e+00
   outer loop
     vertex -2.788485e+01 -5.811701e+00  2.270000e+01
     vertex -2.724012e+01 -8.646422e+00  2.270000e+01
     vertex -2.700385e+01 -8.574641e+00  2.270000e+01
   endloop
 endfacet
 facet normal  0.000000e+00  0.000000e+00  1.000000e+00
   outer loop
     vertex -2.788485e+01 -5.811701e+00  2.270000e+01
     vertex -2.804499e+01 -5.860353e+00  2.270000e+01
     vertex -2.724012e+01 -8.646422e+00  2.270000e+01
   endloop
 endfacet
 facet normal  0.000000e+00  0.000000e+00  1.000000e+00
   outer loop
     vertex -3.553684e+01  1.892961e+00  2.270000e+01
     vertex -3.821384e+01  3.026559e+00  2.270000e+01
     vertex -3.829368e+01  2.792893e+00  2.270000e+01
   endloop
 endfacet
 facet normal  0.000000e+00  0.000000e+00  1.000000e+00
   outer loop
     vertex -3.553684e+01  1.892961e+00  2.270000e+01
     vertex -3.829368e+01  2.792893e+00  2.270000e+01
     vertex -3.836708e+01  2.557125e+00  2.270000e+01
   endloop
 endfacet
 facet normal  0.000000e+00  0.000000e+00  1.000000e+00
   outer loop
     vertex -3.553684e+01  1.892961e+00  2.270000e+01
     vertex -3.836708e+01  2.557125e+00  2.270000e+01
     vertex -3.558659e+01  1.733162e+00  2.270000e+01
   endloop
 endfacet
 facet normal  0.000000e+00  0.000000e+00  1.000000e+00
   outer loop
     vertex -2.772611e+01 -5.758675e+00  2.270000e+01
     vertex -2.788485e+01 -5.811701e+00  2.270000e+01
     vertex -2.700385e+01 -8.574641e+00  2.270000e+01
   endloop
 endfacet
 facet normal  0.000000e+00  0.000000e+00  1.000000e+00
   outer loop
     vertex -2.772611e+01 -5.758675e+00  2.270000e+01
     vertex -2.700385e+01 -8.574641e+00  2.270000e+01
     vertex -2.676964e+01 -8.496405e+00  2.270000e+01
   endloop
 endfacet
 facet normal  0.000000e+00  0.000000e+00  1.000000e+00
   outer loop
     vertex -3.548273e+01  2.051334e+00  2.270000e+01
     vertex -3.821384e+01  3.026559e+00  2.270000e+01
     vertex -3.553684e+01  1.892961e+00  2.270000e+01
   endloop
 endfacet
 facet normal  0.000000e+00  0.000000e+00  1.000000e+00
   outer loop
     vertex -2.756888e+01 -5.701313e+00  2.270000e+01
     vertex -2.772611e+01 -5.758675e+00  2.270000e+01
     vertex -2.676964e+01 -8.496405e+00  2.270000e+01
   endloop
 endfacet
 facet normal  0.000000e+00  0.000000e+00  1.000000e+00
   outer loop
     vertex -2.756888e+01 -5.701313e+00  2.270000e+01
     vertex -2.676964e+01 -8.496405e+00  2.270000e+01
     vertex -2.653767e+01 -8.411774e+00  2.270000e+01
   endloop
 endfacet
 facet normal  0.000000e+00  0.000000e+00  1.000000e+00
   outer loop
     vertex -3.542429e+01  2.208164e+00  2.270000e+01
     vertex -3.812761e+01  3.257946e+00  2.270000e+01
     vertex -3.821384e+01  3.026559e+00  2.270000e+01
   endloop
 endfacet
 facet normal  0.000000e+00  0.000000e+00  1.000000e+00
   outer loop
     vertex -3.542429e+01  2.208164e+00  2.270000e+01
     vertex -3.821384e+01  3.026559e+00  2.270000e+01
     vertex -3.548273e+01  2.051334e+00  2.270000e+01
   endloop
 endfacet
 facet normal  0.000000e+00  0.000000e+00  1.000000e+00
   outer loop
     vertex -2.741329e+01 -5.639660e+00  2.270000e+01
     vertex -2.653767e+01 -8.411774e+00  2.270000e+01
     vertex -2.630810e+01 -8.320810e+00  2.270000e+01
   endloop
 endfacet
 facet normal  0.000000e+00  0.000000e+00  1.000000e+00
   outer loop
     vertex -2.741329e+01 -5.639660e+00  2.270000e+01
     vertex -2.756888e+01 -5.701313e+00  2.270000e+01
     vertex -2.653767e+01 -8.411774e+00  2.270000e+01
   endloop
 endfacet
 facet normal  0.000000e+00  0.000000e+00  1.000000e+00
   outer loop
     vertex -3.536157e+01  2.363331e+00  2.270000e+01
     vertex -3.803508e+01  3.486881e+00  2.270000e+01
     vertex -3.812761e+01  3.257946e+00  2.270000e+01
   endloop
 endfacet
 facet normal  0.000000e+00  0.000000e+00  1.000000e+00
   outer loop
     vertex -3.536157e+01  2.363331e+00  2.270000e+01
     vertex -3.812761e+01  3.257946e+00  2.270000e+01
     vertex -3.542429e+01  2.208164e+00  2.270000e+01
   endloop
 endfacet
 facet normal  0.000000e+00  0.000000e+00  1.000000e+00
   outer loop
     vertex -2.725945e+01 -5.573761e+00  2.270000e+01
     vertex -2.630810e+01 -8.320810e+00  2.270000e+01
     vertex -2.608112e+01 -8.223582e+00  2.270000e+01
   endloop
 endfacet
 facet normal  0.000000e+00  0.000000e+00  1.000000e+00
   outer loop
     vertex -2.725945e+01 -5.573761e+00  2.270000e+01
     vertex -2.741329e+01 -5.639660e+00  2.270000e+01
     vertex -2.630810e+01 -8.320810e+00  2.270000e+01
   endloop
 endfacet
 facet normal  0.000000e+00  0.000000e+00  1.000000e+00
   outer loop
     vertex -3.529462e+01  2.516719e+00  2.270000e+01
     vertex -3.803508e+01  3.486881e+00  2.270000e+01
     vertex -3.536157e+01  2.363331e+00  2.270000e+01
   endloop
 endfacet
 facet normal  0.000000e+00  0.000000e+00  1.000000e+00
   outer loop
     vertex -3.529462e+01  2.516719e+00  2.270000e+01
     vertex -3.793630e+01  3.713192e+00  2.270000e+01
     vertex -3.803508e+01  3.486881e+00  2.270000e+01
   endloop
 endfacet
 facet normal  0.000000e+00  0.000000e+00  1.000000e+00
   outer loop
     vertex -2.710747e+01 -5.503667e+00  2.270000e+01
     vertex -2.725945e+01 -5.573761e+00  2.270000e+01
     vertex -2.608112e+01 -8.223582e+00  2.270000e+01
   endloop
 endfacet
 facet normal  0.000000e+00  0.000000e+00  1.000000e+00
   outer loop
     vertex -2.710747e+01 -5.503667e+00  2.270000e+01
     vertex -2.608112e+01 -8.223582e+00  2.270000e+01
     vertex -2.585689e+01 -8.120164e+00  2.270000e+01
   endloop
 endfacet
 facet normal  0.000000e+00  0.000000e+00  1.000000e+00
   outer loop
     vertex -3.522349e+01  2.668212e+00  2.270000e+01
     vertex -3.793630e+01  3.713192e+00  2.270000e+01
     vertex -3.529462e+01  2.516719e+00  2.270000e+01
   endloop
 endfacet
 facet normal  0.000000e+00  0.000000e+00  1.000000e+00
   outer loop
     vertex -3.522349e+01  2.668212e+00  2.270000e+01
     vertex -3.783134e+01  3.936707e+00  2.270000e+01
     vertex -3.793630e+01  3.713192e+00  2.270000e+01
   endloop
 endfacet
 facet normal  0.000000e+00  0.000000e+00  1.000000e+00
   outer loop
     vertex -2.695747e+01 -5.429430e+00  2.270000e+01
     vertex -2.710747e+01 -5.503667e+00  2.270000e+01
     vertex -2.585689e+01 -8.120164e+00  2.270000e+01
   endloop
 endfacet
 facet normal  0.000000e+00  0.000000e+00  1.000000e+00
   outer loop
     vertex -2.695747e+01 -5.429430e+00  2.270000e+01
     vertex -2.585689e+01 -8.120164e+00  2.270000e+01
     vertex -2.563558e+01 -8.010634e+00  2.270000e+01
   endloop
 endfacet
 facet normal  0.000000e+00  0.000000e+00  1.000000e+00
   outer loop
     vertex -3.514822e+01  2.817697e+00  2.270000e+01
     vertex -3.783134e+01  3.936707e+00  2.270000e+01
     vertex -3.522349e+01  2.668212e+00  2.270000e+01
   endloop
 endfacet
 facet normal  0.000000e+00  0.000000e+00  1.000000e+00
   outer loop
     vertex -3.514822e+01  2.817697e+00  2.270000e+01
     vertex -3.772030e+01  4.157259e+00  2.270000e+01
     vertex -3.783134e+01  3.936707e+00  2.270000e+01
   endloop
 endfacet
 facet normal  0.000000e+00  0.000000e+00  1.000000e+00
   outer loop
     vertex -2.680957e+01 -5.351105e+00  2.270000e+01
     vertex -2.695747e+01 -5.429430e+00  2.270000e+01
     vertex -2.563558e+01 -8.010634e+00  2.270000e+01
   endloop
 endfacet
 facet normal  0.000000e+00  0.000000e+00  1.000000e+00
   outer loop
     vertex -2.680957e+01 -5.351105e+00  2.270000e+01
     vertex -2.563558e+01 -8.010634e+00  2.270000e+01
     vertex -2.541736e+01 -7.895073e+00  2.270000e+01
   endloop
 endfacet
 facet normal  0.000000e+00  0.000000e+00  1.000000e+00
   outer loop
     vertex -3.506888e+01  2.965061e+00  2.270000e+01
     vertex -3.772030e+01  4.157259e+00  2.270000e+01
     vertex -3.514822e+01  2.817697e+00  2.270000e+01
   endloop
 endfacet
 facet normal  0.000000e+00  0.000000e+00  1.000000e+00
   outer loop
     vertex -3.506888e+01  2.965061e+00  2.270000e+01
     vertex -3.760324e+01  4.374681e+00  2.270000e+01
     vertex -3.772030e+01  4.157259e+00  2.270000e+01
   endloop
 endfacet
 facet normal  0.000000e+00  0.000000e+00  1.000000e+00
   outer loop
     vertex -2.666387e+01 -5.268752e+00  2.270000e+01
     vertex -2.680957e+01 -5.351105e+00  2.270000e+01
     vertex -2.541736e+01 -7.895073e+00  2.270000e+01
   endloop
 endfacet
 facet normal  0.000000e+00  0.000000e+00  1.000000e+00
   outer loop
     vertex -2.666387e+01 -5.268752e+00  2.270000e+01
     vertex -2.541736e+01 -7.895073e+00  2.270000e+01
     vertex -2.520240e+01 -7.773569e+00  2.270000e+01
   endloop
 endfacet
 facet normal  0.000000e+00  0.000000e+00  1.000000e+00
   outer loop
     vertex -3.498553e+01  3.110193e+00  2.270000e+01
     vertex -3.760324e+01  4.374681e+00  2.270000e+01
     vertex -3.506888e+01  2.965061e+00  2.270000e+01
   endloop
 endfacet
 facet normal  0.000000e+00  0.000000e+00  1.000000e+00
   outer loop
     vertex -3.498553e+01  3.110193e+00  2.270000e+01
     vertex -3.748027e+01  4.588810e+00  2.270000e+01
     vertex -3.760324e+01  4.374681e+00  2.270000e+01
   endloop
 endfacet
 facet normal  0.000000e+00  0.000000e+00  1.000000e+00
   outer loop
     vertex -2.652048e+01 -5.182434e+00  2.270000e+01
     vertex -2.666387e+01 -5.268752e+00  2.270000e+01
     vertex -2.520240e+01 -7.773569e+00  2.270000e+01
   endloop
 endfacet
 facet normal  0.000000e+00  0.000000e+00  1.000000e+00
   outer loop
     vertex -2.652048e+01 -5.182434e+00  2.270000e+01
     vertex -2.520240e+01 -7.773569e+00  2.270000e+01
     vertex -2.499084e+01 -7.646214e+00  2.270000e+01
   endloop
 endfacet
 facet normal  0.000000e+00  0.000000e+00  1.000000e+00
   outer loop
     vertex -3.489823e+01  3.252984e+00  2.270000e+01
     vertex -3.748027e+01  4.588810e+00  2.270000e+01
     vertex -3.498553e+01  3.110193e+00  2.270000e+01
   endloop
 endfacet
 facet normal  0.000000e+00  0.000000e+00  1.000000e+00
   outer loop
     vertex -3.489823e+01  3.252984e+00  2.270000e+01
     vertex -3.721693e+01  5.006547e+00  2.270000e+01
     vertex -3.735146e+01  4.799485e+00  2.270000e+01
   endloop
 endfacet
 facet normal  0.000000e+00  0.000000e+00  1.000000e+00
   outer loop
     vertex -3.489823e+01  3.252984e+00  2.270000e+01
     vertex -3.735146e+01  4.799485e+00  2.270000e+01
     vertex -3.748027e+01  4.588810e+00  2.270000e+01
   endloop
 endfacet
 facet normal  0.000000e+00  0.000000e+00  1.000000e+00
   outer loop
     vertex -2.637952e+01 -5.092214e+00  2.270000e+01
     vertex -2.652048e+01 -5.182434e+00  2.270000e+01
     vertex -2.499084e+01 -7.646214e+00  2.270000e+01
   endloop
 endfacet
 facet normal  0.000000e+00  0.000000e+00  1.000000e+00
   outer loop
     vertex -2.637952e+01 -5.092214e+00  2.270000e+01
     vertex -2.499084e+01 -7.646214e+00  2.270000e+01
     vertex -2.478286e+01 -7.513102e+00  2.270000e+01
   endloop
 endfacet
 facet normal  0.000000e+00  0.000000e+00  1.000000e+00
   outer loop
     vertex -3.480705e+01  3.393326e+00  2.270000e+01
     vertex -3.721693e+01  5.006547e+00  2.270000e+01
     vertex -3.489823e+01  3.252984e+00  2.270000e+01
   endloop
 endfacet
 facet normal  0.000000e+00  0.000000e+00  1.000000e+00
   outer loop
     vertex -2.624108e+01 -4.998160e+00  2.270000e+01
     vertex -2.637952e+01 -5.092214e+00  2.270000e+01
     vertex -2.478286e+01 -7.513102e+00  2.270000e+01
   endloop
 endfacet
 facet normal  0.000000e+00  0.000000e+00  1.000000e+00
   outer loop
     vertex -2.624108e+01 -4.998160e+00  2.270000e+01
     vertex -2.478286e+01 -7.513102e+00  2.270000e+01
     vertex -2.457861e+01 -7.374335e+00  2.270000e+01
   endloop
 endfacet
 facet normal  0.000000e+00  0.000000e+00  1.000000e+00
   outer loop
     vertex -3.471205e+01  3.531114e+00  2.270000e+01
     vertex -3.721693e+01  5.006547e+00  2.270000e+01
     vertex -3.480705e+01  3.393326e+00  2.270000e+01
   endloop
 endfacet
 facet normal  0.000000e+00  0.000000e+00  1.000000e+00
   outer loop
     vertex -3.471205e+01  3.531114e+00  2.270000e+01
     vertex -3.707676e+01  5.209840e+00  2.270000e+01
     vertex -3.721693e+01  5.006547e+00  2.270000e+01
   endloop
 endfacet
 facet normal  0.000000e+00  0.000000e+00  1.000000e+00
   outer loop
     vertex -2.610528e+01 -4.900345e+00  2.270000e+01
     vertex -2.624108e+01 -4.998160e+00  2.270000e+01
     vertex -2.457861e+01 -7.374335e+00  2.270000e+01
   endloop
 endfacet
 facet normal  0.000000e+00  0.000000e+00  1.000000e+00
   outer loop
     vertex -2.610528e+01 -4.900345e+00  2.270000e+01
     vertex -2.457861e+01 -7.374335e+00  2.270000e+01
     vertex -2.437825e+01 -7.230017e+00  2.270000e+01
   endloop
 endfacet
 facet normal  0.000000e+00  0.000000e+00  1.000000e+00
   outer loop
     vertex -3.461330e+01  3.666243e+00  2.270000e+01
     vertex -3.707676e+01  5.209840e+00  2.270000e+01
     vertex -3.471205e+01  3.531114e+00  2.270000e+01
   endloop
 endfacet
 facet normal  0.000000e+00  0.000000e+00  1.000000e+00
   outer loop
     vertex -3.461330e+01  3.666243e+00  2.270000e+01
     vertex -3.693107e+01  5.409211e+00  2.270000e+01
     vertex -3.707676e+01  5.209840e+00  2.270000e+01
   endloop
 endfacet
 facet normal  0.000000e+00  0.000000e+00  1.000000e+00
   outer loop
     vertex -2.597221e+01 -4.798840e+00  2.270000e+01
     vertex -2.610528e+01 -4.900345e+00  2.270000e+01
     vertex -2.437825e+01 -7.230017e+00  2.270000e+01
   endloop
 endfacet
 facet normal  0.000000e+00  0.000000e+00  1.000000e+00
   outer loop
     vertex -2.597221e+01 -4.798840e+00  2.270000e+01
     vertex -2.437825e+01 -7.230017e+00  2.270000e+01
     vertex -2.418192e+01 -7.080256e+00  2.270000e+01
   endloop
 endfacet
 facet normal  0.000000e+00  0.000000e+00  1.000000e+00
   outer loop
     vertex -3.451089e+01  3.798613e+00  2.270000e+01
     vertex -3.693107e+01  5.409211e+00  2.270000e+01
     vertex -3.461330e+01  3.666243e+00  2.270000e+01
   endloop
 endfacet
 facet normal  0.000000e+00  0.000000e+00  1.000000e+00
   outer loop
     vertex -3.451089e+01  3.798613e+00  2.270000e+01
     vertex -3.677997e+01  5.604510e+00  2.270000e+01
     vertex -3.693107e+01  5.409211e+00  2.270000e+01
   endloop
 endfacet
 facet normal  0.000000e+00  0.000000e+00  1.000000e+00
   outer loop
     vertex -2.584197e+01 -4.693723e+00  2.270000e+01
     vertex -2.597221e+01 -4.798840e+00  2.270000e+01
     vertex -2.418192e+01 -7.080256e+00  2.270000e+01
   endloop
 endfacet
 facet normal  0.000000e+00  0.000000e+00  1.000000e+00
   outer loop
     vertex -2.584197e+01 -4.693723e+00  2.270000e+01
     vertex -2.418192e+01 -7.080256e+00  2.270000e+01
     vertex -2.398977e+01 -6.925166e+00  2.270000e+01
   endloop
 endfacet
 facet normal  0.000000e+00  0.000000e+00  1.000000e+00
   outer loop
     vertex -3.440488e+01  3.928123e+00  2.270000e+01
     vertex -3.677997e+01  5.604510e+00  2.270000e+01
     vertex -3.451089e+01  3.798613e+00  2.270000e+01
   endloop
 endfacet
 facet normal  0.000000e+00  0.000000e+00  1.000000e+00
   outer loop
     vertex -3.440488e+01  3.928123e+00  2.270000e+01
     vertex -3.646198e+01  5.982309e+00  2.270000e+01
     vertex -3.662357e+01  5.795591e+00  2.270000e+01
   endloop
 endfacet
 facet normal  0.000000e+00  0.000000e+00  1.000000e+00
   outer loop
     vertex -3.440488e+01  3.928123e+00  2.270000e+01
     vertex -3.662357e+01  5.795591e+00  2.270000e+01
     vertex -3.677997e+01  5.604510e+00  2.270000e+01
   endloop
 endfacet
 facet normal  0.000000e+00  0.000000e+00  1.000000e+00
   outer loop
     vertex -2.571467e+01 -4.585073e+00  2.270000e+01
     vertex -2.584197e+01 -4.693723e+00  2.270000e+01
     vertex -2.398977e+01 -6.925166e+00  2.270000e+01
   endloop
 endfacet
 facet normal  0.000000e+00  0.000000e+00  1.000000e+00
   outer loop
     vertex -2.571467e+01 -4.585073e+00  2.270000e+01
     vertex -2.398977e+01 -6.925166e+00  2.270000e+01
     vertex -2.380195e+01 -6.764862e+00  2.270000e+01
   endloop
 endfacet
 facet normal  0.000000e+00  0.000000e+00  1.000000e+00
   outer loop
     vertex -3.429536e+01  4.054676e+00  2.270000e+01
     vertex -3.646198e+01  5.982309e+00  2.270000e+01
     vertex -3.440488e+01  3.928123e+00  2.270000e+01
   endloop
 endfacet
 facet normal  0.000000e+00  0.000000e+00  1.000000e+00
   outer loop
     vertex -2.559040e+01 -4.472971e+00  2.270000e+01
     vertex -2.571467e+01 -4.585073e+00  2.270000e+01
     vertex -2.380195e+01 -6.764862e+00  2.270000e+01
   endloop
 endfacet
 facet normal  0.000000e+00  0.000000e+00  1.000000e+00
   outer loop
     vertex -2.559040e+01 -4.472971e+00  2.270000e+01
     vertex -2.380195e+01 -6.764862e+00  2.270000e+01
     vertex -2.361859e+01 -6.599466e+00  2.270000e+01
   endloop
 endfacet
 facet normal  0.000000e+00  0.000000e+00  1.000000e+00
   outer loop
     vertex -3.418241e+01  4.178177e+00  2.270000e+01
     vertex -3.629533e+01  6.164523e+00  2.270000e+01
     vertex -3.646198e+01  5.982309e+00  2.270000e+01
   endloop
 endfacet
 facet normal  0.000000e+00  0.000000e+00  1.000000e+00
   outer loop
     vertex -3.418241e+01  4.178177e+00  2.270000e+01
     vertex -3.646198e+01  5.982309e+00  2.270000e+01
     vertex -3.429536e+01  4.054676e+00  2.270000e+01
   endloop
 endfacet
 facet normal  0.000000e+00  0.000000e+00  1.000000e+00
   outer loop
     vertex -2.546925e+01 -4.357503e+00  2.270000e+01
     vertex -2.559040e+01 -4.472971e+00  2.270000e+01
     vertex -2.361859e+01 -6.599466e+00  2.270000e+01
   endloop
 endfacet
 facet normal  0.000000e+00  0.000000e+00  1.000000e+00
   outer loop
     vertex -2.546925e+01 -4.357503e+00  2.270000e+01
     vertex -2.361859e+01 -6.599466e+00  2.270000e+01
     vertex -2.343985e+01 -6.429102e+00  2.270000e+01
   endloop
 endfacet
 facet normal  0.000000e+00  0.000000e+00  1.000000e+00
   outer loop
     vertex -3.406611e+01  4.298533e+00  2.270000e+01
     vertex -3.629533e+01  6.164523e+00  2.270000e+01
     vertex -3.418241e+01  4.178177e+00  2.270000e+01
   endloop
 endfacet
 facet normal  0.000000e+00  0.000000e+00  1.000000e+00
   outer loop
     vertex -3.406611e+01  4.298533e+00  2.270000e+01
     vertex -3.612374e+01  6.342097e+00  2.270000e+01
     vertex -3.629533e+01  6.164523e+00  2.270000e+01
   endloop
 endfacet
 facet normal  0.000000e+00  0.000000e+00  1.000000e+00
   outer loop
     vertex -3.394656e+01  4.415653e+00  2.270000e+01
     vertex -3.612374e+01  6.342097e+00  2.270000e+01
     vertex -3.406611e+01  4.298533e+00  2.270000e+01
   endloop
 endfacet
 facet normal  0.000000e+00  0.000000e+00  1.000000e+00
   outer loop
     vertex -2.326584e+01 -6.253899e+00  2.270000e+01
     vertex -2.535131e+01 -4.238754e+00  2.270000e+01
     vertex -2.546925e+01 -4.357503e+00  2.270000e+01
   endloop
 endfacet
 facet normal  0.000000e+00  0.000000e+00  1.000000e+00
   outer loop
     vertex -2.326584e+01 -6.253899e+00  2.270000e+01
     vertex -2.546925e+01 -4.357503e+00  2.270000e+01
     vertex -2.343985e+01 -6.429102e+00  2.270000e+01
   endloop
 endfacet
 facet normal  0.000000e+00  0.000000e+00  1.000000e+00
   outer loop
     vertex -3.594735e+01  6.514897e+00  2.270000e+01
     vertex -3.612374e+01  6.342097e+00  2.270000e+01
     vertex -3.394656e+01  4.415653e+00  2.270000e+01
   endloop
 endfacet
 facet normal  0.000000e+00  0.000000e+00  1.000000e+00
   outer loop
     vertex -2.309671e+01 -6.073988e+00  2.270000e+01
     vertex -2.523668e+01 -4.116814e+00  2.270000e+01
     vertex -2.535131e+01 -4.238754e+00  2.270000e+01
   endloop
 endfacet
 facet normal  0.000000e+00  0.000000e+00  1.000000e+00
   outer loop
     vertex -2.309671e+01 -6.073988e+00  2.270000e+01
     vertex -2.535131e+01 -4.238754e+00  2.270000e+01
     vertex -2.326584e+01 -6.253899e+00  2.270000e+01
   endloop
 endfacet
 facet normal  0.000000e+00  0.000000e+00  1.000000e+00
   outer loop
     vertex -2.512543e+01 -3.991775e+00  2.270000e+01
     vertex -2.523668e+01 -4.116814e+00  2.270000e+01
     vertex -2.309671e+01 -6.073988e+00  2.270000e+01
   endloop
 endfacet
 facet normal  0.000000e+00  0.000000e+00  1.000000e+00
   outer loop
     vertex -3.576628e+01  6.682793e+00  2.270000e+01
     vertex -3.394656e+01  4.415653e+00  2.270000e+01
     vertex -3.382383e+01  4.529448e+00  2.270000e+01
   endloop
 endfacet
 facet normal  0.000000e+00  0.000000e+00  1.000000e+00
   outer loop
     vertex -3.576628e+01  6.682793e+00  2.270000e+01
     vertex -3.594735e+01  6.514897e+00  2.270000e+01
     vertex -3.394656e+01  4.415653e+00  2.270000e+01
   endloop
 endfacet
 facet normal  0.000000e+00  0.000000e+00  1.000000e+00
   outer loop
     vertex -2.293257e+01 -5.889504e+00  2.270000e+01
     vertex -2.512543e+01 -3.991775e+00  2.270000e+01
     vertex -2.309671e+01 -6.073988e+00  2.270000e+01
   endloop
 endfacet
 facet normal  0.000000e+00  0.000000e+00  1.000000e+00
   outer loop
     vertex -3.558068e+01  6.845658e+00  2.270000e+01
     vertex -3.369803e+01  4.639835e+00  2.270000e+01
     vertex -3.356925e+01  4.746728e+00  2.270000e+01
   endloop
 endfacet
 facet normal  0.000000e+00  0.000000e+00  1.000000e+00
   outer loop
     vertex -3.558068e+01  6.845658e+00  2.270000e+01
     vertex -3.382383e+01  4.529448e+00  2.270000e+01
     vertex -3.369803e+01  4.639835e+00  2.270000e+01
   endloop
 endfacet
 facet normal  0.000000e+00  0.000000e+00  1.000000e+00
   outer loop
     vertex -3.558068e+01  6.845658e+00  2.270000e+01
     vertex -3.576628e+01  6.682793e+00  2.270000e+01
     vertex -3.382383e+01  4.529448e+00  2.270000e+01
   endloop
 endfacet
 facet normal  0.000000e+00  0.000000e+00  1.000000e+00
   outer loop
     vertex -2.277356e+01 -5.700587e+00  2.270000e+01
     vertex -2.501765e+01 -3.863731e+00  2.270000e+01
     vertex -2.512543e+01 -3.991775e+00  2.270000e+01
   endloop
 endfacet
 facet normal  0.000000e+00  0.000000e+00  1.000000e+00
   outer loop
     vertex -2.277356e+01 -5.700587e+00  2.270000e+01
     vertex -2.491343e+01 -3.732779e+00  2.270000e+01
     vertex -2.501765e+01 -3.863731e+00  2.270000e+01
   endloop
 endfacet
 facet normal  0.000000e+00  0.000000e+00  1.000000e+00
   outer loop
     vertex -2.277356e+01 -5.700587e+00  2.270000e+01
     vertex -2.512543e+01 -3.991775e+00  2.270000e+01
     vertex -2.293257e+01 -5.889504e+00  2.270000e+01
   endloop
 endfacet
 facet normal  0.000000e+00  0.000000e+00  1.000000e+00
   outer loop
     vertex -3.539067e+01  7.003370e+00  2.270000e+01
     vertex -3.558068e+01  6.845658e+00  2.270000e+01
     vertex -3.356925e+01  4.746728e+00  2.270000e+01
   endloop
 endfacet
 facet normal  0.000000e+00  0.000000e+00  1.000000e+00
   outer loop
     vertex -2.261979e+01 -5.507379e+00  2.270000e+01
     vertex -2.491343e+01 -3.732779e+00  2.270000e+01
     vertex -2.277356e+01 -5.700587e+00  2.270000e+01
   endloop
 endfacet
 facet normal  0.000000e+00  0.000000e+00  1.000000e+00
   outer loop
     vertex -2.261979e+01 -5.507379e+00  2.270000e+01
     vertex -2.481284e+01 -3.599017e+00  2.270000e+01
     vertex -2.491343e+01 -3.732779e+00  2.270000e+01
   endloop
 endfacet
 facet normal  0.000000e+00  0.000000e+00  1.000000e+00
   outer loop
     vertex -3.519641e+01  7.155810e+00  2.270000e+01
     vertex -3.343759e+01  4.850049e+00  2.270000e+01
     vertex -3.330314e+01  4.949718e+00  2.270000e+01
   endloop
 endfacet
 facet normal  0.000000e+00  0.000000e+00  1.000000e+00
   outer loop
     vertex -3.519641e+01  7.155810e+00  2.270000e+01
     vertex -3.356925e+01  4.746728e+00  2.270000e+01
     vertex -3.343759e+01  4.850049e+00  2.270000e+01
   endloop
 endfacet
 facet normal  0.000000e+00  0.000000e+00  1.000000e+00
   outer loop
     vertex -3.519641e+01  7.155810e+00  2.270000e+01
     vertex -3.539067e+01  7.003370e+00  2.270000e+01
     vertex -3.356925e+01  4.746728e+00  2.270000e+01
   endloop
 endfacet
 facet normal  0.000000e+00  0.000000e+00  1.000000e+00
   outer loop
     vertex -2.247138e+01 -5.310025e+00  2.270000e+01
     vertex -2.471596e+01 -3.462546e+00  2.270000e+01
     vertex -2.481284e+01 -3.599017e+00  2.270000e+01
   endloop
 endfacet
 facet normal  0.000000e+00  0.000000e+00  1.000000e+00
   outer loop
     vertex -2.247138e+01 -5.310025e+00  2.270000e+01
     vertex -2.481284e+01 -3.599017e+00  2.270000e+01
     vertex -2.261979e+01 -5.507379e+00  2.270000e+01
   endloop
 endfacet
 facet normal  0.000000e+00  0.000000e+00  1.000000e+00
   outer loop
     vertex -3.499805e+01  7.302863e+00  2.270000e+01
     vertex -3.519641e+01  7.155810e+00  2.270000e+01
     vertex -3.330314e+01  4.949718e+00  2.270000e+01
   endloop
 endfacet
 facet normal  0.000000e+00  0.000000e+00  1.000000e+00
   outer loop
     vertex -2.232844e+01 -5.108674e+00  2.270000e+01
     vertex -2.471596e+01 -3.462546e+00  2.270000e+01
     vertex -2.247138e+01 -5.310025e+00  2.270000e+01
   endloop
 endfacet
 facet normal  0.000000e+00  0.000000e+00  1.000000e+00
   outer loop
     vertex -3.479572e+01  7.444419e+00  2.270000e+01
     vertex -3.330314e+01  4.949718e+00  2.270000e+01
     vertex -3.316601e+01  5.045662e+00  2.270000e+01
   endloop
 endfacet
 facet normal  0.000000e+00  0.000000e+00  1.000000e+00
   outer loop
     vertex -3.479572e+01  7.444419e+00  2.270000e+01
     vertex -3.499805e+01  7.302863e+00  2.270000e+01
     vertex -3.330314e+01  4.949718e+00  2.270000e+01
   endloop
 endfacet
 facet normal  0.000000e+00  0.000000e+00  1.000000e+00
   outer loop
     vertex -2.219108e+01 -4.903477e+00  2.270000e+01
     vertex -2.462286e+01 -3.323468e+00  2.270000e+01
     vertex -2.471596e+01 -3.462546e+00  2.270000e+01
   endloop
 endfacet
 facet normal  0.000000e+00  0.000000e+00  1.000000e+00
   outer loop
     vertex -2.219108e+01 -4.903477e+00  2.270000e+01
     vertex -2.471596e+01 -3.462546e+00  2.270000e+01
     vertex -2.232844e+01 -5.108674e+00  2.270000e+01
   endloop
 endfacet
 facet normal  0.000000e+00  0.000000e+00  1.000000e+00
   outer loop
     vertex -3.458959e+01  7.580371e+00  2.270000e+01
     vertex -3.302629e+01  5.137807e+00  2.270000e+01
     vertex -3.288411e+01  5.226085e+00  2.270000e+01
   endloop
 endfacet
 facet normal  0.000000e+00  0.000000e+00  1.000000e+00
   outer loop
     vertex -3.458959e+01  7.580371e+00  2.270000e+01
     vertex -3.316601e+01  5.045662e+00  2.270000e+01
     vertex -3.302629e+01  5.137807e+00  2.270000e+01
   endloop
 endfacet
 facet normal  0.000000e+00  0.000000e+00  1.000000e+00
   outer loop
     vertex -3.458959e+01  7.580371e+00  2.270000e+01
     vertex -3.479572e+01  7.444419e+00  2.270000e+01
     vertex -3.316601e+01  5.045662e+00  2.270000e+01
   endloop
 endfacet
 facet normal  0.000000e+00  0.000000e+00  1.000000e+00
   outer loop
     vertex -2.205940e+01 -4.694589e+00  2.270000e+01
     vertex -2.453361e+01 -3.181888e+00  2.270000e+01
     vertex -2.462286e+01 -3.323468e+00  2.270000e+01
   endloop
 endfacet
 facet normal  0.000000e+00  0.000000e+00  1.000000e+00
   outer loop
     vertex -2.205940e+01 -4.694589e+00  2.270000e+01
     vertex -2.444828e+01 -3.037913e+00  2.270000e+01
     vertex -2.453361e+01 -3.181888e+00  2.270000e+01
   endloop
 endfacet
 facet normal  0.000000e+00  0.000000e+00  1.000000e+00
   outer loop
     vertex -2.205940e+01 -4.694589e+00  2.270000e+01
     vertex -2.462286e+01 -3.323468e+00  2.270000e+01
     vertex -2.219108e+01 -4.903477e+00  2.270000e+01
   endloop
 endfacet
 facet normal  0.000000e+00  0.000000e+00  1.000000e+00
   outer loop
     vertex -3.437980e+01  7.710617e+00  2.270000e+01
     vertex -3.458959e+01  7.580371e+00  2.270000e+01
     vertex -3.288411e+01  5.226085e+00  2.270000e+01
   endloop
 endfacet
 facet normal  0.000000e+00  0.000000e+00  1.000000e+00
   outer loop
     vertex -2.193349e+01 -4.482167e+00  2.270000e+01
     vertex -2.444828e+01 -3.037913e+00  2.270000e+01
     vertex -2.205940e+01 -4.694589e+00  2.270000e+01
   endloop
 endfacet
 facet normal  0.000000e+00  0.000000e+00  1.000000e+00
   outer loop
     vertex -3.416652e+01  7.835058e+00  2.270000e+01
     vertex -3.437980e+01  7.710617e+00  2.270000e+01
     vertex -3.288411e+01  5.226085e+00  2.270000e+01
   endloop
 endfacet
 facet normal  0.000000e+00  0.000000e+00  1.000000e+00
   outer loop
     vertex -3.416652e+01  7.835058e+00  2.270000e+01
     vertex -3.288411e+01  5.226085e+00  2.270000e+01
     vertex -3.273955e+01  5.310428e+00  2.270000e+01
   endloop
 endfacet
 facet normal  0.000000e+00  0.000000e+00  1.000000e+00
   outer loop
     vertex -2.181347e+01 -4.266371e+00  2.270000e+01
     vertex -2.444828e+01 -3.037913e+00  2.270000e+01
     vertex -2.193349e+01 -4.482167e+00  2.270000e+01
   endloop
 endfacet
 facet normal  0.000000e+00  0.000000e+00  1.000000e+00
   outer loop
     vertex -2.181347e+01 -4.266371e+00  2.270000e+01
     vertex -2.436693e+01 -2.891652e+00  2.270000e+01
     vertex -2.444828e+01 -3.037913e+00  2.270000e+01
   endloop
 endfacet
 facet normal  0.000000e+00  0.000000e+00  1.000000e+00
   outer loop
     vertex -2.181347e+01 -4.266371e+00  2.270000e+01
     vertex -2.428962e+01 -2.743213e+00  2.270000e+01
     vertex -2.436693e+01 -2.891652e+00  2.270000e+01
   endloop
 endfacet
 facet normal  0.000000e+00  0.000000e+00  1.000000e+00
   outer loop
     vertex -3.394991e+01  7.953602e+00  2.270000e+01
     vertex -3.259273e+01  5.390775e+00  2.270000e+01
     vertex -3.244377e+01  5.467063e+00  2.270000e+01
   endloop
 endfacet
 facet normal  0.000000e+00  0.000000e+00  1.000000e+00
   outer loop
     vertex -3.394991e+01  7.953602e+00  2.270000e+01
     vertex -3.273955e+01  5.310428e+00  2.270000e+01
     vertex -3.259273e+01  5.390775e+00  2.270000e+01
   endloop
 endfacet
 facet normal  0.000000e+00  0.000000e+00  1.000000e+00
   outer loop
     vertex -3.394991e+01  7.953602e+00  2.270000e+01
     vertex -3.416652e+01  7.835058e+00  2.270000e+01
     vertex -3.273955e+01  5.310428e+00  2.270000e+01
   endloop
 endfacet
 facet normal  0.000000e+00  0.000000e+00  1.000000e+00
   outer loop
     vertex -2.169941e+01 -4.047364e+00  2.270000e+01
     vertex -2.428962e+01 -2.743213e+00  2.270000e+01
     vertex -2.181347e+01 -4.266371e+00  2.270000e+01
   endloop
 endfacet
 facet normal  0.000000e+00  0.000000e+00  1.000000e+00
   outer loop
     vertex -3.373012e+01  8.066158e+00  2.270000e+01
     vertex -3.394991e+01  7.953602e+00  2.270000e+01
     vertex -3.244377e+01  5.467063e+00  2.270000e+01
   endloop
 endfacet
 facet normal  0.000000e+00  0.000000e+00  1.000000e+00
   outer loop
     vertex -2.159140e+01 -3.825309e+00  2.270000e+01
     vertex -2.428962e+01 -2.743213e+00  2.270000e+01
     vertex -2.169941e+01 -4.047364e+00  2.270000e+01
   endloop
 endfacet
 facet normal  0.000000e+00  0.000000e+00  1.000000e+00
   outer loop
     vertex -2.159140e+01 -3.825309e+00  2.270000e+01
     vertex -2.421641e+01 -2.592710e+00  2.270000e+01
     vertex -2.428962e+01 -2.743213e+00  2.270000e+01
   endloop
 endfacet
 facet normal  0.000000e+00  0.000000e+00  1.000000e+00
   outer loop
     vertex -3.350733e+01  8.172642e+00  2.270000e+01
     vertex -3.244377e+01  5.467063e+00  2.270000e+01
     vertex -3.229277e+01  5.539235e+00  2.270000e+01
   endloop
 endfacet
 facet normal  0.000000e+00  0.000000e+00  1.000000e+00
   outer loop
     vertex -3.350733e+01  8.172642e+00  2.270000e+01
     vertex -3.373012e+01  8.066158e+00  2.270000e+01
     vertex -3.244377e+01  5.467063e+00  2.270000e+01
   endloop
 endfacet
 facet normal  0.000000e+00  0.000000e+00  1.000000e+00
   outer loop
     vertex -2.148952e+01 -3.600375e+00  2.270000e+01
     vertex -2.421641e+01 -2.592710e+00  2.270000e+01
     vertex -2.159140e+01 -3.825309e+00  2.270000e+01
   endloop
 endfacet
 facet normal  0.000000e+00  0.000000e+00  1.000000e+00
   outer loop
     vertex -2.148952e+01 -3.600375e+00  2.270000e+01
     vertex -2.414736e+01 -2.440254e+00  2.270000e+01
     vertex -2.421641e+01 -2.592710e+00  2.270000e+01
   endloop
 endfacet
 facet normal  0.000000e+00  0.000000e+00  1.000000e+00
   outer loop
     vertex -3.328170e+01  8.272974e+00  2.270000e+01
     vertex -3.350733e+01  8.172642e+00  2.270000e+01
     vertex -3.229277e+01  5.539235e+00  2.270000e+01
   endloop
 endfacet
 facet normal  0.000000e+00  0.000000e+00  1.000000e+00
   outer loop
     vertex -3.328170e+01  8.272974e+00  2.270000e+01
     vertex -3.229277e+01  5.539235e+00  2.270000e+01
     vertex -3.213984e+01  5.607238e+00  2.270000e+01
   endloop
 endfacet
 facet normal  0.000000e+00  0.000000e+00  1.000000e+00
   outer loop
     vertex -2.139385e+01 -3.372731e+00  2.270000e+01
     vertex -2.408252e+01 -2.285962e+00  2.270000e+01
     vertex -2.414736e+01 -2.440254e+00  2.270000e+01
   endloop
 endfacet
 facet normal  0.000000e+00  0.000000e+00  1.000000e+00
   outer loop
     vertex -2.139385e+01 -3.372731e+00  2.270000e+01
     vertex -2.402193e+01 -2.129949e+00  2.270000e+01
     vertex -2.408252e+01 -2.285962e+00  2.270000e+01
   endloop
 endfacet
 facet normal  0.000000e+00  0.000000e+00  1.000000e+00
   outer loop
     vertex -2.139385e+01 -3.372731e+00  2.270000e+01
     vertex -2.414736e+01 -2.440254e+00  2.270000e+01
     vertex -2.148952e+01 -3.600375e+00  2.270000e+01
   endloop
 endfacet
 facet normal  0.000000e+00  0.000000e+00  1.000000e+00
   outer loop
     vertex -3.305341e+01  8.367079e+00  2.270000e+01
     vertex -3.328170e+01  8.272974e+00  2.270000e+01
     vertex -3.213984e+01  5.607238e+00  2.270000e+01
   endloop
 endfacet
 facet normal  0.000000e+00  0.000000e+00  1.000000e+00
   outer loop
     vertex -3.305341e+01  8.367079e+00  2.270000e+01
     vertex -3.213984e+01  5.607238e+00  2.270000e+01
     vertex -3.198511e+01  5.671020e+00  2.270000e+01
   endloop
 endfacet
 facet normal  0.000000e+00  0.000000e+00  1.000000e+00
   outer loop
     vertex -2.130446e+01 -3.142548e+00  2.270000e+01
     vertex -2.396565e+01 -1.972333e+00  2.270000e+01
     vertex -2.402193e+01 -2.129949e+00  2.270000e+01
   endloop
 endfacet
 facet normal  0.000000e+00  0.000000e+00  1.000000e+00
   outer loop
     vertex -2.130446e+01 -3.142548e+00  2.270000e+01
     vertex -2.402193e+01 -2.129949e+00  2.270000e+01
     vertex -2.139385e+01 -3.372731e+00  2.270000e+01
   endloop
 endfacet
 facet normal  0.000000e+00  0.000000e+00  1.000000e+00
   outer loop
     vertex -3.282262e+01  8.454885e+00  2.270000e+01
     vertex -3.305341e+01  8.367079e+00  2.270000e+01
     vertex -3.198511e+01  5.671020e+00  2.270000e+01
   endloop
 endfacet
 facet normal  0.000000e+00  0.000000e+00  1.000000e+00
   outer loop
     vertex -3.282262e+01  8.454885e+00  2.270000e+01
     vertex -3.198511e+01  5.671020e+00  2.270000e+01
     vertex -3.182868e+01  5.730533e+00  2.270000e+01
   endloop
 endfacet
 facet normal  0.000000e+00  0.000000e+00  1.000000e+00
   outer loop
     vertex -2.122142e+01 -2.910000e+00  2.270000e+01
     vertex -2.396565e+01 -1.972333e+00  2.270000e+01
     vertex -2.130446e+01 -3.142548e+00  2.270000e+01
   endloop
 endfacet
 facet normal  0.000000e+00  0.000000e+00  1.000000e+00
   outer loop
     vertex -3.258950e+01  8.536327e+00  2.270000e+01
     vertex -3.282262e+01  8.454885e+00  2.270000e+01
     vertex -3.182868e+01  5.730533e+00  2.270000e+01
   endloop
 endfacet
 facet normal  0.000000e+00  0.000000e+00  1.000000e+00
   outer loop
     vertex -3.258950e+01  8.536327e+00  2.270000e+01
     vertex -3.167068e+01  5.785732e+00  2.270000e+01
     vertex -3.151123e+01  5.836576e+00  2.270000e+01
   endloop
 endfacet
 facet normal  0.000000e+00  0.000000e+00  1.000000e+00
   outer loop
     vertex -3.258950e+01  8.536327e+00  2.270000e+01
     vertex -3.182868e+01  5.730533e+00  2.270000e+01
     vertex -3.167068e+01  5.785732e+00  2.270000e+01
   endloop
 endfacet
 facet normal  0.000000e+00  0.000000e+00  1.000000e+00
   outer loop
     vertex -2.114480e+01 -2.675261e+00  2.270000e+01
     vertex -2.391372e+01 -1.813232e+00  2.270000e+01
     vertex -2.396565e+01 -1.972333e+00  2.270000e+01
   endloop
 endfacet
 facet normal  0.000000e+00  0.000000e+00  1.000000e+00
   outer loop
     vertex -2.114480e+01 -2.675261e+00  2.270000e+01
     vertex -2.396565e+01 -1.972333e+00  2.270000e+01
     vertex -2.122142e+01 -2.910000e+00  2.270000e+01
   endloop
 endfacet
 facet normal  0.000000e+00  0.000000e+00  1.000000e+00
   outer loop
     vertex -3.235425e+01  8.611342e+00  2.270000e+01
     vertex -3.258950e+01  8.536327e+00  2.270000e+01
     vertex -3.151123e+01  5.836576e+00  2.270000e+01
   endloop
 endfacet
 facet normal  0.000000e+00  0.000000e+00  1.000000e+00
   outer loop
     vertex -3.235425e+01  8.611342e+00  2.270000e+01
     vertex -3.151123e+01  5.836576e+00  2.270000e+01
     vertex -3.135044e+01  5.883027e+00  2.270000e+01
   endloop
 endfacet
 facet normal  0.000000e+00  0.000000e+00  1.000000e+00
   outer loop
     vertex -2.107464e+01 -2.438507e+00  2.270000e+01
     vertex -2.386616e+01 -1.652766e+00  2.270000e+01
     vertex -2.391372e+01 -1.813232e+00  2.270000e+01
   endloop
 endfacet
 facet normal  0.000000e+00  0.000000e+00  1.000000e+00
   outer loop
     vertex -2.107464e+01 -2.438507e+00  2.270000e+01
     vertex -2.382303e+01 -1.491056e+00  2.270000e+01
     vertex -2.386616e+01 -1.652766e+00  2.270000e+01
   endloop
 endfacet
 facet normal  0.000000e+00  0.000000e+00  1.000000e+00
   outer loop
     vertex -2.107464e+01 -2.438507e+00  2.270000e+01
     vertex -2.391372e+01 -1.813232e+00  2.270000e+01
     vertex -2.114480e+01 -2.675261e+00  2.270000e+01
   endloop
 endfacet
 facet normal  0.000000e+00  0.000000e+00  1.000000e+00
   outer loop
     vertex -3.211702e+01  8.679875e+00  2.270000e+01
     vertex -3.135044e+01  5.883027e+00  2.270000e+01
     vertex -3.118844e+01  5.925048e+00  2.270000e+01
   endloop
 endfacet
 facet normal  0.000000e+00  0.000000e+00  1.000000e+00
   outer loop
     vertex -3.211702e+01  8.679875e+00  2.270000e+01
     vertex -3.235425e+01  8.611342e+00  2.270000e+01
     vertex -3.135044e+01  5.883027e+00  2.270000e+01
   endloop
 endfacet
 facet normal  0.000000e+00  0.000000e+00  1.000000e+00
   outer loop
     vertex -2.101100e+01 -2.199919e+00  2.270000e+01
     vertex -2.382303e+01 -1.491056e+00  2.270000e+01
     vertex -2.107464e+01 -2.438507e+00  2.270000e+01
   endloop
 endfacet
 facet normal  0.000000e+00  0.000000e+00  1.000000e+00
   outer loop
     vertex -3.187800e+01  8.741875e+00  2.270000e+01
     vertex -3.211702e+01  8.679875e+00  2.270000e+01
     vertex -3.118844e+01  5.925048e+00  2.270000e+01
   endloop
 endfacet
 facet normal  0.000000e+00  0.000000e+00  1.000000e+00
   outer loop
     vertex -2.095393e+01 -1.959674e+00  2.270000e+01
     vertex -2.382303e+01 -1.491056e+00  2.270000e+01
     vertex -2.101100e+01 -2.199919e+00  2.270000e+01
   endloop
 endfacet
 facet normal  0.000000e+00  0.000000e+00  1.000000e+00
   outer loop
     vertex -2.095393e+01 -1.959674e+00  2.270000e+01
     vertex -2.378435e+01 -1.328224e+00  2.270000e+01
     vertex -2.382303e+01 -1.491056e+00  2.270000e+01
   endloop
 endfacet
 facet normal  0.000000e+00  0.000000e+00  1.000000e+00
   outer loop
     vertex -3.163737e+01  8.797294e+00  2.270000e+01
     vertex -3.187800e+01  8.741875e+00  2.270000e+01
     vertex -3.118844e+01  5.925048e+00  2.270000e+01
   endloop
 endfacet
 facet normal  0.000000e+00  0.000000e+00  1.000000e+00
   outer loop
     vertex -3.163737e+01  8.797294e+00  2.270000e+01
     vertex -3.102535e+01  5.962610e+00  2.270000e+01
     vertex -3.086128e+01  5.995683e+00  2.270000e+01
   endloop
 endfacet
 facet normal  0.000000e+00  0.000000e+00  1.000000e+00
   outer loop
     vertex -3.163737e+01  8.797294e+00  2.270000e+01
     vertex -3.118844e+01  5.925048e+00  2.270000e+01
     vertex -3.102535e+01  5.962610e+00  2.270000e+01
   endloop
 endfacet
 facet normal  0.000000e+00  0.000000e+00  1.000000e+00
   outer loop
     vertex -2.090348e+01 -1.717954e+00  2.270000e+01
     vertex -2.375015e+01 -1.164391e+00  2.270000e+01
     vertex -2.378435e+01 -1.328224e+00  2.270000e+01
   endloop
 endfacet
 facet normal  0.000000e+00  0.000000e+00  1.000000e+00
   outer loop
     vertex -2.090348e+01 -1.717954e+00  2.270000e+01
     vertex -2.378435e+01 -1.328224e+00  2.270000e+01
     vertex -2.095393e+01 -1.959674e+00  2.270000e+01
   endloop
 endfacet
 facet normal  0.000000e+00  0.000000e+00  1.000000e+00
   outer loop
     vertex -3.139531e+01  8.846090e+00  2.270000e+01
     vertex -3.163737e+01  8.797294e+00  2.270000e+01
     vertex -3.086128e+01  5.995683e+00  2.270000e+01
   endloop
 endfacet
 facet normal  0.000000e+00  0.000000e+00  1.000000e+00
   outer loop
     vertex -2.085967e+01 -1.474941e+00  2.270000e+01
     vertex -2.375015e+01 -1.164391e+00  2.270000e+01
     vertex -2.090348e+01 -1.717954e+00  2.270000e+01
   endloop
 endfacet
 facet normal  0.000000e+00  0.000000e+00  1.000000e+00
   outer loop
     vertex -2.085967e+01 -1.474941e+00  2.270000e+01
     vertex -2.372046e+01 -9.996824e-01  2.270000e+01
     vertex -2.375015e+01 -1.164391e+00  2.270000e+01
   endloop
 endfacet
 facet normal  0.000000e+00  0.000000e+00  1.000000e+00
   outer loop
     vertex -2.085967e+01 -1.474941e+00  2.270000e+01
     vertex -2.369530e+01 -8.342210e-01  2.270000e+01
     vertex -2.372046e+01 -9.996824e-01  2.270000e+01
   endloop
 endfacet
 facet normal  0.000000e+00  0.000000e+00  1.000000e+00
   outer loop
     vertex -3.115200e+01  8.888227e+00  2.270000e+01
     vertex -3.139531e+01  8.846090e+00  2.270000e+01
     vertex -3.086128e+01  5.995683e+00  2.270000e+01
   endloop
 endfacet
 facet normal  0.000000e+00  0.000000e+00  1.000000e+00
   outer loop
     vertex -3.115200e+01  8.888227e+00  2.270000e+01
     vertex -3.069637e+01  6.024243e+00  2.270000e+01
     vertex -3.053074e+01  6.048268e+00  2.270000e+01
   endloop
 endfacet
 facet normal  0.000000e+00  0.000000e+00  1.000000e+00
   outer loop
     vertex -3.115200e+01  8.888227e+00  2.270000e+01
     vertex -3.086128e+01  5.995683e+00  2.270000e+01
     vertex -3.069637e+01  6.024243e+00  2.270000e+01
   endloop
 endfacet
 facet normal  0.000000e+00  0.000000e+00  1.000000e+00
   outer loop
     vertex -2.082255e+01 -1.230818e+00  2.270000e+01
     vertex -2.369530e+01 -8.342210e-01  2.270000e+01
     vertex -2.085967e+01 -1.474941e+00  2.270000e+01
   endloop
 endfacet
 facet normal  0.000000e+00  0.000000e+00  1.000000e+00
   outer loop
     vertex -3.090763e+01  8.923674e+00  2.270000e+01
     vertex -3.115200e+01  8.888227e+00  2.270000e+01
     vertex -3.053074e+01  6.048268e+00  2.270000e+01
   endloop
 endfacet
 facet normal  0.000000e+00  0.000000e+00  1.000000e+00
   outer loop
     vertex -3.090763e+01  8.923674e+00  2.270000e+01
     vertex -3.053074e+01  6.048268e+00  2.270000e+01
     vertex -3.036452e+01  6.067740e+00  2.270000e+01
   endloop
 endfacet
 facet normal  0.000000e+00  0.000000e+00  1.000000e+00
   outer loop
     vertex -2.079214e+01 -9.857679e-01  2.270000e+01
     vertex -2.369530e+01 -8.342210e-01  2.270000e+01
     vertex -2.082255e+01 -1.230818e+00  2.270000e+01
   endloop
 endfacet
 facet normal  0.000000e+00  0.000000e+00  1.000000e+00
   outer loop
     vertex -2.079214e+01 -9.857679e-01  2.270000e+01
     vertex -2.367469e+01 -6.681316e-01  2.270000e+01
     vertex -2.369530e+01 -8.342210e-01  2.270000e+01
   endloop
 endfacet
 facet normal  0.000000e+00  0.000000e+00  1.000000e+00
   outer loop
     vertex -3.066237e+01  8.952403e+00  2.270000e+01
     vertex -3.090763e+01  8.923674e+00  2.270000e+01
     vertex -3.036452e+01  6.067740e+00  2.270000e+01
   endloop
 endfacet
 facet normal  0.000000e+00  0.000000e+00  1.000000e+00
   outer loop
     vertex -2.076846e+01 -7.399760e-01  2.270000e+01
     vertex -2.365864e+01 -5.015393e-01  2.270000e+01
     vertex -2.367469e+01 -6.681316e-01  2.270000e+01
   endloop
 endfacet
 facet normal  0.000000e+00  0.000000e+00  1.000000e+00
   outer loop
     vertex -2.076846e+01 -7.399760e-01  2.270000e+01
     vertex -2.364717e+01 -3.345694e-01  2.270000e+01
     vertex -2.365864e+01 -5.015393e-01  2.270000e+01
   endloop
 endfacet
 facet normal  0.000000e+00  0.000000e+00  1.000000e+00
   outer loop
     vertex -2.076846e+01 -7.399760e-01  2.270000e+01
     vertex -2.367469e+01 -6.681316e-01  2.270000e+01
     vertex -2.079214e+01 -9.857679e-01  2.270000e+01
   endloop
 endfacet
 facet normal  0.000000e+00  0.000000e+00  1.000000e+00
   outer loop
     vertex -3.041642e+01  8.974393e+00  2.270000e+01
     vertex -3.066237e+01  8.952403e+00  2.270000e+01
     vertex -3.036452e+01  6.067740e+00  2.270000e+01
   endloop
 endfacet
 facet normal  0.000000e+00  0.000000e+00  1.000000e+00
   outer loop
     vertex -3.041642e+01  8.974393e+00  2.270000e+01
     vertex -3.019782e+01  6.082644e+00  2.270000e+01
     vertex -3.003077e+01  6.092970e+00  2.270000e+01
   endloop
 endfacet
 facet normal  0.000000e+00  0.000000e+00  1.000000e+00
   outer loop
     vertex -3.041642e+01  8.974393e+00  2.270000e+01
     vertex -3.036452e+01  6.067740e+00  2.270000e+01
     vertex -3.019782e+01  6.082644e+00  2.270000e+01
   endloop
 endfacet
 facet normal  0.000000e+00  0.000000e+00  1.000000e+00
   outer loop
     vertex -2.075154e+01 -4.936270e-01  2.270000e+01
     vertex -2.364717e+01 -3.345694e-01  2.270000e+01
     vertex -2.076846e+01 -7.399760e-01  2.270000e+01
   endloop
 endfacet
 facet normal  0.000000e+00  0.000000e+00  1.000000e+00
   outer loop
     vertex -3.016997e+01  8.989627e+00  2.270000e+01
     vertex -3.041642e+01  8.974393e+00  2.270000e+01
     vertex -3.003077e+01  6.092970e+00  2.270000e+01
   endloop
 endfacet
 facet normal  0.000000e+00  0.000000e+00  1.000000e+00
   outer loop
     vertex -3.016997e+01  8.989627e+00  2.270000e+01
     vertex -3.003077e+01  6.092970e+00  2.270000e+01
     vertex -2.986351e+01  6.098708e+00  2.270000e+01
   endloop
 endfacet
 facet normal  0.000000e+00  0.000000e+00  1.000000e+00
   outer loop
     vertex -2.074138e+01 -2.469064e-01  2.270000e+01
     vertex -2.364029e+01 -1.673477e-01  2.270000e+01
     vertex -2.364717e+01 -3.345694e-01  2.270000e+01
   endloop
 endfacet
 facet normal  0.000000e+00  0.000000e+00  1.000000e+00
   outer loop
     vertex -2.074138e+01 -2.469064e-01  2.270000e+01
     vertex -2.363799e+01  0.000000e+00  2.270000e+01
     vertex -2.364029e+01 -1.673477e-01  2.270000e+01
   endloop
 endfacet
 facet normal  0.000000e+00  0.000000e+00  1.000000e+00
   outer loop
     vertex -2.074138e+01 -2.469064e-01  2.270000e+01
     vertex -2.364717e+01 -3.345694e-01  2.270000e+01
     vertex -2.075154e+01 -4.936270e-01  2.270000e+01
   endloop
 endfacet
 facet normal  0.000000e+00  0.000000e+00  1.000000e+00
   outer loop
     vertex -2.992318e+01  8.998095e+00  2.270000e+01
     vertex -3.016997e+01  8.989627e+00  2.270000e+01
     vertex -2.986351e+01  6.098708e+00  2.270000e+01
   endloop
 endfacet
 facet normal  0.000000e+00  0.000000e+00  1.000000e+00
   outer loop
     vertex -2.992318e+01  8.998095e+00  2.270000e+01
     vertex -2.986351e+01  6.098708e+00  2.270000e+01
     vertex -2.969615e+01  6.099856e+00  2.270000e+01
   endloop
 endfacet
 facet normal  0.000000e+00  0.000000e+00  1.000000e+00
   outer loop
     vertex -2.073799e+01  0.000000e+00  2.270000e+01
     vertex -2.363799e+01  0.000000e+00  2.270000e+01
     vertex -2.074138e+01 -2.469064e-01  2.270000e+01
   endloop
 endfacet
 facet normal  0.000000e+00  0.000000e+00  1.000000e+00
   outer loop
     vertex -2.967626e+01  8.999788e+00  2.270000e+01
     vertex -2.992318e+01  8.998095e+00  2.270000e+01
     vertex -2.969615e+01  6.099856e+00  2.270000e+01
   endloop
 endfacet
 facet normal  0.000000e+00  0.000000e+00  1.000000e+00
   outer loop
     vertex -2.967626e+01  8.999788e+00  2.270000e+01
     vertex -2.969615e+01  6.099856e+00  2.270000e+01
     vertex -2.952882e+01  6.096413e+00  2.270000e+01
   endloop
 endfacet
 facet normal  0.000000e+00  0.000000e+00  1.000000e+00
   outer loop
     vertex -2.074138e+01  2.469064e-01  2.270000e+01
     vertex -2.364029e+01  1.673477e-01  2.270000e+01
     vertex -2.363799e+01  0.000000e+00  2.270000e+01
   endloop
 endfacet
 facet normal  0.000000e+00  0.000000e+00  1.000000e+00
   outer loop
     vertex -2.074138e+01  2.469064e-01  2.270000e+01
     vertex -2.363799e+01  0.000000e+00  2.270000e+01
     vertex -2.073799e+01  0.000000e+00  2.270000e+01
   endloop
 endfacet
 facet normal  0.000000e+00  0.000000e+00  1.000000e+00
   outer loop
     vertex -2.942938e+01  8.994707e+00  2.270000e+01
     vertex -2.967626e+01  8.999788e+00  2.270000e+01
     vertex -2.952882e+01  6.096413e+00  2.270000e+01
   endloop
 endfacet
 facet normal  0.000000e+00  0.000000e+00  1.000000e+00
   outer loop
     vertex -2.075154e+01  4.936270e-01  2.270000e+01
     vertex -2.364717e+01  3.345694e-01  2.270000e+01
     vertex -2.364029e+01  1.673477e-01  2.270000e+01
   endloop
 endfacet
 facet normal  0.000000e+00  0.000000e+00  1.000000e+00
   outer loop
     vertex -2.075154e+01  4.936270e-01  2.270000e+01
     vertex -2.364029e+01  1.673477e-01  2.270000e+01
     vertex -2.074138e+01  2.469064e-01  2.270000e+01
   endloop
 endfacet
 facet normal  0.000000e+00  0.000000e+00  1.000000e+00
   outer loop
     vertex -2.918273e+01  8.982855e+00  2.270000e+01
     vertex -2.942938e+01  8.994707e+00  2.270000e+01
     vertex -2.952882e+01  6.096413e+00  2.270000e+01
   endloop
 endfacet
 facet normal  0.000000e+00  0.000000e+00  1.000000e+00
   outer loop
     vertex -2.918273e+01  8.982855e+00  2.270000e+01
     vertex -2.952882e+01  6.096413e+00  2.270000e+01
     vertex -2.936165e+01  6.088380e+00  2.270000e+01
   endloop
 endfacet
 facet normal  0.000000e+00  0.000000e+00  1.000000e+00
   outer loop
     vertex -2.076846e+01  7.399760e-01  2.270000e+01
     vertex -2.364717e+01  3.345694e-01  2.270000e+01
     vertex -2.075154e+01  4.936270e-01  2.270000e+01
   endloop
 endfacet
 facet normal  0.000000e+00  0.000000e+00  1.000000e+00
   outer loop
     vertex -2.076846e+01  7.399760e-01  2.270000e+01
     vertex -2.365864e+01  5.015393e-01  2.270000e+01
     vertex -2.364717e+01  3.345694e-01  2.270000e+01
   endloop
 endfacet
 facet normal  0.000000e+00  0.000000e+00  1.000000e+00
   outer loop
     vertex -2.893651e+01  8.964241e+00  2.270000e+01
     vertex -2.918273e+01  8.982855e+00  2.270000e+01
     vertex -2.936165e+01  6.088380e+00  2.270000e+01
   endloop
 endfacet
 facet normal  0.000000e+00  0.000000e+00  1.000000e+00
   outer loop
     vertex -2.893651e+01  8.964241e+00  2.270000e+01
     vertex -2.936165e+01  6.088380e+00  2.270000e+01
     vertex -2.919476e+01  6.075764e+00  2.270000e+01
   endloop
 endfacet
 facet normal  0.000000e+00  0.000000e+00  1.000000e+00
   outer loop
     vertex -2.079214e+01  9.857679e-01  2.270000e+01
     vertex -2.365864e+01  5.015393e-01  2.270000e+01
     vertex -2.076846e+01  7.399760e-01  2.270000e+01
   endloop
 endfacet
 facet normal  0.000000e+00  0.000000e+00  1.000000e+00
   outer loop
     vertex -2.079214e+01  9.857679e-01  2.270000e+01
     vertex -2.367469e+01  6.681316e-01  2.270000e+01
     vertex -2.365864e+01  5.015393e-01  2.270000e+01
   endloop
 endfacet
 facet normal  0.000000e+00  0.000000e+00  1.000000e+00
   outer loop
     vertex -2.079214e+01  9.857679e-01  2.270000e+01
     vertex -2.369530e+01  8.342210e-01  2.270000e+01
     vertex -2.367469e+01  6.681316e-01  2.270000e+01
   endloop
 endfacet
 facet normal  0.000000e+00  0.000000e+00  1.000000e+00
   outer loop
     vertex -2.869088e+01  8.938879e+00  2.270000e+01
     vertex -2.893651e+01  8.964241e+00  2.270000e+01
     vertex -2.919476e+01  6.075764e+00  2.270000e+01
   endloop
 endfacet
 facet normal  0.000000e+00  0.000000e+00  1.000000e+00
   outer loop
     vertex -2.869088e+01  8.938879e+00  2.270000e+01
     vertex -2.919476e+01  6.075764e+00  2.270000e+01
     vertex -2.902829e+01  6.058574e+00  2.270000e+01
   endloop
 endfacet
 facet normal  0.000000e+00  0.000000e+00  1.000000e+00
   outer loop
     vertex -2.082255e+01  1.230818e+00  2.270000e+01
     vertex -2.369530e+01  8.342210e-01  2.270000e+01
     vertex -2.079214e+01  9.857679e-01  2.270000e+01
   endloop
 endfacet
 facet normal  0.000000e+00  0.000000e+00  1.000000e+00
   outer loop
     vertex -2.844605e+01  8.906789e+00  2.270000e+01
     vertex -2.869088e+01  8.938879e+00  2.270000e+01
     vertex -2.902829e+01  6.058574e+00  2.270000e+01
   endloop
 endfacet
 facet normal  0.000000e+00  0.000000e+00  1.000000e+00
   outer loop
     vertex -2.844605e+01  8.906789e+00  2.270000e+01
     vertex -2.902829e+01  6.058574e+00  2.270000e+01
     vertex -2.886234e+01  6.036823e+00  2.270000e+01
   endloop
 endfacet
 facet normal  0.000000e+00  0.000000e+00  1.000000e+00
   outer loop
     vertex -2.085967e+01  1.474941e+00  2.270000e+01
     vertex -2.372046e+01  9.996824e-01  2.270000e+01
     vertex -2.369530e+01  8.342210e-01  2.270000e+01
   endloop
 endfacet
 facet normal  0.000000e+00  0.000000e+00  1.000000e+00
   outer loop
     vertex -2.085967e+01  1.474941e+00  2.270000e+01
     vertex -2.375015e+01  1.164391e+00  2.270000e+01
     vertex -2.372046e+01  9.996824e-01  2.270000e+01
   endloop
 endfacet
 facet normal  0.000000e+00  0.000000e+00  1.000000e+00
   outer loop
     vertex -2.085967e+01  1.474941e+00  2.270000e+01
     vertex -2.369530e+01  8.342210e-01  2.270000e+01
     vertex -2.082255e+01  1.230818e+00  2.270000e+01
   endloop
 endfacet
 facet normal  0.000000e+00  0.000000e+00  1.000000e+00
   outer loop
     vertex -2.820219e+01  8.867993e+00  2.270000e+01
     vertex -2.844605e+01  8.906789e+00  2.270000e+01
     vertex -2.886234e+01  6.036823e+00  2.270000e+01
   endloop
 endfacet
 facet normal  0.000000e+00  0.000000e+00  1.000000e+00
   outer loop
     vertex -2.820219e+01  8.867993e+00  2.270000e+01
     vertex -2.869706e+01  6.010529e+00  2.270000e+01
     vertex -2.853255e+01  5.979709e+00  2.270000e+01
   endloop
 endfacet
 facet normal  0.000000e+00  0.000000e+00  1.000000e+00
   outer loop
     vertex -2.820219e+01  8.867993e+00  2.270000e+01
     vertex -2.886234e+01  6.036823e+00  2.270000e+01
     vertex -2.869706e+01  6.010529e+00  2.270000e+01
   endloop
 endfacet
 facet normal  0.000000e+00  0.000000e+00  1.000000e+00
   outer loop
     vertex -2.090348e+01  1.717954e+00  2.270000e+01
     vertex -2.375015e+01  1.164391e+00  2.270000e+01
     vertex -2.085967e+01  1.474941e+00  2.270000e+01
   endloop
 endfacet
 facet normal  0.000000e+00  0.000000e+00  1.000000e+00
   outer loop
     vertex -2.795948e+01  8.822522e+00  2.270000e+01
     vertex -2.820219e+01  8.867993e+00  2.270000e+01
     vertex -2.853255e+01  5.979709e+00  2.270000e+01
   endloop
 endfacet
 facet normal  0.000000e+00  0.000000e+00  1.000000e+00
   outer loop
     vertex -2.095393e+01  1.959674e+00  2.270000e+01
     vertex -2.375015e+01  1.164391e+00  2.270000e+01
     vertex -2.090348e+01  1.717954e+00  2.270000e+01
   endloop
 endfacet
 facet normal  0.000000e+00  0.000000e+00  1.000000e+00
   outer loop
     vertex -2.095393e+01  1.959674e+00  2.270000e+01
     vertex -2.378435e+01  1.328224e+00  2.270000e+01
     vertex -2.375015e+01  1.164391e+00  2.270000e+01
   endloop
 endfacet
 facet normal  0.000000e+00  0.000000e+00  1.000000e+00
   outer loop
     vertex -2.771811e+01  8.770409e+00  2.270000e+01
     vertex -2.853255e+01  5.979709e+00  2.270000e+01
     vertex -2.836896e+01  5.944389e+00  2.270000e+01
   endloop
 endfacet
 facet normal  0.000000e+00  0.000000e+00  1.000000e+00
   outer loop
     vertex -2.771811e+01  8.770409e+00  2.270000e+01
     vertex -2.795948e+01  8.822522e+00  2.270000e+01
     vertex -2.853255e+01  5.979709e+00  2.270000e+01
   endloop
 endfacet
 facet normal  0.000000e+00  0.000000e+00  1.000000e+00
   outer loop
     vertex -2.101100e+01  2.199919e+00  2.270000e+01
     vertex -2.382303e+01  1.491056e+00  2.270000e+01
     vertex -2.378435e+01  1.328224e+00  2.270000e+01
   endloop
 endfacet
 facet normal  0.000000e+00  0.000000e+00  1.000000e+00
   outer loop
     vertex -2.101100e+01  2.199919e+00  2.270000e+01
     vertex -2.386616e+01  1.652766e+00  2.270000e+01
     vertex -2.382303e+01  1.491056e+00  2.270000e+01
   endloop
 endfacet
 facet normal  0.000000e+00  0.000000e+00  1.000000e+00
   outer loop
     vertex -2.101100e+01  2.199919e+00  2.270000e+01
     vertex -2.378435e+01  1.328224e+00  2.270000e+01
     vertex -2.095393e+01  1.959674e+00  2.270000e+01
   endloop
 endfacet
 facet normal  0.000000e+00  0.000000e+00  1.000000e+00
   outer loop
     vertex -2.747826e+01  8.711695e+00  2.270000e+01
     vertex -2.771811e+01  8.770409e+00  2.270000e+01
     vertex -2.836896e+01  5.944389e+00  2.270000e+01
   endloop
 endfacet
 facet normal  0.000000e+00  0.000000e+00  1.000000e+00
   outer loop
     vertex -2.747826e+01  8.711695e+00  2.270000e+01
     vertex -2.820640e+01  5.904593e+00  2.270000e+01
     vertex -2.804499e+01  5.860353e+00  2.270000e+01
   endloop
 endfacet
 facet normal  0.000000e+00  0.000000e+00  1.000000e+00
   outer loop
     vertex -2.747826e+01  8.711695e+00  2.270000e+01
     vertex -2.836896e+01  5.944389e+00  2.270000e+01
     vertex -2.820640e+01  5.904593e+00  2.270000e+01
   endloop
 endfacet
 facet normal  0.000000e+00  0.000000e+00  1.000000e+00
   outer loop
     vertex -2.107464e+01  2.438507e+00  2.270000e+01
     vertex -2.386616e+01  1.652766e+00  2.270000e+01
     vertex -2.101100e+01  2.199919e+00  2.270000e+01
   endloop
 endfacet
 facet normal  0.000000e+00  0.000000e+00  1.000000e+00
   outer loop
     vertex -2.107464e+01  2.438507e+00  2.270000e+01
     vertex -2.391372e+01  1.813232e+00  2.270000e+01
     vertex -2.386616e+01  1.652766e+00  2.270000e+01
   endloop
 endfacet
 facet normal  0.000000e+00  0.000000e+00  1.000000e+00
   outer loop
     vertex -2.724012e+01  8.646422e+00  2.270000e+01
     vertex -2.747826e+01  8.711695e+00  2.270000e+01
     vertex -2.804499e+01  5.860353e+00  2.270000e+01
   endloop
 endfacet
 facet normal  0.000000e+00  0.000000e+00  1.000000e+00
   outer loop
     vertex -2.114480e+01  2.675261e+00  2.270000e+01
     vertex -2.391372e+01  1.813232e+00  2.270000e+01
     vertex -2.107464e+01  2.438507e+00  2.270000e+01
   endloop
 endfacet
 facet normal  0.000000e+00  0.000000e+00  1.000000e+00
   outer loop
     vertex -2.700385e+01  8.574641e+00  2.270000e+01
     vertex -2.724012e+01  8.646422e+00  2.270000e+01
     vertex -2.804499e+01  5.860353e+00  2.270000e+01
   endloop
 endfacet
 facet normal  0.000000e+00  0.000000e+00  1.000000e+00
   outer loop
     vertex -2.700385e+01  8.574641e+00  2.270000e+01
     vertex -2.804499e+01  5.860353e+00  2.270000e+01
     vertex -2.788485e+01  5.811701e+00  2.270000e+01
   endloop
 endfacet
 facet normal  0.000000e+00  0.000000e+00  1.000000e+00
   outer loop
     vertex -2.122142e+01  2.910000e+00  2.270000e+01
     vertex -2.396565e+01  1.972333e+00  2.270000e+01
     vertex -2.391372e+01  1.813232e+00  2.270000e+01
   endloop
 endfacet
 facet normal  0.000000e+00  0.000000e+00  1.000000e+00
   outer loop
     vertex -2.122142e+01  2.910000e+00  2.270000e+01
     vertex -2.391372e+01  1.813232e+00  2.270000e+01
     vertex -2.114480e+01  2.675261e+00  2.270000e+01
   endloop
 endfacet
 facet normal  0.000000e+00  0.000000e+00  1.000000e+00
   outer loop
     vertex -2.676964e+01  8.496405e+00  2.270000e+01
     vertex -2.700385e+01  8.574641e+00  2.270000e+01
     vertex -2.788485e+01  5.811701e+00  2.270000e+01
   endloop
 endfacet
 facet normal  0.000000e+00  0.000000e+00  1.000000e+00
   outer loop
     vertex -2.676964e+01  8.496405e+00  2.270000e+01
     vertex -2.788485e+01  5.811701e+00  2.270000e+01
     vertex -2.772611e+01  5.758675e+00  2.270000e+01
   endloop
 endfacet
 facet normal  0.000000e+00  0.000000e+00  1.000000e+00
   outer loop
     vertex -2.130446e+01  3.142548e+00  2.270000e+01
     vertex -2.402193e+01  2.129949e+00  2.270000e+01
     vertex -2.396565e+01  1.972333e+00  2.270000e+01
   endloop
 endfacet
 facet normal  0.000000e+00  0.000000e+00  1.000000e+00
   outer loop
     vertex -2.130446e+01  3.142548e+00  2.270000e+01
     vertex -2.396565e+01  1.972333e+00  2.270000e+01
     vertex -2.122142e+01  2.910000e+00  2.270000e+01
   endloop
 endfacet
 facet normal  0.000000e+00  0.000000e+00  1.000000e+00
   outer loop
     vertex -2.653767e+01  8.411774e+00  2.270000e+01
     vertex -2.676964e+01  8.496405e+00  2.270000e+01
     vertex -2.772611e+01  5.758675e+00  2.270000e+01
   endloop
 endfacet
 facet normal  0.000000e+00  0.000000e+00  1.000000e+00
   outer loop
     vertex -2.653767e+01  8.411774e+00  2.270000e+01
     vertex -2.772611e+01  5.758675e+00  2.270000e+01
     vertex -2.756888e+01  5.701313e+00  2.270000e+01
   endloop
 endfacet
 facet normal  0.000000e+00  0.000000e+00  1.000000e+00
   outer loop
     vertex -2.139385e+01  3.372731e+00  2.270000e+01
     vertex -2.408252e+01  2.285962e+00  2.270000e+01
     vertex -2.402193e+01  2.129949e+00  2.270000e+01
   endloop
 endfacet
 facet normal  0.000000e+00  0.000000e+00  1.000000e+00
   outer loop
     vertex -2.139385e+01  3.372731e+00  2.270000e+01
     vertex -2.402193e+01  2.129949e+00  2.270000e+01
     vertex -2.130446e+01  3.142548e+00  2.270000e+01
   endloop
 endfacet
 facet normal  0.000000e+00  0.000000e+00  1.000000e+00
   outer loop
     vertex -2.630810e+01  8.320810e+00  2.270000e+01
     vertex -2.653767e+01  8.411774e+00  2.270000e+01
     vertex -2.756888e+01  5.701313e+00  2.270000e+01
   endloop
 endfacet
 facet normal  0.000000e+00  0.000000e+00  1.000000e+00
   outer loop
     vertex -2.630810e+01  8.320810e+00  2.270000e+01
     vertex -2.756888e+01  5.701313e+00  2.270000e+01
     vertex -2.741329e+01  5.639660e+00  2.270000e+01
   endloop
 endfacet
 facet normal  0.000000e+00  0.000000e+00  1.000000e+00
   outer loop
     vertex -2.148952e+01  3.600375e+00  2.270000e+01
     vertex -2.414736e+01  2.440254e+00  2.270000e+01
     vertex -2.408252e+01  2.285962e+00  2.270000e+01
   endloop
 endfacet
 facet normal  0.000000e+00  0.000000e+00  1.000000e+00
   outer loop
     vertex -2.148952e+01  3.600375e+00  2.270000e+01
     vertex -2.408252e+01  2.285962e+00  2.270000e+01
     vertex -2.139385e+01  3.372731e+00  2.270000e+01
   endloop
 endfacet
 facet normal  0.000000e+00  0.000000e+00  1.000000e+00
   outer loop
     vertex -2.608112e+01  8.223582e+00  2.270000e+01
     vertex -2.630810e+01  8.320810e+00  2.270000e+01
     vertex -2.741329e+01  5.639660e+00  2.270000e+01
   endloop
 endfacet
 facet normal  0.000000e+00  0.000000e+00  1.000000e+00
   outer loop
     vertex -2.608112e+01  8.223582e+00  2.270000e+01
     vertex -2.741329e+01  5.639660e+00  2.270000e+01
     vertex -2.725945e+01  5.573761e+00  2.270000e+01
   endloop
 endfacet
 facet normal  0.000000e+00  0.000000e+00  1.000000e+00
   outer loop
     vertex -2.159140e+01  3.825309e+00  2.270000e+01
     vertex -2.414736e+01  2.440254e+00  2.270000e+01
     vertex -2.148952e+01  3.600375e+00  2.270000e+01
   endloop
 endfacet
 facet normal  0.000000e+00  0.000000e+00  1.000000e+00
   outer loop
     vertex -2.159140e+01  3.825309e+00  2.270000e+01
     vertex -2.421641e+01  2.592710e+00  2.270000e+01
     vertex -2.414736e+01  2.440254e+00  2.270000e+01
   endloop
 endfacet
 facet normal  0.000000e+00  0.000000e+00  1.000000e+00
   outer loop
     vertex -2.585689e+01  8.120164e+00  2.270000e+01
     vertex -2.608112e+01  8.223582e+00  2.270000e+01
     vertex -2.725945e+01  5.573761e+00  2.270000e+01
   endloop
 endfacet
 facet normal  0.000000e+00  0.000000e+00  1.000000e+00
   outer loop
     vertex -2.585689e+01  8.120164e+00  2.270000e+01
     vertex -2.710747e+01  5.503667e+00  2.270000e+01
     vertex -2.695747e+01  5.429430e+00  2.270000e+01
   endloop
 endfacet
 facet normal  0.000000e+00  0.000000e+00  1.000000e+00
   outer loop
     vertex -2.585689e+01  8.120164e+00  2.270000e+01
     vertex -2.725945e+01  5.573761e+00  2.270000e+01
     vertex -2.710747e+01  5.503667e+00  2.270000e+01
   endloop
 endfacet
 facet normal  0.000000e+00  0.000000e+00  1.000000e+00
   outer loop
     vertex -2.169941e+01  4.047364e+00  2.270000e+01
     vertex -2.421641e+01  2.592710e+00  2.270000e+01
     vertex -2.159140e+01  3.825309e+00  2.270000e+01
   endloop
 endfacet
 facet normal  0.000000e+00  0.000000e+00  1.000000e+00
   outer loop
     vertex -2.169941e+01  4.047364e+00  2.270000e+01
     vertex -2.428962e+01  2.743213e+00  2.270000e+01
     vertex -2.421641e+01  2.592710e+00  2.270000e+01
   endloop
 endfacet
 facet normal  0.000000e+00  0.000000e+00  1.000000e+00
   outer loop
     vertex -2.563558e+01  8.010634e+00  2.270000e+01
     vertex -2.585689e+01  8.120164e+00  2.270000e+01
     vertex -2.695747e+01  5.429430e+00  2.270000e+01
   endloop
 endfacet
 facet normal  0.000000e+00  0.000000e+00  1.000000e+00
   outer loop
     vertex -2.181347e+01  4.266371e+00  2.270000e+01
     vertex -2.428962e+01  2.743213e+00  2.270000e+01
     vertex -2.169941e+01  4.047364e+00  2.270000e+01
   endloop
 endfacet
 facet normal  0.000000e+00  0.000000e+00  1.000000e+00
   outer loop
     vertex -2.181347e+01  4.266371e+00  2.270000e+01
     vertex -2.436693e+01  2.891652e+00  2.270000e+01
     vertex -2.428962e+01  2.743213e+00  2.270000e+01
   endloop
 endfacet
 facet normal  0.000000e+00  0.000000e+00  1.000000e+00
   outer loop
     vertex -2.541736e+01  7.895073e+00  2.270000e+01
     vertex -2.563558e+01  8.010634e+00  2.270000e+01
     vertex -2.695747e+01  5.429430e+00  2.270000e+01
   endloop
 endfacet
 facet normal  0.000000e+00  0.000000e+00  1.000000e+00
   outer loop
     vertex -2.541736e+01  7.895073e+00  2.270000e+01
     vertex -2.695747e+01  5.429430e+00  2.270000e+01
     vertex -2.680957e+01  5.351105e+00  2.270000e+01
   endloop
 endfacet
 facet normal  0.000000e+00  0.000000e+00  1.000000e+00
   outer loop
     vertex -2.193349e+01  4.482167e+00  2.270000e+01
     vertex -2.444828e+01  3.037913e+00  2.270000e+01
     vertex -2.436693e+01  2.891652e+00  2.270000e+01
   endloop
 endfacet
 facet normal  0.000000e+00  0.000000e+00  1.000000e+00
   outer loop
     vertex -2.193349e+01  4.482167e+00  2.270000e+01
     vertex -2.436693e+01  2.891652e+00  2.270000e+01
     vertex -2.181347e+01  4.266371e+00  2.270000e+01
   endloop
 endfacet
 facet normal  0.000000e+00  0.000000e+00  1.000000e+00
   outer loop
     vertex -2.520240e+01  7.773569e+00  2.270000e+01
     vertex -2.541736e+01  7.895073e+00  2.270000e+01
     vertex -2.680957e+01  5.351105e+00  2.270000e+01
   endloop
 endfacet
 facet normal  0.000000e+00  0.000000e+00  1.000000e+00
   outer loop
     vertex -2.520240e+01  7.773569e+00  2.270000e+01
     vertex -2.680957e+01  5.351105e+00  2.270000e+01
     vertex -2.666387e+01  5.268752e+00  2.270000e+01
   endloop
 endfacet
 facet normal  0.000000e+00  0.000000e+00  1.000000e+00
   outer loop
     vertex -2.205940e+01  4.694589e+00  2.270000e+01
     vertex -2.444828e+01  3.037913e+00  2.270000e+01
     vertex -2.193349e+01  4.482167e+00  2.270000e+01
   endloop
 endfacet
 facet normal  0.000000e+00  0.000000e+00  1.000000e+00
   outer loop
     vertex -2.205940e+01  4.694589e+00  2.270000e+01
     vertex -2.453361e+01  3.181888e+00  2.270000e+01
     vertex -2.444828e+01  3.037913e+00  2.270000e+01
   endloop
 endfacet
 facet normal  0.000000e+00  0.000000e+00  1.000000e+00
   outer loop
     vertex -2.499084e+01  7.646214e+00  2.270000e+01
     vertex -2.520240e+01  7.773569e+00  2.270000e+01
     vertex -2.666387e+01  5.268752e+00  2.270000e+01
   endloop
 endfacet
 facet normal  0.000000e+00  0.000000e+00  1.000000e+00
   outer loop
     vertex -2.499084e+01  7.646214e+00  2.270000e+01
     vertex -2.666387e+01  5.268752e+00  2.270000e+01
     vertex -2.652048e+01  5.182434e+00  2.270000e+01
   endloop
 endfacet
 facet normal  0.000000e+00  0.000000e+00  1.000000e+00
   outer loop
     vertex -2.219108e+01  4.903477e+00  2.270000e+01
     vertex -2.453361e+01  3.181888e+00  2.270000e+01
     vertex -2.205940e+01  4.694589e+00  2.270000e+01
   endloop
 endfacet
 facet normal  0.000000e+00  0.000000e+00  1.000000e+00
   outer loop
     vertex -2.219108e+01  4.903477e+00  2.270000e+01
     vertex -2.462286e+01  3.323468e+00  2.270000e+01
     vertex -2.453361e+01  3.181888e+00  2.270000e+01
   endloop
 endfacet
 facet normal  0.000000e+00  0.000000e+00  1.000000e+00
   outer loop
     vertex -2.219108e+01  4.903477e+00  2.270000e+01
     vertex -2.471596e+01  3.462546e+00  2.270000e+01
     vertex -2.462286e+01  3.323468e+00  2.270000e+01
   endloop
 endfacet
 facet normal  0.000000e+00  0.000000e+00  1.000000e+00
   outer loop
     vertex -2.478286e+01  7.513102e+00  2.270000e+01
     vertex -2.499084e+01  7.646214e+00  2.270000e+01
     vertex -2.652048e+01  5.182434e+00  2.270000e+01
   endloop
 endfacet
 facet normal  0.000000e+00  0.000000e+00  1.000000e+00
   outer loop
     vertex -2.478286e+01  7.513102e+00  2.270000e+01
     vertex -2.652048e+01  5.182434e+00  2.270000e+01
     vertex -2.637952e+01  5.092214e+00  2.270000e+01
   endloop
 endfacet
 facet normal  0.000000e+00  0.000000e+00  1.000000e+00
   outer loop
     vertex -2.232844e+01  5.108674e+00  2.270000e+01
     vertex -2.471596e+01  3.462546e+00  2.270000e+01
     vertex -2.219108e+01  4.903477e+00  2.270000e+01
   endloop
 endfacet
 facet normal  0.000000e+00  0.000000e+00  1.000000e+00
   outer loop
     vertex -2.457861e+01  7.374335e+00  2.270000e+01
     vertex -2.478286e+01  7.513102e+00  2.270000e+01
     vertex -2.637952e+01  5.092214e+00  2.270000e+01
   endloop
 endfacet
 facet normal  0.000000e+00  0.000000e+00  1.000000e+00
   outer loop
     vertex -2.457861e+01  7.374335e+00  2.270000e+01
     vertex -2.637952e+01  5.092214e+00  2.270000e+01
     vertex -2.624108e+01  4.998160e+00  2.270000e+01
   endloop
 endfacet
 facet normal  0.000000e+00  0.000000e+00  1.000000e+00
   outer loop
     vertex -2.247138e+01  5.310025e+00  2.270000e+01
     vertex -2.471596e+01  3.462546e+00  2.270000e+01
     vertex -2.232844e+01  5.108674e+00  2.270000e+01
   endloop
 endfacet
 facet normal  0.000000e+00  0.000000e+00  1.000000e+00
   outer loop
     vertex -2.247138e+01  5.310025e+00  2.270000e+01
     vertex -2.481284e+01  3.599017e+00  2.270000e+01
     vertex -2.471596e+01  3.462546e+00  2.270000e+01
   endloop
 endfacet
 facet normal  0.000000e+00  0.000000e+00  1.000000e+00
   outer loop
     vertex -2.437825e+01  7.230017e+00  2.270000e+01
     vertex -2.457861e+01  7.374335e+00  2.270000e+01
     vertex -2.624108e+01  4.998160e+00  2.270000e+01
   endloop
 endfacet
 facet normal  0.000000e+00  0.000000e+00  1.000000e+00
   outer loop
     vertex -2.437825e+01  7.230017e+00  2.270000e+01
     vertex -2.624108e+01  4.998160e+00  2.270000e+01
     vertex -2.610528e+01  4.900345e+00  2.270000e+01
   endloop
 endfacet
 facet normal  0.000000e+00  0.000000e+00  1.000000e+00
   outer loop
     vertex -2.261979e+01  5.507379e+00  2.270000e+01
     vertex -2.481284e+01  3.599017e+00  2.270000e+01
     vertex -2.247138e+01  5.310025e+00  2.270000e+01
   endloop
 endfacet
 facet normal  0.000000e+00  0.000000e+00  1.000000e+00
   outer loop
     vertex -2.261979e+01  5.507379e+00  2.270000e+01
     vertex -2.491343e+01  3.732779e+00  2.270000e+01
     vertex -2.481284e+01  3.599017e+00  2.270000e+01
   endloop
 endfacet
 facet normal  0.000000e+00  0.000000e+00  1.000000e+00
   outer loop
     vertex -2.261979e+01  5.507379e+00  2.270000e+01
     vertex -2.501765e+01  3.863731e+00  2.270000e+01
     vertex -2.491343e+01  3.732779e+00  2.270000e+01
   endloop
 endfacet
 facet normal  0.000000e+00  0.000000e+00  1.000000e+00
   outer loop
     vertex -2.418192e+01  7.080256e+00  2.270000e+01
     vertex -2.437825e+01  7.230017e+00  2.270000e+01
     vertex -2.610528e+01  4.900345e+00  2.270000e+01
   endloop
 endfacet
 facet normal  0.000000e+00  0.000000e+00  1.000000e+00
   outer loop
     vertex -2.418192e+01  7.080256e+00  2.270000e+01
     vertex -2.610528e+01  4.900345e+00  2.270000e+01
     vertex -2.597221e+01  4.798840e+00  2.270000e+01
   endloop
 endfacet
 facet normal  0.000000e+00  0.000000e+00  1.000000e+00
   outer loop
     vertex -2.277356e+01  5.700587e+00  2.270000e+01
     vertex -2.501765e+01  3.863731e+00  2.270000e+01
     vertex -2.261979e+01  5.507379e+00  2.270000e+01
   endloop
 endfacet
 facet normal  0.000000e+00  0.000000e+00  1.000000e+00
   outer loop
     vertex -2.398977e+01  6.925166e+00  2.270000e+01
     vertex -2.418192e+01  7.080256e+00  2.270000e+01
     vertex -2.597221e+01  4.798840e+00  2.270000e+01
   endloop
 endfacet
 facet normal  0.000000e+00  0.000000e+00  1.000000e+00
   outer loop
     vertex -2.398977e+01  6.925166e+00  2.270000e+01
     vertex -2.597221e+01  4.798840e+00  2.270000e+01
     vertex -2.584197e+01  4.693723e+00  2.270000e+01
   endloop
 endfacet
 facet normal  0.000000e+00  0.000000e+00  1.000000e+00
   outer loop
     vertex -2.293257e+01  5.889504e+00  2.270000e+01
     vertex -2.501765e+01  3.863731e+00  2.270000e+01
     vertex -2.277356e+01  5.700587e+00  2.270000e+01
   endloop
 endfacet
 facet normal  0.000000e+00  0.000000e+00  1.000000e+00
   outer loop
     vertex -2.293257e+01  5.889504e+00  2.270000e+01
     vertex -2.512543e+01  3.991775e+00  2.270000e+01
     vertex -2.501765e+01  3.863731e+00  2.270000e+01
   endloop
 endfacet
 facet normal  0.000000e+00  0.000000e+00  1.000000e+00
   outer loop
     vertex -2.293257e+01  5.889504e+00  2.270000e+01
     vertex -2.523668e+01  4.116814e+00  2.270000e+01
     vertex -2.512543e+01  3.991775e+00  2.270000e+01
   endloop
 endfacet
 facet normal  0.000000e+00  0.000000e+00  1.000000e+00
   outer loop
     vertex -2.380195e+01  6.764862e+00  2.270000e+01
     vertex -2.398977e+01  6.925166e+00  2.270000e+01
     vertex -2.584197e+01  4.693723e+00  2.270000e+01
   endloop
 endfacet
 facet normal  0.000000e+00  0.000000e+00  1.000000e+00
   outer loop
     vertex -2.380195e+01  6.764862e+00  2.270000e+01
     vertex -2.584197e+01  4.693723e+00  2.270000e+01
     vertex -2.571467e+01  4.585073e+00  2.270000e+01
   endloop
 endfacet
 facet normal  0.000000e+00  0.000000e+00  1.000000e+00
   outer loop
     vertex -2.309671e+01  6.073988e+00  2.270000e+01
     vertex -2.523668e+01  4.116814e+00  2.270000e+01
     vertex -2.293257e+01  5.889504e+00  2.270000e+01
   endloop
 endfacet
 facet normal  0.000000e+00  0.000000e+00  1.000000e+00
   outer loop
     vertex -2.361859e+01  6.599466e+00  2.270000e+01
     vertex -2.380195e+01  6.764862e+00  2.270000e+01
     vertex -2.571467e+01  4.585073e+00  2.270000e+01
   endloop
 endfacet
 facet normal  0.000000e+00  0.000000e+00  1.000000e+00
   outer loop
     vertex -2.361859e+01  6.599466e+00  2.270000e+01
     vertex -2.559040e+01  4.472971e+00  2.270000e+01
     vertex -2.546925e+01  4.357503e+00  2.270000e+01
   endloop
 endfacet
 facet normal  0.000000e+00  0.000000e+00  1.000000e+00
   outer loop
     vertex -2.361859e+01  6.599466e+00  2.270000e+01
     vertex -2.571467e+01  4.585073e+00  2.270000e+01
     vertex -2.559040e+01  4.472971e+00  2.270000e+01
   endloop
 endfacet
 facet normal  0.000000e+00  0.000000e+00  1.000000e+00
   outer loop
     vertex -2.326584e+01  6.253899e+00  2.270000e+01
     vertex -2.535131e+01  4.238754e+00  2.270000e+01
     vertex -2.523668e+01  4.116814e+00  2.270000e+01
   endloop
 endfacet
 facet normal  0.000000e+00  0.000000e+00  1.000000e+00
   outer loop
     vertex -2.326584e+01  6.253899e+00  2.270000e+01
     vertex -2.523668e+01  4.116814e+00  2.270000e+01
     vertex -2.309671e+01  6.073988e+00  2.270000e+01
   endloop
 endfacet
 facet normal  0.000000e+00  0.000000e+00  1.000000e+00
   outer loop
     vertex -2.343985e+01  6.429102e+00  2.270000e+01
     vertex -2.546925e+01  4.357503e+00  2.270000e+01
     vertex -2.535131e+01  4.238754e+00  2.270000e+01
   endloop
 endfacet
 facet normal  0.000000e+00  0.000000e+00  1.000000e+00
   outer loop
     vertex -2.343985e+01  6.429102e+00  2.270000e+01
     vertex -2.361859e+01  6.599466e+00  2.270000e+01
     vertex -2.546925e+01  4.357503e+00  2.270000e+01
   endloop
 endfacet
 facet normal  0.000000e+00  0.000000e+00  1.000000e+00
   outer loop
     vertex -2.343985e+01  6.429102e+00  2.270000e+01
     vertex -2.535131e+01  4.238754e+00  2.270000e+01
     vertex -2.326584e+01  6.253899e+00  2.270000e+01
   endloop
 endfacet
 facet normal -0.000000e+00  0.000000e+00 -1.000000e+00
   outer loop
     vertex -3.394656e+01 -4.415653e+00  0.000000e+00
     vertex -3.612374e+01 -6.342097e+00  0.000000e+00
     vertex -3.406611e+01 -4.298533e+00  0.000000e+00
   endloop
 endfacet
 facet normal  0.000000e+00  0.000000e+00 -1.000000e+00
   outer loop
     vertex -3.394656e+01 -4.415653e+00  0.000000e+00
     vertex -3.594735e+01 -6.514897e+00  0.000000e+00
     vertex -3.612374e+01 -6.342097e+00  0.000000e+00
   endloop
 endfacet
 facet normal  0.000000e+00 -0.000000e+00 -1.000000e+00
   outer loop
     vertex -3.418241e+01 -4.178177e+00  0.000000e+00
     vertex -3.406611e+01 -4.298533e+00  0.000000e+00
     vertex -3.612374e+01 -6.342097e+00  0.000000e+00
   endloop
 endfacet
 facet normal  0.000000e+00  0.000000e+00 -1.000000e+00
   outer loop
     vertex -3.418241e+01 -4.178177e+00  0.000000e+00
     vertex -3.612374e+01 -6.342097e+00  0.000000e+00
     vertex -3.629533e+01 -6.164523e+00  0.000000e+00
   endloop
 endfacet
 facet normal  0.000000e+00  0.000000e+00 -1.000000e+00
   outer loop
     vertex -3.382383e+01 -4.529448e+00  0.000000e+00
     vertex -3.576628e+01 -6.682793e+00  0.000000e+00
     vertex -3.594735e+01 -6.514897e+00  0.000000e+00
   endloop
 endfacet
 facet normal -0.000000e+00  0.000000e+00 -1.000000e+00
   outer loop
     vertex -3.382383e+01 -4.529448e+00  0.000000e+00
     vertex -3.594735e+01 -6.514897e+00  0.000000e+00
     vertex -3.394656e+01 -4.415653e+00  0.000000e+00
   endloop
 endfacet
 facet normal  0.000000e+00  0.000000e+00 -1.000000e+00
   outer loop
     vertex -3.429536e+01 -4.054676e+00  0.000000e+00
     vertex -3.629533e+01 -6.164523e+00  0.000000e+00
     vertex -3.646198e+01 -5.982309e+00  0.000000e+00
   endloop
 endfacet
 facet normal  0.000000e+00 -0.000000e+00 -1.000000e+00
   outer loop
     vertex -3.429536e+01 -4.054676e+00  0.000000e+00
     vertex -3.418241e+01 -4.178177e+00  0.000000e+00
     vertex -3.629533e+01 -6.164523e+00  0.000000e+00
   endloop
 endfacet
 facet normal  0.000000e+00  0.000000e+00 -1.000000e+00
   outer loop
     vertex -3.369803e+01 -4.639835e+00  0.000000e+00
     vertex -3.558068e+01 -6.845658e+00  0.000000e+00
     vertex -3.576628e+01 -6.682793e+00  0.000000e+00
   endloop
 endfacet
 facet normal -0.000000e+00  0.000000e+00 -1.000000e+00
   outer loop
     vertex -3.369803e+01 -4.639835e+00  0.000000e+00
     vertex -3.576628e+01 -6.682793e+00  0.000000e+00
     vertex -3.382383e+01 -4.529448e+00  0.000000e+00
   endloop
 endfacet
 facet normal  0.000000e+00 -0.000000e+00 -1.000000e+00
   outer loop
     vertex -3.440488e+01 -3.928123e+00  0.000000e+00
     vertex -3.429536e+01 -4.054676e+00  0.000000e+00
     vertex -3.646198e+01 -5.982309e+00  0.000000e+00
   endloop
 endfacet
 facet normal  0.000000e+00  0.000000e+00 -1.000000e+00
   outer loop
     vertex -3.440488e+01 -3.928123e+00  0.000000e+00
     vertex -3.662357e+01 -5.795591e+00  0.000000e+00
     vertex -3.677997e+01 -5.604510e+00  0.000000e+00
   endloop
 endfacet
 facet normal  0.000000e+00  0.000000e+00 -1.000000e+00
   outer loop
     vertex -3.440488e+01 -3.928123e+00  0.000000e+00
     vertex -3.646198e+01 -5.982309e+00  0.000000e+00
     vertex -3.662357e+01 -5.795591e+00  0.000000e+00
   endloop
 endfacet
 facet normal  0.000000e+00  0.000000e+00 -1.000000e+00
   outer loop
     vertex -3.356925e+01 -4.746728e+00  0.000000e+00
     vertex -3.539067e+01 -7.003370e+00  0.000000e+00
     vertex -3.558068e+01 -6.845658e+00  0.000000e+00
   endloop
 endfacet
 facet normal -0.000000e+00  0.000000e+00 -1.000000e+00
   outer loop
     vertex -3.356925e+01 -4.746728e+00  0.000000e+00
     vertex -3.558068e+01 -6.845658e+00  0.000000e+00
     vertex -3.369803e+01 -4.639835e+00  0.000000e+00
   endloop
 endfacet
 facet normal  0.000000e+00 -0.000000e+00 -1.000000e+00
   outer loop
     vertex -3.451089e+01 -3.798613e+00  0.000000e+00
     vertex -3.440488e+01 -3.928123e+00  0.000000e+00
     vertex -3.677997e+01 -5.604510e+00  0.000000e+00
   endloop
 endfacet
 facet normal  0.000000e+00  0.000000e+00 -1.000000e+00
   outer loop
     vertex -3.343759e+01 -4.850049e+00  0.000000e+00
     vertex -3.519641e+01 -7.155810e+00  0.000000e+00
     vertex -3.539067e+01 -7.003370e+00  0.000000e+00
   endloop
 endfacet
 facet normal -0.000000e+00  0.000000e+00 -1.000000e+00
   outer loop
     vertex -3.343759e+01 -4.850049e+00  0.000000e+00
     vertex -3.539067e+01 -7.003370e+00  0.000000e+00
     vertex -3.356925e+01 -4.746728e+00  0.000000e+00
   endloop
 endfacet
 facet normal  0.000000e+00  0.000000e+00 -1.000000e+00
   outer loop
     vertex -3.461330e+01 -3.666243e+00  0.000000e+00
     vertex -3.677997e+01 -5.604510e+00  0.000000e+00
     vertex -3.693107e+01 -5.409211e+00  0.000000e+00
   endloop
 endfacet
 facet normal  0.000000e+00 -0.000000e+00 -1.000000e+00
   outer loop
     vertex -3.461330e+01 -3.666243e+00  0.000000e+00
     vertex -3.451089e+01 -3.798613e+00  0.000000e+00
     vertex -3.677997e+01 -5.604510e+00  0.000000e+00
   endloop
 endfacet
 facet normal  0.000000e+00  0.000000e+00 -1.000000e+00
   outer loop
     vertex -3.330314e+01 -4.949718e+00  0.000000e+00
     vertex -3.499805e+01 -7.302863e+00  0.000000e+00
     vertex -3.519641e+01 -7.155810e+00  0.000000e+00
   endloop
 endfacet
 facet normal -0.000000e+00  0.000000e+00 -1.000000e+00
   outer loop
     vertex -3.330314e+01 -4.949718e+00  0.000000e+00
     vertex -3.519641e+01 -7.155810e+00  0.000000e+00
     vertex -3.343759e+01 -4.850049e+00  0.000000e+00
   endloop
 endfacet
 facet normal  0.000000e+00  0.000000e+00 -1.000000e+00
   outer loop
     vertex -3.471205e+01 -3.531114e+00  0.000000e+00
     vertex -3.693107e+01 -5.409211e+00  0.000000e+00
     vertex -3.707676e+01 -5.209840e+00  0.000000e+00
   endloop
 endfacet
 facet normal  0.000000e+00 -0.000000e+00 -1.000000e+00
   outer loop
     vertex -3.471205e+01 -3.531114e+00  0.000000e+00
     vertex -3.461330e+01 -3.666243e+00  0.000000e+00
     vertex -3.693107e+01 -5.409211e+00  0.000000e+00
   endloop
 endfacet
 facet normal  0.000000e+00  0.000000e+00 -1.000000e+00
   outer loop
     vertex -3.316601e+01 -5.045662e+00  0.000000e+00
     vertex -3.479572e+01 -7.444419e+00  0.000000e+00
     vertex -3.499805e+01 -7.302863e+00  0.000000e+00
   endloop
 endfacet
 facet normal  0.000000e+00  0.000000e+00 -1.000000e+00
   outer loop
     vertex -3.316601e+01 -5.045662e+00  0.000000e+00
     vertex -3.458959e+01 -7.580371e+00  0.000000e+00
     vertex -3.479572e+01 -7.444419e+00  0.000000e+00
   endloop
 endfacet
 facet normal -0.000000e+00  0.000000e+00 -1.000000e+00
   outer loop
     vertex -3.316601e+01 -5.045662e+00  0.000000e+00
     vertex -3.499805e+01 -7.302863e+00  0.000000e+00
     vertex -3.330314e+01 -4.949718e+00  0.000000e+00
   endloop
 endfacet
 facet normal  0.000000e+00  0.000000e+00 -1.000000e+00
   outer loop
     vertex -3.480705e+01 -3.393326e+00  0.000000e+00
     vertex -3.707676e+01 -5.209840e+00  0.000000e+00
     vertex -3.721693e+01 -5.006547e+00  0.000000e+00
   endloop
 endfacet
 facet normal  0.000000e+00 -0.000000e+00 -1.000000e+00
   outer loop
     vertex -3.480705e+01 -3.393326e+00  0.000000e+00
     vertex -3.471205e+01 -3.531114e+00  0.000000e+00
     vertex -3.707676e+01 -5.209840e+00  0.000000e+00
   endloop
 endfacet
 facet normal -0.000000e+00  0.000000e+00 -1.000000e+00
   outer loop
     vertex -3.302629e+01 -5.137807e+00  0.000000e+00
     vertex -3.458959e+01 -7.580371e+00  0.000000e+00
     vertex -3.316601e+01 -5.045662e+00  0.000000e+00
   endloop
 endfacet
 facet normal  0.000000e+00 -0.000000e+00 -1.000000e+00
   outer loop
     vertex -3.489823e+01 -3.252984e+00  0.000000e+00
     vertex -3.480705e+01 -3.393326e+00  0.000000e+00
     vertex -3.721693e+01 -5.006547e+00  0.000000e+00
   endloop
 endfacet
 facet normal  0.000000e+00  0.000000e+00 -1.000000e+00
   outer loop
     vertex -3.489823e+01 -3.252984e+00  0.000000e+00
     vertex -3.721693e+01 -5.006547e+00  0.000000e+00
     vertex -3.735146e+01 -4.799485e+00  0.000000e+00
   endloop
 endfacet
 facet normal -0.000000e+00  0.000000e+00 -1.000000e+00
   outer loop
     vertex -3.288411e+01 -5.226085e+00  0.000000e+00
     vertex -3.458959e+01 -7.580371e+00  0.000000e+00
     vertex -3.302629e+01 -5.137807e+00  0.000000e+00
   endloop
 endfacet
 facet normal  0.000000e+00  0.000000e+00 -1.000000e+00
   outer loop
     vertex -3.288411e+01 -5.226085e+00  0.000000e+00
     vertex -3.437980e+01 -7.710617e+00  0.000000e+00
     vertex -3.458959e+01 -7.580371e+00  0.000000e+00
   endloop
 endfacet
 facet normal  0.000000e+00  0.000000e+00 -1.000000e+00
   outer loop
     vertex -3.498553e+01 -3.110193e+00  0.000000e+00
     vertex -3.735146e+01 -4.799485e+00  0.000000e+00
     vertex -3.748027e+01 -4.588810e+00  0.000000e+00
   endloop
 endfacet
 facet normal  0.000000e+00 -0.000000e+00 -1.000000e+00
   outer loop
     vertex -3.498553e+01 -3.110193e+00  0.000000e+00
     vertex -3.489823e+01 -3.252984e+00  0.000000e+00
     vertex -3.735146e+01 -4.799485e+00  0.000000e+00
   endloop
 endfacet
 facet normal  0.000000e+00  0.000000e+00 -1.000000e+00
   outer loop
     vertex -3.273955e+01 -5.310428e+00  0.000000e+00
     vertex -3.416652e+01 -7.835058e+00  0.000000e+00
     vertex -3.437980e+01 -7.710617e+00  0.000000e+00
   endloop
 endfacet
 facet normal -0.000000e+00  0.000000e+00 -1.000000e+00
   outer loop
     vertex -3.273955e+01 -5.310428e+00  0.000000e+00
     vertex -3.437980e+01 -7.710617e+00  0.000000e+00
     vertex -3.288411e+01 -5.226085e+00  0.000000e+00
   endloop
 endfacet
 facet normal  0.000000e+00  0.000000e+00 -1.000000e+00
   outer loop
     vertex -3.506888e+01 -2.965061e+00  0.000000e+00
     vertex -3.748027e+01 -4.588810e+00  0.000000e+00
     vertex -3.760324e+01 -4.374681e+00  0.000000e+00
   endloop
 endfacet
 facet normal  0.000000e+00 -0.000000e+00 -1.000000e+00
   outer loop
     vertex -3.506888e+01 -2.965061e+00  0.000000e+00
     vertex -3.498553e+01 -3.110193e+00  0.000000e+00
     vertex -3.748027e+01 -4.588810e+00  0.000000e+00
   endloop
 endfacet
 facet normal  0.000000e+00  0.000000e+00 -1.000000e+00
   outer loop
     vertex -3.259273e+01 -5.390775e+00  0.000000e+00
     vertex -3.394991e+01 -7.953602e+00  0.000000e+00
     vertex -3.416652e+01 -7.835058e+00  0.000000e+00
   endloop
 endfacet
 facet normal -0.000000e+00  0.000000e+00 -1.000000e+00
   outer loop
     vertex -3.259273e+01 -5.390775e+00  0.000000e+00
     vertex -3.416652e+01 -7.835058e+00  0.000000e+00
     vertex -3.273955e+01 -5.310428e+00  0.000000e+00
   endloop
 endfacet
 facet normal  0.000000e+00  0.000000e+00 -1.000000e+00
   outer loop
     vertex -3.514822e+01 -2.817697e+00  0.000000e+00
     vertex -3.760324e+01 -4.374681e+00  0.000000e+00
     vertex -3.772030e+01 -4.157259e+00  0.000000e+00
   endloop
 endfacet
 facet normal  0.000000e+00 -0.000000e+00 -1.000000e+00
   outer loop
     vertex -3.514822e+01 -2.817697e+00  0.000000e+00
     vertex -3.506888e+01 -2.965061e+00  0.000000e+00
     vertex -3.760324e+01 -4.374681e+00  0.000000e+00
   endloop
 endfacet
 facet normal -0.000000e+00  0.000000e+00 -1.000000e+00
   outer loop
     vertex -3.244377e+01 -5.467063e+00  0.000000e+00
     vertex -3.394991e+01 -7.953602e+00  0.000000e+00
     vertex -3.259273e+01 -5.390775e+00  0.000000e+00
   endloop
 endfacet
 facet normal  0.000000e+00  0.000000e+00 -1.000000e+00
   outer loop
     vertex -3.244377e+01 -5.467063e+00  0.000000e+00
     vertex -3.373012e+01 -8.066158e+00  0.000000e+00
     vertex -3.394991e+01 -7.953602e+00  0.000000e+00
   endloop
 endfacet
 facet normal  0.000000e+00  0.000000e+00 -1.000000e+00
   outer loop
     vertex -3.522349e+01 -2.668212e+00  0.000000e+00
     vertex -3.772030e+01 -4.157259e+00  0.000000e+00
     vertex -3.783134e+01 -3.936707e+00  0.000000e+00
   endloop
 endfacet
 facet normal  0.000000e+00 -0.000000e+00 -1.000000e+00
   outer loop
     vertex -3.522349e+01 -2.668212e+00  0.000000e+00
     vertex -3.514822e+01 -2.817697e+00  0.000000e+00
     vertex -3.772030e+01 -4.157259e+00  0.000000e+00
   endloop
 endfacet
 facet normal -0.000000e+00  0.000000e+00 -1.000000e+00
   outer loop
     vertex -3.229277e+01 -5.539235e+00  0.000000e+00
     vertex -3.373012e+01 -8.066158e+00  0.000000e+00
     vertex -3.244377e+01 -5.467063e+00  0.000000e+00
   endloop
 endfacet
 facet normal  0.000000e+00  0.000000e+00 -1.000000e+00
   outer loop
     vertex -3.229277e+01 -5.539235e+00  0.000000e+00
     vertex -3.350733e+01 -8.172642e+00  0.000000e+00
     vertex -3.373012e+01 -8.066158e+00  0.000000e+00
   endloop
 endfacet
 facet normal  0.000000e+00  0.000000e+00 -1.000000e+00
   outer loop
     vertex -3.229277e+01 -5.539235e+00  0.000000e+00
     vertex -3.328170e+01 -8.272974e+00  0.000000e+00
     vertex -3.350733e+01 -8.172642e+00  0.000000e+00
   endloop
 endfacet
 facet normal  0.000000e+00  0.000000e+00 -1.000000e+00
   outer loop
     vertex -3.529462e+01 -2.516719e+00  0.000000e+00
     vertex -3.783134e+01 -3.936707e+00  0.000000e+00
     vertex -3.793630e+01 -3.713192e+00  0.000000e+00
   endloop
 endfacet
 facet normal  0.000000e+00 -0.000000e+00 -1.000000e+00
   outer loop
     vertex -3.529462e+01 -2.516719e+00  0.000000e+00
     vertex -3.522349e+01 -2.668212e+00  0.000000e+00
     vertex -3.783134e+01 -3.936707e+00  0.000000e+00
   endloop
 endfacet
 facet normal -0.000000e+00  0.000000e+00 -1.000000e+00
   outer loop
     vertex -3.213984e+01 -5.607238e+00  0.000000e+00
     vertex -3.328170e+01 -8.272974e+00  0.000000e+00
     vertex -3.229277e+01 -5.539235e+00  0.000000e+00
   endloop
 endfacet
 facet normal  0.000000e+00  0.000000e+00 -1.000000e+00
   outer loop
     vertex -3.536157e+01 -2.363331e+00  0.000000e+00
     vertex -3.793630e+01 -3.713192e+00  0.000000e+00
     vertex -3.803508e+01 -3.486881e+00  0.000000e+00
   endloop
 endfacet
 facet normal  0.000000e+00 -0.000000e+00 -1.000000e+00
   outer loop
     vertex -3.536157e+01 -2.363331e+00  0.000000e+00
     vertex -3.529462e+01 -2.516719e+00  0.000000e+00
     vertex -3.793630e+01 -3.713192e+00  0.000000e+00
   endloop
 endfacet
 facet normal  0.000000e+00  0.000000e+00 -1.000000e+00
   outer loop
     vertex -3.198511e+01 -5.671020e+00  0.000000e+00
     vertex -3.305341e+01 -8.367079e+00  0.000000e+00
     vertex -3.328170e+01 -8.272974e+00  0.000000e+00
   endloop
 endfacet
 facet normal -0.000000e+00  0.000000e+00 -1.000000e+00
   outer loop
     vertex -3.198511e+01 -5.671020e+00  0.000000e+00
     vertex -3.328170e+01 -8.272974e+00  0.000000e+00
     vertex -3.213984e+01 -5.607238e+00  0.000000e+00
   endloop
 endfacet
 facet normal  0.000000e+00  0.000000e+00 -1.000000e+00
   outer loop
     vertex -3.542429e+01 -2.208164e+00  0.000000e+00
     vertex -3.803508e+01 -3.486881e+00  0.000000e+00
     vertex -3.812761e+01 -3.257946e+00  0.000000e+00
   endloop
 endfacet
 facet normal  0.000000e+00 -0.000000e+00 -1.000000e+00
   outer loop
     vertex -3.542429e+01 -2.208164e+00  0.000000e+00
     vertex -3.536157e+01 -2.363331e+00  0.000000e+00
     vertex -3.803508e+01 -3.486881e+00  0.000000e+00
   endloop
 endfacet
 facet normal  0.000000e+00  0.000000e+00 -1.000000e+00
   outer loop
     vertex -3.182868e+01 -5.730533e+00  0.000000e+00
     vertex -3.282262e+01 -8.454885e+00  0.000000e+00
     vertex -3.305341e+01 -8.367079e+00  0.000000e+00
   endloop
 endfacet
 facet normal -0.000000e+00  0.000000e+00 -1.000000e+00
   outer loop
     vertex -3.182868e+01 -5.730533e+00  0.000000e+00
     vertex -3.305341e+01 -8.367079e+00  0.000000e+00
     vertex -3.198511e+01 -5.671020e+00  0.000000e+00
   endloop
 endfacet
 facet normal  0.000000e+00  0.000000e+00 -1.000000e+00
   outer loop
     vertex -3.548273e+01 -2.051334e+00  0.000000e+00
     vertex -3.812761e+01 -3.257946e+00  0.000000e+00
     vertex -3.821384e+01 -3.026559e+00  0.000000e+00
   endloop
 endfacet
 facet normal  0.000000e+00 -0.000000e+00 -1.000000e+00
   outer loop
     vertex -3.548273e+01 -2.051334e+00  0.000000e+00
     vertex -3.542429e+01 -2.208164e+00  0.000000e+00
     vertex -3.812761e+01 -3.257946e+00  0.000000e+00
   endloop
 endfacet
 facet normal  0.000000e+00  0.000000e+00 -1.000000e+00
   outer loop
     vertex -3.167068e+01 -5.785732e+00  0.000000e+00
     vertex -3.258950e+01 -8.536327e+00  0.000000e+00
     vertex -3.282262e+01 -8.454885e+00  0.000000e+00
   endloop
 endfacet
 facet normal -0.000000e+00  0.000000e+00 -1.000000e+00
   outer loop
     vertex -3.167068e+01 -5.785732e+00  0.000000e+00
     vertex -3.282262e+01 -8.454885e+00  0.000000e+00
     vertex -3.182868e+01 -5.730533e+00  0.000000e+00
   endloop
 endfacet
 facet normal  0.000000e+00  0.000000e+00 -1.000000e+00
   outer loop
     vertex -3.553684e+01 -1.892961e+00  0.000000e+00
     vertex -3.829368e+01 -2.792893e+00  0.000000e+00
     vertex -3.836708e+01 -2.557125e+00  0.000000e+00
   endloop
 endfacet
 facet normal  0.000000e+00  0.000000e+00 -1.000000e+00
   outer loop
     vertex -3.553684e+01 -1.892961e+00  0.000000e+00
     vertex -3.821384e+01 -3.026559e+00  0.000000e+00
     vertex -3.829368e+01 -2.792893e+00  0.000000e+00
   endloop
 endfacet
 facet normal  0.000000e+00 -0.000000e+00 -1.000000e+00
   outer loop
     vertex -3.553684e+01 -1.892961e+00  0.000000e+00
     vertex -3.548273e+01 -2.051334e+00  0.000000e+00
     vertex -3.821384e+01 -3.026559e+00  0.000000e+00
   endloop
 endfacet
 facet normal -0.000000e+00  0.000000e+00 -1.000000e+00
   outer loop
     vertex -3.151123e+01 -5.836576e+00  0.000000e+00
     vertex -3.258950e+01 -8.536327e+00  0.000000e+00
     vertex -3.167068e+01 -5.785732e+00  0.000000e+00
   endloop
 endfacet
 facet normal  0.000000e+00  0.000000e+00 -1.000000e+00
   outer loop
     vertex -3.151123e+01 -5.836576e+00  0.000000e+00
     vertex -3.235425e+01 -8.611342e+00  0.000000e+00
     vertex -3.258950e+01 -8.536327e+00  0.000000e+00
   endloop
 endfacet
 facet normal  0.000000e+00  0.000000e+00 -1.000000e+00
   outer loop
     vertex -3.151123e+01 -5.836576e+00  0.000000e+00
     vertex -3.211702e+01 -8.679875e+00  0.000000e+00
     vertex -3.235425e+01 -8.611342e+00  0.000000e+00
   endloop
 endfacet
 facet normal  0.000000e+00 -0.000000e+00 -1.000000e+00
   outer loop
     vertex -3.558659e+01 -1.733162e+00  0.000000e+00
     vertex -3.553684e+01 -1.892961e+00  0.000000e+00
     vertex -3.836708e+01 -2.557125e+00  0.000000e+00
   endloop
 endfacet
 facet normal -0.000000e+00  0.000000e+00 -1.000000e+00
   outer loop
     vertex -3.135044e+01 -5.883027e+00  0.000000e+00
     vertex -3.211702e+01 -8.679875e+00  0.000000e+00
     vertex -3.151123e+01 -5.836576e+00  0.000000e+00
   endloop
 endfacet
 facet normal  0.000000e+00  0.000000e+00 -1.000000e+00
   outer loop
     vertex -3.135044e+01 -5.883027e+00  0.000000e+00
     vertex -3.187800e+01 -8.741875e+00  0.000000e+00
     vertex -3.211702e+01 -8.679875e+00  0.000000e+00
   endloop
 endfacet
 facet normal  0.000000e+00  0.000000e+00 -1.000000e+00
   outer loop
     vertex -3.563194e+01 -1.572059e+00  0.000000e+00
     vertex -3.836708e+01 -2.557125e+00  0.000000e+00
     vertex -3.843398e+01 -2.319431e+00  0.000000e+00
   endloop
 endfacet
 facet normal  0.000000e+00 -0.000000e+00 -1.000000e+00
   outer loop
     vertex -3.563194e+01 -1.572059e+00  0.000000e+00
     vertex -3.558659e+01 -1.733162e+00  0.000000e+00
     vertex -3.836708e+01 -2.557125e+00  0.000000e+00
   endloop
 endfacet
 facet normal  0.000000e+00  0.000000e+00 -1.000000e+00
   outer loop
     vertex -3.118844e+01 -5.925048e+00  0.000000e+00
     vertex -3.163737e+01 -8.797294e+00  0.000000e+00
     vertex -3.187800e+01 -8.741875e+00  0.000000e+00
   endloop
 endfacet
 facet normal -0.000000e+00  0.000000e+00 -1.000000e+00
   outer loop
     vertex -3.118844e+01 -5.925048e+00  0.000000e+00
     vertex -3.187800e+01 -8.741875e+00  0.000000e+00
     vertex -3.135044e+01 -5.883027e+00  0.000000e+00
   endloop
 endfacet
 facet normal  0.000000e+00  0.000000e+00 -1.000000e+00
   outer loop
     vertex -3.567285e+01 -1.409773e+00  0.000000e+00
     vertex -3.843398e+01 -2.319431e+00  0.000000e+00
     vertex -3.849434e+01 -2.079992e+00  0.000000e+00
   endloop
 endfacet
 facet normal  0.000000e+00 -0.000000e+00 -1.000000e+00
   outer loop
     vertex -3.567285e+01 -1.409773e+00  0.000000e+00
     vertex -3.563194e+01 -1.572059e+00  0.000000e+00
     vertex -3.843398e+01 -2.319431e+00  0.000000e+00
   endloop
 endfacet
 facet normal -0.000000e+00  0.000000e+00 -1.000000e+00
   outer loop
     vertex -3.102535e+01 -5.962610e+00  0.000000e+00
     vertex -3.163737e+01 -8.797294e+00  0.000000e+00
     vertex -3.118844e+01 -5.925048e+00  0.000000e+00
   endloop
 endfacet
 facet normal  0.000000e+00  0.000000e+00 -1.000000e+00
   outer loop
     vertex -3.102535e+01 -5.962610e+00  0.000000e+00
     vertex -3.139531e+01 -8.846090e+00  0.000000e+00
     vertex -3.163737e+01 -8.797294e+00  0.000000e+00
   endloop
 endfacet
 facet normal  0.000000e+00  0.000000e+00 -1.000000e+00
   outer loop
     vertex -3.570929e+01 -1.246425e+00  0.000000e+00
     vertex -3.849434e+01 -2.079992e+00  0.000000e+00
     vertex -3.854811e+01 -1.838987e+00  0.000000e+00
   endloop
 endfacet
 facet normal  0.000000e+00 -0.000000e+00 -1.000000e+00
   outer loop
     vertex -3.570929e+01 -1.246425e+00  0.000000e+00
     vertex -3.567285e+01 -1.409773e+00  0.000000e+00
     vertex -3.849434e+01 -2.079992e+00  0.000000e+00
   endloop
 endfacet
 facet normal  0.000000e+00  0.000000e+00 -1.000000e+00
   outer loop
     vertex -3.086128e+01 -5.995683e+00  0.000000e+00
     vertex -3.115200e+01 -8.888227e+00  0.000000e+00
     vertex -3.139531e+01 -8.846090e+00  0.000000e+00
   endloop
 endfacet
 facet normal -0.000000e+00  0.000000e+00 -1.000000e+00
   outer loop
     vertex -3.086128e+01 -5.995683e+00  0.000000e+00
     vertex -3.139531e+01 -8.846090e+00  0.000000e+00
     vertex -3.102535e+01 -5.962610e+00  0.000000e+00
   endloop
 endfacet
 facet normal  0.000000e+00  0.000000e+00 -1.000000e+00
   outer loop
     vertex -3.574124e+01 -1.082139e+00  0.000000e+00
     vertex -3.854811e+01 -1.838987e+00  0.000000e+00
     vertex -3.859524e+01 -1.596598e+00  0.000000e+00
   endloop
 endfacet
 facet normal  0.000000e+00 -0.000000e+00 -1.000000e+00
   outer loop
     vertex -3.574124e+01 -1.082139e+00  0.000000e+00
     vertex -3.570929e+01 -1.246425e+00  0.000000e+00
     vertex -3.854811e+01 -1.838987e+00  0.000000e+00
   endloop
 endfacet
 facet normal -0.000000e+00  0.000000e+00 -1.000000e+00
   outer loop
     vertex -3.069637e+01 -6.024243e+00  0.000000e+00
     vertex -3.115200e+01 -8.888227e+00  0.000000e+00
     vertex -3.086128e+01 -5.995683e+00  0.000000e+00
   endloop
 endfacet
 facet normal  0.000000e+00  0.000000e+00 -1.000000e+00
   outer loop
     vertex -3.576867e+01 -9.170380e-01  0.000000e+00
     vertex -3.863571e+01 -1.353007e+00  0.000000e+00
     vertex -3.866948e+01 -1.108397e+00  0.000000e+00
   endloop
 endfacet
 facet normal  0.000000e+00  0.000000e+00 -1.000000e+00
   outer loop
     vertex -3.576867e+01 -9.170380e-01  0.000000e+00
     vertex -3.859524e+01 -1.596598e+00  0.000000e+00
     vertex -3.863571e+01 -1.353007e+00  0.000000e+00
   endloop
 endfacet
 facet normal  0.000000e+00 -0.000000e+00 -1.000000e+00
   outer loop
     vertex -3.576867e+01 -9.170380e-01  0.000000e+00
     vertex -3.574124e+01 -1.082139e+00  0.000000e+00
     vertex -3.859524e+01 -1.596598e+00  0.000000e+00
   endloop
 endfacet
 facet normal  0.000000e+00  0.000000e+00 -1.000000e+00
   outer loop
     vertex -3.053074e+01 -6.048268e+00  0.000000e+00
     vertex -3.090763e+01 -8.923674e+00  0.000000e+00
     vertex -3.115200e+01 -8.888227e+00  0.000000e+00
   endloop
 endfacet
 facet normal  0.000000e+00  0.000000e+00 -1.000000e+00
   outer loop
     vertex -3.053074e+01 -6.048268e+00  0.000000e+00
     vertex -3.066237e+01 -8.952403e+00  0.000000e+00
     vertex -3.090763e+01 -8.923674e+00  0.000000e+00
   endloop
 endfacet
 facet normal -0.000000e+00  0.000000e+00 -1.000000e+00
   outer loop
     vertex -3.053074e+01 -6.048268e+00  0.000000e+00
     vertex -3.115200e+01 -8.888227e+00  0.000000e+00
     vertex -3.069637e+01 -6.024243e+00  0.000000e+00
   endloop
 endfacet
 facet normal  0.000000e+00 -0.000000e+00 -1.000000e+00
   outer loop
     vertex -3.579155e+01 -7.512470e-01  0.000000e+00
     vertex -3.576867e+01 -9.170380e-01  0.000000e+00
     vertex -3.866948e+01 -1.108397e+00  0.000000e+00
   endloop
 endfacet
 facet normal -0.000000e+00  0.000000e+00 -1.000000e+00
   outer loop
     vertex -3.036452e+01 -6.067740e+00  0.000000e+00
     vertex -3.066237e+01 -8.952403e+00  0.000000e+00
     vertex -3.053074e+01 -6.048268e+00  0.000000e+00
   endloop
 endfacet
 facet normal  0.000000e+00  0.000000e+00 -1.000000e+00
   outer loop
     vertex -3.580989e+01 -5.848905e-01  0.000000e+00
     vertex -3.866948e+01 -1.108397e+00  0.000000e+00
     vertex -3.869652e+01 -8.629532e-01  0.000000e+00
   endloop
 endfacet
 facet normal  0.000000e+00 -0.000000e+00 -1.000000e+00
   outer loop
     vertex -3.580989e+01 -5.848905e-01  0.000000e+00
     vertex -3.579155e+01 -7.512470e-01  0.000000e+00
     vertex -3.866948e+01 -1.108397e+00  0.000000e+00
   endloop
 endfacet
 facet normal -0.000000e+00  0.000000e+00 -1.000000e+00
   outer loop
     vertex -3.019782e+01 -6.082644e+00  0.000000e+00
     vertex -3.066237e+01 -8.952403e+00  0.000000e+00
     vertex -3.036452e+01 -6.067740e+00  0.000000e+00
   endloop
 endfacet
 facet normal  0.000000e+00  0.000000e+00 -1.000000e+00
   outer loop
     vertex -3.019782e+01 -6.082644e+00  0.000000e+00
     vertex -3.041642e+01 -8.974393e+00  0.000000e+00
     vertex -3.066237e+01 -8.952403e+00  0.000000e+00
   endloop
 endfacet
 facet normal  0.000000e+00  0.000000e+00 -1.000000e+00
   outer loop
     vertex -3.582365e+01 -4.180937e-01  0.000000e+00
     vertex -3.869652e+01 -8.629532e-01  0.000000e+00
     vertex -3.871683e+01 -6.168595e-01  0.000000e+00
   endloop
 endfacet
 facet normal  0.000000e+00 -0.000000e+00 -1.000000e+00
   outer loop
     vertex -3.582365e+01 -4.180937e-01  0.000000e+00
     vertex -3.580989e+01 -5.848905e-01  0.000000e+00
     vertex -3.869652e+01 -8.629532e-01  0.000000e+00
   endloop
 endfacet
 facet normal  0.000000e+00  0.000000e+00 -1.000000e+00
   outer loop
     vertex -3.003077e+01 -6.092970e+00  0.000000e+00
     vertex -3.016997e+01 -8.989627e+00  0.000000e+00
     vertex -3.041642e+01 -8.974393e+00  0.000000e+00
   endloop
 endfacet
 facet normal -0.000000e+00  0.000000e+00 -1.000000e+00
   outer loop
     vertex -3.003077e+01 -6.092970e+00  0.000000e+00
     vertex -3.041642e+01 -8.974393e+00  0.000000e+00
     vertex -3.019782e+01 -6.082644e+00  0.000000e+00
   endloop
 endfacet
 facet normal  0.000000e+00  0.000000e+00 -1.000000e+00
   outer loop
     vertex -3.583283e+01 -2.509822e-01  0.000000e+00
     vertex -3.871683e+01 -6.168595e-01  0.000000e+00
     vertex -3.873037e+01 -3.703016e-01  0.000000e+00
   endloop
 endfacet
 facet normal  0.000000e+00 -0.000000e+00 -1.000000e+00
   outer loop
     vertex -3.583283e+01 -2.509822e-01  0.000000e+00
     vertex -3.582365e+01 -4.180937e-01  0.000000e+00
     vertex -3.871683e+01 -6.168595e-01  0.000000e+00
   endloop
 endfacet
 facet normal -0.000000e+00  0.000000e+00 -1.000000e+00
   outer loop
     vertex -2.986351e+01 -6.098708e+00  0.000000e+00
     vertex -3.016997e+01 -8.989627e+00  0.000000e+00
     vertex -3.003077e+01 -6.092970e+00  0.000000e+00
   endloop
 endfacet
 facet normal  0.000000e+00  0.000000e+00 -1.000000e+00
   outer loop
     vertex -2.986351e+01 -6.098708e+00  0.000000e+00
     vertex -2.992318e+01 -8.998095e+00  0.000000e+00
     vertex -3.016997e+01 -8.989627e+00  0.000000e+00
   endloop
 endfacet
 facet normal  0.000000e+00 -0.000000e+00 -1.000000e+00
   outer loop
     vertex -2.986351e+01 -6.098708e+00  0.000000e+00
     vertex -2.967626e+01 -8.999788e+00  0.000000e+00
     vertex -2.992318e+01 -8.998095e+00  0.000000e+00
   endloop
 endfacet
 facet normal  0.000000e+00  0.000000e+00 -1.000000e+00
   outer loop
     vertex -3.583742e+01 -8.368172e-02  0.000000e+00
     vertex -3.873037e+01 -3.703016e-01  0.000000e+00
     vertex -3.873714e+01 -1.234648e-01  0.000000e+00
   endloop
 endfacet
 facet normal  0.000000e+00 -0.000000e+00 -1.000000e+00
   outer loop
     vertex -3.583742e+01 -8.368172e-02  0.000000e+00
     vertex -3.583283e+01 -2.509822e-01  0.000000e+00
     vertex -3.873037e+01 -3.703016e-01  0.000000e+00
   endloop
 endfacet
 facet normal -0.000000e+00 -0.000000e+00 -1.000000e+00
   outer loop
     vertex -2.969615e+01 -6.099856e+00  0.000000e+00
     vertex -2.967626e+01 -8.999788e+00  0.000000e+00
     vertex -2.986351e+01 -6.098708e+00  0.000000e+00
   endloop
 endfacet
 facet normal -0.000000e+00  0.000000e+00 -1.000000e+00
   outer loop
     vertex -3.583742e+01  8.368172e-02  0.000000e+00
     vertex -3.873714e+01 -1.234648e-01  0.000000e+00
     vertex -3.873714e+01  1.234648e-01  0.000000e+00
   endloop
 endfacet
 facet normal  0.000000e+00 -0.000000e+00 -1.000000e+00
   outer loop
     vertex -3.583742e+01  8.368172e-02  0.000000e+00
     vertex -3.583742e+01 -8.368172e-02  0.000000e+00
     vertex -3.873714e+01 -1.234648e-01  0.000000e+00
   endloop
 endfacet
 facet normal  0.000000e+00  0.000000e+00 -1.000000e+00
   outer loop
     vertex -2.952882e+01 -6.096413e+00  0.000000e+00
     vertex -2.967626e+01 -8.999788e+00  0.000000e+00
     vertex -2.969615e+01 -6.099856e+00  0.000000e+00
   endloop
 endfacet
 facet normal  0.000000e+00 -0.000000e+00 -1.000000e+00
   outer loop
     vertex -2.952882e+01 -6.096413e+00  0.000000e+00
     vertex -2.942938e+01 -8.994707e+00  0.000000e+00
     vertex -2.967626e+01 -8.999788e+00  0.000000e+00
   endloop
 endfacet
 facet normal -0.000000e+00  0.000000e+00 -1.000000e+00
   outer loop
     vertex -3.583283e+01  2.509822e-01  0.000000e+00
     vertex -3.873714e+01  1.234648e-01  0.000000e+00
     vertex -3.873037e+01  3.703016e-01  0.000000e+00
   endloop
 endfacet
 facet normal  0.000000e+00  0.000000e+00 -1.000000e+00
   outer loop
     vertex -3.583283e+01  2.509822e-01  0.000000e+00
     vertex -3.583742e+01  8.368172e-02  0.000000e+00
     vertex -3.873714e+01  1.234648e-01  0.000000e+00
   endloop
 endfacet
 facet normal  0.000000e+00  0.000000e+00 -1.000000e+00
   outer loop
     vertex -2.936165e+01 -6.088380e+00  0.000000e+00
     vertex -2.942938e+01 -8.994707e+00  0.000000e+00
     vertex -2.952882e+01 -6.096413e+00  0.000000e+00
   endloop
 endfacet
 facet normal  0.000000e+00 -0.000000e+00 -1.000000e+00
   outer loop
     vertex -2.936165e+01 -6.088380e+00  0.000000e+00
     vertex -2.918273e+01 -8.982855e+00  0.000000e+00
     vertex -2.942938e+01 -8.994707e+00  0.000000e+00
   endloop
 endfacet
 facet normal -0.000000e+00  0.000000e+00 -1.000000e+00
   outer loop
     vertex -3.582365e+01  4.180937e-01  0.000000e+00
     vertex -3.873037e+01  3.703016e-01  0.000000e+00
     vertex -3.871683e+01  6.168595e-01  0.000000e+00
   endloop
 endfacet
 facet normal  0.000000e+00  0.000000e+00 -1.000000e+00
   outer loop
     vertex -3.582365e+01  4.180937e-01  0.000000e+00
     vertex -3.583283e+01  2.509822e-01  0.000000e+00
     vertex -3.873037e+01  3.703016e-01  0.000000e+00
   endloop
 endfacet
 facet normal  0.000000e+00 -0.000000e+00 -1.000000e+00
   outer loop
     vertex -2.919476e+01 -6.075764e+00  0.000000e+00
     vertex -2.918273e+01 -8.982855e+00  0.000000e+00
     vertex -2.936165e+01 -6.088380e+00  0.000000e+00
   endloop
 endfacet
 facet normal  0.000000e+00  0.000000e+00 -1.000000e+00
   outer loop
     vertex -2.919476e+01 -6.075764e+00  0.000000e+00
     vertex -2.893651e+01 -8.964241e+00  0.000000e+00
     vertex -2.918273e+01 -8.982855e+00  0.000000e+00
   endloop
 endfacet
 facet normal  0.000000e+00  0.000000e+00 -1.000000e+00
   outer loop
     vertex -2.919476e+01 -6.075764e+00  0.000000e+00
     vertex -2.869088e+01 -8.938879e+00  0.000000e+00
     vertex -2.893651e+01 -8.964241e+00  0.000000e+00
   endloop
 endfacet
 facet normal  0.000000e+00  0.000000e+00 -1.000000e+00
   outer loop
     vertex -3.580989e+01  5.848905e-01  0.000000e+00
     vertex -3.871683e+01  6.168595e-01  0.000000e+00
     vertex -3.869652e+01  8.629532e-01  0.000000e+00
   endloop
 endfacet
 facet normal -0.000000e+00  0.000000e+00 -1.000000e+00
   outer loop
     vertex -3.580989e+01  5.848905e-01  0.000000e+00
     vertex -3.582365e+01  4.180937e-01  0.000000e+00
     vertex -3.871683e+01  6.168595e-01  0.000000e+00
   endloop
 endfacet
 facet normal  0.000000e+00 -0.000000e+00 -1.000000e+00
   outer loop
     vertex -2.902829e+01 -6.058574e+00  0.000000e+00
     vertex -2.869088e+01 -8.938879e+00  0.000000e+00
     vertex -2.919476e+01 -6.075764e+00  0.000000e+00
   endloop
 endfacet
 facet normal  0.000000e+00  0.000000e+00 -1.000000e+00
   outer loop
     vertex -2.902829e+01 -6.058574e+00  0.000000e+00
     vertex -2.844605e+01 -8.906789e+00  0.000000e+00
     vertex -2.869088e+01 -8.938879e+00  0.000000e+00
   endloop
 endfacet
 facet normal  0.000000e+00  0.000000e+00 -1.000000e+00
   outer loop
     vertex -3.579155e+01  7.512470e-01  0.000000e+00
     vertex -3.869652e+01  8.629532e-01  0.000000e+00
     vertex -3.866948e+01  1.108397e+00  0.000000e+00
   endloop
 endfacet
 facet normal -0.000000e+00  0.000000e+00 -1.000000e+00
   outer loop
     vertex -3.579155e+01  7.512470e-01  0.000000e+00
     vertex -3.580989e+01  5.848905e-01  0.000000e+00
     vertex -3.869652e+01  8.629532e-01  0.000000e+00
   endloop
 endfacet
 facet normal  0.000000e+00 -0.000000e+00 -1.000000e+00
   outer loop
     vertex -2.886234e+01 -6.036823e+00  0.000000e+00
     vertex -2.844605e+01 -8.906789e+00  0.000000e+00
     vertex -2.902829e+01 -6.058574e+00  0.000000e+00
   endloop
 endfacet
 facet normal  0.000000e+00  0.000000e+00 -1.000000e+00
   outer loop
     vertex -3.576867e+01  9.170380e-01  0.000000e+00
     vertex -3.866948e+01  1.108397e+00  0.000000e+00
     vertex -3.863571e+01  1.353007e+00  0.000000e+00
   endloop
 endfacet
 facet normal -0.000000e+00  0.000000e+00 -1.000000e+00
   outer loop
     vertex -3.576867e+01  9.170380e-01  0.000000e+00
     vertex -3.579155e+01  7.512470e-01  0.000000e+00
     vertex -3.866948e+01  1.108397e+00  0.000000e+00
   endloop
 endfacet
 facet normal  0.000000e+00 -0.000000e+00 -1.000000e+00
   outer loop
     vertex -2.869706e+01 -6.010529e+00  0.000000e+00
     vertex -2.844605e+01 -8.906789e+00  0.000000e+00
     vertex -2.886234e+01 -6.036823e+00  0.000000e+00
   endloop
 endfacet
 facet normal  0.000000e+00  0.000000e+00 -1.000000e+00
   outer loop
     vertex -2.869706e+01 -6.010529e+00  0.000000e+00
     vertex -2.820219e+01 -8.867993e+00  0.000000e+00
     vertex -2.844605e+01 -8.906789e+00  0.000000e+00
   endloop
 endfacet
 facet normal  0.000000e+00  0.000000e+00 -1.000000e+00
   outer loop
     vertex -3.574124e+01  1.082139e+00  0.000000e+00
     vertex -3.859524e+01  1.596598e+00  0.000000e+00
     vertex -3.854811e+01  1.838987e+00  0.000000e+00
   endloop
 endfacet
 facet normal  0.000000e+00  0.000000e+00 -1.000000e+00
   outer loop
     vertex -3.574124e+01  1.082139e+00  0.000000e+00
     vertex -3.863571e+01  1.353007e+00  0.000000e+00
     vertex -3.859524e+01  1.596598e+00  0.000000e+00
   endloop
 endfacet
 facet normal -0.000000e+00  0.000000e+00 -1.000000e+00
   outer loop
     vertex -3.574124e+01  1.082139e+00  0.000000e+00
     vertex -3.576867e+01  9.170380e-01  0.000000e+00
     vertex -3.863571e+01  1.353007e+00  0.000000e+00
   endloop
 endfacet
 facet normal  0.000000e+00 -0.000000e+00 -1.000000e+00
   outer loop
     vertex -2.853255e+01 -5.979709e+00  0.000000e+00
     vertex -2.820219e+01 -8.867993e+00  0.000000e+00
     vertex -2.869706e+01 -6.010529e+00  0.000000e+00
   endloop
 endfacet
 facet normal  0.000000e+00  0.000000e+00 -1.000000e+00
   outer loop
     vertex -2.853255e+01 -5.979709e+00  0.000000e+00
     vertex -2.795948e+01 -8.822522e+00  0.000000e+00
     vertex -2.820219e+01 -8.867993e+00  0.000000e+00
   endloop
 endfacet
 facet normal -0.000000e+00  0.000000e+00 -1.000000e+00
   outer loop
     vertex -3.570929e+01  1.246425e+00  0.000000e+00
     vertex -3.574124e+01  1.082139e+00  0.000000e+00
     vertex -3.854811e+01  1.838987e+00  0.000000e+00
   endloop
 endfacet
 facet normal  0.000000e+00 -0.000000e+00 -1.000000e+00
   outer loop
     vertex -2.836896e+01 -5.944389e+00  0.000000e+00
     vertex -2.795948e+01 -8.822522e+00  0.000000e+00
     vertex -2.853255e+01 -5.979709e+00  0.000000e+00
   endloop
 endfacet
 facet normal  0.000000e+00  0.000000e+00 -1.000000e+00
   outer loop
     vertex -2.836896e+01 -5.944389e+00  0.000000e+00
     vertex -2.771811e+01 -8.770409e+00  0.000000e+00
     vertex -2.795948e+01 -8.822522e+00  0.000000e+00
   endloop
 endfacet
 facet normal  0.000000e+00  0.000000e+00 -1.000000e+00
   outer loop
     vertex -3.567285e+01  1.409773e+00  0.000000e+00
     vertex -3.854811e+01  1.838987e+00  0.000000e+00
     vertex -3.849434e+01  2.079992e+00  0.000000e+00
   endloop
 endfacet
 facet normal -0.000000e+00  0.000000e+00 -1.000000e+00
   outer loop
     vertex -3.567285e+01  1.409773e+00  0.000000e+00
     vertex -3.570929e+01  1.246425e+00  0.000000e+00
     vertex -3.854811e+01  1.838987e+00  0.000000e+00
   endloop
 endfacet
 facet normal  0.000000e+00 -0.000000e+00 -1.000000e+00
   outer loop
     vertex -2.820640e+01 -5.904593e+00  0.000000e+00
     vertex -2.771811e+01 -8.770409e+00  0.000000e+00
     vertex -2.836896e+01 -5.944389e+00  0.000000e+00
   endloop
 endfacet
 facet normal  0.000000e+00  0.000000e+00 -1.000000e+00
   outer loop
     vertex -2.820640e+01 -5.904593e+00  0.000000e+00
     vertex -2.747826e+01 -8.711695e+00  0.000000e+00
     vertex -2.771811e+01 -8.770409e+00  0.000000e+00
   endloop
 endfacet
 facet normal  0.000000e+00  0.000000e+00 -1.000000e+00
   outer loop
     vertex -2.820640e+01 -5.904593e+00  0.000000e+00
     vertex -2.724012e+01 -8.646422e+00  0.000000e+00
     vertex -2.747826e+01 -8.711695e+00  0.000000e+00
   endloop
 endfacet
 facet normal  0.000000e+00  0.000000e+00 -1.000000e+00
   outer loop
     vertex -3.563194e+01  1.572059e+00  0.000000e+00
     vertex -3.849434e+01  2.079992e+00  0.000000e+00
     vertex -3.843398e+01  2.319431e+00  0.000000e+00
   endloop
 endfacet
 facet normal -0.000000e+00  0.000000e+00 -1.000000e+00
   outer loop
     vertex -3.563194e+01  1.572059e+00  0.000000e+00
     vertex -3.567285e+01  1.409773e+00  0.000000e+00
     vertex -3.849434e+01  2.079992e+00  0.000000e+00
   endloop
 endfacet
 facet normal  0.000000e+00 -0.000000e+00 -1.000000e+00
   outer loop
     vertex -2.804499e+01 -5.860353e+00  0.000000e+00
     vertex -2.724012e+01 -8.646422e+00  0.000000e+00
     vertex -2.820640e+01 -5.904593e+00  0.000000e+00
   endloop
 endfacet
 facet normal  0.000000e+00  0.000000e+00 -1.000000e+00
   outer loop
     vertex -3.558659e+01  1.733162e+00  0.000000e+00
     vertex -3.843398e+01  2.319431e+00  0.000000e+00
     vertex -3.836708e+01  2.557125e+00  0.000000e+00
   endloop
 endfacet
 facet normal -0.000000e+00  0.000000e+00 -1.000000e+00
   outer loop
     vertex -3.558659e+01  1.733162e+00  0.000000e+00
     vertex -3.563194e+01  1.572059e+00  0.000000e+00
     vertex -3.843398e+01  2.319431e+00  0.000000e+00
   endloop
 endfacet
 facet normal  0.000000e+00  0.000000e+00 -1.000000e+00
   outer loop
     vertex -2.788485e+01 -5.811701e+00  0.000000e+00
     vertex -2.700385e+01 -8.574641e+00  0.000000e+00
     vertex -2.724012e+01 -8.646422e+00  0.000000e+00
   endloop
 endfacet
 facet normal  0.000000e+00 -0.000000e+00 -1.000000e+00
   outer loop
     vertex -2.788485e+01 -5.811701e+00  0.000000e+00
     vertex -2.724012e+01 -8.646422e+00  0.000000e+00
     vertex -2.804499e+01 -5.860353e+00  0.000000e+00
   endloop
 endfacet
 facet normal  0.000000e+00  0.000000e+00 -1.000000e+00
   outer loop
     vertex -3.553684e+01  1.892961e+00  0.000000e+00
     vertex -3.829368e+01  2.792893e+00  0.000000e+00
     vertex -3.821384e+01  3.026559e+00  0.000000e+00
   endloop
 endfacet
 facet normal  0.000000e+00  0.000000e+00 -1.000000e+00
   outer loop
     vertex -3.553684e+01  1.892961e+00  0.000000e+00
     vertex -3.836708e+01  2.557125e+00  0.000000e+00
     vertex -3.829368e+01  2.792893e+00  0.000000e+00
   endloop
 endfacet
 facet normal -0.000000e+00  0.000000e+00 -1.000000e+00
   outer loop
     vertex -3.553684e+01  1.892961e+00  0.000000e+00
     vertex -3.558659e+01  1.733162e+00  0.000000e+00
     vertex -3.836708e+01  2.557125e+00  0.000000e+00
   endloop
 endfacet
 facet normal  0.000000e+00 -0.000000e+00 -1.000000e+00
   outer loop
     vertex -2.772611e+01 -5.758675e+00  0.000000e+00
     vertex -2.700385e+01 -8.574641e+00  0.000000e+00
     vertex -2.788485e+01 -5.811701e+00  0.000000e+00
   endloop
 endfacet
 facet normal  0.000000e+00  0.000000e+00 -1.000000e+00
   outer loop
     vertex -2.772611e+01 -5.758675e+00  0.000000e+00
     vertex -2.676964e+01 -8.496405e+00  0.000000e+00
     vertex -2.700385e+01 -8.574641e+00  0.000000e+00
   endloop
 endfacet
 facet normal -0.000000e+00  0.000000e+00 -1.000000e+00
   outer loop
     vertex -3.548273e+01  2.051334e+00  0.000000e+00
     vertex -3.553684e+01  1.892961e+00  0.000000e+00
     vertex -3.821384e+01  3.026559e+00  0.000000e+00
   endloop
 endfacet
 facet normal  0.000000e+00 -0.000000e+00 -1.000000e+00
   outer loop
     vertex -2.756888e+01 -5.701313e+00  0.000000e+00
     vertex -2.676964e+01 -8.496405e+00  0.000000e+00
     vertex -2.772611e+01 -5.758675e+00  0.000000e+00
   endloop
 endfacet
 facet normal  0.000000e+00  0.000000e+00 -1.000000e+00
   outer loop
     vertex -2.756888e+01 -5.701313e+00  0.000000e+00
     vertex -2.653767e+01 -8.411774e+00  0.000000e+00
     vertex -2.676964e+01 -8.496405e+00  0.000000e+00
   endloop
 endfacet
 facet normal  0.000000e+00  0.000000e+00 -1.000000e+00
   outer loop
     vertex -3.542429e+01  2.208164e+00  0.000000e+00
     vertex -3.821384e+01  3.026559e+00  0.000000e+00
     vertex -3.812761e+01  3.257946e+00  0.000000e+00
   endloop
 endfacet
 facet normal -0.000000e+00  0.000000e+00 -1.000000e+00
   outer loop
     vertex -3.542429e+01  2.208164e+00  0.000000e+00
     vertex -3.548273e+01  2.051334e+00  0.000000e+00
     vertex -3.821384e+01  3.026559e+00  0.000000e+00
   endloop
 endfacet
 facet normal  0.000000e+00  0.000000e+00 -1.000000e+00
   outer loop
     vertex -2.741329e+01 -5.639660e+00  0.000000e+00
     vertex -2.630810e+01 -8.320810e+00  0.000000e+00
     vertex -2.653767e+01 -8.411774e+00  0.000000e+00
   endloop
 endfacet
 facet normal  0.000000e+00 -0.000000e+00 -1.000000e+00
   outer loop
     vertex -2.741329e+01 -5.639660e+00  0.000000e+00
     vertex -2.653767e+01 -8.411774e+00  0.000000e+00
     vertex -2.756888e+01 -5.701313e+00  0.000000e+00
   endloop
 endfacet
 facet normal  0.000000e+00  0.000000e+00 -1.000000e+00
   outer loop
     vertex -3.536157e+01  2.363331e+00  0.000000e+00
     vertex -3.812761e+01  3.257946e+00  0.000000e+00
     vertex -3.803508e+01  3.486881e+00  0.000000e+00
   endloop
 endfacet
 facet normal -0.000000e+00  0.000000e+00 -1.000000e+00
   outer loop
     vertex -3.536157e+01  2.363331e+00  0.000000e+00
     vertex -3.542429e+01  2.208164e+00  0.000000e+00
     vertex -3.812761e+01  3.257946e+00  0.000000e+00
   endloop
 endfacet
 facet normal  0.000000e+00  0.000000e+00 -1.000000e+00
   outer loop
     vertex -2.725945e+01 -5.573761e+00  0.000000e+00
     vertex -2.608112e+01 -8.223582e+00  0.000000e+00
     vertex -2.630810e+01 -8.320810e+00  0.000000e+00
   endloop
 endfacet
 facet normal  0.000000e+00 -0.000000e+00 -1.000000e+00
   outer loop
     vertex -2.725945e+01 -5.573761e+00  0.000000e+00
     vertex -2.630810e+01 -8.320810e+00  0.000000e+00
     vertex -2.741329e+01 -5.639660e+00  0.000000e+00
   endloop
 endfacet
 facet normal -0.000000e+00  0.000000e+00 -1.000000e+00
   outer loop
     vertex -3.529462e+01  2.516719e+00  0.000000e+00
     vertex -3.536157e+01  2.363331e+00  0.000000e+00
     vertex -3.803508e+01  3.486881e+00  0.000000e+00
   endloop
 endfacet
 facet normal  0.000000e+00  0.000000e+00 -1.000000e+00
   outer loop
     vertex -3.529462e+01  2.516719e+00  0.000000e+00
     vertex -3.803508e+01  3.486881e+00  0.000000e+00
     vertex -3.793630e+01  3.713192e+00  0.000000e+00
   endloop
 endfacet
 facet normal  0.000000e+00 -0.000000e+00 -1.000000e+00
   outer loop
     vertex -2.710747e+01 -5.503667e+00  0.000000e+00
     vertex -2.608112e+01 -8.223582e+00  0.000000e+00
     vertex -2.725945e+01 -5.573761e+00  0.000000e+00
   endloop
 endfacet
 facet normal  0.000000e+00  0.000000e+00 -1.000000e+00
   outer loop
     vertex -2.710747e+01 -5.503667e+00  0.000000e+00
     vertex -2.585689e+01 -8.120164e+00  0.000000e+00
     vertex -2.608112e+01 -8.223582e+00  0.000000e+00
   endloop
 endfacet
 facet normal -0.000000e+00  0.000000e+00 -1.000000e+00
   outer loop
     vertex -3.522349e+01  2.668212e+00  0.000000e+00
     vertex -3.529462e+01  2.516719e+00  0.000000e+00
     vertex -3.793630e+01  3.713192e+00  0.000000e+00
   endloop
 endfacet
 facet normal  0.000000e+00  0.000000e+00 -1.000000e+00
   outer loop
     vertex -3.522349e+01  2.668212e+00  0.000000e+00
     vertex -3.793630e+01  3.713192e+00  0.000000e+00
     vertex -3.783134e+01  3.936707e+00  0.000000e+00
   endloop
 endfacet
 facet normal  0.000000e+00 -0.000000e+00 -1.000000e+00
   outer loop
     vertex -2.695747e+01 -5.429430e+00  0.000000e+00
     vertex -2.585689e+01 -8.120164e+00  0.000000e+00
     vertex -2.710747e+01 -5.503667e+00  0.000000e+00
   endloop
 endfacet
 facet normal  0.000000e+00  0.000000e+00 -1.000000e+00
   outer loop
     vertex -2.695747e+01 -5.429430e+00  0.000000e+00
     vertex -2.563558e+01 -8.010634e+00  0.000000e+00
     vertex -2.585689e+01 -8.120164e+00  0.000000e+00
   endloop
 endfacet
 facet normal -0.000000e+00  0.000000e+00 -1.000000e+00
   outer loop
     vertex -3.514822e+01  2.817697e+00  0.000000e+00
     vertex -3.522349e+01  2.668212e+00  0.000000e+00
     vertex -3.783134e+01  3.936707e+00  0.000000e+00
   endloop
 endfacet
 facet normal  0.000000e+00  0.000000e+00 -1.000000e+00
   outer loop
     vertex -3.514822e+01  2.817697e+00  0.000000e+00
     vertex -3.783134e+01  3.936707e+00  0.000000e+00
     vertex -3.772030e+01  4.157259e+00  0.000000e+00
   endloop
 endfacet
 facet normal  0.000000e+00 -0.000000e+00 -1.000000e+00
   outer loop
     vertex -2.680957e+01 -5.351105e+00  0.000000e+00
     vertex -2.563558e+01 -8.010634e+00  0.000000e+00
     vertex -2.695747e+01 -5.429430e+00  0.000000e+00
   endloop
 endfacet
 facet normal  0.000000e+00  0.000000e+00 -1.000000e+00
   outer loop
     vertex -2.680957e+01 -5.351105e+00  0.000000e+00
     vertex -2.541736e+01 -7.895073e+00  0.000000e+00
     vertex -2.563558e+01 -8.010634e+00  0.000000e+00
   endloop
 endfacet
 facet normal -0.000000e+00  0.000000e+00 -1.000000e+00
   outer loop
     vertex -3.506888e+01  2.965061e+00  0.000000e+00
     vertex -3.514822e+01  2.817697e+00  0.000000e+00
     vertex -3.772030e+01  4.157259e+00  0.000000e+00
   endloop
 endfacet
 facet normal  0.000000e+00  0.000000e+00 -1.000000e+00
   outer loop
     vertex -3.506888e+01  2.965061e+00  0.000000e+00
     vertex -3.772030e+01  4.157259e+00  0.000000e+00
     vertex -3.760324e+01  4.374681e+00  0.000000e+00
   endloop
 endfacet
 facet normal  0.000000e+00 -0.000000e+00 -1.000000e+00
   outer loop
     vertex -2.666387e+01 -5.268752e+00  0.000000e+00
     vertex -2.541736e+01 -7.895073e+00  0.000000e+00
     vertex -2.680957e+01 -5.351105e+00  0.000000e+00
   endloop
 endfacet
 facet normal  0.000000e+00  0.000000e+00 -1.000000e+00
   outer loop
     vertex -2.666387e+01 -5.268752e+00  0.000000e+00
     vertex -2.520240e+01 -7.773569e+00  0.000000e+00
     vertex -2.541736e+01 -7.895073e+00  0.000000e+00
   endloop
 endfacet
 facet normal -0.000000e+00  0.000000e+00 -1.000000e+00
   outer loop
     vertex -3.498553e+01  3.110193e+00  0.000000e+00
     vertex -3.506888e+01  2.965061e+00  0.000000e+00
     vertex -3.760324e+01  4.374681e+00  0.000000e+00
   endloop
 endfacet
 facet normal  0.000000e+00  0.000000e+00 -1.000000e+00
   outer loop
     vertex -3.498553e+01  3.110193e+00  0.000000e+00
     vertex -3.760324e+01  4.374681e+00  0.000000e+00
     vertex -3.748027e+01  4.588810e+00  0.000000e+00
   endloop
 endfacet
 facet normal  0.000000e+00 -0.000000e+00 -1.000000e+00
   outer loop
     vertex -2.652048e+01 -5.182434e+00  0.000000e+00
     vertex -2.520240e+01 -7.773569e+00  0.000000e+00
     vertex -2.666387e+01 -5.268752e+00  0.000000e+00
   endloop
 endfacet
 facet normal  0.000000e+00  0.000000e+00 -1.000000e+00
   outer loop
     vertex -2.652048e+01 -5.182434e+00  0.000000e+00
     vertex -2.499084e+01 -7.646214e+00  0.000000e+00
     vertex -2.520240e+01 -7.773569e+00  0.000000e+00
   endloop
 endfacet
 facet normal -0.000000e+00  0.000000e+00 -1.000000e+00
   outer loop
     vertex -3.489823e+01  3.252984e+00  0.000000e+00
     vertex -3.498553e+01  3.110193e+00  0.000000e+00
     vertex -3.748027e+01  4.588810e+00  0.000000e+00
   endloop
 endfacet
 facet normal  0.000000e+00  0.000000e+00 -1.000000e+00
   outer loop
     vertex -3.489823e+01  3.252984e+00  0.000000e+00
     vertex -3.735146e+01  4.799485e+00  0.000000e+00
     vertex -3.721693e+01  5.006547e+00  0.000000e+00
   endloop
 endfacet
 facet normal  0.000000e+00  0.000000e+00 -1.000000e+00
   outer loop
     vertex -3.489823e+01  3.252984e+00  0.000000e+00
     vertex -3.748027e+01  4.588810e+00  0.000000e+00
     vertex -3.735146e+01  4.799485e+00  0.000000e+00
   endloop
 endfacet
 facet normal  0.000000e+00 -0.000000e+00 -1.000000e+00
   outer loop
     vertex -2.637952e+01 -5.092214e+00  0.000000e+00
     vertex -2.499084e+01 -7.646214e+00  0.000000e+00
     vertex -2.652048e+01 -5.182434e+00  0.000000e+00
   endloop
 endfacet
 facet normal  0.000000e+00  0.000000e+00 -1.000000e+00
   outer loop
     vertex -2.637952e+01 -5.092214e+00  0.000000e+00
     vertex -2.478286e+01 -7.513102e+00  0.000000e+00
     vertex -2.499084e+01 -7.646214e+00  0.000000e+00
   endloop
 endfacet
 facet normal -0.000000e+00  0.000000e+00 -1.000000e+00
   outer loop
     vertex -3.480705e+01  3.393326e+00  0.000000e+00
     vertex -3.489823e+01  3.252984e+00  0.000000e+00
     vertex -3.721693e+01  5.006547e+00  0.000000e+00
   endloop
 endfacet
 facet normal  0.000000e+00 -0.000000e+00 -1.000000e+00
   outer loop
     vertex -2.624108e+01 -4.998160e+00  0.000000e+00
     vertex -2.478286e+01 -7.513102e+00  0.000000e+00
     vertex -2.637952e+01 -5.092214e+00  0.000000e+00
   endloop
 endfacet
 facet normal  0.000000e+00  0.000000e+00 -1.000000e+00
   outer loop
     vertex -2.624108e+01 -4.998160e+00  0.000000e+00
     vertex -2.457861e+01 -7.374335e+00  0.000000e+00
     vertex -2.478286e+01 -7.513102e+00  0.000000e+00
   endloop
 endfacet
 facet normal -0.000000e+00  0.000000e+00 -1.000000e+00
   outer loop
     vertex -3.471205e+01  3.531114e+00  0.000000e+00
     vertex -3.480705e+01  3.393326e+00  0.000000e+00
     vertex -3.721693e+01  5.006547e+00  0.000000e+00
   endloop
 endfacet
 facet normal  0.000000e+00  0.000000e+00 -1.000000e+00
   outer loop
     vertex -3.471205e+01  3.531114e+00  0.000000e+00
     vertex -3.721693e+01  5.006547e+00  0.000000e+00
     vertex -3.707676e+01  5.209840e+00  0.000000e+00
   endloop
 endfacet
 facet normal  0.000000e+00 -0.000000e+00 -1.000000e+00
   outer loop
     vertex -2.610528e+01 -4.900345e+00  0.000000e+00
     vertex -2.457861e+01 -7.374335e+00  0.000000e+00
     vertex -2.624108e+01 -4.998160e+00  0.000000e+00
   endloop
 endfacet
 facet normal  0.000000e+00  0.000000e+00 -1.000000e+00
   outer loop
     vertex -2.610528e+01 -4.900345e+00  0.000000e+00
     vertex -2.437825e+01 -7.230017e+00  0.000000e+00
     vertex -2.457861e+01 -7.374335e+00  0.000000e+00
   endloop
 endfacet
 facet normal -0.000000e+00  0.000000e+00 -1.000000e+00
   outer loop
     vertex -3.461330e+01  3.666243e+00  0.000000e+00
     vertex -3.471205e+01  3.531114e+00  0.000000e+00
     vertex -3.707676e+01  5.209840e+00  0.000000e+00
   endloop
 endfacet
 facet normal  0.000000e+00  0.000000e+00 -1.000000e+00
   outer loop
     vertex -3.461330e+01  3.666243e+00  0.000000e+00
     vertex -3.707676e+01  5.209840e+00  0.000000e+00
     vertex -3.693107e+01  5.409211e+00  0.000000e+00
   endloop
 endfacet
 facet normal  0.000000e+00 -0.000000e+00 -1.000000e+00
   outer loop
     vertex -2.597221e+01 -4.798840e+00  0.000000e+00
     vertex -2.437825e+01 -7.230017e+00  0.000000e+00
     vertex -2.610528e+01 -4.900345e+00  0.000000e+00
   endloop
 endfacet
 facet normal  0.000000e+00  0.000000e+00 -1.000000e+00
   outer loop
     vertex -2.597221e+01 -4.798840e+00  0.000000e+00
     vertex -2.418192e+01 -7.080256e+00  0.000000e+00
     vertex -2.437825e+01 -7.230017e+00  0.000000e+00
   endloop
 endfacet
 facet normal -0.000000e+00  0.000000e+00 -1.000000e+00
   outer loop
     vertex -3.451089e+01  3.798613e+00  0.000000e+00
     vertex -3.461330e+01  3.666243e+00  0.000000e+00
     vertex -3.693107e+01  5.409211e+00  0.000000e+00
   endloop
 endfacet
 facet normal  0.000000e+00  0.000000e+00 -1.000000e+00
   outer loop
     vertex -3.451089e+01  3.798613e+00  0.000000e+00
     vertex -3.693107e+01  5.409211e+00  0.000000e+00
     vertex -3.677997e+01  5.604510e+00  0.000000e+00
   endloop
 endfacet
 facet normal  0.000000e+00 -0.000000e+00 -1.000000e+00
   outer loop
     vertex -2.584197e+01 -4.693723e+00  0.000000e+00
     vertex -2.418192e+01 -7.080256e+00  0.000000e+00
     vertex -2.597221e+01 -4.798840e+00  0.000000e+00
   endloop
 endfacet
 facet normal  0.000000e+00  0.000000e+00 -1.000000e+00
   outer loop
     vertex -2.584197e+01 -4.693723e+00  0.000000e+00
     vertex -2.398977e+01 -6.925166e+00  0.000000e+00
     vertex -2.418192e+01 -7.080256e+00  0.000000e+00
   endloop
 endfacet
 facet normal -0.000000e+00  0.000000e+00 -1.000000e+00
   outer loop
     vertex -3.440488e+01  3.928123e+00  0.000000e+00
     vertex -3.451089e+01  3.798613e+00  0.000000e+00
     vertex -3.677997e+01  5.604510e+00  0.000000e+00
   endloop
 endfacet
 facet normal  0.000000e+00  0.000000e+00 -1.000000e+00
   outer loop
     vertex -3.440488e+01  3.928123e+00  0.000000e+00
     vertex -3.662357e+01  5.795591e+00  0.000000e+00
     vertex -3.646198e+01  5.982309e+00  0.000000e+00
   endloop
 endfacet
 facet normal  0.000000e+00  0.000000e+00 -1.000000e+00
   outer loop
     vertex -3.440488e+01  3.928123e+00  0.000000e+00
     vertex -3.677997e+01  5.604510e+00  0.000000e+00
     vertex -3.662357e+01  5.795591e+00  0.000000e+00
   endloop
 endfacet
 facet normal  0.000000e+00 -0.000000e+00 -1.000000e+00
   outer loop
     vertex -2.571467e+01 -4.585073e+00  0.000000e+00
     vertex -2.398977e+01 -6.925166e+00  0.000000e+00
     vertex -2.584197e+01 -4.693723e+00  0.000000e+00
   endloop
 endfacet
 facet normal  0.000000e+00  0.000000e+00 -1.000000e+00
   outer loop
     vertex -2.571467e+01 -4.585073e+00  0.000000e+00
     vertex -2.380195e+01 -6.764862e+00  0.000000e+00
     vertex -2.398977e+01 -6.925166e+00  0.000000e+00
   endloop
 endfacet
 facet normal -0.000000e+00  0.000000e+00 -1.000000e+00
   outer loop
     vertex -3.429536e+01  4.054676e+00  0.000000e+00
     vertex -3.440488e+01  3.928123e+00  0.000000e+00
     vertex -3.646198e+01  5.982309e+00  0.000000e+00
   endloop
 endfacet
 facet normal  0.000000e+00 -0.000000e+00 -1.000000e+00
   outer loop
     vertex -2.559040e+01 -4.472971e+00  0.000000e+00
     vertex -2.380195e+01 -6.764862e+00  0.000000e+00
     vertex -2.571467e+01 -4.585073e+00  0.000000e+00
   endloop
 endfacet
 facet normal  0.000000e+00  0.000000e+00 -1.000000e+00
   outer loop
     vertex -2.559040e+01 -4.472971e+00  0.000000e+00
     vertex -2.361859e+01 -6.599466e+00  0.000000e+00
     vertex -2.380195e+01 -6.764862e+00  0.000000e+00
   endloop
 endfacet
 facet normal  0.000000e+00  0.000000e+00 -1.000000e+00
   outer loop
     vertex -3.418241e+01  4.178177e+00  0.000000e+00
     vertex -3.646198e+01  5.982309e+00  0.000000e+00
     vertex -3.629533e+01  6.164523e+00  0.000000e+00
   endloop
 endfacet
 facet normal -0.000000e+00  0.000000e+00 -1.000000e+00
   outer loop
     vertex -3.418241e+01  4.178177e+00  0.000000e+00
     vertex -3.429536e+01  4.054676e+00  0.000000e+00
     vertex -3.646198e+01  5.982309e+00  0.000000e+00
   endloop
 endfacet
 facet normal  0.000000e+00 -0.000000e+00 -1.000000e+00
   outer loop
     vertex -2.546925e+01 -4.357503e+00  0.000000e+00
     vertex -2.361859e+01 -6.599466e+00  0.000000e+00
     vertex -2.559040e+01 -4.472971e+00  0.000000e+00
   endloop
 endfacet
 facet normal  0.000000e+00  0.000000e+00 -1.000000e+00
   outer loop
     vertex -2.546925e+01 -4.357503e+00  0.000000e+00
     vertex -2.343985e+01 -6.429102e+00  0.000000e+00
     vertex -2.361859e+01 -6.599466e+00  0.000000e+00
   endloop
 endfacet
 facet normal -0.000000e+00  0.000000e+00 -1.000000e+00
   outer loop
     vertex -3.406611e+01  4.298533e+00  0.000000e+00
     vertex -3.418241e+01  4.178177e+00  0.000000e+00
     vertex -3.629533e+01  6.164523e+00  0.000000e+00
   endloop
 endfacet
 facet normal  0.000000e+00  0.000000e+00 -1.000000e+00
   outer loop
     vertex -3.406611e+01  4.298533e+00  0.000000e+00
     vertex -3.629533e+01  6.164523e+00  0.000000e+00
     vertex -3.612374e+01  6.342097e+00  0.000000e+00
   endloop
 endfacet
 facet normal -0.000000e+00  0.000000e+00 -1.000000e+00
   outer loop
     vertex -3.394656e+01  4.415653e+00  0.000000e+00
     vertex -3.406611e+01  4.298533e+00  0.000000e+00
     vertex -3.612374e+01  6.342097e+00  0.000000e+00
   endloop
 endfacet
 facet normal  0.000000e+00  0.000000e+00 -1.000000e+00
   outer loop
     vertex -2.326584e+01 -6.253899e+00  0.000000e+00
     vertex -2.546925e+01 -4.357503e+00  0.000000e+00
     vertex -2.535131e+01 -4.238754e+00  0.000000e+00
   endloop
 endfacet
 facet normal -0.000000e+00  0.000000e+00 -1.000000e+00
   outer loop
     vertex -2.326584e+01 -6.253899e+00  0.000000e+00
     vertex -2.343985e+01 -6.429102e+00  0.000000e+00
     vertex -2.546925e+01 -4.357503e+00  0.000000e+00
   endloop
 endfacet
 facet normal  0.000000e+00 -0.000000e+00 -1.000000e+00
   outer loop
     vertex -3.594735e+01  6.514897e+00  0.000000e+00
     vertex -3.394656e+01  4.415653e+00  0.000000e+00
     vertex -3.612374e+01  6.342097e+00  0.000000e+00
   endloop
 endfacet
 facet normal  0.000000e+00  0.000000e+00 -1.000000e+00
   outer loop
     vertex -2.309671e+01 -6.073988e+00  0.000000e+00
     vertex -2.535131e+01 -4.238754e+00  0.000000e+00
     vertex -2.523668e+01 -4.116814e+00  0.000000e+00
   endloop
 endfacet
 facet normal -0.000000e+00  0.000000e+00 -1.000000e+00
   outer loop
     vertex -2.309671e+01 -6.073988e+00  0.000000e+00
     vertex -2.326584e+01 -6.253899e+00  0.000000e+00
     vertex -2.535131e+01 -4.238754e+00  0.000000e+00
   endloop
 endfacet
 facet normal  0.000000e+00 -0.000000e+00 -1.000000e+00
   outer loop
     vertex -2.512543e+01 -3.991775e+00  0.000000e+00
     vertex -2.309671e+01 -6.073988e+00  0.000000e+00
     vertex -2.523668e+01 -4.116814e+00  0.000000e+00
   endloop
 endfacet
 facet normal  0.000000e+00  0.000000e+00 -1.000000e+00
   outer loop
     vertex -3.576628e+01  6.682793e+00  0.000000e+00
     vertex -3.382383e+01  4.529448e+00  0.000000e+00
     vertex -3.394656e+01  4.415653e+00  0.000000e+00
   endloop
 endfacet
 facet normal  0.000000e+00 -0.000000e+00 -1.000000e+00
   outer loop
     vertex -3.576628e+01  6.682793e+00  0.000000e+00
     vertex -3.394656e+01  4.415653e+00  0.000000e+00
     vertex -3.594735e+01  6.514897e+00  0.000000e+00
   endloop
 endfacet
 facet normal -0.000000e+00  0.000000e+00 -1.000000e+00
   outer loop
     vertex -2.293257e+01 -5.889504e+00  0.000000e+00
     vertex -2.309671e+01 -6.073988e+00  0.000000e+00
     vertex -2.512543e+01 -3.991775e+00  0.000000e+00
   endloop
 endfacet
 facet normal  0.000000e+00  0.000000e+00 -1.000000e+00
   outer loop
     vertex -3.558068e+01  6.845658e+00  0.000000e+00
     vertex -3.356925e+01  4.746728e+00  0.000000e+00
     vertex -3.369803e+01  4.639835e+00  0.000000e+00
   endloop
 endfacet
 facet normal  0.000000e+00  0.000000e+00 -1.000000e+00
   outer loop
     vertex -3.558068e+01  6.845658e+00  0.000000e+00
     vertex -3.369803e+01  4.639835e+00  0.000000e+00
     vertex -3.382383e+01  4.529448e+00  0.000000e+00
   endloop
 endfacet
 facet normal  0.000000e+00 -0.000000e+00 -1.000000e+00
   outer loop
     vertex -3.558068e+01  6.845658e+00  0.000000e+00
     vertex -3.382383e+01  4.529448e+00  0.000000e+00
     vertex -3.576628e+01  6.682793e+00  0.000000e+00
   endloop
 endfacet
 facet normal  0.000000e+00  0.000000e+00 -1.000000e+00
   outer loop
     vertex -2.277356e+01 -5.700587e+00  0.000000e+00
     vertex -2.512543e+01 -3.991775e+00  0.000000e+00
     vertex -2.501765e+01 -3.863731e+00  0.000000e+00
   endloop
 endfacet
 facet normal  0.000000e+00  0.000000e+00 -1.000000e+00
   outer loop
     vertex -2.277356e+01 -5.700587e+00  0.000000e+00
     vertex -2.501765e+01 -3.863731e+00  0.000000e+00
     vertex -2.491343e+01 -3.732779e+00  0.000000e+00
   endloop
 endfacet
 facet normal -0.000000e+00  0.000000e+00 -1.000000e+00
   outer loop
     vertex -2.277356e+01 -5.700587e+00  0.000000e+00
     vertex -2.293257e+01 -5.889504e+00  0.000000e+00
     vertex -2.512543e+01 -3.991775e+00  0.000000e+00
   endloop
 endfacet
 facet normal  0.000000e+00 -0.000000e+00 -1.000000e+00
   outer loop
     vertex -3.539067e+01  7.003370e+00  0.000000e+00
     vertex -3.356925e+01  4.746728e+00  0.000000e+00
     vertex -3.558068e+01  6.845658e+00  0.000000e+00
   endloop
 endfacet
 facet normal -0.000000e+00  0.000000e+00 -1.000000e+00
   outer loop
     vertex -2.261979e+01 -5.507379e+00  0.000000e+00
     vertex -2.277356e+01 -5.700587e+00  0.000000e+00
     vertex -2.491343e+01 -3.732779e+00  0.000000e+00
   endloop
 endfacet
 facet normal  0.000000e+00  0.000000e+00 -1.000000e+00
   outer loop
     vertex -2.261979e+01 -5.507379e+00  0.000000e+00
     vertex -2.491343e+01 -3.732779e+00  0.000000e+00
     vertex -2.481284e+01 -3.599017e+00  0.000000e+00
   endloop
 endfacet
 facet normal  0.000000e+00  0.000000e+00 -1.000000e+00
   outer loop
     vertex -3.519641e+01  7.155810e+00  0.000000e+00
     vertex -3.330314e+01  4.949718e+00  0.000000e+00
     vertex -3.343759e+01  4.850049e+00  0.000000e+00
   endloop
 endfacet
 facet normal  0.000000e+00  0.000000e+00 -1.000000e+00
   outer loop
     vertex -3.519641e+01  7.155810e+00  0.000000e+00
     vertex -3.343759e+01  4.850049e+00  0.000000e+00
     vertex -3.356925e+01  4.746728e+00  0.000000e+00
   endloop
 endfacet
 facet normal  0.000000e+00 -0.000000e+00 -1.000000e+00
   outer loop
     vertex -3.519641e+01  7.155810e+00  0.000000e+00
     vertex -3.356925e+01  4.746728e+00  0.000000e+00
     vertex -3.539067e+01  7.003370e+00  0.000000e+00
   endloop
 endfacet
 facet normal  0.000000e+00  0.000000e+00 -1.000000e+00
   outer loop
     vertex -2.247138e+01 -5.310025e+00  0.000000e+00
     vertex -2.481284e+01 -3.599017e+00  0.000000e+00
     vertex -2.471596e+01 -3.462546e+00  0.000000e+00
   endloop
 endfacet
 facet normal -0.000000e+00  0.000000e+00 -1.000000e+00
   outer loop
     vertex -2.247138e+01 -5.310025e+00  0.000000e+00
     vertex -2.261979e+01 -5.507379e+00  0.000000e+00
     vertex -2.481284e+01 -3.599017e+00  0.000000e+00
   endloop
 endfacet
 facet normal  0.000000e+00 -0.000000e+00 -1.000000e+00
   outer loop
     vertex -3.499805e+01  7.302863e+00  0.000000e+00
     vertex -3.330314e+01  4.949718e+00  0.000000e+00
     vertex -3.519641e+01  7.155810e+00  0.000000e+00
   endloop
 endfacet
 facet normal -0.000000e+00  0.000000e+00 -1.000000e+00
   outer loop
     vertex -2.232844e+01 -5.108674e+00  0.000000e+00
     vertex -2.247138e+01 -5.310025e+00  0.000000e+00
     vertex -2.471596e+01 -3.462546e+00  0.000000e+00
   endloop
 endfacet
 facet normal  0.000000e+00  0.000000e+00 -1.000000e+00
   outer loop
     vertex -3.479572e+01  7.444419e+00  0.000000e+00
     vertex -3.316601e+01  5.045662e+00  0.000000e+00
     vertex -3.330314e+01  4.949718e+00  0.000000e+00
   endloop
 endfacet
 facet normal  0.000000e+00 -0.000000e+00 -1.000000e+00
   outer loop
     vertex -3.479572e+01  7.444419e+00  0.000000e+00
     vertex -3.330314e+01  4.949718e+00  0.000000e+00
     vertex -3.499805e+01  7.302863e+00  0.000000e+00
   endloop
 endfacet
 facet normal  0.000000e+00  0.000000e+00 -1.000000e+00
   outer loop
     vertex -2.219108e+01 -4.903477e+00  0.000000e+00
     vertex -2.471596e+01 -3.462546e+00  0.000000e+00
     vertex -2.462286e+01 -3.323468e+00  0.000000e+00
   endloop
 endfacet
 facet normal -0.000000e+00  0.000000e+00 -1.000000e+00
   outer loop
     vertex -2.219108e+01 -4.903477e+00  0.000000e+00
     vertex -2.232844e+01 -5.108674e+00  0.000000e+00
     vertex -2.471596e+01 -3.462546e+00  0.000000e+00
   endloop
 endfacet
 facet normal  0.000000e+00  0.000000e+00 -1.000000e+00
   outer loop
     vertex -3.458959e+01  7.580371e+00  0.000000e+00
     vertex -3.288411e+01  5.226085e+00  0.000000e+00
     vertex -3.302629e+01  5.137807e+00  0.000000e+00
   endloop
 endfacet
 facet normal  0.000000e+00  0.000000e+00 -1.000000e+00
   outer loop
     vertex -3.458959e+01  7.580371e+00  0.000000e+00
     vertex -3.302629e+01  5.137807e+00  0.000000e+00
     vertex -3.316601e+01  5.045662e+00  0.000000e+00
   endloop
 endfacet
 facet normal  0.000000e+00 -0.000000e+00 -1.000000e+00
   outer loop
     vertex -3.458959e+01  7.580371e+00  0.000000e+00
     vertex -3.316601e+01  5.045662e+00  0.000000e+00
     vertex -3.479572e+01  7.444419e+00  0.000000e+00
   endloop
 endfacet
 facet normal  0.000000e+00  0.000000e+00 -1.000000e+00
   outer loop
     vertex -2.205940e+01 -4.694589e+00  0.000000e+00
     vertex -2.462286e+01 -3.323468e+00  0.000000e+00
     vertex -2.453361e+01 -3.181888e+00  0.000000e+00
   endloop
 endfacet
 facet normal  0.000000e+00  0.000000e+00 -1.000000e+00
   outer loop
     vertex -2.205940e+01 -4.694589e+00  0.000000e+00
     vertex -2.453361e+01 -3.181888e+00  0.000000e+00
     vertex -2.444828e+01 -3.037913e+00  0.000000e+00
   endloop
 endfacet
 facet normal -0.000000e+00  0.000000e+00 -1.000000e+00
   outer loop
     vertex -2.205940e+01 -4.694589e+00  0.000000e+00
     vertex -2.219108e+01 -4.903477e+00  0.000000e+00
     vertex -2.462286e+01 -3.323468e+00  0.000000e+00
   endloop
 endfacet
 facet normal  0.000000e+00 -0.000000e+00 -1.000000e+00
   outer loop
     vertex -3.437980e+01  7.710617e+00  0.000000e+00
     vertex -3.288411e+01  5.226085e+00  0.000000e+00
     vertex -3.458959e+01  7.580371e+00  0.000000e+00
   endloop
 endfacet
 facet normal -0.000000e+00  0.000000e+00 -1.000000e+00
   outer loop
     vertex -2.193349e+01 -4.482167e+00  0.000000e+00
     vertex -2.205940e+01 -4.694589e+00  0.000000e+00
     vertex -2.444828e+01 -3.037913e+00  0.000000e+00
   endloop
 endfacet
 facet normal  0.000000e+00 -0.000000e+00 -1.000000e+00
   outer loop
     vertex -3.416652e+01  7.835058e+00  0.000000e+00
     vertex -3.288411e+01  5.226085e+00  0.000000e+00
     vertex -3.437980e+01  7.710617e+00  0.000000e+00
   endloop
 endfacet
 facet normal  0.000000e+00  0.000000e+00 -1.000000e+00
   outer loop
     vertex -3.416652e+01  7.835058e+00  0.000000e+00
     vertex -3.273955e+01  5.310428e+00  0.000000e+00
     vertex -3.288411e+01  5.226085e+00  0.000000e+00
   endloop
 endfacet
 facet normal -0.000000e+00  0.000000e+00 -1.000000e+00
   outer loop
     vertex -2.181347e+01 -4.266371e+00  0.000000e+00
     vertex -2.193349e+01 -4.482167e+00  0.000000e+00
     vertex -2.444828e+01 -3.037913e+00  0.000000e+00
   endloop
 endfacet
 facet normal  0.000000e+00  0.000000e+00 -1.000000e+00
   outer loop
     vertex -2.181347e+01 -4.266371e+00  0.000000e+00
     vertex -2.444828e+01 -3.037913e+00  0.000000e+00
     vertex -2.436693e+01 -2.891652e+00  0.000000e+00
   endloop
 endfacet
 facet normal  0.000000e+00  0.000000e+00 -1.000000e+00
   outer loop
     vertex -2.181347e+01 -4.266371e+00  0.000000e+00
     vertex -2.436693e+01 -2.891652e+00  0.000000e+00
     vertex -2.428962e+01 -2.743213e+00  0.000000e+00
   endloop
 endfacet
 facet normal  0.000000e+00  0.000000e+00 -1.000000e+00
   outer loop
     vertex -3.394991e+01  7.953602e+00  0.000000e+00
     vertex -3.244377e+01  5.467063e+00  0.000000e+00
     vertex -3.259273e+01  5.390775e+00  0.000000e+00
   endloop
 endfacet
 facet normal  0.000000e+00  0.000000e+00 -1.000000e+00
   outer loop
     vertex -3.394991e+01  7.953602e+00  0.000000e+00
     vertex -3.259273e+01  5.390775e+00  0.000000e+00
     vertex -3.273955e+01  5.310428e+00  0.000000e+00
   endloop
 endfacet
 facet normal  0.000000e+00 -0.000000e+00 -1.000000e+00
   outer loop
     vertex -3.394991e+01  7.953602e+00  0.000000e+00
     vertex -3.273955e+01  5.310428e+00  0.000000e+00
     vertex -3.416652e+01  7.835058e+00  0.000000e+00
   endloop
 endfacet
 facet normal -0.000000e+00  0.000000e+00 -1.000000e+00
   outer loop
     vertex -2.169941e+01 -4.047364e+00  0.000000e+00
     vertex -2.181347e+01 -4.266371e+00  0.000000e+00
     vertex -2.428962e+01 -2.743213e+00  0.000000e+00
   endloop
 endfacet
 facet normal  0.000000e+00 -0.000000e+00 -1.000000e+00
   outer loop
     vertex -3.373012e+01  8.066158e+00  0.000000e+00
     vertex -3.244377e+01  5.467063e+00  0.000000e+00
     vertex -3.394991e+01  7.953602e+00  0.000000e+00
   endloop
 endfacet
 facet normal -0.000000e+00  0.000000e+00 -1.000000e+00
   outer loop
     vertex -2.159140e+01 -3.825309e+00  0.000000e+00
     vertex -2.169941e+01 -4.047364e+00  0.000000e+00
     vertex -2.428962e+01 -2.743213e+00  0.000000e+00
   endloop
 endfacet
 facet normal  0.000000e+00  0.000000e+00 -1.000000e+00
   outer loop
     vertex -2.159140e+01 -3.825309e+00  0.000000e+00
     vertex -2.428962e+01 -2.743213e+00  0.000000e+00
     vertex -2.421641e+01 -2.592710e+00  0.000000e+00
   endloop
 endfacet
 facet normal  0.000000e+00  0.000000e+00 -1.000000e+00
   outer loop
     vertex -3.350733e+01  8.172642e+00  0.000000e+00
     vertex -3.229277e+01  5.539235e+00  0.000000e+00
     vertex -3.244377e+01  5.467063e+00  0.000000e+00
   endloop
 endfacet
 facet normal  0.000000e+00 -0.000000e+00 -1.000000e+00
   outer loop
     vertex -3.350733e+01  8.172642e+00  0.000000e+00
     vertex -3.244377e+01  5.467063e+00  0.000000e+00
     vertex -3.373012e+01  8.066158e+00  0.000000e+00
   endloop
 endfacet
 facet normal -0.000000e+00  0.000000e+00 -1.000000e+00
   outer loop
     vertex -2.148952e+01 -3.600375e+00  0.000000e+00
     vertex -2.159140e+01 -3.825309e+00  0.000000e+00
     vertex -2.421641e+01 -2.592710e+00  0.000000e+00
   endloop
 endfacet
 facet normal  0.000000e+00  0.000000e+00 -1.000000e+00
   outer loop
     vertex -2.148952e+01 -3.600375e+00  0.000000e+00
     vertex -2.421641e+01 -2.592710e+00  0.000000e+00
     vertex -2.414736e+01 -2.440254e+00  0.000000e+00
   endloop
 endfacet
 facet normal  0.000000e+00 -0.000000e+00 -1.000000e+00
   outer loop
     vertex -3.328170e+01  8.272974e+00  0.000000e+00
     vertex -3.229277e+01  5.539235e+00  0.000000e+00
     vertex -3.350733e+01  8.172642e+00  0.000000e+00
   endloop
 endfacet
 facet normal  0.000000e+00  0.000000e+00 -1.000000e+00
   outer loop
     vertex -3.328170e+01  8.272974e+00  0.000000e+00
     vertex -3.213984e+01  5.607238e+00  0.000000e+00
     vertex -3.229277e+01  5.539235e+00  0.000000e+00
   endloop
 endfacet
 facet normal  0.000000e+00  0.000000e+00 -1.000000e+00
   outer loop
     vertex -2.139385e+01 -3.372731e+00  0.000000e+00
     vertex -2.414736e+01 -2.440254e+00  0.000000e+00
     vertex -2.408252e+01 -2.285962e+00  0.000000e+00
   endloop
 endfacet
 facet normal  0.000000e+00  0.000000e+00 -1.000000e+00
   outer loop
     vertex -2.139385e+01 -3.372731e+00  0.000000e+00
     vertex -2.408252e+01 -2.285962e+00  0.000000e+00
     vertex -2.402193e+01 -2.129949e+00  0.000000e+00
   endloop
 endfacet
 facet normal -0.000000e+00  0.000000e+00 -1.000000e+00
   outer loop
     vertex -2.139385e+01 -3.372731e+00  0.000000e+00
     vertex -2.148952e+01 -3.600375e+00  0.000000e+00
     vertex -2.414736e+01 -2.440254e+00  0.000000e+00
   endloop
 endfacet
 facet normal  0.000000e+00 -0.000000e+00 -1.000000e+00
   outer loop
     vertex -3.305341e+01  8.367079e+00  0.000000e+00
     vertex -3.213984e+01  5.607238e+00  0.000000e+00
     vertex -3.328170e+01  8.272974e+00  0.000000e+00
   endloop
 endfacet
 facet normal  0.000000e+00  0.000000e+00 -1.000000e+00
   outer loop
     vertex -3.305341e+01  8.367079e+00  0.000000e+00
     vertex -3.198511e+01  5.671020e+00  0.000000e+00
     vertex -3.213984e+01  5.607238e+00  0.000000e+00
   endloop
 endfacet
 facet normal  0.000000e+00  0.000000e+00 -1.000000e+00
   outer loop
     vertex -2.130446e+01 -3.142548e+00  0.000000e+00
     vertex -2.402193e+01 -2.129949e+00  0.000000e+00
     vertex -2.396565e+01 -1.972333e+00  0.000000e+00
   endloop
 endfacet
 facet normal -0.000000e+00  0.000000e+00 -1.000000e+00
   outer loop
     vertex -2.130446e+01 -3.142548e+00  0.000000e+00
     vertex -2.139385e+01 -3.372731e+00  0.000000e+00
     vertex -2.402193e+01 -2.129949e+00  0.000000e+00
   endloop
 endfacet
 facet normal  0.000000e+00 -0.000000e+00 -1.000000e+00
   outer loop
     vertex -3.282262e+01  8.454885e+00  0.000000e+00
     vertex -3.198511e+01  5.671020e+00  0.000000e+00
     vertex -3.305341e+01  8.367079e+00  0.000000e+00
   endloop
 endfacet
 facet normal  0.000000e+00  0.000000e+00 -1.000000e+00
   outer loop
     vertex -3.282262e+01  8.454885e+00  0.000000e+00
     vertex -3.182868e+01  5.730533e+00  0.000000e+00
     vertex -3.198511e+01  5.671020e+00  0.000000e+00
   endloop
 endfacet
 facet normal -0.000000e+00  0.000000e+00 -1.000000e+00
   outer loop
     vertex -2.122142e+01 -2.910000e+00  0.000000e+00
     vertex -2.130446e+01 -3.142548e+00  0.000000e+00
     vertex -2.396565e+01 -1.972333e+00  0.000000e+00
   endloop
 endfacet
 facet normal  0.000000e+00 -0.000000e+00 -1.000000e+00
   outer loop
     vertex -3.258950e+01  8.536327e+00  0.000000e+00
     vertex -3.182868e+01  5.730533e+00  0.000000e+00
     vertex -3.282262e+01  8.454885e+00  0.000000e+00
   endloop
 endfacet
 facet normal  0.000000e+00  0.000000e+00 -1.000000e+00
   outer loop
     vertex -3.258950e+01  8.536327e+00  0.000000e+00
     vertex -3.151123e+01  5.836576e+00  0.000000e+00
     vertex -3.167068e+01  5.785732e+00  0.000000e+00
   endloop
 endfacet
 facet normal  0.000000e+00  0.000000e+00 -1.000000e+00
   outer loop
     vertex -3.258950e+01  8.536327e+00  0.000000e+00
     vertex -3.167068e+01  5.785732e+00  0.000000e+00
     vertex -3.182868e+01  5.730533e+00  0.000000e+00
   endloop
 endfacet
 facet normal  0.000000e+00  0.000000e+00 -1.000000e+00
   outer loop
     vertex -2.114480e+01 -2.675261e+00  0.000000e+00
     vertex -2.396565e+01 -1.972333e+00  0.000000e+00
     vertex -2.391372e+01 -1.813232e+00  0.000000e+00
   endloop
 endfacet
 facet normal -0.000000e+00  0.000000e+00 -1.000000e+00
   outer loop
     vertex -2.114480e+01 -2.675261e+00  0.000000e+00
     vertex -2.122142e+01 -2.910000e+00  0.000000e+00
     vertex -2.396565e+01 -1.972333e+00  0.000000e+00
   endloop
 endfacet
 facet normal  0.000000e+00 -0.000000e+00 -1.000000e+00
   outer loop
     vertex -3.235425e+01  8.611342e+00  0.000000e+00
     vertex -3.151123e+01  5.836576e+00  0.000000e+00
     vertex -3.258950e+01  8.536327e+00  0.000000e+00
   endloop
 endfacet
 facet normal  0.000000e+00  0.000000e+00 -1.000000e+00
   outer loop
     vertex -3.235425e+01  8.611342e+00  0.000000e+00
     vertex -3.135044e+01  5.883027e+00  0.000000e+00
     vertex -3.151123e+01  5.836576e+00  0.000000e+00
   endloop
 endfacet
 facet normal  0.000000e+00  0.000000e+00 -1.000000e+00
   outer loop
     vertex -2.107464e+01 -2.438507e+00  0.000000e+00
     vertex -2.391372e+01 -1.813232e+00  0.000000e+00
     vertex -2.386616e+01 -1.652766e+00  0.000000e+00
   endloop
 endfacet
 facet normal  0.000000e+00  0.000000e+00 -1.000000e+00
   outer loop
     vertex -2.107464e+01 -2.438507e+00  0.000000e+00
     vertex -2.386616e+01 -1.652766e+00  0.000000e+00
     vertex -2.382303e+01 -1.491056e+00  0.000000e+00
   endloop
 endfacet
 facet normal -0.000000e+00  0.000000e+00 -1.000000e+00
   outer loop
     vertex -2.107464e+01 -2.438507e+00  0.000000e+00
     vertex -2.114480e+01 -2.675261e+00  0.000000e+00
     vertex -2.391372e+01 -1.813232e+00  0.000000e+00
   endloop
 endfacet
 facet normal  0.000000e+00  0.000000e+00 -1.000000e+00
   outer loop
     vertex -3.211702e+01  8.679875e+00  0.000000e+00
     vertex -3.118844e+01  5.925048e+00  0.000000e+00
     vertex -3.135044e+01  5.883027e+00  0.000000e+00
   endloop
 endfacet
 facet normal  0.000000e+00 -0.000000e+00 -1.000000e+00
   outer loop
     vertex -3.211702e+01  8.679875e+00  0.000000e+00
     vertex -3.135044e+01  5.883027e+00  0.000000e+00
     vertex -3.235425e+01  8.611342e+00  0.000000e+00
   endloop
 endfacet
 facet normal -0.000000e+00  0.000000e+00 -1.000000e+00
   outer loop
     vertex -2.101100e+01 -2.199919e+00  0.000000e+00
     vertex -2.107464e+01 -2.438507e+00  0.000000e+00
     vertex -2.382303e+01 -1.491056e+00  0.000000e+00
   endloop
 endfacet
 facet normal  0.000000e+00 -0.000000e+00 -1.000000e+00
   outer loop
     vertex -3.187800e+01  8.741875e+00  0.000000e+00
     vertex -3.118844e+01  5.925048e+00  0.000000e+00
     vertex -3.211702e+01  8.679875e+00  0.000000e+00
   endloop
 endfacet
 facet normal -0.000000e+00  0.000000e+00 -1.000000e+00
   outer loop
     vertex -2.095393e+01 -1.959674e+00  0.000000e+00
     vertex -2.101100e+01 -2.199919e+00  0.000000e+00
     vertex -2.382303e+01 -1.491056e+00  0.000000e+00
   endloop
 endfacet
 facet normal  0.000000e+00  0.000000e+00 -1.000000e+00
   outer loop
     vertex -2.095393e+01 -1.959674e+00  0.000000e+00
     vertex -2.382303e+01 -1.491056e+00  0.000000e+00
     vertex -2.378435e+01 -1.328224e+00  0.000000e+00
   endloop
 endfacet
 facet normal  0.000000e+00 -0.000000e+00 -1.000000e+00
   outer loop
     vertex -3.163737e+01  8.797294e+00  0.000000e+00
     vertex -3.118844e+01  5.925048e+00  0.000000e+00
     vertex -3.187800e+01  8.741875e+00  0.000000e+00
   endloop
 endfacet
 facet normal  0.000000e+00  0.000000e+00 -1.000000e+00
   outer loop
     vertex -3.163737e+01  8.797294e+00  0.000000e+00
     vertex -3.086128e+01  5.995683e+00  0.000000e+00
     vertex -3.102535e+01  5.962610e+00  0.000000e+00
   endloop
 endfacet
 facet normal  0.000000e+00  0.000000e+00 -1.000000e+00
   outer loop
     vertex -3.163737e+01  8.797294e+00  0.000000e+00
     vertex -3.102535e+01  5.962610e+00  0.000000e+00
     vertex -3.118844e+01  5.925048e+00  0.000000e+00
   endloop
 endfacet
 facet normal  0.000000e+00  0.000000e+00 -1.000000e+00
   outer loop
     vertex -2.090348e+01 -1.717954e+00  0.000000e+00
     vertex -2.378435e+01 -1.328224e+00  0.000000e+00
     vertex -2.375015e+01 -1.164391e+00  0.000000e+00
   endloop
 endfacet
 facet normal -0.000000e+00  0.000000e+00 -1.000000e+00
   outer loop
     vertex -2.090348e+01 -1.717954e+00  0.000000e+00
     vertex -2.095393e+01 -1.959674e+00  0.000000e+00
     vertex -2.378435e+01 -1.328224e+00  0.000000e+00
   endloop
 endfacet
 facet normal  0.000000e+00 -0.000000e+00 -1.000000e+00
   outer loop
     vertex -3.139531e+01  8.846090e+00  0.000000e+00
     vertex -3.086128e+01  5.995683e+00  0.000000e+00
     vertex -3.163737e+01  8.797294e+00  0.000000e+00
   endloop
 endfacet
 facet normal -0.000000e+00  0.000000e+00 -1.000000e+00
   outer loop
     vertex -2.085967e+01 -1.474941e+00  0.000000e+00
     vertex -2.090348e+01 -1.717954e+00  0.000000e+00
     vertex -2.375015e+01 -1.164391e+00  0.000000e+00
   endloop
 endfacet
 facet normal  0.000000e+00  0.000000e+00 -1.000000e+00
   outer loop
     vertex -2.085967e+01 -1.474941e+00  0.000000e+00
     vertex -2.375015e+01 -1.164391e+00  0.000000e+00
     vertex -2.372046e+01 -9.996824e-01  0.000000e+00
   endloop
 endfacet
 facet normal  0.000000e+00  0.000000e+00 -1.000000e+00
   outer loop
     vertex -2.085967e+01 -1.474941e+00  0.000000e+00
     vertex -2.372046e+01 -9.996824e-01  0.000000e+00
     vertex -2.369530e+01 -8.342210e-01  0.000000e+00
   endloop
 endfacet
 facet normal  0.000000e+00 -0.000000e+00 -1.000000e+00
   outer loop
     vertex -3.115200e+01  8.888227e+00  0.000000e+00
     vertex -3.086128e+01  5.995683e+00  0.000000e+00
     vertex -3.139531e+01  8.846090e+00  0.000000e+00
   endloop
 endfacet
 facet normal  0.000000e+00  0.000000e+00 -1.000000e+00
   outer loop
     vertex -3.115200e+01  8.888227e+00  0.000000e+00
     vertex -3.053074e+01  6.048268e+00  0.000000e+00
     vertex -3.069637e+01  6.024243e+00  0.000000e+00
   endloop
 endfacet
 facet normal  0.000000e+00  0.000000e+00 -1.000000e+00
   outer loop
     vertex -3.115200e+01  8.888227e+00  0.000000e+00
     vertex -3.069637e+01  6.024243e+00  0.000000e+00
     vertex -3.086128e+01  5.995683e+00  0.000000e+00
   endloop
 endfacet
 facet normal -0.000000e+00  0.000000e+00 -1.000000e+00
   outer loop
     vertex -2.082255e+01 -1.230818e+00  0.000000e+00
     vertex -2.085967e+01 -1.474941e+00  0.000000e+00
     vertex -2.369530e+01 -8.342210e-01  0.000000e+00
   endloop
 endfacet
 facet normal  0.000000e+00 -0.000000e+00 -1.000000e+00
   outer loop
     vertex -3.090763e+01  8.923674e+00  0.000000e+00
     vertex -3.053074e+01  6.048268e+00  0.000000e+00
     vertex -3.115200e+01  8.888227e+00  0.000000e+00
   endloop
 endfacet
 facet normal  0.000000e+00  0.000000e+00 -1.000000e+00
   outer loop
     vertex -3.090763e+01  8.923674e+00  0.000000e+00
     vertex -3.036452e+01  6.067740e+00  0.000000e+00
     vertex -3.053074e+01  6.048268e+00  0.000000e+00
   endloop
 endfacet
 facet normal -0.000000e+00  0.000000e+00 -1.000000e+00
   outer loop
     vertex -2.079214e+01 -9.857679e-01  0.000000e+00
     vertex -2.082255e+01 -1.230818e+00  0.000000e+00
     vertex -2.369530e+01 -8.342210e-01  0.000000e+00
   endloop
 endfacet
 facet normal  0.000000e+00  0.000000e+00 -1.000000e+00
   outer loop
     vertex -2.079214e+01 -9.857679e-01  0.000000e+00
     vertex -2.369530e+01 -8.342210e-01  0.000000e+00
     vertex -2.367469e+01 -6.681316e-01  0.000000e+00
   endloop
 endfacet
 facet normal  0.000000e+00 -0.000000e+00 -1.000000e+00
   outer loop
     vertex -3.066237e+01  8.952403e+00  0.000000e+00
     vertex -3.036452e+01  6.067740e+00  0.000000e+00
     vertex -3.090763e+01  8.923674e+00  0.000000e+00
   endloop
 endfacet
 facet normal  0.000000e+00  0.000000e+00 -1.000000e+00
   outer loop
     vertex -2.076846e+01 -7.399760e-01  0.000000e+00
     vertex -2.367469e+01 -6.681316e-01  0.000000e+00
     vertex -2.365864e+01 -5.015393e-01  0.000000e+00
   endloop
 endfacet
 facet normal  0.000000e+00  0.000000e+00 -1.000000e+00
   outer loop
     vertex -2.076846e+01 -7.399760e-01  0.000000e+00
     vertex -2.365864e+01 -5.015393e-01  0.000000e+00
     vertex -2.364717e+01 -3.345694e-01  0.000000e+00
   endloop
 endfacet
 facet normal -0.000000e+00  0.000000e+00 -1.000000e+00
   outer loop
     vertex -2.076846e+01 -7.399760e-01  0.000000e+00
     vertex -2.079214e+01 -9.857679e-01  0.000000e+00
     vertex -2.367469e+01 -6.681316e-01  0.000000e+00
   endloop
 endfacet
 facet normal  0.000000e+00 -0.000000e+00 -1.000000e+00
   outer loop
     vertex -3.041642e+01  8.974393e+00  0.000000e+00
     vertex -3.036452e+01  6.067740e+00  0.000000e+00
     vertex -3.066237e+01  8.952403e+00  0.000000e+00
   endloop
 endfacet
 facet normal  0.000000e+00  0.000000e+00 -1.000000e+00
   outer loop
     vertex -3.041642e+01  8.974393e+00  0.000000e+00
     vertex -3.003077e+01  6.092970e+00  0.000000e+00
     vertex -3.019782e+01  6.082644e+00  0.000000e+00
   endloop
 endfacet
 facet normal  0.000000e+00  0.000000e+00 -1.000000e+00
   outer loop
     vertex -3.041642e+01  8.974393e+00  0.000000e+00
     vertex -3.019782e+01  6.082644e+00  0.000000e+00
     vertex -3.036452e+01  6.067740e+00  0.000000e+00
   endloop
 endfacet
 facet normal -0.000000e+00  0.000000e+00 -1.000000e+00
   outer loop
     vertex -2.075154e+01 -4.936270e-01  0.000000e+00
     vertex -2.076846e+01 -7.399760e-01  0.000000e+00
     vertex -2.364717e+01 -3.345694e-01  0.000000e+00
   endloop
 endfacet
 facet normal  0.000000e+00 -0.000000e+00 -1.000000e+00
   outer loop
     vertex -3.016997e+01  8.989627e+00  0.000000e+00
     vertex -3.003077e+01  6.092970e+00  0.000000e+00
     vertex -3.041642e+01  8.974393e+00  0.000000e+00
   endloop
 endfacet
 facet normal  0.000000e+00  0.000000e+00 -1.000000e+00
   outer loop
     vertex -3.016997e+01  8.989627e+00  0.000000e+00
     vertex -2.986351e+01  6.098708e+00  0.000000e+00
     vertex -3.003077e+01  6.092970e+00  0.000000e+00
   endloop
 endfacet
 facet normal -0.000000e+00  0.000000e+00 -1.000000e+00
   outer loop
     vertex -2.074138e+01 -2.469064e-01  0.000000e+00
     vertex -2.364717e+01 -3.345694e-01  0.000000e+00
     vertex -2.364029e+01 -1.673477e-01  0.000000e+00
   endloop
 endfacet
 facet normal  0.000000e+00  0.000000e+00 -1.000000e+00
   outer loop
     vertex -2.074138e+01 -2.469064e-01  0.000000e+00
     vertex -2.364029e+01 -1.673477e-01  0.000000e+00
     vertex -2.363799e+01  0.000000e+00  0.000000e+00
   endloop
 endfacet
 facet normal  0.000000e+00  0.000000e+00 -1.000000e+00
   outer loop
     vertex -2.074138e+01 -2.469064e-01  0.000000e+00
     vertex -2.075154e+01 -4.936270e-01  0.000000e+00
     vertex -2.364717e+01 -3.345694e-01  0.000000e+00
   endloop
 endfacet
 facet normal  0.000000e+00 -0.000000e+00 -1.000000e+00
   outer loop
     vertex -2.992318e+01  8.998095e+00  0.000000e+00
     vertex -2.986351e+01  6.098708e+00  0.000000e+00
     vertex -3.016997e+01  8.989627e+00  0.000000e+00
   endloop
 endfacet
 facet normal  0.000000e+00  0.000000e+00 -1.000000e+00
   outer loop
     vertex -2.992318e+01  8.998095e+00  0.000000e+00
     vertex -2.969615e+01  6.099856e+00  0.000000e+00
     vertex -2.986351e+01  6.098708e+00  0.000000e+00
   endloop
 endfacet
 facet normal -0.000000e+00  0.000000e+00 -1.000000e+00
   outer loop
     vertex -2.073799e+01  0.000000e+00  0.000000e+00
     vertex -2.074138e+01 -2.469064e-01  0.000000e+00
     vertex -2.363799e+01  0.000000e+00  0.000000e+00
   endloop
 endfacet
 facet normal  0.000000e+00  0.000000e+00 -1.000000e+00
   outer loop
     vertex -2.967626e+01  8.999788e+00  0.000000e+00
     vertex -2.969615e+01  6.099856e+00  0.000000e+00
     vertex -2.992318e+01  8.998095e+00  0.000000e+00
   endloop
 endfacet
 facet normal  0.000000e+00 -0.000000e+00 -1.000000e+00
   outer loop
     vertex -2.967626e+01  8.999788e+00  0.000000e+00
     vertex -2.952882e+01  6.096413e+00  0.000000e+00
     vertex -2.969615e+01  6.099856e+00  0.000000e+00
   endloop
 endfacet
 facet normal  0.000000e+00  0.000000e+00 -1.000000e+00
   outer loop
     vertex -2.074138e+01  2.469064e-01  0.000000e+00
     vertex -2.363799e+01  0.000000e+00  0.000000e+00
     vertex -2.364029e+01  1.673477e-01  0.000000e+00
   endloop
 endfacet
 facet normal  0.000000e+00 -0.000000e+00 -1.000000e+00
   outer loop
     vertex -2.074138e+01  2.469064e-01  0.000000e+00
     vertex -2.073799e+01  0.000000e+00  0.000000e+00
     vertex -2.363799e+01  0.000000e+00  0.000000e+00
   endloop
 endfacet
 facet normal -0.000000e+00  0.000000e+00 -1.000000e+00
   outer loop
     vertex -2.942938e+01  8.994707e+00  0.000000e+00
     vertex -2.952882e+01  6.096413e+00  0.000000e+00
     vertex -2.967626e+01  8.999788e+00  0.000000e+00
   endloop
 endfacet
 facet normal  0.000000e+00  0.000000e+00 -1.000000e+00
   outer loop
     vertex -2.075154e+01  4.936270e-01  0.000000e+00
     vertex -2.364029e+01  1.673477e-01  0.000000e+00
     vertex -2.364717e+01  3.345694e-01  0.000000e+00
   endloop
 endfacet
 facet normal  0.000000e+00 -0.000000e+00 -1.000000e+00
   outer loop
     vertex -2.075154e+01  4.936270e-01  0.000000e+00
     vertex -2.074138e+01  2.469064e-01  0.000000e+00
     vertex -2.364029e+01  1.673477e-01  0.000000e+00
   endloop
 endfacet
 facet normal -0.000000e+00  0.000000e+00 -1.000000e+00
   outer loop
     vertex -2.918273e+01  8.982855e+00  0.000000e+00
     vertex -2.952882e+01  6.096413e+00  0.000000e+00
     vertex -2.942938e+01  8.994707e+00  0.000000e+00
   endloop
 endfacet
 facet normal  0.000000e+00  0.000000e+00 -1.000000e+00
   outer loop
     vertex -2.918273e+01  8.982855e+00  0.000000e+00
     vertex -2.936165e+01  6.088380e+00  0.000000e+00
     vertex -2.952882e+01  6.096413e+00  0.000000e+00
   endloop
 endfacet
 facet normal  0.000000e+00 -0.000000e+00 -1.000000e+00
   outer loop
     vertex -2.076846e+01  7.399760e-01  0.000000e+00
     vertex -2.075154e+01  4.936270e-01  0.000000e+00
     vertex -2.364717e+01  3.345694e-01  0.000000e+00
   endloop
 endfacet
 facet normal  0.000000e+00  0.000000e+00 -1.000000e+00
   outer loop
     vertex -2.076846e+01  7.399760e-01  0.000000e+00
     vertex -2.364717e+01  3.345694e-01  0.000000e+00
     vertex -2.365864e+01  5.015393e-01  0.000000e+00
   endloop
 endfacet
 facet normal -0.000000e+00  0.000000e+00 -1.000000e+00
   outer loop
     vertex -2.893651e+01  8.964241e+00  0.000000e+00
     vertex -2.936165e+01  6.088380e+00  0.000000e+00
     vertex -2.918273e+01  8.982855e+00  0.000000e+00
   endloop
 endfacet
 facet normal  0.000000e+00  0.000000e+00 -1.000000e+00
   outer loop
     vertex -2.893651e+01  8.964241e+00  0.000000e+00
     vertex -2.919476e+01  6.075764e+00  0.000000e+00
     vertex -2.936165e+01  6.088380e+00  0.000000e+00
   endloop
 endfacet
 facet normal  0.000000e+00 -0.000000e+00 -1.000000e+00
   outer loop
     vertex -2.079214e+01  9.857679e-01  0.000000e+00
     vertex -2.076846e+01  7.399760e-01  0.000000e+00
     vertex -2.365864e+01  5.015393e-01  0.000000e+00
   endloop
 endfacet
 facet normal  0.000000e+00  0.000000e+00 -1.000000e+00
   outer loop
     vertex -2.079214e+01  9.857679e-01  0.000000e+00
     vertex -2.365864e+01  5.015393e-01  0.000000e+00
     vertex -2.367469e+01  6.681316e-01  0.000000e+00
   endloop
 endfacet
 facet normal  0.000000e+00  0.000000e+00 -1.000000e+00
   outer loop
     vertex -2.079214e+01  9.857679e-01  0.000000e+00
     vertex -2.367469e+01  6.681316e-01  0.000000e+00
     vertex -2.369530e+01  8.342210e-01  0.000000e+00
   endloop
 endfacet
 facet normal -0.000000e+00  0.000000e+00 -1.000000e+00
   outer loop
     vertex -2.869088e+01  8.938879e+00  0.000000e+00
     vertex -2.919476e+01  6.075764e+00  0.000000e+00
     vertex -2.893651e+01  8.964241e+00  0.000000e+00
   endloop
 endfacet
 facet normal  0.000000e+00  0.000000e+00 -1.000000e+00
   outer loop
     vertex -2.869088e+01  8.938879e+00  0.000000e+00
     vertex -2.902829e+01  6.058574e+00  0.000000e+00
     vertex -2.919476e+01  6.075764e+00  0.000000e+00
   endloop
 endfacet
 facet normal  0.000000e+00 -0.000000e+00 -1.000000e+00
   outer loop
     vertex -2.082255e+01  1.230818e+00  0.000000e+00
     vertex -2.079214e+01  9.857679e-01  0.000000e+00
     vertex -2.369530e+01  8.342210e-01  0.000000e+00
   endloop
 endfacet
 facet normal -0.000000e+00  0.000000e+00 -1.000000e+00
   outer loop
     vertex -2.844605e+01  8.906789e+00  0.000000e+00
     vertex -2.902829e+01  6.058574e+00  0.000000e+00
     vertex -2.869088e+01  8.938879e+00  0.000000e+00
   endloop
 endfacet
 facet normal  0.000000e+00  0.000000e+00 -1.000000e+00
   outer loop
     vertex -2.844605e+01  8.906789e+00  0.000000e+00
     vertex -2.886234e+01  6.036823e+00  0.000000e+00
     vertex -2.902829e+01  6.058574e+00  0.000000e+00
   endloop
 endfacet
 facet normal  0.000000e+00  0.000000e+00 -1.000000e+00
   outer loop
     vertex -2.085967e+01  1.474941e+00  0.000000e+00
     vertex -2.369530e+01  8.342210e-01  0.000000e+00
     vertex -2.372046e+01  9.996824e-01  0.000000e+00
   endloop
 endfacet
 facet normal  0.000000e+00  0.000000e+00 -1.000000e+00
   outer loop
     vertex -2.085967e+01  1.474941e+00  0.000000e+00
     vertex -2.372046e+01  9.996824e-01  0.000000e+00
     vertex -2.375015e+01  1.164391e+00  0.000000e+00
   endloop
 endfacet
 facet normal  0.000000e+00 -0.000000e+00 -1.000000e+00
   outer loop
     vertex -2.085967e+01  1.474941e+00  0.000000e+00
     vertex -2.082255e+01  1.230818e+00  0.000000e+00
     vertex -2.369530e+01  8.342210e-01  0.000000e+00
   endloop
 endfacet
 facet normal -0.000000e+00  0.000000e+00 -1.000000e+00
   outer loop
     vertex -2.820219e+01  8.867993e+00  0.000000e+00
     vertex -2.886234e+01  6.036823e+00  0.000000e+00
     vertex -2.844605e+01  8.906789e+00  0.000000e+00
   endloop
 endfacet
 facet normal  0.000000e+00  0.000000e+00 -1.000000e+00
   outer loop
     vertex -2.820219e+01  8.867993e+00  0.000000e+00
     vertex -2.853255e+01  5.979709e+00  0.000000e+00
     vertex -2.869706e+01  6.010529e+00  0.000000e+00
   endloop
 endfacet
 facet normal  0.000000e+00  0.000000e+00 -1.000000e+00
   outer loop
     vertex -2.820219e+01  8.867993e+00  0.000000e+00
     vertex -2.869706e+01  6.010529e+00  0.000000e+00
     vertex -2.886234e+01  6.036823e+00  0.000000e+00
   endloop
 endfacet
 facet normal  0.000000e+00 -0.000000e+00 -1.000000e+00
   outer loop
     vertex -2.090348e+01  1.717954e+00  0.000000e+00
     vertex -2.085967e+01  1.474941e+00  0.000000e+00
     vertex -2.375015e+01  1.164391e+00  0.000000e+00
   endloop
 endfacet
 facet normal -0.000000e+00  0.000000e+00 -1.000000e+00
   outer loop
     vertex -2.795948e+01  8.822522e+00  0.000000e+00
     vertex -2.853255e+01  5.979709e+00  0.000000e+00
     vertex -2.820219e+01  8.867993e+00  0.000000e+00
   endloop
 endfacet
 facet normal  0.000000e+00 -0.000000e+00 -1.000000e+00
   outer loop
     vertex -2.095393e+01  1.959674e+00  0.000000e+00
     vertex -2.090348e+01  1.717954e+00  0.000000e+00
     vertex -2.375015e+01  1.164391e+00  0.000000e+00
   endloop
 endfacet
 facet normal  0.000000e+00  0.000000e+00 -1.000000e+00
   outer loop
     vertex -2.095393e+01  1.959674e+00  0.000000e+00
     vertex -2.375015e+01  1.164391e+00  0.000000e+00
     vertex -2.378435e+01  1.328224e+00  0.000000e+00
   endloop
 endfacet
 facet normal  0.000000e+00  0.000000e+00 -1.000000e+00
   outer loop
     vertex -2.771811e+01  8.770409e+00  0.000000e+00
     vertex -2.836896e+01  5.944389e+00  0.000000e+00
     vertex -2.853255e+01  5.979709e+00  0.000000e+00
   endloop
 endfacet
 facet normal -0.000000e+00  0.000000e+00 -1.000000e+00
   outer loop
     vertex -2.771811e+01  8.770409e+00  0.000000e+00
     vertex -2.853255e+01  5.979709e+00  0.000000e+00
     vertex -2.795948e+01  8.822522e+00  0.000000e+00
   endloop
 endfacet
 facet normal  0.000000e+00  0.000000e+00 -1.000000e+00
   outer loop
     vertex -2.101100e+01  2.199919e+00  0.000000e+00
     vertex -2.378435e+01  1.328224e+00  0.000000e+00
     vertex -2.382303e+01  1.491056e+00  0.000000e+00
   endloop
 endfacet
 facet normal  0.000000e+00  0.000000e+00 -1.000000e+00
   outer loop
     vertex -2.101100e+01  2.199919e+00  0.000000e+00
     vertex -2.382303e+01  1.491056e+00  0.000000e+00
     vertex -2.386616e+01  1.652766e+00  0.000000e+00
   endloop
 endfacet
 facet normal  0.000000e+00 -0.000000e+00 -1.000000e+00
   outer loop
     vertex -2.101100e+01  2.199919e+00  0.000000e+00
     vertex -2.095393e+01  1.959674e+00  0.000000e+00
     vertex -2.378435e+01  1.328224e+00  0.000000e+00
   endloop
 endfacet
 facet normal -0.000000e+00  0.000000e+00 -1.000000e+00
   outer loop
     vertex -2.747826e+01  8.711695e+00  0.000000e+00
     vertex -2.836896e+01  5.944389e+00  0.000000e+00
     vertex -2.771811e+01  8.770409e+00  0.000000e+00
   endloop
 endfacet
 facet normal  0.000000e+00  0.000000e+00 -1.000000e+00
   outer loop
     vertex -2.747826e+01  8.711695e+00  0.000000e+00
     vertex -2.804499e+01  5.860353e+00  0.000000e+00
     vertex -2.820640e+01  5.904593e+00  0.000000e+00
   endloop
 endfacet
 facet normal  0.000000e+00  0.000000e+00 -1.000000e+00
   outer loop
     vertex -2.747826e+01  8.711695e+00  0.000000e+00
     vertex -2.820640e+01  5.904593e+00  0.000000e+00
     vertex -2.836896e+01  5.944389e+00  0.000000e+00
   endloop
 endfacet
 facet normal  0.000000e+00 -0.000000e+00 -1.000000e+00
   outer loop
     vertex -2.107464e+01  2.438507e+00  0.000000e+00
     vertex -2.101100e+01  2.199919e+00  0.000000e+00
     vertex -2.386616e+01  1.652766e+00  0.000000e+00
   endloop
 endfacet
 facet normal  0.000000e+00  0.000000e+00 -1.000000e+00
   outer loop
     vertex -2.107464e+01  2.438507e+00  0.000000e+00
     vertex -2.386616e+01  1.652766e+00  0.000000e+00
     vertex -2.391372e+01  1.813232e+00  0.000000e+00
   endloop
 endfacet
 facet normal -0.000000e+00  0.000000e+00 -1.000000e+00
   outer loop
     vertex -2.724012e+01  8.646422e+00  0.000000e+00
     vertex -2.804499e+01  5.860353e+00  0.000000e+00
     vertex -2.747826e+01  8.711695e+00  0.000000e+00
   endloop
 endfacet
 facet normal  0.000000e+00 -0.000000e+00 -1.000000e+00
   outer loop
     vertex -2.114480e+01  2.675261e+00  0.000000e+00
     vertex -2.107464e+01  2.438507e+00  0.000000e+00
     vertex -2.391372e+01  1.813232e+00  0.000000e+00
   endloop
 endfacet
 facet normal -0.000000e+00  0.000000e+00 -1.000000e+00
   outer loop
     vertex -2.700385e+01  8.574641e+00  0.000000e+00
     vertex -2.804499e+01  5.860353e+00  0.000000e+00
     vertex -2.724012e+01  8.646422e+00  0.000000e+00
   endloop
 endfacet
 facet normal  0.000000e+00  0.000000e+00 -1.000000e+00
   outer loop
     vertex -2.700385e+01  8.574641e+00  0.000000e+00
     vertex -2.788485e+01  5.811701e+00  0.000000e+00
     vertex -2.804499e+01  5.860353e+00  0.000000e+00
   endloop
 endfacet
 facet normal  0.000000e+00  0.000000e+00 -1.000000e+00
   outer loop
     vertex -2.122142e+01  2.910000e+00  0.000000e+00
     vertex -2.391372e+01  1.813232e+00  0.000000e+00
     vertex -2.396565e+01  1.972333e+00  0.000000e+00
   endloop
 endfacet
 facet normal  0.000000e+00 -0.000000e+00 -1.000000e+00
   outer loop
     vertex -2.122142e+01  2.910000e+00  0.000000e+00
     vertex -2.114480e+01  2.675261e+00  0.000000e+00
     vertex -2.391372e+01  1.813232e+00  0.000000e+00
   endloop
 endfacet
 facet normal -0.000000e+00  0.000000e+00 -1.000000e+00
   outer loop
     vertex -2.676964e+01  8.496405e+00  0.000000e+00
     vertex -2.788485e+01  5.811701e+00  0.000000e+00
     vertex -2.700385e+01  8.574641e+00  0.000000e+00
   endloop
 endfacet
 facet normal  0.000000e+00  0.000000e+00 -1.000000e+00
   outer loop
     vertex -2.676964e+01  8.496405e+00  0.000000e+00
     vertex -2.772611e+01  5.758675e+00  0.000000e+00
     vertex -2.788485e+01  5.811701e+00  0.000000e+00
   endloop
 endfacet
 facet normal  0.000000e+00  0.000000e+00 -1.000000e+00
   outer loop
     vertex -2.130446e+01  3.142548e+00  0.000000e+00
     vertex -2.396565e+01  1.972333e+00  0.000000e+00
     vertex -2.402193e+01  2.129949e+00  0.000000e+00
   endloop
 endfacet
 facet normal  0.000000e+00 -0.000000e+00 -1.000000e+00
   outer loop
     vertex -2.130446e+01  3.142548e+00  0.000000e+00
     vertex -2.122142e+01  2.910000e+00  0.000000e+00
     vertex -2.396565e+01  1.972333e+00  0.000000e+00
   endloop
 endfacet
 facet normal -0.000000e+00  0.000000e+00 -1.000000e+00
   outer loop
     vertex -2.653767e+01  8.411774e+00  0.000000e+00
     vertex -2.772611e+01  5.758675e+00  0.000000e+00
     vertex -2.676964e+01  8.496405e+00  0.000000e+00
   endloop
 endfacet
 facet normal  0.000000e+00  0.000000e+00 -1.000000e+00
   outer loop
     vertex -2.653767e+01  8.411774e+00  0.000000e+00
     vertex -2.756888e+01  5.701313e+00  0.000000e+00
     vertex -2.772611e+01  5.758675e+00  0.000000e+00
   endloop
 endfacet
 facet normal  0.000000e+00  0.000000e+00 -1.000000e+00
   outer loop
     vertex -2.139385e+01  3.372731e+00  0.000000e+00
     vertex -2.402193e+01  2.129949e+00  0.000000e+00
     vertex -2.408252e+01  2.285962e+00  0.000000e+00
   endloop
 endfacet
 facet normal  0.000000e+00 -0.000000e+00 -1.000000e+00
   outer loop
     vertex -2.139385e+01  3.372731e+00  0.000000e+00
     vertex -2.130446e+01  3.142548e+00  0.000000e+00
     vertex -2.402193e+01  2.129949e+00  0.000000e+00
   endloop
 endfacet
 facet normal -0.000000e+00  0.000000e+00 -1.000000e+00
   outer loop
     vertex -2.630810e+01  8.320810e+00  0.000000e+00
     vertex -2.756888e+01  5.701313e+00  0.000000e+00
     vertex -2.653767e+01  8.411774e+00  0.000000e+00
   endloop
 endfacet
 facet normal  0.000000e+00  0.000000e+00 -1.000000e+00
   outer loop
     vertex -2.630810e+01  8.320810e+00  0.000000e+00
     vertex -2.741329e+01  5.639660e+00  0.000000e+00
     vertex -2.756888e+01  5.701313e+00  0.000000e+00
   endloop
 endfacet
 facet normal  0.000000e+00  0.000000e+00 -1.000000e+00
   outer loop
     vertex -2.148952e+01  3.600375e+00  0.000000e+00
     vertex -2.408252e+01  2.285962e+00  0.000000e+00
     vertex -2.414736e+01  2.440254e+00  0.000000e+00
   endloop
 endfacet
 facet normal  0.000000e+00 -0.000000e+00 -1.000000e+00
   outer loop
     vertex -2.148952e+01  3.600375e+00  0.000000e+00
     vertex -2.139385e+01  3.372731e+00  0.000000e+00
     vertex -2.408252e+01  2.285962e+00  0.000000e+00
   endloop
 endfacet
 facet normal -0.000000e+00  0.000000e+00 -1.000000e+00
   outer loop
     vertex -2.608112e+01  8.223582e+00  0.000000e+00
     vertex -2.741329e+01  5.639660e+00  0.000000e+00
     vertex -2.630810e+01  8.320810e+00  0.000000e+00
   endloop
 endfacet
 facet normal  0.000000e+00  0.000000e+00 -1.000000e+00
   outer loop
     vertex -2.608112e+01  8.223582e+00  0.000000e+00
     vertex -2.725945e+01  5.573761e+00  0.000000e+00
     vertex -2.741329e+01  5.639660e+00  0.000000e+00
   endloop
 endfacet
 facet normal  0.000000e+00 -0.000000e+00 -1.000000e+00
   outer loop
     vertex -2.159140e+01  3.825309e+00  0.000000e+00
     vertex -2.148952e+01  3.600375e+00  0.000000e+00
     vertex -2.414736e+01  2.440254e+00  0.000000e+00
   endloop
 endfacet
 facet normal  0.000000e+00  0.000000e+00 -1.000000e+00
   outer loop
     vertex -2.159140e+01  3.825309e+00  0.000000e+00
     vertex -2.414736e+01  2.440254e+00  0.000000e+00
     vertex -2.421641e+01  2.592710e+00  0.000000e+00
   endloop
 endfacet
 facet normal -0.000000e+00  0.000000e+00 -1.000000e+00
   outer loop
     vertex -2.585689e+01  8.120164e+00  0.000000e+00
     vertex -2.725945e+01  5.573761e+00  0.000000e+00
     vertex -2.608112e+01  8.223582e+00  0.000000e+00
   endloop
 endfacet
 facet normal  0.000000e+00  0.000000e+00 -1.000000e+00
   outer loop
     vertex -2.585689e+01  8.120164e+00  0.000000e+00
     vertex -2.695747e+01  5.429430e+00  0.000000e+00
     vertex -2.710747e+01  5.503667e+00  0.000000e+00
   endloop
 endfacet
 facet normal  0.000000e+00  0.000000e+00 -1.000000e+00
   outer loop
     vertex -2.585689e+01  8.120164e+00  0.000000e+00
     vertex -2.710747e+01  5.503667e+00  0.000000e+00
     vertex -2.725945e+01  5.573761e+00  0.000000e+00
   endloop
 endfacet
 facet normal  0.000000e+00 -0.000000e+00 -1.000000e+00
   outer loop
     vertex -2.169941e+01  4.047364e+00  0.000000e+00
     vertex -2.159140e+01  3.825309e+00  0.000000e+00
     vertex -2.421641e+01  2.592710e+00  0.000000e+00
   endloop
 endfacet
 facet normal  0.000000e+00  0.000000e+00 -1.000000e+00
   outer loop
     vertex -2.169941e+01  4.047364e+00  0.000000e+00
     vertex -2.421641e+01  2.592710e+00  0.000000e+00
     vertex -2.428962e+01  2.743213e+00  0.000000e+00
   endloop
 endfacet
 facet normal -0.000000e+00  0.000000e+00 -1.000000e+00
   outer loop
     vertex -2.563558e+01  8.010634e+00  0.000000e+00
     vertex -2.695747e+01  5.429430e+00  0.000000e+00
     vertex -2.585689e+01  8.120164e+00  0.000000e+00
   endloop
 endfacet
 facet normal  0.000000e+00 -0.000000e+00 -1.000000e+00
   outer loop
     vertex -2.181347e+01  4.266371e+00  0.000000e+00
     vertex -2.169941e+01  4.047364e+00  0.000000e+00
     vertex -2.428962e+01  2.743213e+00  0.000000e+00
   endloop
 endfacet
 facet normal  0.000000e+00  0.000000e+00 -1.000000e+00
   outer loop
     vertex -2.181347e+01  4.266371e+00  0.000000e+00
     vertex -2.428962e+01  2.743213e+00  0.000000e+00
     vertex -2.436693e+01  2.891652e+00  0.000000e+00
   endloop
 endfacet
 facet normal -0.000000e+00  0.000000e+00 -1.000000e+00
   outer loop
     vertex -2.541736e+01  7.895073e+00  0.000000e+00
     vertex -2.695747e+01  5.429430e+00  0.000000e+00
     vertex -2.563558e+01  8.010634e+00  0.000000e+00
   endloop
 endfacet
 facet normal  0.000000e+00  0.000000e+00 -1.000000e+00
   outer loop
     vertex -2.541736e+01  7.895073e+00  0.000000e+00
     vertex -2.680957e+01  5.351105e+00  0.000000e+00
     vertex -2.695747e+01  5.429430e+00  0.000000e+00
   endloop
 endfacet
 facet normal  0.000000e+00  0.000000e+00 -1.000000e+00
   outer loop
     vertex -2.193349e+01  4.482167e+00  0.000000e+00
     vertex -2.436693e+01  2.891652e+00  0.000000e+00
     vertex -2.444828e+01  3.037913e+00  0.000000e+00
   endloop
 endfacet
 facet normal  0.000000e+00 -0.000000e+00 -1.000000e+00
   outer loop
     vertex -2.193349e+01  4.482167e+00  0.000000e+00
     vertex -2.181347e+01  4.266371e+00  0.000000e+00
     vertex -2.436693e+01  2.891652e+00  0.000000e+00
   endloop
 endfacet
 facet normal -0.000000e+00  0.000000e+00 -1.000000e+00
   outer loop
     vertex -2.520240e+01  7.773569e+00  0.000000e+00
     vertex -2.680957e+01  5.351105e+00  0.000000e+00
     vertex -2.541736e+01  7.895073e+00  0.000000e+00
   endloop
 endfacet
 facet normal  0.000000e+00  0.000000e+00 -1.000000e+00
   outer loop
     vertex -2.520240e+01  7.773569e+00  0.000000e+00
     vertex -2.666387e+01  5.268752e+00  0.000000e+00
     vertex -2.680957e+01  5.351105e+00  0.000000e+00
   endloop
 endfacet
 facet normal  0.000000e+00 -0.000000e+00 -1.000000e+00
   outer loop
     vertex -2.205940e+01  4.694589e+00  0.000000e+00
     vertex -2.193349e+01  4.482167e+00  0.000000e+00
     vertex -2.444828e+01  3.037913e+00  0.000000e+00
   endloop
 endfacet
 facet normal  0.000000e+00  0.000000e+00 -1.000000e+00
   outer loop
     vertex -2.205940e+01  4.694589e+00  0.000000e+00
     vertex -2.444828e+01  3.037913e+00  0.000000e+00
     vertex -2.453361e+01  3.181888e+00  0.000000e+00
   endloop
 endfacet
 facet normal -0.000000e+00  0.000000e+00 -1.000000e+00
   outer loop
     vertex -2.499084e+01  7.646214e+00  0.000000e+00
     vertex -2.666387e+01  5.268752e+00  0.000000e+00
     vertex -2.520240e+01  7.773569e+00  0.000000e+00
   endloop
 endfacet
 facet normal  0.000000e+00  0.000000e+00 -1.000000e+00
   outer loop
     vertex -2.499084e+01  7.646214e+00  0.000000e+00
     vertex -2.652048e+01  5.182434e+00  0.000000e+00
     vertex -2.666387e+01  5.268752e+00  0.000000e+00
   endloop
 endfacet
 facet normal  0.000000e+00 -0.000000e+00 -1.000000e+00
   outer loop
     vertex -2.219108e+01  4.903477e+00  0.000000e+00
     vertex -2.205940e+01  4.694589e+00  0.000000e+00
     vertex -2.453361e+01  3.181888e+00  0.000000e+00
   endloop
 endfacet
 facet normal  0.000000e+00  0.000000e+00 -1.000000e+00
   outer loop
     vertex -2.219108e+01  4.903477e+00  0.000000e+00
     vertex -2.453361e+01  3.181888e+00  0.000000e+00
     vertex -2.462286e+01  3.323468e+00  0.000000e+00
   endloop
 endfacet
 facet normal  0.000000e+00  0.000000e+00 -1.000000e+00
   outer loop
     vertex -2.219108e+01  4.903477e+00  0.000000e+00
     vertex -2.462286e+01  3.323468e+00  0.000000e+00
     vertex -2.471596e+01  3.462546e+00  0.000000e+00
   endloop
 endfacet
 facet normal -0.000000e+00  0.000000e+00 -1.000000e+00
   outer loop
     vertex -2.478286e+01  7.513102e+00  0.000000e+00
     vertex -2.652048e+01  5.182434e+00  0.000000e+00
     vertex -2.499084e+01  7.646214e+00  0.000000e+00
   endloop
 endfacet
 facet normal  0.000000e+00  0.000000e+00 -1.000000e+00
   outer loop
     vertex -2.478286e+01  7.513102e+00  0.000000e+00
     vertex -2.637952e+01  5.092214e+00  0.000000e+00
     vertex -2.652048e+01  5.182434e+00  0.000000e+00
   endloop
 endfacet
 facet normal  0.000000e+00 -0.000000e+00 -1.000000e+00
   outer loop
     vertex -2.232844e+01  5.108674e+00  0.000000e+00
     vertex -2.219108e+01  4.903477e+00  0.000000e+00
     vertex -2.471596e+01  3.462546e+00  0.000000e+00
   endloop
 endfacet
 facet normal -0.000000e+00  0.000000e+00 -1.000000e+00
   outer loop
     vertex -2.457861e+01  7.374335e+00  0.000000e+00
     vertex -2.637952e+01  5.092214e+00  0.000000e+00
     vertex -2.478286e+01  7.513102e+00  0.000000e+00
   endloop
 endfacet
 facet normal  0.000000e+00  0.000000e+00 -1.000000e+00
   outer loop
     vertex -2.457861e+01  7.374335e+00  0.000000e+00
     vertex -2.624108e+01  4.998160e+00  0.000000e+00
     vertex -2.637952e+01  5.092214e+00  0.000000e+00
   endloop
 endfacet
 facet normal  0.000000e+00 -0.000000e+00 -1.000000e+00
   outer loop
     vertex -2.247138e+01  5.310025e+00  0.000000e+00
     vertex -2.232844e+01  5.108674e+00  0.000000e+00
     vertex -2.471596e+01  3.462546e+00  0.000000e+00
   endloop
 endfacet
 facet normal  0.000000e+00  0.000000e+00 -1.000000e+00
   outer loop
     vertex -2.247138e+01  5.310025e+00  0.000000e+00
     vertex -2.471596e+01  3.462546e+00  0.000000e+00
     vertex -2.481284e+01  3.599017e+00  0.000000e+00
   endloop
 endfacet
 facet normal -0.000000e+00  0.000000e+00 -1.000000e+00
   outer loop
     vertex -2.437825e+01  7.230017e+00  0.000000e+00
     vertex -2.624108e+01  4.998160e+00  0.000000e+00
     vertex -2.457861e+01  7.374335e+00  0.000000e+00
   endloop
 endfacet
 facet normal  0.000000e+00  0.000000e+00 -1.000000e+00
   outer loop
     vertex -2.437825e+01  7.230017e+00  0.000000e+00
     vertex -2.610528e+01  4.900345e+00  0.000000e+00
     vertex -2.624108e+01  4.998160e+00  0.000000e+00
   endloop
 endfacet
 facet normal  0.000000e+00 -0.000000e+00 -1.000000e+00
   outer loop
     vertex -2.261979e+01  5.507379e+00  0.000000e+00
     vertex -2.247138e+01  5.310025e+00  0.000000e+00
     vertex -2.481284e+01  3.599017e+00  0.000000e+00
   endloop
 endfacet
 facet normal  0.000000e+00  0.000000e+00 -1.000000e+00
   outer loop
     vertex -2.261979e+01  5.507379e+00  0.000000e+00
     vertex -2.481284e+01  3.599017e+00  0.000000e+00
     vertex -2.491343e+01  3.732779e+00  0.000000e+00
   endloop
 endfacet
 facet normal  0.000000e+00  0.000000e+00 -1.000000e+00
   outer loop
     vertex -2.261979e+01  5.507379e+00  0.000000e+00
     vertex -2.491343e+01  3.732779e+00  0.000000e+00
     vertex -2.501765e+01  3.863731e+00  0.000000e+00
   endloop
 endfacet
 facet normal -0.000000e+00  0.000000e+00 -1.000000e+00
   outer loop
     vertex -2.418192e+01  7.080256e+00  0.000000e+00
     vertex -2.610528e+01  4.900345e+00  0.000000e+00
     vertex -2.437825e+01  7.230017e+00  0.000000e+00
   endloop
 endfacet
 facet normal  0.000000e+00  0.000000e+00 -1.000000e+00
   outer loop
     vertex -2.418192e+01  7.080256e+00  0.000000e+00
     vertex -2.597221e+01  4.798840e+00  0.000000e+00
     vertex -2.610528e+01  4.900345e+00  0.000000e+00
   endloop
 endfacet
 facet normal  0.000000e+00 -0.000000e+00 -1.000000e+00
   outer loop
     vertex -2.277356e+01  5.700587e+00  0.000000e+00
     vertex -2.261979e+01  5.507379e+00  0.000000e+00
     vertex -2.501765e+01  3.863731e+00  0.000000e+00
   endloop
 endfacet
 facet normal -0.000000e+00  0.000000e+00 -1.000000e+00
   outer loop
     vertex -2.398977e+01  6.925166e+00  0.000000e+00
     vertex -2.597221e+01  4.798840e+00  0.000000e+00
     vertex -2.418192e+01  7.080256e+00  0.000000e+00
   endloop
 endfacet
 facet normal  0.000000e+00  0.000000e+00 -1.000000e+00
   outer loop
     vertex -2.398977e+01  6.925166e+00  0.000000e+00
     vertex -2.584197e+01  4.693723e+00  0.000000e+00
     vertex -2.597221e+01  4.798840e+00  0.000000e+00
   endloop
 endfacet
 facet normal  0.000000e+00 -0.000000e+00 -1.000000e+00
   outer loop
     vertex -2.293257e+01  5.889504e+00  0.000000e+00
     vertex -2.277356e+01  5.700587e+00  0.000000e+00
     vertex -2.501765e+01  3.863731e+00  0.000000e+00
   endloop
 endfacet
 facet normal  0.000000e+00  0.000000e+00 -1.000000e+00
   outer loop
     vertex -2.293257e+01  5.889504e+00  0.000000e+00
     vertex -2.501765e+01  3.863731e+00  0.000000e+00
     vertex -2.512543e+01  3.991775e+00  0.000000e+00
   endloop
 endfacet
 facet normal  0.000000e+00  0.000000e+00 -1.000000e+00
   outer loop
     vertex -2.293257e+01  5.889504e+00  0.000000e+00
     vertex -2.512543e+01  3.991775e+00  0.000000e+00
     vertex -2.523668e+01  4.116814e+00  0.000000e+00
   endloop
 endfacet
 facet normal -0.000000e+00  0.000000e+00 -1.000000e+00
   outer loop
     vertex -2.380195e+01  6.764862e+00  0.000000e+00
     vertex -2.584197e+01  4.693723e+00  0.000000e+00
     vertex -2.398977e+01  6.925166e+00  0.000000e+00
   endloop
 endfacet
 facet normal  0.000000e+00  0.000000e+00 -1.000000e+00
   outer loop
     vertex -2.380195e+01  6.764862e+00  0.000000e+00
     vertex -2.571467e+01  4.585073e+00  0.000000e+00
     vertex -2.584197e+01  4.693723e+00  0.000000e+00
   endloop
 endfacet
 facet normal  0.000000e+00 -0.000000e+00 -1.000000e+00
   outer loop
     vertex -2.309671e+01  6.073988e+00  0.000000e+00
     vertex -2.293257e+01  5.889504e+00  0.000000e+00
     vertex -2.523668e+01  4.116814e+00  0.000000e+00
   endloop
 endfacet
 facet normal -0.000000e+00  0.000000e+00 -1.000000e+00
   outer loop
     vertex -2.361859e+01  6.599466e+00  0.000000e+00
     vertex -2.571467e+01  4.585073e+00  0.000000e+00
     vertex -2.380195e+01  6.764862e+00  0.000000e+00
   endloop
 endfacet
 facet normal  0.000000e+00  0.000000e+00 -1.000000e+00
   outer loop
     vertex -2.361859e+01  6.599466e+00  0.000000e+00
     vertex -2.546925e+01  4.357503e+00  0.000000e+00
     vertex -2.559040e+01  4.472971e+00  0.000000e+00
   endloop
 endfacet
 facet normal  0.000000e+00  0.000000e+00 -1.000000e+00
   outer loop
     vertex -2.361859e+01  6.599466e+00  0.000000e+00
     vertex -2.559040e+01  4.472971e+00  0.000000e+00
     vertex -2.571467e+01  4.585073e+00  0.000000e+00
   endloop
 endfacet
 facet normal  0.000000e+00  0.000000e+00 -1.000000e+00
   outer loop
     vertex -2.326584e+01  6.253899e+00  0.000000e+00
     vertex -2.523668e+01  4.116814e+00  0.000000e+00
     vertex -2.535131e+01  4.238754e+00  0.000000e+00
   endloop
 endfacet
 facet normal  0.000000e+00 -0.000000e+00 -1.000000e+00
   outer loop
     vertex -2.326584e+01  6.253899e+00  0.000000e+00
     vertex -2.309671e+01  6.073988e+00  0.000000e+00
     vertex -2.523668e+01  4.116814e+00  0.000000e+00
   endloop
 endfacet
 facet normal  0.000000e+00  0.000000e+00 -1.000000e+00
   outer loop
     vertex -2.343985e+01  6.429102e+00  0.000000e+00
     vertex -2.535131e+01  4.238754e+00  0.000000e+00
     vertex -2.546925e+01  4.357503e+00  0.000000e+00
   endloop
 endfacet
 facet normal -0.000000e+00  0.000000e+00 -1.000000e+00
   outer loop
     vertex -2.343985e+01  6.429102e+00  0.000000e+00
     vertex -2.546925e+01  4.357503e+00  0.000000e+00
     vertex -2.361859e+01  6.599466e+00  0.000000e+00
   endloop
 endfacet
 facet normal  0.000000e+00 -0.000000e+00 -1.000000e+00
   outer loop
     vertex -2.343985e+01  6.429102e+00  0.000000e+00
     vertex -2.326584e+01  6.253899e+00  0.000000e+00
     vertex -2.535131e+01  4.238754e+00  0.000000e+00
   endloop
 endfacet
 facet normal -9.999059e-01 -1.371831e-02  0.000000e+00
   outer loop
     vertex -2.364029e+01  1.673477e-01  2.270000e+01
     vertex -2.363799e+01  0.000000e+00  0.000000e+00
     vertex -2.363799e+01  0.000000e+00  2.270000e+01
   endloop
 endfacet
 facet normal -9.999059e-01 -1.371831e-02 -0.000000e+00
   outer loop
     vertex -2.364029e+01  1.673477e-01  2.270000e+01
     vertex -2.364029e+01  1.673477e-01  0.000000e+00
     vertex -2.363799e+01  0.000000e+00  0.000000e+00
   endloop
 endfacet
 facet normal -9.991532e-01 -4.114462e-02 -0.000000e+00
   outer loop
     vertex -2.364717e+01  3.345694e-01  2.270000e+01
     vertex -2.364717e+01  3.345694e-01  0.000000e+00
     vertex -2.364029e+01  1.673477e-01  0.000000e+00
   endloop
 endfacet
 facet normal -9.976484e-01 -6.853995e-02 -0.000000e+00
   outer loop
     vertex -2.364717e+01  3.345694e-01  2.270000e+01
     vertex -2.365864e+01  5.015393e-01  0.000000e+00
     vertex -2.364717e+01  3.345694e-01  0.000000e+00
   endloop
 endfacet
 facet normal -9.991532e-01 -4.114462e-02  0.000000e+00
   outer loop
     vertex -2.364717e+01  3.345694e-01  2.270000e+01
     vertex -2.364029e+01  1.673477e-01  0.000000e+00
     vertex -2.364029e+01  1.673477e-01  2.270000e+01
   endloop
 endfacet
 facet normal -9.976484e-01 -6.853995e-02 -0.000000e+00
   outer loop
     vertex -2.365864e+01  5.015393e-01  2.270000e+01
     vertex -2.365864e+01  5.015393e-01  0.000000e+00
     vertex -2.364717e+01  3.345694e-01  2.270000e+01
   endloop
 endfacet
 facet normal -9.953925e-01 -9.588368e-02 -0.000000e+00
   outer loop
     vertex -2.367469e+01  6.681316e-01  2.270000e+01
     vertex -2.367469e+01  6.681316e-01  0.000000e+00
     vertex -2.365864e+01  5.015393e-01  0.000000e+00
   endloop
 endfacet
 facet normal -9.953925e-01 -9.588368e-02  0.000000e+00
   outer loop
     vertex -2.367469e+01  6.681316e-01  2.270000e+01
     vertex -2.365864e+01  5.015393e-01  0.000000e+00
     vertex -2.365864e+01  5.015393e-01  2.270000e+01
   endloop
 endfacet
 facet normal -9.923874e-01 -1.231552e-01 -0.000000e+00
   outer loop
     vertex -2.369530e+01  8.342210e-01  2.270000e+01
     vertex -2.369530e+01  8.342210e-01  0.000000e+00
     vertex -2.367469e+01  6.681316e-01  0.000000e+00
   endloop
 endfacet
 facet normal -9.886353e-01 -1.503341e-01 -0.000000e+00
   outer loop
     vertex -2.369530e+01  8.342210e-01  2.270000e+01
     vertex -2.372046e+01  9.996824e-01  0.000000e+00
     vertex -2.369530e+01  8.342210e-01  0.000000e+00
   endloop
 endfacet
 facet normal -9.923874e-01 -1.231552e-01  0.000000e+00
   outer loop
     vertex -2.369530e+01  8.342210e-01  2.270000e+01
     vertex -2.367469e+01  6.681316e-01  0.000000e+00
     vertex -2.367469e+01  6.681316e-01  2.270000e+01
   endloop
 endfacet
 facet normal -9.886353e-01 -1.503341e-01 -0.000000e+00
   outer loop
     vertex -2.372046e+01  9.996824e-01  2.270000e+01
     vertex -2.372046e+01  9.996824e-01  0.000000e+00
     vertex -2.369530e+01  8.342210e-01  2.270000e+01
   endloop
 endfacet
 facet normal -9.841389e-01 -1.773998e-01 -0.000000e+00
   outer loop
     vertex -2.375015e+01  1.164391e+00  2.270000e+01
     vertex -2.375015e+01  1.164391e+00  0.000000e+00
     vertex -2.372046e+01  9.996824e-01  0.000000e+00
   endloop
 endfacet
 facet normal -9.789017e-01 -2.043319e-01 -0.000000e+00
   outer loop
     vertex -2.375015e+01  1.164391e+00  2.270000e+01
     vertex -2.378435e+01  1.328224e+00  0.000000e+00
     vertex -2.375015e+01  1.164391e+00  0.000000e+00
   endloop
 endfacet
 facet normal -9.841389e-01 -1.773998e-01  0.000000e+00
   outer loop
     vertex -2.375015e+01  1.164391e+00  2.270000e+01
     vertex -2.372046e+01  9.996824e-01  0.000000e+00
     vertex -2.372046e+01  9.996824e-01  2.270000e+01
   endloop
 endfacet
 facet normal -9.729276e-01 -2.311102e-01 -0.000000e+00
   outer loop
     vertex -2.378435e+01  1.328224e+00  2.270000e+01
     vertex -2.382303e+01  1.491056e+00  0.000000e+00
     vertex -2.378435e+01  1.328224e+00  0.000000e+00
   endloop
 endfacet
 facet normal -9.789017e-01 -2.043319e-01 -0.000000e+00
   outer loop
     vertex -2.378435e+01  1.328224e+00  2.270000e+01
     vertex -2.378435e+01  1.328224e+00  0.000000e+00
     vertex -2.375015e+01  1.164391e+00  2.270000e+01
   endloop
 endfacet
 facet normal -9.729276e-01 -2.311102e-01 -0.000000e+00
   outer loop
     vertex -2.382303e+01  1.491056e+00  2.270000e+01
     vertex -2.382303e+01  1.491056e+00  0.000000e+00
     vertex -2.378435e+01  1.328224e+00  2.270000e+01
   endloop
 endfacet
 facet normal -9.662211e-01 -2.577146e-01  0.000000e+00
   outer loop
     vertex -2.386616e+01  1.652766e+00  2.270000e+01
     vertex -2.382303e+01  1.491056e+00  0.000000e+00
     vertex -2.382303e+01  1.491056e+00  2.270000e+01
   endloop
 endfacet
 facet normal -9.662211e-01 -2.577146e-01 -0.000000e+00
   outer loop
     vertex -2.386616e+01  1.652766e+00  2.270000e+01
     vertex -2.386616e+01  1.652766e+00  0.000000e+00
     vertex -2.382303e+01  1.491056e+00  0.000000e+00
   endloop
 endfacet
 facet normal -9.587873e-01 -2.841250e-01 -0.000000e+00
   outer loop
     vertex -2.386616e+01  1.652766e+00  2.270000e+01
     vertex -2.391372e+01  1.813232e+00  0.000000e+00
     vertex -2.386616e+01  1.652766e+00  0.000000e+00
   endloop
 endfacet
 facet normal -9.587873e-01 -2.841250e-01 -0.000000e+00
   outer loop
     vertex -2.391372e+01  1.813232e+00  2.270000e+01
     vertex -2.391372e+01  1.813232e+00  0.000000e+00
     vertex -2.386616e+01  1.652766e+00  2.270000e+01
   endloop
 endfacet
 facet normal -9.506317e-01 -3.103214e-01  0.000000e+00
   outer loop
     vertex -2.396565e+01  1.972333e+00  2.270000e+01
     vertex -2.391372e+01  1.813232e+00  0.000000e+00
     vertex -2.391372e+01  1.813232e+00  2.270000e+01
   endloop
 endfacet
 facet normal -9.506317e-01 -3.103214e-01 -0.000000e+00
   outer loop
     vertex -2.396565e+01  1.972333e+00  2.270000e+01
     vertex -2.396565e+01  1.972333e+00  0.000000e+00
     vertex -2.391372e+01  1.813232e+00  0.000000e+00
   endloop
 endfacet
 facet normal -9.417605e-01 -3.362843e-01 -0.000000e+00
   outer loop
     vertex -2.396565e+01  1.972333e+00  2.270000e+01
     vertex -2.402193e+01  2.129949e+00  0.000000e+00
     vertex -2.396565e+01  1.972333e+00  0.000000e+00
   endloop
 endfacet
 facet normal -9.417605e-01 -3.362843e-01 -0.000000e+00
   outer loop
     vertex -2.402193e+01  2.129949e+00  2.270000e+01
     vertex -2.402193e+01  2.129949e+00  0.000000e+00
     vertex -2.396565e+01  1.972333e+00  2.270000e+01
   endloop
 endfacet
 facet normal -9.321804e-01 -3.619940e-01 -0.000000e+00
   outer loop
     vertex -2.402193e+01  2.129949e+00  2.270000e+01
     vertex -2.408252e+01  2.285962e+00  0.000000e+00
     vertex -2.402193e+01  2.129949e+00  0.000000e+00
   endloop
 endfacet
 facet normal -9.321804e-01 -3.619940e-01 -0.000000e+00
   outer loop
     vertex -2.408252e+01  2.285962e+00  2.270000e+01
     vertex -2.408252e+01  2.285962e+00  0.000000e+00
     vertex -2.402193e+01  2.129949e+00  2.270000e+01
   endloop
 endfacet
 facet normal -9.218986e-01 -3.874313e-01  0.000000e+00
   outer loop
     vertex -2.414736e+01  2.440254e+00  2.270000e+01
     vertex -2.408252e+01  2.285962e+00  0.000000e+00
     vertex -2.408252e+01  2.285962e+00  2.270000e+01
   endloop
 endfacet
 facet normal -9.218986e-01 -3.874313e-01 -0.000000e+00
   outer loop
     vertex -2.414736e+01  2.440254e+00  2.270000e+01
     vertex -2.414736e+01  2.440254e+00  0.000000e+00
     vertex -2.408252e+01  2.285962e+00  0.000000e+00
   endloop
 endfacet
 facet normal -9.109228e-01 -4.125769e-01  0.000000e+00
   outer loop
     vertex -2.421641e+01  2.592710e+00  2.270000e+01
     vertex -2.414736e+01  2.440254e+00  0.000000e+00
     vertex -2.414736e+01  2.440254e+00  2.270000e+01
   endloop
 endfacet
 facet normal -9.109228e-01 -4.125769e-01 -0.000000e+00
   outer loop
     vertex -2.421641e+01  2.592710e+00  2.270000e+01
     vertex -2.421641e+01  2.592710e+00  0.000000e+00
     vertex -2.414736e+01  2.440254e+00  0.000000e+00
   endloop
 endfacet
 facet normal -8.992613e-01 -4.374119e-01  0.000000e+00
   outer loop
     vertex -2.428962e+01  2.743213e+00  2.270000e+01
     vertex -2.421641e+01  2.592710e+00  0.000000e+00
     vertex -2.421641e+01  2.592710e+00  2.270000e+01
   endloop
 endfacet
 facet normal -8.992613e-01 -4.374119e-01 -0.000000e+00
   outer loop
     vertex -2.428962e+01  2.743213e+00  2.270000e+01
     vertex -2.428962e+01  2.743213e+00  0.000000e+00
     vertex -2.421641e+01  2.592710e+00  0.000000e+00
   endloop
 endfacet
 facet normal -8.869228e-01 -4.619176e-01  0.000000e+00
   outer loop
     vertex -2.436693e+01  2.891652e+00  2.270000e+01
     vertex -2.428962e+01  2.743213e+00  0.000000e+00
     vertex -2.428962e+01  2.743213e+00  2.270000e+01
   endloop
 endfacet
 facet normal -8.869228e-01 -4.619176e-01 -0.000000e+00
   outer loop
     vertex -2.436693e+01  2.891652e+00  2.270000e+01
     vertex -2.436693e+01  2.891652e+00  0.000000e+00
     vertex -2.428962e+01  2.743213e+00  0.000000e+00
   endloop
 endfacet
 facet normal -8.739167e-01 -4.860756e-01  0.000000e+00
   outer loop
     vertex -2.444828e+01  3.037913e+00  2.270000e+01
     vertex -2.436693e+01  2.891652e+00  0.000000e+00
     vertex -2.436693e+01  2.891652e+00  2.270000e+01
   endloop
 endfacet
 facet normal -8.739167e-01 -4.860756e-01 -0.000000e+00
   outer loop
     vertex -2.444828e+01  3.037913e+00  2.270000e+01
     vertex -2.444828e+01  3.037913e+00  0.000000e+00
     vertex -2.436693e+01  2.891652e+00  0.000000e+00
   endloop
 endfacet
 facet normal -8.602528e-01 -5.098678e-01  0.000000e+00
   outer loop
     vertex -2.453361e+01  3.181888e+00  2.270000e+01
     vertex -2.444828e+01  3.037913e+00  0.000000e+00
     vertex -2.444828e+01  3.037913e+00  2.270000e+01
   endloop
 endfacet
 facet normal -8.602528e-01 -5.098678e-01 -0.000000e+00
   outer loop
     vertex -2.453361e+01  3.181888e+00  2.270000e+01
     vertex -2.453361e+01  3.181888e+00  0.000000e+00
     vertex -2.444828e+01  3.037913e+00  0.000000e+00
   endloop
 endfacet
 facet normal -8.459413e-01 -5.332761e-01  0.000000e+00
   outer loop
     vertex -2.462286e+01  3.323468e+00  2.270000e+01
     vertex -2.453361e+01  3.181888e+00  0.000000e+00
     vertex -2.453361e+01  3.181888e+00  2.270000e+01
   endloop
 endfacet
 facet normal -8.459413e-01 -5.332761e-01 -0.000000e+00
   outer loop
     vertex -2.462286e+01  3.323468e+00  2.270000e+01
     vertex -2.462286e+01  3.323468e+00  0.000000e+00
     vertex -2.453361e+01  3.181888e+00  0.000000e+00
   endloop
 endfacet
 facet normal -8.309929e-01 -5.562829e-01 -0.000000e+00
   outer loop
     vertex -2.471596e+01  3.462546e+00  2.270000e+01
     vertex -2.471596e+01  3.462546e+00  0.000000e+00
     vertex -2.462286e+01  3.323468e+00  0.000000e+00
   endloop
 endfacet
 facet normal -8.309929e-01 -5.562829e-01  0.000000e+00
   outer loop
     vertex -2.471596e+01  3.462546e+00  2.270000e+01
     vertex -2.462286e+01  3.323468e+00  0.000000e+00
     vertex -2.462286e+01  3.323468e+00  2.270000e+01
   endloop
 endfacet
 facet normal -8.154191e-01 -5.788711e-01 -0.000000e+00
   outer loop
     vertex -2.471596e+01  3.462546e+00  2.270000e+01
     vertex -2.481284e+01  3.599017e+00  0.000000e+00
     vertex -2.471596e+01  3.462546e+00  0.000000e+00
   endloop
 endfacet
 facet normal -8.154191e-01 -5.788711e-01 -0.000000e+00
   outer loop
     vertex -2.481284e+01  3.599017e+00  2.270000e+01
     vertex -2.481284e+01  3.599017e+00  0.000000e+00
     vertex -2.471596e+01  3.462546e+00  2.270000e+01
   endloop
 endfacet
 facet normal -7.992314e-01 -6.010234e-01  0.000000e+00
   outer loop
     vertex -2.491343e+01  3.732779e+00  2.270000e+01
     vertex -2.481284e+01  3.599017e+00  0.000000e+00
     vertex -2.481284e+01  3.599017e+00  2.270000e+01
   endloop
 endfacet
 facet normal -7.992314e-01 -6.010234e-01 -0.000000e+00
   outer loop
     vertex -2.491343e+01  3.732779e+00  2.270000e+01
     vertex -2.491343e+01  3.732779e+00  0.000000e+00
     vertex -2.481284e+01  3.599017e+00  0.000000e+00
   endloop
 endfacet
 facet normal -7.824421e-01 -6.227234e-01 -0.000000e+00
   outer loop
     vertex -2.491343e+01  3.732779e+00  2.270000e+01
     vertex -2.501765e+01  3.863731e+00  0.000000e+00
     vertex -2.491343e+01  3.732779e+00  0.000000e+00
   endloop
 endfacet
 facet normal -7.650637e-01 -6.439545e-01 -0.000000e+00
   outer loop
     vertex -2.501765e+01  3.863731e+00  2.270000e+01
     vertex -2.512543e+01  3.991775e+00  0.000000e+00
     vertex -2.501765e+01  3.863731e+00  0.000000e+00
   endloop
 endfacet
 facet normal -7.824421e-01 -6.227234e-01 -0.000000e+00
   outer loop
     vertex -2.501765e+01  3.863731e+00  2.270000e+01
     vertex -2.501765e+01  3.863731e+00  0.000000e+00
     vertex -2.491343e+01  3.732779e+00  2.270000e+01
   endloop
 endfacet
 facet normal -7.650637e-01 -6.439545e-01 -0.000000e+00
   outer loop
     vertex -2.512543e+01  3.991775e+00  2.270000e+01
     vertex -2.512543e+01  3.991775e+00  0.000000e+00
     vertex -2.501765e+01  3.863731e+00  2.270000e+01
   endloop
 endfacet
 facet normal -7.471095e-01 -6.647010e-01 -0.000000e+00
   outer loop
     vertex -2.523668e+01  4.116814e+00  2.270000e+01
     vertex -2.523668e+01  4.116814e+00  0.000000e+00
     vertex -2.512543e+01  3.991775e+00  0.000000e+00
   endloop
 endfacet
 facet normal -7.471095e-01 -6.647010e-01  0.000000e+00
   outer loop
     vertex -2.523668e+01  4.116814e+00  2.270000e+01
     vertex -2.512543e+01  3.991775e+00  0.000000e+00
     vertex -2.512543e+01  3.991775e+00  2.270000e+01
   endloop
 endfacet
 facet normal -7.285929e-01 -6.849470e-01 -0.000000e+00
   outer loop
     vertex -2.535131e+01  4.238754e+00  2.270000e+01
     vertex -2.535131e+01  4.238754e+00  0.000000e+00
     vertex -2.523668e+01  4.116814e+00  0.000000e+00
   endloop
 endfacet
 facet normal -7.095278e-01 -7.046775e-01 -0.000000e+00
   outer loop
     vertex -2.535131e+01  4.238754e+00  2.270000e+01
     vertex -2.546925e+01  4.357503e+00  0.000000e+00
     vertex -2.535131e+01  4.238754e+00  0.000000e+00
   endloop
 endfacet
 facet normal -7.285929e-01 -6.849470e-01  0.000000e+00
   outer loop
     vertex -2.535131e+01  4.238754e+00  2.270000e+01
     vertex -2.523668e+01  4.116814e+00  0.000000e+00
     vertex -2.523668e+01  4.116814e+00  2.270000e+01
   endloop
 endfacet
 facet normal -7.095278e-01 -7.046775e-01 -0.000000e+00
   outer loop
     vertex -2.546925e+01  4.357503e+00  2.270000e+01
     vertex -2.546925e+01  4.357503e+00  0.000000e+00
     vertex -2.535131e+01  4.238754e+00  2.270000e+01
   endloop
 endfacet
 facet normal -6.899286e-01 -7.238775e-01 -0.000000e+00
   outer loop
     vertex -2.559040e+01  4.472971e+00  2.270000e+01
     vertex -2.559040e+01  4.472971e+00  0.000000e+00
     vertex -2.546925e+01  4.357503e+00  0.000000e+00
   endloop
 endfacet
 facet normal -6.899286e-01 -7.238775e-01  0.000000e+00
   outer loop
     vertex -2.559040e+01  4.472971e+00  2.270000e+01
     vertex -2.546925e+01  4.357503e+00  0.000000e+00
     vertex -2.546925e+01  4.357503e+00  2.270000e+01
   endloop
 endfacet
 facet normal -6.698100e-01 -7.425325e-01 -0.000000e+00
   outer loop
     vertex -2.571467e+01  4.585073e+00  2.270000e+01
     vertex -2.571467e+01  4.585073e+00  0.000000e+00
     vertex -2.559040e+01  4.472971e+00  0.000000e+00
   endloop
 endfacet
 facet normal -6.698100e-01 -7.425325e-01  0.000000e+00
   outer loop
     vertex -2.571467e+01  4.585073e+00  2.270000e+01
     vertex -2.559040e+01  4.472971e+00  0.000000e+00
     vertex -2.559040e+01  4.472971e+00  2.270000e+01
   endloop
 endfacet
 facet normal -6.491872e-01 -7.606287e-01 -0.000000e+00
   outer loop
     vertex -2.584197e+01  4.693723e+00  2.270000e+01
     vertex -2.584197e+01  4.693723e+00  0.000000e+00
     vertex -2.571467e+01  4.585073e+00  0.000000e+00
   endloop
 endfacet
 facet normal -6.491872e-01 -7.606287e-01  0.000000e+00
   outer loop
     vertex -2.584197e+01  4.693723e+00  2.270000e+01
     vertex -2.571467e+01  4.585073e+00  0.000000e+00
     vertex -2.571467e+01  4.585073e+00  2.270000e+01
   endloop
 endfacet
 facet normal -6.280757e-01 -7.781522e-01 -0.000000e+00
   outer loop
     vertex -2.597221e+01  4.798840e+00  2.270000e+01
     vertex -2.597221e+01  4.798840e+00  0.000000e+00
     vertex -2.584197e+01  4.693723e+00  0.000000e+00
   endloop
 endfacet
 facet normal -6.280757e-01 -7.781522e-01  0.000000e+00
   outer loop
     vertex -2.597221e+01  4.798840e+00  2.270000e+01
     vertex -2.584197e+01  4.693723e+00  0.000000e+00
     vertex -2.584197e+01  4.693723e+00  2.270000e+01
   endloop
 endfacet
 facet normal -6.064915e-01 -7.950900e-01 -0.000000e+00
   outer loop
     vertex -2.610528e+01  4.900345e+00  2.270000e+01
     vertex -2.610528e+01  4.900345e+00  0.000000e+00
     vertex -2.597221e+01  4.798840e+00  0.000000e+00
   endloop
 endfacet
 facet normal -6.064915e-01 -7.950900e-01  0.000000e+00
   outer loop
     vertex -2.610528e+01  4.900345e+00  2.270000e+01
     vertex -2.597221e+01  4.798840e+00  0.000000e+00
     vertex -2.597221e+01  4.798840e+00  2.270000e+01
   endloop
 endfacet
 facet normal -5.844507e-01 -8.114292e-01 -0.000000e+00
   outer loop
     vertex -2.624108e+01  4.998160e+00  2.270000e+01
     vertex -2.624108e+01  4.998160e+00  0.000000e+00
     vertex -2.610528e+01  4.900345e+00  0.000000e+00
   endloop
 endfacet
 facet normal -5.844507e-01 -8.114292e-01  0.000000e+00
   outer loop
     vertex -2.624108e+01  4.998160e+00  2.270000e+01
     vertex -2.610528e+01  4.900345e+00  0.000000e+00
     vertex -2.610528e+01  4.900345e+00  2.270000e+01
   endloop
 endfacet
 facet normal -5.619699e-01 -8.271577e-01  0.000000e+00
   outer loop
     vertex -2.637952e+01  5.092214e+00  2.270000e+01
     vertex -2.624108e+01  4.998160e+00  0.000000e+00
     vertex -2.624108e+01  4.998160e+00  2.270000e+01
   endloop
 endfacet
 facet normal -5.619699e-01 -8.271577e-01 -0.000000e+00
   outer loop
     vertex -2.637952e+01  5.092214e+00  2.270000e+01
     vertex -2.637952e+01  5.092214e+00  0.000000e+00
     vertex -2.624108e+01  4.998160e+00  0.000000e+00
   endloop
 endfacet
 facet normal -5.390661e-01 -8.422635e-01  0.000000e+00
   outer loop
     vertex -2.652048e+01  5.182434e+00  2.270000e+01
     vertex -2.637952e+01  5.092214e+00  0.000000e+00
     vertex -2.637952e+01  5.092214e+00  2.270000e+01
   endloop
 endfacet
 facet normal -5.390661e-01 -8.422635e-01 -0.000000e+00
   outer loop
     vertex -2.652048e+01  5.182434e+00  2.270000e+01
     vertex -2.652048e+01  5.182434e+00  0.000000e+00
     vertex -2.637952e+01  5.092214e+00  0.000000e+00
   endloop
 endfacet
 facet normal -5.157565e-01 -8.567352e-01  0.000000e+00
   outer loop
     vertex -2.666387e+01  5.268752e+00  2.270000e+01
     vertex -2.652048e+01  5.182434e+00  0.000000e+00
     vertex -2.652048e+01  5.182434e+00  2.270000e+01
   endloop
 endfacet
 facet normal -5.157565e-01 -8.567352e-01 -0.000000e+00
   outer loop
     vertex -2.666387e+01  5.268752e+00  2.270000e+01
     vertex -2.666387e+01  5.268752e+00  0.000000e+00
     vertex -2.652048e+01  5.182434e+00  0.000000e+00
   endloop
 endfacet
 facet normal -4.920587e-01 -8.705620e-01  0.000000e+00
   outer loop
     vertex -2.680957e+01  5.351105e+00  2.270000e+01
     vertex -2.666387e+01  5.268752e+00  0.000000e+00
     vertex -2.666387e+01  5.268752e+00  2.270000e+01
   endloop
 endfacet
 facet normal -4.920587e-01 -8.705620e-01 -0.000000e+00
   outer loop
     vertex -2.680957e+01  5.351105e+00  2.270000e+01
     vertex -2.680957e+01  5.351105e+00  0.000000e+00
     vertex -2.666387e+01  5.268752e+00  0.000000e+00
   endloop
 endfacet
 facet normal -4.679904e-01 -8.837335e-01  0.000000e+00
   outer loop
     vertex -2.695747e+01  5.429430e+00  2.270000e+01
     vertex -2.680957e+01  5.351105e+00  0.000000e+00
     vertex -2.680957e+01  5.351105e+00  2.270000e+01
   endloop
 endfacet
 facet normal -4.679904e-01 -8.837335e-01 -0.000000e+00
   outer loop
     vertex -2.695747e+01  5.429430e+00  2.270000e+01
     vertex -2.695747e+01  5.429430e+00  0.000000e+00
     vertex -2.680957e+01  5.351105e+00  0.000000e+00
   endloop
 endfacet
 facet normal -4.435699e-01 -8.962398e-01  0.000000e+00
   outer loop
     vertex -2.710747e+01  5.503667e+00  2.270000e+01
     vertex -2.695747e+01  5.429430e+00  0.000000e+00
     vertex -2.695747e+01  5.429430e+00  2.270000e+01
   endloop
 endfacet
 facet normal -4.435699e-01 -8.962398e-01 -0.000000e+00
   outer loop
     vertex -2.710747e+01  5.503667e+00  2.270000e+01
     vertex -2.710747e+01  5.503667e+00  0.000000e+00
     vertex -2.695747e+01  5.429430e+00  0.000000e+00
   endloop
 endfacet
 facet normal -4.188155e-01 -9.080714e-01  0.000000e+00
   outer loop
     vertex -2.725945e+01  5.573761e+00  2.270000e+01
     vertex -2.710747e+01  5.503667e+00  0.000000e+00
     vertex -2.710747e+01  5.503667e+00  2.270000e+01
   endloop
 endfacet
 facet normal -4.188155e-01 -9.080714e-01 -0.000000e+00
   outer loop
     vertex -2.725945e+01  5.573761e+00  2.270000e+01
     vertex -2.725945e+01  5.573761e+00  0.000000e+00
     vertex -2.710747e+01  5.503667e+00  0.000000e+00
   endloop
 endfacet
 facet normal -3.937458e-01 -9.192194e-01  0.000000e+00
   outer loop
     vertex -2.741329e+01  5.639660e+00  2.270000e+01
     vertex -2.725945e+01  5.573761e+00  0.000000e+00
     vertex -2.725945e+01  5.573761e+00  2.270000e+01
   endloop
 endfacet
 facet normal -3.937458e-01 -9.192194e-01 -0.000000e+00
   outer loop
     vertex -2.741329e+01  5.639660e+00  2.270000e+01
     vertex -2.741329e+01  5.639660e+00  0.000000e+00
     vertex -2.725945e+01  5.573761e+00  0.000000e+00
   endloop
 endfacet
 facet normal -3.683796e-01 -9.296754e-01  0.000000e+00
   outer loop
     vertex -2.756888e+01  5.701313e+00  2.270000e+01
     vertex -2.741329e+01  5.639660e+00  0.000000e+00
     vertex -2.741329e+01  5.639660e+00  2.270000e+01
   endloop
 endfacet
 facet normal -3.683796e-01 -9.296754e-01 -0.000000e+00
   outer loop
     vertex -2.756888e+01  5.701313e+00  2.270000e+01
     vertex -2.756888e+01  5.701313e+00  0.000000e+00
     vertex -2.741329e+01  5.639660e+00  0.000000e+00
   endloop
 endfacet
 facet normal -3.427362e-01 -9.394317e-01  0.000000e+00
   outer loop
     vertex -2.772611e+01  5.758675e+00  2.270000e+01
     vertex -2.756888e+01  5.701313e+00  0.000000e+00
     vertex -2.756888e+01  5.701313e+00  2.270000e+01
   endloop
 endfacet
 facet normal -3.427362e-01 -9.394317e-01 -0.000000e+00
   outer loop
     vertex -2.772611e+01  5.758675e+00  2.270000e+01
     vertex -2.772611e+01  5.758675e+00  0.000000e+00
     vertex -2.756888e+01  5.701313e+00  0.000000e+00
   endloop
 endfacet
 facet normal -3.168348e-01 -9.484807e-01  0.000000e+00
   outer loop
     vertex -2.788485e+01  5.811701e+00  2.270000e+01
     vertex -2.772611e+01  5.758675e+00  0.000000e+00
     vertex -2.772611e+01  5.758675e+00  2.270000e+01
   endloop
 endfacet
 facet normal -3.168348e-01 -9.484807e-01 -0.000000e+00
   outer loop
     vertex -2.788485e+01  5.811701e+00  2.270000e+01
     vertex -2.788485e+01  5.811701e+00  0.000000e+00
     vertex -2.772611e+01  5.758675e+00  0.000000e+00
   endloop
 endfacet
 facet normal -2.906949e-01 -9.568158e-01 -0.000000e+00
   outer loop
     vertex -2.788485e+01  5.811701e+00  2.270000e+01
     vertex -2.804499e+01  5.860353e+00  0.000000e+00
     vertex -2.788485e+01  5.811701e+00  0.000000e+00
   endloop
 endfacet
 facet normal -2.906949e-01 -9.568158e-01 -0.000000e+00
   outer loop
     vertex -2.804499e+01  5.860353e+00  2.270000e+01
     vertex -2.804499e+01  5.860353e+00  0.000000e+00
     vertex -2.788485e+01  5.811701e+00  2.270000e+01
   endloop
 endfacet
 facet normal -2.643362e-01 -9.644306e-01 -0.000000e+00
   outer loop
     vertex -2.804499e+01  5.860353e+00  2.270000e+01
     vertex -2.820640e+01  5.904593e+00  0.000000e+00
     vertex -2.804499e+01  5.860353e+00  0.000000e+00
   endloop
 endfacet
 facet normal -2.643362e-01 -9.644306e-01 -0.000000e+00
   outer loop
     vertex -2.820640e+01  5.904593e+00  2.270000e+01
     vertex -2.820640e+01  5.904593e+00  0.000000e+00
     vertex -2.804499e+01  5.860353e+00  2.270000e+01
   endloop
 endfacet
 facet normal -2.377784e-01 -9.713194e-01  0.000000e+00
   outer loop
     vertex -2.836896e+01  5.944389e+00  2.270000e+01
     vertex -2.820640e+01  5.904593e+00  0.000000e+00
     vertex -2.820640e+01  5.904593e+00  2.270000e+01
   endloop
 endfacet
 facet normal -2.377784e-01 -9.713194e-01 -0.000000e+00
   outer loop
     vertex -2.836896e+01  5.944389e+00  2.270000e+01
     vertex -2.836896e+01  5.944389e+00  0.000000e+00
     vertex -2.820640e+01  5.904593e+00  0.000000e+00
   endloop
 endfacet
 facet normal -2.110417e-01 -9.774771e-01 -0.000000e+00
   outer loop
     vertex -2.836896e+01  5.944389e+00  2.270000e+01
     vertex -2.853255e+01  5.979709e+00  0.000000e+00
     vertex -2.836896e+01  5.944389e+00  0.000000e+00
   endloop
 endfacet
 facet normal -2.110417e-01 -9.774771e-01 -0.000000e+00
   outer loop
     vertex -2.853255e+01  5.979709e+00  2.270000e+01
     vertex -2.853255e+01  5.979709e+00  0.000000e+00
     vertex -2.836896e+01  5.944389e+00  2.270000e+01
   endloop
 endfacet
 facet normal -1.841461e-01 -9.828989e-01 -0.000000e+00
   outer loop
     vertex -2.853255e+01  5.979709e+00  2.270000e+01
     vertex -2.869706e+01  6.010529e+00  0.000000e+00
     vertex -2.853255e+01  5.979709e+00  0.000000e+00
   endloop
 endfacet
 facet normal -1.841461e-01 -9.828989e-01 -0.000000e+00
   outer loop
     vertex -2.869706e+01  6.010529e+00  2.270000e+01
     vertex -2.869706e+01  6.010529e+00  0.000000e+00
     vertex -2.853255e+01  5.979709e+00  2.270000e+01
   endloop
 endfacet
 facet normal -1.571119e-01 -9.875808e-01  0.000000e+00
   outer loop
     vertex -2.886234e+01  6.036823e+00  2.270000e+01
     vertex -2.869706e+01  6.010529e+00  0.000000e+00
     vertex -2.869706e+01  6.010529e+00  2.270000e+01
   endloop
 endfacet
 facet normal -1.571119e-01 -9.875808e-01 -0.000000e+00
   outer loop
     vertex -2.886234e+01  6.036823e+00  2.270000e+01
     vertex -2.886234e+01  6.036823e+00  0.000000e+00
     vertex -2.869706e+01  6.010529e+00  0.000000e+00
   endloop
 endfacet
 facet normal -1.299594e-01 -9.915193e-01  0.000000e+00
   outer loop
     vertex -2.902829e+01  6.058574e+00  2.270000e+01
     vertex -2.886234e+01  6.036823e+00  0.000000e+00
     vertex -2.886234e+01  6.036823e+00  2.270000e+01
   endloop
 endfacet
 facet normal -1.299594e-01 -9.915193e-01 -0.000000e+00
   outer loop
     vertex -2.902829e+01  6.058574e+00  2.270000e+01
     vertex -2.902829e+01  6.058574e+00  0.000000e+00
     vertex -2.886234e+01  6.036823e+00  0.000000e+00
   endloop
 endfacet
 facet normal -1.027091e-01 -9.947114e-01 -0.000000e+00
   outer loop
     vertex -2.902829e+01  6.058574e+00  2.270000e+01
     vertex -2.919476e+01  6.075764e+00  0.000000e+00
     vertex -2.902829e+01  6.058574e+00  0.000000e+00
   endloop
 endfacet
 facet normal -1.027091e-01 -9.947114e-01 -0.000000e+00
   outer loop
     vertex -2.919476e+01  6.075764e+00  2.270000e+01
     vertex -2.919476e+01  6.075764e+00  0.000000e+00
     vertex -2.902829e+01  6.058574e+00  2.270000e+01
   endloop
 endfacet
 facet normal -7.538152e-02 -9.971548e-01 -0.000000e+00
   outer loop
     vertex -2.919476e+01  6.075764e+00  2.270000e+01
     vertex -2.936165e+01  6.088380e+00  0.000000e+00
     vertex -2.919476e+01  6.075764e+00  0.000000e+00
   endloop
 endfacet
 facet normal -7.538152e-02 -9.971548e-01 -0.000000e+00
   outer loop
     vertex -2.936165e+01  6.088380e+00  2.270000e+01
     vertex -2.936165e+01  6.088380e+00  0.000000e+00
     vertex -2.919476e+01  6.075764e+00  2.270000e+01
   endloop
 endfacet
 facet normal -4.799716e-02 -9.988475e-01  0.000000e+00
   outer loop
     vertex -2.952882e+01  6.096413e+00  2.270000e+01
     vertex -2.936165e+01  6.088380e+00  0.000000e+00
     vertex -2.936165e+01  6.088380e+00  2.270000e+01
   endloop
 endfacet
 facet normal -4.799716e-02 -9.988475e-01 -0.000000e+00
   outer loop
     vertex -2.952882e+01  6.096413e+00  2.270000e+01
     vertex -2.952882e+01  6.096413e+00  0.000000e+00
     vertex -2.936165e+01  6.088380e+00  0.000000e+00
   endloop
 endfacet
 facet normal -2.057667e-02 -9.997883e-01 -0.000000e+00
   outer loop
     vertex -2.969615e+01  6.099856e+00  2.270000e+01
     vertex -2.969615e+01  6.099856e+00  0.000000e+00
     vertex -2.952882e+01  6.096413e+00  0.000000e+00
   endloop
 endfacet
 facet normal -2.057667e-02 -9.997883e-01  0.000000e+00
   outer loop
     vertex -2.969615e+01  6.099856e+00  2.270000e+01
     vertex -2.952882e+01  6.096413e+00  0.000000e+00
     vertex -2.952882e+01  6.096413e+00  2.270000e+01
   endloop
 endfacet
 facet normal  6.859319e-03 -9.999765e-01  0.000000e+00
   outer loop
     vertex -2.986351e+01  6.098708e+00  2.270000e+01
     vertex -2.986351e+01  6.098708e+00  0.000000e+00
     vertex -2.969615e+01  6.099856e+00  0.000000e+00
   endloop
 endfacet
 facet normal  6.859319e-03 -9.999765e-01  0.000000e+00
   outer loop
     vertex -2.986351e+01  6.098708e+00  2.270000e+01
     vertex -2.969615e+01  6.099856e+00  0.000000e+00
     vertex -2.969615e+01  6.099856e+00  2.270000e+01
   endloop
 endfacet
 facet normal  3.429014e-02 -9.994119e-01  0.000000e+00
   outer loop
     vertex -3.003077e+01  6.092970e+00  2.270000e+01
     vertex -3.003077e+01  6.092970e+00  0.000000e+00
     vertex -2.986351e+01  6.098708e+00  0.000000e+00
   endloop
 endfacet
 facet normal  3.429014e-02 -9.994119e-01  0.000000e+00
   outer loop
     vertex -3.003077e+01  6.092970e+00  2.270000e+01
     vertex -2.986351e+01  6.098708e+00  0.000000e+00
     vertex -2.986351e+01  6.098708e+00  2.270000e+01
   endloop
 endfacet
 facet normal  6.169515e-02 -9.980950e-01  0.000000e+00
   outer loop
     vertex -3.019782e+01  6.082644e+00  2.270000e+01
     vertex -3.019782e+01  6.082644e+00  0.000000e+00
     vertex -3.003077e+01  6.092970e+00  0.000000e+00
   endloop
 endfacet
 facet normal  8.905371e-02 -9.960268e-01  0.000000e+00
   outer loop
     vertex -3.019782e+01  6.082644e+00  2.270000e+01
     vertex -3.036452e+01  6.067740e+00  0.000000e+00
     vertex -3.019782e+01  6.082644e+00  0.000000e+00
   endloop
 endfacet
 facet normal  6.169515e-02 -9.980950e-01  0.000000e+00
   outer loop
     vertex -3.019782e+01  6.082644e+00  2.270000e+01
     vertex -3.003077e+01  6.092970e+00  0.000000e+00
     vertex -3.003077e+01  6.092970e+00  2.270000e+01
   endloop
 endfacet
 facet normal  8.905371e-02 -9.960268e-01  0.000000e+00
   outer loop
     vertex -3.036452e+01  6.067740e+00  2.270000e+01
     vertex -3.036452e+01  6.067740e+00  0.000000e+00
     vertex -3.019782e+01  6.082644e+00  2.270000e+01
   endloop
 endfacet
 facet normal  1.163452e-01 -9.932088e-01  0.000000e+00
   outer loop
     vertex -3.053074e+01  6.048268e+00  2.270000e+01
     vertex -3.036452e+01  6.067740e+00  0.000000e+00
     vertex -3.036452e+01  6.067740e+00  2.270000e+01
   endloop
 endfacet
 facet normal  1.163452e-01 -9.932088e-01  0.000000e+00
   outer loop
     vertex -3.053074e+01  6.048268e+00  2.270000e+01
     vertex -3.053074e+01  6.048268e+00  0.000000e+00
     vertex -3.036452e+01  6.067740e+00  0.000000e+00
   endloop
 endfacet
 facet normal  1.435492e-01 -9.896432e-01  0.000000e+00
   outer loop
     vertex -3.069637e+01  6.024243e+00  2.270000e+01
     vertex -3.053074e+01  6.048268e+00  0.000000e+00
     vertex -3.053074e+01  6.048268e+00  2.270000e+01
   endloop
 endfacet
 facet normal  1.435492e-01 -9.896432e-01  0.000000e+00
   outer loop
     vertex -3.069637e+01  6.024243e+00  2.270000e+01
     vertex -3.069637e+01  6.024243e+00  0.000000e+00
     vertex -3.053074e+01  6.048268e+00  0.000000e+00
   endloop
 endfacet
 facet normal  1.706451e-01 -9.853326e-01  0.000000e+00
   outer loop
     vertex -3.086128e+01  5.995683e+00  2.270000e+01
     vertex -3.069637e+01  6.024243e+00  0.000000e+00
     vertex -3.069637e+01  6.024243e+00  2.270000e+01
   endloop
 endfacet
 facet normal  1.706451e-01 -9.853326e-01  0.000000e+00
   outer loop
     vertex -3.086128e+01  5.995683e+00  2.270000e+01
     vertex -3.086128e+01  5.995683e+00  0.000000e+00
     vertex -3.069637e+01  6.024243e+00  0.000000e+00
   endloop
 endfacet
 facet normal  1.976125e-01 -9.802802e-01  0.000000e+00
   outer loop
     vertex -3.102535e+01  5.962610e+00  2.270000e+01
     vertex -3.086128e+01  5.995683e+00  0.000000e+00
     vertex -3.086128e+01  5.995683e+00  2.270000e+01
   endloop
 endfacet
 facet normal  1.976125e-01 -9.802802e-01  0.000000e+00
   outer loop
     vertex -3.102535e+01  5.962610e+00  2.270000e+01
     vertex -3.102535e+01  5.962610e+00  0.000000e+00
     vertex -3.086128e+01  5.995683e+00  0.000000e+00
   endloop
 endfacet
 facet normal  2.244312e-01 -9.744899e-01  0.000000e+00
   outer loop
     vertex -3.118844e+01  5.925048e+00  2.270000e+01
     vertex -3.102535e+01  5.962610e+00  0.000000e+00
     vertex -3.102535e+01  5.962610e+00  2.270000e+01
   endloop
 endfacet
 facet normal  2.244312e-01 -9.744899e-01  0.000000e+00
   outer loop
     vertex -3.118844e+01  5.925048e+00  2.270000e+01
     vertex -3.118844e+01  5.925048e+00  0.000000e+00
     vertex -3.102535e+01  5.962610e+00  0.000000e+00
   endloop
 endfacet
 facet normal  2.510809e-01 -9.679661e-01  0.000000e+00
   outer loop
     vertex -3.135044e+01  5.883027e+00  2.270000e+01
     vertex -3.118844e+01  5.925048e+00  0.000000e+00
     vertex -3.118844e+01  5.925048e+00  2.270000e+01
   endloop
 endfacet
 facet normal  2.510809e-01 -9.679661e-01  0.000000e+00
   outer loop
     vertex -3.135044e+01  5.883027e+00  2.270000e+01
     vertex -3.135044e+01  5.883027e+00  0.000000e+00
     vertex -3.118844e+01  5.925048e+00  0.000000e+00
   endloop
 endfacet
 facet normal  2.775416e-01 -9.607136e-01  0.000000e+00
   outer loop
     vertex -3.151123e+01  5.836576e+00  2.270000e+01
     vertex -3.135044e+01  5.883027e+00  0.000000e+00
     vertex -3.135044e+01  5.883027e+00  2.270000e+01
   endloop
 endfacet
 facet normal  2.775416e-01 -9.607136e-01  0.000000e+00
   outer loop
     vertex -3.151123e+01  5.836576e+00  2.270000e+01
     vertex -3.151123e+01  5.836576e+00  0.000000e+00
     vertex -3.135044e+01  5.883027e+00  0.000000e+00
   endloop
 endfacet
 facet normal  3.037934e-01 -9.527379e-01  0.000000e+00
   outer loop
     vertex -3.167068e+01  5.785732e+00  2.270000e+01
     vertex -3.151123e+01  5.836576e+00  0.000000e+00
     vertex -3.151123e+01  5.836576e+00  2.270000e+01
   endloop
 endfacet
 facet normal  3.037934e-01 -9.527379e-01  0.000000e+00
   outer loop
     vertex -3.167068e+01  5.785732e+00  2.270000e+01
     vertex -3.167068e+01  5.785732e+00  0.000000e+00
     vertex -3.151123e+01  5.836576e+00  0.000000e+00
   endloop
 endfacet
 facet normal  3.298166e-01 -9.440450e-01  0.000000e+00
   outer loop
     vertex -3.182868e+01  5.730533e+00  2.270000e+01
     vertex -3.167068e+01  5.785732e+00  0.000000e+00
     vertex -3.167068e+01  5.785732e+00  2.270000e+01
   endloop
 endfacet
 facet normal  3.298166e-01 -9.440450e-01  0.000000e+00
   outer loop
     vertex -3.182868e+01  5.730533e+00  2.270000e+01
     vertex -3.182868e+01  5.730533e+00  0.000000e+00
     vertex -3.167068e+01  5.785732e+00  0.000000e+00
   endloop
 endfacet
 facet normal  3.555914e-01 -9.346415e-01  0.000000e+00
   outer loop
     vertex -3.198511e+01  5.671020e+00  2.270000e+01
     vertex -3.182868e+01  5.730533e+00  0.000000e+00
     vertex -3.182868e+01  5.730533e+00  2.270000e+01
   endloop
 endfacet
 facet normal  3.555914e-01 -9.346415e-01  0.000000e+00
   outer loop
     vertex -3.198511e+01  5.671020e+00  2.270000e+01
     vertex -3.198511e+01  5.671020e+00  0.000000e+00
     vertex -3.182868e+01  5.730533e+00  0.000000e+00
   endloop
 endfacet
 facet normal  3.810986e-01 -9.245344e-01  0.000000e+00
   outer loop
     vertex -3.213984e+01  5.607238e+00  2.270000e+01
     vertex -3.198511e+01  5.671020e+00  0.000000e+00
     vertex -3.198511e+01  5.671020e+00  2.270000e+01
   endloop
 endfacet
 facet normal  3.810986e-01 -9.245344e-01  0.000000e+00
   outer loop
     vertex -3.213984e+01  5.607238e+00  2.270000e+01
     vertex -3.213984e+01  5.607238e+00  0.000000e+00
     vertex -3.198511e+01  5.671020e+00  0.000000e+00
   endloop
 endfacet
 facet normal  4.063188e-01 -9.137314e-01  0.000000e+00
   outer loop
     vertex -3.229277e+01  5.539235e+00  2.270000e+01
     vertex -3.229277e+01  5.539235e+00  0.000000e+00
     vertex -3.213984e+01  5.607238e+00  0.000000e+00
   endloop
 endfacet
 facet normal  4.063188e-01 -9.137314e-01  0.000000e+00
   outer loop
     vertex -3.229277e+01  5.539235e+00  2.270000e+01
     vertex -3.213984e+01  5.607238e+00  0.000000e+00
     vertex -3.213984e+01  5.607238e+00  2.270000e+01
   endloop
 endfacet
 facet normal  4.312333e-01 -9.022405e-01  0.000000e+00
   outer loop
     vertex -3.244377e+01  5.467063e+00  2.270000e+01
     vertex -3.244377e+01  5.467063e+00  0.000000e+00
     vertex -3.229277e+01  5.539235e+00  0.000000e+00
   endloop
 endfacet
 facet normal  4.312333e-01 -9.022405e-01  0.000000e+00
   outer loop
     vertex -3.244377e+01  5.467063e+00  2.270000e+01
     vertex -3.229277e+01  5.539235e+00  0.000000e+00
     vertex -3.229277e+01  5.539235e+00  2.270000e+01
   endloop
 endfacet
 facet normal  4.558231e-01 -8.900704e-01  0.000000e+00
   outer loop
     vertex -3.259273e+01  5.390775e+00  2.270000e+01
     vertex -3.259273e+01  5.390775e+00  0.000000e+00
     vertex -3.244377e+01  5.467063e+00  0.000000e+00
   endloop
 endfacet
 facet normal  4.558231e-01 -8.900704e-01  0.000000e+00
   outer loop
     vertex -3.259273e+01  5.390775e+00  2.270000e+01
     vertex -3.244377e+01  5.467063e+00  0.000000e+00
     vertex -3.244377e+01  5.467063e+00  2.270000e+01
   endloop
 endfacet
 facet normal  4.800697e-01 -8.772303e-01  0.000000e+00
   outer loop
     vertex -3.273955e+01  5.310428e+00  2.270000e+01
     vertex -3.273955e+01  5.310428e+00  0.000000e+00
     vertex -3.259273e+01  5.390775e+00  0.000000e+00
   endloop
 endfacet
 facet normal  4.800697e-01 -8.772303e-01  0.000000e+00
   outer loop
     vertex -3.273955e+01  5.310428e+00  2.270000e+01
     vertex -3.259273e+01  5.390775e+00  0.000000e+00
     vertex -3.259273e+01  5.390775e+00  2.270000e+01
   endloop
 endfacet
 facet normal  5.039550e-01 -8.637299e-01  0.000000e+00
   outer loop
     vertex -3.288411e+01  5.226085e+00  2.270000e+01
     vertex -3.288411e+01  5.226085e+00  0.000000e+00
     vertex -3.273955e+01  5.310428e+00  0.000000e+00
   endloop
 endfacet
 facet normal  5.039550e-01 -8.637299e-01  0.000000e+00
   outer loop
     vertex -3.288411e+01  5.226085e+00  2.270000e+01
     vertex -3.273955e+01  5.310428e+00  0.000000e+00
     vertex -3.273955e+01  5.310428e+00  2.270000e+01
   endloop
 endfacet
 facet normal  5.274609e-01 -8.495793e-01  0.000000e+00
   outer loop
     vertex -3.302629e+01  5.137807e+00  2.270000e+01
     vertex -3.302629e+01  5.137807e+00  0.000000e+00
     vertex -3.288411e+01  5.226085e+00  0.000000e+00
   endloop
 endfacet
 facet normal  5.274609e-01 -8.495793e-01  0.000000e+00
   outer loop
     vertex -3.302629e+01  5.137807e+00  2.270000e+01
     vertex -3.288411e+01  5.226085e+00  0.000000e+00
     vertex -3.288411e+01  5.226085e+00  2.270000e+01
   endloop
 endfacet
 facet normal  5.505698e-01 -8.347891e-01  0.000000e+00
   outer loop
     vertex -3.316601e+01  5.045662e+00  2.270000e+01
     vertex -3.316601e+01  5.045662e+00  0.000000e+00
     vertex -3.302629e+01  5.137807e+00  0.000000e+00
   endloop
 endfacet
 facet normal  5.505698e-01 -8.347891e-01  0.000000e+00
   outer loop
     vertex -3.316601e+01  5.045662e+00  2.270000e+01
     vertex -3.302629e+01  5.137807e+00  0.000000e+00
     vertex -3.302629e+01  5.137807e+00  2.270000e+01
   endloop
 endfacet
 facet normal  5.732642e-01 -8.193706e-01  0.000000e+00
   outer loop
     vertex -3.330314e+01  4.949718e+00  2.270000e+01
     vertex -3.330314e+01  4.949718e+00  0.000000e+00
     vertex -3.316601e+01  5.045662e+00  0.000000e+00
   endloop
 endfacet
 facet normal  5.732642e-01 -8.193706e-01  0.000000e+00
   outer loop
     vertex -3.330314e+01  4.949718e+00  2.270000e+01
     vertex -3.316601e+01  5.045662e+00  0.000000e+00
     vertex -3.316601e+01  5.045662e+00  2.270000e+01
   endloop
 endfacet
 facet normal  5.955271e-01 -8.033352e-01  0.000000e+00
   outer loop
     vertex -3.343759e+01  4.850049e+00  2.270000e+01
     vertex -3.343759e+01  4.850049e+00  0.000000e+00
     vertex -3.330314e+01  4.949718e+00  0.000000e+00
   endloop
 endfacet
 facet normal  5.955271e-01 -8.033352e-01  0.000000e+00
   outer loop
     vertex -3.343759e+01  4.850049e+00  2.270000e+01
     vertex -3.330314e+01  4.949718e+00  0.000000e+00
     vertex -3.330314e+01  4.949718e+00  2.270000e+01
   endloop
 endfacet
 facet normal  6.173417e-01 -7.866951e-01  0.000000e+00
   outer loop
     vertex -3.356925e+01  4.746728e+00  2.270000e+01
     vertex -3.356925e+01  4.746728e+00  0.000000e+00
     vertex -3.343759e+01  4.850049e+00  0.000000e+00
   endloop
 endfacet
 facet normal  6.173417e-01 -7.866951e-01  0.000000e+00
   outer loop
     vertex -3.356925e+01  4.746728e+00  2.270000e+01
     vertex -3.343759e+01  4.850049e+00  0.000000e+00
     vertex -3.343759e+01  4.850049e+00  2.270000e+01
   endloop
 endfacet
 facet normal  6.386916e-01 -7.694628e-01  0.000000e+00
   outer loop
     vertex -3.369803e+01  4.639835e+00  2.270000e+01
     vertex -3.369803e+01  4.639835e+00  0.000000e+00
     vertex -3.356925e+01  4.746728e+00  0.000000e+00
   endloop
 endfacet
 facet normal  6.386916e-01 -7.694628e-01  0.000000e+00
   outer loop
     vertex -3.369803e+01  4.639835e+00  2.270000e+01
     vertex -3.356925e+01  4.746728e+00  0.000000e+00
     vertex -3.356925e+01  4.746728e+00  2.270000e+01
   endloop
 endfacet
 facet normal  6.595607e-01 -7.516513e-01  0.000000e+00
   outer loop
     vertex -3.382383e+01  4.529448e+00  2.270000e+01
     vertex -3.382383e+01  4.529448e+00  0.000000e+00
     vertex -3.369803e+01  4.639835e+00  0.000000e+00
   endloop
 endfacet
 facet normal  6.595607e-01 -7.516513e-01  0.000000e+00
   outer loop
     vertex -3.382383e+01  4.529448e+00  2.270000e+01
     vertex -3.369803e+01  4.639835e+00  0.000000e+00
     vertex -3.369803e+01  4.639835e+00  2.270000e+01
   endloop
 endfacet
 facet normal  6.799333e-01 -7.332740e-01  0.000000e+00
   outer loop
     vertex -3.394656e+01  4.415653e+00  2.270000e+01
     vertex -3.394656e+01  4.415653e+00  0.000000e+00
     vertex -3.382383e+01  4.529448e+00  0.000000e+00
   endloop
 endfacet
 facet normal  6.799333e-01 -7.332740e-01  0.000000e+00
   outer loop
     vertex -3.394656e+01  4.415653e+00  2.270000e+01
     vertex -3.382383e+01  4.529448e+00  0.000000e+00
     vertex -3.382383e+01  4.529448e+00  2.270000e+01
   endloop
 endfacet
 facet normal  6.997940e-01 -7.143447e-01  0.000000e+00
   outer loop
     vertex -3.406611e+01  4.298533e+00  2.270000e+01
     vertex -3.406611e+01  4.298533e+00  0.000000e+00
     vertex -3.394656e+01  4.415653e+00  0.000000e+00
   endloop
 endfacet
 facet normal  6.997940e-01 -7.143447e-01  0.000000e+00
   outer loop
     vertex -3.406611e+01  4.298533e+00  2.270000e+01
     vertex -3.394656e+01  4.415653e+00  0.000000e+00
     vertex -3.394656e+01  4.415653e+00  2.270000e+01
   endloop
 endfacet
 facet normal  7.191280e-01 -6.948776e-01  0.000000e+00
   outer loop
     vertex -3.418241e+01  4.178177e+00  2.270000e+01
     vertex -3.406611e+01  4.298533e+00  0.000000e+00
     vertex -3.406611e+01  4.298533e+00  2.270000e+01
   endloop
 endfacet
 facet normal  7.191280e-01 -6.948776e-01  0.000000e+00
   outer loop
     vertex -3.418241e+01  4.178177e+00  2.270000e+01
     vertex -3.418241e+01  4.178177e+00  0.000000e+00
     vertex -3.406611e+01  4.298533e+00  0.000000e+00
   endloop
 endfacet
 facet normal  7.379206e-01 -6.748875e-01  0.000000e+00
   outer loop
     vertex -3.429536e+01  4.054676e+00  2.270000e+01
     vertex -3.418241e+01  4.178177e+00  0.000000e+00
     vertex -3.418241e+01  4.178177e+00  2.270000e+01
   endloop
 endfacet
 facet normal  7.379206e-01 -6.748875e-01  0.000000e+00
   outer loop
     vertex -3.429536e+01  4.054676e+00  2.270000e+01
     vertex -3.429536e+01  4.054676e+00  0.000000e+00
     vertex -3.418241e+01  4.178177e+00  0.000000e+00
   endloop
 endfacet
 facet normal  7.561578e-01 -6.543893e-01  0.000000e+00
   outer loop
     vertex -3.440488e+01  3.928123e+00  2.270000e+01
     vertex -3.429536e+01  4.054676e+00  0.000000e+00
     vertex -3.429536e+01  4.054676e+00  2.270000e+01
   endloop
 endfacet
 facet normal  7.561578e-01 -6.543893e-01  0.000000e+00
   outer loop
     vertex -3.440488e+01  3.928123e+00  2.270000e+01
     vertex -3.440488e+01  3.928123e+00  0.000000e+00
     vertex -3.429536e+01  4.054676e+00  0.000000e+00
   endloop
 endfacet
 facet normal  7.738257e-01 -6.333986e-01  0.000000e+00
   outer loop
     vertex -3.451089e+01  3.798613e+00  2.270000e+01
     vertex -3.451089e+01  3.798613e+00  0.000000e+00
     vertex -3.440488e+01  3.928123e+00  0.000000e+00
   endloop
 endfacet
 facet normal  7.738257e-01 -6.333986e-01  0.000000e+00
   outer loop
     vertex -3.451089e+01  3.798613e+00  2.270000e+01
     vertex -3.440488e+01  3.928123e+00  0.000000e+00
     vertex -3.440488e+01  3.928123e+00  2.270000e+01
   endloop
 endfacet
 facet normal  7.909112e-01 -6.119310e-01  0.000000e+00
   outer loop
     vertex -3.461330e+01  3.666243e+00  2.270000e+01
     vertex -3.461330e+01  3.666243e+00  0.000000e+00
     vertex -3.451089e+01  3.798613e+00  0.000000e+00
   endloop
 endfacet
 facet normal  7.909112e-01 -6.119310e-01  0.000000e+00
   outer loop
     vertex -3.461330e+01  3.666243e+00  2.270000e+01
     vertex -3.451089e+01  3.798613e+00  0.000000e+00
     vertex -3.451089e+01  3.798613e+00  2.270000e+01
   endloop
 endfacet
 facet normal  8.074012e-01 -5.900028e-01  0.000000e+00
   outer loop
     vertex -3.471205e+01  3.531114e+00  2.270000e+01
     vertex -3.471205e+01  3.531114e+00  0.000000e+00
     vertex -3.461330e+01  3.666243e+00  0.000000e+00
   endloop
 endfacet
 facet normal  8.074012e-01 -5.900028e-01  0.000000e+00
   outer loop
     vertex -3.471205e+01  3.531114e+00  2.270000e+01
     vertex -3.461330e+01  3.666243e+00  0.000000e+00
     vertex -3.461330e+01  3.666243e+00  2.270000e+01
   endloop
 endfacet
 facet normal  8.232835e-01 -5.676304e-01  0.000000e+00
   outer loop
     vertex -3.480705e+01  3.393326e+00  2.270000e+01
     vertex -3.480705e+01  3.393326e+00  0.000000e+00
     vertex -3.471205e+01  3.531114e+00  0.000000e+00
   endloop
 endfacet
 facet normal  8.232835e-01 -5.676304e-01  0.000000e+00
   outer loop
     vertex -3.480705e+01  3.393326e+00  2.270000e+01
     vertex -3.471205e+01  3.531114e+00  0.000000e+00
     vertex -3.471205e+01  3.531114e+00  2.270000e+01
   endloop
 endfacet
 facet normal  8.385460e-01 -5.448308e-01  0.000000e+00
   outer loop
     vertex -3.489823e+01  3.252984e+00  2.270000e+01
     vertex -3.489823e+01  3.252984e+00  0.000000e+00
     vertex -3.480705e+01  3.393326e+00  0.000000e+00
   endloop
 endfacet
 facet normal  8.385460e-01 -5.448308e-01  0.000000e+00
   outer loop
     vertex -3.489823e+01  3.252984e+00  2.270000e+01
     vertex -3.480705e+01  3.393326e+00  0.000000e+00
     vertex -3.480705e+01  3.393326e+00  2.270000e+01
   endloop
 endfacet
 facet normal  8.531773e-01 -5.216210e-01  0.000000e+00
   outer loop
     vertex -3.498553e+01  3.110193e+00  2.270000e+01
     vertex -3.498553e+01  3.110193e+00  0.000000e+00
     vertex -3.489823e+01  3.252984e+00  0.000000e+00
   endloop
 endfacet
 facet normal  8.531773e-01 -5.216210e-01  0.000000e+00
   outer loop
     vertex -3.498553e+01  3.110193e+00  2.270000e+01
     vertex -3.489823e+01  3.252984e+00  0.000000e+00
     vertex -3.489823e+01  3.252984e+00  2.270000e+01
   endloop
 endfacet
 facet normal  8.671664e-01 -4.980186e-01  0.000000e+00
   outer loop
     vertex -3.506888e+01  2.965061e+00  2.270000e+01
     vertex -3.506888e+01  2.965061e+00  0.000000e+00
     vertex -3.498553e+01  3.110193e+00  0.000000e+00
   endloop
 endfacet
 facet normal  8.671664e-01 -4.980186e-01  0.000000e+00
   outer loop
     vertex -3.506888e+01  2.965061e+00  2.270000e+01
     vertex -3.498553e+01  3.110193e+00  0.000000e+00
     vertex -3.498553e+01  3.110193e+00  2.270000e+01
   endloop
 endfacet
 facet normal  8.805026e-01 -4.740412e-01  0.000000e+00
   outer loop
     vertex -3.514822e+01  2.817697e+00  2.270000e+01
     vertex -3.514822e+01  2.817697e+00  0.000000e+00
     vertex -3.506888e+01  2.965061e+00  0.000000e+00
   endloop
 endfacet
 facet normal  8.805026e-01 -4.740412e-01  0.000000e+00
   outer loop
     vertex -3.514822e+01  2.817697e+00  2.270000e+01
     vertex -3.506888e+01  2.965061e+00  0.000000e+00
     vertex -3.506888e+01  2.965061e+00  2.270000e+01
   endloop
 endfacet
 facet normal  8.931761e-01 -4.497071e-01  0.000000e+00
   outer loop
     vertex -3.522349e+01  2.668212e+00  2.270000e+01
     vertex -3.522349e+01  2.668212e+00  0.000000e+00
     vertex -3.514822e+01  2.817697e+00  0.000000e+00
   endloop
 endfacet
 facet normal  8.931761e-01 -4.497071e-01  0.000000e+00
   outer loop
     vertex -3.522349e+01  2.668212e+00  2.270000e+01
     vertex -3.514822e+01  2.817697e+00  0.000000e+00
     vertex -3.514822e+01  2.817697e+00  2.270000e+01
   endloop
 endfacet
 facet normal  9.051772e-01 -4.250344e-01  0.000000e+00
   outer loop
     vertex -3.529462e+01  2.516719e+00  2.270000e+01
     vertex -3.529462e+01  2.516719e+00  0.000000e+00
     vertex -3.522349e+01  2.668212e+00  0.000000e+00
   endloop
 endfacet
 facet normal  9.051772e-01 -4.250344e-01  0.000000e+00
   outer loop
     vertex -3.529462e+01  2.516719e+00  2.270000e+01
     vertex -3.522349e+01  2.668212e+00  0.000000e+00
     vertex -3.522349e+01  2.668212e+00  2.270000e+01
   endloop
 endfacet
 facet normal  9.164969e-01 -4.000417e-01  0.000000e+00
   outer loop
     vertex -3.536157e+01  2.363331e+00  2.270000e+01
     vertex -3.536157e+01  2.363331e+00  0.000000e+00
     vertex -3.529462e+01  2.516719e+00  0.000000e+00
   endloop
 endfacet
 facet normal  9.164969e-01 -4.000417e-01  0.000000e+00
   outer loop
     vertex -3.536157e+01  2.363331e+00  2.270000e+01
     vertex -3.529462e+01  2.516719e+00  0.000000e+00
     vertex -3.529462e+01  2.516719e+00  2.270000e+01
   endloop
 endfacet
 facet normal  9.271267e-01 -3.747479e-01  0.000000e+00
   outer loop
     vertex -3.542429e+01  2.208164e+00  2.270000e+01
     vertex -3.542429e+01  2.208164e+00  0.000000e+00
     vertex -3.536157e+01  2.363331e+00  0.000000e+00
   endloop
 endfacet
 facet normal  9.271267e-01 -3.747479e-01  0.000000e+00
   outer loop
     vertex -3.542429e+01  2.208164e+00  2.270000e+01
     vertex -3.536157e+01  2.363331e+00  0.000000e+00
     vertex -3.536157e+01  2.363331e+00  2.270000e+01
   endloop
 endfacet
 facet normal  9.370586e-01 -3.491720e-01  0.000000e+00
   outer loop
     vertex -3.548273e+01  2.051334e+00  2.270000e+01
     vertex -3.548273e+01  2.051334e+00  0.000000e+00
     vertex -3.542429e+01  2.208164e+00  0.000000e+00
   endloop
 endfacet
 facet normal  9.370586e-01 -3.491720e-01  0.000000e+00
   outer loop
     vertex -3.548273e+01  2.051334e+00  2.270000e+01
     vertex -3.542429e+01  2.208164e+00  0.000000e+00
     vertex -3.542429e+01  2.208164e+00  2.270000e+01
   endloop
 endfacet
 facet normal  9.462851e-01 -3.233333e-01  0.000000e+00
   outer loop
     vertex -3.553684e+01  1.892961e+00  2.270000e+01
     vertex -3.553684e+01  1.892961e+00  0.000000e+00
     vertex -3.548273e+01  2.051334e+00  0.000000e+00
   endloop
 endfacet
 facet normal  9.462851e-01 -3.233333e-01  0.000000e+00
   outer loop
     vertex -3.553684e+01  1.892961e+00  2.270000e+01
     vertex -3.548273e+01  2.051334e+00  0.000000e+00
     vertex -3.548273e+01  2.051334e+00  2.270000e+01
   endloop
 endfacet
 facet normal  9.547993e-01 -2.972512e-01  0.000000e+00
   outer loop
     vertex -3.558659e+01  1.733162e+00  2.270000e+01
     vertex -3.558659e+01  1.733162e+00  0.000000e+00
     vertex -3.553684e+01  1.892961e+00  0.000000e+00
   endloop
 endfacet
 facet normal  9.547993e-01 -2.972512e-01  0.000000e+00
   outer loop
     vertex -3.558659e+01  1.733162e+00  2.270000e+01
     vertex -3.553684e+01  1.892961e+00  0.000000e+00
     vertex -3.553684e+01  1.892961e+00  2.270000e+01
   endloop
 endfacet
 facet normal  9.625948e-01 -2.709453e-01  0.000000e+00
   outer loop
     vertex -3.563194e+01  1.572059e+00  2.270000e+01
     vertex -3.563194e+01  1.572059e+00  0.000000e+00
     vertex -3.558659e+01  1.733162e+00  0.000000e+00
   endloop
 endfacet
 facet normal  9.625948e-01 -2.709453e-01  0.000000e+00
   outer loop
     vertex -3.563194e+01  1.572059e+00  2.270000e+01
     vertex -3.558659e+01  1.733162e+00  0.000000e+00
     vertex -3.558659e+01  1.733162e+00  2.270000e+01
   endloop
 endfacet
 facet normal  9.696656e-01 -2.444354e-01  0.000000e+00
   outer loop
     vertex -3.567285e+01  1.409773e+00  2.270000e+01
     vertex -3.567285e+01  1.409773e+00  0.000000e+00
     vertex -3.563194e+01  1.572059e+00  0.000000e+00
   endloop
 endfacet
 facet normal  9.696656e-01 -2.444354e-01  0.000000e+00
   outer loop
     vertex -3.567285e+01  1.409773e+00  2.270000e+01
     vertex -3.563194e+01  1.572059e+00  0.000000e+00
     vertex -3.563194e+01  1.572059e+00  2.270000e+01
   endloop
 endfacet
 facet normal  9.760065e-01 -2.177416e-01  0.000000e+00
   outer loop
     vertex -3.570929e+01  1.246425e+00  2.270000e+01
     vertex -3.570929e+01  1.246425e+00  0.000000e+00
     vertex -3.567285e+01  1.409773e+00  0.000000e+00
   endloop
 endfacet
 facet normal  9.760065e-01 -2.177416e-01  0.000000e+00
   outer loop
     vertex -3.570929e+01  1.246425e+00  2.270000e+01
     vertex -3.567285e+01  1.409773e+00  0.000000e+00
     vertex -3.567285e+01  1.409773e+00  2.270000e+01
   endloop
 endfacet
 facet normal  9.816126e-01 -1.908838e-01  0.000000e+00
   outer loop
     vertex -3.574124e+01  1.082139e+00  2.270000e+01
     vertex -3.574124e+01  1.082139e+00  0.000000e+00
     vertex -3.570929e+01  1.246425e+00  0.000000e+00
   endloop
 endfacet
 facet normal  9.816126e-01 -1.908838e-01  0.000000e+00
   outer loop
     vertex -3.574124e+01  1.082139e+00  2.270000e+01
     vertex -3.570929e+01  1.246425e+00  0.000000e+00
     vertex -3.570929e+01  1.246425e+00  2.270000e+01
   endloop
 endfacet
 facet normal  9.864799e-01 -1.638824e-01  0.000000e+00
   outer loop
     vertex -3.576867e+01  9.170380e-01  2.270000e+01
     vertex -3.576867e+01  9.170380e-01  0.000000e+00
     vertex -3.574124e+01  1.082139e+00  0.000000e+00
   endloop
 endfacet
 facet normal  9.864799e-01 -1.638824e-01  0.000000e+00
   outer loop
     vertex -3.576867e+01  9.170380e-01  2.270000e+01
     vertex -3.574124e+01  1.082139e+00  0.000000e+00
     vertex -3.574124e+01  1.082139e+00  2.270000e+01
   endloop
 endfacet
 facet normal  9.906046e-01 -1.367575e-01  0.000000e+00
   outer loop
     vertex -3.579155e+01  7.512470e-01  2.270000e+01
     vertex -3.579155e+01  7.512470e-01  0.000000e+00
     vertex -3.576867e+01  9.170380e-01  0.000000e+00
   endloop
 endfacet
 facet normal  9.906046e-01 -1.367575e-01  0.000000e+00
   outer loop
     vertex -3.579155e+01  7.512470e-01  2.270000e+01
     vertex -3.576867e+01  9.170380e-01  0.000000e+00
     vertex -3.576867e+01  9.170380e-01  2.270000e+01
   endloop
 endfacet
 facet normal  9.939835e-01 -1.095298e-01  0.000000e+00
   outer loop
     vertex -3.580989e+01  5.848905e-01  2.270000e+01
     vertex -3.579155e+01  7.512470e-01  0.000000e+00
     vertex -3.579155e+01  7.512470e-01  2.270000e+01
   endloop
 endfacet
 facet normal  9.939835e-01 -1.095298e-01  0.000000e+00
   outer loop
     vertex -3.580989e+01  5.848905e-01  2.270000e+01
     vertex -3.580989e+01  5.848905e-01  0.000000e+00
     vertex -3.579155e+01  7.512470e-01  0.000000e+00
   endloop
 endfacet
 facet normal  9.966142e-01 -8.221955e-02  0.000000e+00
   outer loop
     vertex -3.582365e+01  4.180937e-01  2.270000e+01
     vertex -3.580989e+01  5.848905e-01  0.000000e+00
     vertex -3.580989e+01  5.848905e-01  2.270000e+01
   endloop
 endfacet
 facet normal  9.966142e-01 -8.221955e-02  0.000000e+00
   outer loop
     vertex -3.582365e+01  4.180937e-01  2.270000e+01
     vertex -3.582365e+01  4.180937e-01  0.000000e+00
     vertex -3.580989e+01  5.848905e-01  0.000000e+00
   endloop
 endfacet
 facet normal  9.984947e-01 -5.484744e-02  0.000000e+00
   outer loop
     vertex -3.583283e+01  2.509822e-01  2.270000e+01
     vertex -3.582365e+01  4.180937e-01  0.000000e+00
     vertex -3.582365e+01  4.180937e-01  2.270000e+01
   endloop
 endfacet
 facet normal  9.984947e-01 -5.484744e-02  0.000000e+00
   outer loop
     vertex -3.583283e+01  2.509822e-01  2.270000e+01
     vertex -3.583283e+01  2.509822e-01  0.000000e+00
     vertex -3.582365e+01  4.180937e-01  0.000000e+00
   endloop
 endfacet
 facet normal  9.996236e-01 -2.743405e-02  0.000000e+00
   outer loop
     vertex -3.583742e+01  8.368172e-02  2.270000e+01
     vertex -3.583283e+01  2.509822e-01  0.000000e+00
     vertex -3.583283e+01  2.509822e-01  2.270000e+01
   endloop
 endfacet
 facet normal  9.996236e-01 -2.743405e-02  0.000000e+00
   outer loop
     vertex -3.583742e+01  8.368172e-02  2.270000e+01
     vertex -3.583742e+01  8.368172e-02  0.000000e+00
     vertex -3.583283e+01  2.509822e-01  0.000000e+00
   endloop
 endfacet
 facet normal  1.000000e+00 -0.000000e+00  0.000000e+00
   outer loop
     vertex -3.583742e+01 -8.368172e-02  2.270000e+01
     vertex -3.583742e+01  8.368172e-02  0.000000e+00
     vertex -3.583742e+01  8.368172e-02  2.270000e+01
   endloop
 endfacet
 facet normal  1.000000e+00  0.000000e+00  0.000000e+00
   outer loop
     vertex -3.583742e+01 -8.368172e-02  2.270000e+01
     vertex -3.583742e+01 -8.368172e-02  0.000000e+00
     vertex -3.583742e+01  8.368172e-02  0.000000e+00
   endloop
 endfacet
 facet normal  9.996236e-01  2.743405e-02  0.000000e+00
   outer loop
     vertex -3.583283e+01 -2.509822e-01  2.270000e+01
     vertex -3.583742e+01 -8.368172e-02  0.000000e+00
     vertex -3.583742e+01 -8.368172e-02  2.270000e+01
   endloop
 endfacet
 facet normal  9.996236e-01  2.743405e-02  0.000000e+00
   outer loop
     vertex -3.583283e+01 -2.509822e-01  2.270000e+01
     vertex -3.583283e+01 -2.509822e-01  0.000000e+00
     vertex -3.583742e+01 -8.368172e-02  0.000000e+00
   endloop
 endfacet
 facet normal  9.984947e-01  5.484744e-02  0.000000e+00
   outer loop
     vertex -3.582365e+01 -4.180937e-01  2.270000e+01
     vertex -3.583283e+01 -2.509822e-01  0.000000e+00
     vertex -3.583283e+01 -2.509822e-01  2.270000e+01
   endloop
 endfacet
 facet normal  9.984947e-01  5.484744e-02  0.000000e+00
   outer loop
     vertex -3.582365e+01 -4.180937e-01  2.270000e+01
     vertex -3.582365e+01 -4.180937e-01  0.000000e+00
     vertex -3.583283e+01 -2.509822e-01  0.000000e+00
   endloop
 endfacet
 facet normal  9.966142e-01  8.221955e-02  0.000000e+00
   outer loop
     vertex -3.580989e+01 -5.848905e-01  2.270000e+01
     vertex -3.582365e+01 -4.180937e-01  0.000000e+00
     vertex -3.582365e+01 -4.180937e-01  2.270000e+01
   endloop
 endfacet
 facet normal  9.966142e-01  8.221955e-02  0.000000e+00
   outer loop
     vertex -3.580989e+01 -5.848905e-01  2.270000e+01
     vertex -3.580989e+01 -5.848905e-01  0.000000e+00
     vertex -3.582365e+01 -4.180937e-01  0.000000e+00
   endloop
 endfacet
 facet normal  9.939835e-01  1.095298e-01  0.000000e+00
   outer loop
     vertex -3.579155e+01 -7.512470e-01  2.270000e+01
     vertex -3.580989e+01 -5.848905e-01  0.000000e+00
     vertex -3.580989e+01 -5.848905e-01  2.270000e+01
   endloop
 endfacet
 facet normal  9.939835e-01  1.095298e-01  0.000000e+00
   outer loop
     vertex -3.579155e+01 -7.512470e-01  2.270000e+01
     vertex -3.579155e+01 -7.512470e-01  0.000000e+00
     vertex -3.580989e+01 -5.848905e-01  0.000000e+00
   endloop
 endfacet
 facet normal  9.906046e-01  1.367575e-01  0.000000e+00
   outer loop
     vertex -3.576867e+01 -9.170380e-01  2.270000e+01
     vertex -3.579155e+01 -7.512470e-01  0.000000e+00
     vertex -3.579155e+01 -7.512470e-01  2.270000e+01
   endloop
 endfacet
 facet normal  9.906046e-01  1.367575e-01  0.000000e+00
   outer loop
     vertex -3.576867e+01 -9.170380e-01  2.270000e+01
     vertex -3.576867e+01 -9.170380e-01  0.000000e+00
     vertex -3.579155e+01 -7.512470e-01  0.000000e+00
   endloop
 endfacet
 facet normal  9.864799e-01  1.638824e-01  0.000000e+00
   outer loop
     vertex -3.574124e+01 -1.082139e+00  2.270000e+01
     vertex -3.576867e+01 -9.170380e-01  0.000000e+00
     vertex -3.576867e+01 -9.170380e-01  2.270000e+01
   endloop
 endfacet
 facet normal  9.864799e-01  1.638824e-01  0.000000e+00
   outer loop
     vertex -3.574124e+01 -1.082139e+00  2.270000e+01
     vertex -3.574124e+01 -1.082139e+00  0.000000e+00
     vertex -3.576867e+01 -9.170380e-01  0.000000e+00
   endloop
 endfacet
 facet normal  9.816126e-01  1.908838e-01  0.000000e+00
   outer loop
     vertex -3.570929e+01 -1.246425e+00  2.270000e+01
     vertex -3.574124e+01 -1.082139e+00  0.000000e+00
     vertex -3.574124e+01 -1.082139e+00  2.270000e+01
   endloop
 endfacet
 facet normal  9.816126e-01  1.908838e-01  0.000000e+00
   outer loop
     vertex -3.570929e+01 -1.246425e+00  2.270000e+01
     vertex -3.570929e+01 -1.246425e+00  0.000000e+00
     vertex -3.574124e+01 -1.082139e+00  0.000000e+00
   endloop
 endfacet
 facet normal  9.760065e-01  2.177416e-01  0.000000e+00
   outer loop
     vertex -3.567285e+01 -1.409773e+00  2.270000e+01
     vertex -3.567285e+01 -1.409773e+00  0.000000e+00
     vertex -3.570929e+01 -1.246425e+00  0.000000e+00
   endloop
 endfacet
 facet normal  9.760065e-01  2.177416e-01  0.000000e+00
   outer loop
     vertex -3.567285e+01 -1.409773e+00  2.270000e+01
     vertex -3.570929e+01 -1.246425e+00  0.000000e+00
     vertex -3.570929e+01 -1.246425e+00  2.270000e+01
   endloop
 endfacet
 facet normal  9.696656e-01  2.444354e-01  0.000000e+00
   outer loop
     vertex -3.563194e+01 -1.572059e+00  2.270000e+01
     vertex -3.563194e+01 -1.572059e+00  0.000000e+00
     vertex -3.567285e+01 -1.409773e+00  0.000000e+00
   endloop
 endfacet
 facet normal  9.696656e-01  2.444354e-01  0.000000e+00
   outer loop
     vertex -3.563194e+01 -1.572059e+00  2.270000e+01
     vertex -3.567285e+01 -1.409773e+00  0.000000e+00
     vertex -3.567285e+01 -1.409773e+00  2.270000e+01
   endloop
 endfacet
 facet normal  9.625948e-01  2.709453e-01  0.000000e+00
   outer loop
     vertex -3.558659e+01 -1.733162e+00  2.270000e+01
     vertex -3.563194e+01 -1.572059e+00  0.000000e+00
     vertex -3.563194e+01 -1.572059e+00  2.270000e+01
   endloop
 endfacet
 facet normal  9.625948e-01  2.709453e-01  0.000000e+00
   outer loop
     vertex -3.558659e+01 -1.733162e+00  2.270000e+01
     vertex -3.558659e+01 -1.733162e+00  0.000000e+00
     vertex -3.563194e+01 -1.572059e+00  0.000000e+00
   endloop
 endfacet
 facet normal  9.547993e-01  2.972512e-01  0.000000e+00
   outer loop
     vertex -3.553684e+01 -1.892961e+00  2.270000e+01
     vertex -3.553684e+01 -1.892961e+00  0.000000e+00
     vertex -3.558659e+01 -1.733162e+00  0.000000e+00
   endloop
 endfacet
 facet normal  9.547993e-01  2.972512e-01  0.000000e+00
   outer loop
     vertex -3.553684e+01 -1.892961e+00  2.270000e+01
     vertex -3.558659e+01 -1.733162e+00  0.000000e+00
     vertex -3.558659e+01 -1.733162e+00  2.270000e+01
   endloop
 endfacet
 facet normal  9.462851e-01  3.233333e-01  0.000000e+00
   outer loop
     vertex -3.548273e+01 -2.051334e+00  2.270000e+01
     vertex -3.548273e+01 -2.051334e+00  0.000000e+00
     vertex -3.553684e+01 -1.892961e+00  0.000000e+00
   endloop
 endfacet
 facet normal  9.462851e-01  3.233333e-01  0.000000e+00
   outer loop
     vertex -3.548273e+01 -2.051334e+00  2.270000e+01
     vertex -3.553684e+01 -1.892961e+00  0.000000e+00
     vertex -3.553684e+01 -1.892961e+00  2.270000e+01
   endloop
 endfacet
 facet normal  9.370586e-01  3.491720e-01  0.000000e+00
   outer loop
     vertex -3.542429e+01 -2.208164e+00  2.270000e+01
     vertex -3.542429e+01 -2.208164e+00  0.000000e+00
     vertex -3.548273e+01 -2.051334e+00  0.000000e+00
   endloop
 endfacet
 facet normal  9.370586e-01  3.491720e-01  0.000000e+00
   outer loop
     vertex -3.542429e+01 -2.208164e+00  2.270000e+01
     vertex -3.548273e+01 -2.051334e+00  0.000000e+00
     vertex -3.548273e+01 -2.051334e+00  2.270000e+01
   endloop
 endfacet
 facet normal  9.271267e-01  3.747479e-01  0.000000e+00
   outer loop
     vertex -3.536157e+01 -2.363331e+00  2.270000e+01
     vertex -3.536157e+01 -2.363331e+00  0.000000e+00
     vertex -3.542429e+01 -2.208164e+00  0.000000e+00
   endloop
 endfacet
 facet normal  9.271267e-01  3.747479e-01  0.000000e+00
   outer loop
     vertex -3.536157e+01 -2.363331e+00  2.270000e+01
     vertex -3.542429e+01 -2.208164e+00  0.000000e+00
     vertex -3.542429e+01 -2.208164e+00  2.270000e+01
   endloop
 endfacet
 facet normal  9.164969e-01  4.000417e-01  0.000000e+00
   outer loop
     vertex -3.529462e+01 -2.516719e+00  2.270000e+01
     vertex -3.529462e+01 -2.516719e+00  0.000000e+00
     vertex -3.536157e+01 -2.363331e+00  0.000000e+00
   endloop
 endfacet
 facet normal  9.164969e-01  4.000417e-01  0.000000e+00
   outer loop
     vertex -3.529462e+01 -2.516719e+00  2.270000e+01
     vertex -3.536157e+01 -2.363331e+00  0.000000e+00
     vertex -3.536157e+01 -2.363331e+00  2.270000e+01
   endloop
 endfacet
 facet normal  9.051772e-01  4.250344e-01  0.000000e+00
   outer loop
     vertex -3.522349e+01 -2.668212e+00  2.270000e+01
     vertex -3.522349e+01 -2.668212e+00  0.000000e+00
     vertex -3.529462e+01 -2.516719e+00  0.000000e+00
   endloop
 endfacet
 facet normal  9.051772e-01  4.250344e-01  0.000000e+00
   outer loop
     vertex -3.522349e+01 -2.668212e+00  2.270000e+01
     vertex -3.529462e+01 -2.516719e+00  0.000000e+00
     vertex -3.529462e+01 -2.516719e+00  2.270000e+01
   endloop
 endfacet
 facet normal  8.931761e-01  4.497071e-01  0.000000e+00
   outer loop
     vertex -3.514822e+01 -2.817697e+00  2.270000e+01
     vertex -3.514822e+01 -2.817697e+00  0.000000e+00
     vertex -3.522349e+01 -2.668212e+00  0.000000e+00
   endloop
 endfacet
 facet normal  8.931761e-01  4.497071e-01  0.000000e+00
   outer loop
     vertex -3.514822e+01 -2.817697e+00  2.270000e+01
     vertex -3.522349e+01 -2.668212e+00  0.000000e+00
     vertex -3.522349e+01 -2.668212e+00  2.270000e+01
   endloop
 endfacet
 facet normal  8.805026e-01  4.740412e-01  0.000000e+00
   outer loop
     vertex -3.506888e+01 -2.965061e+00  2.270000e+01
     vertex -3.506888e+01 -2.965061e+00  0.000000e+00
     vertex -3.514822e+01 -2.817697e+00  0.000000e+00
   endloop
 endfacet
 facet normal  8.805026e-01  4.740412e-01  0.000000e+00
   outer loop
     vertex -3.506888e+01 -2.965061e+00  2.270000e+01
     vertex -3.514822e+01 -2.817697e+00  0.000000e+00
     vertex -3.514822e+01 -2.817697e+00  2.270000e+01
   endloop
 endfacet
 facet normal  8.671664e-01  4.980186e-01  0.000000e+00
   outer loop
     vertex -3.498553e+01 -3.110193e+00  2.270000e+01
     vertex -3.498553e+01 -3.110193e+00  0.000000e+00
     vertex -3.506888e+01 -2.965061e+00  0.000000e+00
   endloop
 endfacet
 facet normal  8.671664e-01  4.980186e-01  0.000000e+00
   outer loop
     vertex -3.498553e+01 -3.110193e+00  2.270000e+01
     vertex -3.506888e+01 -2.965061e+00  0.000000e+00
     vertex -3.506888e+01 -2.965061e+00  2.270000e+01
   endloop
 endfacet
 facet normal  8.531773e-01  5.216210e-01  0.000000e+00
   outer loop
     vertex -3.489823e+01 -3.252984e+00  2.270000e+01
     vertex -3.489823e+01 -3.252984e+00  0.000000e+00
     vertex -3.498553e+01 -3.110193e+00  0.000000e+00
   endloop
 endfacet
 facet normal  8.531773e-01  5.216210e-01  0.000000e+00
   outer loop
     vertex -3.489823e+01 -3.252984e+00  2.270000e+01
     vertex -3.498553e+01 -3.110193e+00  0.000000e+00
     vertex -3.498553e+01 -3.110193e+00  2.270000e+01
   endloop
 endfacet
 facet normal  8.385460e-01  5.448308e-01  0.000000e+00
   outer loop
     vertex -3.480705e+01 -3.393326e+00  2.270000e+01
     vertex -3.480705e+01 -3.393326e+00  0.000000e+00
     vertex -3.489823e+01 -3.252984e+00  0.000000e+00
   endloop
 endfacet
 facet normal  8.385460e-01  5.448308e-01  0.000000e+00
   outer loop
     vertex -3.480705e+01 -3.393326e+00  2.270000e+01
     vertex -3.489823e+01 -3.252984e+00  0.000000e+00
     vertex -3.489823e+01 -3.252984e+00  2.270000e+01
   endloop
 endfacet
 facet normal  8.232835e-01  5.676304e-01  0.000000e+00
   outer loop
     vertex -3.471205e+01 -3.531114e+00  2.270000e+01
     vertex -3.480705e+01 -3.393326e+00  0.000000e+00
     vertex -3.480705e+01 -3.393326e+00  2.270000e+01
   endloop
 endfacet
 facet normal  8.232835e-01  5.676304e-01  0.000000e+00
   outer loop
     vertex -3.471205e+01 -3.531114e+00  2.270000e+01
     vertex -3.471205e+01 -3.531114e+00  0.000000e+00
     vertex -3.480705e+01 -3.393326e+00  0.000000e+00
   endloop
 endfacet
 facet normal  8.074012e-01  5.900028e-01  0.000000e+00
   outer loop
     vertex -3.461330e+01 -3.666243e+00  2.270000e+01
     vertex -3.471205e+01 -3.531114e+00  0.000000e+00
     vertex -3.471205e+01 -3.531114e+00  2.270000e+01
   endloop
 endfacet
 facet normal  8.074012e-01  5.900028e-01  0.000000e+00
   outer loop
     vertex -3.461330e+01 -3.666243e+00  2.270000e+01
     vertex -3.461330e+01 -3.666243e+00  0.000000e+00
     vertex -3.471205e+01 -3.531114e+00  0.000000e+00
   endloop
 endfacet
 facet normal  7.909112e-01  6.119310e-01  0.000000e+00
   outer loop
     vertex -3.451089e+01 -3.798613e+00  2.270000e+01
     vertex -3.461330e+01 -3.666243e+00  0.000000e+00
     vertex -3.461330e+01 -3.666243e+00  2.270000e+01
   endloop
 endfacet
 facet normal  7.909112e-01  6.119310e-01  0.000000e+00
   outer loop
     vertex -3.451089e+01 -3.798613e+00  2.270000e+01
     vertex -3.451089e+01 -3.798613e+00  0.000000e+00
     vertex -3.461330e+01 -3.666243e+00  0.000000e+00
   endloop
 endfacet
 facet normal  7.738257e-01  6.333986e-01  0.000000e+00
   outer loop
     vertex -3.440488e+01 -3.928123e+00  2.270000e+01
     vertex -3.451089e+01 -3.798613e+00  0.000000e+00
     vertex -3.451089e+01 -3.798613e+00  2.270000e+01
   endloop
 endfacet
 facet normal  7.738257e-01  6.333986e-01  0.000000e+00
   outer loop
     vertex -3.440488e+01 -3.928123e+00  2.270000e+01
     vertex -3.440488e+01 -3.928123e+00  0.000000e+00
     vertex -3.451089e+01 -3.798613e+00  0.000000e+00
   endloop
 endfacet
 facet normal  7.561578e-01  6.543893e-01  0.000000e+00
   outer loop
     vertex -3.429536e+01 -4.054676e+00  2.270000e+01
     vertex -3.440488e+01 -3.928123e+00  0.000000e+00
     vertex -3.440488e+01 -3.928123e+00  2.270000e+01
   endloop
 endfacet
 facet normal  7.561578e-01  6.543893e-01  0.000000e+00
   outer loop
     vertex -3.429536e+01 -4.054676e+00  2.270000e+01
     vertex -3.429536e+01 -4.054676e+00  0.000000e+00
     vertex -3.440488e+01 -3.928123e+00  0.000000e+00
   endloop
 endfacet
 facet normal  7.379206e-01  6.748875e-01  0.000000e+00
   outer loop
     vertex -3.418241e+01 -4.178177e+00  2.270000e+01
     vertex -3.429536e+01 -4.054676e+00  0.000000e+00
     vertex -3.429536e+01 -4.054676e+00  2.270000e+01
   endloop
 endfacet
 facet normal  7.379206e-01  6.748875e-01  0.000000e+00
   outer loop
     vertex -3.418241e+01 -4.178177e+00  2.270000e+01
     vertex -3.418241e+01 -4.178177e+00  0.000000e+00
     vertex -3.429536e+01 -4.054676e+00  0.000000e+00
   endloop
 endfacet
 facet normal  7.191280e-01  6.948776e-01  0.000000e+00
   outer loop
     vertex -3.406611e+01 -4.298533e+00  2.270000e+01
     vertex -3.418241e+01 -4.178177e+00  0.000000e+00
     vertex -3.418241e+01 -4.178177e+00  2.270000e+01
   endloop
 endfacet
 facet normal  7.191280e-01  6.948776e-01  0.000000e+00
   outer loop
     vertex -3.406611e+01 -4.298533e+00  2.270000e+01
     vertex -3.406611e+01 -4.298533e+00  0.000000e+00
     vertex -3.418241e+01 -4.178177e+00  0.000000e+00
   endloop
 endfacet
 facet normal  6.997940e-01  7.143447e-01  0.000000e+00
   outer loop
     vertex -3.394656e+01 -4.415653e+00  2.270000e+01
     vertex -3.406611e+01 -4.298533e+00  0.000000e+00
     vertex -3.406611e+01 -4.298533e+00  2.270000e+01
   endloop
 endfacet
 facet normal  6.997940e-01  7.143447e-01  0.000000e+00
   outer loop
     vertex -3.394656e+01 -4.415653e+00  2.270000e+01
     vertex -3.394656e+01 -4.415653e+00  0.000000e+00
     vertex -3.406611e+01 -4.298533e+00  0.000000e+00
   endloop
 endfacet
 facet normal  6.799333e-01  7.332740e-01  0.000000e+00
   outer loop
     vertex -3.382383e+01 -4.529448e+00  2.270000e+01
     vertex -3.394656e+01 -4.415653e+00  0.000000e+00
     vertex -3.394656e+01 -4.415653e+00  2.270000e+01
   endloop
 endfacet
 facet normal  6.799333e-01  7.332740e-01  0.000000e+00
   outer loop
     vertex -3.382383e+01 -4.529448e+00  2.270000e+01
     vertex -3.382383e+01 -4.529448e+00  0.000000e+00
     vertex -3.394656e+01 -4.415653e+00  0.000000e+00
   endloop
 endfacet
 facet normal  6.595607e-01  7.516513e-01  0.000000e+00
   outer loop
     vertex -3.369803e+01 -4.639835e+00  2.270000e+01
     vertex -3.382383e+01 -4.529448e+00  0.000000e+00
     vertex -3.382383e+01 -4.529448e+00  2.270000e+01
   endloop
 endfacet
 facet normal  6.595607e-01  7.516513e-01  0.000000e+00
   outer loop
     vertex -3.369803e+01 -4.639835e+00  2.270000e+01
     vertex -3.369803e+01 -4.639835e+00  0.000000e+00
     vertex -3.382383e+01 -4.529448e+00  0.000000e+00
   endloop
 endfacet
 facet normal  6.386916e-01  7.694628e-01  0.000000e+00
   outer loop
     vertex -3.356925e+01 -4.746728e+00  2.270000e+01
     vertex -3.369803e+01 -4.639835e+00  0.000000e+00
     vertex -3.369803e+01 -4.639835e+00  2.270000e+01
   endloop
 endfacet
 facet normal  6.386916e-01  7.694628e-01  0.000000e+00
   outer loop
     vertex -3.356925e+01 -4.746728e+00  2.270000e+01
     vertex -3.356925e+01 -4.746728e+00  0.000000e+00
     vertex -3.369803e+01 -4.639835e+00  0.000000e+00
   endloop
 endfacet
 facet normal  6.173417e-01  7.866951e-01  0.000000e+00
   outer loop
     vertex -3.343759e+01 -4.850049e+00  2.270000e+01
     vertex -3.356925e+01 -4.746728e+00  0.000000e+00
     vertex -3.356925e+01 -4.746728e+00  2.270000e+01
   endloop
 endfacet
 facet normal  6.173417e-01  7.866951e-01  0.000000e+00
   outer loop
     vertex -3.343759e+01 -4.850049e+00  2.270000e+01
     vertex -3.343759e+01 -4.850049e+00  0.000000e+00
     vertex -3.356925e+01 -4.746728e+00  0.000000e+00
   endloop
 endfacet
 facet normal  5.955271e-01  8.033352e-01  0.000000e+00
   outer loop
     vertex -3.330314e+01 -4.949718e+00  2.270000e+01
     vertex -3.343759e+01 -4.850049e+00  0.000000e+00
     vertex -3.343759e+01 -4.850049e+00  2.270000e+01
   endloop
 endfacet
 facet normal  5.955271e-01  8.033352e-01  0.000000e+00
   outer loop
     vertex -3.330314e+01 -4.949718e+00  2.270000e+01
     vertex -3.330314e+01 -4.949718e+00  0.000000e+00
     vertex -3.343759e+01 -4.850049e+00  0.000000e+00
   endloop
 endfacet
 facet normal  5.732642e-01  8.193706e-01  0.000000e+00
   outer loop
     vertex -3.316601e+01 -5.045662e+00  2.270000e+01
     vertex -3.330314e+01 -4.949718e+00  0.000000e+00
     vertex -3.330314e+01 -4.949718e+00  2.270000e+01
   endloop
 endfacet
 facet normal  5.732642e-01  8.193706e-01  0.000000e+00
   outer loop
     vertex -3.316601e+01 -5.045662e+00  2.270000e+01
     vertex -3.316601e+01 -5.045662e+00  0.000000e+00
     vertex -3.330314e+01 -4.949718e+00  0.000000e+00
   endloop
 endfacet
 facet normal  5.505698e-01  8.347891e-01  0.000000e+00
   outer loop
     vertex -3.302629e+01 -5.137807e+00  2.270000e+01
     vertex -3.316601e+01 -5.045662e+00  0.000000e+00
     vertex -3.316601e+01 -5.045662e+00  2.270000e+01
   endloop
 endfacet
 facet normal  5.505698e-01  8.347891e-01  0.000000e+00
   outer loop
     vertex -3.302629e+01 -5.137807e+00  2.270000e+01
     vertex -3.302629e+01 -5.137807e+00  0.000000e+00
     vertex -3.316601e+01 -5.045662e+00  0.000000e+00
   endloop
 endfacet
 facet normal  5.274609e-01  8.495793e-01  0.000000e+00
   outer loop
     vertex -3.288411e+01 -5.226085e+00  2.270000e+01
     vertex -3.302629e+01 -5.137807e+00  0.000000e+00
     vertex -3.302629e+01 -5.137807e+00  2.270000e+01
   endloop
 endfacet
 facet normal  5.274609e-01  8.495793e-01  0.000000e+00
   outer loop
     vertex -3.288411e+01 -5.226085e+00  2.270000e+01
     vertex -3.288411e+01 -5.226085e+00  0.000000e+00
     vertex -3.302629e+01 -5.137807e+00  0.000000e+00
   endloop
 endfacet
 facet normal  5.039550e-01  8.637299e-01  0.000000e+00
   outer loop
     vertex -3.273955e+01 -5.310428e+00  2.270000e+01
     vertex -3.288411e+01 -5.226085e+00  0.000000e+00
     vertex -3.288411e+01 -5.226085e+00  2.270000e+01
   endloop
 endfacet
 facet normal  5.039550e-01  8.637299e-01  0.000000e+00
   outer loop
     vertex -3.273955e+01 -5.310428e+00  2.270000e+01
     vertex -3.273955e+01 -5.310428e+00  0.000000e+00
     vertex -3.288411e+01 -5.226085e+00  0.000000e+00
   endloop
 endfacet
 facet normal  4.800697e-01  8.772303e-01  0.000000e+00
   outer loop
     vertex -3.259273e+01 -5.390775e+00  2.270000e+01
     vertex -3.273955e+01 -5.310428e+00  0.000000e+00
     vertex -3.273955e+01 -5.310428e+00  2.270000e+01
   endloop
 endfacet
 facet normal  4.800697e-01  8.772303e-01  0.000000e+00
   outer loop
     vertex -3.259273e+01 -5.390775e+00  2.270000e+01
     vertex -3.259273e+01 -5.390775e+00  0.000000e+00
     vertex -3.273955e+01 -5.310428e+00  0.000000e+00
   endloop
 endfacet
 facet normal  4.558231e-01  8.900704e-01  0.000000e+00
   outer loop
     vertex -3.244377e+01 -5.467063e+00  2.270000e+01
     vertex -3.259273e+01 -5.390775e+00  0.000000e+00
     vertex -3.259273e+01 -5.390775e+00  2.270000e+01
   endloop
 endfacet
 facet normal  4.558231e-01  8.900704e-01  0.000000e+00
   outer loop
     vertex -3.244377e+01 -5.467063e+00  2.270000e+01
     vertex -3.244377e+01 -5.467063e+00  0.000000e+00
     vertex -3.259273e+01 -5.390775e+00  0.000000e+00
   endloop
 endfacet
 facet normal  4.312333e-01  9.022405e-01  0.000000e+00
   outer loop
     vertex -3.229277e+01 -5.539235e+00  2.270000e+01
     vertex -3.244377e+01 -5.467063e+00  0.000000e+00
     vertex -3.244377e+01 -5.467063e+00  2.270000e+01
   endloop
 endfacet
 facet normal  4.312333e-01  9.022405e-01  0.000000e+00
   outer loop
     vertex -3.229277e+01 -5.539235e+00  2.270000e+01
     vertex -3.229277e+01 -5.539235e+00  0.000000e+00
     vertex -3.244377e+01 -5.467063e+00  0.000000e+00
   endloop
 endfacet
 facet normal  4.063188e-01  9.137314e-01  0.000000e+00
   outer loop
     vertex -3.213984e+01 -5.607238e+00  2.270000e+01
     vertex -3.229277e+01 -5.539235e+00  0.000000e+00
     vertex -3.229277e+01 -5.539235e+00  2.270000e+01
   endloop
 endfacet
 facet normal  4.063188e-01  9.137314e-01  0.000000e+00
   outer loop
     vertex -3.213984e+01 -5.607238e+00  2.270000e+01
     vertex -3.213984e+01 -5.607238e+00  0.000000e+00
     vertex -3.229277e+01 -5.539235e+00  0.000000e+00
   endloop
 endfacet
 facet normal  3.810986e-01  9.245344e-01  0.000000e+00
   outer loop
     vertex -3.198511e+01 -5.671020e+00  2.270000e+01
     vertex -3.198511e+01 -5.671020e+00  0.000000e+00
     vertex -3.213984e+01 -5.607238e+00  0.000000e+00
   endloop
 endfacet
 facet normal  3.810986e-01  9.245344e-01  0.000000e+00
   outer loop
     vertex -3.198511e+01 -5.671020e+00  2.270000e+01
     vertex -3.213984e+01 -5.607238e+00  0.000000e+00
     vertex -3.213984e+01 -5.607238e+00  2.270000e+01
   endloop
 endfacet
 facet normal  3.555914e-01  9.346415e-01  0.000000e+00
   outer loop
     vertex -3.182868e+01 -5.730533e+00  2.270000e+01
     vertex -3.182868e+01 -5.730533e+00  0.000000e+00
     vertex -3.198511e+01 -5.671020e+00  0.000000e+00
   endloop
 endfacet
 facet normal  3.555914e-01  9.346415e-01  0.000000e+00
   outer loop
     vertex -3.182868e+01 -5.730533e+00  2.270000e+01
     vertex -3.198511e+01 -5.671020e+00  0.000000e+00
     vertex -3.198511e+01 -5.671020e+00  2.270000e+01
   endloop
 endfacet
 facet normal  3.298166e-01  9.440450e-01  0.000000e+00
   outer loop
     vertex -3.167068e+01 -5.785732e+00  2.270000e+01
     vertex -3.167068e+01 -5.785732e+00  0.000000e+00
     vertex -3.182868e+01 -5.730533e+00  0.000000e+00
   endloop
 endfacet
 facet normal  3.298166e-01  9.440450e-01  0.000000e+00
   outer loop
     vertex -3.167068e+01 -5.785732e+00  2.270000e+01
     vertex -3.182868e+01 -5.730533e+00  0.000000e+00
     vertex -3.182868e+01 -5.730533e+00  2.270000e+01
   endloop
 endfacet
 facet normal  3.037934e-01  9.527379e-01  0.000000e+00
   outer loop
     vertex -3.151123e+01 -5.836576e+00  2.270000e+01
     vertex -3.151123e+01 -5.836576e+00  0.000000e+00
     vertex -3.167068e+01 -5.785732e+00  0.000000e+00
   endloop
 endfacet
 facet normal  3.037934e-01  9.527379e-01  0.000000e+00
   outer loop
     vertex -3.151123e+01 -5.836576e+00  2.270000e+01
     vertex -3.167068e+01 -5.785732e+00  0.000000e+00
     vertex -3.167068e+01 -5.785732e+00  2.270000e+01
   endloop
 endfacet
 facet normal  2.775416e-01  9.607136e-01  0.000000e+00
   outer loop
     vertex -3.135044e+01 -5.883027e+00  2.270000e+01
     vertex -3.151123e+01 -5.836576e+00  0.000000e+00
     vertex -3.151123e+01 -5.836576e+00  2.270000e+01
   endloop
 endfacet
 facet normal  2.775416e-01  9.607136e-01  0.000000e+00
   outer loop
     vertex -3.135044e+01 -5.883027e+00  2.270000e+01
     vertex -3.135044e+01 -5.883027e+00  0.000000e+00
     vertex -3.151123e+01 -5.836576e+00  0.000000e+00
   endloop
 endfacet
 facet normal  2.510809e-01  9.679661e-01  0.000000e+00
   outer loop
     vertex -3.118844e+01 -5.925048e+00  2.270000e+01
     vertex -3.135044e+01 -5.883027e+00  0.000000e+00
     vertex -3.135044e+01 -5.883027e+00  2.270000e+01
   endloop
 endfacet
 facet normal  2.510809e-01  9.679661e-01  0.000000e+00
   outer loop
     vertex -3.118844e+01 -5.925048e+00  2.270000e+01
     vertex -3.118844e+01 -5.925048e+00  0.000000e+00
     vertex -3.135044e+01 -5.883027e+00  0.000000e+00
   endloop
 endfacet
 facet normal  2.244312e-01  9.744899e-01  0.000000e+00
   outer loop
     vertex -3.102535e+01 -5.962610e+00  2.270000e+01
     vertex -3.118844e+01 -5.925048e+00  0.000000e+00
     vertex -3.118844e+01 -5.925048e+00  2.270000e+01
   endloop
 endfacet
 facet normal  2.244312e-01  9.744899e-01  0.000000e+00
   outer loop
     vertex -3.102535e+01 -5.962610e+00  2.270000e+01
     vertex -3.102535e+01 -5.962610e+00  0.000000e+00
     vertex -3.118844e+01 -5.925048e+00  0.000000e+00
   endloop
 endfacet
 facet normal  1.976125e-01  9.802802e-01  0.000000e+00
   outer loop
     vertex -3.086128e+01 -5.995683e+00  2.270000e+01
     vertex -3.102535e+01 -5.962610e+00  0.000000e+00
     vertex -3.102535e+01 -5.962610e+00  2.270000e+01
   endloop
 endfacet
 facet normal  1.976125e-01  9.802802e-01  0.000000e+00
   outer loop
     vertex -3.086128e+01 -5.995683e+00  2.270000e+01
     vertex -3.086128e+01 -5.995683e+00  0.000000e+00
     vertex -3.102535e+01 -5.962610e+00  0.000000e+00
   endloop
 endfacet
 facet normal  1.706451e-01  9.853326e-01  0.000000e+00
   outer loop
     vertex -3.069637e+01 -6.024243e+00  2.270000e+01
     vertex -3.086128e+01 -5.995683e+00  0.000000e+00
     vertex -3.086128e+01 -5.995683e+00  2.270000e+01
   endloop
 endfacet
 facet normal  1.706451e-01  9.853326e-01  0.000000e+00
   outer loop
     vertex -3.069637e+01 -6.024243e+00  2.270000e+01
     vertex -3.069637e+01 -6.024243e+00  0.000000e+00
     vertex -3.086128e+01 -5.995683e+00  0.000000e+00
   endloop
 endfacet
 facet normal  1.435492e-01  9.896432e-01  0.000000e+00
   outer loop
     vertex -3.053074e+01 -6.048268e+00  2.270000e+01
     vertex -3.069637e+01 -6.024243e+00  0.000000e+00
     vertex -3.069637e+01 -6.024243e+00  2.270000e+01
   endloop
 endfacet
 facet normal  1.435492e-01  9.896432e-01  0.000000e+00
   outer loop
     vertex -3.053074e+01 -6.048268e+00  2.270000e+01
     vertex -3.053074e+01 -6.048268e+00  0.000000e+00
     vertex -3.069637e+01 -6.024243e+00  0.000000e+00
   endloop
 endfacet
 facet normal  1.163452e-01  9.932088e-01  0.000000e+00
   outer loop
     vertex -3.036452e+01 -6.067740e+00  2.270000e+01
     vertex -3.053074e+01 -6.048268e+00  0.000000e+00
     vertex -3.053074e+01 -6.048268e+00  2.270000e+01
   endloop
 endfacet
 facet normal  1.163452e-01  9.932088e-01  0.000000e+00
   outer loop
     vertex -3.036452e+01 -6.067740e+00  2.270000e+01
     vertex -3.036452e+01 -6.067740e+00  0.000000e+00
     vertex -3.053074e+01 -6.048268e+00  0.000000e+00
   endloop
 endfacet
 facet normal  8.905371e-02  9.960268e-01  0.000000e+00
   outer loop
     vertex -3.019782e+01 -6.082644e+00  2.270000e+01
     vertex -3.036452e+01 -6.067740e+00  0.000000e+00
     vertex -3.036452e+01 -6.067740e+00  2.270000e+01
   endloop
 endfacet
 facet normal  8.905371e-02  9.960268e-01  0.000000e+00
   outer loop
     vertex -3.019782e+01 -6.082644e+00  2.270000e+01
     vertex -3.019782e+01 -6.082644e+00  0.000000e+00
     vertex -3.036452e+01 -6.067740e+00  0.000000e+00
   endloop
 endfacet
 facet normal  6.169515e-02  9.980950e-01  0.000000e+00
   outer loop
     vertex -3.003077e+01 -6.092970e+00  2.270000e+01
     vertex -3.019782e+01 -6.082644e+00  0.000000e+00
     vertex -3.019782e+01 -6.082644e+00  2.270000e+01
   endloop
 endfacet
 facet normal  6.169515e-02  9.980950e-01  0.000000e+00
   outer loop
     vertex -3.003077e+01 -6.092970e+00  2.270000e+01
     vertex -3.003077e+01 -6.092970e+00  0.000000e+00
     vertex -3.019782e+01 -6.082644e+00  0.000000e+00
   endloop
 endfacet
 facet normal  3.429014e-02  9.994119e-01  0.000000e+00
   outer loop
     vertex -2.986351e+01 -6.098708e+00  2.270000e+01
     vertex -3.003077e+01 -6.092970e+00  0.000000e+00
     vertex -3.003077e+01 -6.092970e+00  2.270000e+01
   endloop
 endfacet
 facet normal  3.429014e-02  9.994119e-01  0.000000e+00
   outer loop
     vertex -2.986351e+01 -6.098708e+00  2.270000e+01
     vertex -2.986351e+01 -6.098708e+00  0.000000e+00
     vertex -3.003077e+01 -6.092970e+00  0.000000e+00
   endloop
 endfacet
 facet normal  6.859319e-03  9.999765e-01  0.000000e+00
   outer loop
     vertex -2.969615e+01 -6.099856e+00  2.270000e+01
     vertex -2.986351e+01 -6.098708e+00  0.000000e+00
     vertex -2.986351e+01 -6.098708e+00  2.270000e+01
   endloop
 endfacet
 facet normal  6.859319e-03  9.999765e-01  0.000000e+00
   outer loop
     vertex -2.969615e+01 -6.099856e+00  2.270000e+01
     vertex -2.969615e+01 -6.099856e+00  0.000000e+00
     vertex -2.986351e+01 -6.098708e+00  0.000000e+00
   endloop
 endfacet
 facet normal -2.057667e-02  9.997883e-01  0.000000e+00
   outer loop
     vertex -2.952882e+01 -6.096413e+00  2.270000e+01
     vertex -2.969615e+01 -6.099856e+00  0.000000e+00
     vertex -2.969615e+01 -6.099856e+00  2.270000e+01
   endloop
 endfacet
 facet normal -2.057667e-02  9.997883e-01  0.000000e+00
   outer loop
     vertex -2.952882e+01 -6.096413e+00  2.270000e+01
     vertex -2.952882e+01 -6.096413e+00  0.000000e+00
     vertex -2.969615e+01 -6.099856e+00  0.000000e+00
   endloop
 endfacet
 facet normal -4.799716e-02  9.988475e-01  0.000000e+00
   outer loop
     vertex -2.936165e+01 -6.088380e+00  2.270000e+01
     vertex -2.936165e+01 -6.088380e+00  0.000000e+00
     vertex -2.952882e+01 -6.096413e+00  0.000000e+00
   endloop
 endfacet
 facet normal -4.799716e-02  9.988475e-01  0.000000e+00
   outer loop
     vertex -2.936165e+01 -6.088380e+00  2.270000e+01
     vertex -2.952882e+01 -6.096413e+00  0.000000e+00
     vertex -2.952882e+01 -6.096413e+00  2.270000e+01
   endloop
 endfacet
 facet normal -7.538152e-02  9.971548e-01  0.000000e+00
   outer loop
     vertex -2.919476e+01 -6.075764e+00  2.270000e+01
     vertex -2.919476e+01 -6.075764e+00  0.000000e+00
     vertex -2.936165e+01 -6.088380e+00  0.000000e+00
   endloop
 endfacet
 facet normal -7.538152e-02  9.971548e-01  0.000000e+00
   outer loop
     vertex -2.919476e+01 -6.075764e+00  2.270000e+01
     vertex -2.936165e+01 -6.088380e+00  0.000000e+00
     vertex -2.936165e+01 -6.088380e+00  2.270000e+01
   endloop
 endfacet
 facet normal -1.027091e-01  9.947114e-01  0.000000e+00
   outer loop
     vertex -2.902829e+01 -6.058574e+00  2.270000e+01
     vertex -2.902829e+01 -6.058574e+00  0.000000e+00
     vertex -2.919476e+01 -6.075764e+00  0.000000e+00
   endloop
 endfacet
 facet normal -1.027091e-01  9.947114e-01  0.000000e+00
   outer loop
     vertex -2.902829e+01 -6.058574e+00  2.270000e+01
     vertex -2.919476e+01 -6.075764e+00  0.000000e+00
     vertex -2.919476e+01 -6.075764e+00  2.270000e+01
   endloop
 endfacet
 facet normal -1.299594e-01  9.915193e-01  0.000000e+00
   outer loop
     vertex -2.886234e+01 -6.036823e+00  2.270000e+01
     vertex -2.886234e+01 -6.036823e+00  0.000000e+00
     vertex -2.902829e+01 -6.058574e+00  0.000000e+00
   endloop
 endfacet
 facet normal -1.299594e-01  9.915193e-01  0.000000e+00
   outer loop
     vertex -2.886234e+01 -6.036823e+00  2.270000e+01
     vertex -2.902829e+01 -6.058574e+00  0.000000e+00
     vertex -2.902829e+01 -6.058574e+00  2.270000e+01
   endloop
 endfacet
 facet normal -1.571119e-01  9.875808e-01  0.000000e+00
   outer loop
     vertex -2.869706e+01 -6.010529e+00  2.270000e+01
     vertex -2.869706e+01 -6.010529e+00  0.000000e+00
     vertex -2.886234e+01 -6.036823e+00  0.000000e+00
   endloop
 endfacet
 facet normal -1.571119e-01  9.875808e-01  0.000000e+00
   outer loop
     vertex -2.869706e+01 -6.010529e+00  2.270000e+01
     vertex -2.886234e+01 -6.036823e+00  0.000000e+00
     vertex -2.886234e+01 -6.036823e+00  2.270000e+01
   endloop
 endfacet
 facet normal -1.841461e-01  9.828989e-01  0.000000e+00
   outer loop
     vertex -2.853255e+01 -5.979709e+00  2.270000e+01
     vertex -2.853255e+01 -5.979709e+00  0.000000e+00
     vertex -2.869706e+01 -6.010529e+00  0.000000e+00
   endloop
 endfacet
 facet normal -1.841461e-01  9.828989e-01  0.000000e+00
   outer loop
     vertex -2.853255e+01 -5.979709e+00  2.270000e+01
     vertex -2.869706e+01 -6.010529e+00  0.000000e+00
     vertex -2.869706e+01 -6.010529e+00  2.270000e+01
   endloop
 endfacet
 facet normal -2.110417e-01  9.774771e-01  0.000000e+00
   outer loop
     vertex -2.836896e+01 -5.944389e+00  2.270000e+01
     vertex -2.836896e+01 -5.944389e+00  0.000000e+00
     vertex -2.853255e+01 -5.979709e+00  0.000000e+00
   endloop
 endfacet
 facet normal -2.110417e-01  9.774771e-01  0.000000e+00
   outer loop
     vertex -2.836896e+01 -5.944389e+00  2.270000e+01
     vertex -2.853255e+01 -5.979709e+00  0.000000e+00
     vertex -2.853255e+01 -5.979709e+00  2.270000e+01
   endloop
 endfacet
 facet normal -2.377784e-01  9.713194e-01  0.000000e+00
   outer loop
     vertex -2.820640e+01 -5.904593e+00  2.270000e+01
     vertex -2.820640e+01 -5.904593e+00  0.000000e+00
     vertex -2.836896e+01 -5.944389e+00  0.000000e+00
   endloop
 endfacet
 facet normal -2.377784e-01  9.713194e-01  0.000000e+00
   outer loop
     vertex -2.820640e+01 -5.904593e+00  2.270000e+01
     vertex -2.836896e+01 -5.944389e+00  0.000000e+00
     vertex -2.836896e+01 -5.944389e+00  2.270000e+01
   endloop
 endfacet
 facet normal -2.643362e-01  9.644306e-01  0.000000e+00
   outer loop
     vertex -2.804499e+01 -5.860353e+00  2.270000e+01
     vertex -2.804499e+01 -5.860353e+00  0.000000e+00
     vertex -2.820640e+01 -5.904593e+00  0.000000e+00
   endloop
 endfacet
 facet normal -2.643362e-01  9.644306e-01  0.000000e+00
   outer loop
     vertex -2.804499e+01 -5.860353e+00  2.270000e+01
     vertex -2.820640e+01 -5.904593e+00  0.000000e+00
     vertex -2.820640e+01 -5.904593e+00  2.270000e+01
   endloop
 endfacet
 facet normal -2.906949e-01  9.568158e-01  0.000000e+00
   outer loop
     vertex -2.788485e+01 -5.811701e+00  2.270000e+01
     vertex -2.788485e+01 -5.811701e+00  0.000000e+00
     vertex -2.804499e+01 -5.860353e+00  0.000000e+00
   endloop
 endfacet
 facet normal -2.906949e-01  9.568158e-01  0.000000e+00
   outer loop
     vertex -2.788485e+01 -5.811701e+00  2.270000e+01
     vertex -2.804499e+01 -5.860353e+00  0.000000e+00
     vertex -2.804499e+01 -5.860353e+00  2.270000e+01
   endloop
 endfacet
 facet normal -3.168348e-01  9.484807e-01  0.000000e+00
   outer loop
     vertex -2.772611e+01 -5.758675e+00  2.270000e+01
     vertex -2.772611e+01 -5.758675e+00  0.000000e+00
     vertex -2.788485e+01 -5.811701e+00  0.000000e+00
   endloop
 endfacet
 facet normal -3.168348e-01  9.484807e-01  0.000000e+00
   outer loop
     vertex -2.772611e+01 -5.758675e+00  2.270000e+01
     vertex -2.788485e+01 -5.811701e+00  0.000000e+00
     vertex -2.788485e+01 -5.811701e+00  2.270000e+01
   endloop
 endfacet
 facet normal -3.427362e-01  9.394317e-01  0.000000e+00
   outer loop
     vertex -2.756888e+01 -5.701313e+00  2.270000e+01
     vertex -2.756888e+01 -5.701313e+00  0.000000e+00
     vertex -2.772611e+01 -5.758675e+00  0.000000e+00
   endloop
 endfacet
 facet normal -3.427362e-01  9.394317e-01  0.000000e+00
   outer loop
     vertex -2.756888e+01 -5.701313e+00  2.270000e+01
     vertex -2.772611e+01 -5.758675e+00  0.000000e+00
     vertex -2.772611e+01 -5.758675e+00  2.270000e+01
   endloop
 endfacet
 facet normal -3.683796e-01  9.296754e-01  0.000000e+00
   outer loop
     vertex -2.741329e+01 -5.639660e+00  2.270000e+01
     vertex -2.741329e+01 -5.639660e+00  0.000000e+00
     vertex -2.756888e+01 -5.701313e+00  0.000000e+00
   endloop
 endfacet
 facet normal -3.683796e-01  9.296754e-01  0.000000e+00
   outer loop
     vertex -2.741329e+01 -5.639660e+00  2.270000e+01
     vertex -2.756888e+01 -5.701313e+00  0.000000e+00
     vertex -2.756888e+01 -5.701313e+00  2.270000e+01
   endloop
 endfacet
 facet normal -3.937458e-01  9.192194e-01  0.000000e+00
   outer loop
     vertex -2.725945e+01 -5.573761e+00  2.270000e+01
     vertex -2.741329e+01 -5.639660e+00  0.000000e+00
     vertex -2.741329e+01 -5.639660e+00  2.270000e+01
   endloop
 endfacet
 facet normal -3.937458e-01  9.192194e-01  0.000000e+00
   outer loop
     vertex -2.725945e+01 -5.573761e+00  2.270000e+01
     vertex -2.725945e+01 -5.573761e+00  0.000000e+00
     vertex -2.741329e+01 -5.639660e+00  0.000000e+00
   endloop
 endfacet
 facet normal -4.188155e-01  9.080714e-01  0.000000e+00
   outer loop
     vertex -2.710747e+01 -5.503667e+00  2.270000e+01
     vertex -2.725945e+01 -5.573761e+00  0.000000e+00
     vertex -2.725945e+01 -5.573761e+00  2.270000e+01
   endloop
 endfacet
 facet normal -4.188155e-01  9.080714e-01  0.000000e+00
   outer loop
     vertex -2.710747e+01 -5.503667e+00  2.270000e+01
     vertex -2.710747e+01 -5.503667e+00  0.000000e+00
     vertex -2.725945e+01 -5.573761e+00  0.000000e+00
   endloop
 endfacet
 facet normal -4.435699e-01  8.962398e-01  0.000000e+00
   outer loop
     vertex -2.695747e+01 -5.429430e+00  2.270000e+01
     vertex -2.710747e+01 -5.503667e+00  0.000000e+00
     vertex -2.710747e+01 -5.503667e+00  2.270000e+01
   endloop
 endfacet
 facet normal -4.435699e-01  8.962398e-01  0.000000e+00
   outer loop
     vertex -2.695747e+01 -5.429430e+00  2.270000e+01
     vertex -2.695747e+01 -5.429430e+00  0.000000e+00
     vertex -2.710747e+01 -5.503667e+00  0.000000e+00
   endloop
 endfacet
 facet normal -4.679904e-01  8.837335e-01  0.000000e+00
   outer loop
     vertex -2.680957e+01 -5.351105e+00  2.270000e+01
     vertex -2.695747e+01 -5.429430e+00  0.000000e+00
     vertex -2.695747e+01 -5.429430e+00  2.270000e+01
   endloop
 endfacet
 facet normal -4.679904e-01  8.837335e-01  0.000000e+00
   outer loop
     vertex -2.680957e+01 -5.351105e+00  2.270000e+01
     vertex -2.680957e+01 -5.351105e+00  0.000000e+00
     vertex -2.695747e+01 -5.429430e+00  0.000000e+00
   endloop
 endfacet
 facet normal -4.920587e-01  8.705620e-01  0.000000e+00
   outer loop
     vertex -2.666387e+01 -5.268752e+00  2.270000e+01
     vertex -2.666387e+01 -5.268752e+00  0.000000e+00
     vertex -2.680957e+01 -5.351105e+00  0.000000e+00
   endloop
 endfacet
 facet normal -4.920587e-01  8.705620e-01  0.000000e+00
   outer loop
     vertex -2.666387e+01 -5.268752e+00  2.270000e+01
     vertex -2.680957e+01 -5.351105e+00  0.000000e+00
     vertex -2.680957e+01 -5.351105e+00  2.270000e+01
   endloop
 endfacet
 facet normal -5.157565e-01  8.567352e-01  0.000000e+00
   outer loop
     vertex -2.652048e+01 -5.182434e+00  2.270000e+01
     vertex -2.666387e+01 -5.268752e+00  0.000000e+00
     vertex -2.666387e+01 -5.268752e+00  2.270000e+01
   endloop
 endfacet
 facet normal -5.157565e-01  8.567352e-01  0.000000e+00
   outer loop
     vertex -2.652048e+01 -5.182434e+00  2.270000e+01
     vertex -2.652048e+01 -5.182434e+00  0.000000e+00
     vertex -2.666387e+01 -5.268752e+00  0.000000e+00
   endloop
 endfacet
 facet normal -5.390661e-01  8.422635e-01  0.000000e+00
   outer loop
     vertex -2.637952e+01 -5.092214e+00  2.270000e+01
     vertex -2.637952e+01 -5.092214e+00  0.000000e+00
     vertex -2.652048e+01 -5.182434e+00  0.000000e+00
   endloop
 endfacet
 facet normal -5.390661e-01  8.422635e-01  0.000000e+00
   outer loop
     vertex -2.637952e+01 -5.092214e+00  2.270000e+01
     vertex -2.652048e+01 -5.182434e+00  0.000000e+00
     vertex -2.652048e+01 -5.182434e+00  2.270000e+01
   endloop
 endfacet
 facet normal -5.619699e-01  8.271577e-01  0.000000e+00
   outer loop
     vertex -2.624108e+01 -4.998160e+00  2.270000e+01
     vertex -2.624108e+01 -4.998160e+00  0.000000e+00
     vertex -2.637952e+01 -5.092214e+00  0.000000e+00
   endloop
 endfacet
 facet normal -5.619699e-01  8.271577e-01  0.000000e+00
   outer loop
     vertex -2.624108e+01 -4.998160e+00  2.270000e+01
     vertex -2.637952e+01 -5.092214e+00  0.000000e+00
     vertex -2.637952e+01 -5.092214e+00  2.270000e+01
   endloop
 endfacet
 facet normal -5.844507e-01  8.114292e-01  0.000000e+00
   outer loop
     vertex -2.610528e+01 -4.900345e+00  2.270000e+01
     vertex -2.610528e+01 -4.900345e+00  0.000000e+00
     vertex -2.624108e+01 -4.998160e+00  0.000000e+00
   endloop
 endfacet
 facet normal -5.844507e-01  8.114292e-01  0.000000e+00
   outer loop
     vertex -2.610528e+01 -4.900345e+00  2.270000e+01
     vertex -2.624108e+01 -4.998160e+00  0.000000e+00
     vertex -2.624108e+01 -4.998160e+00  2.270000e+01
   endloop
 endfacet
 facet normal -6.064915e-01  7.950900e-01  0.000000e+00
   outer loop
     vertex -2.597221e+01 -4.798840e+00  2.270000e+01
     vertex -2.597221e+01 -4.798840e+00  0.000000e+00
     vertex -2.610528e+01 -4.900345e+00  0.000000e+00
   endloop
 endfacet
 facet normal -6.064915e-01  7.950900e-01  0.000000e+00
   outer loop
     vertex -2.597221e+01 -4.798840e+00  2.270000e+01
     vertex -2.610528e+01 -4.900345e+00  0.000000e+00
     vertex -2.610528e+01 -4.900345e+00  2.270000e+01
   endloop
 endfacet
 facet normal -6.280757e-01  7.781522e-01  0.000000e+00
   outer loop
     vertex -2.584197e+01 -4.693723e+00  2.270000e+01
     vertex -2.584197e+01 -4.693723e+00  0.000000e+00
     vertex -2.597221e+01 -4.798840e+00  0.000000e+00
   endloop
 endfacet
 facet normal -6.280757e-01  7.781522e-01  0.000000e+00
   outer loop
     vertex -2.584197e+01 -4.693723e+00  2.270000e+01
     vertex -2.597221e+01 -4.798840e+00  0.000000e+00
     vertex -2.597221e+01 -4.798840e+00  2.270000e+01
   endloop
 endfacet
 facet normal -6.491872e-01  7.606287e-01  0.000000e+00
   outer loop
     vertex -2.571467e+01 -4.585073e+00  2.270000e+01
     vertex -2.571467e+01 -4.585073e+00  0.000000e+00
     vertex -2.584197e+01 -4.693723e+00  0.000000e+00
   endloop
 endfacet
 facet normal -6.491872e-01  7.606287e-01  0.000000e+00
   outer loop
     vertex -2.571467e+01 -4.585073e+00  2.270000e+01
     vertex -2.584197e+01 -4.693723e+00  0.000000e+00
     vertex -2.584197e+01 -4.693723e+00  2.270000e+01
   endloop
 endfacet
 facet normal -6.698100e-01  7.425325e-01  0.000000e+00
   outer loop
     vertex -2.559040e+01 -4.472971e+00  2.270000e+01
     vertex -2.559040e+01 -4.472971e+00  0.000000e+00
     vertex -2.571467e+01 -4.585073e+00  0.000000e+00
   endloop
 endfacet
 facet normal -6.698100e-01  7.425325e-01  0.000000e+00
   outer loop
     vertex -2.559040e+01 -4.472971e+00  2.270000e+01
     vertex -2.571467e+01 -4.585073e+00  0.000000e+00
     vertex -2.571467e+01 -4.585073e+00  2.270000e+01
   endloop
 endfacet
 facet normal -6.899286e-01  7.238775e-01  0.000000e+00
   outer loop
     vertex -2.546925e+01 -4.357503e+00  2.270000e+01
     vertex -2.546925e+01 -4.357503e+00  0.000000e+00
     vertex -2.559040e+01 -4.472971e+00  0.000000e+00
   endloop
 endfacet
 facet normal -6.899286e-01  7.238775e-01  0.000000e+00
   outer loop
     vertex -2.546925e+01 -4.357503e+00  2.270000e+01
     vertex -2.559040e+01 -4.472971e+00  0.000000e+00
     vertex -2.559040e+01 -4.472971e+00  2.270000e+01
   endloop
 endfacet
 facet normal -7.095278e-01  7.046775e-01  0.000000e+00
   outer loop
     vertex -2.535131e+01 -4.238754e+00  2.270000e+01
     vertex -2.535131e+01 -4.238754e+00  0.000000e+00
     vertex -2.546925e+01 -4.357503e+00  0.000000e+00
   endloop
 endfacet
 facet normal -7.095278e-01  7.046775e-01  0.000000e+00
   outer loop
     vertex -2.535131e+01 -4.238754e+00  2.270000e+01
     vertex -2.546925e+01 -4.357503e+00  0.000000e+00
     vertex -2.546925e+01 -4.357503e+00  2.270000e+01
   endloop
 endfacet
 facet normal -7.285929e-01  6.849470e-01  0.000000e+00
   outer loop
     vertex -2.523668e+01 -4.116814e+00  2.270000e+01
     vertex -2.523668e+01 -4.116814e+00  0.000000e+00
     vertex -2.535131e+01 -4.238754e+00  0.000000e+00
   endloop
 endfacet
 facet normal -7.285929e-01  6.849470e-01  0.000000e+00
   outer loop
     vertex -2.523668e+01 -4.116814e+00  2.270000e+01
     vertex -2.535131e+01 -4.238754e+00  0.000000e+00
     vertex -2.535131e+01 -4.238754e+00  2.270000e+01
   endloop
 endfacet
 facet normal -7.471095e-01  6.647010e-01  0.000000e+00
   outer loop
     vertex -2.512543e+01 -3.991775e+00  2.270000e+01
     vertex -2.512543e+01 -3.991775e+00  0.000000e+00
     vertex -2.523668e+01 -4.116814e+00  0.000000e+00
   endloop
 endfacet
 facet normal -7.471095e-01  6.647010e-01  0.000000e+00
   outer loop
     vertex -2.512543e+01 -3.991775e+00  2.270000e+01
     vertex -2.523668e+01 -4.116814e+00  0.000000e+00
     vertex -2.523668e+01 -4.116814e+00  2.270000e+01
   endloop
 endfacet
 facet normal -7.650637e-01  6.439545e-01  0.000000e+00
   outer loop
     vertex -2.501765e+01 -3.863731e+00  2.270000e+01
     vertex -2.501765e+01 -3.863731e+00  0.000000e+00
     vertex -2.512543e+01 -3.991775e+00  0.000000e+00
   endloop
 endfacet
 facet normal -7.650637e-01  6.439545e-01  0.000000e+00
   outer loop
     vertex -2.501765e+01 -3.863731e+00  2.270000e+01
     vertex -2.512543e+01 -3.991775e+00  0.000000e+00
     vertex -2.512543e+01 -3.991775e+00  2.270000e+01
   endloop
 endfacet
 facet normal -7.824421e-01  6.227234e-01  0.000000e+00
   outer loop
     vertex -2.491343e+01 -3.732779e+00  2.270000e+01
     vertex -2.491343e+01 -3.732779e+00  0.000000e+00
     vertex -2.501765e+01 -3.863731e+00  0.000000e+00
   endloop
 endfacet
 facet normal -7.824421e-01  6.227234e-01  0.000000e+00
   outer loop
     vertex -2.491343e+01 -3.732779e+00  2.270000e+01
     vertex -2.501765e+01 -3.863731e+00  0.000000e+00
     vertex -2.501765e+01 -3.863731e+00  2.270000e+01
   endloop
 endfacet
 facet normal -7.992314e-01  6.010234e-01  0.000000e+00
   outer loop
     vertex -2.481284e+01 -3.599017e+00  2.270000e+01
     vertex -2.481284e+01 -3.599017e+00  0.000000e+00
     vertex -2.491343e+01 -3.732779e+00  0.000000e+00
   endloop
 endfacet
 facet normal -7.992314e-01  6.010234e-01  0.000000e+00
   outer loop
     vertex -2.481284e+01 -3.599017e+00  2.270000e+01
     vertex -2.491343e+01 -3.732779e+00  0.000000e+00
     vertex -2.491343e+01 -3.732779e+00  2.270000e+01
   endloop
 endfacet
 facet normal -8.154191e-01  5.788711e-01  0.000000e+00
   outer loop
     vertex -2.471596e+01 -3.462546e+00  2.270000e+01
     vertex -2.471596e+01 -3.462546e+00  0.000000e+00
     vertex -2.481284e+01 -3.599017e+00  0.000000e+00
   endloop
 endfacet
 facet normal -8.154191e-01  5.788711e-01  0.000000e+00
   outer loop
     vertex -2.471596e+01 -3.462546e+00  2.270000e+01
     vertex -2.481284e+01 -3.599017e+00  0.000000e+00
     vertex -2.481284e+01 -3.599017e+00  2.270000e+01
   endloop
 endfacet
 facet normal -8.309929e-01  5.562829e-01  0.000000e+00
   outer loop
     vertex -2.462286e+01 -3.323468e+00  2.270000e+01
     vertex -2.462286e+01 -3.323468e+00  0.000000e+00
     vertex -2.471596e+01 -3.462546e+00  0.000000e+00
   endloop
 endfacet
 facet normal -8.309929e-01  5.562829e-01  0.000000e+00
   outer loop
     vertex -2.462286e+01 -3.323468e+00  2.270000e+01
     vertex -2.471596e+01 -3.462546e+00  0.000000e+00
     vertex -2.471596e+01 -3.462546e+00  2.270000e+01
   endloop
 endfacet
 facet normal -8.459413e-01  5.332761e-01  0.000000e+00
   outer loop
     vertex -2.453361e+01 -3.181888e+00  2.270000e+01
     vertex -2.453361e+01 -3.181888e+00  0.000000e+00
     vertex -2.462286e+01 -3.323468e+00  0.000000e+00
   endloop
 endfacet
 facet normal -8.459413e-01  5.332761e-01  0.000000e+00
   outer loop
     vertex -2.453361e+01 -3.181888e+00  2.270000e+01
     vertex -2.462286e+01 -3.323468e+00  0.000000e+00
     vertex -2.462286e+01 -3.323468e+00  2.270000e+01
   endloop
 endfacet
 facet normal -8.602528e-01  5.098678e-01  0.000000e+00
   outer loop
     vertex -2.444828e+01 -3.037913e+00  2.270000e+01
     vertex -2.444828e+01 -3.037913e+00  0.000000e+00
     vertex -2.453361e+01 -3.181888e+00  0.000000e+00
   endloop
 endfacet
 facet normal -8.602528e-01  5.098678e-01  0.000000e+00
   outer loop
     vertex -2.444828e+01 -3.037913e+00  2.270000e+01
     vertex -2.453361e+01 -3.181888e+00  0.000000e+00
     vertex -2.453361e+01 -3.181888e+00  2.270000e+01
   endloop
 endfacet
 facet normal -8.739167e-01  4.860756e-01  0.000000e+00
   outer loop
     vertex -2.436693e+01 -2.891652e+00  2.270000e+01
     vertex -2.436693e+01 -2.891652e+00  0.000000e+00
     vertex -2.444828e+01 -3.037913e+00  0.000000e+00
   endloop
 endfacet
 facet normal -8.739167e-01  4.860756e-01  0.000000e+00
   outer loop
     vertex -2.436693e+01 -2.891652e+00  2.270000e+01
     vertex -2.444828e+01 -3.037913e+00  0.000000e+00
     vertex -2.444828e+01 -3.037913e+00  2.270000e+01
   endloop
 endfacet
 facet normal -8.869228e-01  4.619176e-01  0.000000e+00
   outer loop
     vertex -2.428962e+01 -2.743213e+00  2.270000e+01
     vertex -2.436693e+01 -2.891652e+00  0.000000e+00
     vertex -2.436693e+01 -2.891652e+00  2.270000e+01
   endloop
 endfacet
 facet normal -8.869228e-01  4.619176e-01  0.000000e+00
   outer loop
     vertex -2.428962e+01 -2.743213e+00  2.270000e+01
     vertex -2.428962e+01 -2.743213e+00  0.000000e+00
     vertex -2.436693e+01 -2.891652e+00  0.000000e+00
   endloop
 endfacet
 facet normal -8.992613e-01  4.374119e-01  0.000000e+00
   outer loop
     vertex -2.421641e+01 -2.592710e+00  2.270000e+01
     vertex -2.428962e+01 -2.743213e+00  0.000000e+00
     vertex -2.428962e+01 -2.743213e+00  2.270000e+01
   endloop
 endfacet
 facet normal -8.992613e-01  4.374119e-01  0.000000e+00
   outer loop
     vertex -2.421641e+01 -2.592710e+00  2.270000e+01
     vertex -2.421641e+01 -2.592710e+00  0.000000e+00
     vertex -2.428962e+01 -2.743213e+00  0.000000e+00
   endloop
 endfacet
 facet normal -9.109228e-01  4.125769e-01  0.000000e+00
   outer loop
     vertex -2.414736e+01 -2.440254e+00  2.270000e+01
     vertex -2.421641e+01 -2.592710e+00  0.000000e+00
     vertex -2.421641e+01 -2.592710e+00  2.270000e+01
   endloop
 endfacet
 facet normal -9.109228e-01  4.125769e-01  0.000000e+00
   outer loop
     vertex -2.414736e+01 -2.440254e+00  2.270000e+01
     vertex -2.414736e+01 -2.440254e+00  0.000000e+00
     vertex -2.421641e+01 -2.592710e+00  0.000000e+00
   endloop
 endfacet
 facet normal -9.218986e-01  3.874313e-01  0.000000e+00
   outer loop
     vertex -2.408252e+01 -2.285962e+00  2.270000e+01
     vertex -2.414736e+01 -2.440254e+00  0.000000e+00
     vertex -2.414736e+01 -2.440254e+00  2.270000e+01
   endloop
 endfacet
 facet normal -9.218986e-01  3.874313e-01  0.000000e+00
   outer loop
     vertex -2.408252e+01 -2.285962e+00  2.270000e+01
     vertex -2.408252e+01 -2.285962e+00  0.000000e+00
     vertex -2.414736e+01 -2.440254e+00  0.000000e+00
   endloop
 endfacet
 facet normal -9.321804e-01  3.619940e-01  0.000000e+00
   outer loop
     vertex -2.402193e+01 -2.129949e+00  2.270000e+01
     vertex -2.408252e+01 -2.285962e+00  0.000000e+00
     vertex -2.408252e+01 -2.285962e+00  2.270000e+01
   endloop
 endfacet
 facet normal -9.321804e-01  3.619940e-01  0.000000e+00
   outer loop
     vertex -2.402193e+01 -2.129949e+00  2.270000e+01
     vertex -2.402193e+01 -2.129949e+00  0.000000e+00
     vertex -2.408252e+01 -2.285962e+00  0.000000e+00
   endloop
 endfacet
 facet normal -9.417605e-01  3.362843e-01  0.000000e+00
   outer loop
     vertex -2.396565e+01 -1.972333e+00  2.270000e+01
     vertex -2.402193e+01 -2.129949e+00  0.000000e+00
     vertex -2.402193e+01 -2.129949e+00  2.270000e+01
   endloop
 endfacet
 facet normal -9.417605e-01  3.362843e-01  0.000000e+00
   outer loop
     vertex -2.396565e+01 -1.972333e+00  2.270000e+01
     vertex -2.396565e+01 -1.972333e+00  0.000000e+00
     vertex -2.402193e+01 -2.129949e+00  0.000000e+00
   endloop
 endfacet
 facet normal -9.506317e-01  3.103214e-01  0.000000e+00
   outer loop
     vertex -2.391372e+01 -1.813232e+00  2.270000e+01
     vertex -2.396565e+01 -1.972333e+00  0.000000e+00
     vertex -2.396565e+01 -1.972333e+00  2.270000e+01
   endloop
 endfacet
 facet normal -9.506317e-01  3.103214e-01  0.000000e+00
   outer loop
     vertex -2.391372e+01 -1.813232e+00  2.270000e+01
     vertex -2.391372e+01 -1.813232e+00  0.000000e+00
     vertex -2.396565e+01 -1.972333e+00  0.000000e+00
   endloop
 endfacet
 facet normal -9.587873e-01  2.841250e-01  0.000000e+00
   outer loop
     vertex -2.386616e+01 -1.652766e+00  2.270000e+01
     vertex -2.391372e+01 -1.813232e+00  0.000000e+00
     vertex -2.391372e+01 -1.813232e+00  2.270000e+01
   endloop
 endfacet
 facet normal -9.587873e-01  2.841250e-01  0.000000e+00
   outer loop
     vertex -2.386616e+01 -1.652766e+00  2.270000e+01
     vertex -2.386616e+01 -1.652766e+00  0.000000e+00
     vertex -2.391372e+01 -1.813232e+00  0.000000e+00
   endloop
 endfacet
 facet normal -9.662211e-01  2.577146e-01  0.000000e+00
   outer loop
     vertex -2.382303e+01 -1.491056e+00  2.270000e+01
     vertex -2.386616e+01 -1.652766e+00  0.000000e+00
     vertex -2.386616e+01 -1.652766e+00  2.270000e+01
   endloop
 endfacet
 facet normal -9.662211e-01  2.577146e-01  0.000000e+00
   outer loop
     vertex -2.382303e+01 -1.491056e+00  2.270000e+01
     vertex -2.382303e+01 -1.491056e+00  0.000000e+00
     vertex -2.386616e+01 -1.652766e+00  0.000000e+00
   endloop
 endfacet
 facet normal -9.729276e-01  2.311102e-01  0.000000e+00
   outer loop
     vertex -2.378435e+01 -1.328224e+00  2.270000e+01
     vertex -2.382303e+01 -1.491056e+00  0.000000e+00
     vertex -2.382303e+01 -1.491056e+00  2.270000e+01
   endloop
 endfacet
 facet normal -9.729276e-01  2.311102e-01  0.000000e+00
   outer loop
     vertex -2.378435e+01 -1.328224e+00  2.270000e+01
     vertex -2.378435e+01 -1.328224e+00  0.000000e+00
     vertex -2.382303e+01 -1.491056e+00  0.000000e+00
   endloop
 endfacet
 facet normal -9.789017e-01  2.043319e-01  0.000000e+00
   outer loop
     vertex -2.375015e+01 -1.164391e+00  2.270000e+01
     vertex -2.378435e+01 -1.328224e+00  0.000000e+00
     vertex -2.378435e+01 -1.328224e+00  2.270000e+01
   endloop
 endfacet
 facet normal -9.789017e-01  2.043319e-01  0.000000e+00
   outer loop
     vertex -2.375015e+01 -1.164391e+00  2.270000e+01
     vertex -2.375015e+01 -1.164391e+00  0.000000e+00
     vertex -2.378435e+01 -1.328224e+00  0.000000e+00
   endloop
 endfacet
 facet normal -9.841389e-01  1.773998e-01  0.000000e+00
   outer loop
     vertex -2.372046e+01 -9.996824e-01  2.270000e+01
     vertex -2.375015e+01 -1.164391e+00  0.000000e+00
     vertex -2.375015e+01 -1.164391e+00  2.270000e+01
   endloop
 endfacet
 facet normal -9.841389e-01  1.773998e-01  0.000000e+00
   outer loop
     vertex -2.372046e+01 -9.996824e-01  2.270000e+01
     vertex -2.372046e+01 -9.996824e-01  0.000000e+00
     vertex -2.375015e+01 -1.164391e+00  0.000000e+00
   endloop
 endfacet
 facet normal -9.886353e-01  1.503341e-01  0.000000e+00
   outer loop
     vertex -2.369530e+01 -8.342210e-01  2.270000e+01
     vertex -2.372046e+01 -9.996824e-01  0.000000e+00
     vertex -2.372046e+01 -9.996824e-01  2.270000e+01
   endloop
 endfacet
 facet normal -9.886353e-01  1.503341e-01  0.000000e+00
   outer loop
     vertex -2.369530e+01 -8.342210e-01  2.270000e+01
     vertex -2.369530e+01 -8.342210e-01  0.000000e+00
     vertex -2.372046e+01 -9.996824e-01  0.000000e+00
   endloop
 endfacet
 facet normal -9.923874e-01  1.231552e-01  0.000000e+00
   outer loop
     vertex -2.367469e+01 -6.681316e-01  2.270000e+01
     vertex -2.369530e+01 -8.342210e-01  0.000000e+00
     vertex -2.369530e+01 -8.342210e-01  2.270000e+01
   endloop
 endfacet
 facet normal -9.923874e-01  1.231552e-01  0.000000e+00
   outer loop
     vertex -2.367469e+01 -6.681316e-01  2.270000e+01
     vertex -2.367469e+01 -6.681316e-01  0.000000e+00
     vertex -2.369530e+01 -8.342210e-01  0.000000e+00
   endloop
 endfacet
 facet normal -9.953925e-01  9.588368e-02  0.000000e+00
   outer loop
     vertex -2.365864e+01 -5.015393e-01  2.270000e+01
     vertex -2.365864e+01 -5.015393e-01  0.000000e+00
     vertex -2.367469e+01 -6.681316e-01  0.000000e+00
   endloop
 endfacet
 facet normal -9.953925e-01  9.588368e-02  0.000000e+00
   outer loop
     vertex -2.365864e+01 -5.015393e-01  2.270000e+01
     vertex -2.367469e+01 -6.681316e-01  0.000000e+00
     vertex -2.367469e+01 -6.681316e-01  2.270000e+01
   endloop
 endfacet
 facet normal -9.976484e-01  6.853995e-02  0.000000e+00
   outer loop
     vertex -2.364717e+01 -3.345694e-01  2.270000e+01
     vertex -2.364717e+01 -3.345694e-01  0.000000e+00
     vertex -2.365864e+01 -5.015393e-01  0.000000e+00
   endloop
 endfacet
 facet normal -9.976484e-01  6.853995e-02  0.000000e+00
   outer loop
     vertex -2.364717e+01 -3.345694e-01  2.270000e+01
     vertex -2.365864e+01 -5.015393e-01  0.000000e+00
     vertex -2.365864e+01 -5.015393e-01  2.270000e+01
   endloop
 endfacet
 facet normal -9.991532e-01  4.114462e-02  0.000000e+00
   outer loop
     vertex -2.364029e+01 -1.673477e-01  2.270000e+01
     vertex -2.364029e+01 -1.673477e-01  0.000000e+00
     vertex -2.364717e+01 -3.345694e-01  0.000000e+00
   endloop
 endfacet
 facet normal -9.991532e-01  4.114462e-02  0.000000e+00
   outer loop
     vertex -2.364029e+01 -1.673477e-01  2.270000e+01
     vertex -2.364717e+01 -3.345694e-01  0.000000e+00
     vertex -2.364717e+01 -3.345694e-01  2.270000e+01
   endloop
 endfacet
 facet normal -9.999059e-01  1.371831e-02  0.000000e+00
   outer loop
     vertex -2.363799e+01  0.000000e+00  2.270000e+01
     vertex -2.364029e+01 -1.673477e-01  0.000000e+00
     vertex -2.364029e+01 -1.673477e-01  2.270000e+01
   endloop
 endfacet
 facet normal -9.999059e-01  1.371831e-02  0.000000e+00
   outer loop
     vertex -2.363799e+01  0.000000e+00  2.270000e+01
     vertex -2.363799e+01  0.000000e+00  0.000000e+00
     vertex -2.364029e+01 -1.673477e-01  0.000000e+00
   endloop
 endfacet
endsolid
