solid 
 facet normal  9.999059e-01  1.371831e-02  0.000000e+00
   outer loop
     vertex  6.000000e+00 -1.469576e-15  1.500000e+02
     vertex  6.000000e+00 -1.469576e-15  0.000000e+00
     vertex  5.997742e+00  1.646043e-01  0.000000e+00
   endloop
 endfacet
 facet normal  9.999059e-01  1.371831e-02  0.000000e+00
   outer loop
     vertex  5.997742e+00  1.646043e-01  1.500000e+02
     vertex  6.000000e+00 -1.469576e-15  1.500000e+02
     vertex  5.997742e+00  1.646043e-01  0.000000e+00
   endloop
 endfacet
 facet normal  9.991532e-01  4.114462e-02  0.000000e+00
   outer loop
     vertex  5.990968e+00  3.290847e-01  1.500000e+02
     vertex  5.997742e+00  1.646043e-01  0.000000e+00
     vertex  5.990968e+00  3.290847e-01  0.000000e+00
   endloop
 endfacet
 facet normal  9.991532e-01  4.114462e-02  0.000000e+00
   outer loop
     vertex  5.990968e+00  3.290847e-01  1.500000e+02
     vertex  5.997742e+00  1.646043e-01  1.500000e+02
     vertex  5.997742e+00  1.646043e-01  0.000000e+00
   endloop
 endfacet
 facet normal  9.976484e-01  6.853995e-02  0.000000e+00
   outer loop
     vertex  5.979685e+00  4.933173e-01  1.500000e+02
     vertex  5.990968e+00  3.290847e-01  0.000000e+00
     vertex  5.979685e+00  4.933173e-01  0.000000e+00
   endloop
 endfacet
 facet normal  9.976484e-01  6.853995e-02  0.000000e+00
   outer loop
     vertex  5.979685e+00  4.933173e-01  1.500000e+02
     vertex  5.990968e+00  3.290847e-01  1.500000e+02
     vertex  5.990968e+00  3.290847e-01  0.000000e+00
   endloop
 endfacet
 facet normal  9.953925e-01  9.588368e-02  0.000000e+00
   outer loop
     vertex  5.963901e+00  6.571786e-01  1.500000e+02
     vertex  5.979685e+00  4.933173e-01  0.000000e+00
     vertex  5.963901e+00  6.571786e-01  0.000000e+00
   endloop
 endfacet
 facet normal  9.953925e-01  9.588368e-02  0.000000e+00
   outer loop
     vertex  5.963901e+00  6.571786e-01  1.500000e+02
     vertex  5.979685e+00  4.933173e-01  1.500000e+02
     vertex  5.979685e+00  4.933173e-01  0.000000e+00
   endloop
 endfacet
 facet normal  9.923874e-01  1.231552e-01  0.000000e+00
   outer loop
     vertex  5.943627e+00  8.205452e-01  1.500000e+02
     vertex  5.963901e+00  6.571786e-01  0.000000e+00
     vertex  5.943627e+00  8.205452e-01  0.000000e+00
   endloop
 endfacet
 facet normal  9.923874e-01  1.231552e-01  0.000000e+00
   outer loop
     vertex  5.943627e+00  8.205452e-01  1.500000e+02
     vertex  5.963901e+00  6.571786e-01  1.500000e+02
     vertex  5.963901e+00  6.571786e-01  0.000000e+00
   endloop
 endfacet
 facet normal  9.886353e-01  1.503341e-01  0.000000e+00
   outer loop
     vertex  5.918879e+00  9.832941e-01  1.500000e+02
     vertex  5.943627e+00  8.205452e-01  0.000000e+00
     vertex  5.918879e+00  9.832941e-01  0.000000e+00
   endloop
 endfacet
 facet normal  9.886353e-01  1.503341e-01  0.000000e+00
   outer loop
     vertex  5.918879e+00  9.832941e-01  1.500000e+02
     vertex  5.943627e+00  8.205452e-01  1.500000e+02
     vertex  5.943627e+00  8.205452e-01  0.000000e+00
   endloop
 endfacet
 facet normal  9.841389e-01  1.773998e-01  0.000000e+00
   outer loop
     vertex  5.889676e+00  1.145303e+00  1.500000e+02
     vertex  5.918879e+00  9.832941e-01  0.000000e+00
     vertex  5.889676e+00  1.145303e+00  0.000000e+00
   endloop
 endfacet
 facet normal  9.841389e-01  1.773998e-01  0.000000e+00
   outer loop
     vertex  5.889676e+00  1.145303e+00  1.500000e+02
     vertex  5.918879e+00  9.832941e-01  1.500000e+02
     vertex  5.918879e+00  9.832941e-01  0.000000e+00
   endloop
 endfacet
 facet normal  9.789017e-01  2.043319e-01  0.000000e+00
   outer loop
     vertex  5.856039e+00  1.306449e+00  1.500000e+02
     vertex  5.889676e+00  1.145303e+00  0.000000e+00
     vertex  5.856039e+00  1.306449e+00  0.000000e+00
   endloop
 endfacet
 facet normal  9.789017e-01  2.043319e-01  0.000000e+00
   outer loop
     vertex  5.856039e+00  1.306449e+00  1.500000e+02
     vertex  5.889676e+00  1.145303e+00  1.500000e+02
     vertex  5.889676e+00  1.145303e+00  0.000000e+00
   endloop
 endfacet
 facet normal  9.729276e-01  2.311102e-01  0.000000e+00
   outer loop
     vertex  5.817993e+00  1.466613e+00  1.500000e+02
     vertex  5.856039e+00  1.306449e+00  0.000000e+00
     vertex  5.817993e+00  1.466613e+00  0.000000e+00
   endloop
 endfacet
 facet normal  9.729276e-01  2.311102e-01  0.000000e+00
   outer loop
     vertex  5.817993e+00  1.466613e+00  1.500000e+02
     vertex  5.856039e+00  1.306449e+00  1.500000e+02
     vertex  5.856039e+00  1.306449e+00  0.000000e+00
   endloop
 endfacet
 facet normal  9.662211e-01  2.577146e-01  0.000000e+00
   outer loop
     vertex  5.775569e+00  1.625672e+00  1.500000e+02
     vertex  5.817993e+00  1.466613e+00  1.500000e+02
     vertex  5.817993e+00  1.466613e+00  0.000000e+00
   endloop
 endfacet
 facet normal  9.662211e-01  2.577146e-01  0.000000e+00
   outer loop
     vertex  5.775569e+00  1.625672e+00  1.500000e+02
     vertex  5.817993e+00  1.466613e+00  0.000000e+00
     vertex  5.775569e+00  1.625672e+00  0.000000e+00
   endloop
 endfacet
 facet normal  9.587873e-01  2.841250e-01  0.000000e+00
   outer loop
     vertex  5.728796e+00  1.783507e+00  1.500000e+02
     vertex  5.775569e+00  1.625672e+00  1.500000e+02
     vertex  5.775569e+00  1.625672e+00  0.000000e+00
   endloop
 endfacet
 facet normal  9.587873e-01  2.841250e-01  0.000000e+00
   outer loop
     vertex  5.728796e+00  1.783507e+00  1.500000e+02
     vertex  5.775569e+00  1.625672e+00  0.000000e+00
     vertex  5.728796e+00  1.783507e+00  0.000000e+00
   endloop
 endfacet
 facet normal  9.506317e-01  3.103214e-01  0.000000e+00
   outer loop
     vertex  5.677711e+00  1.940000e+00  1.500000e+02
     vertex  5.728796e+00  1.783507e+00  1.500000e+02
     vertex  5.728796e+00  1.783507e+00  0.000000e+00
   endloop
 endfacet
 facet normal  9.506317e-01  3.103214e-01  0.000000e+00
   outer loop
     vertex  5.677711e+00  1.940000e+00  1.500000e+02
     vertex  5.728796e+00  1.783507e+00  0.000000e+00
     vertex  5.677711e+00  1.940000e+00  0.000000e+00
   endloop
 endfacet
 facet normal  9.417605e-01  3.362843e-01  0.000000e+00
   outer loop
     vertex  5.677711e+00  1.940000e+00  1.500000e+02
     vertex  5.677711e+00  1.940000e+00  0.000000e+00
     vertex  5.622352e+00  2.095032e+00  0.000000e+00
   endloop
 endfacet
 facet normal  9.417605e-01  3.362843e-01  0.000000e+00
   outer loop
     vertex  5.622352e+00  2.095032e+00  1.500000e+02
     vertex  5.677711e+00  1.940000e+00  1.500000e+02
     vertex  5.622352e+00  2.095032e+00  0.000000e+00
   endloop
 endfacet
 facet normal  9.321804e-01  3.619940e-01  0.000000e+00
   outer loop
     vertex  5.562760e+00  2.248488e+00  1.500000e+02
     vertex  5.622352e+00  2.095032e+00  1.500000e+02
     vertex  5.622352e+00  2.095032e+00  0.000000e+00
   endloop
 endfacet
 facet normal  9.321804e-01  3.619940e-01  0.000000e+00
   outer loop
     vertex  5.562760e+00  2.248488e+00  1.500000e+02
     vertex  5.622352e+00  2.095032e+00  0.000000e+00
     vertex  5.562760e+00  2.248488e+00  0.000000e+00
   endloop
 endfacet
 facet normal  9.218986e-01  3.874313e-01  0.000000e+00
   outer loop
     vertex  5.498982e+00  2.400250e+00  1.500000e+02
     vertex  5.562760e+00  2.248488e+00  1.500000e+02
     vertex  5.562760e+00  2.248488e+00  0.000000e+00
   endloop
 endfacet
 facet normal  9.218986e-01  3.874313e-01  0.000000e+00
   outer loop
     vertex  5.498982e+00  2.400250e+00  1.500000e+02
     vertex  5.562760e+00  2.248488e+00  0.000000e+00
     vertex  5.498982e+00  2.400250e+00  0.000000e+00
   endloop
 endfacet
 facet normal  9.109228e-01  4.125769e-01  0.000000e+00
   outer loop
     vertex  5.431063e+00  2.550206e+00  1.500000e+02
     vertex  5.498982e+00  2.400250e+00  1.500000e+02
     vertex  5.498982e+00  2.400250e+00  0.000000e+00
   endloop
 endfacet
 facet normal  9.109228e-01  4.125769e-01  0.000000e+00
   outer loop
     vertex  5.431063e+00  2.550206e+00  1.500000e+02
     vertex  5.498982e+00  2.400250e+00  0.000000e+00
     vertex  5.431063e+00  2.550206e+00  0.000000e+00
   endloop
 endfacet
 facet normal  8.992613e-01  4.374119e-01  0.000000e+00
   outer loop
     vertex  5.359057e+00  2.698242e+00  1.500000e+02
     vertex  5.431063e+00  2.550206e+00  1.500000e+02
     vertex  5.431063e+00  2.550206e+00  0.000000e+00
   endloop
 endfacet
 facet normal  8.992613e-01  4.374119e-01  0.000000e+00
   outer loop
     vertex  5.359057e+00  2.698242e+00  1.500000e+02
     vertex  5.431063e+00  2.550206e+00  0.000000e+00
     vertex  5.359057e+00  2.698242e+00  0.000000e+00
   endloop
 endfacet
 facet normal  8.869228e-01  4.619176e-01  0.000000e+00
   outer loop
     vertex  5.359057e+00  2.698242e+00  1.500000e+02
     vertex  5.359057e+00  2.698242e+00  0.000000e+00
     vertex  5.283016e+00  2.844247e+00  0.000000e+00
   endloop
 endfacet
 facet normal  8.869228e-01  4.619176e-01  0.000000e+00
   outer loop
     vertex  5.283016e+00  2.844247e+00  1.500000e+02
     vertex  5.359057e+00  2.698242e+00  1.500000e+02
     vertex  5.283016e+00  2.844247e+00  0.000000e+00
   endloop
 endfacet
 facet normal  8.739167e-01  4.860756e-01  0.000000e+00
   outer loop
     vertex  5.202998e+00  2.988111e+00  1.500000e+02
     vertex  5.283016e+00  2.844247e+00  1.500000e+02
     vertex  5.283016e+00  2.844247e+00  0.000000e+00
   endloop
 endfacet
 facet normal  8.739167e-01  4.860756e-01  0.000000e+00
   outer loop
     vertex  5.202998e+00  2.988111e+00  1.500000e+02
     vertex  5.283016e+00  2.844247e+00  0.000000e+00
     vertex  5.202998e+00  2.988111e+00  0.000000e+00
   endloop
 endfacet
 facet normal  8.602528e-01  5.098678e-01  0.000000e+00
   outer loop
     vertex  5.119064e+00  3.129726e+00  1.500000e+02
     vertex  5.202998e+00  2.988111e+00  1.500000e+02
     vertex  5.202998e+00  2.988111e+00  0.000000e+00
   endloop
 endfacet
 facet normal  8.602528e-01  5.098678e-01  0.000000e+00
   outer loop
     vertex  5.119064e+00  3.129726e+00  1.500000e+02
     vertex  5.202998e+00  2.988111e+00  0.000000e+00
     vertex  5.119064e+00  3.129726e+00  0.000000e+00
   endloop
 endfacet
 facet normal  8.459413e-01  5.332761e-01  0.000000e+00
   outer loop
     vertex  5.031276e+00  3.268985e+00  1.500000e+02
     vertex  5.119064e+00  3.129726e+00  1.500000e+02
     vertex  5.119064e+00  3.129726e+00  0.000000e+00
   endloop
 endfacet
 facet normal  8.459413e-01  5.332761e-01  0.000000e+00
   outer loop
     vertex  5.031276e+00  3.268985e+00  1.500000e+02
     vertex  5.119064e+00  3.129726e+00  0.000000e+00
     vertex  5.031276e+00  3.268985e+00  0.000000e+00
   endloop
 endfacet
 facet normal  8.309929e-01  5.562829e-01  0.000000e+00
   outer loop
     vertex  5.031276e+00  3.268985e+00  1.500000e+02
     vertex  5.031276e+00  3.268985e+00  0.000000e+00
     vertex  4.939701e+00  3.405783e+00  0.000000e+00
   endloop
 endfacet
 facet normal  8.309929e-01  5.562829e-01  0.000000e+00
   outer loop
     vertex  4.939701e+00  3.405783e+00  1.500000e+02
     vertex  5.031276e+00  3.268985e+00  1.500000e+02
     vertex  4.939701e+00  3.405783e+00  0.000000e+00
   endloop
 endfacet
 facet normal  8.154191e-01  5.788711e-01  0.000000e+00
   outer loop
     vertex  4.844407e+00  3.540017e+00  1.500000e+02
     vertex  4.939701e+00  3.405783e+00  0.000000e+00
     vertex  4.844407e+00  3.540017e+00  0.000000e+00
   endloop
 endfacet
 facet normal  7.992314e-01  6.010234e-01  0.000000e+00
   outer loop
     vertex  4.844407e+00  3.540017e+00  1.500000e+02
     vertex  4.844407e+00  3.540017e+00  0.000000e+00
     vertex  4.745467e+00  3.671586e+00  0.000000e+00
   endloop
 endfacet
 facet normal  8.154191e-01  5.788711e-01  0.000000e+00
   outer loop
     vertex  4.844407e+00  3.540017e+00  1.500000e+02
     vertex  4.939701e+00  3.405783e+00  1.500000e+02
     vertex  4.939701e+00  3.405783e+00  0.000000e+00
   endloop
 endfacet
 facet normal  7.992314e-01  6.010234e-01  0.000000e+00
   outer loop
     vertex  4.745467e+00  3.671586e+00  1.500000e+02
     vertex  4.844407e+00  3.540017e+00  1.500000e+02
     vertex  4.745467e+00  3.671586e+00  0.000000e+00
   endloop
 endfacet
 facet normal  7.824421e-01  6.227234e-01  0.000000e+00
   outer loop
     vertex  4.642954e+00  3.800391e+00  1.500000e+02
     vertex  4.745467e+00  3.671586e+00  0.000000e+00
     vertex  4.642954e+00  3.800391e+00  0.000000e+00
   endloop
 endfacet
 facet normal  7.824421e-01  6.227234e-01  0.000000e+00
   outer loop
     vertex  4.642954e+00  3.800391e+00  1.500000e+02
     vertex  4.745467e+00  3.671586e+00  1.500000e+02
     vertex  4.745467e+00  3.671586e+00  0.000000e+00
   endloop
 endfacet
 facet normal  7.650637e-01  6.439545e-01  0.000000e+00
   outer loop
     vertex  4.536947e+00  3.926336e+00  1.500000e+02
     vertex  4.642954e+00  3.800391e+00  0.000000e+00
     vertex  4.536947e+00  3.926336e+00  0.000000e+00
   endloop
 endfacet
 facet normal  7.471095e-01  6.647010e-01  0.000000e+00
   outer loop
     vertex  4.536947e+00  3.926336e+00  1.500000e+02
     vertex  4.536947e+00  3.926336e+00  0.000000e+00
     vertex  4.427524e+00  4.049325e+00  0.000000e+00
   endloop
 endfacet
 facet normal  7.650637e-01  6.439545e-01  0.000000e+00
   outer loop
     vertex  4.536947e+00  3.926336e+00  1.500000e+02
     vertex  4.642954e+00  3.800391e+00  1.500000e+02
     vertex  4.642954e+00  3.800391e+00  0.000000e+00
   endloop
 endfacet
 facet normal  7.471095e-01  6.647010e-01  0.000000e+00
   outer loop
     vertex  4.427524e+00  4.049325e+00  1.500000e+02
     vertex  4.536947e+00  3.926336e+00  1.500000e+02
     vertex  4.427524e+00  4.049325e+00  0.000000e+00
   endloop
 endfacet
 facet normal  7.285929e-01  6.849470e-01  0.000000e+00
   outer loop
     vertex  4.314768e+00  4.169266e+00  1.500000e+02
     vertex  4.427524e+00  4.049325e+00  0.000000e+00
     vertex  4.314768e+00  4.169266e+00  0.000000e+00
   endloop
 endfacet
 facet normal  7.095278e-01  7.046775e-01  0.000000e+00
   outer loop
     vertex  4.314768e+00  4.169266e+00  1.500000e+02
     vertex  4.314768e+00  4.169266e+00  0.000000e+00
     vertex  4.198764e+00  4.286068e+00  0.000000e+00
   endloop
 endfacet
 facet normal  7.285929e-01  6.849470e-01  0.000000e+00
   outer loop
     vertex  4.314768e+00  4.169266e+00  1.500000e+02
     vertex  4.427524e+00  4.049325e+00  1.500000e+02
     vertex  4.427524e+00  4.049325e+00  0.000000e+00
   endloop
 endfacet
 facet normal  6.899286e-01  7.238775e-01  0.000000e+00
   outer loop
     vertex  4.198764e+00  4.286068e+00  1.500000e+02
     vertex  4.198764e+00  4.286068e+00  0.000000e+00
     vertex  4.079600e+00  4.399644e+00  0.000000e+00
   endloop
 endfacet
 facet normal  7.095278e-01  7.046775e-01  0.000000e+00
   outer loop
     vertex  4.198764e+00  4.286068e+00  1.500000e+02
     vertex  4.314768e+00  4.169266e+00  1.500000e+02
     vertex  4.198764e+00  4.286068e+00  0.000000e+00
   endloop
 endfacet
 facet normal  6.899286e-01  7.238775e-01  0.000000e+00
   outer loop
     vertex  4.079600e+00  4.399644e+00  1.500000e+02
     vertex  4.198764e+00  4.286068e+00  1.500000e+02
     vertex  4.079600e+00  4.399644e+00  0.000000e+00
   endloop
 endfacet
 facet normal  6.698100e-01  7.425325e-01  0.000000e+00
   outer loop
     vertex  3.957364e+00  4.509908e+00  1.500000e+02
     vertex  4.079600e+00  4.399644e+00  0.000000e+00
     vertex  3.957364e+00  4.509908e+00  0.000000e+00
   endloop
 endfacet
 facet normal  6.491872e-01  7.606287e-01  0.000000e+00
   outer loop
     vertex  3.957364e+00  4.509908e+00  1.500000e+02
     vertex  3.957364e+00  4.509908e+00  0.000000e+00
     vertex  3.832149e+00  4.616777e+00  0.000000e+00
   endloop
 endfacet
 facet normal  6.698100e-01  7.425325e-01  0.000000e+00
   outer loop
     vertex  3.957364e+00  4.509908e+00  1.500000e+02
     vertex  4.079600e+00  4.399644e+00  1.500000e+02
     vertex  4.079600e+00  4.399644e+00  0.000000e+00
   endloop
 endfacet
 facet normal  6.491872e-01  7.606287e-01  0.000000e+00
   outer loop
     vertex  3.832149e+00  4.616777e+00  1.500000e+02
     vertex  3.957364e+00  4.509908e+00  1.500000e+02
     vertex  3.832149e+00  4.616777e+00  0.000000e+00
   endloop
 endfacet
 facet normal  6.280757e-01  7.781522e-01  0.000000e+00
   outer loop
     vertex  3.704050e+00  4.720171e+00  1.500000e+02
     vertex  3.832149e+00  4.616777e+00  0.000000e+00
     vertex  3.704050e+00  4.720171e+00  0.000000e+00
   endloop
 endfacet
 facet normal  6.280757e-01  7.781522e-01  0.000000e+00
   outer loop
     vertex  3.704050e+00  4.720171e+00  1.500000e+02
     vertex  3.832149e+00  4.616777e+00  1.500000e+02
     vertex  3.832149e+00  4.616777e+00  0.000000e+00
   endloop
 endfacet
 facet normal  6.064915e-01  7.950900e-01  0.000000e+00
   outer loop
     vertex  3.573163e+00  4.820011e+00  1.500000e+02
     vertex  3.704050e+00  4.720171e+00  0.000000e+00
     vertex  3.573163e+00  4.820011e+00  0.000000e+00
   endloop
 endfacet
 facet normal  6.064915e-01  7.950900e-01  0.000000e+00
   outer loop
     vertex  3.573163e+00  4.820011e+00  1.500000e+02
     vertex  3.704050e+00  4.720171e+00  1.500000e+02
     vertex  3.704050e+00  4.720171e+00  0.000000e+00
   endloop
 endfacet
 facet normal  5.844507e-01  8.114292e-01  0.000000e+00
   outer loop
     vertex  3.439585e+00  4.916223e+00  1.500000e+02
     vertex  3.573163e+00  4.820011e+00  0.000000e+00
     vertex  3.439585e+00  4.916223e+00  0.000000e+00
   endloop
 endfacet
 facet normal  5.844507e-01  8.114292e-01  0.000000e+00
   outer loop
     vertex  3.439585e+00  4.916223e+00  1.500000e+02
     vertex  3.573163e+00  4.820011e+00  1.500000e+02
     vertex  3.573163e+00  4.820011e+00  0.000000e+00
   endloop
 endfacet
 facet normal  5.619699e-01  8.271577e-01  0.000000e+00
   outer loop
     vertex  3.303419e+00  5.008735e+00  1.500000e+02
     vertex  3.439585e+00  4.916223e+00  0.000000e+00
     vertex  3.303419e+00  5.008735e+00  0.000000e+00
   endloop
 endfacet
 facet normal  5.619699e-01  8.271577e-01  0.000000e+00
   outer loop
     vertex  3.303419e+00  5.008735e+00  1.500000e+02
     vertex  3.439585e+00  4.916223e+00  1.500000e+02
     vertex  3.439585e+00  4.916223e+00  0.000000e+00
   endloop
 endfacet
 facet normal  5.390661e-01  8.422635e-01  0.000000e+00
   outer loop
     vertex  3.164766e+00  5.097476e+00  1.500000e+02
     vertex  3.303419e+00  5.008735e+00  1.500000e+02
     vertex  3.303419e+00  5.008735e+00  0.000000e+00
   endloop
 endfacet
 facet normal  5.390661e-01  8.422635e-01  0.000000e+00
   outer loop
     vertex  3.164766e+00  5.097476e+00  1.500000e+02
     vertex  3.303419e+00  5.008735e+00  0.000000e+00
     vertex  3.164766e+00  5.097476e+00  0.000000e+00
   endloop
 endfacet
 facet normal  5.157565e-01  8.567352e-01  0.000000e+00
   outer loop
     vertex  3.164766e+00  5.097476e+00  1.500000e+02
     vertex  3.164766e+00  5.097476e+00  0.000000e+00
     vertex  3.023730e+00  5.182379e+00  0.000000e+00
   endloop
 endfacet
 facet normal  5.157565e-01  8.567352e-01  0.000000e+00
   outer loop
     vertex  3.023730e+00  5.182379e+00  1.500000e+02
     vertex  3.164766e+00  5.097476e+00  1.500000e+02
     vertex  3.023730e+00  5.182379e+00  0.000000e+00
   endloop
 endfacet
 facet normal  4.920587e-01  8.705620e-01  0.000000e+00
   outer loop
     vertex  2.880418e+00  5.263382e+00  1.500000e+02
     vertex  3.023730e+00  5.182379e+00  1.500000e+02
     vertex  3.023730e+00  5.182379e+00  0.000000e+00
   endloop
 endfacet
 facet normal  4.920587e-01  8.705620e-01  0.000000e+00
   outer loop
     vertex  2.880418e+00  5.263382e+00  1.500000e+02
     vertex  3.023730e+00  5.182379e+00  0.000000e+00
     vertex  2.880418e+00  5.263382e+00  0.000000e+00
   endloop
 endfacet
 facet normal  4.679904e-01  8.837335e-01  0.000000e+00
   outer loop
     vertex  2.734938e+00  5.340422e+00  1.500000e+02
     vertex  2.880418e+00  5.263382e+00  1.500000e+02
     vertex  2.880418e+00  5.263382e+00  0.000000e+00
   endloop
 endfacet
 facet normal  4.679904e-01  8.837335e-01  0.000000e+00
   outer loop
     vertex  2.734938e+00  5.340422e+00  1.500000e+02
     vertex  2.880418e+00  5.263382e+00  0.000000e+00
     vertex  2.734938e+00  5.340422e+00  0.000000e+00
   endloop
 endfacet
 facet normal  4.435699e-01  8.962398e-01  0.000000e+00
   outer loop
     vertex  2.587400e+00  5.413443e+00  1.500000e+02
     vertex  2.734938e+00  5.340422e+00  1.500000e+02
     vertex  2.734938e+00  5.340422e+00  0.000000e+00
   endloop
 endfacet
 facet normal  4.435699e-01  8.962398e-01  0.000000e+00
   outer loop
     vertex  2.587400e+00  5.413443e+00  1.500000e+02
     vertex  2.734938e+00  5.340422e+00  0.000000e+00
     vertex  2.587400e+00  5.413443e+00  0.000000e+00
   endloop
 endfacet
 facet normal  4.188155e-01  9.080714e-01  0.000000e+00
   outer loop
     vertex  2.437913e+00  5.482388e+00  1.500000e+02
     vertex  2.587400e+00  5.413443e+00  1.500000e+02
     vertex  2.587400e+00  5.413443e+00  0.000000e+00
   endloop
 endfacet
 facet normal  4.188155e-01  9.080714e-01  0.000000e+00
   outer loop
     vertex  2.437913e+00  5.482388e+00  1.500000e+02
     vertex  2.587400e+00  5.413443e+00  0.000000e+00
     vertex  2.437913e+00  5.482388e+00  0.000000e+00
   endloop
 endfacet
 facet normal  3.937458e-01  9.192194e-01  0.000000e+00
   outer loop
     vertex  2.437913e+00  5.482388e+00  1.500000e+02
     vertex  2.437913e+00  5.482388e+00  0.000000e+00
     vertex  2.286591e+00  5.547206e+00  0.000000e+00
   endloop
 endfacet
 facet normal  3.937458e-01  9.192194e-01  0.000000e+00
   outer loop
     vertex  2.286591e+00  5.547206e+00  1.500000e+02
     vertex  2.437913e+00  5.482388e+00  1.500000e+02
     vertex  2.286591e+00  5.547206e+00  0.000000e+00
   endloop
 endfacet
 facet normal  3.683796e-01  9.296754e-01  0.000000e+00
   outer loop
     vertex  2.133548e+00  5.607849e+00  1.500000e+02
     vertex  2.286591e+00  5.547206e+00  1.500000e+02
     vertex  2.286591e+00  5.547206e+00  0.000000e+00
   endloop
 endfacet
 facet normal  3.683796e-01  9.296754e-01  0.000000e+00
   outer loop
     vertex  2.133548e+00  5.607849e+00  1.500000e+02
     vertex  2.286591e+00  5.547206e+00  0.000000e+00
     vertex  2.133548e+00  5.607849e+00  0.000000e+00
   endloop
 endfacet
 facet normal  3.427362e-01  9.394317e-01  0.000000e+00
   outer loop
     vertex  1.978899e+00  5.664270e+00  1.500000e+02
     vertex  2.133548e+00  5.607849e+00  1.500000e+02
     vertex  2.133548e+00  5.607849e+00  0.000000e+00
   endloop
 endfacet
 facet normal  3.427362e-01  9.394317e-01  0.000000e+00
   outer loop
     vertex  1.978899e+00  5.664270e+00  1.500000e+02
     vertex  2.133548e+00  5.607849e+00  0.000000e+00
     vertex  1.978899e+00  5.664270e+00  0.000000e+00
   endloop
 endfacet
 facet normal  3.168348e-01  9.484807e-01  0.000000e+00
   outer loop
     vertex  1.822761e+00  5.716428e+00  1.500000e+02
     vertex  1.978899e+00  5.664270e+00  1.500000e+02
     vertex  1.978899e+00  5.664270e+00  0.000000e+00
   endloop
 endfacet
 facet normal  3.168348e-01  9.484807e-01  0.000000e+00
   outer loop
     vertex  1.822761e+00  5.716428e+00  1.500000e+02
     vertex  1.978899e+00  5.664270e+00  0.000000e+00
     vertex  1.822761e+00  5.716428e+00  0.000000e+00
   endloop
 endfacet
 facet normal  2.906949e-01  9.568158e-01  0.000000e+00
   outer loop
     vertex  1.665250e+00  5.764282e+00  1.500000e+02
     vertex  1.822761e+00  5.716428e+00  1.500000e+02
     vertex  1.822761e+00  5.716428e+00  0.000000e+00
   endloop
 endfacet
 facet normal  2.906949e-01  9.568158e-01  0.000000e+00
   outer loop
     vertex  1.665250e+00  5.764282e+00  1.500000e+02
     vertex  1.822761e+00  5.716428e+00  0.000000e+00
     vertex  1.665250e+00  5.764282e+00  0.000000e+00
   endloop
 endfacet
 facet normal  2.643362e-01  9.644306e-01  0.000000e+00
   outer loop
     vertex  1.506486e+00  5.807797e+00  1.500000e+02
     vertex  1.665250e+00  5.764282e+00  1.500000e+02
     vertex  1.665250e+00  5.764282e+00  0.000000e+00
   endloop
 endfacet
 facet normal  2.643362e-01  9.644306e-01  0.000000e+00
   outer loop
     vertex  1.506486e+00  5.807797e+00  1.500000e+02
     vertex  1.665250e+00  5.764282e+00  0.000000e+00
     vertex  1.506486e+00  5.807797e+00  0.000000e+00
   endloop
 endfacet
 facet normal  2.377784e-01  9.713194e-01  0.000000e+00
   outer loop
     vertex  1.506486e+00  5.807797e+00  1.500000e+02
     vertex  1.506486e+00  5.807797e+00  0.000000e+00
     vertex  1.346587e+00  5.846940e+00  0.000000e+00
   endloop
 endfacet
 facet normal  2.377784e-01  9.713194e-01  0.000000e+00
   outer loop
     vertex  1.346587e+00  5.846940e+00  1.500000e+02
     vertex  1.506486e+00  5.807797e+00  1.500000e+02
     vertex  1.346587e+00  5.846940e+00  0.000000e+00
   endloop
 endfacet
 facet normal  2.110417e-01  9.774771e-01  0.000000e+00
   outer loop
     vertex  1.185675e+00  5.881681e+00  1.500000e+02
     vertex  1.346587e+00  5.846940e+00  1.500000e+02
     vertex  1.346587e+00  5.846940e+00  0.000000e+00
   endloop
 endfacet
 facet normal  2.110417e-01  9.774771e-01  0.000000e+00
   outer loop
     vertex  1.185675e+00  5.881681e+00  1.500000e+02
     vertex  1.346587e+00  5.846940e+00  0.000000e+00
     vertex  1.185675e+00  5.881681e+00  0.000000e+00
   endloop
 endfacet
 facet normal  1.841461e-01  9.828989e-01  0.000000e+00
   outer loop
     vertex  1.023870e+00  5.911995e+00  1.500000e+02
     vertex  1.185675e+00  5.881681e+00  1.500000e+02
     vertex  1.185675e+00  5.881681e+00  0.000000e+00
   endloop
 endfacet
 facet normal  1.841461e-01  9.828989e-01  0.000000e+00
   outer loop
     vertex  1.023870e+00  5.911995e+00  1.500000e+02
     vertex  1.185675e+00  5.881681e+00  0.000000e+00
     vertex  1.023870e+00  5.911995e+00  0.000000e+00
   endloop
 endfacet
 facet normal  1.571119e-01  9.875808e-01  0.000000e+00
   outer loop
     vertex  8.612951e-01  5.937859e+00  1.500000e+02
     vertex  1.023870e+00  5.911995e+00  1.500000e+02
     vertex  1.023870e+00  5.911995e+00  0.000000e+00
   endloop
 endfacet
 facet normal  1.571119e-01  9.875808e-01  0.000000e+00
   outer loop
     vertex  8.612951e-01  5.937859e+00  1.500000e+02
     vertex  1.023870e+00  5.911995e+00  0.000000e+00
     vertex  8.612951e-01  5.937859e+00  0.000000e+00
   endloop
 endfacet
 facet normal  1.299594e-01  9.915193e-01  0.000000e+00
   outer loop
     vertex  6.980715e-01  5.959253e+00  1.500000e+02
     vertex  8.612951e-01  5.937859e+00  1.500000e+02
     vertex  8.612951e-01  5.937859e+00  0.000000e+00
   endloop
 endfacet
 facet normal  1.299594e-01  9.915193e-01  0.000000e+00
   outer loop
     vertex  6.980715e-01  5.959253e+00  1.500000e+02
     vertex  8.612951e-01  5.937859e+00  0.000000e+00
     vertex  6.980715e-01  5.959253e+00  0.000000e+00
   endloop
 endfacet
 facet normal  1.027091e-01  9.947114e-01  0.000000e+00
   outer loop
     vertex  6.980715e-01  5.959253e+00  1.500000e+02
     vertex  6.980715e-01  5.959253e+00  0.000000e+00
     vertex  5.343223e-01  5.976161e+00  0.000000e+00
   endloop
 endfacet
 facet normal  1.027091e-01  9.947114e-01  0.000000e+00
   outer loop
     vertex  5.343223e-01  5.976161e+00  1.500000e+02
     vertex  6.980715e-01  5.959253e+00  1.500000e+02
     vertex  5.343223e-01  5.976161e+00  0.000000e+00
   endloop
 endfacet
 facet normal  7.538152e-02  9.971548e-01  0.000000e+00
   outer loop
     vertex  3.701709e-01  5.988570e+00  1.500000e+02
     vertex  5.343223e-01  5.976161e+00  1.500000e+02
     vertex  5.343223e-01  5.976161e+00  0.000000e+00
   endloop
 endfacet
 facet normal  7.538152e-02  9.971548e-01  0.000000e+00
   outer loop
     vertex  3.701709e-01  5.988570e+00  1.500000e+02
     vertex  5.343223e-01  5.976161e+00  0.000000e+00
     vertex  3.701709e-01  5.988570e+00  0.000000e+00
   endloop
 endfacet
 facet normal  4.799716e-02  9.988475e-01  0.000000e+00
   outer loop
     vertex  2.057408e-01  5.996472e+00  1.500000e+02
     vertex  3.701709e-01  5.988570e+00  1.500000e+02
     vertex  3.701709e-01  5.988570e+00  0.000000e+00
   endloop
 endfacet
 facet normal  4.799716e-02  9.988475e-01  0.000000e+00
   outer loop
     vertex  2.057408e-01  5.996472e+00  1.500000e+02
     vertex  3.701709e-01  5.988570e+00  0.000000e+00
     vertex  2.057408e-01  5.996472e+00  0.000000e+00
   endloop
 endfacet
 facet normal  2.057667e-02  9.997883e-01  0.000000e+00
   outer loop
     vertex  4.115591e-02  5.999859e+00  1.500000e+02
     vertex  2.057408e-01  5.996472e+00  0.000000e+00
     vertex  4.115591e-02  5.999859e+00  0.000000e+00
   endloop
 endfacet
 facet normal  2.057667e-02  9.997883e-01  0.000000e+00
   outer loop
     vertex  4.115591e-02  5.999859e+00  1.500000e+02
     vertex  2.057408e-01  5.996472e+00  1.500000e+02
     vertex  2.057408e-01  5.996472e+00  0.000000e+00
   endloop
 endfacet
 facet normal -6.859319e-03  9.999765e-01  0.000000e+00
   outer loop
     vertex -1.234600e-01  5.998730e+00  1.500000e+02
     vertex  4.115591e-02  5.999859e+00  0.000000e+00
     vertex -1.234600e-01  5.998730e+00  0.000000e+00
   endloop
 endfacet
 facet normal -6.859319e-03  9.999765e-01  0.000000e+00
   outer loop
     vertex -1.234600e-01  5.998730e+00  1.500000e+02
     vertex  4.115591e-02  5.999859e+00  1.500000e+02
     vertex  4.115591e-02  5.999859e+00  0.000000e+00
   endloop
 endfacet
 facet normal -3.429014e-02  9.994119e-01  0.000000e+00
   outer loop
     vertex -2.879830e-01  5.993085e+00  1.500000e+02
     vertex -1.234600e-01  5.998730e+00  0.000000e+00
     vertex -2.879830e-01  5.993085e+00  0.000000e+00
   endloop
 endfacet
 facet normal -3.429014e-02  9.994119e-01  0.000000e+00
   outer loop
     vertex -2.879830e-01  5.993085e+00  1.500000e+02
     vertex -1.234600e-01  5.998730e+00  1.500000e+02
     vertex -1.234600e-01  5.998730e+00  0.000000e+00
   endloop
 endfacet
 facet normal -6.169515e-02  9.980950e-01  0.000000e+00
   outer loop
     vertex -4.522891e-01  5.982929e+00  1.500000e+02
     vertex -2.879830e-01  5.993085e+00  0.000000e+00
     vertex -4.522891e-01  5.982929e+00  0.000000e+00
   endloop
 endfacet
 facet normal -6.169515e-02  9.980950e-01  0.000000e+00
   outer loop
     vertex -4.522891e-01  5.982929e+00  1.500000e+02
     vertex -2.879830e-01  5.993085e+00  1.500000e+02
     vertex -2.879830e-01  5.993085e+00  0.000000e+00
   endloop
 endfacet
 facet normal -8.905371e-02  9.960268e-01  0.000000e+00
   outer loop
     vertex -6.162549e-01  5.968269e+00  1.500000e+02
     vertex -4.522891e-01  5.982929e+00  1.500000e+02
     vertex -4.522891e-01  5.982929e+00  0.000000e+00
   endloop
 endfacet
 facet normal -8.905371e-02  9.960268e-01  0.000000e+00
   outer loop
     vertex -6.162549e-01  5.968269e+00  1.500000e+02
     vertex -4.522891e-01  5.982929e+00  0.000000e+00
     vertex -6.162549e-01  5.968269e+00  0.000000e+00
   endloop
 endfacet
 facet normal -1.163452e-01  9.932088e-01  0.000000e+00
   outer loop
     vertex -7.797567e-01  5.949116e+00  1.500000e+02
     vertex -6.162549e-01  5.968269e+00  1.500000e+02
     vertex -6.162549e-01  5.968269e+00  0.000000e+00
   endloop
 endfacet
 facet normal -1.163452e-01  9.932088e-01  0.000000e+00
   outer loop
     vertex -7.797567e-01  5.949116e+00  1.500000e+02
     vertex -6.162549e-01  5.968269e+00  0.000000e+00
     vertex -7.797567e-01  5.949116e+00  0.000000e+00
   endloop
 endfacet
 facet normal -1.435492e-01  9.896432e-01  0.000000e+00
   outer loop
     vertex -9.426715e-01  5.925485e+00  1.500000e+02
     vertex -7.797567e-01  5.949116e+00  1.500000e+02
     vertex -7.797567e-01  5.949116e+00  0.000000e+00
   endloop
 endfacet
 facet normal -1.435492e-01  9.896432e-01  0.000000e+00
   outer loop
     vertex -9.426715e-01  5.925485e+00  1.500000e+02
     vertex -7.797567e-01  5.949116e+00  0.000000e+00
     vertex -9.426715e-01  5.925485e+00  0.000000e+00
   endloop
 endfacet
 facet normal -1.706451e-01  9.853326e-01  0.000000e+00
   outer loop
     vertex -1.104877e+00  5.897393e+00  1.500000e+02
     vertex -9.426715e-01  5.925485e+00  1.500000e+02
     vertex -9.426715e-01  5.925485e+00  0.000000e+00
   endloop
 endfacet
 facet normal -1.706451e-01  9.853326e-01  0.000000e+00
   outer loop
     vertex -1.104877e+00  5.897393e+00  1.500000e+02
     vertex -9.426715e-01  5.925485e+00  0.000000e+00
     vertex -1.104877e+00  5.897393e+00  0.000000e+00
   endloop
 endfacet
 facet normal -1.976125e-01  9.802802e-01  0.000000e+00
   outer loop
     vertex -1.266250e+00  5.864862e+00  1.500000e+02
     vertex -1.104877e+00  5.897393e+00  1.500000e+02
     vertex -1.104877e+00  5.897393e+00  0.000000e+00
   endloop
 endfacet
 facet normal -1.976125e-01  9.802802e-01  0.000000e+00
   outer loop
     vertex -1.266250e+00  5.864862e+00  1.500000e+02
     vertex -1.104877e+00  5.897393e+00  0.000000e+00
     vertex -1.266250e+00  5.864862e+00  0.000000e+00
   endloop
 endfacet
 facet normal -2.244312e-01  9.744899e-01  0.000000e+00
   outer loop
     vertex -1.426671e+00  5.827917e+00  1.500000e+02
     vertex -1.266250e+00  5.864862e+00  1.500000e+02
     vertex -1.266250e+00  5.864862e+00  0.000000e+00
   endloop
 endfacet
 facet normal -2.244312e-01  9.744899e-01  0.000000e+00
   outer loop
     vertex -1.426671e+00  5.827917e+00  1.500000e+02
     vertex -1.266250e+00  5.864862e+00  0.000000e+00
     vertex -1.426671e+00  5.827917e+00  0.000000e+00
   endloop
 endfacet
 facet normal -2.510809e-01  9.679661e-01  0.000000e+00
   outer loop
     vertex -1.586017e+00  5.786584e+00  1.500000e+02
     vertex -1.426671e+00  5.827917e+00  1.500000e+02
     vertex -1.426671e+00  5.827917e+00  0.000000e+00
   endloop
 endfacet
 facet normal -2.510809e-01  9.679661e-01  0.000000e+00
   outer loop
     vertex -1.586017e+00  5.786584e+00  1.500000e+02
     vertex -1.426671e+00  5.827917e+00  0.000000e+00
     vertex -1.586017e+00  5.786584e+00  0.000000e+00
   endloop
 endfacet
 facet normal -2.775416e-01  9.607136e-01  0.000000e+00
   outer loop
     vertex -1.744169e+00  5.740895e+00  1.500000e+02
     vertex -1.586017e+00  5.786584e+00  1.500000e+02
     vertex -1.586017e+00  5.786584e+00  0.000000e+00
   endloop
 endfacet
 facet normal -2.775416e-01  9.607136e-01  0.000000e+00
   outer loop
     vertex -1.744169e+00  5.740895e+00  1.500000e+02
     vertex -1.586017e+00  5.786584e+00  0.000000e+00
     vertex -1.744169e+00  5.740895e+00  0.000000e+00
   endloop
 endfacet
 facet normal -3.037934e-01  9.527379e-01  0.000000e+00
   outer loop
     vertex -1.901009e+00  5.690884e+00  1.500000e+02
     vertex -1.744169e+00  5.740895e+00  1.500000e+02
     vertex -1.744169e+00  5.740895e+00  0.000000e+00
   endloop
 endfacet
 facet normal -3.037934e-01  9.527379e-01  0.000000e+00
   outer loop
     vertex -1.901009e+00  5.690884e+00  1.500000e+02
     vertex -1.744169e+00  5.740895e+00  0.000000e+00
     vertex -1.901009e+00  5.690884e+00  0.000000e+00
   endloop
 endfacet
 facet normal -3.298166e-01  9.440450e-01  0.000000e+00
   outer loop
     vertex -2.056417e+00  5.636590e+00  1.500000e+02
     vertex -1.901009e+00  5.690884e+00  1.500000e+02
     vertex -1.901009e+00  5.690884e+00  0.000000e+00
   endloop
 endfacet
 facet normal -3.298166e-01  9.440450e-01  0.000000e+00
   outer loop
     vertex -2.056417e+00  5.636590e+00  1.500000e+02
     vertex -1.901009e+00  5.690884e+00  0.000000e+00
     vertex -2.056417e+00  5.636590e+00  0.000000e+00
   endloop
 endfacet
 facet normal -3.555914e-01  9.346415e-01  0.000000e+00
   outer loop
     vertex -2.210278e+00  5.578053e+00  1.500000e+02
     vertex -2.056417e+00  5.636590e+00  1.500000e+02
     vertex -2.056417e+00  5.636590e+00  0.000000e+00
   endloop
 endfacet
 facet normal -3.555914e-01  9.346415e-01  0.000000e+00
   outer loop
     vertex -2.210278e+00  5.578053e+00  1.500000e+02
     vertex -2.056417e+00  5.636590e+00  0.000000e+00
     vertex -2.210278e+00  5.578053e+00  0.000000e+00
   endloop
 endfacet
 facet normal -3.810986e-01  9.245344e-01  0.000000e+00
   outer loop
     vertex -2.362475e+00  5.515316e+00  1.500000e+02
     vertex -2.210278e+00  5.578053e+00  1.500000e+02
     vertex -2.210278e+00  5.578053e+00  0.000000e+00
   endloop
 endfacet
 facet normal -3.810986e-01  9.245344e-01  0.000000e+00
   outer loop
     vertex -2.362475e+00  5.515316e+00  1.500000e+02
     vertex -2.210278e+00  5.578053e+00  0.000000e+00
     vertex -2.362475e+00  5.515316e+00  0.000000e+00
   endloop
 endfacet
 facet normal -4.063188e-01  9.137314e-01  0.000000e+00
   outer loop
     vertex -2.512893e+00  5.448428e+00  1.500000e+02
     vertex -2.362475e+00  5.515316e+00  0.000000e+00
     vertex -2.512893e+00  5.448428e+00  0.000000e+00
   endloop
 endfacet
 facet normal -4.312333e-01  9.022405e-01  0.000000e+00
   outer loop
     vertex -2.512893e+00  5.448428e+00  1.500000e+02
     vertex -2.512893e+00  5.448428e+00  0.000000e+00
     vertex -2.661419e+00  5.377439e+00  0.000000e+00
   endloop
 endfacet
 facet normal -4.063188e-01  9.137314e-01  0.000000e+00
   outer loop
     vertex -2.512893e+00  5.448428e+00  1.500000e+02
     vertex -2.362475e+00  5.515316e+00  1.500000e+02
     vertex -2.362475e+00  5.515316e+00  0.000000e+00
   endloop
 endfacet
 facet normal -4.312333e-01  9.022405e-01  0.000000e+00
   outer loop
     vertex -2.661419e+00  5.377439e+00  1.500000e+02
     vertex -2.512893e+00  5.448428e+00  1.500000e+02
     vertex -2.661419e+00  5.377439e+00  0.000000e+00
   endloop
 endfacet
 facet normal -4.558231e-01  8.900704e-01  0.000000e+00
   outer loop
     vertex -2.807943e+00  5.302401e+00  1.500000e+02
     vertex -2.661419e+00  5.377439e+00  0.000000e+00
     vertex -2.807943e+00  5.302401e+00  0.000000e+00
   endloop
 endfacet
 facet normal -4.558231e-01  8.900704e-01  0.000000e+00
   outer loop
     vertex -2.807943e+00  5.302401e+00  1.500000e+02
     vertex -2.661419e+00  5.377439e+00  1.500000e+02
     vertex -2.661419e+00  5.377439e+00  0.000000e+00
   endloop
 endfacet
 facet normal -4.800697e-01  8.772303e-01  0.000000e+00
   outer loop
     vertex -2.952352e+00  5.223372e+00  1.500000e+02
     vertex -2.807943e+00  5.302401e+00  0.000000e+00
     vertex -2.952352e+00  5.223372e+00  0.000000e+00
   endloop
 endfacet
 facet normal -4.800697e-01  8.772303e-01  0.000000e+00
   outer loop
     vertex -2.952352e+00  5.223372e+00  1.500000e+02
     vertex -2.807943e+00  5.302401e+00  1.500000e+02
     vertex -2.807943e+00  5.302401e+00  0.000000e+00
   endloop
 endfacet
 facet normal -5.039550e-01  8.637299e-01  0.000000e+00
   outer loop
     vertex -3.094539e+00  5.140411e+00  1.500000e+02
     vertex -2.952352e+00  5.223372e+00  0.000000e+00
     vertex -3.094539e+00  5.140411e+00  0.000000e+00
   endloop
 endfacet
 facet normal -5.039550e-01  8.637299e-01  0.000000e+00
   outer loop
     vertex -3.094539e+00  5.140411e+00  1.500000e+02
     vertex -2.952352e+00  5.223372e+00  1.500000e+02
     vertex -2.952352e+00  5.223372e+00  0.000000e+00
   endloop
 endfacet
 facet normal -5.274609e-01  8.495793e-01  0.000000e+00
   outer loop
     vertex -3.234397e+00  5.053581e+00  1.500000e+02
     vertex -3.094539e+00  5.140411e+00  0.000000e+00
     vertex -3.234397e+00  5.053581e+00  0.000000e+00
   endloop
 endfacet
 facet normal -5.274609e-01  8.495793e-01  0.000000e+00
   outer loop
     vertex -3.234397e+00  5.053581e+00  1.500000e+02
     vertex -3.094539e+00  5.140411e+00  1.500000e+02
     vertex -3.094539e+00  5.140411e+00  0.000000e+00
   endloop
 endfacet
 facet normal -5.505698e-01  8.347891e-01  0.000000e+00
   outer loop
     vertex -3.371819e+00  4.962946e+00  1.500000e+02
     vertex -3.234397e+00  5.053581e+00  0.000000e+00
     vertex -3.371819e+00  4.962946e+00  0.000000e+00
   endloop
 endfacet
 facet normal -5.732642e-01  8.193706e-01  0.000000e+00
   outer loop
     vertex -3.371819e+00  4.962946e+00  1.500000e+02
     vertex -3.371819e+00  4.962946e+00  0.000000e+00
     vertex -3.506704e+00  4.868575e+00  0.000000e+00
   endloop
 endfacet
 facet normal -5.505698e-01  8.347891e-01  0.000000e+00
   outer loop
     vertex -3.371819e+00  4.962946e+00  1.500000e+02
     vertex -3.234397e+00  5.053581e+00  1.500000e+02
     vertex -3.234397e+00  5.053581e+00  0.000000e+00
   endloop
 endfacet
 facet normal -5.732642e-01  8.193706e-01  0.000000e+00
   outer loop
     vertex -3.506704e+00  4.868575e+00  1.500000e+02
     vertex -3.371819e+00  4.962946e+00  1.500000e+02
     vertex -3.506704e+00  4.868575e+00  0.000000e+00
   endloop
 endfacet
 facet normal -5.955271e-01  8.033352e-01  0.000000e+00
   outer loop
     vertex -3.638949e+00  4.770540e+00  1.500000e+02
     vertex -3.506704e+00  4.868575e+00  0.000000e+00
     vertex -3.638949e+00  4.770540e+00  0.000000e+00
   endloop
 endfacet
 facet normal -5.955271e-01  8.033352e-01  0.000000e+00
   outer loop
     vertex -3.638949e+00  4.770540e+00  1.500000e+02
     vertex -3.506704e+00  4.868575e+00  1.500000e+02
     vertex -3.506704e+00  4.868575e+00  0.000000e+00
   endloop
 endfacet
 facet normal -6.173417e-01  7.866951e-01  0.000000e+00
   outer loop
     vertex -3.768454e+00  4.668913e+00  1.500000e+02
     vertex -3.638949e+00  4.770540e+00  0.000000e+00
     vertex -3.768454e+00  4.668913e+00  0.000000e+00
   endloop
 endfacet
 facet normal -6.173417e-01  7.866951e-01  0.000000e+00
   outer loop
     vertex -3.768454e+00  4.668913e+00  1.500000e+02
     vertex -3.638949e+00  4.770540e+00  1.500000e+02
     vertex -3.638949e+00  4.770540e+00  0.000000e+00
   endloop
 endfacet
 facet normal -6.386916e-01  7.694628e-01  0.000000e+00
   outer loop
     vertex -3.895123e+00  4.563772e+00  1.500000e+02
     vertex -3.768454e+00  4.668913e+00  0.000000e+00
     vertex -3.895123e+00  4.563772e+00  0.000000e+00
   endloop
 endfacet
 facet normal -6.595607e-01  7.516513e-01  0.000000e+00
   outer loop
     vertex -3.895123e+00  4.563772e+00  1.500000e+02
     vertex -3.895123e+00  4.563772e+00  0.000000e+00
     vertex -4.018860e+00  4.455195e+00  0.000000e+00
   endloop
 endfacet
 facet normal -6.386916e-01  7.694628e-01  0.000000e+00
   outer loop
     vertex -3.895123e+00  4.563772e+00  1.500000e+02
     vertex -3.768454e+00  4.668913e+00  1.500000e+02
     vertex -3.768454e+00  4.668913e+00  0.000000e+00
   endloop
 endfacet
 facet normal -6.595607e-01  7.516513e-01  0.000000e+00
   outer loop
     vertex -4.018860e+00  4.455195e+00  1.500000e+02
     vertex -3.895123e+00  4.563772e+00  1.500000e+02
     vertex -4.018860e+00  4.455195e+00  0.000000e+00
   endloop
 endfacet
 facet normal -6.799333e-01  7.332740e-01  0.000000e+00
   outer loop
     vertex -4.139571e+00  4.343265e+00  1.500000e+02
     vertex -4.018860e+00  4.455195e+00  0.000000e+00
     vertex -4.139571e+00  4.343265e+00  0.000000e+00
   endloop
 endfacet
 facet normal -6.799333e-01  7.332740e-01  0.000000e+00
   outer loop
     vertex -4.139571e+00  4.343265e+00  1.500000e+02
     vertex -4.018860e+00  4.455195e+00  1.500000e+02
     vertex -4.018860e+00  4.455195e+00  0.000000e+00
   endloop
 endfacet
 facet normal -6.997940e-01  7.143447e-01  0.000000e+00
   outer loop
     vertex -4.257167e+00  4.228065e+00  1.500000e+02
     vertex -4.139571e+00  4.343265e+00  0.000000e+00
     vertex -4.257167e+00  4.228065e+00  0.000000e+00
   endloop
 endfacet
 facet normal -6.997940e-01  7.143447e-01  0.000000e+00
   outer loop
     vertex -4.257167e+00  4.228065e+00  1.500000e+02
     vertex -4.139571e+00  4.343265e+00  1.500000e+02
     vertex -4.139571e+00  4.343265e+00  0.000000e+00
   endloop
 endfacet
 facet normal -7.191280e-01  6.948776e-01  0.000000e+00
   outer loop
     vertex -4.371557e+00  4.109682e+00  1.500000e+02
     vertex -4.257167e+00  4.228065e+00  1.500000e+02
     vertex -4.257167e+00  4.228065e+00  0.000000e+00
   endloop
 endfacet
 facet normal -7.191280e-01  6.948776e-01  0.000000e+00
   outer loop
     vertex -4.371557e+00  4.109682e+00  1.500000e+02
     vertex -4.257167e+00  4.228065e+00  0.000000e+00
     vertex -4.371557e+00  4.109682e+00  0.000000e+00
   endloop
 endfacet
 facet normal -7.379206e-01  6.748875e-01  0.000000e+00
   outer loop
     vertex -4.482657e+00  3.988206e+00  1.500000e+02
     vertex -4.371557e+00  4.109682e+00  1.500000e+02
     vertex -4.371557e+00  4.109682e+00  0.000000e+00
   endloop
 endfacet
 facet normal -7.379206e-01  6.748875e-01  0.000000e+00
   outer loop
     vertex -4.482657e+00  3.988206e+00  1.500000e+02
     vertex -4.371557e+00  4.109682e+00  0.000000e+00
     vertex -4.482657e+00  3.988206e+00  0.000000e+00
   endloop
 endfacet
 facet normal -7.561578e-01  6.543893e-01  0.000000e+00
   outer loop
     vertex -4.590382e+00  3.863727e+00  1.500000e+02
     vertex -4.482657e+00  3.988206e+00  1.500000e+02
     vertex -4.482657e+00  3.988206e+00  0.000000e+00
   endloop
 endfacet
 facet normal -7.561578e-01  6.543893e-01  0.000000e+00
   outer loop
     vertex -4.590382e+00  3.863727e+00  1.500000e+02
     vertex -4.482657e+00  3.988206e+00  0.000000e+00
     vertex -4.590382e+00  3.863727e+00  0.000000e+00
   endloop
 endfacet
 facet normal -7.738257e-01  6.333986e-01  0.000000e+00
   outer loop
     vertex -4.694652e+00  3.736340e+00  1.500000e+02
     vertex -4.590382e+00  3.863727e+00  0.000000e+00
     vertex -4.694652e+00  3.736340e+00  0.000000e+00
   endloop
 endfacet
 facet normal -7.738257e-01  6.333986e-01  0.000000e+00
   outer loop
     vertex -4.694652e+00  3.736340e+00  1.500000e+02
     vertex -4.590382e+00  3.863727e+00  1.500000e+02
     vertex -4.590382e+00  3.863727e+00  0.000000e+00
   endloop
 endfacet
 facet normal -7.909112e-01  6.119310e-01  0.000000e+00
   outer loop
     vertex -4.795388e+00  3.606141e+00  1.500000e+02
     vertex -4.694652e+00  3.736340e+00  0.000000e+00
     vertex -4.795388e+00  3.606141e+00  0.000000e+00
   endloop
 endfacet
 facet normal -7.909112e-01  6.119310e-01  0.000000e+00
   outer loop
     vertex -4.795388e+00  3.606141e+00  1.500000e+02
     vertex -4.694652e+00  3.736340e+00  1.500000e+02
     vertex -4.694652e+00  3.736340e+00  0.000000e+00
   endloop
 endfacet
 facet normal -8.074012e-01  5.900028e-01  0.000000e+00
   outer loop
     vertex -4.892514e+00  3.473226e+00  1.500000e+02
     vertex -4.795388e+00  3.606141e+00  0.000000e+00
     vertex -4.892514e+00  3.473226e+00  0.000000e+00
   endloop
 endfacet
 facet normal -8.074012e-01  5.900028e-01  0.000000e+00
   outer loop
     vertex -4.892514e+00  3.473226e+00  1.500000e+02
     vertex -4.795388e+00  3.606141e+00  1.500000e+02
     vertex -4.795388e+00  3.606141e+00  0.000000e+00
   endloop
 endfacet
 facet normal -8.232835e-01  5.676304e-01  0.000000e+00
   outer loop
     vertex -4.985958e+00  3.337698e+00  1.500000e+02
     vertex -4.892514e+00  3.473226e+00  0.000000e+00
     vertex -4.985958e+00  3.337698e+00  0.000000e+00
   endloop
 endfacet
 facet normal -8.232835e-01  5.676304e-01  0.000000e+00
   outer loop
     vertex -4.985958e+00  3.337698e+00  1.500000e+02
     vertex -4.892514e+00  3.473226e+00  1.500000e+02
     vertex -4.892514e+00  3.473226e+00  0.000000e+00
   endloop
 endfacet
 facet normal -8.385460e-01  5.448308e-01  0.000000e+00
   outer loop
     vertex -5.075648e+00  3.199656e+00  1.500000e+02
     vertex -4.985958e+00  3.337698e+00  0.000000e+00
     vertex -5.075648e+00  3.199656e+00  0.000000e+00
   endloop
 endfacet
 facet normal -8.385460e-01  5.448308e-01  0.000000e+00
   outer loop
     vertex -5.075648e+00  3.199656e+00  1.500000e+02
     vertex -4.985958e+00  3.337698e+00  1.500000e+02
     vertex -4.985958e+00  3.337698e+00  0.000000e+00
   endloop
 endfacet
 facet normal -8.531773e-01  5.216210e-01  0.000000e+00
   outer loop
     vertex -5.161517e+00  3.059207e+00  1.500000e+02
     vertex -5.075648e+00  3.199656e+00  0.000000e+00
     vertex -5.161517e+00  3.059207e+00  0.000000e+00
   endloop
 endfacet
 facet normal -8.531773e-01  5.216210e-01  0.000000e+00
   outer loop
     vertex -5.161517e+00  3.059207e+00  1.500000e+02
     vertex -5.075648e+00  3.199656e+00  1.500000e+02
     vertex -5.075648e+00  3.199656e+00  0.000000e+00
   endloop
 endfacet
 facet normal -8.671664e-01  4.980186e-01  0.000000e+00
   outer loop
     vertex -5.243500e+00  2.916454e+00  1.500000e+02
     vertex -5.161517e+00  3.059207e+00  0.000000e+00
     vertex -5.243500e+00  2.916454e+00  0.000000e+00
   endloop
 endfacet
 facet normal -8.671664e-01  4.980186e-01  0.000000e+00
   outer loop
     vertex -5.243500e+00  2.916454e+00  1.500000e+02
     vertex -5.161517e+00  3.059207e+00  1.500000e+02
     vertex -5.161517e+00  3.059207e+00  0.000000e+00
   endloop
 endfacet
 facet normal -8.805026e-01  4.740412e-01  0.000000e+00
   outer loop
     vertex -5.321537e+00  2.771506e+00  1.500000e+02
     vertex -5.243500e+00  2.916454e+00  0.000000e+00
     vertex -5.321537e+00  2.771506e+00  0.000000e+00
   endloop
 endfacet
 facet normal -8.805026e-01  4.740412e-01  0.000000e+00
   outer loop
     vertex -5.321537e+00  2.771506e+00  1.500000e+02
     vertex -5.243500e+00  2.916454e+00  1.500000e+02
     vertex -5.243500e+00  2.916454e+00  0.000000e+00
   endloop
 endfacet
 facet normal -8.931761e-01  4.497071e-01  0.000000e+00
   outer loop
     vertex -5.395568e+00  2.624471e+00  1.500000e+02
     vertex -5.321537e+00  2.771506e+00  0.000000e+00
     vertex -5.395568e+00  2.624471e+00  0.000000e+00
   endloop
 endfacet
 facet normal -8.931761e-01  4.497071e-01  0.000000e+00
   outer loop
     vertex -5.395568e+00  2.624471e+00  1.500000e+02
     vertex -5.321537e+00  2.771506e+00  1.500000e+02
     vertex -5.321537e+00  2.771506e+00  0.000000e+00
   endloop
 endfacet
 facet normal -9.051772e-01  4.250344e-01  0.000000e+00
   outer loop
     vertex -5.465537e+00  2.475461e+00  1.500000e+02
     vertex -5.395568e+00  2.624471e+00  0.000000e+00
     vertex -5.465537e+00  2.475461e+00  0.000000e+00
   endloop
 endfacet
 facet normal -9.051772e-01  4.250344e-01  0.000000e+00
   outer loop
     vertex -5.465537e+00  2.475461e+00  1.500000e+02
     vertex -5.395568e+00  2.624471e+00  1.500000e+02
     vertex -5.395568e+00  2.624471e+00  0.000000e+00
   endloop
 endfacet
 facet normal -9.164969e-01  4.000417e-01  0.000000e+00
   outer loop
     vertex -5.531392e+00  2.324588e+00  1.500000e+02
     vertex -5.465537e+00  2.475461e+00  0.000000e+00
     vertex -5.531392e+00  2.324588e+00  0.000000e+00
   endloop
 endfacet
 facet normal -9.164969e-01  4.000417e-01  0.000000e+00
   outer loop
     vertex -5.531392e+00  2.324588e+00  1.500000e+02
     vertex -5.465537e+00  2.475461e+00  1.500000e+02
     vertex -5.465537e+00  2.475461e+00  0.000000e+00
   endloop
 endfacet
 facet normal -9.271267e-01  3.747479e-01  0.000000e+00
   outer loop
     vertex -5.593082e+00  2.171964e+00  1.500000e+02
     vertex -5.531392e+00  2.324588e+00  0.000000e+00
     vertex -5.593082e+00  2.171964e+00  0.000000e+00
   endloop
 endfacet
 facet normal -9.271267e-01  3.747479e-01  0.000000e+00
   outer loop
     vertex -5.593082e+00  2.171964e+00  1.500000e+02
     vertex -5.531392e+00  2.324588e+00  1.500000e+02
     vertex -5.531392e+00  2.324588e+00  0.000000e+00
   endloop
 endfacet
 facet normal -9.370586e-01  3.491720e-01  0.000000e+00
   outer loop
     vertex -5.650563e+00  2.017706e+00  1.500000e+02
     vertex -5.593082e+00  2.171964e+00  0.000000e+00
     vertex -5.650563e+00  2.017706e+00  0.000000e+00
   endloop
 endfacet
 facet normal -9.370586e-01  3.491720e-01  0.000000e+00
   outer loop
     vertex -5.650563e+00  2.017706e+00  1.500000e+02
     vertex -5.593082e+00  2.171964e+00  1.500000e+02
     vertex -5.593082e+00  2.171964e+00  0.000000e+00
   endloop
 endfacet
 facet normal -9.462851e-01  3.233333e-01  0.000000e+00
   outer loop
     vertex -5.703790e+00  1.861929e+00  1.500000e+02
     vertex -5.650563e+00  2.017706e+00  0.000000e+00
     vertex -5.703790e+00  1.861929e+00  0.000000e+00
   endloop
 endfacet
 facet normal -9.462851e-01  3.233333e-01  0.000000e+00
   outer loop
     vertex -5.703790e+00  1.861929e+00  1.500000e+02
     vertex -5.650563e+00  2.017706e+00  1.500000e+02
     vertex -5.650563e+00  2.017706e+00  0.000000e+00
   endloop
 endfacet
 facet normal -9.547993e-01  2.972512e-01  0.000000e+00
   outer loop
     vertex -5.752724e+00  1.704750e+00  1.500000e+02
     vertex -5.703790e+00  1.861929e+00  0.000000e+00
     vertex -5.752724e+00  1.704750e+00  0.000000e+00
   endloop
 endfacet
 facet normal -9.547993e-01  2.972512e-01  0.000000e+00
   outer loop
     vertex -5.752724e+00  1.704750e+00  1.500000e+02
     vertex -5.703790e+00  1.861929e+00  1.500000e+02
     vertex -5.703790e+00  1.861929e+00  0.000000e+00
   endloop
 endfacet
 facet normal -9.625948e-01  2.709453e-01  0.000000e+00
   outer loop
     vertex -5.797327e+00  1.546288e+00  1.500000e+02
     vertex -5.752724e+00  1.704750e+00  0.000000e+00
     vertex -5.797327e+00  1.546288e+00  0.000000e+00
   endloop
 endfacet
 facet normal -9.625948e-01  2.709453e-01  0.000000e+00
   outer loop
     vertex -5.797327e+00  1.546288e+00  1.500000e+02
     vertex -5.752724e+00  1.704750e+00  1.500000e+02
     vertex -5.752724e+00  1.704750e+00  0.000000e+00
   endloop
 endfacet
 facet normal -9.696656e-01  2.444354e-01  0.000000e+00
   outer loop
     vertex -5.837565e+00  1.386661e+00  1.500000e+02
     vertex -5.797327e+00  1.546288e+00  0.000000e+00
     vertex -5.837565e+00  1.386661e+00  0.000000e+00
   endloop
 endfacet
 facet normal -9.696656e-01  2.444354e-01  0.000000e+00
   outer loop
     vertex -5.837565e+00  1.386661e+00  1.500000e+02
     vertex -5.797327e+00  1.546288e+00  1.500000e+02
     vertex -5.797327e+00  1.546288e+00  0.000000e+00
   endloop
 endfacet
 facet normal -9.760065e-01  2.177416e-01  0.000000e+00
   outer loop
     vertex -5.873410e+00  1.225992e+00  1.500000e+02
     vertex -5.837565e+00  1.386661e+00  0.000000e+00
     vertex -5.873410e+00  1.225992e+00  0.000000e+00
   endloop
 endfacet
 facet normal -9.760065e-01  2.177416e-01  0.000000e+00
   outer loop
     vertex -5.873410e+00  1.225992e+00  1.500000e+02
     vertex -5.837565e+00  1.386661e+00  1.500000e+02
     vertex -5.837565e+00  1.386661e+00  0.000000e+00
   endloop
 endfacet
 facet normal -9.816126e-01  1.908838e-01  0.000000e+00
   outer loop
     vertex -5.904833e+00  1.064399e+00  1.500000e+02
     vertex -5.873410e+00  1.225992e+00  0.000000e+00
     vertex -5.904833e+00  1.064399e+00  0.000000e+00
   endloop
 endfacet
 facet normal -9.864799e-01  1.638824e-01  0.000000e+00
   outer loop
     vertex -5.904833e+00  1.064399e+00  1.500000e+02
     vertex -5.904833e+00  1.064399e+00  0.000000e+00
     vertex -5.931812e+00  9.020046e-01  0.000000e+00
   endloop
 endfacet
 facet normal -9.816126e-01  1.908838e-01  0.000000e+00
   outer loop
     vertex -5.904833e+00  1.064399e+00  1.500000e+02
     vertex -5.873410e+00  1.225992e+00  1.500000e+02
     vertex -5.873410e+00  1.225992e+00  0.000000e+00
   endloop
 endfacet
 facet normal -9.864799e-01  1.638824e-01  0.000000e+00
   outer loop
     vertex -5.931812e+00  9.020046e-01  1.500000e+02
     vertex -5.904833e+00  1.064399e+00  1.500000e+02
     vertex -5.931812e+00  9.020046e-01  0.000000e+00
   endloop
 endfacet
 facet normal -9.906046e-01  1.367575e-01  0.000000e+00
   outer loop
     vertex -5.954325e+00  7.389315e-01  1.500000e+02
     vertex -5.931812e+00  9.020046e-01  0.000000e+00
     vertex -5.954325e+00  7.389315e-01  0.000000e+00
   endloop
 endfacet
 facet normal -9.906046e-01  1.367575e-01  0.000000e+00
   outer loop
     vertex -5.954325e+00  7.389315e-01  1.500000e+02
     vertex -5.931812e+00  9.020046e-01  1.500000e+02
     vertex -5.931812e+00  9.020046e-01  0.000000e+00
   endloop
 endfacet
 facet normal -9.939835e-01  1.095298e-01  0.000000e+00
   outer loop
     vertex -5.972355e+00  5.753021e-01  1.500000e+02
     vertex -5.954325e+00  7.389315e-01  1.500000e+02
     vertex -5.954325e+00  7.389315e-01  0.000000e+00
   endloop
 endfacet
 facet normal -9.939835e-01  1.095298e-01  0.000000e+00
   outer loop
     vertex -5.972355e+00  5.753021e-01  1.500000e+02
     vertex -5.954325e+00  7.389315e-01  0.000000e+00
     vertex -5.972355e+00  5.753021e-01  0.000000e+00
   endloop
 endfacet
 facet normal -9.966142e-01  8.221955e-02  0.000000e+00
   outer loop
     vertex -5.985890e+00  4.112397e-01  1.500000e+02
     vertex -5.972355e+00  5.753021e-01  1.500000e+02
     vertex -5.972355e+00  5.753021e-01  0.000000e+00
   endloop
 endfacet
 facet normal -9.966142e-01  8.221955e-02  0.000000e+00
   outer loop
     vertex -5.985890e+00  4.112397e-01  1.500000e+02
     vertex -5.972355e+00  5.753021e-01  0.000000e+00
     vertex -5.985890e+00  4.112397e-01  0.000000e+00
   endloop
 endfacet
 facet normal -9.984947e-01  5.484744e-02  0.000000e+00
   outer loop
     vertex -5.994919e+00  2.468677e-01  1.500000e+02
     vertex -5.985890e+00  4.112397e-01  1.500000e+02
     vertex -5.985890e+00  4.112397e-01  0.000000e+00
   endloop
 endfacet
 facet normal -9.984947e-01  5.484744e-02  0.000000e+00
   outer loop
     vertex -5.994919e+00  2.468677e-01  1.500000e+02
     vertex -5.985890e+00  4.112397e-01  0.000000e+00
     vertex -5.994919e+00  2.468677e-01  0.000000e+00
   endloop
 endfacet
 facet normal -9.996236e-01  2.743405e-02  0.000000e+00
   outer loop
     vertex -5.999435e+00  8.230989e-02  1.500000e+02
     vertex -5.994919e+00  2.468677e-01  1.500000e+02
     vertex -5.994919e+00  2.468677e-01  0.000000e+00
   endloop
 endfacet
 facet normal -9.996236e-01  2.743405e-02  0.000000e+00
   outer loop
     vertex -5.999435e+00  8.230989e-02  1.500000e+02
     vertex -5.994919e+00  2.468677e-01  0.000000e+00
     vertex -5.999435e+00  8.230989e-02  0.000000e+00
   endloop
 endfacet
 facet normal -1.000000e+00  0.000000e+00 -0.000000e+00
   outer loop
     vertex -5.999435e+00  8.230989e-02  1.500000e+02
     vertex -5.999435e+00  8.230989e-02  0.000000e+00
     vertex -5.999435e+00 -8.230989e-02  0.000000e+00
   endloop
 endfacet
 facet normal -1.000000e+00  0.000000e+00  0.000000e+00
   outer loop
     vertex -5.999435e+00 -8.230989e-02  1.500000e+02
     vertex -5.999435e+00  8.230989e-02  1.500000e+02
     vertex -5.999435e+00 -8.230989e-02  0.000000e+00
   endloop
 endfacet
 facet normal -9.996236e-01 -2.743405e-02 -0.000000e+00
   outer loop
     vertex -5.999435e+00 -8.230989e-02  1.500000e+02
     vertex -5.999435e+00 -8.230989e-02  0.000000e+00
     vertex -5.994919e+00 -2.468677e-01  0.000000e+00
   endloop
 endfacet
 facet normal -9.996236e-01 -2.743405e-02 -0.000000e+00
   outer loop
     vertex -5.994919e+00 -2.468677e-01  1.500000e+02
     vertex -5.999435e+00 -8.230989e-02  1.500000e+02
     vertex -5.994919e+00 -2.468677e-01  0.000000e+00
   endloop
 endfacet
 facet normal -9.984947e-01 -5.484744e-02  0.000000e+00
   outer loop
     vertex -5.985890e+00 -4.112397e-01  1.500000e+02
     vertex -5.994919e+00 -2.468677e-01  1.500000e+02
     vertex -5.994919e+00 -2.468677e-01  0.000000e+00
   endloop
 endfacet
 facet normal -9.984947e-01 -5.484744e-02 -0.000000e+00
   outer loop
     vertex -5.985890e+00 -4.112397e-01  1.500000e+02
     vertex -5.994919e+00 -2.468677e-01  0.000000e+00
     vertex -5.985890e+00 -4.112397e-01  0.000000e+00
   endloop
 endfacet
 facet normal -9.966142e-01 -8.221955e-02  0.000000e+00
   outer loop
     vertex -5.972355e+00 -5.753021e-01  1.500000e+02
     vertex -5.985890e+00 -4.112397e-01  1.500000e+02
     vertex -5.985890e+00 -4.112397e-01  0.000000e+00
   endloop
 endfacet
 facet normal -9.966142e-01 -8.221955e-02 -0.000000e+00
   outer loop
     vertex -5.972355e+00 -5.753021e-01  1.500000e+02
     vertex -5.985890e+00 -4.112397e-01  0.000000e+00
     vertex -5.972355e+00 -5.753021e-01  0.000000e+00
   endloop
 endfacet
 facet normal -9.939835e-01 -1.095298e-01 -0.000000e+00
   outer loop
     vertex -5.972355e+00 -5.753021e-01  1.500000e+02
     vertex -5.972355e+00 -5.753021e-01  0.000000e+00
     vertex -5.954325e+00 -7.389315e-01  0.000000e+00
   endloop
 endfacet
 facet normal -9.939835e-01 -1.095298e-01 -0.000000e+00
   outer loop
     vertex -5.954325e+00 -7.389315e-01  1.500000e+02
     vertex -5.972355e+00 -5.753021e-01  1.500000e+02
     vertex -5.954325e+00 -7.389315e-01  0.000000e+00
   endloop
 endfacet
 facet normal -9.906046e-01 -1.367575e-01  0.000000e+00
   outer loop
     vertex -5.931812e+00 -9.020046e-01  1.500000e+02
     vertex -5.954325e+00 -7.389315e-01  1.500000e+02
     vertex -5.954325e+00 -7.389315e-01  0.000000e+00
   endloop
 endfacet
 facet normal -9.906046e-01 -1.367575e-01 -0.000000e+00
   outer loop
     vertex -5.931812e+00 -9.020046e-01  1.500000e+02
     vertex -5.954325e+00 -7.389315e-01  0.000000e+00
     vertex -5.931812e+00 -9.020046e-01  0.000000e+00
   endloop
 endfacet
 facet normal -9.864799e-01 -1.638824e-01 -0.000000e+00
   outer loop
     vertex -5.931812e+00 -9.020046e-01  1.500000e+02
     vertex -5.931812e+00 -9.020046e-01  0.000000e+00
     vertex -5.904833e+00 -1.064399e+00  0.000000e+00
   endloop
 endfacet
 facet normal -9.864799e-01 -1.638824e-01 -0.000000e+00
   outer loop
     vertex -5.904833e+00 -1.064399e+00  1.500000e+02
     vertex -5.931812e+00 -9.020046e-01  1.500000e+02
     vertex -5.904833e+00 -1.064399e+00  0.000000e+00
   endloop
 endfacet
 facet normal -9.816126e-01 -1.908838e-01 -0.000000e+00
   outer loop
     vertex -5.904833e+00 -1.064399e+00  1.500000e+02
     vertex -5.904833e+00 -1.064399e+00  0.000000e+00
     vertex -5.873410e+00 -1.225992e+00  0.000000e+00
   endloop
 endfacet
 facet normal -9.816126e-01 -1.908838e-01 -0.000000e+00
   outer loop
     vertex -5.873410e+00 -1.225992e+00  1.500000e+02
     vertex -5.904833e+00 -1.064399e+00  1.500000e+02
     vertex -5.873410e+00 -1.225992e+00  0.000000e+00
   endloop
 endfacet
 facet normal -9.760065e-01 -2.177416e-01 -0.000000e+00
   outer loop
     vertex -5.837565e+00 -1.386661e+00  1.500000e+02
     vertex -5.873410e+00 -1.225992e+00  0.000000e+00
     vertex -5.837565e+00 -1.386661e+00  0.000000e+00
   endloop
 endfacet
 facet normal -9.760065e-01 -2.177416e-01  0.000000e+00
   outer loop
     vertex -5.837565e+00 -1.386661e+00  1.500000e+02
     vertex -5.873410e+00 -1.225992e+00  1.500000e+02
     vertex -5.873410e+00 -1.225992e+00  0.000000e+00
   endloop
 endfacet
 facet normal -9.696656e-01 -2.444354e-01 -0.000000e+00
   outer loop
     vertex -5.797327e+00 -1.546288e+00  1.500000e+02
     vertex -5.837565e+00 -1.386661e+00  0.000000e+00
     vertex -5.797327e+00 -1.546288e+00  0.000000e+00
   endloop
 endfacet
 facet normal -9.696656e-01 -2.444354e-01  0.000000e+00
   outer loop
     vertex -5.797327e+00 -1.546288e+00  1.500000e+02
     vertex -5.837565e+00 -1.386661e+00  1.500000e+02
     vertex -5.837565e+00 -1.386661e+00  0.000000e+00
   endloop
 endfacet
 facet normal -9.625948e-01 -2.709453e-01 -0.000000e+00
   outer loop
     vertex -5.752724e+00 -1.704750e+00  1.500000e+02
     vertex -5.797327e+00 -1.546288e+00  0.000000e+00
     vertex -5.752724e+00 -1.704750e+00  0.000000e+00
   endloop
 endfacet
 facet normal -9.625948e-01 -2.709453e-01  0.000000e+00
   outer loop
     vertex -5.752724e+00 -1.704750e+00  1.500000e+02
     vertex -5.797327e+00 -1.546288e+00  1.500000e+02
     vertex -5.797327e+00 -1.546288e+00  0.000000e+00
   endloop
 endfacet
 facet normal -9.547993e-01 -2.972512e-01 -0.000000e+00
   outer loop
     vertex -5.703790e+00 -1.861929e+00  1.500000e+02
     vertex -5.752724e+00 -1.704750e+00  0.000000e+00
     vertex -5.703790e+00 -1.861929e+00  0.000000e+00
   endloop
 endfacet
 facet normal -9.462851e-01 -3.233333e-01 -0.000000e+00
   outer loop
     vertex -5.703790e+00 -1.861929e+00  1.500000e+02
     vertex -5.703790e+00 -1.861929e+00  0.000000e+00
     vertex -5.650563e+00 -2.017706e+00  0.000000e+00
   endloop
 endfacet
 facet normal -9.547993e-01 -2.972512e-01  0.000000e+00
   outer loop
     vertex -5.703790e+00 -1.861929e+00  1.500000e+02
     vertex -5.752724e+00 -1.704750e+00  1.500000e+02
     vertex -5.752724e+00 -1.704750e+00  0.000000e+00
   endloop
 endfacet
 facet normal -9.370586e-01 -3.491720e-01 -0.000000e+00
   outer loop
     vertex -5.650563e+00 -2.017706e+00  1.500000e+02
     vertex -5.650563e+00 -2.017706e+00  0.000000e+00
     vertex -5.593082e+00 -2.171964e+00  0.000000e+00
   endloop
 endfacet
 facet normal -9.462851e-01 -3.233333e-01 -0.000000e+00
   outer loop
     vertex -5.650563e+00 -2.017706e+00  1.500000e+02
     vertex -5.703790e+00 -1.861929e+00  1.500000e+02
     vertex -5.650563e+00 -2.017706e+00  0.000000e+00
   endloop
 endfacet
 facet normal -9.370586e-01 -3.491720e-01 -0.000000e+00
   outer loop
     vertex -5.593082e+00 -2.171964e+00  1.500000e+02
     vertex -5.650563e+00 -2.017706e+00  1.500000e+02
     vertex -5.593082e+00 -2.171964e+00  0.000000e+00
   endloop
 endfacet
 facet normal -9.271267e-01 -3.747479e-01 -0.000000e+00
   outer loop
     vertex -5.531392e+00 -2.324588e+00  1.500000e+02
     vertex -5.593082e+00 -2.171964e+00  0.000000e+00
     vertex -5.531392e+00 -2.324588e+00  0.000000e+00
   endloop
 endfacet
 facet normal -9.164969e-01 -4.000417e-01 -0.000000e+00
   outer loop
     vertex -5.531392e+00 -2.324588e+00  1.500000e+02
     vertex -5.531392e+00 -2.324588e+00  0.000000e+00
     vertex -5.465537e+00 -2.475461e+00  0.000000e+00
   endloop
 endfacet
 facet normal -9.271267e-01 -3.747479e-01  0.000000e+00
   outer loop
     vertex -5.531392e+00 -2.324588e+00  1.500000e+02
     vertex -5.593082e+00 -2.171964e+00  1.500000e+02
     vertex -5.593082e+00 -2.171964e+00  0.000000e+00
   endloop
 endfacet
 facet normal -9.051772e-01 -4.250344e-01 -0.000000e+00
   outer loop
     vertex -5.465537e+00 -2.475461e+00  1.500000e+02
     vertex -5.465537e+00 -2.475461e+00  0.000000e+00
     vertex -5.395568e+00 -2.624471e+00  0.000000e+00
   endloop
 endfacet
 facet normal -9.164969e-01 -4.000417e-01 -0.000000e+00
   outer loop
     vertex -5.465537e+00 -2.475461e+00  1.500000e+02
     vertex -5.531392e+00 -2.324588e+00  1.500000e+02
     vertex -5.465537e+00 -2.475461e+00  0.000000e+00
   endloop
 endfacet
 facet normal -9.051772e-01 -4.250344e-01 -0.000000e+00
   outer loop
     vertex -5.395568e+00 -2.624471e+00  1.500000e+02
     vertex -5.465537e+00 -2.475461e+00  1.500000e+02
     vertex -5.395568e+00 -2.624471e+00  0.000000e+00
   endloop
 endfacet
 facet normal -8.931761e-01 -4.497071e-01 -0.000000e+00
   outer loop
     vertex -5.321537e+00 -2.771506e+00  1.500000e+02
     vertex -5.395568e+00 -2.624471e+00  0.000000e+00
     vertex -5.321537e+00 -2.771506e+00  0.000000e+00
   endloop
 endfacet
 facet normal -8.931761e-01 -4.497071e-01  0.000000e+00
   outer loop
     vertex -5.321537e+00 -2.771506e+00  1.500000e+02
     vertex -5.395568e+00 -2.624471e+00  1.500000e+02
     vertex -5.395568e+00 -2.624471e+00  0.000000e+00
   endloop
 endfacet
 facet normal -8.805026e-01 -4.740412e-01 -0.000000e+00
   outer loop
     vertex -5.243500e+00 -2.916454e+00  1.500000e+02
     vertex -5.321537e+00 -2.771506e+00  0.000000e+00
     vertex -5.243500e+00 -2.916454e+00  0.000000e+00
   endloop
 endfacet
 facet normal -8.671664e-01 -4.980186e-01 -0.000000e+00
   outer loop
     vertex -5.243500e+00 -2.916454e+00  1.500000e+02
     vertex -5.243500e+00 -2.916454e+00  0.000000e+00
     vertex -5.161517e+00 -3.059207e+00  0.000000e+00
   endloop
 endfacet
 facet normal -8.805026e-01 -4.740412e-01  0.000000e+00
   outer loop
     vertex -5.243500e+00 -2.916454e+00  1.500000e+02
     vertex -5.321537e+00 -2.771506e+00  1.500000e+02
     vertex -5.321537e+00 -2.771506e+00  0.000000e+00
   endloop
 endfacet
 facet normal -8.671664e-01 -4.980186e-01 -0.000000e+00
   outer loop
     vertex -5.161517e+00 -3.059207e+00  1.500000e+02
     vertex -5.243500e+00 -2.916454e+00  1.500000e+02
     vertex -5.161517e+00 -3.059207e+00  0.000000e+00
   endloop
 endfacet
 facet normal -8.531773e-01 -5.216210e-01 -0.000000e+00
   outer loop
     vertex -5.075648e+00 -3.199656e+00  1.500000e+02
     vertex -5.161517e+00 -3.059207e+00  0.000000e+00
     vertex -5.075648e+00 -3.199656e+00  0.000000e+00
   endloop
 endfacet
 facet normal -8.385460e-01 -5.448308e-01 -0.000000e+00
   outer loop
     vertex -5.075648e+00 -3.199656e+00  1.500000e+02
     vertex -5.075648e+00 -3.199656e+00  0.000000e+00
     vertex -4.985958e+00 -3.337698e+00  0.000000e+00
   endloop
 endfacet
 facet normal -8.531773e-01 -5.216210e-01  0.000000e+00
   outer loop
     vertex -5.075648e+00 -3.199656e+00  1.500000e+02
     vertex -5.161517e+00 -3.059207e+00  1.500000e+02
     vertex -5.161517e+00 -3.059207e+00  0.000000e+00
   endloop
 endfacet
 facet normal -8.385460e-01 -5.448308e-01 -0.000000e+00
   outer loop
     vertex -4.985958e+00 -3.337698e+00  1.500000e+02
     vertex -5.075648e+00 -3.199656e+00  1.500000e+02
     vertex -4.985958e+00 -3.337698e+00  0.000000e+00
   endloop
 endfacet
 facet normal -8.232835e-01 -5.676304e-01  0.000000e+00
   outer loop
     vertex -4.892514e+00 -3.473226e+00  1.500000e+02
     vertex -4.985958e+00 -3.337698e+00  1.500000e+02
     vertex -4.985958e+00 -3.337698e+00  0.000000e+00
   endloop
 endfacet
 facet normal -8.232835e-01 -5.676304e-01 -0.000000e+00
   outer loop
     vertex -4.892514e+00 -3.473226e+00  1.500000e+02
     vertex -4.985958e+00 -3.337698e+00  0.000000e+00
     vertex -4.892514e+00 -3.473226e+00  0.000000e+00
   endloop
 endfacet
 facet normal -8.074012e-01 -5.900028e-01  0.000000e+00
   outer loop
     vertex -4.795388e+00 -3.606141e+00  1.500000e+02
     vertex -4.892514e+00 -3.473226e+00  1.500000e+02
     vertex -4.892514e+00 -3.473226e+00  0.000000e+00
   endloop
 endfacet
 facet normal -8.074012e-01 -5.900028e-01 -0.000000e+00
   outer loop
     vertex -4.795388e+00 -3.606141e+00  1.500000e+02
     vertex -4.892514e+00 -3.473226e+00  0.000000e+00
     vertex -4.795388e+00 -3.606141e+00  0.000000e+00
   endloop
 endfacet
 facet normal -7.909112e-01 -6.119310e-01  0.000000e+00
   outer loop
     vertex -4.694652e+00 -3.736340e+00  1.500000e+02
     vertex -4.795388e+00 -3.606141e+00  1.500000e+02
     vertex -4.795388e+00 -3.606141e+00  0.000000e+00
   endloop
 endfacet
 facet normal -7.909112e-01 -6.119310e-01 -0.000000e+00
   outer loop
     vertex -4.694652e+00 -3.736340e+00  1.500000e+02
     vertex -4.795388e+00 -3.606141e+00  0.000000e+00
     vertex -4.694652e+00 -3.736340e+00  0.000000e+00
   endloop
 endfacet
 facet normal -7.738257e-01 -6.333986e-01 -0.000000e+00
   outer loop
     vertex -4.694652e+00 -3.736340e+00  1.500000e+02
     vertex -4.694652e+00 -3.736340e+00  0.000000e+00
     vertex -4.590382e+00 -3.863727e+00  0.000000e+00
   endloop
 endfacet
 facet normal -7.738257e-01 -6.333986e-01 -0.000000e+00
   outer loop
     vertex -4.590382e+00 -3.863727e+00  1.500000e+02
     vertex -4.694652e+00 -3.736340e+00  1.500000e+02
     vertex -4.590382e+00 -3.863727e+00  0.000000e+00
   endloop
 endfacet
 facet normal -7.561578e-01 -6.543893e-01  0.000000e+00
   outer loop
     vertex -4.482657e+00 -3.988206e+00  1.500000e+02
     vertex -4.590382e+00 -3.863727e+00  1.500000e+02
     vertex -4.590382e+00 -3.863727e+00  0.000000e+00
   endloop
 endfacet
 facet normal -7.561578e-01 -6.543893e-01 -0.000000e+00
   outer loop
     vertex -4.482657e+00 -3.988206e+00  1.500000e+02
     vertex -4.590382e+00 -3.863727e+00  0.000000e+00
     vertex -4.482657e+00 -3.988206e+00  0.000000e+00
   endloop
 endfacet
 facet normal -7.379206e-01 -6.748875e-01 -0.000000e+00
   outer loop
     vertex -4.482657e+00 -3.988206e+00  1.500000e+02
     vertex -4.482657e+00 -3.988206e+00  0.000000e+00
     vertex -4.371557e+00 -4.109682e+00  0.000000e+00
   endloop
 endfacet
 facet normal -7.379206e-01 -6.748875e-01 -0.000000e+00
   outer loop
     vertex -4.371557e+00 -4.109682e+00  1.500000e+02
     vertex -4.482657e+00 -3.988206e+00  1.500000e+02
     vertex -4.371557e+00 -4.109682e+00  0.000000e+00
   endloop
 endfacet
 facet normal -7.191280e-01 -6.948776e-01  0.000000e+00
   outer loop
     vertex -4.257167e+00 -4.228065e+00  1.500000e+02
     vertex -4.371557e+00 -4.109682e+00  1.500000e+02
     vertex -4.371557e+00 -4.109682e+00  0.000000e+00
   endloop
 endfacet
 facet normal -7.191280e-01 -6.948776e-01 -0.000000e+00
   outer loop
     vertex -4.257167e+00 -4.228065e+00  1.500000e+02
     vertex -4.371557e+00 -4.109682e+00  0.000000e+00
     vertex -4.257167e+00 -4.228065e+00  0.000000e+00
   endloop
 endfacet
 facet normal -6.997940e-01 -7.143447e-01  0.000000e+00
   outer loop
     vertex -4.139571e+00 -4.343265e+00  1.500000e+02
     vertex -4.257167e+00 -4.228065e+00  1.500000e+02
     vertex -4.257167e+00 -4.228065e+00  0.000000e+00
   endloop
 endfacet
 facet normal -6.997940e-01 -7.143447e-01 -0.000000e+00
   outer loop
     vertex -4.139571e+00 -4.343265e+00  1.500000e+02
     vertex -4.257167e+00 -4.228065e+00  0.000000e+00
     vertex -4.139571e+00 -4.343265e+00  0.000000e+00
   endloop
 endfacet
 facet normal -6.799333e-01 -7.332740e-01 -0.000000e+00
   outer loop
     vertex -4.139571e+00 -4.343265e+00  1.500000e+02
     vertex -4.139571e+00 -4.343265e+00  0.000000e+00
     vertex -4.018860e+00 -4.455195e+00  0.000000e+00
   endloop
 endfacet
 facet normal -6.799333e-01 -7.332740e-01 -0.000000e+00
   outer loop
     vertex -4.018860e+00 -4.455195e+00  1.500000e+02
     vertex -4.139571e+00 -4.343265e+00  1.500000e+02
     vertex -4.018860e+00 -4.455195e+00  0.000000e+00
   endloop
 endfacet
 facet normal -6.595607e-01 -7.516513e-01  0.000000e+00
   outer loop
     vertex -3.895123e+00 -4.563772e+00  1.500000e+02
     vertex -4.018860e+00 -4.455195e+00  1.500000e+02
     vertex -4.018860e+00 -4.455195e+00  0.000000e+00
   endloop
 endfacet
 facet normal -6.595607e-01 -7.516513e-01 -0.000000e+00
   outer loop
     vertex -3.895123e+00 -4.563772e+00  1.500000e+02
     vertex -4.018860e+00 -4.455195e+00  0.000000e+00
     vertex -3.895123e+00 -4.563772e+00  0.000000e+00
   endloop
 endfacet
 facet normal -6.386916e-01 -7.694628e-01 -0.000000e+00
   outer loop
     vertex -3.895123e+00 -4.563772e+00  1.500000e+02
     vertex -3.895123e+00 -4.563772e+00  0.000000e+00
     vertex -3.768454e+00 -4.668913e+00  0.000000e+00
   endloop
 endfacet
 facet normal -6.386916e-01 -7.694628e-01 -0.000000e+00
   outer loop
     vertex -3.768454e+00 -4.668913e+00  1.500000e+02
     vertex -3.895123e+00 -4.563772e+00  1.500000e+02
     vertex -3.768454e+00 -4.668913e+00  0.000000e+00
   endloop
 endfacet
 facet normal -6.173417e-01 -7.866951e-01  0.000000e+00
   outer loop
     vertex -3.638949e+00 -4.770540e+00  1.500000e+02
     vertex -3.768454e+00 -4.668913e+00  1.500000e+02
     vertex -3.768454e+00 -4.668913e+00  0.000000e+00
   endloop
 endfacet
 facet normal -6.173417e-01 -7.866951e-01 -0.000000e+00
   outer loop
     vertex -3.638949e+00 -4.770540e+00  1.500000e+02
     vertex -3.768454e+00 -4.668913e+00  0.000000e+00
     vertex -3.638949e+00 -4.770540e+00  0.000000e+00
   endloop
 endfacet
 facet normal -5.955271e-01 -8.033352e-01  0.000000e+00
   outer loop
     vertex -3.506704e+00 -4.868575e+00  1.500000e+02
     vertex -3.638949e+00 -4.770540e+00  1.500000e+02
     vertex -3.638949e+00 -4.770540e+00  0.000000e+00
   endloop
 endfacet
 facet normal -5.955271e-01 -8.033352e-01 -0.000000e+00
   outer loop
     vertex -3.506704e+00 -4.868575e+00  1.500000e+02
     vertex -3.638949e+00 -4.770540e+00  0.000000e+00
     vertex -3.506704e+00 -4.868575e+00  0.000000e+00
   endloop
 endfacet
 facet normal -5.732642e-01 -8.193706e-01 -0.000000e+00
   outer loop
     vertex -3.506704e+00 -4.868575e+00  1.500000e+02
     vertex -3.506704e+00 -4.868575e+00  0.000000e+00
     vertex -3.371819e+00 -4.962946e+00  0.000000e+00
   endloop
 endfacet
 facet normal -5.732642e-01 -8.193706e-01 -0.000000e+00
   outer loop
     vertex -3.371819e+00 -4.962946e+00  1.500000e+02
     vertex -3.506704e+00 -4.868575e+00  1.500000e+02
     vertex -3.371819e+00 -4.962946e+00  0.000000e+00
   endloop
 endfacet
 facet normal -5.505698e-01 -8.347891e-01 -0.000000e+00
   outer loop
     vertex -3.371819e+00 -4.962946e+00  1.500000e+02
     vertex -3.371819e+00 -4.962946e+00  0.000000e+00
     vertex -3.234397e+00 -5.053581e+00  0.000000e+00
   endloop
 endfacet
 facet normal -5.505698e-01 -8.347891e-01 -0.000000e+00
   outer loop
     vertex -3.234397e+00 -5.053581e+00  1.500000e+02
     vertex -3.371819e+00 -4.962946e+00  1.500000e+02
     vertex -3.234397e+00 -5.053581e+00  0.000000e+00
   endloop
 endfacet
 facet normal -5.274609e-01 -8.495793e-01  0.000000e+00
   outer loop
     vertex -3.094539e+00 -5.140411e+00  1.500000e+02
     vertex -3.234397e+00 -5.053581e+00  1.500000e+02
     vertex -3.234397e+00 -5.053581e+00  0.000000e+00
   endloop
 endfacet
 facet normal -5.274609e-01 -8.495793e-01 -0.000000e+00
   outer loop
     vertex -3.094539e+00 -5.140411e+00  1.500000e+02
     vertex -3.234397e+00 -5.053581e+00  0.000000e+00
     vertex -3.094539e+00 -5.140411e+00  0.000000e+00
   endloop
 endfacet
 facet normal -5.039550e-01 -8.637299e-01 -0.000000e+00
   outer loop
     vertex -3.094539e+00 -5.140411e+00  1.500000e+02
     vertex -3.094539e+00 -5.140411e+00  0.000000e+00
     vertex -2.952352e+00 -5.223372e+00  0.000000e+00
   endloop
 endfacet
 facet normal -5.039550e-01 -8.637299e-01 -0.000000e+00
   outer loop
     vertex -2.952352e+00 -5.223372e+00  1.500000e+02
     vertex -3.094539e+00 -5.140411e+00  1.500000e+02
     vertex -2.952352e+00 -5.223372e+00  0.000000e+00
   endloop
 endfacet
 facet normal -4.800697e-01 -8.772303e-01 -0.000000e+00
   outer loop
     vertex -2.952352e+00 -5.223372e+00  1.500000e+02
     vertex -2.952352e+00 -5.223372e+00  0.000000e+00
     vertex -2.807943e+00 -5.302401e+00  0.000000e+00
   endloop
 endfacet
 facet normal -4.800697e-01 -8.772303e-01 -0.000000e+00
   outer loop
     vertex -2.807943e+00 -5.302401e+00  1.500000e+02
     vertex -2.952352e+00 -5.223372e+00  1.500000e+02
     vertex -2.807943e+00 -5.302401e+00  0.000000e+00
   endloop
 endfacet
 facet normal -4.558231e-01 -8.900704e-01  0.000000e+00
   outer loop
     vertex -2.661419e+00 -5.377439e+00  1.500000e+02
     vertex -2.807943e+00 -5.302401e+00  1.500000e+02
     vertex -2.807943e+00 -5.302401e+00  0.000000e+00
   endloop
 endfacet
 facet normal -4.558231e-01 -8.900704e-01 -0.000000e+00
   outer loop
     vertex -2.661419e+00 -5.377439e+00  1.500000e+02
     vertex -2.807943e+00 -5.302401e+00  0.000000e+00
     vertex -2.661419e+00 -5.377439e+00  0.000000e+00
   endloop
 endfacet
 facet normal -4.312333e-01 -9.022405e-01 -0.000000e+00
   outer loop
     vertex -2.661419e+00 -5.377439e+00  1.500000e+02
     vertex -2.661419e+00 -5.377439e+00  0.000000e+00
     vertex -2.512893e+00 -5.448428e+00  0.000000e+00
   endloop
 endfacet
 facet normal -4.312333e-01 -9.022405e-01 -0.000000e+00
   outer loop
     vertex -2.512893e+00 -5.448428e+00  1.500000e+02
     vertex -2.661419e+00 -5.377439e+00  1.500000e+02
     vertex -2.512893e+00 -5.448428e+00  0.000000e+00
   endloop
 endfacet
 facet normal -4.063188e-01 -9.137314e-01  0.000000e+00
   outer loop
     vertex -2.362475e+00 -5.515316e+00  1.500000e+02
     vertex -2.512893e+00 -5.448428e+00  1.500000e+02
     vertex -2.512893e+00 -5.448428e+00  0.000000e+00
   endloop
 endfacet
 facet normal -4.063188e-01 -9.137314e-01 -0.000000e+00
   outer loop
     vertex -2.362475e+00 -5.515316e+00  1.500000e+02
     vertex -2.512893e+00 -5.448428e+00  0.000000e+00
     vertex -2.362475e+00 -5.515316e+00  0.000000e+00
   endloop
 endfacet
 facet normal -3.810986e-01 -9.245344e-01 -0.000000e+00
   outer loop
     vertex -2.362475e+00 -5.515316e+00  1.500000e+02
     vertex -2.362475e+00 -5.515316e+00  0.000000e+00
     vertex -2.210278e+00 -5.578053e+00  0.000000e+00
   endloop
 endfacet
 facet normal -3.555914e-01 -9.346415e-01 -0.000000e+00
   outer loop
     vertex -2.210278e+00 -5.578053e+00  1.500000e+02
     vertex -2.210278e+00 -5.578053e+00  0.000000e+00
     vertex -2.056417e+00 -5.636590e+00  0.000000e+00
   endloop
 endfacet
 facet normal -3.810986e-01 -9.245344e-01 -0.000000e+00
   outer loop
     vertex -2.210278e+00 -5.578053e+00  1.500000e+02
     vertex -2.362475e+00 -5.515316e+00  1.500000e+02
     vertex -2.210278e+00 -5.578053e+00  0.000000e+00
   endloop
 endfacet
 facet normal -3.555914e-01 -9.346415e-01 -0.000000e+00
   outer loop
     vertex -2.056417e+00 -5.636590e+00  1.500000e+02
     vertex -2.210278e+00 -5.578053e+00  1.500000e+02
     vertex -2.056417e+00 -5.636590e+00  0.000000e+00
   endloop
 endfacet
 facet normal -3.298166e-01 -9.440450e-01 -0.000000e+00
   outer loop
     vertex -1.901009e+00 -5.690884e+00  1.500000e+02
     vertex -2.056417e+00 -5.636590e+00  0.000000e+00
     vertex -1.901009e+00 -5.690884e+00  0.000000e+00
   endloop
 endfacet
 facet normal -3.298166e-01 -9.440450e-01  0.000000e+00
   outer loop
     vertex -1.901009e+00 -5.690884e+00  1.500000e+02
     vertex -2.056417e+00 -5.636590e+00  1.500000e+02
     vertex -2.056417e+00 -5.636590e+00  0.000000e+00
   endloop
 endfacet
 facet normal -3.037934e-01 -9.527379e-01 -0.000000e+00
   outer loop
     vertex -1.744169e+00 -5.740895e+00  1.500000e+02
     vertex -1.901009e+00 -5.690884e+00  0.000000e+00
     vertex -1.744169e+00 -5.740895e+00  0.000000e+00
   endloop
 endfacet
 facet normal -3.037934e-01 -9.527379e-01  0.000000e+00
   outer loop
     vertex -1.744169e+00 -5.740895e+00  1.500000e+02
     vertex -1.901009e+00 -5.690884e+00  1.500000e+02
     vertex -1.901009e+00 -5.690884e+00  0.000000e+00
   endloop
 endfacet
 facet normal -2.775416e-01 -9.607136e-01  0.000000e+00
   outer loop
     vertex -1.586017e+00 -5.786584e+00  1.500000e+02
     vertex -1.744169e+00 -5.740895e+00  1.500000e+02
     vertex -1.744169e+00 -5.740895e+00  0.000000e+00
   endloop
 endfacet
 facet normal -2.775416e-01 -9.607136e-01 -0.000000e+00
   outer loop
     vertex -1.586017e+00 -5.786584e+00  1.500000e+02
     vertex -1.744169e+00 -5.740895e+00  0.000000e+00
     vertex -1.586017e+00 -5.786584e+00  0.000000e+00
   endloop
 endfacet
 facet normal -2.510809e-01 -9.679661e-01 -0.000000e+00
   outer loop
     vertex -1.586017e+00 -5.786584e+00  1.500000e+02
     vertex -1.586017e+00 -5.786584e+00  0.000000e+00
     vertex -1.426671e+00 -5.827917e+00  0.000000e+00
   endloop
 endfacet
 facet normal -2.510809e-01 -9.679661e-01 -0.000000e+00
   outer loop
     vertex -1.426671e+00 -5.827917e+00  1.500000e+02
     vertex -1.586017e+00 -5.786584e+00  1.500000e+02
     vertex -1.426671e+00 -5.827917e+00  0.000000e+00
   endloop
 endfacet
 facet normal -2.244312e-01 -9.744899e-01  0.000000e+00
   outer loop
     vertex -1.266250e+00 -5.864862e+00  1.500000e+02
     vertex -1.426671e+00 -5.827917e+00  1.500000e+02
     vertex -1.426671e+00 -5.827917e+00  0.000000e+00
   endloop
 endfacet
 facet normal -2.244312e-01 -9.744899e-01 -0.000000e+00
   outer loop
     vertex -1.266250e+00 -5.864862e+00  1.500000e+02
     vertex -1.426671e+00 -5.827917e+00  0.000000e+00
     vertex -1.266250e+00 -5.864862e+00  0.000000e+00
   endloop
 endfacet
 facet normal -1.976125e-01 -9.802802e-01 -0.000000e+00
   outer loop
     vertex -1.266250e+00 -5.864862e+00  1.500000e+02
     vertex -1.266250e+00 -5.864862e+00  0.000000e+00
     vertex -1.104877e+00 -5.897393e+00  0.000000e+00
   endloop
 endfacet
 facet normal -1.976125e-01 -9.802802e-01 -0.000000e+00
   outer loop
     vertex -1.104877e+00 -5.897393e+00  1.500000e+02
     vertex -1.266250e+00 -5.864862e+00  1.500000e+02
     vertex -1.104877e+00 -5.897393e+00  0.000000e+00
   endloop
 endfacet
 facet normal -1.706451e-01 -9.853326e-01 -0.000000e+00
   outer loop
     vertex -1.104877e+00 -5.897393e+00  1.500000e+02
     vertex -1.104877e+00 -5.897393e+00  0.000000e+00
     vertex -9.426715e-01 -5.925485e+00  0.000000e+00
   endloop
 endfacet
 facet normal -1.706451e-01 -9.853326e-01 -0.000000e+00
   outer loop
     vertex -9.426715e-01 -5.925485e+00  1.500000e+02
     vertex -1.104877e+00 -5.897393e+00  1.500000e+02
     vertex -9.426715e-01 -5.925485e+00  0.000000e+00
   endloop
 endfacet
 facet normal -1.435492e-01 -9.896432e-01  0.000000e+00
   outer loop
     vertex -7.797567e-01 -5.949116e+00  1.500000e+02
     vertex -9.426715e-01 -5.925485e+00  1.500000e+02
     vertex -9.426715e-01 -5.925485e+00  0.000000e+00
   endloop
 endfacet
 facet normal -1.435492e-01 -9.896432e-01 -0.000000e+00
   outer loop
     vertex -7.797567e-01 -5.949116e+00  1.500000e+02
     vertex -9.426715e-01 -5.925485e+00  0.000000e+00
     vertex -7.797567e-01 -5.949116e+00  0.000000e+00
   endloop
 endfacet
 facet normal -1.163452e-01 -9.932088e-01 -0.000000e+00
   outer loop
     vertex -7.797567e-01 -5.949116e+00  1.500000e+02
     vertex -7.797567e-01 -5.949116e+00  0.000000e+00
     vertex -6.162549e-01 -5.968269e+00  0.000000e+00
   endloop
 endfacet
 facet normal -1.163452e-01 -9.932088e-01 -0.000000e+00
   outer loop
     vertex -6.162549e-01 -5.968269e+00  1.500000e+02
     vertex -7.797567e-01 -5.949116e+00  1.500000e+02
     vertex -6.162549e-01 -5.968269e+00  0.000000e+00
   endloop
 endfacet
 facet normal -8.905371e-02 -9.960268e-01 -0.000000e+00
   outer loop
     vertex -6.162549e-01 -5.968269e+00  1.500000e+02
     vertex -6.162549e-01 -5.968269e+00  0.000000e+00
     vertex -4.522891e-01 -5.982929e+00  0.000000e+00
   endloop
 endfacet
 facet normal -8.905371e-02 -9.960268e-01 -0.000000e+00
   outer loop
     vertex -4.522891e-01 -5.982929e+00  1.500000e+02
     vertex -6.162549e-01 -5.968269e+00  1.500000e+02
     vertex -4.522891e-01 -5.982929e+00  0.000000e+00
   endloop
 endfacet
 facet normal -6.169515e-02 -9.980950e-01  0.000000e+00
   outer loop
     vertex -2.879830e-01 -5.993085e+00  1.500000e+02
     vertex -4.522891e-01 -5.982929e+00  1.500000e+02
     vertex -4.522891e-01 -5.982929e+00  0.000000e+00
   endloop
 endfacet
 facet normal -6.169515e-02 -9.980950e-01 -0.000000e+00
   outer loop
     vertex -2.879830e-01 -5.993085e+00  1.500000e+02
     vertex -4.522891e-01 -5.982929e+00  0.000000e+00
     vertex -2.879830e-01 -5.993085e+00  0.000000e+00
   endloop
 endfacet
 facet normal -3.429014e-02 -9.994119e-01 -0.000000e+00
   outer loop
     vertex -2.879830e-01 -5.993085e+00  1.500000e+02
     vertex -2.879830e-01 -5.993085e+00  0.000000e+00
     vertex -1.234600e-01 -5.998730e+00  0.000000e+00
   endloop
 endfacet
 facet normal -3.429014e-02 -9.994119e-01 -0.000000e+00
   outer loop
     vertex -1.234600e-01 -5.998730e+00  1.500000e+02
     vertex -2.879830e-01 -5.993085e+00  1.500000e+02
     vertex -1.234600e-01 -5.998730e+00  0.000000e+00
   endloop
 endfacet
 facet normal -6.859319e-03 -9.999765e-01 -0.000000e+00
   outer loop
     vertex -1.234600e-01 -5.998730e+00  1.500000e+02
     vertex -1.234600e-01 -5.998730e+00  0.000000e+00
     vertex  4.115591e-02 -5.999859e+00  0.000000e+00
   endloop
 endfacet
 facet normal -6.859319e-03 -9.999765e-01 -0.000000e+00
   outer loop
     vertex  4.115591e-02 -5.999859e+00  1.500000e+02
     vertex -1.234600e-01 -5.998730e+00  1.500000e+02
     vertex  4.115591e-02 -5.999859e+00  0.000000e+00
   endloop
 endfacet
 facet normal  4.799716e-02 -9.988475e-01  0.000000e+00
   outer loop
     vertex  2.057408e-01 -5.996472e+00  1.500000e+02
     vertex  2.057408e-01 -5.996472e+00  0.000000e+00
     vertex  3.701709e-01 -5.988570e+00  0.000000e+00
   endloop
 endfacet
 facet normal  2.057667e-02 -9.997883e-01  0.000000e+00
   outer loop
     vertex  2.057408e-01 -5.996472e+00  1.500000e+02
     vertex  4.115591e-02 -5.999859e+00  1.500000e+02
     vertex  4.115591e-02 -5.999859e+00  0.000000e+00
   endloop
 endfacet
 facet normal  2.057667e-02 -9.997883e-01  0.000000e+00
   outer loop
     vertex  2.057408e-01 -5.996472e+00  1.500000e+02
     vertex  4.115591e-02 -5.999859e+00  0.000000e+00
     vertex  2.057408e-01 -5.996472e+00  0.000000e+00
   endloop
 endfacet
 facet normal  7.538152e-02 -9.971548e-01  0.000000e+00
   outer loop
     vertex  3.701709e-01 -5.988570e+00  1.500000e+02
     vertex  3.701709e-01 -5.988570e+00  0.000000e+00
     vertex  5.343223e-01 -5.976161e+00  0.000000e+00
   endloop
 endfacet
 facet normal  4.799716e-02 -9.988475e-01  0.000000e+00
   outer loop
     vertex  3.701709e-01 -5.988570e+00  1.500000e+02
     vertex  2.057408e-01 -5.996472e+00  1.500000e+02
     vertex  3.701709e-01 -5.988570e+00  0.000000e+00
   endloop
 endfacet
 facet normal  7.538152e-02 -9.971548e-01  0.000000e+00
   outer loop
     vertex  5.343223e-01 -5.976161e+00  1.500000e+02
     vertex  3.701709e-01 -5.988570e+00  1.500000e+02
     vertex  5.343223e-01 -5.976161e+00  0.000000e+00
   endloop
 endfacet
 facet normal  1.027091e-01 -9.947114e-01  0.000000e+00
   outer loop
     vertex  6.980715e-01 -5.959253e+00  1.500000e+02
     vertex  5.343223e-01 -5.976161e+00  0.000000e+00
     vertex  6.980715e-01 -5.959253e+00  0.000000e+00
   endloop
 endfacet
 facet normal  1.299594e-01 -9.915193e-01  0.000000e+00
   outer loop
     vertex  6.980715e-01 -5.959253e+00  1.500000e+02
     vertex  6.980715e-01 -5.959253e+00  0.000000e+00
     vertex  8.612951e-01 -5.937859e+00  0.000000e+00
   endloop
 endfacet
 facet normal  1.027091e-01 -9.947114e-01  0.000000e+00
   outer loop
     vertex  6.980715e-01 -5.959253e+00  1.500000e+02
     vertex  5.343223e-01 -5.976161e+00  1.500000e+02
     vertex  5.343223e-01 -5.976161e+00  0.000000e+00
   endloop
 endfacet
 facet normal  1.299594e-01 -9.915193e-01  0.000000e+00
   outer loop
     vertex  8.612951e-01 -5.937859e+00  1.500000e+02
     vertex  6.980715e-01 -5.959253e+00  1.500000e+02
     vertex  8.612951e-01 -5.937859e+00  0.000000e+00
   endloop
 endfacet
 facet normal  1.571119e-01 -9.875808e-01  0.000000e+00
   outer loop
     vertex  1.023870e+00 -5.911995e+00  1.500000e+02
     vertex  8.612951e-01 -5.937859e+00  0.000000e+00
     vertex  1.023870e+00 -5.911995e+00  0.000000e+00
   endloop
 endfacet
 facet normal  1.571119e-01 -9.875808e-01  0.000000e+00
   outer loop
     vertex  1.023870e+00 -5.911995e+00  1.500000e+02
     vertex  8.612951e-01 -5.937859e+00  1.500000e+02
     vertex  8.612951e-01 -5.937859e+00  0.000000e+00
   endloop
 endfacet
 facet normal  1.841461e-01 -9.828989e-01  0.000000e+00
   outer loop
     vertex  1.185675e+00 -5.881681e+00  1.500000e+02
     vertex  1.023870e+00 -5.911995e+00  0.000000e+00
     vertex  1.185675e+00 -5.881681e+00  0.000000e+00
   endloop
 endfacet
 facet normal  1.841461e-01 -9.828989e-01  0.000000e+00
   outer loop
     vertex  1.185675e+00 -5.881681e+00  1.500000e+02
     vertex  1.023870e+00 -5.911995e+00  1.500000e+02
     vertex  1.023870e+00 -5.911995e+00  0.000000e+00
   endloop
 endfacet
 facet normal  2.110417e-01 -9.774771e-01  0.000000e+00
   outer loop
     vertex  1.346587e+00 -5.846940e+00  1.500000e+02
     vertex  1.185675e+00 -5.881681e+00  0.000000e+00
     vertex  1.346587e+00 -5.846940e+00  0.000000e+00
   endloop
 endfacet
 facet normal  2.377784e-01 -9.713194e-01  0.000000e+00
   outer loop
     vertex  1.346587e+00 -5.846940e+00  1.500000e+02
     vertex  1.346587e+00 -5.846940e+00  0.000000e+00
     vertex  1.506486e+00 -5.807797e+00  0.000000e+00
   endloop
 endfacet
 facet normal  2.110417e-01 -9.774771e-01  0.000000e+00
   outer loop
     vertex  1.346587e+00 -5.846940e+00  1.500000e+02
     vertex  1.185675e+00 -5.881681e+00  1.500000e+02
     vertex  1.185675e+00 -5.881681e+00  0.000000e+00
   endloop
 endfacet
 facet normal  2.377784e-01 -9.713194e-01  0.000000e+00
   outer loop
     vertex  1.506486e+00 -5.807797e+00  1.500000e+02
     vertex  1.346587e+00 -5.846940e+00  1.500000e+02
     vertex  1.506486e+00 -5.807797e+00  0.000000e+00
   endloop
 endfacet
 facet normal  2.643362e-01 -9.644306e-01  0.000000e+00
   outer loop
     vertex  1.665250e+00 -5.764282e+00  1.500000e+02
     vertex  1.506486e+00 -5.807797e+00  0.000000e+00
     vertex  1.665250e+00 -5.764282e+00  0.000000e+00
   endloop
 endfacet
 facet normal  2.906949e-01 -9.568158e-01  0.000000e+00
   outer loop
     vertex  1.665250e+00 -5.764282e+00  1.500000e+02
     vertex  1.665250e+00 -5.764282e+00  0.000000e+00
     vertex  1.822761e+00 -5.716428e+00  0.000000e+00
   endloop
 endfacet
 facet normal  2.643362e-01 -9.644306e-01  0.000000e+00
   outer loop
     vertex  1.665250e+00 -5.764282e+00  1.500000e+02
     vertex  1.506486e+00 -5.807797e+00  1.500000e+02
     vertex  1.506486e+00 -5.807797e+00  0.000000e+00
   endloop
 endfacet
 facet normal  3.168348e-01 -9.484807e-01  0.000000e+00
   outer loop
     vertex  1.822761e+00 -5.716428e+00  1.500000e+02
     vertex  1.822761e+00 -5.716428e+00  0.000000e+00
     vertex  1.978899e+00 -5.664270e+00  0.000000e+00
   endloop
 endfacet
 facet normal  2.906949e-01 -9.568158e-01  0.000000e+00
   outer loop
     vertex  1.822761e+00 -5.716428e+00  1.500000e+02
     vertex  1.665250e+00 -5.764282e+00  1.500000e+02
     vertex  1.822761e+00 -5.716428e+00  0.000000e+00
   endloop
 endfacet
 facet normal  3.168348e-01 -9.484807e-01  0.000000e+00
   outer loop
     vertex  1.978899e+00 -5.664270e+00  1.500000e+02
     vertex  1.822761e+00 -5.716428e+00  1.500000e+02
     vertex  1.978899e+00 -5.664270e+00  0.000000e+00
   endloop
 endfacet
 facet normal  3.427362e-01 -9.394317e-01  0.000000e+00
   outer loop
     vertex  2.133548e+00 -5.607849e+00  1.500000e+02
     vertex  1.978899e+00 -5.664270e+00  0.000000e+00
     vertex  2.133548e+00 -5.607849e+00  0.000000e+00
   endloop
 endfacet
 facet normal  3.427362e-01 -9.394317e-01  0.000000e+00
   outer loop
     vertex  2.133548e+00 -5.607849e+00  1.500000e+02
     vertex  1.978899e+00 -5.664270e+00  1.500000e+02
     vertex  1.978899e+00 -5.664270e+00  0.000000e+00
   endloop
 endfacet
 facet normal  3.683796e-01 -9.296754e-01  0.000000e+00
   outer loop
     vertex  2.286591e+00 -5.547206e+00  1.500000e+02
     vertex  2.133548e+00 -5.607849e+00  0.000000e+00
     vertex  2.286591e+00 -5.547206e+00  0.000000e+00
   endloop
 endfacet
 facet normal  3.683796e-01 -9.296754e-01  0.000000e+00
   outer loop
     vertex  2.286591e+00 -5.547206e+00  1.500000e+02
     vertex  2.133548e+00 -5.607849e+00  1.500000e+02
     vertex  2.133548e+00 -5.607849e+00  0.000000e+00
   endloop
 endfacet
 facet normal  3.937458e-01 -9.192194e-01  0.000000e+00
   outer loop
     vertex  2.437913e+00 -5.482388e+00  1.500000e+02
     vertex  2.286591e+00 -5.547206e+00  1.500000e+02
     vertex  2.286591e+00 -5.547206e+00  0.000000e+00
   endloop
 endfacet
 facet normal  3.937458e-01 -9.192194e-01  0.000000e+00
   outer loop
     vertex  2.437913e+00 -5.482388e+00  1.500000e+02
     vertex  2.286591e+00 -5.547206e+00  0.000000e+00
     vertex  2.437913e+00 -5.482388e+00  0.000000e+00
   endloop
 endfacet
 facet normal  4.188155e-01 -9.080714e-01  0.000000e+00
   outer loop
     vertex  2.437913e+00 -5.482388e+00  1.500000e+02
     vertex  2.437913e+00 -5.482388e+00  0.000000e+00
     vertex  2.587400e+00 -5.413443e+00  0.000000e+00
   endloop
 endfacet
 facet normal  4.188155e-01 -9.080714e-01  0.000000e+00
   outer loop
     vertex  2.587400e+00 -5.413443e+00  1.500000e+02
     vertex  2.437913e+00 -5.482388e+00  1.500000e+02
     vertex  2.587400e+00 -5.413443e+00  0.000000e+00
   endloop
 endfacet
 facet normal  4.435699e-01 -8.962398e-01  0.000000e+00
   outer loop
     vertex  2.734938e+00 -5.340422e+00  1.500000e+02
     vertex  2.587400e+00 -5.413443e+00  1.500000e+02
     vertex  2.587400e+00 -5.413443e+00  0.000000e+00
   endloop
 endfacet
 facet normal  4.435699e-01 -8.962398e-01  0.000000e+00
   outer loop
     vertex  2.734938e+00 -5.340422e+00  1.500000e+02
     vertex  2.587400e+00 -5.413443e+00  0.000000e+00
     vertex  2.734938e+00 -5.340422e+00  0.000000e+00
   endloop
 endfacet
 facet normal  4.679904e-01 -8.837335e-01  0.000000e+00
   outer loop
     vertex  2.880418e+00 -5.263382e+00  1.500000e+02
     vertex  2.734938e+00 -5.340422e+00  1.500000e+02
     vertex  2.734938e+00 -5.340422e+00  0.000000e+00
   endloop
 endfacet
 facet normal  4.679904e-01 -8.837335e-01  0.000000e+00
   outer loop
     vertex  2.880418e+00 -5.263382e+00  1.500000e+02
     vertex  2.734938e+00 -5.340422e+00  0.000000e+00
     vertex  2.880418e+00 -5.263382e+00  0.000000e+00
   endloop
 endfacet
 facet normal  4.920587e-01 -8.705620e-01  0.000000e+00
   outer loop
     vertex  2.880418e+00 -5.263382e+00  1.500000e+02
     vertex  2.880418e+00 -5.263382e+00  0.000000e+00
     vertex  3.023730e+00 -5.182379e+00  0.000000e+00
   endloop
 endfacet
 facet normal  4.920587e-01 -8.705620e-01  0.000000e+00
   outer loop
     vertex  3.023730e+00 -5.182379e+00  1.500000e+02
     vertex  2.880418e+00 -5.263382e+00  1.500000e+02
     vertex  3.023730e+00 -5.182379e+00  0.000000e+00
   endloop
 endfacet
 facet normal  5.157565e-01 -8.567352e-01  0.000000e+00
   outer loop
     vertex  3.164766e+00 -5.097476e+00  1.500000e+02
     vertex  3.023730e+00 -5.182379e+00  0.000000e+00
     vertex  3.164766e+00 -5.097476e+00  0.000000e+00
   endloop
 endfacet
 facet normal  5.390661e-01 -8.422635e-01  0.000000e+00
   outer loop
     vertex  3.164766e+00 -5.097476e+00  1.500000e+02
     vertex  3.164766e+00 -5.097476e+00  0.000000e+00
     vertex  3.303419e+00 -5.008735e+00  0.000000e+00
   endloop
 endfacet
 facet normal  5.157565e-01 -8.567352e-01  0.000000e+00
   outer loop
     vertex  3.164766e+00 -5.097476e+00  1.500000e+02
     vertex  3.023730e+00 -5.182379e+00  1.500000e+02
     vertex  3.023730e+00 -5.182379e+00  0.000000e+00
   endloop
 endfacet
 facet normal  5.390661e-01 -8.422635e-01  0.000000e+00
   outer loop
     vertex  3.303419e+00 -5.008735e+00  1.500000e+02
     vertex  3.164766e+00 -5.097476e+00  1.500000e+02
     vertex  3.303419e+00 -5.008735e+00  0.000000e+00
   endloop
 endfacet
 facet normal  5.619699e-01 -8.271577e-01  0.000000e+00
   outer loop
     vertex  3.439585e+00 -4.916223e+00  1.500000e+02
     vertex  3.303419e+00 -5.008735e+00  0.000000e+00
     vertex  3.439585e+00 -4.916223e+00  0.000000e+00
   endloop
 endfacet
 facet normal  5.844507e-01 -8.114292e-01  0.000000e+00
   outer loop
     vertex  3.439585e+00 -4.916223e+00  1.500000e+02
     vertex  3.439585e+00 -4.916223e+00  0.000000e+00
     vertex  3.573163e+00 -4.820011e+00  0.000000e+00
   endloop
 endfacet
 facet normal  5.619699e-01 -8.271577e-01  0.000000e+00
   outer loop
     vertex  3.439585e+00 -4.916223e+00  1.500000e+02
     vertex  3.303419e+00 -5.008735e+00  1.500000e+02
     vertex  3.303419e+00 -5.008735e+00  0.000000e+00
   endloop
 endfacet
 facet normal  5.844507e-01 -8.114292e-01  0.000000e+00
   outer loop
     vertex  3.573163e+00 -4.820011e+00  1.500000e+02
     vertex  3.439585e+00 -4.916223e+00  1.500000e+02
     vertex  3.573163e+00 -4.820011e+00  0.000000e+00
   endloop
 endfacet
 facet normal  6.064915e-01 -7.950900e-01  0.000000e+00
   outer loop
     vertex  3.704050e+00 -4.720171e+00  1.500000e+02
     vertex  3.573163e+00 -4.820011e+00  0.000000e+00
     vertex  3.704050e+00 -4.720171e+00  0.000000e+00
   endloop
 endfacet
 facet normal  6.280757e-01 -7.781522e-01  0.000000e+00
   outer loop
     vertex  3.704050e+00 -4.720171e+00  1.500000e+02
     vertex  3.704050e+00 -4.720171e+00  0.000000e+00
     vertex  3.832149e+00 -4.616777e+00  0.000000e+00
   endloop
 endfacet
 facet normal  6.064915e-01 -7.950900e-01  0.000000e+00
   outer loop
     vertex  3.704050e+00 -4.720171e+00  1.500000e+02
     vertex  3.573163e+00 -4.820011e+00  1.500000e+02
     vertex  3.573163e+00 -4.820011e+00  0.000000e+00
   endloop
 endfacet
 facet normal  6.280757e-01 -7.781522e-01  0.000000e+00
   outer loop
     vertex  3.832149e+00 -4.616777e+00  1.500000e+02
     vertex  3.704050e+00 -4.720171e+00  1.500000e+02
     vertex  3.832149e+00 -4.616777e+00  0.000000e+00
   endloop
 endfacet
 facet normal  6.491872e-01 -7.606287e-01  0.000000e+00
   outer loop
     vertex  3.957364e+00 -4.509908e+00  1.500000e+02
     vertex  3.832149e+00 -4.616777e+00  0.000000e+00
     vertex  3.957364e+00 -4.509908e+00  0.000000e+00
   endloop
 endfacet
 facet normal  6.698100e-01 -7.425325e-01  0.000000e+00
   outer loop
     vertex  3.957364e+00 -4.509908e+00  1.500000e+02
     vertex  3.957364e+00 -4.509908e+00  0.000000e+00
     vertex  4.079600e+00 -4.399644e+00  0.000000e+00
   endloop
 endfacet
 facet normal  6.491872e-01 -7.606287e-01  0.000000e+00
   outer loop
     vertex  3.957364e+00 -4.509908e+00  1.500000e+02
     vertex  3.832149e+00 -4.616777e+00  1.500000e+02
     vertex  3.832149e+00 -4.616777e+00  0.000000e+00
   endloop
 endfacet
 facet normal  6.698100e-01 -7.425325e-01  0.000000e+00
   outer loop
     vertex  4.079600e+00 -4.399644e+00  1.500000e+02
     vertex  3.957364e+00 -4.509908e+00  1.500000e+02
     vertex  4.079600e+00 -4.399644e+00  0.000000e+00
   endloop
 endfacet
 facet normal  6.899286e-01 -7.238775e-01  0.000000e+00
   outer loop
     vertex  4.198764e+00 -4.286068e+00  1.500000e+02
     vertex  4.079600e+00 -4.399644e+00  0.000000e+00
     vertex  4.198764e+00 -4.286068e+00  0.000000e+00
   endloop
 endfacet
 facet normal  7.095278e-01 -7.046775e-01  0.000000e+00
   outer loop
     vertex  4.198764e+00 -4.286068e+00  1.500000e+02
     vertex  4.198764e+00 -4.286068e+00  0.000000e+00
     vertex  4.314768e+00 -4.169266e+00  0.000000e+00
   endloop
 endfacet
 facet normal  6.899286e-01 -7.238775e-01  0.000000e+00
   outer loop
     vertex  4.198764e+00 -4.286068e+00  1.500000e+02
     vertex  4.079600e+00 -4.399644e+00  1.500000e+02
     vertex  4.079600e+00 -4.399644e+00  0.000000e+00
   endloop
 endfacet
 facet normal  7.095278e-01 -7.046775e-01  0.000000e+00
   outer loop
     vertex  4.314768e+00 -4.169266e+00  1.500000e+02
     vertex  4.198764e+00 -4.286068e+00  1.500000e+02
     vertex  4.314768e+00 -4.169266e+00  0.000000e+00
   endloop
 endfacet
 facet normal  7.285929e-01 -6.849470e-01  0.000000e+00
   outer loop
     vertex  4.427524e+00 -4.049325e+00  1.500000e+02
     vertex  4.314768e+00 -4.169266e+00  0.000000e+00
     vertex  4.427524e+00 -4.049325e+00  0.000000e+00
   endloop
 endfacet
 facet normal  7.285929e-01 -6.849470e-01  0.000000e+00
   outer loop
     vertex  4.427524e+00 -4.049325e+00  1.500000e+02
     vertex  4.314768e+00 -4.169266e+00  1.500000e+02
     vertex  4.314768e+00 -4.169266e+00  0.000000e+00
   endloop
 endfacet
 facet normal  7.471095e-01 -6.647010e-01  0.000000e+00
   outer loop
     vertex  4.536947e+00 -3.926336e+00  1.500000e+02
     vertex  4.427524e+00 -4.049325e+00  0.000000e+00
     vertex  4.536947e+00 -3.926336e+00  0.000000e+00
   endloop
 endfacet
 facet normal  7.471095e-01 -6.647010e-01  0.000000e+00
   outer loop
     vertex  4.536947e+00 -3.926336e+00  1.500000e+02
     vertex  4.427524e+00 -4.049325e+00  1.500000e+02
     vertex  4.427524e+00 -4.049325e+00  0.000000e+00
   endloop
 endfacet
 facet normal  7.650637e-01 -6.439545e-01  0.000000e+00
   outer loop
     vertex  4.642954e+00 -3.800391e+00  1.500000e+02
     vertex  4.536947e+00 -3.926336e+00  0.000000e+00
     vertex  4.642954e+00 -3.800391e+00  0.000000e+00
   endloop
 endfacet
 facet normal  7.824421e-01 -6.227234e-01  0.000000e+00
   outer loop
     vertex  4.642954e+00 -3.800391e+00  1.500000e+02
     vertex  4.642954e+00 -3.800391e+00  0.000000e+00
     vertex  4.745467e+00 -3.671586e+00  0.000000e+00
   endloop
 endfacet
 facet normal  7.650637e-01 -6.439545e-01  0.000000e+00
   outer loop
     vertex  4.642954e+00 -3.800391e+00  1.500000e+02
     vertex  4.536947e+00 -3.926336e+00  1.500000e+02
     vertex  4.536947e+00 -3.926336e+00  0.000000e+00
   endloop
 endfacet
 facet normal  7.824421e-01 -6.227234e-01  0.000000e+00
   outer loop
     vertex  4.745467e+00 -3.671586e+00  1.500000e+02
     vertex  4.642954e+00 -3.800391e+00  1.500000e+02
     vertex  4.745467e+00 -3.671586e+00  0.000000e+00
   endloop
 endfacet
 facet normal  7.992314e-01 -6.010234e-01  0.000000e+00
   outer loop
     vertex  4.844407e+00 -3.540017e+00  1.500000e+02
     vertex  4.745467e+00 -3.671586e+00  0.000000e+00
     vertex  4.844407e+00 -3.540017e+00  0.000000e+00
   endloop
 endfacet
 facet normal  7.992314e-01 -6.010234e-01  0.000000e+00
   outer loop
     vertex  4.844407e+00 -3.540017e+00  1.500000e+02
     vertex  4.745467e+00 -3.671586e+00  1.500000e+02
     vertex  4.745467e+00 -3.671586e+00  0.000000e+00
   endloop
 endfacet
 facet normal  8.154191e-01 -5.788711e-01  0.000000e+00
   outer loop
     vertex  4.939701e+00 -3.405783e+00  1.500000e+02
     vertex  4.844407e+00 -3.540017e+00  0.000000e+00
     vertex  4.939701e+00 -3.405783e+00  0.000000e+00
   endloop
 endfacet
 facet normal  8.154191e-01 -5.788711e-01  0.000000e+00
   outer loop
     vertex  4.939701e+00 -3.405783e+00  1.500000e+02
     vertex  4.844407e+00 -3.540017e+00  1.500000e+02
     vertex  4.844407e+00 -3.540017e+00  0.000000e+00
   endloop
 endfacet
 facet normal  8.309929e-01 -5.562829e-01  0.000000e+00
   outer loop
     vertex  5.031276e+00 -3.268985e+00  1.500000e+02
     vertex  4.939701e+00 -3.405783e+00  0.000000e+00
     vertex  5.031276e+00 -3.268985e+00  0.000000e+00
   endloop
 endfacet
 facet normal  8.459413e-01 -5.332761e-01  0.000000e+00
   outer loop
     vertex  5.031276e+00 -3.268985e+00  1.500000e+02
     vertex  5.031276e+00 -3.268985e+00  0.000000e+00
     vertex  5.119064e+00 -3.129726e+00  0.000000e+00
   endloop
 endfacet
 facet normal  8.309929e-01 -5.562829e-01  0.000000e+00
   outer loop
     vertex  5.031276e+00 -3.268985e+00  1.500000e+02
     vertex  4.939701e+00 -3.405783e+00  1.500000e+02
     vertex  4.939701e+00 -3.405783e+00  0.000000e+00
   endloop
 endfacet
 facet normal  8.459413e-01 -5.332761e-01  0.000000e+00
   outer loop
     vertex  5.119064e+00 -3.129726e+00  1.500000e+02
     vertex  5.031276e+00 -3.268985e+00  1.500000e+02
     vertex  5.119064e+00 -3.129726e+00  0.000000e+00
   endloop
 endfacet
 facet normal  8.602528e-01 -5.098678e-01  0.000000e+00
   outer loop
     vertex  5.202998e+00 -2.988111e+00  1.500000e+02
     vertex  5.119064e+00 -3.129726e+00  0.000000e+00
     vertex  5.202998e+00 -2.988111e+00  0.000000e+00
   endloop
 endfacet
 facet normal  8.602528e-01 -5.098678e-01  0.000000e+00
   outer loop
     vertex  5.202998e+00 -2.988111e+00  1.500000e+02
     vertex  5.119064e+00 -3.129726e+00  1.500000e+02
     vertex  5.119064e+00 -3.129726e+00  0.000000e+00
   endloop
 endfacet
 facet normal  8.739167e-01 -4.860756e-01  0.000000e+00
   outer loop
     vertex  5.283016e+00 -2.844247e+00  1.500000e+02
     vertex  5.202998e+00 -2.988111e+00  0.000000e+00
     vertex  5.283016e+00 -2.844247e+00  0.000000e+00
   endloop
 endfacet
 facet normal  8.739167e-01 -4.860756e-01  0.000000e+00
   outer loop
     vertex  5.283016e+00 -2.844247e+00  1.500000e+02
     vertex  5.202998e+00 -2.988111e+00  1.500000e+02
     vertex  5.202998e+00 -2.988111e+00  0.000000e+00
   endloop
 endfacet
 facet normal  8.869228e-01 -4.619176e-01  0.000000e+00
   outer loop
     vertex  5.359057e+00 -2.698242e+00  1.500000e+02
     vertex  5.283016e+00 -2.844247e+00  1.500000e+02
     vertex  5.283016e+00 -2.844247e+00  0.000000e+00
   endloop
 endfacet
 facet normal  8.869228e-01 -4.619176e-01  0.000000e+00
   outer loop
     vertex  5.359057e+00 -2.698242e+00  1.500000e+02
     vertex  5.283016e+00 -2.844247e+00  0.000000e+00
     vertex  5.359057e+00 -2.698242e+00  0.000000e+00
   endloop
 endfacet
 facet normal  8.992613e-01 -4.374119e-01  0.000000e+00
   outer loop
     vertex  5.431063e+00 -2.550206e+00  1.500000e+02
     vertex  5.359057e+00 -2.698242e+00  1.500000e+02
     vertex  5.359057e+00 -2.698242e+00  0.000000e+00
   endloop
 endfacet
 facet normal  8.992613e-01 -4.374119e-01  0.000000e+00
   outer loop
     vertex  5.431063e+00 -2.550206e+00  1.500000e+02
     vertex  5.359057e+00 -2.698242e+00  0.000000e+00
     vertex  5.431063e+00 -2.550206e+00  0.000000e+00
   endloop
 endfacet
 facet normal  9.109228e-01 -4.125769e-01  0.000000e+00
   outer loop
     vertex  5.431063e+00 -2.550206e+00  1.500000e+02
     vertex  5.431063e+00 -2.550206e+00  0.000000e+00
     vertex  5.498982e+00 -2.400250e+00  0.000000e+00
   endloop
 endfacet
 facet normal  9.109228e-01 -4.125769e-01  0.000000e+00
   outer loop
     vertex  5.498982e+00 -2.400250e+00  1.500000e+02
     vertex  5.431063e+00 -2.550206e+00  1.500000e+02
     vertex  5.498982e+00 -2.400250e+00  0.000000e+00
   endloop
 endfacet
 facet normal  9.218986e-01 -3.874313e-01  0.000000e+00
   outer loop
     vertex  5.498982e+00 -2.400250e+00  1.500000e+02
     vertex  5.498982e+00 -2.400250e+00  0.000000e+00
     vertex  5.562760e+00 -2.248488e+00  0.000000e+00
   endloop
 endfacet
 facet normal  9.218986e-01 -3.874313e-01  0.000000e+00
   outer loop
     vertex  5.562760e+00 -2.248488e+00  1.500000e+02
     vertex  5.498982e+00 -2.400250e+00  1.500000e+02
     vertex  5.562760e+00 -2.248488e+00  0.000000e+00
   endloop
 endfacet
 facet normal  9.321804e-01 -3.619940e-01  0.000000e+00
   outer loop
     vertex  5.622352e+00 -2.095032e+00  1.500000e+02
     vertex  5.562760e+00 -2.248488e+00  0.000000e+00
     vertex  5.622352e+00 -2.095032e+00  0.000000e+00
   endloop
 endfacet
 facet normal  9.417605e-01 -3.362843e-01  0.000000e+00
   outer loop
     vertex  5.622352e+00 -2.095032e+00  1.500000e+02
     vertex  5.622352e+00 -2.095032e+00  0.000000e+00
     vertex  5.677711e+00 -1.940000e+00  0.000000e+00
   endloop
 endfacet
 facet normal  9.321804e-01 -3.619940e-01  0.000000e+00
   outer loop
     vertex  5.622352e+00 -2.095032e+00  1.500000e+02
     vertex  5.562760e+00 -2.248488e+00  1.500000e+02
     vertex  5.562760e+00 -2.248488e+00  0.000000e+00
   endloop
 endfacet
 facet normal  9.417605e-01 -3.362843e-01  0.000000e+00
   outer loop
     vertex  5.677711e+00 -1.940000e+00  1.500000e+02
     vertex  5.622352e+00 -2.095032e+00  1.500000e+02
     vertex  5.677711e+00 -1.940000e+00  0.000000e+00
   endloop
 endfacet
 facet normal  9.506317e-01 -3.103214e-01  0.000000e+00
   outer loop
     vertex  5.728796e+00 -1.783507e+00  1.500000e+02
     vertex  5.677711e+00 -1.940000e+00  1.500000e+02
     vertex  5.677711e+00 -1.940000e+00  0.000000e+00
   endloop
 endfacet
 facet normal  9.506317e-01 -3.103214e-01  0.000000e+00
   outer loop
     vertex  5.728796e+00 -1.783507e+00  1.500000e+02
     vertex  5.677711e+00 -1.940000e+00  0.000000e+00
     vertex  5.728796e+00 -1.783507e+00  0.000000e+00
   endloop
 endfacet
 facet normal  9.587873e-01 -2.841250e-01  0.000000e+00
   outer loop
     vertex  5.728796e+00 -1.783507e+00  1.500000e+02
     vertex  5.728796e+00 -1.783507e+00  0.000000e+00
     vertex  5.775569e+00 -1.625672e+00  0.000000e+00
   endloop
 endfacet
 facet normal  9.587873e-01 -2.841250e-01  0.000000e+00
   outer loop
     vertex  5.775569e+00 -1.625672e+00  1.500000e+02
     vertex  5.728796e+00 -1.783507e+00  1.500000e+02
     vertex  5.775569e+00 -1.625672e+00  0.000000e+00
   endloop
 endfacet
 facet normal  9.662211e-01 -2.577146e-01  0.000000e+00
   outer loop
     vertex  5.775569e+00 -1.625672e+00  1.500000e+02
     vertex  5.775569e+00 -1.625672e+00  0.000000e+00
     vertex  5.817993e+00 -1.466613e+00  0.000000e+00
   endloop
 endfacet
 facet normal  9.662211e-01 -2.577146e-01  0.000000e+00
   outer loop
     vertex  5.817993e+00 -1.466613e+00  1.500000e+02
     vertex  5.775569e+00 -1.625672e+00  1.500000e+02
     vertex  5.817993e+00 -1.466613e+00  0.000000e+00
   endloop
 endfacet
 facet normal  9.729276e-01 -2.311102e-01  0.000000e+00
   outer loop
     vertex  5.817993e+00 -1.466613e+00  1.500000e+02
     vertex  5.817993e+00 -1.466613e+00  0.000000e+00
     vertex  5.856039e+00 -1.306449e+00  0.000000e+00
   endloop
 endfacet
 facet normal  9.729276e-01 -2.311102e-01  0.000000e+00
   outer loop
     vertex  5.856039e+00 -1.306449e+00  1.500000e+02
     vertex  5.817993e+00 -1.466613e+00  1.500000e+02
     vertex  5.856039e+00 -1.306449e+00  0.000000e+00
   endloop
 endfacet
 facet normal  9.789017e-01 -2.043319e-01  0.000000e+00
   outer loop
     vertex  5.889676e+00 -1.145303e+00  1.500000e+02
     vertex  5.856039e+00 -1.306449e+00  1.500000e+02
     vertex  5.856039e+00 -1.306449e+00  0.000000e+00
   endloop
 endfacet
 facet normal  9.789017e-01 -2.043319e-01  0.000000e+00
   outer loop
     vertex  5.889676e+00 -1.145303e+00  1.500000e+02
     vertex  5.856039e+00 -1.306449e+00  0.000000e+00
     vertex  5.889676e+00 -1.145303e+00  0.000000e+00
   endloop
 endfacet
 facet normal  9.841389e-01 -1.773998e-01  0.000000e+00
   outer loop
     vertex  5.889676e+00 -1.145303e+00  1.500000e+02
     vertex  5.889676e+00 -1.145303e+00  0.000000e+00
     vertex  5.918879e+00 -9.832941e-01  0.000000e+00
   endloop
 endfacet
 facet normal  9.841389e-01 -1.773998e-01  0.000000e+00
   outer loop
     vertex  5.918879e+00 -9.832941e-01  1.500000e+02
     vertex  5.889676e+00 -1.145303e+00  1.500000e+02
     vertex  5.918879e+00 -9.832941e-01  0.000000e+00
   endloop
 endfacet
 facet normal  9.886353e-01 -1.503341e-01  0.000000e+00
   outer loop
     vertex  5.943627e+00 -8.205452e-01  1.500000e+02
     vertex  5.918879e+00 -9.832941e-01  1.500000e+02
     vertex  5.918879e+00 -9.832941e-01  0.000000e+00
   endloop
 endfacet
 facet normal  9.886353e-01 -1.503341e-01  0.000000e+00
   outer loop
     vertex  5.943627e+00 -8.205452e-01  1.500000e+02
     vertex  5.918879e+00 -9.832941e-01  0.000000e+00
     vertex  5.943627e+00 -8.205452e-01  0.000000e+00
   endloop
 endfacet
 facet normal  9.923874e-01 -1.231552e-01  0.000000e+00
   outer loop
     vertex  5.963901e+00 -6.571786e-01  1.500000e+02
     vertex  5.943627e+00 -8.205452e-01  1.500000e+02
     vertex  5.943627e+00 -8.205452e-01  0.000000e+00
   endloop
 endfacet
 facet normal  9.923874e-01 -1.231552e-01  0.000000e+00
   outer loop
     vertex  5.963901e+00 -6.571786e-01  1.500000e+02
     vertex  5.943627e+00 -8.205452e-01  0.000000e+00
     vertex  5.963901e+00 -6.571786e-01  0.000000e+00
   endloop
 endfacet
 facet normal  9.953925e-01 -9.588368e-02  0.000000e+00
   outer loop
     vertex  5.963901e+00 -6.571786e-01  1.500000e+02
     vertex  5.963901e+00 -6.571786e-01  0.000000e+00
     vertex  5.979685e+00 -4.933173e-01  0.000000e+00
   endloop
 endfacet
 facet normal  9.953925e-01 -9.588368e-02  0.000000e+00
   outer loop
     vertex  5.979685e+00 -4.933173e-01  1.500000e+02
     vertex  5.963901e+00 -6.571786e-01  1.500000e+02
     vertex  5.979685e+00 -4.933173e-01  0.000000e+00
   endloop
 endfacet
 facet normal  9.976484e-01 -6.853995e-02  0.000000e+00
   outer loop
     vertex  5.979685e+00 -4.933173e-01  1.500000e+02
     vertex  5.979685e+00 -4.933173e-01  0.000000e+00
     vertex  5.990968e+00 -3.290847e-01  0.000000e+00
   endloop
 endfacet
 facet normal  9.976484e-01 -6.853995e-02  0.000000e+00
   outer loop
     vertex  5.990968e+00 -3.290847e-01  1.500000e+02
     vertex  5.979685e+00 -4.933173e-01  1.500000e+02
     vertex  5.990968e+00 -3.290847e-01  0.000000e+00
   endloop
 endfacet
 facet normal  9.991532e-01 -4.114462e-02  0.000000e+00
   outer loop
     vertex  5.997742e+00 -1.646043e-01  1.500000e+02
     vertex  5.990968e+00 -3.290847e-01  0.000000e+00
     vertex  5.997742e+00 -1.646043e-01  0.000000e+00
   endloop
 endfacet
 facet normal  9.991532e-01 -4.114462e-02  0.000000e+00
   outer loop
     vertex  5.997742e+00 -1.646043e-01  1.500000e+02
     vertex  5.990968e+00 -3.290847e-01  1.500000e+02
     vertex  5.990968e+00 -3.290847e-01  0.000000e+00
   endloop
 endfacet
 facet normal  9.999059e-01 -1.371831e-02  0.000000e+00
   outer loop
     vertex  6.000000e+00 -1.469576e-15  1.500000e+02
     vertex  5.997742e+00 -1.646043e-01  0.000000e+00
     vertex  6.000000e+00 -1.469576e-15  0.000000e+00
   endloop
 endfacet
 facet normal  9.999059e-01 -1.371831e-02  0.000000e+00
   outer loop
     vertex  6.000000e+00 -1.469576e-15  1.500000e+02
     vertex  5.997742e+00 -1.646043e-01  1.500000e+02
     vertex  5.997742e+00 -1.646043e-01  0.000000e+00
   endloop
 endfacet
 facet normal  0.000000e+00  0.000000e+00  1.000000e+00
   outer loop
     vertex -3.768454e+00 -4.668913e+00  1.500000e+02
     vertex -4.018860e+00 -4.455195e+00  1.500000e+02
     vertex -3.895123e+00 -4.563772e+00  1.500000e+02
   endloop
 endfacet
 facet normal  0.000000e+00  0.000000e+00  1.000000e+00
   outer loop
     vertex -3.638949e+00 -4.770540e+00  1.500000e+02
     vertex -4.018860e+00 -4.455195e+00  1.500000e+02
     vertex -3.768454e+00 -4.668913e+00  1.500000e+02
   endloop
 endfacet
 facet normal  0.000000e+00  0.000000e+00  1.000000e+00
   outer loop
     vertex -4.795388e+00 -3.606141e+00  1.500000e+02
     vertex -4.694652e+00 -3.736340e+00  1.500000e+02
     vertex -4.590382e+00 -3.863727e+00  1.500000e+02
   endloop
 endfacet
 facet normal  0.000000e+00  0.000000e+00  1.000000e+00
   outer loop
     vertex -3.506704e+00 -4.868575e+00  1.500000e+02
     vertex -4.018860e+00 -4.455195e+00  1.500000e+02
     vertex -3.638949e+00 -4.770540e+00  1.500000e+02
   endloop
 endfacet
 facet normal  0.000000e+00  0.000000e+00  1.000000e+00
   outer loop
     vertex -4.892514e+00 -3.473226e+00  1.500000e+02
     vertex -4.590382e+00 -3.863727e+00  1.500000e+02
     vertex -4.482657e+00 -3.988206e+00  1.500000e+02
   endloop
 endfacet
 facet normal  0.000000e+00  0.000000e+00  1.000000e+00
   outer loop
     vertex -4.892514e+00 -3.473226e+00  1.500000e+02
     vertex -4.795388e+00 -3.606141e+00  1.500000e+02
     vertex -4.590382e+00 -3.863727e+00  1.500000e+02
   endloop
 endfacet
 facet normal  0.000000e+00  0.000000e+00  1.000000e+00
   outer loop
     vertex -3.234397e+00 -5.053581e+00  1.500000e+02
     vertex -4.371557e+00 -4.109682e+00  1.500000e+02
     vertex -4.257167e+00 -4.228065e+00  1.500000e+02
   endloop
 endfacet
 facet normal  0.000000e+00  0.000000e+00  1.000000e+00
   outer loop
     vertex -3.234397e+00 -5.053581e+00  1.500000e+02
     vertex -4.257167e+00 -4.228065e+00  1.500000e+02
     vertex -4.139571e+00 -4.343265e+00  1.500000e+02
   endloop
 endfacet
 facet normal  0.000000e+00  0.000000e+00  1.000000e+00
   outer loop
     vertex -3.234397e+00 -5.053581e+00  1.500000e+02
     vertex -4.139571e+00 -4.343265e+00  1.500000e+02
     vertex -4.018860e+00 -4.455195e+00  1.500000e+02
   endloop
 endfacet
 facet normal  0.000000e+00  0.000000e+00  1.000000e+00
   outer loop
     vertex -3.234397e+00 -5.053581e+00  1.500000e+02
     vertex -3.506704e+00 -4.868575e+00  1.500000e+02
     vertex -3.371819e+00 -4.962946e+00  1.500000e+02
   endloop
 endfacet
 facet normal  0.000000e+00  0.000000e+00  1.000000e+00
   outer loop
     vertex -3.234397e+00 -5.053581e+00  1.500000e+02
     vertex -4.018860e+00 -4.455195e+00  1.500000e+02
     vertex -3.506704e+00 -4.868575e+00  1.500000e+02
   endloop
 endfacet
 facet normal  0.000000e+00  0.000000e+00  1.000000e+00
   outer loop
     vertex -3.094539e+00 -5.140411e+00  1.500000e+02
     vertex -4.482657e+00 -3.988206e+00  1.500000e+02
     vertex -4.371557e+00 -4.109682e+00  1.500000e+02
   endloop
 endfacet
 facet normal  0.000000e+00  0.000000e+00  1.000000e+00
   outer loop
     vertex -3.094539e+00 -5.140411e+00  1.500000e+02
     vertex -4.371557e+00 -4.109682e+00  1.500000e+02
     vertex -3.234397e+00 -5.053581e+00  1.500000e+02
   endloop
 endfacet
 facet normal  0.000000e+00  0.000000e+00  1.000000e+00
   outer loop
     vertex -5.243500e+00 -2.916454e+00  1.500000e+02
     vertex -5.161517e+00 -3.059207e+00  1.500000e+02
     vertex -5.075648e+00 -3.199656e+00  1.500000e+02
   endloop
 endfacet
 facet normal  0.000000e+00  0.000000e+00  1.000000e+00
   outer loop
     vertex -5.243500e+00 -2.916454e+00  1.500000e+02
     vertex -5.075648e+00 -3.199656e+00  1.500000e+02
     vertex -4.985958e+00 -3.337698e+00  1.500000e+02
   endloop
 endfacet
 facet normal  0.000000e+00  0.000000e+00  1.000000e+00
   outer loop
     vertex -5.243500e+00 -2.916454e+00  1.500000e+02
     vertex -4.985958e+00 -3.337698e+00  1.500000e+02
     vertex -4.892514e+00 -3.473226e+00  1.500000e+02
   endloop
 endfacet
 facet normal  0.000000e+00  0.000000e+00  1.000000e+00
   outer loop
     vertex -2.661419e+00 -5.377439e+00  1.500000e+02
     vertex -3.094539e+00 -5.140411e+00  1.500000e+02
     vertex -2.952352e+00 -5.223372e+00  1.500000e+02
   endloop
 endfacet
 facet normal  0.000000e+00  0.000000e+00  1.000000e+00
   outer loop
     vertex -2.661419e+00 -5.377439e+00  1.500000e+02
     vertex -2.952352e+00 -5.223372e+00  1.500000e+02
     vertex -2.807943e+00 -5.302401e+00  1.500000e+02
   endloop
 endfacet
 facet normal  0.000000e+00  0.000000e+00  1.000000e+00
   outer loop
     vertex -2.661419e+00 -5.377439e+00  1.500000e+02
     vertex -4.482657e+00 -3.988206e+00  1.500000e+02
     vertex -3.094539e+00 -5.140411e+00  1.500000e+02
   endloop
 endfacet
 facet normal  0.000000e+00  0.000000e+00  1.000000e+00
   outer loop
     vertex -2.362475e+00 -5.515316e+00  1.500000e+02
     vertex -2.661419e+00 -5.377439e+00  1.500000e+02
     vertex -2.512893e+00 -5.448428e+00  1.500000e+02
   endloop
 endfacet
 facet normal  0.000000e+00  0.000000e+00  1.000000e+00
   outer loop
     vertex -5.531392e+00 -2.324588e+00  1.500000e+02
     vertex -5.465537e+00 -2.475461e+00  1.500000e+02
     vertex -5.395568e+00 -2.624471e+00  1.500000e+02
   endloop
 endfacet
 facet normal  0.000000e+00  0.000000e+00  1.000000e+00
   outer loop
     vertex -5.531392e+00 -2.324588e+00  1.500000e+02
     vertex -5.395568e+00 -2.624471e+00  1.500000e+02
     vertex -5.321537e+00 -2.771506e+00  1.500000e+02
   endloop
 endfacet
 facet normal  0.000000e+00  0.000000e+00  1.000000e+00
   outer loop
     vertex -2.056417e+00 -5.636590e+00  1.500000e+02
     vertex -2.362475e+00 -5.515316e+00  1.500000e+02
     vertex -2.210278e+00 -5.578053e+00  1.500000e+02
   endloop
 endfacet
 facet normal  0.000000e+00  0.000000e+00  1.000000e+00
   outer loop
     vertex -5.650563e+00 -2.017706e+00  1.500000e+02
     vertex -5.593082e+00 -2.171964e+00  1.500000e+02
     vertex -5.531392e+00 -2.324588e+00  1.500000e+02
   endloop
 endfacet
 facet normal  0.000000e+00  0.000000e+00  1.000000e+00
   outer loop
     vertex -5.650563e+00 -2.017706e+00  1.500000e+02
     vertex -5.531392e+00 -2.324588e+00  1.500000e+02
     vertex -5.321537e+00 -2.771506e+00  1.500000e+02
   endloop
 endfacet
 facet normal  0.000000e+00  0.000000e+00  1.000000e+00
   outer loop
     vertex -1.744169e+00 -5.740895e+00  1.500000e+02
     vertex -2.056417e+00 -5.636590e+00  1.500000e+02
     vertex -1.901009e+00 -5.690884e+00  1.500000e+02
   endloop
 endfacet
 facet normal  0.000000e+00  0.000000e+00  1.000000e+00
   outer loop
     vertex -1.744169e+00 -5.740895e+00  1.500000e+02
     vertex -2.661419e+00 -5.377439e+00  1.500000e+02
     vertex -2.362475e+00 -5.515316e+00  1.500000e+02
   endloop
 endfacet
 facet normal  0.000000e+00  0.000000e+00  1.000000e+00
   outer loop
     vertex -1.744169e+00 -5.740895e+00  1.500000e+02
     vertex -2.362475e+00 -5.515316e+00  1.500000e+02
     vertex -2.056417e+00 -5.636590e+00  1.500000e+02
   endloop
 endfacet
 facet normal  0.000000e+00  0.000000e+00  1.000000e+00
   outer loop
     vertex -5.752724e+00 -1.704750e+00  1.500000e+02
     vertex -5.703790e+00 -1.861929e+00  1.500000e+02
     vertex -5.650563e+00 -2.017706e+00  1.500000e+02
   endloop
 endfacet
 facet normal  0.000000e+00  0.000000e+00  1.000000e+00
   outer loop
     vertex -5.837565e+00 -1.386661e+00  1.500000e+02
     vertex -5.797327e+00 -1.546288e+00  1.500000e+02
     vertex -5.752724e+00 -1.704750e+00  1.500000e+02
   endloop
 endfacet
 facet normal  0.000000e+00  0.000000e+00  1.000000e+00
   outer loop
     vertex -5.837565e+00 -1.386661e+00  1.500000e+02
     vertex -5.752724e+00 -1.704750e+00  1.500000e+02
     vertex -5.650563e+00 -2.017706e+00  1.500000e+02
   endloop
 endfacet
 facet normal  0.000000e+00  0.000000e+00  1.000000e+00
   outer loop
     vertex -5.837565e+00 -1.386661e+00  1.500000e+02
     vertex -5.650563e+00 -2.017706e+00  1.500000e+02
     vertex -5.321537e+00 -2.771506e+00  1.500000e+02
   endloop
 endfacet
 facet normal  0.000000e+00  0.000000e+00  1.000000e+00
   outer loop
     vertex -1.266250e+00 -5.864862e+00  1.500000e+02
     vertex -1.586017e+00 -5.786584e+00  1.500000e+02
     vertex -1.426671e+00 -5.827917e+00  1.500000e+02
   endloop
 endfacet
 facet normal  0.000000e+00  0.000000e+00  1.000000e+00
   outer loop
     vertex -7.797567e-01 -5.949116e+00  1.500000e+02
     vertex -1.266250e+00 -5.864862e+00  1.500000e+02
     vertex -1.104877e+00 -5.897393e+00  1.500000e+02
   endloop
 endfacet
 facet normal  0.000000e+00  0.000000e+00  1.000000e+00
   outer loop
     vertex -7.797567e-01 -5.949116e+00  1.500000e+02
     vertex -1.104877e+00 -5.897393e+00  1.500000e+02
     vertex -9.426715e-01 -5.925485e+00  1.500000e+02
   endloop
 endfacet
 facet normal  0.000000e+00  0.000000e+00  1.000000e+00
   outer loop
     vertex -5.954325e+00 -7.389315e-01  1.500000e+02
     vertex -5.931812e+00 -9.020046e-01  1.500000e+02
     vertex -5.904833e+00 -1.064399e+00  1.500000e+02
   endloop
 endfacet
 facet normal  0.000000e+00  0.000000e+00  1.000000e+00
   outer loop
     vertex -5.954325e+00 -7.389315e-01  1.500000e+02
     vertex -5.904833e+00 -1.064399e+00  1.500000e+02
     vertex -5.873410e+00 -1.225992e+00  1.500000e+02
   endloop
 endfacet
 facet normal  0.000000e+00  0.000000e+00  1.000000e+00
   outer loop
     vertex -5.954325e+00 -7.389315e-01  1.500000e+02
     vertex -5.873410e+00 -1.225992e+00  1.500000e+02
     vertex -5.837565e+00 -1.386661e+00  1.500000e+02
   endloop
 endfacet
 facet normal  0.000000e+00  0.000000e+00  1.000000e+00
   outer loop
     vertex -6.162549e-01 -5.968269e+00  1.500000e+02
     vertex -1.266250e+00 -5.864862e+00  1.500000e+02
     vertex -7.797567e-01 -5.949116e+00  1.500000e+02
   endloop
 endfacet
 facet normal  0.000000e+00  0.000000e+00  1.000000e+00
   outer loop
     vertex -5.972355e+00 -5.753021e-01  1.500000e+02
     vertex -5.954325e+00 -7.389315e-01  1.500000e+02
     vertex -5.837565e+00 -1.386661e+00  1.500000e+02
   endloop
 endfacet
 facet normal  0.000000e+00  0.000000e+00  1.000000e+00
   outer loop
     vertex -5.994919e+00 -2.468677e-01  1.500000e+02
     vertex -2.661419e+00 -5.377439e+00  1.500000e+02
     vertex -1.744169e+00 -5.740895e+00  1.500000e+02
   endloop
 endfacet
 facet normal  0.000000e+00  0.000000e+00  1.000000e+00
   outer loop
     vertex -5.994919e+00 -2.468677e-01  1.500000e+02
     vertex -5.972355e+00 -5.753021e-01  1.500000e+02
     vertex -5.837565e+00 -1.386661e+00  1.500000e+02
   endloop
 endfacet
 facet normal  0.000000e+00  0.000000e+00  1.000000e+00
   outer loop
     vertex -5.994919e+00 -2.468677e-01  1.500000e+02
     vertex -5.837565e+00 -1.386661e+00  1.500000e+02
     vertex -5.321537e+00 -2.771506e+00  1.500000e+02
   endloop
 endfacet
 facet normal  0.000000e+00  0.000000e+00  1.000000e+00
   outer loop
     vertex -5.994919e+00 -2.468677e-01  1.500000e+02
     vertex -5.985890e+00 -4.112397e-01  1.500000e+02
     vertex -5.972355e+00 -5.753021e-01  1.500000e+02
   endloop
 endfacet
 facet normal  0.000000e+00  0.000000e+00  1.000000e+00
   outer loop
     vertex -5.994919e+00 -2.468677e-01  1.500000e+02
     vertex -5.321537e+00 -2.771506e+00  1.500000e+02
     vertex -5.243500e+00 -2.916454e+00  1.500000e+02
   endloop
 endfacet
 facet normal  0.000000e+00  0.000000e+00  1.000000e+00
   outer loop
     vertex -5.994919e+00 -2.468677e-01  1.500000e+02
     vertex -5.243500e+00 -2.916454e+00  1.500000e+02
     vertex -4.892514e+00 -3.473226e+00  1.500000e+02
   endloop
 endfacet
 facet normal  0.000000e+00  0.000000e+00  1.000000e+00
   outer loop
     vertex -5.994919e+00 -2.468677e-01  1.500000e+02
     vertex -4.892514e+00 -3.473226e+00  1.500000e+02
     vertex -4.482657e+00 -3.988206e+00  1.500000e+02
   endloop
 endfacet
 facet normal  0.000000e+00  0.000000e+00  1.000000e+00
   outer loop
     vertex -5.994919e+00 -2.468677e-01  1.500000e+02
     vertex -4.482657e+00 -3.988206e+00  1.500000e+02
     vertex -2.661419e+00 -5.377439e+00  1.500000e+02
   endloop
 endfacet
 facet normal  0.000000e+00  0.000000e+00  1.000000e+00
   outer loop
     vertex -5.999435e+00  8.230989e-02  1.500000e+02
     vertex -5.999435e+00 -8.230989e-02  1.500000e+02
     vertex -5.994919e+00 -2.468677e-01  1.500000e+02
   endloop
 endfacet
 facet normal  0.000000e+00  0.000000e+00  1.000000e+00
   outer loop
     vertex -5.985890e+00  4.112397e-01  1.500000e+02
     vertex -5.994919e+00  2.468677e-01  1.500000e+02
     vertex -5.999435e+00  8.230989e-02  1.500000e+02
   endloop
 endfacet
 facet normal  0.000000e+00  0.000000e+00  1.000000e+00
   outer loop
     vertex -5.985890e+00  4.112397e-01  1.500000e+02
     vertex -5.994919e+00 -2.468677e-01  1.500000e+02
     vertex -1.744169e+00 -5.740895e+00  1.500000e+02
   endloop
 endfacet
 facet normal  0.000000e+00  0.000000e+00  1.000000e+00
   outer loop
     vertex -5.985890e+00  4.112397e-01  1.500000e+02
     vertex -5.999435e+00  8.230989e-02  1.500000e+02
     vertex -5.994919e+00 -2.468677e-01  1.500000e+02
   endloop
 endfacet
 facet normal  0.000000e+00  0.000000e+00  1.000000e+00
   outer loop
     vertex -5.985890e+00  4.112397e-01  1.500000e+02
     vertex -1.744169e+00 -5.740895e+00  1.500000e+02
     vertex -1.586017e+00 -5.786584e+00  1.500000e+02
   endloop
 endfacet
 facet normal  0.000000e+00  0.000000e+00  1.000000e+00
   outer loop
     vertex  6.980715e-01 -5.959253e+00  1.500000e+02
     vertex  3.701709e-01 -5.988570e+00  1.500000e+02
     vertex  5.343223e-01 -5.976161e+00  1.500000e+02
   endloop
 endfacet
 facet normal  0.000000e+00  0.000000e+00  1.000000e+00
   outer loop
     vertex  8.612951e-01 -5.937859e+00  1.500000e+02
     vertex  3.701709e-01 -5.988570e+00  1.500000e+02
     vertex  6.980715e-01 -5.959253e+00  1.500000e+02
   endloop
 endfacet
 facet normal  0.000000e+00  0.000000e+00  1.000000e+00
   outer loop
     vertex  8.612951e-01 -5.937859e+00  1.500000e+02
     vertex  4.115591e-02 -5.999859e+00  1.500000e+02
     vertex  2.057408e-01 -5.996472e+00  1.500000e+02
   endloop
 endfacet
 facet normal  0.000000e+00  0.000000e+00  1.000000e+00
   outer loop
     vertex  8.612951e-01 -5.937859e+00  1.500000e+02
     vertex  2.057408e-01 -5.996472e+00  1.500000e+02
     vertex  3.701709e-01 -5.988570e+00  1.500000e+02
   endloop
 endfacet
 facet normal  0.000000e+00  0.000000e+00  1.000000e+00
   outer loop
     vertex -5.931812e+00  9.020046e-01  1.500000e+02
     vertex -5.954325e+00  7.389315e-01  1.500000e+02
     vertex -5.972355e+00  5.753021e-01  1.500000e+02
   endloop
 endfacet
 facet normal  0.000000e+00  0.000000e+00  1.000000e+00
   outer loop
     vertex -5.873410e+00  1.225992e+00  1.500000e+02
     vertex -5.904833e+00  1.064399e+00  1.500000e+02
     vertex -5.931812e+00  9.020046e-01  1.500000e+02
   endloop
 endfacet
 facet normal  0.000000e+00  0.000000e+00  1.000000e+00
   outer loop
     vertex  1.346587e+00 -5.846940e+00  1.500000e+02
     vertex  4.115591e-02 -5.999859e+00  1.500000e+02
     vertex  8.612951e-01 -5.937859e+00  1.500000e+02
   endloop
 endfacet
 facet normal  0.000000e+00  0.000000e+00  1.000000e+00
   outer loop
     vertex  1.346587e+00 -5.846940e+00  1.500000e+02
     vertex -1.234600e-01 -5.998730e+00  1.500000e+02
     vertex  4.115591e-02 -5.999859e+00  1.500000e+02
   endloop
 endfacet
 facet normal  0.000000e+00  0.000000e+00  1.000000e+00
   outer loop
     vertex  1.346587e+00 -5.846940e+00  1.500000e+02
     vertex  8.612951e-01 -5.937859e+00  1.500000e+02
     vertex  1.023870e+00 -5.911995e+00  1.500000e+02
   endloop
 endfacet
 facet normal  0.000000e+00  0.000000e+00  1.000000e+00
   outer loop
     vertex  1.346587e+00 -5.846940e+00  1.500000e+02
     vertex  1.023870e+00 -5.911995e+00  1.500000e+02
     vertex  1.185675e+00 -5.881681e+00  1.500000e+02
   endloop
 endfacet
 facet normal  0.000000e+00  0.000000e+00  1.000000e+00
   outer loop
     vertex  1.506486e+00 -5.807797e+00  1.500000e+02
     vertex -1.234600e-01 -5.998730e+00  1.500000e+02
     vertex  1.346587e+00 -5.846940e+00  1.500000e+02
   endloop
 endfacet
 facet normal  0.000000e+00  0.000000e+00  1.000000e+00
   outer loop
     vertex  1.506486e+00 -5.807797e+00  1.500000e+02
     vertex -4.522891e-01 -5.982929e+00  1.500000e+02
     vertex -2.879830e-01 -5.993085e+00  1.500000e+02
   endloop
 endfacet
 facet normal  0.000000e+00  0.000000e+00  1.000000e+00
   outer loop
     vertex  1.506486e+00 -5.807797e+00  1.500000e+02
     vertex -2.879830e-01 -5.993085e+00  1.500000e+02
     vertex -1.234600e-01 -5.998730e+00  1.500000e+02
   endloop
 endfacet
 facet normal  0.000000e+00  0.000000e+00  1.000000e+00
   outer loop
     vertex -5.797327e+00  1.546288e+00  1.500000e+02
     vertex -5.837565e+00  1.386661e+00  1.500000e+02
     vertex -5.873410e+00  1.225992e+00  1.500000e+02
   endloop
 endfacet
 facet normal  0.000000e+00  0.000000e+00  1.000000e+00
   outer loop
     vertex -5.797327e+00  1.546288e+00  1.500000e+02
     vertex -5.972355e+00  5.753021e-01  1.500000e+02
     vertex -5.985890e+00  4.112397e-01  1.500000e+02
   endloop
 endfacet
 facet normal  0.000000e+00  0.000000e+00  1.000000e+00
   outer loop
     vertex -5.797327e+00  1.546288e+00  1.500000e+02
     vertex -1.586017e+00 -5.786584e+00  1.500000e+02
     vertex -1.266250e+00 -5.864862e+00  1.500000e+02
   endloop
 endfacet
 facet normal  0.000000e+00  0.000000e+00  1.000000e+00
   outer loop
     vertex -5.797327e+00  1.546288e+00  1.500000e+02
     vertex -5.873410e+00  1.225992e+00  1.500000e+02
     vertex -5.931812e+00  9.020046e-01  1.500000e+02
   endloop
 endfacet
 facet normal  0.000000e+00  0.000000e+00  1.000000e+00
   outer loop
     vertex -5.797327e+00  1.546288e+00  1.500000e+02
     vertex -5.931812e+00  9.020046e-01  1.500000e+02
     vertex -5.972355e+00  5.753021e-01  1.500000e+02
   endloop
 endfacet
 facet normal  0.000000e+00  0.000000e+00  1.000000e+00
   outer loop
     vertex -5.797327e+00  1.546288e+00  1.500000e+02
     vertex -5.985890e+00  4.112397e-01  1.500000e+02
     vertex -1.586017e+00 -5.786584e+00  1.500000e+02
   endloop
 endfacet
 facet normal  0.000000e+00  0.000000e+00  1.000000e+00
   outer loop
     vertex  1.822761e+00 -5.716428e+00  1.500000e+02
     vertex  1.506486e+00 -5.807797e+00  1.500000e+02
     vertex  1.665250e+00 -5.764282e+00  1.500000e+02
   endloop
 endfacet
 facet normal  0.000000e+00  0.000000e+00  1.000000e+00
   outer loop
     vertex -5.703790e+00  1.861929e+00  1.500000e+02
     vertex -5.752724e+00  1.704750e+00  1.500000e+02
     vertex -5.797327e+00  1.546288e+00  1.500000e+02
   endloop
 endfacet
 facet normal  0.000000e+00  0.000000e+00  1.000000e+00
   outer loop
     vertex  1.978899e+00 -5.664270e+00  1.500000e+02
     vertex -4.522891e-01 -5.982929e+00  1.500000e+02
     vertex  1.506486e+00 -5.807797e+00  1.500000e+02
   endloop
 endfacet
 facet normal  0.000000e+00  0.000000e+00  1.000000e+00
   outer loop
     vertex  1.978899e+00 -5.664270e+00  1.500000e+02
     vertex  1.506486e+00 -5.807797e+00  1.500000e+02
     vertex  1.822761e+00 -5.716428e+00  1.500000e+02
   endloop
 endfacet
 facet normal  0.000000e+00  0.000000e+00  1.000000e+00
   outer loop
     vertex -5.650563e+00  2.017706e+00  1.500000e+02
     vertex -5.703790e+00  1.861929e+00  1.500000e+02
     vertex -5.797327e+00  1.546288e+00  1.500000e+02
   endloop
 endfacet
 facet normal  0.000000e+00  0.000000e+00  1.000000e+00
   outer loop
     vertex  2.286591e+00 -5.547206e+00  1.500000e+02
     vertex -6.162549e-01 -5.968269e+00  1.500000e+02
     vertex -4.522891e-01 -5.982929e+00  1.500000e+02
   endloop
 endfacet
 facet normal  0.000000e+00  0.000000e+00  1.000000e+00
   outer loop
     vertex  2.286591e+00 -5.547206e+00  1.500000e+02
     vertex  1.978899e+00 -5.664270e+00  1.500000e+02
     vertex  2.133548e+00 -5.607849e+00  1.500000e+02
   endloop
 endfacet
 facet normal  0.000000e+00  0.000000e+00  1.000000e+00
   outer loop
     vertex  2.286591e+00 -5.547206e+00  1.500000e+02
     vertex -4.522891e-01 -5.982929e+00  1.500000e+02
     vertex  1.978899e+00 -5.664270e+00  1.500000e+02
   endloop
 endfacet
 facet normal  0.000000e+00  0.000000e+00  1.000000e+00
   outer loop
     vertex -5.465537e+00  2.475461e+00  1.500000e+02
     vertex -5.531392e+00  2.324588e+00  1.500000e+02
     vertex -5.593082e+00  2.171964e+00  1.500000e+02
   endloop
 endfacet
 facet normal  0.000000e+00  0.000000e+00  1.000000e+00
   outer loop
     vertex  2.587400e+00 -5.413443e+00  1.500000e+02
     vertex  2.286591e+00 -5.547206e+00  1.500000e+02
     vertex  2.437913e+00 -5.482388e+00  1.500000e+02
   endloop
 endfacet
 facet normal  0.000000e+00  0.000000e+00  1.000000e+00
   outer loop
     vertex -5.395568e+00  2.624471e+00  1.500000e+02
     vertex -5.593082e+00  2.171964e+00  1.500000e+02
     vertex -5.650563e+00  2.017706e+00  1.500000e+02
   endloop
 endfacet
 facet normal  0.000000e+00  0.000000e+00  1.000000e+00
   outer loop
     vertex -5.395568e+00  2.624471e+00  1.500000e+02
     vertex -5.465537e+00  2.475461e+00  1.500000e+02
     vertex -5.593082e+00  2.171964e+00  1.500000e+02
   endloop
 endfacet
 facet normal  0.000000e+00  0.000000e+00  1.000000e+00
   outer loop
     vertex  2.734938e+00 -5.340422e+00  1.500000e+02
     vertex  2.286591e+00 -5.547206e+00  1.500000e+02
     vertex  2.587400e+00 -5.413443e+00  1.500000e+02
   endloop
 endfacet
 facet normal  0.000000e+00  0.000000e+00  1.000000e+00
   outer loop
     vertex -5.243500e+00  2.916454e+00  1.500000e+02
     vertex -5.321537e+00  2.771506e+00  1.500000e+02
     vertex -5.395568e+00  2.624471e+00  1.500000e+02
   endloop
 endfacet
 facet normal  0.000000e+00  0.000000e+00  1.000000e+00
   outer loop
     vertex -5.161517e+00  3.059207e+00  1.500000e+02
     vertex -5.395568e+00  2.624471e+00  1.500000e+02
     vertex -5.650563e+00  2.017706e+00  1.500000e+02
   endloop
 endfacet
 facet normal  0.000000e+00  0.000000e+00  1.000000e+00
   outer loop
     vertex -5.161517e+00  3.059207e+00  1.500000e+02
     vertex -5.243500e+00  2.916454e+00  1.500000e+02
     vertex -5.395568e+00  2.624471e+00  1.500000e+02
   endloop
 endfacet
 facet normal  0.000000e+00  0.000000e+00  1.000000e+00
   outer loop
     vertex  3.164766e+00 -5.097476e+00  1.500000e+02
     vertex  2.734938e+00 -5.340422e+00  1.500000e+02
     vertex  2.880418e+00 -5.263382e+00  1.500000e+02
   endloop
 endfacet
 facet normal  0.000000e+00  0.000000e+00  1.000000e+00
   outer loop
     vertex  3.164766e+00 -5.097476e+00  1.500000e+02
     vertex  2.880418e+00 -5.263382e+00  1.500000e+02
     vertex  3.023730e+00 -5.182379e+00  1.500000e+02
   endloop
 endfacet
 facet normal  0.000000e+00  0.000000e+00  1.000000e+00
   outer loop
     vertex  3.164766e+00 -5.097476e+00  1.500000e+02
     vertex  2.286591e+00 -5.547206e+00  1.500000e+02
     vertex  2.734938e+00 -5.340422e+00  1.500000e+02
   endloop
 endfacet
 facet normal  0.000000e+00  0.000000e+00  1.000000e+00
   outer loop
     vertex -5.075648e+00  3.199656e+00  1.500000e+02
     vertex -5.161517e+00  3.059207e+00  1.500000e+02
     vertex -5.650563e+00  2.017706e+00  1.500000e+02
   endloop
 endfacet
 facet normal  0.000000e+00  0.000000e+00  1.000000e+00
   outer loop
     vertex  3.303419e+00 -5.008735e+00  1.500000e+02
     vertex  2.286591e+00 -5.547206e+00  1.500000e+02
     vertex  3.164766e+00 -5.097476e+00  1.500000e+02
   endloop
 endfacet
 facet normal  0.000000e+00  0.000000e+00  1.000000e+00
   outer loop
     vertex  3.303419e+00 -5.008735e+00  1.500000e+02
     vertex -6.162549e-01 -5.968269e+00  1.500000e+02
     vertex  2.286591e+00 -5.547206e+00  1.500000e+02
   endloop
 endfacet
 facet normal  0.000000e+00  0.000000e+00  1.000000e+00
   outer loop
     vertex -4.892514e+00  3.473226e+00  1.500000e+02
     vertex -5.075648e+00  3.199656e+00  1.500000e+02
     vertex -5.650563e+00  2.017706e+00  1.500000e+02
   endloop
 endfacet
 facet normal  0.000000e+00  0.000000e+00  1.000000e+00
   outer loop
     vertex -4.892514e+00  3.473226e+00  1.500000e+02
     vertex -5.797327e+00  1.546288e+00  1.500000e+02
     vertex -1.266250e+00 -5.864862e+00  1.500000e+02
   endloop
 endfacet
 facet normal  0.000000e+00  0.000000e+00  1.000000e+00
   outer loop
     vertex -4.892514e+00  3.473226e+00  1.500000e+02
     vertex -5.650563e+00  2.017706e+00  1.500000e+02
     vertex -5.797327e+00  1.546288e+00  1.500000e+02
   endloop
 endfacet
 facet normal  0.000000e+00  0.000000e+00  1.000000e+00
   outer loop
     vertex -4.892514e+00  3.473226e+00  1.500000e+02
     vertex -4.985958e+00  3.337698e+00  1.500000e+02
     vertex -5.075648e+00  3.199656e+00  1.500000e+02
   endloop
 endfacet
 facet normal  0.000000e+00  0.000000e+00  1.000000e+00
   outer loop
     vertex  3.573163e+00 -4.820011e+00  1.500000e+02
     vertex  3.303419e+00 -5.008735e+00  1.500000e+02
     vertex  3.439585e+00 -4.916223e+00  1.500000e+02
   endloop
 endfacet
 facet normal  0.000000e+00  0.000000e+00  1.000000e+00
   outer loop
     vertex  3.704050e+00 -4.720171e+00  1.500000e+02
     vertex  3.303419e+00 -5.008735e+00  1.500000e+02
     vertex  3.573163e+00 -4.820011e+00  1.500000e+02
   endloop
 endfacet
 facet normal  0.000000e+00  0.000000e+00  1.000000e+00
   outer loop
     vertex -4.694652e+00  3.736340e+00  1.500000e+02
     vertex -4.795388e+00  3.606141e+00  1.500000e+02
     vertex -4.892514e+00  3.473226e+00  1.500000e+02
   endloop
 endfacet
 facet normal  0.000000e+00  0.000000e+00  1.000000e+00
   outer loop
     vertex  3.832149e+00 -4.616777e+00  1.500000e+02
     vertex  3.303419e+00 -5.008735e+00  1.500000e+02
     vertex  3.704050e+00 -4.720171e+00  1.500000e+02
   endloop
 endfacet
 facet normal  0.000000e+00  0.000000e+00  1.000000e+00
   outer loop
     vertex  3.957364e+00 -4.509908e+00  1.500000e+02
     vertex  3.303419e+00 -5.008735e+00  1.500000e+02
     vertex  3.832149e+00 -4.616777e+00  1.500000e+02
   endloop
 endfacet
 facet normal  0.000000e+00  0.000000e+00  1.000000e+00
   outer loop
     vertex -4.482657e+00  3.988206e+00  1.500000e+02
     vertex -4.590382e+00  3.863727e+00  1.500000e+02
     vertex -4.694652e+00  3.736340e+00  1.500000e+02
   endloop
 endfacet
 facet normal  0.000000e+00  0.000000e+00  1.000000e+00
   outer loop
     vertex  4.198764e+00 -4.286068e+00  1.500000e+02
     vertex  3.303419e+00 -5.008735e+00  1.500000e+02
     vertex  3.957364e+00 -4.509908e+00  1.500000e+02
   endloop
 endfacet
 facet normal  0.000000e+00  0.000000e+00  1.000000e+00
   outer loop
     vertex  4.198764e+00 -4.286068e+00  1.500000e+02
     vertex  3.957364e+00 -4.509908e+00  1.500000e+02
     vertex  4.079600e+00 -4.399644e+00  1.500000e+02
   endloop
 endfacet
 facet normal  0.000000e+00  0.000000e+00  1.000000e+00
   outer loop
     vertex -4.257167e+00  4.228065e+00  1.500000e+02
     vertex -4.482657e+00  3.988206e+00  1.500000e+02
     vertex -4.694652e+00  3.736340e+00  1.500000e+02
   endloop
 endfacet
 facet normal  0.000000e+00  0.000000e+00  1.000000e+00
   outer loop
     vertex -4.257167e+00  4.228065e+00  1.500000e+02
     vertex -4.371557e+00  4.109682e+00  1.500000e+02
     vertex -4.482657e+00  3.988206e+00  1.500000e+02
   endloop
 endfacet
 facet normal  0.000000e+00  0.000000e+00  1.000000e+00
   outer loop
     vertex  4.536947e+00 -3.926336e+00  1.500000e+02
     vertex  4.314768e+00 -4.169266e+00  1.500000e+02
     vertex  4.427524e+00 -4.049325e+00  1.500000e+02
   endloop
 endfacet
 facet normal  0.000000e+00  0.000000e+00  1.000000e+00
   outer loop
     vertex  4.536947e+00 -3.926336e+00  1.500000e+02
     vertex  3.303419e+00 -5.008735e+00  1.500000e+02
     vertex  4.198764e+00 -4.286068e+00  1.500000e+02
   endloop
 endfacet
 facet normal  0.000000e+00  0.000000e+00  1.000000e+00
   outer loop
     vertex  4.536947e+00 -3.926336e+00  1.500000e+02
     vertex  4.198764e+00 -4.286068e+00  1.500000e+02
     vertex  4.314768e+00 -4.169266e+00  1.500000e+02
   endloop
 endfacet
 facet normal  0.000000e+00  0.000000e+00  1.000000e+00
   outer loop
     vertex -3.895123e+00  4.563772e+00  1.500000e+02
     vertex -4.018860e+00  4.455195e+00  1.500000e+02
     vertex -4.139571e+00  4.343265e+00  1.500000e+02
   endloop
 endfacet
 facet normal  0.000000e+00  0.000000e+00  1.000000e+00
   outer loop
     vertex -3.638949e+00  4.770540e+00  1.500000e+02
     vertex -4.694652e+00  3.736340e+00  1.500000e+02
     vertex -4.892514e+00  3.473226e+00  1.500000e+02
   endloop
 endfacet
 facet normal  0.000000e+00  0.000000e+00  1.000000e+00
   outer loop
     vertex -3.638949e+00  4.770540e+00  1.500000e+02
     vertex -4.257167e+00  4.228065e+00  1.500000e+02
     vertex -4.694652e+00  3.736340e+00  1.500000e+02
   endloop
 endfacet
 facet normal  0.000000e+00  0.000000e+00  1.000000e+00
   outer loop
     vertex -3.638949e+00  4.770540e+00  1.500000e+02
     vertex -3.895123e+00  4.563772e+00  1.500000e+02
     vertex -4.139571e+00  4.343265e+00  1.500000e+02
   endloop
 endfacet
 facet normal  0.000000e+00  0.000000e+00  1.000000e+00
   outer loop
     vertex -3.638949e+00  4.770540e+00  1.500000e+02
     vertex -3.768454e+00  4.668913e+00  1.500000e+02
     vertex -3.895123e+00  4.563772e+00  1.500000e+02
   endloop
 endfacet
 facet normal  0.000000e+00  0.000000e+00  1.000000e+00
   outer loop
     vertex -3.638949e+00  4.770540e+00  1.500000e+02
     vertex -4.139571e+00  4.343265e+00  1.500000e+02
     vertex -4.257167e+00  4.228065e+00  1.500000e+02
   endloop
 endfacet
 facet normal  0.000000e+00  0.000000e+00  1.000000e+00
   outer loop
     vertex  4.939701e+00 -3.405783e+00  1.500000e+02
     vertex  4.642954e+00 -3.800391e+00  1.500000e+02
     vertex  4.745467e+00 -3.671586e+00  1.500000e+02
   endloop
 endfacet
 facet normal  0.000000e+00  0.000000e+00  1.000000e+00
   outer loop
     vertex  4.939701e+00 -3.405783e+00  1.500000e+02
     vertex  4.745467e+00 -3.671586e+00  1.500000e+02
     vertex  4.844407e+00 -3.540017e+00  1.500000e+02
   endloop
 endfacet
 facet normal  0.000000e+00  0.000000e+00  1.000000e+00
   outer loop
     vertex -3.371819e+00  4.962946e+00  1.500000e+02
     vertex -3.506704e+00  4.868575e+00  1.500000e+02
     vertex -3.638949e+00  4.770540e+00  1.500000e+02
   endloop
 endfacet
 facet normal  0.000000e+00  0.000000e+00  1.000000e+00
   outer loop
     vertex  5.119064e+00 -3.129726e+00  1.500000e+02
     vertex  4.536947e+00 -3.926336e+00  1.500000e+02
     vertex  4.642954e+00 -3.800391e+00  1.500000e+02
   endloop
 endfacet
 facet normal  0.000000e+00  0.000000e+00  1.000000e+00
   outer loop
     vertex  5.119064e+00 -3.129726e+00  1.500000e+02
     vertex  4.939701e+00 -3.405783e+00  1.500000e+02
     vertex  5.031276e+00 -3.268985e+00  1.500000e+02
   endloop
 endfacet
 facet normal  0.000000e+00  0.000000e+00  1.000000e+00
   outer loop
     vertex  5.119064e+00 -3.129726e+00  1.500000e+02
     vertex  4.642954e+00 -3.800391e+00  1.500000e+02
     vertex  4.939701e+00 -3.405783e+00  1.500000e+02
   endloop
 endfacet
 facet normal  0.000000e+00  0.000000e+00  1.000000e+00
   outer loop
     vertex  5.202998e+00 -2.988111e+00  1.500000e+02
     vertex  3.303419e+00 -5.008735e+00  1.500000e+02
     vertex  4.536947e+00 -3.926336e+00  1.500000e+02
   endloop
 endfacet
 facet normal  0.000000e+00  0.000000e+00  1.000000e+00
   outer loop
     vertex  5.202998e+00 -2.988111e+00  1.500000e+02
     vertex  4.536947e+00 -3.926336e+00  1.500000e+02
     vertex  5.119064e+00 -3.129726e+00  1.500000e+02
   endloop
 endfacet
 facet normal  0.000000e+00  0.000000e+00  1.000000e+00
   outer loop
     vertex  5.283016e+00 -2.844247e+00  1.500000e+02
     vertex  3.303419e+00 -5.008735e+00  1.500000e+02
     vertex  5.202998e+00 -2.988111e+00  1.500000e+02
   endloop
 endfacet
 facet normal  0.000000e+00  0.000000e+00  1.000000e+00
   outer loop
     vertex -2.807943e+00  5.302401e+00  1.500000e+02
     vertex -2.952352e+00  5.223372e+00  1.500000e+02
     vertex -3.094539e+00  5.140411e+00  1.500000e+02
   endloop
 endfacet
 facet normal  0.000000e+00  0.000000e+00  1.000000e+00
   outer loop
     vertex -2.661419e+00  5.377439e+00  1.500000e+02
     vertex -2.807943e+00  5.302401e+00  1.500000e+02
     vertex -3.094539e+00  5.140411e+00  1.500000e+02
   endloop
 endfacet
 facet normal  0.000000e+00  0.000000e+00  1.000000e+00
   outer loop
     vertex -2.512893e+00  5.448428e+00  1.500000e+02
     vertex -3.094539e+00  5.140411e+00  1.500000e+02
     vertex -3.234397e+00  5.053581e+00  1.500000e+02
   endloop
 endfacet
 facet normal  0.000000e+00  0.000000e+00  1.000000e+00
   outer loop
     vertex -2.512893e+00  5.448428e+00  1.500000e+02
     vertex -3.234397e+00  5.053581e+00  1.500000e+02
     vertex -3.371819e+00  4.962946e+00  1.500000e+02
   endloop
 endfacet
 facet normal  0.000000e+00  0.000000e+00  1.000000e+00
   outer loop
     vertex -2.512893e+00  5.448428e+00  1.500000e+02
     vertex -2.661419e+00  5.377439e+00  1.500000e+02
     vertex -3.094539e+00  5.140411e+00  1.500000e+02
   endloop
 endfacet
 facet normal  0.000000e+00  0.000000e+00  1.000000e+00
   outer loop
     vertex  5.498982e+00 -2.400250e+00  1.500000e+02
     vertex  5.283016e+00 -2.844247e+00  1.500000e+02
     vertex  5.359057e+00 -2.698242e+00  1.500000e+02
   endloop
 endfacet
 facet normal  0.000000e+00  0.000000e+00  1.000000e+00
   outer loop
     vertex  5.498982e+00 -2.400250e+00  1.500000e+02
     vertex  5.359057e+00 -2.698242e+00  1.500000e+02
     vertex  5.431063e+00 -2.550206e+00  1.500000e+02
   endloop
 endfacet
 facet normal  0.000000e+00  0.000000e+00  1.000000e+00
   outer loop
     vertex  5.622352e+00 -2.095032e+00  1.500000e+02
     vertex  5.498982e+00 -2.400250e+00  1.500000e+02
     vertex  5.562760e+00 -2.248488e+00  1.500000e+02
   endloop
 endfacet
 facet normal  0.000000e+00  0.000000e+00  1.000000e+00
   outer loop
     vertex  5.677711e+00 -1.940000e+00  1.500000e+02
     vertex  5.498982e+00 -2.400250e+00  1.500000e+02
     vertex  5.622352e+00 -2.095032e+00  1.500000e+02
   endloop
 endfacet
 facet normal  0.000000e+00  0.000000e+00  1.000000e+00
   outer loop
     vertex -1.744169e+00  5.740895e+00  1.500000e+02
     vertex -1.901009e+00  5.690884e+00  1.500000e+02
     vertex -2.056417e+00  5.636590e+00  1.500000e+02
   endloop
 endfacet
 facet normal  0.000000e+00  0.000000e+00  1.000000e+00
   outer loop
     vertex -1.744169e+00  5.740895e+00  1.500000e+02
     vertex -2.056417e+00  5.636590e+00  1.500000e+02
     vertex -2.210278e+00  5.578053e+00  1.500000e+02
   endloop
 endfacet
 facet normal  0.000000e+00  0.000000e+00  1.000000e+00
   outer loop
     vertex -1.744169e+00  5.740895e+00  1.500000e+02
     vertex -2.210278e+00  5.578053e+00  1.500000e+02
     vertex -2.362475e+00  5.515316e+00  1.500000e+02
   endloop
 endfacet
 facet normal  0.000000e+00  0.000000e+00  1.000000e+00
   outer loop
     vertex -1.744169e+00  5.740895e+00  1.500000e+02
     vertex -2.362475e+00  5.515316e+00  1.500000e+02
     vertex -2.512893e+00  5.448428e+00  1.500000e+02
   endloop
 endfacet
 facet normal  0.000000e+00  0.000000e+00  1.000000e+00
   outer loop
     vertex  5.775569e+00 -1.625672e+00  1.500000e+02
     vertex  5.677711e+00 -1.940000e+00  1.500000e+02
     vertex  5.728796e+00 -1.783507e+00  1.500000e+02
   endloop
 endfacet
 facet normal  0.000000e+00  0.000000e+00  1.000000e+00
   outer loop
     vertex  5.775569e+00 -1.625672e+00  1.500000e+02
     vertex  5.498982e+00 -2.400250e+00  1.500000e+02
     vertex  5.677711e+00 -1.940000e+00  1.500000e+02
   endloop
 endfacet
 facet normal  0.000000e+00  0.000000e+00  1.000000e+00
   outer loop
     vertex -1.586017e+00  5.786584e+00  1.500000e+02
     vertex -2.512893e+00  5.448428e+00  1.500000e+02
     vertex -3.371819e+00  4.962946e+00  1.500000e+02
   endloop
 endfacet
 facet normal  0.000000e+00  0.000000e+00  1.000000e+00
   outer loop
     vertex -1.586017e+00  5.786584e+00  1.500000e+02
     vertex -1.744169e+00  5.740895e+00  1.500000e+02
     vertex -2.512893e+00  5.448428e+00  1.500000e+02
   endloop
 endfacet
 facet normal  0.000000e+00  0.000000e+00  1.000000e+00
   outer loop
     vertex -1.586017e+00  5.786584e+00  1.500000e+02
     vertex -3.638949e+00  4.770540e+00  1.500000e+02
     vertex -4.892514e+00  3.473226e+00  1.500000e+02
   endloop
 endfacet
 facet normal  0.000000e+00  0.000000e+00  1.000000e+00
   outer loop
     vertex -1.586017e+00  5.786584e+00  1.500000e+02
     vertex -3.371819e+00  4.962946e+00  1.500000e+02
     vertex -3.638949e+00  4.770540e+00  1.500000e+02
   endloop
 endfacet
 facet normal  0.000000e+00  0.000000e+00  1.000000e+00
   outer loop
     vertex  5.817993e+00 -1.466613e+00  1.500000e+02
     vertex  5.283016e+00 -2.844247e+00  1.500000e+02
     vertex  5.498982e+00 -2.400250e+00  1.500000e+02
   endloop
 endfacet
 facet normal  0.000000e+00  0.000000e+00  1.000000e+00
   outer loop
     vertex  5.817993e+00 -1.466613e+00  1.500000e+02
     vertex  5.498982e+00 -2.400250e+00  1.500000e+02
     vertex  5.775569e+00 -1.625672e+00  1.500000e+02
   endloop
 endfacet
 facet normal  0.000000e+00  0.000000e+00  1.000000e+00
   outer loop
     vertex  5.817993e+00 -1.466613e+00  1.500000e+02
     vertex -6.162549e-01 -5.968269e+00  1.500000e+02
     vertex  3.303419e+00 -5.008735e+00  1.500000e+02
   endloop
 endfacet
 facet normal  0.000000e+00  0.000000e+00  1.000000e+00
   outer loop
     vertex  5.817993e+00 -1.466613e+00  1.500000e+02
     vertex -1.266250e+00 -5.864862e+00  1.500000e+02
     vertex -6.162549e-01 -5.968269e+00  1.500000e+02
   endloop
 endfacet
 facet normal  0.000000e+00  0.000000e+00  1.000000e+00
   outer loop
     vertex  5.817993e+00 -1.466613e+00  1.500000e+02
     vertex  3.303419e+00 -5.008735e+00  1.500000e+02
     vertex  5.283016e+00 -2.844247e+00  1.500000e+02
   endloop
 endfacet
 facet normal  0.000000e+00  0.000000e+00  1.000000e+00
   outer loop
     vertex  5.918879e+00 -9.832941e-01  1.500000e+02
     vertex  5.856039e+00 -1.306449e+00  1.500000e+02
     vertex  5.889676e+00 -1.145303e+00  1.500000e+02
   endloop
 endfacet
 facet normal  0.000000e+00  0.000000e+00  1.000000e+00
   outer loop
     vertex -9.426715e-01  5.925485e+00  1.500000e+02
     vertex -1.104877e+00  5.897393e+00  1.500000e+02
     vertex -1.266250e+00  5.864862e+00  1.500000e+02
   endloop
 endfacet
 facet normal  0.000000e+00  0.000000e+00  1.000000e+00
   outer loop
     vertex -9.426715e-01  5.925485e+00  1.500000e+02
     vertex -1.266250e+00  5.864862e+00  1.500000e+02
     vertex -1.426671e+00  5.827917e+00  1.500000e+02
   endloop
 endfacet
 facet normal  0.000000e+00  0.000000e+00  1.000000e+00
   outer loop
     vertex -9.426715e-01  5.925485e+00  1.500000e+02
     vertex -1.426671e+00  5.827917e+00  1.500000e+02
     vertex -1.586017e+00  5.786584e+00  1.500000e+02
   endloop
 endfacet
 facet normal  0.000000e+00  0.000000e+00  1.000000e+00
   outer loop
     vertex  5.943627e+00 -8.205452e-01  1.500000e+02
     vertex  5.856039e+00 -1.306449e+00  1.500000e+02
     vertex  5.918879e+00 -9.832941e-01  1.500000e+02
   endloop
 endfacet
 facet normal  0.000000e+00  0.000000e+00  1.000000e+00
   outer loop
     vertex  5.963901e+00 -6.571786e-01  1.500000e+02
     vertex  5.856039e+00 -1.306449e+00  1.500000e+02
     vertex  5.943627e+00 -8.205452e-01  1.500000e+02
   endloop
 endfacet
 facet normal  0.000000e+00  0.000000e+00  1.000000e+00
   outer loop
     vertex -4.522891e-01  5.982929e+00  1.500000e+02
     vertex -9.426715e-01  5.925485e+00  1.500000e+02
     vertex -1.586017e+00  5.786584e+00  1.500000e+02
   endloop
 endfacet
 facet normal  0.000000e+00  0.000000e+00  1.000000e+00
   outer loop
     vertex -4.522891e-01  5.982929e+00  1.500000e+02
     vertex -6.162549e-01  5.968269e+00  1.500000e+02
     vertex -7.797567e-01  5.949116e+00  1.500000e+02
   endloop
 endfacet
 facet normal  0.000000e+00  0.000000e+00  1.000000e+00
   outer loop
     vertex -4.522891e-01  5.982929e+00  1.500000e+02
     vertex -7.797567e-01  5.949116e+00  1.500000e+02
     vertex -9.426715e-01  5.925485e+00  1.500000e+02
   endloop
 endfacet
 facet normal  0.000000e+00  0.000000e+00  1.000000e+00
   outer loop
     vertex  5.990968e+00 -3.290847e-01  1.500000e+02
     vertex  5.963901e+00 -6.571786e-01  1.500000e+02
     vertex  5.979685e+00 -4.933173e-01  1.500000e+02
   endloop
 endfacet
 facet normal  0.000000e+00  0.000000e+00  1.000000e+00
   outer loop
     vertex  5.997742e+00 -1.646043e-01  1.500000e+02
     vertex  5.963901e+00 -6.571786e-01  1.500000e+02
     vertex  5.990968e+00 -3.290847e-01  1.500000e+02
   endloop
 endfacet
 facet normal  0.000000e+00  0.000000e+00  1.000000e+00
   outer loop
     vertex  6.000000e+00 -1.469576e-15  1.500000e+02
     vertex  5.817993e+00 -1.466613e+00  1.500000e+02
     vertex  5.856039e+00 -1.306449e+00  1.500000e+02
   endloop
 endfacet
 facet normal  0.000000e+00  0.000000e+00  1.000000e+00
   outer loop
     vertex  6.000000e+00 -1.469576e-15  1.500000e+02
     vertex  5.856039e+00 -1.306449e+00  1.500000e+02
     vertex  5.963901e+00 -6.571786e-01  1.500000e+02
   endloop
 endfacet
 facet normal  0.000000e+00  0.000000e+00  1.000000e+00
   outer loop
     vertex  6.000000e+00 -1.469576e-15  1.500000e+02
     vertex  5.963901e+00 -6.571786e-01  1.500000e+02
     vertex  5.997742e+00 -1.646043e-01  1.500000e+02
   endloop
 endfacet
 facet normal  0.000000e+00  0.000000e+00  1.000000e+00
   outer loop
     vertex  4.115591e-02  5.999859e+00  1.500000e+02
     vertex -1.234600e-01  5.998730e+00  1.500000e+02
     vertex -2.879830e-01  5.993085e+00  1.500000e+02
   endloop
 endfacet
 facet normal  0.000000e+00  0.000000e+00  1.000000e+00
   outer loop
     vertex  5.997742e+00  1.646043e-01  1.500000e+02
     vertex  5.817993e+00 -1.466613e+00  1.500000e+02
     vertex  6.000000e+00 -1.469576e-15  1.500000e+02
   endloop
 endfacet
 facet normal  0.000000e+00  0.000000e+00  1.000000e+00
   outer loop
     vertex  5.990968e+00  3.290847e-01  1.500000e+02
     vertex  5.817993e+00 -1.466613e+00  1.500000e+02
     vertex  5.997742e+00  1.646043e-01  1.500000e+02
   endloop
 endfacet
 facet normal  0.000000e+00  0.000000e+00  1.000000e+00
   outer loop
     vertex  3.701709e-01  5.988570e+00  1.500000e+02
     vertex  2.057408e-01  5.996472e+00  1.500000e+02
     vertex  4.115591e-02  5.999859e+00  1.500000e+02
   endloop
 endfacet
 facet normal  0.000000e+00  0.000000e+00  1.000000e+00
   outer loop
     vertex  5.963901e+00  6.571786e-01  1.500000e+02
     vertex  5.990968e+00  3.290847e-01  1.500000e+02
     vertex  5.979685e+00  4.933173e-01  1.500000e+02
   endloop
 endfacet
 facet normal  0.000000e+00  0.000000e+00  1.000000e+00
   outer loop
     vertex  5.963901e+00  6.571786e-01  1.500000e+02
     vertex  5.817993e+00 -1.466613e+00  1.500000e+02
     vertex  5.990968e+00  3.290847e-01  1.500000e+02
   endloop
 endfacet
 facet normal  0.000000e+00  0.000000e+00  1.000000e+00
   outer loop
     vertex  6.980715e-01  5.959253e+00  1.500000e+02
     vertex  5.343223e-01  5.976161e+00  1.500000e+02
     vertex  3.701709e-01  5.988570e+00  1.500000e+02
   endloop
 endfacet
 facet normal  0.000000e+00  0.000000e+00  1.000000e+00
   outer loop
     vertex  5.943627e+00  8.205452e-01  1.500000e+02
     vertex  5.817993e+00 -1.466613e+00  1.500000e+02
     vertex  5.963901e+00  6.571786e-01  1.500000e+02
   endloop
 endfacet
 facet normal  0.000000e+00  0.000000e+00  1.000000e+00
   outer loop
     vertex  1.023870e+00  5.911995e+00  1.500000e+02
     vertex  3.701709e-01  5.988570e+00  1.500000e+02
     vertex  4.115591e-02  5.999859e+00  1.500000e+02
   endloop
 endfacet
 facet normal  0.000000e+00  0.000000e+00  1.000000e+00
   outer loop
     vertex  1.023870e+00  5.911995e+00  1.500000e+02
     vertex  8.612951e-01  5.937859e+00  1.500000e+02
     vertex  6.980715e-01  5.959253e+00  1.500000e+02
   endloop
 endfacet
 facet normal  0.000000e+00  0.000000e+00  1.000000e+00
   outer loop
     vertex  1.023870e+00  5.911995e+00  1.500000e+02
     vertex -2.879830e-01  5.993085e+00  1.500000e+02
     vertex -4.522891e-01  5.982929e+00  1.500000e+02
   endloop
 endfacet
 facet normal  0.000000e+00  0.000000e+00  1.000000e+00
   outer loop
     vertex  1.023870e+00  5.911995e+00  1.500000e+02
     vertex  4.115591e-02  5.999859e+00  1.500000e+02
     vertex -2.879830e-01  5.993085e+00  1.500000e+02
   endloop
 endfacet
 facet normal  0.000000e+00  0.000000e+00  1.000000e+00
   outer loop
     vertex  1.023870e+00  5.911995e+00  1.500000e+02
     vertex  6.980715e-01  5.959253e+00  1.500000e+02
     vertex  3.701709e-01  5.988570e+00  1.500000e+02
   endloop
 endfacet
 facet normal  0.000000e+00  0.000000e+00  1.000000e+00
   outer loop
     vertex  5.889676e+00  1.145303e+00  1.500000e+02
     vertex  5.943627e+00  8.205452e-01  1.500000e+02
     vertex  5.918879e+00  9.832941e-01  1.500000e+02
   endloop
 endfacet
 facet normal  0.000000e+00  0.000000e+00  1.000000e+00
   outer loop
     vertex  5.889676e+00  1.145303e+00  1.500000e+02
     vertex  5.817993e+00 -1.466613e+00  1.500000e+02
     vertex  5.943627e+00  8.205452e-01  1.500000e+02
   endloop
 endfacet
 facet normal  0.000000e+00  0.000000e+00  1.000000e+00
   outer loop
     vertex  5.817993e+00  1.466613e+00  1.500000e+02
     vertex  5.889676e+00  1.145303e+00  1.500000e+02
     vertex  5.856039e+00  1.306449e+00  1.500000e+02
   endloop
 endfacet
 facet normal  0.000000e+00  0.000000e+00  1.000000e+00
   outer loop
     vertex  5.817993e+00  1.466613e+00  1.500000e+02
     vertex  5.817993e+00 -1.466613e+00  1.500000e+02
     vertex  5.889676e+00  1.145303e+00  1.500000e+02
   endloop
 endfacet
 facet normal  0.000000e+00  0.000000e+00  1.000000e+00
   outer loop
     vertex  1.506486e+00  5.807797e+00  1.500000e+02
     vertex  1.346587e+00  5.846940e+00  1.500000e+02
     vertex  1.185675e+00  5.881681e+00  1.500000e+02
   endloop
 endfacet
 facet normal  0.000000e+00  0.000000e+00  1.000000e+00
   outer loop
     vertex  1.506486e+00  5.807797e+00  1.500000e+02
     vertex  1.185675e+00  5.881681e+00  1.500000e+02
     vertex  1.023870e+00  5.911995e+00  1.500000e+02
   endloop
 endfacet
 facet normal  0.000000e+00  0.000000e+00  1.000000e+00
   outer loop
     vertex  5.728796e+00  1.783507e+00  1.500000e+02
     vertex  5.817993e+00  1.466613e+00  1.500000e+02
     vertex  5.775569e+00  1.625672e+00  1.500000e+02
   endloop
 endfacet
 facet normal  0.000000e+00  0.000000e+00  1.000000e+00
   outer loop
     vertex  1.822761e+00  5.716428e+00  1.500000e+02
     vertex  1.506486e+00  5.807797e+00  1.500000e+02
     vertex  1.023870e+00  5.911995e+00  1.500000e+02
   endloop
 endfacet
 facet normal  0.000000e+00  0.000000e+00  1.000000e+00
   outer loop
     vertex  1.822761e+00  5.716428e+00  1.500000e+02
     vertex  1.665250e+00  5.764282e+00  1.500000e+02
     vertex  1.506486e+00  5.807797e+00  1.500000e+02
   endloop
 endfacet
 facet normal  0.000000e+00  0.000000e+00  1.000000e+00
   outer loop
     vertex  5.562760e+00  2.248488e+00  1.500000e+02
     vertex  5.728796e+00  1.783507e+00  1.500000e+02
     vertex  5.677711e+00  1.940000e+00  1.500000e+02
   endloop
 endfacet
 facet normal  0.000000e+00  0.000000e+00  1.000000e+00
   outer loop
     vertex  5.562760e+00  2.248488e+00  1.500000e+02
     vertex  5.677711e+00  1.940000e+00  1.500000e+02
     vertex  5.622352e+00  2.095032e+00  1.500000e+02
   endloop
 endfacet
 facet normal  0.000000e+00  0.000000e+00  1.000000e+00
   outer loop
     vertex  2.286591e+00  5.547206e+00  1.500000e+02
     vertex  2.133548e+00  5.607849e+00  1.500000e+02
     vertex  1.978899e+00  5.664270e+00  1.500000e+02
   endloop
 endfacet
 facet normal  0.000000e+00  0.000000e+00  1.000000e+00
   outer loop
     vertex  2.286591e+00  5.547206e+00  1.500000e+02
     vertex  1.978899e+00  5.664270e+00  1.500000e+02
     vertex  1.822761e+00  5.716428e+00  1.500000e+02
   endloop
 endfacet
 facet normal  0.000000e+00  0.000000e+00  1.000000e+00
   outer loop
     vertex  2.286591e+00  5.547206e+00  1.500000e+02
     vertex  1.822761e+00  5.716428e+00  1.500000e+02
     vertex  1.023870e+00  5.911995e+00  1.500000e+02
   endloop
 endfacet
 facet normal  0.000000e+00  0.000000e+00  1.000000e+00
   outer loop
     vertex  2.587400e+00  5.413443e+00  1.500000e+02
     vertex  2.437913e+00  5.482388e+00  1.500000e+02
     vertex  2.286591e+00  5.547206e+00  1.500000e+02
   endloop
 endfacet
 facet normal  0.000000e+00  0.000000e+00  1.000000e+00
   outer loop
     vertex  5.359057e+00  2.698242e+00  1.500000e+02
     vertex  5.728796e+00  1.783507e+00  1.500000e+02
     vertex  5.562760e+00  2.248488e+00  1.500000e+02
   endloop
 endfacet
 facet normal  0.000000e+00  0.000000e+00  1.000000e+00
   outer loop
     vertex  5.359057e+00  2.698242e+00  1.500000e+02
     vertex  5.562760e+00  2.248488e+00  1.500000e+02
     vertex  5.498982e+00  2.400250e+00  1.500000e+02
   endloop
 endfacet
 facet normal  0.000000e+00  0.000000e+00  1.000000e+00
   outer loop
     vertex  5.359057e+00  2.698242e+00  1.500000e+02
     vertex  5.498982e+00  2.400250e+00  1.500000e+02
     vertex  5.431063e+00  2.550206e+00  1.500000e+02
   endloop
 endfacet
 facet normal  0.000000e+00  0.000000e+00  1.000000e+00
   outer loop
     vertex  5.283016e+00  2.844247e+00  1.500000e+02
     vertex  5.817993e+00  1.466613e+00  1.500000e+02
     vertex  5.728796e+00  1.783507e+00  1.500000e+02
   endloop
 endfacet
 facet normal  0.000000e+00  0.000000e+00  1.000000e+00
   outer loop
     vertex  5.283016e+00  2.844247e+00  1.500000e+02
     vertex  5.728796e+00  1.783507e+00  1.500000e+02
     vertex  5.359057e+00  2.698242e+00  1.500000e+02
   endloop
 endfacet
 facet normal  0.000000e+00  0.000000e+00  1.000000e+00
   outer loop
     vertex  2.880418e+00  5.263382e+00  1.500000e+02
     vertex  2.286591e+00  5.547206e+00  1.500000e+02
     vertex  1.023870e+00  5.911995e+00  1.500000e+02
   endloop
 endfacet
 facet normal  0.000000e+00  0.000000e+00  1.000000e+00
   outer loop
     vertex  2.880418e+00  5.263382e+00  1.500000e+02
     vertex  2.587400e+00  5.413443e+00  1.500000e+02
     vertex  2.286591e+00  5.547206e+00  1.500000e+02
   endloop
 endfacet
 facet normal  0.000000e+00  0.000000e+00  1.000000e+00
   outer loop
     vertex  2.880418e+00  5.263382e+00  1.500000e+02
     vertex  2.734938e+00  5.340422e+00  1.500000e+02
     vertex  2.587400e+00  5.413443e+00  1.500000e+02
   endloop
 endfacet
 facet normal  0.000000e+00  0.000000e+00  1.000000e+00
   outer loop
     vertex  2.880418e+00  5.263382e+00  1.500000e+02
     vertex -4.522891e-01  5.982929e+00  1.500000e+02
     vertex -1.586017e+00  5.786584e+00  1.500000e+02
   endloop
 endfacet
 facet normal  0.000000e+00  0.000000e+00  1.000000e+00
   outer loop
     vertex  2.880418e+00  5.263382e+00  1.500000e+02
     vertex  1.023870e+00  5.911995e+00  1.500000e+02
     vertex -4.522891e-01  5.982929e+00  1.500000e+02
   endloop
 endfacet
 facet normal  0.000000e+00  0.000000e+00  1.000000e+00
   outer loop
     vertex  5.202998e+00  2.988111e+00  1.500000e+02
     vertex  5.817993e+00  1.466613e+00  1.500000e+02
     vertex  5.283016e+00  2.844247e+00  1.500000e+02
   endloop
 endfacet
 facet normal  0.000000e+00  0.000000e+00  1.000000e+00
   outer loop
     vertex  5.031276e+00  3.268985e+00  1.500000e+02
     vertex  5.202998e+00  2.988111e+00  1.500000e+02
     vertex  5.119064e+00  3.129726e+00  1.500000e+02
   endloop
 endfacet
 facet normal  0.000000e+00  0.000000e+00  1.000000e+00
   outer loop
     vertex  5.031276e+00  3.268985e+00  1.500000e+02
     vertex  5.817993e+00  1.466613e+00  1.500000e+02
     vertex  5.202998e+00  2.988111e+00  1.500000e+02
   endloop
 endfacet
 facet normal  0.000000e+00  0.000000e+00  1.000000e+00
   outer loop
     vertex  3.303419e+00  5.008735e+00  1.500000e+02
     vertex  3.164766e+00  5.097476e+00  1.500000e+02
     vertex  3.023730e+00  5.182379e+00  1.500000e+02
   endloop
 endfacet
 facet normal  0.000000e+00  0.000000e+00  1.000000e+00
   outer loop
     vertex  3.303419e+00  5.008735e+00  1.500000e+02
     vertex  3.023730e+00  5.182379e+00  1.500000e+02
     vertex  2.880418e+00  5.263382e+00  1.500000e+02
   endloop
 endfacet
 facet normal  0.000000e+00  0.000000e+00  1.000000e+00
   outer loop
     vertex  3.439585e+00  4.916223e+00  1.500000e+02
     vertex  3.303419e+00  5.008735e+00  1.500000e+02
     vertex  2.880418e+00  5.263382e+00  1.500000e+02
   endloop
 endfacet
 facet normal  0.000000e+00  0.000000e+00  1.000000e+00
   outer loop
     vertex  4.745467e+00  3.671586e+00  1.500000e+02
     vertex  5.031276e+00  3.268985e+00  1.500000e+02
     vertex  4.939701e+00  3.405783e+00  1.500000e+02
   endloop
 endfacet
 facet normal  0.000000e+00  0.000000e+00  1.000000e+00
   outer loop
     vertex  4.745467e+00  3.671586e+00  1.500000e+02
     vertex  4.939701e+00  3.405783e+00  1.500000e+02
     vertex  4.844407e+00  3.540017e+00  1.500000e+02
   endloop
 endfacet
 facet normal  0.000000e+00  0.000000e+00  1.000000e+00
   outer loop
     vertex  4.745467e+00  3.671586e+00  1.500000e+02
     vertex  5.817993e+00  1.466613e+00  1.500000e+02
     vertex  5.031276e+00  3.268985e+00  1.500000e+02
   endloop
 endfacet
 facet normal  0.000000e+00  0.000000e+00  1.000000e+00
   outer loop
     vertex  3.704050e+00  4.720171e+00  1.500000e+02
     vertex  3.573163e+00  4.820011e+00  1.500000e+02
     vertex  3.439585e+00  4.916223e+00  1.500000e+02
   endloop
 endfacet
 facet normal  0.000000e+00  0.000000e+00  1.000000e+00
   outer loop
     vertex  3.704050e+00  4.720171e+00  1.500000e+02
     vertex  3.439585e+00  4.916223e+00  1.500000e+02
     vertex  2.880418e+00  5.263382e+00  1.500000e+02
   endloop
 endfacet
 facet normal  0.000000e+00  0.000000e+00  1.000000e+00
   outer loop
     vertex  4.536947e+00  3.926336e+00  1.500000e+02
     vertex  4.745467e+00  3.671586e+00  1.500000e+02
     vertex  4.642954e+00  3.800391e+00  1.500000e+02
   endloop
 endfacet
 facet normal  0.000000e+00  0.000000e+00  1.000000e+00
   outer loop
     vertex  3.957364e+00  4.509908e+00  1.500000e+02
     vertex  3.832149e+00  4.616777e+00  1.500000e+02
     vertex  3.704050e+00  4.720171e+00  1.500000e+02
   endloop
 endfacet
 facet normal  0.000000e+00  0.000000e+00  1.000000e+00
   outer loop
     vertex  4.427524e+00  4.049325e+00  1.500000e+02
     vertex  4.745467e+00  3.671586e+00  1.500000e+02
     vertex  4.536947e+00  3.926336e+00  1.500000e+02
   endloop
 endfacet
 facet normal  0.000000e+00  0.000000e+00  1.000000e+00
   outer loop
     vertex  4.079600e+00  4.399644e+00  1.500000e+02
     vertex  3.957364e+00  4.509908e+00  1.500000e+02
     vertex  3.704050e+00  4.720171e+00  1.500000e+02
   endloop
 endfacet
 facet normal  0.000000e+00  0.000000e+00  1.000000e+00
   outer loop
     vertex  4.198764e+00  4.286068e+00  1.500000e+02
     vertex  5.817993e+00 -1.466613e+00  1.500000e+02
     vertex  5.817993e+00  1.466613e+00  1.500000e+02
   endloop
 endfacet
 facet normal  0.000000e+00  0.000000e+00  1.000000e+00
   outer loop
     vertex  4.198764e+00  4.286068e+00  1.500000e+02
     vertex  2.880418e+00  5.263382e+00  1.500000e+02
     vertex -1.586017e+00  5.786584e+00  1.500000e+02
   endloop
 endfacet
 facet normal  0.000000e+00  0.000000e+00  1.000000e+00
   outer loop
     vertex  4.198764e+00  4.286068e+00  1.500000e+02
     vertex  4.427524e+00  4.049325e+00  1.500000e+02
     vertex  4.314768e+00  4.169266e+00  1.500000e+02
   endloop
 endfacet
 facet normal  0.000000e+00  0.000000e+00  1.000000e+00
   outer loop
     vertex  4.198764e+00  4.286068e+00  1.500000e+02
     vertex -1.586017e+00  5.786584e+00  1.500000e+02
     vertex -4.892514e+00  3.473226e+00  1.500000e+02
   endloop
 endfacet
 facet normal  0.000000e+00  0.000000e+00  1.000000e+00
   outer loop
     vertex  4.198764e+00  4.286068e+00  1.500000e+02
     vertex -4.892514e+00  3.473226e+00  1.500000e+02
     vertex -1.266250e+00 -5.864862e+00  1.500000e+02
   endloop
 endfacet
 facet normal  0.000000e+00  0.000000e+00  1.000000e+00
   outer loop
     vertex  4.198764e+00  4.286068e+00  1.500000e+02
     vertex -1.266250e+00 -5.864862e+00  1.500000e+02
     vertex  5.817993e+00 -1.466613e+00  1.500000e+02
   endloop
 endfacet
 facet normal  0.000000e+00  0.000000e+00  1.000000e+00
   outer loop
     vertex  4.198764e+00  4.286068e+00  1.500000e+02
     vertex  5.817993e+00  1.466613e+00  1.500000e+02
     vertex  4.745467e+00  3.671586e+00  1.500000e+02
   endloop
 endfacet
 facet normal  0.000000e+00  0.000000e+00  1.000000e+00
   outer loop
     vertex  4.198764e+00  4.286068e+00  1.500000e+02
     vertex  4.079600e+00  4.399644e+00  1.500000e+02
     vertex  3.704050e+00  4.720171e+00  1.500000e+02
   endloop
 endfacet
 facet normal  0.000000e+00  0.000000e+00  1.000000e+00
   outer loop
     vertex  4.198764e+00  4.286068e+00  1.500000e+02
     vertex  3.704050e+00  4.720171e+00  1.500000e+02
     vertex  2.880418e+00  5.263382e+00  1.500000e+02
   endloop
 endfacet
 facet normal  0.000000e+00  0.000000e+00  1.000000e+00
   outer loop
     vertex  4.198764e+00  4.286068e+00  1.500000e+02
     vertex  4.745467e+00  3.671586e+00  1.500000e+02
     vertex  4.427524e+00  4.049325e+00  1.500000e+02
   endloop
 endfacet
 facet normal  0.000000e+00  0.000000e+00 -1.000000e+00
   outer loop
     vertex -3.768454e+00 -4.668913e+00  0.000000e+00
     vertex -3.895123e+00 -4.563772e+00  0.000000e+00
     vertex -4.018860e+00 -4.455195e+00  0.000000e+00
   endloop
 endfacet
 facet normal  0.000000e+00  0.000000e+00 -1.000000e+00
   outer loop
     vertex -3.638949e+00 -4.770540e+00  0.000000e+00
     vertex -3.768454e+00 -4.668913e+00  0.000000e+00
     vertex -4.018860e+00 -4.455195e+00  0.000000e+00
   endloop
 endfacet
 facet normal  0.000000e+00  0.000000e+00 -1.000000e+00
   outer loop
     vertex -4.795388e+00 -3.606141e+00  0.000000e+00
     vertex -4.590382e+00 -3.863727e+00  0.000000e+00
     vertex -4.694652e+00 -3.736340e+00  0.000000e+00
   endloop
 endfacet
 facet normal  0.000000e+00  0.000000e+00 -1.000000e+00
   outer loop
     vertex -3.506704e+00 -4.868575e+00  0.000000e+00
     vertex -3.638949e+00 -4.770540e+00  0.000000e+00
     vertex -4.018860e+00 -4.455195e+00  0.000000e+00
   endloop
 endfacet
 facet normal  0.000000e+00  0.000000e+00 -1.000000e+00
   outer loop
     vertex -4.892514e+00 -3.473226e+00  0.000000e+00
     vertex -4.482657e+00 -3.988206e+00  0.000000e+00
     vertex -4.590382e+00 -3.863727e+00  0.000000e+00
   endloop
 endfacet
 facet normal  0.000000e+00  0.000000e+00 -1.000000e+00
   outer loop
     vertex -4.892514e+00 -3.473226e+00  0.000000e+00
     vertex -4.590382e+00 -3.863727e+00  0.000000e+00
     vertex -4.795388e+00 -3.606141e+00  0.000000e+00
   endloop
 endfacet
 facet normal  0.000000e+00  0.000000e+00 -1.000000e+00
   outer loop
     vertex -3.234397e+00 -5.053581e+00  0.000000e+00
     vertex -4.257167e+00 -4.228065e+00  0.000000e+00
     vertex -4.371557e+00 -4.109682e+00  0.000000e+00
   endloop
 endfacet
 facet normal  0.000000e+00  0.000000e+00 -1.000000e+00
   outer loop
     vertex -3.234397e+00 -5.053581e+00  0.000000e+00
     vertex -4.139571e+00 -4.343265e+00  0.000000e+00
     vertex -4.257167e+00 -4.228065e+00  0.000000e+00
   endloop
 endfacet
 facet normal  0.000000e+00  0.000000e+00 -1.000000e+00
   outer loop
     vertex -3.234397e+00 -5.053581e+00  0.000000e+00
     vertex -4.018860e+00 -4.455195e+00  0.000000e+00
     vertex -4.139571e+00 -4.343265e+00  0.000000e+00
   endloop
 endfacet
 facet normal  0.000000e+00  0.000000e+00 -1.000000e+00
   outer loop
     vertex -3.234397e+00 -5.053581e+00  0.000000e+00
     vertex -3.371819e+00 -4.962946e+00  0.000000e+00
     vertex -3.506704e+00 -4.868575e+00  0.000000e+00
   endloop
 endfacet
 facet normal  0.000000e+00  0.000000e+00 -1.000000e+00
   outer loop
     vertex -3.234397e+00 -5.053581e+00  0.000000e+00
     vertex -3.506704e+00 -4.868575e+00  0.000000e+00
     vertex -4.018860e+00 -4.455195e+00  0.000000e+00
   endloop
 endfacet
 facet normal  0.000000e+00  0.000000e+00 -1.000000e+00
   outer loop
     vertex -3.094539e+00 -5.140411e+00  0.000000e+00
     vertex -4.371557e+00 -4.109682e+00  0.000000e+00
     vertex -4.482657e+00 -3.988206e+00  0.000000e+00
   endloop
 endfacet
 facet normal  0.000000e+00  0.000000e+00 -1.000000e+00
   outer loop
     vertex -3.094539e+00 -5.140411e+00  0.000000e+00
     vertex -3.234397e+00 -5.053581e+00  0.000000e+00
     vertex -4.371557e+00 -4.109682e+00  0.000000e+00
   endloop
 endfacet
 facet normal  0.000000e+00  0.000000e+00 -1.000000e+00
   outer loop
     vertex -5.243500e+00 -2.916454e+00  0.000000e+00
     vertex -5.075648e+00 -3.199656e+00  0.000000e+00
     vertex -5.161517e+00 -3.059207e+00  0.000000e+00
   endloop
 endfacet
 facet normal  0.000000e+00  0.000000e+00 -1.000000e+00
   outer loop
     vertex -5.243500e+00 -2.916454e+00  0.000000e+00
     vertex -4.985958e+00 -3.337698e+00  0.000000e+00
     vertex -5.075648e+00 -3.199656e+00  0.000000e+00
   endloop
 endfacet
 facet normal  0.000000e+00  0.000000e+00 -1.000000e+00
   outer loop
     vertex -5.243500e+00 -2.916454e+00  0.000000e+00
     vertex -4.892514e+00 -3.473226e+00  0.000000e+00
     vertex -4.985958e+00 -3.337698e+00  0.000000e+00
   endloop
 endfacet
 facet normal  0.000000e+00  0.000000e+00 -1.000000e+00
   outer loop
     vertex -2.661419e+00 -5.377439e+00  0.000000e+00
     vertex -2.952352e+00 -5.223372e+00  0.000000e+00
     vertex -3.094539e+00 -5.140411e+00  0.000000e+00
   endloop
 endfacet
 facet normal  0.000000e+00  0.000000e+00 -1.000000e+00
   outer loop
     vertex -2.661419e+00 -5.377439e+00  0.000000e+00
     vertex -2.807943e+00 -5.302401e+00  0.000000e+00
     vertex -2.952352e+00 -5.223372e+00  0.000000e+00
   endloop
 endfacet
 facet normal  0.000000e+00  0.000000e+00 -1.000000e+00
   outer loop
     vertex -2.661419e+00 -5.377439e+00  0.000000e+00
     vertex -3.094539e+00 -5.140411e+00  0.000000e+00
     vertex -4.482657e+00 -3.988206e+00  0.000000e+00
   endloop
 endfacet
 facet normal  0.000000e+00  0.000000e+00 -1.000000e+00
   outer loop
     vertex -2.362475e+00 -5.515316e+00  0.000000e+00
     vertex -2.512893e+00 -5.448428e+00  0.000000e+00
     vertex -2.661419e+00 -5.377439e+00  0.000000e+00
   endloop
 endfacet
 facet normal  0.000000e+00  0.000000e+00 -1.000000e+00
   outer loop
     vertex -5.531392e+00 -2.324588e+00  0.000000e+00
     vertex -5.395568e+00 -2.624471e+00  0.000000e+00
     vertex -5.465537e+00 -2.475461e+00  0.000000e+00
   endloop
 endfacet
 facet normal  0.000000e+00  0.000000e+00 -1.000000e+00
   outer loop
     vertex -5.531392e+00 -2.324588e+00  0.000000e+00
     vertex -5.321537e+00 -2.771506e+00  0.000000e+00
     vertex -5.395568e+00 -2.624471e+00  0.000000e+00
   endloop
 endfacet
 facet normal  0.000000e+00  0.000000e+00 -1.000000e+00
   outer loop
     vertex -2.056417e+00 -5.636590e+00  0.000000e+00
     vertex -2.210278e+00 -5.578053e+00  0.000000e+00
     vertex -2.362475e+00 -5.515316e+00  0.000000e+00
   endloop
 endfacet
 facet normal  0.000000e+00  0.000000e+00 -1.000000e+00
   outer loop
     vertex -5.650563e+00 -2.017706e+00  0.000000e+00
     vertex -5.531392e+00 -2.324588e+00  0.000000e+00
     vertex -5.593082e+00 -2.171964e+00  0.000000e+00
   endloop
 endfacet
 facet normal  0.000000e+00  0.000000e+00 -1.000000e+00
   outer loop
     vertex -5.650563e+00 -2.017706e+00  0.000000e+00
     vertex -5.321537e+00 -2.771506e+00  0.000000e+00
     vertex -5.531392e+00 -2.324588e+00  0.000000e+00
   endloop
 endfacet
 facet normal  0.000000e+00  0.000000e+00 -1.000000e+00
   outer loop
     vertex -1.744169e+00 -5.740895e+00  0.000000e+00
     vertex -1.901009e+00 -5.690884e+00  0.000000e+00
     vertex -2.056417e+00 -5.636590e+00  0.000000e+00
   endloop
 endfacet
 facet normal  0.000000e+00  0.000000e+00 -1.000000e+00
   outer loop
     vertex -1.744169e+00 -5.740895e+00  0.000000e+00
     vertex -2.362475e+00 -5.515316e+00  0.000000e+00
     vertex -2.661419e+00 -5.377439e+00  0.000000e+00
   endloop
 endfacet
 facet normal  0.000000e+00  0.000000e+00 -1.000000e+00
   outer loop
     vertex -1.744169e+00 -5.740895e+00  0.000000e+00
     vertex -2.056417e+00 -5.636590e+00  0.000000e+00
     vertex -2.362475e+00 -5.515316e+00  0.000000e+00
   endloop
 endfacet
 facet normal  0.000000e+00  0.000000e+00 -1.000000e+00
   outer loop
     vertex -5.752724e+00 -1.704750e+00  0.000000e+00
     vertex -5.650563e+00 -2.017706e+00  0.000000e+00
     vertex -5.703790e+00 -1.861929e+00  0.000000e+00
   endloop
 endfacet
 facet normal  0.000000e+00  0.000000e+00 -1.000000e+00
   outer loop
     vertex -5.837565e+00 -1.386661e+00  0.000000e+00
     vertex -5.752724e+00 -1.704750e+00  0.000000e+00
     vertex -5.797327e+00 -1.546288e+00  0.000000e+00
   endloop
 endfacet
 facet normal  0.000000e+00  0.000000e+00 -1.000000e+00
   outer loop
     vertex -5.837565e+00 -1.386661e+00  0.000000e+00
     vertex -5.650563e+00 -2.017706e+00  0.000000e+00
     vertex -5.752724e+00 -1.704750e+00  0.000000e+00
   endloop
 endfacet
 facet normal  0.000000e+00  0.000000e+00 -1.000000e+00
   outer loop
     vertex -5.837565e+00 -1.386661e+00  0.000000e+00
     vertex -5.321537e+00 -2.771506e+00  0.000000e+00
     vertex -5.650563e+00 -2.017706e+00  0.000000e+00
   endloop
 endfacet
 facet normal  0.000000e+00  0.000000e+00 -1.000000e+00
   outer loop
     vertex -1.266250e+00 -5.864862e+00  0.000000e+00
     vertex -1.426671e+00 -5.827917e+00  0.000000e+00
     vertex -1.586017e+00 -5.786584e+00  0.000000e+00
   endloop
 endfacet
 facet normal  0.000000e+00  0.000000e+00 -1.000000e+00
   outer loop
     vertex -7.797567e-01 -5.949116e+00  0.000000e+00
     vertex -1.104877e+00 -5.897393e+00  0.000000e+00
     vertex -1.266250e+00 -5.864862e+00  0.000000e+00
   endloop
 endfacet
 facet normal  0.000000e+00  0.000000e+00 -1.000000e+00
   outer loop
     vertex -7.797567e-01 -5.949116e+00  0.000000e+00
     vertex -9.426715e-01 -5.925485e+00  0.000000e+00
     vertex -1.104877e+00 -5.897393e+00  0.000000e+00
   endloop
 endfacet
 facet normal  0.000000e+00  0.000000e+00 -1.000000e+00
   outer loop
     vertex -5.954325e+00 -7.389315e-01  0.000000e+00
     vertex -5.904833e+00 -1.064399e+00  0.000000e+00
     vertex -5.931812e+00 -9.020046e-01  0.000000e+00
   endloop
 endfacet
 facet normal  0.000000e+00  0.000000e+00 -1.000000e+00
   outer loop
     vertex -5.954325e+00 -7.389315e-01  0.000000e+00
     vertex -5.873410e+00 -1.225992e+00  0.000000e+00
     vertex -5.904833e+00 -1.064399e+00  0.000000e+00
   endloop
 endfacet
 facet normal  0.000000e+00  0.000000e+00 -1.000000e+00
   outer loop
     vertex -5.954325e+00 -7.389315e-01  0.000000e+00
     vertex -5.837565e+00 -1.386661e+00  0.000000e+00
     vertex -5.873410e+00 -1.225992e+00  0.000000e+00
   endloop
 endfacet
 facet normal  0.000000e+00  0.000000e+00 -1.000000e+00
   outer loop
     vertex -6.162549e-01 -5.968269e+00  0.000000e+00
     vertex -7.797567e-01 -5.949116e+00  0.000000e+00
     vertex -1.266250e+00 -5.864862e+00  0.000000e+00
   endloop
 endfacet
 facet normal  0.000000e+00  0.000000e+00 -1.000000e+00
   outer loop
     vertex -5.972355e+00 -5.753021e-01  0.000000e+00
     vertex -5.837565e+00 -1.386661e+00  0.000000e+00
     vertex -5.954325e+00 -7.389315e-01  0.000000e+00
   endloop
 endfacet
 facet normal  0.000000e+00  0.000000e+00 -1.000000e+00
   outer loop
     vertex -5.994919e+00 -2.468677e-01  0.000000e+00
     vertex -1.744169e+00 -5.740895e+00  0.000000e+00
     vertex -2.661419e+00 -5.377439e+00  0.000000e+00
   endloop
 endfacet
 facet normal  0.000000e+00  0.000000e+00 -1.000000e+00
   outer loop
     vertex -5.994919e+00 -2.468677e-01  0.000000e+00
     vertex -5.837565e+00 -1.386661e+00  0.000000e+00
     vertex -5.972355e+00 -5.753021e-01  0.000000e+00
   endloop
 endfacet
 facet normal  0.000000e+00  0.000000e+00 -1.000000e+00
   outer loop
     vertex -5.994919e+00 -2.468677e-01  0.000000e+00
     vertex -5.321537e+00 -2.771506e+00  0.000000e+00
     vertex -5.837565e+00 -1.386661e+00  0.000000e+00
   endloop
 endfacet
 facet normal  0.000000e+00  0.000000e+00 -1.000000e+00
   outer loop
     vertex -5.994919e+00 -2.468677e-01  0.000000e+00
     vertex -5.972355e+00 -5.753021e-01  0.000000e+00
     vertex -5.985890e+00 -4.112397e-01  0.000000e+00
   endloop
 endfacet
 facet normal  0.000000e+00  0.000000e+00 -1.000000e+00
   outer loop
     vertex -5.994919e+00 -2.468677e-01  0.000000e+00
     vertex -5.243500e+00 -2.916454e+00  0.000000e+00
     vertex -5.321537e+00 -2.771506e+00  0.000000e+00
   endloop
 endfacet
 facet normal  0.000000e+00  0.000000e+00 -1.000000e+00
   outer loop
     vertex -5.994919e+00 -2.468677e-01  0.000000e+00
     vertex -4.892514e+00 -3.473226e+00  0.000000e+00
     vertex -5.243500e+00 -2.916454e+00  0.000000e+00
   endloop
 endfacet
 facet normal  0.000000e+00  0.000000e+00 -1.000000e+00
   outer loop
     vertex -5.994919e+00 -2.468677e-01  0.000000e+00
     vertex -4.482657e+00 -3.988206e+00  0.000000e+00
     vertex -4.892514e+00 -3.473226e+00  0.000000e+00
   endloop
 endfacet
 facet normal  0.000000e+00  0.000000e+00 -1.000000e+00
   outer loop
     vertex -5.994919e+00 -2.468677e-01  0.000000e+00
     vertex -2.661419e+00 -5.377439e+00  0.000000e+00
     vertex -4.482657e+00 -3.988206e+00  0.000000e+00
   endloop
 endfacet
 facet normal  0.000000e+00  0.000000e+00 -1.000000e+00
   outer loop
     vertex -5.999435e+00  8.230989e-02  0.000000e+00
     vertex -5.994919e+00 -2.468677e-01  0.000000e+00
     vertex -5.999435e+00 -8.230989e-02  0.000000e+00
   endloop
 endfacet
 facet normal  0.000000e+00  0.000000e+00 -1.000000e+00
   outer loop
     vertex -5.985890e+00  4.112397e-01  0.000000e+00
     vertex -5.999435e+00  8.230989e-02  0.000000e+00
     vertex -5.994919e+00  2.468677e-01  0.000000e+00
   endloop
 endfacet
 facet normal  0.000000e+00 -0.000000e+00 -1.000000e+00
   outer loop
     vertex -5.985890e+00  4.112397e-01  0.000000e+00
     vertex -1.744169e+00 -5.740895e+00  0.000000e+00
     vertex -5.994919e+00 -2.468677e-01  0.000000e+00
   endloop
 endfacet
 facet normal  0.000000e+00  0.000000e+00 -1.000000e+00
   outer loop
     vertex -5.985890e+00  4.112397e-01  0.000000e+00
     vertex -5.994919e+00 -2.468677e-01  0.000000e+00
     vertex -5.999435e+00  8.230989e-02  0.000000e+00
   endloop
 endfacet
 facet normal  0.000000e+00  0.000000e+00 -1.000000e+00
   outer loop
     vertex -5.985890e+00  4.112397e-01  0.000000e+00
     vertex -1.586017e+00 -5.786584e+00  0.000000e+00
     vertex -1.744169e+00 -5.740895e+00  0.000000e+00
   endloop
 endfacet
 facet normal  0.000000e+00  0.000000e+00 -1.000000e+00
   outer loop
     vertex  6.980715e-01 -5.959253e+00  0.000000e+00
     vertex  5.343223e-01 -5.976161e+00  0.000000e+00
     vertex  3.701709e-01 -5.988570e+00  0.000000e+00
   endloop
 endfacet
 facet normal  0.000000e+00  0.000000e+00 -1.000000e+00
   outer loop
     vertex  8.612951e-01 -5.937859e+00  0.000000e+00
     vertex  6.980715e-01 -5.959253e+00  0.000000e+00
     vertex  3.701709e-01 -5.988570e+00  0.000000e+00
   endloop
 endfacet
 facet normal  0.000000e+00  0.000000e+00 -1.000000e+00
   outer loop
     vertex  8.612951e-01 -5.937859e+00  0.000000e+00
     vertex  2.057408e-01 -5.996472e+00  0.000000e+00
     vertex  4.115591e-02 -5.999859e+00  0.000000e+00
   endloop
 endfacet
 facet normal  0.000000e+00  0.000000e+00 -1.000000e+00
   outer loop
     vertex  8.612951e-01 -5.937859e+00  0.000000e+00
     vertex  3.701709e-01 -5.988570e+00  0.000000e+00
     vertex  2.057408e-01 -5.996472e+00  0.000000e+00
   endloop
 endfacet
 facet normal  0.000000e+00  0.000000e+00 -1.000000e+00
   outer loop
     vertex -5.931812e+00  9.020046e-01  0.000000e+00
     vertex -5.972355e+00  5.753021e-01  0.000000e+00
     vertex -5.954325e+00  7.389315e-01  0.000000e+00
   endloop
 endfacet
 facet normal  0.000000e+00  0.000000e+00 -1.000000e+00
   outer loop
     vertex -5.873410e+00  1.225992e+00  0.000000e+00
     vertex -5.931812e+00  9.020046e-01  0.000000e+00
     vertex -5.904833e+00  1.064399e+00  0.000000e+00
   endloop
 endfacet
 facet normal  0.000000e+00  0.000000e+00 -1.000000e+00
   outer loop
     vertex  1.346587e+00 -5.846940e+00  0.000000e+00
     vertex  8.612951e-01 -5.937859e+00  0.000000e+00
     vertex  4.115591e-02 -5.999859e+00  0.000000e+00
   endloop
 endfacet
 facet normal  0.000000e+00  0.000000e+00 -1.000000e+00
   outer loop
     vertex  1.346587e+00 -5.846940e+00  0.000000e+00
     vertex  4.115591e-02 -5.999859e+00  0.000000e+00
     vertex -1.234600e-01 -5.998730e+00  0.000000e+00
   endloop
 endfacet
 facet normal  0.000000e+00  0.000000e+00 -1.000000e+00
   outer loop
     vertex  1.346587e+00 -5.846940e+00  0.000000e+00
     vertex  1.023870e+00 -5.911995e+00  0.000000e+00
     vertex  8.612951e-01 -5.937859e+00  0.000000e+00
   endloop
 endfacet
 facet normal  0.000000e+00  0.000000e+00 -1.000000e+00
   outer loop
     vertex  1.346587e+00 -5.846940e+00  0.000000e+00
     vertex  1.185675e+00 -5.881681e+00  0.000000e+00
     vertex  1.023870e+00 -5.911995e+00  0.000000e+00
   endloop
 endfacet
 facet normal  0.000000e+00  0.000000e+00 -1.000000e+00
   outer loop
     vertex  1.506486e+00 -5.807797e+00  0.000000e+00
     vertex  1.346587e+00 -5.846940e+00  0.000000e+00
     vertex -1.234600e-01 -5.998730e+00  0.000000e+00
   endloop
 endfacet
 facet normal  0.000000e+00  0.000000e+00 -1.000000e+00
   outer loop
     vertex  1.506486e+00 -5.807797e+00  0.000000e+00
     vertex -2.879830e-01 -5.993085e+00  0.000000e+00
     vertex -4.522891e-01 -5.982929e+00  0.000000e+00
   endloop
 endfacet
 facet normal  0.000000e+00  0.000000e+00 -1.000000e+00
   outer loop
     vertex  1.506486e+00 -5.807797e+00  0.000000e+00
     vertex -1.234600e-01 -5.998730e+00  0.000000e+00
     vertex -2.879830e-01 -5.993085e+00  0.000000e+00
   endloop
 endfacet
 facet normal  0.000000e+00  0.000000e+00 -1.000000e+00
   outer loop
     vertex -5.797327e+00  1.546288e+00  0.000000e+00
     vertex -5.873410e+00  1.225992e+00  0.000000e+00
     vertex -5.837565e+00  1.386661e+00  0.000000e+00
   endloop
 endfacet
 facet normal  0.000000e+00  0.000000e+00 -1.000000e+00
   outer loop
     vertex -5.797327e+00  1.546288e+00  0.000000e+00
     vertex -5.985890e+00  4.112397e-01  0.000000e+00
     vertex -5.972355e+00  5.753021e-01  0.000000e+00
   endloop
 endfacet
 facet normal  0.000000e+00  0.000000e+00 -1.000000e+00
   outer loop
     vertex -5.797327e+00  1.546288e+00  0.000000e+00
     vertex -1.266250e+00 -5.864862e+00  0.000000e+00
     vertex -1.586017e+00 -5.786584e+00  0.000000e+00
   endloop
 endfacet
 facet normal  0.000000e+00  0.000000e+00 -1.000000e+00
   outer loop
     vertex -5.797327e+00  1.546288e+00  0.000000e+00
     vertex -5.931812e+00  9.020046e-01  0.000000e+00
     vertex -5.873410e+00  1.225992e+00  0.000000e+00
   endloop
 endfacet
 facet normal  0.000000e+00  0.000000e+00 -1.000000e+00
   outer loop
     vertex -5.797327e+00  1.546288e+00  0.000000e+00
     vertex -5.972355e+00  5.753021e-01  0.000000e+00
     vertex -5.931812e+00  9.020046e-01  0.000000e+00
   endloop
 endfacet
 facet normal  0.000000e+00 -0.000000e+00 -1.000000e+00
   outer loop
     vertex -5.797327e+00  1.546288e+00  0.000000e+00
     vertex -1.586017e+00 -5.786584e+00  0.000000e+00
     vertex -5.985890e+00  4.112397e-01  0.000000e+00
   endloop
 endfacet
 facet normal  0.000000e+00  0.000000e+00 -1.000000e+00
   outer loop
     vertex  1.822761e+00 -5.716428e+00  0.000000e+00
     vertex  1.665250e+00 -5.764282e+00  0.000000e+00
     vertex  1.506486e+00 -5.807797e+00  0.000000e+00
   endloop
 endfacet
 facet normal  0.000000e+00  0.000000e+00 -1.000000e+00
   outer loop
     vertex -5.703790e+00  1.861929e+00  0.000000e+00
     vertex -5.797327e+00  1.546288e+00  0.000000e+00
     vertex -5.752724e+00  1.704750e+00  0.000000e+00
   endloop
 endfacet
 facet normal  0.000000e+00  0.000000e+00 -1.000000e+00
   outer loop
     vertex  1.978899e+00 -5.664270e+00  0.000000e+00
     vertex  1.506486e+00 -5.807797e+00  0.000000e+00
     vertex -4.522891e-01 -5.982929e+00  0.000000e+00
   endloop
 endfacet
 facet normal  0.000000e+00  0.000000e+00 -1.000000e+00
   outer loop
     vertex  1.978899e+00 -5.664270e+00  0.000000e+00
     vertex  1.822761e+00 -5.716428e+00  0.000000e+00
     vertex  1.506486e+00 -5.807797e+00  0.000000e+00
   endloop
 endfacet
 facet normal  0.000000e+00  0.000000e+00 -1.000000e+00
   outer loop
     vertex -5.650563e+00  2.017706e+00  0.000000e+00
     vertex -5.797327e+00  1.546288e+00  0.000000e+00
     vertex -5.703790e+00  1.861929e+00  0.000000e+00
   endloop
 endfacet
 facet normal  0.000000e+00  0.000000e+00 -1.000000e+00
   outer loop
     vertex  2.286591e+00 -5.547206e+00  0.000000e+00
     vertex -4.522891e-01 -5.982929e+00  0.000000e+00
     vertex -6.162549e-01 -5.968269e+00  0.000000e+00
   endloop
 endfacet
 facet normal  0.000000e+00  0.000000e+00 -1.000000e+00
   outer loop
     vertex  2.286591e+00 -5.547206e+00  0.000000e+00
     vertex  2.133548e+00 -5.607849e+00  0.000000e+00
     vertex  1.978899e+00 -5.664270e+00  0.000000e+00
   endloop
 endfacet
 facet normal  0.000000e+00  0.000000e+00 -1.000000e+00
   outer loop
     vertex  2.286591e+00 -5.547206e+00  0.000000e+00
     vertex  1.978899e+00 -5.664270e+00  0.000000e+00
     vertex -4.522891e-01 -5.982929e+00  0.000000e+00
   endloop
 endfacet
 facet normal  0.000000e+00  0.000000e+00 -1.000000e+00
   outer loop
     vertex -5.465537e+00  2.475461e+00  0.000000e+00
     vertex -5.593082e+00  2.171964e+00  0.000000e+00
     vertex -5.531392e+00  2.324588e+00  0.000000e+00
   endloop
 endfacet
 facet normal  0.000000e+00  0.000000e+00 -1.000000e+00
   outer loop
     vertex  2.587400e+00 -5.413443e+00  0.000000e+00
     vertex  2.437913e+00 -5.482388e+00  0.000000e+00
     vertex  2.286591e+00 -5.547206e+00  0.000000e+00
   endloop
 endfacet
 facet normal  0.000000e+00  0.000000e+00 -1.000000e+00
   outer loop
     vertex -5.395568e+00  2.624471e+00  0.000000e+00
     vertex -5.650563e+00  2.017706e+00  0.000000e+00
     vertex -5.593082e+00  2.171964e+00  0.000000e+00
   endloop
 endfacet
 facet normal  0.000000e+00  0.000000e+00 -1.000000e+00
   outer loop
     vertex -5.395568e+00  2.624471e+00  0.000000e+00
     vertex -5.593082e+00  2.171964e+00  0.000000e+00
     vertex -5.465537e+00  2.475461e+00  0.000000e+00
   endloop
 endfacet
 facet normal  0.000000e+00  0.000000e+00 -1.000000e+00
   outer loop
     vertex  2.734938e+00 -5.340422e+00  0.000000e+00
     vertex  2.587400e+00 -5.413443e+00  0.000000e+00
     vertex  2.286591e+00 -5.547206e+00  0.000000e+00
   endloop
 endfacet
 facet normal  0.000000e+00  0.000000e+00 -1.000000e+00
   outer loop
     vertex -5.243500e+00  2.916454e+00  0.000000e+00
     vertex -5.395568e+00  2.624471e+00  0.000000e+00
     vertex -5.321537e+00  2.771506e+00  0.000000e+00
   endloop
 endfacet
 facet normal  0.000000e+00  0.000000e+00 -1.000000e+00
   outer loop
     vertex -5.161517e+00  3.059207e+00  0.000000e+00
     vertex -5.650563e+00  2.017706e+00  0.000000e+00
     vertex -5.395568e+00  2.624471e+00  0.000000e+00
   endloop
 endfacet
 facet normal  0.000000e+00  0.000000e+00 -1.000000e+00
   outer loop
     vertex -5.161517e+00  3.059207e+00  0.000000e+00
     vertex -5.395568e+00  2.624471e+00  0.000000e+00
     vertex -5.243500e+00  2.916454e+00  0.000000e+00
   endloop
 endfacet
 facet normal  0.000000e+00  0.000000e+00 -1.000000e+00
   outer loop
     vertex  3.164766e+00 -5.097476e+00  0.000000e+00
     vertex  2.880418e+00 -5.263382e+00  0.000000e+00
     vertex  2.734938e+00 -5.340422e+00  0.000000e+00
   endloop
 endfacet
 facet normal  0.000000e+00  0.000000e+00 -1.000000e+00
   outer loop
     vertex  3.164766e+00 -5.097476e+00  0.000000e+00
     vertex  3.023730e+00 -5.182379e+00  0.000000e+00
     vertex  2.880418e+00 -5.263382e+00  0.000000e+00
   endloop
 endfacet
 facet normal  0.000000e+00  0.000000e+00 -1.000000e+00
   outer loop
     vertex  3.164766e+00 -5.097476e+00  0.000000e+00
     vertex  2.734938e+00 -5.340422e+00  0.000000e+00
     vertex  2.286591e+00 -5.547206e+00  0.000000e+00
   endloop
 endfacet
 facet normal  0.000000e+00  0.000000e+00 -1.000000e+00
   outer loop
     vertex -5.075648e+00  3.199656e+00  0.000000e+00
     vertex -5.650563e+00  2.017706e+00  0.000000e+00
     vertex -5.161517e+00  3.059207e+00  0.000000e+00
   endloop
 endfacet
 facet normal  0.000000e+00  0.000000e+00 -1.000000e+00
   outer loop
     vertex  3.303419e+00 -5.008735e+00  0.000000e+00
     vertex  3.164766e+00 -5.097476e+00  0.000000e+00
     vertex  2.286591e+00 -5.547206e+00  0.000000e+00
   endloop
 endfacet
 facet normal  0.000000e+00  0.000000e+00 -1.000000e+00
   outer loop
     vertex  3.303419e+00 -5.008735e+00  0.000000e+00
     vertex  2.286591e+00 -5.547206e+00  0.000000e+00
     vertex -6.162549e-01 -5.968269e+00  0.000000e+00
   endloop
 endfacet
 facet normal  0.000000e+00  0.000000e+00 -1.000000e+00
   outer loop
     vertex -4.892514e+00  3.473226e+00  0.000000e+00
     vertex -5.650563e+00  2.017706e+00  0.000000e+00
     vertex -5.075648e+00  3.199656e+00  0.000000e+00
   endloop
 endfacet
 facet normal  0.000000e+00 -0.000000e+00 -1.000000e+00
   outer loop
     vertex -4.892514e+00  3.473226e+00  0.000000e+00
     vertex -1.266250e+00 -5.864862e+00  0.000000e+00
     vertex -5.797327e+00  1.546288e+00  0.000000e+00
   endloop
 endfacet
 facet normal  0.000000e+00  0.000000e+00 -1.000000e+00
   outer loop
     vertex -4.892514e+00  3.473226e+00  0.000000e+00
     vertex -5.797327e+00  1.546288e+00  0.000000e+00
     vertex -5.650563e+00  2.017706e+00  0.000000e+00
   endloop
 endfacet
 facet normal  0.000000e+00  0.000000e+00 -1.000000e+00
   outer loop
     vertex -4.892514e+00  3.473226e+00  0.000000e+00
     vertex -5.075648e+00  3.199656e+00  0.000000e+00
     vertex -4.985958e+00  3.337698e+00  0.000000e+00
   endloop
 endfacet
 facet normal  0.000000e+00  0.000000e+00 -1.000000e+00
   outer loop
     vertex  3.573163e+00 -4.820011e+00  0.000000e+00
     vertex  3.439585e+00 -4.916223e+00  0.000000e+00
     vertex  3.303419e+00 -5.008735e+00  0.000000e+00
   endloop
 endfacet
 facet normal  0.000000e+00  0.000000e+00 -1.000000e+00
   outer loop
     vertex  3.704050e+00 -4.720171e+00  0.000000e+00
     vertex  3.573163e+00 -4.820011e+00  0.000000e+00
     vertex  3.303419e+00 -5.008735e+00  0.000000e+00
   endloop
 endfacet
 facet normal  0.000000e+00  0.000000e+00 -1.000000e+00
   outer loop
     vertex -4.694652e+00  3.736340e+00  0.000000e+00
     vertex -4.892514e+00  3.473226e+00  0.000000e+00
     vertex -4.795388e+00  3.606141e+00  0.000000e+00
   endloop
 endfacet
 facet normal  0.000000e+00  0.000000e+00 -1.000000e+00
   outer loop
     vertex  3.832149e+00 -4.616777e+00  0.000000e+00
     vertex  3.704050e+00 -4.720171e+00  0.000000e+00
     vertex  3.303419e+00 -5.008735e+00  0.000000e+00
   endloop
 endfacet
 facet normal  0.000000e+00  0.000000e+00 -1.000000e+00
   outer loop
     vertex  3.957364e+00 -4.509908e+00  0.000000e+00
     vertex  3.832149e+00 -4.616777e+00  0.000000e+00
     vertex  3.303419e+00 -5.008735e+00  0.000000e+00
   endloop
 endfacet
 facet normal  0.000000e+00  0.000000e+00 -1.000000e+00
   outer loop
     vertex -4.482657e+00  3.988206e+00  0.000000e+00
     vertex -4.694652e+00  3.736340e+00  0.000000e+00
     vertex -4.590382e+00  3.863727e+00  0.000000e+00
   endloop
 endfacet
 facet normal  0.000000e+00  0.000000e+00 -1.000000e+00
   outer loop
     vertex  4.198764e+00 -4.286068e+00  0.000000e+00
     vertex  3.957364e+00 -4.509908e+00  0.000000e+00
     vertex  3.303419e+00 -5.008735e+00  0.000000e+00
   endloop
 endfacet
 facet normal  0.000000e+00  0.000000e+00 -1.000000e+00
   outer loop
     vertex  4.198764e+00 -4.286068e+00  0.000000e+00
     vertex  4.079600e+00 -4.399644e+00  0.000000e+00
     vertex  3.957364e+00 -4.509908e+00  0.000000e+00
   endloop
 endfacet
 facet normal  0.000000e+00  0.000000e+00 -1.000000e+00
   outer loop
     vertex -4.257167e+00  4.228065e+00  0.000000e+00
     vertex -4.694652e+00  3.736340e+00  0.000000e+00
     vertex -4.482657e+00  3.988206e+00  0.000000e+00
   endloop
 endfacet
 facet normal  0.000000e+00  0.000000e+00 -1.000000e+00
   outer loop
     vertex -4.257167e+00  4.228065e+00  0.000000e+00
     vertex -4.482657e+00  3.988206e+00  0.000000e+00
     vertex -4.371557e+00  4.109682e+00  0.000000e+00
   endloop
 endfacet
 facet normal  0.000000e+00  0.000000e+00 -1.000000e+00
   outer loop
     vertex  4.536947e+00 -3.926336e+00  0.000000e+00
     vertex  4.427524e+00 -4.049325e+00  0.000000e+00
     vertex  4.314768e+00 -4.169266e+00  0.000000e+00
   endloop
 endfacet
 facet normal  0.000000e+00  0.000000e+00 -1.000000e+00
   outer loop
     vertex  4.536947e+00 -3.926336e+00  0.000000e+00
     vertex  4.198764e+00 -4.286068e+00  0.000000e+00
     vertex  3.303419e+00 -5.008735e+00  0.000000e+00
   endloop
 endfacet
 facet normal  0.000000e+00  0.000000e+00 -1.000000e+00
   outer loop
     vertex  4.536947e+00 -3.926336e+00  0.000000e+00
     vertex  4.314768e+00 -4.169266e+00  0.000000e+00
     vertex  4.198764e+00 -4.286068e+00  0.000000e+00
   endloop
 endfacet
 facet normal  0.000000e+00  0.000000e+00 -1.000000e+00
   outer loop
     vertex -3.895123e+00  4.563772e+00  0.000000e+00
     vertex -4.139571e+00  4.343265e+00  0.000000e+00
     vertex -4.018860e+00  4.455195e+00  0.000000e+00
   endloop
 endfacet
 facet normal  0.000000e+00  0.000000e+00 -1.000000e+00
   outer loop
     vertex -3.638949e+00  4.770540e+00  0.000000e+00
     vertex -4.892514e+00  3.473226e+00  0.000000e+00
     vertex -4.694652e+00  3.736340e+00  0.000000e+00
   endloop
 endfacet
 facet normal  0.000000e+00  0.000000e+00 -1.000000e+00
   outer loop
     vertex -3.638949e+00  4.770540e+00  0.000000e+00
     vertex -4.694652e+00  3.736340e+00  0.000000e+00
     vertex -4.257167e+00  4.228065e+00  0.000000e+00
   endloop
 endfacet
 facet normal  0.000000e+00  0.000000e+00 -1.000000e+00
   outer loop
     vertex -3.638949e+00  4.770540e+00  0.000000e+00
     vertex -4.139571e+00  4.343265e+00  0.000000e+00
     vertex -3.895123e+00  4.563772e+00  0.000000e+00
   endloop
 endfacet
 facet normal  0.000000e+00  0.000000e+00 -1.000000e+00
   outer loop
     vertex -3.638949e+00  4.770540e+00  0.000000e+00
     vertex -3.895123e+00  4.563772e+00  0.000000e+00
     vertex -3.768454e+00  4.668913e+00  0.000000e+00
   endloop
 endfacet
 facet normal  0.000000e+00  0.000000e+00 -1.000000e+00
   outer loop
     vertex -3.638949e+00  4.770540e+00  0.000000e+00
     vertex -4.257167e+00  4.228065e+00  0.000000e+00
     vertex -4.139571e+00  4.343265e+00  0.000000e+00
   endloop
 endfacet
 facet normal  0.000000e+00  0.000000e+00 -1.000000e+00
   outer loop
     vertex  4.939701e+00 -3.405783e+00  0.000000e+00
     vertex  4.745467e+00 -3.671586e+00  0.000000e+00
     vertex  4.642954e+00 -3.800391e+00  0.000000e+00
   endloop
 endfacet
 facet normal  0.000000e+00  0.000000e+00 -1.000000e+00
   outer loop
     vertex  4.939701e+00 -3.405783e+00  0.000000e+00
     vertex  4.844407e+00 -3.540017e+00  0.000000e+00
     vertex  4.745467e+00 -3.671586e+00  0.000000e+00
   endloop
 endfacet
 facet normal  0.000000e+00  0.000000e+00 -1.000000e+00
   outer loop
     vertex -3.371819e+00  4.962946e+00  0.000000e+00
     vertex -3.638949e+00  4.770540e+00  0.000000e+00
     vertex -3.506704e+00  4.868575e+00  0.000000e+00
   endloop
 endfacet
 facet normal  0.000000e+00  0.000000e+00 -1.000000e+00
   outer loop
     vertex  5.119064e+00 -3.129726e+00  0.000000e+00
     vertex  4.642954e+00 -3.800391e+00  0.000000e+00
     vertex  4.536947e+00 -3.926336e+00  0.000000e+00
   endloop
 endfacet
 facet normal  0.000000e+00  0.000000e+00 -1.000000e+00
   outer loop
     vertex  5.119064e+00 -3.129726e+00  0.000000e+00
     vertex  5.031276e+00 -3.268985e+00  0.000000e+00
     vertex  4.939701e+00 -3.405783e+00  0.000000e+00
   endloop
 endfacet
 facet normal  0.000000e+00  0.000000e+00 -1.000000e+00
   outer loop
     vertex  5.119064e+00 -3.129726e+00  0.000000e+00
     vertex  4.939701e+00 -3.405783e+00  0.000000e+00
     vertex  4.642954e+00 -3.800391e+00  0.000000e+00
   endloop
 endfacet
 facet normal  0.000000e+00  0.000000e+00 -1.000000e+00
   outer loop
     vertex  5.202998e+00 -2.988111e+00  0.000000e+00
     vertex  4.536947e+00 -3.926336e+00  0.000000e+00
     vertex  3.303419e+00 -5.008735e+00  0.000000e+00
   endloop
 endfacet
 facet normal  0.000000e+00  0.000000e+00 -1.000000e+00
   outer loop
     vertex  5.202998e+00 -2.988111e+00  0.000000e+00
     vertex  5.119064e+00 -3.129726e+00  0.000000e+00
     vertex  4.536947e+00 -3.926336e+00  0.000000e+00
   endloop
 endfacet
 facet normal  0.000000e+00  0.000000e+00 -1.000000e+00
   outer loop
     vertex  5.283016e+00 -2.844247e+00  0.000000e+00
     vertex  5.202998e+00 -2.988111e+00  0.000000e+00
     vertex  3.303419e+00 -5.008735e+00  0.000000e+00
   endloop
 endfacet
 facet normal  0.000000e+00  0.000000e+00 -1.000000e+00
   outer loop
     vertex -2.807943e+00  5.302401e+00  0.000000e+00
     vertex -3.094539e+00  5.140411e+00  0.000000e+00
     vertex -2.952352e+00  5.223372e+00  0.000000e+00
   endloop
 endfacet
 facet normal  0.000000e+00  0.000000e+00 -1.000000e+00
   outer loop
     vertex -2.661419e+00  5.377439e+00  0.000000e+00
     vertex -3.094539e+00  5.140411e+00  0.000000e+00
     vertex -2.807943e+00  5.302401e+00  0.000000e+00
   endloop
 endfacet
 facet normal  0.000000e+00  0.000000e+00 -1.000000e+00
   outer loop
     vertex -2.512893e+00  5.448428e+00  0.000000e+00
     vertex -3.234397e+00  5.053581e+00  0.000000e+00
     vertex -3.094539e+00  5.140411e+00  0.000000e+00
   endloop
 endfacet
 facet normal  0.000000e+00  0.000000e+00 -1.000000e+00
   outer loop
     vertex -2.512893e+00  5.448428e+00  0.000000e+00
     vertex -3.371819e+00  4.962946e+00  0.000000e+00
     vertex -3.234397e+00  5.053581e+00  0.000000e+00
   endloop
 endfacet
 facet normal  0.000000e+00  0.000000e+00 -1.000000e+00
   outer loop
     vertex -2.512893e+00  5.448428e+00  0.000000e+00
     vertex -3.094539e+00  5.140411e+00  0.000000e+00
     vertex -2.661419e+00  5.377439e+00  0.000000e+00
   endloop
 endfacet
 facet normal  0.000000e+00  0.000000e+00 -1.000000e+00
   outer loop
     vertex  5.498982e+00 -2.400250e+00  0.000000e+00
     vertex  5.359057e+00 -2.698242e+00  0.000000e+00
     vertex  5.283016e+00 -2.844247e+00  0.000000e+00
   endloop
 endfacet
 facet normal  0.000000e+00  0.000000e+00 -1.000000e+00
   outer loop
     vertex  5.498982e+00 -2.400250e+00  0.000000e+00
     vertex  5.431063e+00 -2.550206e+00  0.000000e+00
     vertex  5.359057e+00 -2.698242e+00  0.000000e+00
   endloop
 endfacet
 facet normal  0.000000e+00  0.000000e+00 -1.000000e+00
   outer loop
     vertex  5.622352e+00 -2.095032e+00  0.000000e+00
     vertex  5.562760e+00 -2.248488e+00  0.000000e+00
     vertex  5.498982e+00 -2.400250e+00  0.000000e+00
   endloop
 endfacet
 facet normal  0.000000e+00  0.000000e+00 -1.000000e+00
   outer loop
     vertex  5.677711e+00 -1.940000e+00  0.000000e+00
     vertex  5.622352e+00 -2.095032e+00  0.000000e+00
     vertex  5.498982e+00 -2.400250e+00  0.000000e+00
   endloop
 endfacet
 facet normal  0.000000e+00  0.000000e+00 -1.000000e+00
   outer loop
     vertex -1.744169e+00  5.740895e+00  0.000000e+00
     vertex -2.056417e+00  5.636590e+00  0.000000e+00
     vertex -1.901009e+00  5.690884e+00  0.000000e+00
   endloop
 endfacet
 facet normal  0.000000e+00  0.000000e+00 -1.000000e+00
   outer loop
     vertex -1.744169e+00  5.740895e+00  0.000000e+00
     vertex -2.210278e+00  5.578053e+00  0.000000e+00
     vertex -2.056417e+00  5.636590e+00  0.000000e+00
   endloop
 endfacet
 facet normal  0.000000e+00  0.000000e+00 -1.000000e+00
   outer loop
     vertex -1.744169e+00  5.740895e+00  0.000000e+00
     vertex -2.362475e+00  5.515316e+00  0.000000e+00
     vertex -2.210278e+00  5.578053e+00  0.000000e+00
   endloop
 endfacet
 facet normal  0.000000e+00  0.000000e+00 -1.000000e+00
   outer loop
     vertex -1.744169e+00  5.740895e+00  0.000000e+00
     vertex -2.512893e+00  5.448428e+00  0.000000e+00
     vertex -2.362475e+00  5.515316e+00  0.000000e+00
   endloop
 endfacet
 facet normal  0.000000e+00  0.000000e+00 -1.000000e+00
   outer loop
     vertex  5.775569e+00 -1.625672e+00  0.000000e+00
     vertex  5.728796e+00 -1.783507e+00  0.000000e+00
     vertex  5.677711e+00 -1.940000e+00  0.000000e+00
   endloop
 endfacet
 facet normal  0.000000e+00  0.000000e+00 -1.000000e+00
   outer loop
     vertex  5.775569e+00 -1.625672e+00  0.000000e+00
     vertex  5.677711e+00 -1.940000e+00  0.000000e+00
     vertex  5.498982e+00 -2.400250e+00  0.000000e+00
   endloop
 endfacet
 facet normal  0.000000e+00  0.000000e+00 -1.000000e+00
   outer loop
     vertex -1.586017e+00  5.786584e+00  0.000000e+00
     vertex -3.371819e+00  4.962946e+00  0.000000e+00
     vertex -2.512893e+00  5.448428e+00  0.000000e+00
   endloop
 endfacet
 facet normal  0.000000e+00  0.000000e+00 -1.000000e+00
   outer loop
     vertex -1.586017e+00  5.786584e+00  0.000000e+00
     vertex -2.512893e+00  5.448428e+00  0.000000e+00
     vertex -1.744169e+00  5.740895e+00  0.000000e+00
   endloop
 endfacet
 facet normal  0.000000e+00  0.000000e+00 -1.000000e+00
   outer loop
     vertex -1.586017e+00  5.786584e+00  0.000000e+00
     vertex -4.892514e+00  3.473226e+00  0.000000e+00
     vertex -3.638949e+00  4.770540e+00  0.000000e+00
   endloop
 endfacet
 facet normal  0.000000e+00  0.000000e+00 -1.000000e+00
   outer loop
     vertex -1.586017e+00  5.786584e+00  0.000000e+00
     vertex -3.638949e+00  4.770540e+00  0.000000e+00
     vertex -3.371819e+00  4.962946e+00  0.000000e+00
   endloop
 endfacet
 facet normal  0.000000e+00  0.000000e+00 -1.000000e+00
   outer loop
     vertex  5.817993e+00 -1.466613e+00  0.000000e+00
     vertex  5.498982e+00 -2.400250e+00  0.000000e+00
     vertex  5.283016e+00 -2.844247e+00  0.000000e+00
   endloop
 endfacet
 facet normal  0.000000e+00  0.000000e+00 -1.000000e+00
   outer loop
     vertex  5.817993e+00 -1.466613e+00  0.000000e+00
     vertex  5.775569e+00 -1.625672e+00  0.000000e+00
     vertex  5.498982e+00 -2.400250e+00  0.000000e+00
   endloop
 endfacet
 facet normal  0.000000e+00  0.000000e+00 -1.000000e+00
   outer loop
     vertex  5.817993e+00 -1.466613e+00  0.000000e+00
     vertex  3.303419e+00 -5.008735e+00  0.000000e+00
     vertex -6.162549e-01 -5.968269e+00  0.000000e+00
   endloop
 endfacet
 facet normal  0.000000e+00  0.000000e+00 -1.000000e+00
   outer loop
     vertex  5.817993e+00 -1.466613e+00  0.000000e+00
     vertex -6.162549e-01 -5.968269e+00  0.000000e+00
     vertex -1.266250e+00 -5.864862e+00  0.000000e+00
   endloop
 endfacet
 facet normal  0.000000e+00  0.000000e+00 -1.000000e+00
   outer loop
     vertex  5.817993e+00 -1.466613e+00  0.000000e+00
     vertex  5.283016e+00 -2.844247e+00  0.000000e+00
     vertex  3.303419e+00 -5.008735e+00  0.000000e+00
   endloop
 endfacet
 facet normal  0.000000e+00  0.000000e+00 -1.000000e+00
   outer loop
     vertex  5.918879e+00 -9.832941e-01  0.000000e+00
     vertex  5.889676e+00 -1.145303e+00  0.000000e+00
     vertex  5.856039e+00 -1.306449e+00  0.000000e+00
   endloop
 endfacet
 facet normal  0.000000e+00  0.000000e+00 -1.000000e+00
   outer loop
     vertex -9.426715e-01  5.925485e+00  0.000000e+00
     vertex -1.266250e+00  5.864862e+00  0.000000e+00
     vertex -1.104877e+00  5.897393e+00  0.000000e+00
   endloop
 endfacet
 facet normal  0.000000e+00  0.000000e+00 -1.000000e+00
   outer loop
     vertex -9.426715e-01  5.925485e+00  0.000000e+00
     vertex -1.426671e+00  5.827917e+00  0.000000e+00
     vertex -1.266250e+00  5.864862e+00  0.000000e+00
   endloop
 endfacet
 facet normal  0.000000e+00  0.000000e+00 -1.000000e+00
   outer loop
     vertex -9.426715e-01  5.925485e+00  0.000000e+00
     vertex -1.586017e+00  5.786584e+00  0.000000e+00
     vertex -1.426671e+00  5.827917e+00  0.000000e+00
   endloop
 endfacet
 facet normal  0.000000e+00  0.000000e+00 -1.000000e+00
   outer loop
     vertex  5.943627e+00 -8.205452e-01  0.000000e+00
     vertex  5.918879e+00 -9.832941e-01  0.000000e+00
     vertex  5.856039e+00 -1.306449e+00  0.000000e+00
   endloop
 endfacet
 facet normal  0.000000e+00  0.000000e+00 -1.000000e+00
   outer loop
     vertex  5.963901e+00 -6.571786e-01  0.000000e+00
     vertex  5.943627e+00 -8.205452e-01  0.000000e+00
     vertex  5.856039e+00 -1.306449e+00  0.000000e+00
   endloop
 endfacet
 facet normal  0.000000e+00  0.000000e+00 -1.000000e+00
   outer loop
     vertex -4.522891e-01  5.982929e+00  0.000000e+00
     vertex -1.586017e+00  5.786584e+00  0.000000e+00
     vertex -9.426715e-01  5.925485e+00  0.000000e+00
   endloop
 endfacet
 facet normal  0.000000e+00  0.000000e+00 -1.000000e+00
   outer loop
     vertex -4.522891e-01  5.982929e+00  0.000000e+00
     vertex -7.797567e-01  5.949116e+00  0.000000e+00
     vertex -6.162549e-01  5.968269e+00  0.000000e+00
   endloop
 endfacet
 facet normal  0.000000e+00  0.000000e+00 -1.000000e+00
   outer loop
     vertex -4.522891e-01  5.982929e+00  0.000000e+00
     vertex -9.426715e-01  5.925485e+00  0.000000e+00
     vertex -7.797567e-01  5.949116e+00  0.000000e+00
   endloop
 endfacet
 facet normal  0.000000e+00  0.000000e+00 -1.000000e+00
   outer loop
     vertex  5.990968e+00 -3.290847e-01  0.000000e+00
     vertex  5.979685e+00 -4.933173e-01  0.000000e+00
     vertex  5.963901e+00 -6.571786e-01  0.000000e+00
   endloop
 endfacet
 facet normal  0.000000e+00  0.000000e+00 -1.000000e+00
   outer loop
     vertex  5.997742e+00 -1.646043e-01  0.000000e+00
     vertex  5.990968e+00 -3.290847e-01  0.000000e+00
     vertex  5.963901e+00 -6.571786e-01  0.000000e+00
   endloop
 endfacet
 facet normal  0.000000e+00  0.000000e+00 -1.000000e+00
   outer loop
     vertex  6.000000e+00 -1.469576e-15  0.000000e+00
     vertex  5.856039e+00 -1.306449e+00  0.000000e+00
     vertex  5.817993e+00 -1.466613e+00  0.000000e+00
   endloop
 endfacet
 facet normal  0.000000e+00  0.000000e+00 -1.000000e+00
   outer loop
     vertex  6.000000e+00 -1.469576e-15  0.000000e+00
     vertex  5.963901e+00 -6.571786e-01  0.000000e+00
     vertex  5.856039e+00 -1.306449e+00  0.000000e+00
   endloop
 endfacet
 facet normal  0.000000e+00  0.000000e+00 -1.000000e+00
   outer loop
     vertex  6.000000e+00 -1.469576e-15  0.000000e+00
     vertex  5.997742e+00 -1.646043e-01  0.000000e+00
     vertex  5.963901e+00 -6.571786e-01  0.000000e+00
   endloop
 endfacet
 facet normal  0.000000e+00  0.000000e+00 -1.000000e+00
   outer loop
     vertex  4.115591e-02  5.999859e+00  0.000000e+00
     vertex -2.879830e-01  5.993085e+00  0.000000e+00
     vertex -1.234600e-01  5.998730e+00  0.000000e+00
   endloop
 endfacet
 facet normal  0.000000e+00 -0.000000e+00 -1.000000e+00
   outer loop
     vertex  5.997742e+00  1.646043e-01  0.000000e+00
     vertex  6.000000e+00 -1.469576e-15  0.000000e+00
     vertex  5.817993e+00 -1.466613e+00  0.000000e+00
   endloop
 endfacet
 facet normal  0.000000e+00 -0.000000e+00 -1.000000e+00
   outer loop
     vertex  5.990968e+00  3.290847e-01  0.000000e+00
     vertex  5.997742e+00  1.646043e-01  0.000000e+00
     vertex  5.817993e+00 -1.466613e+00  0.000000e+00
   endloop
 endfacet
 facet normal  0.000000e+00  0.000000e+00 -1.000000e+00
   outer loop
     vertex  3.701709e-01  5.988570e+00  0.000000e+00
     vertex  4.115591e-02  5.999859e+00  0.000000e+00
     vertex  2.057408e-01  5.996472e+00  0.000000e+00
   endloop
 endfacet
 facet normal  0.000000e+00  0.000000e+00 -1.000000e+00
   outer loop
     vertex  5.963901e+00  6.571786e-01  0.000000e+00
     vertex  5.979685e+00  4.933173e-01  0.000000e+00
     vertex  5.990968e+00  3.290847e-01  0.000000e+00
   endloop
 endfacet
 facet normal  0.000000e+00 -0.000000e+00 -1.000000e+00
   outer loop
     vertex  5.963901e+00  6.571786e-01  0.000000e+00
     vertex  5.990968e+00  3.290847e-01  0.000000e+00
     vertex  5.817993e+00 -1.466613e+00  0.000000e+00
   endloop
 endfacet
 facet normal  0.000000e+00  0.000000e+00 -1.000000e+00
   outer loop
     vertex  6.980715e-01  5.959253e+00  0.000000e+00
     vertex  3.701709e-01  5.988570e+00  0.000000e+00
     vertex  5.343223e-01  5.976161e+00  0.000000e+00
   endloop
 endfacet
 facet normal  0.000000e+00 -0.000000e+00 -1.000000e+00
   outer loop
     vertex  5.943627e+00  8.205452e-01  0.000000e+00
     vertex  5.963901e+00  6.571786e-01  0.000000e+00
     vertex  5.817993e+00 -1.466613e+00  0.000000e+00
   endloop
 endfacet
 facet normal  0.000000e+00  0.000000e+00 -1.000000e+00
   outer loop
     vertex  1.023870e+00  5.911995e+00  0.000000e+00
     vertex  4.115591e-02  5.999859e+00  0.000000e+00
     vertex  3.701709e-01  5.988570e+00  0.000000e+00
   endloop
 endfacet
 facet normal  0.000000e+00  0.000000e+00 -1.000000e+00
   outer loop
     vertex  1.023870e+00  5.911995e+00  0.000000e+00
     vertex  6.980715e-01  5.959253e+00  0.000000e+00
     vertex  8.612951e-01  5.937859e+00  0.000000e+00
   endloop
 endfacet
 facet normal  0.000000e+00  0.000000e+00 -1.000000e+00
   outer loop
     vertex  1.023870e+00  5.911995e+00  0.000000e+00
     vertex -4.522891e-01  5.982929e+00  0.000000e+00
     vertex -2.879830e-01  5.993085e+00  0.000000e+00
   endloop
 endfacet
 facet normal  0.000000e+00  0.000000e+00 -1.000000e+00
   outer loop
     vertex  1.023870e+00  5.911995e+00  0.000000e+00
     vertex -2.879830e-01  5.993085e+00  0.000000e+00
     vertex  4.115591e-02  5.999859e+00  0.000000e+00
   endloop
 endfacet
 facet normal  0.000000e+00  0.000000e+00 -1.000000e+00
   outer loop
     vertex  1.023870e+00  5.911995e+00  0.000000e+00
     vertex  3.701709e-01  5.988570e+00  0.000000e+00
     vertex  6.980715e-01  5.959253e+00  0.000000e+00
   endloop
 endfacet
 facet normal  0.000000e+00  0.000000e+00 -1.000000e+00
   outer loop
     vertex  5.889676e+00  1.145303e+00  0.000000e+00
     vertex  5.918879e+00  9.832941e-01  0.000000e+00
     vertex  5.943627e+00  8.205452e-01  0.000000e+00
   endloop
 endfacet
 facet normal  0.000000e+00 -0.000000e+00 -1.000000e+00
   outer loop
     vertex  5.889676e+00  1.145303e+00  0.000000e+00
     vertex  5.943627e+00  8.205452e-01  0.000000e+00
     vertex  5.817993e+00 -1.466613e+00  0.000000e+00
   endloop
 endfacet
 facet normal  0.000000e+00  0.000000e+00 -1.000000e+00
   outer loop
     vertex  5.817993e+00  1.466613e+00  0.000000e+00
     vertex  5.856039e+00  1.306449e+00  0.000000e+00
     vertex  5.889676e+00  1.145303e+00  0.000000e+00
   endloop
 endfacet
 facet normal  0.000000e+00  0.000000e+00 -1.000000e+00
   outer loop
     vertex  5.817993e+00  1.466613e+00  0.000000e+00
     vertex  5.889676e+00  1.145303e+00  0.000000e+00
     vertex  5.817993e+00 -1.466613e+00  0.000000e+00
   endloop
 endfacet
 facet normal  0.000000e+00  0.000000e+00 -1.000000e+00
   outer loop
     vertex  1.506486e+00  5.807797e+00  0.000000e+00
     vertex  1.185675e+00  5.881681e+00  0.000000e+00
     vertex  1.346587e+00  5.846940e+00  0.000000e+00
   endloop
 endfacet
 facet normal  0.000000e+00  0.000000e+00 -1.000000e+00
   outer loop
     vertex  1.506486e+00  5.807797e+00  0.000000e+00
     vertex  1.023870e+00  5.911995e+00  0.000000e+00
     vertex  1.185675e+00  5.881681e+00  0.000000e+00
   endloop
 endfacet
 facet normal  0.000000e+00  0.000000e+00 -1.000000e+00
   outer loop
     vertex  5.728796e+00  1.783507e+00  0.000000e+00
     vertex  5.775569e+00  1.625672e+00  0.000000e+00
     vertex  5.817993e+00  1.466613e+00  0.000000e+00
   endloop
 endfacet
 facet normal  0.000000e+00  0.000000e+00 -1.000000e+00
   outer loop
     vertex  1.822761e+00  5.716428e+00  0.000000e+00
     vertex  1.023870e+00  5.911995e+00  0.000000e+00
     vertex  1.506486e+00  5.807797e+00  0.000000e+00
   endloop
 endfacet
 facet normal  0.000000e+00  0.000000e+00 -1.000000e+00
   outer loop
     vertex  1.822761e+00  5.716428e+00  0.000000e+00
     vertex  1.506486e+00  5.807797e+00  0.000000e+00
     vertex  1.665250e+00  5.764282e+00  0.000000e+00
   endloop
 endfacet
 facet normal  0.000000e+00  0.000000e+00 -1.000000e+00
   outer loop
     vertex  5.562760e+00  2.248488e+00  0.000000e+00
     vertex  5.677711e+00  1.940000e+00  0.000000e+00
     vertex  5.728796e+00  1.783507e+00  0.000000e+00
   endloop
 endfacet
 facet normal  0.000000e+00  0.000000e+00 -1.000000e+00
   outer loop
     vertex  5.562760e+00  2.248488e+00  0.000000e+00
     vertex  5.622352e+00  2.095032e+00  0.000000e+00
     vertex  5.677711e+00  1.940000e+00  0.000000e+00
   endloop
 endfacet
 facet normal  0.000000e+00  0.000000e+00 -1.000000e+00
   outer loop
     vertex  2.286591e+00  5.547206e+00  0.000000e+00
     vertex  1.978899e+00  5.664270e+00  0.000000e+00
     vertex  2.133548e+00  5.607849e+00  0.000000e+00
   endloop
 endfacet
 facet normal  0.000000e+00  0.000000e+00 -1.000000e+00
   outer loop
     vertex  2.286591e+00  5.547206e+00  0.000000e+00
     vertex  1.822761e+00  5.716428e+00  0.000000e+00
     vertex  1.978899e+00  5.664270e+00  0.000000e+00
   endloop
 endfacet
 facet normal  0.000000e+00  0.000000e+00 -1.000000e+00
   outer loop
     vertex  2.286591e+00  5.547206e+00  0.000000e+00
     vertex  1.023870e+00  5.911995e+00  0.000000e+00
     vertex  1.822761e+00  5.716428e+00  0.000000e+00
   endloop
 endfacet
 facet normal  0.000000e+00  0.000000e+00 -1.000000e+00
   outer loop
     vertex  2.587400e+00  5.413443e+00  0.000000e+00
     vertex  2.286591e+00  5.547206e+00  0.000000e+00
     vertex  2.437913e+00  5.482388e+00  0.000000e+00
   endloop
 endfacet
 facet normal  0.000000e+00  0.000000e+00 -1.000000e+00
   outer loop
     vertex  5.359057e+00  2.698242e+00  0.000000e+00
     vertex  5.562760e+00  2.248488e+00  0.000000e+00
     vertex  5.728796e+00  1.783507e+00  0.000000e+00
   endloop
 endfacet
 facet normal  0.000000e+00  0.000000e+00 -1.000000e+00
   outer loop
     vertex  5.359057e+00  2.698242e+00  0.000000e+00
     vertex  5.498982e+00  2.400250e+00  0.000000e+00
     vertex  5.562760e+00  2.248488e+00  0.000000e+00
   endloop
 endfacet
 facet normal  0.000000e+00  0.000000e+00 -1.000000e+00
   outer loop
     vertex  5.359057e+00  2.698242e+00  0.000000e+00
     vertex  5.431063e+00  2.550206e+00  0.000000e+00
     vertex  5.498982e+00  2.400250e+00  0.000000e+00
   endloop
 endfacet
 facet normal  0.000000e+00  0.000000e+00 -1.000000e+00
   outer loop
     vertex  5.283016e+00  2.844247e+00  0.000000e+00
     vertex  5.728796e+00  1.783507e+00  0.000000e+00
     vertex  5.817993e+00  1.466613e+00  0.000000e+00
   endloop
 endfacet
 facet normal  0.000000e+00  0.000000e+00 -1.000000e+00
   outer loop
     vertex  5.283016e+00  2.844247e+00  0.000000e+00
     vertex  5.359057e+00  2.698242e+00  0.000000e+00
     vertex  5.728796e+00  1.783507e+00  0.000000e+00
   endloop
 endfacet
 facet normal  0.000000e+00  0.000000e+00 -1.000000e+00
   outer loop
     vertex  2.880418e+00  5.263382e+00  0.000000e+00
     vertex  1.023870e+00  5.911995e+00  0.000000e+00
     vertex  2.286591e+00  5.547206e+00  0.000000e+00
   endloop
 endfacet
 facet normal  0.000000e+00  0.000000e+00 -1.000000e+00
   outer loop
     vertex  2.880418e+00  5.263382e+00  0.000000e+00
     vertex  2.286591e+00  5.547206e+00  0.000000e+00
     vertex  2.587400e+00  5.413443e+00  0.000000e+00
   endloop
 endfacet
 facet normal  0.000000e+00  0.000000e+00 -1.000000e+00
   outer loop
     vertex  2.880418e+00  5.263382e+00  0.000000e+00
     vertex  2.587400e+00  5.413443e+00  0.000000e+00
     vertex  2.734938e+00  5.340422e+00  0.000000e+00
   endloop
 endfacet
 facet normal  0.000000e+00  0.000000e+00 -1.000000e+00
   outer loop
     vertex  2.880418e+00  5.263382e+00  0.000000e+00
     vertex -1.586017e+00  5.786584e+00  0.000000e+00
     vertex -4.522891e-01  5.982929e+00  0.000000e+00
   endloop
 endfacet
 facet normal  0.000000e+00  0.000000e+00 -1.000000e+00
   outer loop
     vertex  2.880418e+00  5.263382e+00  0.000000e+00
     vertex -4.522891e-01  5.982929e+00  0.000000e+00
     vertex  1.023870e+00  5.911995e+00  0.000000e+00
   endloop
 endfacet
 facet normal  0.000000e+00  0.000000e+00 -1.000000e+00
   outer loop
     vertex  5.202998e+00  2.988111e+00  0.000000e+00
     vertex  5.283016e+00  2.844247e+00  0.000000e+00
     vertex  5.817993e+00  1.466613e+00  0.000000e+00
   endloop
 endfacet
 facet normal  0.000000e+00  0.000000e+00 -1.000000e+00
   outer loop
     vertex  5.031276e+00  3.268985e+00  0.000000e+00
     vertex  5.119064e+00  3.129726e+00  0.000000e+00
     vertex  5.202998e+00  2.988111e+00  0.000000e+00
   endloop
 endfacet
 facet normal  0.000000e+00  0.000000e+00 -1.000000e+00
   outer loop
     vertex  5.031276e+00  3.268985e+00  0.000000e+00
     vertex  5.202998e+00  2.988111e+00  0.000000e+00
     vertex  5.817993e+00  1.466613e+00  0.000000e+00
   endloop
 endfacet
 facet normal  0.000000e+00  0.000000e+00 -1.000000e+00
   outer loop
     vertex  3.303419e+00  5.008735e+00  0.000000e+00
     vertex  3.023730e+00  5.182379e+00  0.000000e+00
     vertex  3.164766e+00  5.097476e+00  0.000000e+00
   endloop
 endfacet
 facet normal  0.000000e+00  0.000000e+00 -1.000000e+00
   outer loop
     vertex  3.303419e+00  5.008735e+00  0.000000e+00
     vertex  2.880418e+00  5.263382e+00  0.000000e+00
     vertex  3.023730e+00  5.182379e+00  0.000000e+00
   endloop
 endfacet
 facet normal  0.000000e+00  0.000000e+00 -1.000000e+00
   outer loop
     vertex  3.439585e+00  4.916223e+00  0.000000e+00
     vertex  2.880418e+00  5.263382e+00  0.000000e+00
     vertex  3.303419e+00  5.008735e+00  0.000000e+00
   endloop
 endfacet
 facet normal  0.000000e+00  0.000000e+00 -1.000000e+00
   outer loop
     vertex  4.745467e+00  3.671586e+00  0.000000e+00
     vertex  4.939701e+00  3.405783e+00  0.000000e+00
     vertex  5.031276e+00  3.268985e+00  0.000000e+00
   endloop
 endfacet
 facet normal  0.000000e+00  0.000000e+00 -1.000000e+00
   outer loop
     vertex  4.745467e+00  3.671586e+00  0.000000e+00
     vertex  4.844407e+00  3.540017e+00  0.000000e+00
     vertex  4.939701e+00  3.405783e+00  0.000000e+00
   endloop
 endfacet
 facet normal  0.000000e+00  0.000000e+00 -1.000000e+00
   outer loop
     vertex  4.745467e+00  3.671586e+00  0.000000e+00
     vertex  5.031276e+00  3.268985e+00  0.000000e+00
     vertex  5.817993e+00  1.466613e+00  0.000000e+00
   endloop
 endfacet
 facet normal  0.000000e+00  0.000000e+00 -1.000000e+00
   outer loop
     vertex  3.704050e+00  4.720171e+00  0.000000e+00
     vertex  3.439585e+00  4.916223e+00  0.000000e+00
     vertex  3.573163e+00  4.820011e+00  0.000000e+00
   endloop
 endfacet
 facet normal  0.000000e+00  0.000000e+00 -1.000000e+00
   outer loop
     vertex  3.704050e+00  4.720171e+00  0.000000e+00
     vertex  2.880418e+00  5.263382e+00  0.000000e+00
     vertex  3.439585e+00  4.916223e+00  0.000000e+00
   endloop
 endfacet
 facet normal  0.000000e+00  0.000000e+00 -1.000000e+00
   outer loop
     vertex  4.536947e+00  3.926336e+00  0.000000e+00
     vertex  4.642954e+00  3.800391e+00  0.000000e+00
     vertex  4.745467e+00  3.671586e+00  0.000000e+00
   endloop
 endfacet
 facet normal  0.000000e+00  0.000000e+00 -1.000000e+00
   outer loop
     vertex  3.957364e+00  4.509908e+00  0.000000e+00
     vertex  3.704050e+00  4.720171e+00  0.000000e+00
     vertex  3.832149e+00  4.616777e+00  0.000000e+00
   endloop
 endfacet
 facet normal  0.000000e+00  0.000000e+00 -1.000000e+00
   outer loop
     vertex  4.427524e+00  4.049325e+00  0.000000e+00
     vertex  4.536947e+00  3.926336e+00  0.000000e+00
     vertex  4.745467e+00  3.671586e+00  0.000000e+00
   endloop
 endfacet
 facet normal  0.000000e+00  0.000000e+00 -1.000000e+00
   outer loop
     vertex  4.079600e+00  4.399644e+00  0.000000e+00
     vertex  3.704050e+00  4.720171e+00  0.000000e+00
     vertex  3.957364e+00  4.509908e+00  0.000000e+00
   endloop
 endfacet
 facet normal  0.000000e+00  0.000000e+00 -1.000000e+00
   outer loop
     vertex  4.198764e+00  4.286068e+00  0.000000e+00
     vertex  5.817993e+00  1.466613e+00  0.000000e+00
     vertex  5.817993e+00 -1.466613e+00  0.000000e+00
   endloop
 endfacet
 facet normal  0.000000e+00  0.000000e+00 -1.000000e+00
   outer loop
     vertex  4.198764e+00  4.286068e+00  0.000000e+00
     vertex -1.586017e+00  5.786584e+00  0.000000e+00
     vertex  2.880418e+00  5.263382e+00  0.000000e+00
   endloop
 endfacet
 facet normal  0.000000e+00  0.000000e+00 -1.000000e+00
   outer loop
     vertex  4.198764e+00  4.286068e+00  0.000000e+00
     vertex  4.314768e+00  4.169266e+00  0.000000e+00
     vertex  4.427524e+00  4.049325e+00  0.000000e+00
   endloop
 endfacet
 facet normal -0.000000e+00  0.000000e+00 -1.000000e+00
   outer loop
     vertex  4.198764e+00  4.286068e+00  0.000000e+00
     vertex -4.892514e+00  3.473226e+00  0.000000e+00
     vertex -1.586017e+00  5.786584e+00  0.000000e+00
   endloop
 endfacet
 facet normal  0.000000e+00  0.000000e+00 -1.000000e+00
   outer loop
     vertex  4.198764e+00  4.286068e+00  0.000000e+00
     vertex -1.266250e+00 -5.864862e+00  0.000000e+00
     vertex -4.892514e+00  3.473226e+00  0.000000e+00
   endloop
 endfacet
 facet normal  0.000000e+00 -0.000000e+00 -1.000000e+00
   outer loop
     vertex  4.198764e+00  4.286068e+00  0.000000e+00
     vertex  5.817993e+00 -1.466613e+00  0.000000e+00
     vertex -1.266250e+00 -5.864862e+00  0.000000e+00
   endloop
 endfacet
 facet normal  0.000000e+00  0.000000e+00 -1.000000e+00
   outer loop
     vertex  4.198764e+00  4.286068e+00  0.000000e+00
     vertex  4.745467e+00  3.671586e+00  0.000000e+00
     vertex  5.817993e+00  1.466613e+00  0.000000e+00
   endloop
 endfacet
 facet normal  0.000000e+00  0.000000e+00 -1.000000e+00
   outer loop
     vertex  4.198764e+00  4.286068e+00  0.000000e+00
     vertex  3.704050e+00  4.720171e+00  0.000000e+00
     vertex  4.079600e+00  4.399644e+00  0.000000e+00
   endloop
 endfacet
 facet normal  0.000000e+00  0.000000e+00 -1.000000e+00
   outer loop
     vertex  4.198764e+00  4.286068e+00  0.000000e+00
     vertex  2.880418e+00  5.263382e+00  0.000000e+00
     vertex  3.704050e+00  4.720171e+00  0.000000e+00
   endloop
 endfacet
 facet normal  0.000000e+00  0.000000e+00 -1.000000e+00
   outer loop
     vertex  4.198764e+00  4.286068e+00  0.000000e+00
     vertex  4.427524e+00  4.049325e+00  0.000000e+00
     vertex  4.745467e+00  3.671586e+00  0.000000e+00
   endloop
 endfacet
endsolid
