solid 
 facet normal  0.000000e+00  7.401487e-16 -1.000000e+00
   outer loop
     vertex  8.100000e+01 -1.110223e-15 -1.000000e+01
     vertex -8.100000e+01 -1.110223e-15 -1.000000e+01
     vertex -8.100000e+01  2.400000e+00 -1.000000e+01
   endloop
 endfacet
 facet normal  4.057926e-33  7.401487e-16 -1.000000e+00
   outer loop
     vertex  8.100000e+01 -1.110223e-15 -1.000000e+01
     vertex -8.100000e+01  2.400000e+00 -1.000000e+01
     vertex  8.100000e+01  2.400000e+00 -1.000000e+01
   endloop
 endfacet
 facet normal -9.999083e-01  0.000000e+00 -1.354093e-02
   outer loop
     vertex -8.499853e+01 -6.781595e-16 -6.108318e+00
     vertex -8.500000e+01 -6.661338e-16 -6.000000e+00
     vertex -8.500000e+01  2.400000e+00 -6.000000e+00
   endloop
 endfacet
 facet normal -9.999083e-01  0.000000e+00 -1.354093e-02
   outer loop
     vertex -8.499853e+01 -6.781595e-16 -6.108318e+00
     vertex -8.500000e+01  2.400000e+00 -6.000000e+00
     vertex -8.499853e+01  2.400000e+00 -6.108318e+00
   endloop
 endfacet
 facet normal -9.991750e-01  0.000000e+00 -4.061287e-02
   outer loop
     vertex -8.499413e+01 -6.901763e-16 -6.216556e+00
     vertex -8.499853e+01  2.400000e+00 -6.108318e+00
     vertex -8.499413e+01  2.400000e+00 -6.216556e+00
   endloop
 endfacet
 facet normal -9.991750e-01  0.000000e+00 -4.061287e-02
   outer loop
     vertex -8.499413e+01 -6.901763e-16 -6.216556e+00
     vertex -8.499853e+01 -6.781595e-16 -6.108318e+00
     vertex -8.499853e+01  2.400000e+00 -6.108318e+00
   endloop
 endfacet
 facet normal -9.977088e-01  0.000000e+00 -6.765502e-02
   outer loop
     vertex -8.498680e+01 -7.021755e-16 -6.324635e+00
     vertex -8.499413e+01  2.400000e+00 -6.216556e+00
     vertex -8.498680e+01  2.400000e+00 -6.324635e+00
   endloop
 endfacet
 facet normal -9.977088e-01  0.000000e+00 -6.765502e-02
   outer loop
     vertex -8.498680e+01 -7.021755e-16 -6.324635e+00
     vertex -8.499413e+01 -6.901763e-16 -6.216556e+00
     vertex -8.499413e+01  2.400000e+00 -6.216556e+00
   endloop
 endfacet
 facet normal -9.955108e-01  0.000000e+00 -9.464755e-02
   outer loop
     vertex -8.497655e+01 -7.141483e-16 -6.432476e+00
     vertex -8.498680e+01  2.400000e+00 -6.324635e+00
     vertex -8.497655e+01  2.400000e+00 -6.432476e+00
   endloop
 endfacet
 facet normal -9.955108e-01  0.000000e+00 -9.464755e-02
   outer loop
     vertex -8.497655e+01 -7.141483e-16 -6.432476e+00
     vertex -8.498680e+01 -7.021755e-16 -6.324635e+00
     vertex -8.498680e+01  2.400000e+00 -6.324635e+00
   endloop
 endfacet
 facet normal -9.925828e-01  0.000000e+00 -1.215707e-01
   outer loop
     vertex -8.496338e+01 -7.260859e-16 -6.540000e+00
     vertex -8.497655e+01  2.400000e+00 -6.432476e+00
     vertex -8.496338e+01  2.400000e+00 -6.540000e+00
   endloop
 endfacet
 facet normal -9.925828e-01  0.000000e+00 -1.215707e-01
   outer loop
     vertex -8.496338e+01 -7.260859e-16 -6.540000e+00
     vertex -8.497655e+01 -7.141483e-16 -6.432476e+00
     vertex -8.497655e+01  2.400000e+00 -6.432476e+00
   endloop
 endfacet
 facet normal -9.889267e-01  0.000000e+00 -1.484046e-01
   outer loop
     vertex -8.494731e+01 -7.379795e-16 -6.647128e+00
     vertex -8.496338e+01  2.400000e+00 -6.540000e+00
     vertex -8.494731e+01  2.400000e+00 -6.647128e+00
   endloop
 endfacet
 facet normal -9.889267e-01  0.000000e+00 -1.484046e-01
   outer loop
     vertex -8.494731e+01 -7.379795e-16 -6.647128e+00
     vertex -8.496338e+01 -7.260859e-16 -6.540000e+00
     vertex -8.496338e+01  2.400000e+00 -6.540000e+00
   endloop
 endfacet
 facet normal -9.845454e-01  0.000000e+00 -1.751297e-01
   outer loop
     vertex -8.492833e+01 -7.498203e-16 -6.753781e+00
     vertex -8.494731e+01  2.400000e+00 -6.647128e+00
     vertex -8.492833e+01  2.400000e+00 -6.753781e+00
   endloop
 endfacet
 facet normal -9.794419e-01  0.000000e+00 -2.017264e-01
   outer loop
     vertex -8.492833e+01 -7.498203e-16 -6.753781e+00
     vertex -8.492833e+01  2.400000e+00 -6.753781e+00
     vertex -8.490648e+01  2.400000e+00 -6.859882e+00
   endloop
 endfacet
 facet normal -9.845454e-01  0.000000e+00 -1.751297e-01
   outer loop
     vertex -8.492833e+01 -7.498203e-16 -6.753781e+00
     vertex -8.494731e+01 -7.379795e-16 -6.647128e+00
     vertex -8.494731e+01  2.400000e+00 -6.647128e+00
   endloop
 endfacet
 facet normal -9.794419e-01  0.000000e+00 -2.017264e-01
   outer loop
     vertex -8.490648e+01 -7.615999e-16 -6.859882e+00
     vertex -8.492833e+01 -7.498203e-16 -6.753781e+00
     vertex -8.490648e+01  2.400000e+00 -6.859882e+00
   endloop
 endfacet
 facet normal -9.736201e-01  0.000000e+00 -2.281751e-01
   outer loop
     vertex -8.488176e+01 -7.733094e-16 -6.965352e+00
     vertex -8.490648e+01  2.400000e+00 -6.859882e+00
     vertex -8.488176e+01  2.400000e+00 -6.965352e+00
   endloop
 endfacet
 facet normal -9.736201e-01  0.000000e+00 -2.281751e-01
   outer loop
     vertex -8.488176e+01 -7.733094e-16 -6.965352e+00
     vertex -8.490648e+01 -7.615999e-16 -6.859882e+00
     vertex -8.490648e+01  2.400000e+00 -6.859882e+00
   endloop
 endfacet
 facet normal -9.670842e-01  0.000000e+00 -2.544564e-01
   outer loop
     vertex -8.485420e+01 -7.849403e-16 -7.070113e+00
     vertex -8.488176e+01  2.400000e+00 -6.965352e+00
     vertex -8.485420e+01  2.400000e+00 -7.070113e+00
   endloop
 endfacet
 facet normal -9.670842e-01  0.000000e+00 -2.544564e-01
   outer loop
     vertex -8.485420e+01 -7.849403e-16 -7.070113e+00
     vertex -8.488176e+01 -7.733094e-16 -6.965352e+00
     vertex -8.488176e+01  2.400000e+00 -6.965352e+00
   endloop
 endfacet
 facet normal -9.598391e-01  0.000000e+00 -2.805512e-01
   outer loop
     vertex -8.482381e+01 -7.964840e-16 -7.174090e+00
     vertex -8.485420e+01  2.400000e+00 -7.070113e+00
     vertex -8.482381e+01  2.400000e+00 -7.174090e+00
   endloop
 endfacet
 facet normal -9.518899e-01  0.000000e+00 -3.064401e-01
   outer loop
     vertex -8.482381e+01 -7.964840e-16 -7.174090e+00
     vertex -8.482381e+01  2.400000e+00 -7.174090e+00
     vertex -8.479061e+01  2.400000e+00 -7.277206e+00
   endloop
 endfacet
 facet normal -9.598391e-01  0.000000e+00 -2.805512e-01
   outer loop
     vertex -8.482381e+01 -7.964840e-16 -7.174090e+00
     vertex -8.485420e+01 -7.849403e-16 -7.070113e+00
     vertex -8.485420e+01  2.400000e+00 -7.070113e+00
   endloop
 endfacet
 facet normal -9.518899e-01  0.000000e+00 -3.064401e-01
   outer loop
     vertex -8.479061e+01 -8.079322e-16 -7.277206e+00
     vertex -8.482381e+01 -7.964840e-16 -7.174090e+00
     vertex -8.479061e+01  2.400000e+00 -7.277206e+00
   endloop
 endfacet
 facet normal -9.432426e-01  0.000000e+00 -3.321044e-01
   outer loop
     vertex -8.475464e+01 -8.192763e-16 -7.379385e+00
     vertex -8.479061e+01  2.400000e+00 -7.277206e+00
     vertex -8.475464e+01  2.400000e+00 -7.379385e+00
   endloop
 endfacet
 facet normal -9.432426e-01  0.000000e+00 -3.321044e-01
   outer loop
     vertex -8.475464e+01 -8.192763e-16 -7.379385e+00
     vertex -8.479061e+01 -8.079322e-16 -7.277206e+00
     vertex -8.479061e+01  2.400000e+00 -7.277206e+00
   endloop
 endfacet
 facet normal -9.339036e-01  0.000000e+00 -3.575250e-01
   outer loop
     vertex -8.471591e+01 -8.305082e-16 -7.480553e+00
     vertex -8.475464e+01  2.400000e+00 -7.379385e+00
     vertex -8.471591e+01  2.400000e+00 -7.480553e+00
   endloop
 endfacet
 facet normal -9.238795e-01  0.000000e+00 -3.826834e-01
   outer loop
     vertex -8.471591e+01 -8.305082e-16 -7.480553e+00
     vertex -8.471591e+01  2.400000e+00 -7.480553e+00
     vertex -8.467445e+01  2.400000e+00 -7.580634e+00
   endloop
 endfacet
 facet normal -9.339036e-01  0.000000e+00 -3.575250e-01
   outer loop
     vertex -8.471591e+01 -8.305082e-16 -7.480553e+00
     vertex -8.475464e+01 -8.192763e-16 -7.379385e+00
     vertex -8.475464e+01  2.400000e+00 -7.379385e+00
   endloop
 endfacet
 facet normal -9.131779e-01  0.000000e+00 -4.075612e-01
   outer loop
     vertex -8.467445e+01 -8.416195e-16 -7.580634e+00
     vertex -8.467445e+01  2.400000e+00 -7.580634e+00
     vertex -8.463030e+01  2.400000e+00 -7.679556e+00
   endloop
 endfacet
 facet normal -9.238795e-01  0.000000e+00 -3.826834e-01
   outer loop
     vertex -8.467445e+01 -8.416195e-16 -7.580634e+00
     vertex -8.471591e+01 -8.305082e-16 -7.480553e+00
     vertex -8.467445e+01  2.400000e+00 -7.580634e+00
   endloop
 endfacet
 facet normal -9.018065e-01  0.000000e+00 -4.321400e-01
   outer loop
     vertex -8.463030e+01 -8.526020e-16 -7.679556e+00
     vertex -8.463030e+01  2.400000e+00 -7.679556e+00
     vertex -8.458349e+01  2.400000e+00 -7.777247e+00
   endloop
 endfacet
 facet normal -9.131779e-01  0.000000e+00 -4.075612e-01
   outer loop
     vertex -8.463030e+01 -8.526020e-16 -7.679556e+00
     vertex -8.467445e+01 -8.416195e-16 -7.580634e+00
     vertex -8.463030e+01  2.400000e+00 -7.679556e+00
   endloop
 endfacet
 facet normal -9.018065e-01  0.000000e+00 -4.321400e-01
   outer loop
     vertex -8.458349e+01 -8.634478e-16 -7.777247e+00
     vertex -8.463030e+01 -8.526020e-16 -7.679556e+00
     vertex -8.458349e+01  2.400000e+00 -7.777247e+00
   endloop
 endfacet
 facet normal -8.897737e-01  0.000000e+00 -4.564019e-01
   outer loop
     vertex -8.453405e+01 -8.741489e-16 -7.873634e+00
     vertex -8.458349e+01  2.400000e+00 -7.777247e+00
     vertex -8.453405e+01  2.400000e+00 -7.873634e+00
   endloop
 endfacet
 facet normal -8.897737e-01  0.000000e+00 -4.564019e-01
   outer loop
     vertex -8.453405e+01 -8.741489e-16 -7.873634e+00
     vertex -8.458349e+01 -8.634478e-16 -7.777247e+00
     vertex -8.458349e+01  2.400000e+00 -7.777247e+00
   endloop
 endfacet
 facet normal -8.770884e-01  0.000000e+00 -4.803291e-01
   outer loop
     vertex -8.448202e+01 -8.846975e-16 -7.968647e+00
     vertex -8.453405e+01  2.400000e+00 -7.873634e+00
     vertex -8.448202e+01  2.400000e+00 -7.968647e+00
   endloop
 endfacet
 facet normal -8.637597e-01  0.000000e+00 -5.039039e-01
   outer loop
     vertex -8.448202e+01 -8.846975e-16 -7.968647e+00
     vertex -8.448202e+01  2.400000e+00 -7.968647e+00
     vertex -8.442743e+01  2.400000e+00 -8.062215e+00
   endloop
 endfacet
 facet normal -8.770884e-01  0.000000e+00 -4.803291e-01
   outer loop
     vertex -8.448202e+01 -8.846975e-16 -7.968647e+00
     vertex -8.453405e+01 -8.741489e-16 -7.873634e+00
     vertex -8.453405e+01  2.400000e+00 -7.873634e+00
   endloop
 endfacet
 facet normal -8.637597e-01  0.000000e+00 -5.039039e-01
   outer loop
     vertex -8.442743e+01 -8.950857e-16 -8.062215e+00
     vertex -8.448202e+01 -8.846975e-16 -7.968647e+00
     vertex -8.442743e+01  2.400000e+00 -8.062215e+00
   endloop
 endfacet
 facet normal -8.497975e-01  0.000000e+00 -5.271092e-01
   outer loop
     vertex -8.437033e+01 -9.053060e-16 -8.154272e+00
     vertex -8.442743e+01 -8.950857e-16 -8.062215e+00
     vertex -8.442743e+01  2.400000e+00 -8.062215e+00
   endloop
 endfacet
 facet normal -8.497975e-01  0.000000e+00 -5.271092e-01
   outer loop
     vertex -8.437033e+01 -9.053060e-16 -8.154272e+00
     vertex -8.442743e+01  2.400000e+00 -8.062215e+00
     vertex -8.437033e+01  2.400000e+00 -8.154272e+00
   endloop
 endfacet
 facet normal -8.352121e-01  0.000000e+00 -5.499279e-01
   outer loop
     vertex -8.431076e+01 -9.153509e-16 -8.244748e+00
     vertex -8.437033e+01 -9.053060e-16 -8.154272e+00
     vertex -8.437033e+01  2.400000e+00 -8.154272e+00
   endloop
 endfacet
 facet normal -8.352121e-01  0.000000e+00 -5.499279e-01
   outer loop
     vertex -8.431076e+01 -9.153509e-16 -8.244748e+00
     vertex -8.437033e+01  2.400000e+00 -8.154272e+00
     vertex -8.431076e+01  2.400000e+00 -8.244748e+00
   endloop
 endfacet
 facet normal -8.200141e-01  0.000000e+00 -5.723433e-01
   outer loop
     vertex -8.431076e+01 -9.153509e-16 -8.244748e+00
     vertex -8.431076e+01  2.400000e+00 -8.244748e+00
     vertex -8.424876e+01  2.400000e+00 -8.333578e+00
   endloop
 endfacet
 facet normal -8.200141e-01  0.000000e+00 -5.723433e-01
   outer loop
     vertex -8.424876e+01 -9.252131e-16 -8.333578e+00
     vertex -8.431076e+01 -9.153509e-16 -8.244748e+00
     vertex -8.424876e+01  2.400000e+00 -8.333578e+00
   endloop
 endfacet
 facet normal -8.042147e-01  0.000000e+00 -5.943389e-01
   outer loop
     vertex -8.424876e+01 -9.252131e-16 -8.333578e+00
     vertex -8.424876e+01  2.400000e+00 -8.333578e+00
     vertex -8.418437e+01  2.400000e+00 -8.420697e+00
   endloop
 endfacet
 facet normal -8.042147e-01  0.000000e+00 -5.943389e-01
   outer loop
     vertex -8.418437e+01 -9.348852e-16 -8.420697e+00
     vertex -8.424876e+01 -9.252131e-16 -8.333578e+00
     vertex -8.418437e+01  2.400000e+00 -8.420697e+00
   endloop
 endfacet
 facet normal -7.878255e-01  0.000000e+00 -6.158986e-01
   outer loop
     vertex -8.411765e+01 -9.443601e-16 -8.506040e+00
     vertex -8.418437e+01 -9.348852e-16 -8.420697e+00
     vertex -8.418437e+01  2.400000e+00 -8.420697e+00
   endloop
 endfacet
 facet normal -7.878255e-01  0.000000e+00 -6.158986e-01
   outer loop
     vertex -8.411765e+01 -9.443601e-16 -8.506040e+00
     vertex -8.418437e+01  2.400000e+00 -8.420697e+00
     vertex -8.411765e+01  2.400000e+00 -8.506040e+00
   endloop
 endfacet
 facet normal -7.708584e-01  0.000000e+00 -6.370065e-01
   outer loop
     vertex -8.404865e+01 -9.536311e-16 -8.589545e+00
     vertex -8.411765e+01  2.400000e+00 -8.506040e+00
     vertex -8.404865e+01  2.400000e+00 -8.589545e+00
   endloop
 endfacet
 facet normal -7.708584e-01  0.000000e+00 -6.370065e-01
   outer loop
     vertex -8.404865e+01 -9.536311e-16 -8.589545e+00
     vertex -8.411765e+01 -9.443601e-16 -8.506040e+00
     vertex -8.411765e+01  2.400000e+00 -8.506040e+00
   endloop
 endfacet
 facet normal -7.533260e-01  0.000000e+00 -6.576473e-01
   outer loop
     vertex -8.397741e+01 -9.626912e-16 -8.671151e+00
     vertex -8.404865e+01  2.400000e+00 -8.589545e+00
     vertex -8.397741e+01  2.400000e+00 -8.671151e+00
   endloop
 endfacet
 facet normal -7.533260e-01  0.000000e+00 -6.576473e-01
   outer loop
     vertex -8.397741e+01 -9.626912e-16 -8.671151e+00
     vertex -8.404865e+01 -9.536311e-16 -8.589545e+00
     vertex -8.404865e+01  2.400000e+00 -8.589545e+00
   endloop
 endfacet
 facet normal -7.352410e-01  0.000000e+00 -6.778058e-01
   outer loop
     vertex -8.390398e+01 -9.715337e-16 -8.750798e+00
     vertex -8.397741e+01  2.400000e+00 -8.671151e+00
     vertex -8.390398e+01  2.400000e+00 -8.750798e+00
   endloop
 endfacet
 facet normal -7.166168e-01  0.000000e+00 -6.974671e-01
   outer loop
     vertex -8.390398e+01 -9.715337e-16 -8.750798e+00
     vertex -8.390398e+01  2.400000e+00 -8.750798e+00
     vertex -8.382843e+01  2.400000e+00 -8.828427e+00
   endloop
 endfacet
 facet normal -7.352410e-01  0.000000e+00 -6.778058e-01
   outer loop
     vertex -8.390398e+01 -9.715337e-16 -8.750798e+00
     vertex -8.397741e+01 -9.626912e-16 -8.671151e+00
     vertex -8.397741e+01  2.400000e+00 -8.671151e+00
   endloop
 endfacet
 facet normal -7.166168e-01  0.000000e+00 -6.974671e-01
   outer loop
     vertex -8.382843e+01 -9.801523e-16 -8.828427e+00
     vertex -8.390398e+01 -9.715337e-16 -8.750798e+00
     vertex -8.382843e+01  2.400000e+00 -8.828427e+00
   endloop
 endfacet
 facet normal -6.974671e-01  0.000000e+00 -7.166168e-01
   outer loop
     vertex -8.375080e+01 -9.885406e-16 -8.903982e+00
     vertex -8.382843e+01  2.400000e+00 -8.828427e+00
     vertex -8.375080e+01  2.400000e+00 -8.903982e+00
   endloop
 endfacet
 facet normal -6.974671e-01  0.000000e+00 -7.166168e-01
   outer loop
     vertex -8.375080e+01 -9.885406e-16 -8.903982e+00
     vertex -8.382843e+01 -9.801523e-16 -8.828427e+00
     vertex -8.382843e+01  2.400000e+00 -8.828427e+00
   endloop
 endfacet
 facet normal -6.778058e-01  0.000000e+00 -7.352410e-01
   outer loop
     vertex -8.367115e+01 -9.966924e-16 -8.977407e+00
     vertex -8.375080e+01  2.400000e+00 -8.903982e+00
     vertex -8.367115e+01  2.400000e+00 -8.977407e+00
   endloop
 endfacet
 facet normal -6.576473e-01  0.000000e+00 -7.533260e-01
   outer loop
     vertex -8.367115e+01 -9.966924e-16 -8.977407e+00
     vertex -8.367115e+01  2.400000e+00 -8.977407e+00
     vertex -8.358955e+01  2.400000e+00 -9.048648e+00
   endloop
 endfacet
 facet normal -6.778058e-01  0.000000e+00 -7.352410e-01
   outer loop
     vertex -8.367115e+01 -9.966924e-16 -8.977407e+00
     vertex -8.375080e+01 -9.885406e-16 -8.903982e+00
     vertex -8.375080e+01  2.400000e+00 -8.903982e+00
   endloop
 endfacet
 facet normal -6.576473e-01  0.000000e+00 -7.533260e-01
   outer loop
     vertex -8.358955e+01 -1.004602e-15 -9.048648e+00
     vertex -8.367115e+01 -9.966924e-16 -8.977407e+00
     vertex -8.358955e+01  2.400000e+00 -9.048648e+00
   endloop
 endfacet
 facet normal -6.370065e-01  0.000000e+00 -7.708584e-01
   outer loop
     vertex -8.350604e+01 -1.012263e-15 -9.117654e+00
     vertex -8.358955e+01  2.400000e+00 -9.048648e+00
     vertex -8.350604e+01  2.400000e+00 -9.117654e+00
   endloop
 endfacet
 facet normal -6.158986e-01  0.000000e+00 -7.878255e-01
   outer loop
     vertex -8.350604e+01 -1.012263e-15 -9.117654e+00
     vertex -8.350604e+01  2.400000e+00 -9.117654e+00
     vertex -8.342070e+01  2.400000e+00 -9.184372e+00
   endloop
 endfacet
 facet normal -6.370065e-01  0.000000e+00 -7.708584e-01
   outer loop
     vertex -8.350604e+01 -1.012263e-15 -9.117654e+00
     vertex -8.358955e+01 -1.004602e-15 -9.048648e+00
     vertex -8.358955e+01  2.400000e+00 -9.048648e+00
   endloop
 endfacet
 facet normal -5.943389e-01  0.000000e+00 -8.042147e-01
   outer loop
     vertex -8.342070e+01 -1.019670e-15 -9.184372e+00
     vertex -8.342070e+01  2.400000e+00 -9.184372e+00
     vertex -8.333358e+01  2.400000e+00 -9.248755e+00
   endloop
 endfacet
 facet normal -6.158986e-01  0.000000e+00 -7.878255e-01
   outer loop
     vertex -8.342070e+01 -1.019670e-15 -9.184372e+00
     vertex -8.350604e+01 -1.012263e-15 -9.117654e+00
     vertex -8.342070e+01  2.400000e+00 -9.184372e+00
   endloop
 endfacet
 facet normal -5.943389e-01  0.000000e+00 -8.042147e-01
   outer loop
     vertex -8.333358e+01 -1.026818e-15 -9.248755e+00
     vertex -8.342070e+01 -1.019670e-15 -9.184372e+00
     vertex -8.333358e+01  2.400000e+00 -9.248755e+00
   endloop
 endfacet
 facet normal -5.723433e-01  0.000000e+00 -8.200141e-01
   outer loop
     vertex -8.324475e+01 -1.033702e-15 -9.310756e+00
     vertex -8.333358e+01  2.400000e+00 -9.248755e+00
     vertex -8.324475e+01  2.400000e+00 -9.310756e+00
   endloop
 endfacet
 facet normal -5.723433e-01  0.000000e+00 -8.200141e-01
   outer loop
     vertex -8.324475e+01 -1.033702e-15 -9.310756e+00
     vertex -8.333358e+01 -1.026818e-15 -9.248755e+00
     vertex -8.333358e+01  2.400000e+00 -9.248755e+00
   endloop
 endfacet
 facet normal -5.499279e-01  0.000000e+00 -8.352121e-01
   outer loop
     vertex -8.315427e+01 -1.040315e-15 -9.370328e+00
     vertex -8.324475e+01  2.400000e+00 -9.310756e+00
     vertex -8.315427e+01  2.400000e+00 -9.370328e+00
   endloop
 endfacet
 facet normal -5.499279e-01  0.000000e+00 -8.352121e-01
   outer loop
     vertex -8.315427e+01 -1.040315e-15 -9.370328e+00
     vertex -8.324475e+01 -1.033702e-15 -9.310756e+00
     vertex -8.324475e+01  2.400000e+00 -9.310756e+00
   endloop
 endfacet
 facet normal -5.271092e-01  0.000000e+00 -8.497975e-01
   outer loop
     vertex -8.306222e+01 -1.046655e-15 -9.427429e+00
     vertex -8.315427e+01  2.400000e+00 -9.370328e+00
     vertex -8.306222e+01  2.400000e+00 -9.427429e+00
   endloop
 endfacet
 facet normal -5.271092e-01  0.000000e+00 -8.497975e-01
   outer loop
     vertex -8.306222e+01 -1.046655e-15 -9.427429e+00
     vertex -8.315427e+01 -1.040315e-15 -9.370328e+00
     vertex -8.315427e+01  2.400000e+00 -9.370328e+00
   endloop
 endfacet
 facet normal -5.039039e-01  0.000000e+00 -8.637597e-01
   outer loop
     vertex -8.296865e+01 -1.052715e-15 -9.482015e+00
     vertex -8.306222e+01  2.400000e+00 -9.427429e+00
     vertex -8.296865e+01  2.400000e+00 -9.482015e+00
   endloop
 endfacet
 facet normal -5.039039e-01  0.000000e+00 -8.637597e-01
   outer loop
     vertex -8.296865e+01 -1.052715e-15 -9.482015e+00
     vertex -8.306222e+01 -1.046655e-15 -9.427429e+00
     vertex -8.306222e+01  2.400000e+00 -9.427429e+00
   endloop
 endfacet
 facet normal -4.803291e-01  0.000000e+00 -8.770884e-01
   outer loop
     vertex -8.287363e+01 -1.058492e-15 -9.534048e+00
     vertex -8.296865e+01  2.400000e+00 -9.482015e+00
     vertex -8.287363e+01  2.400000e+00 -9.534048e+00
   endloop
 endfacet
 facet normal -4.803291e-01  0.000000e+00 -8.770884e-01
   outer loop
     vertex -8.287363e+01 -1.058492e-15 -9.534048e+00
     vertex -8.296865e+01 -1.052715e-15 -9.482015e+00
     vertex -8.296865e+01  2.400000e+00 -9.482015e+00
   endloop
 endfacet
 facet normal -4.564019e-01  0.000000e+00 -8.897737e-01
   outer loop
     vertex -8.277725e+01 -1.063981e-15 -9.583489e+00
     vertex -8.287363e+01  2.400000e+00 -9.534048e+00
     vertex -8.277725e+01  2.400000e+00 -9.583489e+00
   endloop
 endfacet
 facet normal -4.564019e-01  0.000000e+00 -8.897737e-01
   outer loop
     vertex -8.277725e+01 -1.063981e-15 -9.583489e+00
     vertex -8.287363e+01 -1.058492e-15 -9.534048e+00
     vertex -8.287363e+01  2.400000e+00 -9.534048e+00
   endloop
 endfacet
 facet normal -4.321400e-01  0.000000e+00 -9.018065e-01
   outer loop
     vertex -8.267956e+01 -1.069178e-15 -9.630302e+00
     vertex -8.277725e+01  2.400000e+00 -9.583489e+00
     vertex -8.267956e+01  2.400000e+00 -9.630302e+00
   endloop
 endfacet
 facet normal -4.321400e-01  0.000000e+00 -9.018065e-01
   outer loop
     vertex -8.267956e+01 -1.069178e-15 -9.630302e+00
     vertex -8.277725e+01 -1.063981e-15 -9.583489e+00
     vertex -8.277725e+01  2.400000e+00 -9.583489e+00
   endloop
 endfacet
 facet normal -4.075612e-01  0.000000e+00 -9.131779e-01
   outer loop
     vertex -8.258063e+01 -1.074080e-15 -9.674452e+00
     vertex -8.267956e+01  2.400000e+00 -9.630302e+00
     vertex -8.258063e+01  2.400000e+00 -9.674452e+00
   endloop
 endfacet
 facet normal -4.075612e-01  0.000000e+00 -9.131779e-01
   outer loop
     vertex -8.258063e+01 -1.074080e-15 -9.674452e+00
     vertex -8.267956e+01 -1.069178e-15 -9.630302e+00
     vertex -8.267956e+01  2.400000e+00 -9.630302e+00
   endloop
 endfacet
 facet normal -3.826834e-01  0.000000e+00 -9.238795e-01
   outer loop
     vertex -8.248055e+01 -1.078682e-15 -9.715907e+00
     vertex -8.258063e+01  2.400000e+00 -9.674452e+00
     vertex -8.248055e+01  2.400000e+00 -9.715907e+00
   endloop
 endfacet
 facet normal -3.826834e-01  0.000000e+00 -9.238795e-01
   outer loop
     vertex -8.248055e+01 -1.078682e-15 -9.715907e+00
     vertex -8.258063e+01 -1.074080e-15 -9.674452e+00
     vertex -8.258063e+01  2.400000e+00 -9.674452e+00
   endloop
 endfacet
 facet normal -3.575250e-01  0.000000e+00 -9.339036e-01
   outer loop
     vertex -8.237939e+01 -1.082982e-15 -9.754637e+00
     vertex -8.248055e+01  2.400000e+00 -9.715907e+00
     vertex -8.237939e+01  2.400000e+00 -9.754637e+00
   endloop
 endfacet
 facet normal -3.575250e-01  0.000000e+00 -9.339036e-01
   outer loop
     vertex -8.237939e+01 -1.082982e-15 -9.754637e+00
     vertex -8.248055e+01 -1.078682e-15 -9.715907e+00
     vertex -8.248055e+01  2.400000e+00 -9.715907e+00
   endloop
 endfacet
 facet normal -3.321044e-01  0.000000e+00 -9.432426e-01
   outer loop
     vertex -8.227721e+01 -1.086976e-15 -9.790613e+00
     vertex -8.237939e+01 -1.082982e-15 -9.754637e+00
     vertex -8.237939e+01  2.400000e+00 -9.754637e+00
   endloop
 endfacet
 facet normal -3.321044e-01  0.000000e+00 -9.432426e-01
   outer loop
     vertex -8.227721e+01 -1.086976e-15 -9.790613e+00
     vertex -8.237939e+01  2.400000e+00 -9.754637e+00
     vertex -8.227721e+01  2.400000e+00 -9.790613e+00
   endloop
 endfacet
 facet normal -3.064401e-01  0.000000e+00 -9.518899e-01
   outer loop
     vertex -8.217409e+01 -1.090662e-15 -9.823809e+00
     vertex -8.227721e+01 -1.086976e-15 -9.790613e+00
     vertex -8.227721e+01  2.400000e+00 -9.790613e+00
   endloop
 endfacet
 facet normal -3.064401e-01  0.000000e+00 -9.518899e-01
   outer loop
     vertex -8.217409e+01 -1.090662e-15 -9.823809e+00
     vertex -8.227721e+01  2.400000e+00 -9.790613e+00
     vertex -8.217409e+01  2.400000e+00 -9.823809e+00
   endloop
 endfacet
 facet normal -2.805512e-01  0.000000e+00 -9.598391e-01
   outer loop
     vertex -8.207011e+01 -1.094036e-15 -9.854200e+00
     vertex -8.217409e+01 -1.090662e-15 -9.823809e+00
     vertex -8.217409e+01  2.400000e+00 -9.823809e+00
   endloop
 endfacet
 facet normal -2.805512e-01  0.000000e+00 -9.598391e-01
   outer loop
     vertex -8.207011e+01 -1.094036e-15 -9.854200e+00
     vertex -8.217409e+01  2.400000e+00 -9.823809e+00
     vertex -8.207011e+01  2.400000e+00 -9.854200e+00
   endloop
 endfacet
 facet normal -2.544564e-01  0.000000e+00 -9.670842e-01
   outer loop
     vertex -8.196535e+01 -1.097096e-15 -9.881765e+00
     vertex -8.207011e+01 -1.094036e-15 -9.854200e+00
     vertex -8.207011e+01  2.400000e+00 -9.854200e+00
   endloop
 endfacet
 facet normal -2.544564e-01  0.000000e+00 -9.670842e-01
   outer loop
     vertex -8.196535e+01 -1.097096e-15 -9.881765e+00
     vertex -8.207011e+01  2.400000e+00 -9.854200e+00
     vertex -8.196535e+01  2.400000e+00 -9.881765e+00
   endloop
 endfacet
 facet normal -2.281751e-01  0.000000e+00 -9.736201e-01
   outer loop
     vertex -8.185988e+01 -1.099840e-15 -9.906482e+00
     vertex -8.196535e+01 -1.097096e-15 -9.881765e+00
     vertex -8.196535e+01  2.400000e+00 -9.881765e+00
   endloop
 endfacet
 facet normal -2.281751e-01  0.000000e+00 -9.736201e-01
   outer loop
     vertex -8.185988e+01 -1.099840e-15 -9.906482e+00
     vertex -8.196535e+01  2.400000e+00 -9.881765e+00
     vertex -8.185988e+01  2.400000e+00 -9.906482e+00
   endloop
 endfacet
 facet normal -2.017264e-01  0.000000e+00 -9.794419e-01
   outer loop
     vertex -8.175378e+01 -1.102267e-15 -9.928335e+00
     vertex -8.185988e+01 -1.099840e-15 -9.906482e+00
     vertex -8.185988e+01  2.400000e+00 -9.906482e+00
   endloop
 endfacet
 facet normal -2.017264e-01  0.000000e+00 -9.794419e-01
   outer loop
     vertex -8.175378e+01 -1.102267e-15 -9.928335e+00
     vertex -8.185988e+01  2.400000e+00 -9.906482e+00
     vertex -8.175378e+01  2.400000e+00 -9.928335e+00
   endloop
 endfacet
 facet normal -1.751297e-01  0.000000e+00 -9.845454e-01
   outer loop
     vertex -8.175378e+01 -1.102267e-15 -9.928335e+00
     vertex -8.175378e+01  2.400000e+00 -9.928335e+00
     vertex -8.164713e+01  2.400000e+00 -9.947306e+00
   endloop
 endfacet
 facet normal -1.751297e-01  0.000000e+00 -9.845454e-01
   outer loop
     vertex -8.164713e+01 -1.104373e-15 -9.947306e+00
     vertex -8.175378e+01 -1.102267e-15 -9.928335e+00
     vertex -8.164713e+01  2.400000e+00 -9.947306e+00
   endloop
 endfacet
 facet normal -1.484046e-01  0.000000e+00 -9.889267e-01
   outer loop
     vertex -8.164713e+01 -1.104373e-15 -9.947306e+00
     vertex -8.164713e+01  2.400000e+00 -9.947306e+00
     vertex -8.154000e+01  2.400000e+00 -9.963382e+00
   endloop
 endfacet
 facet normal -1.484046e-01  0.000000e+00 -9.889267e-01
   outer loop
     vertex -8.154000e+01 -1.106158e-15 -9.963382e+00
     vertex -8.164713e+01 -1.104373e-15 -9.947306e+00
     vertex -8.154000e+01  2.400000e+00 -9.963382e+00
   endloop
 endfacet
 facet normal -1.215707e-01  0.000000e+00 -9.925828e-01
   outer loop
     vertex -8.143248e+01 -1.107620e-15 -9.976552e+00
     vertex -8.154000e+01 -1.106158e-15 -9.963382e+00
     vertex -8.154000e+01  2.400000e+00 -9.963382e+00
   endloop
 endfacet
 facet normal -1.215707e-01  0.000000e+00 -9.925828e-01
   outer loop
     vertex -8.143248e+01 -1.107620e-15 -9.976552e+00
     vertex -8.154000e+01  2.400000e+00 -9.963382e+00
     vertex -8.143248e+01  2.400000e+00 -9.976552e+00
   endloop
 endfacet
 facet normal -9.464755e-02  0.000000e+00 -9.955108e-01
   outer loop
     vertex -8.132463e+01 -1.108758e-15 -9.986805e+00
     vertex -8.143248e+01 -1.107620e-15 -9.976552e+00
     vertex -8.143248e+01  2.400000e+00 -9.976552e+00
   endloop
 endfacet
 facet normal -9.464755e-02  0.000000e+00 -9.955108e-01
   outer loop
     vertex -8.132463e+01 -1.108758e-15 -9.986805e+00
     vertex -8.143248e+01  2.400000e+00 -9.976552e+00
     vertex -8.132463e+01  2.400000e+00 -9.986805e+00
   endloop
 endfacet
 facet normal -6.765502e-02  0.000000e+00 -9.977088e-01
   outer loop
     vertex -8.121656e+01 -1.109572e-15 -9.994134e+00
     vertex -8.132463e+01 -1.108758e-15 -9.986805e+00
     vertex -8.132463e+01  2.400000e+00 -9.986805e+00
   endloop
 endfacet
 facet normal -6.765502e-02  0.000000e+00 -9.977088e-01
   outer loop
     vertex -8.121656e+01 -1.109572e-15 -9.994134e+00
     vertex -8.132463e+01  2.400000e+00 -9.986805e+00
     vertex -8.121656e+01  2.400000e+00 -9.994134e+00
   endloop
 endfacet
 facet normal -4.061287e-02  0.000000e+00 -9.991750e-01
   outer loop
     vertex -8.110832e+01 -1.110060e-15 -9.998533e+00
     vertex -8.121656e+01 -1.109572e-15 -9.994134e+00
     vertex -8.121656e+01  2.400000e+00 -9.994134e+00
   endloop
 endfacet
 facet normal -4.061287e-02  0.000000e+00 -9.991750e-01
   outer loop
     vertex -8.110832e+01 -1.110060e-15 -9.998533e+00
     vertex -8.121656e+01  2.400000e+00 -9.994134e+00
     vertex -8.110832e+01  2.400000e+00 -9.998533e+00
   endloop
 endfacet
 facet normal -1.354093e-02  0.000000e+00 -9.999083e-01
   outer loop
     vertex -8.100000e+01 -1.110223e-15 -1.000000e+01
     vertex -8.110832e+01 -1.110060e-15 -9.998533e+00
     vertex -8.110832e+01  2.400000e+00 -9.998533e+00
   endloop
 endfacet
 facet normal -1.354093e-02  7.400808e-16 -9.999083e-01
   outer loop
     vertex -8.100000e+01 -1.110223e-15 -1.000000e+01
     vertex -8.110832e+01  2.400000e+00 -9.998533e+00
     vertex -8.100000e+01  2.400000e+00 -1.000000e+01
   endloop
 endfacet
 facet normal  9.691929e-18  7.071068e-01 -7.071068e-01
   outer loop
     vertex  8.100000e+01  3.000000e+00 -9.400000e+00
     vertex -8.100000e+01  2.400000e+00 -1.000000e+01
     vertex -8.100000e+01  3.000000e+00 -9.400000e+00
   endloop
 endfacet
 facet normal  3.634473e-18  7.071068e-01 -7.071068e-01
   outer loop
     vertex  8.100000e+01  3.000000e+00 -9.400000e+00
     vertex  8.100000e+01  2.400000e+00 -1.000000e+01
     vertex -8.100000e+01  2.400000e+00 -1.000000e+01
   endloop
 endfacet
 facet normal  0.000000e+00 -1.000000e+00  1.110223e-16
   outer loop
     vertex -8.367115e+01 -9.966924e-16 -8.977407e+00
     vertex -8.382843e+01 -9.801523e-16 -8.828427e+00
     vertex -8.375080e+01 -9.885406e-16 -8.903982e+00
   endloop
 endfacet
 facet normal  0.000000e+00 -1.000000e+00  1.110223e-16
   outer loop
     vertex -8.350604e+01 -1.012263e-15 -9.117654e+00
     vertex -8.390398e+01 -9.715337e-16 -8.750798e+00
     vertex -8.382843e+01 -9.801523e-16 -8.828427e+00
   endloop
 endfacet
 facet normal  0.000000e+00 -1.000000e+00  1.110223e-16
   outer loop
     vertex -8.350604e+01 -1.012263e-15 -9.117654e+00
     vertex -8.367115e+01 -9.966924e-16 -8.977407e+00
     vertex -8.358955e+01 -1.004602e-15 -9.048648e+00
   endloop
 endfacet
 facet normal  0.000000e+00 -1.000000e+00  1.110223e-16
   outer loop
     vertex -8.350604e+01 -1.012263e-15 -9.117654e+00
     vertex -8.382843e+01 -9.801523e-16 -8.828427e+00
     vertex -8.367115e+01 -9.966924e-16 -8.977407e+00
   endloop
 endfacet
 facet normal  0.000000e+00 -1.000000e+00  1.110223e-16
   outer loop
     vertex -8.411765e+01 -9.443601e-16 -8.506040e+00
     vertex -8.404865e+01 -9.536311e-16 -8.589545e+00
     vertex -8.397741e+01 -9.626912e-16 -8.671151e+00
   endloop
 endfacet
 facet normal  0.000000e+00 -1.000000e+00  1.110223e-16
   outer loop
     vertex -8.411765e+01 -9.443601e-16 -8.506040e+00
     vertex -8.397741e+01 -9.626912e-16 -8.671151e+00
     vertex -8.390398e+01 -9.715337e-16 -8.750798e+00
   endloop
 endfacet
 facet normal  0.000000e+00 -1.000000e+00  1.110223e-16
   outer loop
     vertex -8.342070e+01 -1.019670e-15 -9.184372e+00
     vertex -8.411765e+01 -9.443601e-16 -8.506040e+00
     vertex -8.390398e+01 -9.715337e-16 -8.750798e+00
   endloop
 endfacet
 facet normal  0.000000e+00 -1.000000e+00  1.110223e-16
   outer loop
     vertex -8.342070e+01 -1.019670e-15 -9.184372e+00
     vertex -8.390398e+01 -9.715337e-16 -8.750798e+00
     vertex -8.350604e+01 -1.012263e-15 -9.117654e+00
   endloop
 endfacet
 facet normal  0.000000e+00 -1.000000e+00  1.110223e-16
   outer loop
     vertex -8.424876e+01 -9.252131e-16 -8.333578e+00
     vertex -8.418437e+01 -9.348852e-16 -8.420697e+00
     vertex -8.411765e+01 -9.443601e-16 -8.506040e+00
   endloop
 endfacet
 facet normal  0.000000e+00 -1.000000e+00  1.110223e-16
   outer loop
     vertex -8.324475e+01 -1.033702e-15 -9.310756e+00
     vertex -8.342070e+01 -1.019670e-15 -9.184372e+00
     vertex -8.333358e+01 -1.026818e-15 -9.248755e+00
   endloop
 endfacet
 facet normal  0.000000e+00 -1.000000e+00  1.110223e-16
   outer loop
     vertex -8.315427e+01 -1.040315e-15 -9.370328e+00
     vertex -8.342070e+01 -1.019670e-15 -9.184372e+00
     vertex -8.324475e+01 -1.033702e-15 -9.310756e+00
   endloop
 endfacet
 facet normal  0.000000e+00 -1.000000e+00  1.110223e-16
   outer loop
     vertex -8.437033e+01 -9.053060e-16 -8.154272e+00
     vertex -8.424876e+01 -9.252131e-16 -8.333578e+00
     vertex -8.411765e+01 -9.443601e-16 -8.506040e+00
   endloop
 endfacet
 facet normal  0.000000e+00 -1.000000e+00  1.110223e-16
   outer loop
     vertex -8.437033e+01 -9.053060e-16 -8.154272e+00
     vertex -8.431076e+01 -9.153509e-16 -8.244748e+00
     vertex -8.424876e+01 -9.252131e-16 -8.333578e+00
   endloop
 endfacet
 facet normal  0.000000e+00 -1.000000e+00  1.110223e-16
   outer loop
     vertex -8.442743e+01 -8.950857e-16 -8.062215e+00
     vertex -8.437033e+01 -9.053060e-16 -8.154272e+00
     vertex -8.411765e+01 -9.443601e-16 -8.506040e+00
   endloop
 endfacet
 facet normal  0.000000e+00 -1.000000e+00  1.110223e-16
   outer loop
     vertex -8.296865e+01 -1.052715e-15 -9.482015e+00
     vertex -8.315427e+01 -1.040315e-15 -9.370328e+00
     vertex -8.306222e+01 -1.046655e-15 -9.427429e+00
   endloop
 endfacet
 facet normal  0.000000e+00 -1.000000e+00  1.110223e-16
   outer loop
     vertex -8.296865e+01 -1.052715e-15 -9.482015e+00
     vertex -8.342070e+01 -1.019670e-15 -9.184372e+00
     vertex -8.315427e+01 -1.040315e-15 -9.370328e+00
   endloop
 endfacet
 facet normal  0.000000e+00 -1.000000e+00  1.110223e-16
   outer loop
     vertex -8.453405e+01 -8.741489e-16 -7.873634e+00
     vertex -8.448202e+01 -8.846975e-16 -7.968647e+00
     vertex -8.442743e+01 -8.950857e-16 -8.062215e+00
   endloop
 endfacet
 facet normal  0.000000e+00 -1.000000e+00  1.110223e-16
   outer loop
     vertex -8.458349e+01 -8.634478e-16 -7.777247e+00
     vertex -8.453405e+01 -8.741489e-16 -7.873634e+00
     vertex -8.442743e+01 -8.950857e-16 -8.062215e+00
   endloop
 endfacet
 facet normal  0.000000e+00 -1.000000e+00  1.110223e-16
   outer loop
     vertex -8.463030e+01 -8.526020e-16 -7.679556e+00
     vertex -8.458349e+01 -8.634478e-16 -7.777247e+00
     vertex -8.442743e+01 -8.950857e-16 -8.062215e+00
   endloop
 endfacet
 facet normal  0.000000e+00 -1.000000e+00  1.110223e-16
   outer loop
     vertex -8.258063e+01 -1.074080e-15 -9.674452e+00
     vertex -8.296865e+01 -1.052715e-15 -9.482015e+00
     vertex -8.287363e+01 -1.058492e-15 -9.534048e+00
   endloop
 endfacet
 facet normal  0.000000e+00 -1.000000e+00  1.110223e-16
   outer loop
     vertex -8.258063e+01 -1.074080e-15 -9.674452e+00
     vertex -8.287363e+01 -1.058492e-15 -9.534048e+00
     vertex -8.277725e+01 -1.063981e-15 -9.583489e+00
   endloop
 endfacet
 facet normal  0.000000e+00 -1.000000e+00  1.110223e-16
   outer loop
     vertex -8.258063e+01 -1.074080e-15 -9.674452e+00
     vertex -8.277725e+01 -1.063981e-15 -9.583489e+00
     vertex -8.267956e+01 -1.069178e-15 -9.630302e+00
   endloop
 endfacet
 facet normal  0.000000e+00 -1.000000e+00  1.110223e-16
   outer loop
     vertex -8.471591e+01 -8.305082e-16 -7.480553e+00
     vertex -8.467445e+01 -8.416195e-16 -7.580634e+00
     vertex -8.463030e+01 -8.526020e-16 -7.679556e+00
   endloop
 endfacet
 facet normal  0.000000e+00 -1.000000e+00  1.110223e-16
   outer loop
     vertex -8.248055e+01 -1.078682e-15 -9.715907e+00
     vertex -8.342070e+01 -1.019670e-15 -9.184372e+00
     vertex -8.296865e+01 -1.052715e-15 -9.482015e+00
   endloop
 endfacet
 facet normal  0.000000e+00 -1.000000e+00  1.110223e-16
   outer loop
     vertex -8.248055e+01 -1.078682e-15 -9.715907e+00
     vertex -8.296865e+01 -1.052715e-15 -9.482015e+00
     vertex -8.258063e+01 -1.074080e-15 -9.674452e+00
   endloop
 endfacet
 facet normal  0.000000e+00 -1.000000e+00  1.110223e-16
   outer loop
     vertex -8.227721e+01 -1.086976e-15 -9.790613e+00
     vertex -8.248055e+01 -1.078682e-15 -9.715907e+00
     vertex -8.237939e+01 -1.082982e-15 -9.754637e+00
   endloop
 endfacet
 facet normal  0.000000e+00 -1.000000e+00  1.110223e-16
   outer loop
     vertex -8.479061e+01 -8.079322e-16 -7.277206e+00
     vertex -8.442743e+01 -8.950857e-16 -8.062215e+00
     vertex -8.411765e+01 -9.443601e-16 -8.506040e+00
   endloop
 endfacet
 facet normal  0.000000e+00 -1.000000e+00  1.110223e-16
   outer loop
     vertex -8.479061e+01 -8.079322e-16 -7.277206e+00
     vertex -8.463030e+01 -8.526020e-16 -7.679556e+00
     vertex -8.442743e+01 -8.950857e-16 -8.062215e+00
   endloop
 endfacet
 facet normal  0.000000e+00 -1.000000e+00  1.110223e-16
   outer loop
     vertex -8.479061e+01 -8.079322e-16 -7.277206e+00
     vertex -8.475464e+01 -8.192763e-16 -7.379385e+00
     vertex -8.471591e+01 -8.305082e-16 -7.480553e+00
   endloop
 endfacet
 facet normal  0.000000e+00 -1.000000e+00  1.110223e-16
   outer loop
     vertex -8.479061e+01 -8.079322e-16 -7.277206e+00
     vertex -8.471591e+01 -8.305082e-16 -7.480553e+00
     vertex -8.463030e+01 -8.526020e-16 -7.679556e+00
   endloop
 endfacet
 facet normal  0.000000e+00 -1.000000e+00  1.110223e-16
   outer loop
     vertex -8.207011e+01 -1.094036e-15 -9.854200e+00
     vertex -8.227721e+01 -1.086976e-15 -9.790613e+00
     vertex -8.217409e+01 -1.090662e-15 -9.823809e+00
   endloop
 endfacet
 facet normal  0.000000e+00 -1.000000e+00  1.110223e-16
   outer loop
     vertex -8.207011e+01 -1.094036e-15 -9.854200e+00
     vertex -8.248055e+01 -1.078682e-15 -9.715907e+00
     vertex -8.227721e+01 -1.086976e-15 -9.790613e+00
   endloop
 endfacet
 facet normal  0.000000e+00 -1.000000e+00  1.110223e-16
   outer loop
     vertex -8.196535e+01 -1.097096e-15 -9.881765e+00
     vertex -8.248055e+01 -1.078682e-15 -9.715907e+00
     vertex -8.207011e+01 -1.094036e-15 -9.854200e+00
   endloop
 endfacet
 facet normal  0.000000e+00 -1.000000e+00  1.110223e-16
   outer loop
     vertex -8.185988e+01 -1.099840e-15 -9.906482e+00
     vertex -8.248055e+01 -1.078682e-15 -9.715907e+00
     vertex -8.196535e+01 -1.097096e-15 -9.881765e+00
   endloop
 endfacet
 facet normal  0.000000e+00 -1.000000e+00  1.110223e-16
   outer loop
     vertex -8.185988e+01 -1.099840e-15 -9.906482e+00
     vertex -8.411765e+01 -9.443601e-16 -8.506040e+00
     vertex -8.342070e+01 -1.019670e-15 -9.184372e+00
   endloop
 endfacet
 facet normal  0.000000e+00 -1.000000e+00  1.110223e-16
   outer loop
     vertex -8.185988e+01 -1.099840e-15 -9.906482e+00
     vertex -8.342070e+01 -1.019670e-15 -9.184372e+00
     vertex -8.248055e+01 -1.078682e-15 -9.715907e+00
   endloop
 endfacet
 facet normal  0.000000e+00 -1.000000e+00  1.110223e-16
   outer loop
     vertex -8.490648e+01 -7.615999e-16 -6.859882e+00
     vertex -8.488176e+01 -7.733094e-16 -6.965352e+00
     vertex -8.485420e+01 -7.849403e-16 -7.070113e+00
   endloop
 endfacet
 facet normal  0.000000e+00 -1.000000e+00  1.110223e-16
   outer loop
     vertex -8.490648e+01 -7.615999e-16 -6.859882e+00
     vertex -8.485420e+01 -7.849403e-16 -7.070113e+00
     vertex -8.482381e+01 -7.964840e-16 -7.174090e+00
   endloop
 endfacet
 facet normal  0.000000e+00 -1.000000e+00  1.110223e-16
   outer loop
     vertex -8.490648e+01 -7.615999e-16 -6.859882e+00
     vertex -8.482381e+01 -7.964840e-16 -7.174090e+00
     vertex -8.479061e+01 -8.079322e-16 -7.277206e+00
   endloop
 endfacet
 facet normal  0.000000e+00 -1.000000e+00  1.110223e-16
   outer loop
     vertex -8.494731e+01 -7.379795e-16 -6.647128e+00
     vertex -8.492833e+01 -7.498203e-16 -6.753781e+00
     vertex -8.490648e+01 -7.615999e-16 -6.859882e+00
   endloop
 endfacet
 facet normal  0.000000e+00 -1.000000e+00  1.110223e-16
   outer loop
     vertex -8.164713e+01 -1.104373e-15 -9.947306e+00
     vertex -8.185988e+01 -1.099840e-15 -9.906482e+00
     vertex -8.175378e+01 -1.102267e-15 -9.928335e+00
   endloop
 endfacet
 facet normal  0.000000e+00 -1.000000e+00  1.110223e-16
   outer loop
     vertex -8.154000e+01 -1.106158e-15 -9.963382e+00
     vertex -8.185988e+01 -1.099840e-15 -9.906482e+00
     vertex -8.164713e+01 -1.104373e-15 -9.947306e+00
   endloop
 endfacet
 facet normal  0.000000e+00 -1.000000e+00  1.110223e-16
   outer loop
     vertex -8.497655e+01 -7.141483e-16 -6.432476e+00
     vertex -8.479061e+01 -8.079322e-16 -7.277206e+00
     vertex -8.411765e+01 -9.443601e-16 -8.506040e+00
   endloop
 endfacet
 facet normal  0.000000e+00 -1.000000e+00  1.110223e-16
   outer loop
     vertex -8.497655e+01 -7.141483e-16 -6.432476e+00
     vertex -8.411765e+01 -9.443601e-16 -8.506040e+00
     vertex -8.185988e+01 -1.099840e-15 -9.906482e+00
   endloop
 endfacet
 facet normal  0.000000e+00 -1.000000e+00  1.110223e-16
   outer loop
     vertex -8.497655e+01 -7.141483e-16 -6.432476e+00
     vertex -8.490648e+01 -7.615999e-16 -6.859882e+00
     vertex -8.479061e+01 -8.079322e-16 -7.277206e+00
   endloop
 endfacet
 facet normal  0.000000e+00 -1.000000e+00  1.110223e-16
   outer loop
     vertex -8.497655e+01 -7.141483e-16 -6.432476e+00
     vertex -8.494731e+01 -7.379795e-16 -6.647128e+00
     vertex -8.490648e+01 -7.615999e-16 -6.859882e+00
   endloop
 endfacet
 facet normal  0.000000e+00 -1.000000e+00  1.110223e-16
   outer loop
     vertex -8.497655e+01 -7.141483e-16 -6.432476e+00
     vertex -8.185988e+01 -1.099840e-15 -9.906482e+00
     vertex -8.154000e+01 -1.106158e-15 -9.963382e+00
   endloop
 endfacet
 facet normal  0.000000e+00 -1.000000e+00  1.110223e-16
   outer loop
     vertex -8.497655e+01 -7.141483e-16 -6.432476e+00
     vertex -8.496338e+01 -7.260859e-16 -6.540000e+00
     vertex -8.494731e+01 -7.379795e-16 -6.647128e+00
   endloop
 endfacet
 facet normal  0.000000e+00 -1.000000e+00  1.110223e-16
   outer loop
     vertex -8.121656e+01 -1.109572e-15 -9.994134e+00
     vertex -8.154000e+01 -1.106158e-15 -9.963382e+00
     vertex -8.143248e+01 -1.107620e-15 -9.976552e+00
   endloop
 endfacet
 facet normal  0.000000e+00 -1.000000e+00  1.110223e-16
   outer loop
     vertex -8.121656e+01 -1.109572e-15 -9.994134e+00
     vertex -8.143248e+01 -1.107620e-15 -9.976552e+00
     vertex -8.132463e+01 -1.108758e-15 -9.986805e+00
   endloop
 endfacet
 facet normal  0.000000e+00 -1.000000e+00  1.110223e-16
   outer loop
     vertex -8.499413e+01 -6.901763e-16 -6.216556e+00
     vertex -8.498680e+01 -7.021755e-16 -6.324635e+00
     vertex -8.497655e+01 -7.141483e-16 -6.432476e+00
   endloop
 endfacet
 facet normal  0.000000e+00 -1.000000e+00  1.110223e-16
   outer loop
     vertex -8.499853e+01 -6.781595e-16 -6.108318e+00
     vertex -8.499413e+01 -6.901763e-16 -6.216556e+00
     vertex -8.497655e+01 -7.141483e-16 -6.432476e+00
   endloop
 endfacet
 facet normal  0.000000e+00 -1.000000e+00  1.110223e-16
   outer loop
     vertex -8.100000e+01 -1.110223e-15 -1.000000e+01
     vertex -8.121656e+01 -1.109572e-15 -9.994134e+00
     vertex -8.110832e+01 -1.110060e-15 -9.998533e+00
   endloop
 endfacet
 facet normal  0.000000e+00 -1.000000e+00  1.110223e-16
   outer loop
     vertex -8.100000e+01 -1.110223e-15 -1.000000e+01
     vertex -8.154000e+01 -1.106158e-15 -9.963382e+00
     vertex -8.121656e+01 -1.109572e-15 -9.994134e+00
   endloop
 endfacet
 facet normal  0.000000e+00 -1.000000e+00  1.110223e-16
   outer loop
     vertex -8.100000e+01 -1.110223e-15 -1.000000e+01
     vertex -8.499853e+01 -6.781595e-16 -6.108318e+00
     vertex -8.497655e+01 -7.141483e-16 -6.432476e+00
   endloop
 endfacet
 facet normal  0.000000e+00 -1.000000e+00  1.110223e-16
   outer loop
     vertex -8.100000e+01 -1.110223e-15 -1.000000e+01
     vertex -8.497655e+01 -7.141483e-16 -6.432476e+00
     vertex -8.154000e+01 -1.106158e-15 -9.963382e+00
   endloop
 endfacet
 facet normal  0.000000e+00 -1.000000e+00  1.110223e-16
   outer loop
     vertex -8.500000e+01 -6.661338e-16 -6.000000e+00
     vertex -8.499853e+01 -6.781595e-16 -6.108318e+00
     vertex -8.100000e+01 -1.110223e-15 -1.000000e+01
   endloop
 endfacet
 facet normal  0.000000e+00 -1.000000e+00  1.110223e-16
   outer loop
     vertex -8.497655e+01  7.141483e-16  6.432476e+00
     vertex -8.498680e+01  7.021755e-16  6.324635e+00
     vertex -8.499413e+01  6.901763e-16  6.216556e+00
   endloop
 endfacet
 facet normal  0.000000e+00 -1.000000e+00  1.110223e-16
   outer loop
     vertex -8.497655e+01  7.141483e-16  6.432476e+00
     vertex -8.499413e+01  6.901763e-16  6.216556e+00
     vertex -8.499853e+01  6.781595e-16  6.108318e+00
   endloop
 endfacet
 facet normal  0.000000e+00 -1.000000e+00  1.110223e-16
   outer loop
     vertex -8.497655e+01  7.141483e-16  6.432476e+00
     vertex -8.499853e+01  6.781595e-16  6.108318e+00
     vertex -8.500000e+01  6.661338e-16  6.000000e+00
   endloop
 endfacet
 facet normal  0.000000e+00 -1.000000e+00  1.110223e-16
   outer loop
     vertex -8.490648e+01  7.615999e-16  6.859882e+00
     vertex -8.497655e+01  7.141483e-16  6.432476e+00
     vertex -8.500000e+01  6.661338e-16  6.000000e+00
   endloop
 endfacet
 facet normal  0.000000e+00 -1.000000e+00  1.110223e-16
   outer loop
     vertex -8.490648e+01  7.615999e-16  6.859882e+00
     vertex -8.492833e+01  7.498203e-16  6.753781e+00
     vertex -8.494731e+01  7.379795e-16  6.647128e+00
   endloop
 endfacet
 facet normal  0.000000e+00 -1.000000e+00  1.110223e-16
   outer loop
     vertex -8.490648e+01  7.615999e-16  6.859882e+00
     vertex -8.494731e+01  7.379795e-16  6.647128e+00
     vertex -8.496338e+01  7.260859e-16  6.540000e+00
   endloop
 endfacet
 facet normal  0.000000e+00 -1.000000e+00  1.110223e-16
   outer loop
     vertex -8.490648e+01  7.615999e-16  6.859882e+00
     vertex -8.496338e+01  7.260859e-16  6.540000e+00
     vertex -8.497655e+01  7.141483e-16  6.432476e+00
   endloop
 endfacet
 facet normal  0.000000e+00 -1.000000e+00  1.110223e-16
   outer loop
     vertex -8.485420e+01  7.849403e-16  7.070113e+00
     vertex -8.488176e+01  7.733094e-16  6.965352e+00
     vertex -8.490648e+01  7.615999e-16  6.859882e+00
   endloop
 endfacet
 facet normal  0.000000e+00 -1.000000e+00  1.110223e-16
   outer loop
     vertex -8.479061e+01  8.079322e-16  7.277206e+00
     vertex -8.482381e+01  7.964840e-16  7.174090e+00
     vertex -8.485420e+01  7.849403e-16  7.070113e+00
   endloop
 endfacet
 facet normal  0.000000e+00 -1.000000e+00  1.110223e-16
   outer loop
     vertex -8.479061e+01  8.079322e-16  7.277206e+00
     vertex -8.490648e+01  7.615999e-16  6.859882e+00
     vertex -8.500000e+01  6.661338e-16  6.000000e+00
   endloop
 endfacet
 facet normal  0.000000e+00 -1.000000e+00  1.110223e-16
   outer loop
     vertex -8.479061e+01  8.079322e-16  7.277206e+00
     vertex -8.485420e+01  7.849403e-16  7.070113e+00
     vertex -8.490648e+01  7.615999e-16  6.859882e+00
   endloop
 endfacet
 facet normal  0.000000e+00 -1.000000e+00  1.110223e-16
   outer loop
     vertex -8.467445e+01  8.416195e-16  7.580634e+00
     vertex -8.471591e+01  8.305082e-16  7.480553e+00
     vertex -8.475464e+01  8.192763e-16  7.379385e+00
   endloop
 endfacet
 facet normal  0.000000e+00 -1.000000e+00  1.110223e-16
   outer loop
     vertex -8.453405e+01  8.741489e-16  7.873634e+00
     vertex -8.458349e+01  8.634478e-16  7.777247e+00
     vertex -8.463030e+01  8.526020e-16  7.679556e+00
   endloop
 endfacet
 facet normal  0.000000e+00 -1.000000e+00  1.110223e-16
   outer loop
     vertex -8.442743e+01  8.950857e-16  8.062215e+00
     vertex -8.448202e+01  8.846975e-16  7.968647e+00
     vertex -8.453405e+01  8.741489e-16  7.873634e+00
   endloop
 endfacet
 facet normal  0.000000e+00 -1.000000e+00  1.110223e-16
   outer loop
     vertex -8.442743e+01  8.950857e-16  8.062215e+00
     vertex -8.463030e+01  8.526020e-16  7.679556e+00
     vertex -8.467445e+01  8.416195e-16  7.580634e+00
   endloop
 endfacet
 facet normal  0.000000e+00 -1.000000e+00  1.110223e-16
   outer loop
     vertex -8.442743e+01  8.950857e-16  8.062215e+00
     vertex -8.467445e+01  8.416195e-16  7.580634e+00
     vertex -8.475464e+01  8.192763e-16  7.379385e+00
   endloop
 endfacet
 facet normal  0.000000e+00 -1.000000e+00  1.110223e-16
   outer loop
     vertex -8.442743e+01  8.950857e-16  8.062215e+00
     vertex -8.453405e+01  8.741489e-16  7.873634e+00
     vertex -8.463030e+01  8.526020e-16  7.679556e+00
   endloop
 endfacet
 facet normal  0.000000e+00 -1.000000e+00  1.110223e-16
   outer loop
     vertex -8.437033e+01  9.053060e-16  8.154272e+00
     vertex -8.475464e+01  8.192763e-16  7.379385e+00
     vertex -8.479061e+01  8.079322e-16  7.277206e+00
   endloop
 endfacet
 facet normal  0.000000e+00 -1.000000e+00  1.110223e-16
   outer loop
     vertex -8.437033e+01  9.053060e-16  8.154272e+00
     vertex -8.442743e+01  8.950857e-16  8.062215e+00
     vertex -8.475464e+01  8.192763e-16  7.379385e+00
   endloop
 endfacet
 facet normal  0.000000e+00 -1.000000e+00  1.110223e-16
   outer loop
     vertex -8.411765e+01  9.443601e-16  8.506040e+00
     vertex -8.418437e+01  9.348852e-16  8.420697e+00
     vertex -8.424876e+01  9.252131e-16  8.333578e+00
   endloop
 endfacet
 facet normal  0.000000e+00 -1.000000e+00  1.110223e-16
   outer loop
     vertex -8.411765e+01  9.443601e-16  8.506040e+00
     vertex -8.424876e+01  9.252131e-16  8.333578e+00
     vertex -8.431076e+01  9.153509e-16  8.244748e+00
   endloop
 endfacet
 facet normal  0.000000e+00 -1.000000e+00  1.110223e-16
   outer loop
     vertex -8.411765e+01  9.443601e-16  8.506040e+00
     vertex -8.431076e+01  9.153509e-16  8.244748e+00
     vertex -8.437033e+01  9.053060e-16  8.154272e+00
   endloop
 endfacet
 facet normal  0.000000e+00 -1.000000e+00  1.110223e-16
   outer loop
     vertex -8.411765e+01  9.443601e-16  8.506040e+00
     vertex -8.437033e+01  9.053060e-16  8.154272e+00
     vertex -8.479061e+01  8.079322e-16  7.277206e+00
   endloop
 endfacet
 facet normal  0.000000e+00 -1.000000e+00  1.110223e-16
   outer loop
     vertex -8.397741e+01  9.626912e-16  8.671151e+00
     vertex -8.404865e+01  9.536311e-16  8.589545e+00
     vertex -8.411765e+01  9.443601e-16  8.506040e+00
   endloop
 endfacet
 facet normal  0.000000e+00 -1.000000e+00  1.110223e-16
   outer loop
     vertex -8.390398e+01  9.715337e-16  8.750798e+00
     vertex -8.397741e+01  9.626912e-16  8.671151e+00
     vertex -8.411765e+01  9.443601e-16  8.506040e+00
   endloop
 endfacet
 facet normal  0.000000e+00 -1.000000e+00  1.110223e-16
   outer loop
     vertex -8.382843e+01  9.801523e-16  8.828427e+00
     vertex -8.411765e+01  9.443601e-16  8.506040e+00
     vertex -8.479061e+01  8.079322e-16  7.277206e+00
   endloop
 endfacet
 facet normal  0.000000e+00 -1.000000e+00  1.110223e-16
   outer loop
     vertex -8.382843e+01  9.801523e-16  8.828427e+00
     vertex -8.390398e+01  9.715337e-16  8.750798e+00
     vertex -8.411765e+01  9.443601e-16  8.506040e+00
   endloop
 endfacet
 facet normal  0.000000e+00 -1.000000e+00  1.110223e-16
   outer loop
     vertex -8.358955e+01  1.004602e-15  9.048648e+00
     vertex -8.367115e+01  9.966924e-16  8.977407e+00
     vertex -8.375080e+01  9.885406e-16  8.903982e+00
   endloop
 endfacet
 facet normal  0.000000e+00 -1.000000e+00  1.110223e-16
   outer loop
     vertex -8.358955e+01  1.004602e-15  9.048648e+00
     vertex -8.375080e+01  9.885406e-16  8.903982e+00
     vertex -8.382843e+01  9.801523e-16  8.828427e+00
   endloop
 endfacet
 facet normal  0.000000e+00 -1.000000e+00  1.110223e-16
   outer loop
     vertex -8.342070e+01  1.019670e-15  9.184372e+00
     vertex -8.382843e+01  9.801523e-16  8.828427e+00
     vertex -8.479061e+01  8.079322e-16  7.277206e+00
   endloop
 endfacet
 facet normal  0.000000e+00 -1.000000e+00  1.110223e-16
   outer loop
     vertex -8.342070e+01  1.019670e-15  9.184372e+00
     vertex -8.350604e+01  1.012263e-15  9.117654e+00
     vertex -8.358955e+01  1.004602e-15  9.048648e+00
   endloop
 endfacet
 facet normal  0.000000e+00 -1.000000e+00  1.110223e-16
   outer loop
     vertex -8.342070e+01  1.019670e-15  9.184372e+00
     vertex -8.358955e+01  1.004602e-15  9.048648e+00
     vertex -8.382843e+01  9.801523e-16  8.828427e+00
   endloop
 endfacet
 facet normal  0.000000e+00 -1.000000e+00  1.110223e-16
   outer loop
     vertex -8.333358e+01  1.026818e-15  9.248755e+00
     vertex -8.342070e+01  1.019670e-15  9.184372e+00
     vertex -8.479061e+01  8.079322e-16  7.277206e+00
   endloop
 endfacet
 facet normal  0.000000e+00 -1.000000e+00  1.110223e-16
   outer loop
     vertex -8.324475e+01  1.033702e-15  9.310756e+00
     vertex -8.333358e+01  1.026818e-15  9.248755e+00
     vertex -8.479061e+01  8.079322e-16  7.277206e+00
   endloop
 endfacet
 facet normal  0.000000e+00 -1.000000e+00  1.110223e-16
   outer loop
     vertex -8.296865e+01  1.052715e-15  9.482015e+00
     vertex -8.306222e+01  1.046655e-15  9.427429e+00
     vertex -8.315427e+01  1.040315e-15  9.370328e+00
   endloop
 endfacet
 facet normal  0.000000e+00 -1.000000e+00  1.110223e-16
   outer loop
     vertex -8.296865e+01  1.052715e-15  9.482015e+00
     vertex -8.315427e+01  1.040315e-15  9.370328e+00
     vertex -8.324475e+01  1.033702e-15  9.310756e+00
   endloop
 endfacet
 facet normal  0.000000e+00 -1.000000e+00  1.110223e-16
   outer loop
     vertex -8.287363e+01  1.058492e-15  9.534048e+00
     vertex -8.296865e+01  1.052715e-15  9.482015e+00
     vertex -8.324475e+01  1.033702e-15  9.310756e+00
   endloop
 endfacet
 facet normal  0.000000e+00 -1.000000e+00  1.110223e-16
   outer loop
     vertex -8.248055e+01  1.078682e-15  9.715907e+00
     vertex -8.287363e+01  1.058492e-15  9.534048e+00
     vertex -8.324475e+01  1.033702e-15  9.310756e+00
   endloop
 endfacet
 facet normal  0.000000e+00 -1.000000e+00  1.110223e-16
   outer loop
     vertex -8.248055e+01  1.078682e-15  9.715907e+00
     vertex -8.258063e+01  1.074080e-15  9.674452e+00
     vertex -8.267956e+01  1.069178e-15  9.630302e+00
   endloop
 endfacet
 facet normal  0.000000e+00 -1.000000e+00  1.110223e-16
   outer loop
     vertex -8.248055e+01  1.078682e-15  9.715907e+00
     vertex -8.267956e+01  1.069178e-15  9.630302e+00
     vertex -8.277725e+01  1.063981e-15  9.583489e+00
   endloop
 endfacet
 facet normal  0.000000e+00 -1.000000e+00  1.110223e-16
   outer loop
     vertex -8.248055e+01  1.078682e-15  9.715907e+00
     vertex -8.277725e+01  1.063981e-15  9.583489e+00
     vertex -8.287363e+01  1.058492e-15  9.534048e+00
   endloop
 endfacet
 facet normal  0.000000e+00 -1.000000e+00  1.110223e-16
   outer loop
     vertex -8.237939e+01  1.082982e-15  9.754637e+00
     vertex -8.324475e+01  1.033702e-15  9.310756e+00
     vertex -8.479061e+01  8.079322e-16  7.277206e+00
   endloop
 endfacet
 facet normal  0.000000e+00 -1.000000e+00  1.110223e-16
   outer loop
     vertex -8.237939e+01  1.082982e-15  9.754637e+00
     vertex -8.248055e+01  1.078682e-15  9.715907e+00
     vertex -8.324475e+01  1.033702e-15  9.310756e+00
   endloop
 endfacet
 facet normal  0.000000e+00 -1.000000e+00  1.110223e-16
   outer loop
     vertex -8.227721e+01  1.086976e-15  9.790613e+00
     vertex -8.237939e+01  1.082982e-15  9.754637e+00
     vertex -8.479061e+01  8.079322e-16  7.277206e+00
   endloop
 endfacet
 facet normal  0.000000e+00 -1.000000e+00  1.110223e-16
   outer loop
     vertex -8.196535e+01  1.097096e-15  9.881765e+00
     vertex -8.207011e+01  1.094036e-15  9.854200e+00
     vertex -8.217409e+01  1.090662e-15  9.823809e+00
   endloop
 endfacet
 facet normal  0.000000e+00 -1.000000e+00  1.110223e-16
   outer loop
     vertex -8.196535e+01  1.097096e-15  9.881765e+00
     vertex -8.217409e+01  1.090662e-15  9.823809e+00
     vertex -8.227721e+01  1.086976e-15  9.790613e+00
   endloop
 endfacet
 facet normal  0.000000e+00 -1.000000e+00  1.110223e-16
   outer loop
     vertex -8.196535e+01  1.097096e-15  9.881765e+00
     vertex -8.227721e+01  1.086976e-15  9.790613e+00
     vertex -8.479061e+01  8.079322e-16  7.277206e+00
   endloop
 endfacet
 facet normal  0.000000e+00 -1.000000e+00  1.110223e-16
   outer loop
     vertex -8.196535e+01  1.097096e-15  9.881765e+00
     vertex -8.479061e+01  8.079322e-16  7.277206e+00
     vertex -8.500000e+01  6.661338e-16  6.000000e+00
   endloop
 endfacet
 facet normal  0.000000e+00 -1.000000e+00  1.110223e-16
   outer loop
     vertex -8.185988e+01  1.099840e-15  9.906482e+00
     vertex -8.196535e+01  1.097096e-15  9.881765e+00
     vertex -8.500000e+01  6.661338e-16  6.000000e+00
   endloop
 endfacet
 facet normal  0.000000e+00 -1.000000e+00  1.110223e-16
   outer loop
     vertex -8.175378e+01  1.102267e-15  9.928335e+00
     vertex -8.185988e+01  1.099840e-15  9.906482e+00
     vertex -8.500000e+01  6.661338e-16  6.000000e+00
   endloop
 endfacet
 facet normal  0.000000e+00 -1.000000e+00  1.110223e-16
   outer loop
     vertex -8.154000e+01  1.106158e-15  9.963382e+00
     vertex -8.164713e+01  1.104373e-15  9.947306e+00
     vertex -8.175378e+01  1.102267e-15  9.928335e+00
   endloop
 endfacet
 facet normal  0.000000e+00 -1.000000e+00  1.110223e-16
   outer loop
     vertex -8.154000e+01  1.106158e-15  9.963382e+00
     vertex -8.175378e+01  1.102267e-15  9.928335e+00
     vertex -8.500000e+01  6.661338e-16  6.000000e+00
   endloop
 endfacet
 facet normal  0.000000e+00 -1.000000e+00  1.110223e-16
   outer loop
     vertex -8.132463e+01  1.108758e-15  9.986805e+00
     vertex -8.143248e+01  1.107620e-15  9.976552e+00
     vertex -8.154000e+01  1.106158e-15  9.963382e+00
   endloop
 endfacet
 facet normal  0.000000e+00 -1.000000e+00  1.110223e-16
   outer loop
     vertex -8.121656e+01  1.109572e-15  9.994134e+00
     vertex -8.132463e+01  1.108758e-15  9.986805e+00
     vertex -8.154000e+01  1.106158e-15  9.963382e+00
   endloop
 endfacet
 facet normal  0.000000e+00 -1.000000e+00  1.110223e-16
   outer loop
     vertex -8.100000e+01  1.110223e-15  1.000000e+01
     vertex -8.110832e+01  1.110060e-15  9.998533e+00
     vertex -8.121656e+01  1.109572e-15  9.994134e+00
   endloop
 endfacet
 facet normal  0.000000e+00 -1.000000e+00  1.110223e-16
   outer loop
     vertex -8.100000e+01  1.110223e-15  1.000000e+01
     vertex -8.500000e+01 -6.661338e-16 -6.000000e+00
     vertex -8.100000e+01 -1.110223e-15 -1.000000e+01
   endloop
 endfacet
 facet normal  0.000000e+00 -1.000000e+00  1.110223e-16
   outer loop
     vertex -8.100000e+01  1.110223e-15  1.000000e+01
     vertex -8.154000e+01  1.106158e-15  9.963382e+00
     vertex -8.500000e+01  6.661338e-16  6.000000e+00
   endloop
 endfacet
 facet normal  0.000000e+00 -1.000000e+00  1.110223e-16
   outer loop
     vertex -8.100000e+01  1.110223e-15  1.000000e+01
     vertex -8.121656e+01  1.109572e-15  9.994134e+00
     vertex -8.154000e+01  1.106158e-15  9.963382e+00
   endloop
 endfacet
 facet normal  0.000000e+00 -1.000000e+00  1.110223e-16
   outer loop
     vertex -8.100000e+01  1.110223e-15  1.000000e+01
     vertex -8.500000e+01  6.661338e-16  6.000000e+00
     vertex -8.500000e+01 -6.661338e-16 -6.000000e+00
   endloop
 endfacet
 facet normal  0.000000e+00 -1.000000e+00  1.110223e-16
   outer loop
     vertex  8.132463e+01 -1.108758e-15 -9.986805e+00
     vertex  8.110832e+01 -1.110060e-15 -9.998533e+00
     vertex  8.121656e+01 -1.109572e-15 -9.994134e+00
   endloop
 endfacet
 facet normal  0.000000e+00 -1.000000e+00  1.110223e-16
   outer loop
     vertex  8.143248e+01 -1.107620e-15 -9.976552e+00
     vertex  8.100000e+01 -1.110223e-15 -1.000000e+01
     vertex  8.110832e+01 -1.110060e-15 -9.998533e+00
   endloop
 endfacet
 facet normal  0.000000e+00 -1.000000e+00  1.110223e-16
   outer loop
     vertex  8.143248e+01 -1.107620e-15 -9.976552e+00
     vertex  8.110832e+01 -1.110060e-15 -9.998533e+00
     vertex  8.132463e+01 -1.108758e-15 -9.986805e+00
   endloop
 endfacet
 facet normal  0.000000e+00 -1.000000e+00  1.110223e-16
   outer loop
     vertex  8.164713e+01 -1.104373e-15 -9.947306e+00
     vertex  8.143248e+01 -1.107620e-15 -9.976552e+00
     vertex  8.154000e+01 -1.106158e-15 -9.963382e+00
   endloop
 endfacet
 facet normal  0.000000e+00 -1.000000e+00  1.110223e-16
   outer loop
     vertex  8.175378e+01 -1.102267e-15 -9.928335e+00
     vertex  8.143248e+01 -1.107620e-15 -9.976552e+00
     vertex  8.164713e+01 -1.104373e-15 -9.947306e+00
   endloop
 endfacet
 facet normal  0.000000e+00 -1.000000e+00  1.110223e-16
   outer loop
     vertex  8.185988e+01 -1.099840e-15 -9.906482e+00
     vertex  8.100000e+01 -1.110223e-15 -1.000000e+01
     vertex  8.143248e+01 -1.107620e-15 -9.976552e+00
   endloop
 endfacet
 facet normal  0.000000e+00 -1.000000e+00  1.110223e-16
   outer loop
     vertex  8.185988e+01 -1.099840e-15 -9.906482e+00
     vertex  8.143248e+01 -1.107620e-15 -9.976552e+00
     vertex  8.175378e+01 -1.102267e-15 -9.928335e+00
   endloop
 endfacet
 facet normal  0.000000e+00 -1.000000e+00  1.110223e-16
   outer loop
     vertex  8.207011e+01 -1.094036e-15 -9.854200e+00
     vertex  8.185988e+01 -1.099840e-15 -9.906482e+00
     vertex  8.196535e+01 -1.097096e-15 -9.881765e+00
   endloop
 endfacet
 facet normal  0.000000e+00 -1.000000e+00  1.110223e-16
   outer loop
     vertex  8.217409e+01 -1.090662e-15 -9.823809e+00
     vertex  8.185988e+01 -1.099840e-15 -9.906482e+00
     vertex  8.207011e+01 -1.094036e-15 -9.854200e+00
   endloop
 endfacet
 facet normal  0.000000e+00 -1.000000e+00  1.110223e-16
   outer loop
     vertex  8.227721e+01 -1.086976e-15 -9.790613e+00
     vertex  8.100000e+01 -1.110223e-15 -1.000000e+01
     vertex  8.185988e+01 -1.099840e-15 -9.906482e+00
   endloop
 endfacet
 facet normal  0.000000e+00 -1.000000e+00  1.110223e-16
   outer loop
     vertex  8.227721e+01 -1.086976e-15 -9.790613e+00
     vertex  8.185988e+01 -1.099840e-15 -9.906482e+00
     vertex  8.217409e+01 -1.090662e-15 -9.823809e+00
   endloop
 endfacet
 facet normal  0.000000e+00 -1.000000e+00  1.110223e-16
   outer loop
     vertex  8.258063e+01 -1.074080e-15 -9.674452e+00
     vertex  8.227721e+01 -1.086976e-15 -9.790613e+00
     vertex  8.237939e+01 -1.082982e-15 -9.754637e+00
   endloop
 endfacet
 facet normal  0.000000e+00 -1.000000e+00  1.110223e-16
   outer loop
     vertex  8.258063e+01 -1.074080e-15 -9.674452e+00
     vertex  8.237939e+01 -1.082982e-15 -9.754637e+00
     vertex  8.248055e+01 -1.078682e-15 -9.715907e+00
   endloop
 endfacet
 facet normal  0.000000e+00 -1.000000e+00  1.110223e-16
   outer loop
     vertex  8.258063e+01 -1.074080e-15 -9.674452e+00
     vertex  8.100000e+01 -1.110223e-15 -1.000000e+01
     vertex  8.227721e+01 -1.086976e-15 -9.790613e+00
   endloop
 endfacet
 facet normal  0.000000e+00 -1.000000e+00  1.110223e-16
   outer loop
     vertex  8.277725e+01 -1.063981e-15 -9.583489e+00
     vertex  8.100000e+01 -1.110223e-15 -1.000000e+01
     vertex  8.258063e+01 -1.074080e-15 -9.674452e+00
   endloop
 endfacet
 facet normal  0.000000e+00 -1.000000e+00  1.110223e-16
   outer loop
     vertex  8.277725e+01 -1.063981e-15 -9.583489e+00
     vertex  8.258063e+01 -1.074080e-15 -9.674452e+00
     vertex  8.267956e+01 -1.069178e-15 -9.630302e+00
   endloop
 endfacet
 facet normal  0.000000e+00 -1.000000e+00  1.110223e-16
   outer loop
     vertex  8.296865e+01 -1.052715e-15 -9.482015e+00
     vertex  8.277725e+01 -1.063981e-15 -9.583489e+00
     vertex  8.287363e+01 -1.058492e-15 -9.534048e+00
   endloop
 endfacet
 facet normal  0.000000e+00 -1.000000e+00  1.110223e-16
   outer loop
     vertex  8.306222e+01 -1.046655e-15 -9.427429e+00
     vertex  8.277725e+01 -1.063981e-15 -9.583489e+00
     vertex  8.296865e+01 -1.052715e-15 -9.482015e+00
   endloop
 endfacet
 facet normal  0.000000e+00 -1.000000e+00  1.110223e-16
   outer loop
     vertex  8.315427e+01 -1.040315e-15 -9.370328e+00
     vertex  8.277725e+01 -1.063981e-15 -9.583489e+00
     vertex  8.306222e+01 -1.046655e-15 -9.427429e+00
   endloop
 endfacet
 facet normal  0.000000e+00 -1.000000e+00  1.110223e-16
   outer loop
     vertex  8.324475e+01 -1.033702e-15 -9.310756e+00
     vertex  8.100000e+01 -1.110223e-15 -1.000000e+01
     vertex  8.277725e+01 -1.063981e-15 -9.583489e+00
   endloop
 endfacet
 facet normal  0.000000e+00 -1.000000e+00  1.110223e-16
   outer loop
     vertex  8.324475e+01 -1.033702e-15 -9.310756e+00
     vertex  8.277725e+01 -1.063981e-15 -9.583489e+00
     vertex  8.315427e+01 -1.040315e-15 -9.370328e+00
   endloop
 endfacet
 facet normal  0.000000e+00 -1.000000e+00  1.110223e-16
   outer loop
     vertex  8.333358e+01 -1.026818e-15 -9.248755e+00
     vertex  8.100000e+01 -1.110223e-15 -1.000000e+01
     vertex  8.324475e+01 -1.033702e-15 -9.310756e+00
   endloop
 endfacet
 facet normal  0.000000e+00 -1.000000e+00  1.110223e-16
   outer loop
     vertex  8.358955e+01 -1.004602e-15 -9.048648e+00
     vertex  8.100000e+01 -1.110223e-15 -1.000000e+01
     vertex  8.333358e+01 -1.026818e-15 -9.248755e+00
   endloop
 endfacet
 facet normal  0.000000e+00 -1.000000e+00  1.110223e-16
   outer loop
     vertex  8.358955e+01 -1.004602e-15 -9.048648e+00
     vertex  8.333358e+01 -1.026818e-15 -9.248755e+00
     vertex  8.342070e+01 -1.019670e-15 -9.184372e+00
   endloop
 endfacet
 facet normal  0.000000e+00 -1.000000e+00  1.110223e-16
   outer loop
     vertex  8.358955e+01 -1.004602e-15 -9.048648e+00
     vertex  8.342070e+01 -1.019670e-15 -9.184372e+00
     vertex  8.350604e+01 -1.012263e-15 -9.117654e+00
   endloop
 endfacet
 facet normal  0.000000e+00 -1.000000e+00  1.110223e-16
   outer loop
     vertex  8.367115e+01 -9.966924e-16 -8.977407e+00
     vertex  8.100000e+01 -1.110223e-15 -1.000000e+01
     vertex  8.358955e+01 -1.004602e-15 -9.048648e+00
   endloop
 endfacet
 facet normal  0.000000e+00 -1.000000e+00  1.110223e-16
   outer loop
     vertex  8.390398e+01 -9.715337e-16 -8.750798e+00
     vertex  8.100000e+01 -1.110223e-15 -1.000000e+01
     vertex  8.367115e+01 -9.966924e-16 -8.977407e+00
   endloop
 endfacet
 facet normal  0.000000e+00 -1.000000e+00  1.110223e-16
   outer loop
     vertex  8.390398e+01 -9.715337e-16 -8.750798e+00
     vertex  8.367115e+01 -9.966924e-16 -8.977407e+00
     vertex  8.375080e+01 -9.885406e-16 -8.903982e+00
   endloop
 endfacet
 facet normal  0.000000e+00 -1.000000e+00  1.110223e-16
   outer loop
     vertex  8.390398e+01 -9.715337e-16 -8.750798e+00
     vertex  8.375080e+01 -9.885406e-16 -8.903982e+00
     vertex  8.382843e+01 -9.801523e-16 -8.828427e+00
   endloop
 endfacet
 facet normal  0.000000e+00 -1.000000e+00  1.110223e-16
   outer loop
     vertex  8.397741e+01 -9.626912e-16 -8.671151e+00
     vertex  8.100000e+01 -1.110223e-15 -1.000000e+01
     vertex  8.390398e+01 -9.715337e-16 -8.750798e+00
   endloop
 endfacet
 facet normal  0.000000e+00 -1.000000e+00  1.110223e-16
   outer loop
     vertex  8.404865e+01 -9.536311e-16 -8.589545e+00
     vertex  8.100000e+01 -1.110223e-15 -1.000000e+01
     vertex  8.397741e+01 -9.626912e-16 -8.671151e+00
   endloop
 endfacet
 facet normal  0.000000e+00 -1.000000e+00  1.110223e-16
   outer loop
     vertex  8.424876e+01 -9.252131e-16 -8.333578e+00
     vertex  8.404865e+01 -9.536311e-16 -8.589545e+00
     vertex  8.411765e+01 -9.443601e-16 -8.506040e+00
   endloop
 endfacet
 facet normal  0.000000e+00 -1.000000e+00  1.110223e-16
   outer loop
     vertex  8.424876e+01 -9.252131e-16 -8.333578e+00
     vertex  8.411765e+01 -9.443601e-16 -8.506040e+00
     vertex  8.418437e+01 -9.348852e-16 -8.420697e+00
   endloop
 endfacet
 facet normal  0.000000e+00 -1.000000e+00  1.110223e-16
   outer loop
     vertex  8.424876e+01 -9.252131e-16 -8.333578e+00
     vertex  8.100000e+01 -1.110223e-15 -1.000000e+01
     vertex  8.404865e+01 -9.536311e-16 -8.589545e+00
   endloop
 endfacet
 facet normal  0.000000e+00 -1.000000e+00  1.110223e-16
   outer loop
     vertex  8.437033e+01 -9.053060e-16 -8.154272e+00
     vertex  8.424876e+01 -9.252131e-16 -8.333578e+00
     vertex  8.431076e+01 -9.153509e-16 -8.244748e+00
   endloop
 endfacet
 facet normal  0.000000e+00 -1.000000e+00  1.110223e-16
   outer loop
     vertex  8.437033e+01 -9.053060e-16 -8.154272e+00
     vertex  8.100000e+01 -1.110223e-15 -1.000000e+01
     vertex  8.424876e+01 -9.252131e-16 -8.333578e+00
   endloop
 endfacet
 facet normal  0.000000e+00 -1.000000e+00  1.110223e-16
   outer loop
     vertex  8.448202e+01 -8.846975e-16 -7.968647e+00
     vertex  8.437033e+01 -9.053060e-16 -8.154272e+00
     vertex  8.442743e+01 -8.950857e-16 -8.062215e+00
   endloop
 endfacet
 facet normal  0.000000e+00 -1.000000e+00  1.110223e-16
   outer loop
     vertex  8.453405e+01 -8.741489e-16 -7.873634e+00
     vertex  8.100000e+01 -1.110223e-15 -1.000000e+01
     vertex  8.437033e+01 -9.053060e-16 -8.154272e+00
   endloop
 endfacet
 facet normal  0.000000e+00 -1.000000e+00  1.110223e-16
   outer loop
     vertex  8.453405e+01 -8.741489e-16 -7.873634e+00
     vertex  8.437033e+01 -9.053060e-16 -8.154272e+00
     vertex  8.448202e+01 -8.846975e-16 -7.968647e+00
   endloop
 endfacet
 facet normal  0.000000e+00 -1.000000e+00  1.110223e-16
   outer loop
     vertex  8.463030e+01 -8.526020e-16 -7.679556e+00
     vertex  8.453405e+01 -8.741489e-16 -7.873634e+00
     vertex  8.458349e+01 -8.634478e-16 -7.777247e+00
   endloop
 endfacet
 facet normal  0.000000e+00 -1.000000e+00  1.110223e-16
   outer loop
     vertex  8.467445e+01 -8.416195e-16 -7.580634e+00
     vertex  8.100000e+01 -1.110223e-15 -1.000000e+01
     vertex  8.453405e+01 -8.741489e-16 -7.873634e+00
   endloop
 endfacet
 facet normal  0.000000e+00 -1.000000e+00  1.110223e-16
   outer loop
     vertex  8.467445e+01 -8.416195e-16 -7.580634e+00
     vertex  8.453405e+01 -8.741489e-16 -7.873634e+00
     vertex  8.463030e+01 -8.526020e-16 -7.679556e+00
   endloop
 endfacet
 facet normal  0.000000e+00 -1.000000e+00  1.110223e-16
   outer loop
     vertex  8.475464e+01 -8.192763e-16 -7.379385e+00
     vertex  8.467445e+01 -8.416195e-16 -7.580634e+00
     vertex  8.471591e+01 -8.305082e-16 -7.480553e+00
   endloop
 endfacet
 facet normal  0.000000e+00 -1.000000e+00  1.110223e-16
   outer loop
     vertex  8.479061e+01 -8.079322e-16 -7.277206e+00
     vertex  8.467445e+01 -8.416195e-16 -7.580634e+00
     vertex  8.475464e+01 -8.192763e-16 -7.379385e+00
   endloop
 endfacet
 facet normal  0.000000e+00 -1.000000e+00  1.110223e-16
   outer loop
     vertex  8.482381e+01 -7.964840e-16 -7.174090e+00
     vertex  8.100000e+01 -1.110223e-15 -1.000000e+01
     vertex  8.467445e+01 -8.416195e-16 -7.580634e+00
   endloop
 endfacet
 facet normal  0.000000e+00 -1.000000e+00  1.110223e-16
   outer loop
     vertex  8.482381e+01 -7.964840e-16 -7.174090e+00
     vertex  8.467445e+01 -8.416195e-16 -7.580634e+00
     vertex  8.479061e+01 -8.079322e-16 -7.277206e+00
   endloop
 endfacet
 facet normal  0.000000e+00 -1.000000e+00  1.110223e-16
   outer loop
     vertex  8.485420e+01 -7.849403e-16 -7.070113e+00
     vertex  8.100000e+01 -1.110223e-15 -1.000000e+01
     vertex  8.482381e+01 -7.964840e-16 -7.174090e+00
   endloop
 endfacet
 facet normal  0.000000e+00 -1.000000e+00  1.110223e-16
   outer loop
     vertex  8.492833e+01 -7.498203e-16 -6.753781e+00
     vertex  8.485420e+01 -7.849403e-16 -7.070113e+00
     vertex  8.488176e+01 -7.733094e-16 -6.965352e+00
   endloop
 endfacet
 facet normal  0.000000e+00 -1.000000e+00  1.110223e-16
   outer loop
     vertex  8.492833e+01 -7.498203e-16 -6.753781e+00
     vertex  8.488176e+01 -7.733094e-16 -6.965352e+00
     vertex  8.490648e+01 -7.615999e-16 -6.859882e+00
   endloop
 endfacet
 facet normal  0.000000e+00 -1.000000e+00  1.110223e-16
   outer loop
     vertex  8.492833e+01 -7.498203e-16 -6.753781e+00
     vertex  8.100000e+01 -1.110223e-15 -1.000000e+01
     vertex  8.485420e+01 -7.849403e-16 -7.070113e+00
   endloop
 endfacet
 facet normal  0.000000e+00 -1.000000e+00  1.110223e-16
   outer loop
     vertex  8.497655e+01 -7.141483e-16 -6.432476e+00
     vertex  8.492833e+01 -7.498203e-16 -6.753781e+00
     vertex  8.494731e+01 -7.379795e-16 -6.647128e+00
   endloop
 endfacet
 facet normal  0.000000e+00 -1.000000e+00  1.110223e-16
   outer loop
     vertex  8.497655e+01 -7.141483e-16 -6.432476e+00
     vertex  8.494731e+01 -7.379795e-16 -6.647128e+00
     vertex  8.496338e+01 -7.260859e-16 -6.540000e+00
   endloop
 endfacet
 facet normal  0.000000e+00 -1.000000e+00  1.110223e-16
   outer loop
     vertex  8.499413e+01 -6.901763e-16 -6.216556e+00
     vertex  8.497655e+01 -7.141483e-16 -6.432476e+00
     vertex  8.498680e+01 -7.021755e-16 -6.324635e+00
   endloop
 endfacet
 facet normal  0.000000e+00 -1.000000e+00  1.110223e-16
   outer loop
     vertex  8.499413e+01 -6.901763e-16 -6.216556e+00
     vertex  8.492833e+01 -7.498203e-16 -6.753781e+00
     vertex  8.497655e+01 -7.141483e-16 -6.432476e+00
   endloop
 endfacet
 facet normal  0.000000e+00 -1.000000e+00  1.110223e-16
   outer loop
     vertex  8.500000e+01 -6.661338e-16 -6.000000e+00
     vertex  8.499413e+01 -6.901763e-16 -6.216556e+00
     vertex  8.499853e+01 -6.781595e-16 -6.108318e+00
   endloop
 endfacet
 facet normal  0.000000e+00 -1.000000e+00  1.110223e-16
   outer loop
     vertex  8.500000e+01 -6.661338e-16 -6.000000e+00
     vertex  8.100000e+01 -1.110223e-15 -1.000000e+01
     vertex  8.492833e+01 -7.498203e-16 -6.753781e+00
   endloop
 endfacet
 facet normal  0.000000e+00 -1.000000e+00  1.110223e-16
   outer loop
     vertex  8.500000e+01 -6.661338e-16 -6.000000e+00
     vertex  8.492833e+01 -7.498203e-16 -6.753781e+00
     vertex  8.499413e+01 -6.901763e-16 -6.216556e+00
   endloop
 endfacet
 facet normal  0.000000e+00 -1.000000e+00  1.110223e-16
   outer loop
     vertex  8.100000e+01  1.110223e-15  1.000000e+01
     vertex -8.100000e+01 -1.110223e-15 -1.000000e+01
     vertex  8.100000e+01 -1.110223e-15 -1.000000e+01
   endloop
 endfacet
 facet normal  0.000000e+00 -1.000000e+00  1.110223e-16
   outer loop
     vertex  8.100000e+01  1.110223e-15  1.000000e+01
     vertex -8.100000e+01  1.110223e-15  1.000000e+01
     vertex -8.100000e+01 -1.110223e-15 -1.000000e+01
   endloop
 endfacet
 facet normal  0.000000e+00 -1.000000e+00  1.110223e-16
   outer loop
     vertex  8.500000e+01  6.661338e-16  6.000000e+00
     vertex  8.100000e+01  1.110223e-15  1.000000e+01
     vertex  8.100000e+01 -1.110223e-15 -1.000000e+01
   endloop
 endfacet
 facet normal  0.000000e+00 -1.000000e+00  1.110223e-16
   outer loop
     vertex  8.500000e+01  6.661338e-16  6.000000e+00
     vertex  8.100000e+01 -1.110223e-15 -1.000000e+01
     vertex  8.500000e+01 -6.661338e-16 -6.000000e+00
   endloop
 endfacet
 facet normal  0.000000e+00 -1.000000e+00  1.110223e-16
   outer loop
     vertex  8.132463e+01  1.108758e-15  9.986805e+00
     vertex  8.121656e+01  1.109572e-15  9.994134e+00
     vertex  8.110832e+01  1.110060e-15  9.998533e+00
   endloop
 endfacet
 facet normal  0.000000e+00 -1.000000e+00  1.110223e-16
   outer loop
     vertex  8.497655e+01  7.141483e-16  6.432476e+00
     vertex  8.500000e+01  6.661338e-16  6.000000e+00
     vertex  8.499853e+01  6.781595e-16  6.108318e+00
   endloop
 endfacet
 facet normal  0.000000e+00 -1.000000e+00  1.110223e-16
   outer loop
     vertex  8.497655e+01  7.141483e-16  6.432476e+00
     vertex  8.499853e+01  6.781595e-16  6.108318e+00
     vertex  8.499413e+01  6.901763e-16  6.216556e+00
   endloop
 endfacet
 facet normal  0.000000e+00 -1.000000e+00  1.110223e-16
   outer loop
     vertex  8.497655e+01  7.141483e-16  6.432476e+00
     vertex  8.499413e+01  6.901763e-16  6.216556e+00
     vertex  8.498680e+01  7.021755e-16  6.324635e+00
   endloop
 endfacet
 facet normal  0.000000e+00 -1.000000e+00  1.110223e-16
   outer loop
     vertex  8.154000e+01  1.106158e-15  9.963382e+00
     vertex  8.143248e+01  1.107620e-15  9.976552e+00
     vertex  8.132463e+01  1.108758e-15  9.986805e+00
   endloop
 endfacet
 facet normal  0.000000e+00 -1.000000e+00  1.110223e-16
   outer loop
     vertex  8.492833e+01  7.498203e-16  6.753781e+00
     vertex  8.497655e+01  7.141483e-16  6.432476e+00
     vertex  8.496338e+01  7.260859e-16  6.540000e+00
   endloop
 endfacet
 facet normal  0.000000e+00 -1.000000e+00  1.110223e-16
   outer loop
     vertex  8.492833e+01  7.498203e-16  6.753781e+00
     vertex  8.496338e+01  7.260859e-16  6.540000e+00
     vertex  8.494731e+01  7.379795e-16  6.647128e+00
   endloop
 endfacet
 facet normal  0.000000e+00 -1.000000e+00  1.110223e-16
   outer loop
     vertex  8.490648e+01  7.615999e-16  6.859882e+00
     vertex  8.497655e+01  7.141483e-16  6.432476e+00
     vertex  8.492833e+01  7.498203e-16  6.753781e+00
   endloop
 endfacet
 facet normal  0.000000e+00 -1.000000e+00  1.110223e-16
   outer loop
     vertex  8.490648e+01  7.615999e-16  6.859882e+00
     vertex  8.500000e+01  6.661338e-16  6.000000e+00
     vertex  8.497655e+01  7.141483e-16  6.432476e+00
   endloop
 endfacet
 facet normal  0.000000e+00 -1.000000e+00  1.110223e-16
   outer loop
     vertex  8.196535e+01  1.097096e-15  9.881765e+00
     vertex  8.154000e+01  1.106158e-15  9.963382e+00
     vertex  8.132463e+01  1.108758e-15  9.986805e+00
   endloop
 endfacet
 facet normal  0.000000e+00 -1.000000e+00  1.110223e-16
   outer loop
     vertex  8.196535e+01  1.097096e-15  9.881765e+00
     vertex  8.185988e+01  1.099840e-15  9.906482e+00
     vertex  8.175378e+01  1.102267e-15  9.928335e+00
   endloop
 endfacet
 facet normal  0.000000e+00 -1.000000e+00  1.110223e-16
   outer loop
     vertex  8.196535e+01  1.097096e-15  9.881765e+00
     vertex  8.175378e+01  1.102267e-15  9.928335e+00
     vertex  8.164713e+01  1.104373e-15  9.947306e+00
   endloop
 endfacet
 facet normal  0.000000e+00 -1.000000e+00  1.110223e-16
   outer loop
     vertex  8.196535e+01  1.097096e-15  9.881765e+00
     vertex  8.164713e+01  1.104373e-15  9.947306e+00
     vertex  8.154000e+01  1.106158e-15  9.963382e+00
   endloop
 endfacet
 facet normal  0.000000e+00 -1.000000e+00  1.110223e-16
   outer loop
     vertex  8.207011e+01  1.094036e-15  9.854200e+00
     vertex  8.196535e+01  1.097096e-15  9.881765e+00
     vertex  8.132463e+01  1.108758e-15  9.986805e+00
   endloop
 endfacet
 facet normal  0.000000e+00 -1.000000e+00  1.110223e-16
   outer loop
     vertex  8.207011e+01  1.094036e-15  9.854200e+00
     vertex  8.132463e+01  1.108758e-15  9.986805e+00
     vertex  8.110832e+01  1.110060e-15  9.998533e+00
   endloop
 endfacet
 facet normal  0.000000e+00 -1.000000e+00  1.110223e-16
   outer loop
     vertex  8.479061e+01  8.079322e-16  7.277206e+00
     vertex  8.490648e+01  7.615999e-16  6.859882e+00
     vertex  8.488176e+01  7.733094e-16  6.965352e+00
   endloop
 endfacet
 facet normal  0.000000e+00 -1.000000e+00  1.110223e-16
   outer loop
     vertex  8.479061e+01  8.079322e-16  7.277206e+00
     vertex  8.488176e+01  7.733094e-16  6.965352e+00
     vertex  8.485420e+01  7.849403e-16  7.070113e+00
   endloop
 endfacet
 facet normal  0.000000e+00 -1.000000e+00  1.110223e-16
   outer loop
     vertex  8.479061e+01  8.079322e-16  7.277206e+00
     vertex  8.485420e+01  7.849403e-16  7.070113e+00
     vertex  8.482381e+01  7.964840e-16  7.174090e+00
   endloop
 endfacet
 facet normal  0.000000e+00 -1.000000e+00  1.110223e-16
   outer loop
     vertex  8.475464e+01  8.192763e-16  7.379385e+00
     vertex  8.110832e+01  1.110060e-15  9.998533e+00
     vertex  8.100000e+01  1.110223e-15  1.000000e+01
   endloop
 endfacet
 facet normal  0.000000e+00 -1.000000e+00  1.110223e-16
   outer loop
     vertex  8.475464e+01  8.192763e-16  7.379385e+00
     vertex  8.500000e+01  6.661338e-16  6.000000e+00
     vertex  8.490648e+01  7.615999e-16  6.859882e+00
   endloop
 endfacet
 facet normal  0.000000e+00 -1.000000e+00  1.110223e-16
   outer loop
     vertex  8.475464e+01  8.192763e-16  7.379385e+00
     vertex  8.490648e+01  7.615999e-16  6.859882e+00
     vertex  8.479061e+01  8.079322e-16  7.277206e+00
   endloop
 endfacet
 facet normal  0.000000e+00 -1.000000e+00  1.110223e-16
   outer loop
     vertex  8.475464e+01  8.192763e-16  7.379385e+00
     vertex  8.100000e+01  1.110223e-15  1.000000e+01
     vertex  8.500000e+01  6.661338e-16  6.000000e+00
   endloop
 endfacet
 facet normal  0.000000e+00 -1.000000e+00  1.110223e-16
   outer loop
     vertex  8.237939e+01  1.082982e-15  9.754637e+00
     vertex  8.227721e+01  1.086976e-15  9.790613e+00
     vertex  8.217409e+01  1.090662e-15  9.823809e+00
   endloop
 endfacet
 facet normal  0.000000e+00 -1.000000e+00  1.110223e-16
   outer loop
     vertex  8.237939e+01  1.082982e-15  9.754637e+00
     vertex  8.217409e+01  1.090662e-15  9.823809e+00
     vertex  8.207011e+01  1.094036e-15  9.854200e+00
   endloop
 endfacet
 facet normal  0.000000e+00 -1.000000e+00  1.110223e-16
   outer loop
     vertex  8.258063e+01  1.074080e-15  9.674452e+00
     vertex  8.248055e+01  1.078682e-15  9.715907e+00
     vertex  8.237939e+01  1.082982e-15  9.754637e+00
   endloop
 endfacet
 facet normal  0.000000e+00 -1.000000e+00  1.110223e-16
   outer loop
     vertex  8.258063e+01  1.074080e-15  9.674452e+00
     vertex  8.207011e+01  1.094036e-15  9.854200e+00
     vertex  8.110832e+01  1.110060e-15  9.998533e+00
   endloop
 endfacet
 facet normal  0.000000e+00 -1.000000e+00  1.110223e-16
   outer loop
     vertex  8.258063e+01  1.074080e-15  9.674452e+00
     vertex  8.237939e+01  1.082982e-15  9.754637e+00
     vertex  8.207011e+01  1.094036e-15  9.854200e+00
   endloop
 endfacet
 facet normal  0.000000e+00 -1.000000e+00  1.110223e-16
   outer loop
     vertex  8.467445e+01  8.416195e-16  7.580634e+00
     vertex  8.475464e+01  8.192763e-16  7.379385e+00
     vertex  8.471591e+01  8.305082e-16  7.480553e+00
   endloop
 endfacet
 facet normal  0.000000e+00 -1.000000e+00  1.110223e-16
   outer loop
     vertex  8.463030e+01  8.526020e-16  7.679556e+00
     vertex  8.475464e+01  8.192763e-16  7.379385e+00
     vertex  8.467445e+01  8.416195e-16  7.580634e+00
   endloop
 endfacet
 facet normal  0.000000e+00 -1.000000e+00  1.110223e-16
   outer loop
     vertex  8.458349e+01  8.634478e-16  7.777247e+00
     vertex  8.475464e+01  8.192763e-16  7.379385e+00
     vertex  8.463030e+01  8.526020e-16  7.679556e+00
   endloop
 endfacet
 facet normal  0.000000e+00 -1.000000e+00  1.110223e-16
   outer loop
     vertex  8.277725e+01  1.063981e-15  9.583489e+00
     vertex  8.267956e+01  1.069178e-15  9.630302e+00
     vertex  8.258063e+01  1.074080e-15  9.674452e+00
   endloop
 endfacet
 facet normal  0.000000e+00 -1.000000e+00  1.110223e-16
   outer loop
     vertex  8.287363e+01  1.058492e-15  9.534048e+00
     vertex  8.277725e+01  1.063981e-15  9.583489e+00
     vertex  8.258063e+01  1.074080e-15  9.674452e+00
   endloop
 endfacet
 facet normal  0.000000e+00 -1.000000e+00  1.110223e-16
   outer loop
     vertex  8.296865e+01  1.052715e-15  9.482015e+00
     vertex  8.258063e+01  1.074080e-15  9.674452e+00
     vertex  8.110832e+01  1.110060e-15  9.998533e+00
   endloop
 endfacet
 facet normal  0.000000e+00 -1.000000e+00  1.110223e-16
   outer loop
     vertex  8.296865e+01  1.052715e-15  9.482015e+00
     vertex  8.287363e+01  1.058492e-15  9.534048e+00
     vertex  8.258063e+01  1.074080e-15  9.674452e+00
   endloop
 endfacet
 facet normal  0.000000e+00 -1.000000e+00  1.110223e-16
   outer loop
     vertex  8.442743e+01  8.950857e-16  8.062215e+00
     vertex  8.475464e+01  8.192763e-16  7.379385e+00
     vertex  8.458349e+01  8.634478e-16  7.777247e+00
   endloop
 endfacet
 facet normal  0.000000e+00 -1.000000e+00  1.110223e-16
   outer loop
     vertex  8.442743e+01  8.950857e-16  8.062215e+00
     vertex  8.458349e+01  8.634478e-16  7.777247e+00
     vertex  8.453405e+01  8.741489e-16  7.873634e+00
   endloop
 endfacet
 facet normal  0.000000e+00 -1.000000e+00  1.110223e-16
   outer loop
     vertex  8.442743e+01  8.950857e-16  8.062215e+00
     vertex  8.453405e+01  8.741489e-16  7.873634e+00
     vertex  8.448202e+01  8.846975e-16  7.968647e+00
   endloop
 endfacet
 facet normal  0.000000e+00 -1.000000e+00  1.110223e-16
   outer loop
     vertex  8.306222e+01  1.046655e-15  9.427429e+00
     vertex  8.296865e+01  1.052715e-15  9.482015e+00
     vertex  8.110832e+01  1.110060e-15  9.998533e+00
   endloop
 endfacet
 facet normal  0.000000e+00 -1.000000e+00  1.110223e-16
   outer loop
     vertex  8.437033e+01  9.053060e-16  8.154272e+00
     vertex  8.475464e+01  8.192763e-16  7.379385e+00
     vertex  8.442743e+01  8.950857e-16  8.062215e+00
   endloop
 endfacet
 facet normal  0.000000e+00 -1.000000e+00  1.110223e-16
   outer loop
     vertex  8.424876e+01  9.252131e-16  8.333578e+00
     vertex  8.475464e+01  8.192763e-16  7.379385e+00
     vertex  8.437033e+01  9.053060e-16  8.154272e+00
   endloop
 endfacet
 facet normal  0.000000e+00 -1.000000e+00  1.110223e-16
   outer loop
     vertex  8.424876e+01  9.252131e-16  8.333578e+00
     vertex  8.437033e+01  9.053060e-16  8.154272e+00
     vertex  8.431076e+01  9.153509e-16  8.244748e+00
   endloop
 endfacet
 facet normal  0.000000e+00 -1.000000e+00  1.110223e-16
   outer loop
     vertex  8.333358e+01  1.026818e-15  9.248755e+00
     vertex  8.324475e+01  1.033702e-15  9.310756e+00
     vertex  8.315427e+01  1.040315e-15  9.370328e+00
   endloop
 endfacet
 facet normal  0.000000e+00 -1.000000e+00  1.110223e-16
   outer loop
     vertex  8.342070e+01  1.019670e-15  9.184372e+00
     vertex  8.306222e+01  1.046655e-15  9.427429e+00
     vertex  8.110832e+01  1.110060e-15  9.998533e+00
   endloop
 endfacet
 facet normal  0.000000e+00 -1.000000e+00  1.110223e-16
   outer loop
     vertex  8.342070e+01  1.019670e-15  9.184372e+00
     vertex  8.333358e+01  1.026818e-15  9.248755e+00
     vertex  8.315427e+01  1.040315e-15  9.370328e+00
   endloop
 endfacet
 facet normal  0.000000e+00 -1.000000e+00  1.110223e-16
   outer loop
     vertex  8.342070e+01  1.019670e-15  9.184372e+00
     vertex  8.315427e+01  1.040315e-15  9.370328e+00
     vertex  8.306222e+01  1.046655e-15  9.427429e+00
   endloop
 endfacet
 facet normal  0.000000e+00 -1.000000e+00  1.110223e-16
   outer loop
     vertex  8.418437e+01  9.348852e-16  8.420697e+00
     vertex  8.475464e+01  8.192763e-16  7.379385e+00
     vertex  8.424876e+01  9.252131e-16  8.333578e+00
   endloop
 endfacet
 facet normal  0.000000e+00 -1.000000e+00  1.110223e-16
   outer loop
     vertex  8.404865e+01  9.536311e-16  8.589545e+00
     vertex  8.475464e+01  8.192763e-16  7.379385e+00
     vertex  8.418437e+01  9.348852e-16  8.420697e+00
   endloop
 endfacet
 facet normal  0.000000e+00 -1.000000e+00  1.110223e-16
   outer loop
     vertex  8.404865e+01  9.536311e-16  8.589545e+00
     vertex  8.418437e+01  9.348852e-16  8.420697e+00
     vertex  8.411765e+01  9.443601e-16  8.506040e+00
   endloop
 endfacet
 facet normal  0.000000e+00 -1.000000e+00  1.110223e-16
   outer loop
     vertex  8.397741e+01  9.626912e-16  8.671151e+00
     vertex  8.475464e+01  8.192763e-16  7.379385e+00
     vertex  8.404865e+01  9.536311e-16  8.589545e+00
   endloop
 endfacet
 facet normal  0.000000e+00 -1.000000e+00  1.110223e-16
   outer loop
     vertex  8.367115e+01  9.966924e-16  8.977407e+00
     vertex  8.342070e+01  1.019670e-15  9.184372e+00
     vertex  8.110832e+01  1.110060e-15  9.998533e+00
   endloop
 endfacet
 facet normal  0.000000e+00 -1.000000e+00  1.110223e-16
   outer loop
     vertex  8.367115e+01  9.966924e-16  8.977407e+00
     vertex  8.358955e+01  1.004602e-15  9.048648e+00
     vertex  8.350604e+01  1.012263e-15  9.117654e+00
   endloop
 endfacet
 facet normal  0.000000e+00 -1.000000e+00  1.110223e-16
   outer loop
     vertex  8.367115e+01  9.966924e-16  8.977407e+00
     vertex  8.350604e+01  1.012263e-15  9.117654e+00
     vertex  8.342070e+01  1.019670e-15  9.184372e+00
   endloop
 endfacet
 facet normal  0.000000e+00 -1.000000e+00  1.110223e-16
   outer loop
     vertex  8.390398e+01  9.715337e-16  8.750798e+00
     vertex  8.475464e+01  8.192763e-16  7.379385e+00
     vertex  8.397741e+01  9.626912e-16  8.671151e+00
   endloop
 endfacet
 facet normal  0.000000e+00 -1.000000e+00  1.110223e-16
   outer loop
     vertex  8.382843e+01  9.801523e-16  8.828427e+00
     vertex  8.110832e+01  1.110060e-15  9.998533e+00
     vertex  8.475464e+01  8.192763e-16  7.379385e+00
   endloop
 endfacet
 facet normal  0.000000e+00 -1.000000e+00  1.110223e-16
   outer loop
     vertex  8.382843e+01  9.801523e-16  8.828427e+00
     vertex  8.375080e+01  9.885406e-16  8.903982e+00
     vertex  8.367115e+01  9.966924e-16  8.977407e+00
   endloop
 endfacet
 facet normal  0.000000e+00 -1.000000e+00  1.110223e-16
   outer loop
     vertex  8.382843e+01  9.801523e-16  8.828427e+00
     vertex  8.367115e+01  9.966924e-16  8.977407e+00
     vertex  8.110832e+01  1.110060e-15  9.998533e+00
   endloop
 endfacet
 facet normal  0.000000e+00 -1.000000e+00  1.110223e-16
   outer loop
     vertex  8.382843e+01  9.801523e-16  8.828427e+00
     vertex  8.475464e+01  8.192763e-16  7.379385e+00
     vertex  8.390398e+01  9.715337e-16  8.750798e+00
   endloop
 endfacet
 facet normal  1.354093e-02  7.400080e-16 -9.999083e-01
   outer loop
     vertex  8.110832e+01 -1.110060e-15 -9.998533e+00
     vertex  8.100000e+01 -1.110223e-15 -1.000000e+01
     vertex  8.100000e+01  2.400000e+00 -1.000000e+01
   endloop
 endfacet
 facet normal  1.354093e-02  0.000000e+00 -9.999083e-01
   outer loop
     vertex  8.110832e+01 -1.110060e-15 -9.998533e+00
     vertex  8.100000e+01  2.400000e+00 -1.000000e+01
     vertex  8.110832e+01  2.400000e+00 -9.998533e+00
   endloop
 endfacet
 facet normal  4.061287e-02  0.000000e+00 -9.991750e-01
   outer loop
     vertex  8.121656e+01 -1.109572e-15 -9.994134e+00
     vertex  8.110832e+01  2.400000e+00 -9.998533e+00
     vertex  8.121656e+01  2.400000e+00 -9.994134e+00
   endloop
 endfacet
 facet normal  4.061287e-02  0.000000e+00 -9.991750e-01
   outer loop
     vertex  8.121656e+01 -1.109572e-15 -9.994134e+00
     vertex  8.110832e+01 -1.110060e-15 -9.998533e+00
     vertex  8.110832e+01  2.400000e+00 -9.998533e+00
   endloop
 endfacet
 facet normal  6.765502e-02  0.000000e+00 -9.977088e-01
   outer loop
     vertex  8.132463e+01 -1.108758e-15 -9.986805e+00
     vertex  8.121656e+01  2.400000e+00 -9.994134e+00
     vertex  8.132463e+01  2.400000e+00 -9.986805e+00
   endloop
 endfacet
 facet normal  6.765502e-02  0.000000e+00 -9.977088e-01
   outer loop
     vertex  8.132463e+01 -1.108758e-15 -9.986805e+00
     vertex  8.121656e+01 -1.109572e-15 -9.994134e+00
     vertex  8.121656e+01  2.400000e+00 -9.994134e+00
   endloop
 endfacet
 facet normal  9.464755e-02  0.000000e+00 -9.955108e-01
   outer loop
     vertex  8.143248e+01 -1.107620e-15 -9.976552e+00
     vertex  8.132463e+01  2.400000e+00 -9.986805e+00
     vertex  8.143248e+01  2.400000e+00 -9.976552e+00
   endloop
 endfacet
 facet normal  9.464755e-02  0.000000e+00 -9.955108e-01
   outer loop
     vertex  8.143248e+01 -1.107620e-15 -9.976552e+00
     vertex  8.132463e+01 -1.108758e-15 -9.986805e+00
     vertex  8.132463e+01  2.400000e+00 -9.986805e+00
   endloop
 endfacet
 facet normal  1.215707e-01  0.000000e+00 -9.925828e-01
   outer loop
     vertex  8.154000e+01 -1.106158e-15 -9.963382e+00
     vertex  8.143248e+01  2.400000e+00 -9.976552e+00
     vertex  8.154000e+01  2.400000e+00 -9.963382e+00
   endloop
 endfacet
 facet normal  1.215707e-01  0.000000e+00 -9.925828e-01
   outer loop
     vertex  8.154000e+01 -1.106158e-15 -9.963382e+00
     vertex  8.143248e+01 -1.107620e-15 -9.976552e+00
     vertex  8.143248e+01  2.400000e+00 -9.976552e+00
   endloop
 endfacet
 facet normal  1.484046e-01  0.000000e+00 -9.889267e-01
   outer loop
     vertex  8.164713e+01 -1.104373e-15 -9.947306e+00
     vertex  8.154000e+01  2.400000e+00 -9.963382e+00
     vertex  8.164713e+01  2.400000e+00 -9.947306e+00
   endloop
 endfacet
 facet normal  1.484046e-01  0.000000e+00 -9.889267e-01
   outer loop
     vertex  8.164713e+01 -1.104373e-15 -9.947306e+00
     vertex  8.154000e+01 -1.106158e-15 -9.963382e+00
     vertex  8.154000e+01  2.400000e+00 -9.963382e+00
   endloop
 endfacet
 facet normal  1.751297e-01  0.000000e+00 -9.845454e-01
   outer loop
     vertex  8.175378e+01 -1.102267e-15 -9.928335e+00
     vertex  8.164713e+01  2.400000e+00 -9.947306e+00
     vertex  8.175378e+01  2.400000e+00 -9.928335e+00
   endloop
 endfacet
 facet normal  2.017264e-01  0.000000e+00 -9.794419e-01
   outer loop
     vertex  8.175378e+01 -1.102267e-15 -9.928335e+00
     vertex  8.175378e+01  2.400000e+00 -9.928335e+00
     vertex  8.185988e+01  2.400000e+00 -9.906482e+00
   endloop
 endfacet
 facet normal  1.751297e-01  0.000000e+00 -9.845454e-01
   outer loop
     vertex  8.175378e+01 -1.102267e-15 -9.928335e+00
     vertex  8.164713e+01 -1.104373e-15 -9.947306e+00
     vertex  8.164713e+01  2.400000e+00 -9.947306e+00
   endloop
 endfacet
 facet normal  2.017264e-01  0.000000e+00 -9.794419e-01
   outer loop
     vertex  8.185988e+01 -1.099840e-15 -9.906482e+00
     vertex  8.175378e+01 -1.102267e-15 -9.928335e+00
     vertex  8.185988e+01  2.400000e+00 -9.906482e+00
   endloop
 endfacet
 facet normal  2.281751e-01  0.000000e+00 -9.736201e-01
   outer loop
     vertex  8.196535e+01 -1.097096e-15 -9.881765e+00
     vertex  8.185988e+01  2.400000e+00 -9.906482e+00
     vertex  8.196535e+01  2.400000e+00 -9.881765e+00
   endloop
 endfacet
 facet normal  2.281751e-01  0.000000e+00 -9.736201e-01
   outer loop
     vertex  8.196535e+01 -1.097096e-15 -9.881765e+00
     vertex  8.185988e+01 -1.099840e-15 -9.906482e+00
     vertex  8.185988e+01  2.400000e+00 -9.906482e+00
   endloop
 endfacet
 facet normal  2.544564e-01  0.000000e+00 -9.670842e-01
   outer loop
     vertex  8.207011e+01 -1.094036e-15 -9.854200e+00
     vertex  8.196535e+01  2.400000e+00 -9.881765e+00
     vertex  8.207011e+01  2.400000e+00 -9.854200e+00
   endloop
 endfacet
 facet normal  2.544564e-01  0.000000e+00 -9.670842e-01
   outer loop
     vertex  8.207011e+01 -1.094036e-15 -9.854200e+00
     vertex  8.196535e+01 -1.097096e-15 -9.881765e+00
     vertex  8.196535e+01  2.400000e+00 -9.881765e+00
   endloop
 endfacet
 facet normal  2.805512e-01  0.000000e+00 -9.598391e-01
   outer loop
     vertex  8.217409e+01 -1.090662e-15 -9.823809e+00
     vertex  8.207011e+01  2.400000e+00 -9.854200e+00
     vertex  8.217409e+01  2.400000e+00 -9.823809e+00
   endloop
 endfacet
 facet normal  3.064401e-01  0.000000e+00 -9.518899e-01
   outer loop
     vertex  8.217409e+01 -1.090662e-15 -9.823809e+00
     vertex  8.217409e+01  2.400000e+00 -9.823809e+00
     vertex  8.227721e+01  2.400000e+00 -9.790613e+00
   endloop
 endfacet
 facet normal  2.805512e-01  0.000000e+00 -9.598391e-01
   outer loop
     vertex  8.217409e+01 -1.090662e-15 -9.823809e+00
     vertex  8.207011e+01 -1.094036e-15 -9.854200e+00
     vertex  8.207011e+01  2.400000e+00 -9.854200e+00
   endloop
 endfacet
 facet normal  3.064401e-01  0.000000e+00 -9.518899e-01
   outer loop
     vertex  8.227721e+01 -1.086976e-15 -9.790613e+00
     vertex  8.217409e+01 -1.090662e-15 -9.823809e+00
     vertex  8.227721e+01  2.400000e+00 -9.790613e+00
   endloop
 endfacet
 facet normal  3.321044e-01  0.000000e+00 -9.432426e-01
   outer loop
     vertex  8.237939e+01 -1.082982e-15 -9.754637e+00
     vertex  8.227721e+01  2.400000e+00 -9.790613e+00
     vertex  8.237939e+01  2.400000e+00 -9.754637e+00
   endloop
 endfacet
 facet normal  3.321044e-01  0.000000e+00 -9.432426e-01
   outer loop
     vertex  8.237939e+01 -1.082982e-15 -9.754637e+00
     vertex  8.227721e+01 -1.086976e-15 -9.790613e+00
     vertex  8.227721e+01  2.400000e+00 -9.790613e+00
   endloop
 endfacet
 facet normal  3.575250e-01  0.000000e+00 -9.339036e-01
   outer loop
     vertex  8.248055e+01 -1.078682e-15 -9.715907e+00
     vertex  8.237939e+01  2.400000e+00 -9.754637e+00
     vertex  8.248055e+01  2.400000e+00 -9.715907e+00
   endloop
 endfacet
 facet normal  3.826834e-01  0.000000e+00 -9.238795e-01
   outer loop
     vertex  8.248055e+01 -1.078682e-15 -9.715907e+00
     vertex  8.248055e+01  2.400000e+00 -9.715907e+00
     vertex  8.258063e+01  2.400000e+00 -9.674452e+00
   endloop
 endfacet
 facet normal  3.575250e-01  0.000000e+00 -9.339036e-01
   outer loop
     vertex  8.248055e+01 -1.078682e-15 -9.715907e+00
     vertex  8.237939e+01 -1.082982e-15 -9.754637e+00
     vertex  8.237939e+01  2.400000e+00 -9.754637e+00
   endloop
 endfacet
 facet normal  4.075612e-01  0.000000e+00 -9.131779e-01
   outer loop
     vertex  8.258063e+01 -1.074080e-15 -9.674452e+00
     vertex  8.258063e+01  2.400000e+00 -9.674452e+00
     vertex  8.267956e+01  2.400000e+00 -9.630302e+00
   endloop
 endfacet
 facet normal  3.826834e-01  0.000000e+00 -9.238795e-01
   outer loop
     vertex  8.258063e+01 -1.074080e-15 -9.674452e+00
     vertex  8.248055e+01 -1.078682e-15 -9.715907e+00
     vertex  8.258063e+01  2.400000e+00 -9.674452e+00
   endloop
 endfacet
 facet normal  4.321400e-01  0.000000e+00 -9.018065e-01
   outer loop
     vertex  8.267956e+01 -1.069178e-15 -9.630302e+00
     vertex  8.267956e+01  2.400000e+00 -9.630302e+00
     vertex  8.277725e+01  2.400000e+00 -9.583489e+00
   endloop
 endfacet
 facet normal  4.075612e-01  0.000000e+00 -9.131779e-01
   outer loop
     vertex  8.267956e+01 -1.069178e-15 -9.630302e+00
     vertex  8.258063e+01 -1.074080e-15 -9.674452e+00
     vertex  8.267956e+01  2.400000e+00 -9.630302e+00
   endloop
 endfacet
 facet normal  4.321400e-01  0.000000e+00 -9.018065e-01
   outer loop
     vertex  8.277725e+01 -1.063981e-15 -9.583489e+00
     vertex  8.267956e+01 -1.069178e-15 -9.630302e+00
     vertex  8.277725e+01  2.400000e+00 -9.583489e+00
   endloop
 endfacet
 facet normal  4.564019e-01  0.000000e+00 -8.897737e-01
   outer loop
     vertex  8.287363e+01 -1.058492e-15 -9.534048e+00
     vertex  8.277725e+01  2.400000e+00 -9.583489e+00
     vertex  8.287363e+01  2.400000e+00 -9.534048e+00
   endloop
 endfacet
 facet normal  4.564019e-01  0.000000e+00 -8.897737e-01
   outer loop
     vertex  8.287363e+01 -1.058492e-15 -9.534048e+00
     vertex  8.277725e+01 -1.063981e-15 -9.583489e+00
     vertex  8.277725e+01  2.400000e+00 -9.583489e+00
   endloop
 endfacet
 facet normal  4.803291e-01  0.000000e+00 -8.770884e-01
   outer loop
     vertex  8.296865e+01 -1.052715e-15 -9.482015e+00
     vertex  8.287363e+01  2.400000e+00 -9.534048e+00
     vertex  8.296865e+01  2.400000e+00 -9.482015e+00
   endloop
 endfacet
 facet normal  5.039039e-01  0.000000e+00 -8.637597e-01
   outer loop
     vertex  8.296865e+01 -1.052715e-15 -9.482015e+00
     vertex  8.296865e+01  2.400000e+00 -9.482015e+00
     vertex  8.306222e+01  2.400000e+00 -9.427429e+00
   endloop
 endfacet
 facet normal  4.803291e-01  0.000000e+00 -8.770884e-01
   outer loop
     vertex  8.296865e+01 -1.052715e-15 -9.482015e+00
     vertex  8.287363e+01 -1.058492e-15 -9.534048e+00
     vertex  8.287363e+01  2.400000e+00 -9.534048e+00
   endloop
 endfacet
 facet normal  5.039039e-01  0.000000e+00 -8.637597e-01
   outer loop
     vertex  8.306222e+01 -1.046655e-15 -9.427429e+00
     vertex  8.296865e+01 -1.052715e-15 -9.482015e+00
     vertex  8.306222e+01  2.400000e+00 -9.427429e+00
   endloop
 endfacet
 facet normal  5.271092e-01  0.000000e+00 -8.497975e-01
   outer loop
     vertex  8.315427e+01 -1.040315e-15 -9.370328e+00
     vertex  8.306222e+01 -1.046655e-15 -9.427429e+00
     vertex  8.306222e+01  2.400000e+00 -9.427429e+00
   endloop
 endfacet
 facet normal  5.271092e-01  0.000000e+00 -8.497975e-01
   outer loop
     vertex  8.315427e+01 -1.040315e-15 -9.370328e+00
     vertex  8.306222e+01  2.400000e+00 -9.427429e+00
     vertex  8.315427e+01  2.400000e+00 -9.370328e+00
   endloop
 endfacet
 facet normal  5.499279e-01  0.000000e+00 -8.352121e-01
   outer loop
     vertex  8.324475e+01 -1.033702e-15 -9.310756e+00
     vertex  8.315427e+01 -1.040315e-15 -9.370328e+00
     vertex  8.315427e+01  2.400000e+00 -9.370328e+00
   endloop
 endfacet
 facet normal  5.499279e-01  0.000000e+00 -8.352121e-01
   outer loop
     vertex  8.324475e+01 -1.033702e-15 -9.310756e+00
     vertex  8.315427e+01  2.400000e+00 -9.370328e+00
     vertex  8.324475e+01  2.400000e+00 -9.310756e+00
   endloop
 endfacet
 facet normal  5.723433e-01  0.000000e+00 -8.200141e-01
   outer loop
     vertex  8.324475e+01 -1.033702e-15 -9.310756e+00
     vertex  8.324475e+01  2.400000e+00 -9.310756e+00
     vertex  8.333358e+01  2.400000e+00 -9.248755e+00
   endloop
 endfacet
 facet normal  5.723433e-01  0.000000e+00 -8.200141e-01
   outer loop
     vertex  8.333358e+01 -1.026818e-15 -9.248755e+00
     vertex  8.324475e+01 -1.033702e-15 -9.310756e+00
     vertex  8.333358e+01  2.400000e+00 -9.248755e+00
   endloop
 endfacet
 facet normal  5.943389e-01  0.000000e+00 -8.042147e-01
   outer loop
     vertex  8.333358e+01 -1.026818e-15 -9.248755e+00
     vertex  8.333358e+01  2.400000e+00 -9.248755e+00
     vertex  8.342070e+01  2.400000e+00 -9.184372e+00
   endloop
 endfacet
 facet normal  5.943389e-01  0.000000e+00 -8.042147e-01
   outer loop
     vertex  8.342070e+01 -1.019670e-15 -9.184372e+00
     vertex  8.333358e+01 -1.026818e-15 -9.248755e+00
     vertex  8.342070e+01  2.400000e+00 -9.184372e+00
   endloop
 endfacet
 facet normal  6.158986e-01  0.000000e+00 -7.878255e-01
   outer loop
     vertex  8.350604e+01 -1.012263e-15 -9.117654e+00
     vertex  8.342070e+01 -1.019670e-15 -9.184372e+00
     vertex  8.342070e+01  2.400000e+00 -9.184372e+00
   endloop
 endfacet
 facet normal  6.158986e-01  0.000000e+00 -7.878255e-01
   outer loop
     vertex  8.350604e+01 -1.012263e-15 -9.117654e+00
     vertex  8.342070e+01  2.400000e+00 -9.184372e+00
     vertex  8.350604e+01  2.400000e+00 -9.117654e+00
   endloop
 endfacet
 facet normal  6.370065e-01  0.000000e+00 -7.708584e-01
   outer loop
     vertex  8.358955e+01 -1.004602e-15 -9.048648e+00
     vertex  8.350604e+01  2.400000e+00 -9.117654e+00
     vertex  8.358955e+01  2.400000e+00 -9.048648e+00
   endloop
 endfacet
 facet normal  6.370065e-01  0.000000e+00 -7.708584e-01
   outer loop
     vertex  8.358955e+01 -1.004602e-15 -9.048648e+00
     vertex  8.350604e+01 -1.012263e-15 -9.117654e+00
     vertex  8.350604e+01  2.400000e+00 -9.117654e+00
   endloop
 endfacet
 facet normal  6.576473e-01  0.000000e+00 -7.533260e-01
   outer loop
     vertex  8.367115e+01 -9.966924e-16 -8.977407e+00
     vertex  8.358955e+01  2.400000e+00 -9.048648e+00
     vertex  8.367115e+01  2.400000e+00 -8.977407e+00
   endloop
 endfacet
 facet normal  6.576473e-01  0.000000e+00 -7.533260e-01
   outer loop
     vertex  8.367115e+01 -9.966924e-16 -8.977407e+00
     vertex  8.358955e+01 -1.004602e-15 -9.048648e+00
     vertex  8.358955e+01  2.400000e+00 -9.048648e+00
   endloop
 endfacet
 facet normal  6.778058e-01  0.000000e+00 -7.352410e-01
   outer loop
     vertex  8.375080e+01 -9.885406e-16 -8.903982e+00
     vertex  8.367115e+01  2.400000e+00 -8.977407e+00
     vertex  8.375080e+01  2.400000e+00 -8.903982e+00
   endloop
 endfacet
 facet normal  6.974671e-01  0.000000e+00 -7.166168e-01
   outer loop
     vertex  8.375080e+01 -9.885406e-16 -8.903982e+00
     vertex  8.375080e+01  2.400000e+00 -8.903982e+00
     vertex  8.382843e+01  2.400000e+00 -8.828427e+00
   endloop
 endfacet
 facet normal  6.778058e-01  0.000000e+00 -7.352410e-01
   outer loop
     vertex  8.375080e+01 -9.885406e-16 -8.903982e+00
     vertex  8.367115e+01 -9.966924e-16 -8.977407e+00
     vertex  8.367115e+01  2.400000e+00 -8.977407e+00
   endloop
 endfacet
 facet normal  6.974671e-01  0.000000e+00 -7.166168e-01
   outer loop
     vertex  8.382843e+01 -9.801523e-16 -8.828427e+00
     vertex  8.375080e+01 -9.885406e-16 -8.903982e+00
     vertex  8.382843e+01  2.400000e+00 -8.828427e+00
   endloop
 endfacet
 facet normal  7.166168e-01  0.000000e+00 -6.974671e-01
   outer loop
     vertex  8.390398e+01 -9.715337e-16 -8.750798e+00
     vertex  8.382843e+01  2.400000e+00 -8.828427e+00
     vertex  8.390398e+01  2.400000e+00 -8.750798e+00
   endloop
 endfacet
 facet normal  7.166168e-01  0.000000e+00 -6.974671e-01
   outer loop
     vertex  8.390398e+01 -9.715337e-16 -8.750798e+00
     vertex  8.382843e+01 -9.801523e-16 -8.828427e+00
     vertex  8.382843e+01  2.400000e+00 -8.828427e+00
   endloop
 endfacet
 facet normal  7.352410e-01  0.000000e+00 -6.778058e-01
   outer loop
     vertex  8.397741e+01 -9.626912e-16 -8.671151e+00
     vertex  8.390398e+01  2.400000e+00 -8.750798e+00
     vertex  8.397741e+01  2.400000e+00 -8.671151e+00
   endloop
 endfacet
 facet normal  7.533260e-01  0.000000e+00 -6.576473e-01
   outer loop
     vertex  8.397741e+01 -9.626912e-16 -8.671151e+00
     vertex  8.397741e+01  2.400000e+00 -8.671151e+00
     vertex  8.404865e+01  2.400000e+00 -8.589545e+00
   endloop
 endfacet
 facet normal  7.352410e-01  0.000000e+00 -6.778058e-01
   outer loop
     vertex  8.397741e+01 -9.626912e-16 -8.671151e+00
     vertex  8.390398e+01 -9.715337e-16 -8.750798e+00
     vertex  8.390398e+01  2.400000e+00 -8.750798e+00
   endloop
 endfacet
 facet normal  7.533260e-01  0.000000e+00 -6.576473e-01
   outer loop
     vertex  8.404865e+01 -9.536311e-16 -8.589545e+00
     vertex  8.397741e+01 -9.626912e-16 -8.671151e+00
     vertex  8.404865e+01  2.400000e+00 -8.589545e+00
   endloop
 endfacet
 facet normal  7.708584e-01  0.000000e+00 -6.370065e-01
   outer loop
     vertex  8.411765e+01 -9.443601e-16 -8.506040e+00
     vertex  8.404865e+01  2.400000e+00 -8.589545e+00
     vertex  8.411765e+01  2.400000e+00 -8.506040e+00
   endloop
 endfacet
 facet normal  7.878255e-01  0.000000e+00 -6.158986e-01
   outer loop
     vertex  8.411765e+01 -9.443601e-16 -8.506040e+00
     vertex  8.411765e+01  2.400000e+00 -8.506040e+00
     vertex  8.418437e+01  2.400000e+00 -8.420697e+00
   endloop
 endfacet
 facet normal  7.708584e-01  0.000000e+00 -6.370065e-01
   outer loop
     vertex  8.411765e+01 -9.443601e-16 -8.506040e+00
     vertex  8.404865e+01 -9.536311e-16 -8.589545e+00
     vertex  8.404865e+01  2.400000e+00 -8.589545e+00
   endloop
 endfacet
 facet normal  8.042147e-01  0.000000e+00 -5.943389e-01
   outer loop
     vertex  8.418437e+01 -9.348852e-16 -8.420697e+00
     vertex  8.418437e+01  2.400000e+00 -8.420697e+00
     vertex  8.424876e+01  2.400000e+00 -8.333578e+00
   endloop
 endfacet
 facet normal  7.878255e-01  0.000000e+00 -6.158986e-01
   outer loop
     vertex  8.418437e+01 -9.348852e-16 -8.420697e+00
     vertex  8.411765e+01 -9.443601e-16 -8.506040e+00
     vertex  8.418437e+01  2.400000e+00 -8.420697e+00
   endloop
 endfacet
 facet normal  8.042147e-01  0.000000e+00 -5.943389e-01
   outer loop
     vertex  8.424876e+01 -9.252131e-16 -8.333578e+00
     vertex  8.418437e+01 -9.348852e-16 -8.420697e+00
     vertex  8.424876e+01  2.400000e+00 -8.333578e+00
   endloop
 endfacet
 facet normal  8.200141e-01  0.000000e+00 -5.723433e-01
   outer loop
     vertex  8.431076e+01 -9.153509e-16 -8.244748e+00
     vertex  8.424876e+01  2.400000e+00 -8.333578e+00
     vertex  8.431076e+01  2.400000e+00 -8.244748e+00
   endloop
 endfacet
 facet normal  8.200141e-01  0.000000e+00 -5.723433e-01
   outer loop
     vertex  8.431076e+01 -9.153509e-16 -8.244748e+00
     vertex  8.424876e+01 -9.252131e-16 -8.333578e+00
     vertex  8.424876e+01  2.400000e+00 -8.333578e+00
   endloop
 endfacet
 facet normal  8.352121e-01  0.000000e+00 -5.499279e-01
   outer loop
     vertex  8.437033e+01 -9.053060e-16 -8.154272e+00
     vertex  8.431076e+01  2.400000e+00 -8.244748e+00
     vertex  8.437033e+01  2.400000e+00 -8.154272e+00
   endloop
 endfacet
 facet normal  8.352121e-01  0.000000e+00 -5.499279e-01
   outer loop
     vertex  8.437033e+01 -9.053060e-16 -8.154272e+00
     vertex  8.431076e+01 -9.153509e-16 -8.244748e+00
     vertex  8.431076e+01  2.400000e+00 -8.244748e+00
   endloop
 endfacet
 facet normal  8.497975e-01  0.000000e+00 -5.271092e-01
   outer loop
     vertex  8.442743e+01 -8.950857e-16 -8.062215e+00
     vertex  8.437033e+01  2.400000e+00 -8.154272e+00
     vertex  8.442743e+01  2.400000e+00 -8.062215e+00
   endloop
 endfacet
 facet normal  8.497975e-01  0.000000e+00 -5.271092e-01
   outer loop
     vertex  8.442743e+01 -8.950857e-16 -8.062215e+00
     vertex  8.437033e+01 -9.053060e-16 -8.154272e+00
     vertex  8.437033e+01  2.400000e+00 -8.154272e+00
   endloop
 endfacet
 facet normal  8.637597e-01  0.000000e+00 -5.039039e-01
   outer loop
     vertex  8.448202e+01 -8.846975e-16 -7.968647e+00
     vertex  8.442743e+01  2.400000e+00 -8.062215e+00
     vertex  8.448202e+01  2.400000e+00 -7.968647e+00
   endloop
 endfacet
 facet normal  8.637597e-01  0.000000e+00 -5.039039e-01
   outer loop
     vertex  8.448202e+01 -8.846975e-16 -7.968647e+00
     vertex  8.442743e+01 -8.950857e-16 -8.062215e+00
     vertex  8.442743e+01  2.400000e+00 -8.062215e+00
   endloop
 endfacet
 facet normal  8.770884e-01  0.000000e+00 -4.803291e-01
   outer loop
     vertex  8.453405e+01 -8.741489e-16 -7.873634e+00
     vertex  8.448202e+01  2.400000e+00 -7.968647e+00
     vertex  8.453405e+01  2.400000e+00 -7.873634e+00
   endloop
 endfacet
 facet normal  8.770884e-01  0.000000e+00 -4.803291e-01
   outer loop
     vertex  8.453405e+01 -8.741489e-16 -7.873634e+00
     vertex  8.448202e+01 -8.846975e-16 -7.968647e+00
     vertex  8.448202e+01  2.400000e+00 -7.968647e+00
   endloop
 endfacet
 facet normal  8.897737e-01  0.000000e+00 -4.564019e-01
   outer loop
     vertex  8.458349e+01 -8.634478e-16 -7.777247e+00
     vertex  8.453405e+01  2.400000e+00 -7.873634e+00
     vertex  8.458349e+01  2.400000e+00 -7.777247e+00
   endloop
 endfacet
 facet normal  8.897737e-01  0.000000e+00 -4.564019e-01
   outer loop
     vertex  8.458349e+01 -8.634478e-16 -7.777247e+00
     vertex  8.453405e+01 -8.741489e-16 -7.873634e+00
     vertex  8.453405e+01  2.400000e+00 -7.873634e+00
   endloop
 endfacet
 facet normal  9.018065e-01  0.000000e+00 -4.321400e-01
   outer loop
     vertex  8.463030e+01 -8.526020e-16 -7.679556e+00
     vertex  8.458349e+01  2.400000e+00 -7.777247e+00
     vertex  8.463030e+01  2.400000e+00 -7.679556e+00
   endloop
 endfacet
 facet normal  9.018065e-01  0.000000e+00 -4.321400e-01
   outer loop
     vertex  8.463030e+01 -8.526020e-16 -7.679556e+00
     vertex  8.458349e+01 -8.634478e-16 -7.777247e+00
     vertex  8.458349e+01  2.400000e+00 -7.777247e+00
   endloop
 endfacet
 facet normal  9.131779e-01  0.000000e+00 -4.075612e-01
   outer loop
     vertex  8.467445e+01 -8.416195e-16 -7.580634e+00
     vertex  8.463030e+01  2.400000e+00 -7.679556e+00
     vertex  8.467445e+01  2.400000e+00 -7.580634e+00
   endloop
 endfacet
 facet normal  9.131779e-01  0.000000e+00 -4.075612e-01
   outer loop
     vertex  8.467445e+01 -8.416195e-16 -7.580634e+00
     vertex  8.463030e+01 -8.526020e-16 -7.679556e+00
     vertex  8.463030e+01  2.400000e+00 -7.679556e+00
   endloop
 endfacet
 facet normal  9.238795e-01  0.000000e+00 -3.826834e-01
   outer loop
     vertex  8.471591e+01 -8.305082e-16 -7.480553e+00
     vertex  8.467445e+01  2.400000e+00 -7.580634e+00
     vertex  8.471591e+01  2.400000e+00 -7.480553e+00
   endloop
 endfacet
 facet normal  9.238795e-01  0.000000e+00 -3.826834e-01
   outer loop
     vertex  8.471591e+01 -8.305082e-16 -7.480553e+00
     vertex  8.467445e+01 -8.416195e-16 -7.580634e+00
     vertex  8.467445e+01  2.400000e+00 -7.580634e+00
   endloop
 endfacet
 facet normal  9.339036e-01  0.000000e+00 -3.575250e-01
   outer loop
     vertex  8.475464e+01 -8.192763e-16 -7.379385e+00
     vertex  8.471591e+01  2.400000e+00 -7.480553e+00
     vertex  8.475464e+01  2.400000e+00 -7.379385e+00
   endloop
 endfacet
 facet normal  9.339036e-01  0.000000e+00 -3.575250e-01
   outer loop
     vertex  8.475464e+01 -8.192763e-16 -7.379385e+00
     vertex  8.471591e+01 -8.305082e-16 -7.480553e+00
     vertex  8.471591e+01  2.400000e+00 -7.480553e+00
   endloop
 endfacet
 facet normal  9.432426e-01  0.000000e+00 -3.321044e-01
   outer loop
     vertex  8.479061e+01 -8.079322e-16 -7.277206e+00
     vertex  8.475464e+01 -8.192763e-16 -7.379385e+00
     vertex  8.475464e+01  2.400000e+00 -7.379385e+00
   endloop
 endfacet
 facet normal  9.432426e-01  0.000000e+00 -3.321044e-01
   outer loop
     vertex  8.479061e+01 -8.079322e-16 -7.277206e+00
     vertex  8.475464e+01  2.400000e+00 -7.379385e+00
     vertex  8.479061e+01  2.400000e+00 -7.277206e+00
   endloop
 endfacet
 facet normal  9.518899e-01  0.000000e+00 -3.064401e-01
   outer loop
     vertex  8.482381e+01 -7.964840e-16 -7.174090e+00
     vertex  8.479061e+01 -8.079322e-16 -7.277206e+00
     vertex  8.479061e+01  2.400000e+00 -7.277206e+00
   endloop
 endfacet
 facet normal  9.518899e-01  0.000000e+00 -3.064401e-01
   outer loop
     vertex  8.482381e+01 -7.964840e-16 -7.174090e+00
     vertex  8.479061e+01  2.400000e+00 -7.277206e+00
     vertex  8.482381e+01  2.400000e+00 -7.174090e+00
   endloop
 endfacet
 facet normal  9.598391e-01  0.000000e+00 -2.805512e-01
   outer loop
     vertex  8.485420e+01 -7.849403e-16 -7.070113e+00
     vertex  8.482381e+01 -7.964840e-16 -7.174090e+00
     vertex  8.482381e+01  2.400000e+00 -7.174090e+00
   endloop
 endfacet
 facet normal  9.598391e-01  0.000000e+00 -2.805512e-01
   outer loop
     vertex  8.485420e+01 -7.849403e-16 -7.070113e+00
     vertex  8.482381e+01  2.400000e+00 -7.174090e+00
     vertex  8.485420e+01  2.400000e+00 -7.070113e+00
   endloop
 endfacet
 facet normal  9.670842e-01  0.000000e+00 -2.544564e-01
   outer loop
     vertex  8.488176e+01 -7.733094e-16 -6.965352e+00
     vertex  8.485420e+01 -7.849403e-16 -7.070113e+00
     vertex  8.485420e+01  2.400000e+00 -7.070113e+00
   endloop
 endfacet
 facet normal  9.670842e-01  0.000000e+00 -2.544564e-01
   outer loop
     vertex  8.488176e+01 -7.733094e-16 -6.965352e+00
     vertex  8.485420e+01  2.400000e+00 -7.070113e+00
     vertex  8.488176e+01  2.400000e+00 -6.965352e+00
   endloop
 endfacet
 facet normal  9.736201e-01  0.000000e+00 -2.281751e-01
   outer loop
     vertex  8.490648e+01 -7.615999e-16 -6.859882e+00
     vertex  8.488176e+01 -7.733094e-16 -6.965352e+00
     vertex  8.488176e+01  2.400000e+00 -6.965352e+00
   endloop
 endfacet
 facet normal  9.736201e-01  0.000000e+00 -2.281751e-01
   outer loop
     vertex  8.490648e+01 -7.615999e-16 -6.859882e+00
     vertex  8.488176e+01  2.400000e+00 -6.965352e+00
     vertex  8.490648e+01  2.400000e+00 -6.859882e+00
   endloop
 endfacet
 facet normal  9.794419e-01  0.000000e+00 -2.017264e-01
   outer loop
     vertex  8.492833e+01 -7.498203e-16 -6.753781e+00
     vertex  8.490648e+01 -7.615999e-16 -6.859882e+00
     vertex  8.490648e+01  2.400000e+00 -6.859882e+00
   endloop
 endfacet
 facet normal  9.794419e-01  0.000000e+00 -2.017264e-01
   outer loop
     vertex  8.492833e+01 -7.498203e-16 -6.753781e+00
     vertex  8.490648e+01  2.400000e+00 -6.859882e+00
     vertex  8.492833e+01  2.400000e+00 -6.753781e+00
   endloop
 endfacet
 facet normal  9.845454e-01  0.000000e+00 -1.751297e-01
   outer loop
     vertex  8.492833e+01 -7.498203e-16 -6.753781e+00
     vertex  8.492833e+01  2.400000e+00 -6.753781e+00
     vertex  8.494731e+01  2.400000e+00 -6.647128e+00
   endloop
 endfacet
 facet normal  9.845454e-01  0.000000e+00 -1.751297e-01
   outer loop
     vertex  8.494731e+01 -7.379795e-16 -6.647128e+00
     vertex  8.492833e+01 -7.498203e-16 -6.753781e+00
     vertex  8.494731e+01  2.400000e+00 -6.647128e+00
   endloop
 endfacet
 facet normal  9.889267e-01  0.000000e+00 -1.484046e-01
   outer loop
     vertex  8.494731e+01 -7.379795e-16 -6.647128e+00
     vertex  8.494731e+01  2.400000e+00 -6.647128e+00
     vertex  8.496338e+01  2.400000e+00 -6.540000e+00
   endloop
 endfacet
 facet normal  9.889267e-01  0.000000e+00 -1.484046e-01
   outer loop
     vertex  8.496338e+01 -7.260859e-16 -6.540000e+00
     vertex  8.494731e+01 -7.379795e-16 -6.647128e+00
     vertex  8.496338e+01  2.400000e+00 -6.540000e+00
   endloop
 endfacet
 facet normal  9.925828e-01  0.000000e+00 -1.215707e-01
   outer loop
     vertex  8.497655e+01 -7.141483e-16 -6.432476e+00
     vertex  8.496338e+01 -7.260859e-16 -6.540000e+00
     vertex  8.496338e+01  2.400000e+00 -6.540000e+00
   endloop
 endfacet
 facet normal  9.925828e-01  0.000000e+00 -1.215707e-01
   outer loop
     vertex  8.497655e+01 -7.141483e-16 -6.432476e+00
     vertex  8.496338e+01  2.400000e+00 -6.540000e+00
     vertex  8.497655e+01  2.400000e+00 -6.432476e+00
   endloop
 endfacet
 facet normal  9.955108e-01  0.000000e+00 -9.464755e-02
   outer loop
     vertex  8.498680e+01 -7.021755e-16 -6.324635e+00
     vertex  8.497655e+01 -7.141483e-16 -6.432476e+00
     vertex  8.497655e+01  2.400000e+00 -6.432476e+00
   endloop
 endfacet
 facet normal  9.955108e-01  0.000000e+00 -9.464755e-02
   outer loop
     vertex  8.498680e+01 -7.021755e-16 -6.324635e+00
     vertex  8.497655e+01  2.400000e+00 -6.432476e+00
     vertex  8.498680e+01  2.400000e+00 -6.324635e+00
   endloop
 endfacet
 facet normal  9.977088e-01  0.000000e+00 -6.765502e-02
   outer loop
     vertex  8.499413e+01 -6.901763e-16 -6.216556e+00
     vertex  8.498680e+01 -7.021755e-16 -6.324635e+00
     vertex  8.498680e+01  2.400000e+00 -6.324635e+00
   endloop
 endfacet
 facet normal  9.977088e-01  0.000000e+00 -6.765502e-02
   outer loop
     vertex  8.499413e+01 -6.901763e-16 -6.216556e+00
     vertex  8.498680e+01  2.400000e+00 -6.324635e+00
     vertex  8.499413e+01  2.400000e+00 -6.216556e+00
   endloop
 endfacet
 facet normal  9.991750e-01  0.000000e+00 -4.061287e-02
   outer loop
     vertex  8.499853e+01 -6.781595e-16 -6.108318e+00
     vertex  8.499413e+01 -6.901763e-16 -6.216556e+00
     vertex  8.499413e+01  2.400000e+00 -6.216556e+00
   endloop
 endfacet
 facet normal  9.991750e-01  0.000000e+00 -4.061287e-02
   outer loop
     vertex  8.499853e+01 -6.781595e-16 -6.108318e+00
     vertex  8.499413e+01  2.400000e+00 -6.216556e+00
     vertex  8.499853e+01  2.400000e+00 -6.108318e+00
   endloop
 endfacet
 facet normal  9.999083e-01  0.000000e+00 -1.354093e-02
   outer loop
     vertex  8.500000e+01 -6.661338e-16 -6.000000e+00
     vertex  8.499853e+01 -6.781595e-16 -6.108318e+00
     vertex  8.499853e+01  2.400000e+00 -6.108318e+00
   endloop
 endfacet
 facet normal  9.999083e-01  0.000000e+00 -1.354093e-02
   outer loop
     vertex  8.500000e+01 -6.661338e-16 -6.000000e+00
     vertex  8.499853e+01  2.400000e+00 -6.108318e+00
     vertex  8.500000e+01  2.400000e+00 -6.000000e+00
   endloop
 endfacet
 facet normal -1.000000e+00  0.000000e+00  0.000000e+00
   outer loop
     vertex -8.500000e+01 -6.661338e-16 -6.000000e+00
     vertex -8.500000e+01  6.661338e-16  6.000000e+00
     vertex -8.500000e+01  2.400000e+00  6.000000e+00
   endloop
 endfacet
 facet normal -1.000000e+00  0.000000e+00  0.000000e+00
   outer loop
     vertex -8.500000e+01 -6.661338e-16 -6.000000e+00
     vertex -8.500000e+01  2.400000e+00  6.000000e+00
     vertex -8.500000e+01  2.400000e+00 -6.000000e+00
   endloop
 endfacet
 facet normal -7.021655e-01  7.119503e-01 -9.508848e-03
   outer loop
     vertex -8.479443e+01  2.600000e+00 -6.205728e+00
     vertex -8.499853e+01  2.400000e+00 -6.108318e+00
     vertex -8.500000e+01  2.400000e+00 -6.000000e+00
   endloop
 endfacet
 facet normal -7.065558e-01  7.070744e-01 -2.871895e-02
   outer loop
     vertex -8.479443e+01  2.600000e+00 -6.205728e+00
     vertex -8.499413e+01  2.400000e+00 -6.216556e+00
     vertex -8.499853e+01  2.400000e+00 -6.108318e+00
   endloop
 endfacet
 facet normal -7.055190e-01  7.070744e-01 -4.784152e-02
   outer loop
     vertex -8.479443e+01  2.600000e+00 -6.205728e+00
     vertex -8.498680e+01  2.400000e+00 -6.324635e+00
     vertex -8.499413e+01  2.400000e+00 -6.216556e+00
   endloop
 endfacet
 facet normal -7.039647e-01  7.070744e-01 -6.692899e-02
   outer loop
     vertex -8.477772e+01  2.600000e+00 -6.410852e+00
     vertex -8.497655e+01  2.400000e+00 -6.432476e+00
     vertex -8.498680e+01  2.400000e+00 -6.324635e+00
   endloop
 endfacet
 facet normal -7.018942e-01  7.070744e-01 -8.596738e-02
   outer loop
     vertex -8.477772e+01  2.600000e+00 -6.410852e+00
     vertex -8.496338e+01  2.400000e+00 -6.540000e+00
     vertex -8.497655e+01  2.400000e+00 -6.432476e+00
   endloop
 endfacet
 facet normal -7.023232e-01  7.095574e-01 -5.718831e-02
   outer loop
     vertex -8.477772e+01  2.600000e+00 -6.410852e+00
     vertex -8.498680e+01  2.400000e+00 -6.324635e+00
     vertex -8.479443e+01  2.600000e+00 -6.205728e+00
   endloop
 endfacet
 facet normal -7.069771e-01  7.069771e-01 -1.915153e-02
   outer loop
     vertex -8.459472e+01  2.800000e+00 -6.194900e+00
     vertex -8.500000e+01  2.400000e+00 -6.000000e+00
     vertex -8.440000e+01  3.000000e+00 -6.000000e+00
   endloop
 endfacet
 facet normal -7.069771e-01  7.069771e-01 -1.915153e-02
   outer loop
     vertex -8.459472e+01  2.800000e+00 -6.194900e+00
     vertex -8.479443e+01  2.600000e+00 -6.205728e+00
     vertex -8.500000e+01  2.400000e+00 -6.000000e+00
   endloop
 endfacet
 facet normal -7.117565e-01  7.023601e-01 -9.638732e-03
   outer loop
     vertex -8.459472e+01  2.800000e+00 -6.194900e+00
     vertex -8.440000e+01  3.000000e+00 -6.000000e+00
     vertex -8.439875e+01  3.000000e+00 -6.092070e+00
   endloop
 endfacet
 facet normal -7.065558e-01  7.070744e-01 -2.871895e-02
   outer loop
     vertex -8.459472e+01  2.800000e+00 -6.194900e+00
     vertex -8.439875e+01  3.000000e+00 -6.092070e+00
     vertex -8.439501e+01  3.000000e+00 -6.184072e+00
   endloop
 endfacet
 facet normal -7.055190e-01  7.070744e-01 -4.784152e-02
   outer loop
     vertex -8.459472e+01  2.800000e+00 -6.194900e+00
     vertex -8.439501e+01  3.000000e+00 -6.184072e+00
     vertex -8.438878e+01  3.000000e+00 -6.275940e+00
   endloop
 endfacet
 facet normal -6.993089e-01  7.070744e-01 -1.049427e-01
   outer loop
     vertex -8.474994e+01  2.600000e+00 -6.614772e+00
     vertex -8.494731e+01  2.400000e+00 -6.647128e+00
     vertex -8.496338e+01  2.400000e+00 -6.540000e+00
   endloop
 endfacet
 facet normal -6.962106e-01  7.070744e-01 -1.238411e-01
   outer loop
     vertex -8.474994e+01  2.600000e+00 -6.614772e+00
     vertex -8.492833e+01  2.400000e+00 -6.753781e+00
     vertex -8.494731e+01  2.400000e+00 -6.647128e+00
   endloop
 endfacet
 facet normal -6.981971e-01  7.095574e-01 -9.512745e-02
   outer loop
     vertex -8.474994e+01  2.600000e+00 -6.614772e+00
     vertex -8.496338e+01  2.400000e+00 -6.540000e+00
     vertex -8.477772e+01  2.600000e+00 -6.410852e+00
   endloop
 endfacet
 facet normal -7.049034e-01  7.069771e-01 -5.739841e-02
   outer loop
     vertex -8.457890e+01  2.800000e+00 -6.389228e+00
     vertex -8.479443e+01  2.600000e+00 -6.205728e+00
     vertex -8.459472e+01  2.800000e+00 -6.194900e+00
   endloop
 endfacet
 facet normal -7.071040e-01  7.047614e-01 -5.757760e-02
   outer loop
     vertex -8.457890e+01  2.800000e+00 -6.389228e+00
     vertex -8.459472e+01  2.800000e+00 -6.194900e+00
     vertex -8.438878e+01  3.000000e+00 -6.275940e+00
   endloop
 endfacet
 facet normal -7.039647e-01  7.070744e-01 -6.692899e-02
   outer loop
     vertex -8.457890e+01  2.800000e+00 -6.389228e+00
     vertex -8.438878e+01  3.000000e+00 -6.275940e+00
     vertex -8.438007e+01  3.000000e+00 -6.367605e+00
   endloop
 endfacet
 facet normal -7.018942e-01  7.070744e-01 -8.596738e-02
   outer loop
     vertex -8.457890e+01  2.800000e+00 -6.389228e+00
     vertex -8.438007e+01  3.000000e+00 -6.367605e+00
     vertex -8.436888e+01  3.000000e+00 -6.459000e+00
   endloop
 endfacet
 facet normal -7.049034e-01  7.069771e-01 -5.739841e-02
   outer loop
     vertex -8.457890e+01  2.800000e+00 -6.389228e+00
     vertex -8.477772e+01  2.600000e+00 -6.410852e+00
     vertex -8.479443e+01  2.600000e+00 -6.205728e+00
   endloop
 endfacet
 facet normal -6.926018e-01  7.070744e-01 -1.426486e-01
   outer loop
     vertex -8.471116e+01  2.600000e+00 -6.816888e+00
     vertex -8.490648e+01  2.400000e+00 -6.859882e+00
     vertex -8.492833e+01  2.400000e+00 -6.753781e+00
   endloop
 endfacet
 facet normal -6.884849e-01  7.070744e-01 -1.613515e-01
   outer loop
     vertex -8.471116e+01  2.600000e+00 -6.816888e+00
     vertex -8.488176e+01  2.400000e+00 -6.965352e+00
     vertex -8.490648e+01  2.400000e+00 -6.859882e+00
   endloop
 endfacet
 facet normal -6.920230e-01  7.095574e-01 -1.327876e-01
   outer loop
     vertex -8.471116e+01  2.600000e+00 -6.816888e+00
     vertex -8.492833e+01  2.400000e+00 -6.753781e+00
     vertex -8.474994e+01  2.600000e+00 -6.614772e+00
   endloop
 endfacet
 facet normal -7.029498e-01  7.047614e-01 -9.577500e-02
   outer loop
     vertex -8.455258e+01  2.800000e+00 -6.582415e+00
     vertex -8.457890e+01  2.800000e+00 -6.389228e+00
     vertex -8.436888e+01  3.000000e+00 -6.459000e+00
   endloop
 endfacet
 facet normal -7.007621e-01  7.069771e-01 -9.547693e-02
   outer loop
     vertex -8.455258e+01  2.800000e+00 -6.582415e+00
     vertex -8.477772e+01  2.600000e+00 -6.410852e+00
     vertex -8.457890e+01  2.800000e+00 -6.389228e+00
   endloop
 endfacet
 facet normal -6.993089e-01  7.070744e-01 -1.049427e-01
   outer loop
     vertex -8.455258e+01  2.800000e+00 -6.582415e+00
     vertex -8.436888e+01  3.000000e+00 -6.459000e+00
     vertex -8.435521e+01  3.000000e+00 -6.550059e+00
   endloop
 endfacet
 facet normal -6.962106e-01  7.070744e-01 -1.238411e-01
   outer loop
     vertex -8.455258e+01  2.800000e+00 -6.582415e+00
     vertex -8.435521e+01  3.000000e+00 -6.550059e+00
     vertex -8.433908e+01  3.000000e+00 -6.640714e+00
   endloop
 endfacet
 facet normal -7.007621e-01  7.069771e-01 -9.547693e-02
   outer loop
     vertex -8.455258e+01  2.800000e+00 -6.582415e+00
     vertex -8.474994e+01  2.600000e+00 -6.614772e+00
     vertex -8.477772e+01  2.600000e+00 -6.410852e+00
   endloop
 endfacet
 facet normal -6.838632e-01  7.070744e-01 -1.799361e-01
   outer loop
     vertex -8.466149e+01  2.600000e+00 -7.016608e+00
     vertex -8.485420e+01  2.400000e+00 -7.070113e+00
     vertex -8.488176e+01  2.400000e+00 -6.965352e+00
   endloop
 endfacet
 facet normal -6.787398e-01  7.070744e-01 -1.983887e-01
   outer loop
     vertex -8.466149e+01  2.600000e+00 -7.016608e+00
     vertex -8.482381e+01  2.400000e+00 -7.174090e+00
     vertex -8.485420e+01  2.400000e+00 -7.070113e+00
   endloop
 endfacet
 facet normal -6.838191e-01  7.095574e-01 -1.700582e-01
   outer loop
     vertex -8.466149e+01  2.600000e+00 -7.016608e+00
     vertex -8.488176e+01  2.400000e+00 -6.965352e+00
     vertex -8.471116e+01  2.600000e+00 -6.816888e+00
   endloop
 endfacet
 facet normal -6.967337e-01  7.047614e-01 -1.336915e-01
   outer loop
     vertex -8.451583e+01  2.800000e+00 -6.773894e+00
     vertex -8.455258e+01  2.800000e+00 -6.582415e+00
     vertex -8.433908e+01  3.000000e+00 -6.640714e+00
   endloop
 endfacet
 facet normal -6.945654e-01  7.069771e-01 -1.332754e-01
   outer loop
     vertex -8.451583e+01  2.800000e+00 -6.773894e+00
     vertex -8.474994e+01  2.600000e+00 -6.614772e+00
     vertex -8.455258e+01  2.800000e+00 -6.582415e+00
   endloop
 endfacet
 facet normal -6.926018e-01  7.070744e-01 -1.426486e-01
   outer loop
     vertex -8.451583e+01  2.800000e+00 -6.773894e+00
     vertex -8.433908e+01  3.000000e+00 -6.640714e+00
     vertex -8.432051e+01  3.000000e+00 -6.730899e+00
   endloop
 endfacet
 facet normal -6.884849e-01  7.070744e-01 -1.613515e-01
   outer loop
     vertex -8.451583e+01  2.800000e+00 -6.773894e+00
     vertex -8.432051e+01  3.000000e+00 -6.730899e+00
     vertex -8.429950e+01  3.000000e+00 -6.820549e+00
   endloop
 endfacet
 facet normal -6.945654e-01  7.069771e-01 -1.332754e-01
   outer loop
     vertex -8.451583e+01  2.800000e+00 -6.773894e+00
     vertex -8.471116e+01  2.600000e+00 -6.816888e+00
     vertex -8.474994e+01  2.600000e+00 -6.614772e+00
   endloop
 endfacet
 facet normal -6.731187e-01  7.070744e-01 -2.166958e-01
   outer loop
     vertex -8.460108e+01  2.600000e+00 -7.213346e+00
     vertex -8.479061e+01  2.400000e+00 -7.277206e+00
     vertex -8.482381e+01  2.400000e+00 -7.174090e+00
   endloop
 endfacet
 facet normal -6.670038e-01  7.070744e-01 -2.348440e-01
   outer loop
     vertex -8.460108e+01  2.600000e+00 -7.213346e+00
     vertex -8.475464e+01  2.400000e+00 -7.379385e+00
     vertex -8.479061e+01  2.400000e+00 -7.277206e+00
   endloop
 endfacet
 facet normal -6.736095e-01  7.095574e-01 -2.068300e-01
   outer loop
     vertex -8.460108e+01  2.600000e+00 -7.213346e+00
     vertex -8.482381e+01  2.400000e+00 -7.174090e+00
     vertex -8.466149e+01  2.600000e+00 -7.016608e+00
   endloop
 endfacet
 facet normal -6.884740e-01  7.047614e-01 -1.712158e-01
   outer loop
     vertex -8.446878e+01  2.800000e+00 -6.963102e+00
     vertex -8.451583e+01  2.800000e+00 -6.773894e+00
     vertex -8.429950e+01  3.000000e+00 -6.820549e+00
   endloop
 endfacet
 facet normal -6.863313e-01  7.069771e-01 -1.706830e-01
   outer loop
     vertex -8.446878e+01  2.800000e+00 -6.963102e+00
     vertex -8.466149e+01  2.600000e+00 -7.016608e+00
     vertex -8.471116e+01  2.600000e+00 -6.816888e+00
   endloop
 endfacet
 facet normal -6.838632e-01  7.070744e-01 -1.799361e-01
   outer loop
     vertex -8.446878e+01  2.800000e+00 -6.963102e+00
     vertex -8.429950e+01  3.000000e+00 -6.820549e+00
     vertex -8.427607e+01  3.000000e+00 -6.909596e+00
   endloop
 endfacet
 facet normal -6.787398e-01  7.070744e-01 -1.983887e-01
   outer loop
     vertex -8.446878e+01  2.800000e+00 -6.963102e+00
     vertex -8.427607e+01  3.000000e+00 -6.909596e+00
     vertex -8.425024e+01  3.000000e+00 -6.997977e+00
   endloop
 endfacet
 facet normal -6.863313e-01  7.069771e-01 -1.706830e-01
   outer loop
     vertex -8.446878e+01  2.800000e+00 -6.963102e+00
     vertex -8.471116e+01  2.600000e+00 -6.816888e+00
     vertex -8.451583e+01  2.800000e+00 -6.773894e+00
   endloop
 endfacet
 facet normal -6.614240e-01  7.095574e-01 -2.429951e-01
   outer loop
     vertex -8.453011e+01  2.600000e+00 -7.406525e+00
     vertex -8.475464e+01  2.400000e+00 -7.379385e+00
     vertex -8.460108e+01  2.600000e+00 -7.213346e+00
   endloop
 endfacet
 facet normal -6.603998e-01  7.070744e-01 -2.528199e-01
   outer loop
     vertex -8.453011e+01  2.600000e+00 -7.406525e+00
     vertex -8.471591e+01  2.400000e+00 -7.480553e+00
     vertex -8.475464e+01  2.400000e+00 -7.379385e+00
   endloop
 endfacet
 facet normal -6.533114e-01  7.070744e-01 -2.706105e-01
   outer loop
     vertex -8.453011e+01  2.600000e+00 -7.406525e+00
     vertex -8.467445e+01  2.400000e+00 -7.580634e+00
     vertex -8.471591e+01  2.400000e+00 -7.480553e+00
   endloop
 endfacet
 facet normal -6.760842e-01  7.069771e-01 -2.075899e-01
   outer loop
     vertex -8.441155e+01  2.800000e+00 -7.149486e+00
     vertex -8.466149e+01  2.600000e+00 -7.016608e+00
     vertex -8.446878e+01  2.800000e+00 -6.963102e+00
   endloop
 endfacet
 facet normal -6.760842e-01  7.069771e-01 -2.075899e-01
   outer loop
     vertex -8.441155e+01  2.800000e+00 -7.149486e+00
     vertex -8.460108e+01  2.600000e+00 -7.213346e+00
     vertex -8.466149e+01  2.600000e+00 -7.016608e+00
   endloop
 endfacet
 facet normal -6.781949e-01  7.047614e-01 -2.082379e-01
   outer loop
     vertex -8.441155e+01  2.800000e+00 -7.149486e+00
     vertex -8.446878e+01  2.800000e+00 -6.963102e+00
     vertex -8.425024e+01  3.000000e+00 -6.997977e+00
   endloop
 endfacet
 facet normal -6.731187e-01  7.070744e-01 -2.166958e-01
   outer loop
     vertex -8.441155e+01  2.800000e+00 -7.149486e+00
     vertex -8.425024e+01  3.000000e+00 -6.997977e+00
     vertex -8.422202e+01  3.000000e+00 -7.085625e+00
   endloop
 endfacet
 facet normal -6.670038e-01  7.070744e-01 -2.348440e-01
   outer loop
     vertex -8.441155e+01  2.800000e+00 -7.149486e+00
     vertex -8.422202e+01  3.000000e+00 -7.085625e+00
     vertex -8.419144e+01  3.000000e+00 -7.172477e+00
   endloop
 endfacet
 facet normal -6.457439e-01  7.070744e-01 -2.882025e-01
   outer loop
     vertex -8.444879e+01  2.600000e+00 -7.595579e+00
     vertex -8.463030e+01  2.400000e+00 -7.679556e+00
     vertex -8.467445e+01  2.400000e+00 -7.580634e+00
   endloop
 endfacet
 facet normal -6.377027e-01  7.070744e-01 -3.055831e-01
   outer loop
     vertex -8.444879e+01  2.600000e+00 -7.595579e+00
     vertex -8.458349e+01  2.400000e+00 -7.777247e+00
     vertex -8.463030e+01  2.400000e+00 -7.679556e+00
   endloop
 endfacet
 facet normal -6.472985e-01  7.095574e-01 -2.784475e-01
   outer loop
     vertex -8.444879e+01  2.600000e+00 -7.595579e+00
     vertex -8.467445e+01  2.400000e+00 -7.580634e+00
     vertex -8.453011e+01  2.600000e+00 -7.406525e+00
   endloop
 endfacet
 facet normal -6.638540e-01  7.069771e-01 -2.438879e-01
   outer loop
     vertex -8.434432e+01  2.800000e+00 -7.332497e+00
     vertex -8.460108e+01  2.600000e+00 -7.213346e+00
     vertex -8.441155e+01  2.800000e+00 -7.149486e+00
   endloop
 endfacet
 facet normal -6.638540e-01  7.069771e-01 -2.438879e-01
   outer loop
     vertex -8.434432e+01  2.800000e+00 -7.332497e+00
     vertex -8.453011e+01  2.600000e+00 -7.406525e+00
     vertex -8.460108e+01  2.600000e+00 -7.213346e+00
   endloop
 endfacet
 facet normal -6.659265e-01  7.047614e-01 -2.446493e-01
   outer loop
     vertex -8.434432e+01  2.800000e+00 -7.332497e+00
     vertex -8.441155e+01  2.800000e+00 -7.149486e+00
     vertex -8.419144e+01  3.000000e+00 -7.172477e+00
   endloop
 endfacet
 facet normal -6.603998e-01  7.070744e-01 -2.528199e-01
   outer loop
     vertex -8.434432e+01  2.800000e+00 -7.332497e+00
     vertex -8.419144e+01  3.000000e+00 -7.172477e+00
     vertex -8.415852e+01  3.000000e+00 -7.258470e+00
   endloop
 endfacet
 facet normal -6.533114e-01  7.070744e-01 -2.706105e-01
   outer loop
     vertex -8.434432e+01  2.800000e+00 -7.332497e+00
     vertex -8.415852e+01  3.000000e+00 -7.258470e+00
     vertex -8.412328e+01  3.000000e+00 -7.343539e+00
   endloop
 endfacet
 facet normal -6.291939e-01  7.070744e-01 -3.227397e-01
   outer loop
     vertex -8.435735e+01  2.600000e+00 -7.779952e+00
     vertex -8.453405e+01  2.400000e+00 -7.873634e+00
     vertex -8.458349e+01  2.400000e+00 -7.777247e+00
   endloop
 endfacet
 facet normal -6.202236e-01  7.070744e-01 -3.396595e-01
   outer loop
     vertex -8.435735e+01  2.600000e+00 -7.779952e+00
     vertex -8.448202e+01  2.400000e+00 -7.968647e+00
     vertex -8.453405e+01  2.400000e+00 -7.873634e+00
   endloop
 endfacet
 facet normal -6.312743e-01  7.095574e-01 -3.130832e-01
   outer loop
     vertex -8.435735e+01  2.600000e+00 -7.779952e+00
     vertex -8.458349e+01  2.400000e+00 -7.777247e+00
     vertex -8.444879e+01  2.600000e+00 -7.595579e+00
   endloop
 endfacet
 facet normal -6.517048e-01  7.047614e-01 -2.803430e-01
   outer loop
     vertex -8.426727e+01  2.800000e+00 -7.511601e+00
     vertex -8.434432e+01  2.800000e+00 -7.332497e+00
     vertex -8.412328e+01  3.000000e+00 -7.343539e+00
   endloop
 endfacet
 facet normal -6.457439e-01  7.070744e-01 -2.882025e-01
   outer loop
     vertex -8.426727e+01  2.800000e+00 -7.511601e+00
     vertex -8.412328e+01  3.000000e+00 -7.343539e+00
     vertex -8.408576e+01  3.000000e+00 -7.427623e+00
   endloop
 endfacet
 facet normal -6.377027e-01  7.070744e-01 -3.055831e-01
   outer loop
     vertex -8.426727e+01  2.800000e+00 -7.511601e+00
     vertex -8.408576e+01  3.000000e+00 -7.427623e+00
     vertex -8.404597e+01  3.000000e+00 -7.510660e+00
   endloop
 endfacet
 facet normal -6.496765e-01  7.069771e-01 -2.794705e-01
   outer loop
     vertex -8.426727e+01  2.800000e+00 -7.511601e+00
     vertex -8.444879e+01  2.600000e+00 -7.595579e+00
     vertex -8.453011e+01  2.600000e+00 -7.406525e+00
   endloop
 endfacet
 facet normal -6.496765e-01  7.069771e-01 -2.794705e-01
   outer loop
     vertex -8.426727e+01  2.800000e+00 -7.511601e+00
     vertex -8.453011e+01  2.600000e+00 -7.406525e+00
     vertex -8.434432e+01  2.800000e+00 -7.332497e+00
   endloop
 endfacet
 facet normal -6.107983e-01  7.070744e-01 -3.563302e-01
   outer loop
     vertex -8.425606e+01  2.600000e+00 -7.959105e+00
     vertex -8.442743e+01  2.400000e+00 -8.062215e+00
     vertex -8.448202e+01  2.400000e+00 -7.968647e+00
   endloop
 endfacet
 facet normal -6.009251e-01  7.070744e-01 -3.727396e-01
   outer loop
     vertex -8.425606e+01  2.600000e+00 -7.959105e+00
     vertex -8.437033e+01  2.400000e+00 -8.154272e+00
     vertex -8.442743e+01  2.400000e+00 -8.062215e+00
   endloop
 endfacet
 facet normal -6.133985e-01  7.095574e-01 -3.468006e-01
   outer loop
     vertex -8.425606e+01  2.600000e+00 -7.959105e+00
     vertex -8.448202e+01  2.400000e+00 -7.968647e+00
     vertex -8.435735e+01  2.600000e+00 -7.779952e+00
   endloop
 endfacet
 facet normal -6.335935e-01  7.069771e-01 -3.142334e-01
   outer loop
     vertex -8.418064e+01  2.800000e+00 -7.686270e+00
     vertex -8.435735e+01  2.600000e+00 -7.779952e+00
     vertex -8.444879e+01  2.600000e+00 -7.595579e+00
   endloop
 endfacet
 facet normal -6.355715e-01  7.047614e-01 -3.152144e-01
   outer loop
     vertex -8.418064e+01  2.800000e+00 -7.686270e+00
     vertex -8.426727e+01  2.800000e+00 -7.511601e+00
     vertex -8.404597e+01  3.000000e+00 -7.510660e+00
   endloop
 endfacet
 facet normal -6.291939e-01  7.070744e-01 -3.227397e-01
   outer loop
     vertex -8.418064e+01  2.800000e+00 -7.686270e+00
     vertex -8.404597e+01  3.000000e+00 -7.510660e+00
     vertex -8.400394e+01  3.000000e+00 -7.592589e+00
   endloop
 endfacet
 facet normal -6.202236e-01  7.070744e-01 -3.396595e-01
   outer loop
     vertex -8.418064e+01  2.800000e+00 -7.686270e+00
     vertex -8.400394e+01  3.000000e+00 -7.592589e+00
     vertex -8.395971e+01  3.000000e+00 -7.673350e+00
   endloop
 endfacet
 facet normal -6.335935e-01  7.069771e-01 -3.142334e-01
   outer loop
     vertex -8.418064e+01  2.800000e+00 -7.686270e+00
     vertex -8.444879e+01  2.600000e+00 -7.595579e+00
     vertex -8.426727e+01  2.800000e+00 -7.511601e+00
   endloop
 endfacet
 facet normal -5.906112e-01  7.070744e-01 -3.888756e-01
   outer loop
     vertex -8.414522e+01  2.600000e+00 -8.132511e+00
     vertex -8.431076e+01  2.400000e+00 -8.244748e+00
     vertex -8.437033e+01  2.400000e+00 -8.154272e+00
   endloop
 endfacet
 facet normal -5.798641e-01  7.070744e-01 -4.047264e-01
   outer loop
     vertex -8.414522e+01  2.600000e+00 -8.132511e+00
     vertex -8.424876e+01  2.400000e+00 -8.333578e+00
     vertex -8.431076e+01  2.400000e+00 -8.244748e+00
   endloop
 endfacet
 facet normal -5.937235e-01  7.095574e-01 -3.795007e-01
   outer loop
     vertex -8.414522e+01  2.600000e+00 -8.132511e+00
     vertex -8.437033e+01  2.400000e+00 -8.154272e+00
     vertex -8.425606e+01  2.600000e+00 -7.959105e+00
   endloop
 endfacet
 facet normal -6.156520e-01  7.069771e-01 -3.480746e-01
   outer loop
     vertex -8.408469e+01  2.800000e+00 -7.855994e+00
     vertex -8.425606e+01  2.600000e+00 -7.959105e+00
     vertex -8.435735e+01  2.600000e+00 -7.779952e+00
   endloop
 endfacet
 facet normal -6.175740e-01  7.047614e-01 -3.491613e-01
   outer loop
     vertex -8.408469e+01  2.800000e+00 -7.855994e+00
     vertex -8.418064e+01  2.800000e+00 -7.686270e+00
     vertex -8.395971e+01  3.000000e+00 -7.673350e+00
   endloop
 endfacet
 facet normal -6.156520e-01  7.069771e-01 -3.480746e-01
   outer loop
     vertex -8.408469e+01  2.800000e+00 -7.855994e+00
     vertex -8.435735e+01  2.600000e+00 -7.779952e+00
     vertex -8.418064e+01  2.800000e+00 -7.686270e+00
   endloop
 endfacet
 facet normal -6.107983e-01  7.070744e-01 -3.563302e-01
   outer loop
     vertex -8.408469e+01  2.800000e+00 -7.855994e+00
     vertex -8.395971e+01  3.000000e+00 -7.673350e+00
     vertex -8.391331e+01  3.000000e+00 -7.752883e+00
   endloop
 endfacet
 facet normal -6.009251e-01  7.070744e-01 -3.727396e-01
   outer loop
     vertex -8.408469e+01  2.800000e+00 -7.855994e+00
     vertex -8.391331e+01  3.000000e+00 -7.752883e+00
     vertex -8.386478e+01  3.000000e+00 -7.831131e+00
   endloop
 endfacet
 facet normal -5.686917e-01  7.070744e-01 -4.202803e-01
   outer loop
     vertex -8.402515e+01  2.600000e+00 -8.299662e+00
     vertex -8.418437e+01  2.400000e+00 -8.420697e+00
     vertex -8.424876e+01  2.400000e+00 -8.333578e+00
   endloop
 endfacet
 facet normal -5.571023e-01  7.070744e-01 -4.355260e-01
   outer loop
     vertex -8.402515e+01  2.600000e+00 -8.299662e+00
     vertex -8.411765e+01  2.400000e+00 -8.506040e+00
     vertex -8.418437e+01  2.400000e+00 -8.420697e+00
   endloop
 endfacet
 facet normal -5.723070e-01  7.095574e-01 -4.110876e-01
   outer loop
     vertex -8.402515e+01  2.600000e+00 -8.299662e+00
     vertex -8.424876e+01  2.400000e+00 -8.333578e+00
     vertex -8.414522e+01  2.600000e+00 -8.132511e+00
   endloop
 endfacet
 facet normal -5.959048e-01  7.069771e-01 -3.808949e-01
   outer loop
     vertex -8.397968e+01  2.800000e+00 -8.020273e+00
     vertex -8.414522e+01  2.600000e+00 -8.132511e+00
     vertex -8.425606e+01  2.600000e+00 -7.959105e+00
   endloop
 endfacet
 facet normal -5.959048e-01  7.069771e-01 -3.808949e-01
   outer loop
     vertex -8.397968e+01  2.800000e+00 -8.020273e+00
     vertex -8.425606e+01  2.600000e+00 -7.959105e+00
     vertex -8.408469e+01  2.800000e+00 -7.855994e+00
   endloop
 endfacet
 facet normal -5.977651e-01  7.047614e-01 -3.820840e-01
   outer loop
     vertex -8.397968e+01  2.800000e+00 -8.020273e+00
     vertex -8.408469e+01  2.800000e+00 -7.855994e+00
     vertex -8.386478e+01  3.000000e+00 -7.831131e+00
   endloop
 endfacet
 facet normal -5.906112e-01  7.070744e-01 -3.888756e-01
   outer loop
     vertex -8.397968e+01  2.800000e+00 -8.020273e+00
     vertex -8.386478e+01  3.000000e+00 -7.831131e+00
     vertex -8.381414e+01  3.000000e+00 -7.908036e+00
   endloop
 endfacet
 facet normal -5.798641e-01  7.070744e-01 -4.047264e-01
   outer loop
     vertex -8.397968e+01  2.800000e+00 -8.020273e+00
     vertex -8.381414e+01  3.000000e+00 -7.908036e+00
     vertex -8.376144e+01  3.000000e+00 -7.983542e+00
   endloop
 endfacet
 facet normal -5.451042e-01  7.070744e-01 -4.504523e-01
   outer loop
     vertex -8.389622e+01  2.600000e+00 -8.460068e+00
     vertex -8.404865e+01  2.400000e+00 -8.589545e+00
     vertex -8.411765e+01  2.400000e+00 -8.506040e+00
   endloop
 endfacet
 facet normal -5.327063e-01  7.070744e-01 -4.650482e-01
   outer loop
     vertex -8.389622e+01  2.600000e+00 -8.460068e+00
     vertex -8.397741e+01  2.400000e+00 -8.671151e+00
     vertex -8.404865e+01  2.400000e+00 -8.589545e+00
   endloop
 endfacet
 facet normal -5.492118e-01  7.095574e-01 -4.414688e-01
   outer loop
     vertex -8.389622e+01  2.600000e+00 -8.460068e+00
     vertex -8.411765e+01  2.400000e+00 -8.506040e+00
     vertex -8.402515e+01  2.600000e+00 -8.299662e+00
   endloop
 endfacet
 facet normal -5.744096e-01  7.069771e-01 -4.125979e-01
   outer loop
     vertex -8.386594e+01  2.800000e+00 -8.178627e+00
     vertex -8.402515e+01  2.600000e+00 -8.299662e+00
     vertex -8.414522e+01  2.600000e+00 -8.132511e+00
   endloop
 endfacet
 facet normal -5.762028e-01  7.047614e-01 -4.138860e-01
   outer loop
     vertex -8.386594e+01  2.800000e+00 -8.178627e+00
     vertex -8.397968e+01  2.800000e+00 -8.020273e+00
     vertex -8.376144e+01  3.000000e+00 -7.983542e+00
   endloop
 endfacet
 facet normal -5.686917e-01  7.070744e-01 -4.202803e-01
   outer loop
     vertex -8.386594e+01  2.800000e+00 -8.178627e+00
     vertex -8.376144e+01  3.000000e+00 -7.983542e+00
     vertex -8.370672e+01  3.000000e+00 -8.057592e+00
   endloop
 endfacet
 facet normal -5.571023e-01  7.070744e-01 -4.355260e-01
   outer loop
     vertex -8.386594e+01  2.800000e+00 -8.178627e+00
     vertex -8.370672e+01  3.000000e+00 -8.057592e+00
     vertex -8.365001e+01  3.000000e+00 -8.130134e+00
   endloop
 endfacet
 facet normal -5.744096e-01  7.069771e-01 -4.125979e-01
   outer loop
     vertex -8.386594e+01  2.800000e+00 -8.178627e+00
     vertex -8.414522e+01  2.600000e+00 -8.132511e+00
     vertex -8.397968e+01  2.800000e+00 -8.020273e+00
   endloop
 endfacet
 facet normal -5.199177e-01  7.070744e-01 -4.793030e-01
   outer loop
     vertex -8.375878e+01  2.600000e+00 -8.613258e+00
     vertex -8.390398e+01  2.400000e+00 -8.750798e+00
     vertex -8.397741e+01  2.400000e+00 -8.671151e+00
   endloop
 endfacet
 facet normal -5.067479e-01  7.070744e-01 -4.932063e-01
   outer loop
     vertex -8.375878e+01  2.600000e+00 -8.613258e+00
     vertex -8.382843e+01  2.400000e+00 -8.828427e+00
     vertex -8.390398e+01  2.400000e+00 -8.750798e+00
   endloop
 endfacet
 facet normal -5.245057e-01  7.095574e-01 -4.705551e-01
   outer loop
     vertex -8.375878e+01  2.600000e+00 -8.613258e+00
     vertex -8.397741e+01  2.400000e+00 -8.671151e+00
     vertex -8.389622e+01  2.600000e+00 -8.460068e+00
   endloop
 endfacet
 facet normal -5.512296e-01  7.069771e-01 -4.430907e-01
   outer loop
     vertex -8.374378e+01  2.800000e+00 -8.330591e+00
     vertex -8.402515e+01  2.600000e+00 -8.299662e+00
     vertex -8.386594e+01  2.800000e+00 -8.178627e+00
   endloop
 endfacet
 facet normal -5.529504e-01  7.047614e-01 -4.444740e-01
   outer loop
     vertex -8.374378e+01  2.800000e+00 -8.330591e+00
     vertex -8.386594e+01  2.800000e+00 -8.178627e+00
     vertex -8.365001e+01  3.000000e+00 -8.130134e+00
   endloop
 endfacet
 facet normal -5.512296e-01  7.069771e-01 -4.430907e-01
   outer loop
     vertex -8.374378e+01  2.800000e+00 -8.330591e+00
     vertex -8.389622e+01  2.600000e+00 -8.460068e+00
     vertex -8.402515e+01  2.600000e+00 -8.299662e+00
   endloop
 endfacet
 facet normal -5.451042e-01  7.070744e-01 -4.504523e-01
   outer loop
     vertex -8.374378e+01  2.800000e+00 -8.330591e+00
     vertex -8.365001e+01  3.000000e+00 -8.130134e+00
     vertex -8.359135e+01  3.000000e+00 -8.201113e+00
   endloop
 endfacet
 facet normal -5.327063e-01  7.070744e-01 -4.650482e-01
   outer loop
     vertex -8.374378e+01  2.800000e+00 -8.330591e+00
     vertex -8.359135e+01  3.000000e+00 -8.201113e+00
     vertex -8.353080e+01  3.000000e+00 -8.270478e+00
   endloop
 endfacet
 facet normal -4.932063e-01  7.070744e-01 -5.067479e-01
   outer loop
     vertex -8.361326e+01  2.600000e+00 -8.758783e+00
     vertex -8.375080e+01  2.400000e+00 -8.903982e+00
     vertex -8.382843e+01  2.400000e+00 -8.828427e+00
   endloop
 endfacet
 facet normal -4.793030e-01  7.070744e-01 -5.199177e-01
   outer loop
     vertex -8.361326e+01  2.600000e+00 -8.758783e+00
     vertex -8.367115e+01  2.400000e+00 -8.977407e+00
     vertex -8.375080e+01  2.400000e+00 -8.903982e+00
   endloop
 endfacet
 facet normal -4.982612e-01  7.095574e-01 -4.982612e-01
   outer loop
     vertex -8.361326e+01  2.600000e+00 -8.758783e+00
     vertex -8.382843e+01  2.400000e+00 -8.828427e+00
     vertex -8.375878e+01  2.600000e+00 -8.613258e+00
   endloop
 endfacet
 facet normal -5.264327e-01  7.069771e-01 -4.722838e-01
   outer loop
     vertex -8.361358e+01  2.800000e+00 -8.475718e+00
     vertex -8.375878e+01  2.600000e+00 -8.613258e+00
     vertex -8.389622e+01  2.600000e+00 -8.460068e+00
   endloop
 endfacet
 facet normal -5.264327e-01  7.069771e-01 -4.722838e-01
   outer loop
     vertex -8.361358e+01  2.800000e+00 -8.475718e+00
     vertex -8.389622e+01  2.600000e+00 -8.460068e+00
     vertex -8.374378e+01  2.800000e+00 -8.330591e+00
   endloop
 endfacet
 facet normal -5.280762e-01  7.047614e-01 -4.737583e-01
   outer loop
     vertex -8.361358e+01  2.800000e+00 -8.475718e+00
     vertex -8.374378e+01  2.800000e+00 -8.330591e+00
     vertex -8.353080e+01  3.000000e+00 -8.270478e+00
   endloop
 endfacet
 facet normal -5.000917e-01  7.069771e-01 -5.000917e-01
   outer loop
     vertex -8.361358e+01  2.800000e+00 -8.475718e+00
     vertex -8.361326e+01  2.600000e+00 -8.758783e+00
     vertex -8.375878e+01  2.600000e+00 -8.613258e+00
   endloop
 endfacet
 facet normal -5.199177e-01  7.070744e-01 -4.793030e-01
   outer loop
     vertex -8.361358e+01  2.800000e+00 -8.475718e+00
     vertex -8.353080e+01  3.000000e+00 -8.270478e+00
     vertex -8.346838e+01  3.000000e+00 -8.338178e+00
   endloop
 endfacet
 facet normal -5.067479e-01  7.070744e-01 -4.932063e-01
   outer loop
     vertex -8.361358e+01  2.800000e+00 -8.475718e+00
     vertex -8.346838e+01  3.000000e+00 -8.338178e+00
     vertex -8.340416e+01  3.000000e+00 -8.404163e+00
   endloop
 endfacet
 facet normal -4.650482e-01  7.070744e-01 -5.327063e-01
   outer loop
     vertex -8.346007e+01  2.600000e+00 -8.896216e+00
     vertex -8.358955e+01  2.400000e+00 -9.048648e+00
     vertex -8.367115e+01  2.400000e+00 -8.977407e+00
   endloop
 endfacet
 facet normal -4.504523e-01  7.070744e-01 -5.451042e-01
   outer loop
     vertex -8.346007e+01  2.600000e+00 -8.896216e+00
     vertex -8.350604e+01  2.400000e+00 -9.117654e+00
     vertex -8.358955e+01  2.400000e+00 -9.048648e+00
   endloop
 endfacet
 facet normal -4.705551e-01  7.095574e-01 -5.245057e-01
   outer loop
     vertex -8.346007e+01  2.600000e+00 -8.896216e+00
     vertex -8.367115e+01  2.400000e+00 -8.977407e+00
     vertex -8.361326e+01  2.600000e+00 -8.758783e+00
   endloop
 endfacet
 facet normal -5.000917e-01  7.069771e-01 -5.000917e-01
   outer loop
     vertex -8.347572e+01  2.800000e+00 -8.613584e+00
     vertex -8.361326e+01  2.600000e+00 -8.758783e+00
     vertex -8.361358e+01  2.800000e+00 -8.475718e+00
   endloop
 endfacet
 facet normal -5.016529e-01  7.047614e-01 -5.016529e-01
   outer loop
     vertex -8.347572e+01  2.800000e+00 -8.613584e+00
     vertex -8.361358e+01  2.800000e+00 -8.475718e+00
     vertex -8.340416e+01  3.000000e+00 -8.404163e+00
   endloop
 endfacet
 facet normal -4.932063e-01  7.070744e-01 -5.067479e-01
   outer loop
     vertex -8.347572e+01  2.800000e+00 -8.613584e+00
     vertex -8.340416e+01  3.000000e+00 -8.404163e+00
     vertex -8.333818e+01  3.000000e+00 -8.468385e+00
   endloop
 endfacet
 facet normal -4.793030e-01  7.070744e-01 -5.199177e-01
   outer loop
     vertex -8.347572e+01  2.800000e+00 -8.613584e+00
     vertex -8.333818e+01  3.000000e+00 -8.468385e+00
     vertex -8.327048e+01  3.000000e+00 -8.530796e+00
   endloop
 endfacet
 facet normal -4.414688e-01  7.095574e-01 -5.492118e-01
   outer loop
     vertex -8.329966e+01  2.600000e+00 -9.025154e+00
     vertex -8.350604e+01  2.400000e+00 -9.117654e+00
     vertex -8.346007e+01  2.600000e+00 -8.896216e+00
   endloop
 endfacet
 facet normal -4.355260e-01  7.070744e-01 -5.571023e-01
   outer loop
     vertex -8.329966e+01  2.600000e+00 -9.025154e+00
     vertex -8.342070e+01  2.400000e+00 -9.184372e+00
     vertex -8.350604e+01  2.400000e+00 -9.117654e+00
   endloop
 endfacet
 facet normal -4.202803e-01  7.070744e-01 -5.686917e-01
   outer loop
     vertex -8.329966e+01  2.600000e+00 -9.025154e+00
     vertex -8.333358e+01  2.400000e+00 -9.248755e+00
     vertex -8.342070e+01  2.400000e+00 -9.184372e+00
   endloop
 endfacet
 facet normal -4.722838e-01  7.069771e-01 -5.264327e-01
   outer loop
     vertex -8.333059e+01  2.800000e+00 -8.743783e+00
     vertex -8.346007e+01  2.600000e+00 -8.896216e+00
     vertex -8.361326e+01  2.600000e+00 -8.758783e+00
   endloop
 endfacet
 facet normal -4.737583e-01  7.047614e-01 -5.280762e-01
   outer loop
     vertex -8.333059e+01  2.800000e+00 -8.743783e+00
     vertex -8.347572e+01  2.800000e+00 -8.613584e+00
     vertex -8.327048e+01  3.000000e+00 -8.530796e+00
   endloop
 endfacet
 facet normal -4.650482e-01  7.070744e-01 -5.327063e-01
   outer loop
     vertex -8.333059e+01  2.800000e+00 -8.743783e+00
     vertex -8.327048e+01  3.000000e+00 -8.530796e+00
     vertex -8.320111e+01  3.000000e+00 -8.591351e+00
   endloop
 endfacet
 facet normal -4.504523e-01  7.070744e-01 -5.451042e-01
   outer loop
     vertex -8.333059e+01  2.800000e+00 -8.743783e+00
     vertex -8.320111e+01  3.000000e+00 -8.591351e+00
     vertex -8.313013e+01  3.000000e+00 -8.650005e+00
   endloop
 endfacet
 facet normal -4.722838e-01  7.069771e-01 -5.264327e-01
   outer loop
     vertex -8.333059e+01  2.800000e+00 -8.743783e+00
     vertex -8.361326e+01  2.600000e+00 -8.758783e+00
     vertex -8.347572e+01  2.800000e+00 -8.613584e+00
   endloop
 endfacet
 facet normal -4.047264e-01  7.070744e-01 -5.798641e-01
   outer loop
     vertex -8.313251e+01  2.600000e+00 -9.145218e+00
     vertex -8.324475e+01  2.400000e+00 -9.310756e+00
     vertex -8.333358e+01  2.400000e+00 -9.248755e+00
   endloop
 endfacet
 facet normal -3.888756e-01  7.070744e-01 -5.906112e-01
   outer loop
     vertex -8.313251e+01  2.600000e+00 -9.145218e+00
     vertex -8.315427e+01  2.400000e+00 -9.370328e+00
     vertex -8.324475e+01  2.400000e+00 -9.310756e+00
   endloop
 endfacet
 facet normal -4.110876e-01  7.095574e-01 -5.723070e-01
   outer loop
     vertex -8.313251e+01  2.600000e+00 -9.145218e+00
     vertex -8.333358e+01  2.400000e+00 -9.248755e+00
     vertex -8.329966e+01  2.600000e+00 -9.025154e+00
   endloop
 endfacet
 facet normal -4.430907e-01  7.069771e-01 -5.512296e-01
   outer loop
     vertex -8.317863e+01  2.800000e+00 -8.865935e+00
     vertex -8.346007e+01  2.600000e+00 -8.896216e+00
     vertex -8.333059e+01  2.800000e+00 -8.743783e+00
   endloop
 endfacet
 facet normal -4.444740e-01  7.047614e-01 -5.529504e-01
   outer loop
     vertex -8.317863e+01  2.800000e+00 -8.865935e+00
     vertex -8.333059e+01  2.800000e+00 -8.743783e+00
     vertex -8.313013e+01  3.000000e+00 -8.650005e+00
   endloop
 endfacet
 facet normal -4.430907e-01  7.069771e-01 -5.512296e-01
   outer loop
     vertex -8.317863e+01  2.800000e+00 -8.865935e+00
     vertex -8.329966e+01  2.600000e+00 -9.025154e+00
     vertex -8.346007e+01  2.600000e+00 -8.896216e+00
   endloop
 endfacet
 facet normal -4.355260e-01  7.070744e-01 -5.571023e-01
   outer loop
     vertex -8.317863e+01  2.800000e+00 -8.865935e+00
     vertex -8.313013e+01  3.000000e+00 -8.650005e+00
     vertex -8.305759e+01  3.000000e+00 -8.706716e+00
   endloop
 endfacet
 facet normal -4.202803e-01  7.070744e-01 -5.686917e-01
   outer loop
     vertex -8.317863e+01  2.800000e+00 -8.865935e+00
     vertex -8.305759e+01  3.000000e+00 -8.706716e+00
     vertex -8.298354e+01  3.000000e+00 -8.761442e+00
   endloop
 endfacet
 facet normal -3.727396e-01  7.070744e-01 -6.009251e-01
   outer loop
     vertex -8.295910e+01  2.600000e+00 -9.256057e+00
     vertex -8.306222e+01  2.400000e+00 -9.427429e+00
     vertex -8.315427e+01  2.400000e+00 -9.370328e+00
   endloop
 endfacet
 facet normal -3.563302e-01  7.070744e-01 -6.107983e-01
   outer loop
     vertex -8.295910e+01  2.600000e+00 -9.256057e+00
     vertex -8.296865e+01  2.400000e+00 -9.482015e+00
     vertex -8.306222e+01  2.400000e+00 -9.427429e+00
   endloop
 endfacet
 facet normal -3.795007e-01  7.095574e-01 -5.937235e-01
   outer loop
     vertex -8.295910e+01  2.600000e+00 -9.256057e+00
     vertex -8.315427e+01  2.400000e+00 -9.370328e+00
     vertex -8.313251e+01  2.600000e+00 -9.145218e+00
   endloop
 endfacet
 facet normal -4.125979e-01  7.069771e-01 -5.744096e-01
   outer loop
     vertex -8.302027e+01  2.800000e+00 -8.979680e+00
     vertex -8.313251e+01  2.600000e+00 -9.145218e+00
     vertex -8.329966e+01  2.600000e+00 -9.025154e+00
   endloop
 endfacet
 facet normal -4.138860e-01  7.047614e-01 -5.762028e-01
   outer loop
     vertex -8.302027e+01  2.800000e+00 -8.979680e+00
     vertex -8.317863e+01  2.800000e+00 -8.865935e+00
     vertex -8.298354e+01  3.000000e+00 -8.761442e+00
   endloop
 endfacet
 facet normal -4.125979e-01  7.069771e-01 -5.744096e-01
   outer loop
     vertex -8.302027e+01  2.800000e+00 -8.979680e+00
     vertex -8.329966e+01  2.600000e+00 -9.025154e+00
     vertex -8.317863e+01  2.800000e+00 -8.865935e+00
   endloop
 endfacet
 facet normal -3.808949e-01  7.069771e-01 -5.959048e-01
   outer loop
     vertex -8.302027e+01  2.800000e+00 -8.979680e+00
     vertex -8.295910e+01  2.600000e+00 -9.256057e+00
     vertex -8.313251e+01  2.600000e+00 -9.145218e+00
   endloop
 endfacet
 facet normal -4.047264e-01  7.070744e-01 -5.798641e-01
   outer loop
     vertex -8.302027e+01  2.800000e+00 -8.979680e+00
     vertex -8.298354e+01  3.000000e+00 -8.761442e+00
     vertex -8.290804e+01  3.000000e+00 -8.814143e+00
   endloop
 endfacet
 facet normal -3.888756e-01  7.070744e-01 -5.906112e-01
   outer loop
     vertex -8.302027e+01  2.800000e+00 -8.979680e+00
     vertex -8.290804e+01  3.000000e+00 -8.814143e+00
     vertex -8.283113e+01  3.000000e+00 -8.864779e+00
   endloop
 endfacet
 facet normal -3.396595e-01  7.070744e-01 -6.202236e-01
   outer loop
     vertex -8.277995e+01  2.600000e+00 -9.357346e+00
     vertex -8.287363e+01  2.400000e+00 -9.534048e+00
     vertex -8.296865e+01  2.400000e+00 -9.482015e+00
   endloop
 endfacet
 facet normal -3.227397e-01  7.070744e-01 -6.291939e-01
   outer loop
     vertex -8.277995e+01  2.600000e+00 -9.357346e+00
     vertex -8.277725e+01  2.400000e+00 -9.583489e+00
     vertex -8.287363e+01  2.400000e+00 -9.534048e+00
   endloop
 endfacet
 facet normal -3.468006e-01  7.095574e-01 -6.133985e-01
   outer loop
     vertex -8.277995e+01  2.600000e+00 -9.357346e+00
     vertex -8.296865e+01  2.400000e+00 -9.482015e+00
     vertex -8.295910e+01  2.600000e+00 -9.256057e+00
   endloop
 endfacet
 facet normal -3.480746e-01  7.069771e-01 -6.156520e-01
   outer loop
     vertex -8.285599e+01  2.800000e+00 -9.084686e+00
     vertex -8.277995e+01  2.600000e+00 -9.357346e+00
     vertex -8.295910e+01  2.600000e+00 -9.256057e+00
   endloop
 endfacet
 facet normal -3.808949e-01  7.069771e-01 -5.959048e-01
   outer loop
     vertex -8.285599e+01  2.800000e+00 -9.084686e+00
     vertex -8.295910e+01  2.600000e+00 -9.256057e+00
     vertex -8.302027e+01  2.800000e+00 -8.979680e+00
   endloop
 endfacet
 facet normal -3.820840e-01  7.047614e-01 -5.977651e-01
   outer loop
     vertex -8.285599e+01  2.800000e+00 -9.084686e+00
     vertex -8.302027e+01  2.800000e+00 -8.979680e+00
     vertex -8.283113e+01  3.000000e+00 -8.864779e+00
   endloop
 endfacet
 facet normal -3.727396e-01  7.070744e-01 -6.009251e-01
   outer loop
     vertex -8.285599e+01  2.800000e+00 -9.084686e+00
     vertex -8.283113e+01  3.000000e+00 -8.864779e+00
     vertex -8.275288e+01  3.000000e+00 -8.913314e+00
   endloop
 endfacet
 facet normal -3.563302e-01  7.070744e-01 -6.107983e-01
   outer loop
     vertex -8.285599e+01  2.800000e+00 -9.084686e+00
     vertex -8.275288e+01  3.000000e+00 -8.913314e+00
     vertex -8.267335e+01  3.000000e+00 -8.959713e+00
   endloop
 endfacet
 facet normal -3.055831e-01  7.070744e-01 -6.377027e-01
   outer loop
     vertex -8.259558e+01  2.600000e+00 -9.448787e+00
     vertex -8.267956e+01  2.400000e+00 -9.630302e+00
     vertex -8.277725e+01  2.400000e+00 -9.583489e+00
   endloop
 endfacet
 facet normal -2.882025e-01  7.070744e-01 -6.457439e-01
   outer loop
     vertex -8.259558e+01  2.600000e+00 -9.448787e+00
     vertex -8.258063e+01  2.400000e+00 -9.674452e+00
     vertex -8.267956e+01  2.400000e+00 -9.630302e+00
   endloop
 endfacet
 facet normal -3.130832e-01  7.095574e-01 -6.312743e-01
   outer loop
     vertex -8.259558e+01  2.600000e+00 -9.448787e+00
     vertex -8.277725e+01  2.400000e+00 -9.583489e+00
     vertex -8.277995e+01  2.600000e+00 -9.357346e+00
   endloop
 endfacet
 facet normal -3.227397e-01  7.070744e-01 -6.291939e-01
   outer loop
     vertex -8.268627e+01  2.800000e+00 -9.180643e+00
     vertex -8.259259e+01  3.000000e+00 -9.003941e+00
     vertex -8.251066e+01  3.000000e+00 -9.045966e+00
   endloop
 endfacet
 facet normal -3.491613e-01  7.047614e-01 -6.175740e-01
   outer loop
     vertex -8.268627e+01  2.800000e+00 -9.180643e+00
     vertex -8.285599e+01  2.800000e+00 -9.084686e+00
     vertex -8.267335e+01  3.000000e+00 -8.959713e+00
   endloop
 endfacet
 facet normal -3.480746e-01  7.069771e-01 -6.156520e-01
   outer loop
     vertex -8.268627e+01  2.800000e+00 -9.180643e+00
     vertex -8.277995e+01  2.600000e+00 -9.357346e+00
     vertex -8.285599e+01  2.800000e+00 -9.084686e+00
   endloop
 endfacet
 facet normal -3.396595e-01  7.070744e-01 -6.202236e-01
   outer loop
     vertex -8.268627e+01  2.800000e+00 -9.180643e+00
     vertex -8.267335e+01  3.000000e+00 -8.959713e+00
     vertex -8.259259e+01  3.000000e+00 -9.003941e+00
   endloop
 endfacet
 facet normal -2.706105e-01  7.070744e-01 -6.533114e-01
   outer loop
     vertex -8.240652e+01  2.600000e+00 -9.530112e+00
     vertex -8.248055e+01  2.400000e+00 -9.715907e+00
     vertex -8.258063e+01  2.400000e+00 -9.674452e+00
   endloop
 endfacet
 facet normal -2.528199e-01  7.070744e-01 -6.603998e-01
   outer loop
     vertex -8.240652e+01  2.600000e+00 -9.530112e+00
     vertex -8.237939e+01  2.400000e+00 -9.754637e+00
     vertex -8.248055e+01  2.400000e+00 -9.715907e+00
   endloop
 endfacet
 facet normal -2.784475e-01  7.095574e-01 -6.472985e-01
   outer loop
     vertex -8.240652e+01  2.600000e+00 -9.530112e+00
     vertex -8.258063e+01  2.400000e+00 -9.674452e+00
     vertex -8.259558e+01  2.600000e+00 -9.448787e+00
   endloop
 endfacet
 facet normal -3.055831e-01  7.070744e-01 -6.377027e-01
   outer loop
     vertex -8.251160e+01  2.800000e+00 -9.267272e+00
     vertex -8.251066e+01  3.000000e+00 -9.045966e+00
     vertex -8.242762e+01  3.000000e+00 -9.085756e+00
   endloop
 endfacet
 facet normal -2.882025e-01  7.070744e-01 -6.457439e-01
   outer loop
     vertex -8.251160e+01  2.800000e+00 -9.267272e+00
     vertex -8.242762e+01  3.000000e+00 -9.085756e+00
     vertex -8.234354e+01  3.000000e+00 -9.123284e+00
   endloop
 endfacet
 facet normal -3.142334e-01  7.069771e-01 -6.335935e-01
   outer loop
     vertex -8.251160e+01  2.800000e+00 -9.267272e+00
     vertex -8.277995e+01  2.600000e+00 -9.357346e+00
     vertex -8.268627e+01  2.800000e+00 -9.180643e+00
   endloop
 endfacet
 facet normal -3.152144e-01  7.047614e-01 -6.355715e-01
   outer loop
     vertex -8.251160e+01  2.800000e+00 -9.267272e+00
     vertex -8.268627e+01  2.800000e+00 -9.180643e+00
     vertex -8.251066e+01  3.000000e+00 -9.045966e+00
   endloop
 endfacet
 facet normal -3.142334e-01  7.069771e-01 -6.335935e-01
   outer loop
     vertex -8.251160e+01  2.800000e+00 -9.267272e+00
     vertex -8.259558e+01  2.600000e+00 -9.448787e+00
     vertex -8.277995e+01  2.600000e+00 -9.357346e+00
   endloop
 endfacet
 facet normal -2.429951e-01  7.095574e-01 -6.614240e-01
   outer loop
     vertex -8.221335e+01  2.600000e+00 -9.601082e+00
     vertex -8.237939e+01  2.400000e+00 -9.754637e+00
     vertex -8.240652e+01  2.600000e+00 -9.530112e+00
   endloop
 endfacet
 facet normal -2.348440e-01  7.070744e-01 -6.670038e-01
   outer loop
     vertex -8.221335e+01  2.600000e+00 -9.601082e+00
     vertex -8.227721e+01  2.400000e+00 -9.790613e+00
     vertex -8.237939e+01  2.400000e+00 -9.754637e+00
   endloop
 endfacet
 facet normal -2.166958e-01  7.070744e-01 -6.731187e-01
   outer loop
     vertex -8.221335e+01  2.600000e+00 -9.601082e+00
     vertex -8.217409e+01  2.400000e+00 -9.823809e+00
     vertex -8.227721e+01  2.400000e+00 -9.790613e+00
   endloop
 endfacet
 facet normal -2.706105e-01  7.070744e-01 -6.533114e-01
   outer loop
     vertex -8.233250e+01  2.800000e+00 -9.344316e+00
     vertex -8.234354e+01  3.000000e+00 -9.123284e+00
     vertex -8.225847e+01  3.000000e+00 -9.158521e+00
   endloop
 endfacet
 facet normal -2.528199e-01  7.070744e-01 -6.603998e-01
   outer loop
     vertex -8.233250e+01  2.800000e+00 -9.344316e+00
     vertex -8.225847e+01  3.000000e+00 -9.158521e+00
     vertex -8.217248e+01  3.000000e+00 -9.191441e+00
   endloop
 endfacet
 facet normal -2.794705e-01  7.069771e-01 -6.496765e-01
   outer loop
     vertex -8.233250e+01  2.800000e+00 -9.344316e+00
     vertex -8.240652e+01  2.600000e+00 -9.530112e+00
     vertex -8.259558e+01  2.600000e+00 -9.448787e+00
   endloop
 endfacet
 facet normal -2.794705e-01  7.069771e-01 -6.496765e-01
   outer loop
     vertex -8.233250e+01  2.800000e+00 -9.344316e+00
     vertex -8.259558e+01  2.600000e+00 -9.448787e+00
     vertex -8.251160e+01  2.800000e+00 -9.267272e+00
   endloop
 endfacet
 facet normal -2.803430e-01  7.047614e-01 -6.517048e-01
   outer loop
     vertex -8.233250e+01  2.800000e+00 -9.344316e+00
     vertex -8.251160e+01  2.800000e+00 -9.267272e+00
     vertex -8.234354e+01  3.000000e+00 -9.123284e+00
   endloop
 endfacet
 facet normal -1.983887e-01  7.070744e-01 -6.787398e-01
   outer loop
     vertex -8.201661e+01  2.600000e+00 -9.661490e+00
     vertex -8.207011e+01  2.400000e+00 -9.854200e+00
     vertex -8.217409e+01  2.400000e+00 -9.823809e+00
   endloop
 endfacet
 facet normal -1.799361e-01  7.070744e-01 -6.838632e-01
   outer loop
     vertex -8.201661e+01  2.600000e+00 -9.661490e+00
     vertex -8.196535e+01  2.400000e+00 -9.881765e+00
     vertex -8.207011e+01  2.400000e+00 -9.854200e+00
   endloop
 endfacet
 facet normal -2.068300e-01  7.095574e-01 -6.736095e-01
   outer loop
     vertex -8.201661e+01  2.600000e+00 -9.661490e+00
     vertex -8.217409e+01  2.400000e+00 -9.823809e+00
     vertex -8.221335e+01  2.600000e+00 -9.601082e+00
   endloop
 endfacet
 facet normal -2.348440e-01  7.070744e-01 -6.670038e-01
   outer loop
     vertex -8.214949e+01  2.800000e+00 -9.411551e+00
     vertex -8.217248e+01  3.000000e+00 -9.191441e+00
     vertex -8.208563e+01  3.000000e+00 -9.222021e+00
   endloop
 endfacet
 facet normal -2.166958e-01  7.070744e-01 -6.731187e-01
   outer loop
     vertex -8.214949e+01  2.800000e+00 -9.411551e+00
     vertex -8.208563e+01  3.000000e+00 -9.222021e+00
     vertex -8.199798e+01  3.000000e+00 -9.250237e+00
   endloop
 endfacet
 facet normal -2.446493e-01  7.047614e-01 -6.659265e-01
   outer loop
     vertex -8.214949e+01  2.800000e+00 -9.411551e+00
     vertex -8.233250e+01  2.800000e+00 -9.344316e+00
     vertex -8.217248e+01  3.000000e+00 -9.191441e+00
   endloop
 endfacet
 facet normal -2.438879e-01  7.069771e-01 -6.638540e-01
   outer loop
     vertex -8.214949e+01  2.800000e+00 -9.411551e+00
     vertex -8.221335e+01  2.600000e+00 -9.601082e+00
     vertex -8.240652e+01  2.600000e+00 -9.530112e+00
   endloop
 endfacet
 facet normal -2.438879e-01  7.069771e-01 -6.638540e-01
   outer loop
     vertex -8.214949e+01  2.800000e+00 -9.411551e+00
     vertex -8.240652e+01  2.600000e+00 -9.530112e+00
     vertex -8.233250e+01  2.800000e+00 -9.344316e+00
   endloop
 endfacet
 facet normal -1.700582e-01  7.095574e-01 -6.838191e-01
   outer loop
     vertex -8.181689e+01  2.600000e+00 -9.711158e+00
     vertex -8.196535e+01  2.400000e+00 -9.881765e+00
     vertex -8.201661e+01  2.600000e+00 -9.661490e+00
   endloop
 endfacet
 facet normal -1.613515e-01  7.070744e-01 -6.884849e-01
   outer loop
     vertex -8.181689e+01  2.600000e+00 -9.711158e+00
     vertex -8.185988e+01  2.400000e+00 -9.906482e+00
     vertex -8.196535e+01  2.400000e+00 -9.881765e+00
   endloop
 endfacet
 facet normal -1.426486e-01  7.070744e-01 -6.926018e-01
   outer loop
     vertex -8.181689e+01  2.600000e+00 -9.711158e+00
     vertex -8.175378e+01  2.400000e+00 -9.928335e+00
     vertex -8.185988e+01  2.400000e+00 -9.906482e+00
   endloop
 endfacet
 facet normal -1.983887e-01  7.070744e-01 -6.787398e-01
   outer loop
     vertex -8.196310e+01  2.800000e+00 -9.468780e+00
     vertex -8.199798e+01  3.000000e+00 -9.250237e+00
     vertex -8.190960e+01  3.000000e+00 -9.276070e+00
   endloop
 endfacet
 facet normal -1.799361e-01  7.070744e-01 -6.838632e-01
   outer loop
     vertex -8.196310e+01  2.800000e+00 -9.468780e+00
     vertex -8.190960e+01  3.000000e+00 -9.276070e+00
     vertex -8.182055e+01  3.000000e+00 -9.299500e+00
   endloop
 endfacet
 facet normal -2.082379e-01  7.047614e-01 -6.781949e-01
   outer loop
     vertex -8.196310e+01  2.800000e+00 -9.468780e+00
     vertex -8.214949e+01  2.800000e+00 -9.411551e+00
     vertex -8.199798e+01  3.000000e+00 -9.250237e+00
   endloop
 endfacet
 facet normal -2.075899e-01  7.069771e-01 -6.760842e-01
   outer loop
     vertex -8.196310e+01  2.800000e+00 -9.468780e+00
     vertex -8.201661e+01  2.600000e+00 -9.661490e+00
     vertex -8.221335e+01  2.600000e+00 -9.601082e+00
   endloop
 endfacet
 facet normal -1.706830e-01  7.069771e-01 -6.863313e-01
   outer loop
     vertex -8.196310e+01  2.800000e+00 -9.468780e+00
     vertex -8.181689e+01  2.600000e+00 -9.711158e+00
     vertex -8.201661e+01  2.600000e+00 -9.661490e+00
   endloop
 endfacet
 facet normal -2.075899e-01  7.069771e-01 -6.760842e-01
   outer loop
     vertex -8.196310e+01  2.800000e+00 -9.468780e+00
     vertex -8.221335e+01  2.600000e+00 -9.601082e+00
     vertex -8.214949e+01  2.800000e+00 -9.411551e+00
   endloop
 endfacet
 facet normal -1.327876e-01  7.095574e-01 -6.920230e-01
   outer loop
     vertex -8.161477e+01  2.600000e+00 -9.749941e+00
     vertex -8.175378e+01  2.400000e+00 -9.928335e+00
     vertex -8.181689e+01  2.600000e+00 -9.711158e+00
   endloop
 endfacet
 facet normal -1.238411e-01  7.070744e-01 -6.962106e-01
   outer loop
     vertex -8.161477e+01  2.600000e+00 -9.749941e+00
     vertex -8.164713e+01  2.400000e+00 -9.947306e+00
     vertex -8.175378e+01  2.400000e+00 -9.928335e+00
   endloop
 endfacet
 facet normal -1.049427e-01  7.070744e-01 -6.993089e-01
   outer loop
     vertex -8.161477e+01  2.600000e+00 -9.749941e+00
     vertex -8.154000e+01  2.400000e+00 -9.963382e+00
     vertex -8.164713e+01  2.400000e+00 -9.947306e+00
   endloop
 endfacet
 facet normal -1.613515e-01  7.070744e-01 -6.884849e-01
   outer loop
     vertex -8.177389e+01  2.800000e+00 -9.515834e+00
     vertex -8.182055e+01  3.000000e+00 -9.299500e+00
     vertex -8.173090e+01  3.000000e+00 -9.320510e+00
   endloop
 endfacet
 facet normal -1.426486e-01  7.070744e-01 -6.926018e-01
   outer loop
     vertex -8.177389e+01  2.800000e+00 -9.515834e+00
     vertex -8.173090e+01  3.000000e+00 -9.320510e+00
     vertex -8.164071e+01  3.000000e+00 -9.339085e+00
   endloop
 endfacet
 facet normal -1.712158e-01  7.047614e-01 -6.884740e-01
   outer loop
     vertex -8.177389e+01  2.800000e+00 -9.515834e+00
     vertex -8.196310e+01  2.800000e+00 -9.468780e+00
     vertex -8.182055e+01  3.000000e+00 -9.299500e+00
   endloop
 endfacet
 facet normal -1.706830e-01  7.069771e-01 -6.863313e-01
   outer loop
     vertex -8.177389e+01  2.800000e+00 -9.515834e+00
     vertex -8.181689e+01  2.600000e+00 -9.711158e+00
     vertex -8.196310e+01  2.800000e+00 -9.468780e+00
   endloop
 endfacet
 facet normal -8.596738e-02  7.070744e-01 -7.018942e-01
   outer loop
     vertex -8.141085e+01  2.600000e+00 -9.777724e+00
     vertex -8.143248e+01  2.400000e+00 -9.976552e+00
     vertex -8.154000e+01  2.400000e+00 -9.963382e+00
   endloop
 endfacet
 facet normal -6.692899e-02  7.070744e-01 -7.039647e-01
   outer loop
     vertex -8.141085e+01  2.600000e+00 -9.777724e+00
     vertex -8.132463e+01  2.400000e+00 -9.986805e+00
     vertex -8.143248e+01  2.400000e+00 -9.976552e+00
   endloop
 endfacet
 facet normal -9.512745e-02  7.095574e-01 -6.981971e-01
   outer loop
     vertex -8.141085e+01  2.600000e+00 -9.777724e+00
     vertex -8.154000e+01  2.400000e+00 -9.963382e+00
     vertex -8.161477e+01  2.600000e+00 -9.749941e+00
   endloop
 endfacet
 facet normal -1.238411e-01  7.070744e-01 -6.962106e-01
   outer loop
     vertex -8.158242e+01  2.800000e+00 -9.552575e+00
     vertex -8.164071e+01  3.000000e+00 -9.339085e+00
     vertex -8.155006e+01  3.000000e+00 -9.355210e+00
   endloop
 endfacet
 facet normal -1.049427e-01  7.070744e-01 -6.993089e-01
   outer loop
     vertex -8.158242e+01  2.800000e+00 -9.552575e+00
     vertex -8.155006e+01  3.000000e+00 -9.355210e+00
     vertex -8.145900e+01  3.000000e+00 -9.368875e+00
   endloop
 endfacet
 facet normal -1.332754e-01  7.069771e-01 -6.945654e-01
   outer loop
     vertex -8.158242e+01  2.800000e+00 -9.552575e+00
     vertex -8.161477e+01  2.600000e+00 -9.749941e+00
     vertex -8.181689e+01  2.600000e+00 -9.711158e+00
   endloop
 endfacet
 facet normal -1.336915e-01  7.047614e-01 -6.967337e-01
   outer loop
     vertex -8.158242e+01  2.800000e+00 -9.552575e+00
     vertex -8.177389e+01  2.800000e+00 -9.515834e+00
     vertex -8.164071e+01  3.000000e+00 -9.339085e+00
   endloop
 endfacet
 facet normal -1.332754e-01  7.069771e-01 -6.945654e-01
   outer loop
     vertex -8.158242e+01  2.800000e+00 -9.552575e+00
     vertex -8.181689e+01  2.600000e+00 -9.711158e+00
     vertex -8.177389e+01  2.800000e+00 -9.515834e+00
   endloop
 endfacet
 facet normal -5.718831e-02  7.095574e-01 -7.023232e-01
   outer loop
     vertex -8.120573e+01  2.600000e+00 -9.794427e+00
     vertex -8.132463e+01  2.400000e+00 -9.986805e+00
     vertex -8.141085e+01  2.600000e+00 -9.777724e+00
   endloop
 endfacet
 facet normal -4.784152e-02  7.070744e-01 -7.055190e-01
   outer loop
     vertex -8.120573e+01  2.600000e+00 -9.794427e+00
     vertex -8.121656e+01  2.400000e+00 -9.994134e+00
     vertex -8.132463e+01  2.400000e+00 -9.986805e+00
   endloop
 endfacet
 facet normal -2.871895e-02  7.070744e-01 -7.065558e-01
   outer loop
     vertex -8.120573e+01  2.600000e+00 -9.794427e+00
     vertex -8.110832e+01  2.400000e+00 -9.998533e+00
     vertex -8.121656e+01  2.400000e+00 -9.994134e+00
   endloop
 endfacet
 facet normal -9.508848e-03  7.119503e-01 -7.021655e-01
   outer loop
     vertex -8.120573e+01  2.600000e+00 -9.794427e+00
     vertex -8.100000e+01  2.400000e+00 -1.000000e+01
     vertex -8.110832e+01  2.400000e+00 -9.998533e+00
   endloop
 endfacet
 facet normal -8.596738e-02  7.070744e-01 -7.018942e-01
   outer loop
     vertex -8.138923e+01  2.800000e+00 -9.578897e+00
     vertex -8.145900e+01  3.000000e+00 -9.368875e+00
     vertex -8.136760e+01  3.000000e+00 -9.380069e+00
   endloop
 endfacet
 facet normal -6.692899e-02  7.070744e-01 -7.039647e-01
   outer loop
     vertex -8.138923e+01  2.800000e+00 -9.578897e+00
     vertex -8.136760e+01  3.000000e+00 -9.380069e+00
     vertex -8.127594e+01  3.000000e+00 -9.388784e+00
   endloop
 endfacet
 facet normal -9.577500e-02  7.047614e-01 -7.029498e-01
   outer loop
     vertex -8.138923e+01  2.800000e+00 -9.578897e+00
     vertex -8.158242e+01  2.800000e+00 -9.552575e+00
     vertex -8.145900e+01  3.000000e+00 -9.368875e+00
   endloop
 endfacet
 facet normal -9.547693e-02  7.069771e-01 -7.007621e-01
   outer loop
     vertex -8.138923e+01  2.800000e+00 -9.578897e+00
     vertex -8.141085e+01  2.600000e+00 -9.777724e+00
     vertex -8.161477e+01  2.600000e+00 -9.749941e+00
   endloop
 endfacet
 facet normal -9.547693e-02  7.069771e-01 -7.007621e-01
   outer loop
     vertex -8.138923e+01  2.800000e+00 -9.578897e+00
     vertex -8.161477e+01  2.600000e+00 -9.749941e+00
     vertex -8.158242e+01  2.800000e+00 -9.552575e+00
   endloop
 endfacet
 facet normal -4.784152e-02  7.070744e-01 -7.055190e-01
   outer loop
     vertex -8.119490e+01  2.800000e+00 -9.594720e+00
     vertex -8.127594e+01  3.000000e+00 -9.388784e+00
     vertex -8.118407e+01  3.000000e+00 -9.395014e+00
   endloop
 endfacet
 facet normal -2.871895e-02  7.070744e-01 -7.065558e-01
   outer loop
     vertex -8.119490e+01  2.800000e+00 -9.594720e+00
     vertex -8.118407e+01  3.000000e+00 -9.395014e+00
     vertex -8.109207e+01  3.000000e+00 -9.398753e+00
   endloop
 endfacet
 facet normal -9.638732e-03  7.023601e-01 -7.117565e-01
   outer loop
     vertex -8.119490e+01  2.800000e+00 -9.594720e+00
     vertex -8.109207e+01  3.000000e+00 -9.398753e+00
     vertex -8.100000e+01  3.000000e+00 -9.400000e+00
   endloop
 endfacet
 facet normal -1.915153e-02  7.069771e-01 -7.069771e-01
   outer loop
     vertex -8.119490e+01  2.800000e+00 -9.594720e+00
     vertex -8.100000e+01  3.000000e+00 -9.400000e+00
     vertex -8.100000e+01  2.400000e+00 -1.000000e+01
   endloop
 endfacet
 facet normal -5.757760e-02  7.047614e-01 -7.071040e-01
   outer loop
     vertex -8.119490e+01  2.800000e+00 -9.594720e+00
     vertex -8.138923e+01  2.800000e+00 -9.578897e+00
     vertex -8.127594e+01  3.000000e+00 -9.388784e+00
   endloop
 endfacet
 facet normal -1.915153e-02  7.069771e-01 -7.069771e-01
   outer loop
     vertex -8.119490e+01  2.800000e+00 -9.594720e+00
     vertex -8.100000e+01  2.400000e+00 -1.000000e+01
     vertex -8.120573e+01  2.600000e+00 -9.794427e+00
   endloop
 endfacet
 facet normal -5.739841e-02  7.069771e-01 -7.049034e-01
   outer loop
     vertex -8.119490e+01  2.800000e+00 -9.594720e+00
     vertex -8.141085e+01  2.600000e+00 -9.777724e+00
     vertex -8.138923e+01  2.800000e+00 -9.578897e+00
   endloop
 endfacet
 facet normal -5.739841e-02  7.069771e-01 -7.049034e-01
   outer loop
     vertex -8.119490e+01  2.800000e+00 -9.594720e+00
     vertex -8.120573e+01  2.600000e+00 -9.794427e+00
     vertex -8.141085e+01  2.600000e+00 -9.777724e+00
   endloop
 endfacet
 facet normal  0.000000e+00  1.000000e+00  0.000000e+00
   outer loop
     vertex -8.320111e+01  3.000000e+00 -8.591351e+00
     vertex -8.327048e+01  3.000000e+00 -8.530796e+00
     vertex -8.333818e+01  3.000000e+00 -8.468385e+00
   endloop
 endfacet
 facet normal  0.000000e+00  1.000000e+00  0.000000e+00
   outer loop
     vertex -8.359135e+01  3.000000e+00 -8.201113e+00
     vertex -8.346838e+01  3.000000e+00 -8.338178e+00
     vertex -8.353080e+01  3.000000e+00 -8.270478e+00
   endloop
 endfacet
 facet normal  0.000000e+00  1.000000e+00  0.000000e+00
   outer loop
     vertex -8.359135e+01  3.000000e+00 -8.201113e+00
     vertex -8.340416e+01  3.000000e+00 -8.404163e+00
     vertex -8.346838e+01  3.000000e+00 -8.338178e+00
   endloop
 endfacet
 facet normal  0.000000e+00  1.000000e+00  0.000000e+00
   outer loop
     vertex -8.359135e+01  3.000000e+00 -8.201113e+00
     vertex -8.333818e+01  3.000000e+00 -8.468385e+00
     vertex -8.340416e+01  3.000000e+00 -8.404163e+00
   endloop
 endfacet
 facet normal  0.000000e+00  1.000000e+00  0.000000e+00
   outer loop
     vertex -8.359135e+01  3.000000e+00 -8.201113e+00
     vertex -8.320111e+01  3.000000e+00 -8.591351e+00
     vertex -8.333818e+01  3.000000e+00 -8.468385e+00
   endloop
 endfacet
 facet normal  0.000000e+00  1.000000e+00  0.000000e+00
   outer loop
     vertex -8.370672e+01  3.000000e+00 -8.057592e+00
     vertex -8.359135e+01  3.000000e+00 -8.201113e+00
     vertex -8.365001e+01  3.000000e+00 -8.130134e+00
   endloop
 endfacet
 facet normal  0.000000e+00  1.000000e+00  0.000000e+00
   outer loop
     vertex -8.305759e+01  3.000000e+00 -8.706716e+00
     vertex -8.313013e+01  3.000000e+00 -8.650005e+00
     vertex -8.320111e+01  3.000000e+00 -8.591351e+00
   endloop
 endfacet
 facet normal -9.255862e-14  1.000000e+00 -7.440070e-14
   outer loop
     vertex -8.376144e+01  3.000000e+00 -7.983542e+00
     vertex -8.359135e+01  3.000000e+00 -8.201113e+00
     vertex -8.370672e+01  3.000000e+00 -8.057592e+00
   endloop
 endfacet
 facet normal  0.000000e+00  1.000000e+00  0.000000e+00
   outer loop
     vertex -8.290804e+01  3.000000e+00 -8.814143e+00
     vertex -8.298354e+01  3.000000e+00 -8.761442e+00
     vertex -8.305759e+01  3.000000e+00 -8.706716e+00
   endloop
 endfacet
 facet normal  2.435620e-14  1.000000e+00  1.699984e-14
   outer loop
     vertex -8.381414e+01  3.000000e+00 -7.908036e+00
     vertex -8.359135e+01  3.000000e+00 -8.201113e+00
     vertex -8.376144e+01  3.000000e+00 -7.983542e+00
   endloop
 endfacet
 facet normal  0.000000e+00  1.000000e+00  0.000000e+00
   outer loop
     vertex -8.267335e+01  3.000000e+00 -8.959713e+00
     vertex -8.283113e+01  3.000000e+00 -8.864779e+00
     vertex -8.290804e+01  3.000000e+00 -8.814143e+00
   endloop
 endfacet
 facet normal  0.000000e+00  1.000000e+00  0.000000e+00
   outer loop
     vertex -8.267335e+01  3.000000e+00 -8.959713e+00
     vertex -8.275288e+01  3.000000e+00 -8.913314e+00
     vertex -8.283113e+01  3.000000e+00 -8.864779e+00
   endloop
 endfacet
 facet normal  0.000000e+00  1.000000e+00  0.000000e+00
   outer loop
     vertex -8.267335e+01  3.000000e+00 -8.959713e+00
     vertex -8.290804e+01  3.000000e+00 -8.814143e+00
     vertex -8.305759e+01  3.000000e+00 -8.706716e+00
   endloop
 endfacet
 facet normal  1.083073e-14  1.000000e+00  6.718047e-15
   outer loop
     vertex -8.395971e+01  3.000000e+00 -7.673350e+00
     vertex -8.359135e+01  3.000000e+00 -8.201113e+00
     vertex -8.381414e+01  3.000000e+00 -7.908036e+00
   endloop
 endfacet
 facet normal  0.000000e+00  1.000000e+00  0.000000e+00
   outer loop
     vertex -8.395971e+01  3.000000e+00 -7.673350e+00
     vertex -8.386478e+01  3.000000e+00 -7.831131e+00
     vertex -8.391331e+01  3.000000e+00 -7.752883e+00
   endloop
 endfacet
 facet normal  0.000000e+00  1.000000e+00  0.000000e+00
   outer loop
     vertex -8.395971e+01  3.000000e+00 -7.673350e+00
     vertex -8.381414e+01  3.000000e+00 -7.908036e+00
     vertex -8.386478e+01  3.000000e+00 -7.831131e+00
   endloop
 endfacet
 facet normal  0.000000e+00  1.000000e+00  0.000000e+00
   outer loop
     vertex -8.404597e+01  3.000000e+00 -7.510660e+00
     vertex -8.395971e+01  3.000000e+00 -7.673350e+00
     vertex -8.400394e+01  3.000000e+00 -7.592589e+00
   endloop
 endfacet
 facet normal  0.000000e+00  1.000000e+00  0.000000e+00
   outer loop
     vertex -8.251066e+01  3.000000e+00 -9.045966e+00
     vertex -8.259259e+01  3.000000e+00 -9.003941e+00
     vertex -8.267335e+01  3.000000e+00 -8.959713e+00
   endloop
 endfacet
 facet normal  0.000000e+00  1.000000e+00  0.000000e+00
   outer loop
     vertex -8.408576e+01  3.000000e+00 -7.427623e+00
     vertex -8.395971e+01  3.000000e+00 -7.673350e+00
     vertex -8.404597e+01  3.000000e+00 -7.510660e+00
   endloop
 endfacet
 facet normal  0.000000e+00  1.000000e+00  0.000000e+00
   outer loop
     vertex -8.242762e+01  3.000000e+00 -9.085756e+00
     vertex -8.251066e+01  3.000000e+00 -9.045966e+00
     vertex -8.267335e+01  3.000000e+00 -8.959713e+00
   endloop
 endfacet
 facet normal  0.000000e+00  1.000000e+00  0.000000e+00
   outer loop
     vertex -8.234354e+01  3.000000e+00 -9.123284e+00
     vertex -8.305759e+01  3.000000e+00 -8.706716e+00
     vertex -8.320111e+01  3.000000e+00 -8.591351e+00
   endloop
 endfacet
 facet normal  0.000000e+00  1.000000e+00  0.000000e+00
   outer loop
     vertex -8.234354e+01  3.000000e+00 -9.123284e+00
     vertex -8.242762e+01  3.000000e+00 -9.085756e+00
     vertex -8.267335e+01  3.000000e+00 -8.959713e+00
   endloop
 endfacet
 facet normal  0.000000e+00  1.000000e+00  0.000000e+00
   outer loop
     vertex -8.234354e+01  3.000000e+00 -9.123284e+00
     vertex -8.267335e+01  3.000000e+00 -8.959713e+00
     vertex -8.305759e+01  3.000000e+00 -8.706716e+00
   endloop
 endfacet
 facet normal  0.000000e+00  1.000000e+00  0.000000e+00
   outer loop
     vertex -8.208563e+01  3.000000e+00 -9.222021e+00
     vertex -8.225847e+01  3.000000e+00 -9.158521e+00
     vertex -8.234354e+01  3.000000e+00 -9.123284e+00
   endloop
 endfacet
 facet normal  0.000000e+00  1.000000e+00  0.000000e+00
   outer loop
     vertex -8.208563e+01  3.000000e+00 -9.222021e+00
     vertex -8.217248e+01  3.000000e+00 -9.191441e+00
     vertex -8.225847e+01  3.000000e+00 -9.158521e+00
   endloop
 endfacet
 facet normal  0.000000e+00  1.000000e+00  0.000000e+00
   outer loop
     vertex -8.199798e+01  3.000000e+00 -9.250237e+00
     vertex -8.208563e+01  3.000000e+00 -9.222021e+00
     vertex -8.234354e+01  3.000000e+00 -9.123284e+00
   endloop
 endfacet
 facet normal  0.000000e+00  1.000000e+00  0.000000e+00
   outer loop
     vertex -8.199798e+01  3.000000e+00 -9.250237e+00
     vertex -8.234354e+01  3.000000e+00 -9.123284e+00
     vertex -8.320111e+01  3.000000e+00 -8.591351e+00
   endloop
 endfacet
 facet normal  0.000000e+00  1.000000e+00  0.000000e+00
   outer loop
     vertex -8.425024e+01  3.000000e+00 -6.997977e+00
     vertex -8.419144e+01  3.000000e+00 -7.172477e+00
     vertex -8.422202e+01  3.000000e+00 -7.085625e+00
   endloop
 endfacet
 facet normal  0.000000e+00  1.000000e+00  0.000000e+00
   outer loop
     vertex -8.425024e+01  3.000000e+00 -6.997977e+00
     vertex -8.415852e+01  3.000000e+00 -7.258470e+00
     vertex -8.419144e+01  3.000000e+00 -7.172477e+00
   endloop
 endfacet
 facet normal  0.000000e+00  1.000000e+00  0.000000e+00
   outer loop
     vertex -8.425024e+01  3.000000e+00 -6.997977e+00
     vertex -8.412328e+01  3.000000e+00 -7.343539e+00
     vertex -8.415852e+01  3.000000e+00 -7.258470e+00
   endloop
 endfacet
 facet normal  0.000000e+00  1.000000e+00  0.000000e+00
   outer loop
     vertex -8.425024e+01  3.000000e+00 -6.997977e+00
     vertex -8.408576e+01  3.000000e+00 -7.427623e+00
     vertex -8.412328e+01  3.000000e+00 -7.343539e+00
   endloop
 endfacet
 facet normal  0.000000e+00  1.000000e+00  0.000000e+00
   outer loop
     vertex -8.429950e+01  3.000000e+00 -6.820549e+00
     vertex -8.425024e+01  3.000000e+00 -6.997977e+00
     vertex -8.427607e+01  3.000000e+00 -6.909596e+00
   endloop
 endfacet
 facet normal  0.000000e+00  1.000000e+00  0.000000e+00
   outer loop
     vertex -8.173090e+01  3.000000e+00 -9.320510e+00
     vertex -8.182055e+01  3.000000e+00 -9.299500e+00
     vertex -8.190960e+01  3.000000e+00 -9.276070e+00
   endloop
 endfacet
 facet normal  0.000000e+00  1.000000e+00  0.000000e+00
   outer loop
     vertex -8.432051e+01  3.000000e+00 -6.730899e+00
     vertex -8.425024e+01  3.000000e+00 -6.997977e+00
     vertex -8.429950e+01  3.000000e+00 -6.820549e+00
   endloop
 endfacet
 facet normal  0.000000e+00  1.000000e+00  0.000000e+00
   outer loop
     vertex -8.164071e+01  3.000000e+00 -9.339085e+00
     vertex -8.173090e+01  3.000000e+00 -9.320510e+00
     vertex -8.190960e+01  3.000000e+00 -9.276070e+00
   endloop
 endfacet
 facet normal  0.000000e+00  1.000000e+00  0.000000e+00
   outer loop
     vertex -8.164071e+01  3.000000e+00 -9.339085e+00
     vertex -8.190960e+01  3.000000e+00 -9.276070e+00
     vertex -8.199798e+01  3.000000e+00 -9.250237e+00
   endloop
 endfacet
 facet normal  0.000000e+00  1.000000e+00  0.000000e+00
   outer loop
     vertex -8.435521e+01  3.000000e+00 -6.550059e+00
     vertex -8.408576e+01  3.000000e+00 -7.427623e+00
     vertex -8.425024e+01  3.000000e+00 -6.997977e+00
   endloop
 endfacet
 facet normal -1.725735e-16  1.000000e+00 -3.151218e-16
   outer loop
     vertex -8.435521e+01  3.000000e+00 -6.550059e+00
     vertex -8.199798e+01  3.000000e+00 -9.250237e+00
     vertex -8.320111e+01  3.000000e+00 -8.591351e+00
   endloop
 endfacet
 facet normal -5.005540e-16  1.000000e+00 -5.005540e-16
   outer loop
     vertex -8.435521e+01  3.000000e+00 -6.550059e+00
     vertex -8.320111e+01  3.000000e+00 -8.591351e+00
     vertex -8.359135e+01  3.000000e+00 -8.201113e+00
   endloop
 endfacet
 facet normal  0.000000e+00  1.000000e+00  0.000000e+00
   outer loop
     vertex -8.435521e+01  3.000000e+00 -6.550059e+00
     vertex -8.425024e+01  3.000000e+00 -6.997977e+00
     vertex -8.432051e+01  3.000000e+00 -6.730899e+00
   endloop
 endfacet
 facet normal  2.432795e-15  1.000000e+00  8.565579e-16
   outer loop
     vertex -8.435521e+01  3.000000e+00 -6.550059e+00
     vertex -8.359135e+01  3.000000e+00 -8.201113e+00
     vertex -8.395971e+01  3.000000e+00 -7.673350e+00
   endloop
 endfacet
 facet normal  0.000000e+00  1.000000e+00  0.000000e+00
   outer loop
     vertex -8.435521e+01  3.000000e+00 -6.550059e+00
     vertex -8.432051e+01  3.000000e+00 -6.730899e+00
     vertex -8.433908e+01  3.000000e+00 -6.640714e+00
   endloop
 endfacet
 facet normal  0.000000e+00  1.000000e+00  0.000000e+00
   outer loop
     vertex -8.435521e+01  3.000000e+00 -6.550059e+00
     vertex -8.395971e+01  3.000000e+00 -7.673350e+00
     vertex -8.408576e+01  3.000000e+00 -7.427623e+00
   endloop
 endfacet
 facet normal  0.000000e+00  1.000000e+00  0.000000e+00
   outer loop
     vertex -8.145900e+01  3.000000e+00 -9.368875e+00
     vertex -8.155006e+01  3.000000e+00 -9.355210e+00
     vertex -8.164071e+01  3.000000e+00 -9.339085e+00
   endloop
 endfacet
 facet normal  0.000000e+00  1.000000e+00  0.000000e+00
   outer loop
     vertex -8.136760e+01  3.000000e+00 -9.380069e+00
     vertex -8.145900e+01  3.000000e+00 -9.368875e+00
     vertex -8.164071e+01  3.000000e+00 -9.339085e+00
   endloop
 endfacet
 facet normal  0.000000e+00  1.000000e+00  0.000000e+00
   outer loop
     vertex -8.118407e+01  3.000000e+00 -9.395014e+00
     vertex -8.127594e+01  3.000000e+00 -9.388784e+00
     vertex -8.136760e+01  3.000000e+00 -9.380069e+00
   endloop
 endfacet
 facet normal  0.000000e+00  1.000000e+00  0.000000e+00
   outer loop
     vertex -8.118407e+01  3.000000e+00 -9.395014e+00
     vertex -8.136760e+01  3.000000e+00 -9.380069e+00
     vertex -8.164071e+01  3.000000e+00 -9.339085e+00
   endloop
 endfacet
 facet normal  0.000000e+00  1.000000e+00  0.000000e+00
   outer loop
     vertex -8.439501e+01  3.000000e+00 -6.184072e+00
     vertex -8.438007e+01  3.000000e+00 -6.367605e+00
     vertex -8.438878e+01  3.000000e+00 -6.275940e+00
   endloop
 endfacet
 facet normal  0.000000e+00  1.000000e+00  0.000000e+00
   outer loop
     vertex -8.439501e+01  3.000000e+00 -6.184072e+00
     vertex -8.436888e+01  3.000000e+00 -6.459000e+00
     vertex -8.438007e+01  3.000000e+00 -6.367605e+00
   endloop
 endfacet
 facet normal  0.000000e+00  1.000000e+00  0.000000e+00
   outer loop
     vertex -8.439501e+01  3.000000e+00 -6.184072e+00
     vertex -8.435521e+01  3.000000e+00 -6.550059e+00
     vertex -8.436888e+01  3.000000e+00 -6.459000e+00
   endloop
 endfacet
 facet normal  4.836730e-16  1.000000e+00  2.577759e-16
   outer loop
     vertex -8.100000e+01  3.000000e+00 -9.400000e+00
     vertex -8.199798e+01  3.000000e+00 -9.250237e+00
     vertex -8.435521e+01  3.000000e+00 -6.550059e+00
   endloop
 endfacet
 facet normal  1.122096e-15  1.000000e+00  4.512048e-15
   outer loop
     vertex -8.100000e+01  3.000000e+00 -9.400000e+00
     vertex -8.164071e+01  3.000000e+00 -9.339085e+00
     vertex -8.199798e+01  3.000000e+00 -9.250237e+00
   endloop
 endfacet
 facet normal  3.097718e-15  1.000000e+00  2.529181e-14
   outer loop
     vertex -8.100000e+01  3.000000e+00 -9.400000e+00
     vertex -8.118407e+01  3.000000e+00 -9.395014e+00
     vertex -8.164071e+01  3.000000e+00 -9.339085e+00
   endloop
 endfacet
 facet normal  7.233318e-15  1.000000e+00  1.779572e-13
   outer loop
     vertex -8.100000e+01  3.000000e+00 -9.400000e+00
     vertex -8.109207e+01  3.000000e+00 -9.398753e+00
     vertex -8.118407e+01  3.000000e+00 -9.395014e+00
   endloop
 endfacet
 facet normal  2.916593e-16  1.000000e+00  3.171986e-17
   outer loop
     vertex -8.100000e+01  3.000000e+00 -9.400000e+00
     vertex -8.435521e+01  3.000000e+00 -6.550059e+00
     vertex -8.439501e+01  3.000000e+00 -6.184072e+00
   endloop
 endfacet
 facet normal -1.400678e-14  1.000000e+00 -1.465986e-14
   outer loop
     vertex -8.100000e+01  3.000000e+00 -9.400000e+00
     vertex -8.439875e+01  3.000000e+00 -6.092070e+00
     vertex -8.440000e+01  3.000000e+00 -6.000000e+00
   endloop
 endfacet
 facet normal  2.720887e-16  1.000000e+00  1.105943e-17
   outer loop
     vertex -8.100000e+01  3.000000e+00 -9.400000e+00
     vertex -8.439501e+01  3.000000e+00 -6.184072e+00
     vertex -8.439875e+01  3.000000e+00 -6.092070e+00
   endloop
 endfacet
 facet normal  0.000000e+00  1.000000e+00  0.000000e+00
   outer loop
     vertex -8.438007e+01  3.000000e+00  6.367605e+00
     vertex -8.439501e+01  3.000000e+00  6.184072e+00
     vertex -8.438878e+01  3.000000e+00  6.275940e+00
   endloop
 endfacet
 facet normal  0.000000e+00  1.000000e+00  0.000000e+00
   outer loop
     vertex -8.435521e+01  3.000000e+00  6.550059e+00
     vertex -8.439501e+01  3.000000e+00  6.184072e+00
     vertex -8.438007e+01  3.000000e+00  6.367605e+00
   endloop
 endfacet
 facet normal  0.000000e+00  1.000000e+00  0.000000e+00
   outer loop
     vertex -8.435521e+01  3.000000e+00  6.550059e+00
     vertex -8.438007e+01  3.000000e+00  6.367605e+00
     vertex -8.436888e+01  3.000000e+00  6.459000e+00
   endloop
 endfacet
 facet normal  0.000000e+00  1.000000e+00  0.000000e+00
   outer loop
     vertex -8.435521e+01  3.000000e+00  6.550059e+00
     vertex -8.439875e+01  3.000000e+00  6.092070e+00
     vertex -8.439501e+01  3.000000e+00  6.184072e+00
   endloop
 endfacet
 facet normal -4.141155e-13  1.000000e+00  3.937177e-14
   outer loop
     vertex -8.435521e+01  3.000000e+00  6.550059e+00
     vertex -8.440000e+01  3.000000e+00  6.000000e+00
     vertex -8.439875e+01  3.000000e+00  6.092070e+00
   endloop
 endfacet
 facet normal  0.000000e+00  1.000000e+00  0.000000e+00
   outer loop
     vertex -8.429950e+01  3.000000e+00  6.820549e+00
     vertex -8.433908e+01  3.000000e+00  6.640714e+00
     vertex -8.432051e+01  3.000000e+00  6.730899e+00
   endloop
 endfacet
 facet normal  0.000000e+00  1.000000e+00  0.000000e+00
   outer loop
     vertex -8.427607e+01  3.000000e+00  6.909596e+00
     vertex -8.435521e+01  3.000000e+00  6.550059e+00
     vertex -8.433908e+01  3.000000e+00  6.640714e+00
   endloop
 endfacet
 facet normal  0.000000e+00  1.000000e+00  0.000000e+00
   outer loop
     vertex -8.427607e+01  3.000000e+00  6.909596e+00
     vertex -8.433908e+01  3.000000e+00  6.640714e+00
     vertex -8.429950e+01  3.000000e+00  6.820549e+00
   endloop
 endfacet
 facet normal  0.000000e+00  1.000000e+00  0.000000e+00
   outer loop
     vertex -8.425024e+01  3.000000e+00  6.997977e+00
     vertex -8.435521e+01  3.000000e+00  6.550059e+00
     vertex -8.427607e+01  3.000000e+00  6.909596e+00
   endloop
 endfacet
 facet normal  0.000000e+00  1.000000e+00  0.000000e+00
   outer loop
     vertex -8.415852e+01  3.000000e+00  7.258470e+00
     vertex -8.422202e+01  3.000000e+00  7.085625e+00
     vertex -8.419144e+01  3.000000e+00  7.172477e+00
   endloop
 endfacet
 facet normal  0.000000e+00  1.000000e+00  0.000000e+00
   outer loop
     vertex -8.415852e+01  3.000000e+00  7.258470e+00
     vertex -8.425024e+01  3.000000e+00  6.997977e+00
     vertex -8.422202e+01  3.000000e+00  7.085625e+00
   endloop
 endfacet
 facet normal  0.000000e+00  1.000000e+00  0.000000e+00
   outer loop
     vertex -8.412328e+01  3.000000e+00  7.343539e+00
     vertex -8.425024e+01  3.000000e+00  6.997977e+00
     vertex -8.415852e+01  3.000000e+00  7.258470e+00
   endloop
 endfacet
 facet normal -2.504849e-14  1.000000e+00  7.691072e-15
   outer loop
     vertex -8.408576e+01  3.000000e+00  7.427623e+00
     vertex -8.440000e+01  3.000000e+00  6.000000e+00
     vertex -8.435521e+01  3.000000e+00  6.550059e+00
   endloop
 endfacet
 facet normal  0.000000e+00  1.000000e+00  0.000000e+00
   outer loop
     vertex -8.408576e+01  3.000000e+00  7.427623e+00
     vertex -8.435521e+01  3.000000e+00  6.550059e+00
     vertex -8.425024e+01  3.000000e+00  6.997977e+00
   endloop
 endfacet
 facet normal  0.000000e+00  1.000000e+00  0.000000e+00
   outer loop
     vertex -8.408576e+01  3.000000e+00  7.427623e+00
     vertex -8.425024e+01  3.000000e+00  6.997977e+00
     vertex -8.412328e+01  3.000000e+00  7.343539e+00
   endloop
 endfacet
 facet normal -8.404768e-15  1.000000e+00  4.027512e-15
   outer loop
     vertex -8.404597e+01  3.000000e+00  7.510660e+00
     vertex -8.440000e+01  3.000000e+00  6.000000e+00
     vertex -8.408576e+01  3.000000e+00  7.427623e+00
   endloop
 endfacet
 facet normal -7.386610e-15  1.000000e+00  3.788899e-15
   outer loop
     vertex -8.400394e+01  3.000000e+00  7.592589e+00
     vertex -8.440000e+01  3.000000e+00  6.000000e+00
     vertex -8.404597e+01  3.000000e+00  7.510660e+00
   endloop
 endfacet
 facet normal  0.000000e+00  1.000000e+00  0.000000e+00
   outer loop
     vertex -8.391331e+01  3.000000e+00  7.752883e+00
     vertex -8.400394e+01  3.000000e+00  7.592589e+00
     vertex -8.395971e+01  3.000000e+00  7.673350e+00
   endloop
 endfacet
 facet normal  0.000000e+00  1.000000e+00  0.000000e+00
   outer loop
     vertex -8.376144e+01  3.000000e+00  7.983542e+00
     vertex -8.386478e+01  3.000000e+00  7.831131e+00
     vertex -8.381414e+01  3.000000e+00  7.908036e+00
   endloop
 endfacet
 facet normal -2.524083e-14  1.000000e+00  1.565629e-14
   outer loop
     vertex -8.370672e+01  3.000000e+00  8.057592e+00
     vertex -8.391331e+01  3.000000e+00  7.752883e+00
     vertex -8.386478e+01  3.000000e+00  7.831131e+00
   endloop
 endfacet
 facet normal -9.829155e-14  1.000000e+00  6.664333e-14
   outer loop
     vertex -8.370672e+01  3.000000e+00  8.057592e+00
     vertex -8.386478e+01  3.000000e+00  7.831131e+00
     vertex -8.376144e+01  3.000000e+00  7.983542e+00
   endloop
 endfacet
 facet normal -1.293860e-14  1.000000e+00  7.315169e-15
   outer loop
     vertex -8.370672e+01  3.000000e+00  8.057592e+00
     vertex -8.400394e+01  3.000000e+00  7.592589e+00
     vertex -8.391331e+01  3.000000e+00  7.752883e+00
   endloop
 endfacet
 facet normal  5.800853e-15  1.000000e+00 -4.662856e-15
   outer loop
     vertex -8.359135e+01  3.000000e+00  8.201113e+00
     vertex -8.400394e+01  3.000000e+00  7.592589e+00
     vertex -8.370672e+01  3.000000e+00  8.057592e+00
   endloop
 endfacet
 facet normal  0.000000e+00  1.000000e+00  0.000000e+00
   outer loop
     vertex -8.359135e+01  3.000000e+00  8.201113e+00
     vertex -8.370672e+01  3.000000e+00  8.057592e+00
     vertex -8.365001e+01  3.000000e+00  8.130134e+00
   endloop
 endfacet
 facet normal -6.246301e-15  1.000000e+00  3.505317e-15
   outer loop
     vertex -8.359135e+01  3.000000e+00  8.201113e+00
     vertex -8.440000e+01  3.000000e+00  6.000000e+00
     vertex -8.400394e+01  3.000000e+00  7.592589e+00
   endloop
 endfacet
 facet normal  0.000000e+00  1.000000e+00  0.000000e+00
   outer loop
     vertex -8.346838e+01  3.000000e+00  8.338178e+00
     vertex -8.359135e+01  3.000000e+00  8.201113e+00
     vertex -8.353080e+01  3.000000e+00  8.270478e+00
   endloop
 endfacet
 facet normal  0.000000e+00  1.000000e+00  0.000000e+00
   outer loop
     vertex -8.340416e+01  3.000000e+00  8.404163e+00
     vertex -8.359135e+01  3.000000e+00  8.201113e+00
     vertex -8.346838e+01  3.000000e+00  8.338178e+00
   endloop
 endfacet
 facet normal  0.000000e+00  1.000000e+00  0.000000e+00
   outer loop
     vertex -8.333818e+01  3.000000e+00  8.468385e+00
     vertex -8.359135e+01  3.000000e+00  8.201113e+00
     vertex -8.340416e+01  3.000000e+00  8.404163e+00
   endloop
 endfacet
 facet normal -1.913539e-15  1.000000e+00  1.913539e-15
   outer loop
     vertex -8.320111e+01  3.000000e+00  8.591351e+00
     vertex -8.440000e+01  3.000000e+00  6.000000e+00
     vertex -8.359135e+01  3.000000e+00  8.201113e+00
   endloop
 endfacet
 facet normal  0.000000e+00  1.000000e+00  0.000000e+00
   outer loop
     vertex -8.320111e+01  3.000000e+00  8.591351e+00
     vertex -8.359135e+01  3.000000e+00  8.201113e+00
     vertex -8.333818e+01  3.000000e+00  8.468385e+00
   endloop
 endfacet
 facet normal  0.000000e+00  1.000000e+00  0.000000e+00
   outer loop
     vertex -8.320111e+01  3.000000e+00  8.591351e+00
     vertex -8.333818e+01  3.000000e+00  8.468385e+00
     vertex -8.327048e+01  3.000000e+00  8.530796e+00
   endloop
 endfacet
 facet normal -1.315886e-15  1.000000e+00  1.637035e-15
   outer loop
     vertex -8.305759e+01  3.000000e+00  8.706716e+00
     vertex -8.440000e+01  3.000000e+00  6.000000e+00
     vertex -8.320111e+01  3.000000e+00  8.591351e+00
   endloop
 endfacet
 facet normal  0.000000e+00  1.000000e+00  0.000000e+00
   outer loop
     vertex -8.305759e+01  3.000000e+00  8.706716e+00
     vertex -8.320111e+01  3.000000e+00  8.591351e+00
     vertex -8.313013e+01  3.000000e+00  8.650005e+00
   endloop
 endfacet
 facet normal  0.000000e+00  1.000000e+00  0.000000e+00
   outer loop
     vertex -8.283113e+01  3.000000e+00  8.864779e+00
     vertex -8.298354e+01  3.000000e+00  8.761442e+00
     vertex -8.290804e+01  3.000000e+00  8.814143e+00
   endloop
 endfacet
 facet normal  0.000000e+00  1.000000e+00  0.000000e+00
   outer loop
     vertex -8.283113e+01  3.000000e+00  8.864779e+00
     vertex -8.305759e+01  3.000000e+00  8.706716e+00
     vertex -8.298354e+01  3.000000e+00  8.761442e+00
   endloop
 endfacet
 facet normal -1.005599e-15  1.000000e+00  1.483147e-15
   outer loop
     vertex -8.275288e+01  3.000000e+00  8.913314e+00
     vertex -8.440000e+01  3.000000e+00  6.000000e+00
     vertex -8.305759e+01  3.000000e+00  8.706716e+00
   endloop
 endfacet
 facet normal  0.000000e+00  1.000000e+00  0.000000e+00
   outer loop
     vertex -8.275288e+01  3.000000e+00  8.913314e+00
     vertex -8.305759e+01  3.000000e+00  8.706716e+00
     vertex -8.283113e+01  3.000000e+00  8.864779e+00
   endloop
 endfacet
 facet normal  0.000000e+00  1.000000e+00  0.000000e+00
   outer loop
     vertex -8.259259e+01  3.000000e+00  9.003941e+00
     vertex -8.275288e+01  3.000000e+00  8.913314e+00
     vertex -8.267335e+01  3.000000e+00  8.959713e+00
   endloop
 endfacet
 facet normal  0.000000e+00  1.000000e+00  0.000000e+00
   outer loop
     vertex -8.242762e+01  3.000000e+00  9.085756e+00
     vertex -8.275288e+01  3.000000e+00  8.913314e+00
     vertex -8.259259e+01  3.000000e+00  9.003941e+00
   endloop
 endfacet
 facet normal  0.000000e+00  1.000000e+00  0.000000e+00
   outer loop
     vertex -8.242762e+01  3.000000e+00  9.085756e+00
     vertex -8.259259e+01  3.000000e+00  9.003941e+00
     vertex -8.251066e+01  3.000000e+00  9.045966e+00
   endloop
 endfacet
 facet normal -6.607642e-16  1.000000e+00  1.288186e-15
   outer loop
     vertex -8.234354e+01  3.000000e+00  9.123284e+00
     vertex -8.440000e+01  3.000000e+00  6.000000e+00
     vertex -8.275288e+01  3.000000e+00  8.913314e+00
   endloop
 endfacet
 facet normal  0.000000e+00  1.000000e+00  0.000000e+00
   outer loop
     vertex -8.234354e+01  3.000000e+00  9.123284e+00
     vertex -8.275288e+01  3.000000e+00  8.913314e+00
     vertex -8.242762e+01  3.000000e+00  9.085756e+00
   endloop
 endfacet
 facet normal  0.000000e+00  1.000000e+00  0.000000e+00
   outer loop
     vertex -8.217248e+01  3.000000e+00  9.191441e+00
     vertex -8.234354e+01  3.000000e+00  9.123284e+00
     vertex -8.225847e+01  3.000000e+00  9.158521e+00
   endloop
 endfacet
 facet normal  0.000000e+00  1.000000e+00  0.000000e+00
   outer loop
     vertex -8.199798e+01  3.000000e+00  9.250237e+00
     vertex -8.217248e+01  3.000000e+00  9.191441e+00
     vertex -8.208563e+01  3.000000e+00  9.222021e+00
   endloop
 endfacet
 facet normal -4.134264e-16  1.000000e+00  1.125332e-15
   outer loop
     vertex -8.199798e+01  3.000000e+00  9.250237e+00
     vertex -8.440000e+01  3.000000e+00  6.000000e+00
     vertex -8.234354e+01  3.000000e+00  9.123284e+00
   endloop
 endfacet
 facet normal  0.000000e+00  1.000000e+00  0.000000e+00
   outer loop
     vertex -8.199798e+01  3.000000e+00  9.250237e+00
     vertex -8.234354e+01  3.000000e+00  9.123284e+00
     vertex -8.217248e+01  3.000000e+00  9.191441e+00
   endloop
 endfacet
 facet normal  0.000000e+00  1.000000e+00  0.000000e+00
   outer loop
     vertex -8.173090e+01  3.000000e+00  9.320510e+00
     vertex -8.190960e+01  3.000000e+00  9.276070e+00
     vertex -8.182055e+01  3.000000e+00  9.299500e+00
   endloop
 endfacet
 facet normal  0.000000e+00  1.000000e+00  0.000000e+00
   outer loop
     vertex -8.164071e+01  3.000000e+00  9.339085e+00
     vertex -8.190960e+01  3.000000e+00  9.276070e+00
     vertex -8.173090e+01  3.000000e+00  9.320510e+00
   endloop
 endfacet
 facet normal  0.000000e+00  1.000000e+00  0.000000e+00
   outer loop
     vertex -8.145900e+01  3.000000e+00  9.368875e+00
     vertex -8.164071e+01  3.000000e+00  9.339085e+00
     vertex -8.155006e+01  3.000000e+00  9.355210e+00
   endloop
 endfacet
 facet normal  0.000000e+00  1.000000e+00  0.000000e+00
   outer loop
     vertex -8.145900e+01  3.000000e+00  9.368875e+00
     vertex -8.199798e+01  3.000000e+00  9.250237e+00
     vertex -8.190960e+01  3.000000e+00  9.276070e+00
   endloop
 endfacet
 facet normal -2.155084e-16  1.000000e+00  9.790643e-16
   outer loop
     vertex -8.145900e+01  3.000000e+00  9.368875e+00
     vertex -8.440000e+01  3.000000e+00  6.000000e+00
     vertex -8.199798e+01  3.000000e+00  9.250237e+00
   endloop
 endfacet
 facet normal  0.000000e+00  1.000000e+00  0.000000e+00
   outer loop
     vertex -8.145900e+01  3.000000e+00  9.368875e+00
     vertex -8.190960e+01  3.000000e+00  9.276070e+00
     vertex -8.164071e+01  3.000000e+00  9.339085e+00
   endloop
 endfacet
 facet normal -1.084700e-16  1.000000e+00  8.856208e-16
   outer loop
     vertex -8.136760e+01  3.000000e+00  9.380069e+00
     vertex -8.440000e+01  3.000000e+00  6.000000e+00
     vertex -8.145900e+01  3.000000e+00  9.368875e+00
   endloop
 endfacet
 facet normal  0.000000e+00  1.000000e+00  0.000000e+00
   outer loop
     vertex -8.109207e+01  3.000000e+00  9.398753e+00
     vertex -8.127594e+01  3.000000e+00  9.388784e+00
     vertex -8.118407e+01  3.000000e+00  9.395014e+00
   endloop
 endfacet
 facet normal  2.811237e-15  1.000000e+00 -2.956883e-14
   outer loop
     vertex -8.100000e+01  3.000000e+00  9.400000e+00
     vertex -8.136760e+01  3.000000e+00  9.380069e+00
     vertex -8.127594e+01  3.000000e+00  9.388784e+00
   endloop
 endfacet
 facet normal  5.585853e-16  1.000000e+00 -9.448707e-17
   outer loop
     vertex -8.100000e+01  3.000000e+00  9.400000e+00
     vertex -8.100000e+01  3.000000e+00 -9.400000e+00
     vertex -8.440000e+01  3.000000e+00 -6.000000e+00
   endloop
 endfacet
 facet normal  1.224902e-15  1.000000e+00 -3.106009e-16
   outer loop
     vertex -8.100000e+01  3.000000e+00  9.400000e+00
     vertex -8.440000e+01  3.000000e+00  6.000000e+00
     vertex -8.136760e+01  3.000000e+00  9.380069e+00
   endloop
 endfacet
 facet normal  6.429223e-15  1.000000e+00 -1.185800e-13
   outer loop
     vertex -8.100000e+01  3.000000e+00  9.400000e+00
     vertex -8.127594e+01  3.000000e+00  9.388784e+00
     vertex -8.109207e+01  3.000000e+00  9.398753e+00
   endloop
 endfacet
 facet normal  1.136346e-15  1.000000e+00 -2.220446e-16
   outer loop
     vertex -8.100000e+01  3.000000e+00  9.400000e+00
     vertex -8.440000e+01  3.000000e+00 -6.000000e+00
     vertex -8.440000e+01  3.000000e+00  6.000000e+00
   endloop
 endfacet
 facet normal -1.446664e-14  1.000000e+00  3.559143e-13
   outer loop
     vertex  8.118407e+01  3.000000e+00 -9.395014e+00
     vertex  8.109207e+01  3.000000e+00 -9.398753e+00
     vertex  8.100000e+01  3.000000e+00 -9.400000e+00
   endloop
 endfacet
 facet normal  0.000000e+00  1.000000e+00  0.000000e+00
   outer loop
     vertex  8.136760e+01  3.000000e+00 -9.380069e+00
     vertex  8.127594e+01  3.000000e+00 -9.388784e+00
     vertex  8.118407e+01  3.000000e+00 -9.395014e+00
   endloop
 endfacet
 facet normal  0.000000e+00  1.000000e+00  0.000000e+00
   outer loop
     vertex  8.164071e+01  3.000000e+00 -9.339085e+00
     vertex  8.155006e+01  3.000000e+00 -9.355210e+00
     vertex  8.145900e+01  3.000000e+00 -9.368875e+00
   endloop
 endfacet
 facet normal  0.000000e+00  1.000000e+00  0.000000e+00
   outer loop
     vertex  8.182055e+01  3.000000e+00 -9.299500e+00
     vertex  8.145900e+01  3.000000e+00 -9.368875e+00
     vertex  8.136760e+01  3.000000e+00 -9.380069e+00
   endloop
 endfacet
 facet normal  0.000000e+00  1.000000e+00  0.000000e+00
   outer loop
     vertex  8.182055e+01  3.000000e+00 -9.299500e+00
     vertex  8.173090e+01  3.000000e+00 -9.320510e+00
     vertex  8.164071e+01  3.000000e+00 -9.339085e+00
   endloop
 endfacet
 facet normal -5.888045e-15  1.000000e+00  3.923628e-14
   outer loop
     vertex  8.182055e+01  3.000000e+00 -9.299500e+00
     vertex  8.118407e+01  3.000000e+00 -9.395014e+00
     vertex  8.100000e+01  3.000000e+00 -9.400000e+00
   endloop
 endfacet
 facet normal  0.000000e+00  1.000000e+00  0.000000e+00
   outer loop
     vertex  8.182055e+01  3.000000e+00 -9.299500e+00
     vertex  8.136760e+01  3.000000e+00 -9.380069e+00
     vertex  8.118407e+01  3.000000e+00 -9.395014e+00
   endloop
 endfacet
 facet normal  0.000000e+00  1.000000e+00  0.000000e+00
   outer loop
     vertex  8.182055e+01  3.000000e+00 -9.299500e+00
     vertex  8.164071e+01  3.000000e+00 -9.339085e+00
     vertex  8.145900e+01  3.000000e+00 -9.368875e+00
   endloop
 endfacet
 facet normal  0.000000e+00  1.000000e+00  0.000000e+00
   outer loop
     vertex  8.208563e+01  3.000000e+00 -9.222021e+00
     vertex  8.190960e+01  3.000000e+00 -9.276070e+00
     vertex  8.182055e+01  3.000000e+00 -9.299500e+00
   endloop
 endfacet
 facet normal  0.000000e+00  1.000000e+00  0.000000e+00
   outer loop
     vertex  8.208563e+01  3.000000e+00 -9.222021e+00
     vertex  8.199798e+01  3.000000e+00 -9.250237e+00
     vertex  8.190960e+01  3.000000e+00 -9.276070e+00
   endloop
 endfacet
 facet normal -1.800712e-15  1.000000e+00  5.864606e-15
   outer loop
     vertex  8.217248e+01  3.000000e+00 -9.191441e+00
     vertex  8.182055e+01  3.000000e+00 -9.299500e+00
     vertex  8.100000e+01  3.000000e+00 -9.400000e+00
   endloop
 endfacet
 facet normal  0.000000e+00  1.000000e+00  0.000000e+00
   outer loop
     vertex  8.217248e+01  3.000000e+00 -9.191441e+00
     vertex  8.208563e+01  3.000000e+00 -9.222021e+00
     vertex  8.182055e+01  3.000000e+00 -9.299500e+00
   endloop
 endfacet
 facet normal -1.414987e-15  1.000000e+00  3.696138e-15
   outer loop
     vertex  8.225847e+01  3.000000e+00 -9.158521e+00
     vertex  8.217248e+01  3.000000e+00 -9.191441e+00
     vertex  8.100000e+01  3.000000e+00 -9.400000e+00
   endloop
 endfacet
 facet normal -1.314870e-15  1.000000e+00  3.174378e-15
   outer loop
     vertex  8.234354e+01  3.000000e+00 -9.123284e+00
     vertex  8.225847e+01  3.000000e+00 -9.158521e+00
     vertex  8.100000e+01  3.000000e+00 -9.400000e+00
   endloop
 endfacet
 facet normal -1.227560e-15  1.000000e+00  2.750460e-15
   outer loop
     vertex  8.242762e+01  3.000000e+00 -9.085756e+00
     vertex  8.234354e+01  3.000000e+00 -9.123284e+00
     vertex  8.100000e+01  3.000000e+00 -9.400000e+00
   endloop
 endfacet
 facet normal -1.118600e-15  1.000000e+00  2.255450e-15
   outer loop
     vertex  8.259259e+01  3.000000e+00 -9.003941e+00
     vertex  8.242762e+01  3.000000e+00 -9.085756e+00
     vertex  8.100000e+01  3.000000e+00 -9.400000e+00
   endloop
 endfacet
 facet normal  0.000000e+00  1.000000e+00  0.000000e+00
   outer loop
     vertex  8.259259e+01  3.000000e+00 -9.003941e+00
     vertex  8.251066e+01  3.000000e+00 -9.045966e+00
     vertex  8.242762e+01  3.000000e+00 -9.085756e+00
   endloop
 endfacet
 facet normal -1.021624e-15  1.000000e+00  1.865502e-15
   outer loop
     vertex  8.267335e+01  3.000000e+00 -8.959713e+00
     vertex  8.259259e+01  3.000000e+00 -9.003941e+00
     vertex  8.100000e+01  3.000000e+00 -9.400000e+00
   endloop
 endfacet
 facet normal -9.432782e-16  1.000000e+00  1.567741e-15
   outer loop
     vertex  8.283113e+01  3.000000e+00 -8.864779e+00
     vertex  8.267335e+01  3.000000e+00 -8.959713e+00
     vertex  8.100000e+01  3.000000e+00 -9.400000e+00
   endloop
 endfacet
 facet normal  0.000000e+00  1.000000e+00  0.000000e+00
   outer loop
     vertex  8.283113e+01  3.000000e+00 -8.864779e+00
     vertex  8.275288e+01  3.000000e+00 -8.913314e+00
     vertex  8.267335e+01  3.000000e+00 -8.959713e+00
   endloop
 endfacet
 facet normal -8.722550e-16  1.000000e+00  1.324752e-15
   outer loop
     vertex  8.290804e+01  3.000000e+00 -8.814143e+00
     vertex  8.283113e+01  3.000000e+00 -8.864779e+00
     vertex  8.100000e+01  3.000000e+00 -9.400000e+00
   endloop
 endfacet
 facet normal -8.130386e-16  1.000000e+00  1.131894e-15
   outer loop
     vertex  8.305759e+01  3.000000e+00 -8.706716e+00
     vertex  8.290804e+01  3.000000e+00 -8.814143e+00
     vertex  8.100000e+01  3.000000e+00 -9.400000e+00
   endloop
 endfacet
 facet normal  0.000000e+00  1.000000e+00  0.000000e+00
   outer loop
     vertex  8.305759e+01  3.000000e+00 -8.706716e+00
     vertex  8.298354e+01  3.000000e+00 -8.761442e+00
     vertex  8.290804e+01  3.000000e+00 -8.814143e+00
   endloop
 endfacet
 facet normal -7.431778e-16  1.000000e+00  9.245547e-16
   outer loop
     vertex  8.320111e+01  3.000000e+00 -8.591351e+00
     vertex  8.305759e+01  3.000000e+00 -8.706716e+00
     vertex  8.100000e+01  3.000000e+00 -9.400000e+00
   endloop
 endfacet
 facet normal  0.000000e+00  1.000000e+00  0.000000e+00
   outer loop
     vertex  8.320111e+01  3.000000e+00 -8.591351e+00
     vertex  8.313013e+01  3.000000e+00 -8.650005e+00
     vertex  8.305759e+01  3.000000e+00 -8.706716e+00
   endloop
 endfacet
 facet normal -6.967105e-16  1.000000e+00  7.980723e-16
   outer loop
     vertex  8.327048e+01  3.000000e+00 -8.530796e+00
     vertex  8.320111e+01  3.000000e+00 -8.591351e+00
     vertex  8.100000e+01  3.000000e+00 -9.400000e+00
   endloop
 endfacet
 facet normal -6.690002e-16  1.000000e+00  7.256894e-16
   outer loop
     vertex  8.333818e+01  3.000000e+00 -8.468385e+00
     vertex  8.327048e+01  3.000000e+00 -8.530796e+00
     vertex  8.100000e+01  3.000000e+00 -9.400000e+00
   endloop
 endfacet
 facet normal  0.000000e+00  1.000000e+00  0.000000e+00
   outer loop
     vertex  8.346838e+01  3.000000e+00 -8.338178e+00
     vertex  8.340416e+01  3.000000e+00 -8.404163e+00
     vertex  8.333818e+01  3.000000e+00 -8.468385e+00
   endloop
 endfacet
 facet normal  0.000000e+00  1.000000e+00  0.000000e+00
   outer loop
     vertex  8.353080e+01  3.000000e+00 -8.270478e+00
     vertex  8.346838e+01  3.000000e+00 -8.338178e+00
     vertex  8.333818e+01  3.000000e+00 -8.468385e+00
   endloop
 endfacet
 facet normal -6.101362e-16  1.000000e+00  5.779517e-16
   outer loop
     vertex  8.359135e+01  3.000000e+00 -8.201113e+00
     vertex  8.333818e+01  3.000000e+00 -8.468385e+00
     vertex  8.100000e+01  3.000000e+00 -9.400000e+00
   endloop
 endfacet
 facet normal  0.000000e+00  1.000000e+00  0.000000e+00
   outer loop
     vertex  8.359135e+01  3.000000e+00 -8.201113e+00
     vertex  8.353080e+01  3.000000e+00 -8.270478e+00
     vertex  8.333818e+01  3.000000e+00 -8.468385e+00
   endloop
 endfacet
 facet normal -5.548899e-16  1.000000e+00  4.585388e-16
   outer loop
     vertex  8.365001e+01  3.000000e+00 -8.130134e+00
     vertex  8.359135e+01  3.000000e+00 -8.201113e+00
     vertex  8.100000e+01  3.000000e+00 -9.400000e+00
   endloop
 endfacet
 facet normal  1.403149e-13  1.000000e+00 -1.096941e-13
   outer loop
     vertex  8.376144e+01  3.000000e+00 -7.983542e+00
     vertex  8.370672e+01  3.000000e+00 -8.057592e+00
     vertex  8.365001e+01  3.000000e+00 -8.130134e+00
   endloop
 endfacet
 facet normal  1.756283e-15  1.000000e+00 -4.364506e-15
   outer loop
     vertex  8.376144e+01  3.000000e+00 -7.983542e+00
     vertex  8.365001e+01  3.000000e+00 -8.130134e+00
     vertex  8.100000e+01  3.000000e+00 -9.400000e+00
   endloop
 endfacet
 facet normal -7.515047e-16  1.000000e+00  5.245260e-16
   outer loop
     vertex  8.381414e+01  3.000000e+00 -7.908036e+00
     vertex  8.376144e+01  3.000000e+00 -7.983542e+00
     vertex  8.100000e+01  3.000000e+00 -9.400000e+00
   endloop
 endfacet
 facet normal  0.000000e+00  1.000000e+00  0.000000e+00
   outer loop
     vertex  8.391331e+01  3.000000e+00 -7.752883e+00
     vertex  8.386478e+01  3.000000e+00 -7.831131e+00
     vertex  8.381414e+01  3.000000e+00 -7.908036e+00
   endloop
 endfacet
 facet normal -7.160813e-16  1.000000e+00  4.577102e-16
   outer loop
     vertex  8.391331e+01  3.000000e+00 -7.752883e+00
     vertex  8.381414e+01  3.000000e+00 -7.908036e+00
     vertex  8.100000e+01  3.000000e+00 -9.400000e+00
   endloop
 endfacet
 facet normal -6.823701e-16  1.000000e+00  3.980841e-16
   outer loop
     vertex  8.395971e+01  3.000000e+00 -7.673350e+00
     vertex  8.391331e+01  3.000000e+00 -7.752883e+00
     vertex  8.100000e+01  3.000000e+00 -9.400000e+00
   endloop
 endfacet
 facet normal  0.000000e+00  1.000000e+00  0.000000e+00
   outer loop
     vertex  8.412328e+01  3.000000e+00 -7.343539e+00
     vertex  8.404597e+01  3.000000e+00 -7.510660e+00
     vertex  8.400394e+01  3.000000e+00 -7.592589e+00
   endloop
 endfacet
 facet normal  0.000000e+00  1.000000e+00  0.000000e+00
   outer loop
     vertex  8.412328e+01  3.000000e+00 -7.343539e+00
     vertex  8.408576e+01  3.000000e+00 -7.427623e+00
     vertex  8.404597e+01  3.000000e+00 -7.510660e+00
   endloop
 endfacet
 facet normal  0.000000e+00  1.000000e+00  0.000000e+00
   outer loop
     vertex  8.415852e+01  3.000000e+00 -7.258470e+00
     vertex  8.400394e+01  3.000000e+00 -7.592589e+00
     vertex  8.395971e+01  3.000000e+00 -7.673350e+00
   endloop
 endfacet
 facet normal  0.000000e+00  1.000000e+00  0.000000e+00
   outer loop
     vertex  8.415852e+01  3.000000e+00 -7.258470e+00
     vertex  8.412328e+01  3.000000e+00 -7.343539e+00
     vertex  8.400394e+01  3.000000e+00 -7.592589e+00
   endloop
 endfacet
 facet normal  0.000000e+00  1.000000e+00  0.000000e+00
   outer loop
     vertex  8.422202e+01  3.000000e+00 -7.085625e+00
     vertex  8.419144e+01  3.000000e+00 -7.172477e+00
     vertex  8.415852e+01  3.000000e+00 -7.258470e+00
   endloop
 endfacet
 facet normal  0.000000e+00  1.000000e+00  0.000000e+00
   outer loop
     vertex  8.422202e+01  3.000000e+00 -7.085625e+00
     vertex  8.415852e+01  3.000000e+00 -7.258470e+00
     vertex  8.395971e+01  3.000000e+00 -7.673350e+00
   endloop
 endfacet
 facet normal  0.000000e+00  1.000000e+00  0.000000e+00
   outer loop
     vertex  8.425024e+01  3.000000e+00 -6.997977e+00
     vertex  8.422202e+01  3.000000e+00 -7.085625e+00
     vertex  8.395971e+01  3.000000e+00 -7.673350e+00
   endloop
 endfacet
 facet normal -5.935670e-16  1.000000e+00  2.458635e-16
   outer loop
     vertex  8.427607e+01  3.000000e+00 -6.909596e+00
     vertex  8.395971e+01  3.000000e+00 -7.673350e+00
     vertex  8.100000e+01  3.000000e+00 -9.400000e+00
   endloop
 endfacet
 facet normal  0.000000e+00  1.000000e+00  0.000000e+00
   outer loop
     vertex  8.427607e+01  3.000000e+00 -6.909596e+00
     vertex  8.425024e+01  3.000000e+00 -6.997977e+00
     vertex  8.395971e+01  3.000000e+00 -7.673350e+00
   endloop
 endfacet
 facet normal  0.000000e+00  1.000000e+00  0.000000e+00
   outer loop
     vertex  8.432051e+01  3.000000e+00 -6.730899e+00
     vertex  8.429950e+01  3.000000e+00 -6.820549e+00
     vertex  8.427607e+01  3.000000e+00 -6.909596e+00
   endloop
 endfacet
 facet normal  0.000000e+00  1.000000e+00  0.000000e+00
   outer loop
     vertex  8.436888e+01  3.000000e+00 -6.459000e+00
     vertex  8.433908e+01  3.000000e+00 -6.640714e+00
     vertex  8.432051e+01  3.000000e+00 -6.730899e+00
   endloop
 endfacet
 facet normal  0.000000e+00  1.000000e+00  0.000000e+00
   outer loop
     vertex  8.436888e+01  3.000000e+00 -6.459000e+00
     vertex  8.435521e+01  3.000000e+00 -6.550059e+00
     vertex  8.433908e+01  3.000000e+00 -6.640714e+00
   endloop
 endfacet
 facet normal  0.000000e+00  1.000000e+00  0.000000e+00
   outer loop
     vertex  8.436888e+01  3.000000e+00 -6.459000e+00
     vertex  8.432051e+01  3.000000e+00 -6.730899e+00
     vertex  8.427607e+01  3.000000e+00 -6.909596e+00
   endloop
 endfacet
 facet normal  0.000000e+00  1.000000e+00  0.000000e+00
   outer loop
     vertex  8.438007e+01  3.000000e+00 -6.367605e+00
     vertex  8.436888e+01  3.000000e+00 -6.459000e+00
     vertex  8.427607e+01  3.000000e+00 -6.909596e+00
   endloop
 endfacet
 facet normal  0.000000e+00  1.000000e+00  0.000000e+00
   outer loop
     vertex  8.439501e+01  3.000000e+00 -6.184072e+00
     vertex  8.438878e+01  3.000000e+00 -6.275940e+00
     vertex  8.438007e+01  3.000000e+00 -6.367605e+00
   endloop
 endfacet
 facet normal -4.645626e-16  1.000000e+00  7.616118e-17
   outer loop
     vertex  8.439501e+01  3.000000e+00 -6.184072e+00
     vertex  8.427607e+01  3.000000e+00 -6.909596e+00
     vertex  8.100000e+01  3.000000e+00 -9.400000e+00
   endloop
 endfacet
 facet normal  0.000000e+00  1.000000e+00  0.000000e+00
   outer loop
     vertex  8.439501e+01  3.000000e+00 -6.184072e+00
     vertex  8.438007e+01  3.000000e+00 -6.367605e+00
     vertex  8.427607e+01  3.000000e+00 -6.909596e+00
   endloop
 endfacet
 facet normal  1.245700e-12  1.000000e+00 -5.063323e-14
   outer loop
     vertex  8.440000e+01  3.000000e+00 -6.000000e+00
     vertex  8.439875e+01  3.000000e+00 -6.092070e+00
     vertex  8.439501e+01  3.000000e+00 -6.184072e+00
   endloop
 endfacet
 facet normal  1.601577e-14  1.000000e+00 -1.732192e-14
   outer loop
     vertex  8.440000e+01  3.000000e+00 -6.000000e+00
     vertex  8.439501e+01  3.000000e+00 -6.184072e+00
     vertex  8.100000e+01  3.000000e+00 -9.400000e+00
   endloop
 endfacet
 facet normal  2.741291e-18  1.000000e+00 -2.834612e-16
   outer loop
     vertex  8.100000e+01  3.000000e+00  9.400000e+00
     vertex  8.100000e+01  3.000000e+00 -9.400000e+00
     vertex -8.100000e+01  3.000000e+00 -9.400000e+00
   endloop
 endfacet
 facet normal -1.918904e-17  1.000000e+00 -9.448707e-17
   outer loop
     vertex  8.100000e+01  3.000000e+00  9.400000e+00
     vertex -8.100000e+01  3.000000e+00 -9.400000e+00
     vertex -8.100000e+01  3.000000e+00  9.400000e+00
   endloop
 endfacet
 facet normal  2.389967e-16  1.000000e+00 -2.834612e-16
   outer loop
     vertex  8.440000e+01  3.000000e+00  6.000000e+00
     vertex  8.100000e+01  3.000000e+00 -9.400000e+00
     vertex  8.100000e+01  3.000000e+00  9.400000e+00
   endloop
 endfacet
 facet normal -1.380160e-15  1.000000e+00  7.401487e-17
   outer loop
     vertex  8.440000e+01  3.000000e+00  6.000000e+00
     vertex  8.440000e+01  3.000000e+00 -6.000000e+00
     vertex  8.100000e+01  3.000000e+00 -9.400000e+00
   endloop
 endfacet
 facet normal  4.339991e-14  1.000000e+00  1.067743e-12
   outer loop
     vertex  8.118407e+01  3.000000e+00  9.395014e+00
     vertex  8.100000e+01  3.000000e+00  9.400000e+00
     vertex  8.109207e+01  3.000000e+00  9.398753e+00
   endloop
 endfacet
 facet normal  5.338715e-13  1.000000e+00  2.169996e-14
   outer loop
     vertex  8.439501e+01  3.000000e+00  6.184072e+00
     vertex  8.439875e+01  3.000000e+00  6.092070e+00
     vertex  8.440000e+01  3.000000e+00  6.000000e+00
   endloop
 endfacet
 facet normal  2.410517e-14  1.000000e+00  3.554789e-13
   outer loop
     vertex  8.127594e+01  3.000000e+00  9.388784e+00
     vertex  8.100000e+01  3.000000e+00  9.400000e+00
     vertex  8.118407e+01  3.000000e+00  9.395014e+00
   endloop
 endfacet
 facet normal  0.000000e+00  1.000000e+00  0.000000e+00
   outer loop
     vertex  8.435521e+01  3.000000e+00  6.550059e+00
     vertex  8.438007e+01  3.000000e+00  6.367605e+00
     vertex  8.438878e+01  3.000000e+00  6.275940e+00
   endloop
 endfacet
 facet normal  0.000000e+00  1.000000e+00  0.000000e+00
   outer loop
     vertex  8.435521e+01  3.000000e+00  6.550059e+00
     vertex  8.436888e+01  3.000000e+00  6.459000e+00
     vertex  8.438007e+01  3.000000e+00  6.367605e+00
   endloop
 endfacet
 facet normal  0.000000e+00  1.000000e+00  0.000000e+00
   outer loop
     vertex  8.155006e+01  3.000000e+00  9.355210e+00
     vertex  8.136760e+01  3.000000e+00  9.380069e+00
     vertex  8.145900e+01  3.000000e+00  9.368875e+00
   endloop
 endfacet
 facet normal  0.000000e+00  1.000000e+00  0.000000e+00
   outer loop
     vertex  8.155006e+01  3.000000e+00  9.355210e+00
     vertex  8.127594e+01  3.000000e+00  9.388784e+00
     vertex  8.136760e+01  3.000000e+00  9.380069e+00
   endloop
 endfacet
 facet normal  0.000000e+00  1.000000e+00  0.000000e+00
   outer loop
     vertex  8.433908e+01  3.000000e+00  6.640714e+00
     vertex  8.435521e+01  3.000000e+00  6.550059e+00
     vertex  8.438878e+01  3.000000e+00  6.275940e+00
   endloop
 endfacet
 facet normal  0.000000e+00  1.000000e+00  0.000000e+00
   outer loop
     vertex  8.433908e+01  3.000000e+00  6.640714e+00
     vertex  8.438878e+01  3.000000e+00  6.275940e+00
     vertex  8.439501e+01  3.000000e+00  6.184072e+00
   endloop
 endfacet
 facet normal  7.587542e-14  1.000000e+00  9.293155e-15
   outer loop
     vertex  8.433908e+01  3.000000e+00  6.640714e+00
     vertex  8.439501e+01  3.000000e+00  6.184072e+00
     vertex  8.440000e+01  3.000000e+00  6.000000e+00
   endloop
 endfacet
 facet normal  0.000000e+00  1.000000e+00  0.000000e+00
   outer loop
     vertex  8.164071e+01  3.000000e+00  9.339085e+00
     vertex  8.127594e+01  3.000000e+00  9.388784e+00
     vertex  8.155006e+01  3.000000e+00  9.355210e+00
   endloop
 endfacet
 facet normal  1.662916e-14  1.000000e+00  3.660355e-15
   outer loop
     vertex  8.429950e+01  3.000000e+00  6.820549e+00
     vertex  8.433908e+01  3.000000e+00  6.640714e+00
     vertex  8.440000e+01  3.000000e+00  6.000000e+00
   endloop
 endfacet
 facet normal  0.000000e+00  1.000000e+00  0.000000e+00
   outer loop
     vertex  8.429950e+01  3.000000e+00  6.820549e+00
     vertex  8.432051e+01  3.000000e+00  6.730899e+00
     vertex  8.433908e+01  3.000000e+00  6.640714e+00
   endloop
 endfacet
 facet normal  0.000000e+00  1.000000e+00  0.000000e+00
   outer loop
     vertex  8.190960e+01  3.000000e+00  9.276070e+00
     vertex  8.127594e+01  3.000000e+00  9.388784e+00
     vertex  8.164071e+01  3.000000e+00  9.339085e+00
   endloop
 endfacet
 facet normal  0.000000e+00  1.000000e+00  0.000000e+00
   outer loop
     vertex  8.190960e+01  3.000000e+00  9.276070e+00
     vertex  8.173090e+01  3.000000e+00  9.320510e+00
     vertex  8.182055e+01  3.000000e+00  9.299500e+00
   endloop
 endfacet
 facet normal  0.000000e+00  1.000000e+00  0.000000e+00
   outer loop
     vertex  8.190960e+01  3.000000e+00  9.276070e+00
     vertex  8.164071e+01  3.000000e+00  9.339085e+00
     vertex  8.173090e+01  3.000000e+00  9.320510e+00
   endloop
 endfacet
 facet normal  1.225143e-14  1.000000e+00  6.384839e-14
   outer loop
     vertex  8.199798e+01  3.000000e+00  9.250237e+00
     vertex  8.100000e+01  3.000000e+00  9.400000e+00
     vertex  8.127594e+01  3.000000e+00  9.388784e+00
   endloop
 endfacet
 facet normal  0.000000e+00  1.000000e+00  0.000000e+00
   outer loop
     vertex  8.199798e+01  3.000000e+00  9.250237e+00
     vertex  8.127594e+01  3.000000e+00  9.388784e+00
     vertex  8.190960e+01  3.000000e+00  9.276070e+00
   endloop
 endfacet
 facet normal  0.000000e+00  1.000000e+00  0.000000e+00
   outer loop
     vertex  8.422202e+01  3.000000e+00  7.085625e+00
     vertex  8.425024e+01  3.000000e+00  6.997977e+00
     vertex  8.427607e+01  3.000000e+00  6.909596e+00
   endloop
 endfacet
 facet normal  5.001274e-15  1.000000e+00  1.553537e-14
   outer loop
     vertex  8.208563e+01  3.000000e+00  9.222021e+00
     vertex  8.100000e+01  3.000000e+00  9.400000e+00
     vertex  8.199798e+01  3.000000e+00  9.250237e+00
   endloop
 endfacet
 facet normal  0.000000e+00  1.000000e+00  0.000000e+00
   outer loop
     vertex  8.225847e+01  3.000000e+00  9.158521e+00
     vertex  8.208563e+01  3.000000e+00  9.222021e+00
     vertex  8.217248e+01  3.000000e+00  9.191441e+00
   endloop
 endfacet
 facet normal  4.432233e-15  1.000000e+00  1.206438e-14
   outer loop
     vertex  8.225847e+01  3.000000e+00  9.158521e+00
     vertex  8.100000e+01  3.000000e+00  9.400000e+00
     vertex  8.208563e+01  3.000000e+00  9.222021e+00
   endloop
 endfacet
 facet normal  8.140576e-15  1.000000e+00  2.620681e-15
   outer loop
     vertex  8.415852e+01  3.000000e+00  7.258470e+00
     vertex  8.429950e+01  3.000000e+00  6.820549e+00
     vertex  8.440000e+01  3.000000e+00  6.000000e+00
   endloop
 endfacet
 facet normal  0.000000e+00  1.000000e+00  0.000000e+00
   outer loop
     vertex  8.415852e+01  3.000000e+00  7.258470e+00
     vertex  8.422202e+01  3.000000e+00  7.085625e+00
     vertex  8.427607e+01  3.000000e+00  6.909596e+00
   endloop
 endfacet
 facet normal  0.000000e+00  1.000000e+00  0.000000e+00
   outer loop
     vertex  8.415852e+01  3.000000e+00  7.258470e+00
     vertex  8.427607e+01  3.000000e+00  6.909596e+00
     vertex  8.429950e+01  3.000000e+00  6.820549e+00
   endloop
 endfacet
 facet normal  0.000000e+00  1.000000e+00  0.000000e+00
   outer loop
     vertex  8.415852e+01  3.000000e+00  7.258470e+00
     vertex  8.419144e+01  3.000000e+00  7.172477e+00
     vertex  8.422202e+01  3.000000e+00  7.085625e+00
   endloop
 endfacet
 facet normal  3.944611e-15  1.000000e+00  9.523133e-15
   outer loop
     vertex  8.234354e+01  3.000000e+00  9.123284e+00
     vertex  8.100000e+01  3.000000e+00  9.400000e+00
     vertex  8.225847e+01  3.000000e+00  9.158521e+00
   endloop
 endfacet
 facet normal  3.682680e-15  1.000000e+00  8.251379e-15
   outer loop
     vertex  8.242762e+01  3.000000e+00  9.085756e+00
     vertex  8.100000e+01  3.000000e+00  9.400000e+00
     vertex  8.234354e+01  3.000000e+00  9.123284e+00
   endloop
 endfacet
 facet normal  4.442741e-15  1.000000e+00  1.911128e-15
   outer loop
     vertex  8.408576e+01  3.000000e+00  7.427623e+00
     vertex  8.415852e+01  3.000000e+00  7.258470e+00
     vertex  8.440000e+01  3.000000e+00  6.000000e+00
   endloop
 endfacet
 facet normal  0.000000e+00  1.000000e+00  0.000000e+00
   outer loop
     vertex  8.408576e+01  3.000000e+00  7.427623e+00
     vertex  8.412328e+01  3.000000e+00  7.343539e+00
     vertex  8.415852e+01  3.000000e+00  7.258470e+00
   endloop
 endfacet
 facet normal  3.602044e-15  1.000000e+00  1.726077e-15
   outer loop
     vertex  8.404597e+01  3.000000e+00  7.510660e+00
     vertex  8.408576e+01  3.000000e+00  7.427623e+00
     vertex  8.440000e+01  3.000000e+00  6.000000e+00
   endloop
 endfacet
 facet normal  3.452153e-15  1.000000e+00  7.204087e-15
   outer loop
     vertex  8.251066e+01  3.000000e+00  9.045966e+00
     vertex  8.100000e+01  3.000000e+00  9.400000e+00
     vertex  8.242762e+01  3.000000e+00  9.085756e+00
   endloop
 endfacet
 facet normal  0.000000e+00  1.000000e+00  0.000000e+00
   outer loop
     vertex  8.395971e+01  3.000000e+00  7.673350e+00
     vertex  8.400394e+01  3.000000e+00  7.592589e+00
     vertex  8.404597e+01  3.000000e+00  7.510660e+00
   endloop
 endfacet
 facet normal  2.815062e-15  1.000000e+00  1.541642e-15
   outer loop
     vertex  8.391331e+01  3.000000e+00  7.752883e+00
     vertex  8.404597e+01  3.000000e+00  7.510660e+00
     vertex  8.440000e+01  3.000000e+00  6.000000e+00
   endloop
 endfacet
 facet normal  0.000000e+00  1.000000e+00  0.000000e+00
   outer loop
     vertex  8.391331e+01  3.000000e+00  7.752883e+00
     vertex  8.395971e+01  3.000000e+00  7.673350e+00
     vertex  8.404597e+01  3.000000e+00  7.510660e+00
   endloop
 endfacet
 facet normal  0.000000e+00  1.000000e+00  0.000000e+00
   outer loop
     vertex  8.275288e+01  3.000000e+00  8.913314e+00
     vertex  8.251066e+01  3.000000e+00  9.045966e+00
     vertex  8.259259e+01  3.000000e+00  9.003941e+00
   endloop
 endfacet
 facet normal  0.000000e+00  1.000000e+00  0.000000e+00
   outer loop
     vertex  8.275288e+01  3.000000e+00  8.913314e+00
     vertex  8.259259e+01  3.000000e+00  9.003941e+00
     vertex  8.267335e+01  3.000000e+00  8.959713e+00
   endloop
 endfacet
 facet normal  3.012590e-15  1.000000e+00  5.328475e-15
   outer loop
     vertex  8.283113e+01  3.000000e+00  8.864779e+00
     vertex  8.100000e+01  3.000000e+00  9.400000e+00
     vertex  8.251066e+01  3.000000e+00  9.045966e+00
   endloop
 endfacet
 facet normal  0.000000e+00  1.000000e+00  0.000000e+00
   outer loop
     vertex  8.283113e+01  3.000000e+00  8.864779e+00
     vertex  8.251066e+01  3.000000e+00  9.045966e+00
     vertex  8.275288e+01  3.000000e+00  8.913314e+00
   endloop
 endfacet
 facet normal  0.000000e+00  1.000000e+00  0.000000e+00
   outer loop
     vertex  8.381414e+01  3.000000e+00  7.908036e+00
     vertex  8.386478e+01  3.000000e+00  7.831131e+00
     vertex  8.391331e+01  3.000000e+00  7.752883e+00
   endloop
 endfacet
 facet normal  1.996015e-15  1.000000e+00  1.314235e-15
   outer loop
     vertex  8.376144e+01  3.000000e+00  7.983542e+00
     vertex  8.391331e+01  3.000000e+00  7.752883e+00
     vertex  8.440000e+01  3.000000e+00  6.000000e+00
   endloop
 endfacet
 facet normal  0.000000e+00  1.000000e+00  0.000000e+00
   outer loop
     vertex  8.376144e+01  3.000000e+00  7.983542e+00
     vertex  8.381414e+01  3.000000e+00  7.908036e+00
     vertex  8.391331e+01  3.000000e+00  7.752883e+00
   endloop
 endfacet
 facet normal  2.503549e-15  1.000000e+00  3.586913e-15
   outer loop
     vertex  8.305759e+01  3.000000e+00  8.706716e+00
     vertex  8.100000e+01  3.000000e+00  9.400000e+00
     vertex  8.283113e+01  3.000000e+00  8.864779e+00
   endloop
 endfacet
 facet normal  0.000000e+00  1.000000e+00  0.000000e+00
   outer loop
     vertex  8.305759e+01  3.000000e+00  8.706716e+00
     vertex  8.290804e+01  3.000000e+00  8.814143e+00
     vertex  8.298354e+01  3.000000e+00  8.761442e+00
   endloop
 endfacet
 facet normal  0.000000e+00  1.000000e+00  0.000000e+00
   outer loop
     vertex  8.305759e+01  3.000000e+00  8.706716e+00
     vertex  8.283113e+01  3.000000e+00  8.864779e+00
     vertex  8.290804e+01  3.000000e+00  8.814143e+00
   endloop
 endfacet
 facet normal  5.899364e-15  1.000000e+00  2.570832e-15
   outer loop
     vertex  8.359135e+01  3.000000e+00  8.201113e+00
     vertex  8.376144e+01  3.000000e+00  7.983542e+00
     vertex  8.440000e+01  3.000000e+00  6.000000e+00
   endloop
 endfacet
 facet normal -9.255862e-14  1.000000e+00 -7.440070e-14
   outer loop
     vertex  8.359135e+01  3.000000e+00  8.201113e+00
     vertex  8.370672e+01  3.000000e+00  8.057592e+00
     vertex  8.376144e+01  3.000000e+00  7.983542e+00
   endloop
 endfacet
 facet normal  0.000000e+00  1.000000e+00  0.000000e+00
   outer loop
     vertex  8.359135e+01  3.000000e+00  8.201113e+00
     vertex  8.365001e+01  3.000000e+00  8.130134e+00
     vertex  8.370672e+01  3.000000e+00  8.057592e+00
   endloop
 endfacet
 facet normal  2.186498e-15  1.000000e+00  2.645938e-15
   outer loop
     vertex  8.327048e+01  3.000000e+00  8.530796e+00
     vertex  8.100000e+01  3.000000e+00  9.400000e+00
     vertex  8.305759e+01  3.000000e+00  8.706716e+00
   endloop
 endfacet
 facet normal  0.000000e+00  1.000000e+00  0.000000e+00
   outer loop
     vertex  8.327048e+01  3.000000e+00  8.530796e+00
     vertex  8.313013e+01  3.000000e+00  8.650005e+00
     vertex  8.320111e+01  3.000000e+00  8.591351e+00
   endloop
 endfacet
 facet normal  0.000000e+00  1.000000e+00  0.000000e+00
   outer loop
     vertex  8.327048e+01  3.000000e+00  8.530796e+00
     vertex  8.305759e+01  3.000000e+00  8.706716e+00
     vertex  8.313013e+01  3.000000e+00  8.650005e+00
   endloop
 endfacet
 facet normal  0.000000e+00  1.000000e+00  0.000000e+00
   outer loop
     vertex  8.346838e+01  3.000000e+00  8.338178e+00
     vertex  8.353080e+01  3.000000e+00  8.270478e+00
     vertex  8.359135e+01  3.000000e+00  8.201113e+00
   endloop
 endfacet
 facet normal  1.548317e-15  1.000000e+00  1.025859e-15
   outer loop
     vertex  8.333818e+01  3.000000e+00  8.468385e+00
     vertex  8.440000e+01  3.000000e+00  6.000000e+00
     vertex  8.100000e+01  3.000000e+00  9.400000e+00
   endloop
 endfacet
 facet normal  6.958703e-16  1.000000e+00  6.591633e-16
   outer loop
     vertex  8.333818e+01  3.000000e+00  8.468385e+00
     vertex  8.359135e+01  3.000000e+00  8.201113e+00
     vertex  8.440000e+01  3.000000e+00  6.000000e+00
   endloop
 endfacet
 facet normal  2.007001e-15  1.000000e+00  2.177068e-15
   outer loop
     vertex  8.333818e+01  3.000000e+00  8.468385e+00
     vertex  8.100000e+01  3.000000e+00  9.400000e+00
     vertex  8.327048e+01  3.000000e+00  8.530796e+00
   endloop
 endfacet
 facet normal  0.000000e+00  1.000000e+00  0.000000e+00
   outer loop
     vertex  8.333818e+01  3.000000e+00  8.468385e+00
     vertex  8.346838e+01  3.000000e+00  8.338178e+00
     vertex  8.359135e+01  3.000000e+00  8.201113e+00
   endloop
 endfacet
 facet normal  0.000000e+00  1.000000e+00  0.000000e+00
   outer loop
     vertex  8.340416e+01  3.000000e+00  8.404163e+00
     vertex  8.346838e+01  3.000000e+00  8.338178e+00
     vertex  8.333818e+01  3.000000e+00  8.468385e+00
   endloop
 endfacet
 facet normal  9.508848e-03  7.119503e-01 -7.021655e-01
   outer loop
     vertex  8.120573e+01  2.600000e+00 -9.794427e+00
     vertex  8.110832e+01  2.400000e+00 -9.998533e+00
     vertex  8.100000e+01  2.400000e+00 -1.000000e+01
   endloop
 endfacet
 facet normal  2.871895e-02  7.070744e-01 -7.065558e-01
   outer loop
     vertex  8.120573e+01  2.600000e+00 -9.794427e+00
     vertex  8.121656e+01  2.400000e+00 -9.994134e+00
     vertex  8.110832e+01  2.400000e+00 -9.998533e+00
   endloop
 endfacet
 facet normal  4.784152e-02  7.070744e-01 -7.055190e-01
   outer loop
     vertex  8.120573e+01  2.600000e+00 -9.794427e+00
     vertex  8.132463e+01  2.400000e+00 -9.986805e+00
     vertex  8.121656e+01  2.400000e+00 -9.994134e+00
   endloop
 endfacet
 facet normal  6.692899e-02  7.070744e-01 -7.039647e-01
   outer loop
     vertex  8.141085e+01  2.600000e+00 -9.777724e+00
     vertex  8.143248e+01  2.400000e+00 -9.976552e+00
     vertex  8.132463e+01  2.400000e+00 -9.986805e+00
   endloop
 endfacet
 facet normal  8.596738e-02  7.070744e-01 -7.018942e-01
   outer loop
     vertex  8.141085e+01  2.600000e+00 -9.777724e+00
     vertex  8.154000e+01  2.400000e+00 -9.963382e+00
     vertex  8.143248e+01  2.400000e+00 -9.976552e+00
   endloop
 endfacet
 facet normal  5.718831e-02  7.095574e-01 -7.023232e-01
   outer loop
     vertex  8.141085e+01  2.600000e+00 -9.777724e+00
     vertex  8.132463e+01  2.400000e+00 -9.986805e+00
     vertex  8.120573e+01  2.600000e+00 -9.794427e+00
   endloop
 endfacet
 facet normal  1.915153e-02  7.069771e-01 -7.069771e-01
   outer loop
     vertex  8.119490e+01  2.800000e+00 -9.594720e+00
     vertex  8.100000e+01  2.400000e+00 -1.000000e+01
     vertex  8.100000e+01  3.000000e+00 -9.400000e+00
   endloop
 endfacet
 facet normal  1.915153e-02  7.069771e-01 -7.069771e-01
   outer loop
     vertex  8.119490e+01  2.800000e+00 -9.594720e+00
     vertex  8.120573e+01  2.600000e+00 -9.794427e+00
     vertex  8.100000e+01  2.400000e+00 -1.000000e+01
   endloop
 endfacet
 facet normal  9.638732e-03  7.023601e-01 -7.117565e-01
   outer loop
     vertex  8.119490e+01  2.800000e+00 -9.594720e+00
     vertex  8.100000e+01  3.000000e+00 -9.400000e+00
     vertex  8.109207e+01  3.000000e+00 -9.398753e+00
   endloop
 endfacet
 facet normal  2.871895e-02  7.070744e-01 -7.065558e-01
   outer loop
     vertex  8.119490e+01  2.800000e+00 -9.594720e+00
     vertex  8.109207e+01  3.000000e+00 -9.398753e+00
     vertex  8.118407e+01  3.000000e+00 -9.395014e+00
   endloop
 endfacet
 facet normal  4.784152e-02  7.070744e-01 -7.055190e-01
   outer loop
     vertex  8.119490e+01  2.800000e+00 -9.594720e+00
     vertex  8.118407e+01  3.000000e+00 -9.395014e+00
     vertex  8.127594e+01  3.000000e+00 -9.388784e+00
   endloop
 endfacet
 facet normal  1.049427e-01  7.070744e-01 -6.993089e-01
   outer loop
     vertex  8.161477e+01  2.600000e+00 -9.749941e+00
     vertex  8.164713e+01  2.400000e+00 -9.947306e+00
     vertex  8.154000e+01  2.400000e+00 -9.963382e+00
   endloop
 endfacet
 facet normal  1.238411e-01  7.070744e-01 -6.962106e-01
   outer loop
     vertex  8.161477e+01  2.600000e+00 -9.749941e+00
     vertex  8.175378e+01  2.400000e+00 -9.928335e+00
     vertex  8.164713e+01  2.400000e+00 -9.947306e+00
   endloop
 endfacet
 facet normal  9.512745e-02  7.095574e-01 -6.981971e-01
   outer loop
     vertex  8.161477e+01  2.600000e+00 -9.749941e+00
     vertex  8.154000e+01  2.400000e+00 -9.963382e+00
     vertex  8.141085e+01  2.600000e+00 -9.777724e+00
   endloop
 endfacet
 facet normal  5.739841e-02  7.069771e-01 -7.049034e-01
   outer loop
     vertex  8.138923e+01  2.800000e+00 -9.578897e+00
     vertex  8.120573e+01  2.600000e+00 -9.794427e+00
     vertex  8.119490e+01  2.800000e+00 -9.594720e+00
   endloop
 endfacet
 facet normal  5.757760e-02  7.047614e-01 -7.071040e-01
   outer loop
     vertex  8.138923e+01  2.800000e+00 -9.578897e+00
     vertex  8.119490e+01  2.800000e+00 -9.594720e+00
     vertex  8.127594e+01  3.000000e+00 -9.388784e+00
   endloop
 endfacet
 facet normal  6.692899e-02  7.070744e-01 -7.039647e-01
   outer loop
     vertex  8.138923e+01  2.800000e+00 -9.578897e+00
     vertex  8.127594e+01  3.000000e+00 -9.388784e+00
     vertex  8.136760e+01  3.000000e+00 -9.380069e+00
   endloop
 endfacet
 facet normal  8.596738e-02  7.070744e-01 -7.018942e-01
   outer loop
     vertex  8.138923e+01  2.800000e+00 -9.578897e+00
     vertex  8.136760e+01  3.000000e+00 -9.380069e+00
     vertex  8.145900e+01  3.000000e+00 -9.368875e+00
   endloop
 endfacet
 facet normal  5.739841e-02  7.069771e-01 -7.049034e-01
   outer loop
     vertex  8.138923e+01  2.800000e+00 -9.578897e+00
     vertex  8.141085e+01  2.600000e+00 -9.777724e+00
     vertex  8.120573e+01  2.600000e+00 -9.794427e+00
   endloop
 endfacet
 facet normal  1.426486e-01  7.070744e-01 -6.926018e-01
   outer loop
     vertex  8.181689e+01  2.600000e+00 -9.711158e+00
     vertex  8.185988e+01  2.400000e+00 -9.906482e+00
     vertex  8.175378e+01  2.400000e+00 -9.928335e+00
   endloop
 endfacet
 facet normal  1.613515e-01  7.070744e-01 -6.884849e-01
   outer loop
     vertex  8.181689e+01  2.600000e+00 -9.711158e+00
     vertex  8.196535e+01  2.400000e+00 -9.881765e+00
     vertex  8.185988e+01  2.400000e+00 -9.906482e+00
   endloop
 endfacet
 facet normal  1.327876e-01  7.095574e-01 -6.920230e-01
   outer loop
     vertex  8.181689e+01  2.600000e+00 -9.711158e+00
     vertex  8.175378e+01  2.400000e+00 -9.928335e+00
     vertex  8.161477e+01  2.600000e+00 -9.749941e+00
   endloop
 endfacet
 facet normal  9.577500e-02  7.047614e-01 -7.029498e-01
   outer loop
     vertex  8.158242e+01  2.800000e+00 -9.552575e+00
     vertex  8.138923e+01  2.800000e+00 -9.578897e+00
     vertex  8.145900e+01  3.000000e+00 -9.368875e+00
   endloop
 endfacet
 facet normal  9.547693e-02  7.069771e-01 -7.007621e-01
   outer loop
     vertex  8.158242e+01  2.800000e+00 -9.552575e+00
     vertex  8.141085e+01  2.600000e+00 -9.777724e+00
     vertex  8.138923e+01  2.800000e+00 -9.578897e+00
   endloop
 endfacet
 facet normal  1.049427e-01  7.070744e-01 -6.993089e-01
   outer loop
     vertex  8.158242e+01  2.800000e+00 -9.552575e+00
     vertex  8.145900e+01  3.000000e+00 -9.368875e+00
     vertex  8.155006e+01  3.000000e+00 -9.355210e+00
   endloop
 endfacet
 facet normal  1.238411e-01  7.070744e-01 -6.962106e-01
   outer loop
     vertex  8.158242e+01  2.800000e+00 -9.552575e+00
     vertex  8.155006e+01  3.000000e+00 -9.355210e+00
     vertex  8.164071e+01  3.000000e+00 -9.339085e+00
   endloop
 endfacet
 facet normal  9.547693e-02  7.069771e-01 -7.007621e-01
   outer loop
     vertex  8.158242e+01  2.800000e+00 -9.552575e+00
     vertex  8.161477e+01  2.600000e+00 -9.749941e+00
     vertex  8.141085e+01  2.600000e+00 -9.777724e+00
   endloop
 endfacet
 facet normal  1.799361e-01  7.070744e-01 -6.838632e-01
   outer loop
     vertex  8.201661e+01  2.600000e+00 -9.661490e+00
     vertex  8.207011e+01  2.400000e+00 -9.854200e+00
     vertex  8.196535e+01  2.400000e+00 -9.881765e+00
   endloop
 endfacet
 facet normal  1.983887e-01  7.070744e-01 -6.787398e-01
   outer loop
     vertex  8.201661e+01  2.600000e+00 -9.661490e+00
     vertex  8.217409e+01  2.400000e+00 -9.823809e+00
     vertex  8.207011e+01  2.400000e+00 -9.854200e+00
   endloop
 endfacet
 facet normal  1.700582e-01  7.095574e-01 -6.838191e-01
   outer loop
     vertex  8.201661e+01  2.600000e+00 -9.661490e+00
     vertex  8.196535e+01  2.400000e+00 -9.881765e+00
     vertex  8.181689e+01  2.600000e+00 -9.711158e+00
   endloop
 endfacet
 facet normal  1.336915e-01  7.047614e-01 -6.967337e-01
   outer loop
     vertex  8.177389e+01  2.800000e+00 -9.515834e+00
     vertex  8.158242e+01  2.800000e+00 -9.552575e+00
     vertex  8.164071e+01  3.000000e+00 -9.339085e+00
   endloop
 endfacet
 facet normal  1.332754e-01  7.069771e-01 -6.945654e-01
   outer loop
     vertex  8.177389e+01  2.800000e+00 -9.515834e+00
     vertex  8.161477e+01  2.600000e+00 -9.749941e+00
     vertex  8.158242e+01  2.800000e+00 -9.552575e+00
   endloop
 endfacet
 facet normal  1.426486e-01  7.070744e-01 -6.926018e-01
   outer loop
     vertex  8.177389e+01  2.800000e+00 -9.515834e+00
     vertex  8.164071e+01  3.000000e+00 -9.339085e+00
     vertex  8.173090e+01  3.000000e+00 -9.320510e+00
   endloop
 endfacet
 facet normal  1.613515e-01  7.070744e-01 -6.884849e-01
   outer loop
     vertex  8.177389e+01  2.800000e+00 -9.515834e+00
     vertex  8.173090e+01  3.000000e+00 -9.320510e+00
     vertex  8.182055e+01  3.000000e+00 -9.299500e+00
   endloop
 endfacet
 facet normal  1.332754e-01  7.069771e-01 -6.945654e-01
   outer loop
     vertex  8.177389e+01  2.800000e+00 -9.515834e+00
     vertex  8.181689e+01  2.600000e+00 -9.711158e+00
     vertex  8.161477e+01  2.600000e+00 -9.749941e+00
   endloop
 endfacet
 facet normal  2.166958e-01  7.070744e-01 -6.731187e-01
   outer loop
     vertex  8.221335e+01  2.600000e+00 -9.601082e+00
     vertex  8.227721e+01  2.400000e+00 -9.790613e+00
     vertex  8.217409e+01  2.400000e+00 -9.823809e+00
   endloop
 endfacet
 facet normal  2.348440e-01  7.070744e-01 -6.670038e-01
   outer loop
     vertex  8.221335e+01  2.600000e+00 -9.601082e+00
     vertex  8.237939e+01  2.400000e+00 -9.754637e+00
     vertex  8.227721e+01  2.400000e+00 -9.790613e+00
   endloop
 endfacet
 facet normal  2.068300e-01  7.095574e-01 -6.736095e-01
   outer loop
     vertex  8.221335e+01  2.600000e+00 -9.601082e+00
     vertex  8.217409e+01  2.400000e+00 -9.823809e+00
     vertex  8.201661e+01  2.600000e+00 -9.661490e+00
   endloop
 endfacet
 facet normal  1.712158e-01  7.047614e-01 -6.884740e-01
   outer loop
     vertex  8.196310e+01  2.800000e+00 -9.468780e+00
     vertex  8.177389e+01  2.800000e+00 -9.515834e+00
     vertex  8.182055e+01  3.000000e+00 -9.299500e+00
   endloop
 endfacet
 facet normal  1.706830e-01  7.069771e-01 -6.863313e-01
   outer loop
     vertex  8.196310e+01  2.800000e+00 -9.468780e+00
     vertex  8.201661e+01  2.600000e+00 -9.661490e+00
     vertex  8.181689e+01  2.600000e+00 -9.711158e+00
   endloop
 endfacet
 facet normal  1.799361e-01  7.070744e-01 -6.838632e-01
   outer loop
     vertex  8.196310e+01  2.800000e+00 -9.468780e+00
     vertex  8.182055e+01  3.000000e+00 -9.299500e+00
     vertex  8.190960e+01  3.000000e+00 -9.276070e+00
   endloop
 endfacet
 facet normal  1.983887e-01  7.070744e-01 -6.787398e-01
   outer loop
     vertex  8.196310e+01  2.800000e+00 -9.468780e+00
     vertex  8.190960e+01  3.000000e+00 -9.276070e+00
     vertex  8.199798e+01  3.000000e+00 -9.250237e+00
   endloop
 endfacet
 facet normal  1.706830e-01  7.069771e-01 -6.863313e-01
   outer loop
     vertex  8.196310e+01  2.800000e+00 -9.468780e+00
     vertex  8.181689e+01  2.600000e+00 -9.711158e+00
     vertex  8.177389e+01  2.800000e+00 -9.515834e+00
   endloop
 endfacet
 facet normal  2.528199e-01  7.070744e-01 -6.603998e-01
   outer loop
     vertex  8.240652e+01  2.600000e+00 -9.530112e+00
     vertex  8.248055e+01  2.400000e+00 -9.715907e+00
     vertex  8.237939e+01  2.400000e+00 -9.754637e+00
   endloop
 endfacet
 facet normal  2.429951e-01  7.095574e-01 -6.614240e-01
   outer loop
     vertex  8.240652e+01  2.600000e+00 -9.530112e+00
     vertex  8.237939e+01  2.400000e+00 -9.754637e+00
     vertex  8.221335e+01  2.600000e+00 -9.601082e+00
   endloop
 endfacet
 facet normal  2.706105e-01  7.070744e-01 -6.533114e-01
   outer loop
     vertex  8.240652e+01  2.600000e+00 -9.530112e+00
     vertex  8.258063e+01  2.400000e+00 -9.674452e+00
     vertex  8.248055e+01  2.400000e+00 -9.715907e+00
   endloop
 endfacet
 facet normal  2.075899e-01  7.069771e-01 -6.760842e-01
   outer loop
     vertex  8.214949e+01  2.800000e+00 -9.411551e+00
     vertex  8.201661e+01  2.600000e+00 -9.661490e+00
     vertex  8.196310e+01  2.800000e+00 -9.468780e+00
   endloop
 endfacet
 facet normal  2.075899e-01  7.069771e-01 -6.760842e-01
   outer loop
     vertex  8.214949e+01  2.800000e+00 -9.411551e+00
     vertex  8.221335e+01  2.600000e+00 -9.601082e+00
     vertex  8.201661e+01  2.600000e+00 -9.661490e+00
   endloop
 endfacet
 facet normal  2.082379e-01  7.047614e-01 -6.781949e-01
   outer loop
     vertex  8.214949e+01  2.800000e+00 -9.411551e+00
     vertex  8.196310e+01  2.800000e+00 -9.468780e+00
     vertex  8.199798e+01  3.000000e+00 -9.250237e+00
   endloop
 endfacet
 facet normal  2.166958e-01  7.070744e-01 -6.731187e-01
   outer loop
     vertex  8.214949e+01  2.800000e+00 -9.411551e+00
     vertex  8.199798e+01  3.000000e+00 -9.250237e+00
     vertex  8.208563e+01  3.000000e+00 -9.222021e+00
   endloop
 endfacet
 facet normal  2.348440e-01  7.070744e-01 -6.670038e-01
   outer loop
     vertex  8.214949e+01  2.800000e+00 -9.411551e+00
     vertex  8.208563e+01  3.000000e+00 -9.222021e+00
     vertex  8.217248e+01  3.000000e+00 -9.191441e+00
   endloop
 endfacet
 facet normal  2.882025e-01  7.070744e-01 -6.457439e-01
   outer loop
     vertex  8.259558e+01  2.600000e+00 -9.448787e+00
     vertex  8.267956e+01  2.400000e+00 -9.630302e+00
     vertex  8.258063e+01  2.400000e+00 -9.674452e+00
   endloop
 endfacet
 facet normal  3.055831e-01  7.070744e-01 -6.377027e-01
   outer loop
     vertex  8.259558e+01  2.600000e+00 -9.448787e+00
     vertex  8.277725e+01  2.400000e+00 -9.583489e+00
     vertex  8.267956e+01  2.400000e+00 -9.630302e+00
   endloop
 endfacet
 facet normal  2.784475e-01  7.095574e-01 -6.472985e-01
   outer loop
     vertex  8.259558e+01  2.600000e+00 -9.448787e+00
     vertex  8.258063e+01  2.400000e+00 -9.674452e+00
     vertex  8.240652e+01  2.600000e+00 -9.530112e+00
   endloop
 endfacet
 facet normal  2.438879e-01  7.069771e-01 -6.638540e-01
   outer loop
     vertex  8.233250e+01  2.800000e+00 -9.344316e+00
     vertex  8.221335e+01  2.600000e+00 -9.601082e+00
     vertex  8.214949e+01  2.800000e+00 -9.411551e+00
   endloop
 endfacet
 facet normal  2.438879e-01  7.069771e-01 -6.638540e-01
   outer loop
     vertex  8.233250e+01  2.800000e+00 -9.344316e+00
     vertex  8.240652e+01  2.600000e+00 -9.530112e+00
     vertex  8.221335e+01  2.600000e+00 -9.601082e+00
   endloop
 endfacet
 facet normal  2.446493e-01  7.047614e-01 -6.659265e-01
   outer loop
     vertex  8.233250e+01  2.800000e+00 -9.344316e+00
     vertex  8.214949e+01  2.800000e+00 -9.411551e+00
     vertex  8.217248e+01  3.000000e+00 -9.191441e+00
   endloop
 endfacet
 facet normal  2.528199e-01  7.070744e-01 -6.603998e-01
   outer loop
     vertex  8.233250e+01  2.800000e+00 -9.344316e+00
     vertex  8.217248e+01  3.000000e+00 -9.191441e+00
     vertex  8.225847e+01  3.000000e+00 -9.158521e+00
   endloop
 endfacet
 facet normal  2.706105e-01  7.070744e-01 -6.533114e-01
   outer loop
     vertex  8.233250e+01  2.800000e+00 -9.344316e+00
     vertex  8.225847e+01  3.000000e+00 -9.158521e+00
     vertex  8.234354e+01  3.000000e+00 -9.123284e+00
   endloop
 endfacet
 facet normal  3.227397e-01  7.070744e-01 -6.291939e-01
   outer loop
     vertex  8.277995e+01  2.600000e+00 -9.357346e+00
     vertex  8.287363e+01  2.400000e+00 -9.534048e+00
     vertex  8.277725e+01  2.400000e+00 -9.583489e+00
   endloop
 endfacet
 facet normal  3.396595e-01  7.070744e-01 -6.202236e-01
   outer loop
     vertex  8.277995e+01  2.600000e+00 -9.357346e+00
     vertex  8.296865e+01  2.400000e+00 -9.482015e+00
     vertex  8.287363e+01  2.400000e+00 -9.534048e+00
   endloop
 endfacet
 facet normal  3.130832e-01  7.095574e-01 -6.312743e-01
   outer loop
     vertex  8.277995e+01  2.600000e+00 -9.357346e+00
     vertex  8.277725e+01  2.400000e+00 -9.583489e+00
     vertex  8.259558e+01  2.600000e+00 -9.448787e+00
   endloop
 endfacet
 facet normal  2.803430e-01  7.047614e-01 -6.517048e-01
   outer loop
     vertex  8.251160e+01  2.800000e+00 -9.267272e+00
     vertex  8.233250e+01  2.800000e+00 -9.344316e+00
     vertex  8.234354e+01  3.000000e+00 -9.123284e+00
   endloop
 endfacet
 facet normal  2.882025e-01  7.070744e-01 -6.457439e-01
   outer loop
     vertex  8.251160e+01  2.800000e+00 -9.267272e+00
     vertex  8.234354e+01  3.000000e+00 -9.123284e+00
     vertex  8.242762e+01  3.000000e+00 -9.085756e+00
   endloop
 endfacet
 facet normal  3.055831e-01  7.070744e-01 -6.377027e-01
   outer loop
     vertex  8.251160e+01  2.800000e+00 -9.267272e+00
     vertex  8.242762e+01  3.000000e+00 -9.085756e+00
     vertex  8.251066e+01  3.000000e+00 -9.045966e+00
   endloop
 endfacet
 facet normal  2.794705e-01  7.069771e-01 -6.496765e-01
   outer loop
     vertex  8.251160e+01  2.800000e+00 -9.267272e+00
     vertex  8.259558e+01  2.600000e+00 -9.448787e+00
     vertex  8.240652e+01  2.600000e+00 -9.530112e+00
   endloop
 endfacet
 facet normal  2.794705e-01  7.069771e-01 -6.496765e-01
   outer loop
     vertex  8.251160e+01  2.800000e+00 -9.267272e+00
     vertex  8.240652e+01  2.600000e+00 -9.530112e+00
     vertex  8.233250e+01  2.800000e+00 -9.344316e+00
   endloop
 endfacet
 facet normal  3.563302e-01  7.070744e-01 -6.107983e-01
   outer loop
     vertex  8.295910e+01  2.600000e+00 -9.256057e+00
     vertex  8.306222e+01  2.400000e+00 -9.427429e+00
     vertex  8.296865e+01  2.400000e+00 -9.482015e+00
   endloop
 endfacet
 facet normal  3.727396e-01  7.070744e-01 -6.009251e-01
   outer loop
     vertex  8.295910e+01  2.600000e+00 -9.256057e+00
     vertex  8.315427e+01  2.400000e+00 -9.370328e+00
     vertex  8.306222e+01  2.400000e+00 -9.427429e+00
   endloop
 endfacet
 facet normal  3.468006e-01  7.095574e-01 -6.133985e-01
   outer loop
     vertex  8.295910e+01  2.600000e+00 -9.256057e+00
     vertex  8.296865e+01  2.400000e+00 -9.482015e+00
     vertex  8.277995e+01  2.600000e+00 -9.357346e+00
   endloop
 endfacet
 facet normal  3.480746e-01  7.069771e-01 -6.156520e-01
   outer loop
     vertex  8.268627e+01  2.800000e+00 -9.180643e+00
     vertex  8.295910e+01  2.600000e+00 -9.256057e+00
     vertex  8.277995e+01  2.600000e+00 -9.357346e+00
   endloop
 endfacet
 facet normal  3.152144e-01  7.047614e-01 -6.355715e-01
   outer loop
     vertex  8.268627e+01  2.800000e+00 -9.180643e+00
     vertex  8.251160e+01  2.800000e+00 -9.267272e+00
     vertex  8.251066e+01  3.000000e+00 -9.045966e+00
   endloop
 endfacet
 facet normal  3.142334e-01  7.069771e-01 -6.335935e-01
   outer loop
     vertex  8.268627e+01  2.800000e+00 -9.180643e+00
     vertex  8.277995e+01  2.600000e+00 -9.357346e+00
     vertex  8.259558e+01  2.600000e+00 -9.448787e+00
   endloop
 endfacet
 facet normal  3.227397e-01  7.070744e-01 -6.291939e-01
   outer loop
     vertex  8.268627e+01  2.800000e+00 -9.180643e+00
     vertex  8.251066e+01  3.000000e+00 -9.045966e+00
     vertex  8.259259e+01  3.000000e+00 -9.003941e+00
   endloop
 endfacet
 facet normal  3.396595e-01  7.070744e-01 -6.202236e-01
   outer loop
     vertex  8.268627e+01  2.800000e+00 -9.180643e+00
     vertex  8.259259e+01  3.000000e+00 -9.003941e+00
     vertex  8.267335e+01  3.000000e+00 -8.959713e+00
   endloop
 endfacet
 facet normal  3.142334e-01  7.069771e-01 -6.335935e-01
   outer loop
     vertex  8.268627e+01  2.800000e+00 -9.180643e+00
     vertex  8.259558e+01  2.600000e+00 -9.448787e+00
     vertex  8.251160e+01  2.800000e+00 -9.267272e+00
   endloop
 endfacet
 facet normal  3.888756e-01  7.070744e-01 -5.906112e-01
   outer loop
     vertex  8.313251e+01  2.600000e+00 -9.145218e+00
     vertex  8.324475e+01  2.400000e+00 -9.310756e+00
     vertex  8.315427e+01  2.400000e+00 -9.370328e+00
   endloop
 endfacet
 facet normal  4.047264e-01  7.070744e-01 -5.798641e-01
   outer loop
     vertex  8.313251e+01  2.600000e+00 -9.145218e+00
     vertex  8.333358e+01  2.400000e+00 -9.248755e+00
     vertex  8.324475e+01  2.400000e+00 -9.310756e+00
   endloop
 endfacet
 facet normal  3.795007e-01  7.095574e-01 -5.937235e-01
   outer loop
     vertex  8.313251e+01  2.600000e+00 -9.145218e+00
     vertex  8.315427e+01  2.400000e+00 -9.370328e+00
     vertex  8.295910e+01  2.600000e+00 -9.256057e+00
   endloop
 endfacet
 facet normal  3.808949e-01  7.069771e-01 -5.959048e-01
   outer loop
     vertex  8.285599e+01  2.800000e+00 -9.084686e+00
     vertex  8.313251e+01  2.600000e+00 -9.145218e+00
     vertex  8.295910e+01  2.600000e+00 -9.256057e+00
   endloop
 endfacet
 facet normal  3.491613e-01  7.047614e-01 -6.175740e-01
   outer loop
     vertex  8.285599e+01  2.800000e+00 -9.084686e+00
     vertex  8.268627e+01  2.800000e+00 -9.180643e+00
     vertex  8.267335e+01  3.000000e+00 -8.959713e+00
   endloop
 endfacet
 facet normal  3.480746e-01  7.069771e-01 -6.156520e-01
   outer loop
     vertex  8.285599e+01  2.800000e+00 -9.084686e+00
     vertex  8.295910e+01  2.600000e+00 -9.256057e+00
     vertex  8.268627e+01  2.800000e+00 -9.180643e+00
   endloop
 endfacet
 facet normal  3.563302e-01  7.070744e-01 -6.107983e-01
   outer loop
     vertex  8.285599e+01  2.800000e+00 -9.084686e+00
     vertex  8.267335e+01  3.000000e+00 -8.959713e+00
     vertex  8.275288e+01  3.000000e+00 -8.913314e+00
   endloop
 endfacet
 facet normal  3.727396e-01  7.070744e-01 -6.009251e-01
   outer loop
     vertex  8.285599e+01  2.800000e+00 -9.084686e+00
     vertex  8.275288e+01  3.000000e+00 -8.913314e+00
     vertex  8.283113e+01  3.000000e+00 -8.864779e+00
   endloop
 endfacet
 facet normal  4.202803e-01  7.070744e-01 -5.686917e-01
   outer loop
     vertex  8.329966e+01  2.600000e+00 -9.025154e+00
     vertex  8.342070e+01  2.400000e+00 -9.184372e+00
     vertex  8.333358e+01  2.400000e+00 -9.248755e+00
   endloop
 endfacet
 facet normal  4.355260e-01  7.070744e-01 -5.571023e-01
   outer loop
     vertex  8.329966e+01  2.600000e+00 -9.025154e+00
     vertex  8.350604e+01  2.400000e+00 -9.117654e+00
     vertex  8.342070e+01  2.400000e+00 -9.184372e+00
   endloop
 endfacet
 facet normal  4.110876e-01  7.095574e-01 -5.723070e-01
   outer loop
     vertex  8.329966e+01  2.600000e+00 -9.025154e+00
     vertex  8.333358e+01  2.400000e+00 -9.248755e+00
     vertex  8.313251e+01  2.600000e+00 -9.145218e+00
   endloop
 endfacet
 facet normal  3.808949e-01  7.069771e-01 -5.959048e-01
   outer loop
     vertex  8.302027e+01  2.800000e+00 -8.979680e+00
     vertex  8.313251e+01  2.600000e+00 -9.145218e+00
     vertex  8.285599e+01  2.800000e+00 -9.084686e+00
   endloop
 endfacet
 facet normal  3.820840e-01  7.047614e-01 -5.977651e-01
   outer loop
     vertex  8.302027e+01  2.800000e+00 -8.979680e+00
     vertex  8.285599e+01  2.800000e+00 -9.084686e+00
     vertex  8.283113e+01  3.000000e+00 -8.864779e+00
   endloop
 endfacet
 facet normal  3.888756e-01  7.070744e-01 -5.906112e-01
   outer loop
     vertex  8.302027e+01  2.800000e+00 -8.979680e+00
     vertex  8.283113e+01  3.000000e+00 -8.864779e+00
     vertex  8.290804e+01  3.000000e+00 -8.814143e+00
   endloop
 endfacet
 facet normal  4.047264e-01  7.070744e-01 -5.798641e-01
   outer loop
     vertex  8.302027e+01  2.800000e+00 -8.979680e+00
     vertex  8.290804e+01  3.000000e+00 -8.814143e+00
     vertex  8.298354e+01  3.000000e+00 -8.761442e+00
   endloop
 endfacet
 facet normal  4.414688e-01  7.095574e-01 -5.492118e-01
   outer loop
     vertex  8.346007e+01  2.600000e+00 -8.896216e+00
     vertex  8.350604e+01  2.400000e+00 -9.117654e+00
     vertex  8.329966e+01  2.600000e+00 -9.025154e+00
   endloop
 endfacet
 facet normal  4.504523e-01  7.070744e-01 -5.451042e-01
   outer loop
     vertex  8.346007e+01  2.600000e+00 -8.896216e+00
     vertex  8.358955e+01  2.400000e+00 -9.048648e+00
     vertex  8.350604e+01  2.400000e+00 -9.117654e+00
   endloop
 endfacet
 facet normal  4.650482e-01  7.070744e-01 -5.327063e-01
   outer loop
     vertex  8.346007e+01  2.600000e+00 -8.896216e+00
     vertex  8.367115e+01  2.400000e+00 -8.977407e+00
     vertex  8.358955e+01  2.400000e+00 -9.048648e+00
   endloop
 endfacet
 facet normal  4.138860e-01  7.047614e-01 -5.762028e-01
   outer loop
     vertex  8.317863e+01  2.800000e+00 -8.865935e+00
     vertex  8.302027e+01  2.800000e+00 -8.979680e+00
     vertex  8.298354e+01  3.000000e+00 -8.761442e+00
   endloop
 endfacet
 facet normal  4.125979e-01  7.069771e-01 -5.744096e-01
   outer loop
     vertex  8.317863e+01  2.800000e+00 -8.865935e+00
     vertex  8.329966e+01  2.600000e+00 -9.025154e+00
     vertex  8.313251e+01  2.600000e+00 -9.145218e+00
   endloop
 endfacet
 facet normal  4.202803e-01  7.070744e-01 -5.686917e-01
   outer loop
     vertex  8.317863e+01  2.800000e+00 -8.865935e+00
     vertex  8.298354e+01  3.000000e+00 -8.761442e+00
     vertex  8.305759e+01  3.000000e+00 -8.706716e+00
   endloop
 endfacet
 facet normal  4.355260e-01  7.070744e-01 -5.571023e-01
   outer loop
     vertex  8.317863e+01  2.800000e+00 -8.865935e+00
     vertex  8.305759e+01  3.000000e+00 -8.706716e+00
     vertex  8.313013e+01  3.000000e+00 -8.650005e+00
   endloop
 endfacet
 facet normal  4.125979e-01  7.069771e-01 -5.744096e-01
   outer loop
     vertex  8.317863e+01  2.800000e+00 -8.865935e+00
     vertex  8.313251e+01  2.600000e+00 -9.145218e+00
     vertex  8.302027e+01  2.800000e+00 -8.979680e+00
   endloop
 endfacet
 facet normal  4.793030e-01  7.070744e-01 -5.199177e-01
   outer loop
     vertex  8.361326e+01  2.600000e+00 -8.758783e+00
     vertex  8.375080e+01  2.400000e+00 -8.903982e+00
     vertex  8.367115e+01  2.400000e+00 -8.977407e+00
   endloop
 endfacet
 facet normal  4.932063e-01  7.070744e-01 -5.067479e-01
   outer loop
     vertex  8.361326e+01  2.600000e+00 -8.758783e+00
     vertex  8.382843e+01  2.400000e+00 -8.828427e+00
     vertex  8.375080e+01  2.400000e+00 -8.903982e+00
   endloop
 endfacet
 facet normal  4.705551e-01  7.095574e-01 -5.245057e-01
   outer loop
     vertex  8.361326e+01  2.600000e+00 -8.758783e+00
     vertex  8.367115e+01  2.400000e+00 -8.977407e+00
     vertex  8.346007e+01  2.600000e+00 -8.896216e+00
   endloop
 endfacet
 facet normal  4.444740e-01  7.047614e-01 -5.529504e-01
   outer loop
     vertex  8.333059e+01  2.800000e+00 -8.743783e+00
     vertex  8.317863e+01  2.800000e+00 -8.865935e+00
     vertex  8.313013e+01  3.000000e+00 -8.650005e+00
   endloop
 endfacet
 facet normal  4.430907e-01  7.069771e-01 -5.512296e-01
   outer loop
     vertex  8.333059e+01  2.800000e+00 -8.743783e+00
     vertex  8.346007e+01  2.600000e+00 -8.896216e+00
     vertex  8.329966e+01  2.600000e+00 -9.025154e+00
   endloop
 endfacet
 facet normal  4.430907e-01  7.069771e-01 -5.512296e-01
   outer loop
     vertex  8.333059e+01  2.800000e+00 -8.743783e+00
     vertex  8.329966e+01  2.600000e+00 -9.025154e+00
     vertex  8.317863e+01  2.800000e+00 -8.865935e+00
   endloop
 endfacet
 facet normal  4.504523e-01  7.070744e-01 -5.451042e-01
   outer loop
     vertex  8.333059e+01  2.800000e+00 -8.743783e+00
     vertex  8.313013e+01  3.000000e+00 -8.650005e+00
     vertex  8.320111e+01  3.000000e+00 -8.591351e+00
   endloop
 endfacet
 facet normal  4.650482e-01  7.070744e-01 -5.327063e-01
   outer loop
     vertex  8.333059e+01  2.800000e+00 -8.743783e+00
     vertex  8.320111e+01  3.000000e+00 -8.591351e+00
     vertex  8.327048e+01  3.000000e+00 -8.530796e+00
   endloop
 endfacet
 facet normal  5.067479e-01  7.070744e-01 -4.932063e-01
   outer loop
     vertex  8.375878e+01  2.600000e+00 -8.613258e+00
     vertex  8.390398e+01  2.400000e+00 -8.750798e+00
     vertex  8.382843e+01  2.400000e+00 -8.828427e+00
   endloop
 endfacet
 facet normal  5.199177e-01  7.070744e-01 -4.793030e-01
   outer loop
     vertex  8.375878e+01  2.600000e+00 -8.613258e+00
     vertex  8.397741e+01  2.400000e+00 -8.671151e+00
     vertex  8.390398e+01  2.400000e+00 -8.750798e+00
   endloop
 endfacet
 facet normal  4.982612e-01  7.095574e-01 -4.982612e-01
   outer loop
     vertex  8.375878e+01  2.600000e+00 -8.613258e+00
     vertex  8.382843e+01  2.400000e+00 -8.828427e+00
     vertex  8.361326e+01  2.600000e+00 -8.758783e+00
   endloop
 endfacet
 facet normal  4.737583e-01  7.047614e-01 -5.280762e-01
   outer loop
     vertex  8.347572e+01  2.800000e+00 -8.613584e+00
     vertex  8.333059e+01  2.800000e+00 -8.743783e+00
     vertex  8.327048e+01  3.000000e+00 -8.530796e+00
   endloop
 endfacet
 facet normal  5.000917e-01  7.069771e-01 -5.000917e-01
   outer loop
     vertex  8.347572e+01  2.800000e+00 -8.613584e+00
     vertex  8.375878e+01  2.600000e+00 -8.613258e+00
     vertex  8.361326e+01  2.600000e+00 -8.758783e+00
   endloop
 endfacet
 facet normal  4.722838e-01  7.069771e-01 -5.264327e-01
   outer loop
     vertex  8.347572e+01  2.800000e+00 -8.613584e+00
     vertex  8.361326e+01  2.600000e+00 -8.758783e+00
     vertex  8.346007e+01  2.600000e+00 -8.896216e+00
   endloop
 endfacet
 facet normal  4.793030e-01  7.070744e-01 -5.199177e-01
   outer loop
     vertex  8.347572e+01  2.800000e+00 -8.613584e+00
     vertex  8.327048e+01  3.000000e+00 -8.530796e+00
     vertex  8.333818e+01  3.000000e+00 -8.468385e+00
   endloop
 endfacet
 facet normal  4.932063e-01  7.070744e-01 -5.067479e-01
   outer loop
     vertex  8.347572e+01  2.800000e+00 -8.613584e+00
     vertex  8.333818e+01  3.000000e+00 -8.468385e+00
     vertex  8.340416e+01  3.000000e+00 -8.404163e+00
   endloop
 endfacet
 facet normal  4.722838e-01  7.069771e-01 -5.264327e-01
   outer loop
     vertex  8.347572e+01  2.800000e+00 -8.613584e+00
     vertex  8.346007e+01  2.600000e+00 -8.896216e+00
     vertex  8.333059e+01  2.800000e+00 -8.743783e+00
   endloop
 endfacet
 facet normal  5.327063e-01  7.070744e-01 -4.650482e-01
   outer loop
     vertex  8.389622e+01  2.600000e+00 -8.460068e+00
     vertex  8.404865e+01  2.400000e+00 -8.589545e+00
     vertex  8.397741e+01  2.400000e+00 -8.671151e+00
   endloop
 endfacet
 facet normal  5.451042e-01  7.070744e-01 -4.504523e-01
   outer loop
     vertex  8.389622e+01  2.600000e+00 -8.460068e+00
     vertex  8.411765e+01  2.400000e+00 -8.506040e+00
     vertex  8.404865e+01  2.400000e+00 -8.589545e+00
   endloop
 endfacet
 facet normal  5.245057e-01  7.095574e-01 -4.705551e-01
   outer loop
     vertex  8.389622e+01  2.600000e+00 -8.460068e+00
     vertex  8.397741e+01  2.400000e+00 -8.671151e+00
     vertex  8.375878e+01  2.600000e+00 -8.613258e+00
   endloop
 endfacet
 facet normal  5.000917e-01  7.069771e-01 -5.000917e-01
   outer loop
     vertex  8.361358e+01  2.800000e+00 -8.475718e+00
     vertex  8.375878e+01  2.600000e+00 -8.613258e+00
     vertex  8.347572e+01  2.800000e+00 -8.613584e+00
   endloop
 endfacet
 facet normal  5.016529e-01  7.047614e-01 -5.016529e-01
   outer loop
     vertex  8.361358e+01  2.800000e+00 -8.475718e+00
     vertex  8.347572e+01  2.800000e+00 -8.613584e+00
     vertex  8.340416e+01  3.000000e+00 -8.404163e+00
   endloop
 endfacet
 facet normal  5.264327e-01  7.069771e-01 -4.722838e-01
   outer loop
     vertex  8.361358e+01  2.800000e+00 -8.475718e+00
     vertex  8.389622e+01  2.600000e+00 -8.460068e+00
     vertex  8.375878e+01  2.600000e+00 -8.613258e+00
   endloop
 endfacet
 facet normal  5.067479e-01  7.070744e-01 -4.932063e-01
   outer loop
     vertex  8.361358e+01  2.800000e+00 -8.475718e+00
     vertex  8.340416e+01  3.000000e+00 -8.404163e+00
     vertex  8.346838e+01  3.000000e+00 -8.338178e+00
   endloop
 endfacet
 facet normal  5.199177e-01  7.070744e-01 -4.793030e-01
   outer loop
     vertex  8.361358e+01  2.800000e+00 -8.475718e+00
     vertex  8.346838e+01  3.000000e+00 -8.338178e+00
     vertex  8.353080e+01  3.000000e+00 -8.270478e+00
   endloop
 endfacet
 facet normal  5.571023e-01  7.070744e-01 -4.355260e-01
   outer loop
     vertex  8.402515e+01  2.600000e+00 -8.299662e+00
     vertex  8.418437e+01  2.400000e+00 -8.420697e+00
     vertex  8.411765e+01  2.400000e+00 -8.506040e+00
   endloop
 endfacet
 facet normal  5.686917e-01  7.070744e-01 -4.202803e-01
   outer loop
     vertex  8.402515e+01  2.600000e+00 -8.299662e+00
     vertex  8.424876e+01  2.400000e+00 -8.333578e+00
     vertex  8.418437e+01  2.400000e+00 -8.420697e+00
   endloop
 endfacet
 facet normal  5.492118e-01  7.095574e-01 -4.414688e-01
   outer loop
     vertex  8.402515e+01  2.600000e+00 -8.299662e+00
     vertex  8.411765e+01  2.400000e+00 -8.506040e+00
     vertex  8.389622e+01  2.600000e+00 -8.460068e+00
   endloop
 endfacet
 facet normal  5.264327e-01  7.069771e-01 -4.722838e-01
   outer loop
     vertex  8.374378e+01  2.800000e+00 -8.330591e+00
     vertex  8.389622e+01  2.600000e+00 -8.460068e+00
     vertex  8.361358e+01  2.800000e+00 -8.475718e+00
   endloop
 endfacet
 facet normal  5.280762e-01  7.047614e-01 -4.737583e-01
   outer loop
     vertex  8.374378e+01  2.800000e+00 -8.330591e+00
     vertex  8.361358e+01  2.800000e+00 -8.475718e+00
     vertex  8.353080e+01  3.000000e+00 -8.270478e+00
   endloop
 endfacet
 facet normal  5.327063e-01  7.070744e-01 -4.650482e-01
   outer loop
     vertex  8.374378e+01  2.800000e+00 -8.330591e+00
     vertex  8.353080e+01  3.000000e+00 -8.270478e+00
     vertex  8.359135e+01  3.000000e+00 -8.201113e+00
   endloop
 endfacet
 facet normal  5.451042e-01  7.070744e-01 -4.504523e-01
   outer loop
     vertex  8.374378e+01  2.800000e+00 -8.330591e+00
     vertex  8.359135e+01  3.000000e+00 -8.201113e+00
     vertex  8.365001e+01  3.000000e+00 -8.130134e+00
   endloop
 endfacet
 facet normal  5.723070e-01  7.095574e-01 -4.110876e-01
   outer loop
     vertex  8.414522e+01  2.600000e+00 -8.132511e+00
     vertex  8.424876e+01  2.400000e+00 -8.333578e+00
     vertex  8.402515e+01  2.600000e+00 -8.299662e+00
   endloop
 endfacet
 facet normal  5.798641e-01  7.070744e-01 -4.047264e-01
   outer loop
     vertex  8.414522e+01  2.600000e+00 -8.132511e+00
     vertex  8.431076e+01  2.400000e+00 -8.244748e+00
     vertex  8.424876e+01  2.400000e+00 -8.333578e+00
   endloop
 endfacet
 facet normal  5.906112e-01  7.070744e-01 -3.888756e-01
   outer loop
     vertex  8.414522e+01  2.600000e+00 -8.132511e+00
     vertex  8.437033e+01  2.400000e+00 -8.154272e+00
     vertex  8.431076e+01  2.400000e+00 -8.244748e+00
   endloop
 endfacet
 facet normal  5.512296e-01  7.069771e-01 -4.430907e-01
   outer loop
     vertex  8.386594e+01  2.800000e+00 -8.178627e+00
     vertex  8.389622e+01  2.600000e+00 -8.460068e+00
     vertex  8.374378e+01  2.800000e+00 -8.330591e+00
   endloop
 endfacet
 facet normal  5.529504e-01  7.047614e-01 -4.444740e-01
   outer loop
     vertex  8.386594e+01  2.800000e+00 -8.178627e+00
     vertex  8.374378e+01  2.800000e+00 -8.330591e+00
     vertex  8.365001e+01  3.000000e+00 -8.130134e+00
   endloop
 endfacet
 facet normal  5.512296e-01  7.069771e-01 -4.430907e-01
   outer loop
     vertex  8.386594e+01  2.800000e+00 -8.178627e+00
     vertex  8.402515e+01  2.600000e+00 -8.299662e+00
     vertex  8.389622e+01  2.600000e+00 -8.460068e+00
   endloop
 endfacet
 facet normal  5.571023e-01  7.070744e-01 -4.355260e-01
   outer loop
     vertex  8.386594e+01  2.800000e+00 -8.178627e+00
     vertex  8.365001e+01  3.000000e+00 -8.130134e+00
     vertex  8.370672e+01  3.000000e+00 -8.057592e+00
   endloop
 endfacet
 facet normal  5.686917e-01  7.070744e-01 -4.202803e-01
   outer loop
     vertex  8.386594e+01  2.800000e+00 -8.178627e+00
     vertex  8.370672e+01  3.000000e+00 -8.057592e+00
     vertex  8.376144e+01  3.000000e+00 -7.983542e+00
   endloop
 endfacet
 facet normal  5.937235e-01  7.095574e-01 -3.795007e-01
   outer loop
     vertex  8.425606e+01  2.600000e+00 -7.959105e+00
     vertex  8.437033e+01  2.400000e+00 -8.154272e+00
     vertex  8.414522e+01  2.600000e+00 -8.132511e+00
   endloop
 endfacet
 facet normal  6.009251e-01  7.070744e-01 -3.727396e-01
   outer loop
     vertex  8.425606e+01  2.600000e+00 -7.959105e+00
     vertex  8.442743e+01  2.400000e+00 -8.062215e+00
     vertex  8.437033e+01  2.400000e+00 -8.154272e+00
   endloop
 endfacet
 facet normal  6.107983e-01  7.070744e-01 -3.563302e-01
   outer loop
     vertex  8.425606e+01  2.600000e+00 -7.959105e+00
     vertex  8.448202e+01  2.400000e+00 -7.968647e+00
     vertex  8.442743e+01  2.400000e+00 -8.062215e+00
   endloop
 endfacet
 facet normal  5.744096e-01  7.069771e-01 -4.125979e-01
   outer loop
     vertex  8.397968e+01  2.800000e+00 -8.020273e+00
     vertex  8.402515e+01  2.600000e+00 -8.299662e+00
     vertex  8.386594e+01  2.800000e+00 -8.178627e+00
   endloop
 endfacet
 facet normal  5.744096e-01  7.069771e-01 -4.125979e-01
   outer loop
     vertex  8.397968e+01  2.800000e+00 -8.020273e+00
     vertex  8.414522e+01  2.600000e+00 -8.132511e+00
     vertex  8.402515e+01  2.600000e+00 -8.299662e+00
   endloop
 endfacet
 facet normal  5.762028e-01  7.047614e-01 -4.138860e-01
   outer loop
     vertex  8.397968e+01  2.800000e+00 -8.020273e+00
     vertex  8.386594e+01  2.800000e+00 -8.178627e+00
     vertex  8.376144e+01  3.000000e+00 -7.983542e+00
   endloop
 endfacet
 facet normal  5.798641e-01  7.070744e-01 -4.047264e-01
   outer loop
     vertex  8.397968e+01  2.800000e+00 -8.020273e+00
     vertex  8.376144e+01  3.000000e+00 -7.983542e+00
     vertex  8.381414e+01  3.000000e+00 -7.908036e+00
   endloop
 endfacet
 facet normal  5.906112e-01  7.070744e-01 -3.888756e-01
   outer loop
     vertex  8.397968e+01  2.800000e+00 -8.020273e+00
     vertex  8.381414e+01  3.000000e+00 -7.908036e+00
     vertex  8.386478e+01  3.000000e+00 -7.831131e+00
   endloop
 endfacet
 facet normal  6.133985e-01  7.095574e-01 -3.468006e-01
   outer loop
     vertex  8.435735e+01  2.600000e+00 -7.779952e+00
     vertex  8.448202e+01  2.400000e+00 -7.968647e+00
     vertex  8.425606e+01  2.600000e+00 -7.959105e+00
   endloop
 endfacet
 facet normal  6.202236e-01  7.070744e-01 -3.396595e-01
   outer loop
     vertex  8.435735e+01  2.600000e+00 -7.779952e+00
     vertex  8.453405e+01  2.400000e+00 -7.873634e+00
     vertex  8.448202e+01  2.400000e+00 -7.968647e+00
   endloop
 endfacet
 facet normal  6.291939e-01  7.070744e-01 -3.227397e-01
   outer loop
     vertex  8.435735e+01  2.600000e+00 -7.779952e+00
     vertex  8.458349e+01  2.400000e+00 -7.777247e+00
     vertex  8.453405e+01  2.400000e+00 -7.873634e+00
   endloop
 endfacet
 facet normal  6.156520e-01  7.069771e-01 -3.480746e-01
   outer loop
     vertex  8.408469e+01  2.800000e+00 -7.855994e+00
     vertex  8.435735e+01  2.600000e+00 -7.779952e+00
     vertex  8.425606e+01  2.600000e+00 -7.959105e+00
   endloop
 endfacet
 facet normal  5.959048e-01  7.069771e-01 -3.808949e-01
   outer loop
     vertex  8.408469e+01  2.800000e+00 -7.855994e+00
     vertex  8.414522e+01  2.600000e+00 -8.132511e+00
     vertex  8.397968e+01  2.800000e+00 -8.020273e+00
   endloop
 endfacet
 facet normal  5.977651e-01  7.047614e-01 -3.820840e-01
   outer loop
     vertex  8.408469e+01  2.800000e+00 -7.855994e+00
     vertex  8.397968e+01  2.800000e+00 -8.020273e+00
     vertex  8.386478e+01  3.000000e+00 -7.831131e+00
   endloop
 endfacet
 facet normal  5.959048e-01  7.069771e-01 -3.808949e-01
   outer loop
     vertex  8.408469e+01  2.800000e+00 -7.855994e+00
     vertex  8.425606e+01  2.600000e+00 -7.959105e+00
     vertex  8.414522e+01  2.600000e+00 -8.132511e+00
   endloop
 endfacet
 facet normal  6.009251e-01  7.070744e-01 -3.727396e-01
   outer loop
     vertex  8.408469e+01  2.800000e+00 -7.855994e+00
     vertex  8.386478e+01  3.000000e+00 -7.831131e+00
     vertex  8.391331e+01  3.000000e+00 -7.752883e+00
   endloop
 endfacet
 facet normal  6.107983e-01  7.070744e-01 -3.563302e-01
   outer loop
     vertex  8.408469e+01  2.800000e+00 -7.855994e+00
     vertex  8.391331e+01  3.000000e+00 -7.752883e+00
     vertex  8.395971e+01  3.000000e+00 -7.673350e+00
   endloop
 endfacet
 facet normal  6.377027e-01  7.070744e-01 -3.055831e-01
   outer loop
     vertex  8.444879e+01  2.600000e+00 -7.595579e+00
     vertex  8.463030e+01  2.400000e+00 -7.679556e+00
     vertex  8.458349e+01  2.400000e+00 -7.777247e+00
   endloop
 endfacet
 facet normal  6.457439e-01  7.070744e-01 -2.882025e-01
   outer loop
     vertex  8.444879e+01  2.600000e+00 -7.595579e+00
     vertex  8.467445e+01  2.400000e+00 -7.580634e+00
     vertex  8.463030e+01  2.400000e+00 -7.679556e+00
   endloop
 endfacet
 facet normal  6.312743e-01  7.095574e-01 -3.130832e-01
   outer loop
     vertex  8.444879e+01  2.600000e+00 -7.595579e+00
     vertex  8.458349e+01  2.400000e+00 -7.777247e+00
     vertex  8.435735e+01  2.600000e+00 -7.779952e+00
   endloop
 endfacet
 facet normal  6.291939e-01  7.070744e-01 -3.227397e-01
   outer loop
     vertex  8.418064e+01  2.800000e+00 -7.686270e+00
     vertex  8.400394e+01  3.000000e+00 -7.592589e+00
     vertex  8.404597e+01  3.000000e+00 -7.510660e+00
   endloop
 endfacet
 facet normal  6.175740e-01  7.047614e-01 -3.491613e-01
   outer loop
     vertex  8.418064e+01  2.800000e+00 -7.686270e+00
     vertex  8.408469e+01  2.800000e+00 -7.855994e+00
     vertex  8.395971e+01  3.000000e+00 -7.673350e+00
   endloop
 endfacet
 facet normal  6.156520e-01  7.069771e-01 -3.480746e-01
   outer loop
     vertex  8.418064e+01  2.800000e+00 -7.686270e+00
     vertex  8.435735e+01  2.600000e+00 -7.779952e+00
     vertex  8.408469e+01  2.800000e+00 -7.855994e+00
   endloop
 endfacet
 facet normal  6.202236e-01  7.070744e-01 -3.396595e-01
   outer loop
     vertex  8.418064e+01  2.800000e+00 -7.686270e+00
     vertex  8.395971e+01  3.000000e+00 -7.673350e+00
     vertex  8.400394e+01  3.000000e+00 -7.592589e+00
   endloop
 endfacet
 facet normal  6.533114e-01  7.070744e-01 -2.706105e-01
   outer loop
     vertex  8.453011e+01  2.600000e+00 -7.406525e+00
     vertex  8.471591e+01  2.400000e+00 -7.480553e+00
     vertex  8.467445e+01  2.400000e+00 -7.580634e+00
   endloop
 endfacet
 facet normal  6.603998e-01  7.070744e-01 -2.528199e-01
   outer loop
     vertex  8.453011e+01  2.600000e+00 -7.406525e+00
     vertex  8.475464e+01  2.400000e+00 -7.379385e+00
     vertex  8.471591e+01  2.400000e+00 -7.480553e+00
   endloop
 endfacet
 facet normal  6.472985e-01  7.095574e-01 -2.784475e-01
   outer loop
     vertex  8.453011e+01  2.600000e+00 -7.406525e+00
     vertex  8.467445e+01  2.400000e+00 -7.580634e+00
     vertex  8.444879e+01  2.600000e+00 -7.595579e+00
   endloop
 endfacet
 facet normal  6.377027e-01  7.070744e-01 -3.055831e-01
   outer loop
     vertex  8.426727e+01  2.800000e+00 -7.511601e+00
     vertex  8.404597e+01  3.000000e+00 -7.510660e+00
     vertex  8.408576e+01  3.000000e+00 -7.427623e+00
   endloop
 endfacet
 facet normal  6.457439e-01  7.070744e-01 -2.882025e-01
   outer loop
     vertex  8.426727e+01  2.800000e+00 -7.511601e+00
     vertex  8.408576e+01  3.000000e+00 -7.427623e+00
     vertex  8.412328e+01  3.000000e+00 -7.343539e+00
   endloop
 endfacet
 facet normal  6.355715e-01  7.047614e-01 -3.152144e-01
   outer loop
     vertex  8.426727e+01  2.800000e+00 -7.511601e+00
     vertex  8.418064e+01  2.800000e+00 -7.686270e+00
     vertex  8.404597e+01  3.000000e+00 -7.510660e+00
   endloop
 endfacet
 facet normal  6.335935e-01  7.069771e-01 -3.142334e-01
   outer loop
     vertex  8.426727e+01  2.800000e+00 -7.511601e+00
     vertex  8.435735e+01  2.600000e+00 -7.779952e+00
     vertex  8.418064e+01  2.800000e+00 -7.686270e+00
   endloop
 endfacet
 facet normal  6.335935e-01  7.069771e-01 -3.142334e-01
   outer loop
     vertex  8.426727e+01  2.800000e+00 -7.511601e+00
     vertex  8.444879e+01  2.600000e+00 -7.595579e+00
     vertex  8.435735e+01  2.600000e+00 -7.779952e+00
   endloop
 endfacet
 facet normal  6.614240e-01  7.095574e-01 -2.429951e-01
   outer loop
     vertex  8.460108e+01  2.600000e+00 -7.213346e+00
     vertex  8.475464e+01  2.400000e+00 -7.379385e+00
     vertex  8.453011e+01  2.600000e+00 -7.406525e+00
   endloop
 endfacet
 facet normal  6.670038e-01  7.070744e-01 -2.348440e-01
   outer loop
     vertex  8.460108e+01  2.600000e+00 -7.213346e+00
     vertex  8.479061e+01  2.400000e+00 -7.277206e+00
     vertex  8.475464e+01  2.400000e+00 -7.379385e+00
   endloop
 endfacet
 facet normal  6.731187e-01  7.070744e-01 -2.166958e-01
   outer loop
     vertex  8.460108e+01  2.600000e+00 -7.213346e+00
     vertex  8.482381e+01  2.400000e+00 -7.174090e+00
     vertex  8.479061e+01  2.400000e+00 -7.277206e+00
   endloop
 endfacet
 facet normal  6.533114e-01  7.070744e-01 -2.706105e-01
   outer loop
     vertex  8.434432e+01  2.800000e+00 -7.332497e+00
     vertex  8.412328e+01  3.000000e+00 -7.343539e+00
     vertex  8.415852e+01  3.000000e+00 -7.258470e+00
   endloop
 endfacet
 facet normal  6.603998e-01  7.070744e-01 -2.528199e-01
   outer loop
     vertex  8.434432e+01  2.800000e+00 -7.332497e+00
     vertex  8.415852e+01  3.000000e+00 -7.258470e+00
     vertex  8.419144e+01  3.000000e+00 -7.172477e+00
   endloop
 endfacet
 facet normal  6.496765e-01  7.069771e-01 -2.794705e-01
   outer loop
     vertex  8.434432e+01  2.800000e+00 -7.332497e+00
     vertex  8.453011e+01  2.600000e+00 -7.406525e+00
     vertex  8.444879e+01  2.600000e+00 -7.595579e+00
   endloop
 endfacet
 facet normal  6.496765e-01  7.069771e-01 -2.794705e-01
   outer loop
     vertex  8.434432e+01  2.800000e+00 -7.332497e+00
     vertex  8.444879e+01  2.600000e+00 -7.595579e+00
     vertex  8.426727e+01  2.800000e+00 -7.511601e+00
   endloop
 endfacet
 facet normal  6.517048e-01  7.047614e-01 -2.803430e-01
   outer loop
     vertex  8.434432e+01  2.800000e+00 -7.332497e+00
     vertex  8.426727e+01  2.800000e+00 -7.511601e+00
     vertex  8.412328e+01  3.000000e+00 -7.343539e+00
   endloop
 endfacet
 facet normal  6.787398e-01  7.070744e-01 -1.983887e-01
   outer loop
     vertex  8.466149e+01  2.600000e+00 -7.016608e+00
     vertex  8.485420e+01  2.400000e+00 -7.070113e+00
     vertex  8.482381e+01  2.400000e+00 -7.174090e+00
   endloop
 endfacet
 facet normal  6.838632e-01  7.070744e-01 -1.799361e-01
   outer loop
     vertex  8.466149e+01  2.600000e+00 -7.016608e+00
     vertex  8.488176e+01  2.400000e+00 -6.965352e+00
     vertex  8.485420e+01  2.400000e+00 -7.070113e+00
   endloop
 endfacet
 facet normal  6.736095e-01  7.095574e-01 -2.068300e-01
   outer loop
     vertex  8.466149e+01  2.600000e+00 -7.016608e+00
     vertex  8.482381e+01  2.400000e+00 -7.174090e+00
     vertex  8.460108e+01  2.600000e+00 -7.213346e+00
   endloop
 endfacet
 facet normal  6.670038e-01  7.070744e-01 -2.348440e-01
   outer loop
     vertex  8.441155e+01  2.800000e+00 -7.149486e+00
     vertex  8.419144e+01  3.000000e+00 -7.172477e+00
     vertex  8.422202e+01  3.000000e+00 -7.085625e+00
   endloop
 endfacet
 facet normal  6.731187e-01  7.070744e-01 -2.166958e-01
   outer loop
     vertex  8.441155e+01  2.800000e+00 -7.149486e+00
     vertex  8.422202e+01  3.000000e+00 -7.085625e+00
     vertex  8.425024e+01  3.000000e+00 -6.997977e+00
   endloop
 endfacet
 facet normal  6.638540e-01  7.069771e-01 -2.438879e-01
   outer loop
     vertex  8.441155e+01  2.800000e+00 -7.149486e+00
     vertex  8.460108e+01  2.600000e+00 -7.213346e+00
     vertex  8.453011e+01  2.600000e+00 -7.406525e+00
   endloop
 endfacet
 facet normal  6.638540e-01  7.069771e-01 -2.438879e-01
   outer loop
     vertex  8.441155e+01  2.800000e+00 -7.149486e+00
     vertex  8.453011e+01  2.600000e+00 -7.406525e+00
     vertex  8.434432e+01  2.800000e+00 -7.332497e+00
   endloop
 endfacet
 facet normal  6.659265e-01  7.047614e-01 -2.446493e-01
   outer loop
     vertex  8.441155e+01  2.800000e+00 -7.149486e+00
     vertex  8.434432e+01  2.800000e+00 -7.332497e+00
     vertex  8.419144e+01  3.000000e+00 -7.172477e+00
   endloop
 endfacet
 facet normal  6.884849e-01  7.070744e-01 -1.613515e-01
   outer loop
     vertex  8.471116e+01  2.600000e+00 -6.816888e+00
     vertex  8.490648e+01  2.400000e+00 -6.859882e+00
     vertex  8.488176e+01  2.400000e+00 -6.965352e+00
   endloop
 endfacet
 facet normal  6.926018e-01  7.070744e-01 -1.426486e-01
   outer loop
     vertex  8.471116e+01  2.600000e+00 -6.816888e+00
     vertex  8.492833e+01  2.400000e+00 -6.753781e+00
     vertex  8.490648e+01  2.400000e+00 -6.859882e+00
   endloop
 endfacet
 facet normal  6.838191e-01  7.095574e-01 -1.700582e-01
   outer loop
     vertex  8.471116e+01  2.600000e+00 -6.816888e+00
     vertex  8.488176e+01  2.400000e+00 -6.965352e+00
     vertex  8.466149e+01  2.600000e+00 -7.016608e+00
   endloop
 endfacet
 facet normal  6.787398e-01  7.070744e-01 -1.983887e-01
   outer loop
     vertex  8.446878e+01  2.800000e+00 -6.963102e+00
     vertex  8.425024e+01  3.000000e+00 -6.997977e+00
     vertex  8.427607e+01  3.000000e+00 -6.909596e+00
   endloop
 endfacet
 facet normal  6.838632e-01  7.070744e-01 -1.799361e-01
   outer loop
     vertex  8.446878e+01  2.800000e+00 -6.963102e+00
     vertex  8.427607e+01  3.000000e+00 -6.909596e+00
     vertex  8.429950e+01  3.000000e+00 -6.820549e+00
   endloop
 endfacet
 facet normal  6.781949e-01  7.047614e-01 -2.082379e-01
   outer loop
     vertex  8.446878e+01  2.800000e+00 -6.963102e+00
     vertex  8.441155e+01  2.800000e+00 -7.149486e+00
     vertex  8.425024e+01  3.000000e+00 -6.997977e+00
   endloop
 endfacet
 facet normal  6.760842e-01  7.069771e-01 -2.075899e-01
   outer loop
     vertex  8.446878e+01  2.800000e+00 -6.963102e+00
     vertex  8.466149e+01  2.600000e+00 -7.016608e+00
     vertex  8.460108e+01  2.600000e+00 -7.213346e+00
   endloop
 endfacet
 facet normal  6.760842e-01  7.069771e-01 -2.075899e-01
   outer loop
     vertex  8.446878e+01  2.800000e+00 -6.963102e+00
     vertex  8.460108e+01  2.600000e+00 -7.213346e+00
     vertex  8.441155e+01  2.800000e+00 -7.149486e+00
   endloop
 endfacet
 facet normal  6.863313e-01  7.069771e-01 -1.706830e-01
   outer loop
     vertex  8.446878e+01  2.800000e+00 -6.963102e+00
     vertex  8.471116e+01  2.600000e+00 -6.816888e+00
     vertex  8.466149e+01  2.600000e+00 -7.016608e+00
   endloop
 endfacet
 facet normal  6.920230e-01  7.095574e-01 -1.327876e-01
   outer loop
     vertex  8.474994e+01  2.600000e+00 -6.614772e+00
     vertex  8.492833e+01  2.400000e+00 -6.753781e+00
     vertex  8.471116e+01  2.600000e+00 -6.816888e+00
   endloop
 endfacet
 facet normal  6.962106e-01  7.070744e-01 -1.238411e-01
   outer loop
     vertex  8.474994e+01  2.600000e+00 -6.614772e+00
     vertex  8.494731e+01  2.400000e+00 -6.647128e+00
     vertex  8.492833e+01  2.400000e+00 -6.753781e+00
   endloop
 endfacet
 facet normal  6.993089e-01  7.070744e-01 -1.049427e-01
   outer loop
     vertex  8.474994e+01  2.600000e+00 -6.614772e+00
     vertex  8.496338e+01  2.400000e+00 -6.540000e+00
     vertex  8.494731e+01  2.400000e+00 -6.647128e+00
   endloop
 endfacet
 facet normal  6.884849e-01  7.070744e-01 -1.613515e-01
   outer loop
     vertex  8.451583e+01  2.800000e+00 -6.773894e+00
     vertex  8.429950e+01  3.000000e+00 -6.820549e+00
     vertex  8.432051e+01  3.000000e+00 -6.730899e+00
   endloop
 endfacet
 facet normal  6.926018e-01  7.070744e-01 -1.426486e-01
   outer loop
     vertex  8.451583e+01  2.800000e+00 -6.773894e+00
     vertex  8.432051e+01  3.000000e+00 -6.730899e+00
     vertex  8.433908e+01  3.000000e+00 -6.640714e+00
   endloop
 endfacet
 facet normal  6.884740e-01  7.047614e-01 -1.712158e-01
   outer loop
     vertex  8.451583e+01  2.800000e+00 -6.773894e+00
     vertex  8.446878e+01  2.800000e+00 -6.963102e+00
     vertex  8.429950e+01  3.000000e+00 -6.820549e+00
   endloop
 endfacet
 facet normal  6.863313e-01  7.069771e-01 -1.706830e-01
   outer loop
     vertex  8.451583e+01  2.800000e+00 -6.773894e+00
     vertex  8.471116e+01  2.600000e+00 -6.816888e+00
     vertex  8.446878e+01  2.800000e+00 -6.963102e+00
   endloop
 endfacet
 facet normal  7.018942e-01  7.070744e-01 -8.596738e-02
   outer loop
     vertex  8.477772e+01  2.600000e+00 -6.410852e+00
     vertex  8.497655e+01  2.400000e+00 -6.432476e+00
     vertex  8.496338e+01  2.400000e+00 -6.540000e+00
   endloop
 endfacet
 facet normal  7.039647e-01  7.070744e-01 -6.692899e-02
   outer loop
     vertex  8.477772e+01  2.600000e+00 -6.410852e+00
     vertex  8.498680e+01  2.400000e+00 -6.324635e+00
     vertex  8.497655e+01  2.400000e+00 -6.432476e+00
   endloop
 endfacet
 facet normal  6.981971e-01  7.095574e-01 -9.512745e-02
   outer loop
     vertex  8.477772e+01  2.600000e+00 -6.410852e+00
     vertex  8.496338e+01  2.400000e+00 -6.540000e+00
     vertex  8.474994e+01  2.600000e+00 -6.614772e+00
   endloop
 endfacet
 facet normal  6.962106e-01  7.070744e-01 -1.238411e-01
   outer loop
     vertex  8.455258e+01  2.800000e+00 -6.582415e+00
     vertex  8.433908e+01  3.000000e+00 -6.640714e+00
     vertex  8.435521e+01  3.000000e+00 -6.550059e+00
   endloop
 endfacet
 facet normal  6.993089e-01  7.070744e-01 -1.049427e-01
   outer loop
     vertex  8.455258e+01  2.800000e+00 -6.582415e+00
     vertex  8.435521e+01  3.000000e+00 -6.550059e+00
     vertex  8.436888e+01  3.000000e+00 -6.459000e+00
   endloop
 endfacet
 facet normal  6.945654e-01  7.069771e-01 -1.332754e-01
   outer loop
     vertex  8.455258e+01  2.800000e+00 -6.582415e+00
     vertex  8.474994e+01  2.600000e+00 -6.614772e+00
     vertex  8.471116e+01  2.600000e+00 -6.816888e+00
   endloop
 endfacet
 facet normal  6.967337e-01  7.047614e-01 -1.336915e-01
   outer loop
     vertex  8.455258e+01  2.800000e+00 -6.582415e+00
     vertex  8.451583e+01  2.800000e+00 -6.773894e+00
     vertex  8.433908e+01  3.000000e+00 -6.640714e+00
   endloop
 endfacet
 facet normal  6.945654e-01  7.069771e-01 -1.332754e-01
   outer loop
     vertex  8.455258e+01  2.800000e+00 -6.582415e+00
     vertex  8.471116e+01  2.600000e+00 -6.816888e+00
     vertex  8.451583e+01  2.800000e+00 -6.773894e+00
   endloop
 endfacet
 facet normal  7.023232e-01  7.095574e-01 -5.718831e-02
   outer loop
     vertex  8.479443e+01  2.600000e+00 -6.205728e+00
     vertex  8.498680e+01  2.400000e+00 -6.324635e+00
     vertex  8.477772e+01  2.600000e+00 -6.410852e+00
   endloop
 endfacet
 facet normal  7.055190e-01  7.070744e-01 -4.784152e-02
   outer loop
     vertex  8.479443e+01  2.600000e+00 -6.205728e+00
     vertex  8.499413e+01  2.400000e+00 -6.216556e+00
     vertex  8.498680e+01  2.400000e+00 -6.324635e+00
   endloop
 endfacet
 facet normal  7.065558e-01  7.070744e-01 -2.871895e-02
   outer loop
     vertex  8.479443e+01  2.600000e+00 -6.205728e+00
     vertex  8.499853e+01  2.400000e+00 -6.108318e+00
     vertex  8.499413e+01  2.400000e+00 -6.216556e+00
   endloop
 endfacet
 facet normal  7.021655e-01  7.119503e-01 -9.508848e-03
   outer loop
     vertex  8.479443e+01  2.600000e+00 -6.205728e+00
     vertex  8.500000e+01  2.400000e+00 -6.000000e+00
     vertex  8.499853e+01  2.400000e+00 -6.108318e+00
   endloop
 endfacet
 facet normal  7.018942e-01  7.070744e-01 -8.596738e-02
   outer loop
     vertex  8.457890e+01  2.800000e+00 -6.389228e+00
     vertex  8.436888e+01  3.000000e+00 -6.459000e+00
     vertex  8.438007e+01  3.000000e+00 -6.367605e+00
   endloop
 endfacet
 facet normal  7.039647e-01  7.070744e-01 -6.692899e-02
   outer loop
     vertex  8.457890e+01  2.800000e+00 -6.389228e+00
     vertex  8.438007e+01  3.000000e+00 -6.367605e+00
     vertex  8.438878e+01  3.000000e+00 -6.275940e+00
   endloop
 endfacet
 facet normal  7.029498e-01  7.047614e-01 -9.577500e-02
   outer loop
     vertex  8.457890e+01  2.800000e+00 -6.389228e+00
     vertex  8.455258e+01  2.800000e+00 -6.582415e+00
     vertex  8.436888e+01  3.000000e+00 -6.459000e+00
   endloop
 endfacet
 facet normal  7.007621e-01  7.069771e-01 -9.547693e-02
   outer loop
     vertex  8.457890e+01  2.800000e+00 -6.389228e+00
     vertex  8.477772e+01  2.600000e+00 -6.410852e+00
     vertex  8.474994e+01  2.600000e+00 -6.614772e+00
   endloop
 endfacet
 facet normal  7.007621e-01  7.069771e-01 -9.547693e-02
   outer loop
     vertex  8.457890e+01  2.800000e+00 -6.389228e+00
     vertex  8.474994e+01  2.600000e+00 -6.614772e+00
     vertex  8.455258e+01  2.800000e+00 -6.582415e+00
   endloop
 endfacet
 facet normal  7.055190e-01  7.070744e-01 -4.784152e-02
   outer loop
     vertex  8.459472e+01  2.800000e+00 -6.194900e+00
     vertex  8.438878e+01  3.000000e+00 -6.275940e+00
     vertex  8.439501e+01  3.000000e+00 -6.184072e+00
   endloop
 endfacet
 facet normal  7.065558e-01  7.070744e-01 -2.871895e-02
   outer loop
     vertex  8.459472e+01  2.800000e+00 -6.194900e+00
     vertex  8.439501e+01  3.000000e+00 -6.184072e+00
     vertex  8.439875e+01  3.000000e+00 -6.092070e+00
   endloop
 endfacet
 facet normal  7.117565e-01  7.023601e-01 -9.638732e-03
   outer loop
     vertex  8.459472e+01  2.800000e+00 -6.194900e+00
     vertex  8.439875e+01  3.000000e+00 -6.092070e+00
     vertex  8.440000e+01  3.000000e+00 -6.000000e+00
   endloop
 endfacet
 facet normal  7.069771e-01  7.069771e-01 -1.915153e-02
   outer loop
     vertex  8.459472e+01  2.800000e+00 -6.194900e+00
     vertex  8.440000e+01  3.000000e+00 -6.000000e+00
     vertex  8.500000e+01  2.400000e+00 -6.000000e+00
   endloop
 endfacet
 facet normal  7.049034e-01  7.069771e-01 -5.739841e-02
   outer loop
     vertex  8.459472e+01  2.800000e+00 -6.194900e+00
     vertex  8.479443e+01  2.600000e+00 -6.205728e+00
     vertex  8.477772e+01  2.600000e+00 -6.410852e+00
   endloop
 endfacet
 facet normal  7.071040e-01  7.047614e-01 -5.757760e-02
   outer loop
     vertex  8.459472e+01  2.800000e+00 -6.194900e+00
     vertex  8.457890e+01  2.800000e+00 -6.389228e+00
     vertex  8.438878e+01  3.000000e+00 -6.275940e+00
   endloop
 endfacet
 facet normal  7.069771e-01  7.069771e-01 -1.915153e-02
   outer loop
     vertex  8.459472e+01  2.800000e+00 -6.194900e+00
     vertex  8.500000e+01  2.400000e+00 -6.000000e+00
     vertex  8.479443e+01  2.600000e+00 -6.205728e+00
   endloop
 endfacet
 facet normal  7.049034e-01  7.069771e-01 -5.739841e-02
   outer loop
     vertex  8.459472e+01  2.800000e+00 -6.194900e+00
     vertex  8.477772e+01  2.600000e+00 -6.410852e+00
     vertex  8.457890e+01  2.800000e+00 -6.389228e+00
   endloop
 endfacet
 facet normal  1.000000e+00  0.000000e+00  0.000000e+00
   outer loop
     vertex  8.500000e+01  6.661338e-16  6.000000e+00
     vertex  8.500000e+01 -6.661338e-16 -6.000000e+00
     vertex  8.500000e+01  2.400000e+00 -6.000000e+00
   endloop
 endfacet
 facet normal  1.000000e+00 -0.000000e+00  0.000000e+00
   outer loop
     vertex  8.500000e+01  6.661338e-16  6.000000e+00
     vertex  8.500000e+01  2.400000e+00 -6.000000e+00
     vertex  8.500000e+01  2.400000e+00  6.000000e+00
   endloop
 endfacet
 facet normal  9.999083e-01  0.000000e+00  1.354093e-02
   outer loop
     vertex  8.499853e+01  6.781595e-16  6.108318e+00
     vertex  8.500000e+01  6.661338e-16  6.000000e+00
     vertex  8.500000e+01  2.400000e+00  6.000000e+00
   endloop
 endfacet
 facet normal  9.999083e-01 -0.000000e+00  1.354093e-02
   outer loop
     vertex  8.499853e+01  6.781595e-16  6.108318e+00
     vertex  8.500000e+01  2.400000e+00  6.000000e+00
     vertex  8.499853e+01  2.400000e+00  6.108318e+00
   endloop
 endfacet
 facet normal  9.991750e-01 -0.000000e+00  4.061287e-02
   outer loop
     vertex  8.499413e+01  6.901763e-16  6.216556e+00
     vertex  8.499853e+01  2.400000e+00  6.108318e+00
     vertex  8.499413e+01  2.400000e+00  6.216556e+00
   endloop
 endfacet
 facet normal  9.991750e-01  0.000000e+00  4.061287e-02
   outer loop
     vertex  8.499413e+01  6.901763e-16  6.216556e+00
     vertex  8.499853e+01  6.781595e-16  6.108318e+00
     vertex  8.499853e+01  2.400000e+00  6.108318e+00
   endloop
 endfacet
 facet normal  9.977088e-01 -0.000000e+00  6.765502e-02
   outer loop
     vertex  8.498680e+01  7.021755e-16  6.324635e+00
     vertex  8.499413e+01  2.400000e+00  6.216556e+00
     vertex  8.498680e+01  2.400000e+00  6.324635e+00
   endloop
 endfacet
 facet normal  9.977088e-01  0.000000e+00  6.765502e-02
   outer loop
     vertex  8.498680e+01  7.021755e-16  6.324635e+00
     vertex  8.499413e+01  6.901763e-16  6.216556e+00
     vertex  8.499413e+01  2.400000e+00  6.216556e+00
   endloop
 endfacet
 facet normal  9.955108e-01 -0.000000e+00  9.464755e-02
   outer loop
     vertex  8.497655e+01  7.141483e-16  6.432476e+00
     vertex  8.498680e+01  2.400000e+00  6.324635e+00
     vertex  8.497655e+01  2.400000e+00  6.432476e+00
   endloop
 endfacet
 facet normal  9.955108e-01  0.000000e+00  9.464755e-02
   outer loop
     vertex  8.497655e+01  7.141483e-16  6.432476e+00
     vertex  8.498680e+01  7.021755e-16  6.324635e+00
     vertex  8.498680e+01  2.400000e+00  6.324635e+00
   endloop
 endfacet
 facet normal  9.925828e-01 -0.000000e+00  1.215707e-01
   outer loop
     vertex  8.496338e+01  7.260859e-16  6.540000e+00
     vertex  8.497655e+01  2.400000e+00  6.432476e+00
     vertex  8.496338e+01  2.400000e+00  6.540000e+00
   endloop
 endfacet
 facet normal  9.925828e-01  0.000000e+00  1.215707e-01
   outer loop
     vertex  8.496338e+01  7.260859e-16  6.540000e+00
     vertex  8.497655e+01  7.141483e-16  6.432476e+00
     vertex  8.497655e+01  2.400000e+00  6.432476e+00
   endloop
 endfacet
 facet normal  9.889267e-01 -0.000000e+00  1.484046e-01
   outer loop
     vertex  8.494731e+01  7.379795e-16  6.647128e+00
     vertex  8.496338e+01  2.400000e+00  6.540000e+00
     vertex  8.494731e+01  2.400000e+00  6.647128e+00
   endloop
 endfacet
 facet normal  9.889267e-01  0.000000e+00  1.484046e-01
   outer loop
     vertex  8.494731e+01  7.379795e-16  6.647128e+00
     vertex  8.496338e+01  7.260859e-16  6.540000e+00
     vertex  8.496338e+01  2.400000e+00  6.540000e+00
   endloop
 endfacet
 facet normal  9.845454e-01 -0.000000e+00  1.751297e-01
   outer loop
     vertex  8.492833e+01  7.498203e-16  6.753781e+00
     vertex  8.494731e+01  2.400000e+00  6.647128e+00
     vertex  8.492833e+01  2.400000e+00  6.753781e+00
   endloop
 endfacet
 facet normal  9.845454e-01  0.000000e+00  1.751297e-01
   outer loop
     vertex  8.492833e+01  7.498203e-16  6.753781e+00
     vertex  8.494731e+01  7.379795e-16  6.647128e+00
     vertex  8.494731e+01  2.400000e+00  6.647128e+00
   endloop
 endfacet
 facet normal  9.794419e-01 -0.000000e+00  2.017264e-01
   outer loop
     vertex  8.490648e+01  7.615999e-16  6.859882e+00
     vertex  8.492833e+01  2.400000e+00  6.753781e+00
     vertex  8.490648e+01  2.400000e+00  6.859882e+00
   endloop
 endfacet
 facet normal  9.736201e-01 -0.000000e+00  2.281751e-01
   outer loop
     vertex  8.490648e+01  7.615999e-16  6.859882e+00
     vertex  8.490648e+01  2.400000e+00  6.859882e+00
     vertex  8.488176e+01  2.400000e+00  6.965352e+00
   endloop
 endfacet
 facet normal  9.794419e-01  0.000000e+00  2.017264e-01
   outer loop
     vertex  8.490648e+01  7.615999e-16  6.859882e+00
     vertex  8.492833e+01  7.498203e-16  6.753781e+00
     vertex  8.492833e+01  2.400000e+00  6.753781e+00
   endloop
 endfacet
 facet normal  9.736201e-01 -0.000000e+00  2.281751e-01
   outer loop
     vertex  8.488176e+01  7.733094e-16  6.965352e+00
     vertex  8.490648e+01  7.615999e-16  6.859882e+00
     vertex  8.488176e+01  2.400000e+00  6.965352e+00
   endloop
 endfacet
 facet normal  9.670842e-01 -0.000000e+00  2.544564e-01
   outer loop
     vertex  8.485420e+01  7.849403e-16  7.070113e+00
     vertex  8.488176e+01  2.400000e+00  6.965352e+00
     vertex  8.485420e+01  2.400000e+00  7.070113e+00
   endloop
 endfacet
 facet normal  9.598391e-01 -0.000000e+00  2.805512e-01
   outer loop
     vertex  8.485420e+01  7.849403e-16  7.070113e+00
     vertex  8.485420e+01  2.400000e+00  7.070113e+00
     vertex  8.482381e+01  2.400000e+00  7.174090e+00
   endloop
 endfacet
 facet normal  9.670842e-01  0.000000e+00  2.544564e-01
   outer loop
     vertex  8.485420e+01  7.849403e-16  7.070113e+00
     vertex  8.488176e+01  7.733094e-16  6.965352e+00
     vertex  8.488176e+01  2.400000e+00  6.965352e+00
   endloop
 endfacet
 facet normal  9.518899e-01 -0.000000e+00  3.064401e-01
   outer loop
     vertex  8.482381e+01  7.964840e-16  7.174090e+00
     vertex  8.482381e+01  2.400000e+00  7.174090e+00
     vertex  8.479061e+01  2.400000e+00  7.277206e+00
   endloop
 endfacet
 facet normal  9.598391e-01 -0.000000e+00  2.805512e-01
   outer loop
     vertex  8.482381e+01  7.964840e-16  7.174090e+00
     vertex  8.485420e+01  7.849403e-16  7.070113e+00
     vertex  8.482381e+01  2.400000e+00  7.174090e+00
   endloop
 endfacet
 facet normal  9.432426e-01 -0.000000e+00  3.321044e-01
   outer loop
     vertex  8.479061e+01  8.079322e-16  7.277206e+00
     vertex  8.479061e+01  2.400000e+00  7.277206e+00
     vertex  8.475464e+01  2.400000e+00  7.379385e+00
   endloop
 endfacet
 facet normal  9.518899e-01 -0.000000e+00  3.064401e-01
   outer loop
     vertex  8.479061e+01  8.079322e-16  7.277206e+00
     vertex  8.482381e+01  7.964840e-16  7.174090e+00
     vertex  8.479061e+01  2.400000e+00  7.277206e+00
   endloop
 endfacet
 facet normal  9.432426e-01 -0.000000e+00  3.321044e-01
   outer loop
     vertex  8.475464e+01  8.192763e-16  7.379385e+00
     vertex  8.479061e+01  8.079322e-16  7.277206e+00
     vertex  8.475464e+01  2.400000e+00  7.379385e+00
   endloop
 endfacet
 facet normal  9.339036e-01 -0.000000e+00  3.575250e-01
   outer loop
     vertex  8.471591e+01  8.305082e-16  7.480553e+00
     vertex  8.475464e+01  2.400000e+00  7.379385e+00
     vertex  8.471591e+01  2.400000e+00  7.480553e+00
   endloop
 endfacet
 facet normal  9.339036e-01  0.000000e+00  3.575250e-01
   outer loop
     vertex  8.471591e+01  8.305082e-16  7.480553e+00
     vertex  8.475464e+01  8.192763e-16  7.379385e+00
     vertex  8.475464e+01  2.400000e+00  7.379385e+00
   endloop
 endfacet
 facet normal  9.238795e-01 -0.000000e+00  3.826834e-01
   outer loop
     vertex  8.467445e+01  8.416195e-16  7.580634e+00
     vertex  8.471591e+01  2.400000e+00  7.480553e+00
     vertex  8.467445e+01  2.400000e+00  7.580634e+00
   endloop
 endfacet
 facet normal  9.238795e-01  0.000000e+00  3.826834e-01
   outer loop
     vertex  8.467445e+01  8.416195e-16  7.580634e+00
     vertex  8.471591e+01  8.305082e-16  7.480553e+00
     vertex  8.471591e+01  2.400000e+00  7.480553e+00
   endloop
 endfacet
 facet normal  9.131779e-01 -0.000000e+00  4.075612e-01
   outer loop
     vertex  8.463030e+01  8.526020e-16  7.679556e+00
     vertex  8.467445e+01  2.400000e+00  7.580634e+00
     vertex  8.463030e+01  2.400000e+00  7.679556e+00
   endloop
 endfacet
 facet normal  9.131779e-01  0.000000e+00  4.075612e-01
   outer loop
     vertex  8.463030e+01  8.526020e-16  7.679556e+00
     vertex  8.467445e+01  8.416195e-16  7.580634e+00
     vertex  8.467445e+01  2.400000e+00  7.580634e+00
   endloop
 endfacet
 facet normal  9.018065e-01 -0.000000e+00  4.321400e-01
   outer loop
     vertex  8.458349e+01  8.634478e-16  7.777247e+00
     vertex  8.463030e+01  2.400000e+00  7.679556e+00
     vertex  8.458349e+01  2.400000e+00  7.777247e+00
   endloop
 endfacet
 facet normal  8.897737e-01 -0.000000e+00  4.564019e-01
   outer loop
     vertex  8.458349e+01  8.634478e-16  7.777247e+00
     vertex  8.458349e+01  2.400000e+00  7.777247e+00
     vertex  8.453405e+01  2.400000e+00  7.873634e+00
   endloop
 endfacet
 facet normal  9.018065e-01  0.000000e+00  4.321400e-01
   outer loop
     vertex  8.458349e+01  8.634478e-16  7.777247e+00
     vertex  8.463030e+01  8.526020e-16  7.679556e+00
     vertex  8.463030e+01  2.400000e+00  7.679556e+00
   endloop
 endfacet
 facet normal  8.770884e-01 -0.000000e+00  4.803291e-01
   outer loop
     vertex  8.453405e+01  8.741489e-16  7.873634e+00
     vertex  8.453405e+01  2.400000e+00  7.873634e+00
     vertex  8.448202e+01  2.400000e+00  7.968647e+00
   endloop
 endfacet
 facet normal  8.897737e-01 -0.000000e+00  4.564019e-01
   outer loop
     vertex  8.453405e+01  8.741489e-16  7.873634e+00
     vertex  8.458349e+01  8.634478e-16  7.777247e+00
     vertex  8.453405e+01  2.400000e+00  7.873634e+00
   endloop
 endfacet
 facet normal  8.770884e-01 -0.000000e+00  4.803291e-01
   outer loop
     vertex  8.448202e+01  8.846975e-16  7.968647e+00
     vertex  8.453405e+01  8.741489e-16  7.873634e+00
     vertex  8.448202e+01  2.400000e+00  7.968647e+00
   endloop
 endfacet
 facet normal  8.637597e-01 -0.000000e+00  5.039039e-01
   outer loop
     vertex  8.442743e+01  8.950857e-16  8.062215e+00
     vertex  8.448202e+01  2.400000e+00  7.968647e+00
     vertex  8.442743e+01  2.400000e+00  8.062215e+00
   endloop
 endfacet
 facet normal  8.497975e-01 -0.000000e+00  5.271092e-01
   outer loop
     vertex  8.442743e+01  8.950857e-16  8.062215e+00
     vertex  8.442743e+01  2.400000e+00  8.062215e+00
     vertex  8.437033e+01  2.400000e+00  8.154272e+00
   endloop
 endfacet
 facet normal  8.637597e-01  0.000000e+00  5.039039e-01
   outer loop
     vertex  8.442743e+01  8.950857e-16  8.062215e+00
     vertex  8.448202e+01  8.846975e-16  7.968647e+00
     vertex  8.448202e+01  2.400000e+00  7.968647e+00
   endloop
 endfacet
 facet normal  8.497975e-01 -0.000000e+00  5.271092e-01
   outer loop
     vertex  8.437033e+01  9.053060e-16  8.154272e+00
     vertex  8.442743e+01  8.950857e-16  8.062215e+00
     vertex  8.437033e+01  2.400000e+00  8.154272e+00
   endloop
 endfacet
 facet normal  8.352121e-01  0.000000e+00  5.499279e-01
   outer loop
     vertex  8.431076e+01  9.153509e-16  8.244748e+00
     vertex  8.437033e+01  9.053060e-16  8.154272e+00
     vertex  8.437033e+01  2.400000e+00  8.154272e+00
   endloop
 endfacet
 facet normal  8.352121e-01 -0.000000e+00  5.499279e-01
   outer loop
     vertex  8.431076e+01  9.153509e-16  8.244748e+00
     vertex  8.437033e+01  2.400000e+00  8.154272e+00
     vertex  8.431076e+01  2.400000e+00  8.244748e+00
   endloop
 endfacet
 facet normal  8.200141e-01  0.000000e+00  5.723433e-01
   outer loop
     vertex  8.424876e+01  9.252131e-16  8.333578e+00
     vertex  8.431076e+01  9.153509e-16  8.244748e+00
     vertex  8.431076e+01  2.400000e+00  8.244748e+00
   endloop
 endfacet
 facet normal  8.200141e-01 -0.000000e+00  5.723433e-01
   outer loop
     vertex  8.424876e+01  9.252131e-16  8.333578e+00
     vertex  8.431076e+01  2.400000e+00  8.244748e+00
     vertex  8.424876e+01  2.400000e+00  8.333578e+00
   endloop
 endfacet
 facet normal  8.042147e-01 -0.000000e+00  5.943389e-01
   outer loop
     vertex  8.424876e+01  9.252131e-16  8.333578e+00
     vertex  8.424876e+01  2.400000e+00  8.333578e+00
     vertex  8.418437e+01  2.400000e+00  8.420697e+00
   endloop
 endfacet
 facet normal  8.042147e-01 -0.000000e+00  5.943389e-01
   outer loop
     vertex  8.418437e+01  9.348852e-16  8.420697e+00
     vertex  8.424876e+01  9.252131e-16  8.333578e+00
     vertex  8.418437e+01  2.400000e+00  8.420697e+00
   endloop
 endfacet
 facet normal  7.878255e-01  0.000000e+00  6.158986e-01
   outer loop
     vertex  8.411765e+01  9.443601e-16  8.506040e+00
     vertex  8.418437e+01  9.348852e-16  8.420697e+00
     vertex  8.418437e+01  2.400000e+00  8.420697e+00
   endloop
 endfacet
 facet normal  7.878255e-01 -0.000000e+00  6.158986e-01
   outer loop
     vertex  8.411765e+01  9.443601e-16  8.506040e+00
     vertex  8.418437e+01  2.400000e+00  8.420697e+00
     vertex  8.411765e+01  2.400000e+00  8.506040e+00
   endloop
 endfacet
 facet normal  7.708584e-01 -0.000000e+00  6.370065e-01
   outer loop
     vertex  8.411765e+01  9.443601e-16  8.506040e+00
     vertex  8.411765e+01  2.400000e+00  8.506040e+00
     vertex  8.404865e+01  2.400000e+00  8.589545e+00
   endloop
 endfacet
 facet normal  7.533260e-01 -0.000000e+00  6.576473e-01
   outer loop
     vertex  8.404865e+01  9.536311e-16  8.589545e+00
     vertex  8.404865e+01  2.400000e+00  8.589545e+00
     vertex  8.397741e+01  2.400000e+00  8.671151e+00
   endloop
 endfacet
 facet normal  7.708584e-01 -0.000000e+00  6.370065e-01
   outer loop
     vertex  8.404865e+01  9.536311e-16  8.589545e+00
     vertex  8.411765e+01  9.443601e-16  8.506040e+00
     vertex  8.404865e+01  2.400000e+00  8.589545e+00
   endloop
 endfacet
 facet normal  7.533260e-01 -0.000000e+00  6.576473e-01
   outer loop
     vertex  8.397741e+01  9.626912e-16  8.671151e+00
     vertex  8.404865e+01  9.536311e-16  8.589545e+00
     vertex  8.397741e+01  2.400000e+00  8.671151e+00
   endloop
 endfacet
 facet normal  7.352410e-01  0.000000e+00  6.778058e-01
   outer loop
     vertex  8.390398e+01  9.715337e-16  8.750798e+00
     vertex  8.397741e+01  9.626912e-16  8.671151e+00
     vertex  8.397741e+01  2.400000e+00  8.671151e+00
   endloop
 endfacet
 facet normal  7.352410e-01 -0.000000e+00  6.778058e-01
   outer loop
     vertex  8.390398e+01  9.715337e-16  8.750798e+00
     vertex  8.397741e+01  2.400000e+00  8.671151e+00
     vertex  8.390398e+01  2.400000e+00  8.750798e+00
   endloop
 endfacet
 facet normal  7.166168e-01 -0.000000e+00  6.974671e-01
   outer loop
     vertex  8.390398e+01  9.715337e-16  8.750798e+00
     vertex  8.390398e+01  2.400000e+00  8.750798e+00
     vertex  8.382843e+01  2.400000e+00  8.828427e+00
   endloop
 endfacet
 facet normal  7.166168e-01 -0.000000e+00  6.974671e-01
   outer loop
     vertex  8.382843e+01  9.801523e-16  8.828427e+00
     vertex  8.390398e+01  9.715337e-16  8.750798e+00
     vertex  8.382843e+01  2.400000e+00  8.828427e+00
   endloop
 endfacet
 facet normal  6.974671e-01 -0.000000e+00  7.166168e-01
   outer loop
     vertex  8.375080e+01  9.885406e-16  8.903982e+00
     vertex  8.382843e+01  2.400000e+00  8.828427e+00
     vertex  8.375080e+01  2.400000e+00  8.903982e+00
   endloop
 endfacet
 facet normal  6.974671e-01  0.000000e+00  7.166168e-01
   outer loop
     vertex  8.375080e+01  9.885406e-16  8.903982e+00
     vertex  8.382843e+01  9.801523e-16  8.828427e+00
     vertex  8.382843e+01  2.400000e+00  8.828427e+00
   endloop
 endfacet
 facet normal  6.778058e-01 -0.000000e+00  7.352410e-01
   outer loop
     vertex  8.367115e+01  9.966924e-16  8.977407e+00
     vertex  8.375080e+01  2.400000e+00  8.903982e+00
     vertex  8.367115e+01  2.400000e+00  8.977407e+00
   endloop
 endfacet
 facet normal  6.576473e-01 -0.000000e+00  7.533260e-01
   outer loop
     vertex  8.367115e+01  9.966924e-16  8.977407e+00
     vertex  8.367115e+01  2.400000e+00  8.977407e+00
     vertex  8.358955e+01  2.400000e+00  9.048648e+00
   endloop
 endfacet
 facet normal  6.778058e-01  0.000000e+00  7.352410e-01
   outer loop
     vertex  8.367115e+01  9.966924e-16  8.977407e+00
     vertex  8.375080e+01  9.885406e-16  8.903982e+00
     vertex  8.375080e+01  2.400000e+00  8.903982e+00
   endloop
 endfacet
 facet normal  6.370065e-01 -0.000000e+00  7.708584e-01
   outer loop
     vertex  8.358955e+01  1.004602e-15  9.048648e+00
     vertex  8.358955e+01  2.400000e+00  9.048648e+00
     vertex  8.350604e+01  2.400000e+00  9.117654e+00
   endloop
 endfacet
 facet normal  6.576473e-01 -0.000000e+00  7.533260e-01
   outer loop
     vertex  8.358955e+01  1.004602e-15  9.048648e+00
     vertex  8.367115e+01  9.966924e-16  8.977407e+00
     vertex  8.358955e+01  2.400000e+00  9.048648e+00
   endloop
 endfacet
 facet normal  6.370065e-01 -0.000000e+00  7.708584e-01
   outer loop
     vertex  8.350604e+01  1.012263e-15  9.117654e+00
     vertex  8.358955e+01  1.004602e-15  9.048648e+00
     vertex  8.350604e+01  2.400000e+00  9.117654e+00
   endloop
 endfacet
 facet normal  6.158986e-01 -0.000000e+00  7.878255e-01
   outer loop
     vertex  8.342070e+01  1.019670e-15  9.184372e+00
     vertex  8.350604e+01  2.400000e+00  9.117654e+00
     vertex  8.342070e+01  2.400000e+00  9.184372e+00
   endloop
 endfacet
 facet normal  5.943389e-01 -0.000000e+00  8.042147e-01
   outer loop
     vertex  8.342070e+01  1.019670e-15  9.184372e+00
     vertex  8.342070e+01  2.400000e+00  9.184372e+00
     vertex  8.333358e+01  2.400000e+00  9.248755e+00
   endloop
 endfacet
 facet normal  6.158986e-01  0.000000e+00  7.878255e-01
   outer loop
     vertex  8.342070e+01  1.019670e-15  9.184372e+00
     vertex  8.350604e+01  1.012263e-15  9.117654e+00
     vertex  8.350604e+01  2.400000e+00  9.117654e+00
   endloop
 endfacet
 facet normal  5.723433e-01 -0.000000e+00  8.200141e-01
   outer loop
     vertex  8.333358e+01  1.026818e-15  9.248755e+00
     vertex  8.333358e+01  2.400000e+00  9.248755e+00
     vertex  8.324475e+01  2.400000e+00  9.310756e+00
   endloop
 endfacet
 facet normal  5.943389e-01 -0.000000e+00  8.042147e-01
   outer loop
     vertex  8.333358e+01  1.026818e-15  9.248755e+00
     vertex  8.342070e+01  1.019670e-15  9.184372e+00
     vertex  8.333358e+01  2.400000e+00  9.248755e+00
   endloop
 endfacet
 facet normal  5.723433e-01 -0.000000e+00  8.200141e-01
   outer loop
     vertex  8.324475e+01  1.033702e-15  9.310756e+00
     vertex  8.333358e+01  1.026818e-15  9.248755e+00
     vertex  8.324475e+01  2.400000e+00  9.310756e+00
   endloop
 endfacet
 facet normal  5.499279e-01 -0.000000e+00  8.352121e-01
   outer loop
     vertex  8.315427e+01  1.040315e-15  9.370328e+00
     vertex  8.324475e+01  2.400000e+00  9.310756e+00
     vertex  8.315427e+01  2.400000e+00  9.370328e+00
   endloop
 endfacet
 facet normal  5.499279e-01  0.000000e+00  8.352121e-01
   outer loop
     vertex  8.315427e+01  1.040315e-15  9.370328e+00
     vertex  8.324475e+01  1.033702e-15  9.310756e+00
     vertex  8.324475e+01  2.400000e+00  9.310756e+00
   endloop
 endfacet
 facet normal  5.271092e-01 -0.000000e+00  8.497975e-01
   outer loop
     vertex  8.306222e+01  1.046655e-15  9.427429e+00
     vertex  8.315427e+01  2.400000e+00  9.370328e+00
     vertex  8.306222e+01  2.400000e+00  9.427429e+00
   endloop
 endfacet
 facet normal  5.271092e-01  0.000000e+00  8.497975e-01
   outer loop
     vertex  8.306222e+01  1.046655e-15  9.427429e+00
     vertex  8.315427e+01  1.040315e-15  9.370328e+00
     vertex  8.315427e+01  2.400000e+00  9.370328e+00
   endloop
 endfacet
 facet normal  5.039039e-01 -0.000000e+00  8.637597e-01
   outer loop
     vertex  8.296865e+01  1.052715e-15  9.482015e+00
     vertex  8.306222e+01  2.400000e+00  9.427429e+00
     vertex  8.296865e+01  2.400000e+00  9.482015e+00
   endloop
 endfacet
 facet normal  5.039039e-01  0.000000e+00  8.637597e-01
   outer loop
     vertex  8.296865e+01  1.052715e-15  9.482015e+00
     vertex  8.306222e+01  1.046655e-15  9.427429e+00
     vertex  8.306222e+01  2.400000e+00  9.427429e+00
   endloop
 endfacet
 facet normal  4.803291e-01 -0.000000e+00  8.770884e-01
   outer loop
     vertex  8.287363e+01  1.058492e-15  9.534048e+00
     vertex  8.296865e+01  2.400000e+00  9.482015e+00
     vertex  8.287363e+01  2.400000e+00  9.534048e+00
   endloop
 endfacet
 facet normal  4.803291e-01  0.000000e+00  8.770884e-01
   outer loop
     vertex  8.287363e+01  1.058492e-15  9.534048e+00
     vertex  8.296865e+01  1.052715e-15  9.482015e+00
     vertex  8.296865e+01  2.400000e+00  9.482015e+00
   endloop
 endfacet
 facet normal  4.564019e-01 -0.000000e+00  8.897737e-01
   outer loop
     vertex  8.277725e+01  1.063981e-15  9.583489e+00
     vertex  8.287363e+01  2.400000e+00  9.534048e+00
     vertex  8.277725e+01  2.400000e+00  9.583489e+00
   endloop
 endfacet
 facet normal  4.564019e-01  0.000000e+00  8.897737e-01
   outer loop
     vertex  8.277725e+01  1.063981e-15  9.583489e+00
     vertex  8.287363e+01  1.058492e-15  9.534048e+00
     vertex  8.287363e+01  2.400000e+00  9.534048e+00
   endloop
 endfacet
 facet normal  4.321400e-01 -0.000000e+00  9.018065e-01
   outer loop
     vertex  8.267956e+01  1.069178e-15  9.630302e+00
     vertex  8.277725e+01  2.400000e+00  9.583489e+00
     vertex  8.267956e+01  2.400000e+00  9.630302e+00
   endloop
 endfacet
 facet normal  4.321400e-01  0.000000e+00  9.018065e-01
   outer loop
     vertex  8.267956e+01  1.069178e-15  9.630302e+00
     vertex  8.277725e+01  1.063981e-15  9.583489e+00
     vertex  8.277725e+01  2.400000e+00  9.583489e+00
   endloop
 endfacet
 facet normal  4.075612e-01 -0.000000e+00  9.131779e-01
   outer loop
     vertex  8.258063e+01  1.074080e-15  9.674452e+00
     vertex  8.267956e+01  2.400000e+00  9.630302e+00
     vertex  8.258063e+01  2.400000e+00  9.674452e+00
   endloop
 endfacet
 facet normal  4.075612e-01  0.000000e+00  9.131779e-01
   outer loop
     vertex  8.258063e+01  1.074080e-15  9.674452e+00
     vertex  8.267956e+01  1.069178e-15  9.630302e+00
     vertex  8.267956e+01  2.400000e+00  9.630302e+00
   endloop
 endfacet
 facet normal  3.826834e-01 -0.000000e+00  9.238795e-01
   outer loop
     vertex  8.248055e+01  1.078682e-15  9.715907e+00
     vertex  8.258063e+01  2.400000e+00  9.674452e+00
     vertex  8.248055e+01  2.400000e+00  9.715907e+00
   endloop
 endfacet
 facet normal  3.826834e-01  0.000000e+00  9.238795e-01
   outer loop
     vertex  8.248055e+01  1.078682e-15  9.715907e+00
     vertex  8.258063e+01  1.074080e-15  9.674452e+00
     vertex  8.258063e+01  2.400000e+00  9.674452e+00
   endloop
 endfacet
 facet normal  3.575250e-01 -0.000000e+00  9.339036e-01
   outer loop
     vertex  8.237939e+01  1.082982e-15  9.754637e+00
     vertex  8.248055e+01  2.400000e+00  9.715907e+00
     vertex  8.237939e+01  2.400000e+00  9.754637e+00
   endloop
 endfacet
 facet normal  3.575250e-01  0.000000e+00  9.339036e-01
   outer loop
     vertex  8.237939e+01  1.082982e-15  9.754637e+00
     vertex  8.248055e+01  1.078682e-15  9.715907e+00
     vertex  8.248055e+01  2.400000e+00  9.715907e+00
   endloop
 endfacet
 facet normal  3.321044e-01  0.000000e+00  9.432426e-01
   outer loop
     vertex  8.227721e+01  1.086976e-15  9.790613e+00
     vertex  8.237939e+01  1.082982e-15  9.754637e+00
     vertex  8.237939e+01  2.400000e+00  9.754637e+00
   endloop
 endfacet
 facet normal  3.321044e-01 -0.000000e+00  9.432426e-01
   outer loop
     vertex  8.227721e+01  1.086976e-15  9.790613e+00
     vertex  8.237939e+01  2.400000e+00  9.754637e+00
     vertex  8.227721e+01  2.400000e+00  9.790613e+00
   endloop
 endfacet
 facet normal  3.064401e-01  0.000000e+00  9.518899e-01
   outer loop
     vertex  8.217409e+01  1.090662e-15  9.823809e+00
     vertex  8.227721e+01  1.086976e-15  9.790613e+00
     vertex  8.227721e+01  2.400000e+00  9.790613e+00
   endloop
 endfacet
 facet normal  3.064401e-01 -0.000000e+00  9.518899e-01
   outer loop
     vertex  8.217409e+01  1.090662e-15  9.823809e+00
     vertex  8.227721e+01  2.400000e+00  9.790613e+00
     vertex  8.217409e+01  2.400000e+00  9.823809e+00
   endloop
 endfacet
 facet normal  2.805512e-01  0.000000e+00  9.598391e-01
   outer loop
     vertex  8.207011e+01  1.094036e-15  9.854200e+00
     vertex  8.217409e+01  1.090662e-15  9.823809e+00
     vertex  8.217409e+01  2.400000e+00  9.823809e+00
   endloop
 endfacet
 facet normal  2.805512e-01 -0.000000e+00  9.598391e-01
   outer loop
     vertex  8.207011e+01  1.094036e-15  9.854200e+00
     vertex  8.217409e+01  2.400000e+00  9.823809e+00
     vertex  8.207011e+01  2.400000e+00  9.854200e+00
   endloop
 endfacet
 facet normal  2.544564e-01  0.000000e+00  9.670842e-01
   outer loop
     vertex  8.196535e+01  1.097096e-15  9.881765e+00
     vertex  8.207011e+01  1.094036e-15  9.854200e+00
     vertex  8.207011e+01  2.400000e+00  9.854200e+00
   endloop
 endfacet
 facet normal  2.544564e-01 -0.000000e+00  9.670842e-01
   outer loop
     vertex  8.196535e+01  1.097096e-15  9.881765e+00
     vertex  8.207011e+01  2.400000e+00  9.854200e+00
     vertex  8.196535e+01  2.400000e+00  9.881765e+00
   endloop
 endfacet
 facet normal  2.281751e-01  0.000000e+00  9.736201e-01
   outer loop
     vertex  8.185988e+01  1.099840e-15  9.906482e+00
     vertex  8.196535e+01  1.097096e-15  9.881765e+00
     vertex  8.196535e+01  2.400000e+00  9.881765e+00
   endloop
 endfacet
 facet normal  2.281751e-01 -0.000000e+00  9.736201e-01
   outer loop
     vertex  8.185988e+01  1.099840e-15  9.906482e+00
     vertex  8.196535e+01  2.400000e+00  9.881765e+00
     vertex  8.185988e+01  2.400000e+00  9.906482e+00
   endloop
 endfacet
 facet normal  2.017264e-01  0.000000e+00  9.794419e-01
   outer loop
     vertex  8.175378e+01  1.102267e-15  9.928335e+00
     vertex  8.185988e+01  1.099840e-15  9.906482e+00
     vertex  8.185988e+01  2.400000e+00  9.906482e+00
   endloop
 endfacet
 facet normal  2.017264e-01 -0.000000e+00  9.794419e-01
   outer loop
     vertex  8.175378e+01  1.102267e-15  9.928335e+00
     vertex  8.185988e+01  2.400000e+00  9.906482e+00
     vertex  8.175378e+01  2.400000e+00  9.928335e+00
   endloop
 endfacet
 facet normal  1.751297e-01 -0.000000e+00  9.845454e-01
   outer loop
     vertex  8.175378e+01  1.102267e-15  9.928335e+00
     vertex  8.175378e+01  2.400000e+00  9.928335e+00
     vertex  8.164713e+01  2.400000e+00  9.947306e+00
   endloop
 endfacet
 facet normal  1.751297e-01 -0.000000e+00  9.845454e-01
   outer loop
     vertex  8.164713e+01  1.104373e-15  9.947306e+00
     vertex  8.175378e+01  1.102267e-15  9.928335e+00
     vertex  8.164713e+01  2.400000e+00  9.947306e+00
   endloop
 endfacet
 facet normal  1.484046e-01  0.000000e+00  9.889267e-01
   outer loop
     vertex  8.154000e+01  1.106158e-15  9.963382e+00
     vertex  8.164713e+01  1.104373e-15  9.947306e+00
     vertex  8.164713e+01  2.400000e+00  9.947306e+00
   endloop
 endfacet
 facet normal  1.484046e-01 -0.000000e+00  9.889267e-01
   outer loop
     vertex  8.154000e+01  1.106158e-15  9.963382e+00
     vertex  8.164713e+01  2.400000e+00  9.947306e+00
     vertex  8.154000e+01  2.400000e+00  9.963382e+00
   endloop
 endfacet
 facet normal  1.215707e-01  0.000000e+00  9.925828e-01
   outer loop
     vertex  8.143248e+01  1.107620e-15  9.976552e+00
     vertex  8.154000e+01  1.106158e-15  9.963382e+00
     vertex  8.154000e+01  2.400000e+00  9.963382e+00
   endloop
 endfacet
 facet normal  1.215707e-01 -0.000000e+00  9.925828e-01
   outer loop
     vertex  8.143248e+01  1.107620e-15  9.976552e+00
     vertex  8.154000e+01  2.400000e+00  9.963382e+00
     vertex  8.143248e+01  2.400000e+00  9.976552e+00
   endloop
 endfacet
 facet normal  9.464755e-02  0.000000e+00  9.955108e-01
   outer loop
     vertex  8.132463e+01  1.108758e-15  9.986805e+00
     vertex  8.143248e+01  1.107620e-15  9.976552e+00
     vertex  8.143248e+01  2.400000e+00  9.976552e+00
   endloop
 endfacet
 facet normal  9.464755e-02 -0.000000e+00  9.955108e-01
   outer loop
     vertex  8.132463e+01  1.108758e-15  9.986805e+00
     vertex  8.143248e+01  2.400000e+00  9.976552e+00
     vertex  8.132463e+01  2.400000e+00  9.986805e+00
   endloop
 endfacet
 facet normal  6.765502e-02 -0.000000e+00  9.977088e-01
   outer loop
     vertex  8.132463e+01  1.108758e-15  9.986805e+00
     vertex  8.132463e+01  2.400000e+00  9.986805e+00
     vertex  8.121656e+01  2.400000e+00  9.994134e+00
   endloop
 endfacet
 facet normal  6.765502e-02 -0.000000e+00  9.977088e-01
   outer loop
     vertex  8.121656e+01  1.109572e-15  9.994134e+00
     vertex  8.132463e+01  1.108758e-15  9.986805e+00
     vertex  8.121656e+01  2.400000e+00  9.994134e+00
   endloop
 endfacet
 facet normal  4.061287e-02  0.000000e+00  9.991750e-01
   outer loop
     vertex  8.110832e+01  1.110060e-15  9.998533e+00
     vertex  8.121656e+01  1.109572e-15  9.994134e+00
     vertex  8.121656e+01  2.400000e+00  9.994134e+00
   endloop
 endfacet
 facet normal  4.061287e-02 -0.000000e+00  9.991750e-01
   outer loop
     vertex  8.110832e+01  1.110060e-15  9.998533e+00
     vertex  8.121656e+01  2.400000e+00  9.994134e+00
     vertex  8.110832e+01  2.400000e+00  9.998533e+00
   endloop
 endfacet
 facet normal  1.354093e-02  0.000000e+00  9.999083e-01
   outer loop
     vertex  8.100000e+01  1.110223e-15  1.000000e+01
     vertex  8.110832e+01  1.110060e-15  9.998533e+00
     vertex  8.110832e+01  2.400000e+00  9.998533e+00
   endloop
 endfacet
 facet normal  1.354093e-02 -7.400808e-16  9.999083e-01
   outer loop
     vertex  8.100000e+01  1.110223e-15  1.000000e+01
     vertex  8.110832e+01  2.400000e+00  9.998533e+00
     vertex  8.100000e+01  2.400000e+00  1.000000e+01
   endloop
 endfacet
 facet normal  0.000000e+00 -7.401487e-16  1.000000e+00
   outer loop
     vertex -8.100000e+01  1.110223e-15  1.000000e+01
     vertex  8.100000e+01  1.110223e-15  1.000000e+01
     vertex  8.100000e+01  2.400000e+00  1.000000e+01
   endloop
 endfacet
 facet normal -2.193033e-17  7.401487e-16  1.000000e+00
   outer loop
     vertex -8.100000e+01  1.110223e-15  1.000000e+01
     vertex  8.100000e+01  2.400000e+00  1.000000e+01
     vertex -8.100000e+01  2.400000e+00  1.000000e+01
   endloop
 endfacet
 facet normal -1.354093e-02  7.400080e-16  9.999083e-01
   outer loop
     vertex -8.110832e+01  1.110060e-15  9.998533e+00
     vertex -8.100000e+01  1.110223e-15  1.000000e+01
     vertex -8.100000e+01  2.400000e+00  1.000000e+01
   endloop
 endfacet
 facet normal -1.354093e-02  0.000000e+00  9.999083e-01
   outer loop
     vertex -8.110832e+01  1.110060e-15  9.998533e+00
     vertex -8.100000e+01  2.400000e+00  1.000000e+01
     vertex -8.110832e+01  2.400000e+00  9.998533e+00
   endloop
 endfacet
 facet normal -4.061287e-02  0.000000e+00  9.991750e-01
   outer loop
     vertex -8.121656e+01  1.109572e-15  9.994134e+00
     vertex -8.110832e+01  2.400000e+00  9.998533e+00
     vertex -8.121656e+01  2.400000e+00  9.994134e+00
   endloop
 endfacet
 facet normal -4.061287e-02  0.000000e+00  9.991750e-01
   outer loop
     vertex -8.121656e+01  1.109572e-15  9.994134e+00
     vertex -8.110832e+01  1.110060e-15  9.998533e+00
     vertex -8.110832e+01  2.400000e+00  9.998533e+00
   endloop
 endfacet
 facet normal -6.765502e-02  0.000000e+00  9.977088e-01
   outer loop
     vertex -8.132463e+01  1.108758e-15  9.986805e+00
     vertex -8.121656e+01  2.400000e+00  9.994134e+00
     vertex -8.132463e+01  2.400000e+00  9.986805e+00
   endloop
 endfacet
 facet normal -6.765502e-02  0.000000e+00  9.977088e-01
   outer loop
     vertex -8.132463e+01  1.108758e-15  9.986805e+00
     vertex -8.121656e+01  1.109572e-15  9.994134e+00
     vertex -8.121656e+01  2.400000e+00  9.994134e+00
   endloop
 endfacet
 facet normal -9.464755e-02  0.000000e+00  9.955108e-01
   outer loop
     vertex -8.143248e+01  1.107620e-15  9.976552e+00
     vertex -8.132463e+01  2.400000e+00  9.986805e+00
     vertex -8.143248e+01  2.400000e+00  9.976552e+00
   endloop
 endfacet
 facet normal -9.464755e-02  0.000000e+00  9.955108e-01
   outer loop
     vertex -8.143248e+01  1.107620e-15  9.976552e+00
     vertex -8.132463e+01  1.108758e-15  9.986805e+00
     vertex -8.132463e+01  2.400000e+00  9.986805e+00
   endloop
 endfacet
 facet normal -1.215707e-01  0.000000e+00  9.925828e-01
   outer loop
     vertex -8.154000e+01  1.106158e-15  9.963382e+00
     vertex -8.143248e+01  2.400000e+00  9.976552e+00
     vertex -8.154000e+01  2.400000e+00  9.963382e+00
   endloop
 endfacet
 facet normal -1.215707e-01  0.000000e+00  9.925828e-01
   outer loop
     vertex -8.154000e+01  1.106158e-15  9.963382e+00
     vertex -8.143248e+01  1.107620e-15  9.976552e+00
     vertex -8.143248e+01  2.400000e+00  9.976552e+00
   endloop
 endfacet
 facet normal -1.484046e-01  0.000000e+00  9.889267e-01
   outer loop
     vertex -8.164713e+01  1.104373e-15  9.947306e+00
     vertex -8.154000e+01  2.400000e+00  9.963382e+00
     vertex -8.164713e+01  2.400000e+00  9.947306e+00
   endloop
 endfacet
 facet normal -1.484046e-01  0.000000e+00  9.889267e-01
   outer loop
     vertex -8.164713e+01  1.104373e-15  9.947306e+00
     vertex -8.154000e+01  1.106158e-15  9.963382e+00
     vertex -8.154000e+01  2.400000e+00  9.963382e+00
   endloop
 endfacet
 facet normal -1.751297e-01  0.000000e+00  9.845454e-01
   outer loop
     vertex -8.175378e+01  1.102267e-15  9.928335e+00
     vertex -8.164713e+01  2.400000e+00  9.947306e+00
     vertex -8.175378e+01  2.400000e+00  9.928335e+00
   endloop
 endfacet
 facet normal -1.751297e-01  0.000000e+00  9.845454e-01
   outer loop
     vertex -8.175378e+01  1.102267e-15  9.928335e+00
     vertex -8.164713e+01  1.104373e-15  9.947306e+00
     vertex -8.164713e+01  2.400000e+00  9.947306e+00
   endloop
 endfacet
 facet normal -2.017264e-01  0.000000e+00  9.794419e-01
   outer loop
     vertex -8.185988e+01  1.099840e-15  9.906482e+00
     vertex -8.175378e+01  2.400000e+00  9.928335e+00
     vertex -8.185988e+01  2.400000e+00  9.906482e+00
   endloop
 endfacet
 facet normal -2.281751e-01  0.000000e+00  9.736201e-01
   outer loop
     vertex -8.185988e+01  1.099840e-15  9.906482e+00
     vertex -8.185988e+01  2.400000e+00  9.906482e+00
     vertex -8.196535e+01  2.400000e+00  9.881765e+00
   endloop
 endfacet
 facet normal -2.017264e-01  0.000000e+00  9.794419e-01
   outer loop
     vertex -8.185988e+01  1.099840e-15  9.906482e+00
     vertex -8.175378e+01  1.102267e-15  9.928335e+00
     vertex -8.175378e+01  2.400000e+00  9.928335e+00
   endloop
 endfacet
 facet normal -2.281751e-01  0.000000e+00  9.736201e-01
   outer loop
     vertex -8.196535e+01  1.097096e-15  9.881765e+00
     vertex -8.185988e+01  1.099840e-15  9.906482e+00
     vertex -8.196535e+01  2.400000e+00  9.881765e+00
   endloop
 endfacet
 facet normal -2.544564e-01  0.000000e+00  9.670842e-01
   outer loop
     vertex -8.207011e+01  1.094036e-15  9.854200e+00
     vertex -8.196535e+01  2.400000e+00  9.881765e+00
     vertex -8.207011e+01  2.400000e+00  9.854200e+00
   endloop
 endfacet
 facet normal -2.805512e-01  0.000000e+00  9.598391e-01
   outer loop
     vertex -8.207011e+01  1.094036e-15  9.854200e+00
     vertex -8.207011e+01  2.400000e+00  9.854200e+00
     vertex -8.217409e+01  2.400000e+00  9.823809e+00
   endloop
 endfacet
 facet normal -2.544564e-01  0.000000e+00  9.670842e-01
   outer loop
     vertex -8.207011e+01  1.094036e-15  9.854200e+00
     vertex -8.196535e+01  1.097096e-15  9.881765e+00
     vertex -8.196535e+01  2.400000e+00  9.881765e+00
   endloop
 endfacet
 facet normal -3.064401e-01  0.000000e+00  9.518899e-01
   outer loop
     vertex -8.217409e+01  1.090662e-15  9.823809e+00
     vertex -8.217409e+01  2.400000e+00  9.823809e+00
     vertex -8.227721e+01  2.400000e+00  9.790613e+00
   endloop
 endfacet
 facet normal -2.805512e-01  0.000000e+00  9.598391e-01
   outer loop
     vertex -8.217409e+01  1.090662e-15  9.823809e+00
     vertex -8.207011e+01  1.094036e-15  9.854200e+00
     vertex -8.217409e+01  2.400000e+00  9.823809e+00
   endloop
 endfacet
 facet normal -3.321044e-01  0.000000e+00  9.432426e-01
   outer loop
     vertex -8.227721e+01  1.086976e-15  9.790613e+00
     vertex -8.227721e+01  2.400000e+00  9.790613e+00
     vertex -8.237939e+01  2.400000e+00  9.754637e+00
   endloop
 endfacet
 facet normal -3.064401e-01  0.000000e+00  9.518899e-01
   outer loop
     vertex -8.227721e+01  1.086976e-15  9.790613e+00
     vertex -8.217409e+01  1.090662e-15  9.823809e+00
     vertex -8.227721e+01  2.400000e+00  9.790613e+00
   endloop
 endfacet
 facet normal -3.321044e-01  0.000000e+00  9.432426e-01
   outer loop
     vertex -8.237939e+01  1.082982e-15  9.754637e+00
     vertex -8.227721e+01  1.086976e-15  9.790613e+00
     vertex -8.237939e+01  2.400000e+00  9.754637e+00
   endloop
 endfacet
 facet normal -3.575250e-01  0.000000e+00  9.339036e-01
   outer loop
     vertex -8.248055e+01  1.078682e-15  9.715907e+00
     vertex -8.237939e+01  2.400000e+00  9.754637e+00
     vertex -8.248055e+01  2.400000e+00  9.715907e+00
   endloop
 endfacet
 facet normal -3.575250e-01  0.000000e+00  9.339036e-01
   outer loop
     vertex -8.248055e+01  1.078682e-15  9.715907e+00
     vertex -8.237939e+01  1.082982e-15  9.754637e+00
     vertex -8.237939e+01  2.400000e+00  9.754637e+00
   endloop
 endfacet
 facet normal -3.826834e-01  0.000000e+00  9.238795e-01
   outer loop
     vertex -8.258063e+01  1.074080e-15  9.674452e+00
     vertex -8.248055e+01  2.400000e+00  9.715907e+00
     vertex -8.258063e+01  2.400000e+00  9.674452e+00
   endloop
 endfacet
 facet normal -3.826834e-01  0.000000e+00  9.238795e-01
   outer loop
     vertex -8.258063e+01  1.074080e-15  9.674452e+00
     vertex -8.248055e+01  1.078682e-15  9.715907e+00
     vertex -8.248055e+01  2.400000e+00  9.715907e+00
   endloop
 endfacet
 facet normal -4.075612e-01  0.000000e+00  9.131779e-01
   outer loop
     vertex -8.267956e+01  1.069178e-15  9.630302e+00
     vertex -8.258063e+01  2.400000e+00  9.674452e+00
     vertex -8.267956e+01  2.400000e+00  9.630302e+00
   endloop
 endfacet
 facet normal -4.075612e-01  0.000000e+00  9.131779e-01
   outer loop
     vertex -8.267956e+01  1.069178e-15  9.630302e+00
     vertex -8.258063e+01  1.074080e-15  9.674452e+00
     vertex -8.258063e+01  2.400000e+00  9.674452e+00
   endloop
 endfacet
 facet normal -4.321400e-01  0.000000e+00  9.018065e-01
   outer loop
     vertex -8.277725e+01  1.063981e-15  9.583489e+00
     vertex -8.267956e+01  2.400000e+00  9.630302e+00
     vertex -8.277725e+01  2.400000e+00  9.583489e+00
   endloop
 endfacet
 facet normal -4.564019e-01  0.000000e+00  8.897737e-01
   outer loop
     vertex -8.277725e+01  1.063981e-15  9.583489e+00
     vertex -8.277725e+01  2.400000e+00  9.583489e+00
     vertex -8.287363e+01  2.400000e+00  9.534048e+00
   endloop
 endfacet
 facet normal -4.321400e-01  0.000000e+00  9.018065e-01
   outer loop
     vertex -8.277725e+01  1.063981e-15  9.583489e+00
     vertex -8.267956e+01  1.069178e-15  9.630302e+00
     vertex -8.267956e+01  2.400000e+00  9.630302e+00
   endloop
 endfacet
 facet normal -4.803291e-01  0.000000e+00  8.770884e-01
   outer loop
     vertex -8.287363e+01  1.058492e-15  9.534048e+00
     vertex -8.287363e+01  2.400000e+00  9.534048e+00
     vertex -8.296865e+01  2.400000e+00  9.482015e+00
   endloop
 endfacet
 facet normal -4.564019e-01  0.000000e+00  8.897737e-01
   outer loop
     vertex -8.287363e+01  1.058492e-15  9.534048e+00
     vertex -8.277725e+01  1.063981e-15  9.583489e+00
     vertex -8.287363e+01  2.400000e+00  9.534048e+00
   endloop
 endfacet
 facet normal -4.803291e-01  0.000000e+00  8.770884e-01
   outer loop
     vertex -8.296865e+01  1.052715e-15  9.482015e+00
     vertex -8.287363e+01  1.058492e-15  9.534048e+00
     vertex -8.296865e+01  2.400000e+00  9.482015e+00
   endloop
 endfacet
 facet normal -5.039039e-01  0.000000e+00  8.637597e-01
   outer loop
     vertex -8.306222e+01  1.046655e-15  9.427429e+00
     vertex -8.296865e+01  2.400000e+00  9.482015e+00
     vertex -8.306222e+01  2.400000e+00  9.427429e+00
   endloop
 endfacet
 facet normal -5.271092e-01  0.000000e+00  8.497975e-01
   outer loop
     vertex -8.306222e+01  1.046655e-15  9.427429e+00
     vertex -8.306222e+01  2.400000e+00  9.427429e+00
     vertex -8.315427e+01  2.400000e+00  9.370328e+00
   endloop
 endfacet
 facet normal -5.039039e-01  0.000000e+00  8.637597e-01
   outer loop
     vertex -8.306222e+01  1.046655e-15  9.427429e+00
     vertex -8.296865e+01  1.052715e-15  9.482015e+00
     vertex -8.296865e+01  2.400000e+00  9.482015e+00
   endloop
 endfacet
 facet normal -5.271092e-01  0.000000e+00  8.497975e-01
   outer loop
     vertex -8.315427e+01  1.040315e-15  9.370328e+00
     vertex -8.306222e+01  1.046655e-15  9.427429e+00
     vertex -8.315427e+01  2.400000e+00  9.370328e+00
   endloop
 endfacet
 facet normal -5.499279e-01  0.000000e+00  8.352121e-01
   outer loop
     vertex -8.324475e+01  1.033702e-15  9.310756e+00
     vertex -8.315427e+01  1.040315e-15  9.370328e+00
     vertex -8.315427e+01  2.400000e+00  9.370328e+00
   endloop
 endfacet
 facet normal -5.499279e-01  0.000000e+00  8.352121e-01
   outer loop
     vertex -8.324475e+01  1.033702e-15  9.310756e+00
     vertex -8.315427e+01  2.400000e+00  9.370328e+00
     vertex -8.324475e+01  2.400000e+00  9.310756e+00
   endloop
 endfacet
 facet normal -5.723433e-01  0.000000e+00  8.200141e-01
   outer loop
     vertex -8.333358e+01  1.026818e-15  9.248755e+00
     vertex -8.324475e+01  1.033702e-15  9.310756e+00
     vertex -8.324475e+01  2.400000e+00  9.310756e+00
   endloop
 endfacet
 facet normal -5.723433e-01  0.000000e+00  8.200141e-01
   outer loop
     vertex -8.333358e+01  1.026818e-15  9.248755e+00
     vertex -8.324475e+01  2.400000e+00  9.310756e+00
     vertex -8.333358e+01  2.400000e+00  9.248755e+00
   endloop
 endfacet
 facet normal -5.943389e-01  0.000000e+00  8.042147e-01
   outer loop
     vertex -8.333358e+01  1.026818e-15  9.248755e+00
     vertex -8.333358e+01  2.400000e+00  9.248755e+00
     vertex -8.342070e+01  2.400000e+00  9.184372e+00
   endloop
 endfacet
 facet normal -5.943389e-01  0.000000e+00  8.042147e-01
   outer loop
     vertex -8.342070e+01  1.019670e-15  9.184372e+00
     vertex -8.333358e+01  1.026818e-15  9.248755e+00
     vertex -8.342070e+01  2.400000e+00  9.184372e+00
   endloop
 endfacet
 facet normal -6.158986e-01  0.000000e+00  7.878255e-01
   outer loop
     vertex -8.350604e+01  1.012263e-15  9.117654e+00
     vertex -8.342070e+01  1.019670e-15  9.184372e+00
     vertex -8.342070e+01  2.400000e+00  9.184372e+00
   endloop
 endfacet
 facet normal -6.158986e-01  0.000000e+00  7.878255e-01
   outer loop
     vertex -8.350604e+01  1.012263e-15  9.117654e+00
     vertex -8.342070e+01  2.400000e+00  9.184372e+00
     vertex -8.350604e+01  2.400000e+00  9.117654e+00
   endloop
 endfacet
 facet normal -6.370065e-01  0.000000e+00  7.708584e-01
   outer loop
     vertex -8.350604e+01  1.012263e-15  9.117654e+00
     vertex -8.350604e+01  2.400000e+00  9.117654e+00
     vertex -8.358955e+01  2.400000e+00  9.048648e+00
   endloop
 endfacet
 facet normal -6.576473e-01  0.000000e+00  7.533260e-01
   outer loop
     vertex -8.358955e+01  1.004602e-15  9.048648e+00
     vertex -8.358955e+01  2.400000e+00  9.048648e+00
     vertex -8.367115e+01  2.400000e+00  8.977407e+00
   endloop
 endfacet
 facet normal -6.370065e-01  0.000000e+00  7.708584e-01
   outer loop
     vertex -8.358955e+01  1.004602e-15  9.048648e+00
     vertex -8.350604e+01  1.012263e-15  9.117654e+00
     vertex -8.358955e+01  2.400000e+00  9.048648e+00
   endloop
 endfacet
 facet normal -6.576473e-01  0.000000e+00  7.533260e-01
   outer loop
     vertex -8.367115e+01  9.966924e-16  8.977407e+00
     vertex -8.358955e+01  1.004602e-15  9.048648e+00
     vertex -8.367115e+01  2.400000e+00  8.977407e+00
   endloop
 endfacet
 facet normal -6.778058e-01  0.000000e+00  7.352410e-01
   outer loop
     vertex -8.375080e+01  9.885406e-16  8.903982e+00
     vertex -8.367115e+01  9.966924e-16  8.977407e+00
     vertex -8.367115e+01  2.400000e+00  8.977407e+00
   endloop
 endfacet
 facet normal -6.778058e-01  0.000000e+00  7.352410e-01
   outer loop
     vertex -8.375080e+01  9.885406e-16  8.903982e+00
     vertex -8.367115e+01  2.400000e+00  8.977407e+00
     vertex -8.375080e+01  2.400000e+00  8.903982e+00
   endloop
 endfacet
 facet normal -6.974671e-01  0.000000e+00  7.166168e-01
   outer loop
     vertex -8.375080e+01  9.885406e-16  8.903982e+00
     vertex -8.375080e+01  2.400000e+00  8.903982e+00
     vertex -8.382843e+01  2.400000e+00  8.828427e+00
   endloop
 endfacet
 facet normal -6.974671e-01  0.000000e+00  7.166168e-01
   outer loop
     vertex -8.382843e+01  9.801523e-16  8.828427e+00
     vertex -8.375080e+01  9.885406e-16  8.903982e+00
     vertex -8.382843e+01  2.400000e+00  8.828427e+00
   endloop
 endfacet
 facet normal -7.166168e-01  0.000000e+00  6.974671e-01
   outer loop
     vertex -8.390398e+01  9.715337e-16  8.750798e+00
     vertex -8.382843e+01  2.400000e+00  8.828427e+00
     vertex -8.390398e+01  2.400000e+00  8.750798e+00
   endloop
 endfacet
 facet normal -7.166168e-01  0.000000e+00  6.974671e-01
   outer loop
     vertex -8.390398e+01  9.715337e-16  8.750798e+00
     vertex -8.382843e+01  9.801523e-16  8.828427e+00
     vertex -8.382843e+01  2.400000e+00  8.828427e+00
   endloop
 endfacet
 facet normal -7.352410e-01  0.000000e+00  6.778058e-01
   outer loop
     vertex -8.397741e+01  9.626912e-16  8.671151e+00
     vertex -8.390398e+01  2.400000e+00  8.750798e+00
     vertex -8.397741e+01  2.400000e+00  8.671151e+00
   endloop
 endfacet
 facet normal -7.533260e-01  0.000000e+00  6.576473e-01
   outer loop
     vertex -8.397741e+01  9.626912e-16  8.671151e+00
     vertex -8.397741e+01  2.400000e+00  8.671151e+00
     vertex -8.404865e+01  2.400000e+00  8.589545e+00
   endloop
 endfacet
 facet normal -7.352410e-01  0.000000e+00  6.778058e-01
   outer loop
     vertex -8.397741e+01  9.626912e-16  8.671151e+00
     vertex -8.390398e+01  9.715337e-16  8.750798e+00
     vertex -8.390398e+01  2.400000e+00  8.750798e+00
   endloop
 endfacet
 facet normal -7.708584e-01  0.000000e+00  6.370065e-01
   outer loop
     vertex -8.404865e+01  9.536311e-16  8.589545e+00
     vertex -8.404865e+01  2.400000e+00  8.589545e+00
     vertex -8.411765e+01  2.400000e+00  8.506040e+00
   endloop
 endfacet
 facet normal -7.533260e-01  0.000000e+00  6.576473e-01
   outer loop
     vertex -8.404865e+01  9.536311e-16  8.589545e+00
     vertex -8.397741e+01  9.626912e-16  8.671151e+00
     vertex -8.404865e+01  2.400000e+00  8.589545e+00
   endloop
 endfacet
 facet normal -7.708584e-01  0.000000e+00  6.370065e-01
   outer loop
     vertex -8.411765e+01  9.443601e-16  8.506040e+00
     vertex -8.404865e+01  9.536311e-16  8.589545e+00
     vertex -8.411765e+01  2.400000e+00  8.506040e+00
   endloop
 endfacet
 facet normal -7.878255e-01  0.000000e+00  6.158986e-01
   outer loop
     vertex -8.418437e+01  9.348852e-16  8.420697e+00
     vertex -8.411765e+01  2.400000e+00  8.506040e+00
     vertex -8.418437e+01  2.400000e+00  8.420697e+00
   endloop
 endfacet
 facet normal -8.042147e-01  0.000000e+00  5.943389e-01
   outer loop
     vertex -8.418437e+01  9.348852e-16  8.420697e+00
     vertex -8.418437e+01  2.400000e+00  8.420697e+00
     vertex -8.424876e+01  2.400000e+00  8.333578e+00
   endloop
 endfacet
 facet normal -7.878255e-01  0.000000e+00  6.158986e-01
   outer loop
     vertex -8.418437e+01  9.348852e-16  8.420697e+00
     vertex -8.411765e+01  9.443601e-16  8.506040e+00
     vertex -8.411765e+01  2.400000e+00  8.506040e+00
   endloop
 endfacet
 facet normal -8.200141e-01  0.000000e+00  5.723433e-01
   outer loop
     vertex -8.424876e+01  9.252131e-16  8.333578e+00
     vertex -8.424876e+01  2.400000e+00  8.333578e+00
     vertex -8.431076e+01  2.400000e+00  8.244748e+00
   endloop
 endfacet
 facet normal -8.042147e-01  0.000000e+00  5.943389e-01
   outer loop
     vertex -8.424876e+01  9.252131e-16  8.333578e+00
     vertex -8.418437e+01  9.348852e-16  8.420697e+00
     vertex -8.424876e+01  2.400000e+00  8.333578e+00
   endloop
 endfacet
 facet normal -8.200141e-01  0.000000e+00  5.723433e-01
   outer loop
     vertex -8.431076e+01  9.153509e-16  8.244748e+00
     vertex -8.424876e+01  9.252131e-16  8.333578e+00
     vertex -8.431076e+01  2.400000e+00  8.244748e+00
   endloop
 endfacet
 facet normal -8.352121e-01  0.000000e+00  5.499279e-01
   outer loop
     vertex -8.437033e+01  9.053060e-16  8.154272e+00
     vertex -8.431076e+01  2.400000e+00  8.244748e+00
     vertex -8.437033e+01  2.400000e+00  8.154272e+00
   endloop
 endfacet
 facet normal -8.352121e-01  0.000000e+00  5.499279e-01
   outer loop
     vertex -8.437033e+01  9.053060e-16  8.154272e+00
     vertex -8.431076e+01  9.153509e-16  8.244748e+00
     vertex -8.431076e+01  2.400000e+00  8.244748e+00
   endloop
 endfacet
 facet normal -8.497975e-01  0.000000e+00  5.271092e-01
   outer loop
     vertex -8.442743e+01  8.950857e-16  8.062215e+00
     vertex -8.437033e+01  2.400000e+00  8.154272e+00
     vertex -8.442743e+01  2.400000e+00  8.062215e+00
   endloop
 endfacet
 facet normal -8.497975e-01  0.000000e+00  5.271092e-01
   outer loop
     vertex -8.442743e+01  8.950857e-16  8.062215e+00
     vertex -8.437033e+01  9.053060e-16  8.154272e+00
     vertex -8.437033e+01  2.400000e+00  8.154272e+00
   endloop
 endfacet
 facet normal -8.637597e-01  0.000000e+00  5.039039e-01
   outer loop
     vertex -8.448202e+01  8.846975e-16  7.968647e+00
     vertex -8.442743e+01  2.400000e+00  8.062215e+00
     vertex -8.448202e+01  2.400000e+00  7.968647e+00
   endloop
 endfacet
 facet normal -8.637597e-01  0.000000e+00  5.039039e-01
   outer loop
     vertex -8.448202e+01  8.846975e-16  7.968647e+00
     vertex -8.442743e+01  8.950857e-16  8.062215e+00
     vertex -8.442743e+01  2.400000e+00  8.062215e+00
   endloop
 endfacet
 facet normal -8.770884e-01  0.000000e+00  4.803291e-01
   outer loop
     vertex -8.453405e+01  8.741489e-16  7.873634e+00
     vertex -8.448202e+01  2.400000e+00  7.968647e+00
     vertex -8.453405e+01  2.400000e+00  7.873634e+00
   endloop
 endfacet
 facet normal -8.770884e-01  0.000000e+00  4.803291e-01
   outer loop
     vertex -8.453405e+01  8.741489e-16  7.873634e+00
     vertex -8.448202e+01  8.846975e-16  7.968647e+00
     vertex -8.448202e+01  2.400000e+00  7.968647e+00
   endloop
 endfacet
 facet normal -8.897737e-01  0.000000e+00  4.564019e-01
   outer loop
     vertex -8.458349e+01  8.634478e-16  7.777247e+00
     vertex -8.453405e+01  2.400000e+00  7.873634e+00
     vertex -8.458349e+01  2.400000e+00  7.777247e+00
   endloop
 endfacet
 facet normal -8.897737e-01  0.000000e+00  4.564019e-01
   outer loop
     vertex -8.458349e+01  8.634478e-16  7.777247e+00
     vertex -8.453405e+01  8.741489e-16  7.873634e+00
     vertex -8.453405e+01  2.400000e+00  7.873634e+00
   endloop
 endfacet
 facet normal -9.018065e-01  0.000000e+00  4.321400e-01
   outer loop
     vertex -8.463030e+01  8.526020e-16  7.679556e+00
     vertex -8.458349e+01  2.400000e+00  7.777247e+00
     vertex -8.463030e+01  2.400000e+00  7.679556e+00
   endloop
 endfacet
 facet normal -9.018065e-01  0.000000e+00  4.321400e-01
   outer loop
     vertex -8.463030e+01  8.526020e-16  7.679556e+00
     vertex -8.458349e+01  8.634478e-16  7.777247e+00
     vertex -8.458349e+01  2.400000e+00  7.777247e+00
   endloop
 endfacet
 facet normal -9.131779e-01  0.000000e+00  4.075612e-01
   outer loop
     vertex -8.467445e+01  8.416195e-16  7.580634e+00
     vertex -8.463030e+01  2.400000e+00  7.679556e+00
     vertex -8.467445e+01  2.400000e+00  7.580634e+00
   endloop
 endfacet
 facet normal -9.131779e-01  0.000000e+00  4.075612e-01
   outer loop
     vertex -8.467445e+01  8.416195e-16  7.580634e+00
     vertex -8.463030e+01  8.526020e-16  7.679556e+00
     vertex -8.463030e+01  2.400000e+00  7.679556e+00
   endloop
 endfacet
 facet normal -9.238795e-01  0.000000e+00  3.826834e-01
   outer loop
     vertex -8.471591e+01  8.305082e-16  7.480553e+00
     vertex -8.467445e+01  2.400000e+00  7.580634e+00
     vertex -8.471591e+01  2.400000e+00  7.480553e+00
   endloop
 endfacet
 facet normal -9.238795e-01  0.000000e+00  3.826834e-01
   outer loop
     vertex -8.471591e+01  8.305082e-16  7.480553e+00
     vertex -8.467445e+01  8.416195e-16  7.580634e+00
     vertex -8.467445e+01  2.400000e+00  7.580634e+00
   endloop
 endfacet
 facet normal -9.339036e-01  0.000000e+00  3.575250e-01
   outer loop
     vertex -8.475464e+01  8.192763e-16  7.379385e+00
     vertex -8.471591e+01  2.400000e+00  7.480553e+00
     vertex -8.475464e+01  2.400000e+00  7.379385e+00
   endloop
 endfacet
 facet normal -9.339036e-01  0.000000e+00  3.575250e-01
   outer loop
     vertex -8.475464e+01  8.192763e-16  7.379385e+00
     vertex -8.471591e+01  8.305082e-16  7.480553e+00
     vertex -8.471591e+01  2.400000e+00  7.480553e+00
   endloop
 endfacet
 facet normal -9.432426e-01  0.000000e+00  3.321044e-01
   outer loop
     vertex -8.479061e+01  8.079322e-16  7.277206e+00
     vertex -8.475464e+01  8.192763e-16  7.379385e+00
     vertex -8.475464e+01  2.400000e+00  7.379385e+00
   endloop
 endfacet
 facet normal -9.432426e-01  0.000000e+00  3.321044e-01
   outer loop
     vertex -8.479061e+01  8.079322e-16  7.277206e+00
     vertex -8.475464e+01  2.400000e+00  7.379385e+00
     vertex -8.479061e+01  2.400000e+00  7.277206e+00
   endloop
 endfacet
 facet normal -9.518899e-01  0.000000e+00  3.064401e-01
   outer loop
     vertex -8.482381e+01  7.964840e-16  7.174090e+00
     vertex -8.479061e+01  8.079322e-16  7.277206e+00
     vertex -8.479061e+01  2.400000e+00  7.277206e+00
   endloop
 endfacet
 facet normal -9.518899e-01  0.000000e+00  3.064401e-01
   outer loop
     vertex -8.482381e+01  7.964840e-16  7.174090e+00
     vertex -8.479061e+01  2.400000e+00  7.277206e+00
     vertex -8.482381e+01  2.400000e+00  7.174090e+00
   endloop
 endfacet
 facet normal -9.598391e-01  0.000000e+00  2.805512e-01
   outer loop
     vertex -8.485420e+01  7.849403e-16  7.070113e+00
     vertex -8.482381e+01  7.964840e-16  7.174090e+00
     vertex -8.482381e+01  2.400000e+00  7.174090e+00
   endloop
 endfacet
 facet normal -9.598391e-01  0.000000e+00  2.805512e-01
   outer loop
     vertex -8.485420e+01  7.849403e-16  7.070113e+00
     vertex -8.482381e+01  2.400000e+00  7.174090e+00
     vertex -8.485420e+01  2.400000e+00  7.070113e+00
   endloop
 endfacet
 facet normal -9.670842e-01  0.000000e+00  2.544564e-01
   outer loop
     vertex -8.488176e+01  7.733094e-16  6.965352e+00
     vertex -8.485420e+01  7.849403e-16  7.070113e+00
     vertex -8.485420e+01  2.400000e+00  7.070113e+00
   endloop
 endfacet
 facet normal -9.670842e-01  0.000000e+00  2.544564e-01
   outer loop
     vertex -8.488176e+01  7.733094e-16  6.965352e+00
     vertex -8.485420e+01  2.400000e+00  7.070113e+00
     vertex -8.488176e+01  2.400000e+00  6.965352e+00
   endloop
 endfacet
 facet normal -9.736201e-01  0.000000e+00  2.281751e-01
   outer loop
     vertex -8.490648e+01  7.615999e-16  6.859882e+00
     vertex -8.488176e+01  7.733094e-16  6.965352e+00
     vertex -8.488176e+01  2.400000e+00  6.965352e+00
   endloop
 endfacet
 facet normal -9.736201e-01  0.000000e+00  2.281751e-01
   outer loop
     vertex -8.490648e+01  7.615999e-16  6.859882e+00
     vertex -8.488176e+01  2.400000e+00  6.965352e+00
     vertex -8.490648e+01  2.400000e+00  6.859882e+00
   endloop
 endfacet
 facet normal -9.794419e-01  0.000000e+00  2.017264e-01
   outer loop
     vertex -8.492833e+01  7.498203e-16  6.753781e+00
     vertex -8.490648e+01  7.615999e-16  6.859882e+00
     vertex -8.490648e+01  2.400000e+00  6.859882e+00
   endloop
 endfacet
 facet normal -9.794419e-01  0.000000e+00  2.017264e-01
   outer loop
     vertex -8.492833e+01  7.498203e-16  6.753781e+00
     vertex -8.490648e+01  2.400000e+00  6.859882e+00
     vertex -8.492833e+01  2.400000e+00  6.753781e+00
   endloop
 endfacet
 facet normal -9.845454e-01  0.000000e+00  1.751297e-01
   outer loop
     vertex -8.492833e+01  7.498203e-16  6.753781e+00
     vertex -8.492833e+01  2.400000e+00  6.753781e+00
     vertex -8.494731e+01  2.400000e+00  6.647128e+00
   endloop
 endfacet
 facet normal -9.845454e-01  0.000000e+00  1.751297e-01
   outer loop
     vertex -8.494731e+01  7.379795e-16  6.647128e+00
     vertex -8.492833e+01  7.498203e-16  6.753781e+00
     vertex -8.494731e+01  2.400000e+00  6.647128e+00
   endloop
 endfacet
 facet normal -9.889267e-01  0.000000e+00  1.484046e-01
   outer loop
     vertex -8.496338e+01  7.260859e-16  6.540000e+00
     vertex -8.494731e+01  7.379795e-16  6.647128e+00
     vertex -8.494731e+01  2.400000e+00  6.647128e+00
   endloop
 endfacet
 facet normal -9.889267e-01  0.000000e+00  1.484046e-01
   outer loop
     vertex -8.496338e+01  7.260859e-16  6.540000e+00
     vertex -8.494731e+01  2.400000e+00  6.647128e+00
     vertex -8.496338e+01  2.400000e+00  6.540000e+00
   endloop
 endfacet
 facet normal -9.925828e-01  0.000000e+00  1.215707e-01
   outer loop
     vertex -8.497655e+01  7.141483e-16  6.432476e+00
     vertex -8.496338e+01  7.260859e-16  6.540000e+00
     vertex -8.496338e+01  2.400000e+00  6.540000e+00
   endloop
 endfacet
 facet normal -9.925828e-01  0.000000e+00  1.215707e-01
   outer loop
     vertex -8.497655e+01  7.141483e-16  6.432476e+00
     vertex -8.496338e+01  2.400000e+00  6.540000e+00
     vertex -8.497655e+01  2.400000e+00  6.432476e+00
   endloop
 endfacet
 facet normal -9.955108e-01  0.000000e+00  9.464755e-02
   outer loop
     vertex -8.498680e+01  7.021755e-16  6.324635e+00
     vertex -8.497655e+01  7.141483e-16  6.432476e+00
     vertex -8.497655e+01  2.400000e+00  6.432476e+00
   endloop
 endfacet
 facet normal -9.955108e-01  0.000000e+00  9.464755e-02
   outer loop
     vertex -8.498680e+01  7.021755e-16  6.324635e+00
     vertex -8.497655e+01  2.400000e+00  6.432476e+00
     vertex -8.498680e+01  2.400000e+00  6.324635e+00
   endloop
 endfacet
 facet normal -9.977088e-01  0.000000e+00  6.765502e-02
   outer loop
     vertex -8.498680e+01  7.021755e-16  6.324635e+00
     vertex -8.498680e+01  2.400000e+00  6.324635e+00
     vertex -8.499413e+01  2.400000e+00  6.216556e+00
   endloop
 endfacet
 facet normal -9.977088e-01  0.000000e+00  6.765502e-02
   outer loop
     vertex -8.499413e+01  6.901763e-16  6.216556e+00
     vertex -8.498680e+01  7.021755e-16  6.324635e+00
     vertex -8.499413e+01  2.400000e+00  6.216556e+00
   endloop
 endfacet
 facet normal -9.991750e-01  0.000000e+00  4.061287e-02
   outer loop
     vertex -8.499853e+01  6.781595e-16  6.108318e+00
     vertex -8.499413e+01  6.901763e-16  6.216556e+00
     vertex -8.499413e+01  2.400000e+00  6.216556e+00
   endloop
 endfacet
 facet normal -9.991750e-01  0.000000e+00  4.061287e-02
   outer loop
     vertex -8.499853e+01  6.781595e-16  6.108318e+00
     vertex -8.499413e+01  2.400000e+00  6.216556e+00
     vertex -8.499853e+01  2.400000e+00  6.108318e+00
   endloop
 endfacet
 facet normal -9.999083e-01  0.000000e+00  1.354093e-02
   outer loop
     vertex -8.500000e+01  6.661338e-16  6.000000e+00
     vertex -8.499853e+01  6.781595e-16  6.108318e+00
     vertex -8.499853e+01  2.400000e+00  6.108318e+00
   endloop
 endfacet
 facet normal -9.999083e-01  0.000000e+00  1.354093e-02
   outer loop
     vertex -8.500000e+01  6.661338e-16  6.000000e+00
     vertex -8.499853e+01  2.400000e+00  6.108318e+00
     vertex -8.500000e+01  2.400000e+00  6.000000e+00
   endloop
 endfacet
 facet normal -7.071068e-01  7.071068e-01 -1.570092e-16
   outer loop
     vertex -8.440000e+01  3.000000e+00 -6.000000e+00
     vertex -8.500000e+01  2.400000e+00  6.000000e+00
     vertex -8.440000e+01  3.000000e+00  6.000000e+00
   endloop
 endfacet
 facet normal -7.071068e-01  7.071068e-01  2.126167e-16
   outer loop
     vertex -8.440000e+01  3.000000e+00 -6.000000e+00
     vertex -8.500000e+01  2.400000e+00 -6.000000e+00
     vertex -8.500000e+01  2.400000e+00  6.000000e+00
   endloop
 endfacet
 facet normal  7.071068e-01  7.071068e-01  7.850462e-17
   outer loop
     vertex  8.440000e+01  3.000000e+00  6.000000e+00
     vertex  8.500000e+01  2.400000e+00 -6.000000e+00
     vertex  8.440000e+01  3.000000e+00 -6.000000e+00
   endloop
 endfacet
 facet normal  7.071068e-01  7.071068e-01 -3.161992e-16
   outer loop
     vertex  8.440000e+01  3.000000e+00  6.000000e+00
     vertex  8.500000e+01  2.400000e+00  6.000000e+00
     vertex  8.500000e+01  2.400000e+00 -6.000000e+00
   endloop
 endfacet
 facet normal -9.508848e-03  7.119503e-01  7.021655e-01
   outer loop
     vertex -8.120573e+01  2.600000e+00  9.794427e+00
     vertex -8.110832e+01  2.400000e+00  9.998533e+00
     vertex -8.100000e+01  2.400000e+00  1.000000e+01
   endloop
 endfacet
 facet normal -2.871895e-02  7.070744e-01  7.065558e-01
   outer loop
     vertex -8.120573e+01  2.600000e+00  9.794427e+00
     vertex -8.121656e+01  2.400000e+00  9.994134e+00
     vertex -8.110832e+01  2.400000e+00  9.998533e+00
   endloop
 endfacet
 facet normal -4.784152e-02  7.070744e-01  7.055190e-01
   outer loop
     vertex -8.120573e+01  2.600000e+00  9.794427e+00
     vertex -8.132463e+01  2.400000e+00  9.986805e+00
     vertex -8.121656e+01  2.400000e+00  9.994134e+00
   endloop
 endfacet
 facet normal -6.692899e-02  7.070744e-01  7.039647e-01
   outer loop
     vertex -8.141085e+01  2.600000e+00  9.777724e+00
     vertex -8.143248e+01  2.400000e+00  9.976552e+00
     vertex -8.132463e+01  2.400000e+00  9.986805e+00
   endloop
 endfacet
 facet normal -8.596738e-02  7.070744e-01  7.018942e-01
   outer loop
     vertex -8.141085e+01  2.600000e+00  9.777724e+00
     vertex -8.154000e+01  2.400000e+00  9.963382e+00
     vertex -8.143248e+01  2.400000e+00  9.976552e+00
   endloop
 endfacet
 facet normal -5.718831e-02  7.095574e-01  7.023232e-01
   outer loop
     vertex -8.141085e+01  2.600000e+00  9.777724e+00
     vertex -8.132463e+01  2.400000e+00  9.986805e+00
     vertex -8.120573e+01  2.600000e+00  9.794427e+00
   endloop
 endfacet
 facet normal -1.915153e-02  7.069771e-01  7.069771e-01
   outer loop
     vertex -8.119490e+01  2.800000e+00  9.594720e+00
     vertex -8.100000e+01  2.400000e+00  1.000000e+01
     vertex -8.100000e+01  3.000000e+00  9.400000e+00
   endloop
 endfacet
 facet normal -1.915153e-02  7.069771e-01  7.069771e-01
   outer loop
     vertex -8.119490e+01  2.800000e+00  9.594720e+00
     vertex -8.120573e+01  2.600000e+00  9.794427e+00
     vertex -8.100000e+01  2.400000e+00  1.000000e+01
   endloop
 endfacet
 facet normal -9.638732e-03  7.023601e-01  7.117565e-01
   outer loop
     vertex -8.119490e+01  2.800000e+00  9.594720e+00
     vertex -8.100000e+01  3.000000e+00  9.400000e+00
     vertex -8.109207e+01  3.000000e+00  9.398753e+00
   endloop
 endfacet
 facet normal -2.871895e-02  7.070744e-01  7.065558e-01
   outer loop
     vertex -8.119490e+01  2.800000e+00  9.594720e+00
     vertex -8.109207e+01  3.000000e+00  9.398753e+00
     vertex -8.118407e+01  3.000000e+00  9.395014e+00
   endloop
 endfacet
 facet normal -4.784152e-02  7.070744e-01  7.055190e-01
   outer loop
     vertex -8.119490e+01  2.800000e+00  9.594720e+00
     vertex -8.118407e+01  3.000000e+00  9.395014e+00
     vertex -8.127594e+01  3.000000e+00  9.388784e+00
   endloop
 endfacet
 facet normal -1.049427e-01  7.070744e-01  6.993089e-01
   outer loop
     vertex -8.161477e+01  2.600000e+00  9.749941e+00
     vertex -8.164713e+01  2.400000e+00  9.947306e+00
     vertex -8.154000e+01  2.400000e+00  9.963382e+00
   endloop
 endfacet
 facet normal -1.238411e-01  7.070744e-01  6.962106e-01
   outer loop
     vertex -8.161477e+01  2.600000e+00  9.749941e+00
     vertex -8.175378e+01  2.400000e+00  9.928335e+00
     vertex -8.164713e+01  2.400000e+00  9.947306e+00
   endloop
 endfacet
 facet normal -9.512745e-02  7.095574e-01  6.981971e-01
   outer loop
     vertex -8.161477e+01  2.600000e+00  9.749941e+00
     vertex -8.154000e+01  2.400000e+00  9.963382e+00
     vertex -8.141085e+01  2.600000e+00  9.777724e+00
   endloop
 endfacet
 facet normal -5.739841e-02  7.069771e-01  7.049034e-01
   outer loop
     vertex -8.138923e+01  2.800000e+00  9.578897e+00
     vertex -8.120573e+01  2.600000e+00  9.794427e+00
     vertex -8.119490e+01  2.800000e+00  9.594720e+00
   endloop
 endfacet
 facet normal -5.757760e-02  7.047614e-01  7.071040e-01
   outer loop
     vertex -8.138923e+01  2.800000e+00  9.578897e+00
     vertex -8.119490e+01  2.800000e+00  9.594720e+00
     vertex -8.127594e+01  3.000000e+00  9.388784e+00
   endloop
 endfacet
 facet normal -6.692899e-02  7.070744e-01  7.039647e-01
   outer loop
     vertex -8.138923e+01  2.800000e+00  9.578897e+00
     vertex -8.127594e+01  3.000000e+00  9.388784e+00
     vertex -8.136760e+01  3.000000e+00  9.380069e+00
   endloop
 endfacet
 facet normal -8.596738e-02  7.070744e-01  7.018942e-01
   outer loop
     vertex -8.138923e+01  2.800000e+00  9.578897e+00
     vertex -8.136760e+01  3.000000e+00  9.380069e+00
     vertex -8.145900e+01  3.000000e+00  9.368875e+00
   endloop
 endfacet
 facet normal -5.739841e-02  7.069771e-01  7.049034e-01
   outer loop
     vertex -8.138923e+01  2.800000e+00  9.578897e+00
     vertex -8.141085e+01  2.600000e+00  9.777724e+00
     vertex -8.120573e+01  2.600000e+00  9.794427e+00
   endloop
 endfacet
 facet normal -1.426486e-01  7.070744e-01  6.926018e-01
   outer loop
     vertex -8.181689e+01  2.600000e+00  9.711158e+00
     vertex -8.185988e+01  2.400000e+00  9.906482e+00
     vertex -8.175378e+01  2.400000e+00  9.928335e+00
   endloop
 endfacet
 facet normal -1.613515e-01  7.070744e-01  6.884849e-01
   outer loop
     vertex -8.181689e+01  2.600000e+00  9.711158e+00
     vertex -8.196535e+01  2.400000e+00  9.881765e+00
     vertex -8.185988e+01  2.400000e+00  9.906482e+00
   endloop
 endfacet
 facet normal -1.327876e-01  7.095574e-01  6.920230e-01
   outer loop
     vertex -8.181689e+01  2.600000e+00  9.711158e+00
     vertex -8.175378e+01  2.400000e+00  9.928335e+00
     vertex -8.161477e+01  2.600000e+00  9.749941e+00
   endloop
 endfacet
 facet normal -9.577500e-02  7.047614e-01  7.029498e-01
   outer loop
     vertex -8.158242e+01  2.800000e+00  9.552575e+00
     vertex -8.138923e+01  2.800000e+00  9.578897e+00
     vertex -8.145900e+01  3.000000e+00  9.368875e+00
   endloop
 endfacet
 facet normal -9.547693e-02  7.069771e-01  7.007621e-01
   outer loop
     vertex -8.158242e+01  2.800000e+00  9.552575e+00
     vertex -8.141085e+01  2.600000e+00  9.777724e+00
     vertex -8.138923e+01  2.800000e+00  9.578897e+00
   endloop
 endfacet
 facet normal -1.049427e-01  7.070744e-01  6.993089e-01
   outer loop
     vertex -8.158242e+01  2.800000e+00  9.552575e+00
     vertex -8.145900e+01  3.000000e+00  9.368875e+00
     vertex -8.155006e+01  3.000000e+00  9.355210e+00
   endloop
 endfacet
 facet normal -1.238411e-01  7.070744e-01  6.962106e-01
   outer loop
     vertex -8.158242e+01  2.800000e+00  9.552575e+00
     vertex -8.155006e+01  3.000000e+00  9.355210e+00
     vertex -8.164071e+01  3.000000e+00  9.339085e+00
   endloop
 endfacet
 facet normal -9.547693e-02  7.069771e-01  7.007621e-01
   outer loop
     vertex -8.158242e+01  2.800000e+00  9.552575e+00
     vertex -8.161477e+01  2.600000e+00  9.749941e+00
     vertex -8.141085e+01  2.600000e+00  9.777724e+00
   endloop
 endfacet
 facet normal -1.799361e-01  7.070744e-01  6.838632e-01
   outer loop
     vertex -8.201661e+01  2.600000e+00  9.661490e+00
     vertex -8.207011e+01  2.400000e+00  9.854200e+00
     vertex -8.196535e+01  2.400000e+00  9.881765e+00
   endloop
 endfacet
 facet normal -1.983887e-01  7.070744e-01  6.787398e-01
   outer loop
     vertex -8.201661e+01  2.600000e+00  9.661490e+00
     vertex -8.217409e+01  2.400000e+00  9.823809e+00
     vertex -8.207011e+01  2.400000e+00  9.854200e+00
   endloop
 endfacet
 facet normal -1.700582e-01  7.095574e-01  6.838191e-01
   outer loop
     vertex -8.201661e+01  2.600000e+00  9.661490e+00
     vertex -8.196535e+01  2.400000e+00  9.881765e+00
     vertex -8.181689e+01  2.600000e+00  9.711158e+00
   endloop
 endfacet
 facet normal -1.336915e-01  7.047614e-01  6.967337e-01
   outer loop
     vertex -8.177389e+01  2.800000e+00  9.515834e+00
     vertex -8.158242e+01  2.800000e+00  9.552575e+00
     vertex -8.164071e+01  3.000000e+00  9.339085e+00
   endloop
 endfacet
 facet normal -1.332754e-01  7.069771e-01  6.945654e-01
   outer loop
     vertex -8.177389e+01  2.800000e+00  9.515834e+00
     vertex -8.161477e+01  2.600000e+00  9.749941e+00
     vertex -8.158242e+01  2.800000e+00  9.552575e+00
   endloop
 endfacet
 facet normal -1.426486e-01  7.070744e-01  6.926018e-01
   outer loop
     vertex -8.177389e+01  2.800000e+00  9.515834e+00
     vertex -8.164071e+01  3.000000e+00  9.339085e+00
     vertex -8.173090e+01  3.000000e+00  9.320510e+00
   endloop
 endfacet
 facet normal -1.613515e-01  7.070744e-01  6.884849e-01
   outer loop
     vertex -8.177389e+01  2.800000e+00  9.515834e+00
     vertex -8.173090e+01  3.000000e+00  9.320510e+00
     vertex -8.182055e+01  3.000000e+00  9.299500e+00
   endloop
 endfacet
 facet normal -1.332754e-01  7.069771e-01  6.945654e-01
   outer loop
     vertex -8.177389e+01  2.800000e+00  9.515834e+00
     vertex -8.181689e+01  2.600000e+00  9.711158e+00
     vertex -8.161477e+01  2.600000e+00  9.749941e+00
   endloop
 endfacet
 facet normal -2.166958e-01  7.070744e-01  6.731187e-01
   outer loop
     vertex -8.221335e+01  2.600000e+00  9.601082e+00
     vertex -8.227721e+01  2.400000e+00  9.790613e+00
     vertex -8.217409e+01  2.400000e+00  9.823809e+00
   endloop
 endfacet
 facet normal -2.348440e-01  7.070744e-01  6.670038e-01
   outer loop
     vertex -8.221335e+01  2.600000e+00  9.601082e+00
     vertex -8.237939e+01  2.400000e+00  9.754637e+00
     vertex -8.227721e+01  2.400000e+00  9.790613e+00
   endloop
 endfacet
 facet normal -2.068300e-01  7.095574e-01  6.736095e-01
   outer loop
     vertex -8.221335e+01  2.600000e+00  9.601082e+00
     vertex -8.217409e+01  2.400000e+00  9.823809e+00
     vertex -8.201661e+01  2.600000e+00  9.661490e+00
   endloop
 endfacet
 facet normal -1.712158e-01  7.047614e-01  6.884740e-01
   outer loop
     vertex -8.196310e+01  2.800000e+00  9.468780e+00
     vertex -8.177389e+01  2.800000e+00  9.515834e+00
     vertex -8.182055e+01  3.000000e+00  9.299500e+00
   endloop
 endfacet
 facet normal -1.706830e-01  7.069771e-01  6.863313e-01
   outer loop
     vertex -8.196310e+01  2.800000e+00  9.468780e+00
     vertex -8.201661e+01  2.600000e+00  9.661490e+00
     vertex -8.181689e+01  2.600000e+00  9.711158e+00
   endloop
 endfacet
 facet normal -1.799361e-01  7.070744e-01  6.838632e-01
   outer loop
     vertex -8.196310e+01  2.800000e+00  9.468780e+00
     vertex -8.182055e+01  3.000000e+00  9.299500e+00
     vertex -8.190960e+01  3.000000e+00  9.276070e+00
   endloop
 endfacet
 facet normal -1.983887e-01  7.070744e-01  6.787398e-01
   outer loop
     vertex -8.196310e+01  2.800000e+00  9.468780e+00
     vertex -8.190960e+01  3.000000e+00  9.276070e+00
     vertex -8.199798e+01  3.000000e+00  9.250237e+00
   endloop
 endfacet
 facet normal -1.706830e-01  7.069771e-01  6.863313e-01
   outer loop
     vertex -8.196310e+01  2.800000e+00  9.468780e+00
     vertex -8.181689e+01  2.600000e+00  9.711158e+00
     vertex -8.177389e+01  2.800000e+00  9.515834e+00
   endloop
 endfacet
 facet normal -2.528199e-01  7.070744e-01  6.603998e-01
   outer loop
     vertex -8.240652e+01  2.600000e+00  9.530112e+00
     vertex -8.248055e+01  2.400000e+00  9.715907e+00
     vertex -8.237939e+01  2.400000e+00  9.754637e+00
   endloop
 endfacet
 facet normal -2.429951e-01  7.095574e-01  6.614240e-01
   outer loop
     vertex -8.240652e+01  2.600000e+00  9.530112e+00
     vertex -8.237939e+01  2.400000e+00  9.754637e+00
     vertex -8.221335e+01  2.600000e+00  9.601082e+00
   endloop
 endfacet
 facet normal -2.706105e-01  7.070744e-01  6.533114e-01
   outer loop
     vertex -8.240652e+01  2.600000e+00  9.530112e+00
     vertex -8.258063e+01  2.400000e+00  9.674452e+00
     vertex -8.248055e+01  2.400000e+00  9.715907e+00
   endloop
 endfacet
 facet normal -2.075899e-01  7.069771e-01  6.760842e-01
   outer loop
     vertex -8.214949e+01  2.800000e+00  9.411551e+00
     vertex -8.201661e+01  2.600000e+00  9.661490e+00
     vertex -8.196310e+01  2.800000e+00  9.468780e+00
   endloop
 endfacet
 facet normal -2.075899e-01  7.069771e-01  6.760842e-01
   outer loop
     vertex -8.214949e+01  2.800000e+00  9.411551e+00
     vertex -8.221335e+01  2.600000e+00  9.601082e+00
     vertex -8.201661e+01  2.600000e+00  9.661490e+00
   endloop
 endfacet
 facet normal -2.082379e-01  7.047614e-01  6.781949e-01
   outer loop
     vertex -8.214949e+01  2.800000e+00  9.411551e+00
     vertex -8.196310e+01  2.800000e+00  9.468780e+00
     vertex -8.199798e+01  3.000000e+00  9.250237e+00
   endloop
 endfacet
 facet normal -2.166958e-01  7.070744e-01  6.731187e-01
   outer loop
     vertex -8.214949e+01  2.800000e+00  9.411551e+00
     vertex -8.199798e+01  3.000000e+00  9.250237e+00
     vertex -8.208563e+01  3.000000e+00  9.222021e+00
   endloop
 endfacet
 facet normal -2.348440e-01  7.070744e-01  6.670038e-01
   outer loop
     vertex -8.214949e+01  2.800000e+00  9.411551e+00
     vertex -8.208563e+01  3.000000e+00  9.222021e+00
     vertex -8.217248e+01  3.000000e+00  9.191441e+00
   endloop
 endfacet
 facet normal -2.882025e-01  7.070744e-01  6.457439e-01
   outer loop
     vertex -8.259558e+01  2.600000e+00  9.448787e+00
     vertex -8.267956e+01  2.400000e+00  9.630302e+00
     vertex -8.258063e+01  2.400000e+00  9.674452e+00
   endloop
 endfacet
 facet normal -3.055831e-01  7.070744e-01  6.377027e-01
   outer loop
     vertex -8.259558e+01  2.600000e+00  9.448787e+00
     vertex -8.277725e+01  2.400000e+00  9.583489e+00
     vertex -8.267956e+01  2.400000e+00  9.630302e+00
   endloop
 endfacet
 facet normal -2.784475e-01  7.095574e-01  6.472985e-01
   outer loop
     vertex -8.259558e+01  2.600000e+00  9.448787e+00
     vertex -8.258063e+01  2.400000e+00  9.674452e+00
     vertex -8.240652e+01  2.600000e+00  9.530112e+00
   endloop
 endfacet
 facet normal -2.438879e-01  7.069771e-01  6.638540e-01
   outer loop
     vertex -8.233250e+01  2.800000e+00  9.344316e+00
     vertex -8.221335e+01  2.600000e+00  9.601082e+00
     vertex -8.214949e+01  2.800000e+00  9.411551e+00
   endloop
 endfacet
 facet normal -2.438879e-01  7.069771e-01  6.638540e-01
   outer loop
     vertex -8.233250e+01  2.800000e+00  9.344316e+00
     vertex -8.240652e+01  2.600000e+00  9.530112e+00
     vertex -8.221335e+01  2.600000e+00  9.601082e+00
   endloop
 endfacet
 facet normal -2.446493e-01  7.047614e-01  6.659265e-01
   outer loop
     vertex -8.233250e+01  2.800000e+00  9.344316e+00
     vertex -8.214949e+01  2.800000e+00  9.411551e+00
     vertex -8.217248e+01  3.000000e+00  9.191441e+00
   endloop
 endfacet
 facet normal -2.528199e-01  7.070744e-01  6.603998e-01
   outer loop
     vertex -8.233250e+01  2.800000e+00  9.344316e+00
     vertex -8.217248e+01  3.000000e+00  9.191441e+00
     vertex -8.225847e+01  3.000000e+00  9.158521e+00
   endloop
 endfacet
 facet normal -2.706105e-01  7.070744e-01  6.533114e-01
   outer loop
     vertex -8.233250e+01  2.800000e+00  9.344316e+00
     vertex -8.225847e+01  3.000000e+00  9.158521e+00
     vertex -8.234354e+01  3.000000e+00  9.123284e+00
   endloop
 endfacet
 facet normal -3.227397e-01  7.070744e-01  6.291939e-01
   outer loop
     vertex -8.277995e+01  2.600000e+00  9.357346e+00
     vertex -8.287363e+01  2.400000e+00  9.534048e+00
     vertex -8.277725e+01  2.400000e+00  9.583489e+00
   endloop
 endfacet
 facet normal -3.396595e-01  7.070744e-01  6.202236e-01
   outer loop
     vertex -8.277995e+01  2.600000e+00  9.357346e+00
     vertex -8.296865e+01  2.400000e+00  9.482015e+00
     vertex -8.287363e+01  2.400000e+00  9.534048e+00
   endloop
 endfacet
 facet normal -3.130832e-01  7.095574e-01  6.312743e-01
   outer loop
     vertex -8.277995e+01  2.600000e+00  9.357346e+00
     vertex -8.277725e+01  2.400000e+00  9.583489e+00
     vertex -8.259558e+01  2.600000e+00  9.448787e+00
   endloop
 endfacet
 facet normal -2.803430e-01  7.047614e-01  6.517048e-01
   outer loop
     vertex -8.251160e+01  2.800000e+00  9.267272e+00
     vertex -8.233250e+01  2.800000e+00  9.344316e+00
     vertex -8.234354e+01  3.000000e+00  9.123284e+00
   endloop
 endfacet
 facet normal -2.882025e-01  7.070744e-01  6.457439e-01
   outer loop
     vertex -8.251160e+01  2.800000e+00  9.267272e+00
     vertex -8.234354e+01  3.000000e+00  9.123284e+00
     vertex -8.242762e+01  3.000000e+00  9.085756e+00
   endloop
 endfacet
 facet normal -3.055831e-01  7.070744e-01  6.377027e-01
   outer loop
     vertex -8.251160e+01  2.800000e+00  9.267272e+00
     vertex -8.242762e+01  3.000000e+00  9.085756e+00
     vertex -8.251066e+01  3.000000e+00  9.045966e+00
   endloop
 endfacet
 facet normal -2.794705e-01  7.069771e-01  6.496765e-01
   outer loop
     vertex -8.251160e+01  2.800000e+00  9.267272e+00
     vertex -8.259558e+01  2.600000e+00  9.448787e+00
     vertex -8.240652e+01  2.600000e+00  9.530112e+00
   endloop
 endfacet
 facet normal -2.794705e-01  7.069771e-01  6.496765e-01
   outer loop
     vertex -8.251160e+01  2.800000e+00  9.267272e+00
     vertex -8.240652e+01  2.600000e+00  9.530112e+00
     vertex -8.233250e+01  2.800000e+00  9.344316e+00
   endloop
 endfacet
 facet normal -3.563302e-01  7.070744e-01  6.107983e-01
   outer loop
     vertex -8.295910e+01  2.600000e+00  9.256057e+00
     vertex -8.306222e+01  2.400000e+00  9.427429e+00
     vertex -8.296865e+01  2.400000e+00  9.482015e+00
   endloop
 endfacet
 facet normal -3.727396e-01  7.070744e-01  6.009251e-01
   outer loop
     vertex -8.295910e+01  2.600000e+00  9.256057e+00
     vertex -8.315427e+01  2.400000e+00  9.370328e+00
     vertex -8.306222e+01  2.400000e+00  9.427429e+00
   endloop
 endfacet
 facet normal -3.468006e-01  7.095574e-01  6.133985e-01
   outer loop
     vertex -8.295910e+01  2.600000e+00  9.256057e+00
     vertex -8.296865e+01  2.400000e+00  9.482015e+00
     vertex -8.277995e+01  2.600000e+00  9.357346e+00
   endloop
 endfacet
 facet normal -3.480746e-01  7.069771e-01  6.156520e-01
   outer loop
     vertex -8.268627e+01  2.800000e+00  9.180643e+00
     vertex -8.295910e+01  2.600000e+00  9.256057e+00
     vertex -8.277995e+01  2.600000e+00  9.357346e+00
   endloop
 endfacet
 facet normal -3.152144e-01  7.047614e-01  6.355715e-01
   outer loop
     vertex -8.268627e+01  2.800000e+00  9.180643e+00
     vertex -8.251160e+01  2.800000e+00  9.267272e+00
     vertex -8.251066e+01  3.000000e+00  9.045966e+00
   endloop
 endfacet
 facet normal -3.142334e-01  7.069771e-01  6.335935e-01
   outer loop
     vertex -8.268627e+01  2.800000e+00  9.180643e+00
     vertex -8.277995e+01  2.600000e+00  9.357346e+00
     vertex -8.259558e+01  2.600000e+00  9.448787e+00
   endloop
 endfacet
 facet normal -3.227397e-01  7.070744e-01  6.291939e-01
   outer loop
     vertex -8.268627e+01  2.800000e+00  9.180643e+00
     vertex -8.251066e+01  3.000000e+00  9.045966e+00
     vertex -8.259259e+01  3.000000e+00  9.003941e+00
   endloop
 endfacet
 facet normal -3.396595e-01  7.070744e-01  6.202236e-01
   outer loop
     vertex -8.268627e+01  2.800000e+00  9.180643e+00
     vertex -8.259259e+01  3.000000e+00  9.003941e+00
     vertex -8.267335e+01  3.000000e+00  8.959713e+00
   endloop
 endfacet
 facet normal -3.142334e-01  7.069771e-01  6.335935e-01
   outer loop
     vertex -8.268627e+01  2.800000e+00  9.180643e+00
     vertex -8.259558e+01  2.600000e+00  9.448787e+00
     vertex -8.251160e+01  2.800000e+00  9.267272e+00
   endloop
 endfacet
 facet normal -3.888756e-01  7.070744e-01  5.906112e-01
   outer loop
     vertex -8.313251e+01  2.600000e+00  9.145218e+00
     vertex -8.324475e+01  2.400000e+00  9.310756e+00
     vertex -8.315427e+01  2.400000e+00  9.370328e+00
   endloop
 endfacet
 facet normal -4.047264e-01  7.070744e-01  5.798641e-01
   outer loop
     vertex -8.313251e+01  2.600000e+00  9.145218e+00
     vertex -8.333358e+01  2.400000e+00  9.248755e+00
     vertex -8.324475e+01  2.400000e+00  9.310756e+00
   endloop
 endfacet
 facet normal -3.795007e-01  7.095574e-01  5.937235e-01
   outer loop
     vertex -8.313251e+01  2.600000e+00  9.145218e+00
     vertex -8.315427e+01  2.400000e+00  9.370328e+00
     vertex -8.295910e+01  2.600000e+00  9.256057e+00
   endloop
 endfacet
 facet normal -3.808949e-01  7.069771e-01  5.959048e-01
   outer loop
     vertex -8.285599e+01  2.800000e+00  9.084686e+00
     vertex -8.313251e+01  2.600000e+00  9.145218e+00
     vertex -8.295910e+01  2.600000e+00  9.256057e+00
   endloop
 endfacet
 facet normal -3.491613e-01  7.047614e-01  6.175740e-01
   outer loop
     vertex -8.285599e+01  2.800000e+00  9.084686e+00
     vertex -8.268627e+01  2.800000e+00  9.180643e+00
     vertex -8.267335e+01  3.000000e+00  8.959713e+00
   endloop
 endfacet
 facet normal -3.480746e-01  7.069771e-01  6.156520e-01
   outer loop
     vertex -8.285599e+01  2.800000e+00  9.084686e+00
     vertex -8.295910e+01  2.600000e+00  9.256057e+00
     vertex -8.268627e+01  2.800000e+00  9.180643e+00
   endloop
 endfacet
 facet normal -3.563302e-01  7.070744e-01  6.107983e-01
   outer loop
     vertex -8.285599e+01  2.800000e+00  9.084686e+00
     vertex -8.267335e+01  3.000000e+00  8.959713e+00
     vertex -8.275288e+01  3.000000e+00  8.913314e+00
   endloop
 endfacet
 facet normal -3.727396e-01  7.070744e-01  6.009251e-01
   outer loop
     vertex -8.285599e+01  2.800000e+00  9.084686e+00
     vertex -8.275288e+01  3.000000e+00  8.913314e+00
     vertex -8.283113e+01  3.000000e+00  8.864779e+00
   endloop
 endfacet
 facet normal -4.202803e-01  7.070744e-01  5.686917e-01
   outer loop
     vertex -8.329966e+01  2.600000e+00  9.025154e+00
     vertex -8.342070e+01  2.400000e+00  9.184372e+00
     vertex -8.333358e+01  2.400000e+00  9.248755e+00
   endloop
 endfacet
 facet normal -4.355260e-01  7.070744e-01  5.571023e-01
   outer loop
     vertex -8.329966e+01  2.600000e+00  9.025154e+00
     vertex -8.350604e+01  2.400000e+00  9.117654e+00
     vertex -8.342070e+01  2.400000e+00  9.184372e+00
   endloop
 endfacet
 facet normal -4.110876e-01  7.095574e-01  5.723070e-01
   outer loop
     vertex -8.329966e+01  2.600000e+00  9.025154e+00
     vertex -8.333358e+01  2.400000e+00  9.248755e+00
     vertex -8.313251e+01  2.600000e+00  9.145218e+00
   endloop
 endfacet
 facet normal -3.808949e-01  7.069771e-01  5.959048e-01
   outer loop
     vertex -8.302027e+01  2.800000e+00  8.979680e+00
     vertex -8.313251e+01  2.600000e+00  9.145218e+00
     vertex -8.285599e+01  2.800000e+00  9.084686e+00
   endloop
 endfacet
 facet normal -3.820840e-01  7.047614e-01  5.977651e-01
   outer loop
     vertex -8.302027e+01  2.800000e+00  8.979680e+00
     vertex -8.285599e+01  2.800000e+00  9.084686e+00
     vertex -8.283113e+01  3.000000e+00  8.864779e+00
   endloop
 endfacet
 facet normal -3.888756e-01  7.070744e-01  5.906112e-01
   outer loop
     vertex -8.302027e+01  2.800000e+00  8.979680e+00
     vertex -8.283113e+01  3.000000e+00  8.864779e+00
     vertex -8.290804e+01  3.000000e+00  8.814143e+00
   endloop
 endfacet
 facet normal -4.047264e-01  7.070744e-01  5.798641e-01
   outer loop
     vertex -8.302027e+01  2.800000e+00  8.979680e+00
     vertex -8.290804e+01  3.000000e+00  8.814143e+00
     vertex -8.298354e+01  3.000000e+00  8.761442e+00
   endloop
 endfacet
 facet normal -4.414688e-01  7.095574e-01  5.492118e-01
   outer loop
     vertex -8.346007e+01  2.600000e+00  8.896216e+00
     vertex -8.350604e+01  2.400000e+00  9.117654e+00
     vertex -8.329966e+01  2.600000e+00  9.025154e+00
   endloop
 endfacet
 facet normal -4.504523e-01  7.070744e-01  5.451042e-01
   outer loop
     vertex -8.346007e+01  2.600000e+00  8.896216e+00
     vertex -8.358955e+01  2.400000e+00  9.048648e+00
     vertex -8.350604e+01  2.400000e+00  9.117654e+00
   endloop
 endfacet
 facet normal -4.650482e-01  7.070744e-01  5.327063e-01
   outer loop
     vertex -8.346007e+01  2.600000e+00  8.896216e+00
     vertex -8.367115e+01  2.400000e+00  8.977407e+00
     vertex -8.358955e+01  2.400000e+00  9.048648e+00
   endloop
 endfacet
 facet normal -4.138860e-01  7.047614e-01  5.762028e-01
   outer loop
     vertex -8.317863e+01  2.800000e+00  8.865935e+00
     vertex -8.302027e+01  2.800000e+00  8.979680e+00
     vertex -8.298354e+01  3.000000e+00  8.761442e+00
   endloop
 endfacet
 facet normal -4.125979e-01  7.069771e-01  5.744096e-01
   outer loop
     vertex -8.317863e+01  2.800000e+00  8.865935e+00
     vertex -8.329966e+01  2.600000e+00  9.025154e+00
     vertex -8.313251e+01  2.600000e+00  9.145218e+00
   endloop
 endfacet
 facet normal -4.202803e-01  7.070744e-01  5.686917e-01
   outer loop
     vertex -8.317863e+01  2.800000e+00  8.865935e+00
     vertex -8.298354e+01  3.000000e+00  8.761442e+00
     vertex -8.305759e+01  3.000000e+00  8.706716e+00
   endloop
 endfacet
 facet normal -4.355260e-01  7.070744e-01  5.571023e-01
   outer loop
     vertex -8.317863e+01  2.800000e+00  8.865935e+00
     vertex -8.305759e+01  3.000000e+00  8.706716e+00
     vertex -8.313013e+01  3.000000e+00  8.650005e+00
   endloop
 endfacet
 facet normal -4.125979e-01  7.069771e-01  5.744096e-01
   outer loop
     vertex -8.317863e+01  2.800000e+00  8.865935e+00
     vertex -8.313251e+01  2.600000e+00  9.145218e+00
     vertex -8.302027e+01  2.800000e+00  8.979680e+00
   endloop
 endfacet
 facet normal -4.793030e-01  7.070744e-01  5.199177e-01
   outer loop
     vertex -8.361326e+01  2.600000e+00  8.758783e+00
     vertex -8.375080e+01  2.400000e+00  8.903982e+00
     vertex -8.367115e+01  2.400000e+00  8.977407e+00
   endloop
 endfacet
 facet normal -4.932063e-01  7.070744e-01  5.067479e-01
   outer loop
     vertex -8.361326e+01  2.600000e+00  8.758783e+00
     vertex -8.382843e+01  2.400000e+00  8.828427e+00
     vertex -8.375080e+01  2.400000e+00  8.903982e+00
   endloop
 endfacet
 facet normal -4.705551e-01  7.095574e-01  5.245057e-01
   outer loop
     vertex -8.361326e+01  2.600000e+00  8.758783e+00
     vertex -8.367115e+01  2.400000e+00  8.977407e+00
     vertex -8.346007e+01  2.600000e+00  8.896216e+00
   endloop
 endfacet
 facet normal -4.444740e-01  7.047614e-01  5.529504e-01
   outer loop
     vertex -8.333059e+01  2.800000e+00  8.743783e+00
     vertex -8.317863e+01  2.800000e+00  8.865935e+00
     vertex -8.313013e+01  3.000000e+00  8.650005e+00
   endloop
 endfacet
 facet normal -4.430907e-01  7.069771e-01  5.512296e-01
   outer loop
     vertex -8.333059e+01  2.800000e+00  8.743783e+00
     vertex -8.346007e+01  2.600000e+00  8.896216e+00
     vertex -8.329966e+01  2.600000e+00  9.025154e+00
   endloop
 endfacet
 facet normal -4.430907e-01  7.069771e-01  5.512296e-01
   outer loop
     vertex -8.333059e+01  2.800000e+00  8.743783e+00
     vertex -8.329966e+01  2.600000e+00  9.025154e+00
     vertex -8.317863e+01  2.800000e+00  8.865935e+00
   endloop
 endfacet
 facet normal -4.504523e-01  7.070744e-01  5.451042e-01
   outer loop
     vertex -8.333059e+01  2.800000e+00  8.743783e+00
     vertex -8.313013e+01  3.000000e+00  8.650005e+00
     vertex -8.320111e+01  3.000000e+00  8.591351e+00
   endloop
 endfacet
 facet normal -4.650482e-01  7.070744e-01  5.327063e-01
   outer loop
     vertex -8.333059e+01  2.800000e+00  8.743783e+00
     vertex -8.320111e+01  3.000000e+00  8.591351e+00
     vertex -8.327048e+01  3.000000e+00  8.530796e+00
   endloop
 endfacet
 facet normal -5.067479e-01  7.070744e-01  4.932063e-01
   outer loop
     vertex -8.375878e+01  2.600000e+00  8.613258e+00
     vertex -8.390398e+01  2.400000e+00  8.750798e+00
     vertex -8.382843e+01  2.400000e+00  8.828427e+00
   endloop
 endfacet
 facet normal -5.199177e-01  7.070744e-01  4.793030e-01
   outer loop
     vertex -8.375878e+01  2.600000e+00  8.613258e+00
     vertex -8.397741e+01  2.400000e+00  8.671151e+00
     vertex -8.390398e+01  2.400000e+00  8.750798e+00
   endloop
 endfacet
 facet normal -4.982612e-01  7.095574e-01  4.982612e-01
   outer loop
     vertex -8.375878e+01  2.600000e+00  8.613258e+00
     vertex -8.382843e+01  2.400000e+00  8.828427e+00
     vertex -8.361326e+01  2.600000e+00  8.758783e+00
   endloop
 endfacet
 facet normal -4.737583e-01  7.047614e-01  5.280762e-01
   outer loop
     vertex -8.347572e+01  2.800000e+00  8.613584e+00
     vertex -8.333059e+01  2.800000e+00  8.743783e+00
     vertex -8.327048e+01  3.000000e+00  8.530796e+00
   endloop
 endfacet
 facet normal -5.000917e-01  7.069771e-01  5.000917e-01
   outer loop
     vertex -8.347572e+01  2.800000e+00  8.613584e+00
     vertex -8.375878e+01  2.600000e+00  8.613258e+00
     vertex -8.361326e+01  2.600000e+00  8.758783e+00
   endloop
 endfacet
 facet normal -4.722838e-01  7.069771e-01  5.264327e-01
   outer loop
     vertex -8.347572e+01  2.800000e+00  8.613584e+00
     vertex -8.361326e+01  2.600000e+00  8.758783e+00
     vertex -8.346007e+01  2.600000e+00  8.896216e+00
   endloop
 endfacet
 facet normal -4.793030e-01  7.070744e-01  5.199177e-01
   outer loop
     vertex -8.347572e+01  2.800000e+00  8.613584e+00
     vertex -8.327048e+01  3.000000e+00  8.530796e+00
     vertex -8.333818e+01  3.000000e+00  8.468385e+00
   endloop
 endfacet
 facet normal -4.932063e-01  7.070744e-01  5.067479e-01
   outer loop
     vertex -8.347572e+01  2.800000e+00  8.613584e+00
     vertex -8.333818e+01  3.000000e+00  8.468385e+00
     vertex -8.340416e+01  3.000000e+00  8.404163e+00
   endloop
 endfacet
 facet normal -4.722838e-01  7.069771e-01  5.264327e-01
   outer loop
     vertex -8.347572e+01  2.800000e+00  8.613584e+00
     vertex -8.346007e+01  2.600000e+00  8.896216e+00
     vertex -8.333059e+01  2.800000e+00  8.743783e+00
   endloop
 endfacet
 facet normal -5.327063e-01  7.070744e-01  4.650482e-01
   outer loop
     vertex -8.389622e+01  2.600000e+00  8.460068e+00
     vertex -8.404865e+01  2.400000e+00  8.589545e+00
     vertex -8.397741e+01  2.400000e+00  8.671151e+00
   endloop
 endfacet
 facet normal -5.451042e-01  7.070744e-01  4.504523e-01
   outer loop
     vertex -8.389622e+01  2.600000e+00  8.460068e+00
     vertex -8.411765e+01  2.400000e+00  8.506040e+00
     vertex -8.404865e+01  2.400000e+00  8.589545e+00
   endloop
 endfacet
 facet normal -5.245057e-01  7.095574e-01  4.705551e-01
   outer loop
     vertex -8.389622e+01  2.600000e+00  8.460068e+00
     vertex -8.397741e+01  2.400000e+00  8.671151e+00
     vertex -8.375878e+01  2.600000e+00  8.613258e+00
   endloop
 endfacet
 facet normal -5.000917e-01  7.069771e-01  5.000917e-01
   outer loop
     vertex -8.361358e+01  2.800000e+00  8.475718e+00
     vertex -8.375878e+01  2.600000e+00  8.613258e+00
     vertex -8.347572e+01  2.800000e+00  8.613584e+00
   endloop
 endfacet
 facet normal -5.016529e-01  7.047614e-01  5.016529e-01
   outer loop
     vertex -8.361358e+01  2.800000e+00  8.475718e+00
     vertex -8.347572e+01  2.800000e+00  8.613584e+00
     vertex -8.340416e+01  3.000000e+00  8.404163e+00
   endloop
 endfacet
 facet normal -5.264327e-01  7.069771e-01  4.722838e-01
   outer loop
     vertex -8.361358e+01  2.800000e+00  8.475718e+00
     vertex -8.389622e+01  2.600000e+00  8.460068e+00
     vertex -8.375878e+01  2.600000e+00  8.613258e+00
   endloop
 endfacet
 facet normal -5.067479e-01  7.070744e-01  4.932063e-01
   outer loop
     vertex -8.361358e+01  2.800000e+00  8.475718e+00
     vertex -8.340416e+01  3.000000e+00  8.404163e+00
     vertex -8.346838e+01  3.000000e+00  8.338178e+00
   endloop
 endfacet
 facet normal -5.199177e-01  7.070744e-01  4.793030e-01
   outer loop
     vertex -8.361358e+01  2.800000e+00  8.475718e+00
     vertex -8.346838e+01  3.000000e+00  8.338178e+00
     vertex -8.353080e+01  3.000000e+00  8.270478e+00
   endloop
 endfacet
 facet normal -5.571023e-01  7.070744e-01  4.355260e-01
   outer loop
     vertex -8.402515e+01  2.600000e+00  8.299662e+00
     vertex -8.418437e+01  2.400000e+00  8.420697e+00
     vertex -8.411765e+01  2.400000e+00  8.506040e+00
   endloop
 endfacet
 facet normal -5.686917e-01  7.070744e-01  4.202803e-01
   outer loop
     vertex -8.402515e+01  2.600000e+00  8.299662e+00
     vertex -8.424876e+01  2.400000e+00  8.333578e+00
     vertex -8.418437e+01  2.400000e+00  8.420697e+00
   endloop
 endfacet
 facet normal -5.492118e-01  7.095574e-01  4.414688e-01
   outer loop
     vertex -8.402515e+01  2.600000e+00  8.299662e+00
     vertex -8.411765e+01  2.400000e+00  8.506040e+00
     vertex -8.389622e+01  2.600000e+00  8.460068e+00
   endloop
 endfacet
 facet normal -5.264327e-01  7.069771e-01  4.722838e-01
   outer loop
     vertex -8.374378e+01  2.800000e+00  8.330591e+00
     vertex -8.389622e+01  2.600000e+00  8.460068e+00
     vertex -8.361358e+01  2.800000e+00  8.475718e+00
   endloop
 endfacet
 facet normal -5.280762e-01  7.047614e-01  4.737583e-01
   outer loop
     vertex -8.374378e+01  2.800000e+00  8.330591e+00
     vertex -8.361358e+01  2.800000e+00  8.475718e+00
     vertex -8.353080e+01  3.000000e+00  8.270478e+00
   endloop
 endfacet
 facet normal -5.327063e-01  7.070744e-01  4.650482e-01
   outer loop
     vertex -8.374378e+01  2.800000e+00  8.330591e+00
     vertex -8.353080e+01  3.000000e+00  8.270478e+00
     vertex -8.359135e+01  3.000000e+00  8.201113e+00
   endloop
 endfacet
 facet normal -5.451042e-01  7.070744e-01  4.504523e-01
   outer loop
     vertex -8.374378e+01  2.800000e+00  8.330591e+00
     vertex -8.359135e+01  3.000000e+00  8.201113e+00
     vertex -8.365001e+01  3.000000e+00  8.130134e+00
   endloop
 endfacet
 facet normal -5.723070e-01  7.095574e-01  4.110876e-01
   outer loop
     vertex -8.414522e+01  2.600000e+00  8.132511e+00
     vertex -8.424876e+01  2.400000e+00  8.333578e+00
     vertex -8.402515e+01  2.600000e+00  8.299662e+00
   endloop
 endfacet
 facet normal -5.798641e-01  7.070744e-01  4.047264e-01
   outer loop
     vertex -8.414522e+01  2.600000e+00  8.132511e+00
     vertex -8.431076e+01  2.400000e+00  8.244748e+00
     vertex -8.424876e+01  2.400000e+00  8.333578e+00
   endloop
 endfacet
 facet normal -5.906112e-01  7.070744e-01  3.888756e-01
   outer loop
     vertex -8.414522e+01  2.600000e+00  8.132511e+00
     vertex -8.437033e+01  2.400000e+00  8.154272e+00
     vertex -8.431076e+01  2.400000e+00  8.244748e+00
   endloop
 endfacet
 facet normal -5.512296e-01  7.069771e-01  4.430907e-01
   outer loop
     vertex -8.386594e+01  2.800000e+00  8.178627e+00
     vertex -8.389622e+01  2.600000e+00  8.460068e+00
     vertex -8.374378e+01  2.800000e+00  8.330591e+00
   endloop
 endfacet
 facet normal -5.529504e-01  7.047614e-01  4.444740e-01
   outer loop
     vertex -8.386594e+01  2.800000e+00  8.178627e+00
     vertex -8.374378e+01  2.800000e+00  8.330591e+00
     vertex -8.365001e+01  3.000000e+00  8.130134e+00
   endloop
 endfacet
 facet normal -5.512296e-01  7.069771e-01  4.430907e-01
   outer loop
     vertex -8.386594e+01  2.800000e+00  8.178627e+00
     vertex -8.402515e+01  2.600000e+00  8.299662e+00
     vertex -8.389622e+01  2.600000e+00  8.460068e+00
   endloop
 endfacet
 facet normal -5.571023e-01  7.070744e-01  4.355260e-01
   outer loop
     vertex -8.386594e+01  2.800000e+00  8.178627e+00
     vertex -8.365001e+01  3.000000e+00  8.130134e+00
     vertex -8.370672e+01  3.000000e+00  8.057592e+00
   endloop
 endfacet
 facet normal -5.686917e-01  7.070744e-01  4.202803e-01
   outer loop
     vertex -8.386594e+01  2.800000e+00  8.178627e+00
     vertex -8.370672e+01  3.000000e+00  8.057592e+00
     vertex -8.376144e+01  3.000000e+00  7.983542e+00
   endloop
 endfacet
 facet normal -5.937235e-01  7.095574e-01  3.795007e-01
   outer loop
     vertex -8.425606e+01  2.600000e+00  7.959105e+00
     vertex -8.437033e+01  2.400000e+00  8.154272e+00
     vertex -8.414522e+01  2.600000e+00  8.132511e+00
   endloop
 endfacet
 facet normal -6.009251e-01  7.070744e-01  3.727396e-01
   outer loop
     vertex -8.425606e+01  2.600000e+00  7.959105e+00
     vertex -8.442743e+01  2.400000e+00  8.062215e+00
     vertex -8.437033e+01  2.400000e+00  8.154272e+00
   endloop
 endfacet
 facet normal -6.107983e-01  7.070744e-01  3.563302e-01
   outer loop
     vertex -8.425606e+01  2.600000e+00  7.959105e+00
     vertex -8.448202e+01  2.400000e+00  7.968647e+00
     vertex -8.442743e+01  2.400000e+00  8.062215e+00
   endloop
 endfacet
 facet normal -5.744096e-01  7.069771e-01  4.125979e-01
   outer loop
     vertex -8.397968e+01  2.800000e+00  8.020273e+00
     vertex -8.402515e+01  2.600000e+00  8.299662e+00
     vertex -8.386594e+01  2.800000e+00  8.178627e+00
   endloop
 endfacet
 facet normal -5.744096e-01  7.069771e-01  4.125979e-01
   outer loop
     vertex -8.397968e+01  2.800000e+00  8.020273e+00
     vertex -8.414522e+01  2.600000e+00  8.132511e+00
     vertex -8.402515e+01  2.600000e+00  8.299662e+00
   endloop
 endfacet
 facet normal -5.762028e-01  7.047614e-01  4.138860e-01
   outer loop
     vertex -8.397968e+01  2.800000e+00  8.020273e+00
     vertex -8.386594e+01  2.800000e+00  8.178627e+00
     vertex -8.376144e+01  3.000000e+00  7.983542e+00
   endloop
 endfacet
 facet normal -5.798641e-01  7.070744e-01  4.047264e-01
   outer loop
     vertex -8.397968e+01  2.800000e+00  8.020273e+00
     vertex -8.376144e+01  3.000000e+00  7.983542e+00
     vertex -8.381414e+01  3.000000e+00  7.908036e+00
   endloop
 endfacet
 facet normal -5.906112e-01  7.070744e-01  3.888756e-01
   outer loop
     vertex -8.397968e+01  2.800000e+00  8.020273e+00
     vertex -8.381414e+01  3.000000e+00  7.908036e+00
     vertex -8.386478e+01  3.000000e+00  7.831131e+00
   endloop
 endfacet
 facet normal -6.133985e-01  7.095574e-01  3.468006e-01
   outer loop
     vertex -8.435735e+01  2.600000e+00  7.779952e+00
     vertex -8.448202e+01  2.400000e+00  7.968647e+00
     vertex -8.425606e+01  2.600000e+00  7.959105e+00
   endloop
 endfacet
 facet normal -6.202236e-01  7.070744e-01  3.396595e-01
   outer loop
     vertex -8.435735e+01  2.600000e+00  7.779952e+00
     vertex -8.453405e+01  2.400000e+00  7.873634e+00
     vertex -8.448202e+01  2.400000e+00  7.968647e+00
   endloop
 endfacet
 facet normal -6.291939e-01  7.070744e-01  3.227397e-01
   outer loop
     vertex -8.435735e+01  2.600000e+00  7.779952e+00
     vertex -8.458349e+01  2.400000e+00  7.777247e+00
     vertex -8.453405e+01  2.400000e+00  7.873634e+00
   endloop
 endfacet
 facet normal -6.156520e-01  7.069771e-01  3.480746e-01
   outer loop
     vertex -8.408469e+01  2.800000e+00  7.855994e+00
     vertex -8.435735e+01  2.600000e+00  7.779952e+00
     vertex -8.425606e+01  2.600000e+00  7.959105e+00
   endloop
 endfacet
 facet normal -5.959048e-01  7.069771e-01  3.808949e-01
   outer loop
     vertex -8.408469e+01  2.800000e+00  7.855994e+00
     vertex -8.414522e+01  2.600000e+00  8.132511e+00
     vertex -8.397968e+01  2.800000e+00  8.020273e+00
   endloop
 endfacet
 facet normal -5.977651e-01  7.047614e-01  3.820840e-01
   outer loop
     vertex -8.408469e+01  2.800000e+00  7.855994e+00
     vertex -8.397968e+01  2.800000e+00  8.020273e+00
     vertex -8.386478e+01  3.000000e+00  7.831131e+00
   endloop
 endfacet
 facet normal -5.959048e-01  7.069771e-01  3.808949e-01
   outer loop
     vertex -8.408469e+01  2.800000e+00  7.855994e+00
     vertex -8.425606e+01  2.600000e+00  7.959105e+00
     vertex -8.414522e+01  2.600000e+00  8.132511e+00
   endloop
 endfacet
 facet normal -6.009251e-01  7.070744e-01  3.727396e-01
   outer loop
     vertex -8.408469e+01  2.800000e+00  7.855994e+00
     vertex -8.386478e+01  3.000000e+00  7.831131e+00
     vertex -8.391331e+01  3.000000e+00  7.752883e+00
   endloop
 endfacet
 facet normal -6.107983e-01  7.070744e-01  3.563302e-01
   outer loop
     vertex -8.408469e+01  2.800000e+00  7.855994e+00
     vertex -8.391331e+01  3.000000e+00  7.752883e+00
     vertex -8.395971e+01  3.000000e+00  7.673350e+00
   endloop
 endfacet
 facet normal -6.377027e-01  7.070744e-01  3.055831e-01
   outer loop
     vertex -8.444879e+01  2.600000e+00  7.595579e+00
     vertex -8.463030e+01  2.400000e+00  7.679556e+00
     vertex -8.458349e+01  2.400000e+00  7.777247e+00
   endloop
 endfacet
 facet normal -6.457439e-01  7.070744e-01  2.882025e-01
   outer loop
     vertex -8.444879e+01  2.600000e+00  7.595579e+00
     vertex -8.467445e+01  2.400000e+00  7.580634e+00
     vertex -8.463030e+01  2.400000e+00  7.679556e+00
   endloop
 endfacet
 facet normal -6.312743e-01  7.095574e-01  3.130832e-01
   outer loop
     vertex -8.444879e+01  2.600000e+00  7.595579e+00
     vertex -8.458349e+01  2.400000e+00  7.777247e+00
     vertex -8.435735e+01  2.600000e+00  7.779952e+00
   endloop
 endfacet
 facet normal -6.291939e-01  7.070744e-01  3.227397e-01
   outer loop
     vertex -8.418064e+01  2.800000e+00  7.686270e+00
     vertex -8.400394e+01  3.000000e+00  7.592589e+00
     vertex -8.404597e+01  3.000000e+00  7.510660e+00
   endloop
 endfacet
 facet normal -6.175740e-01  7.047614e-01  3.491613e-01
   outer loop
     vertex -8.418064e+01  2.800000e+00  7.686270e+00
     vertex -8.408469e+01  2.800000e+00  7.855994e+00
     vertex -8.395971e+01  3.000000e+00  7.673350e+00
   endloop
 endfacet
 facet normal -6.156520e-01  7.069771e-01  3.480746e-01
   outer loop
     vertex -8.418064e+01  2.800000e+00  7.686270e+00
     vertex -8.435735e+01  2.600000e+00  7.779952e+00
     vertex -8.408469e+01  2.800000e+00  7.855994e+00
   endloop
 endfacet
 facet normal -6.202236e-01  7.070744e-01  3.396595e-01
   outer loop
     vertex -8.418064e+01  2.800000e+00  7.686270e+00
     vertex -8.395971e+01  3.000000e+00  7.673350e+00
     vertex -8.400394e+01  3.000000e+00  7.592589e+00
   endloop
 endfacet
 facet normal -6.533114e-01  7.070744e-01  2.706105e-01
   outer loop
     vertex -8.453011e+01  2.600000e+00  7.406525e+00
     vertex -8.471591e+01  2.400000e+00  7.480553e+00
     vertex -8.467445e+01  2.400000e+00  7.580634e+00
   endloop
 endfacet
 facet normal -6.603998e-01  7.070744e-01  2.528199e-01
   outer loop
     vertex -8.453011e+01  2.600000e+00  7.406525e+00
     vertex -8.475464e+01  2.400000e+00  7.379385e+00
     vertex -8.471591e+01  2.400000e+00  7.480553e+00
   endloop
 endfacet
 facet normal -6.472985e-01  7.095574e-01  2.784475e-01
   outer loop
     vertex -8.453011e+01  2.600000e+00  7.406525e+00
     vertex -8.467445e+01  2.400000e+00  7.580634e+00
     vertex -8.444879e+01  2.600000e+00  7.595579e+00
   endloop
 endfacet
 facet normal -6.377027e-01  7.070744e-01  3.055831e-01
   outer loop
     vertex -8.426727e+01  2.800000e+00  7.511601e+00
     vertex -8.404597e+01  3.000000e+00  7.510660e+00
     vertex -8.408576e+01  3.000000e+00  7.427623e+00
   endloop
 endfacet
 facet normal -6.457439e-01  7.070744e-01  2.882025e-01
   outer loop
     vertex -8.426727e+01  2.800000e+00  7.511601e+00
     vertex -8.408576e+01  3.000000e+00  7.427623e+00
     vertex -8.412328e+01  3.000000e+00  7.343539e+00
   endloop
 endfacet
 facet normal -6.355715e-01  7.047614e-01  3.152144e-01
   outer loop
     vertex -8.426727e+01  2.800000e+00  7.511601e+00
     vertex -8.418064e+01  2.800000e+00  7.686270e+00
     vertex -8.404597e+01  3.000000e+00  7.510660e+00
   endloop
 endfacet
 facet normal -6.335935e-01  7.069771e-01  3.142334e-01
   outer loop
     vertex -8.426727e+01  2.800000e+00  7.511601e+00
     vertex -8.435735e+01  2.600000e+00  7.779952e+00
     vertex -8.418064e+01  2.800000e+00  7.686270e+00
   endloop
 endfacet
 facet normal -6.335935e-01  7.069771e-01  3.142334e-01
   outer loop
     vertex -8.426727e+01  2.800000e+00  7.511601e+00
     vertex -8.444879e+01  2.600000e+00  7.595579e+00
     vertex -8.435735e+01  2.600000e+00  7.779952e+00
   endloop
 endfacet
 facet normal -6.614240e-01  7.095574e-01  2.429951e-01
   outer loop
     vertex -8.460108e+01  2.600000e+00  7.213346e+00
     vertex -8.475464e+01  2.400000e+00  7.379385e+00
     vertex -8.453011e+01  2.600000e+00  7.406525e+00
   endloop
 endfacet
 facet normal -6.670038e-01  7.070744e-01  2.348440e-01
   outer loop
     vertex -8.460108e+01  2.600000e+00  7.213346e+00
     vertex -8.479061e+01  2.400000e+00  7.277206e+00
     vertex -8.475464e+01  2.400000e+00  7.379385e+00
   endloop
 endfacet
 facet normal -6.731187e-01  7.070744e-01  2.166958e-01
   outer loop
     vertex -8.460108e+01  2.600000e+00  7.213346e+00
     vertex -8.482381e+01  2.400000e+00  7.174090e+00
     vertex -8.479061e+01  2.400000e+00  7.277206e+00
   endloop
 endfacet
 facet normal -6.533114e-01  7.070744e-01  2.706105e-01
   outer loop
     vertex -8.434432e+01  2.800000e+00  7.332497e+00
     vertex -8.412328e+01  3.000000e+00  7.343539e+00
     vertex -8.415852e+01  3.000000e+00  7.258470e+00
   endloop
 endfacet
 facet normal -6.603998e-01  7.070744e-01  2.528199e-01
   outer loop
     vertex -8.434432e+01  2.800000e+00  7.332497e+00
     vertex -8.415852e+01  3.000000e+00  7.258470e+00
     vertex -8.419144e+01  3.000000e+00  7.172477e+00
   endloop
 endfacet
 facet normal -6.496765e-01  7.069771e-01  2.794705e-01
   outer loop
     vertex -8.434432e+01  2.800000e+00  7.332497e+00
     vertex -8.453011e+01  2.600000e+00  7.406525e+00
     vertex -8.444879e+01  2.600000e+00  7.595579e+00
   endloop
 endfacet
 facet normal -6.496765e-01  7.069771e-01  2.794705e-01
   outer loop
     vertex -8.434432e+01  2.800000e+00  7.332497e+00
     vertex -8.444879e+01  2.600000e+00  7.595579e+00
     vertex -8.426727e+01  2.800000e+00  7.511601e+00
   endloop
 endfacet
 facet normal -6.517048e-01  7.047614e-01  2.803430e-01
   outer loop
     vertex -8.434432e+01  2.800000e+00  7.332497e+00
     vertex -8.426727e+01  2.800000e+00  7.511601e+00
     vertex -8.412328e+01  3.000000e+00  7.343539e+00
   endloop
 endfacet
 facet normal -6.787398e-01  7.070744e-01  1.983887e-01
   outer loop
     vertex -8.466149e+01  2.600000e+00  7.016608e+00
     vertex -8.485420e+01  2.400000e+00  7.070113e+00
     vertex -8.482381e+01  2.400000e+00  7.174090e+00
   endloop
 endfacet
 facet normal -6.838632e-01  7.070744e-01  1.799361e-01
   outer loop
     vertex -8.466149e+01  2.600000e+00  7.016608e+00
     vertex -8.488176e+01  2.400000e+00  6.965352e+00
     vertex -8.485420e+01  2.400000e+00  7.070113e+00
   endloop
 endfacet
 facet normal -6.736095e-01  7.095574e-01  2.068300e-01
   outer loop
     vertex -8.466149e+01  2.600000e+00  7.016608e+00
     vertex -8.482381e+01  2.400000e+00  7.174090e+00
     vertex -8.460108e+01  2.600000e+00  7.213346e+00
   endloop
 endfacet
 facet normal -6.670038e-01  7.070744e-01  2.348440e-01
   outer loop
     vertex -8.441155e+01  2.800000e+00  7.149486e+00
     vertex -8.419144e+01  3.000000e+00  7.172477e+00
     vertex -8.422202e+01  3.000000e+00  7.085625e+00
   endloop
 endfacet
 facet normal -6.731187e-01  7.070744e-01  2.166958e-01
   outer loop
     vertex -8.441155e+01  2.800000e+00  7.149486e+00
     vertex -8.422202e+01  3.000000e+00  7.085625e+00
     vertex -8.425024e+01  3.000000e+00  6.997977e+00
   endloop
 endfacet
 facet normal -6.638540e-01  7.069771e-01  2.438879e-01
   outer loop
     vertex -8.441155e+01  2.800000e+00  7.149486e+00
     vertex -8.460108e+01  2.600000e+00  7.213346e+00
     vertex -8.453011e+01  2.600000e+00  7.406525e+00
   endloop
 endfacet
 facet normal -6.638540e-01  7.069771e-01  2.438879e-01
   outer loop
     vertex -8.441155e+01  2.800000e+00  7.149486e+00
     vertex -8.453011e+01  2.600000e+00  7.406525e+00
     vertex -8.434432e+01  2.800000e+00  7.332497e+00
   endloop
 endfacet
 facet normal -6.659265e-01  7.047614e-01  2.446493e-01
   outer loop
     vertex -8.441155e+01  2.800000e+00  7.149486e+00
     vertex -8.434432e+01  2.800000e+00  7.332497e+00
     vertex -8.419144e+01  3.000000e+00  7.172477e+00
   endloop
 endfacet
 facet normal -6.884849e-01  7.070744e-01  1.613515e-01
   outer loop
     vertex -8.471116e+01  2.600000e+00  6.816888e+00
     vertex -8.490648e+01  2.400000e+00  6.859882e+00
     vertex -8.488176e+01  2.400000e+00  6.965352e+00
   endloop
 endfacet
 facet normal -6.926018e-01  7.070744e-01  1.426486e-01
   outer loop
     vertex -8.471116e+01  2.600000e+00  6.816888e+00
     vertex -8.492833e+01  2.400000e+00  6.753781e+00
     vertex -8.490648e+01  2.400000e+00  6.859882e+00
   endloop
 endfacet
 facet normal -6.838191e-01  7.095574e-01  1.700582e-01
   outer loop
     vertex -8.471116e+01  2.600000e+00  6.816888e+00
     vertex -8.488176e+01  2.400000e+00  6.965352e+00
     vertex -8.466149e+01  2.600000e+00  7.016608e+00
   endloop
 endfacet
 facet normal -6.787398e-01  7.070744e-01  1.983887e-01
   outer loop
     vertex -8.446878e+01  2.800000e+00  6.963102e+00
     vertex -8.425024e+01  3.000000e+00  6.997977e+00
     vertex -8.427607e+01  3.000000e+00  6.909596e+00
   endloop
 endfacet
 facet normal -6.838632e-01  7.070744e-01  1.799361e-01
   outer loop
     vertex -8.446878e+01  2.800000e+00  6.963102e+00
     vertex -8.427607e+01  3.000000e+00  6.909596e+00
     vertex -8.429950e+01  3.000000e+00  6.820549e+00
   endloop
 endfacet
 facet normal -6.781949e-01  7.047614e-01  2.082379e-01
   outer loop
     vertex -8.446878e+01  2.800000e+00  6.963102e+00
     vertex -8.441155e+01  2.800000e+00  7.149486e+00
     vertex -8.425024e+01  3.000000e+00  6.997977e+00
   endloop
 endfacet
 facet normal -6.760842e-01  7.069771e-01  2.075899e-01
   outer loop
     vertex -8.446878e+01  2.800000e+00  6.963102e+00
     vertex -8.466149e+01  2.600000e+00  7.016608e+00
     vertex -8.460108e+01  2.600000e+00  7.213346e+00
   endloop
 endfacet
 facet normal -6.760842e-01  7.069771e-01  2.075899e-01
   outer loop
     vertex -8.446878e+01  2.800000e+00  6.963102e+00
     vertex -8.460108e+01  2.600000e+00  7.213346e+00
     vertex -8.441155e+01  2.800000e+00  7.149486e+00
   endloop
 endfacet
 facet normal -6.863313e-01  7.069771e-01  1.706830e-01
   outer loop
     vertex -8.446878e+01  2.800000e+00  6.963102e+00
     vertex -8.471116e+01  2.600000e+00  6.816888e+00
     vertex -8.466149e+01  2.600000e+00  7.016608e+00
   endloop
 endfacet
 facet normal -6.920230e-01  7.095574e-01  1.327876e-01
   outer loop
     vertex -8.474994e+01  2.600000e+00  6.614772e+00
     vertex -8.492833e+01  2.400000e+00  6.753781e+00
     vertex -8.471116e+01  2.600000e+00  6.816888e+00
   endloop
 endfacet
 facet normal -6.962106e-01  7.070744e-01  1.238411e-01
   outer loop
     vertex -8.474994e+01  2.600000e+00  6.614772e+00
     vertex -8.494731e+01  2.400000e+00  6.647128e+00
     vertex -8.492833e+01  2.400000e+00  6.753781e+00
   endloop
 endfacet
 facet normal -6.993089e-01  7.070744e-01  1.049427e-01
   outer loop
     vertex -8.474994e+01  2.600000e+00  6.614772e+00
     vertex -8.496338e+01  2.400000e+00  6.540000e+00
     vertex -8.494731e+01  2.400000e+00  6.647128e+00
   endloop
 endfacet
 facet normal -6.884849e-01  7.070744e-01  1.613515e-01
   outer loop
     vertex -8.451583e+01  2.800000e+00  6.773894e+00
     vertex -8.429950e+01  3.000000e+00  6.820549e+00
     vertex -8.432051e+01  3.000000e+00  6.730899e+00
   endloop
 endfacet
 facet normal -6.926018e-01  7.070744e-01  1.426486e-01
   outer loop
     vertex -8.451583e+01  2.800000e+00  6.773894e+00
     vertex -8.432051e+01  3.000000e+00  6.730899e+00
     vertex -8.433908e+01  3.000000e+00  6.640714e+00
   endloop
 endfacet
 facet normal -6.884740e-01  7.047614e-01  1.712158e-01
   outer loop
     vertex -8.451583e+01  2.800000e+00  6.773894e+00
     vertex -8.446878e+01  2.800000e+00  6.963102e+00
     vertex -8.429950e+01  3.000000e+00  6.820549e+00
   endloop
 endfacet
 facet normal -6.863313e-01  7.069771e-01  1.706830e-01
   outer loop
     vertex -8.451583e+01  2.800000e+00  6.773894e+00
     vertex -8.471116e+01  2.600000e+00  6.816888e+00
     vertex -8.446878e+01  2.800000e+00  6.963102e+00
   endloop
 endfacet
 facet normal -7.018942e-01  7.070744e-01  8.596738e-02
   outer loop
     vertex -8.477772e+01  2.600000e+00  6.410852e+00
     vertex -8.497655e+01  2.400000e+00  6.432476e+00
     vertex -8.496338e+01  2.400000e+00  6.540000e+00
   endloop
 endfacet
 facet normal -7.039647e-01  7.070744e-01  6.692899e-02
   outer loop
     vertex -8.477772e+01  2.600000e+00  6.410852e+00
     vertex -8.498680e+01  2.400000e+00  6.324635e+00
     vertex -8.497655e+01  2.400000e+00  6.432476e+00
   endloop
 endfacet
 facet normal -6.981971e-01  7.095574e-01  9.512745e-02
   outer loop
     vertex -8.477772e+01  2.600000e+00  6.410852e+00
     vertex -8.496338e+01  2.400000e+00  6.540000e+00
     vertex -8.474994e+01  2.600000e+00  6.614772e+00
   endloop
 endfacet
 facet normal -6.962106e-01  7.070744e-01  1.238411e-01
   outer loop
     vertex -8.455258e+01  2.800000e+00  6.582415e+00
     vertex -8.433908e+01  3.000000e+00  6.640714e+00
     vertex -8.435521e+01  3.000000e+00  6.550059e+00
   endloop
 endfacet
 facet normal -6.993089e-01  7.070744e-01  1.049427e-01
   outer loop
     vertex -8.455258e+01  2.800000e+00  6.582415e+00
     vertex -8.435521e+01  3.000000e+00  6.550059e+00
     vertex -8.436888e+01  3.000000e+00  6.459000e+00
   endloop
 endfacet
 facet normal -6.945654e-01  7.069771e-01  1.332754e-01
   outer loop
     vertex -8.455258e+01  2.800000e+00  6.582415e+00
     vertex -8.474994e+01  2.600000e+00  6.614772e+00
     vertex -8.471116e+01  2.600000e+00  6.816888e+00
   endloop
 endfacet
 facet normal -6.967337e-01  7.047614e-01  1.336915e-01
   outer loop
     vertex -8.455258e+01  2.800000e+00  6.582415e+00
     vertex -8.451583e+01  2.800000e+00  6.773894e+00
     vertex -8.433908e+01  3.000000e+00  6.640714e+00
   endloop
 endfacet
 facet normal -6.945654e-01  7.069771e-01  1.332754e-01
   outer loop
     vertex -8.455258e+01  2.800000e+00  6.582415e+00
     vertex -8.471116e+01  2.600000e+00  6.816888e+00
     vertex -8.451583e+01  2.800000e+00  6.773894e+00
   endloop
 endfacet
 facet normal -7.023232e-01  7.095574e-01  5.718831e-02
   outer loop
     vertex -8.479443e+01  2.600000e+00  6.205728e+00
     vertex -8.498680e+01  2.400000e+00  6.324635e+00
     vertex -8.477772e+01  2.600000e+00  6.410852e+00
   endloop
 endfacet
 facet normal -7.055190e-01  7.070744e-01  4.784152e-02
   outer loop
     vertex -8.479443e+01  2.600000e+00  6.205728e+00
     vertex -8.499413e+01  2.400000e+00  6.216556e+00
     vertex -8.498680e+01  2.400000e+00  6.324635e+00
   endloop
 endfacet
 facet normal -7.065558e-01  7.070744e-01  2.871895e-02
   outer loop
     vertex -8.479443e+01  2.600000e+00  6.205728e+00
     vertex -8.499853e+01  2.400000e+00  6.108318e+00
     vertex -8.499413e+01  2.400000e+00  6.216556e+00
   endloop
 endfacet
 facet normal -7.021655e-01  7.119503e-01  9.508848e-03
   outer loop
     vertex -8.479443e+01  2.600000e+00  6.205728e+00
     vertex -8.500000e+01  2.400000e+00  6.000000e+00
     vertex -8.499853e+01  2.400000e+00  6.108318e+00
   endloop
 endfacet
 facet normal -7.018942e-01  7.070744e-01  8.596738e-02
   outer loop
     vertex -8.457890e+01  2.800000e+00  6.389228e+00
     vertex -8.436888e+01  3.000000e+00  6.459000e+00
     vertex -8.438007e+01  3.000000e+00  6.367605e+00
   endloop
 endfacet
 facet normal -7.039647e-01  7.070744e-01  6.692899e-02
   outer loop
     vertex -8.457890e+01  2.800000e+00  6.389228e+00
     vertex -8.438007e+01  3.000000e+00  6.367605e+00
     vertex -8.438878e+01  3.000000e+00  6.275940e+00
   endloop
 endfacet
 facet normal -7.029498e-01  7.047614e-01  9.577500e-02
   outer loop
     vertex -8.457890e+01  2.800000e+00  6.389228e+00
     vertex -8.455258e+01  2.800000e+00  6.582415e+00
     vertex -8.436888e+01  3.000000e+00  6.459000e+00
   endloop
 endfacet
 facet normal -7.007621e-01  7.069771e-01  9.547693e-02
   outer loop
     vertex -8.457890e+01  2.800000e+00  6.389228e+00
     vertex -8.477772e+01  2.600000e+00  6.410852e+00
     vertex -8.474994e+01  2.600000e+00  6.614772e+00
   endloop
 endfacet
 facet normal -7.007621e-01  7.069771e-01  9.547693e-02
   outer loop
     vertex -8.457890e+01  2.800000e+00  6.389228e+00
     vertex -8.474994e+01  2.600000e+00  6.614772e+00
     vertex -8.455258e+01  2.800000e+00  6.582415e+00
   endloop
 endfacet
 facet normal -7.055190e-01  7.070744e-01  4.784152e-02
   outer loop
     vertex -8.459472e+01  2.800000e+00  6.194900e+00
     vertex -8.438878e+01  3.000000e+00  6.275940e+00
     vertex -8.439501e+01  3.000000e+00  6.184072e+00
   endloop
 endfacet
 facet normal -7.065558e-01  7.070744e-01  2.871895e-02
   outer loop
     vertex -8.459472e+01  2.800000e+00  6.194900e+00
     vertex -8.439501e+01  3.000000e+00  6.184072e+00
     vertex -8.439875e+01  3.000000e+00  6.092070e+00
   endloop
 endfacet
 facet normal -7.117565e-01  7.023601e-01  9.638732e-03
   outer loop
     vertex -8.459472e+01  2.800000e+00  6.194900e+00
     vertex -8.439875e+01  3.000000e+00  6.092070e+00
     vertex -8.440000e+01  3.000000e+00  6.000000e+00
   endloop
 endfacet
 facet normal -7.069771e-01  7.069771e-01  1.915153e-02
   outer loop
     vertex -8.459472e+01  2.800000e+00  6.194900e+00
     vertex -8.440000e+01  3.000000e+00  6.000000e+00
     vertex -8.500000e+01  2.400000e+00  6.000000e+00
   endloop
 endfacet
 facet normal -7.049034e-01  7.069771e-01  5.739841e-02
   outer loop
     vertex -8.459472e+01  2.800000e+00  6.194900e+00
     vertex -8.479443e+01  2.600000e+00  6.205728e+00
     vertex -8.477772e+01  2.600000e+00  6.410852e+00
   endloop
 endfacet
 facet normal -7.071040e-01  7.047614e-01  5.757760e-02
   outer loop
     vertex -8.459472e+01  2.800000e+00  6.194900e+00
     vertex -8.457890e+01  2.800000e+00  6.389228e+00
     vertex -8.438878e+01  3.000000e+00  6.275940e+00
   endloop
 endfacet
 facet normal -7.069771e-01  7.069771e-01  1.915153e-02
   outer loop
     vertex -8.459472e+01  2.800000e+00  6.194900e+00
     vertex -8.500000e+01  2.400000e+00  6.000000e+00
     vertex -8.479443e+01  2.600000e+00  6.205728e+00
   endloop
 endfacet
 facet normal -7.049034e-01  7.069771e-01  5.739841e-02
   outer loop
     vertex -8.459472e+01  2.800000e+00  6.194900e+00
     vertex -8.477772e+01  2.600000e+00  6.410852e+00
     vertex -8.457890e+01  2.800000e+00  6.389228e+00
   endloop
 endfacet
 facet normal  7.021655e-01  7.119503e-01  9.508848e-03
   outer loop
     vertex  8.479443e+01  2.600000e+00  6.205728e+00
     vertex  8.499853e+01  2.400000e+00  6.108318e+00
     vertex  8.500000e+01  2.400000e+00  6.000000e+00
   endloop
 endfacet
 facet normal  7.065558e-01  7.070744e-01  2.871895e-02
   outer loop
     vertex  8.479443e+01  2.600000e+00  6.205728e+00
     vertex  8.499413e+01  2.400000e+00  6.216556e+00
     vertex  8.499853e+01  2.400000e+00  6.108318e+00
   endloop
 endfacet
 facet normal  7.055190e-01  7.070744e-01  4.784152e-02
   outer loop
     vertex  8.479443e+01  2.600000e+00  6.205728e+00
     vertex  8.498680e+01  2.400000e+00  6.324635e+00
     vertex  8.499413e+01  2.400000e+00  6.216556e+00
   endloop
 endfacet
 facet normal  7.039647e-01  7.070744e-01  6.692899e-02
   outer loop
     vertex  8.477772e+01  2.600000e+00  6.410852e+00
     vertex  8.497655e+01  2.400000e+00  6.432476e+00
     vertex  8.498680e+01  2.400000e+00  6.324635e+00
   endloop
 endfacet
 facet normal  7.018942e-01  7.070744e-01  8.596738e-02
   outer loop
     vertex  8.477772e+01  2.600000e+00  6.410852e+00
     vertex  8.496338e+01  2.400000e+00  6.540000e+00
     vertex  8.497655e+01  2.400000e+00  6.432476e+00
   endloop
 endfacet
 facet normal  7.023232e-01  7.095574e-01  5.718831e-02
   outer loop
     vertex  8.477772e+01  2.600000e+00  6.410852e+00
     vertex  8.498680e+01  2.400000e+00  6.324635e+00
     vertex  8.479443e+01  2.600000e+00  6.205728e+00
   endloop
 endfacet
 facet normal  7.069771e-01  7.069771e-01  1.915153e-02
   outer loop
     vertex  8.459472e+01  2.800000e+00  6.194900e+00
     vertex  8.500000e+01  2.400000e+00  6.000000e+00
     vertex  8.440000e+01  3.000000e+00  6.000000e+00
   endloop
 endfacet
 facet normal  7.069771e-01  7.069771e-01  1.915153e-02
   outer loop
     vertex  8.459472e+01  2.800000e+00  6.194900e+00
     vertex  8.479443e+01  2.600000e+00  6.205728e+00
     vertex  8.500000e+01  2.400000e+00  6.000000e+00
   endloop
 endfacet
 facet normal  7.117565e-01  7.023601e-01  9.638732e-03
   outer loop
     vertex  8.459472e+01  2.800000e+00  6.194900e+00
     vertex  8.440000e+01  3.000000e+00  6.000000e+00
     vertex  8.439875e+01  3.000000e+00  6.092070e+00
   endloop
 endfacet
 facet normal  7.065558e-01  7.070744e-01  2.871895e-02
   outer loop
     vertex  8.459472e+01  2.800000e+00  6.194900e+00
     vertex  8.439875e+01  3.000000e+00  6.092070e+00
     vertex  8.439501e+01  3.000000e+00  6.184072e+00
   endloop
 endfacet
 facet normal  7.055190e-01  7.070744e-01  4.784152e-02
   outer loop
     vertex  8.459472e+01  2.800000e+00  6.194900e+00
     vertex  8.439501e+01  3.000000e+00  6.184072e+00
     vertex  8.438878e+01  3.000000e+00  6.275940e+00
   endloop
 endfacet
 facet normal  6.993089e-01  7.070744e-01  1.049427e-01
   outer loop
     vertex  8.474994e+01  2.600000e+00  6.614772e+00
     vertex  8.494731e+01  2.400000e+00  6.647128e+00
     vertex  8.496338e+01  2.400000e+00  6.540000e+00
   endloop
 endfacet
 facet normal  6.962106e-01  7.070744e-01  1.238411e-01
   outer loop
     vertex  8.474994e+01  2.600000e+00  6.614772e+00
     vertex  8.492833e+01  2.400000e+00  6.753781e+00
     vertex  8.494731e+01  2.400000e+00  6.647128e+00
   endloop
 endfacet
 facet normal  6.981971e-01  7.095574e-01  9.512745e-02
   outer loop
     vertex  8.474994e+01  2.600000e+00  6.614772e+00
     vertex  8.496338e+01  2.400000e+00  6.540000e+00
     vertex  8.477772e+01  2.600000e+00  6.410852e+00
   endloop
 endfacet
 facet normal  7.049034e-01  7.069771e-01  5.739841e-02
   outer loop
     vertex  8.457890e+01  2.800000e+00  6.389228e+00
     vertex  8.479443e+01  2.600000e+00  6.205728e+00
     vertex  8.459472e+01  2.800000e+00  6.194900e+00
   endloop
 endfacet
 facet normal  7.071040e-01  7.047614e-01  5.757760e-02
   outer loop
     vertex  8.457890e+01  2.800000e+00  6.389228e+00
     vertex  8.459472e+01  2.800000e+00  6.194900e+00
     vertex  8.438878e+01  3.000000e+00  6.275940e+00
   endloop
 endfacet
 facet normal  7.039647e-01  7.070744e-01  6.692899e-02
   outer loop
     vertex  8.457890e+01  2.800000e+00  6.389228e+00
     vertex  8.438878e+01  3.000000e+00  6.275940e+00
     vertex  8.438007e+01  3.000000e+00  6.367605e+00
   endloop
 endfacet
 facet normal  7.018942e-01  7.070744e-01  8.596738e-02
   outer loop
     vertex  8.457890e+01  2.800000e+00  6.389228e+00
     vertex  8.438007e+01  3.000000e+00  6.367605e+00
     vertex  8.436888e+01  3.000000e+00  6.459000e+00
   endloop
 endfacet
 facet normal  7.049034e-01  7.069771e-01  5.739841e-02
   outer loop
     vertex  8.457890e+01  2.800000e+00  6.389228e+00
     vertex  8.477772e+01  2.600000e+00  6.410852e+00
     vertex  8.479443e+01  2.600000e+00  6.205728e+00
   endloop
 endfacet
 facet normal  6.926018e-01  7.070744e-01  1.426486e-01
   outer loop
     vertex  8.471116e+01  2.600000e+00  6.816888e+00
     vertex  8.490648e+01  2.400000e+00  6.859882e+00
     vertex  8.492833e+01  2.400000e+00  6.753781e+00
   endloop
 endfacet
 facet normal  6.884849e-01  7.070744e-01  1.613515e-01
   outer loop
     vertex  8.471116e+01  2.600000e+00  6.816888e+00
     vertex  8.488176e+01  2.400000e+00  6.965352e+00
     vertex  8.490648e+01  2.400000e+00  6.859882e+00
   endloop
 endfacet
 facet normal  6.920230e-01  7.095574e-01  1.327876e-01
   outer loop
     vertex  8.471116e+01  2.600000e+00  6.816888e+00
     vertex  8.492833e+01  2.400000e+00  6.753781e+00
     vertex  8.474994e+01  2.600000e+00  6.614772e+00
   endloop
 endfacet
 facet normal  7.029498e-01  7.047614e-01  9.577500e-02
   outer loop
     vertex  8.455258e+01  2.800000e+00  6.582415e+00
     vertex  8.457890e+01  2.800000e+00  6.389228e+00
     vertex  8.436888e+01  3.000000e+00  6.459000e+00
   endloop
 endfacet
 facet normal  7.007621e-01  7.069771e-01  9.547693e-02
   outer loop
     vertex  8.455258e+01  2.800000e+00  6.582415e+00
     vertex  8.477772e+01  2.600000e+00  6.410852e+00
     vertex  8.457890e+01  2.800000e+00  6.389228e+00
   endloop
 endfacet
 facet normal  6.993089e-01  7.070744e-01  1.049427e-01
   outer loop
     vertex  8.455258e+01  2.800000e+00  6.582415e+00
     vertex  8.436888e+01  3.000000e+00  6.459000e+00
     vertex  8.435521e+01  3.000000e+00  6.550059e+00
   endloop
 endfacet
 facet normal  6.962106e-01  7.070744e-01  1.238411e-01
   outer loop
     vertex  8.455258e+01  2.800000e+00  6.582415e+00
     vertex  8.435521e+01  3.000000e+00  6.550059e+00
     vertex  8.433908e+01  3.000000e+00  6.640714e+00
   endloop
 endfacet
 facet normal  7.007621e-01  7.069771e-01  9.547693e-02
   outer loop
     vertex  8.455258e+01  2.800000e+00  6.582415e+00
     vertex  8.474994e+01  2.600000e+00  6.614772e+00
     vertex  8.477772e+01  2.600000e+00  6.410852e+00
   endloop
 endfacet
 facet normal  6.838632e-01  7.070744e-01  1.799361e-01
   outer loop
     vertex  8.466149e+01  2.600000e+00  7.016608e+00
     vertex  8.485420e+01  2.400000e+00  7.070113e+00
     vertex  8.488176e+01  2.400000e+00  6.965352e+00
   endloop
 endfacet
 facet normal  6.787398e-01  7.070744e-01  1.983887e-01
   outer loop
     vertex  8.466149e+01  2.600000e+00  7.016608e+00
     vertex  8.482381e+01  2.400000e+00  7.174090e+00
     vertex  8.485420e+01  2.400000e+00  7.070113e+00
   endloop
 endfacet
 facet normal  6.838191e-01  7.095574e-01  1.700582e-01
   outer loop
     vertex  8.466149e+01  2.600000e+00  7.016608e+00
     vertex  8.488176e+01  2.400000e+00  6.965352e+00
     vertex  8.471116e+01  2.600000e+00  6.816888e+00
   endloop
 endfacet
 facet normal  6.967337e-01  7.047614e-01  1.336915e-01
   outer loop
     vertex  8.451583e+01  2.800000e+00  6.773894e+00
     vertex  8.455258e+01  2.800000e+00  6.582415e+00
     vertex  8.433908e+01  3.000000e+00  6.640714e+00
   endloop
 endfacet
 facet normal  6.945654e-01  7.069771e-01  1.332754e-01
   outer loop
     vertex  8.451583e+01  2.800000e+00  6.773894e+00
     vertex  8.474994e+01  2.600000e+00  6.614772e+00
     vertex  8.455258e+01  2.800000e+00  6.582415e+00
   endloop
 endfacet
 facet normal  6.926018e-01  7.070744e-01  1.426486e-01
   outer loop
     vertex  8.451583e+01  2.800000e+00  6.773894e+00
     vertex  8.433908e+01  3.000000e+00  6.640714e+00
     vertex  8.432051e+01  3.000000e+00  6.730899e+00
   endloop
 endfacet
 facet normal  6.884849e-01  7.070744e-01  1.613515e-01
   outer loop
     vertex  8.451583e+01  2.800000e+00  6.773894e+00
     vertex  8.432051e+01  3.000000e+00  6.730899e+00
     vertex  8.429950e+01  3.000000e+00  6.820549e+00
   endloop
 endfacet
 facet normal  6.945654e-01  7.069771e-01  1.332754e-01
   outer loop
     vertex  8.451583e+01  2.800000e+00  6.773894e+00
     vertex  8.471116e+01  2.600000e+00  6.816888e+00
     vertex  8.474994e+01  2.600000e+00  6.614772e+00
   endloop
 endfacet
 facet normal  6.731187e-01  7.070744e-01  2.166958e-01
   outer loop
     vertex  8.460108e+01  2.600000e+00  7.213346e+00
     vertex  8.479061e+01  2.400000e+00  7.277206e+00
     vertex  8.482381e+01  2.400000e+00  7.174090e+00
   endloop
 endfacet
 facet normal  6.670038e-01  7.070744e-01  2.348440e-01
   outer loop
     vertex  8.460108e+01  2.600000e+00  7.213346e+00
     vertex  8.475464e+01  2.400000e+00  7.379385e+00
     vertex  8.479061e+01  2.400000e+00  7.277206e+00
   endloop
 endfacet
 facet normal  6.736095e-01  7.095574e-01  2.068300e-01
   outer loop
     vertex  8.460108e+01  2.600000e+00  7.213346e+00
     vertex  8.482381e+01  2.400000e+00  7.174090e+00
     vertex  8.466149e+01  2.600000e+00  7.016608e+00
   endloop
 endfacet
 facet normal  6.884740e-01  7.047614e-01  1.712158e-01
   outer loop
     vertex  8.446878e+01  2.800000e+00  6.963102e+00
     vertex  8.451583e+01  2.800000e+00  6.773894e+00
     vertex  8.429950e+01  3.000000e+00  6.820549e+00
   endloop
 endfacet
 facet normal  6.863313e-01  7.069771e-01  1.706830e-01
   outer loop
     vertex  8.446878e+01  2.800000e+00  6.963102e+00
     vertex  8.466149e+01  2.600000e+00  7.016608e+00
     vertex  8.471116e+01  2.600000e+00  6.816888e+00
   endloop
 endfacet
 facet normal  6.838632e-01  7.070744e-01  1.799361e-01
   outer loop
     vertex  8.446878e+01  2.800000e+00  6.963102e+00
     vertex  8.429950e+01  3.000000e+00  6.820549e+00
     vertex  8.427607e+01  3.000000e+00  6.909596e+00
   endloop
 endfacet
 facet normal  6.787398e-01  7.070744e-01  1.983887e-01
   outer loop
     vertex  8.446878e+01  2.800000e+00  6.963102e+00
     vertex  8.427607e+01  3.000000e+00  6.909596e+00
     vertex  8.425024e+01  3.000000e+00  6.997977e+00
   endloop
 endfacet
 facet normal  6.863313e-01  7.069771e-01  1.706830e-01
   outer loop
     vertex  8.446878e+01  2.800000e+00  6.963102e+00
     vertex  8.471116e+01  2.600000e+00  6.816888e+00
     vertex  8.451583e+01  2.800000e+00  6.773894e+00
   endloop
 endfacet
 facet normal  6.614240e-01  7.095574e-01  2.429951e-01
   outer loop
     vertex  8.453011e+01  2.600000e+00  7.406525e+00
     vertex  8.475464e+01  2.400000e+00  7.379385e+00
     vertex  8.460108e+01  2.600000e+00  7.213346e+00
   endloop
 endfacet
 facet normal  6.603998e-01  7.070744e-01  2.528199e-01
   outer loop
     vertex  8.453011e+01  2.600000e+00  7.406525e+00
     vertex  8.471591e+01  2.400000e+00  7.480553e+00
     vertex  8.475464e+01  2.400000e+00  7.379385e+00
   endloop
 endfacet
 facet normal  6.533114e-01  7.070744e-01  2.706105e-01
   outer loop
     vertex  8.453011e+01  2.600000e+00  7.406525e+00
     vertex  8.467445e+01  2.400000e+00  7.580634e+00
     vertex  8.471591e+01  2.400000e+00  7.480553e+00
   endloop
 endfacet
 facet normal  6.760842e-01  7.069771e-01  2.075899e-01
   outer loop
     vertex  8.441155e+01  2.800000e+00  7.149486e+00
     vertex  8.466149e+01  2.600000e+00  7.016608e+00
     vertex  8.446878e+01  2.800000e+00  6.963102e+00
   endloop
 endfacet
 facet normal  6.760842e-01  7.069771e-01  2.075899e-01
   outer loop
     vertex  8.441155e+01  2.800000e+00  7.149486e+00
     vertex  8.460108e+01  2.600000e+00  7.213346e+00
     vertex  8.466149e+01  2.600000e+00  7.016608e+00
   endloop
 endfacet
 facet normal  6.781949e-01  7.047614e-01  2.082379e-01
   outer loop
     vertex  8.441155e+01  2.800000e+00  7.149486e+00
     vertex  8.446878e+01  2.800000e+00  6.963102e+00
     vertex  8.425024e+01  3.000000e+00  6.997977e+00
   endloop
 endfacet
 facet normal  6.731187e-01  7.070744e-01  2.166958e-01
   outer loop
     vertex  8.441155e+01  2.800000e+00  7.149486e+00
     vertex  8.425024e+01  3.000000e+00  6.997977e+00
     vertex  8.422202e+01  3.000000e+00  7.085625e+00
   endloop
 endfacet
 facet normal  6.670038e-01  7.070744e-01  2.348440e-01
   outer loop
     vertex  8.441155e+01  2.800000e+00  7.149486e+00
     vertex  8.422202e+01  3.000000e+00  7.085625e+00
     vertex  8.419144e+01  3.000000e+00  7.172477e+00
   endloop
 endfacet
 facet normal  6.457439e-01  7.070744e-01  2.882025e-01
   outer loop
     vertex  8.444879e+01  2.600000e+00  7.595579e+00
     vertex  8.463030e+01  2.400000e+00  7.679556e+00
     vertex  8.467445e+01  2.400000e+00  7.580634e+00
   endloop
 endfacet
 facet normal  6.377027e-01  7.070744e-01  3.055831e-01
   outer loop
     vertex  8.444879e+01  2.600000e+00  7.595579e+00
     vertex  8.458349e+01  2.400000e+00  7.777247e+00
     vertex  8.463030e+01  2.400000e+00  7.679556e+00
   endloop
 endfacet
 facet normal  6.472985e-01  7.095574e-01  2.784475e-01
   outer loop
     vertex  8.444879e+01  2.600000e+00  7.595579e+00
     vertex  8.467445e+01  2.400000e+00  7.580634e+00
     vertex  8.453011e+01  2.600000e+00  7.406525e+00
   endloop
 endfacet
 facet normal  6.638540e-01  7.069771e-01  2.438879e-01
   outer loop
     vertex  8.434432e+01  2.800000e+00  7.332497e+00
     vertex  8.460108e+01  2.600000e+00  7.213346e+00
     vertex  8.441155e+01  2.800000e+00  7.149486e+00
   endloop
 endfacet
 facet normal  6.638540e-01  7.069771e-01  2.438879e-01
   outer loop
     vertex  8.434432e+01  2.800000e+00  7.332497e+00
     vertex  8.453011e+01  2.600000e+00  7.406525e+00
     vertex  8.460108e+01  2.600000e+00  7.213346e+00
   endloop
 endfacet
 facet normal  6.659265e-01  7.047614e-01  2.446493e-01
   outer loop
     vertex  8.434432e+01  2.800000e+00  7.332497e+00
     vertex  8.441155e+01  2.800000e+00  7.149486e+00
     vertex  8.419144e+01  3.000000e+00  7.172477e+00
   endloop
 endfacet
 facet normal  6.603998e-01  7.070744e-01  2.528199e-01
   outer loop
     vertex  8.434432e+01  2.800000e+00  7.332497e+00
     vertex  8.419144e+01  3.000000e+00  7.172477e+00
     vertex  8.415852e+01  3.000000e+00  7.258470e+00
   endloop
 endfacet
 facet normal  6.533114e-01  7.070744e-01  2.706105e-01
   outer loop
     vertex  8.434432e+01  2.800000e+00  7.332497e+00
     vertex  8.415852e+01  3.000000e+00  7.258470e+00
     vertex  8.412328e+01  3.000000e+00  7.343539e+00
   endloop
 endfacet
 facet normal  6.291939e-01  7.070744e-01  3.227397e-01
   outer loop
     vertex  8.435735e+01  2.600000e+00  7.779952e+00
     vertex  8.453405e+01  2.400000e+00  7.873634e+00
     vertex  8.458349e+01  2.400000e+00  7.777247e+00
   endloop
 endfacet
 facet normal  6.202236e-01  7.070744e-01  3.396595e-01
   outer loop
     vertex  8.435735e+01  2.600000e+00  7.779952e+00
     vertex  8.448202e+01  2.400000e+00  7.968647e+00
     vertex  8.453405e+01  2.400000e+00  7.873634e+00
   endloop
 endfacet
 facet normal  6.312743e-01  7.095574e-01  3.130832e-01
   outer loop
     vertex  8.435735e+01  2.600000e+00  7.779952e+00
     vertex  8.458349e+01  2.400000e+00  7.777247e+00
     vertex  8.444879e+01  2.600000e+00  7.595579e+00
   endloop
 endfacet
 facet normal  6.517048e-01  7.047614e-01  2.803430e-01
   outer loop
     vertex  8.426727e+01  2.800000e+00  7.511601e+00
     vertex  8.434432e+01  2.800000e+00  7.332497e+00
     vertex  8.412328e+01  3.000000e+00  7.343539e+00
   endloop
 endfacet
 facet normal  6.457439e-01  7.070744e-01  2.882025e-01
   outer loop
     vertex  8.426727e+01  2.800000e+00  7.511601e+00
     vertex  8.412328e+01  3.000000e+00  7.343539e+00
     vertex  8.408576e+01  3.000000e+00  7.427623e+00
   endloop
 endfacet
 facet normal  6.377027e-01  7.070744e-01  3.055831e-01
   outer loop
     vertex  8.426727e+01  2.800000e+00  7.511601e+00
     vertex  8.408576e+01  3.000000e+00  7.427623e+00
     vertex  8.404597e+01  3.000000e+00  7.510660e+00
   endloop
 endfacet
 facet normal  6.496765e-01  7.069771e-01  2.794705e-01
   outer loop
     vertex  8.426727e+01  2.800000e+00  7.511601e+00
     vertex  8.444879e+01  2.600000e+00  7.595579e+00
     vertex  8.453011e+01  2.600000e+00  7.406525e+00
   endloop
 endfacet
 facet normal  6.496765e-01  7.069771e-01  2.794705e-01
   outer loop
     vertex  8.426727e+01  2.800000e+00  7.511601e+00
     vertex  8.453011e+01  2.600000e+00  7.406525e+00
     vertex  8.434432e+01  2.800000e+00  7.332497e+00
   endloop
 endfacet
 facet normal  6.107983e-01  7.070744e-01  3.563302e-01
   outer loop
     vertex  8.425606e+01  2.600000e+00  7.959105e+00
     vertex  8.442743e+01  2.400000e+00  8.062215e+00
     vertex  8.448202e+01  2.400000e+00  7.968647e+00
   endloop
 endfacet
 facet normal  6.009251e-01  7.070744e-01  3.727396e-01
   outer loop
     vertex  8.425606e+01  2.600000e+00  7.959105e+00
     vertex  8.437033e+01  2.400000e+00  8.154272e+00
     vertex  8.442743e+01  2.400000e+00  8.062215e+00
   endloop
 endfacet
 facet normal  6.133985e-01  7.095574e-01  3.468006e-01
   outer loop
     vertex  8.425606e+01  2.600000e+00  7.959105e+00
     vertex  8.448202e+01  2.400000e+00  7.968647e+00
     vertex  8.435735e+01  2.600000e+00  7.779952e+00
   endloop
 endfacet
 facet normal  6.335935e-01  7.069771e-01  3.142334e-01
   outer loop
     vertex  8.418064e+01  2.800000e+00  7.686270e+00
     vertex  8.435735e+01  2.600000e+00  7.779952e+00
     vertex  8.444879e+01  2.600000e+00  7.595579e+00
   endloop
 endfacet
 facet normal  6.355715e-01  7.047614e-01  3.152144e-01
   outer loop
     vertex  8.418064e+01  2.800000e+00  7.686270e+00
     vertex  8.426727e+01  2.800000e+00  7.511601e+00
     vertex  8.404597e+01  3.000000e+00  7.510660e+00
   endloop
 endfacet
 facet normal  6.291939e-01  7.070744e-01  3.227397e-01
   outer loop
     vertex  8.418064e+01  2.800000e+00  7.686270e+00
     vertex  8.404597e+01  3.000000e+00  7.510660e+00
     vertex  8.400394e+01  3.000000e+00  7.592589e+00
   endloop
 endfacet
 facet normal  6.202236e-01  7.070744e-01  3.396595e-01
   outer loop
     vertex  8.418064e+01  2.800000e+00  7.686270e+00
     vertex  8.400394e+01  3.000000e+00  7.592589e+00
     vertex  8.395971e+01  3.000000e+00  7.673350e+00
   endloop
 endfacet
 facet normal  6.335935e-01  7.069771e-01  3.142334e-01
   outer loop
     vertex  8.418064e+01  2.800000e+00  7.686270e+00
     vertex  8.444879e+01  2.600000e+00  7.595579e+00
     vertex  8.426727e+01  2.800000e+00  7.511601e+00
   endloop
 endfacet
 facet normal  5.906112e-01  7.070744e-01  3.888756e-01
   outer loop
     vertex  8.414522e+01  2.600000e+00  8.132511e+00
     vertex  8.431076e+01  2.400000e+00  8.244748e+00
     vertex  8.437033e+01  2.400000e+00  8.154272e+00
   endloop
 endfacet
 facet normal  5.798641e-01  7.070744e-01  4.047264e-01
   outer loop
     vertex  8.414522e+01  2.600000e+00  8.132511e+00
     vertex  8.424876e+01  2.400000e+00  8.333578e+00
     vertex  8.431076e+01  2.400000e+00  8.244748e+00
   endloop
 endfacet
 facet normal  5.937235e-01  7.095574e-01  3.795007e-01
   outer loop
     vertex  8.414522e+01  2.600000e+00  8.132511e+00
     vertex  8.437033e+01  2.400000e+00  8.154272e+00
     vertex  8.425606e+01  2.600000e+00  7.959105e+00
   endloop
 endfacet
 facet normal  6.156520e-01  7.069771e-01  3.480746e-01
   outer loop
     vertex  8.408469e+01  2.800000e+00  7.855994e+00
     vertex  8.425606e+01  2.600000e+00  7.959105e+00
     vertex  8.435735e+01  2.600000e+00  7.779952e+00
   endloop
 endfacet
 facet normal  6.175740e-01  7.047614e-01  3.491613e-01
   outer loop
     vertex  8.408469e+01  2.800000e+00  7.855994e+00
     vertex  8.418064e+01  2.800000e+00  7.686270e+00
     vertex  8.395971e+01  3.000000e+00  7.673350e+00
   endloop
 endfacet
 facet normal  6.156520e-01  7.069771e-01  3.480746e-01
   outer loop
     vertex  8.408469e+01  2.800000e+00  7.855994e+00
     vertex  8.435735e+01  2.600000e+00  7.779952e+00
     vertex  8.418064e+01  2.800000e+00  7.686270e+00
   endloop
 endfacet
 facet normal  6.107983e-01  7.070744e-01  3.563302e-01
   outer loop
     vertex  8.408469e+01  2.800000e+00  7.855994e+00
     vertex  8.395971e+01  3.000000e+00  7.673350e+00
     vertex  8.391331e+01  3.000000e+00  7.752883e+00
   endloop
 endfacet
 facet normal  6.009251e-01  7.070744e-01  3.727396e-01
   outer loop
     vertex  8.408469e+01  2.800000e+00  7.855994e+00
     vertex  8.391331e+01  3.000000e+00  7.752883e+00
     vertex  8.386478e+01  3.000000e+00  7.831131e+00
   endloop
 endfacet
 facet normal  5.686917e-01  7.070744e-01  4.202803e-01
   outer loop
     vertex  8.402515e+01  2.600000e+00  8.299662e+00
     vertex  8.418437e+01  2.400000e+00  8.420697e+00
     vertex  8.424876e+01  2.400000e+00  8.333578e+00
   endloop
 endfacet
 facet normal  5.571023e-01  7.070744e-01  4.355260e-01
   outer loop
     vertex  8.402515e+01  2.600000e+00  8.299662e+00
     vertex  8.411765e+01  2.400000e+00  8.506040e+00
     vertex  8.418437e+01  2.400000e+00  8.420697e+00
   endloop
 endfacet
 facet normal  5.723070e-01  7.095574e-01  4.110876e-01
   outer loop
     vertex  8.402515e+01  2.600000e+00  8.299662e+00
     vertex  8.424876e+01  2.400000e+00  8.333578e+00
     vertex  8.414522e+01  2.600000e+00  8.132511e+00
   endloop
 endfacet
 facet normal  5.959048e-01  7.069771e-01  3.808949e-01
   outer loop
     vertex  8.397968e+01  2.800000e+00  8.020273e+00
     vertex  8.414522e+01  2.600000e+00  8.132511e+00
     vertex  8.425606e+01  2.600000e+00  7.959105e+00
   endloop
 endfacet
 facet normal  5.959048e-01  7.069771e-01  3.808949e-01
   outer loop
     vertex  8.397968e+01  2.800000e+00  8.020273e+00
     vertex  8.425606e+01  2.600000e+00  7.959105e+00
     vertex  8.408469e+01  2.800000e+00  7.855994e+00
   endloop
 endfacet
 facet normal  5.977651e-01  7.047614e-01  3.820840e-01
   outer loop
     vertex  8.397968e+01  2.800000e+00  8.020273e+00
     vertex  8.408469e+01  2.800000e+00  7.855994e+00
     vertex  8.386478e+01  3.000000e+00  7.831131e+00
   endloop
 endfacet
 facet normal  5.906112e-01  7.070744e-01  3.888756e-01
   outer loop
     vertex  8.397968e+01  2.800000e+00  8.020273e+00
     vertex  8.386478e+01  3.000000e+00  7.831131e+00
     vertex  8.381414e+01  3.000000e+00  7.908036e+00
   endloop
 endfacet
 facet normal  5.798641e-01  7.070744e-01  4.047264e-01
   outer loop
     vertex  8.397968e+01  2.800000e+00  8.020273e+00
     vertex  8.381414e+01  3.000000e+00  7.908036e+00
     vertex  8.376144e+01  3.000000e+00  7.983542e+00
   endloop
 endfacet
 facet normal  5.451042e-01  7.070744e-01  4.504523e-01
   outer loop
     vertex  8.389622e+01  2.600000e+00  8.460068e+00
     vertex  8.404865e+01  2.400000e+00  8.589545e+00
     vertex  8.411765e+01  2.400000e+00  8.506040e+00
   endloop
 endfacet
 facet normal  5.327063e-01  7.070744e-01  4.650482e-01
   outer loop
     vertex  8.389622e+01  2.600000e+00  8.460068e+00
     vertex  8.397741e+01  2.400000e+00  8.671151e+00
     vertex  8.404865e+01  2.400000e+00  8.589545e+00
   endloop
 endfacet
 facet normal  5.492118e-01  7.095574e-01  4.414688e-01
   outer loop
     vertex  8.389622e+01  2.600000e+00  8.460068e+00
     vertex  8.411765e+01  2.400000e+00  8.506040e+00
     vertex  8.402515e+01  2.600000e+00  8.299662e+00
   endloop
 endfacet
 facet normal  5.744096e-01  7.069771e-01  4.125979e-01
   outer loop
     vertex  8.386594e+01  2.800000e+00  8.178627e+00
     vertex  8.402515e+01  2.600000e+00  8.299662e+00
     vertex  8.414522e+01  2.600000e+00  8.132511e+00
   endloop
 endfacet
 facet normal  5.762028e-01  7.047614e-01  4.138860e-01
   outer loop
     vertex  8.386594e+01  2.800000e+00  8.178627e+00
     vertex  8.397968e+01  2.800000e+00  8.020273e+00
     vertex  8.376144e+01  3.000000e+00  7.983542e+00
   endloop
 endfacet
 facet normal  5.686917e-01  7.070744e-01  4.202803e-01
   outer loop
     vertex  8.386594e+01  2.800000e+00  8.178627e+00
     vertex  8.376144e+01  3.000000e+00  7.983542e+00
     vertex  8.370672e+01  3.000000e+00  8.057592e+00
   endloop
 endfacet
 facet normal  5.571023e-01  7.070744e-01  4.355260e-01
   outer loop
     vertex  8.386594e+01  2.800000e+00  8.178627e+00
     vertex  8.370672e+01  3.000000e+00  8.057592e+00
     vertex  8.365001e+01  3.000000e+00  8.130134e+00
   endloop
 endfacet
 facet normal  5.744096e-01  7.069771e-01  4.125979e-01
   outer loop
     vertex  8.386594e+01  2.800000e+00  8.178627e+00
     vertex  8.414522e+01  2.600000e+00  8.132511e+00
     vertex  8.397968e+01  2.800000e+00  8.020273e+00
   endloop
 endfacet
 facet normal  5.199177e-01  7.070744e-01  4.793030e-01
   outer loop
     vertex  8.375878e+01  2.600000e+00  8.613258e+00
     vertex  8.390398e+01  2.400000e+00  8.750798e+00
     vertex  8.397741e+01  2.400000e+00  8.671151e+00
   endloop
 endfacet
 facet normal  5.067479e-01  7.070744e-01  4.932063e-01
   outer loop
     vertex  8.375878e+01  2.600000e+00  8.613258e+00
     vertex  8.382843e+01  2.400000e+00  8.828427e+00
     vertex  8.390398e+01  2.400000e+00  8.750798e+00
   endloop
 endfacet
 facet normal  5.245057e-01  7.095574e-01  4.705551e-01
   outer loop
     vertex  8.375878e+01  2.600000e+00  8.613258e+00
     vertex  8.397741e+01  2.400000e+00  8.671151e+00
     vertex  8.389622e+01  2.600000e+00  8.460068e+00
   endloop
 endfacet
 facet normal  5.512296e-01  7.069771e-01  4.430907e-01
   outer loop
     vertex  8.374378e+01  2.800000e+00  8.330591e+00
     vertex  8.402515e+01  2.600000e+00  8.299662e+00
     vertex  8.386594e+01  2.800000e+00  8.178627e+00
   endloop
 endfacet
 facet normal  5.529504e-01  7.047614e-01  4.444740e-01
   outer loop
     vertex  8.374378e+01  2.800000e+00  8.330591e+00
     vertex  8.386594e+01  2.800000e+00  8.178627e+00
     vertex  8.365001e+01  3.000000e+00  8.130134e+00
   endloop
 endfacet
 facet normal  5.512296e-01  7.069771e-01  4.430907e-01
   outer loop
     vertex  8.374378e+01  2.800000e+00  8.330591e+00
     vertex  8.389622e+01  2.600000e+00  8.460068e+00
     vertex  8.402515e+01  2.600000e+00  8.299662e+00
   endloop
 endfacet
 facet normal  5.451042e-01  7.070744e-01  4.504523e-01
   outer loop
     vertex  8.374378e+01  2.800000e+00  8.330591e+00
     vertex  8.365001e+01  3.000000e+00  8.130134e+00
     vertex  8.359135e+01  3.000000e+00  8.201113e+00
   endloop
 endfacet
 facet normal  5.327063e-01  7.070744e-01  4.650482e-01
   outer loop
     vertex  8.374378e+01  2.800000e+00  8.330591e+00
     vertex  8.359135e+01  3.000000e+00  8.201113e+00
     vertex  8.353080e+01  3.000000e+00  8.270478e+00
   endloop
 endfacet
 facet normal  4.932063e-01  7.070744e-01  5.067479e-01
   outer loop
     vertex  8.361326e+01  2.600000e+00  8.758783e+00
     vertex  8.375080e+01  2.400000e+00  8.903982e+00
     vertex  8.382843e+01  2.400000e+00  8.828427e+00
   endloop
 endfacet
 facet normal  4.793030e-01  7.070744e-01  5.199177e-01
   outer loop
     vertex  8.361326e+01  2.600000e+00  8.758783e+00
     vertex  8.367115e+01  2.400000e+00  8.977407e+00
     vertex  8.375080e+01  2.400000e+00  8.903982e+00
   endloop
 endfacet
 facet normal  4.982612e-01  7.095574e-01  4.982612e-01
   outer loop
     vertex  8.361326e+01  2.600000e+00  8.758783e+00
     vertex  8.382843e+01  2.400000e+00  8.828427e+00
     vertex  8.375878e+01  2.600000e+00  8.613258e+00
   endloop
 endfacet
 facet normal  5.264327e-01  7.069771e-01  4.722838e-01
   outer loop
     vertex  8.361358e+01  2.800000e+00  8.475718e+00
     vertex  8.375878e+01  2.600000e+00  8.613258e+00
     vertex  8.389622e+01  2.600000e+00  8.460068e+00
   endloop
 endfacet
 facet normal  5.264327e-01  7.069771e-01  4.722838e-01
   outer loop
     vertex  8.361358e+01  2.800000e+00  8.475718e+00
     vertex  8.389622e+01  2.600000e+00  8.460068e+00
     vertex  8.374378e+01  2.800000e+00  8.330591e+00
   endloop
 endfacet
 facet normal  5.280762e-01  7.047614e-01  4.737583e-01
   outer loop
     vertex  8.361358e+01  2.800000e+00  8.475718e+00
     vertex  8.374378e+01  2.800000e+00  8.330591e+00
     vertex  8.353080e+01  3.000000e+00  8.270478e+00
   endloop
 endfacet
 facet normal  5.000917e-01  7.069771e-01  5.000917e-01
   outer loop
     vertex  8.361358e+01  2.800000e+00  8.475718e+00
     vertex  8.361326e+01  2.600000e+00  8.758783e+00
     vertex  8.375878e+01  2.600000e+00  8.613258e+00
   endloop
 endfacet
 facet normal  5.199177e-01  7.070744e-01  4.793030e-01
   outer loop
     vertex  8.361358e+01  2.800000e+00  8.475718e+00
     vertex  8.353080e+01  3.000000e+00  8.270478e+00
     vertex  8.346838e+01  3.000000e+00  8.338178e+00
   endloop
 endfacet
 facet normal  5.067479e-01  7.070744e-01  4.932063e-01
   outer loop
     vertex  8.361358e+01  2.800000e+00  8.475718e+00
     vertex  8.346838e+01  3.000000e+00  8.338178e+00
     vertex  8.340416e+01  3.000000e+00  8.404163e+00
   endloop
 endfacet
 facet normal  4.650482e-01  7.070744e-01  5.327063e-01
   outer loop
     vertex  8.346007e+01  2.600000e+00  8.896216e+00
     vertex  8.358955e+01  2.400000e+00  9.048648e+00
     vertex  8.367115e+01  2.400000e+00  8.977407e+00
   endloop
 endfacet
 facet normal  4.504523e-01  7.070744e-01  5.451042e-01
   outer loop
     vertex  8.346007e+01  2.600000e+00  8.896216e+00
     vertex  8.350604e+01  2.400000e+00  9.117654e+00
     vertex  8.358955e+01  2.400000e+00  9.048648e+00
   endloop
 endfacet
 facet normal  4.705551e-01  7.095574e-01  5.245057e-01
   outer loop
     vertex  8.346007e+01  2.600000e+00  8.896216e+00
     vertex  8.367115e+01  2.400000e+00  8.977407e+00
     vertex  8.361326e+01  2.600000e+00  8.758783e+00
   endloop
 endfacet
 facet normal  5.000917e-01  7.069771e-01  5.000917e-01
   outer loop
     vertex  8.347572e+01  2.800000e+00  8.613584e+00
     vertex  8.361326e+01  2.600000e+00  8.758783e+00
     vertex  8.361358e+01  2.800000e+00  8.475718e+00
   endloop
 endfacet
 facet normal  5.016529e-01  7.047614e-01  5.016529e-01
   outer loop
     vertex  8.347572e+01  2.800000e+00  8.613584e+00
     vertex  8.361358e+01  2.800000e+00  8.475718e+00
     vertex  8.340416e+01  3.000000e+00  8.404163e+00
   endloop
 endfacet
 facet normal  4.932063e-01  7.070744e-01  5.067479e-01
   outer loop
     vertex  8.347572e+01  2.800000e+00  8.613584e+00
     vertex  8.340416e+01  3.000000e+00  8.404163e+00
     vertex  8.333818e+01  3.000000e+00  8.468385e+00
   endloop
 endfacet
 facet normal  4.793030e-01  7.070744e-01  5.199177e-01
   outer loop
     vertex  8.347572e+01  2.800000e+00  8.613584e+00
     vertex  8.333818e+01  3.000000e+00  8.468385e+00
     vertex  8.327048e+01  3.000000e+00  8.530796e+00
   endloop
 endfacet
 facet normal  4.414688e-01  7.095574e-01  5.492118e-01
   outer loop
     vertex  8.329966e+01  2.600000e+00  9.025154e+00
     vertex  8.350604e+01  2.400000e+00  9.117654e+00
     vertex  8.346007e+01  2.600000e+00  8.896216e+00
   endloop
 endfacet
 facet normal  4.355260e-01  7.070744e-01  5.571023e-01
   outer loop
     vertex  8.329966e+01  2.600000e+00  9.025154e+00
     vertex  8.342070e+01  2.400000e+00  9.184372e+00
     vertex  8.350604e+01  2.400000e+00  9.117654e+00
   endloop
 endfacet
 facet normal  4.202803e-01  7.070744e-01  5.686917e-01
   outer loop
     vertex  8.329966e+01  2.600000e+00  9.025154e+00
     vertex  8.333358e+01  2.400000e+00  9.248755e+00
     vertex  8.342070e+01  2.400000e+00  9.184372e+00
   endloop
 endfacet
 facet normal  4.722838e-01  7.069771e-01  5.264327e-01
   outer loop
     vertex  8.333059e+01  2.800000e+00  8.743783e+00
     vertex  8.346007e+01  2.600000e+00  8.896216e+00
     vertex  8.361326e+01  2.600000e+00  8.758783e+00
   endloop
 endfacet
 facet normal  4.737583e-01  7.047614e-01  5.280762e-01
   outer loop
     vertex  8.333059e+01  2.800000e+00  8.743783e+00
     vertex  8.347572e+01  2.800000e+00  8.613584e+00
     vertex  8.327048e+01  3.000000e+00  8.530796e+00
   endloop
 endfacet
 facet normal  4.650482e-01  7.070744e-01  5.327063e-01
   outer loop
     vertex  8.333059e+01  2.800000e+00  8.743783e+00
     vertex  8.327048e+01  3.000000e+00  8.530796e+00
     vertex  8.320111e+01  3.000000e+00  8.591351e+00
   endloop
 endfacet
 facet normal  4.504523e-01  7.070744e-01  5.451042e-01
   outer loop
     vertex  8.333059e+01  2.800000e+00  8.743783e+00
     vertex  8.320111e+01  3.000000e+00  8.591351e+00
     vertex  8.313013e+01  3.000000e+00  8.650005e+00
   endloop
 endfacet
 facet normal  4.722838e-01  7.069771e-01  5.264327e-01
   outer loop
     vertex  8.333059e+01  2.800000e+00  8.743783e+00
     vertex  8.361326e+01  2.600000e+00  8.758783e+00
     vertex  8.347572e+01  2.800000e+00  8.613584e+00
   endloop
 endfacet
 facet normal  4.047264e-01  7.070744e-01  5.798641e-01
   outer loop
     vertex  8.313251e+01  2.600000e+00  9.145218e+00
     vertex  8.324475e+01  2.400000e+00  9.310756e+00
     vertex  8.333358e+01  2.400000e+00  9.248755e+00
   endloop
 endfacet
 facet normal  3.888756e-01  7.070744e-01  5.906112e-01
   outer loop
     vertex  8.313251e+01  2.600000e+00  9.145218e+00
     vertex  8.315427e+01  2.400000e+00  9.370328e+00
     vertex  8.324475e+01  2.400000e+00  9.310756e+00
   endloop
 endfacet
 facet normal  4.110876e-01  7.095574e-01  5.723070e-01
   outer loop
     vertex  8.313251e+01  2.600000e+00  9.145218e+00
     vertex  8.333358e+01  2.400000e+00  9.248755e+00
     vertex  8.329966e+01  2.600000e+00  9.025154e+00
   endloop
 endfacet
 facet normal  4.430907e-01  7.069771e-01  5.512296e-01
   outer loop
     vertex  8.317863e+01  2.800000e+00  8.865935e+00
     vertex  8.346007e+01  2.600000e+00  8.896216e+00
     vertex  8.333059e+01  2.800000e+00  8.743783e+00
   endloop
 endfacet
 facet normal  4.444740e-01  7.047614e-01  5.529504e-01
   outer loop
     vertex  8.317863e+01  2.800000e+00  8.865935e+00
     vertex  8.333059e+01  2.800000e+00  8.743783e+00
     vertex  8.313013e+01  3.000000e+00  8.650005e+00
   endloop
 endfacet
 facet normal  4.430907e-01  7.069771e-01  5.512296e-01
   outer loop
     vertex  8.317863e+01  2.800000e+00  8.865935e+00
     vertex  8.329966e+01  2.600000e+00  9.025154e+00
     vertex  8.346007e+01  2.600000e+00  8.896216e+00
   endloop
 endfacet
 facet normal  4.355260e-01  7.070744e-01  5.571023e-01
   outer loop
     vertex  8.317863e+01  2.800000e+00  8.865935e+00
     vertex  8.313013e+01  3.000000e+00  8.650005e+00
     vertex  8.305759e+01  3.000000e+00  8.706716e+00
   endloop
 endfacet
 facet normal  4.202803e-01  7.070744e-01  5.686917e-01
   outer loop
     vertex  8.317863e+01  2.800000e+00  8.865935e+00
     vertex  8.305759e+01  3.000000e+00  8.706716e+00
     vertex  8.298354e+01  3.000000e+00  8.761442e+00
   endloop
 endfacet
 facet normal  3.727396e-01  7.070744e-01  6.009251e-01
   outer loop
     vertex  8.295910e+01  2.600000e+00  9.256057e+00
     vertex  8.306222e+01  2.400000e+00  9.427429e+00
     vertex  8.315427e+01  2.400000e+00  9.370328e+00
   endloop
 endfacet
 facet normal  3.563302e-01  7.070744e-01  6.107983e-01
   outer loop
     vertex  8.295910e+01  2.600000e+00  9.256057e+00
     vertex  8.296865e+01  2.400000e+00  9.482015e+00
     vertex  8.306222e+01  2.400000e+00  9.427429e+00
   endloop
 endfacet
 facet normal  3.795007e-01  7.095574e-01  5.937235e-01
   outer loop
     vertex  8.295910e+01  2.600000e+00  9.256057e+00
     vertex  8.315427e+01  2.400000e+00  9.370328e+00
     vertex  8.313251e+01  2.600000e+00  9.145218e+00
   endloop
 endfacet
 facet normal  4.125979e-01  7.069771e-01  5.744096e-01
   outer loop
     vertex  8.302027e+01  2.800000e+00  8.979680e+00
     vertex  8.313251e+01  2.600000e+00  9.145218e+00
     vertex  8.329966e+01  2.600000e+00  9.025154e+00
   endloop
 endfacet
 facet normal  4.138860e-01  7.047614e-01  5.762028e-01
   outer loop
     vertex  8.302027e+01  2.800000e+00  8.979680e+00
     vertex  8.317863e+01  2.800000e+00  8.865935e+00
     vertex  8.298354e+01  3.000000e+00  8.761442e+00
   endloop
 endfacet
 facet normal  4.125979e-01  7.069771e-01  5.744096e-01
   outer loop
     vertex  8.302027e+01  2.800000e+00  8.979680e+00
     vertex  8.329966e+01  2.600000e+00  9.025154e+00
     vertex  8.317863e+01  2.800000e+00  8.865935e+00
   endloop
 endfacet
 facet normal  3.808949e-01  7.069771e-01  5.959048e-01
   outer loop
     vertex  8.302027e+01  2.800000e+00  8.979680e+00
     vertex  8.295910e+01  2.600000e+00  9.256057e+00
     vertex  8.313251e+01  2.600000e+00  9.145218e+00
   endloop
 endfacet
 facet normal  4.047264e-01  7.070744e-01  5.798641e-01
   outer loop
     vertex  8.302027e+01  2.800000e+00  8.979680e+00
     vertex  8.298354e+01  3.000000e+00  8.761442e+00
     vertex  8.290804e+01  3.000000e+00  8.814143e+00
   endloop
 endfacet
 facet normal  3.888756e-01  7.070744e-01  5.906112e-01
   outer loop
     vertex  8.302027e+01  2.800000e+00  8.979680e+00
     vertex  8.290804e+01  3.000000e+00  8.814143e+00
     vertex  8.283113e+01  3.000000e+00  8.864779e+00
   endloop
 endfacet
 facet normal  3.396595e-01  7.070744e-01  6.202236e-01
   outer loop
     vertex  8.277995e+01  2.600000e+00  9.357346e+00
     vertex  8.287363e+01  2.400000e+00  9.534048e+00
     vertex  8.296865e+01  2.400000e+00  9.482015e+00
   endloop
 endfacet
 facet normal  3.227397e-01  7.070744e-01  6.291939e-01
   outer loop
     vertex  8.277995e+01  2.600000e+00  9.357346e+00
     vertex  8.277725e+01  2.400000e+00  9.583489e+00
     vertex  8.287363e+01  2.400000e+00  9.534048e+00
   endloop
 endfacet
 facet normal  3.468006e-01  7.095574e-01  6.133985e-01
   outer loop
     vertex  8.277995e+01  2.600000e+00  9.357346e+00
     vertex  8.296865e+01  2.400000e+00  9.482015e+00
     vertex  8.295910e+01  2.600000e+00  9.256057e+00
   endloop
 endfacet
 facet normal  3.480746e-01  7.069771e-01  6.156520e-01
   outer loop
     vertex  8.285599e+01  2.800000e+00  9.084686e+00
     vertex  8.277995e+01  2.600000e+00  9.357346e+00
     vertex  8.295910e+01  2.600000e+00  9.256057e+00
   endloop
 endfacet
 facet normal  3.808949e-01  7.069771e-01  5.959048e-01
   outer loop
     vertex  8.285599e+01  2.800000e+00  9.084686e+00
     vertex  8.295910e+01  2.600000e+00  9.256057e+00
     vertex  8.302027e+01  2.800000e+00  8.979680e+00
   endloop
 endfacet
 facet normal  3.820840e-01  7.047614e-01  5.977651e-01
   outer loop
     vertex  8.285599e+01  2.800000e+00  9.084686e+00
     vertex  8.302027e+01  2.800000e+00  8.979680e+00
     vertex  8.283113e+01  3.000000e+00  8.864779e+00
   endloop
 endfacet
 facet normal  3.727396e-01  7.070744e-01  6.009251e-01
   outer loop
     vertex  8.285599e+01  2.800000e+00  9.084686e+00
     vertex  8.283113e+01  3.000000e+00  8.864779e+00
     vertex  8.275288e+01  3.000000e+00  8.913314e+00
   endloop
 endfacet
 facet normal  3.563302e-01  7.070744e-01  6.107983e-01
   outer loop
     vertex  8.285599e+01  2.800000e+00  9.084686e+00
     vertex  8.275288e+01  3.000000e+00  8.913314e+00
     vertex  8.267335e+01  3.000000e+00  8.959713e+00
   endloop
 endfacet
 facet normal  3.055831e-01  7.070744e-01  6.377027e-01
   outer loop
     vertex  8.259558e+01  2.600000e+00  9.448787e+00
     vertex  8.267956e+01  2.400000e+00  9.630302e+00
     vertex  8.277725e+01  2.400000e+00  9.583489e+00
   endloop
 endfacet
 facet normal  2.882025e-01  7.070744e-01  6.457439e-01
   outer loop
     vertex  8.259558e+01  2.600000e+00  9.448787e+00
     vertex  8.258063e+01  2.400000e+00  9.674452e+00
     vertex  8.267956e+01  2.400000e+00  9.630302e+00
   endloop
 endfacet
 facet normal  3.130832e-01  7.095574e-01  6.312743e-01
   outer loop
     vertex  8.259558e+01  2.600000e+00  9.448787e+00
     vertex  8.277725e+01  2.400000e+00  9.583489e+00
     vertex  8.277995e+01  2.600000e+00  9.357346e+00
   endloop
 endfacet
 facet normal  3.227397e-01  7.070744e-01  6.291939e-01
   outer loop
     vertex  8.268627e+01  2.800000e+00  9.180643e+00
     vertex  8.259259e+01  3.000000e+00  9.003941e+00
     vertex  8.251066e+01  3.000000e+00  9.045966e+00
   endloop
 endfacet
 facet normal  3.491613e-01  7.047614e-01  6.175740e-01
   outer loop
     vertex  8.268627e+01  2.800000e+00  9.180643e+00
     vertex  8.285599e+01  2.800000e+00  9.084686e+00
     vertex  8.267335e+01  3.000000e+00  8.959713e+00
   endloop
 endfacet
 facet normal  3.480746e-01  7.069771e-01  6.156520e-01
   outer loop
     vertex  8.268627e+01  2.800000e+00  9.180643e+00
     vertex  8.277995e+01  2.600000e+00  9.357346e+00
     vertex  8.285599e+01  2.800000e+00  9.084686e+00
   endloop
 endfacet
 facet normal  3.396595e-01  7.070744e-01  6.202236e-01
   outer loop
     vertex  8.268627e+01  2.800000e+00  9.180643e+00
     vertex  8.267335e+01  3.000000e+00  8.959713e+00
     vertex  8.259259e+01  3.000000e+00  9.003941e+00
   endloop
 endfacet
 facet normal  2.706105e-01  7.070744e-01  6.533114e-01
   outer loop
     vertex  8.240652e+01  2.600000e+00  9.530112e+00
     vertex  8.248055e+01  2.400000e+00  9.715907e+00
     vertex  8.258063e+01  2.400000e+00  9.674452e+00
   endloop
 endfacet
 facet normal  2.528199e-01  7.070744e-01  6.603998e-01
   outer loop
     vertex  8.240652e+01  2.600000e+00  9.530112e+00
     vertex  8.237939e+01  2.400000e+00  9.754637e+00
     vertex  8.248055e+01  2.400000e+00  9.715907e+00
   endloop
 endfacet
 facet normal  2.784475e-01  7.095574e-01  6.472985e-01
   outer loop
     vertex  8.240652e+01  2.600000e+00  9.530112e+00
     vertex  8.258063e+01  2.400000e+00  9.674452e+00
     vertex  8.259558e+01  2.600000e+00  9.448787e+00
   endloop
 endfacet
 facet normal  3.055831e-01  7.070744e-01  6.377027e-01
   outer loop
     vertex  8.251160e+01  2.800000e+00  9.267272e+00
     vertex  8.251066e+01  3.000000e+00  9.045966e+00
     vertex  8.242762e+01  3.000000e+00  9.085756e+00
   endloop
 endfacet
 facet normal  2.882025e-01  7.070744e-01  6.457439e-01
   outer loop
     vertex  8.251160e+01  2.800000e+00  9.267272e+00
     vertex  8.242762e+01  3.000000e+00  9.085756e+00
     vertex  8.234354e+01  3.000000e+00  9.123284e+00
   endloop
 endfacet
 facet normal  3.142334e-01  7.069771e-01  6.335935e-01
   outer loop
     vertex  8.251160e+01  2.800000e+00  9.267272e+00
     vertex  8.277995e+01  2.600000e+00  9.357346e+00
     vertex  8.268627e+01  2.800000e+00  9.180643e+00
   endloop
 endfacet
 facet normal  3.152144e-01  7.047614e-01  6.355715e-01
   outer loop
     vertex  8.251160e+01  2.800000e+00  9.267272e+00
     vertex  8.268627e+01  2.800000e+00  9.180643e+00
     vertex  8.251066e+01  3.000000e+00  9.045966e+00
   endloop
 endfacet
 facet normal  3.142334e-01  7.069771e-01  6.335935e-01
   outer loop
     vertex  8.251160e+01  2.800000e+00  9.267272e+00
     vertex  8.259558e+01  2.600000e+00  9.448787e+00
     vertex  8.277995e+01  2.600000e+00  9.357346e+00
   endloop
 endfacet
 facet normal  2.429951e-01  7.095574e-01  6.614240e-01
   outer loop
     vertex  8.221335e+01  2.600000e+00  9.601082e+00
     vertex  8.237939e+01  2.400000e+00  9.754637e+00
     vertex  8.240652e+01  2.600000e+00  9.530112e+00
   endloop
 endfacet
 facet normal  2.348440e-01  7.070744e-01  6.670038e-01
   outer loop
     vertex  8.221335e+01  2.600000e+00  9.601082e+00
     vertex  8.227721e+01  2.400000e+00  9.790613e+00
     vertex  8.237939e+01  2.400000e+00  9.754637e+00
   endloop
 endfacet
 facet normal  2.166958e-01  7.070744e-01  6.731187e-01
   outer loop
     vertex  8.221335e+01  2.600000e+00  9.601082e+00
     vertex  8.217409e+01  2.400000e+00  9.823809e+00
     vertex  8.227721e+01  2.400000e+00  9.790613e+00
   endloop
 endfacet
 facet normal  2.706105e-01  7.070744e-01  6.533114e-01
   outer loop
     vertex  8.233250e+01  2.800000e+00  9.344316e+00
     vertex  8.234354e+01  3.000000e+00  9.123284e+00
     vertex  8.225847e+01  3.000000e+00  9.158521e+00
   endloop
 endfacet
 facet normal  2.528199e-01  7.070744e-01  6.603998e-01
   outer loop
     vertex  8.233250e+01  2.800000e+00  9.344316e+00
     vertex  8.225847e+01  3.000000e+00  9.158521e+00
     vertex  8.217248e+01  3.000000e+00  9.191441e+00
   endloop
 endfacet
 facet normal  2.794705e-01  7.069771e-01  6.496765e-01
   outer loop
     vertex  8.233250e+01  2.800000e+00  9.344316e+00
     vertex  8.240652e+01  2.600000e+00  9.530112e+00
     vertex  8.259558e+01  2.600000e+00  9.448787e+00
   endloop
 endfacet
 facet normal  2.794705e-01  7.069771e-01  6.496765e-01
   outer loop
     vertex  8.233250e+01  2.800000e+00  9.344316e+00
     vertex  8.259558e+01  2.600000e+00  9.448787e+00
     vertex  8.251160e+01  2.800000e+00  9.267272e+00
   endloop
 endfacet
 facet normal  2.803430e-01  7.047614e-01  6.517048e-01
   outer loop
     vertex  8.233250e+01  2.800000e+00  9.344316e+00
     vertex  8.251160e+01  2.800000e+00  9.267272e+00
     vertex  8.234354e+01  3.000000e+00  9.123284e+00
   endloop
 endfacet
 facet normal  1.983887e-01  7.070744e-01  6.787398e-01
   outer loop
     vertex  8.201661e+01  2.600000e+00  9.661490e+00
     vertex  8.207011e+01  2.400000e+00  9.854200e+00
     vertex  8.217409e+01  2.400000e+00  9.823809e+00
   endloop
 endfacet
 facet normal  1.799361e-01  7.070744e-01  6.838632e-01
   outer loop
     vertex  8.201661e+01  2.600000e+00  9.661490e+00
     vertex  8.196535e+01  2.400000e+00  9.881765e+00
     vertex  8.207011e+01  2.400000e+00  9.854200e+00
   endloop
 endfacet
 facet normal  2.068300e-01  7.095574e-01  6.736095e-01
   outer loop
     vertex  8.201661e+01  2.600000e+00  9.661490e+00
     vertex  8.217409e+01  2.400000e+00  9.823809e+00
     vertex  8.221335e+01  2.600000e+00  9.601082e+00
   endloop
 endfacet
 facet normal  2.348440e-01  7.070744e-01  6.670038e-01
   outer loop
     vertex  8.214949e+01  2.800000e+00  9.411551e+00
     vertex  8.217248e+01  3.000000e+00  9.191441e+00
     vertex  8.208563e+01  3.000000e+00  9.222021e+00
   endloop
 endfacet
 facet normal  2.166958e-01  7.070744e-01  6.731187e-01
   outer loop
     vertex  8.214949e+01  2.800000e+00  9.411551e+00
     vertex  8.208563e+01  3.000000e+00  9.222021e+00
     vertex  8.199798e+01  3.000000e+00  9.250237e+00
   endloop
 endfacet
 facet normal  2.446493e-01  7.047614e-01  6.659265e-01
   outer loop
     vertex  8.214949e+01  2.800000e+00  9.411551e+00
     vertex  8.233250e+01  2.800000e+00  9.344316e+00
     vertex  8.217248e+01  3.000000e+00  9.191441e+00
   endloop
 endfacet
 facet normal  2.438879e-01  7.069771e-01  6.638540e-01
   outer loop
     vertex  8.214949e+01  2.800000e+00  9.411551e+00
     vertex  8.221335e+01  2.600000e+00  9.601082e+00
     vertex  8.240652e+01  2.600000e+00  9.530112e+00
   endloop
 endfacet
 facet normal  2.438879e-01  7.069771e-01  6.638540e-01
   outer loop
     vertex  8.214949e+01  2.800000e+00  9.411551e+00
     vertex  8.240652e+01  2.600000e+00  9.530112e+00
     vertex  8.233250e+01  2.800000e+00  9.344316e+00
   endloop
 endfacet
 facet normal  1.700582e-01  7.095574e-01  6.838191e-01
   outer loop
     vertex  8.181689e+01  2.600000e+00  9.711158e+00
     vertex  8.196535e+01  2.400000e+00  9.881765e+00
     vertex  8.201661e+01  2.600000e+00  9.661490e+00
   endloop
 endfacet
 facet normal  1.613515e-01  7.070744e-01  6.884849e-01
   outer loop
     vertex  8.181689e+01  2.600000e+00  9.711158e+00
     vertex  8.185988e+01  2.400000e+00  9.906482e+00
     vertex  8.196535e+01  2.400000e+00  9.881765e+00
   endloop
 endfacet
 facet normal  1.426486e-01  7.070744e-01  6.926018e-01
   outer loop
     vertex  8.181689e+01  2.600000e+00  9.711158e+00
     vertex  8.175378e+01  2.400000e+00  9.928335e+00
     vertex  8.185988e+01  2.400000e+00  9.906482e+00
   endloop
 endfacet
 facet normal  1.983887e-01  7.070744e-01  6.787398e-01
   outer loop
     vertex  8.196310e+01  2.800000e+00  9.468780e+00
     vertex  8.199798e+01  3.000000e+00  9.250237e+00
     vertex  8.190960e+01  3.000000e+00  9.276070e+00
   endloop
 endfacet
 facet normal  1.799361e-01  7.070744e-01  6.838632e-01
   outer loop
     vertex  8.196310e+01  2.800000e+00  9.468780e+00
     vertex  8.190960e+01  3.000000e+00  9.276070e+00
     vertex  8.182055e+01  3.000000e+00  9.299500e+00
   endloop
 endfacet
 facet normal  2.082379e-01  7.047614e-01  6.781949e-01
   outer loop
     vertex  8.196310e+01  2.800000e+00  9.468780e+00
     vertex  8.214949e+01  2.800000e+00  9.411551e+00
     vertex  8.199798e+01  3.000000e+00  9.250237e+00
   endloop
 endfacet
 facet normal  2.075899e-01  7.069771e-01  6.760842e-01
   outer loop
     vertex  8.196310e+01  2.800000e+00  9.468780e+00
     vertex  8.201661e+01  2.600000e+00  9.661490e+00
     vertex  8.221335e+01  2.600000e+00  9.601082e+00
   endloop
 endfacet
 facet normal  1.706830e-01  7.069771e-01  6.863313e-01
   outer loop
     vertex  8.196310e+01  2.800000e+00  9.468780e+00
     vertex  8.181689e+01  2.600000e+00  9.711158e+00
     vertex  8.201661e+01  2.600000e+00  9.661490e+00
   endloop
 endfacet
 facet normal  2.075899e-01  7.069771e-01  6.760842e-01
   outer loop
     vertex  8.196310e+01  2.800000e+00  9.468780e+00
     vertex  8.221335e+01  2.600000e+00  9.601082e+00
     vertex  8.214949e+01  2.800000e+00  9.411551e+00
   endloop
 endfacet
 facet normal  1.327876e-01  7.095574e-01  6.920230e-01
   outer loop
     vertex  8.161477e+01  2.600000e+00  9.749941e+00
     vertex  8.175378e+01  2.400000e+00  9.928335e+00
     vertex  8.181689e+01  2.600000e+00  9.711158e+00
   endloop
 endfacet
 facet normal  1.238411e-01  7.070744e-01  6.962106e-01
   outer loop
     vertex  8.161477e+01  2.600000e+00  9.749941e+00
     vertex  8.164713e+01  2.400000e+00  9.947306e+00
     vertex  8.175378e+01  2.400000e+00  9.928335e+00
   endloop
 endfacet
 facet normal  1.049427e-01  7.070744e-01  6.993089e-01
   outer loop
     vertex  8.161477e+01  2.600000e+00  9.749941e+00
     vertex  8.154000e+01  2.400000e+00  9.963382e+00
     vertex  8.164713e+01  2.400000e+00  9.947306e+00
   endloop
 endfacet
 facet normal  1.613515e-01  7.070744e-01  6.884849e-01
   outer loop
     vertex  8.177389e+01  2.800000e+00  9.515834e+00
     vertex  8.182055e+01  3.000000e+00  9.299500e+00
     vertex  8.173090e+01  3.000000e+00  9.320510e+00
   endloop
 endfacet
 facet normal  1.426486e-01  7.070744e-01  6.926018e-01
   outer loop
     vertex  8.177389e+01  2.800000e+00  9.515834e+00
     vertex  8.173090e+01  3.000000e+00  9.320510e+00
     vertex  8.164071e+01  3.000000e+00  9.339085e+00
   endloop
 endfacet
 facet normal  1.712158e-01  7.047614e-01  6.884740e-01
   outer loop
     vertex  8.177389e+01  2.800000e+00  9.515834e+00
     vertex  8.196310e+01  2.800000e+00  9.468780e+00
     vertex  8.182055e+01  3.000000e+00  9.299500e+00
   endloop
 endfacet
 facet normal  1.706830e-01  7.069771e-01  6.863313e-01
   outer loop
     vertex  8.177389e+01  2.800000e+00  9.515834e+00
     vertex  8.181689e+01  2.600000e+00  9.711158e+00
     vertex  8.196310e+01  2.800000e+00  9.468780e+00
   endloop
 endfacet
 facet normal  8.596738e-02  7.070744e-01  7.018942e-01
   outer loop
     vertex  8.141085e+01  2.600000e+00  9.777724e+00
     vertex  8.143248e+01  2.400000e+00  9.976552e+00
     vertex  8.154000e+01  2.400000e+00  9.963382e+00
   endloop
 endfacet
 facet normal  6.692899e-02  7.070744e-01  7.039647e-01
   outer loop
     vertex  8.141085e+01  2.600000e+00  9.777724e+00
     vertex  8.132463e+01  2.400000e+00  9.986805e+00
     vertex  8.143248e+01  2.400000e+00  9.976552e+00
   endloop
 endfacet
 facet normal  9.512745e-02  7.095574e-01  6.981971e-01
   outer loop
     vertex  8.141085e+01  2.600000e+00  9.777724e+00
     vertex  8.154000e+01  2.400000e+00  9.963382e+00
     vertex  8.161477e+01  2.600000e+00  9.749941e+00
   endloop
 endfacet
 facet normal  1.238411e-01  7.070744e-01  6.962106e-01
   outer loop
     vertex  8.158242e+01  2.800000e+00  9.552575e+00
     vertex  8.164071e+01  3.000000e+00  9.339085e+00
     vertex  8.155006e+01  3.000000e+00  9.355210e+00
   endloop
 endfacet
 facet normal  1.049427e-01  7.070744e-01  6.993089e-01
   outer loop
     vertex  8.158242e+01  2.800000e+00  9.552575e+00
     vertex  8.155006e+01  3.000000e+00  9.355210e+00
     vertex  8.145900e+01  3.000000e+00  9.368875e+00
   endloop
 endfacet
 facet normal  1.332754e-01  7.069771e-01  6.945654e-01
   outer loop
     vertex  8.158242e+01  2.800000e+00  9.552575e+00
     vertex  8.161477e+01  2.600000e+00  9.749941e+00
     vertex  8.181689e+01  2.600000e+00  9.711158e+00
   endloop
 endfacet
 facet normal  1.336915e-01  7.047614e-01  6.967337e-01
   outer loop
     vertex  8.158242e+01  2.800000e+00  9.552575e+00
     vertex  8.177389e+01  2.800000e+00  9.515834e+00
     vertex  8.164071e+01  3.000000e+00  9.339085e+00
   endloop
 endfacet
 facet normal  1.332754e-01  7.069771e-01  6.945654e-01
   outer loop
     vertex  8.158242e+01  2.800000e+00  9.552575e+00
     vertex  8.181689e+01  2.600000e+00  9.711158e+00
     vertex  8.177389e+01  2.800000e+00  9.515834e+00
   endloop
 endfacet
 facet normal  5.718831e-02  7.095574e-01  7.023232e-01
   outer loop
     vertex  8.120573e+01  2.600000e+00  9.794427e+00
     vertex  8.132463e+01  2.400000e+00  9.986805e+00
     vertex  8.141085e+01  2.600000e+00  9.777724e+00
   endloop
 endfacet
 facet normal  4.784152e-02  7.070744e-01  7.055190e-01
   outer loop
     vertex  8.120573e+01  2.600000e+00  9.794427e+00
     vertex  8.121656e+01  2.400000e+00  9.994134e+00
     vertex  8.132463e+01  2.400000e+00  9.986805e+00
   endloop
 endfacet
 facet normal  2.871895e-02  7.070744e-01  7.065558e-01
   outer loop
     vertex  8.120573e+01  2.600000e+00  9.794427e+00
     vertex  8.110832e+01  2.400000e+00  9.998533e+00
     vertex  8.121656e+01  2.400000e+00  9.994134e+00
   endloop
 endfacet
 facet normal  9.508848e-03  7.119503e-01  7.021655e-01
   outer loop
     vertex  8.120573e+01  2.600000e+00  9.794427e+00
     vertex  8.100000e+01  2.400000e+00  1.000000e+01
     vertex  8.110832e+01  2.400000e+00  9.998533e+00
   endloop
 endfacet
 facet normal  8.596738e-02  7.070744e-01  7.018942e-01
   outer loop
     vertex  8.138923e+01  2.800000e+00  9.578897e+00
     vertex  8.145900e+01  3.000000e+00  9.368875e+00
     vertex  8.136760e+01  3.000000e+00  9.380069e+00
   endloop
 endfacet
 facet normal  6.692899e-02  7.070744e-01  7.039647e-01
   outer loop
     vertex  8.138923e+01  2.800000e+00  9.578897e+00
     vertex  8.136760e+01  3.000000e+00  9.380069e+00
     vertex  8.127594e+01  3.000000e+00  9.388784e+00
   endloop
 endfacet
 facet normal  9.577500e-02  7.047614e-01  7.029498e-01
   outer loop
     vertex  8.138923e+01  2.800000e+00  9.578897e+00
     vertex  8.158242e+01  2.800000e+00  9.552575e+00
     vertex  8.145900e+01  3.000000e+00  9.368875e+00
   endloop
 endfacet
 facet normal  9.547693e-02  7.069771e-01  7.007621e-01
   outer loop
     vertex  8.138923e+01  2.800000e+00  9.578897e+00
     vertex  8.141085e+01  2.600000e+00  9.777724e+00
     vertex  8.161477e+01  2.600000e+00  9.749941e+00
   endloop
 endfacet
 facet normal  9.547693e-02  7.069771e-01  7.007621e-01
   outer loop
     vertex  8.138923e+01  2.800000e+00  9.578897e+00
     vertex  8.161477e+01  2.600000e+00  9.749941e+00
     vertex  8.158242e+01  2.800000e+00  9.552575e+00
   endloop
 endfacet
 facet normal  4.784152e-02  7.070744e-01  7.055190e-01
   outer loop
     vertex  8.119490e+01  2.800000e+00  9.594720e+00
     vertex  8.127594e+01  3.000000e+00  9.388784e+00
     vertex  8.118407e+01  3.000000e+00  9.395014e+00
   endloop
 endfacet
 facet normal  2.871895e-02  7.070744e-01  7.065558e-01
   outer loop
     vertex  8.119490e+01  2.800000e+00  9.594720e+00
     vertex  8.118407e+01  3.000000e+00  9.395014e+00
     vertex  8.109207e+01  3.000000e+00  9.398753e+00
   endloop
 endfacet
 facet normal  9.638732e-03  7.023601e-01  7.117565e-01
   outer loop
     vertex  8.119490e+01  2.800000e+00  9.594720e+00
     vertex  8.109207e+01  3.000000e+00  9.398753e+00
     vertex  8.100000e+01  3.000000e+00  9.400000e+00
   endloop
 endfacet
 facet normal  1.915153e-02  7.069771e-01  7.069771e-01
   outer loop
     vertex  8.119490e+01  2.800000e+00  9.594720e+00
     vertex  8.100000e+01  3.000000e+00  9.400000e+00
     vertex  8.100000e+01  2.400000e+00  1.000000e+01
   endloop
 endfacet
 facet normal  5.757760e-02  7.047614e-01  7.071040e-01
   outer loop
     vertex  8.119490e+01  2.800000e+00  9.594720e+00
     vertex  8.138923e+01  2.800000e+00  9.578897e+00
     vertex  8.127594e+01  3.000000e+00  9.388784e+00
   endloop
 endfacet
 facet normal  1.915153e-02  7.069771e-01  7.069771e-01
   outer loop
     vertex  8.119490e+01  2.800000e+00  9.594720e+00
     vertex  8.100000e+01  2.400000e+00  1.000000e+01
     vertex  8.120573e+01  2.600000e+00  9.794427e+00
   endloop
 endfacet
 facet normal  5.739841e-02  7.069771e-01  7.049034e-01
   outer loop
     vertex  8.119490e+01  2.800000e+00  9.594720e+00
     vertex  8.141085e+01  2.600000e+00  9.777724e+00
     vertex  8.138923e+01  2.800000e+00  9.578897e+00
   endloop
 endfacet
 facet normal  5.739841e-02  7.069771e-01  7.049034e-01
   outer loop
     vertex  8.119490e+01  2.800000e+00  9.594720e+00
     vertex  8.120573e+01  2.600000e+00  9.794427e+00
     vertex  8.141085e+01  2.600000e+00  9.777724e+00
   endloop
 endfacet
 facet normal -4.458287e-17  7.071068e-01  7.071068e-01
   outer loop
     vertex -8.100000e+01  3.000000e+00  9.400000e+00
     vertex  8.100000e+01  2.400000e+00  1.000000e+01
     vertex  8.100000e+01  3.000000e+00  9.400000e+00
   endloop
 endfacet
 facet normal -2.140301e-17  7.071068e-01  7.071068e-01
   outer loop
     vertex -8.100000e+01  3.000000e+00  9.400000e+00
     vertex -8.100000e+01  2.400000e+00  1.000000e+01
     vertex  8.100000e+01  2.400000e+00  1.000000e+01
   endloop
 endfacet
endsolid
