solid 
 facet normal  0.000000e+00  0.000000e+00  1.000000e+00
   outer loop
     vertex  2.700000e+01 -1.844000e+02  4.180000e+02
     vertex  2.000000e+01 -1.900000e+02  4.180000e+02
     vertex  2.700000e+01 -1.900000e+02  4.180000e+02
   endloop
 endfacet
 facet normal  0.000000e+00  0.000000e+00  1.000000e+00
   outer loop
     vertex  2.560000e+01 -1.830000e+02  4.180000e+02
     vertex  2.000000e+01 -1.830000e+02  4.180000e+02
     vertex  2.000000e+01 -1.900000e+02  4.180000e+02
   endloop
 endfacet
 facet normal  0.000000e+00  0.000000e+00  1.000000e+00
   outer loop
     vertex  2.560000e+01 -1.830000e+02  4.180000e+02
     vertex  2.000000e+01 -1.900000e+02  4.180000e+02
     vertex  2.700000e+01 -1.844000e+02  4.180000e+02
   endloop
 endfacet
 facet normal  0.000000e+00  0.000000e+00  1.000000e+00
   outer loop
     vertex  2.850497e+01 -1.814747e+02  4.180000e+02
     vertex  2.560000e+01 -1.830000e+02  4.180000e+02
     vertex  2.700000e+01 -1.844000e+02  4.180000e+02
   endloop
 endfacet
 facet normal  0.000000e+00  0.000000e+00  1.000000e+00
   outer loop
     vertex  2.854581e+01 -1.815150e+02  4.180000e+02
     vertex  2.850497e+01 -1.814747e+02  4.180000e+02
     vertex  2.700000e+01 -1.844000e+02  4.180000e+02
   endloop
 endfacet
 facet normal  0.000000e+00  0.000000e+00  1.000000e+00
   outer loop
     vertex  2.846524e+01 -1.814334e+02  4.180000e+02
     vertex  2.560000e+01 -1.830000e+02  4.180000e+02
     vertex  2.850497e+01 -1.814747e+02  4.180000e+02
   endloop
 endfacet
 facet normal  0.000000e+00  0.000000e+00  1.000000e+00
   outer loop
     vertex  2.858773e+01 -1.815542e+02  4.180000e+02
     vertex  2.854581e+01 -1.815150e+02  4.180000e+02
     vertex  2.700000e+01 -1.844000e+02  4.180000e+02
   endloop
 endfacet
 facet normal  0.000000e+00  0.000000e+00  1.000000e+00
   outer loop
     vertex  2.842667e+01 -1.813909e+02  4.180000e+02
     vertex  2.560000e+01 -1.830000e+02  4.180000e+02
     vertex  2.846524e+01 -1.814334e+02  4.180000e+02
   endloop
 endfacet
 facet normal  0.000000e+00  0.000000e+00  1.000000e+00
   outer loop
     vertex  2.863071e+01 -1.815922e+02  4.180000e+02
     vertex  2.858773e+01 -1.815542e+02  4.180000e+02
     vertex  2.700000e+01 -1.844000e+02  4.180000e+02
   endloop
 endfacet
 facet normal  0.000000e+00  0.000000e+00  1.000000e+00
   outer loop
     vertex  2.838926e+01 -1.813474e+02  4.180000e+02
     vertex  2.560000e+01 -1.830000e+02  4.180000e+02
     vertex  2.842667e+01 -1.813909e+02  4.180000e+02
   endloop
 endfacet
 facet normal  0.000000e+00  0.000000e+00  1.000000e+00
   outer loop
     vertex  2.867472e+01 -1.816290e+02  4.180000e+02
     vertex  2.863071e+01 -1.815922e+02  4.180000e+02
     vertex  2.700000e+01 -1.844000e+02  4.180000e+02
   endloop
 endfacet
 facet normal  0.000000e+00  0.000000e+00  1.000000e+00
   outer loop
     vertex  2.835306e+01 -1.813029e+02  4.180000e+02
     vertex  2.560000e+01 -1.830000e+02  4.180000e+02
     vertex  2.838926e+01 -1.813474e+02  4.180000e+02
   endloop
 endfacet
 facet normal  0.000000e+00  0.000000e+00  1.000000e+00
   outer loop
     vertex  2.871971e+01 -1.816646e+02  4.180000e+02
     vertex  2.867472e+01 -1.816290e+02  4.180000e+02
     vertex  2.700000e+01 -1.844000e+02  4.180000e+02
   endloop
 endfacet
 facet normal  0.000000e+00  0.000000e+00  1.000000e+00
   outer loop
     vertex  2.831808e+01 -1.812574e+02  4.180000e+02
     vertex  2.560000e+01 -1.830000e+02  4.180000e+02
     vertex  2.835306e+01 -1.813029e+02  4.180000e+02
   endloop
 endfacet
 facet normal  0.000000e+00  0.000000e+00  1.000000e+00
   outer loop
     vertex  2.876565e+01 -1.816989e+02  4.180000e+02
     vertex  2.871971e+01 -1.816646e+02  4.180000e+02
     vertex  2.700000e+01 -1.844000e+02  4.180000e+02
   endloop
 endfacet
 facet normal  0.000000e+00  0.000000e+00  1.000000e+00
   outer loop
     vertex  2.828436e+01 -1.812110e+02  4.180000e+02
     vertex  2.560000e+01 -1.830000e+02  4.180000e+02
     vertex  2.831808e+01 -1.812574e+02  4.180000e+02
   endloop
 endfacet
 facet normal  0.000000e+00  0.000000e+00  1.000000e+00
   outer loop
     vertex  2.881252e+01 -1.817320e+02  4.180000e+02
     vertex  2.876565e+01 -1.816989e+02  4.180000e+02
     vertex  2.700000e+01 -1.844000e+02  4.180000e+02
   endloop
 endfacet
 facet normal  0.000000e+00  0.000000e+00  1.000000e+00
   outer loop
     vertex  2.825192e+01 -1.811637e+02  4.180000e+02
     vertex  2.560000e+01 -1.830000e+02  4.180000e+02
     vertex  2.828436e+01 -1.812110e+02  4.180000e+02
   endloop
 endfacet
 facet normal  0.000000e+00  0.000000e+00  1.000000e+00
   outer loop
     vertex  2.886027e+01 -1.817638e+02  4.180000e+02
     vertex  2.881252e+01 -1.817320e+02  4.180000e+02
     vertex  2.700000e+01 -1.844000e+02  4.180000e+02
   endloop
 endfacet
 facet normal  0.000000e+00  0.000000e+00  1.000000e+00
   outer loop
     vertex  2.822079e+01 -1.811155e+02  4.180000e+02
     vertex  2.560000e+01 -1.830000e+02  4.180000e+02
     vertex  2.825192e+01 -1.811637e+02  4.180000e+02
   endloop
 endfacet
 facet normal  0.000000e+00  0.000000e+00  1.000000e+00
   outer loop
     vertex  2.890887e+01 -1.817943e+02  4.180000e+02
     vertex  2.886027e+01 -1.817638e+02  4.180000e+02
     vertex  2.700000e+01 -1.844000e+02  4.180000e+02
   endloop
 endfacet
 facet normal  0.000000e+00  0.000000e+00  1.000000e+00
   outer loop
     vertex  2.819098e+01 -1.810665e+02  4.180000e+02
     vertex  2.560000e+01 -1.830000e+02  4.180000e+02
     vertex  2.822079e+01 -1.811155e+02  4.180000e+02
   endloop
 endfacet
 facet normal  0.000000e+00  0.000000e+00  1.000000e+00
   outer loop
     vertex  2.895829e+01 -1.818234e+02  4.180000e+02
     vertex  2.890887e+01 -1.817943e+02  4.180000e+02
     vertex  2.700000e+01 -1.844000e+02  4.180000e+02
   endloop
 endfacet
 facet normal  0.000000e+00  0.000000e+00  1.000000e+00
   outer loop
     vertex  2.816253e+01 -1.810167e+02  4.180000e+02
     vertex  2.560000e+01 -1.830000e+02  4.180000e+02
     vertex  2.819098e+01 -1.810665e+02  4.180000e+02
   endloop
 endfacet
 facet normal  0.000000e+00  0.000000e+00  1.000000e+00
   outer loop
     vertex  2.900849e+01 -1.818512e+02  4.180000e+02
     vertex  2.895829e+01 -1.818234e+02  4.180000e+02
     vertex  2.700000e+01 -1.844000e+02  4.180000e+02
   endloop
 endfacet
 facet normal  0.000000e+00  0.000000e+00  1.000000e+00
   outer loop
     vertex  2.813544e+01 -1.809661e+02  4.180000e+02
     vertex  2.560000e+01 -1.830000e+02  4.180000e+02
     vertex  2.816253e+01 -1.810167e+02  4.180000e+02
   endloop
 endfacet
 facet normal  0.000000e+00  0.000000e+00  1.000000e+00
   outer loop
     vertex  2.905942e+01 -1.818776e+02  4.180000e+02
     vertex  2.900849e+01 -1.818512e+02  4.180000e+02
     vertex  2.700000e+01 -1.844000e+02  4.180000e+02
   endloop
 endfacet
 facet normal  0.000000e+00  0.000000e+00  1.000000e+00
   outer loop
     vertex  2.810975e+01 -1.809148e+02  4.180000e+02
     vertex  2.560000e+01 -1.830000e+02  4.180000e+02
     vertex  2.813544e+01 -1.809661e+02  4.180000e+02
   endloop
 endfacet
 facet normal  0.000000e+00  0.000000e+00  1.000000e+00
   outer loop
     vertex  2.911106e+01 -1.819026e+02  4.180000e+02
     vertex  2.905942e+01 -1.818776e+02  4.180000e+02
     vertex  2.700000e+01 -1.844000e+02  4.180000e+02
   endloop
 endfacet
 facet normal  0.000000e+00  0.000000e+00  1.000000e+00
   outer loop
     vertex  2.808546e+01 -1.808629e+02  4.180000e+02
     vertex  2.560000e+01 -1.830000e+02  4.180000e+02
     vertex  2.810975e+01 -1.809148e+02  4.180000e+02
   endloop
 endfacet
 facet normal  0.000000e+00  0.000000e+00  1.000000e+00
   outer loop
     vertex  2.916336e+01 -1.819261e+02  4.180000e+02
     vertex  2.700000e+01 -1.844000e+02  4.180000e+02
     vertex  3.000000e+01 -1.844000e+02  4.180000e+02
   endloop
 endfacet
 facet normal  0.000000e+00  0.000000e+00  1.000000e+00
   outer loop
     vertex  2.916336e+01 -1.819261e+02  4.180000e+02
     vertex  2.911106e+01 -1.819026e+02  4.180000e+02
     vertex  2.700000e+01 -1.844000e+02  4.180000e+02
   endloop
 endfacet
 facet normal  0.000000e+00  0.000000e+00  1.000000e+00
   outer loop
     vertex  2.806261e+01 -1.808103e+02  4.180000e+02
     vertex  2.560000e+01 -1.830000e+02  4.180000e+02
     vertex  2.808546e+01 -1.808629e+02  4.180000e+02
   endloop
 endfacet
 facet normal  0.000000e+00  0.000000e+00  1.000000e+00
   outer loop
     vertex  2.921628e+01 -1.819483e+02  4.180000e+02
     vertex  2.916336e+01 -1.819261e+02  4.180000e+02
     vertex  3.000000e+01 -1.844000e+02  4.180000e+02
   endloop
 endfacet
 facet normal  0.000000e+00  0.000000e+00  1.000000e+00
   outer loop
     vertex  2.804120e+01 -1.807570e+02  4.180000e+02
     vertex  2.560000e+01 -1.830000e+02  4.180000e+02
     vertex  2.806261e+01 -1.808103e+02  4.180000e+02
   endloop
 endfacet
 facet normal  0.000000e+00  0.000000e+00  1.000000e+00
   outer loop
     vertex  2.926979e+01 -1.819690e+02  4.180000e+02
     vertex  2.921628e+01 -1.819483e+02  4.180000e+02
     vertex  3.000000e+01 -1.844000e+02  4.180000e+02
   endloop
 endfacet
 facet normal  0.000000e+00  0.000000e+00  1.000000e+00
   outer loop
     vertex  2.802125e+01 -1.807032e+02  4.180000e+02
     vertex  2.560000e+01 -1.830000e+02  4.180000e+02
     vertex  2.804120e+01 -1.807570e+02  4.180000e+02
   endloop
 endfacet
 facet normal  0.000000e+00  0.000000e+00  1.000000e+00
   outer loop
     vertex  2.932385e+01 -1.819882e+02  4.180000e+02
     vertex  2.926979e+01 -1.819690e+02  4.180000e+02
     vertex  3.000000e+01 -1.844000e+02  4.180000e+02
   endloop
 endfacet
 facet normal  0.000000e+00  0.000000e+00  1.000000e+00
   outer loop
     vertex  2.800278e+01 -1.806489e+02  4.180000e+02
     vertex  2.560000e+01 -1.830000e+02  4.180000e+02
     vertex  2.802125e+01 -1.807032e+02  4.180000e+02
   endloop
 endfacet
 facet normal  0.000000e+00  0.000000e+00  1.000000e+00
   outer loop
     vertex  2.937840e+01 -1.820059e+02  4.180000e+02
     vertex  2.932385e+01 -1.819882e+02  4.180000e+02
     vertex  3.000000e+01 -1.844000e+02  4.180000e+02
   endloop
 endfacet
 facet normal  0.000000e+00  0.000000e+00  1.000000e+00
   outer loop
     vertex  2.798580e+01 -1.805941e+02  4.180000e+02
     vertex  2.560000e+01 -1.830000e+02  4.180000e+02
     vertex  2.800278e+01 -1.806489e+02  4.180000e+02
   endloop
 endfacet
 facet normal  0.000000e+00  0.000000e+00  1.000000e+00
   outer loop
     vertex  2.943343e+01 -1.820221e+02  4.180000e+02
     vertex  2.937840e+01 -1.820059e+02  4.180000e+02
     vertex  3.000000e+01 -1.844000e+02  4.180000e+02
   endloop
 endfacet
 facet normal  0.000000e+00  0.000000e+00  1.000000e+00
   outer loop
     vertex  2.797032e+01 -1.805389e+02  4.180000e+02
     vertex  2.560000e+01 -1.830000e+02  4.180000e+02
     vertex  2.798580e+01 -1.805941e+02  4.180000e+02
   endloop
 endfacet
 facet normal  0.000000e+00  0.000000e+00  1.000000e+00
   outer loop
     vertex  2.948887e+01 -1.820368e+02  4.180000e+02
     vertex  2.943343e+01 -1.820221e+02  4.180000e+02
     vertex  3.000000e+01 -1.844000e+02  4.180000e+02
   endloop
 endfacet
 facet normal  0.000000e+00  0.000000e+00  1.000000e+00
   outer loop
     vertex  2.795636e+01 -1.804833e+02  4.180000e+02
     vertex  2.560000e+01 -1.830000e+02  4.180000e+02
     vertex  2.797032e+01 -1.805389e+02  4.180000e+02
   endloop
 endfacet
 facet normal  0.000000e+00  0.000000e+00  1.000000e+00
   outer loop
     vertex  2.954470e+01 -1.820500e+02  4.180000e+02
     vertex  2.948887e+01 -1.820368e+02  4.180000e+02
     vertex  3.000000e+01 -1.844000e+02  4.180000e+02
   endloop
 endfacet
 facet normal  0.000000e+00  0.000000e+00  1.000000e+00
   outer loop
     vertex  2.794392e+01 -1.804273e+02  4.180000e+02
     vertex  2.560000e+01 -1.830000e+02  4.180000e+02
     vertex  2.795636e+01 -1.804833e+02  4.180000e+02
   endloop
 endfacet
 facet normal  0.000000e+00  0.000000e+00  1.000000e+00
   outer loop
     vertex  2.960087e+01 -1.820617e+02  4.180000e+02
     vertex  2.954470e+01 -1.820500e+02  4.180000e+02
     vertex  3.000000e+01 -1.844000e+02  4.180000e+02
   endloop
 endfacet
 facet normal  0.000000e+00  0.000000e+00  1.000000e+00
   outer loop
     vertex  2.793302e+01 -1.803709e+02  4.180000e+02
     vertex  2.560000e+01 -1.830000e+02  4.180000e+02
     vertex  2.794392e+01 -1.804273e+02  4.180000e+02
   endloop
 endfacet
 facet normal  0.000000e+00  0.000000e+00  1.000000e+00
   outer loop
     vertex  2.965733e+01 -1.820719e+02  4.180000e+02
     vertex  2.960087e+01 -1.820617e+02  4.180000e+02
     vertex  3.000000e+01 -1.844000e+02  4.180000e+02
   endloop
 endfacet
 facet normal  0.000000e+00  0.000000e+00  1.000000e+00
   outer loop
     vertex  2.792366e+01 -1.803143e+02  4.180000e+02
     vertex  2.560000e+01 -1.830000e+02  4.180000e+02
     vertex  2.793302e+01 -1.803709e+02  4.180000e+02
   endloop
 endfacet
 facet normal  0.000000e+00  0.000000e+00  1.000000e+00
   outer loop
     vertex  2.971405e+01 -1.820804e+02  4.180000e+02
     vertex  2.965733e+01 -1.820719e+02  4.180000e+02
     vertex  3.000000e+01 -1.844000e+02  4.180000e+02
   endloop
 endfacet
 facet normal  0.000000e+00  0.000000e+00  1.000000e+00
   outer loop
     vertex  2.791585e+01 -1.802575e+02  4.180000e+02
     vertex  2.560000e+01 -1.830000e+02  4.180000e+02
     vertex  2.792366e+01 -1.803143e+02  4.180000e+02
   endloop
 endfacet
 facet normal  0.000000e+00  0.000000e+00  1.000000e+00
   outer loop
     vertex  2.977098e+01 -1.820875e+02  4.180000e+02
     vertex  2.971405e+01 -1.820804e+02  4.180000e+02
     vertex  3.000000e+01 -1.844000e+02  4.180000e+02
   endloop
 endfacet
 facet normal  0.000000e+00  0.000000e+00  1.000000e+00
   outer loop
     vertex  2.790959e+01 -1.802005e+02  4.180000e+02
     vertex  2.560000e+01 -1.830000e+02  4.180000e+02
     vertex  2.791585e+01 -1.802575e+02  4.180000e+02
   endloop
 endfacet
 facet normal  0.000000e+00  0.000000e+00  1.000000e+00
   outer loop
     vertex  2.982809e+01 -1.820930e+02  4.180000e+02
     vertex  2.977098e+01 -1.820875e+02  4.180000e+02
     vertex  3.000000e+01 -1.844000e+02  4.180000e+02
   endloop
 endfacet
 facet normal  0.000000e+00  0.000000e+00  1.000000e+00
   outer loop
     vertex  2.790490e+01 -1.801433e+02  4.180000e+02
     vertex  2.560000e+01 -1.830000e+02  4.180000e+02
     vertex  2.790959e+01 -1.802005e+02  4.180000e+02
   endloop
 endfacet
 facet normal  0.000000e+00  0.000000e+00  1.000000e+00
   outer loop
     vertex  2.988532e+01 -1.820969e+02  4.180000e+02
     vertex  2.982809e+01 -1.820930e+02  4.180000e+02
     vertex  3.000000e+01 -1.844000e+02  4.180000e+02
   endloop
 endfacet
 facet normal  0.000000e+00  0.000000e+00  1.000000e+00
   outer loop
     vertex  2.790176e+01 -1.800860e+02  4.180000e+02
     vertex  2.560000e+01 -1.830000e+02  4.180000e+02
     vertex  2.790490e+01 -1.801433e+02  4.180000e+02
   endloop
 endfacet
 facet normal  0.000000e+00  0.000000e+00  1.000000e+00
   outer loop
     vertex  2.994264e+01 -1.820992e+02  4.180000e+02
     vertex  2.988532e+01 -1.820969e+02  4.180000e+02
     vertex  3.000000e+01 -1.844000e+02  4.180000e+02
   endloop
 endfacet
 facet normal  0.000000e+00  0.000000e+00  1.000000e+00
   outer loop
     vertex  2.790020e+01 -1.800287e+02  4.180000e+02
     vertex  2.560000e+01 -1.830000e+02  4.180000e+02
     vertex  2.790176e+01 -1.800860e+02  4.180000e+02
   endloop
 endfacet
 facet normal  0.000000e+00  0.000000e+00  1.000000e+00
   outer loop
     vertex  3.000000e+01 -1.821000e+02  4.180000e+02
     vertex  2.994264e+01 -1.820992e+02  4.180000e+02
     vertex  3.000000e+01 -1.844000e+02  4.180000e+02
   endloop
 endfacet
 facet normal  0.000000e+00  0.000000e+00  1.000000e+00
   outer loop
     vertex  2.790020e+01 -1.799713e+02  4.180000e+02
     vertex  2.560000e+01 -1.830000e+02  4.180000e+02
     vertex  2.790020e+01 -1.800287e+02  4.180000e+02
   endloop
 endfacet
 facet normal  0.000000e+00  0.000000e+00  1.000000e+00
   outer loop
     vertex  2.560000e+01 -1.770000e+02  4.180000e+02
     vertex  2.560000e+01 -1.830000e+02  4.180000e+02
     vertex  2.790020e+01 -1.799713e+02  4.180000e+02
   endloop
 endfacet
 facet normal  0.000000e+00  0.000000e+00  1.000000e+00
   outer loop
     vertex  2.560000e+01 -1.770000e+02  4.180000e+02
     vertex  2.797032e+01 -1.794611e+02  4.180000e+02
     vertex  2.798580e+01 -1.794059e+02  4.180000e+02
   endloop
 endfacet
 facet normal  0.000000e+00  0.000000e+00  1.000000e+00
   outer loop
     vertex  2.560000e+01 -1.770000e+02  4.180000e+02
     vertex  2.795636e+01 -1.795167e+02  4.180000e+02
     vertex  2.797032e+01 -1.794611e+02  4.180000e+02
   endloop
 endfacet
 facet normal  0.000000e+00  0.000000e+00  1.000000e+00
   outer loop
     vertex  2.560000e+01 -1.770000e+02  4.180000e+02
     vertex  2.794392e+01 -1.795727e+02  4.180000e+02
     vertex  2.795636e+01 -1.795167e+02  4.180000e+02
   endloop
 endfacet
 facet normal  0.000000e+00  0.000000e+00  1.000000e+00
   outer loop
     vertex  2.560000e+01 -1.770000e+02  4.180000e+02
     vertex  2.793302e+01 -1.796291e+02  4.180000e+02
     vertex  2.794392e+01 -1.795727e+02  4.180000e+02
   endloop
 endfacet
 facet normal  0.000000e+00  0.000000e+00  1.000000e+00
   outer loop
     vertex  2.560000e+01 -1.770000e+02  4.180000e+02
     vertex  2.792366e+01 -1.796857e+02  4.180000e+02
     vertex  2.793302e+01 -1.796291e+02  4.180000e+02
   endloop
 endfacet
 facet normal  0.000000e+00  0.000000e+00  1.000000e+00
   outer loop
     vertex  2.560000e+01 -1.770000e+02  4.180000e+02
     vertex  2.791585e+01 -1.797425e+02  4.180000e+02
     vertex  2.792366e+01 -1.796857e+02  4.180000e+02
   endloop
 endfacet
 facet normal  0.000000e+00  0.000000e+00  1.000000e+00
   outer loop
     vertex  2.560000e+01 -1.770000e+02  4.180000e+02
     vertex  2.790959e+01 -1.797995e+02  4.180000e+02
     vertex  2.791585e+01 -1.797425e+02  4.180000e+02
   endloop
 endfacet
 facet normal  0.000000e+00  0.000000e+00  1.000000e+00
   outer loop
     vertex  2.560000e+01 -1.770000e+02  4.180000e+02
     vertex  2.790490e+01 -1.798567e+02  4.180000e+02
     vertex  2.790959e+01 -1.797995e+02  4.180000e+02
   endloop
 endfacet
 facet normal  0.000000e+00  0.000000e+00  1.000000e+00
   outer loop
     vertex  2.560000e+01 -1.770000e+02  4.180000e+02
     vertex  2.790176e+01 -1.799140e+02  4.180000e+02
     vertex  2.790490e+01 -1.798567e+02  4.180000e+02
   endloop
 endfacet
 facet normal  0.000000e+00  0.000000e+00  1.000000e+00
   outer loop
     vertex  2.560000e+01 -1.770000e+02  4.180000e+02
     vertex  2.790020e+01 -1.799713e+02  4.180000e+02
     vertex  2.790176e+01 -1.799140e+02  4.180000e+02
   endloop
 endfacet
 facet normal  0.000000e+00  0.000000e+00  1.000000e+00
   outer loop
     vertex  2.800278e+01 -1.793511e+02  4.180000e+02
     vertex  2.560000e+01 -1.770000e+02  4.180000e+02
     vertex  2.798580e+01 -1.794059e+02  4.180000e+02
   endloop
 endfacet
 facet normal  0.000000e+00  0.000000e+00  1.000000e+00
   outer loop
     vertex  2.802125e+01 -1.792968e+02  4.180000e+02
     vertex  2.560000e+01 -1.770000e+02  4.180000e+02
     vertex  2.800278e+01 -1.793511e+02  4.180000e+02
   endloop
 endfacet
 facet normal  0.000000e+00  0.000000e+00  1.000000e+00
   outer loop
     vertex  2.804120e+01 -1.792430e+02  4.180000e+02
     vertex  2.560000e+01 -1.770000e+02  4.180000e+02
     vertex  2.802125e+01 -1.792968e+02  4.180000e+02
   endloop
 endfacet
 facet normal  0.000000e+00  0.000000e+00  1.000000e+00
   outer loop
     vertex  2.806261e+01 -1.791897e+02  4.180000e+02
     vertex  2.560000e+01 -1.770000e+02  4.180000e+02
     vertex  2.804120e+01 -1.792430e+02  4.180000e+02
   endloop
 endfacet
 facet normal  0.000000e+00  0.000000e+00  1.000000e+00
   outer loop
     vertex  2.808546e+01 -1.791371e+02  4.180000e+02
     vertex  2.560000e+01 -1.770000e+02  4.180000e+02
     vertex  2.806261e+01 -1.791897e+02  4.180000e+02
   endloop
 endfacet
 facet normal  0.000000e+00  0.000000e+00  1.000000e+00
   outer loop
     vertex  2.810975e+01 -1.790852e+02  4.180000e+02
     vertex  2.560000e+01 -1.770000e+02  4.180000e+02
     vertex  2.808546e+01 -1.791371e+02  4.180000e+02
   endloop
 endfacet
 facet normal  0.000000e+00  0.000000e+00  1.000000e+00
   outer loop
     vertex  2.813544e+01 -1.790339e+02  4.180000e+02
     vertex  2.560000e+01 -1.770000e+02  4.180000e+02
     vertex  2.810975e+01 -1.790852e+02  4.180000e+02
   endloop
 endfacet
 facet normal  0.000000e+00  0.000000e+00  1.000000e+00
   outer loop
     vertex  2.816253e+01 -1.789833e+02  4.180000e+02
     vertex  2.560000e+01 -1.770000e+02  4.180000e+02
     vertex  2.813544e+01 -1.790339e+02  4.180000e+02
   endloop
 endfacet
 facet normal  0.000000e+00  0.000000e+00  1.000000e+00
   outer loop
     vertex  2.819098e+01 -1.789335e+02  4.180000e+02
     vertex  2.560000e+01 -1.770000e+02  4.180000e+02
     vertex  2.816253e+01 -1.789833e+02  4.180000e+02
   endloop
 endfacet
 facet normal  0.000000e+00  0.000000e+00  1.000000e+00
   outer loop
     vertex  2.822079e+01 -1.788845e+02  4.180000e+02
     vertex  2.560000e+01 -1.770000e+02  4.180000e+02
     vertex  2.819098e+01 -1.789335e+02  4.180000e+02
   endloop
 endfacet
 facet normal  0.000000e+00  0.000000e+00  1.000000e+00
   outer loop
     vertex  2.825192e+01 -1.788363e+02  4.180000e+02
     vertex  2.560000e+01 -1.770000e+02  4.180000e+02
     vertex  2.822079e+01 -1.788845e+02  4.180000e+02
   endloop
 endfacet
 facet normal  0.000000e+00  0.000000e+00  1.000000e+00
   outer loop
     vertex  2.828436e+01 -1.787890e+02  4.180000e+02
     vertex  2.560000e+01 -1.770000e+02  4.180000e+02
     vertex  2.825192e+01 -1.788363e+02  4.180000e+02
   endloop
 endfacet
 facet normal  0.000000e+00  0.000000e+00  1.000000e+00
   outer loop
     vertex  2.831808e+01 -1.787426e+02  4.180000e+02
     vertex  2.560000e+01 -1.770000e+02  4.180000e+02
     vertex  2.828436e+01 -1.787890e+02  4.180000e+02
   endloop
 endfacet
 facet normal  0.000000e+00  0.000000e+00  1.000000e+00
   outer loop
     vertex  2.835306e+01 -1.786971e+02  4.180000e+02
     vertex  2.560000e+01 -1.770000e+02  4.180000e+02
     vertex  2.831808e+01 -1.787426e+02  4.180000e+02
   endloop
 endfacet
 facet normal  0.000000e+00  0.000000e+00  1.000000e+00
   outer loop
     vertex  2.838926e+01 -1.786526e+02  4.180000e+02
     vertex  2.560000e+01 -1.770000e+02  4.180000e+02
     vertex  2.835306e+01 -1.786971e+02  4.180000e+02
   endloop
 endfacet
 facet normal  0.000000e+00  0.000000e+00  1.000000e+00
   outer loop
     vertex  2.842667e+01 -1.786091e+02  4.180000e+02
     vertex  2.560000e+01 -1.770000e+02  4.180000e+02
     vertex  2.838926e+01 -1.786526e+02  4.180000e+02
   endloop
 endfacet
 facet normal  0.000000e+00  0.000000e+00  1.000000e+00
   outer loop
     vertex  2.846524e+01 -1.785666e+02  4.180000e+02
     vertex  2.560000e+01 -1.770000e+02  4.180000e+02
     vertex  2.842667e+01 -1.786091e+02  4.180000e+02
   endloop
 endfacet
 facet normal  0.000000e+00  0.000000e+00  1.000000e+00
   outer loop
     vertex  2.850497e+01 -1.785253e+02  4.180000e+02
     vertex  2.560000e+01 -1.770000e+02  4.180000e+02
     vertex  2.846524e+01 -1.785666e+02  4.180000e+02
   endloop
 endfacet
 facet normal  0.000000e+00  0.000000e+00  1.000000e+00
   outer loop
     vertex  2.000000e+01 -1.700000e+02  4.180000e+02
     vertex  2.000000e+01 -1.770000e+02  4.180000e+02
     vertex  2.560000e+01 -1.770000e+02  4.180000e+02
   endloop
 endfacet
 facet normal  0.000000e+00  0.000000e+00  1.000000e+00
   outer loop
     vertex  2.700000e+01 -1.756000e+02  4.180000e+02
     vertex  2.560000e+01 -1.770000e+02  4.180000e+02
     vertex  2.850497e+01 -1.785253e+02  4.180000e+02
   endloop
 endfacet
 facet normal  0.000000e+00  0.000000e+00  1.000000e+00
   outer loop
     vertex  2.700000e+01 -1.756000e+02  4.180000e+02
     vertex  2.911106e+01 -1.780974e+02  4.180000e+02
     vertex  2.916336e+01 -1.780739e+02  4.180000e+02
   endloop
 endfacet
 facet normal  0.000000e+00  0.000000e+00  1.000000e+00
   outer loop
     vertex  2.700000e+01 -1.756000e+02  4.180000e+02
     vertex  2.905942e+01 -1.781224e+02  4.180000e+02
     vertex  2.911106e+01 -1.780974e+02  4.180000e+02
   endloop
 endfacet
 facet normal  0.000000e+00  0.000000e+00  1.000000e+00
   outer loop
     vertex  2.700000e+01 -1.756000e+02  4.180000e+02
     vertex  2.900849e+01 -1.781488e+02  4.180000e+02
     vertex  2.905942e+01 -1.781224e+02  4.180000e+02
   endloop
 endfacet
 facet normal  0.000000e+00  0.000000e+00  1.000000e+00
   outer loop
     vertex  2.700000e+01 -1.756000e+02  4.180000e+02
     vertex  2.895829e+01 -1.781766e+02  4.180000e+02
     vertex  2.900849e+01 -1.781488e+02  4.180000e+02
   endloop
 endfacet
 facet normal  0.000000e+00  0.000000e+00  1.000000e+00
   outer loop
     vertex  2.700000e+01 -1.756000e+02  4.180000e+02
     vertex  2.890887e+01 -1.782057e+02  4.180000e+02
     vertex  2.895829e+01 -1.781766e+02  4.180000e+02
   endloop
 endfacet
 facet normal  0.000000e+00  0.000000e+00  1.000000e+00
   outer loop
     vertex  2.700000e+01 -1.756000e+02  4.180000e+02
     vertex  2.886027e+01 -1.782362e+02  4.180000e+02
     vertex  2.890887e+01 -1.782057e+02  4.180000e+02
   endloop
 endfacet
 facet normal  0.000000e+00  0.000000e+00  1.000000e+00
   outer loop
     vertex  2.700000e+01 -1.756000e+02  4.180000e+02
     vertex  2.881252e+01 -1.782680e+02  4.180000e+02
     vertex  2.886027e+01 -1.782362e+02  4.180000e+02
   endloop
 endfacet
 facet normal  0.000000e+00  0.000000e+00  1.000000e+00
   outer loop
     vertex  2.700000e+01 -1.756000e+02  4.180000e+02
     vertex  2.876565e+01 -1.783011e+02  4.180000e+02
     vertex  2.881252e+01 -1.782680e+02  4.180000e+02
   endloop
 endfacet
 facet normal  0.000000e+00  0.000000e+00  1.000000e+00
   outer loop
     vertex  2.700000e+01 -1.756000e+02  4.180000e+02
     vertex  2.871971e+01 -1.783354e+02  4.180000e+02
     vertex  2.876565e+01 -1.783011e+02  4.180000e+02
   endloop
 endfacet
 facet normal  0.000000e+00  0.000000e+00  1.000000e+00
   outer loop
     vertex  2.700000e+01 -1.756000e+02  4.180000e+02
     vertex  2.867472e+01 -1.783710e+02  4.180000e+02
     vertex  2.871971e+01 -1.783354e+02  4.180000e+02
   endloop
 endfacet
 facet normal  0.000000e+00  0.000000e+00  1.000000e+00
   outer loop
     vertex  2.700000e+01 -1.756000e+02  4.180000e+02
     vertex  2.863071e+01 -1.784078e+02  4.180000e+02
     vertex  2.867472e+01 -1.783710e+02  4.180000e+02
   endloop
 endfacet
 facet normal  0.000000e+00  0.000000e+00  1.000000e+00
   outer loop
     vertex  2.700000e+01 -1.756000e+02  4.180000e+02
     vertex  2.858773e+01 -1.784458e+02  4.180000e+02
     vertex  2.863071e+01 -1.784078e+02  4.180000e+02
   endloop
 endfacet
 facet normal  0.000000e+00  0.000000e+00  1.000000e+00
   outer loop
     vertex  2.700000e+01 -1.756000e+02  4.180000e+02
     vertex  2.854581e+01 -1.784850e+02  4.180000e+02
     vertex  2.858773e+01 -1.784458e+02  4.180000e+02
   endloop
 endfacet
 facet normal  0.000000e+00  0.000000e+00  1.000000e+00
   outer loop
     vertex  2.700000e+01 -1.756000e+02  4.180000e+02
     vertex  2.850497e+01 -1.785253e+02  4.180000e+02
     vertex  2.854581e+01 -1.784850e+02  4.180000e+02
   endloop
 endfacet
 facet normal  0.000000e+00  0.000000e+00  1.000000e+00
   outer loop
     vertex  2.700000e+01 -1.756000e+02  4.180000e+02
     vertex  2.000000e+01 -1.700000e+02  4.180000e+02
     vertex  2.560000e+01 -1.770000e+02  4.180000e+02
   endloop
 endfacet
 facet normal  0.000000e+00  0.000000e+00  1.000000e+00
   outer loop
     vertex  3.000000e+01 -1.756000e+02  4.180000e+02
     vertex  2.994264e+01 -1.779008e+02  4.180000e+02
     vertex  3.000000e+01 -1.779000e+02  4.180000e+02
   endloop
 endfacet
 facet normal  0.000000e+00  0.000000e+00  1.000000e+00
   outer loop
     vertex  3.000000e+01 -1.756000e+02  4.180000e+02
     vertex  2.988532e+01 -1.779031e+02  4.180000e+02
     vertex  2.994264e+01 -1.779008e+02  4.180000e+02
   endloop
 endfacet
 facet normal  0.000000e+00  0.000000e+00  1.000000e+00
   outer loop
     vertex  3.000000e+01 -1.756000e+02  4.180000e+02
     vertex  2.982809e+01 -1.779070e+02  4.180000e+02
     vertex  2.988532e+01 -1.779031e+02  4.180000e+02
   endloop
 endfacet
 facet normal  0.000000e+00  0.000000e+00  1.000000e+00
   outer loop
     vertex  3.000000e+01 -1.756000e+02  4.180000e+02
     vertex  2.977098e+01 -1.779125e+02  4.180000e+02
     vertex  2.982809e+01 -1.779070e+02  4.180000e+02
   endloop
 endfacet
 facet normal  0.000000e+00  0.000000e+00  1.000000e+00
   outer loop
     vertex  3.000000e+01 -1.756000e+02  4.180000e+02
     vertex  2.971405e+01 -1.779196e+02  4.180000e+02
     vertex  2.977098e+01 -1.779125e+02  4.180000e+02
   endloop
 endfacet
 facet normal  0.000000e+00  0.000000e+00  1.000000e+00
   outer loop
     vertex  3.000000e+01 -1.756000e+02  4.180000e+02
     vertex  2.965733e+01 -1.779281e+02  4.180000e+02
     vertex  2.971405e+01 -1.779196e+02  4.180000e+02
   endloop
 endfacet
 facet normal  0.000000e+00  0.000000e+00  1.000000e+00
   outer loop
     vertex  3.000000e+01 -1.756000e+02  4.180000e+02
     vertex  2.960087e+01 -1.779383e+02  4.180000e+02
     vertex  2.965733e+01 -1.779281e+02  4.180000e+02
   endloop
 endfacet
 facet normal  0.000000e+00  0.000000e+00  1.000000e+00
   outer loop
     vertex  3.000000e+01 -1.756000e+02  4.180000e+02
     vertex  2.954470e+01 -1.779500e+02  4.180000e+02
     vertex  2.960087e+01 -1.779383e+02  4.180000e+02
   endloop
 endfacet
 facet normal  0.000000e+00  0.000000e+00  1.000000e+00
   outer loop
     vertex  3.000000e+01 -1.756000e+02  4.180000e+02
     vertex  2.948887e+01 -1.779632e+02  4.180000e+02
     vertex  2.954470e+01 -1.779500e+02  4.180000e+02
   endloop
 endfacet
 facet normal  0.000000e+00  0.000000e+00  1.000000e+00
   outer loop
     vertex  3.000000e+01 -1.756000e+02  4.180000e+02
     vertex  2.943343e+01 -1.779779e+02  4.180000e+02
     vertex  2.948887e+01 -1.779632e+02  4.180000e+02
   endloop
 endfacet
 facet normal  0.000000e+00  0.000000e+00  1.000000e+00
   outer loop
     vertex  3.000000e+01 -1.756000e+02  4.180000e+02
     vertex  2.937840e+01 -1.779941e+02  4.180000e+02
     vertex  2.943343e+01 -1.779779e+02  4.180000e+02
   endloop
 endfacet
 facet normal  0.000000e+00  0.000000e+00  1.000000e+00
   outer loop
     vertex  3.000000e+01 -1.756000e+02  4.180000e+02
     vertex  2.932385e+01 -1.780118e+02  4.180000e+02
     vertex  2.937840e+01 -1.779941e+02  4.180000e+02
   endloop
 endfacet
 facet normal  0.000000e+00  0.000000e+00  1.000000e+00
   outer loop
     vertex  3.000000e+01 -1.756000e+02  4.180000e+02
     vertex  2.926979e+01 -1.780310e+02  4.180000e+02
     vertex  2.932385e+01 -1.780118e+02  4.180000e+02
   endloop
 endfacet
 facet normal  0.000000e+00  0.000000e+00  1.000000e+00
   outer loop
     vertex  3.000000e+01 -1.756000e+02  4.180000e+02
     vertex  2.921628e+01 -1.780517e+02  4.180000e+02
     vertex  2.926979e+01 -1.780310e+02  4.180000e+02
   endloop
 endfacet
 facet normal  0.000000e+00  0.000000e+00  1.000000e+00
   outer loop
     vertex  3.000000e+01 -1.756000e+02  4.180000e+02
     vertex  2.916336e+01 -1.780739e+02  4.180000e+02
     vertex  2.921628e+01 -1.780517e+02  4.180000e+02
   endloop
 endfacet
 facet normal  0.000000e+00  0.000000e+00  1.000000e+00
   outer loop
     vertex  3.000000e+01 -1.756000e+02  4.180000e+02
     vertex  2.700000e+01 -1.756000e+02  4.180000e+02
     vertex  2.916336e+01 -1.780739e+02  4.180000e+02
   endloop
 endfacet
 facet normal  0.000000e+00  0.000000e+00  1.000000e+00
   outer loop
     vertex  2.700000e+01 -1.700000e+02  4.180000e+02
     vertex  2.000000e+01 -1.700000e+02  4.180000e+02
     vertex  2.700000e+01 -1.756000e+02  4.180000e+02
   endloop
 endfacet
 facet normal  0.000000e+00  0.000000e+00  1.000000e+00
   outer loop
     vertex  3.005687e+01 -1.820992e+02  4.180000e+02
     vertex  3.000000e+01 -1.821000e+02  4.180000e+02
     vertex  3.000000e+01 -1.844000e+02  4.180000e+02
   endloop
 endfacet
 facet normal  0.000000e+00  0.000000e+00  1.000000e+00
   outer loop
     vertex  3.011369e+01 -1.820969e+02  4.180000e+02
     vertex  3.005687e+01 -1.820992e+02  4.180000e+02
     vertex  3.000000e+01 -1.844000e+02  4.180000e+02
   endloop
 endfacet
 facet normal  0.000000e+00  0.000000e+00  1.000000e+00
   outer loop
     vertex  3.017043e+01 -1.820931e+02  4.180000e+02
     vertex  3.011369e+01 -1.820969e+02  4.180000e+02
     vertex  3.000000e+01 -1.844000e+02  4.180000e+02
   endloop
 endfacet
 facet normal  0.000000e+00  0.000000e+00  1.000000e+00
   outer loop
     vertex  3.022705e+01 -1.820877e+02  4.180000e+02
     vertex  3.017043e+01 -1.820931e+02  4.180000e+02
     vertex  3.000000e+01 -1.844000e+02  4.180000e+02
   endloop
 endfacet
 facet normal  0.000000e+00  0.000000e+00  1.000000e+00
   outer loop
     vertex  3.028350e+01 -1.820808e+02  4.180000e+02
     vertex  3.022705e+01 -1.820877e+02  4.180000e+02
     vertex  3.000000e+01 -1.844000e+02  4.180000e+02
   endloop
 endfacet
 facet normal  0.000000e+00  0.000000e+00  1.000000e+00
   outer loop
     vertex  3.033974e+01 -1.820723e+02  4.180000e+02
     vertex  3.028350e+01 -1.820808e+02  4.180000e+02
     vertex  3.000000e+01 -1.844000e+02  4.180000e+02
   endloop
 endfacet
 facet normal  0.000000e+00  0.000000e+00  1.000000e+00
   outer loop
     vertex  3.039574e+01 -1.820624e+02  4.180000e+02
     vertex  3.033974e+01 -1.820723e+02  4.180000e+02
     vertex  3.000000e+01 -1.844000e+02  4.180000e+02
   endloop
 endfacet
 facet normal  0.000000e+00  0.000000e+00  1.000000e+00
   outer loop
     vertex  3.045144e+01 -1.820509e+02  4.180000e+02
     vertex  3.039574e+01 -1.820624e+02  4.180000e+02
     vertex  3.000000e+01 -1.844000e+02  4.180000e+02
   endloop
 endfacet
 facet normal  0.000000e+00  0.000000e+00  1.000000e+00
   outer loop
     vertex  3.050681e+01 -1.820379e+02  4.180000e+02
     vertex  3.045144e+01 -1.820509e+02  4.180000e+02
     vertex  3.000000e+01 -1.844000e+02  4.180000e+02
   endloop
 endfacet
 facet normal  0.000000e+00  0.000000e+00  1.000000e+00
   outer loop
     vertex  3.056181e+01 -1.820235e+02  4.180000e+02
     vertex  3.050681e+01 -1.820379e+02  4.180000e+02
     vertex  3.000000e+01 -1.844000e+02  4.180000e+02
   endloop
 endfacet
 facet normal  0.000000e+00  0.000000e+00  1.000000e+00
   outer loop
     vertex  3.061640e+01 -1.820075e+02  4.180000e+02
     vertex  3.056181e+01 -1.820235e+02  4.180000e+02
     vertex  3.000000e+01 -1.844000e+02  4.180000e+02
   endloop
 endfacet
 facet normal  0.000000e+00  0.000000e+00  1.000000e+00
   outer loop
     vertex  3.067053e+01 -1.819901e+02  4.180000e+02
     vertex  3.061640e+01 -1.820075e+02  4.180000e+02
     vertex  3.000000e+01 -1.844000e+02  4.180000e+02
   endloop
 endfacet
 facet normal  0.000000e+00  0.000000e+00  1.000000e+00
   outer loop
     vertex  3.072418e+01 -1.819712e+02  4.180000e+02
     vertex  3.067053e+01 -1.819901e+02  4.180000e+02
     vertex  3.000000e+01 -1.844000e+02  4.180000e+02
   endloop
 endfacet
 facet normal  0.000000e+00  0.000000e+00  1.000000e+00
   outer loop
     vertex  3.077729e+01 -1.819509e+02  4.180000e+02
     vertex  3.072418e+01 -1.819712e+02  4.180000e+02
     vertex  3.000000e+01 -1.844000e+02  4.180000e+02
   endloop
 endfacet
 facet normal  0.000000e+00  0.000000e+00  1.000000e+00
   outer loop
     vertex  3.082983e+01 -1.819291e+02  4.180000e+02
     vertex  3.000000e+01 -1.844000e+02  4.180000e+02
     vertex  3.300000e+01 -1.844000e+02  4.180000e+02
   endloop
 endfacet
 facet normal  0.000000e+00  0.000000e+00  1.000000e+00
   outer loop
     vertex  3.082983e+01 -1.819291e+02  4.180000e+02
     vertex  3.077729e+01 -1.819509e+02  4.180000e+02
     vertex  3.000000e+01 -1.844000e+02  4.180000e+02
   endloop
 endfacet
 facet normal  0.000000e+00  0.000000e+00  1.000000e+00
   outer loop
     vertex  3.088177e+01 -1.819059e+02  4.180000e+02
     vertex  3.082983e+01 -1.819291e+02  4.180000e+02
     vertex  3.300000e+01 -1.844000e+02  4.180000e+02
   endloop
 endfacet
 facet normal  0.000000e+00  0.000000e+00  1.000000e+00
   outer loop
     vertex  3.093305e+01 -1.818813e+02  4.180000e+02
     vertex  3.088177e+01 -1.819059e+02  4.180000e+02
     vertex  3.300000e+01 -1.844000e+02  4.180000e+02
   endloop
 endfacet
 facet normal  0.000000e+00  0.000000e+00  1.000000e+00
   outer loop
     vertex  3.098366e+01 -1.818554e+02  4.180000e+02
     vertex  3.093305e+01 -1.818813e+02  4.180000e+02
     vertex  3.300000e+01 -1.844000e+02  4.180000e+02
   endloop
 endfacet
 facet normal  0.000000e+00  0.000000e+00  1.000000e+00
   outer loop
     vertex  3.103354e+01 -1.818281e+02  4.180000e+02
     vertex  3.098366e+01 -1.818554e+02  4.180000e+02
     vertex  3.300000e+01 -1.844000e+02  4.180000e+02
   endloop
 endfacet
 facet normal  0.000000e+00  0.000000e+00  1.000000e+00
   outer loop
     vertex  3.108266e+01 -1.817994e+02  4.180000e+02
     vertex  3.103354e+01 -1.818281e+02  4.180000e+02
     vertex  3.300000e+01 -1.844000e+02  4.180000e+02
   endloop
 endfacet
 facet normal  0.000000e+00  0.000000e+00  1.000000e+00
   outer loop
     vertex  3.113099e+01 -1.817694e+02  4.180000e+02
     vertex  3.108266e+01 -1.817994e+02  4.180000e+02
     vertex  3.300000e+01 -1.844000e+02  4.180000e+02
   endloop
 endfacet
 facet normal  0.000000e+00  0.000000e+00  1.000000e+00
   outer loop
     vertex  3.117849e+01 -1.817381e+02  4.180000e+02
     vertex  3.113099e+01 -1.817694e+02  4.180000e+02
     vertex  3.300000e+01 -1.844000e+02  4.180000e+02
   endloop
 endfacet
 facet normal  0.000000e+00  0.000000e+00  1.000000e+00
   outer loop
     vertex  3.122513e+01 -1.817056e+02  4.180000e+02
     vertex  3.117849e+01 -1.817381e+02  4.180000e+02
     vertex  3.300000e+01 -1.844000e+02  4.180000e+02
   endloop
 endfacet
 facet normal  0.000000e+00  0.000000e+00  1.000000e+00
   outer loop
     vertex  3.127087e+01 -1.816718e+02  4.180000e+02
     vertex  3.122513e+01 -1.817056e+02  4.180000e+02
     vertex  3.300000e+01 -1.844000e+02  4.180000e+02
   endloop
 endfacet
 facet normal  0.000000e+00  0.000000e+00  1.000000e+00
   outer loop
     vertex  3.131567e+01 -1.816368e+02  4.180000e+02
     vertex  3.127087e+01 -1.816718e+02  4.180000e+02
     vertex  3.300000e+01 -1.844000e+02  4.180000e+02
   endloop
 endfacet
 facet normal  0.000000e+00  0.000000e+00  1.000000e+00
   outer loop
     vertex  3.135951e+01 -1.816005e+02  4.180000e+02
     vertex  3.131567e+01 -1.816368e+02  4.180000e+02
     vertex  3.300000e+01 -1.844000e+02  4.180000e+02
   endloop
 endfacet
 facet normal  0.000000e+00  0.000000e+00  1.000000e+00
   outer loop
     vertex  3.140235e+01 -1.815631e+02  4.180000e+02
     vertex  3.135951e+01 -1.816005e+02  4.180000e+02
     vertex  3.300000e+01 -1.844000e+02  4.180000e+02
   endloop
 endfacet
 facet normal  0.000000e+00  0.000000e+00  1.000000e+00
   outer loop
     vertex  3.144417e+01 -1.815246e+02  4.180000e+02
     vertex  3.140235e+01 -1.815631e+02  4.180000e+02
     vertex  3.300000e+01 -1.844000e+02  4.180000e+02
   endloop
 endfacet
 facet normal  0.000000e+00  0.000000e+00  1.000000e+00
   outer loop
     vertex  4.000000e+01 -1.900000e+02  4.180000e+02
     vertex  3.300000e+01 -1.844000e+02  4.180000e+02
     vertex  3.300000e+01 -1.900000e+02  4.180000e+02
   endloop
 endfacet
 facet normal  0.000000e+00  0.000000e+00  1.000000e+00
   outer loop
     vertex  3.148492e+01 -1.814849e+02  4.180000e+02
     vertex  3.144417e+01 -1.815246e+02  4.180000e+02
     vertex  3.300000e+01 -1.844000e+02  4.180000e+02
   endloop
 endfacet
 facet normal  0.000000e+00  0.000000e+00  1.000000e+00
   outer loop
     vertex  3.440000e+01 -1.830000e+02  4.180000e+02
     vertex  3.176942e+01 -1.811310e+02  4.180000e+02
     vertex  3.173815e+01 -1.811785e+02  4.180000e+02
   endloop
 endfacet
 facet normal  0.000000e+00  0.000000e+00  1.000000e+00
   outer loop
     vertex  3.440000e+01 -1.830000e+02  4.180000e+02
     vertex  3.179940e+01 -1.810827e+02  4.180000e+02
     vertex  3.176942e+01 -1.811310e+02  4.180000e+02
   endloop
 endfacet
 facet normal  0.000000e+00  0.000000e+00  1.000000e+00
   outer loop
     vertex  3.440000e+01 -1.830000e+02  4.180000e+02
     vertex  3.182806e+01 -1.810335e+02  4.180000e+02
     vertex  3.179940e+01 -1.810827e+02  4.180000e+02
   endloop
 endfacet
 facet normal  0.000000e+00  0.000000e+00  1.000000e+00
   outer loop
     vertex  3.440000e+01 -1.830000e+02  4.180000e+02
     vertex  3.185538e+01 -1.809837e+02  4.180000e+02
     vertex  3.182806e+01 -1.810335e+02  4.180000e+02
   endloop
 endfacet
 facet normal  0.000000e+00  0.000000e+00  1.000000e+00
   outer loop
     vertex  3.440000e+01 -1.830000e+02  4.180000e+02
     vertex  3.188133e+01 -1.809331e+02  4.180000e+02
     vertex  3.185538e+01 -1.809837e+02  4.180000e+02
   endloop
 endfacet
 facet normal  0.000000e+00  0.000000e+00  1.000000e+00
   outer loop
     vertex  3.440000e+01 -1.830000e+02  4.180000e+02
     vertex  3.190591e+01 -1.808818e+02  4.180000e+02
     vertex  3.188133e+01 -1.809331e+02  4.180000e+02
   endloop
 endfacet
 facet normal  0.000000e+00  0.000000e+00  1.000000e+00
   outer loop
     vertex  3.440000e+01 -1.830000e+02  4.180000e+02
     vertex  3.192909e+01 -1.808298e+02  4.180000e+02
     vertex  3.190591e+01 -1.808818e+02  4.180000e+02
   endloop
 endfacet
 facet normal  0.000000e+00  0.000000e+00  1.000000e+00
   outer loop
     vertex  3.440000e+01 -1.830000e+02  4.180000e+02
     vertex  3.195085e+01 -1.807773e+02  4.180000e+02
     vertex  3.192909e+01 -1.808298e+02  4.180000e+02
   endloop
 endfacet
 facet normal  0.000000e+00  0.000000e+00  1.000000e+00
   outer loop
     vertex  3.440000e+01 -1.830000e+02  4.180000e+02
     vertex  3.197118e+01 -1.807242e+02  4.180000e+02
     vertex  3.195085e+01 -1.807773e+02  4.180000e+02
   endloop
 endfacet
 facet normal  0.000000e+00  0.000000e+00  1.000000e+00
   outer loop
     vertex  3.440000e+01 -1.830000e+02  4.180000e+02
     vertex  3.199007e+01 -1.806705e+02  4.180000e+02
     vertex  3.197118e+01 -1.807242e+02  4.180000e+02
   endloop
 endfacet
 facet normal  0.000000e+00  0.000000e+00  1.000000e+00
   outer loop
     vertex  3.440000e+01 -1.830000e+02  4.180000e+02
     vertex  3.200750e+01 -1.806164e+02  4.180000e+02
     vertex  3.199007e+01 -1.806705e+02  4.180000e+02
   endloop
 endfacet
 facet normal  0.000000e+00  0.000000e+00  1.000000e+00
   outer loop
     vertex  3.440000e+01 -1.830000e+02  4.180000e+02
     vertex  3.300000e+01 -1.844000e+02  4.180000e+02
     vertex  4.000000e+01 -1.900000e+02  4.180000e+02
   endloop
 endfacet
 facet normal  0.000000e+00  0.000000e+00  1.000000e+00
   outer loop
     vertex  3.440000e+01 -1.830000e+02  4.180000e+02
     vertex  3.152459e+01 -1.814442e+02  4.180000e+02
     vertex  3.148492e+01 -1.814849e+02  4.180000e+02
   endloop
 endfacet
 facet normal  0.000000e+00  0.000000e+00  1.000000e+00
   outer loop
     vertex  3.440000e+01 -1.830000e+02  4.180000e+02
     vertex  3.156314e+01 -1.814024e+02  4.180000e+02
     vertex  3.152459e+01 -1.814442e+02  4.180000e+02
   endloop
 endfacet
 facet normal  0.000000e+00  0.000000e+00  1.000000e+00
   outer loop
     vertex  3.440000e+01 -1.830000e+02  4.180000e+02
     vertex  3.160054e+01 -1.813595e+02  4.180000e+02
     vertex  3.156314e+01 -1.814024e+02  4.180000e+02
   endloop
 endfacet
 facet normal  0.000000e+00  0.000000e+00  1.000000e+00
   outer loop
     vertex  3.440000e+01 -1.830000e+02  4.180000e+02
     vertex  3.163677e+01 -1.813157e+02  4.180000e+02
     vertex  3.160054e+01 -1.813595e+02  4.180000e+02
   endloop
 endfacet
 facet normal  0.000000e+00  0.000000e+00  1.000000e+00
   outer loop
     vertex  3.440000e+01 -1.830000e+02  4.180000e+02
     vertex  3.167180e+01 -1.812709e+02  4.180000e+02
     vertex  3.163677e+01 -1.813157e+02  4.180000e+02
   endloop
 endfacet
 facet normal  0.000000e+00  0.000000e+00  1.000000e+00
   outer loop
     vertex  3.440000e+01 -1.830000e+02  4.180000e+02
     vertex  3.148492e+01 -1.814849e+02  4.180000e+02
     vertex  3.300000e+01 -1.844000e+02  4.180000e+02
   endloop
 endfacet
 facet normal  0.000000e+00  0.000000e+00  1.000000e+00
   outer loop
     vertex  3.440000e+01 -1.830000e+02  4.180000e+02
     vertex  3.170560e+01 -1.812251e+02  4.180000e+02
     vertex  3.167180e+01 -1.812709e+02  4.180000e+02
   endloop
 endfacet
 facet normal  0.000000e+00  0.000000e+00  1.000000e+00
   outer loop
     vertex  3.440000e+01 -1.830000e+02  4.180000e+02
     vertex  3.173815e+01 -1.811785e+02  4.180000e+02
     vertex  3.170560e+01 -1.812251e+02  4.180000e+02
   endloop
 endfacet
 facet normal  0.000000e+00  0.000000e+00  1.000000e+00
   outer loop
     vertex  3.202345e+01 -1.805618e+02  4.180000e+02
     vertex  3.200750e+01 -1.806164e+02  4.180000e+02
     vertex  3.440000e+01 -1.830000e+02  4.180000e+02
   endloop
 endfacet
 facet normal  0.000000e+00  0.000000e+00  1.000000e+00
   outer loop
     vertex  3.203793e+01 -1.805068e+02  4.180000e+02
     vertex  3.202345e+01 -1.805618e+02  4.180000e+02
     vertex  3.440000e+01 -1.830000e+02  4.180000e+02
   endloop
 endfacet
 facet normal  0.000000e+00  0.000000e+00  1.000000e+00
   outer loop
     vertex  3.205090e+01 -1.804514e+02  4.180000e+02
     vertex  3.203793e+01 -1.805068e+02  4.180000e+02
     vertex  3.440000e+01 -1.830000e+02  4.180000e+02
   endloop
 endfacet
 facet normal  0.000000e+00  0.000000e+00  1.000000e+00
   outer loop
     vertex  3.206238e+01 -1.803957e+02  4.180000e+02
     vertex  3.205090e+01 -1.804514e+02  4.180000e+02
     vertex  3.440000e+01 -1.830000e+02  4.180000e+02
   endloop
 endfacet
 facet normal  0.000000e+00  0.000000e+00  1.000000e+00
   outer loop
     vertex  3.207234e+01 -1.803397e+02  4.180000e+02
     vertex  3.206238e+01 -1.803957e+02  4.180000e+02
     vertex  3.440000e+01 -1.830000e+02  4.180000e+02
   endloop
 endfacet
 facet normal  0.000000e+00  0.000000e+00  1.000000e+00
   outer loop
     vertex  3.208078e+01 -1.802835e+02  4.180000e+02
     vertex  3.207234e+01 -1.803397e+02  4.180000e+02
     vertex  3.440000e+01 -1.830000e+02  4.180000e+02
   endloop
 endfacet
 facet normal  0.000000e+00  0.000000e+00  1.000000e+00
   outer loop
     vertex  3.208769e+01 -1.802270e+02  4.180000e+02
     vertex  3.208078e+01 -1.802835e+02  4.180000e+02
     vertex  3.440000e+01 -1.830000e+02  4.180000e+02
   endloop
 endfacet
 facet normal  0.000000e+00  0.000000e+00  1.000000e+00
   outer loop
     vertex  3.209307e+01 -1.801704e+02  4.180000e+02
     vertex  3.208769e+01 -1.802270e+02  4.180000e+02
     vertex  3.440000e+01 -1.830000e+02  4.180000e+02
   endloop
 endfacet
 facet normal  0.000000e+00  0.000000e+00  1.000000e+00
   outer loop
     vertex  3.209692e+01 -1.801137e+02  4.180000e+02
     vertex  3.209307e+01 -1.801704e+02  4.180000e+02
     vertex  3.440000e+01 -1.830000e+02  4.180000e+02
   endloop
 endfacet
 facet normal  0.000000e+00  0.000000e+00  1.000000e+00
   outer loop
     vertex  3.209923e+01 -1.800569e+02  4.180000e+02
     vertex  3.209692e+01 -1.801137e+02  4.180000e+02
     vertex  3.440000e+01 -1.830000e+02  4.180000e+02
   endloop
 endfacet
 facet normal  0.000000e+00  0.000000e+00  1.000000e+00
   outer loop
     vertex  3.210000e+01 -1.800000e+02  4.180000e+02
     vertex  3.209923e+01 -1.800569e+02  4.180000e+02
     vertex  3.440000e+01 -1.830000e+02  4.180000e+02
   endloop
 endfacet
 facet normal  0.000000e+00  0.000000e+00  1.000000e+00
   outer loop
     vertex  3.000000e+01 -1.756000e+02  4.180000e+02
     vertex  3.077729e+01 -1.780491e+02  4.180000e+02
     vertex  3.082983e+01 -1.780709e+02  4.180000e+02
   endloop
 endfacet
 facet normal  0.000000e+00  0.000000e+00  1.000000e+00
   outer loop
     vertex  3.000000e+01 -1.756000e+02  4.180000e+02
     vertex  3.072418e+01 -1.780288e+02  4.180000e+02
     vertex  3.077729e+01 -1.780491e+02  4.180000e+02
   endloop
 endfacet
 facet normal  0.000000e+00  0.000000e+00  1.000000e+00
   outer loop
     vertex  3.000000e+01 -1.756000e+02  4.180000e+02
     vertex  3.067053e+01 -1.780099e+02  4.180000e+02
     vertex  3.072418e+01 -1.780288e+02  4.180000e+02
   endloop
 endfacet
 facet normal  0.000000e+00  0.000000e+00  1.000000e+00
   outer loop
     vertex  3.000000e+01 -1.756000e+02  4.180000e+02
     vertex  3.061640e+01 -1.779925e+02  4.180000e+02
     vertex  3.067053e+01 -1.780099e+02  4.180000e+02
   endloop
 endfacet
 facet normal  0.000000e+00  0.000000e+00  1.000000e+00
   outer loop
     vertex  3.000000e+01 -1.756000e+02  4.180000e+02
     vertex  3.056181e+01 -1.779765e+02  4.180000e+02
     vertex  3.061640e+01 -1.779925e+02  4.180000e+02
   endloop
 endfacet
 facet normal  0.000000e+00  0.000000e+00  1.000000e+00
   outer loop
     vertex  3.000000e+01 -1.756000e+02  4.180000e+02
     vertex  3.050681e+01 -1.779621e+02  4.180000e+02
     vertex  3.056181e+01 -1.779765e+02  4.180000e+02
   endloop
 endfacet
 facet normal  0.000000e+00  0.000000e+00  1.000000e+00
   outer loop
     vertex  3.000000e+01 -1.756000e+02  4.180000e+02
     vertex  3.045144e+01 -1.779491e+02  4.180000e+02
     vertex  3.050681e+01 -1.779621e+02  4.180000e+02
   endloop
 endfacet
 facet normal  0.000000e+00  0.000000e+00  1.000000e+00
   outer loop
     vertex  3.000000e+01 -1.756000e+02  4.180000e+02
     vertex  3.039574e+01 -1.779376e+02  4.180000e+02
     vertex  3.045144e+01 -1.779491e+02  4.180000e+02
   endloop
 endfacet
 facet normal  0.000000e+00  0.000000e+00  1.000000e+00
   outer loop
     vertex  3.000000e+01 -1.756000e+02  4.180000e+02
     vertex  3.033974e+01 -1.779277e+02  4.180000e+02
     vertex  3.039574e+01 -1.779376e+02  4.180000e+02
   endloop
 endfacet
 facet normal  0.000000e+00  0.000000e+00  1.000000e+00
   outer loop
     vertex  3.000000e+01 -1.756000e+02  4.180000e+02
     vertex  3.028350e+01 -1.779192e+02  4.180000e+02
     vertex  3.033974e+01 -1.779277e+02  4.180000e+02
   endloop
 endfacet
 facet normal  0.000000e+00  0.000000e+00  1.000000e+00
   outer loop
     vertex  3.000000e+01 -1.756000e+02  4.180000e+02
     vertex  3.022705e+01 -1.779123e+02  4.180000e+02
     vertex  3.028350e+01 -1.779192e+02  4.180000e+02
   endloop
 endfacet
 facet normal  0.000000e+00  0.000000e+00  1.000000e+00
   outer loop
     vertex  3.000000e+01 -1.756000e+02  4.180000e+02
     vertex  3.017043e+01 -1.779069e+02  4.180000e+02
     vertex  3.022705e+01 -1.779123e+02  4.180000e+02
   endloop
 endfacet
 facet normal  0.000000e+00  0.000000e+00  1.000000e+00
   outer loop
     vertex  3.000000e+01 -1.756000e+02  4.180000e+02
     vertex  3.011369e+01 -1.779031e+02  4.180000e+02
     vertex  3.017043e+01 -1.779069e+02  4.180000e+02
   endloop
 endfacet
 facet normal  0.000000e+00  0.000000e+00  1.000000e+00
   outer loop
     vertex  3.000000e+01 -1.756000e+02  4.180000e+02
     vertex  3.005687e+01 -1.779008e+02  4.180000e+02
     vertex  3.011369e+01 -1.779031e+02  4.180000e+02
   endloop
 endfacet
 facet normal  0.000000e+00  0.000000e+00  1.000000e+00
   outer loop
     vertex  3.000000e+01 -1.756000e+02  4.180000e+02
     vertex  3.000000e+01 -1.779000e+02  4.180000e+02
     vertex  3.005687e+01 -1.779008e+02  4.180000e+02
   endloop
 endfacet
 facet normal  0.000000e+00  0.000000e+00  1.000000e+00
   outer loop
     vertex  4.000000e+01 -1.830000e+02  4.180000e+02
     vertex  3.440000e+01 -1.830000e+02  4.180000e+02
     vertex  4.000000e+01 -1.900000e+02  4.180000e+02
   endloop
 endfacet
 facet normal  0.000000e+00  0.000000e+00  1.000000e+00
   outer loop
     vertex  3.300000e+01 -1.756000e+02  4.180000e+02
     vertex  3.144417e+01 -1.784754e+02  4.180000e+02
     vertex  3.148492e+01 -1.785151e+02  4.180000e+02
   endloop
 endfacet
 facet normal  0.000000e+00  0.000000e+00  1.000000e+00
   outer loop
     vertex  3.300000e+01 -1.756000e+02  4.180000e+02
     vertex  3.140235e+01 -1.784369e+02  4.180000e+02
     vertex  3.144417e+01 -1.784754e+02  4.180000e+02
   endloop
 endfacet
 facet normal  0.000000e+00  0.000000e+00  1.000000e+00
   outer loop
     vertex  3.300000e+01 -1.756000e+02  4.180000e+02
     vertex  3.135951e+01 -1.783995e+02  4.180000e+02
     vertex  3.140235e+01 -1.784369e+02  4.180000e+02
   endloop
 endfacet
 facet normal  0.000000e+00  0.000000e+00  1.000000e+00
   outer loop
     vertex  3.300000e+01 -1.756000e+02  4.180000e+02
     vertex  3.131567e+01 -1.783632e+02  4.180000e+02
     vertex  3.135951e+01 -1.783995e+02  4.180000e+02
   endloop
 endfacet
 facet normal  0.000000e+00  0.000000e+00  1.000000e+00
   outer loop
     vertex  3.300000e+01 -1.756000e+02  4.180000e+02
     vertex  3.127087e+01 -1.783282e+02  4.180000e+02
     vertex  3.131567e+01 -1.783632e+02  4.180000e+02
   endloop
 endfacet
 facet normal  0.000000e+00  0.000000e+00  1.000000e+00
   outer loop
     vertex  3.300000e+01 -1.756000e+02  4.180000e+02
     vertex  3.122513e+01 -1.782944e+02  4.180000e+02
     vertex  3.127087e+01 -1.783282e+02  4.180000e+02
   endloop
 endfacet
 facet normal  0.000000e+00  0.000000e+00  1.000000e+00
   outer loop
     vertex  3.300000e+01 -1.756000e+02  4.180000e+02
     vertex  3.117849e+01 -1.782619e+02  4.180000e+02
     vertex  3.122513e+01 -1.782944e+02  4.180000e+02
   endloop
 endfacet
 facet normal  0.000000e+00  0.000000e+00  1.000000e+00
   outer loop
     vertex  3.300000e+01 -1.756000e+02  4.180000e+02
     vertex  3.113099e+01 -1.782306e+02  4.180000e+02
     vertex  3.117849e+01 -1.782619e+02  4.180000e+02
   endloop
 endfacet
 facet normal  0.000000e+00  0.000000e+00  1.000000e+00
   outer loop
     vertex  3.300000e+01 -1.756000e+02  4.180000e+02
     vertex  3.108266e+01 -1.782006e+02  4.180000e+02
     vertex  3.113099e+01 -1.782306e+02  4.180000e+02
   endloop
 endfacet
 facet normal  0.000000e+00  0.000000e+00  1.000000e+00
   outer loop
     vertex  3.300000e+01 -1.756000e+02  4.180000e+02
     vertex  3.103354e+01 -1.781719e+02  4.180000e+02
     vertex  3.108266e+01 -1.782006e+02  4.180000e+02
   endloop
 endfacet
 facet normal  0.000000e+00  0.000000e+00  1.000000e+00
   outer loop
     vertex  3.300000e+01 -1.756000e+02  4.180000e+02
     vertex  3.098366e+01 -1.781446e+02  4.180000e+02
     vertex  3.103354e+01 -1.781719e+02  4.180000e+02
   endloop
 endfacet
 facet normal  0.000000e+00  0.000000e+00  1.000000e+00
   outer loop
     vertex  3.300000e+01 -1.756000e+02  4.180000e+02
     vertex  3.093305e+01 -1.781187e+02  4.180000e+02
     vertex  3.098366e+01 -1.781446e+02  4.180000e+02
   endloop
 endfacet
 facet normal  0.000000e+00  0.000000e+00  1.000000e+00
   outer loop
     vertex  3.300000e+01 -1.756000e+02  4.180000e+02
     vertex  3.088177e+01 -1.780941e+02  4.180000e+02
     vertex  3.093305e+01 -1.781187e+02  4.180000e+02
   endloop
 endfacet
 facet normal  0.000000e+00  0.000000e+00  1.000000e+00
   outer loop
     vertex  3.300000e+01 -1.756000e+02  4.180000e+02
     vertex  3.082983e+01 -1.780709e+02  4.180000e+02
     vertex  3.088177e+01 -1.780941e+02  4.180000e+02
   endloop
 endfacet
 facet normal  0.000000e+00  0.000000e+00  1.000000e+00
   outer loop
     vertex  3.300000e+01 -1.756000e+02  4.180000e+02
     vertex  3.000000e+01 -1.756000e+02  4.180000e+02
     vertex  3.082983e+01 -1.780709e+02  4.180000e+02
   endloop
 endfacet
 facet normal  0.000000e+00  0.000000e+00  1.000000e+00
   outer loop
     vertex  3.440000e+01 -1.770000e+02  4.180000e+02
     vertex  3.300000e+01 -1.756000e+02  4.180000e+02
     vertex  3.148492e+01 -1.785151e+02  4.180000e+02
   endloop
 endfacet
 facet normal  0.000000e+00  0.000000e+00  1.000000e+00
   outer loop
     vertex  3.440000e+01 -1.770000e+02  4.180000e+02
     vertex  3.209923e+01 -1.799431e+02  4.180000e+02
     vertex  3.210000e+01 -1.800000e+02  4.180000e+02
   endloop
 endfacet
 facet normal  0.000000e+00  0.000000e+00  1.000000e+00
   outer loop
     vertex  3.440000e+01 -1.770000e+02  4.180000e+02
     vertex  3.209692e+01 -1.798863e+02  4.180000e+02
     vertex  3.209923e+01 -1.799431e+02  4.180000e+02
   endloop
 endfacet
 facet normal  0.000000e+00  0.000000e+00  1.000000e+00
   outer loop
     vertex  3.440000e+01 -1.770000e+02  4.180000e+02
     vertex  3.209307e+01 -1.798296e+02  4.180000e+02
     vertex  3.209692e+01 -1.798863e+02  4.180000e+02
   endloop
 endfacet
 facet normal  0.000000e+00  0.000000e+00  1.000000e+00
   outer loop
     vertex  3.440000e+01 -1.770000e+02  4.180000e+02
     vertex  3.208769e+01 -1.797730e+02  4.180000e+02
     vertex  3.209307e+01 -1.798296e+02  4.180000e+02
   endloop
 endfacet
 facet normal  0.000000e+00  0.000000e+00  1.000000e+00
   outer loop
     vertex  3.440000e+01 -1.770000e+02  4.180000e+02
     vertex  3.208078e+01 -1.797165e+02  4.180000e+02
     vertex  3.208769e+01 -1.797730e+02  4.180000e+02
   endloop
 endfacet
 facet normal  0.000000e+00  0.000000e+00  1.000000e+00
   outer loop
     vertex  3.440000e+01 -1.770000e+02  4.180000e+02
     vertex  3.207234e+01 -1.796603e+02  4.180000e+02
     vertex  3.208078e+01 -1.797165e+02  4.180000e+02
   endloop
 endfacet
 facet normal  0.000000e+00  0.000000e+00  1.000000e+00
   outer loop
     vertex  3.440000e+01 -1.770000e+02  4.180000e+02
     vertex  3.206238e+01 -1.796043e+02  4.180000e+02
     vertex  3.207234e+01 -1.796603e+02  4.180000e+02
   endloop
 endfacet
 facet normal  0.000000e+00  0.000000e+00  1.000000e+00
   outer loop
     vertex  3.440000e+01 -1.770000e+02  4.180000e+02
     vertex  3.205090e+01 -1.795486e+02  4.180000e+02
     vertex  3.206238e+01 -1.796043e+02  4.180000e+02
   endloop
 endfacet
 facet normal  0.000000e+00  0.000000e+00  1.000000e+00
   outer loop
     vertex  3.440000e+01 -1.770000e+02  4.180000e+02
     vertex  3.203793e+01 -1.794932e+02  4.180000e+02
     vertex  3.205090e+01 -1.795486e+02  4.180000e+02
   endloop
 endfacet
 facet normal  0.000000e+00  0.000000e+00  1.000000e+00
   outer loop
     vertex  3.440000e+01 -1.770000e+02  4.180000e+02
     vertex  3.202345e+01 -1.794382e+02  4.180000e+02
     vertex  3.203793e+01 -1.794932e+02  4.180000e+02
   endloop
 endfacet
 facet normal  0.000000e+00  0.000000e+00  1.000000e+00
   outer loop
     vertex  3.440000e+01 -1.770000e+02  4.180000e+02
     vertex  3.200750e+01 -1.793836e+02  4.180000e+02
     vertex  3.202345e+01 -1.794382e+02  4.180000e+02
   endloop
 endfacet
 facet normal  0.000000e+00  0.000000e+00  1.000000e+00
   outer loop
     vertex  3.440000e+01 -1.770000e+02  4.180000e+02
     vertex  3.199007e+01 -1.793295e+02  4.180000e+02
     vertex  3.200750e+01 -1.793836e+02  4.180000e+02
   endloop
 endfacet
 facet normal  0.000000e+00  0.000000e+00  1.000000e+00
   outer loop
     vertex  3.440000e+01 -1.770000e+02  4.180000e+02
     vertex  3.197118e+01 -1.792758e+02  4.180000e+02
     vertex  3.199007e+01 -1.793295e+02  4.180000e+02
   endloop
 endfacet
 facet normal  0.000000e+00  0.000000e+00  1.000000e+00
   outer loop
     vertex  3.440000e+01 -1.770000e+02  4.180000e+02
     vertex  3.195085e+01 -1.792227e+02  4.180000e+02
     vertex  3.197118e+01 -1.792758e+02  4.180000e+02
   endloop
 endfacet
 facet normal  0.000000e+00  0.000000e+00  1.000000e+00
   outer loop
     vertex  3.440000e+01 -1.770000e+02  4.180000e+02
     vertex  3.192909e+01 -1.791702e+02  4.180000e+02
     vertex  3.195085e+01 -1.792227e+02  4.180000e+02
   endloop
 endfacet
 facet normal  0.000000e+00  0.000000e+00  1.000000e+00
   outer loop
     vertex  3.440000e+01 -1.770000e+02  4.180000e+02
     vertex  3.190591e+01 -1.791182e+02  4.180000e+02
     vertex  3.192909e+01 -1.791702e+02  4.180000e+02
   endloop
 endfacet
 facet normal  0.000000e+00  0.000000e+00  1.000000e+00
   outer loop
     vertex  3.440000e+01 -1.770000e+02  4.180000e+02
     vertex  3.188133e+01 -1.790669e+02  4.180000e+02
     vertex  3.190591e+01 -1.791182e+02  4.180000e+02
   endloop
 endfacet
 facet normal  0.000000e+00  0.000000e+00  1.000000e+00
   outer loop
     vertex  3.440000e+01 -1.770000e+02  4.180000e+02
     vertex  3.185538e+01 -1.790163e+02  4.180000e+02
     vertex  3.188133e+01 -1.790669e+02  4.180000e+02
   endloop
 endfacet
 facet normal  0.000000e+00  0.000000e+00  1.000000e+00
   outer loop
     vertex  3.440000e+01 -1.770000e+02  4.180000e+02
     vertex  3.182806e+01 -1.789665e+02  4.180000e+02
     vertex  3.185538e+01 -1.790163e+02  4.180000e+02
   endloop
 endfacet
 facet normal  0.000000e+00  0.000000e+00  1.000000e+00
   outer loop
     vertex  3.440000e+01 -1.770000e+02  4.180000e+02
     vertex  3.179940e+01 -1.789173e+02  4.180000e+02
     vertex  3.182806e+01 -1.789665e+02  4.180000e+02
   endloop
 endfacet
 facet normal  0.000000e+00  0.000000e+00  1.000000e+00
   outer loop
     vertex  3.440000e+01 -1.770000e+02  4.180000e+02
     vertex  3.176942e+01 -1.788690e+02  4.180000e+02
     vertex  3.179940e+01 -1.789173e+02  4.180000e+02
   endloop
 endfacet
 facet normal  0.000000e+00  0.000000e+00  1.000000e+00
   outer loop
     vertex  3.440000e+01 -1.770000e+02  4.180000e+02
     vertex  3.173815e+01 -1.788215e+02  4.180000e+02
     vertex  3.176942e+01 -1.788690e+02  4.180000e+02
   endloop
 endfacet
 facet normal  0.000000e+00  0.000000e+00  1.000000e+00
   outer loop
     vertex  3.440000e+01 -1.770000e+02  4.180000e+02
     vertex  3.170560e+01 -1.787749e+02  4.180000e+02
     vertex  3.173815e+01 -1.788215e+02  4.180000e+02
   endloop
 endfacet
 facet normal  0.000000e+00  0.000000e+00  1.000000e+00
   outer loop
     vertex  3.440000e+01 -1.770000e+02  4.180000e+02
     vertex  3.167180e+01 -1.787291e+02  4.180000e+02
     vertex  3.170560e+01 -1.787749e+02  4.180000e+02
   endloop
 endfacet
 facet normal  0.000000e+00  0.000000e+00  1.000000e+00
   outer loop
     vertex  3.440000e+01 -1.770000e+02  4.180000e+02
     vertex  3.163677e+01 -1.786843e+02  4.180000e+02
     vertex  3.167180e+01 -1.787291e+02  4.180000e+02
   endloop
 endfacet
 facet normal  0.000000e+00  0.000000e+00  1.000000e+00
   outer loop
     vertex  3.440000e+01 -1.770000e+02  4.180000e+02
     vertex  3.160054e+01 -1.786405e+02  4.180000e+02
     vertex  3.163677e+01 -1.786843e+02  4.180000e+02
   endloop
 endfacet
 facet normal  0.000000e+00  0.000000e+00  1.000000e+00
   outer loop
     vertex  3.440000e+01 -1.770000e+02  4.180000e+02
     vertex  3.156314e+01 -1.785976e+02  4.180000e+02
     vertex  3.160054e+01 -1.786405e+02  4.180000e+02
   endloop
 endfacet
 facet normal  0.000000e+00  0.000000e+00  1.000000e+00
   outer loop
     vertex  3.440000e+01 -1.770000e+02  4.180000e+02
     vertex  3.152459e+01 -1.785558e+02  4.180000e+02
     vertex  3.156314e+01 -1.785976e+02  4.180000e+02
   endloop
 endfacet
 facet normal  0.000000e+00  0.000000e+00  1.000000e+00
   outer loop
     vertex  3.440000e+01 -1.770000e+02  4.180000e+02
     vertex  3.148492e+01 -1.785151e+02  4.180000e+02
     vertex  3.152459e+01 -1.785558e+02  4.180000e+02
   endloop
 endfacet
 facet normal  0.000000e+00  0.000000e+00  1.000000e+00
   outer loop
     vertex  3.440000e+01 -1.770000e+02  4.180000e+02
     vertex  3.210000e+01 -1.800000e+02  4.180000e+02
     vertex  3.440000e+01 -1.830000e+02  4.180000e+02
   endloop
 endfacet
 facet normal  0.000000e+00  0.000000e+00  1.000000e+00
   outer loop
     vertex  4.000000e+01 -1.700000e+02  4.180000e+02
     vertex  3.440000e+01 -1.770000e+02  4.180000e+02
     vertex  4.000000e+01 -1.770000e+02  4.180000e+02
   endloop
 endfacet
 facet normal  0.000000e+00  0.000000e+00  1.000000e+00
   outer loop
     vertex  4.000000e+01 -1.700000e+02  4.180000e+02
     vertex  3.300000e+01 -1.700000e+02  4.180000e+02
     vertex  3.300000e+01 -1.756000e+02  4.180000e+02
   endloop
 endfacet
 facet normal  0.000000e+00  0.000000e+00  1.000000e+00
   outer loop
     vertex  4.000000e+01 -1.700000e+02  4.180000e+02
     vertex  3.300000e+01 -1.756000e+02  4.180000e+02
     vertex  3.440000e+01 -1.770000e+02  4.180000e+02
   endloop
 endfacet
 facet normal  0.000000e+00  0.000000e+00  1.000000e+00
   outer loop
     vertex  2.842667e+01 -1.813909e+02  4.180000e+02
     vertex  2.846524e+01 -1.814334e+02  4.180000e+02
     vertex  2.850497e+01 -1.814747e+02  4.180000e+02
   endloop
 endfacet
 facet normal  0.000000e+00  0.000000e+00  1.000000e+00
   outer loop
     vertex  2.863071e+01 -1.815922e+02  4.180000e+02
     vertex  2.854581e+01 -1.815150e+02  4.180000e+02
     vertex  2.858773e+01 -1.815542e+02  4.180000e+02
   endloop
 endfacet
 facet normal  0.000000e+00  0.000000e+00  1.000000e+00
   outer loop
     vertex  2.835306e+01 -1.813029e+02  4.180000e+02
     vertex  2.838926e+01 -1.813474e+02  4.180000e+02
     vertex  2.842667e+01 -1.813909e+02  4.180000e+02
   endloop
 endfacet
 facet normal  0.000000e+00  0.000000e+00  1.000000e+00
   outer loop
     vertex  2.876565e+01 -1.816989e+02  4.180000e+02
     vertex  2.867472e+01 -1.816290e+02  4.180000e+02
     vertex  2.871971e+01 -1.816646e+02  4.180000e+02
   endloop
 endfacet
 facet normal  0.000000e+00  0.000000e+00  1.000000e+00
   outer loop
     vertex  2.828436e+01 -1.812110e+02  4.180000e+02
     vertex  2.842667e+01 -1.813909e+02  4.180000e+02
     vertex  2.850497e+01 -1.814747e+02  4.180000e+02
   endloop
 endfacet
 facet normal  0.000000e+00  0.000000e+00  1.000000e+00
   outer loop
     vertex  2.828436e+01 -1.812110e+02  4.180000e+02
     vertex  2.835306e+01 -1.813029e+02  4.180000e+02
     vertex  2.842667e+01 -1.813909e+02  4.180000e+02
   endloop
 endfacet
 facet normal  0.000000e+00  0.000000e+00  1.000000e+00
   outer loop
     vertex  2.828436e+01 -1.812110e+02  4.180000e+02
     vertex  2.831808e+01 -1.812574e+02  4.180000e+02
     vertex  2.835306e+01 -1.813029e+02  4.180000e+02
   endloop
 endfacet
 facet normal  0.000000e+00  0.000000e+00  1.000000e+00
   outer loop
     vertex  2.886027e+01 -1.817638e+02  4.180000e+02
     vertex  2.854581e+01 -1.815150e+02  4.180000e+02
     vertex  2.863071e+01 -1.815922e+02  4.180000e+02
   endloop
 endfacet
 facet normal  0.000000e+00  0.000000e+00  1.000000e+00
   outer loop
     vertex  2.886027e+01 -1.817638e+02  4.180000e+02
     vertex  2.867472e+01 -1.816290e+02  4.180000e+02
     vertex  2.876565e+01 -1.816989e+02  4.180000e+02
   endloop
 endfacet
 facet normal  0.000000e+00  0.000000e+00  1.000000e+00
   outer loop
     vertex  2.886027e+01 -1.817638e+02  4.180000e+02
     vertex  2.863071e+01 -1.815922e+02  4.180000e+02
     vertex  2.867472e+01 -1.816290e+02  4.180000e+02
   endloop
 endfacet
 facet normal  0.000000e+00  0.000000e+00  1.000000e+00
   outer loop
     vertex  2.886027e+01 -1.817638e+02  4.180000e+02
     vertex  2.876565e+01 -1.816989e+02  4.180000e+02
     vertex  2.881252e+01 -1.817320e+02  4.180000e+02
   endloop
 endfacet
 facet normal  0.000000e+00  0.000000e+00  1.000000e+00
   outer loop
     vertex  2.816253e+01 -1.810167e+02  4.180000e+02
     vertex  2.819098e+01 -1.810665e+02  4.180000e+02
     vertex  2.822079e+01 -1.811155e+02  4.180000e+02
   endloop
 endfacet
 facet normal  0.000000e+00  0.000000e+00  1.000000e+00
   outer loop
     vertex  2.816253e+01 -1.810167e+02  4.180000e+02
     vertex  2.822079e+01 -1.811155e+02  4.180000e+02
     vertex  2.825192e+01 -1.811637e+02  4.180000e+02
   endloop
 endfacet
 facet normal  0.000000e+00  0.000000e+00  1.000000e+00
   outer loop
     vertex  2.816253e+01 -1.810167e+02  4.180000e+02
     vertex  2.825192e+01 -1.811637e+02  4.180000e+02
     vertex  2.828436e+01 -1.812110e+02  4.180000e+02
   endloop
 endfacet
 facet normal  0.000000e+00  0.000000e+00  1.000000e+00
   outer loop
     vertex  2.900849e+01 -1.818512e+02  4.180000e+02
     vertex  2.854581e+01 -1.815150e+02  4.180000e+02
     vertex  2.886027e+01 -1.817638e+02  4.180000e+02
   endloop
 endfacet
 facet normal  0.000000e+00  0.000000e+00  1.000000e+00
   outer loop
     vertex  2.900849e+01 -1.818512e+02  4.180000e+02
     vertex  2.850497e+01 -1.814747e+02  4.180000e+02
     vertex  2.854581e+01 -1.815150e+02  4.180000e+02
   endloop
 endfacet
 facet normal  0.000000e+00  0.000000e+00  1.000000e+00
   outer loop
     vertex  2.900849e+01 -1.818512e+02  4.180000e+02
     vertex  2.886027e+01 -1.817638e+02  4.180000e+02
     vertex  2.890887e+01 -1.817943e+02  4.180000e+02
   endloop
 endfacet
 facet normal  0.000000e+00  0.000000e+00  1.000000e+00
   outer loop
     vertex  2.900849e+01 -1.818512e+02  4.180000e+02
     vertex  2.890887e+01 -1.817943e+02  4.180000e+02
     vertex  2.895829e+01 -1.818234e+02  4.180000e+02
   endloop
 endfacet
 facet normal  0.000000e+00  0.000000e+00  1.000000e+00
   outer loop
     vertex  2.808546e+01 -1.808629e+02  4.180000e+02
     vertex  2.810975e+01 -1.809148e+02  4.180000e+02
     vertex  2.813544e+01 -1.809661e+02  4.180000e+02
   endloop
 endfacet
 facet normal  0.000000e+00  0.000000e+00  1.000000e+00
   outer loop
     vertex  2.808546e+01 -1.808629e+02  4.180000e+02
     vertex  2.813544e+01 -1.809661e+02  4.180000e+02
     vertex  2.816253e+01 -1.810167e+02  4.180000e+02
   endloop
 endfacet
 facet normal  0.000000e+00  0.000000e+00  1.000000e+00
   outer loop
     vertex  2.916336e+01 -1.819261e+02  4.180000e+02
     vertex  2.905942e+01 -1.818776e+02  4.180000e+02
     vertex  2.911106e+01 -1.819026e+02  4.180000e+02
   endloop
 endfacet
 facet normal  0.000000e+00  0.000000e+00  1.000000e+00
   outer loop
     vertex  2.921628e+01 -1.819483e+02  4.180000e+02
     vertex  2.905942e+01 -1.818776e+02  4.180000e+02
     vertex  2.916336e+01 -1.819261e+02  4.180000e+02
   endloop
 endfacet
 facet normal  0.000000e+00  0.000000e+00  1.000000e+00
   outer loop
     vertex  2.804120e+01 -1.807570e+02  4.180000e+02
     vertex  2.808546e+01 -1.808629e+02  4.180000e+02
     vertex  2.816253e+01 -1.810167e+02  4.180000e+02
   endloop
 endfacet
 facet normal  0.000000e+00  0.000000e+00  1.000000e+00
   outer loop
     vertex  2.804120e+01 -1.807570e+02  4.180000e+02
     vertex  2.806261e+01 -1.808103e+02  4.180000e+02
     vertex  2.808546e+01 -1.808629e+02  4.180000e+02
   endloop
 endfacet
 facet normal  0.000000e+00  0.000000e+00  1.000000e+00
   outer loop
     vertex  2.932385e+01 -1.819882e+02  4.180000e+02
     vertex  2.921628e+01 -1.819483e+02  4.180000e+02
     vertex  2.926979e+01 -1.819690e+02  4.180000e+02
   endloop
 endfacet
 facet normal  0.000000e+00  0.000000e+00  1.000000e+00
   outer loop
     vertex  2.937840e+01 -1.820059e+02  4.180000e+02
     vertex  2.921628e+01 -1.819483e+02  4.180000e+02
     vertex  2.932385e+01 -1.819882e+02  4.180000e+02
   endloop
 endfacet
 facet normal  0.000000e+00  0.000000e+00  1.000000e+00
   outer loop
     vertex  2.937840e+01 -1.820059e+02  4.180000e+02
     vertex  2.905942e+01 -1.818776e+02  4.180000e+02
     vertex  2.921628e+01 -1.819483e+02  4.180000e+02
   endloop
 endfacet
 facet normal  0.000000e+00  0.000000e+00  1.000000e+00
   outer loop
     vertex  2.937840e+01 -1.820059e+02  4.180000e+02
     vertex  2.900849e+01 -1.818512e+02  4.180000e+02
     vertex  2.905942e+01 -1.818776e+02  4.180000e+02
   endloop
 endfacet
 facet normal  0.000000e+00  0.000000e+00  1.000000e+00
   outer loop
     vertex  2.798580e+01 -1.805941e+02  4.180000e+02
     vertex  2.828436e+01 -1.812110e+02  4.180000e+02
     vertex  2.850497e+01 -1.814747e+02  4.180000e+02
   endloop
 endfacet
 facet normal  0.000000e+00  0.000000e+00  1.000000e+00
   outer loop
     vertex  2.798580e+01 -1.805941e+02  4.180000e+02
     vertex  2.816253e+01 -1.810167e+02  4.180000e+02
     vertex  2.828436e+01 -1.812110e+02  4.180000e+02
   endloop
 endfacet
 facet normal  0.000000e+00  0.000000e+00  1.000000e+00
   outer loop
     vertex  2.798580e+01 -1.805941e+02  4.180000e+02
     vertex  2.800278e+01 -1.806489e+02  4.180000e+02
     vertex  2.802125e+01 -1.807032e+02  4.180000e+02
   endloop
 endfacet
 facet normal  0.000000e+00  0.000000e+00  1.000000e+00
   outer loop
     vertex  2.798580e+01 -1.805941e+02  4.180000e+02
     vertex  2.802125e+01 -1.807032e+02  4.180000e+02
     vertex  2.804120e+01 -1.807570e+02  4.180000e+02
   endloop
 endfacet
 facet normal  0.000000e+00  0.000000e+00  1.000000e+00
   outer loop
     vertex  2.798580e+01 -1.805941e+02  4.180000e+02
     vertex  2.804120e+01 -1.807570e+02  4.180000e+02
     vertex  2.816253e+01 -1.810167e+02  4.180000e+02
   endloop
 endfacet
 facet normal  0.000000e+00  0.000000e+00  1.000000e+00
   outer loop
     vertex  2.943343e+01 -1.820221e+02  4.180000e+02
     vertex  2.900849e+01 -1.818512e+02  4.180000e+02
     vertex  2.937840e+01 -1.820059e+02  4.180000e+02
   endloop
 endfacet
 facet normal  0.000000e+00  0.000000e+00  1.000000e+00
   outer loop
     vertex  2.795636e+01 -1.804833e+02  4.180000e+02
     vertex  2.797032e+01 -1.805389e+02  4.180000e+02
     vertex  2.798580e+01 -1.805941e+02  4.180000e+02
   endloop
 endfacet
 facet normal  0.000000e+00  0.000000e+00  1.000000e+00
   outer loop
     vertex  2.954470e+01 -1.820500e+02  4.180000e+02
     vertex  2.943343e+01 -1.820221e+02  4.180000e+02
     vertex  2.948887e+01 -1.820368e+02  4.180000e+02
   endloop
 endfacet
 facet normal  0.000000e+00  0.000000e+00  1.000000e+00
   outer loop
     vertex  2.965733e+01 -1.820719e+02  4.180000e+02
     vertex  2.954470e+01 -1.820500e+02  4.180000e+02
     vertex  2.960087e+01 -1.820617e+02  4.180000e+02
   endloop
 endfacet
 facet normal  0.000000e+00  0.000000e+00  1.000000e+00
   outer loop
     vertex  2.792366e+01 -1.803143e+02  4.180000e+02
     vertex  2.793302e+01 -1.803709e+02  4.180000e+02
     vertex  2.794392e+01 -1.804273e+02  4.180000e+02
   endloop
 endfacet
 facet normal  0.000000e+00  0.000000e+00  1.000000e+00
   outer loop
     vertex  2.792366e+01 -1.803143e+02  4.180000e+02
     vertex  2.794392e+01 -1.804273e+02  4.180000e+02
     vertex  2.795636e+01 -1.804833e+02  4.180000e+02
   endloop
 endfacet
 facet normal  0.000000e+00  0.000000e+00  1.000000e+00
   outer loop
     vertex  2.792366e+01 -1.803143e+02  4.180000e+02
     vertex  2.795636e+01 -1.804833e+02  4.180000e+02
     vertex  2.798580e+01 -1.805941e+02  4.180000e+02
   endloop
 endfacet
 facet normal  0.000000e+00  0.000000e+00  1.000000e+00
   outer loop
     vertex  2.982809e+01 -1.820930e+02  4.180000e+02
     vertex  2.965733e+01 -1.820719e+02  4.180000e+02
     vertex  2.971405e+01 -1.820804e+02  4.180000e+02
   endloop
 endfacet
 facet normal  0.000000e+00  0.000000e+00  1.000000e+00
   outer loop
     vertex  2.982809e+01 -1.820930e+02  4.180000e+02
     vertex  2.971405e+01 -1.820804e+02  4.180000e+02
     vertex  2.977098e+01 -1.820875e+02  4.180000e+02
   endloop
 endfacet
 facet normal  0.000000e+00  0.000000e+00  1.000000e+00
   outer loop
     vertex  2.790490e+01 -1.801433e+02  4.180000e+02
     vertex  2.790959e+01 -1.802005e+02  4.180000e+02
     vertex  2.791585e+01 -1.802575e+02  4.180000e+02
   endloop
 endfacet
 facet normal  0.000000e+00  0.000000e+00  1.000000e+00
   outer loop
     vertex  2.790490e+01 -1.801433e+02  4.180000e+02
     vertex  2.791585e+01 -1.802575e+02  4.180000e+02
     vertex  2.792366e+01 -1.803143e+02  4.180000e+02
   endloop
 endfacet
 facet normal  0.000000e+00  0.000000e+00  1.000000e+00
   outer loop
     vertex  3.000000e+01 -1.821000e+02  4.180000e+02
     vertex  2.965733e+01 -1.820719e+02  4.180000e+02
     vertex  2.982809e+01 -1.820930e+02  4.180000e+02
   endloop
 endfacet
 facet normal  0.000000e+00  0.000000e+00  1.000000e+00
   outer loop
     vertex  3.000000e+01 -1.821000e+02  4.180000e+02
     vertex  2.982809e+01 -1.820930e+02  4.180000e+02
     vertex  2.988532e+01 -1.820969e+02  4.180000e+02
   endloop
 endfacet
 facet normal  0.000000e+00  0.000000e+00  1.000000e+00
   outer loop
     vertex  3.000000e+01 -1.821000e+02  4.180000e+02
     vertex  2.988532e+01 -1.820969e+02  4.180000e+02
     vertex  2.994264e+01 -1.820992e+02  4.180000e+02
   endloop
 endfacet
 facet normal  0.000000e+00  0.000000e+00  1.000000e+00
   outer loop
     vertex  3.000000e+01 -1.821000e+02  4.180000e+02
     vertex  2.954470e+01 -1.820500e+02  4.180000e+02
     vertex  2.965733e+01 -1.820719e+02  4.180000e+02
   endloop
 endfacet
 facet normal  0.000000e+00  0.000000e+00  1.000000e+00
   outer loop
     vertex  3.000000e+01 -1.821000e+02  4.180000e+02
     vertex  2.798580e+01 -1.805941e+02  4.180000e+02
     vertex  2.850497e+01 -1.814747e+02  4.180000e+02
   endloop
 endfacet
 facet normal  0.000000e+00  0.000000e+00  1.000000e+00
   outer loop
     vertex  3.000000e+01 -1.821000e+02  4.180000e+02
     vertex  2.850497e+01 -1.814747e+02  4.180000e+02
     vertex  2.900849e+01 -1.818512e+02  4.180000e+02
   endloop
 endfacet
 facet normal  0.000000e+00  0.000000e+00  1.000000e+00
   outer loop
     vertex  3.000000e+01 -1.821000e+02  4.180000e+02
     vertex  2.943343e+01 -1.820221e+02  4.180000e+02
     vertex  2.954470e+01 -1.820500e+02  4.180000e+02
   endloop
 endfacet
 facet normal  0.000000e+00  0.000000e+00  1.000000e+00
   outer loop
     vertex  3.000000e+01 -1.821000e+02  4.180000e+02
     vertex  2.900849e+01 -1.818512e+02  4.180000e+02
     vertex  2.943343e+01 -1.820221e+02  4.180000e+02
   endloop
 endfacet
 facet normal  0.000000e+00  0.000000e+00  1.000000e+00
   outer loop
     vertex  2.790176e+01 -1.799140e+02  4.180000e+02
     vertex  2.790020e+01 -1.799713e+02  4.180000e+02
     vertex  2.790020e+01 -1.800287e+02  4.180000e+02
   endloop
 endfacet
 facet normal  0.000000e+00  0.000000e+00  1.000000e+00
   outer loop
     vertex  2.790176e+01 -1.799140e+02  4.180000e+02
     vertex  2.790020e+01 -1.800287e+02  4.180000e+02
     vertex  2.790176e+01 -1.800860e+02  4.180000e+02
   endloop
 endfacet
 facet normal  0.000000e+00  0.000000e+00  1.000000e+00
   outer loop
     vertex  2.790959e+01 -1.797995e+02  4.180000e+02
     vertex  2.792366e+01 -1.803143e+02  4.180000e+02
     vertex  2.798580e+01 -1.805941e+02  4.180000e+02
   endloop
 endfacet
 facet normal  0.000000e+00  0.000000e+00  1.000000e+00
   outer loop
     vertex  2.790959e+01 -1.797995e+02  4.180000e+02
     vertex  2.790490e+01 -1.801433e+02  4.180000e+02
     vertex  2.792366e+01 -1.803143e+02  4.180000e+02
   endloop
 endfacet
 facet normal  0.000000e+00  0.000000e+00  1.000000e+00
   outer loop
     vertex  2.790959e+01 -1.797995e+02  4.180000e+02
     vertex  2.790176e+01 -1.799140e+02  4.180000e+02
     vertex  2.790176e+01 -1.800860e+02  4.180000e+02
   endloop
 endfacet
 facet normal  0.000000e+00  0.000000e+00  1.000000e+00
   outer loop
     vertex  2.790959e+01 -1.797995e+02  4.180000e+02
     vertex  2.790490e+01 -1.798567e+02  4.180000e+02
     vertex  2.790176e+01 -1.799140e+02  4.180000e+02
   endloop
 endfacet
 facet normal  0.000000e+00  0.000000e+00  1.000000e+00
   outer loop
     vertex  2.790959e+01 -1.797995e+02  4.180000e+02
     vertex  2.790176e+01 -1.800860e+02  4.180000e+02
     vertex  2.790490e+01 -1.801433e+02  4.180000e+02
   endloop
 endfacet
 facet normal  0.000000e+00  0.000000e+00  1.000000e+00
   outer loop
     vertex  2.793302e+01 -1.796291e+02  4.180000e+02
     vertex  2.792366e+01 -1.796857e+02  4.180000e+02
     vertex  2.791585e+01 -1.797425e+02  4.180000e+02
   endloop
 endfacet
 facet normal  0.000000e+00  0.000000e+00  1.000000e+00
   outer loop
     vertex  2.793302e+01 -1.796291e+02  4.180000e+02
     vertex  2.791585e+01 -1.797425e+02  4.180000e+02
     vertex  2.790959e+01 -1.797995e+02  4.180000e+02
   endloop
 endfacet
 facet normal  0.000000e+00  0.000000e+00  1.000000e+00
   outer loop
     vertex  2.795636e+01 -1.795167e+02  4.180000e+02
     vertex  2.793302e+01 -1.796291e+02  4.180000e+02
     vertex  2.790959e+01 -1.797995e+02  4.180000e+02
   endloop
 endfacet
 facet normal  0.000000e+00  0.000000e+00  1.000000e+00
   outer loop
     vertex  2.795636e+01 -1.795167e+02  4.180000e+02
     vertex  2.794392e+01 -1.795727e+02  4.180000e+02
     vertex  2.793302e+01 -1.796291e+02  4.180000e+02
   endloop
 endfacet
 facet normal  0.000000e+00  0.000000e+00  1.000000e+00
   outer loop
     vertex  2.795636e+01 -1.795167e+02  4.180000e+02
     vertex  2.790959e+01 -1.797995e+02  4.180000e+02
     vertex  2.798580e+01 -1.805941e+02  4.180000e+02
   endloop
 endfacet
 facet normal  0.000000e+00  0.000000e+00  1.000000e+00
   outer loop
     vertex  2.800278e+01 -1.793511e+02  4.180000e+02
     vertex  2.798580e+01 -1.794059e+02  4.180000e+02
     vertex  2.797032e+01 -1.794611e+02  4.180000e+02
   endloop
 endfacet
 facet normal  0.000000e+00  0.000000e+00  1.000000e+00
   outer loop
     vertex  2.804120e+01 -1.792430e+02  4.180000e+02
     vertex  2.802125e+01 -1.792968e+02  4.180000e+02
     vertex  2.800278e+01 -1.793511e+02  4.180000e+02
   endloop
 endfacet
 facet normal  0.000000e+00  0.000000e+00  1.000000e+00
   outer loop
     vertex  2.804120e+01 -1.792430e+02  4.180000e+02
     vertex  2.800278e+01 -1.793511e+02  4.180000e+02
     vertex  2.797032e+01 -1.794611e+02  4.180000e+02
   endloop
 endfacet
 facet normal  0.000000e+00  0.000000e+00  1.000000e+00
   outer loop
     vertex  2.808546e+01 -1.791371e+02  4.180000e+02
     vertex  2.806261e+01 -1.791897e+02  4.180000e+02
     vertex  2.804120e+01 -1.792430e+02  4.180000e+02
   endloop
 endfacet
 facet normal  0.000000e+00  0.000000e+00  1.000000e+00
   outer loop
     vertex  2.813544e+01 -1.790339e+02  4.180000e+02
     vertex  2.810975e+01 -1.790852e+02  4.180000e+02
     vertex  2.808546e+01 -1.791371e+02  4.180000e+02
   endloop
 endfacet
 facet normal  0.000000e+00  0.000000e+00  1.000000e+00
   outer loop
     vertex  2.819098e+01 -1.789335e+02  4.180000e+02
     vertex  2.816253e+01 -1.789833e+02  4.180000e+02
     vertex  2.813544e+01 -1.790339e+02  4.180000e+02
   endloop
 endfacet
 facet normal  0.000000e+00  0.000000e+00  1.000000e+00
   outer loop
     vertex  2.819098e+01 -1.789335e+02  4.180000e+02
     vertex  2.804120e+01 -1.792430e+02  4.180000e+02
     vertex  2.797032e+01 -1.794611e+02  4.180000e+02
   endloop
 endfacet
 facet normal  0.000000e+00  0.000000e+00  1.000000e+00
   outer loop
     vertex  2.819098e+01 -1.789335e+02  4.180000e+02
     vertex  2.808546e+01 -1.791371e+02  4.180000e+02
     vertex  2.804120e+01 -1.792430e+02  4.180000e+02
   endloop
 endfacet
 facet normal  0.000000e+00  0.000000e+00  1.000000e+00
   outer loop
     vertex  2.819098e+01 -1.789335e+02  4.180000e+02
     vertex  2.813544e+01 -1.790339e+02  4.180000e+02
     vertex  2.808546e+01 -1.791371e+02  4.180000e+02
   endloop
 endfacet
 facet normal  0.000000e+00  0.000000e+00  1.000000e+00
   outer loop
     vertex  2.825192e+01 -1.788363e+02  4.180000e+02
     vertex  2.822079e+01 -1.788845e+02  4.180000e+02
     vertex  2.819098e+01 -1.789335e+02  4.180000e+02
   endloop
 endfacet
 facet normal  0.000000e+00  0.000000e+00  1.000000e+00
   outer loop
     vertex  2.831808e+01 -1.787426e+02  4.180000e+02
     vertex  2.828436e+01 -1.787890e+02  4.180000e+02
     vertex  2.825192e+01 -1.788363e+02  4.180000e+02
   endloop
 endfacet
 facet normal  0.000000e+00  0.000000e+00  1.000000e+00
   outer loop
     vertex  2.831808e+01 -1.787426e+02  4.180000e+02
     vertex  2.797032e+01 -1.794611e+02  4.180000e+02
     vertex  2.795636e+01 -1.795167e+02  4.180000e+02
   endloop
 endfacet
 facet normal  0.000000e+00  0.000000e+00  1.000000e+00
   outer loop
     vertex  2.831808e+01 -1.787426e+02  4.180000e+02
     vertex  2.819098e+01 -1.789335e+02  4.180000e+02
     vertex  2.797032e+01 -1.794611e+02  4.180000e+02
   endloop
 endfacet
 facet normal  0.000000e+00  0.000000e+00  1.000000e+00
   outer loop
     vertex  2.831808e+01 -1.787426e+02  4.180000e+02
     vertex  2.825192e+01 -1.788363e+02  4.180000e+02
     vertex  2.819098e+01 -1.789335e+02  4.180000e+02
   endloop
 endfacet
 facet normal  0.000000e+00  0.000000e+00  1.000000e+00
   outer loop
     vertex  2.842667e+01 -1.786091e+02  4.180000e+02
     vertex  2.838926e+01 -1.786526e+02  4.180000e+02
     vertex  2.835306e+01 -1.786971e+02  4.180000e+02
   endloop
 endfacet
 facet normal  0.000000e+00  0.000000e+00  1.000000e+00
   outer loop
     vertex  2.842667e+01 -1.786091e+02  4.180000e+02
     vertex  2.835306e+01 -1.786971e+02  4.180000e+02
     vertex  2.831808e+01 -1.787426e+02  4.180000e+02
   endloop
 endfacet
 facet normal  0.000000e+00  0.000000e+00  1.000000e+00
   outer loop
     vertex  2.854581e+01 -1.784850e+02  4.180000e+02
     vertex  2.850497e+01 -1.785253e+02  4.180000e+02
     vertex  2.846524e+01 -1.785666e+02  4.180000e+02
   endloop
 endfacet
 facet normal  0.000000e+00  0.000000e+00  1.000000e+00
   outer loop
     vertex  2.858773e+01 -1.784458e+02  4.180000e+02
     vertex  2.846524e+01 -1.785666e+02  4.180000e+02
     vertex  2.842667e+01 -1.786091e+02  4.180000e+02
   endloop
 endfacet
 facet normal  0.000000e+00  0.000000e+00  1.000000e+00
   outer loop
     vertex  2.858773e+01 -1.784458e+02  4.180000e+02
     vertex  2.842667e+01 -1.786091e+02  4.180000e+02
     vertex  2.831808e+01 -1.787426e+02  4.180000e+02
   endloop
 endfacet
 facet normal  0.000000e+00  0.000000e+00  1.000000e+00
   outer loop
     vertex  2.858773e+01 -1.784458e+02  4.180000e+02
     vertex  2.854581e+01 -1.784850e+02  4.180000e+02
     vertex  2.846524e+01 -1.785666e+02  4.180000e+02
   endloop
 endfacet
 facet normal  0.000000e+00  0.000000e+00  1.000000e+00
   outer loop
     vertex  2.863071e+01 -1.784078e+02  4.180000e+02
     vertex  2.858773e+01 -1.784458e+02  4.180000e+02
     vertex  2.831808e+01 -1.787426e+02  4.180000e+02
   endloop
 endfacet
 facet normal  0.000000e+00  0.000000e+00  1.000000e+00
   outer loop
     vertex  2.876565e+01 -1.783011e+02  4.180000e+02
     vertex  2.871971e+01 -1.783354e+02  4.180000e+02
     vertex  2.867472e+01 -1.783710e+02  4.180000e+02
   endloop
 endfacet
 facet normal  0.000000e+00  0.000000e+00  1.000000e+00
   outer loop
     vertex  2.876565e+01 -1.783011e+02  4.180000e+02
     vertex  2.867472e+01 -1.783710e+02  4.180000e+02
     vertex  2.863071e+01 -1.784078e+02  4.180000e+02
   endloop
 endfacet
 facet normal  0.000000e+00  0.000000e+00  1.000000e+00
   outer loop
     vertex  2.895829e+01 -1.781766e+02  4.180000e+02
     vertex  2.890887e+01 -1.782057e+02  4.180000e+02
     vertex  2.886027e+01 -1.782362e+02  4.180000e+02
   endloop
 endfacet
 facet normal  0.000000e+00  0.000000e+00  1.000000e+00
   outer loop
     vertex  2.900849e+01 -1.781488e+02  4.180000e+02
     vertex  2.895829e+01 -1.781766e+02  4.180000e+02
     vertex  2.886027e+01 -1.782362e+02  4.180000e+02
   endloop
 endfacet
 facet normal  0.000000e+00  0.000000e+00  1.000000e+00
   outer loop
     vertex  2.900849e+01 -1.781488e+02  4.180000e+02
     vertex  2.886027e+01 -1.782362e+02  4.180000e+02
     vertex  2.881252e+01 -1.782680e+02  4.180000e+02
   endloop
 endfacet
 facet normal  0.000000e+00  0.000000e+00  1.000000e+00
   outer loop
     vertex  2.905942e+01 -1.781224e+02  4.180000e+02
     vertex  2.900849e+01 -1.781488e+02  4.180000e+02
     vertex  2.881252e+01 -1.782680e+02  4.180000e+02
   endloop
 endfacet
 facet normal  0.000000e+00  0.000000e+00  1.000000e+00
   outer loop
     vertex  2.916336e+01 -1.780739e+02  4.180000e+02
     vertex  2.905942e+01 -1.781224e+02  4.180000e+02
     vertex  2.881252e+01 -1.782680e+02  4.180000e+02
   endloop
 endfacet
 facet normal  0.000000e+00  0.000000e+00  1.000000e+00
   outer loop
     vertex  2.916336e+01 -1.780739e+02  4.180000e+02
     vertex  2.911106e+01 -1.780974e+02  4.180000e+02
     vertex  2.905942e+01 -1.781224e+02  4.180000e+02
   endloop
 endfacet
 facet normal  0.000000e+00  0.000000e+00  1.000000e+00
   outer loop
     vertex  2.916336e+01 -1.780739e+02  4.180000e+02
     vertex  2.881252e+01 -1.782680e+02  4.180000e+02
     vertex  2.876565e+01 -1.783011e+02  4.180000e+02
   endloop
 endfacet
 facet normal  0.000000e+00  0.000000e+00  1.000000e+00
   outer loop
     vertex  2.916336e+01 -1.780739e+02  4.180000e+02
     vertex  2.876565e+01 -1.783011e+02  4.180000e+02
     vertex  2.863071e+01 -1.784078e+02  4.180000e+02
   endloop
 endfacet
 facet normal  0.000000e+00  0.000000e+00  1.000000e+00
   outer loop
     vertex  2.921628e+01 -1.780517e+02  4.180000e+02
     vertex  2.916336e+01 -1.780739e+02  4.180000e+02
     vertex  2.863071e+01 -1.784078e+02  4.180000e+02
   endloop
 endfacet
 facet normal  0.000000e+00  0.000000e+00  1.000000e+00
   outer loop
     vertex  2.932385e+01 -1.780118e+02  4.180000e+02
     vertex  2.926979e+01 -1.780310e+02  4.180000e+02
     vertex  2.921628e+01 -1.780517e+02  4.180000e+02
   endloop
 endfacet
 facet normal  0.000000e+00  0.000000e+00  1.000000e+00
   outer loop
     vertex  2.948887e+01 -1.779632e+02  4.180000e+02
     vertex  2.943343e+01 -1.779779e+02  4.180000e+02
     vertex  2.937840e+01 -1.779941e+02  4.180000e+02
   endloop
 endfacet
 facet normal  0.000000e+00  0.000000e+00  1.000000e+00
   outer loop
     vertex  2.948887e+01 -1.779632e+02  4.180000e+02
     vertex  2.937840e+01 -1.779941e+02  4.180000e+02
     vertex  2.932385e+01 -1.780118e+02  4.180000e+02
   endloop
 endfacet
 facet normal  0.000000e+00  0.000000e+00  1.000000e+00
   outer loop
     vertex  2.948887e+01 -1.779632e+02  4.180000e+02
     vertex  2.932385e+01 -1.780118e+02  4.180000e+02
     vertex  2.921628e+01 -1.780517e+02  4.180000e+02
   endloop
 endfacet
 facet normal  0.000000e+00  0.000000e+00  1.000000e+00
   outer loop
     vertex  2.960087e+01 -1.779383e+02  4.180000e+02
     vertex  2.954470e+01 -1.779500e+02  4.180000e+02
     vertex  2.948887e+01 -1.779632e+02  4.180000e+02
   endloop
 endfacet
 facet normal  0.000000e+00  0.000000e+00  1.000000e+00
   outer loop
     vertex  2.977098e+01 -1.779125e+02  4.180000e+02
     vertex  2.971405e+01 -1.779196e+02  4.180000e+02
     vertex  2.965733e+01 -1.779281e+02  4.180000e+02
   endloop
 endfacet
 facet normal  0.000000e+00  0.000000e+00  1.000000e+00
   outer loop
     vertex  2.977098e+01 -1.779125e+02  4.180000e+02
     vertex  2.965733e+01 -1.779281e+02  4.180000e+02
     vertex  2.960087e+01 -1.779383e+02  4.180000e+02
   endloop
 endfacet
 facet normal  0.000000e+00  0.000000e+00  1.000000e+00
   outer loop
     vertex  2.988532e+01 -1.779031e+02  4.180000e+02
     vertex  2.982809e+01 -1.779070e+02  4.180000e+02
     vertex  2.977098e+01 -1.779125e+02  4.180000e+02
   endloop
 endfacet
 facet normal  0.000000e+00  0.000000e+00  1.000000e+00
   outer loop
     vertex  2.994264e+01 -1.779008e+02  4.180000e+02
     vertex  2.977098e+01 -1.779125e+02  4.180000e+02
     vertex  2.960087e+01 -1.779383e+02  4.180000e+02
   endloop
 endfacet
 facet normal  0.000000e+00  0.000000e+00  1.000000e+00
   outer loop
     vertex  2.994264e+01 -1.779008e+02  4.180000e+02
     vertex  2.960087e+01 -1.779383e+02  4.180000e+02
     vertex  2.948887e+01 -1.779632e+02  4.180000e+02
   endloop
 endfacet
 facet normal  0.000000e+00  0.000000e+00  1.000000e+00
   outer loop
     vertex  2.994264e+01 -1.779008e+02  4.180000e+02
     vertex  2.988532e+01 -1.779031e+02  4.180000e+02
     vertex  2.977098e+01 -1.779125e+02  4.180000e+02
   endloop
 endfacet
 facet normal  0.000000e+00  0.000000e+00  1.000000e+00
   outer loop
     vertex  3.000000e+01 -1.779000e+02  4.180000e+02
     vertex  2.921628e+01 -1.780517e+02  4.180000e+02
     vertex  2.863071e+01 -1.784078e+02  4.180000e+02
   endloop
 endfacet
 facet normal  0.000000e+00  0.000000e+00  1.000000e+00
   outer loop
     vertex  3.000000e+01 -1.779000e+02  4.180000e+02
     vertex  2.948887e+01 -1.779632e+02  4.180000e+02
     vertex  2.921628e+01 -1.780517e+02  4.180000e+02
   endloop
 endfacet
 facet normal  0.000000e+00  0.000000e+00  1.000000e+00
   outer loop
     vertex  3.000000e+01 -1.779000e+02  4.180000e+02
     vertex  2.798580e+01 -1.805941e+02  4.180000e+02
     vertex  3.000000e+01 -1.821000e+02  4.180000e+02
   endloop
 endfacet
 facet normal  0.000000e+00  0.000000e+00  1.000000e+00
   outer loop
     vertex  3.000000e+01 -1.779000e+02  4.180000e+02
     vertex  2.795636e+01 -1.795167e+02  4.180000e+02
     vertex  2.798580e+01 -1.805941e+02  4.180000e+02
   endloop
 endfacet
 facet normal  0.000000e+00  0.000000e+00  1.000000e+00
   outer loop
     vertex  3.000000e+01 -1.779000e+02  4.180000e+02
     vertex  2.994264e+01 -1.779008e+02  4.180000e+02
     vertex  2.948887e+01 -1.779632e+02  4.180000e+02
   endloop
 endfacet
 facet normal  0.000000e+00  0.000000e+00  1.000000e+00
   outer loop
     vertex  3.000000e+01 -1.779000e+02  4.180000e+02
     vertex  2.831808e+01 -1.787426e+02  4.180000e+02
     vertex  2.795636e+01 -1.795167e+02  4.180000e+02
   endloop
 endfacet
 facet normal  0.000000e+00  0.000000e+00  1.000000e+00
   outer loop
     vertex  3.000000e+01 -1.779000e+02  4.180000e+02
     vertex  2.863071e+01 -1.784078e+02  4.180000e+02
     vertex  2.831808e+01 -1.787426e+02  4.180000e+02
   endloop
 endfacet
 facet normal  0.000000e+00  0.000000e+00  1.000000e+00
   outer loop
     vertex  3.000000e+01 -1.844000e+02  4.180000e+02
     vertex  2.700000e+01 -1.844000e+02  4.180000e+02
     vertex  2.700000e+01 -1.900000e+02  4.180000e+02
   endloop
 endfacet
 facet normal  0.000000e+00  0.000000e+00  1.000000e+00
   outer loop
     vertex  3.000000e+01 -1.844000e+02  4.180000e+02
     vertex  2.700000e+01 -1.900000e+02  4.180000e+02
     vertex  3.000000e+01 -1.900000e+02  4.180000e+02
   endloop
 endfacet
 facet normal  0.000000e+00 -1.000000e+00 -0.000000e+00
   outer loop
     vertex  2.700000e+01 -1.900000e+02  4.180000e+02
     vertex  2.000000e+01 -1.900000e+02  3.980000e+02
     vertex  2.700000e+01 -1.900000e+02  3.980000e+02
   endloop
 endfacet
 facet normal -0.000000e+00 -1.000000e+00  0.000000e+00
   outer loop
     vertex  2.700000e+01 -1.900000e+02  4.180000e+02
     vertex  2.000000e+01 -1.900000e+02  4.180000e+02
     vertex  2.000000e+01 -1.900000e+02  3.980000e+02
   endloop
 endfacet
 facet normal  0.000000e+00  0.000000e+00  1.000000e+00
   outer loop
     vertex -2.000000e+01 -1.770000e+02  4.180000e+02
     vertex -2.560000e+01 -1.770000e+02  4.180000e+02
     vertex -2.560000e+01 -1.830000e+02  4.180000e+02
   endloop
 endfacet
 facet normal  0.000000e+00  0.000000e+00  1.000000e+00
   outer loop
     vertex -2.000000e+01 -1.770000e+02  4.180000e+02
     vertex -2.560000e+01 -1.830000e+02  4.180000e+02
     vertex -2.000000e+01 -1.830000e+02  4.180000e+02
   endloop
 endfacet
 facet normal  0.000000e+00  0.000000e+00  1.000000e+00
   outer loop
     vertex  2.000000e+01 -1.830000e+02  4.180000e+02
     vertex -2.000000e+01 -1.830000e+02  4.180000e+02
     vertex -2.000000e+01 -1.900000e+02  4.180000e+02
   endloop
 endfacet
 facet normal  0.000000e+00  0.000000e+00  1.000000e+00
   outer loop
     vertex  2.000000e+01 -1.830000e+02  4.180000e+02
     vertex -2.000000e+01 -1.900000e+02  4.180000e+02
     vertex  2.000000e+01 -1.900000e+02  4.180000e+02
   endloop
 endfacet
 facet normal  0.000000e+00  0.000000e+00  1.000000e+00
   outer loop
     vertex  2.000000e+01 -1.770000e+02  4.180000e+02
     vertex -2.000000e+01 -1.770000e+02  4.180000e+02
     vertex -2.000000e+01 -1.830000e+02  4.180000e+02
   endloop
 endfacet
 facet normal  0.000000e+00  0.000000e+00  1.000000e+00
   outer loop
     vertex  2.000000e+01 -1.770000e+02  4.180000e+02
     vertex -2.000000e+01 -1.830000e+02  4.180000e+02
     vertex  2.000000e+01 -1.830000e+02  4.180000e+02
   endloop
 endfacet
 facet normal  0.000000e+00  0.000000e+00  1.000000e+00
   outer loop
     vertex  2.560000e+01 -1.770000e+02  4.180000e+02
     vertex  2.000000e+01 -1.830000e+02  4.180000e+02
     vertex  2.560000e+01 -1.830000e+02  4.180000e+02
   endloop
 endfacet
 facet normal  0.000000e+00  0.000000e+00  1.000000e+00
   outer loop
     vertex  2.560000e+01 -1.770000e+02  4.180000e+02
     vertex  2.000000e+01 -1.770000e+02  4.180000e+02
     vertex  2.000000e+01 -1.830000e+02  4.180000e+02
   endloop
 endfacet
 facet normal  0.000000e+00  0.000000e+00  1.000000e+00
   outer loop
     vertex  2.000000e+01 -1.700000e+02  4.180000e+02
     vertex -2.000000e+01 -1.700000e+02  4.180000e+02
     vertex -2.000000e+01 -1.770000e+02  4.180000e+02
   endloop
 endfacet
 facet normal  0.000000e+00  0.000000e+00  1.000000e+00
   outer loop
     vertex  2.000000e+01 -1.700000e+02  4.180000e+02
     vertex -2.000000e+01 -1.770000e+02  4.180000e+02
     vertex  2.000000e+01 -1.770000e+02  4.180000e+02
   endloop
 endfacet
 facet normal  0.000000e+00  1.000000e+00  0.000000e+00
   outer loop
     vertex  2.700000e+01 -1.700000e+02  4.180000e+02
     vertex  2.700000e+01 -1.700000e+02  3.980000e+02
     vertex  2.000000e+01 -1.700000e+02  3.980000e+02
   endloop
 endfacet
 facet normal  0.000000e+00  1.000000e+00  0.000000e+00
   outer loop
     vertex  2.700000e+01 -1.700000e+02  4.180000e+02
     vertex  2.000000e+01 -1.700000e+02  3.980000e+02
     vertex  2.000000e+01 -1.700000e+02  4.180000e+02
   endloop
 endfacet
 facet normal  0.000000e+00  0.000000e+00  1.000000e+00
   outer loop
     vertex  2.700000e+01 -1.700000e+02  4.180000e+02
     vertex  2.700000e+01 -1.756000e+02  4.180000e+02
     vertex  3.000000e+01 -1.756000e+02  4.180000e+02
   endloop
 endfacet
 facet normal  0.000000e+00  0.000000e+00  1.000000e+00
   outer loop
     vertex  3.000000e+01 -1.700000e+02  4.180000e+02
     vertex  2.700000e+01 -1.700000e+02  4.180000e+02
     vertex  3.000000e+01 -1.756000e+02  4.180000e+02
   endloop
 endfacet
 facet normal  0.000000e+00 -1.000000e+00 -0.000000e+00
   outer loop
     vertex  4.000000e+01 -1.770000e+02  4.180000e+02
     vertex  3.440000e+01 -1.770000e+02  1.800000e+01
     vertex  4.000000e+01 -1.770000e+02  1.800000e+01
   endloop
 endfacet
 facet normal -0.000000e+00 -1.000000e+00  0.000000e+00
   outer loop
     vertex  4.000000e+01 -1.770000e+02  4.180000e+02
     vertex  3.440000e+01 -1.770000e+02  4.180000e+02
     vertex  3.440000e+01 -1.770000e+02  1.800000e+01
   endloop
 endfacet
 facet normal  1.000000e+00  0.000000e+00  0.000000e+00
   outer loop
     vertex  3.440000e+01 -1.830000e+02  4.180000e+02
     vertex  3.440000e+01 -1.830000e+02  1.800000e+01
     vertex  3.440000e+01 -1.770000e+02  1.800000e+01
   endloop
 endfacet
 facet normal  1.000000e+00 -0.000000e+00  0.000000e+00
   outer loop
     vertex  3.440000e+01 -1.830000e+02  4.180000e+02
     vertex  3.440000e+01 -1.770000e+02  1.800000e+01
     vertex  3.440000e+01 -1.770000e+02  4.180000e+02
   endloop
 endfacet
 facet normal  0.000000e+00  1.000000e+00  0.000000e+00
   outer loop
     vertex  4.000000e+01 -1.830000e+02  4.180000e+02
     vertex  4.000000e+01 -1.830000e+02  1.800000e+01
     vertex  3.440000e+01 -1.830000e+02  1.800000e+01
   endloop
 endfacet
 facet normal  0.000000e+00  1.000000e+00  0.000000e+00
   outer loop
     vertex  4.000000e+01 -1.830000e+02  4.180000e+02
     vertex  3.440000e+01 -1.830000e+02  1.800000e+01
     vertex  3.440000e+01 -1.830000e+02  4.180000e+02
   endloop
 endfacet
 facet normal  1.000000e+00  0.000000e+00  0.000000e+00
   outer loop
     vertex  4.000000e+01 -1.900000e+02  4.180000e+02
     vertex  4.000000e+01 -1.900000e+02  1.800000e+01
     vertex  4.000000e+01 -1.830000e+02  1.800000e+01
   endloop
 endfacet
 facet normal  1.000000e+00 -0.000000e+00  0.000000e+00
   outer loop
     vertex  4.000000e+01 -1.900000e+02  4.180000e+02
     vertex  4.000000e+01 -1.830000e+02  1.800000e+01
     vertex  4.000000e+01 -1.830000e+02  4.180000e+02
   endloop
 endfacet
 facet normal  0.000000e+00 -1.000000e+00 -0.000000e+00
   outer loop
     vertex  4.000000e+01 -1.900000e+02  4.180000e+02
     vertex  3.300000e+01 -1.900000e+02  1.800000e+01
     vertex  4.000000e+01 -1.900000e+02  1.800000e+01
   endloop
 endfacet
 facet normal -0.000000e+00 -1.000000e+00  0.000000e+00
   outer loop
     vertex  4.000000e+01 -1.900000e+02  4.180000e+02
     vertex  3.300000e+01 -1.900000e+02  4.180000e+02
     vertex  3.300000e+01 -1.900000e+02  1.800000e+01
   endloop
 endfacet
 facet normal -1.000000e+00  0.000000e+00  0.000000e+00
   outer loop
     vertex  3.300000e+01 -1.900000e+02  4.180000e+02
     vertex  3.300000e+01 -1.844000e+02  1.800000e+01
     vertex  3.300000e+01 -1.900000e+02  1.800000e+01
   endloop
 endfacet
 facet normal -1.000000e+00  0.000000e+00  0.000000e+00
   outer loop
     vertex  3.300000e+01 -1.900000e+02  4.180000e+02
     vertex  3.300000e+01 -1.844000e+02  4.180000e+02
     vertex  3.300000e+01 -1.844000e+02  1.800000e+01
   endloop
 endfacet
 facet normal  0.000000e+00 -1.000000e+00 -0.000000e+00
   outer loop
     vertex  3.000000e+01 -1.844000e+02  3.980000e+02
     vertex  2.700000e+01 -1.844000e+02  1.800000e+01
     vertex  3.300000e+01 -1.844000e+02  1.800000e+01
   endloop
 endfacet
 facet normal -0.000000e+00 -1.000000e+00  0.000000e+00
   outer loop
     vertex  3.000000e+01 -1.844000e+02  3.980000e+02
     vertex  2.700000e+01 -1.844000e+02  3.980000e+02
     vertex  2.700000e+01 -1.844000e+02  1.800000e+01
   endloop
 endfacet
 facet normal -0.000000e+00 -1.000000e+00  0.000000e+00
   outer loop
     vertex  3.300000e+01 -1.844000e+02  4.180000e+02
     vertex  3.000000e+01 -1.844000e+02  4.180000e+02
     vertex  3.000000e+01 -1.844000e+02  3.980000e+02
   endloop
 endfacet
 facet normal  0.000000e+00 -1.000000e+00 -0.000000e+00
   outer loop
     vertex  3.300000e+01 -1.844000e+02  4.180000e+02
     vertex  3.000000e+01 -1.844000e+02  3.980000e+02
     vertex  3.300000e+01 -1.844000e+02  1.800000e+01
   endloop
 endfacet
 facet normal -9.999083e-01 -1.354093e-02  0.000000e+00
   outer loop
     vertex  3.209923e+01 -1.799431e+02  4.180000e+02
     vertex  3.210000e+01 -1.800000e+02  1.800000e+01
     vertex  3.210000e+01 -1.800000e+02  4.180000e+02
   endloop
 endfacet
 facet normal -9.999059e-01 -1.371831e-02  2.522235e-08
   outer loop
     vertex  3.209923e+01 -1.799431e+02  4.180000e+02
     vertex  3.209921e+01 -1.799424e+02  1.800000e+01
     vertex  3.210000e+01 -1.800000e+02  1.800000e+01
   endloop
 endfacet
 facet normal -9.991532e-01 -4.114462e-02  4.978389e-08
   outer loop
     vertex  3.209692e+01 -1.798863e+02  4.180000e+02
     vertex  3.209684e+01 -1.798848e+02  1.800000e+01
     vertex  3.209921e+01 -1.799424e+02  1.800000e+01
   endloop
 endfacet
 facet normal -9.991750e-01 -4.061287e-02 -2.489195e-08
   outer loop
     vertex  3.209692e+01 -1.798863e+02  4.180000e+02
     vertex  3.209921e+01 -1.799424e+02  1.800000e+01
     vertex  3.209923e+01 -1.799431e+02  4.180000e+02
   endloop
 endfacet
 facet normal -9.976484e-01 -6.853995e-02  7.368462e-08
   outer loop
     vertex  3.209307e+01 -1.798296e+02  4.180000e+02
     vertex  3.209289e+01 -1.798273e+02  1.800000e+01
     vertex  3.209684e+01 -1.798848e+02  1.800000e+01
   endloop
 endfacet
 facet normal -9.977088e-01 -6.765502e-02 -4.912308e-08
   outer loop
     vertex  3.209307e+01 -1.798296e+02  4.180000e+02
     vertex  3.209684e+01 -1.798848e+02  1.800000e+01
     vertex  3.209692e+01 -1.798863e+02  4.180000e+02
   endloop
 endfacet
 facet normal -9.953925e-01 -9.588368e-02  9.692454e-08
   outer loop
     vertex  3.208769e+01 -1.797730e+02  4.180000e+02
     vertex  3.208737e+01 -1.797700e+02  1.800000e+01
     vertex  3.209289e+01 -1.798273e+02  1.800000e+01
   endloop
 endfacet
 facet normal -9.955108e-01 -9.464755e-02 -7.269341e-08
   outer loop
     vertex  3.208769e+01 -1.797730e+02  4.180000e+02
     vertex  3.209289e+01 -1.798273e+02  1.800000e+01
     vertex  3.209307e+01 -1.798296e+02  4.180000e+02
   endloop
 endfacet
 facet normal -9.923874e-01 -1.231552e-01  1.195036e-07
   outer loop
     vertex  3.208078e+01 -1.797165e+02  4.180000e+02
     vertex  3.208027e+01 -1.797128e+02  1.800000e+01
     vertex  3.208737e+01 -1.797700e+02  1.800000e+01
   endloop
 endfacet
 facet normal -9.925828e-01 -1.215707e-01 -9.560292e-08
   outer loop
     vertex  3.208078e+01 -1.797165e+02  4.180000e+02
     vertex  3.208737e+01 -1.797700e+02  1.800000e+01
     vertex  3.208769e+01 -1.797730e+02  4.180000e+02
   endloop
 endfacet
 facet normal -9.886353e-01 -1.503341e-01  1.414219e-07
   outer loop
     vertex  3.207234e+01 -1.796603e+02  4.180000e+02
     vertex  3.207161e+01 -1.796558e+02  1.800000e+01
     vertex  3.208027e+01 -1.797128e+02  1.800000e+01
   endloop
 endfacet
 facet normal -9.889267e-01 -1.484046e-01 -1.178516e-07
   outer loop
     vertex  3.207234e+01 -1.796603e+02  4.180000e+02
     vertex  3.208027e+01 -1.797128e+02  1.800000e+01
     vertex  3.208078e+01 -1.797165e+02  4.180000e+02
   endloop
 endfacet
 facet normal -9.841389e-01 -1.773998e-01  1.626794e-07
   outer loop
     vertex  3.206238e+01 -1.796043e+02  4.180000e+02
     vertex  3.206139e+01 -1.795991e+02  1.800000e+01
     vertex  3.207161e+01 -1.796558e+02  1.800000e+01
   endloop
 endfacet
 facet normal -9.845454e-01 -1.751297e-01 -1.394395e-07
   outer loop
     vertex  3.206238e+01 -1.796043e+02  4.180000e+02
     vertex  3.207161e+01 -1.796558e+02  1.800000e+01
     vertex  3.207234e+01 -1.796603e+02  4.180000e+02
   endloop
 endfacet
 facet normal -9.789017e-01 -2.043319e-01  1.832760e-07
   outer loop
     vertex  3.205090e+01 -1.795486e+02  4.180000e+02
     vertex  3.204961e+01 -1.795427e+02  1.800000e+01
     vertex  3.206139e+01 -1.795991e+02  1.800000e+01
   endloop
 endfacet
 facet normal -9.794419e-01 -2.017264e-01 -1.603665e-07
   outer loop
     vertex  3.205090e+01 -1.795486e+02  4.180000e+02
     vertex  3.206139e+01 -1.795991e+02  1.800000e+01
     vertex  3.206238e+01 -1.796043e+02  4.180000e+02
   endloop
 endfacet
 facet normal -9.729276e-01 -2.311102e-01  2.032118e-07
   outer loop
     vertex  3.203793e+01 -1.794932e+02  4.180000e+02
     vertex  3.203630e+01 -1.794867e+02  1.800000e+01
     vertex  3.204961e+01 -1.795427e+02  1.800000e+01
   endloop
 endfacet
 facet normal -9.736201e-01 -2.281751e-01 -1.806327e-07
   outer loop
     vertex  3.203793e+01 -1.794932e+02  4.180000e+02
     vertex  3.204961e+01 -1.795427e+02  1.800000e+01
     vertex  3.205090e+01 -1.795486e+02  4.180000e+02
   endloop
 endfacet
 facet normal -9.670842e-01 -2.544564e-01 -2.002381e-07
   outer loop
     vertex  3.202345e+01 -1.794382e+02  4.180000e+02
     vertex  3.203630e+01 -1.794867e+02  1.800000e+01
     vertex  3.203793e+01 -1.794932e+02  4.180000e+02
   endloop
 endfacet
 facet normal -9.662211e-01 -2.577146e-01  2.224868e-07
   outer loop
     vertex  3.202345e+01 -1.794382e+02  4.180000e+02
     vertex  3.202145e+01 -1.794310e+02  1.800000e+01
     vertex  3.203630e+01 -1.794867e+02  1.800000e+01
   endloop
 endfacet
 facet normal -9.598391e-01 -2.805512e-01 -2.191827e-07
   outer loop
     vertex  3.200750e+01 -1.793836e+02  4.180000e+02
     vertex  3.202145e+01 -1.794310e+02  1.800000e+01
     vertex  3.202345e+01 -1.794382e+02  4.180000e+02
   endloop
 endfacet
 facet normal -9.587873e-01 -2.841250e-01  2.411009e-07
   outer loop
     vertex  3.200750e+01 -1.793836e+02  4.180000e+02
     vertex  3.200508e+01 -1.793758e+02  1.800000e+01
     vertex  3.202145e+01 -1.794310e+02  1.800000e+01
   endloop
 endfacet
 facet normal -9.518899e-01 -3.064401e-01 -2.374664e-07
   outer loop
     vertex  3.199007e+01 -1.793295e+02  4.180000e+02
     vertex  3.200508e+01 -1.793758e+02  1.800000e+01
     vertex  3.200750e+01 -1.793836e+02  4.180000e+02
   endloop
 endfacet
 facet normal -9.506317e-01 -3.103214e-01  2.590542e-07
   outer loop
     vertex  3.199007e+01 -1.793295e+02  4.180000e+02
     vertex  3.198720e+01 -1.793210e+02  1.800000e+01
     vertex  3.200508e+01 -1.793758e+02  1.800000e+01
   endloop
 endfacet
 facet normal -9.432426e-01 -3.321044e-01 -2.550893e-07
   outer loop
     vertex  3.197118e+01 -1.792758e+02  4.180000e+02
     vertex  3.198720e+01 -1.793210e+02  1.800000e+01
     vertex  3.199007e+01 -1.793295e+02  4.180000e+02
   endloop
 endfacet
 facet normal -9.417605e-01 -3.362843e-01  2.763467e-07
   outer loop
     vertex  3.197118e+01 -1.792758e+02  4.180000e+02
     vertex  3.196782e+01 -1.792667e+02  1.800000e+01
     vertex  3.198720e+01 -1.793210e+02  1.800000e+01
   endloop
 endfacet
 facet normal -9.339036e-01 -3.575250e-01 -2.720513e-07
   outer loop
     vertex  3.195085e+01 -1.792227e+02  4.180000e+02
     vertex  3.196782e+01 -1.792667e+02  1.800000e+01
     vertex  3.197118e+01 -1.792758e+02  4.180000e+02
   endloop
 endfacet
 facet normal -9.321804e-01 -3.619940e-01  2.929783e-07
   outer loop
     vertex  3.195085e+01 -1.792227e+02  4.180000e+02
     vertex  3.194697e+01 -1.792130e+02  1.800000e+01
     vertex  3.196782e+01 -1.792667e+02  1.800000e+01
   endloop
 endfacet
 facet normal -9.238795e-01 -3.826834e-01 -2.883525e-07
   outer loop
     vertex  3.192909e+01 -1.791702e+02  4.180000e+02
     vertex  3.194697e+01 -1.792130e+02  1.800000e+01
     vertex  3.195085e+01 -1.792227e+02  4.180000e+02
   endloop
 endfacet
 facet normal -9.218986e-01 -3.874313e-01  3.089491e-07
   outer loop
     vertex  3.192909e+01 -1.791702e+02  4.180000e+02
     vertex  3.192464e+01 -1.791599e+02  1.800000e+01
     vertex  3.194697e+01 -1.792130e+02  1.800000e+01
   endloop
 endfacet
 facet normal -9.131779e-01 -4.075612e-01 -3.039928e-07
   outer loop
     vertex  3.190591e+01 -1.791182e+02  4.180000e+02
     vertex  3.192464e+01 -1.791599e+02  1.800000e+01
     vertex  3.192909e+01 -1.791702e+02  4.180000e+02
   endloop
 endfacet
 facet normal -9.109228e-01 -4.125769e-01  3.242590e-07
   outer loop
     vertex  3.190591e+01 -1.791182e+02  4.180000e+02
     vertex  3.190087e+01 -1.791074e+02  1.800000e+01
     vertex  3.192464e+01 -1.791599e+02  1.800000e+01
   endloop
 endfacet
 facet normal -9.018065e-01 -4.321400e-01 -3.189724e-07
   outer loop
     vertex  3.188133e+01 -1.790669e+02  4.180000e+02
     vertex  3.190087e+01 -1.791074e+02  1.800000e+01
     vertex  3.190591e+01 -1.791182e+02  4.180000e+02
   endloop
 endfacet
 facet normal -8.992613e-01 -4.374119e-01  3.389081e-07
   outer loop
     vertex  3.188133e+01 -1.790669e+02  4.180000e+02
     vertex  3.187567e+01 -1.790556e+02  1.800000e+01
     vertex  3.190087e+01 -1.791074e+02  1.800000e+01
   endloop
 endfacet
 facet normal -8.897737e-01 -4.564019e-01 -3.332910e-07
   outer loop
     vertex  3.185538e+01 -1.790163e+02  4.180000e+02
     vertex  3.187567e+01 -1.790556e+02  1.800000e+01
     vertex  3.188133e+01 -1.790669e+02  4.180000e+02
   endloop
 endfacet
 facet normal -8.869228e-01 -4.619176e-01  3.528963e-07
   outer loop
     vertex  3.185538e+01 -1.790163e+02  4.180000e+02
     vertex  3.184906e+01 -1.790045e+02  1.800000e+01
     vertex  3.187567e+01 -1.790556e+02  1.800000e+01
   endloop
 endfacet
 facet normal -8.770884e-01 -4.803291e-01 -3.469488e-07
   outer loop
     vertex  3.182806e+01 -1.789665e+02  4.180000e+02
     vertex  3.184906e+01 -1.790045e+02  1.800000e+01
     vertex  3.185538e+01 -1.790163e+02  4.180000e+02
   endloop
 endfacet
 facet normal -8.739167e-01 -4.860756e-01  3.662237e-07
   outer loop
     vertex  3.182806e+01 -1.789665e+02  4.180000e+02
     vertex  3.182105e+01 -1.789542e+02  1.800000e+01
     vertex  3.184906e+01 -1.790045e+02  1.800000e+01
   endloop
 endfacet
 facet normal -8.637597e-01 -5.039039e-01 -3.599458e-07
   outer loop
     vertex  3.179940e+01 -1.789173e+02  4.180000e+02
     vertex  3.182105e+01 -1.789542e+02  1.800000e+01
     vertex  3.182806e+01 -1.789665e+02  4.180000e+02
   endloop
 endfacet
 facet normal -8.602528e-01 -5.098678e-01  3.788902e-07
   outer loop
     vertex  3.179940e+01 -1.789173e+02  4.180000e+02
     vertex  3.179167e+01 -1.789046e+02  1.800000e+01
     vertex  3.182105e+01 -1.789542e+02  1.800000e+01
   endloop
 endfacet
 facet normal -8.497975e-01 -5.271092e-01 -3.722819e-07
   outer loop
     vertex  3.176942e+01 -1.788690e+02  4.180000e+02
     vertex  3.179167e+01 -1.789046e+02  1.800000e+01
     vertex  3.179940e+01 -1.789173e+02  4.180000e+02
   endloop
 endfacet
 facet normal -8.459413e-01 -5.332761e-01  3.908959e-07
   outer loop
     vertex  3.176942e+01 -1.788690e+02  4.180000e+02
     vertex  3.176095e+01 -1.788559e+02  1.800000e+01
     vertex  3.179167e+01 -1.789046e+02  1.800000e+01
   endloop
 endfacet
 facet normal -8.352121e-01 -5.499279e-01 -3.839572e-07
   outer loop
     vertex  3.173815e+01 -1.788215e+02  4.180000e+02
     vertex  3.176095e+01 -1.788559e+02  1.800000e+01
     vertex  3.176942e+01 -1.788690e+02  4.180000e+02
   endloop
 endfacet
 facet normal -8.309929e-01 -5.562829e-01  4.022407e-07
   outer loop
     vertex  3.173815e+01 -1.788215e+02  4.180000e+02
     vertex  3.172890e+01 -1.788080e+02  1.800000e+01
     vertex  3.176095e+01 -1.788559e+02  1.800000e+01
   endloop
 endfacet
 facet normal -8.154191e-01 -5.788711e-01  4.129247e-07
   outer loop
     vertex  3.170560e+01 -1.787749e+02  4.180000e+02
     vertex  3.169554e+01 -1.787610e+02  1.800000e+01
     vertex  3.172890e+01 -1.788080e+02  1.800000e+01
   endloop
 endfacet
 facet normal -8.200141e-01 -5.723433e-01 -3.949716e-07
   outer loop
     vertex  3.170560e+01 -1.787749e+02  4.180000e+02
     vertex  3.172890e+01 -1.788080e+02  1.800000e+01
     vertex  3.173815e+01 -1.788215e+02  4.180000e+02
   endloop
 endfacet
 facet normal -7.992314e-01 -6.010234e-01  4.229478e-07
   outer loop
     vertex  3.167180e+01 -1.787291e+02  4.180000e+02
     vertex  3.166091e+01 -1.787149e+02  1.800000e+01
     vertex  3.169554e+01 -1.787610e+02  1.800000e+01
   endloop
 endfacet
 facet normal -8.042147e-01 -5.943389e-01 -4.053251e-07
   outer loop
     vertex  3.167180e+01 -1.787291e+02  4.180000e+02
     vertex  3.169554e+01 -1.787610e+02  1.800000e+01
     vertex  3.170560e+01 -1.787749e+02  4.180000e+02
   endloop
 endfacet
 facet normal -7.824421e-01 -6.227234e-01  4.323101e-07
   outer loop
     vertex  3.163677e+01 -1.786843e+02  4.180000e+02
     vertex  3.162503e+01 -1.786699e+02  1.800000e+01
     vertex  3.166091e+01 -1.787149e+02  1.800000e+01
   endloop
 endfacet
 facet normal -7.878255e-01 -6.158986e-01 -4.150178e-07
   outer loop
     vertex  3.163677e+01 -1.786843e+02  4.180000e+02
     vertex  3.166091e+01 -1.787149e+02  1.800000e+01
     vertex  3.167180e+01 -1.787291e+02  4.180000e+02
   endloop
 endfacet
 facet normal -7.650637e-01 -6.439545e-01  4.410115e-07
   outer loop
     vertex  3.160054e+01 -1.786405e+02  4.180000e+02
     vertex  3.158793e+01 -1.786258e+02  1.800000e+01
     vertex  3.162503e+01 -1.786699e+02  1.800000e+01
   endloop
 endfacet
 facet normal -7.708584e-01 -6.370065e-01 -4.240496e-07
   outer loop
     vertex  3.160054e+01 -1.786405e+02  4.180000e+02
     vertex  3.162503e+01 -1.786699e+02  1.800000e+01
     vertex  3.163677e+01 -1.786843e+02  4.180000e+02
   endloop
 endfacet
 facet normal -7.471095e-01 -6.647010e-01  4.490520e-07
   outer loop
     vertex  3.156314e+01 -1.785976e+02  4.180000e+02
     vertex  3.154963e+01 -1.785827e+02  1.800000e+01
     vertex  3.158793e+01 -1.786258e+02  1.800000e+01
   endloop
 endfacet
 facet normal -7.533260e-01 -6.576473e-01 -4.324206e-07
   outer loop
     vertex  3.156314e+01 -1.785976e+02  4.180000e+02
     vertex  3.158793e+01 -1.786258e+02  1.800000e+01
     vertex  3.160054e+01 -1.786405e+02  4.180000e+02
   endloop
 endfacet
 facet normal -7.285929e-01 -6.849470e-01  4.564317e-07
   outer loop
     vertex  3.152459e+01 -1.785558e+02  4.180000e+02
     vertex  3.151017e+01 -1.785408e+02  1.800000e+01
     vertex  3.154963e+01 -1.785827e+02  1.800000e+01
   endloop
 endfacet
 facet normal -7.352410e-01 -6.778058e-01 -4.401307e-07
   outer loop
     vertex  3.152459e+01 -1.785558e+02  4.180000e+02
     vertex  3.154963e+01 -1.785827e+02  1.800000e+01
     vertex  3.156314e+01 -1.785976e+02  4.180000e+02
   endloop
 endfacet
 facet normal -7.095278e-01 -7.046775e-01  4.631505e-07
   outer loop
     vertex  3.148492e+01 -1.785151e+02  4.180000e+02
     vertex  3.146957e+01 -1.784999e+02  1.800000e+01
     vertex  3.151017e+01 -1.785408e+02  1.800000e+01
   endloop
 endfacet
 facet normal -7.166168e-01 -6.974671e-01 -4.471799e-07
   outer loop
     vertex  3.148492e+01 -1.785151e+02  4.180000e+02
     vertex  3.151017e+01 -1.785408e+02  1.800000e+01
     vertex  3.152459e+01 -1.785558e+02  4.180000e+02
   endloop
 endfacet
 facet normal -6.899286e-01 -7.238775e-01  4.692084e-07
   outer loop
     vertex  3.144417e+01 -1.784754e+02  4.180000e+02
     vertex  3.142786e+01 -1.784601e+02  1.800000e+01
     vertex  3.146957e+01 -1.784999e+02  1.800000e+01
   endloop
 endfacet
 facet normal -6.974671e-01 -7.166168e-01 -4.535683e-07
   outer loop
     vertex  3.144417e+01 -1.784754e+02  4.180000e+02
     vertex  3.146957e+01 -1.784999e+02  1.800000e+01
     vertex  3.148492e+01 -1.785151e+02  4.180000e+02
   endloop
 endfacet
 facet normal -6.698100e-01 -7.425325e-01  4.746055e-07
   outer loop
     vertex  3.140235e+01 -1.784369e+02  4.180000e+02
     vertex  3.138508e+01 -1.784215e+02  1.800000e+01
     vertex  3.142786e+01 -1.784601e+02  1.800000e+01
   endloop
 endfacet
 facet normal -6.778058e-01 -7.352410e-01 -4.592958e-07
   outer loop
     vertex  3.140235e+01 -1.784369e+02  4.180000e+02
     vertex  3.142786e+01 -1.784601e+02  1.800000e+01
     vertex  3.144417e+01 -1.784754e+02  4.180000e+02
   endloop
 endfacet
 facet normal -6.491872e-01 -7.606287e-01  4.793417e-07
   outer loop
     vertex  3.135951e+01 -1.783995e+02  4.180000e+02
     vertex  3.134125e+01 -1.783841e+02  1.800000e+01
     vertex  3.138508e+01 -1.784215e+02  1.800000e+01
   endloop
 endfacet
 facet normal -6.576473e-01 -7.533260e-01 -4.643625e-07
   outer loop
     vertex  3.135951e+01 -1.783995e+02  4.180000e+02
     vertex  3.138508e+01 -1.784215e+02  1.800000e+01
     vertex  3.140235e+01 -1.784369e+02  4.180000e+02
   endloop
 endfacet
 facet normal -6.280757e-01 -7.781522e-01  4.834171e-07
   outer loop
     vertex  3.131567e+01 -1.783632e+02  4.180000e+02
     vertex  3.129642e+01 -1.783479e+02  1.800000e+01
     vertex  3.134125e+01 -1.783841e+02  1.800000e+01
   endloop
 endfacet
 facet normal -6.370065e-01 -7.708584e-01 -4.687682e-07
   outer loop
     vertex  3.131567e+01 -1.783632e+02  4.180000e+02
     vertex  3.134125e+01 -1.783841e+02  1.800000e+01
     vertex  3.135951e+01 -1.783995e+02  4.180000e+02
   endloop
 endfacet
 facet normal -6.064915e-01 -7.950900e-01  4.868316e-07
   outer loop
     vertex  3.127087e+01 -1.783282e+02  4.180000e+02
     vertex  3.125061e+01 -1.783130e+02  1.800000e+01
     vertex  3.129642e+01 -1.783479e+02  1.800000e+01
   endloop
 endfacet
 facet normal -6.158986e-01 -7.878255e-01 -4.725131e-07
   outer loop
     vertex  3.127087e+01 -1.783282e+02  4.180000e+02
     vertex  3.129642e+01 -1.783479e+02  1.800000e+01
     vertex  3.131567e+01 -1.783632e+02  4.180000e+02
   endloop
 endfacet
 facet normal -5.943389e-01 -8.042147e-01 -4.755972e-07
   outer loop
     vertex  3.122513e+01 -1.782944e+02  4.180000e+02
     vertex  3.125061e+01 -1.783130e+02  1.800000e+01
     vertex  3.127087e+01 -1.783282e+02  4.180000e+02
   endloop
 endfacet
 facet normal -5.844507e-01 -8.114292e-01  4.895852e-07
   outer loop
     vertex  3.122513e+01 -1.782944e+02  4.180000e+02
     vertex  3.120385e+01 -1.782793e+02  1.800000e+01
     vertex  3.125061e+01 -1.783130e+02  1.800000e+01
   endloop
 endfacet
 facet normal -5.723433e-01 -8.200141e-01 -4.780204e-07
   outer loop
     vertex  3.117849e+01 -1.782619e+02  4.180000e+02
     vertex  3.120385e+01 -1.782793e+02  1.800000e+01
     vertex  3.122513e+01 -1.782944e+02  4.180000e+02
   endloop
 endfacet
 facet normal -5.619699e-01 -8.271577e-01  4.916779e-07
   outer loop
     vertex  3.117849e+01 -1.782619e+02  4.180000e+02
     vertex  3.115620e+01 -1.782469e+02  1.800000e+01
     vertex  3.120385e+01 -1.782793e+02  1.800000e+01
   endloop
 endfacet
 facet normal -5.499279e-01 -8.352121e-01 -4.797827e-07
   outer loop
     vertex  3.113099e+01 -1.782306e+02  4.180000e+02
     vertex  3.115620e+01 -1.782469e+02  1.800000e+01
     vertex  3.117849e+01 -1.782619e+02  4.180000e+02
   endloop
 endfacet
 facet normal -5.390661e-01 -8.422635e-01  4.931098e-07
   outer loop
     vertex  3.113099e+01 -1.782306e+02  4.180000e+02
     vertex  3.110767e+01 -1.782159e+02  1.800000e+01
     vertex  3.115620e+01 -1.782469e+02  1.800000e+01
   endloop
 endfacet
 facet normal -5.271092e-01 -8.497975e-01 -4.808841e-07
   outer loop
     vertex  3.108266e+01 -1.782006e+02  4.180000e+02
     vertex  3.110767e+01 -1.782159e+02  1.800000e+01
     vertex  3.113099e+01 -1.782306e+02  4.180000e+02
   endloop
 endfacet
 facet normal -5.157565e-01 -8.567352e-01  4.938808e-07
   outer loop
     vertex  3.108266e+01 -1.782006e+02  4.180000e+02
     vertex  3.105831e+01 -1.781862e+02  1.800000e+01
     vertex  3.110767e+01 -1.782159e+02  1.800000e+01
   endloop
 endfacet
 facet normal -5.039039e-01 -8.637597e-01 -4.813247e-07
   outer loop
     vertex  3.103354e+01 -1.781719e+02  4.180000e+02
     vertex  3.105831e+01 -1.781862e+02  1.800000e+01
     vertex  3.108266e+01 -1.782006e+02  4.180000e+02
   endloop
 endfacet
 facet normal -4.920587e-01 -8.705620e-01  4.939910e-07
   outer loop
     vertex  3.103354e+01 -1.781719e+02  4.180000e+02
     vertex  3.100815e+01 -1.781578e+02  1.800000e+01
     vertex  3.105831e+01 -1.781862e+02  1.800000e+01
   endloop
 endfacet
 facet normal -4.803291e-01 -8.770884e-01 -4.811044e-07
   outer loop
     vertex  3.098366e+01 -1.781446e+02  4.180000e+02
     vertex  3.100815e+01 -1.781578e+02  1.800000e+01
     vertex  3.103354e+01 -1.781719e+02  4.180000e+02
   endloop
 endfacet
 facet normal -4.679904e-01 -8.837335e-01  4.934402e-07
   outer loop
     vertex  3.098366e+01 -1.781446e+02  4.180000e+02
     vertex  3.095723e+01 -1.781309e+02  1.800000e+01
     vertex  3.100815e+01 -1.781578e+02  1.800000e+01
   endloop
 endfacet
 facet normal -4.564019e-01 -8.897737e-01 -4.802233e-07
   outer loop
     vertex  3.093305e+01 -1.781187e+02  4.180000e+02
     vertex  3.095723e+01 -1.781309e+02  1.800000e+01
     vertex  3.098366e+01 -1.781446e+02  4.180000e+02
   endloop
 endfacet
 facet normal -4.435699e-01 -8.962398e-01  4.922286e-07
   outer loop
     vertex  3.093305e+01 -1.781187e+02  4.180000e+02
     vertex  3.090559e+01 -1.781053e+02  1.800000e+01
     vertex  3.095723e+01 -1.781309e+02  1.800000e+01
   endloop
 endfacet
 facet normal -4.321400e-01 -9.018065e-01 -4.786812e-07
   outer loop
     vertex  3.088177e+01 -1.780941e+02  4.180000e+02
     vertex  3.090559e+01 -1.781053e+02  1.800000e+01
     vertex  3.093305e+01 -1.781187e+02  4.180000e+02
   endloop
 endfacet
 facet normal -4.188155e-01 -9.080714e-01  4.903562e-07
   outer loop
     vertex  3.088177e+01 -1.780941e+02  4.180000e+02
     vertex  3.085327e+01 -1.780812e+02  1.800000e+01
     vertex  3.090559e+01 -1.781053e+02  1.800000e+01
   endloop
 endfacet
 facet normal -4.075612e-01 -9.131779e-01 -4.764784e-07
   outer loop
     vertex  3.082983e+01 -1.780709e+02  4.180000e+02
     vertex  3.085327e+01 -1.780812e+02  1.800000e+01
     vertex  3.088177e+01 -1.780941e+02  4.180000e+02
   endloop
 endfacet
 facet normal -3.937458e-01 -9.192194e-01  4.878229e-07
   outer loop
     vertex  3.082983e+01 -1.780709e+02  4.180000e+02
     vertex  3.080031e+01 -1.780585e+02  1.800000e+01
     vertex  3.085327e+01 -1.780812e+02  1.800000e+01
   endloop
 endfacet
 facet normal -3.826834e-01 -9.238795e-01 -4.736146e-07
   outer loop
     vertex  3.077729e+01 -1.780491e+02  4.180000e+02
     vertex  3.080031e+01 -1.780585e+02  1.800000e+01
     vertex  3.082983e+01 -1.780709e+02  4.180000e+02
   endloop
 endfacet
 facet normal -3.683796e-01 -9.296754e-01  4.846287e-07
   outer loop
     vertex  3.077729e+01 -1.780491e+02  4.180000e+02
     vertex  3.074674e+01 -1.780373e+02  1.800000e+01
     vertex  3.080031e+01 -1.780585e+02  1.800000e+01
   endloop
 endfacet
 facet normal -3.575250e-01 -9.339036e-01 -4.700900e-07
   outer loop
     vertex  3.072418e+01 -1.780288e+02  4.180000e+02
     vertex  3.074674e+01 -1.780373e+02  1.800000e+01
     vertex  3.077729e+01 -1.780491e+02  4.180000e+02
   endloop
 endfacet
 facet normal -3.427362e-01 -9.394317e-01  4.807736e-07
   outer loop
     vertex  3.072418e+01 -1.780288e+02  4.180000e+02
     vertex  3.069261e+01 -1.780175e+02  1.800000e+01
     vertex  3.074674e+01 -1.780373e+02  1.800000e+01
   endloop
 endfacet
 facet normal -3.321044e-01 -9.432426e-01 -4.659045e-07
   outer loop
     vertex  3.067053e+01 -1.780099e+02  4.180000e+02
     vertex  3.069261e+01 -1.780175e+02  1.800000e+01
     vertex  3.072418e+01 -1.780288e+02  4.180000e+02
   endloop
 endfacet
 facet normal -3.168348e-01 -9.484807e-01  4.762577e-07
   outer loop
     vertex  3.067053e+01 -1.780099e+02  4.180000e+02
     vertex  3.063797e+01 -1.779993e+02  1.800000e+01
     vertex  3.069261e+01 -1.780175e+02  1.800000e+01
   endloop
 endfacet
 facet normal -3.064401e-01 -9.518899e-01 -4.610581e-07
   outer loop
     vertex  3.061640e+01 -1.779925e+02  4.180000e+02
     vertex  3.063797e+01 -1.779993e+02  1.800000e+01
     vertex  3.067053e+01 -1.780099e+02  4.180000e+02
   endloop
 endfacet
 facet normal -2.906949e-01 -9.568158e-01  4.710809e-07
   outer loop
     vertex  3.061640e+01 -1.779925e+02  4.180000e+02
     vertex  3.058284e+01 -1.779825e+02  1.800000e+01
     vertex  3.063797e+01 -1.779993e+02  1.800000e+01
   endloop
 endfacet
 facet normal -2.805512e-01 -9.598391e-01 -4.555509e-07
   outer loop
     vertex  3.056181e+01 -1.779765e+02  4.180000e+02
     vertex  3.058284e+01 -1.779825e+02  1.800000e+01
     vertex  3.061640e+01 -1.779925e+02  4.180000e+02
   endloop
 endfacet
 facet normal -2.643362e-01 -9.644306e-01  4.652432e-07
   outer loop
     vertex  3.056181e+01 -1.779765e+02  4.180000e+02
     vertex  3.052727e+01 -1.779673e+02  1.800000e+01
     vertex  3.058284e+01 -1.779825e+02  1.800000e+01
   endloop
 endfacet
 facet normal -2.544564e-01 -9.670842e-01 -4.493828e-07
   outer loop
     vertex  3.050681e+01 -1.779621e+02  4.180000e+02
     vertex  3.052727e+01 -1.779673e+02  1.800000e+01
     vertex  3.056181e+01 -1.779765e+02  4.180000e+02
   endloop
 endfacet
 facet normal -2.377784e-01 -9.713194e-01  4.587447e-07
   outer loop
     vertex  3.050681e+01 -1.779621e+02  4.180000e+02
     vertex  3.047131e+01 -1.779536e+02  1.800000e+01
     vertex  3.052727e+01 -1.779673e+02  1.800000e+01
   endloop
 endfacet
 facet normal -2.281751e-01 -9.736201e-01 -4.425539e-07
   outer loop
     vertex  3.045144e+01 -1.779491e+02  4.180000e+02
     vertex  3.047131e+01 -1.779536e+02  1.800000e+01
     vertex  3.050681e+01 -1.779621e+02  4.180000e+02
   endloop
 endfacet
 facet normal -2.110417e-01 -9.774771e-01  4.515853e-07
   outer loop
     vertex  3.045144e+01 -1.779491e+02  4.180000e+02
     vertex  3.041499e+01 -1.779414e+02  1.800000e+01
     vertex  3.047131e+01 -1.779536e+02  1.800000e+01
   endloop
 endfacet
 facet normal -2.017264e-01 -9.794419e-01 -4.350640e-07
   outer loop
     vertex  3.039574e+01 -1.779376e+02  4.180000e+02
     vertex  3.041499e+01 -1.779414e+02  1.800000e+01
     vertex  3.045144e+01 -1.779491e+02  4.180000e+02
   endloop
 endfacet
 facet normal -1.841461e-01 -9.828989e-01  4.437651e-07
   outer loop
     vertex  3.039574e+01 -1.779376e+02  4.180000e+02
     vertex  3.035835e+01 -1.779308e+02  1.800000e+01
     vertex  3.041499e+01 -1.779414e+02  1.800000e+01
   endloop
 endfacet
 facet normal -1.751297e-01 -9.845454e-01 -4.269134e-07
   outer loop
     vertex  3.033974e+01 -1.779277e+02  4.180000e+02
     vertex  3.035835e+01 -1.779308e+02  1.800000e+01
     vertex  3.039574e+01 -1.779376e+02  4.180000e+02
   endloop
 endfacet
 facet normal -1.571119e-01 -9.875808e-01  4.352840e-07
   outer loop
     vertex  3.033974e+01 -1.779277e+02  4.180000e+02
     vertex  3.030145e+01 -1.779217e+02  1.800000e+01
     vertex  3.035835e+01 -1.779308e+02  1.800000e+01
   endloop
 endfacet
 facet normal -1.484046e-01 -9.889267e-01 -4.181018e-07
   outer loop
     vertex  3.028350e+01 -1.779192e+02  4.180000e+02
     vertex  3.030145e+01 -1.779217e+02  1.800000e+01
     vertex  3.033974e+01 -1.779277e+02  4.180000e+02
   endloop
 endfacet
 facet normal -1.299594e-01 -9.915193e-01  4.261420e-07
   outer loop
     vertex  3.028350e+01 -1.779192e+02  4.180000e+02
     vertex  3.024433e+01 -1.779143e+02  1.800000e+01
     vertex  3.030145e+01 -1.779217e+02  1.800000e+01
   endloop
 endfacet
 facet normal -1.215707e-01 -9.925828e-01 -4.086294e-07
   outer loop
     vertex  3.022705e+01 -1.779123e+02  4.180000e+02
     vertex  3.024433e+01 -1.779143e+02  1.800000e+01
     vertex  3.028350e+01 -1.779192e+02  4.180000e+02
   endloop
 endfacet
 facet normal -1.027091e-01 -9.947114e-01  4.163392e-07
   outer loop
     vertex  3.022705e+01 -1.779123e+02  4.180000e+02
     vertex  3.018701e+01 -1.779083e+02  1.800000e+01
     vertex  3.024433e+01 -1.779143e+02  1.800000e+01
   endloop
 endfacet
 facet normal -9.464755e-02 -9.955108e-01 -3.984962e-07
   outer loop
     vertex  3.017043e+01 -1.779069e+02  4.180000e+02
     vertex  3.018701e+01 -1.779083e+02  1.800000e+01
     vertex  3.022705e+01 -1.779123e+02  4.180000e+02
   endloop
 endfacet
 facet normal -7.538152e-02 -9.971548e-01  4.058755e-07
   outer loop
     vertex  3.017043e+01 -1.779069e+02  4.180000e+02
     vertex  3.012956e+01 -1.779040e+02  1.800000e+01
     vertex  3.018701e+01 -1.779083e+02  1.800000e+01
   endloop
 endfacet
 facet normal -6.765502e-02 -9.977088e-01 -3.877021e-07
   outer loop
     vertex  3.011369e+01 -1.779031e+02  4.180000e+02
     vertex  3.012956e+01 -1.779040e+02  1.800000e+01
     vertex  3.017043e+01 -1.779069e+02  4.180000e+02
   endloop
 endfacet
 facet normal -4.799716e-02 -9.988475e-01  3.947510e-07
   outer loop
     vertex  3.011369e+01 -1.779031e+02  4.180000e+02
     vertex  3.007201e+01 -1.779012e+02  1.800000e+01
     vertex  3.012956e+01 -1.779040e+02  1.800000e+01
   endloop
 endfacet
 facet normal -2.057667e-02 -9.997883e-01  3.829656e-07
   outer loop
     vertex  3.005687e+01 -1.779008e+02  4.180000e+02
     vertex  3.001440e+01 -1.779000e+02  1.800000e+01
     vertex  3.007201e+01 -1.779012e+02  1.800000e+01
   endloop
 endfacet
 facet normal -4.061287e-02 -9.991750e-01 -3.762471e-07
   outer loop
     vertex  3.005687e+01 -1.779008e+02  4.180000e+02
     vertex  3.007201e+01 -1.779012e+02  1.800000e+01
     vertex  3.011369e+01 -1.779031e+02  4.180000e+02
   endloop
 endfacet
 facet normal  6.859319e-03 -9.999765e-01  3.900203e-07
   outer loop
     vertex  3.000000e+01 -1.779000e+02  3.980000e+02
     vertex  2.995679e+01 -1.779004e+02  1.800000e+01
     vertex  3.001440e+01 -1.779000e+02  1.800000e+01
   endloop
 endfacet
 facet normal -1.340793e-02 -9.999101e-01 -3.782539e-07
   outer loop
     vertex  3.000000e+01 -1.779000e+02  3.980000e+02
     vertex  3.001440e+01 -1.779000e+02  1.800000e+01
     vertex  3.005687e+01 -1.779008e+02  4.180000e+02
   endloop
 endfacet
 facet normal -1.354093e-02 -9.999083e-01 -4.115478e-14
   outer loop
     vertex  3.000000e+01 -1.779000e+02  4.180000e+02
     vertex  3.000000e+01 -1.779000e+02  3.980000e+02
     vertex  3.005687e+01 -1.779008e+02  4.180000e+02
   endloop
 endfacet
 facet normal  3.429014e-02 -9.994119e-01  3.854590e-07
   outer loop
     vertex  2.994264e+01 -1.779008e+02  3.980000e+02
     vertex  2.989921e+01 -1.779024e+02  1.800000e+01
     vertex  2.995679e+01 -1.779004e+02  1.800000e+01
   endloop
 endfacet
 facet normal  1.365867e-02 -9.999067e-01 -3.832374e-07
   outer loop
     vertex  2.994264e+01 -1.779008e+02  3.980000e+02
     vertex  2.995679e+01 -1.779004e+02  1.800000e+01
     vertex  3.000000e+01 -1.779000e+02  3.980000e+02
   endloop
 endfacet
 facet normal  4.096583e-02 -9.991605e-01 -3.786367e-07
   outer loop
     vertex  2.988532e+01 -1.779031e+02  3.980000e+02
     vertex  2.989921e+01 -1.779024e+02  1.800000e+01
     vertex  2.994264e+01 -1.779008e+02  3.980000e+02
   endloop
 endfacet
 facet normal  6.169515e-02 -9.980950e-01  3.808190e-07
   outer loop
     vertex  2.988532e+01 -1.779031e+02  3.980000e+02
     vertex  2.984170e+01 -1.779060e+02  1.800000e+01
     vertex  2.989921e+01 -1.779024e+02  1.800000e+01
   endloop
 endfacet
 facet normal  6.824241e-02 -9.976688e-01 -3.739574e-07
   outer loop
     vertex  2.982809e+01 -1.779070e+02  3.980000e+02
     vertex  2.984170e+01 -1.779060e+02  1.800000e+01
     vertex  2.988532e+01 -1.779031e+02  3.980000e+02
   endloop
 endfacet
 facet normal  8.905371e-02 -9.960268e-01  3.761003e-07
   outer loop
     vertex  2.982809e+01 -1.779070e+02  3.980000e+02
     vertex  2.978431e+01 -1.779111e+02  1.800000e+01
     vertex  2.984170e+01 -1.779060e+02  1.800000e+01
   endloop
 endfacet
 facet normal  9.546807e-02 -9.954325e-01 -3.691994e-07
   outer loop
     vertex  2.977098e+01 -1.779125e+02  3.980000e+02
     vertex  2.978431e+01 -1.779111e+02  1.800000e+01
     vertex  2.982809e+01 -1.779070e+02  3.980000e+02
   endloop
 endfacet
 facet normal  1.163452e-01 -9.932088e-01  3.713031e-07
   outer loop
     vertex  2.977098e+01 -1.779125e+02  3.980000e+02
     vertex  2.972709e+01 -1.779178e+02  1.800000e+01
     vertex  2.978431e+01 -1.779111e+02  1.800000e+01
   endloop
 endfacet
 facet normal  1.226225e-01 -9.924534e-01 -3.643628e-07
   outer loop
     vertex  2.971405e+01 -1.779196e+02  3.980000e+02
     vertex  2.972709e+01 -1.779178e+02  1.800000e+01
     vertex  2.977098e+01 -1.779125e+02  3.980000e+02
   endloop
 endfacet
 facet normal  1.435492e-01 -9.896432e-01  3.664271e-07
   outer loop
     vertex  2.971405e+01 -1.779196e+02  3.980000e+02
     vertex  2.967006e+01 -1.779261e+02  1.800000e+01
     vertex  2.972709e+01 -1.779178e+02  1.800000e+01
   endloop
 endfacet
 facet normal  1.496854e-01 -9.887337e-01 -3.594476e-07
   outer loop
     vertex  2.965733e+01 -1.779281e+02  3.980000e+02
     vertex  2.967006e+01 -1.779261e+02  1.800000e+01
     vertex  2.971405e+01 -1.779196e+02  3.980000e+02
   endloop
 endfacet
 facet normal  1.706451e-01 -9.853326e-01  3.614726e-07
   outer loop
     vertex  2.965733e+01 -1.779281e+02  3.980000e+02
     vertex  2.961329e+01 -1.779359e+02  1.800000e+01
     vertex  2.967006e+01 -1.779261e+02  1.800000e+01
   endloop
 endfacet
 facet normal  1.766366e-01 -9.842761e-01 -3.544537e-07
   outer loop
     vertex  2.960087e+01 -1.779383e+02  3.980000e+02
     vertex  2.961329e+01 -1.779359e+02  1.800000e+01
     vertex  2.965733e+01 -1.779281e+02  3.980000e+02
   endloop
 endfacet
 facet normal  1.976125e-01 -9.802802e-01  3.564394e-07
   outer loop
     vertex  2.960087e+01 -1.779383e+02  3.980000e+02
     vertex  2.955681e+01 -1.779473e+02  1.800000e+01
     vertex  2.961329e+01 -1.779359e+02  1.800000e+01
   endloop
 endfacet
 facet normal  2.034560e-01 -9.790841e-01 -3.493812e-07
   outer loop
     vertex  2.954470e+01 -1.779500e+02  3.980000e+02
     vertex  2.955681e+01 -1.779473e+02  1.800000e+01
     vertex  2.960087e+01 -1.779383e+02  3.980000e+02
   endloop
 endfacet
 facet normal  2.244312e-01 -9.744899e-01  3.513275e-07
   outer loop
     vertex  2.954470e+01 -1.779500e+02  3.980000e+02
     vertex  2.950067e+01 -1.779602e+02  1.800000e+01
     vertex  2.955681e+01 -1.779473e+02  1.800000e+01
   endloop
 endfacet
 facet normal  2.301236e-01 -9.731614e-01 -3.442300e-07
   outer loop
     vertex  2.948887e+01 -1.779632e+02  3.980000e+02
     vertex  2.950067e+01 -1.779602e+02  1.800000e+01
     vertex  2.954470e+01 -1.779500e+02  3.980000e+02
   endloop
 endfacet
 facet normal  2.510809e-01 -9.679661e-01  3.461370e-07
   outer loop
     vertex  2.948887e+01 -1.779632e+02  3.980000e+02
     vertex  2.944489e+01 -1.779747e+02  1.800000e+01
     vertex  2.950067e+01 -1.779602e+02  1.800000e+01
   endloop
 endfacet
 facet normal  2.775416e-01 -9.607136e-01  3.408679e-07
   outer loop
     vertex  2.943343e+01 -1.779779e+02  3.980000e+02
     vertex  2.938954e+01 -1.779907e+02  1.800000e+01
     vertex  2.944489e+01 -1.779747e+02  1.800000e+01
   endloop
 endfacet
 facet normal  2.566194e-01 -9.665125e-01 -3.390002e-07
   outer loop
     vertex  2.943343e+01 -1.779779e+02  3.980000e+02
     vertex  2.944489e+01 -1.779747e+02  1.800000e+01
     vertex  2.948887e+01 -1.779632e+02  3.980000e+02
   endloop
 endfacet
 facet normal  3.037934e-01 -9.527379e-01  3.355201e-07
   outer loop
     vertex  2.937840e+01 -1.779941e+02  3.980000e+02
     vertex  2.933465e+01 -1.780082e+02  1.800000e+01
     vertex  2.938954e+01 -1.779907e+02  1.800000e+01
   endloop
 endfacet
 facet normal  2.829238e-01 -9.591424e-01 -3.336918e-07
   outer loop
     vertex  2.937840e+01 -1.779941e+02  3.980000e+02
     vertex  2.938954e+01 -1.779907e+02  1.800000e+01
     vertex  2.943343e+01 -1.779779e+02  3.980000e+02
   endloop
 endfacet
 facet normal  3.298166e-01 -9.440450e-01  3.300937e-07
   outer loop
     vertex  2.932385e+01 -1.780118e+02  3.980000e+02
     vertex  2.928025e+01 -1.780272e+02  1.800000e+01
     vertex  2.933465e+01 -1.780082e+02  1.800000e+01
   endloop
 endfacet
 facet normal  3.090170e-01 -9.510565e-01 -3.283047e-07
   outer loop
     vertex  2.932385e+01 -1.780118e+02  3.980000e+02
     vertex  2.933465e+01 -1.780082e+02  1.800000e+01
     vertex  2.937840e+01 -1.779941e+02  3.980000e+02
   endloop
 endfacet
 facet normal  3.555914e-01 -9.346415e-01  3.245887e-07
   outer loop
     vertex  2.926979e+01 -1.780310e+02  3.980000e+02
     vertex  2.922640e+01 -1.780477e+02  1.800000e+01
     vertex  2.928025e+01 -1.780272e+02  1.800000e+01
   endloop
 endfacet
 facet normal  3.348796e-01 -9.422609e-01 -3.228389e-07
   outer loop
     vertex  2.926979e+01 -1.780310e+02  3.980000e+02
     vertex  2.928025e+01 -1.780272e+02  1.800000e+01
     vertex  2.932385e+01 -1.780118e+02  3.980000e+02
   endloop
 endfacet
 facet normal  3.810986e-01 -9.245344e-01  3.190050e-07
   outer loop
     vertex  2.921628e+01 -1.780517e+02  3.980000e+02
     vertex  2.917313e+01 -1.780696e+02  1.800000e+01
     vertex  2.922640e+01 -1.780477e+02  1.800000e+01
   endloop
 endfacet
 facet normal  3.604923e-01 -9.327622e-01 -3.172946e-07
   outer loop
     vertex  2.921628e+01 -1.780517e+02  3.980000e+02
     vertex  2.922640e+01 -1.780477e+02  1.800000e+01
     vertex  2.926979e+01 -1.780310e+02  3.980000e+02
   endloop
 endfacet
 facet normal  4.063188e-01 -9.137314e-01  3.133426e-07
   outer loop
     vertex  2.916336e+01 -1.780739e+02  3.980000e+02
     vertex  2.912049e+01 -1.780931e+02  1.800000e+01
     vertex  2.917313e+01 -1.780696e+02  1.800000e+01
   endloop
 endfacet
 facet normal  3.858360e-01 -9.225674e-01 -3.116715e-07
   outer loop
     vertex  2.916336e+01 -1.780739e+02  3.980000e+02
     vertex  2.917313e+01 -1.780696e+02  1.800000e+01
     vertex  2.921628e+01 -1.780517e+02  3.980000e+02
   endloop
 endfacet
 facet normal  4.312333e-01 -9.022405e-01  3.076016e-07
   outer loop
     vertex  2.911106e+01 -1.780974e+02  3.980000e+02
     vertex  2.906850e+01 -1.781179e+02  1.800000e+01
     vertex  2.912049e+01 -1.780931e+02  1.800000e+01
   endloop
 endfacet
 facet normal  4.108918e-01 -9.116841e-01 -3.059699e-07
   outer loop
     vertex  2.911106e+01 -1.780974e+02  3.980000e+02
     vertex  2.912049e+01 -1.780931e+02  1.800000e+01
     vertex  2.916336e+01 -1.780739e+02  3.980000e+02
   endloop
 endfacet
 facet normal  4.558231e-01 -8.900704e-01  3.017820e-07
   outer loop
     vertex  2.905942e+01 -1.781224e+02  3.980000e+02
     vertex  2.901722e+01 -1.781442e+02  1.800000e+01
     vertex  2.906850e+01 -1.781179e+02  1.800000e+01
   endloop
 endfacet
 facet normal  4.356410e-01 -9.001205e-01 -3.001896e-07
   outer loop
     vertex  2.905942e+01 -1.781224e+02  3.980000e+02
     vertex  2.906850e+01 -1.781179e+02  1.800000e+01
     vertex  2.911106e+01 -1.780974e+02  3.980000e+02
   endloop
 endfacet
 facet normal  4.800697e-01 -8.772303e-01  2.958838e-07
   outer loop
     vertex  2.900849e+01 -1.781488e+02  3.980000e+02
     vertex  2.896668e+01 -1.781718e+02  1.800000e+01
     vertex  2.901722e+01 -1.781442e+02  1.800000e+01
   endloop
 endfacet
 facet normal  4.600650e-01 -8.878852e-01 -2.943306e-07
   outer loop
     vertex  2.900849e+01 -1.781488e+02  3.980000e+02
     vertex  2.901722e+01 -1.781442e+02  1.800000e+01
     vertex  2.905942e+01 -1.781224e+02  3.980000e+02
   endloop
 endfacet
 facet normal  5.039550e-01 -8.637299e-01  2.899069e-07
   outer loop
     vertex  2.895829e+01 -1.781766e+02  3.980000e+02
     vertex  2.891691e+01 -1.782009e+02  1.800000e+01
     vertex  2.896668e+01 -1.781718e+02  1.800000e+01
   endloop
 endfacet
 facet normal  4.841458e-01 -8.749873e-01 -2.883930e-07
   outer loop
     vertex  2.895829e+01 -1.781766e+02  3.980000e+02
     vertex  2.896668e+01 -1.781718e+02  1.800000e+01
     vertex  2.900849e+01 -1.781488e+02  3.980000e+02
   endloop
 endfacet
 facet normal  5.274609e-01 -8.495793e-01  2.838513e-07
   outer loop
     vertex  2.890887e+01 -1.782057e+02  3.980000e+02
     vertex  2.886796e+01 -1.782312e+02  1.800000e+01
     vertex  2.891691e+01 -1.782009e+02  1.800000e+01
   endloop
 endfacet
 facet normal  5.078652e-01 -8.614365e-01 -2.823768e-07
   outer loop
     vertex  2.890887e+01 -1.782057e+02  3.980000e+02
     vertex  2.891691e+01 -1.782009e+02  1.800000e+01
     vertex  2.895829e+01 -1.781766e+02  3.980000e+02
   endloop
 endfacet
 facet normal  5.505698e-01 -8.347891e-01  2.777171e-07
   outer loop
     vertex  2.886027e+01 -1.782362e+02  3.980000e+02
     vertex  2.881986e+01 -1.782630e+02  1.800000e+01
     vertex  2.886796e+01 -1.782312e+02  1.800000e+01
   endloop
 endfacet
 facet normal  5.312057e-01 -8.472429e-01 -2.762820e-07
   outer loop
     vertex  2.886027e+01 -1.782362e+02  3.980000e+02
     vertex  2.886796e+01 -1.782312e+02  1.800000e+01
     vertex  2.890887e+01 -1.782057e+02  3.980000e+02
   endloop
 endfacet
 facet normal  5.732642e-01 -8.193706e-01  2.715043e-07
   outer loop
     vertex  2.881252e+01 -1.782680e+02  3.980000e+02
     vertex  2.877265e+01 -1.782960e+02  1.800000e+01
     vertex  2.881986e+01 -1.782630e+02  1.800000e+01
   endloop
 endfacet
 facet normal  5.541498e-01 -8.324170e-01 -2.701084e-07
   outer loop
     vertex  2.881252e+01 -1.782680e+02  3.980000e+02
     vertex  2.881986e+01 -1.782630e+02  1.800000e+01
     vertex  2.886027e+01 -1.782362e+02  3.980000e+02
   endloop
 endfacet
 facet normal  5.955271e-01 -8.033352e-01  2.652128e-07
   outer loop
     vertex  2.876565e+01 -1.783011e+02  3.980000e+02
     vertex  2.872637e+01 -1.783303e+02  1.800000e+01
     vertex  2.877265e+01 -1.782960e+02  1.800000e+01
   endloop
 endfacet
 facet normal  5.766803e-01 -8.169699e-01 -2.638563e-07
   outer loop
     vertex  2.876565e+01 -1.783011e+02  3.980000e+02
     vertex  2.877265e+01 -1.782960e+02  1.800000e+01
     vertex  2.881252e+01 -1.782680e+02  3.980000e+02
   endloop
 endfacet
 facet normal  6.173417e-01 -7.866951e-01  2.588427e-07
   outer loop
     vertex  2.871971e+01 -1.783354e+02  3.980000e+02
     vertex  2.868104e+01 -1.783659e+02  1.800000e+01
     vertex  2.872637e+01 -1.783303e+02  1.800000e+01
   endloop
 endfacet
 facet normal  5.987805e-01 -8.009132e-01 -2.575255e-07
   outer loop
     vertex  2.871971e+01 -1.783354e+02  3.980000e+02
     vertex  2.872637e+01 -1.783303e+02  1.800000e+01
     vertex  2.876565e+01 -1.783011e+02  3.980000e+02
   endloop
 endfacet
 facet normal  6.386916e-01 -7.694628e-01  2.523940e-07
   outer loop
     vertex  2.867472e+01 -1.783710e+02  3.980000e+02
     vertex  2.863671e+01 -1.784027e+02  1.800000e+01
     vertex  2.868104e+01 -1.783659e+02  1.800000e+01
   endloop
 endfacet
 facet normal  6.204339e-01 -7.842588e-01 -2.511161e-07
   outer loop
     vertex  2.867472e+01 -1.783710e+02  3.980000e+02
     vertex  2.868104e+01 -1.783659e+02  1.800000e+01
     vertex  2.871971e+01 -1.783354e+02  3.980000e+02
   endloop
 endfacet
 facet normal  6.595607e-01 -7.516513e-01  2.458666e-07
   outer loop
     vertex  2.863071e+01 -1.784078e+02  3.980000e+02
     vertex  2.859340e+01 -1.784407e+02  1.800000e+01
     vertex  2.863671e+01 -1.784027e+02  1.800000e+01
   endloop
 endfacet
 facet normal  6.416243e-01 -7.670191e-01 -2.446280e-07
   outer loop
     vertex  2.863071e+01 -1.784078e+02  3.980000e+02
     vertex  2.863671e+01 -1.784027e+02  1.800000e+01
     vertex  2.867472e+01 -1.783710e+02  3.980000e+02
   endloop
 endfacet
 facet normal  6.623358e-01 -7.492071e-01 -2.380613e-07
   outer loop
     vertex  2.858773e+01 -1.784458e+02  3.980000e+02
     vertex  2.859340e+01 -1.784407e+02  1.800000e+01
     vertex  2.863071e+01 -1.784078e+02  3.980000e+02
   endloop
 endfacet
 facet normal  6.799333e-01 -7.332740e-01  2.392605e-07
   outer loop
     vertex  2.858773e+01 -1.784458e+02  3.980000e+02
     vertex  2.855115e+01 -1.784799e+02  1.800000e+01
     vertex  2.859340e+01 -1.784407e+02  1.800000e+01
   endloop
 endfacet
 facet normal  6.825531e-01 -7.308360e-01 -2.314159e-07
   outer loop
     vertex  2.854581e+01 -1.784850e+02  3.980000e+02
     vertex  2.855115e+01 -1.784799e+02  1.800000e+01
     vertex  2.858773e+01 -1.784458e+02  3.980000e+02
   endloop
 endfacet
 facet normal  6.997940e-01 -7.143447e-01  2.325759e-07
   outer loop
     vertex  2.854581e+01 -1.784850e+02  3.980000e+02
     vertex  2.850999e+01 -1.785202e+02  1.800000e+01
     vertex  2.855115e+01 -1.784799e+02  1.800000e+01
   endloop
 endfacet
 facet normal  7.022611e-01 -7.119195e-01 -2.246919e-07
   outer loop
     vertex  2.850497e+01 -1.785253e+02  3.980000e+02
     vertex  2.850999e+01 -1.785202e+02  1.800000e+01
     vertex  2.854581e+01 -1.784850e+02  3.980000e+02
   endloop
 endfacet
 facet normal  7.191280e-01 -6.948776e-01  2.258125e-07
   outer loop
     vertex  2.850497e+01 -1.785253e+02  3.980000e+02
     vertex  2.846995e+01 -1.785616e+02  1.800000e+01
     vertex  2.850999e+01 -1.785202e+02  1.800000e+01
   endloop
 endfacet
 facet normal  7.214450e-01 -6.924717e-01 -2.178893e-07
   outer loop
     vertex  2.846524e+01 -1.785666e+02  3.980000e+02
     vertex  2.846995e+01 -1.785616e+02  1.800000e+01
     vertex  2.850497e+01 -1.785253e+02  3.980000e+02
   endloop
 endfacet
 facet normal  7.379206e-01 -6.748875e-01  2.189706e-07
   outer loop
     vertex  2.846524e+01 -1.785666e+02  3.980000e+02
     vertex  2.843107e+01 -1.786041e+02  1.800000e+01
     vertex  2.846995e+01 -1.785616e+02  1.800000e+01
   endloop
 endfacet
 facet normal  7.400906e-01 -6.725072e-01 -2.110080e-07
   outer loop
     vertex  2.842667e+01 -1.786091e+02  3.980000e+02
     vertex  2.843107e+01 -1.786041e+02  1.800000e+01
     vertex  2.846524e+01 -1.785666e+02  3.980000e+02
   endloop
 endfacet
 facet normal  7.561578e-01 -6.543893e-01  2.120500e-07
   outer loop
     vertex  2.842667e+01 -1.786091e+02  3.980000e+02
     vertex  2.839337e+01 -1.786477e+02  1.800000e+01
     vertex  2.843107e+01 -1.786041e+02  1.800000e+01
   endloop
 endfacet
 facet normal  7.738257e-01 -6.333986e-01  2.050507e-07
   outer loop
     vertex  2.838926e+01 -1.786526e+02  3.980000e+02
     vertex  2.835687e+01 -1.786923e+02  1.800000e+01
     vertex  2.839337e+01 -1.786477e+02  1.800000e+01
   endloop
 endfacet
 facet normal  7.581838e-01 -6.520409e-01 -2.040481e-07
   outer loop
     vertex  2.838926e+01 -1.786526e+02  3.980000e+02
     vertex  2.839337e+01 -1.786477e+02  1.800000e+01
     vertex  2.842667e+01 -1.786091e+02  3.980000e+02
   endloop
 endfacet
 facet normal  7.909112e-01 -6.119310e-01  1.979729e-07
   outer loop
     vertex  2.835306e+01 -1.786971e+02  3.980000e+02
     vertex  2.832161e+01 -1.787379e+02  1.800000e+01
     vertex  2.835687e+01 -1.786923e+02  1.800000e+01
   endloop
 endfacet
 facet normal  7.757113e-01 -6.310879e-01 -1.970095e-07
   outer loop
     vertex  2.835306e+01 -1.786971e+02  3.980000e+02
     vertex  2.835687e+01 -1.786923e+02  1.800000e+01
     vertex  2.838926e+01 -1.786526e+02  3.980000e+02
   endloop
 endfacet
 facet normal  8.074012e-01 -5.900028e-01  1.908164e-07
   outer loop
     vertex  2.831808e+01 -1.787426e+02  3.980000e+02
     vertex  2.828762e+01 -1.787844e+02  1.800000e+01
     vertex  2.832161e+01 -1.787379e+02  1.800000e+01
   endloop
 endfacet
 facet normal  7.926599e-01 -6.096641e-01 -1.898924e-07
   outer loop
     vertex  2.831808e+01 -1.787426e+02  3.980000e+02
     vertex  2.832161e+01 -1.787379e+02  1.800000e+01
     vertex  2.835306e+01 -1.786971e+02  3.980000e+02
   endloop
 endfacet
 facet normal  8.232835e-01 -5.676304e-01  1.835812e-07
   outer loop
     vertex  2.828436e+01 -1.787890e+02  3.980000e+02
     vertex  2.825491e+01 -1.788318e+02  1.800000e+01
     vertex  2.828762e+01 -1.787844e+02  1.800000e+01
   endloop
 endfacet
 facet normal  8.090170e-01 -5.877853e-01 -1.826965e-07
   outer loop
     vertex  2.828436e+01 -1.787890e+02  3.980000e+02
     vertex  2.828762e+01 -1.787844e+02  1.800000e+01
     vertex  2.831808e+01 -1.787426e+02  3.980000e+02
   endloop
 endfacet
 facet normal  8.385460e-01 -5.448308e-01  1.762674e-07
   outer loop
     vertex  2.825192e+01 -1.788363e+02  3.980000e+02
     vertex  2.822352e+01 -1.788801e+02  1.800000e+01
     vertex  2.825491e+01 -1.788318e+02  1.800000e+01
   endloop
 endfacet
 facet normal  8.247704e-01 -5.654678e-01 -1.754220e-07
   outer loop
     vertex  2.825192e+01 -1.788363e+02  3.980000e+02
     vertex  2.825491e+01 -1.788318e+02  1.800000e+01
     vertex  2.828436e+01 -1.787890e+02  3.980000e+02
   endloop
 endfacet
 facet normal  8.399083e-01 -5.427284e-01 -1.680689e-07
   outer loop
     vertex  2.822079e+01 -1.788845e+02  3.980000e+02
     vertex  2.822352e+01 -1.788801e+02  1.800000e+01
     vertex  2.825192e+01 -1.788363e+02  3.980000e+02
   endloop
 endfacet
 facet normal  8.531773e-01 -5.216210e-01  1.688750e-07
   outer loop
     vertex  2.822079e+01 -1.788845e+02  3.980000e+02
     vertex  2.819347e+01 -1.789293e+02  1.800000e+01
     vertex  2.822352e+01 -1.788801e+02  1.800000e+01
   endloop
 endfacet
 facet normal  8.671664e-01 -4.980186e-01  1.614039e-07
   outer loop
     vertex  2.819098e+01 -1.789335e+02  3.980000e+02
     vertex  2.816477e+01 -1.789792e+02  1.800000e+01
     vertex  2.819347e+01 -1.789293e+02  1.800000e+01
   endloop
 endfacet
 facet normal  8.544194e-01 -5.195840e-01 -1.606372e-07
   outer loop
     vertex  2.819098e+01 -1.789335e+02  3.980000e+02
     vertex  2.819347e+01 -1.789293e+02  1.800000e+01
     vertex  2.822079e+01 -1.788845e+02  3.980000e+02
   endloop
 endfacet
 facet normal  8.805026e-01 -4.740412e-01  1.538542e-07
   outer loop
     vertex  2.816253e+01 -1.789833e+02  3.980000e+02
     vertex  2.813746e+01 -1.790300e+02  1.800000e+01
     vertex  2.816477e+01 -1.789792e+02  1.800000e+01
   endloop
 endfacet
 facet normal  8.682929e-01 -4.960518e-01 -1.531268e-07
   outer loop
     vertex  2.816253e+01 -1.789833e+02  3.980000e+02
     vertex  2.816477e+01 -1.789792e+02  1.800000e+01
     vertex  2.819098e+01 -1.789335e+02  3.980000e+02
   endloop
 endfacet
 facet normal  8.931761e-01 -4.497071e-01  1.462258e-07
   outer loop
     vertex  2.813544e+01 -1.790339e+02  3.980000e+02
     vertex  2.811155e+01 -1.790814e+02  1.800000e+01
     vertex  2.813746e+01 -1.790300e+02  1.800000e+01
   endloop
 endfacet
 facet normal  8.815185e-01 -4.721495e-01 -1.455377e-07
   outer loop
     vertex  2.813544e+01 -1.790339e+02  3.980000e+02
     vertex  2.813746e+01 -1.790300e+02  1.800000e+01
     vertex  2.816253e+01 -1.789833e+02  3.980000e+02
   endloop
 endfacet
 facet normal  9.051772e-01 -4.250344e-01  1.385188e-07
   outer loop
     vertex  2.810975e+01 -1.790852e+02  3.980000e+02
     vertex  2.808706e+01 -1.791336e+02  1.800000e+01
     vertex  2.811155e+01 -1.790814e+02  1.800000e+01
   endloop
 endfacet
 facet normal  8.940863e-01 -4.478948e-01 -1.378701e-07
   outer loop
     vertex  2.810975e+01 -1.790852e+02  3.980000e+02
     vertex  2.811155e+01 -1.790814e+02  1.800000e+01
     vertex  2.813544e+01 -1.790339e+02  3.980000e+02
   endloop
 endfacet
 facet normal  9.164969e-01 -4.000417e-01  1.307332e-07
   outer loop
     vertex  2.808546e+01 -1.791371e+02  3.980000e+02
     vertex  2.806401e+01 -1.791864e+02  1.800000e+01
     vertex  2.808706e+01 -1.791336e+02  1.800000e+01
   endloop
 endfacet
 facet normal  9.059868e-01 -4.233059e-01 -1.301238e-07
   outer loop
     vertex  2.808546e+01 -1.791371e+02  3.980000e+02
     vertex  2.808706e+01 -1.791336e+02  1.800000e+01
     vertex  2.810975e+01 -1.790852e+02  3.980000e+02
   endloop
 endfacet
 facet normal  9.271267e-01 -3.747479e-01  1.228689e-07
   outer loop
     vertex  2.806261e+01 -1.791897e+02  3.980000e+02
     vertex  2.804242e+01 -1.792398e+02  1.800000e+01
     vertex  2.806401e+01 -1.791864e+02  1.800000e+01
   endloop
 endfacet
 facet normal  9.172113e-01 -3.984011e-01 -1.222988e-07
   outer loop
     vertex  2.806261e+01 -1.791897e+02  3.980000e+02
     vertex  2.806401e+01 -1.791864e+02  1.800000e+01
     vertex  2.808546e+01 -1.791371e+02  3.980000e+02
   endloop
 endfacet
 facet normal  9.370586e-01 -3.491720e-01  1.149260e-07
   outer loop
     vertex  2.804120e+01 -1.792430e+02  3.980000e+02
     vertex  2.802230e+01 -1.792938e+02  1.800000e+01
     vertex  2.804242e+01 -1.792398e+02  1.800000e+01
   endloop
 endfacet
 facet normal  9.277513e-01 -3.731990e-01 -1.143952e-07
   outer loop
     vertex  2.804120e+01 -1.792430e+02  3.980000e+02
     vertex  2.804242e+01 -1.792398e+02  1.800000e+01
     vertex  2.806261e+01 -1.791897e+02  3.980000e+02
   endloop
 endfacet
 facet normal  9.462851e-01 -3.233333e-01  1.069045e-07
   outer loop
     vertex  2.802125e+01 -1.792968e+02  3.980000e+02
     vertex  2.800367e+01 -1.793483e+02  1.800000e+01
     vertex  2.802230e+01 -1.792938e+02  1.800000e+01
   endloop
 endfacet
 facet normal  9.375990e-01 -3.477184e-01 -1.064130e-07
   outer loop
     vertex  2.802125e+01 -1.792968e+02  3.980000e+02
     vertex  2.802230e+01 -1.792938e+02  1.800000e+01
     vertex  2.804120e+01 -1.792430e+02  3.980000e+02
   endloop
 endfacet
 facet normal  9.547993e-01 -2.972512e-01  9.880428e-08
   outer loop
     vertex  2.800278e+01 -1.793511e+02  3.980000e+02
     vertex  2.798655e+01 -1.794033e+02  1.800000e+01
     vertex  2.800367e+01 -1.793483e+02  1.800000e+01
   endloop
 endfacet
 facet normal  9.467470e-01 -3.219783e-01 -9.835211e-08
   outer loop
     vertex  2.800278e+01 -1.793511e+02  3.980000e+02
     vertex  2.800367e+01 -1.793483e+02  1.800000e+01
     vertex  2.802125e+01 -1.792968e+02  3.980000e+02
   endloop
 endfacet
 facet normal  9.625948e-01 -2.709453e-01  9.062545e-08
   outer loop
     vertex  2.798580e+01 -1.794059e+02  3.980000e+02
     vertex  2.797094e+01 -1.794588e+02  1.800000e+01
     vertex  2.798655e+01 -1.794033e+02  1.800000e+01
   endloop
 endfacet
 facet normal  9.551886e-01 -2.959980e-01 -9.021260e-08
   outer loop
     vertex  2.798580e+01 -1.794059e+02  3.980000e+02
     vertex  2.798655e+01 -1.794033e+02  1.800000e+01
     vertex  2.800278e+01 -1.793511e+02  3.980000e+02
   endloop
 endfacet
 facet normal  9.696656e-01 -2.444354e-01  8.236799e-08
   outer loop
     vertex  2.797032e+01 -1.794611e+02  3.980000e+02
     vertex  2.795685e+01 -1.795147e+02  1.800000e+01
     vertex  2.797094e+01 -1.794588e+02  1.800000e+01
   endloop
 endfacet
 facet normal  9.629173e-01 -2.697968e-01 -8.199446e-08
   outer loop
     vertex  2.797032e+01 -1.794611e+02  3.980000e+02
     vertex  2.797094e+01 -1.794588e+02  1.800000e+01
     vertex  2.798580e+01 -1.794059e+02  3.980000e+02
   endloop
 endfacet
 facet normal  9.760065e-01 -2.177416e-01  7.403188e-08
   outer loop
     vertex  2.795636e+01 -1.795167e+02  3.980000e+02
     vertex  2.794431e+01 -1.795709e+02  1.800000e+01
     vertex  2.795685e+01 -1.795147e+02  1.800000e+01
   endloop
 endfacet
 facet normal  9.699274e-01 -2.433942e-01 -7.369767e-08
   outer loop
     vertex  2.795636e+01 -1.795167e+02  3.980000e+02
     vertex  2.795685e+01 -1.795147e+02  1.800000e+01
     vertex  2.797032e+01 -1.794611e+02  3.980000e+02
   endloop
 endfacet
 facet normal  9.816126e-01 -1.908838e-01  6.561714e-08
   outer loop
     vertex  2.794392e+01 -1.795727e+02  3.980000e+02
     vertex  2.793331e+01 -1.796275e+02  1.800000e+01
     vertex  2.794431e+01 -1.795709e+02  1.800000e+01
   endloop
 endfacet
 facet normal  9.762138e-01 -2.168100e-01 -6.532225e-08
   outer loop
     vertex  2.794392e+01 -1.795727e+02  3.980000e+02
     vertex  2.794431e+01 -1.795709e+02  1.800000e+01
     vertex  2.795636e+01 -1.795167e+02  3.980000e+02
   endloop
 endfacet
 facet normal  9.864799e-01 -1.638824e-01  5.712376e-08
   outer loop
     vertex  2.793302e+01 -1.796291e+02  3.980000e+02
     vertex  2.792387e+01 -1.796843e+02  1.800000e+01
     vertex  2.793331e+01 -1.796275e+02  1.800000e+01
   endloop
 endfacet
 facet normal  9.817717e-01 -1.900640e-01 -5.686819e-08
   outer loop
     vertex  2.793302e+01 -1.796291e+02  3.980000e+02
     vertex  2.793331e+01 -1.796275e+02  1.800000e+01
     vertex  2.794392e+01 -1.795727e+02  3.980000e+02
   endloop
 endfacet
 facet normal  9.906046e-01 -1.367575e-01  4.855175e-08
   outer loop
     vertex  2.792366e+01 -1.796857e+02  3.980000e+02
     vertex  2.791599e+01 -1.797414e+02  1.800000e+01
     vertex  2.792387e+01 -1.796843e+02  1.800000e+01
   endloop
 endfacet
 facet normal  9.865969e-01 -1.631762e-01 -4.833549e-08
   outer loop
     vertex  2.792366e+01 -1.796857e+02  3.980000e+02
     vertex  2.792387e+01 -1.796843e+02  1.800000e+01
     vertex  2.793302e+01 -1.796291e+02  3.980000e+02
   endloop
 endfacet
 facet normal  9.906859e-01 -1.361666e-01 -3.972416e-08
   outer loop
     vertex  2.791585e+01 -1.797425e+02  3.980000e+02
     vertex  2.791599e+01 -1.797414e+02  1.800000e+01
     vertex  2.792366e+01 -1.796857e+02  3.980000e+02
   endloop
 endfacet
 facet normal  9.939835e-01 -1.095298e-01  3.990109e-08
   outer loop
     vertex  2.791585e+01 -1.797425e+02  3.980000e+02
     vertex  2.790968e+01 -1.797986e+02  1.800000e+01
     vertex  2.791599e+01 -1.797414e+02  1.800000e+01
   endloop
 endfacet
 facet normal  9.940357e-01 -1.090555e-01 -3.103418e-08
   outer loop
     vertex  2.790959e+01 -1.797995e+02  3.980000e+02
     vertex  2.790968e+01 -1.797986e+02  1.800000e+01
     vertex  2.791585e+01 -1.797425e+02  3.980000e+02
   endloop
 endfacet
 facet normal  9.966142e-01 -8.221955e-02  3.117180e-08
   outer loop
     vertex  2.790959e+01 -1.797995e+02  3.980000e+02
     vertex  2.790494e+01 -1.798561e+02  1.800000e+01
     vertex  2.790968e+01 -1.797986e+02  1.800000e+01
   endloop
 endfacet
 facet normal  9.966436e-01 -8.186288e-02 -2.226557e-08
   outer loop
     vertex  2.790490e+01 -1.798567e+02  3.980000e+02
     vertex  2.790494e+01 -1.798561e+02  1.800000e+01
     vertex  2.790959e+01 -1.797995e+02  3.980000e+02
   endloop
 endfacet
 facet normal  9.984947e-01 -5.484744e-02  2.236387e-08
   outer loop
     vertex  2.790490e+01 -1.798567e+02  3.980000e+02
     vertex  2.790178e+01 -1.799136e+02  1.800000e+01
     vertex  2.790494e+01 -1.798561e+02  1.800000e+01
   endloop
 endfacet
 facet normal  9.985078e-01 -5.460922e-02 -1.341832e-08
   outer loop
     vertex  2.790176e+01 -1.799140e+02  3.980000e+02
     vertex  2.790178e+01 -1.799136e+02  1.800000e+01
     vertex  2.790490e+01 -1.798567e+02  3.980000e+02
   endloop
 endfacet
 facet normal  9.996236e-01 -2.743405e-02  1.347730e-08
   outer loop
     vertex  2.790176e+01 -1.799140e+02  3.980000e+02
     vertex  2.790020e+01 -1.799712e+02  1.800000e+01
     vertex  2.790178e+01 -1.799136e+02  1.800000e+01
   endloop
 endfacet
 facet normal  9.996269e-01 -2.731480e-02 -4.492433e-09
   outer loop
     vertex  2.790020e+01 -1.799713e+02  3.980000e+02
     vertex  2.790020e+01 -1.799712e+02  1.800000e+01
     vertex  2.790176e+01 -1.799140e+02  3.980000e+02
   endloop
 endfacet
 facet normal  1.000000e+00  0.000000e+00  4.512092e-09
   outer loop
     vertex  2.790020e+01 -1.799713e+02  3.980000e+02
     vertex  2.790020e+01 -1.800288e+02  1.800000e+01
     vertex  2.790020e+01 -1.799712e+02  1.800000e+01
   endloop
 endfacet
 facet normal  1.000000e+00 -0.000000e+00  4.512092e-09
   outer loop
     vertex  2.790020e+01 -1.800287e+02  3.980000e+02
     vertex  2.790020e+01 -1.800288e+02  1.800000e+01
     vertex  2.790020e+01 -1.799713e+02  3.980000e+02
   endloop
 endfacet
 facet normal  9.996269e-01  2.731480e-02 -4.492433e-09
   outer loop
     vertex  2.790176e+01 -1.800860e+02  3.980000e+02
     vertex  2.790020e+01 -1.800288e+02  1.800000e+01
     vertex  2.790020e+01 -1.800287e+02  3.980000e+02
   endloop
 endfacet
 facet normal  9.996236e-01  2.743405e-02  1.347730e-08
   outer loop
     vertex  2.790176e+01 -1.800860e+02  3.980000e+02
     vertex  2.790178e+01 -1.800864e+02  1.800000e+01
     vertex  2.790020e+01 -1.800288e+02  1.800000e+01
   endloop
 endfacet
 facet normal  9.985078e-01  5.460922e-02 -1.341832e-08
   outer loop
     vertex  2.790490e+01 -1.801433e+02  3.980000e+02
     vertex  2.790178e+01 -1.800864e+02  1.800000e+01
     vertex  2.790176e+01 -1.800860e+02  3.980000e+02
   endloop
 endfacet
 facet normal  9.984947e-01  5.484744e-02  2.236387e-08
   outer loop
     vertex  2.790490e+01 -1.801433e+02  3.980000e+02
     vertex  2.790494e+01 -1.801439e+02  1.800000e+01
     vertex  2.790178e+01 -1.800864e+02  1.800000e+01
   endloop
 endfacet
 facet normal  9.966436e-01  8.186288e-02 -2.226557e-08
   outer loop
     vertex  2.790959e+01 -1.802005e+02  3.980000e+02
     vertex  2.790494e+01 -1.801439e+02  1.800000e+01
     vertex  2.790490e+01 -1.801433e+02  3.980000e+02
   endloop
 endfacet
 facet normal  9.966142e-01  8.221955e-02  3.117180e-08
   outer loop
     vertex  2.790959e+01 -1.802005e+02  3.980000e+02
     vertex  2.790968e+01 -1.802014e+02  1.800000e+01
     vertex  2.790494e+01 -1.801439e+02  1.800000e+01
   endloop
 endfacet
 facet normal  9.940357e-01  1.090555e-01 -3.103418e-08
   outer loop
     vertex  2.791585e+01 -1.802575e+02  3.980000e+02
     vertex  2.790968e+01 -1.802014e+02  1.800000e+01
     vertex  2.790959e+01 -1.802005e+02  3.980000e+02
   endloop
 endfacet
 facet normal  9.939835e-01  1.095298e-01  3.990109e-08
   outer loop
     vertex  2.791585e+01 -1.802575e+02  3.980000e+02
     vertex  2.791599e+01 -1.802586e+02  1.800000e+01
     vertex  2.790968e+01 -1.802014e+02  1.800000e+01
   endloop
 endfacet
 facet normal  9.906859e-01  1.361666e-01 -3.972416e-08
   outer loop
     vertex  2.792366e+01 -1.803143e+02  3.980000e+02
     vertex  2.791599e+01 -1.802586e+02  1.800000e+01
     vertex  2.791585e+01 -1.802575e+02  3.980000e+02
   endloop
 endfacet
 facet normal  9.906046e-01  1.367575e-01  4.855175e-08
   outer loop
     vertex  2.792366e+01 -1.803143e+02  3.980000e+02
     vertex  2.792387e+01 -1.803157e+02  1.800000e+01
     vertex  2.791599e+01 -1.802586e+02  1.800000e+01
   endloop
 endfacet
 facet normal  9.865969e-01  1.631762e-01 -4.833549e-08
   outer loop
     vertex  2.793302e+01 -1.803709e+02  3.980000e+02
     vertex  2.792387e+01 -1.803157e+02  1.800000e+01
     vertex  2.792366e+01 -1.803143e+02  3.980000e+02
   endloop
 endfacet
 facet normal  9.864799e-01  1.638824e-01  5.712376e-08
   outer loop
     vertex  2.793302e+01 -1.803709e+02  3.980000e+02
     vertex  2.793331e+01 -1.803725e+02  1.800000e+01
     vertex  2.792387e+01 -1.803157e+02  1.800000e+01
   endloop
 endfacet
 facet normal  9.817717e-01  1.900640e-01 -5.686819e-08
   outer loop
     vertex  2.794392e+01 -1.804273e+02  3.980000e+02
     vertex  2.793331e+01 -1.803725e+02  1.800000e+01
     vertex  2.793302e+01 -1.803709e+02  3.980000e+02
   endloop
 endfacet
 facet normal  9.816126e-01  1.908838e-01  6.561714e-08
   outer loop
     vertex  2.794392e+01 -1.804273e+02  3.980000e+02
     vertex  2.794431e+01 -1.804291e+02  1.800000e+01
     vertex  2.793331e+01 -1.803725e+02  1.800000e+01
   endloop
 endfacet
 facet normal  9.762138e-01  2.168100e-01 -6.532225e-08
   outer loop
     vertex  2.795636e+01 -1.804833e+02  3.980000e+02
     vertex  2.794431e+01 -1.804291e+02  1.800000e+01
     vertex  2.794392e+01 -1.804273e+02  3.980000e+02
   endloop
 endfacet
 facet normal  9.760065e-01  2.177416e-01  7.403188e-08
   outer loop
     vertex  2.795636e+01 -1.804833e+02  3.980000e+02
     vertex  2.795685e+01 -1.804853e+02  1.800000e+01
     vertex  2.794431e+01 -1.804291e+02  1.800000e+01
   endloop
 endfacet
 facet normal  9.696656e-01  2.444354e-01  8.236799e-08
   outer loop
     vertex  2.797032e+01 -1.805389e+02  3.980000e+02
     vertex  2.797094e+01 -1.805412e+02  1.800000e+01
     vertex  2.795685e+01 -1.804853e+02  1.800000e+01
   endloop
 endfacet
 facet normal  9.699274e-01  2.433942e-01 -7.369767e-08
   outer loop
     vertex  2.797032e+01 -1.805389e+02  3.980000e+02
     vertex  2.795685e+01 -1.804853e+02  1.800000e+01
     vertex  2.795636e+01 -1.804833e+02  3.980000e+02
   endloop
 endfacet
 facet normal  9.625948e-01  2.709453e-01  9.062545e-08
   outer loop
     vertex  2.798580e+01 -1.805941e+02  3.980000e+02
     vertex  2.798655e+01 -1.805967e+02  1.800000e+01
     vertex  2.797094e+01 -1.805412e+02  1.800000e+01
   endloop
 endfacet
 facet normal  9.629173e-01  2.697968e-01 -8.199446e-08
   outer loop
     vertex  2.798580e+01 -1.805941e+02  3.980000e+02
     vertex  2.797094e+01 -1.805412e+02  1.800000e+01
     vertex  2.797032e+01 -1.805389e+02  3.980000e+02
   endloop
 endfacet
 facet normal  9.547993e-01  2.972512e-01  9.880428e-08
   outer loop
     vertex  2.800278e+01 -1.806489e+02  3.980000e+02
     vertex  2.800367e+01 -1.806517e+02  1.800000e+01
     vertex  2.798655e+01 -1.805967e+02  1.800000e+01
   endloop
 endfacet
 facet normal  9.551886e-01  2.959980e-01 -9.021260e-08
   outer loop
     vertex  2.800278e+01 -1.806489e+02  3.980000e+02
     vertex  2.798655e+01 -1.805967e+02  1.800000e+01
     vertex  2.798580e+01 -1.805941e+02  3.980000e+02
   endloop
 endfacet
 facet normal  9.462851e-01  3.233333e-01  1.069045e-07
   outer loop
     vertex  2.802125e+01 -1.807032e+02  3.980000e+02
     vertex  2.802230e+01 -1.807062e+02  1.800000e+01
     vertex  2.800367e+01 -1.806517e+02  1.800000e+01
   endloop
 endfacet
 facet normal  9.467470e-01  3.219783e-01 -9.835211e-08
   outer loop
     vertex  2.802125e+01 -1.807032e+02  3.980000e+02
     vertex  2.800367e+01 -1.806517e+02  1.800000e+01
     vertex  2.800278e+01 -1.806489e+02  3.980000e+02
   endloop
 endfacet
 facet normal  9.370586e-01  3.491720e-01  1.149260e-07
   outer loop
     vertex  2.804120e+01 -1.807570e+02  3.980000e+02
     vertex  2.804242e+01 -1.807602e+02  1.800000e+01
     vertex  2.802230e+01 -1.807062e+02  1.800000e+01
   endloop
 endfacet
 facet normal  9.375990e-01  3.477184e-01 -1.064130e-07
   outer loop
     vertex  2.804120e+01 -1.807570e+02  3.980000e+02
     vertex  2.802230e+01 -1.807062e+02  1.800000e+01
     vertex  2.802125e+01 -1.807032e+02  3.980000e+02
   endloop
 endfacet
 facet normal  9.271267e-01  3.747479e-01  1.228689e-07
   outer loop
     vertex  2.806261e+01 -1.808103e+02  3.980000e+02
     vertex  2.806401e+01 -1.808136e+02  1.800000e+01
     vertex  2.804242e+01 -1.807602e+02  1.800000e+01
   endloop
 endfacet
 facet normal  9.277513e-01  3.731990e-01 -1.143952e-07
   outer loop
     vertex  2.806261e+01 -1.808103e+02  3.980000e+02
     vertex  2.804242e+01 -1.807602e+02  1.800000e+01
     vertex  2.804120e+01 -1.807570e+02  3.980000e+02
   endloop
 endfacet
 facet normal  9.164969e-01  4.000417e-01  1.307332e-07
   outer loop
     vertex  2.808546e+01 -1.808629e+02  3.980000e+02
     vertex  2.808706e+01 -1.808664e+02  1.800000e+01
     vertex  2.806401e+01 -1.808136e+02  1.800000e+01
   endloop
 endfacet
 facet normal  9.172113e-01  3.984011e-01 -1.222988e-07
   outer loop
     vertex  2.808546e+01 -1.808629e+02  3.980000e+02
     vertex  2.806401e+01 -1.808136e+02  1.800000e+01
     vertex  2.806261e+01 -1.808103e+02  3.980000e+02
   endloop
 endfacet
 facet normal  9.051772e-01  4.250344e-01  1.385188e-07
   outer loop
     vertex  2.810975e+01 -1.809148e+02  3.980000e+02
     vertex  2.811155e+01 -1.809186e+02  1.800000e+01
     vertex  2.808706e+01 -1.808664e+02  1.800000e+01
   endloop
 endfacet
 facet normal  9.059868e-01  4.233059e-01 -1.301238e-07
   outer loop
     vertex  2.810975e+01 -1.809148e+02  3.980000e+02
     vertex  2.808706e+01 -1.808664e+02  1.800000e+01
     vertex  2.808546e+01 -1.808629e+02  3.980000e+02
   endloop
 endfacet
 facet normal  8.931761e-01  4.497071e-01  1.462258e-07
   outer loop
     vertex  2.813544e+01 -1.809661e+02  3.980000e+02
     vertex  2.813746e+01 -1.809700e+02  1.800000e+01
     vertex  2.811155e+01 -1.809186e+02  1.800000e+01
   endloop
 endfacet
 facet normal  8.940863e-01  4.478948e-01 -1.378701e-07
   outer loop
     vertex  2.813544e+01 -1.809661e+02  3.980000e+02
     vertex  2.811155e+01 -1.809186e+02  1.800000e+01
     vertex  2.810975e+01 -1.809148e+02  3.980000e+02
   endloop
 endfacet
 facet normal  8.805026e-01  4.740412e-01  1.538542e-07
   outer loop
     vertex  2.816253e+01 -1.810167e+02  3.980000e+02
     vertex  2.816477e+01 -1.810208e+02  1.800000e+01
     vertex  2.813746e+01 -1.809700e+02  1.800000e+01
   endloop
 endfacet
 facet normal  8.815185e-01  4.721495e-01 -1.455377e-07
   outer loop
     vertex  2.816253e+01 -1.810167e+02  3.980000e+02
     vertex  2.813746e+01 -1.809700e+02  1.800000e+01
     vertex  2.813544e+01 -1.809661e+02  3.980000e+02
   endloop
 endfacet
 facet normal  8.671664e-01  4.980186e-01  1.614039e-07
   outer loop
     vertex  2.819098e+01 -1.810665e+02  3.980000e+02
     vertex  2.819347e+01 -1.810707e+02  1.800000e+01
     vertex  2.816477e+01 -1.810208e+02  1.800000e+01
   endloop
 endfacet
 facet normal  8.682929e-01  4.960518e-01 -1.531268e-07
   outer loop
     vertex  2.819098e+01 -1.810665e+02  3.980000e+02
     vertex  2.816477e+01 -1.810208e+02  1.800000e+01
     vertex  2.816253e+01 -1.810167e+02  3.980000e+02
   endloop
 endfacet
 facet normal  8.544194e-01  5.195840e-01 -1.606372e-07
   outer loop
     vertex  2.822079e+01 -1.811155e+02  3.980000e+02
     vertex  2.819347e+01 -1.810707e+02  1.800000e+01
     vertex  2.819098e+01 -1.810665e+02  3.980000e+02
   endloop
 endfacet
 facet normal  8.531773e-01  5.216210e-01  1.688750e-07
   outer loop
     vertex  2.822079e+01 -1.811155e+02  3.980000e+02
     vertex  2.822352e+01 -1.811199e+02  1.800000e+01
     vertex  2.819347e+01 -1.810707e+02  1.800000e+01
   endloop
 endfacet
 facet normal  8.399083e-01  5.427284e-01 -1.680689e-07
   outer loop
     vertex  2.825192e+01 -1.811637e+02  3.980000e+02
     vertex  2.822352e+01 -1.811199e+02  1.800000e+01
     vertex  2.822079e+01 -1.811155e+02  3.980000e+02
   endloop
 endfacet
 facet normal  8.385460e-01  5.448308e-01  1.762674e-07
   outer loop
     vertex  2.825192e+01 -1.811637e+02  3.980000e+02
     vertex  2.825491e+01 -1.811682e+02  1.800000e+01
     vertex  2.822352e+01 -1.811199e+02  1.800000e+01
   endloop
 endfacet
 facet normal  8.247704e-01  5.654678e-01 -1.754220e-07
   outer loop
     vertex  2.828436e+01 -1.812110e+02  3.980000e+02
     vertex  2.825491e+01 -1.811682e+02  1.800000e+01
     vertex  2.825192e+01 -1.811637e+02  3.980000e+02
   endloop
 endfacet
 facet normal  8.232835e-01  5.676304e-01  1.835812e-07
   outer loop
     vertex  2.828436e+01 -1.812110e+02  3.980000e+02
     vertex  2.828762e+01 -1.812156e+02  1.800000e+01
     vertex  2.825491e+01 -1.811682e+02  1.800000e+01
   endloop
 endfacet
 facet normal  8.090170e-01  5.877853e-01 -1.826965e-07
   outer loop
     vertex  2.831808e+01 -1.812574e+02  3.980000e+02
     vertex  2.828762e+01 -1.812156e+02  1.800000e+01
     vertex  2.828436e+01 -1.812110e+02  3.980000e+02
   endloop
 endfacet
 facet normal  8.074012e-01  5.900028e-01  1.908164e-07
   outer loop
     vertex  2.831808e+01 -1.812574e+02  3.980000e+02
     vertex  2.832161e+01 -1.812621e+02  1.800000e+01
     vertex  2.828762e+01 -1.812156e+02  1.800000e+01
   endloop
 endfacet
 facet normal  7.926599e-01  6.096641e-01 -1.898924e-07
   outer loop
     vertex  2.835306e+01 -1.813029e+02  3.980000e+02
     vertex  2.832161e+01 -1.812621e+02  1.800000e+01
     vertex  2.831808e+01 -1.812574e+02  3.980000e+02
   endloop
 endfacet
 facet normal  7.909112e-01  6.119310e-01  1.979729e-07
   outer loop
     vertex  2.835306e+01 -1.813029e+02  3.980000e+02
     vertex  2.835687e+01 -1.813077e+02  1.800000e+01
     vertex  2.832161e+01 -1.812621e+02  1.800000e+01
   endloop
 endfacet
 facet normal  7.757113e-01  6.310879e-01 -1.970095e-07
   outer loop
     vertex  2.838926e+01 -1.813474e+02  3.980000e+02
     vertex  2.835687e+01 -1.813077e+02  1.800000e+01
     vertex  2.835306e+01 -1.813029e+02  3.980000e+02
   endloop
 endfacet
 facet normal  7.738257e-01  6.333986e-01  2.050507e-07
   outer loop
     vertex  2.838926e+01 -1.813474e+02  3.980000e+02
     vertex  2.839337e+01 -1.813523e+02  1.800000e+01
     vertex  2.835687e+01 -1.813077e+02  1.800000e+01
   endloop
 endfacet
 facet normal  7.581838e-01  6.520409e-01 -2.040481e-07
   outer loop
     vertex  2.842667e+01 -1.813909e+02  3.980000e+02
     vertex  2.839337e+01 -1.813523e+02  1.800000e+01
     vertex  2.838926e+01 -1.813474e+02  3.980000e+02
   endloop
 endfacet
 facet normal  7.561578e-01  6.543893e-01  2.120500e-07
   outer loop
     vertex  2.842667e+01 -1.813909e+02  3.980000e+02
     vertex  2.843107e+01 -1.813959e+02  1.800000e+01
     vertex  2.839337e+01 -1.813523e+02  1.800000e+01
   endloop
 endfacet
 facet normal  7.400906e-01  6.725072e-01 -2.110080e-07
   outer loop
     vertex  2.846524e+01 -1.814334e+02  3.980000e+02
     vertex  2.843107e+01 -1.813959e+02  1.800000e+01
     vertex  2.842667e+01 -1.813909e+02  3.980000e+02
   endloop
 endfacet
 facet normal  7.379206e-01  6.748875e-01  2.189706e-07
   outer loop
     vertex  2.846524e+01 -1.814334e+02  3.980000e+02
     vertex  2.846995e+01 -1.814384e+02  1.800000e+01
     vertex  2.843107e+01 -1.813959e+02  1.800000e+01
   endloop
 endfacet
 facet normal  7.214450e-01  6.924717e-01 -2.178893e-07
   outer loop
     vertex  2.850497e+01 -1.814747e+02  3.980000e+02
     vertex  2.846995e+01 -1.814384e+02  1.800000e+01
     vertex  2.846524e+01 -1.814334e+02  3.980000e+02
   endloop
 endfacet
 facet normal  7.191280e-01  6.948776e-01  2.258125e-07
   outer loop
     vertex  2.850497e+01 -1.814747e+02  3.980000e+02
     vertex  2.850999e+01 -1.814798e+02  1.800000e+01
     vertex  2.846995e+01 -1.814384e+02  1.800000e+01
   endloop
 endfacet
 facet normal  7.022611e-01  7.119195e-01 -2.246919e-07
   outer loop
     vertex  2.854581e+01 -1.815150e+02  3.980000e+02
     vertex  2.850999e+01 -1.814798e+02  1.800000e+01
     vertex  2.850497e+01 -1.814747e+02  3.980000e+02
   endloop
 endfacet
 facet normal  6.997940e-01  7.143447e-01  2.325759e-07
   outer loop
     vertex  2.854581e+01 -1.815150e+02  3.980000e+02
     vertex  2.855115e+01 -1.815201e+02  1.800000e+01
     vertex  2.850999e+01 -1.814798e+02  1.800000e+01
   endloop
 endfacet
 facet normal  6.825531e-01  7.308360e-01 -2.314159e-07
   outer loop
     vertex  2.858773e+01 -1.815542e+02  3.980000e+02
     vertex  2.855115e+01 -1.815201e+02  1.800000e+01
     vertex  2.854581e+01 -1.815150e+02  3.980000e+02
   endloop
 endfacet
 facet normal  6.799333e-01  7.332740e-01  2.392605e-07
   outer loop
     vertex  2.858773e+01 -1.815542e+02  3.980000e+02
     vertex  2.859340e+01 -1.815593e+02  1.800000e+01
     vertex  2.855115e+01 -1.815201e+02  1.800000e+01
   endloop
 endfacet
 facet normal  6.623358e-01  7.492071e-01 -2.380613e-07
   outer loop
     vertex  2.863071e+01 -1.815922e+02  3.980000e+02
     vertex  2.859340e+01 -1.815593e+02  1.800000e+01
     vertex  2.858773e+01 -1.815542e+02  3.980000e+02
   endloop
 endfacet
 facet normal  6.595607e-01  7.516513e-01  2.458666e-07
   outer loop
     vertex  2.863071e+01 -1.815922e+02  3.980000e+02
     vertex  2.863671e+01 -1.815973e+02  1.800000e+01
     vertex  2.859340e+01 -1.815593e+02  1.800000e+01
   endloop
 endfacet
 facet normal  6.416243e-01  7.670191e-01 -2.446280e-07
   outer loop
     vertex  2.867472e+01 -1.816290e+02  3.980000e+02
     vertex  2.863671e+01 -1.815973e+02  1.800000e+01
     vertex  2.863071e+01 -1.815922e+02  3.980000e+02
   endloop
 endfacet
 facet normal  6.386916e-01  7.694628e-01  2.523940e-07
   outer loop
     vertex  2.867472e+01 -1.816290e+02  3.980000e+02
     vertex  2.868104e+01 -1.816341e+02  1.800000e+01
     vertex  2.863671e+01 -1.815973e+02  1.800000e+01
   endloop
 endfacet
 facet normal  6.204339e-01  7.842588e-01 -2.511161e-07
   outer loop
     vertex  2.871971e+01 -1.816646e+02  3.980000e+02
     vertex  2.868104e+01 -1.816341e+02  1.800000e+01
     vertex  2.867472e+01 -1.816290e+02  3.980000e+02
   endloop
 endfacet
 facet normal  6.173417e-01  7.866951e-01  2.588427e-07
   outer loop
     vertex  2.871971e+01 -1.816646e+02  3.980000e+02
     vertex  2.872637e+01 -1.816697e+02  1.800000e+01
     vertex  2.868104e+01 -1.816341e+02  1.800000e+01
   endloop
 endfacet
 facet normal  5.987805e-01  8.009132e-01 -2.575255e-07
   outer loop
     vertex  2.876565e+01 -1.816989e+02  3.980000e+02
     vertex  2.872637e+01 -1.816697e+02  1.800000e+01
     vertex  2.871971e+01 -1.816646e+02  3.980000e+02
   endloop
 endfacet
 facet normal  5.955271e-01  8.033352e-01  2.652128e-07
   outer loop
     vertex  2.876565e+01 -1.816989e+02  3.980000e+02
     vertex  2.877265e+01 -1.817040e+02  1.800000e+01
     vertex  2.872637e+01 -1.816697e+02  1.800000e+01
   endloop
 endfacet
 facet normal  5.766803e-01  8.169699e-01 -2.638563e-07
   outer loop
     vertex  2.881252e+01 -1.817320e+02  3.980000e+02
     vertex  2.877265e+01 -1.817040e+02  1.800000e+01
     vertex  2.876565e+01 -1.816989e+02  3.980000e+02
   endloop
 endfacet
 facet normal  5.732642e-01  8.193706e-01  2.715043e-07
   outer loop
     vertex  2.881252e+01 -1.817320e+02  3.980000e+02
     vertex  2.881986e+01 -1.817370e+02  1.800000e+01
     vertex  2.877265e+01 -1.817040e+02  1.800000e+01
   endloop
 endfacet
 facet normal  5.541498e-01  8.324170e-01 -2.701084e-07
   outer loop
     vertex  2.886027e+01 -1.817638e+02  3.980000e+02
     vertex  2.881986e+01 -1.817370e+02  1.800000e+01
     vertex  2.881252e+01 -1.817320e+02  3.980000e+02
   endloop
 endfacet
 facet normal  5.505698e-01  8.347891e-01  2.777171e-07
   outer loop
     vertex  2.886027e+01 -1.817638e+02  3.980000e+02
     vertex  2.886796e+01 -1.817688e+02  1.800000e+01
     vertex  2.881986e+01 -1.817370e+02  1.800000e+01
   endloop
 endfacet
 facet normal  5.312057e-01  8.472429e-01 -2.762820e-07
   outer loop
     vertex  2.890887e+01 -1.817943e+02  3.980000e+02
     vertex  2.886796e+01 -1.817688e+02  1.800000e+01
     vertex  2.886027e+01 -1.817638e+02  3.980000e+02
   endloop
 endfacet
 facet normal  5.274609e-01  8.495793e-01  2.838513e-07
   outer loop
     vertex  2.890887e+01 -1.817943e+02  3.980000e+02
     vertex  2.891691e+01 -1.817991e+02  1.800000e+01
     vertex  2.886796e+01 -1.817688e+02  1.800000e+01
   endloop
 endfacet
 facet normal  5.078652e-01  8.614365e-01 -2.823768e-07
   outer loop
     vertex  2.895829e+01 -1.818234e+02  3.980000e+02
     vertex  2.891691e+01 -1.817991e+02  1.800000e+01
     vertex  2.890887e+01 -1.817943e+02  3.980000e+02
   endloop
 endfacet
 facet normal  5.039550e-01  8.637299e-01  2.899069e-07
   outer loop
     vertex  2.895829e+01 -1.818234e+02  3.980000e+02
     vertex  2.896668e+01 -1.818282e+02  1.800000e+01
     vertex  2.891691e+01 -1.817991e+02  1.800000e+01
   endloop
 endfacet
 facet normal  4.841458e-01  8.749873e-01 -2.883930e-07
   outer loop
     vertex  2.900849e+01 -1.818512e+02  3.980000e+02
     vertex  2.896668e+01 -1.818282e+02  1.800000e+01
     vertex  2.895829e+01 -1.818234e+02  3.980000e+02
   endloop
 endfacet
 facet normal  4.800697e-01  8.772303e-01  2.958838e-07
   outer loop
     vertex  2.900849e+01 -1.818512e+02  3.980000e+02
     vertex  2.901722e+01 -1.818558e+02  1.800000e+01
     vertex  2.896668e+01 -1.818282e+02  1.800000e+01
   endloop
 endfacet
 facet normal  4.600650e-01  8.878852e-01 -2.943306e-07
   outer loop
     vertex  2.905942e+01 -1.818776e+02  3.980000e+02
     vertex  2.901722e+01 -1.818558e+02  1.800000e+01
     vertex  2.900849e+01 -1.818512e+02  3.980000e+02
   endloop
 endfacet
 facet normal  4.558231e-01  8.900704e-01  3.017820e-07
   outer loop
     vertex  2.905942e+01 -1.818776e+02  3.980000e+02
     vertex  2.906850e+01 -1.818821e+02  1.800000e+01
     vertex  2.901722e+01 -1.818558e+02  1.800000e+01
   endloop
 endfacet
 facet normal  4.312333e-01  9.022405e-01  3.076016e-07
   outer loop
     vertex  2.911106e+01 -1.819026e+02  3.980000e+02
     vertex  2.912049e+01 -1.819069e+02  1.800000e+01
     vertex  2.906850e+01 -1.818821e+02  1.800000e+01
   endloop
 endfacet
 facet normal  4.356410e-01  9.001205e-01 -3.001896e-07
   outer loop
     vertex  2.911106e+01 -1.819026e+02  3.980000e+02
     vertex  2.906850e+01 -1.818821e+02  1.800000e+01
     vertex  2.905942e+01 -1.818776e+02  3.980000e+02
   endloop
 endfacet
 facet normal  4.063188e-01  9.137314e-01  3.133426e-07
   outer loop
     vertex  2.916336e+01 -1.819261e+02  3.980000e+02
     vertex  2.917313e+01 -1.819304e+02  1.800000e+01
     vertex  2.912049e+01 -1.819069e+02  1.800000e+01
   endloop
 endfacet
 facet normal  4.108918e-01  9.116841e-01 -3.059699e-07
   outer loop
     vertex  2.916336e+01 -1.819261e+02  3.980000e+02
     vertex  2.912049e+01 -1.819069e+02  1.800000e+01
     vertex  2.911106e+01 -1.819026e+02  3.980000e+02
   endloop
 endfacet
 facet normal  3.810986e-01  9.245344e-01  3.190050e-07
   outer loop
     vertex  2.921628e+01 -1.819483e+02  3.980000e+02
     vertex  2.922640e+01 -1.819523e+02  1.800000e+01
     vertex  2.917313e+01 -1.819304e+02  1.800000e+01
   endloop
 endfacet
 facet normal  3.858360e-01  9.225674e-01 -3.116715e-07
   outer loop
     vertex  2.921628e+01 -1.819483e+02  3.980000e+02
     vertex  2.917313e+01 -1.819304e+02  1.800000e+01
     vertex  2.916336e+01 -1.819261e+02  3.980000e+02
   endloop
 endfacet
 facet normal  3.555914e-01  9.346415e-01  3.245887e-07
   outer loop
     vertex  2.926979e+01 -1.819690e+02  3.980000e+02
     vertex  2.928025e+01 -1.819728e+02  1.800000e+01
     vertex  2.922640e+01 -1.819523e+02  1.800000e+01
   endloop
 endfacet
 facet normal  3.604923e-01  9.327622e-01 -3.172946e-07
   outer loop
     vertex  2.926979e+01 -1.819690e+02  3.980000e+02
     vertex  2.922640e+01 -1.819523e+02  1.800000e+01
     vertex  2.921628e+01 -1.819483e+02  3.980000e+02
   endloop
 endfacet
 facet normal  3.348796e-01  9.422609e-01 -3.228389e-07
   outer loop
     vertex  2.932385e+01 -1.819882e+02  3.980000e+02
     vertex  2.928025e+01 -1.819728e+02  1.800000e+01
     vertex  2.926979e+01 -1.819690e+02  3.980000e+02
   endloop
 endfacet
 facet normal  3.298166e-01  9.440450e-01  3.300937e-07
   outer loop
     vertex  2.932385e+01 -1.819882e+02  3.980000e+02
     vertex  2.933465e+01 -1.819918e+02  1.800000e+01
     vertex  2.928025e+01 -1.819728e+02  1.800000e+01
   endloop
 endfacet
 facet normal  3.090170e-01  9.510565e-01 -3.283047e-07
   outer loop
     vertex  2.937840e+01 -1.820059e+02  3.980000e+02
     vertex  2.933465e+01 -1.819918e+02  1.800000e+01
     vertex  2.932385e+01 -1.819882e+02  3.980000e+02
   endloop
 endfacet
 facet normal  3.037934e-01  9.527379e-01  3.355201e-07
   outer loop
     vertex  2.937840e+01 -1.820059e+02  3.980000e+02
     vertex  2.938954e+01 -1.820093e+02  1.800000e+01
     vertex  2.933465e+01 -1.819918e+02  1.800000e+01
   endloop
 endfacet
 facet normal  2.829238e-01  9.591424e-01 -3.336918e-07
   outer loop
     vertex  2.943343e+01 -1.820221e+02  3.980000e+02
     vertex  2.938954e+01 -1.820093e+02  1.800000e+01
     vertex  2.937840e+01 -1.820059e+02  3.980000e+02
   endloop
 endfacet
 facet normal  2.775416e-01  9.607136e-01  3.408679e-07
   outer loop
     vertex  2.943343e+01 -1.820221e+02  3.980000e+02
     vertex  2.944489e+01 -1.820253e+02  1.800000e+01
     vertex  2.938954e+01 -1.820093e+02  1.800000e+01
   endloop
 endfacet
 facet normal  2.566194e-01  9.665125e-01 -3.390002e-07
   outer loop
     vertex  2.948887e+01 -1.820368e+02  3.980000e+02
     vertex  2.944489e+01 -1.820253e+02  1.800000e+01
     vertex  2.943343e+01 -1.820221e+02  3.980000e+02
   endloop
 endfacet
 facet normal  2.510809e-01  9.679661e-01  3.461370e-07
   outer loop
     vertex  2.948887e+01 -1.820368e+02  3.980000e+02
     vertex  2.950067e+01 -1.820398e+02  1.800000e+01
     vertex  2.944489e+01 -1.820253e+02  1.800000e+01
   endloop
 endfacet
 facet normal  2.301236e-01  9.731614e-01 -3.442300e-07
   outer loop
     vertex  2.954470e+01 -1.820500e+02  3.980000e+02
     vertex  2.950067e+01 -1.820398e+02  1.800000e+01
     vertex  2.948887e+01 -1.820368e+02  3.980000e+02
   endloop
 endfacet
 facet normal  2.244312e-01  9.744899e-01  3.513275e-07
   outer loop
     vertex  2.954470e+01 -1.820500e+02  3.980000e+02
     vertex  2.955681e+01 -1.820527e+02  1.800000e+01
     vertex  2.950067e+01 -1.820398e+02  1.800000e+01
   endloop
 endfacet
 facet normal  2.034560e-01  9.790841e-01 -3.493812e-07
   outer loop
     vertex  2.960087e+01 -1.820617e+02  3.980000e+02
     vertex  2.955681e+01 -1.820527e+02  1.800000e+01
     vertex  2.954470e+01 -1.820500e+02  3.980000e+02
   endloop
 endfacet
 facet normal  1.976125e-01  9.802802e-01  3.564394e-07
   outer loop
     vertex  2.960087e+01 -1.820617e+02  3.980000e+02
     vertex  2.961329e+01 -1.820641e+02  1.800000e+01
     vertex  2.955681e+01 -1.820527e+02  1.800000e+01
   endloop
 endfacet
 facet normal  1.766366e-01  9.842761e-01 -3.544537e-07
   outer loop
     vertex  2.965733e+01 -1.820719e+02  3.980000e+02
     vertex  2.961329e+01 -1.820641e+02  1.800000e+01
     vertex  2.960087e+01 -1.820617e+02  3.980000e+02
   endloop
 endfacet
 facet normal  1.706451e-01  9.853326e-01  3.614726e-07
   outer loop
     vertex  2.965733e+01 -1.820719e+02  3.980000e+02
     vertex  2.967006e+01 -1.820739e+02  1.800000e+01
     vertex  2.961329e+01 -1.820641e+02  1.800000e+01
   endloop
 endfacet
 facet normal  1.496854e-01  9.887337e-01 -3.594476e-07
   outer loop
     vertex  2.971405e+01 -1.820804e+02  3.980000e+02
     vertex  2.967006e+01 -1.820739e+02  1.800000e+01
     vertex  2.965733e+01 -1.820719e+02  3.980000e+02
   endloop
 endfacet
 facet normal  1.435492e-01  9.896432e-01  3.664271e-07
   outer loop
     vertex  2.971405e+01 -1.820804e+02  3.980000e+02
     vertex  2.972709e+01 -1.820822e+02  1.800000e+01
     vertex  2.967006e+01 -1.820739e+02  1.800000e+01
   endloop
 endfacet
 facet normal  1.226225e-01  9.924534e-01 -3.643628e-07
   outer loop
     vertex  2.977098e+01 -1.820875e+02  3.980000e+02
     vertex  2.972709e+01 -1.820822e+02  1.800000e+01
     vertex  2.971405e+01 -1.820804e+02  3.980000e+02
   endloop
 endfacet
 facet normal  1.163452e-01  9.932088e-01  3.713031e-07
   outer loop
     vertex  2.977098e+01 -1.820875e+02  3.980000e+02
     vertex  2.978431e+01 -1.820889e+02  1.800000e+01
     vertex  2.972709e+01 -1.820822e+02  1.800000e+01
   endloop
 endfacet
 facet normal  8.905371e-02  9.960268e-01  3.761003e-07
   outer loop
     vertex  2.982809e+01 -1.820930e+02  3.980000e+02
     vertex  2.984170e+01 -1.820940e+02  1.800000e+01
     vertex  2.978431e+01 -1.820889e+02  1.800000e+01
   endloop
 endfacet
 facet normal  9.546807e-02  9.954325e-01 -3.691994e-07
   outer loop
     vertex  2.982809e+01 -1.820930e+02  3.980000e+02
     vertex  2.978431e+01 -1.820889e+02  1.800000e+01
     vertex  2.977098e+01 -1.820875e+02  3.980000e+02
   endloop
 endfacet
 facet normal  6.169515e-02  9.980950e-01  3.808190e-07
   outer loop
     vertex  2.988532e+01 -1.820969e+02  3.980000e+02
     vertex  2.989921e+01 -1.820976e+02  1.800000e+01
     vertex  2.984170e+01 -1.820940e+02  1.800000e+01
   endloop
 endfacet
 facet normal  6.824241e-02  9.976688e-01 -3.739574e-07
   outer loop
     vertex  2.988532e+01 -1.820969e+02  3.980000e+02
     vertex  2.984170e+01 -1.820940e+02  1.800000e+01
     vertex  2.982809e+01 -1.820930e+02  3.980000e+02
   endloop
 endfacet
 facet normal  3.429014e-02  9.994119e-01  3.854590e-07
   outer loop
     vertex  2.994264e+01 -1.820992e+02  3.980000e+02
     vertex  2.995679e+01 -1.820996e+02  1.800000e+01
     vertex  2.989921e+01 -1.820976e+02  1.800000e+01
   endloop
 endfacet
 facet normal  4.096583e-02  9.991605e-01 -3.786367e-07
   outer loop
     vertex  2.994264e+01 -1.820992e+02  3.980000e+02
     vertex  2.989921e+01 -1.820976e+02  1.800000e+01
     vertex  2.988532e+01 -1.820969e+02  3.980000e+02
   endloop
 endfacet
 facet normal  6.859319e-03  9.999765e-01  3.900203e-07
   outer loop
     vertex  3.000000e+01 -1.821000e+02  3.980000e+02
     vertex  3.001440e+01 -1.821000e+02  1.800000e+01
     vertex  2.995679e+01 -1.820996e+02  1.800000e+01
   endloop
 endfacet
 facet normal  1.365867e-02  9.999067e-01 -3.832374e-07
   outer loop
     vertex  3.000000e+01 -1.821000e+02  3.980000e+02
     vertex  2.995679e+01 -1.820996e+02  1.800000e+01
     vertex  2.994264e+01 -1.820992e+02  3.980000e+02
   endloop
 endfacet
 facet normal -2.057667e-02  9.997883e-01  3.829656e-07
   outer loop
     vertex  3.005687e+01 -1.820992e+02  4.180000e+02
     vertex  3.007201e+01 -1.820988e+02  1.800000e+01
     vertex  3.001440e+01 -1.821000e+02  1.800000e+01
   endloop
 endfacet
 facet normal -1.340793e-02  9.999101e-01 -3.782539e-07
   outer loop
     vertex  3.005687e+01 -1.820992e+02  4.180000e+02
     vertex  3.001440e+01 -1.821000e+02  1.800000e+01
     vertex  3.000000e+01 -1.821000e+02  3.980000e+02
   endloop
 endfacet
 facet normal -1.354093e-02  9.999083e-01 -4.115478e-14
   outer loop
     vertex  3.005687e+01 -1.820992e+02  4.180000e+02
     vertex  3.000000e+01 -1.821000e+02  3.980000e+02
     vertex  3.000000e+01 -1.821000e+02  4.180000e+02
   endloop
 endfacet
 facet normal -4.799716e-02  9.988475e-01  3.947510e-07
   outer loop
     vertex  3.011369e+01 -1.820969e+02  4.180000e+02
     vertex  3.012956e+01 -1.820960e+02  1.800000e+01
     vertex  3.007201e+01 -1.820988e+02  1.800000e+01
   endloop
 endfacet
 facet normal -4.061287e-02  9.991750e-01 -3.762471e-07
   outer loop
     vertex  3.011369e+01 -1.820969e+02  4.180000e+02
     vertex  3.007201e+01 -1.820988e+02  1.800000e+01
     vertex  3.005687e+01 -1.820992e+02  4.180000e+02
   endloop
 endfacet
 facet normal -7.538152e-02  9.971548e-01  4.058755e-07
   outer loop
     vertex  3.017043e+01 -1.820931e+02  4.180000e+02
     vertex  3.018701e+01 -1.820917e+02  1.800000e+01
     vertex  3.012956e+01 -1.820960e+02  1.800000e+01
   endloop
 endfacet
 facet normal -6.765502e-02  9.977088e-01 -3.877021e-07
   outer loop
     vertex  3.017043e+01 -1.820931e+02  4.180000e+02
     vertex  3.012956e+01 -1.820960e+02  1.800000e+01
     vertex  3.011369e+01 -1.820969e+02  4.180000e+02
   endloop
 endfacet
 facet normal -1.027091e-01  9.947114e-01  4.163392e-07
   outer loop
     vertex  3.022705e+01 -1.820877e+02  4.180000e+02
     vertex  3.024433e+01 -1.820857e+02  1.800000e+01
     vertex  3.018701e+01 -1.820917e+02  1.800000e+01
   endloop
 endfacet
 facet normal -9.464755e-02  9.955108e-01 -3.984962e-07
   outer loop
     vertex  3.022705e+01 -1.820877e+02  4.180000e+02
     vertex  3.018701e+01 -1.820917e+02  1.800000e+01
     vertex  3.017043e+01 -1.820931e+02  4.180000e+02
   endloop
 endfacet
 facet normal -1.299594e-01  9.915193e-01  4.261420e-07
   outer loop
     vertex  3.028350e+01 -1.820808e+02  4.180000e+02
     vertex  3.030145e+01 -1.820783e+02  1.800000e+01
     vertex  3.024433e+01 -1.820857e+02  1.800000e+01
   endloop
 endfacet
 facet normal -1.215707e-01  9.925828e-01 -4.086294e-07
   outer loop
     vertex  3.028350e+01 -1.820808e+02  4.180000e+02
     vertex  3.024433e+01 -1.820857e+02  1.800000e+01
     vertex  3.022705e+01 -1.820877e+02  4.180000e+02
   endloop
 endfacet
 facet normal -1.571119e-01  9.875808e-01  4.352840e-07
   outer loop
     vertex  3.033974e+01 -1.820723e+02  4.180000e+02
     vertex  3.035835e+01 -1.820692e+02  1.800000e+01
     vertex  3.030145e+01 -1.820783e+02  1.800000e+01
   endloop
 endfacet
 facet normal -1.484046e-01  9.889267e-01 -4.181018e-07
   outer loop
     vertex  3.033974e+01 -1.820723e+02  4.180000e+02
     vertex  3.030145e+01 -1.820783e+02  1.800000e+01
     vertex  3.028350e+01 -1.820808e+02  4.180000e+02
   endloop
 endfacet
 facet normal -1.841461e-01  9.828989e-01  4.437651e-07
   outer loop
     vertex  3.039574e+01 -1.820624e+02  4.180000e+02
     vertex  3.041499e+01 -1.820586e+02  1.800000e+01
     vertex  3.035835e+01 -1.820692e+02  1.800000e+01
   endloop
 endfacet
 facet normal -1.751297e-01  9.845454e-01 -4.269134e-07
   outer loop
     vertex  3.039574e+01 -1.820624e+02  4.180000e+02
     vertex  3.035835e+01 -1.820692e+02  1.800000e+01
     vertex  3.033974e+01 -1.820723e+02  4.180000e+02
   endloop
 endfacet
 facet normal -2.110417e-01  9.774771e-01  4.515853e-07
   outer loop
     vertex  3.045144e+01 -1.820509e+02  4.180000e+02
     vertex  3.047131e+01 -1.820464e+02  1.800000e+01
     vertex  3.041499e+01 -1.820586e+02  1.800000e+01
   endloop
 endfacet
 facet normal -2.017264e-01  9.794419e-01 -4.350640e-07
   outer loop
     vertex  3.045144e+01 -1.820509e+02  4.180000e+02
     vertex  3.041499e+01 -1.820586e+02  1.800000e+01
     vertex  3.039574e+01 -1.820624e+02  4.180000e+02
   endloop
 endfacet
 facet normal -2.377784e-01  9.713194e-01  4.587447e-07
   outer loop
     vertex  3.050681e+01 -1.820379e+02  4.180000e+02
     vertex  3.052727e+01 -1.820327e+02  1.800000e+01
     vertex  3.047131e+01 -1.820464e+02  1.800000e+01
   endloop
 endfacet
 facet normal -2.281751e-01  9.736201e-01 -4.425539e-07
   outer loop
     vertex  3.050681e+01 -1.820379e+02  4.180000e+02
     vertex  3.047131e+01 -1.820464e+02  1.800000e+01
     vertex  3.045144e+01 -1.820509e+02  4.180000e+02
   endloop
 endfacet
 facet normal -2.643362e-01  9.644306e-01  4.652432e-07
   outer loop
     vertex  3.056181e+01 -1.820235e+02  4.180000e+02
     vertex  3.058284e+01 -1.820175e+02  1.800000e+01
     vertex  3.052727e+01 -1.820327e+02  1.800000e+01
   endloop
 endfacet
 facet normal -2.544564e-01  9.670842e-01 -4.493828e-07
   outer loop
     vertex  3.056181e+01 -1.820235e+02  4.180000e+02
     vertex  3.052727e+01 -1.820327e+02  1.800000e+01
     vertex  3.050681e+01 -1.820379e+02  4.180000e+02
   endloop
 endfacet
 facet normal -2.906949e-01  9.568158e-01  4.710809e-07
   outer loop
     vertex  3.061640e+01 -1.820075e+02  4.180000e+02
     vertex  3.063797e+01 -1.820007e+02  1.800000e+01
     vertex  3.058284e+01 -1.820175e+02  1.800000e+01
   endloop
 endfacet
 facet normal -2.805512e-01  9.598391e-01 -4.555509e-07
   outer loop
     vertex  3.061640e+01 -1.820075e+02  4.180000e+02
     vertex  3.058284e+01 -1.820175e+02  1.800000e+01
     vertex  3.056181e+01 -1.820235e+02  4.180000e+02
   endloop
 endfacet
 facet normal -3.168348e-01  9.484807e-01  4.762577e-07
   outer loop
     vertex  3.067053e+01 -1.819901e+02  4.180000e+02
     vertex  3.069261e+01 -1.819825e+02  1.800000e+01
     vertex  3.063797e+01 -1.820007e+02  1.800000e+01
   endloop
 endfacet
 facet normal -3.064401e-01  9.518899e-01 -4.610581e-07
   outer loop
     vertex  3.067053e+01 -1.819901e+02  4.180000e+02
     vertex  3.063797e+01 -1.820007e+02  1.800000e+01
     vertex  3.061640e+01 -1.820075e+02  4.180000e+02
   endloop
 endfacet
 facet normal -3.321044e-01  9.432426e-01 -4.659045e-07
   outer loop
     vertex  3.072418e+01 -1.819712e+02  4.180000e+02
     vertex  3.069261e+01 -1.819825e+02  1.800000e+01
     vertex  3.067053e+01 -1.819901e+02  4.180000e+02
   endloop
 endfacet
 facet normal -3.427362e-01  9.394317e-01  4.807736e-07
   outer loop
     vertex  3.072418e+01 -1.819712e+02  4.180000e+02
     vertex  3.074674e+01 -1.819627e+02  1.800000e+01
     vertex  3.069261e+01 -1.819825e+02  1.800000e+01
   endloop
 endfacet
 facet normal -3.575250e-01  9.339036e-01 -4.700900e-07
   outer loop
     vertex  3.077729e+01 -1.819509e+02  4.180000e+02
     vertex  3.074674e+01 -1.819627e+02  1.800000e+01
     vertex  3.072418e+01 -1.819712e+02  4.180000e+02
   endloop
 endfacet
 facet normal -3.683796e-01  9.296754e-01  4.846287e-07
   outer loop
     vertex  3.077729e+01 -1.819509e+02  4.180000e+02
     vertex  3.080031e+01 -1.819415e+02  1.800000e+01
     vertex  3.074674e+01 -1.819627e+02  1.800000e+01
   endloop
 endfacet
 facet normal -3.826834e-01  9.238795e-01 -4.736146e-07
   outer loop
     vertex  3.082983e+01 -1.819291e+02  4.180000e+02
     vertex  3.080031e+01 -1.819415e+02  1.800000e+01
     vertex  3.077729e+01 -1.819509e+02  4.180000e+02
   endloop
 endfacet
 facet normal -3.937458e-01  9.192194e-01  4.878229e-07
   outer loop
     vertex  3.082983e+01 -1.819291e+02  4.180000e+02
     vertex  3.085327e+01 -1.819188e+02  1.800000e+01
     vertex  3.080031e+01 -1.819415e+02  1.800000e+01
   endloop
 endfacet
 facet normal -4.075612e-01  9.131779e-01 -4.764784e-07
   outer loop
     vertex  3.088177e+01 -1.819059e+02  4.180000e+02
     vertex  3.085327e+01 -1.819188e+02  1.800000e+01
     vertex  3.082983e+01 -1.819291e+02  4.180000e+02
   endloop
 endfacet
 facet normal -4.188155e-01  9.080714e-01  4.903562e-07
   outer loop
     vertex  3.088177e+01 -1.819059e+02  4.180000e+02
     vertex  3.090559e+01 -1.818947e+02  1.800000e+01
     vertex  3.085327e+01 -1.819188e+02  1.800000e+01
   endloop
 endfacet
 facet normal -4.435699e-01  8.962398e-01  4.922286e-07
   outer loop
     vertex  3.093305e+01 -1.818813e+02  4.180000e+02
     vertex  3.095723e+01 -1.818691e+02  1.800000e+01
     vertex  3.090559e+01 -1.818947e+02  1.800000e+01
   endloop
 endfacet
 facet normal -4.321400e-01  9.018065e-01 -4.786812e-07
   outer loop
     vertex  3.093305e+01 -1.818813e+02  4.180000e+02
     vertex  3.090559e+01 -1.818947e+02  1.800000e+01
     vertex  3.088177e+01 -1.819059e+02  4.180000e+02
   endloop
 endfacet
 facet normal -4.564019e-01  8.897737e-01 -4.802233e-07
   outer loop
     vertex  3.098366e+01 -1.818554e+02  4.180000e+02
     vertex  3.095723e+01 -1.818691e+02  1.800000e+01
     vertex  3.093305e+01 -1.818813e+02  4.180000e+02
   endloop
 endfacet
 facet normal -4.679904e-01  8.837335e-01  4.934402e-07
   outer loop
     vertex  3.098366e+01 -1.818554e+02  4.180000e+02
     vertex  3.100815e+01 -1.818422e+02  1.800000e+01
     vertex  3.095723e+01 -1.818691e+02  1.800000e+01
   endloop
 endfacet
 facet normal -4.920587e-01  8.705620e-01  4.939910e-07
   outer loop
     vertex  3.103354e+01 -1.818281e+02  4.180000e+02
     vertex  3.105831e+01 -1.818138e+02  1.800000e+01
     vertex  3.100815e+01 -1.818422e+02  1.800000e+01
   endloop
 endfacet
 facet normal -4.803291e-01  8.770884e-01 -4.811044e-07
   outer loop
     vertex  3.103354e+01 -1.818281e+02  4.180000e+02
     vertex  3.100815e+01 -1.818422e+02  1.800000e+01
     vertex  3.098366e+01 -1.818554e+02  4.180000e+02
   endloop
 endfacet
 facet normal -5.157565e-01  8.567352e-01  4.938808e-07
   outer loop
     vertex  3.108266e+01 -1.817994e+02  4.180000e+02
     vertex  3.110767e+01 -1.817841e+02  1.800000e+01
     vertex  3.105831e+01 -1.818138e+02  1.800000e+01
   endloop
 endfacet
 facet normal -5.039039e-01  8.637597e-01 -4.813247e-07
   outer loop
     vertex  3.108266e+01 -1.817994e+02  4.180000e+02
     vertex  3.105831e+01 -1.818138e+02  1.800000e+01
     vertex  3.103354e+01 -1.818281e+02  4.180000e+02
   endloop
 endfacet
 facet normal -5.390661e-01  8.422635e-01  4.931098e-07
   outer loop
     vertex  3.113099e+01 -1.817694e+02  4.180000e+02
     vertex  3.115620e+01 -1.817531e+02  1.800000e+01
     vertex  3.110767e+01 -1.817841e+02  1.800000e+01
   endloop
 endfacet
 facet normal -5.271092e-01  8.497975e-01 -4.808841e-07
   outer loop
     vertex  3.113099e+01 -1.817694e+02  4.180000e+02
     vertex  3.110767e+01 -1.817841e+02  1.800000e+01
     vertex  3.108266e+01 -1.817994e+02  4.180000e+02
   endloop
 endfacet
 facet normal -5.619699e-01  8.271577e-01  4.916779e-07
   outer loop
     vertex  3.117849e+01 -1.817381e+02  4.180000e+02
     vertex  3.120385e+01 -1.817207e+02  1.800000e+01
     vertex  3.115620e+01 -1.817531e+02  1.800000e+01
   endloop
 endfacet
 facet normal -5.499279e-01  8.352121e-01 -4.797827e-07
   outer loop
     vertex  3.117849e+01 -1.817381e+02  4.180000e+02
     vertex  3.115620e+01 -1.817531e+02  1.800000e+01
     vertex  3.113099e+01 -1.817694e+02  4.180000e+02
   endloop
 endfacet
 facet normal -5.844507e-01  8.114292e-01  4.895852e-07
   outer loop
     vertex  3.122513e+01 -1.817056e+02  4.180000e+02
     vertex  3.125061e+01 -1.816870e+02  1.800000e+01
     vertex  3.120385e+01 -1.817207e+02  1.800000e+01
   endloop
 endfacet
 facet normal -5.723433e-01  8.200141e-01 -4.780204e-07
   outer loop
     vertex  3.122513e+01 -1.817056e+02  4.180000e+02
     vertex  3.120385e+01 -1.817207e+02  1.800000e+01
     vertex  3.117849e+01 -1.817381e+02  4.180000e+02
   endloop
 endfacet
 facet normal -6.064915e-01  7.950900e-01  4.868316e-07
   outer loop
     vertex  3.127087e+01 -1.816718e+02  4.180000e+02
     vertex  3.129642e+01 -1.816521e+02  1.800000e+01
     vertex  3.125061e+01 -1.816870e+02  1.800000e+01
   endloop
 endfacet
 facet normal -5.943389e-01  8.042147e-01 -4.755972e-07
   outer loop
     vertex  3.127087e+01 -1.816718e+02  4.180000e+02
     vertex  3.125061e+01 -1.816870e+02  1.800000e+01
     vertex  3.122513e+01 -1.817056e+02  4.180000e+02
   endloop
 endfacet
 facet normal -6.280757e-01  7.781522e-01  4.834171e-07
   outer loop
     vertex  3.131567e+01 -1.816368e+02  4.180000e+02
     vertex  3.134125e+01 -1.816159e+02  1.800000e+01
     vertex  3.129642e+01 -1.816521e+02  1.800000e+01
   endloop
 endfacet
 facet normal -6.158986e-01  7.878255e-01 -4.725131e-07
   outer loop
     vertex  3.131567e+01 -1.816368e+02  4.180000e+02
     vertex  3.129642e+01 -1.816521e+02  1.800000e+01
     vertex  3.127087e+01 -1.816718e+02  4.180000e+02
   endloop
 endfacet
 facet normal -6.491872e-01  7.606287e-01  4.793417e-07
   outer loop
     vertex  3.135951e+01 -1.816005e+02  4.180000e+02
     vertex  3.138508e+01 -1.815785e+02  1.800000e+01
     vertex  3.134125e+01 -1.816159e+02  1.800000e+01
   endloop
 endfacet
 facet normal -6.370065e-01  7.708584e-01 -4.687682e-07
   outer loop
     vertex  3.135951e+01 -1.816005e+02  4.180000e+02
     vertex  3.134125e+01 -1.816159e+02  1.800000e+01
     vertex  3.131567e+01 -1.816368e+02  4.180000e+02
   endloop
 endfacet
 facet normal -6.698100e-01  7.425325e-01  4.746055e-07
   outer loop
     vertex  3.140235e+01 -1.815631e+02  4.180000e+02
     vertex  3.142786e+01 -1.815399e+02  1.800000e+01
     vertex  3.138508e+01 -1.815785e+02  1.800000e+01
   endloop
 endfacet
 facet normal -6.576473e-01  7.533260e-01 -4.643625e-07
   outer loop
     vertex  3.140235e+01 -1.815631e+02  4.180000e+02
     vertex  3.138508e+01 -1.815785e+02  1.800000e+01
     vertex  3.135951e+01 -1.816005e+02  4.180000e+02
   endloop
 endfacet
 facet normal -6.899286e-01  7.238775e-01  4.692084e-07
   outer loop
     vertex  3.144417e+01 -1.815246e+02  4.180000e+02
     vertex  3.146957e+01 -1.815001e+02  1.800000e+01
     vertex  3.142786e+01 -1.815399e+02  1.800000e+01
   endloop
 endfacet
 facet normal -6.778058e-01  7.352410e-01 -4.592958e-07
   outer loop
     vertex  3.144417e+01 -1.815246e+02  4.180000e+02
     vertex  3.142786e+01 -1.815399e+02  1.800000e+01
     vertex  3.140235e+01 -1.815631e+02  4.180000e+02
   endloop
 endfacet
 facet normal -7.095278e-01  7.046775e-01  4.631505e-07
   outer loop
     vertex  3.148492e+01 -1.814849e+02  4.180000e+02
     vertex  3.151017e+01 -1.814592e+02  1.800000e+01
     vertex  3.146957e+01 -1.815001e+02  1.800000e+01
   endloop
 endfacet
 facet normal -6.974671e-01  7.166168e-01 -4.535683e-07
   outer loop
     vertex  3.148492e+01 -1.814849e+02  4.180000e+02
     vertex  3.146957e+01 -1.815001e+02  1.800000e+01
     vertex  3.144417e+01 -1.815246e+02  4.180000e+02
   endloop
 endfacet
 facet normal -7.285929e-01  6.849470e-01  4.564317e-07
   outer loop
     vertex  3.152459e+01 -1.814442e+02  4.180000e+02
     vertex  3.154963e+01 -1.814173e+02  1.800000e+01
     vertex  3.151017e+01 -1.814592e+02  1.800000e+01
   endloop
 endfacet
 facet normal -7.166168e-01  6.974671e-01 -4.471799e-07
   outer loop
     vertex  3.152459e+01 -1.814442e+02  4.180000e+02
     vertex  3.151017e+01 -1.814592e+02  1.800000e+01
     vertex  3.148492e+01 -1.814849e+02  4.180000e+02
   endloop
 endfacet
 facet normal -7.471095e-01  6.647010e-01  4.490520e-07
   outer loop
     vertex  3.156314e+01 -1.814024e+02  4.180000e+02
     vertex  3.158793e+01 -1.813742e+02  1.800000e+01
     vertex  3.154963e+01 -1.814173e+02  1.800000e+01
   endloop
 endfacet
 facet normal -7.352410e-01  6.778058e-01 -4.401307e-07
   outer loop
     vertex  3.156314e+01 -1.814024e+02  4.180000e+02
     vertex  3.154963e+01 -1.814173e+02  1.800000e+01
     vertex  3.152459e+01 -1.814442e+02  4.180000e+02
   endloop
 endfacet
 facet normal -7.650637e-01  6.439545e-01  4.410115e-07
   outer loop
     vertex  3.160054e+01 -1.813595e+02  4.180000e+02
     vertex  3.162503e+01 -1.813301e+02  1.800000e+01
     vertex  3.158793e+01 -1.813742e+02  1.800000e+01
   endloop
 endfacet
 facet normal -7.533260e-01  6.576473e-01 -4.324206e-07
   outer loop
     vertex  3.160054e+01 -1.813595e+02  4.180000e+02
     vertex  3.158793e+01 -1.813742e+02  1.800000e+01
     vertex  3.156314e+01 -1.814024e+02  4.180000e+02
   endloop
 endfacet
 facet normal -7.824421e-01  6.227234e-01  4.323101e-07
   outer loop
     vertex  3.163677e+01 -1.813157e+02  4.180000e+02
     vertex  3.166091e+01 -1.812851e+02  1.800000e+01
     vertex  3.162503e+01 -1.813301e+02  1.800000e+01
   endloop
 endfacet
 facet normal -7.708584e-01  6.370065e-01 -4.240496e-07
   outer loop
     vertex  3.163677e+01 -1.813157e+02  4.180000e+02
     vertex  3.162503e+01 -1.813301e+02  1.800000e+01
     vertex  3.160054e+01 -1.813595e+02  4.180000e+02
   endloop
 endfacet
 facet normal -7.992314e-01  6.010234e-01  4.229478e-07
   outer loop
     vertex  3.167180e+01 -1.812709e+02  4.180000e+02
     vertex  3.169554e+01 -1.812390e+02  1.800000e+01
     vertex  3.166091e+01 -1.812851e+02  1.800000e+01
   endloop
 endfacet
 facet normal -7.878255e-01  6.158986e-01 -4.150178e-07
   outer loop
     vertex  3.167180e+01 -1.812709e+02  4.180000e+02
     vertex  3.166091e+01 -1.812851e+02  1.800000e+01
     vertex  3.163677e+01 -1.813157e+02  4.180000e+02
   endloop
 endfacet
 facet normal -8.154191e-01  5.788711e-01  4.129247e-07
   outer loop
     vertex  3.170560e+01 -1.812251e+02  4.180000e+02
     vertex  3.172890e+01 -1.811920e+02  1.800000e+01
     vertex  3.169554e+01 -1.812390e+02  1.800000e+01
   endloop
 endfacet
 facet normal -8.042147e-01  5.943389e-01 -4.053251e-07
   outer loop
     vertex  3.170560e+01 -1.812251e+02  4.180000e+02
     vertex  3.169554e+01 -1.812390e+02  1.800000e+01
     vertex  3.167180e+01 -1.812709e+02  4.180000e+02
   endloop
 endfacet
 facet normal -8.309929e-01  5.562829e-01  4.022407e-07
   outer loop
     vertex  3.173815e+01 -1.811785e+02  4.180000e+02
     vertex  3.176095e+01 -1.811441e+02  1.800000e+01
     vertex  3.172890e+01 -1.811920e+02  1.800000e+01
   endloop
 endfacet
 facet normal -8.200141e-01  5.723433e-01 -3.949716e-07
   outer loop
     vertex  3.173815e+01 -1.811785e+02  4.180000e+02
     vertex  3.172890e+01 -1.811920e+02  1.800000e+01
     vertex  3.170560e+01 -1.812251e+02  4.180000e+02
   endloop
 endfacet
 facet normal -8.459413e-01  5.332761e-01  3.908959e-07
   outer loop
     vertex  3.176942e+01 -1.811310e+02  4.180000e+02
     vertex  3.179167e+01 -1.810954e+02  1.800000e+01
     vertex  3.176095e+01 -1.811441e+02  1.800000e+01
   endloop
 endfacet
 facet normal -8.352121e-01  5.499279e-01 -3.839572e-07
   outer loop
     vertex  3.176942e+01 -1.811310e+02  4.180000e+02
     vertex  3.176095e+01 -1.811441e+02  1.800000e+01
     vertex  3.173815e+01 -1.811785e+02  4.180000e+02
   endloop
 endfacet
 facet normal -8.497975e-01  5.271092e-01 -3.722819e-07
   outer loop
     vertex  3.179940e+01 -1.810827e+02  4.180000e+02
     vertex  3.179167e+01 -1.810954e+02  1.800000e+01
     vertex  3.176942e+01 -1.811310e+02  4.180000e+02
   endloop
 endfacet
 facet normal -8.602528e-01  5.098678e-01  3.788902e-07
   outer loop
     vertex  3.179940e+01 -1.810827e+02  4.180000e+02
     vertex  3.182105e+01 -1.810458e+02  1.800000e+01
     vertex  3.179167e+01 -1.810954e+02  1.800000e+01
   endloop
 endfacet
 facet normal -8.637597e-01  5.039039e-01 -3.599458e-07
   outer loop
     vertex  3.182806e+01 -1.810335e+02  4.180000e+02
     vertex  3.182105e+01 -1.810458e+02  1.800000e+01
     vertex  3.179940e+01 -1.810827e+02  4.180000e+02
   endloop
 endfacet
 facet normal -8.739167e-01  4.860756e-01  3.662237e-07
   outer loop
     vertex  3.182806e+01 -1.810335e+02  4.180000e+02
     vertex  3.184906e+01 -1.809955e+02  1.800000e+01
     vertex  3.182105e+01 -1.810458e+02  1.800000e+01
   endloop
 endfacet
 facet normal -8.770884e-01  4.803291e-01 -3.469488e-07
   outer loop
     vertex  3.185538e+01 -1.809837e+02  4.180000e+02
     vertex  3.184906e+01 -1.809955e+02  1.800000e+01
     vertex  3.182806e+01 -1.810335e+02  4.180000e+02
   endloop
 endfacet
 facet normal -8.869228e-01  4.619176e-01  3.528963e-07
   outer loop
     vertex  3.185538e+01 -1.809837e+02  4.180000e+02
     vertex  3.187567e+01 -1.809444e+02  1.800000e+01
     vertex  3.184906e+01 -1.809955e+02  1.800000e+01
   endloop
 endfacet
 facet normal -8.897737e-01  4.564019e-01 -3.332910e-07
   outer loop
     vertex  3.188133e+01 -1.809331e+02  4.180000e+02
     vertex  3.187567e+01 -1.809444e+02  1.800000e+01
     vertex  3.185538e+01 -1.809837e+02  4.180000e+02
   endloop
 endfacet
 facet normal -8.992613e-01  4.374119e-01  3.389081e-07
   outer loop
     vertex  3.188133e+01 -1.809331e+02  4.180000e+02
     vertex  3.190087e+01 -1.808926e+02  1.800000e+01
     vertex  3.187567e+01 -1.809444e+02  1.800000e+01
   endloop
 endfacet
 facet normal -9.018065e-01  4.321400e-01 -3.189724e-07
   outer loop
     vertex  3.190591e+01 -1.808818e+02  4.180000e+02
     vertex  3.190087e+01 -1.808926e+02  1.800000e+01
     vertex  3.188133e+01 -1.809331e+02  4.180000e+02
   endloop
 endfacet
 facet normal -9.109228e-01  4.125769e-01  3.242590e-07
   outer loop
     vertex  3.190591e+01 -1.808818e+02  4.180000e+02
     vertex  3.192464e+01 -1.808401e+02  1.800000e+01
     vertex  3.190087e+01 -1.808926e+02  1.800000e+01
   endloop
 endfacet
 facet normal -9.131779e-01  4.075612e-01 -3.039928e-07
   outer loop
     vertex  3.192909e+01 -1.808298e+02  4.180000e+02
     vertex  3.192464e+01 -1.808401e+02  1.800000e+01
     vertex  3.190591e+01 -1.808818e+02  4.180000e+02
   endloop
 endfacet
 facet normal -9.218986e-01  3.874313e-01  3.089491e-07
   outer loop
     vertex  3.192909e+01 -1.808298e+02  4.180000e+02
     vertex  3.194697e+01 -1.807870e+02  1.800000e+01
     vertex  3.192464e+01 -1.808401e+02  1.800000e+01
   endloop
 endfacet
 facet normal -9.238795e-01  3.826834e-01 -2.883525e-07
   outer loop
     vertex  3.195085e+01 -1.807773e+02  4.180000e+02
     vertex  3.194697e+01 -1.807870e+02  1.800000e+01
     vertex  3.192909e+01 -1.808298e+02  4.180000e+02
   endloop
 endfacet
 facet normal -9.321804e-01  3.619940e-01  2.929783e-07
   outer loop
     vertex  3.195085e+01 -1.807773e+02  4.180000e+02
     vertex  3.196782e+01 -1.807333e+02  1.800000e+01
     vertex  3.194697e+01 -1.807870e+02  1.800000e+01
   endloop
 endfacet
 facet normal -9.339036e-01  3.575250e-01 -2.720513e-07
   outer loop
     vertex  3.197118e+01 -1.807242e+02  4.180000e+02
     vertex  3.196782e+01 -1.807333e+02  1.800000e+01
     vertex  3.195085e+01 -1.807773e+02  4.180000e+02
   endloop
 endfacet
 facet normal -9.417605e-01  3.362843e-01  2.763467e-07
   outer loop
     vertex  3.197118e+01 -1.807242e+02  4.180000e+02
     vertex  3.198720e+01 -1.806790e+02  1.800000e+01
     vertex  3.196782e+01 -1.807333e+02  1.800000e+01
   endloop
 endfacet
 facet normal -9.432426e-01  3.321044e-01 -2.550893e-07
   outer loop
     vertex  3.199007e+01 -1.806705e+02  4.180000e+02
     vertex  3.198720e+01 -1.806790e+02  1.800000e+01
     vertex  3.197118e+01 -1.807242e+02  4.180000e+02
   endloop
 endfacet
 facet normal -9.506317e-01  3.103214e-01  2.590542e-07
   outer loop
     vertex  3.199007e+01 -1.806705e+02  4.180000e+02
     vertex  3.200508e+01 -1.806242e+02  1.800000e+01
     vertex  3.198720e+01 -1.806790e+02  1.800000e+01
   endloop
 endfacet
 facet normal -9.518899e-01  3.064401e-01 -2.374664e-07
   outer loop
     vertex  3.200750e+01 -1.806164e+02  4.180000e+02
     vertex  3.200508e+01 -1.806242e+02  1.800000e+01
     vertex  3.199007e+01 -1.806705e+02  4.180000e+02
   endloop
 endfacet
 facet normal -9.587873e-01  2.841250e-01  2.411009e-07
   outer loop
     vertex  3.200750e+01 -1.806164e+02  4.180000e+02
     vertex  3.202145e+01 -1.805690e+02  1.800000e+01
     vertex  3.200508e+01 -1.806242e+02  1.800000e+01
   endloop
 endfacet
 facet normal -9.598391e-01  2.805512e-01 -2.191827e-07
   outer loop
     vertex  3.202345e+01 -1.805618e+02  4.180000e+02
     vertex  3.202145e+01 -1.805690e+02  1.800000e+01
     vertex  3.200750e+01 -1.806164e+02  4.180000e+02
   endloop
 endfacet
 facet normal -9.662211e-01  2.577146e-01  2.224868e-07
   outer loop
     vertex  3.202345e+01 -1.805618e+02  4.180000e+02
     vertex  3.203630e+01 -1.805133e+02  1.800000e+01
     vertex  3.202145e+01 -1.805690e+02  1.800000e+01
   endloop
 endfacet
 facet normal -9.670842e-01  2.544564e-01 -2.002381e-07
   outer loop
     vertex  3.203793e+01 -1.805068e+02  4.180000e+02
     vertex  3.203630e+01 -1.805133e+02  1.800000e+01
     vertex  3.202345e+01 -1.805618e+02  4.180000e+02
   endloop
 endfacet
 facet normal -9.729276e-01  2.311102e-01  2.032118e-07
   outer loop
     vertex  3.203793e+01 -1.805068e+02  4.180000e+02
     vertex  3.204961e+01 -1.804573e+02  1.800000e+01
     vertex  3.203630e+01 -1.805133e+02  1.800000e+01
   endloop
 endfacet
 facet normal -9.736201e-01  2.281751e-01 -1.806327e-07
   outer loop
     vertex  3.205090e+01 -1.804514e+02  4.180000e+02
     vertex  3.204961e+01 -1.804573e+02  1.800000e+01
     vertex  3.203793e+01 -1.805068e+02  4.180000e+02
   endloop
 endfacet
 facet normal -9.789017e-01  2.043319e-01  1.832760e-07
   outer loop
     vertex  3.205090e+01 -1.804514e+02  4.180000e+02
     vertex  3.206139e+01 -1.804009e+02  1.800000e+01
     vertex  3.204961e+01 -1.804573e+02  1.800000e+01
   endloop
 endfacet
 facet normal -9.841389e-01  1.773998e-01  1.626794e-07
   outer loop
     vertex  3.206238e+01 -1.803957e+02  4.180000e+02
     vertex  3.207161e+01 -1.803442e+02  1.800000e+01
     vertex  3.206139e+01 -1.804009e+02  1.800000e+01
   endloop
 endfacet
 facet normal -9.794419e-01  2.017264e-01 -1.603665e-07
   outer loop
     vertex  3.206238e+01 -1.803957e+02  4.180000e+02
     vertex  3.206139e+01 -1.804009e+02  1.800000e+01
     vertex  3.205090e+01 -1.804514e+02  4.180000e+02
   endloop
 endfacet
 facet normal -9.886353e-01  1.503341e-01  1.414219e-07
   outer loop
     vertex  3.207234e+01 -1.803397e+02  4.180000e+02
     vertex  3.208027e+01 -1.802872e+02  1.800000e+01
     vertex  3.207161e+01 -1.803442e+02  1.800000e+01
   endloop
 endfacet
 facet normal -9.845454e-01  1.751297e-01 -1.394395e-07
   outer loop
     vertex  3.207234e+01 -1.803397e+02  4.180000e+02
     vertex  3.207161e+01 -1.803442e+02  1.800000e+01
     vertex  3.206238e+01 -1.803957e+02  4.180000e+02
   endloop
 endfacet
 facet normal -9.923874e-01  1.231552e-01  1.195036e-07
   outer loop
     vertex  3.208078e+01 -1.802835e+02  4.180000e+02
     vertex  3.208737e+01 -1.802300e+02  1.800000e+01
     vertex  3.208027e+01 -1.802872e+02  1.800000e+01
   endloop
 endfacet
 facet normal -9.889267e-01  1.484046e-01 -1.178516e-07
   outer loop
     vertex  3.208078e+01 -1.802835e+02  4.180000e+02
     vertex  3.208027e+01 -1.802872e+02  1.800000e+01
     vertex  3.207234e+01 -1.803397e+02  4.180000e+02
   endloop
 endfacet
 facet normal -9.953925e-01  9.588368e-02  9.692454e-08
   outer loop
     vertex  3.208769e+01 -1.802270e+02  4.180000e+02
     vertex  3.209289e+01 -1.801727e+02  1.800000e+01
     vertex  3.208737e+01 -1.802300e+02  1.800000e+01
   endloop
 endfacet
 facet normal -9.925828e-01  1.215707e-01 -9.560292e-08
   outer loop
     vertex  3.208769e+01 -1.802270e+02  4.180000e+02
     vertex  3.208737e+01 -1.802300e+02  1.800000e+01
     vertex  3.208078e+01 -1.802835e+02  4.180000e+02
   endloop
 endfacet
 facet normal -9.976484e-01  6.853995e-02  7.368462e-08
   outer loop
     vertex  3.209307e+01 -1.801704e+02  4.180000e+02
     vertex  3.209684e+01 -1.801152e+02  1.800000e+01
     vertex  3.209289e+01 -1.801727e+02  1.800000e+01
   endloop
 endfacet
 facet normal -9.955108e-01  9.464755e-02 -7.269341e-08
   outer loop
     vertex  3.209307e+01 -1.801704e+02  4.180000e+02
     vertex  3.209289e+01 -1.801727e+02  1.800000e+01
     vertex  3.208769e+01 -1.802270e+02  4.180000e+02
   endloop
 endfacet
 facet normal -9.991532e-01  4.114462e-02  4.978389e-08
   outer loop
     vertex  3.209692e+01 -1.801137e+02  4.180000e+02
     vertex  3.209921e+01 -1.800576e+02  1.800000e+01
     vertex  3.209684e+01 -1.801152e+02  1.800000e+01
   endloop
 endfacet
 facet normal -9.977088e-01  6.765502e-02 -4.912308e-08
   outer loop
     vertex  3.209692e+01 -1.801137e+02  4.180000e+02
     vertex  3.209684e+01 -1.801152e+02  1.800000e+01
     vertex  3.209307e+01 -1.801704e+02  4.180000e+02
   endloop
 endfacet
 facet normal -9.999059e-01  1.371831e-02  2.522235e-08
   outer loop
     vertex  3.209923e+01 -1.800569e+02  4.180000e+02
     vertex  3.210000e+01 -1.800000e+02  1.800000e+01
     vertex  3.209921e+01 -1.800576e+02  1.800000e+01
   endloop
 endfacet
 facet normal -9.991750e-01  4.061287e-02 -2.489195e-08
   outer loop
     vertex  3.209923e+01 -1.800569e+02  4.180000e+02
     vertex  3.209921e+01 -1.800576e+02  1.800000e+01
     vertex  3.209692e+01 -1.801137e+02  4.180000e+02
   endloop
 endfacet
 facet normal -9.999083e-01  1.354093e-02  0.000000e+00
   outer loop
     vertex  3.210000e+01 -1.800000e+02  4.180000e+02
     vertex  3.210000e+01 -1.800000e+02  1.800000e+01
     vertex  3.209923e+01 -1.800569e+02  4.180000e+02
   endloop
 endfacet
 facet normal  0.000000e+00  1.000000e+00  0.000000e+00
   outer loop
     vertex  3.000000e+01 -1.756000e+02  3.980000e+02
     vertex  3.300000e+01 -1.756000e+02  1.800000e+01
     vertex  2.700000e+01 -1.756000e+02  1.800000e+01
   endloop
 endfacet
 facet normal  0.000000e+00  1.000000e+00  0.000000e+00
   outer loop
     vertex  3.000000e+01 -1.756000e+02  3.980000e+02
     vertex  2.700000e+01 -1.756000e+02  1.800000e+01
     vertex  2.700000e+01 -1.756000e+02  3.980000e+02
   endloop
 endfacet
 facet normal  0.000000e+00  1.000000e+00  0.000000e+00
   outer loop
     vertex  3.300000e+01 -1.756000e+02  4.180000e+02
     vertex  3.000000e+01 -1.756000e+02  3.980000e+02
     vertex  3.000000e+01 -1.756000e+02  4.180000e+02
   endloop
 endfacet
 facet normal  0.000000e+00  1.000000e+00  0.000000e+00
   outer loop
     vertex  3.300000e+01 -1.756000e+02  4.180000e+02
     vertex  3.300000e+01 -1.756000e+02  1.800000e+01
     vertex  3.000000e+01 -1.756000e+02  3.980000e+02
   endloop
 endfacet
 facet normal -1.000000e+00  0.000000e+00  0.000000e+00
   outer loop
     vertex  3.300000e+01 -1.756000e+02  4.180000e+02
     vertex  3.300000e+01 -1.700000e+02  1.800000e+01
     vertex  3.300000e+01 -1.756000e+02  1.800000e+01
   endloop
 endfacet
 facet normal -1.000000e+00  0.000000e+00  0.000000e+00
   outer loop
     vertex  3.300000e+01 -1.756000e+02  4.180000e+02
     vertex  3.300000e+01 -1.700000e+02  4.180000e+02
     vertex  3.300000e+01 -1.700000e+02  1.800000e+01
   endloop
 endfacet
 facet normal  0.000000e+00  1.000000e+00  0.000000e+00
   outer loop
     vertex  4.000000e+01 -1.700000e+02  4.180000e+02
     vertex  4.000000e+01 -1.700000e+02  1.800000e+01
     vertex  3.300000e+01 -1.700000e+02  1.800000e+01
   endloop
 endfacet
 facet normal  0.000000e+00  1.000000e+00  0.000000e+00
   outer loop
     vertex  4.000000e+01 -1.700000e+02  4.180000e+02
     vertex  3.300000e+01 -1.700000e+02  1.800000e+01
     vertex  3.300000e+01 -1.700000e+02  4.180000e+02
   endloop
 endfacet
 facet normal  1.000000e+00  0.000000e+00  0.000000e+00
   outer loop
     vertex  4.000000e+01 -1.770000e+02  4.180000e+02
     vertex  4.000000e+01 -1.770000e+02  1.800000e+01
     vertex  4.000000e+01 -1.700000e+02  1.800000e+01
   endloop
 endfacet
 facet normal  1.000000e+00 -0.000000e+00  0.000000e+00
   outer loop
     vertex  4.000000e+01 -1.770000e+02  4.180000e+02
     vertex  4.000000e+01 -1.700000e+02  1.800000e+01
     vertex  4.000000e+01 -1.700000e+02  4.180000e+02
   endloop
 endfacet
 facet normal  1.000000e+00  0.000000e+00 -3.907985e-15
   outer loop
     vertex  3.000000e+01 -1.821000e+02  4.180000e+02
     vertex  3.000000e+01 -1.821000e+02  3.980000e+02
     vertex  3.000000e+01 -1.779000e+02  3.980000e+02
   endloop
 endfacet
 facet normal  1.000000e+00  0.000000e+00 -3.907985e-15
   outer loop
     vertex  3.000000e+01 -1.821000e+02  4.180000e+02
     vertex  3.000000e+01 -1.779000e+02  3.980000e+02
     vertex  3.000000e+01 -1.779000e+02  4.180000e+02
   endloop
 endfacet
 facet normal  1.000000e+00  0.000000e+00  0.000000e+00
   outer loop
     vertex  3.000000e+01 -1.900000e+02  4.180000e+02
     vertex  3.000000e+01 -1.900000e+02  3.980000e+02
     vertex  3.000000e+01 -1.844000e+02  3.980000e+02
   endloop
 endfacet
 facet normal  1.000000e+00 -0.000000e+00  0.000000e+00
   outer loop
     vertex  3.000000e+01 -1.900000e+02  4.180000e+02
     vertex  3.000000e+01 -1.844000e+02  3.980000e+02
     vertex  3.000000e+01 -1.844000e+02  4.180000e+02
   endloop
 endfacet
 facet normal  0.000000e+00 -1.000000e+00 -0.000000e+00
   outer loop
     vertex  3.000000e+01 -1.900000e+02  4.180000e+02
     vertex  2.700000e+01 -1.900000e+02  3.980000e+02
     vertex  3.000000e+01 -1.900000e+02  3.980000e+02
   endloop
 endfacet
 facet normal -0.000000e+00 -1.000000e+00  0.000000e+00
   outer loop
     vertex  3.000000e+01 -1.900000e+02  4.180000e+02
     vertex  2.700000e+01 -1.900000e+02  4.180000e+02
     vertex  2.700000e+01 -1.900000e+02  3.980000e+02
   endloop
 endfacet
 facet normal  0.000000e+00 -1.000000e+00 -0.000000e+00
   outer loop
     vertex  2.700000e+01 -1.900000e+02  3.980000e+02
     vertex  2.000000e+01 -1.900000e+02  1.800000e+01
     vertex  2.700000e+01 -1.900000e+02  1.800000e+01
   endloop
 endfacet
 facet normal -0.000000e+00 -1.000000e+00  0.000000e+00
   outer loop
     vertex  2.700000e+01 -1.900000e+02  3.980000e+02
     vertex  2.000000e+01 -1.900000e+02  3.980000e+02
     vertex  2.000000e+01 -1.900000e+02  1.800000e+01
   endloop
 endfacet
 facet normal  0.000000e+00 -1.000000e+00 -0.000000e+00
   outer loop
     vertex  2.000000e+01 -1.900000e+02  4.180000e+02
     vertex -2.000000e+01 -1.900000e+02  3.980000e+02
     vertex  2.000000e+01 -1.900000e+02  3.980000e+02
   endloop
 endfacet
 facet normal -0.000000e+00 -1.000000e+00  0.000000e+00
   outer loop
     vertex  2.000000e+01 -1.900000e+02  4.180000e+02
     vertex -2.000000e+01 -1.900000e+02  4.180000e+02
     vertex -2.000000e+01 -1.900000e+02  3.980000e+02
   endloop
 endfacet
 facet normal  0.000000e+00  0.000000e+00  1.000000e+00
   outer loop
     vertex -2.994313e+01 -1.820992e+02  4.180000e+02
     vertex -3.000000e+01 -1.821000e+02  4.180000e+02
     vertex -3.000000e+01 -1.844000e+02  4.180000e+02
   endloop
 endfacet
 facet normal  0.000000e+00  0.000000e+00  1.000000e+00
   outer loop
     vertex -2.988631e+01 -1.820969e+02  4.180000e+02
     vertex -2.994313e+01 -1.820992e+02  4.180000e+02
     vertex -3.000000e+01 -1.844000e+02  4.180000e+02
   endloop
 endfacet
 facet normal  0.000000e+00  0.000000e+00  1.000000e+00
   outer loop
     vertex -2.982957e+01 -1.820931e+02  4.180000e+02
     vertex -2.988631e+01 -1.820969e+02  4.180000e+02
     vertex -3.000000e+01 -1.844000e+02  4.180000e+02
   endloop
 endfacet
 facet normal  0.000000e+00  0.000000e+00  1.000000e+00
   outer loop
     vertex -2.977295e+01 -1.820877e+02  4.180000e+02
     vertex -2.982957e+01 -1.820931e+02  4.180000e+02
     vertex -3.000000e+01 -1.844000e+02  4.180000e+02
   endloop
 endfacet
 facet normal  0.000000e+00  0.000000e+00  1.000000e+00
   outer loop
     vertex -2.971650e+01 -1.820808e+02  4.180000e+02
     vertex -2.977295e+01 -1.820877e+02  4.180000e+02
     vertex -3.000000e+01 -1.844000e+02  4.180000e+02
   endloop
 endfacet
 facet normal  0.000000e+00  0.000000e+00  1.000000e+00
   outer loop
     vertex -2.966026e+01 -1.820723e+02  4.180000e+02
     vertex -2.971650e+01 -1.820808e+02  4.180000e+02
     vertex -3.000000e+01 -1.844000e+02  4.180000e+02
   endloop
 endfacet
 facet normal  0.000000e+00  0.000000e+00  1.000000e+00
   outer loop
     vertex -2.960426e+01 -1.820624e+02  4.180000e+02
     vertex -2.966026e+01 -1.820723e+02  4.180000e+02
     vertex -3.000000e+01 -1.844000e+02  4.180000e+02
   endloop
 endfacet
 facet normal  0.000000e+00  0.000000e+00  1.000000e+00
   outer loop
     vertex -2.954856e+01 -1.820509e+02  4.180000e+02
     vertex -2.960426e+01 -1.820624e+02  4.180000e+02
     vertex -3.000000e+01 -1.844000e+02  4.180000e+02
   endloop
 endfacet
 facet normal  0.000000e+00  0.000000e+00  1.000000e+00
   outer loop
     vertex -2.949319e+01 -1.820379e+02  4.180000e+02
     vertex -2.954856e+01 -1.820509e+02  4.180000e+02
     vertex -3.000000e+01 -1.844000e+02  4.180000e+02
   endloop
 endfacet
 facet normal  0.000000e+00  0.000000e+00  1.000000e+00
   outer loop
     vertex -2.943819e+01 -1.820235e+02  4.180000e+02
     vertex -2.949319e+01 -1.820379e+02  4.180000e+02
     vertex -3.000000e+01 -1.844000e+02  4.180000e+02
   endloop
 endfacet
 facet normal  0.000000e+00  0.000000e+00  1.000000e+00
   outer loop
     vertex -2.938360e+01 -1.820075e+02  4.180000e+02
     vertex -2.943819e+01 -1.820235e+02  4.180000e+02
     vertex -3.000000e+01 -1.844000e+02  4.180000e+02
   endloop
 endfacet
 facet normal  0.000000e+00  0.000000e+00  1.000000e+00
   outer loop
     vertex -2.932947e+01 -1.819901e+02  4.180000e+02
     vertex -2.938360e+01 -1.820075e+02  4.180000e+02
     vertex -3.000000e+01 -1.844000e+02  4.180000e+02
   endloop
 endfacet
 facet normal  0.000000e+00  0.000000e+00  1.000000e+00
   outer loop
     vertex -2.927582e+01 -1.819712e+02  4.180000e+02
     vertex -2.932947e+01 -1.819901e+02  4.180000e+02
     vertex -3.000000e+01 -1.844000e+02  4.180000e+02
   endloop
 endfacet
 facet normal  0.000000e+00  0.000000e+00  1.000000e+00
   outer loop
     vertex -2.922271e+01 -1.819509e+02  4.180000e+02
     vertex -2.927582e+01 -1.819712e+02  4.180000e+02
     vertex -3.000000e+01 -1.844000e+02  4.180000e+02
   endloop
 endfacet
 facet normal  0.000000e+00  0.000000e+00  1.000000e+00
   outer loop
     vertex -2.917017e+01 -1.819291e+02  4.180000e+02
     vertex -3.000000e+01 -1.844000e+02  4.180000e+02
     vertex -2.700000e+01 -1.844000e+02  4.180000e+02
   endloop
 endfacet
 facet normal  0.000000e+00  0.000000e+00  1.000000e+00
   outer loop
     vertex -2.917017e+01 -1.819291e+02  4.180000e+02
     vertex -2.922271e+01 -1.819509e+02  4.180000e+02
     vertex -3.000000e+01 -1.844000e+02  4.180000e+02
   endloop
 endfacet
 facet normal  0.000000e+00  0.000000e+00  1.000000e+00
   outer loop
     vertex -2.911823e+01 -1.819059e+02  4.180000e+02
     vertex -2.917017e+01 -1.819291e+02  4.180000e+02
     vertex -2.700000e+01 -1.844000e+02  4.180000e+02
   endloop
 endfacet
 facet normal  0.000000e+00  0.000000e+00  1.000000e+00
   outer loop
     vertex -2.906695e+01 -1.818813e+02  4.180000e+02
     vertex -2.911823e+01 -1.819059e+02  4.180000e+02
     vertex -2.700000e+01 -1.844000e+02  4.180000e+02
   endloop
 endfacet
 facet normal  0.000000e+00  0.000000e+00  1.000000e+00
   outer loop
     vertex -2.901634e+01 -1.818554e+02  4.180000e+02
     vertex -2.906695e+01 -1.818813e+02  4.180000e+02
     vertex -2.700000e+01 -1.844000e+02  4.180000e+02
   endloop
 endfacet
 facet normal  0.000000e+00  0.000000e+00  1.000000e+00
   outer loop
     vertex -2.896646e+01 -1.818281e+02  4.180000e+02
     vertex -2.901634e+01 -1.818554e+02  4.180000e+02
     vertex -2.700000e+01 -1.844000e+02  4.180000e+02
   endloop
 endfacet
 facet normal  0.000000e+00  0.000000e+00  1.000000e+00
   outer loop
     vertex -2.891734e+01 -1.817994e+02  4.180000e+02
     vertex -2.896646e+01 -1.818281e+02  4.180000e+02
     vertex -2.700000e+01 -1.844000e+02  4.180000e+02
   endloop
 endfacet
 facet normal  0.000000e+00  0.000000e+00  1.000000e+00
   outer loop
     vertex -2.886901e+01 -1.817694e+02  4.180000e+02
     vertex -2.891734e+01 -1.817994e+02  4.180000e+02
     vertex -2.700000e+01 -1.844000e+02  4.180000e+02
   endloop
 endfacet
 facet normal  0.000000e+00  0.000000e+00  1.000000e+00
   outer loop
     vertex -2.882151e+01 -1.817381e+02  4.180000e+02
     vertex -2.886901e+01 -1.817694e+02  4.180000e+02
     vertex -2.700000e+01 -1.844000e+02  4.180000e+02
   endloop
 endfacet
 facet normal  0.000000e+00  0.000000e+00  1.000000e+00
   outer loop
     vertex -2.877487e+01 -1.817056e+02  4.180000e+02
     vertex -2.882151e+01 -1.817381e+02  4.180000e+02
     vertex -2.700000e+01 -1.844000e+02  4.180000e+02
   endloop
 endfacet
 facet normal  0.000000e+00  0.000000e+00  1.000000e+00
   outer loop
     vertex -2.872913e+01 -1.816718e+02  4.180000e+02
     vertex -2.877487e+01 -1.817056e+02  4.180000e+02
     vertex -2.700000e+01 -1.844000e+02  4.180000e+02
   endloop
 endfacet
 facet normal  0.000000e+00  0.000000e+00  1.000000e+00
   outer loop
     vertex -2.868433e+01 -1.816368e+02  4.180000e+02
     vertex -2.872913e+01 -1.816718e+02  4.180000e+02
     vertex -2.700000e+01 -1.844000e+02  4.180000e+02
   endloop
 endfacet
 facet normal  0.000000e+00  0.000000e+00  1.000000e+00
   outer loop
     vertex -2.864049e+01 -1.816005e+02  4.180000e+02
     vertex -2.868433e+01 -1.816368e+02  4.180000e+02
     vertex -2.700000e+01 -1.844000e+02  4.180000e+02
   endloop
 endfacet
 facet normal  0.000000e+00  0.000000e+00  1.000000e+00
   outer loop
     vertex -2.859765e+01 -1.815631e+02  4.180000e+02
     vertex -2.864049e+01 -1.816005e+02  4.180000e+02
     vertex -2.700000e+01 -1.844000e+02  4.180000e+02
   endloop
 endfacet
 facet normal  0.000000e+00  0.000000e+00  1.000000e+00
   outer loop
     vertex -2.855583e+01 -1.815246e+02  4.180000e+02
     vertex -2.859765e+01 -1.815631e+02  4.180000e+02
     vertex -2.700000e+01 -1.844000e+02  4.180000e+02
   endloop
 endfacet
 facet normal  0.000000e+00  0.000000e+00  1.000000e+00
   outer loop
     vertex -2.000000e+01 -1.900000e+02  4.180000e+02
     vertex -2.700000e+01 -1.844000e+02  4.180000e+02
     vertex -2.700000e+01 -1.900000e+02  4.180000e+02
   endloop
 endfacet
 facet normal  0.000000e+00  0.000000e+00  1.000000e+00
   outer loop
     vertex -2.851508e+01 -1.814849e+02  4.180000e+02
     vertex -2.855583e+01 -1.815246e+02  4.180000e+02
     vertex -2.700000e+01 -1.844000e+02  4.180000e+02
   endloop
 endfacet
 facet normal  0.000000e+00  0.000000e+00  1.000000e+00
   outer loop
     vertex -2.560000e+01 -1.830000e+02  4.180000e+02
     vertex -2.823058e+01 -1.811310e+02  4.180000e+02
     vertex -2.826185e+01 -1.811785e+02  4.180000e+02
   endloop
 endfacet
 facet normal  0.000000e+00  0.000000e+00  1.000000e+00
   outer loop
     vertex -2.560000e+01 -1.830000e+02  4.180000e+02
     vertex -2.820060e+01 -1.810827e+02  4.180000e+02
     vertex -2.823058e+01 -1.811310e+02  4.180000e+02
   endloop
 endfacet
 facet normal  0.000000e+00  0.000000e+00  1.000000e+00
   outer loop
     vertex -2.560000e+01 -1.830000e+02  4.180000e+02
     vertex -2.817194e+01 -1.810335e+02  4.180000e+02
     vertex -2.820060e+01 -1.810827e+02  4.180000e+02
   endloop
 endfacet
 facet normal  0.000000e+00  0.000000e+00  1.000000e+00
   outer loop
     vertex -2.560000e+01 -1.830000e+02  4.180000e+02
     vertex -2.814462e+01 -1.809837e+02  4.180000e+02
     vertex -2.817194e+01 -1.810335e+02  4.180000e+02
   endloop
 endfacet
 facet normal  0.000000e+00  0.000000e+00  1.000000e+00
   outer loop
     vertex -2.560000e+01 -1.830000e+02  4.180000e+02
     vertex -2.811867e+01 -1.809331e+02  4.180000e+02
     vertex -2.814462e+01 -1.809837e+02  4.180000e+02
   endloop
 endfacet
 facet normal  0.000000e+00  0.000000e+00  1.000000e+00
   outer loop
     vertex -2.560000e+01 -1.830000e+02  4.180000e+02
     vertex -2.809409e+01 -1.808818e+02  4.180000e+02
     vertex -2.811867e+01 -1.809331e+02  4.180000e+02
   endloop
 endfacet
 facet normal  0.000000e+00  0.000000e+00  1.000000e+00
   outer loop
     vertex -2.560000e+01 -1.830000e+02  4.180000e+02
     vertex -2.807091e+01 -1.808298e+02  4.180000e+02
     vertex -2.809409e+01 -1.808818e+02  4.180000e+02
   endloop
 endfacet
 facet normal  0.000000e+00  0.000000e+00  1.000000e+00
   outer loop
     vertex -2.560000e+01 -1.830000e+02  4.180000e+02
     vertex -2.804915e+01 -1.807773e+02  4.180000e+02
     vertex -2.807091e+01 -1.808298e+02  4.180000e+02
   endloop
 endfacet
 facet normal  0.000000e+00  0.000000e+00  1.000000e+00
   outer loop
     vertex -2.560000e+01 -1.830000e+02  4.180000e+02
     vertex -2.802882e+01 -1.807242e+02  4.180000e+02
     vertex -2.804915e+01 -1.807773e+02  4.180000e+02
   endloop
 endfacet
 facet normal  0.000000e+00  0.000000e+00  1.000000e+00
   outer loop
     vertex -2.560000e+01 -1.830000e+02  4.180000e+02
     vertex -2.800993e+01 -1.806705e+02  4.180000e+02
     vertex -2.802882e+01 -1.807242e+02  4.180000e+02
   endloop
 endfacet
 facet normal  0.000000e+00  0.000000e+00  1.000000e+00
   outer loop
     vertex -2.560000e+01 -1.830000e+02  4.180000e+02
     vertex -2.799250e+01 -1.806164e+02  4.180000e+02
     vertex -2.800993e+01 -1.806705e+02  4.180000e+02
   endloop
 endfacet
 facet normal  0.000000e+00  0.000000e+00  1.000000e+00
   outer loop
     vertex -2.560000e+01 -1.830000e+02  4.180000e+02
     vertex -2.700000e+01 -1.844000e+02  4.180000e+02
     vertex -2.000000e+01 -1.900000e+02  4.180000e+02
   endloop
 endfacet
 facet normal  0.000000e+00  0.000000e+00  1.000000e+00
   outer loop
     vertex -2.560000e+01 -1.830000e+02  4.180000e+02
     vertex -2.847541e+01 -1.814442e+02  4.180000e+02
     vertex -2.851508e+01 -1.814849e+02  4.180000e+02
   endloop
 endfacet
 facet normal  0.000000e+00  0.000000e+00  1.000000e+00
   outer loop
     vertex -2.560000e+01 -1.830000e+02  4.180000e+02
     vertex -2.843686e+01 -1.814024e+02  4.180000e+02
     vertex -2.847541e+01 -1.814442e+02  4.180000e+02
   endloop
 endfacet
 facet normal  0.000000e+00  0.000000e+00  1.000000e+00
   outer loop
     vertex -2.560000e+01 -1.830000e+02  4.180000e+02
     vertex -2.839946e+01 -1.813595e+02  4.180000e+02
     vertex -2.843686e+01 -1.814024e+02  4.180000e+02
   endloop
 endfacet
 facet normal  0.000000e+00  0.000000e+00  1.000000e+00
   outer loop
     vertex -2.560000e+01 -1.830000e+02  4.180000e+02
     vertex -2.836323e+01 -1.813157e+02  4.180000e+02
     vertex -2.839946e+01 -1.813595e+02  4.180000e+02
   endloop
 endfacet
 facet normal  0.000000e+00  0.000000e+00  1.000000e+00
   outer loop
     vertex -2.560000e+01 -1.830000e+02  4.180000e+02
     vertex -2.832820e+01 -1.812709e+02  4.180000e+02
     vertex -2.836323e+01 -1.813157e+02  4.180000e+02
   endloop
 endfacet
 facet normal  0.000000e+00  0.000000e+00  1.000000e+00
   outer loop
     vertex -2.560000e+01 -1.830000e+02  4.180000e+02
     vertex -2.851508e+01 -1.814849e+02  4.180000e+02
     vertex -2.700000e+01 -1.844000e+02  4.180000e+02
   endloop
 endfacet
 facet normal  0.000000e+00  0.000000e+00  1.000000e+00
   outer loop
     vertex -2.560000e+01 -1.830000e+02  4.180000e+02
     vertex -2.829440e+01 -1.812251e+02  4.180000e+02
     vertex -2.832820e+01 -1.812709e+02  4.180000e+02
   endloop
 endfacet
 facet normal  0.000000e+00  0.000000e+00  1.000000e+00
   outer loop
     vertex -2.560000e+01 -1.830000e+02  4.180000e+02
     vertex -2.826185e+01 -1.811785e+02  4.180000e+02
     vertex -2.829440e+01 -1.812251e+02  4.180000e+02
   endloop
 endfacet
 facet normal  0.000000e+00  0.000000e+00  1.000000e+00
   outer loop
     vertex -2.797655e+01 -1.805618e+02  4.180000e+02
     vertex -2.799250e+01 -1.806164e+02  4.180000e+02
     vertex -2.560000e+01 -1.830000e+02  4.180000e+02
   endloop
 endfacet
 facet normal  0.000000e+00  0.000000e+00  1.000000e+00
   outer loop
     vertex -2.796207e+01 -1.805068e+02  4.180000e+02
     vertex -2.797655e+01 -1.805618e+02  4.180000e+02
     vertex -2.560000e+01 -1.830000e+02  4.180000e+02
   endloop
 endfacet
 facet normal  0.000000e+00  0.000000e+00  1.000000e+00
   outer loop
     vertex -2.794910e+01 -1.804514e+02  4.180000e+02
     vertex -2.796207e+01 -1.805068e+02  4.180000e+02
     vertex -2.560000e+01 -1.830000e+02  4.180000e+02
   endloop
 endfacet
 facet normal  0.000000e+00  0.000000e+00  1.000000e+00
   outer loop
     vertex -2.793762e+01 -1.803957e+02  4.180000e+02
     vertex -2.794910e+01 -1.804514e+02  4.180000e+02
     vertex -2.560000e+01 -1.830000e+02  4.180000e+02
   endloop
 endfacet
 facet normal  0.000000e+00  0.000000e+00  1.000000e+00
   outer loop
     vertex -2.792766e+01 -1.803397e+02  4.180000e+02
     vertex -2.793762e+01 -1.803957e+02  4.180000e+02
     vertex -2.560000e+01 -1.830000e+02  4.180000e+02
   endloop
 endfacet
 facet normal  0.000000e+00  0.000000e+00  1.000000e+00
   outer loop
     vertex -2.791922e+01 -1.802835e+02  4.180000e+02
     vertex -2.792766e+01 -1.803397e+02  4.180000e+02
     vertex -2.560000e+01 -1.830000e+02  4.180000e+02
   endloop
 endfacet
 facet normal  0.000000e+00  0.000000e+00  1.000000e+00
   outer loop
     vertex -2.791231e+01 -1.802270e+02  4.180000e+02
     vertex -2.791922e+01 -1.802835e+02  4.180000e+02
     vertex -2.560000e+01 -1.830000e+02  4.180000e+02
   endloop
 endfacet
 facet normal  0.000000e+00  0.000000e+00  1.000000e+00
   outer loop
     vertex -2.790693e+01 -1.801704e+02  4.180000e+02
     vertex -2.791231e+01 -1.802270e+02  4.180000e+02
     vertex -2.560000e+01 -1.830000e+02  4.180000e+02
   endloop
 endfacet
 facet normal  0.000000e+00  0.000000e+00  1.000000e+00
   outer loop
     vertex -2.790308e+01 -1.801137e+02  4.180000e+02
     vertex -2.790693e+01 -1.801704e+02  4.180000e+02
     vertex -2.560000e+01 -1.830000e+02  4.180000e+02
   endloop
 endfacet
 facet normal  0.000000e+00  0.000000e+00  1.000000e+00
   outer loop
     vertex -2.790077e+01 -1.800569e+02  4.180000e+02
     vertex -2.790308e+01 -1.801137e+02  4.180000e+02
     vertex -2.560000e+01 -1.830000e+02  4.180000e+02
   endloop
 endfacet
 facet normal  0.000000e+00  0.000000e+00  1.000000e+00
   outer loop
     vertex -2.790000e+01 -1.800000e+02  4.180000e+02
     vertex -2.790077e+01 -1.800569e+02  4.180000e+02
     vertex -2.560000e+01 -1.830000e+02  4.180000e+02
   endloop
 endfacet
 facet normal  0.000000e+00  0.000000e+00  1.000000e+00
   outer loop
     vertex -3.000000e+01 -1.756000e+02  4.180000e+02
     vertex -2.922271e+01 -1.780491e+02  4.180000e+02
     vertex -2.917017e+01 -1.780709e+02  4.180000e+02
   endloop
 endfacet
 facet normal  0.000000e+00  0.000000e+00  1.000000e+00
   outer loop
     vertex -3.000000e+01 -1.756000e+02  4.180000e+02
     vertex -2.927582e+01 -1.780288e+02  4.180000e+02
     vertex -2.922271e+01 -1.780491e+02  4.180000e+02
   endloop
 endfacet
 facet normal  0.000000e+00  0.000000e+00  1.000000e+00
   outer loop
     vertex -3.000000e+01 -1.756000e+02  4.180000e+02
     vertex -2.932947e+01 -1.780099e+02  4.180000e+02
     vertex -2.927582e+01 -1.780288e+02  4.180000e+02
   endloop
 endfacet
 facet normal  0.000000e+00  0.000000e+00  1.000000e+00
   outer loop
     vertex -3.000000e+01 -1.756000e+02  4.180000e+02
     vertex -2.938360e+01 -1.779925e+02  4.180000e+02
     vertex -2.932947e+01 -1.780099e+02  4.180000e+02
   endloop
 endfacet
 facet normal  0.000000e+00  0.000000e+00  1.000000e+00
   outer loop
     vertex -3.000000e+01 -1.756000e+02  4.180000e+02
     vertex -2.943819e+01 -1.779765e+02  4.180000e+02
     vertex -2.938360e+01 -1.779925e+02  4.180000e+02
   endloop
 endfacet
 facet normal  0.000000e+00  0.000000e+00  1.000000e+00
   outer loop
     vertex -3.000000e+01 -1.756000e+02  4.180000e+02
     vertex -2.949319e+01 -1.779621e+02  4.180000e+02
     vertex -2.943819e+01 -1.779765e+02  4.180000e+02
   endloop
 endfacet
 facet normal  0.000000e+00  0.000000e+00  1.000000e+00
   outer loop
     vertex -3.000000e+01 -1.756000e+02  4.180000e+02
     vertex -2.954856e+01 -1.779491e+02  4.180000e+02
     vertex -2.949319e+01 -1.779621e+02  4.180000e+02
   endloop
 endfacet
 facet normal  0.000000e+00  0.000000e+00  1.000000e+00
   outer loop
     vertex -3.000000e+01 -1.756000e+02  4.180000e+02
     vertex -2.960426e+01 -1.779376e+02  4.180000e+02
     vertex -2.954856e+01 -1.779491e+02  4.180000e+02
   endloop
 endfacet
 facet normal  0.000000e+00  0.000000e+00  1.000000e+00
   outer loop
     vertex -3.000000e+01 -1.756000e+02  4.180000e+02
     vertex -2.966026e+01 -1.779277e+02  4.180000e+02
     vertex -2.960426e+01 -1.779376e+02  4.180000e+02
   endloop
 endfacet
 facet normal  0.000000e+00  0.000000e+00  1.000000e+00
   outer loop
     vertex -3.000000e+01 -1.756000e+02  4.180000e+02
     vertex -2.971650e+01 -1.779192e+02  4.180000e+02
     vertex -2.966026e+01 -1.779277e+02  4.180000e+02
   endloop
 endfacet
 facet normal  0.000000e+00  0.000000e+00  1.000000e+00
   outer loop
     vertex -3.000000e+01 -1.756000e+02  4.180000e+02
     vertex -2.977295e+01 -1.779123e+02  4.180000e+02
     vertex -2.971650e+01 -1.779192e+02  4.180000e+02
   endloop
 endfacet
 facet normal  0.000000e+00  0.000000e+00  1.000000e+00
   outer loop
     vertex -3.000000e+01 -1.756000e+02  4.180000e+02
     vertex -2.982957e+01 -1.779069e+02  4.180000e+02
     vertex -2.977295e+01 -1.779123e+02  4.180000e+02
   endloop
 endfacet
 facet normal  0.000000e+00  0.000000e+00  1.000000e+00
   outer loop
     vertex -3.000000e+01 -1.756000e+02  4.180000e+02
     vertex -2.988631e+01 -1.779031e+02  4.180000e+02
     vertex -2.982957e+01 -1.779069e+02  4.180000e+02
   endloop
 endfacet
 facet normal  0.000000e+00  0.000000e+00  1.000000e+00
   outer loop
     vertex -3.000000e+01 -1.756000e+02  4.180000e+02
     vertex -2.994313e+01 -1.779008e+02  4.180000e+02
     vertex -2.988631e+01 -1.779031e+02  4.180000e+02
   endloop
 endfacet
 facet normal  0.000000e+00  0.000000e+00  1.000000e+00
   outer loop
     vertex -3.000000e+01 -1.756000e+02  4.180000e+02
     vertex -3.000000e+01 -1.779000e+02  4.180000e+02
     vertex -2.994313e+01 -1.779008e+02  4.180000e+02
   endloop
 endfacet
 facet normal  0.000000e+00  0.000000e+00  1.000000e+00
   outer loop
     vertex -2.000000e+01 -1.830000e+02  4.180000e+02
     vertex -2.560000e+01 -1.830000e+02  4.180000e+02
     vertex -2.000000e+01 -1.900000e+02  4.180000e+02
   endloop
 endfacet
 facet normal  0.000000e+00  0.000000e+00  1.000000e+00
   outer loop
     vertex -2.700000e+01 -1.756000e+02  4.180000e+02
     vertex -2.855583e+01 -1.784754e+02  4.180000e+02
     vertex -2.851508e+01 -1.785151e+02  4.180000e+02
   endloop
 endfacet
 facet normal  0.000000e+00  0.000000e+00  1.000000e+00
   outer loop
     vertex -2.700000e+01 -1.756000e+02  4.180000e+02
     vertex -2.859765e+01 -1.784369e+02  4.180000e+02
     vertex -2.855583e+01 -1.784754e+02  4.180000e+02
   endloop
 endfacet
 facet normal  0.000000e+00  0.000000e+00  1.000000e+00
   outer loop
     vertex -2.700000e+01 -1.756000e+02  4.180000e+02
     vertex -2.864049e+01 -1.783995e+02  4.180000e+02
     vertex -2.859765e+01 -1.784369e+02  4.180000e+02
   endloop
 endfacet
 facet normal  0.000000e+00  0.000000e+00  1.000000e+00
   outer loop
     vertex -2.700000e+01 -1.756000e+02  4.180000e+02
     vertex -2.868433e+01 -1.783632e+02  4.180000e+02
     vertex -2.864049e+01 -1.783995e+02  4.180000e+02
   endloop
 endfacet
 facet normal  0.000000e+00  0.000000e+00  1.000000e+00
   outer loop
     vertex -2.700000e+01 -1.756000e+02  4.180000e+02
     vertex -2.872913e+01 -1.783282e+02  4.180000e+02
     vertex -2.868433e+01 -1.783632e+02  4.180000e+02
   endloop
 endfacet
 facet normal  0.000000e+00  0.000000e+00  1.000000e+00
   outer loop
     vertex -2.700000e+01 -1.756000e+02  4.180000e+02
     vertex -2.877487e+01 -1.782944e+02  4.180000e+02
     vertex -2.872913e+01 -1.783282e+02  4.180000e+02
   endloop
 endfacet
 facet normal  0.000000e+00  0.000000e+00  1.000000e+00
   outer loop
     vertex -2.700000e+01 -1.756000e+02  4.180000e+02
     vertex -2.882151e+01 -1.782619e+02  4.180000e+02
     vertex -2.877487e+01 -1.782944e+02  4.180000e+02
   endloop
 endfacet
 facet normal  0.000000e+00  0.000000e+00  1.000000e+00
   outer loop
     vertex -2.700000e+01 -1.756000e+02  4.180000e+02
     vertex -2.886901e+01 -1.782306e+02  4.180000e+02
     vertex -2.882151e+01 -1.782619e+02  4.180000e+02
   endloop
 endfacet
 facet normal  0.000000e+00  0.000000e+00  1.000000e+00
   outer loop
     vertex -2.700000e+01 -1.756000e+02  4.180000e+02
     vertex -2.891734e+01 -1.782006e+02  4.180000e+02
     vertex -2.886901e+01 -1.782306e+02  4.180000e+02
   endloop
 endfacet
 facet normal  0.000000e+00  0.000000e+00  1.000000e+00
   outer loop
     vertex -2.700000e+01 -1.756000e+02  4.180000e+02
     vertex -2.896646e+01 -1.781719e+02  4.180000e+02
     vertex -2.891734e+01 -1.782006e+02  4.180000e+02
   endloop
 endfacet
 facet normal  0.000000e+00  0.000000e+00  1.000000e+00
   outer loop
     vertex -2.700000e+01 -1.756000e+02  4.180000e+02
     vertex -2.901634e+01 -1.781446e+02  4.180000e+02
     vertex -2.896646e+01 -1.781719e+02  4.180000e+02
   endloop
 endfacet
 facet normal  0.000000e+00  0.000000e+00  1.000000e+00
   outer loop
     vertex -2.700000e+01 -1.756000e+02  4.180000e+02
     vertex -2.906695e+01 -1.781187e+02  4.180000e+02
     vertex -2.901634e+01 -1.781446e+02  4.180000e+02
   endloop
 endfacet
 facet normal  0.000000e+00  0.000000e+00  1.000000e+00
   outer loop
     vertex -2.700000e+01 -1.756000e+02  4.180000e+02
     vertex -2.911823e+01 -1.780941e+02  4.180000e+02
     vertex -2.906695e+01 -1.781187e+02  4.180000e+02
   endloop
 endfacet
 facet normal  0.000000e+00  0.000000e+00  1.000000e+00
   outer loop
     vertex -2.700000e+01 -1.756000e+02  4.180000e+02
     vertex -2.917017e+01 -1.780709e+02  4.180000e+02
     vertex -2.911823e+01 -1.780941e+02  4.180000e+02
   endloop
 endfacet
 facet normal  0.000000e+00  0.000000e+00  1.000000e+00
   outer loop
     vertex -2.700000e+01 -1.756000e+02  4.180000e+02
     vertex -3.000000e+01 -1.756000e+02  4.180000e+02
     vertex -2.917017e+01 -1.780709e+02  4.180000e+02
   endloop
 endfacet
 facet normal  0.000000e+00  0.000000e+00  1.000000e+00
   outer loop
     vertex -2.560000e+01 -1.770000e+02  4.180000e+02
     vertex -2.700000e+01 -1.756000e+02  4.180000e+02
     vertex -2.851508e+01 -1.785151e+02  4.180000e+02
   endloop
 endfacet
 facet normal  0.000000e+00  0.000000e+00  1.000000e+00
   outer loop
     vertex -2.560000e+01 -1.770000e+02  4.180000e+02
     vertex -2.790077e+01 -1.799431e+02  4.180000e+02
     vertex -2.790000e+01 -1.800000e+02  4.180000e+02
   endloop
 endfacet
 facet normal  0.000000e+00  0.000000e+00  1.000000e+00
   outer loop
     vertex -2.560000e+01 -1.770000e+02  4.180000e+02
     vertex -2.790308e+01 -1.798863e+02  4.180000e+02
     vertex -2.790077e+01 -1.799431e+02  4.180000e+02
   endloop
 endfacet
 facet normal  0.000000e+00  0.000000e+00  1.000000e+00
   outer loop
     vertex -2.560000e+01 -1.770000e+02  4.180000e+02
     vertex -2.790693e+01 -1.798296e+02  4.180000e+02
     vertex -2.790308e+01 -1.798863e+02  4.180000e+02
   endloop
 endfacet
 facet normal  0.000000e+00  0.000000e+00  1.000000e+00
   outer loop
     vertex -2.560000e+01 -1.770000e+02  4.180000e+02
     vertex -2.791231e+01 -1.797730e+02  4.180000e+02
     vertex -2.790693e+01 -1.798296e+02  4.180000e+02
   endloop
 endfacet
 facet normal  0.000000e+00  0.000000e+00  1.000000e+00
   outer loop
     vertex -2.560000e+01 -1.770000e+02  4.180000e+02
     vertex -2.791922e+01 -1.797165e+02  4.180000e+02
     vertex -2.791231e+01 -1.797730e+02  4.180000e+02
   endloop
 endfacet
 facet normal  0.000000e+00  0.000000e+00  1.000000e+00
   outer loop
     vertex -2.560000e+01 -1.770000e+02  4.180000e+02
     vertex -2.792766e+01 -1.796603e+02  4.180000e+02
     vertex -2.791922e+01 -1.797165e+02  4.180000e+02
   endloop
 endfacet
 facet normal  0.000000e+00  0.000000e+00  1.000000e+00
   outer loop
     vertex -2.560000e+01 -1.770000e+02  4.180000e+02
     vertex -2.793762e+01 -1.796043e+02  4.180000e+02
     vertex -2.792766e+01 -1.796603e+02  4.180000e+02
   endloop
 endfacet
 facet normal  0.000000e+00  0.000000e+00  1.000000e+00
   outer loop
     vertex -2.560000e+01 -1.770000e+02  4.180000e+02
     vertex -2.794910e+01 -1.795486e+02  4.180000e+02
     vertex -2.793762e+01 -1.796043e+02  4.180000e+02
   endloop
 endfacet
 facet normal  0.000000e+00  0.000000e+00  1.000000e+00
   outer loop
     vertex -2.560000e+01 -1.770000e+02  4.180000e+02
     vertex -2.796207e+01 -1.794932e+02  4.180000e+02
     vertex -2.794910e+01 -1.795486e+02  4.180000e+02
   endloop
 endfacet
 facet normal  0.000000e+00  0.000000e+00  1.000000e+00
   outer loop
     vertex -2.560000e+01 -1.770000e+02  4.180000e+02
     vertex -2.797655e+01 -1.794382e+02  4.180000e+02
     vertex -2.796207e+01 -1.794932e+02  4.180000e+02
   endloop
 endfacet
 facet normal  0.000000e+00  0.000000e+00  1.000000e+00
   outer loop
     vertex -2.560000e+01 -1.770000e+02  4.180000e+02
     vertex -2.799250e+01 -1.793836e+02  4.180000e+02
     vertex -2.797655e+01 -1.794382e+02  4.180000e+02
   endloop
 endfacet
 facet normal  0.000000e+00  0.000000e+00  1.000000e+00
   outer loop
     vertex -2.560000e+01 -1.770000e+02  4.180000e+02
     vertex -2.800993e+01 -1.793295e+02  4.180000e+02
     vertex -2.799250e+01 -1.793836e+02  4.180000e+02
   endloop
 endfacet
 facet normal  0.000000e+00  0.000000e+00  1.000000e+00
   outer loop
     vertex -2.560000e+01 -1.770000e+02  4.180000e+02
     vertex -2.802882e+01 -1.792758e+02  4.180000e+02
     vertex -2.800993e+01 -1.793295e+02  4.180000e+02
   endloop
 endfacet
 facet normal  0.000000e+00  0.000000e+00  1.000000e+00
   outer loop
     vertex -2.560000e+01 -1.770000e+02  4.180000e+02
     vertex -2.804915e+01 -1.792227e+02  4.180000e+02
     vertex -2.802882e+01 -1.792758e+02  4.180000e+02
   endloop
 endfacet
 facet normal  0.000000e+00  0.000000e+00  1.000000e+00
   outer loop
     vertex -2.560000e+01 -1.770000e+02  4.180000e+02
     vertex -2.807091e+01 -1.791702e+02  4.180000e+02
     vertex -2.804915e+01 -1.792227e+02  4.180000e+02
   endloop
 endfacet
 facet normal  0.000000e+00  0.000000e+00  1.000000e+00
   outer loop
     vertex -2.560000e+01 -1.770000e+02  4.180000e+02
     vertex -2.809409e+01 -1.791182e+02  4.180000e+02
     vertex -2.807091e+01 -1.791702e+02  4.180000e+02
   endloop
 endfacet
 facet normal  0.000000e+00  0.000000e+00  1.000000e+00
   outer loop
     vertex -2.560000e+01 -1.770000e+02  4.180000e+02
     vertex -2.811867e+01 -1.790669e+02  4.180000e+02
     vertex -2.809409e+01 -1.791182e+02  4.180000e+02
   endloop
 endfacet
 facet normal  0.000000e+00  0.000000e+00  1.000000e+00
   outer loop
     vertex -2.560000e+01 -1.770000e+02  4.180000e+02
     vertex -2.814462e+01 -1.790163e+02  4.180000e+02
     vertex -2.811867e+01 -1.790669e+02  4.180000e+02
   endloop
 endfacet
 facet normal  0.000000e+00  0.000000e+00  1.000000e+00
   outer loop
     vertex -2.560000e+01 -1.770000e+02  4.180000e+02
     vertex -2.817194e+01 -1.789665e+02  4.180000e+02
     vertex -2.814462e+01 -1.790163e+02  4.180000e+02
   endloop
 endfacet
 facet normal  0.000000e+00  0.000000e+00  1.000000e+00
   outer loop
     vertex -2.560000e+01 -1.770000e+02  4.180000e+02
     vertex -2.820060e+01 -1.789173e+02  4.180000e+02
     vertex -2.817194e+01 -1.789665e+02  4.180000e+02
   endloop
 endfacet
 facet normal  0.000000e+00  0.000000e+00  1.000000e+00
   outer loop
     vertex -2.560000e+01 -1.770000e+02  4.180000e+02
     vertex -2.823058e+01 -1.788690e+02  4.180000e+02
     vertex -2.820060e+01 -1.789173e+02  4.180000e+02
   endloop
 endfacet
 facet normal  0.000000e+00  0.000000e+00  1.000000e+00
   outer loop
     vertex -2.560000e+01 -1.770000e+02  4.180000e+02
     vertex -2.826185e+01 -1.788215e+02  4.180000e+02
     vertex -2.823058e+01 -1.788690e+02  4.180000e+02
   endloop
 endfacet
 facet normal  0.000000e+00  0.000000e+00  1.000000e+00
   outer loop
     vertex -2.560000e+01 -1.770000e+02  4.180000e+02
     vertex -2.829440e+01 -1.787749e+02  4.180000e+02
     vertex -2.826185e+01 -1.788215e+02  4.180000e+02
   endloop
 endfacet
 facet normal  0.000000e+00  0.000000e+00  1.000000e+00
   outer loop
     vertex -2.560000e+01 -1.770000e+02  4.180000e+02
     vertex -2.832820e+01 -1.787291e+02  4.180000e+02
     vertex -2.829440e+01 -1.787749e+02  4.180000e+02
   endloop
 endfacet
 facet normal  0.000000e+00  0.000000e+00  1.000000e+00
   outer loop
     vertex -2.560000e+01 -1.770000e+02  4.180000e+02
     vertex -2.836323e+01 -1.786843e+02  4.180000e+02
     vertex -2.832820e+01 -1.787291e+02  4.180000e+02
   endloop
 endfacet
 facet normal  0.000000e+00  0.000000e+00  1.000000e+00
   outer loop
     vertex -2.560000e+01 -1.770000e+02  4.180000e+02
     vertex -2.839946e+01 -1.786405e+02  4.180000e+02
     vertex -2.836323e+01 -1.786843e+02  4.180000e+02
   endloop
 endfacet
 facet normal  0.000000e+00  0.000000e+00  1.000000e+00
   outer loop
     vertex -2.560000e+01 -1.770000e+02  4.180000e+02
     vertex -2.843686e+01 -1.785976e+02  4.180000e+02
     vertex -2.839946e+01 -1.786405e+02  4.180000e+02
   endloop
 endfacet
 facet normal  0.000000e+00  0.000000e+00  1.000000e+00
   outer loop
     vertex -2.560000e+01 -1.770000e+02  4.180000e+02
     vertex -2.847541e+01 -1.785558e+02  4.180000e+02
     vertex -2.843686e+01 -1.785976e+02  4.180000e+02
   endloop
 endfacet
 facet normal  0.000000e+00  0.000000e+00  1.000000e+00
   outer loop
     vertex -2.560000e+01 -1.770000e+02  4.180000e+02
     vertex -2.851508e+01 -1.785151e+02  4.180000e+02
     vertex -2.847541e+01 -1.785558e+02  4.180000e+02
   endloop
 endfacet
 facet normal  0.000000e+00  0.000000e+00  1.000000e+00
   outer loop
     vertex -2.560000e+01 -1.770000e+02  4.180000e+02
     vertex -2.790000e+01 -1.800000e+02  4.180000e+02
     vertex -2.560000e+01 -1.830000e+02  4.180000e+02
   endloop
 endfacet
 facet normal  0.000000e+00  0.000000e+00  1.000000e+00
   outer loop
     vertex -2.000000e+01 -1.700000e+02  4.180000e+02
     vertex -2.560000e+01 -1.770000e+02  4.180000e+02
     vertex -2.000000e+01 -1.770000e+02  4.180000e+02
   endloop
 endfacet
 facet normal  0.000000e+00  0.000000e+00  1.000000e+00
   outer loop
     vertex -2.000000e+01 -1.700000e+02  4.180000e+02
     vertex -2.700000e+01 -1.700000e+02  4.180000e+02
     vertex -2.700000e+01 -1.756000e+02  4.180000e+02
   endloop
 endfacet
 facet normal  0.000000e+00  0.000000e+00  1.000000e+00
   outer loop
     vertex -2.000000e+01 -1.700000e+02  4.180000e+02
     vertex -2.700000e+01 -1.756000e+02  4.180000e+02
     vertex -2.560000e+01 -1.770000e+02  4.180000e+02
   endloop
 endfacet
 facet normal  0.000000e+00  1.000000e+00  0.000000e+00
   outer loop
     vertex  2.000000e+01 -1.700000e+02  4.180000e+02
     vertex  2.000000e+01 -1.700000e+02  3.980000e+02
     vertex -2.000000e+01 -1.700000e+02  3.980000e+02
   endloop
 endfacet
 facet normal  0.000000e+00  1.000000e+00  0.000000e+00
   outer loop
     vertex  2.000000e+01 -1.700000e+02  4.180000e+02
     vertex -2.000000e+01 -1.700000e+02  3.980000e+02
     vertex -2.000000e+01 -1.700000e+02  4.180000e+02
   endloop
 endfacet
 facet normal  0.000000e+00  1.000000e+00  0.000000e+00
   outer loop
     vertex  2.700000e+01 -1.700000e+02  3.980000e+02
     vertex  2.700000e+01 -1.700000e+02  1.800000e+01
     vertex  2.000000e+01 -1.700000e+02  1.800000e+01
   endloop
 endfacet
 facet normal  0.000000e+00  1.000000e+00  0.000000e+00
   outer loop
     vertex  2.700000e+01 -1.700000e+02  3.980000e+02
     vertex  2.000000e+01 -1.700000e+02  1.800000e+01
     vertex  2.000000e+01 -1.700000e+02  3.980000e+02
   endloop
 endfacet
 facet normal  0.000000e+00  1.000000e+00  0.000000e+00
   outer loop
     vertex  3.000000e+01 -1.700000e+02  4.180000e+02
     vertex  3.000000e+01 -1.700000e+02  3.980000e+02
     vertex  2.700000e+01 -1.700000e+02  3.980000e+02
   endloop
 endfacet
 facet normal  0.000000e+00  1.000000e+00  0.000000e+00
   outer loop
     vertex  3.000000e+01 -1.700000e+02  4.180000e+02
     vertex  2.700000e+01 -1.700000e+02  3.980000e+02
     vertex  2.700000e+01 -1.700000e+02  4.180000e+02
   endloop
 endfacet
 facet normal  1.000000e+00  0.000000e+00  0.000000e+00
   outer loop
     vertex  3.000000e+01 -1.756000e+02  4.180000e+02
     vertex  3.000000e+01 -1.756000e+02  3.980000e+02
     vertex  3.000000e+01 -1.700000e+02  3.980000e+02
   endloop
 endfacet
 facet normal  1.000000e+00 -0.000000e+00  0.000000e+00
   outer loop
     vertex  3.000000e+01 -1.756000e+02  4.180000e+02
     vertex  3.000000e+01 -1.700000e+02  3.980000e+02
     vertex  3.000000e+01 -1.700000e+02  4.180000e+02
   endloop
 endfacet
 facet normal  0.000000e+00 -0.000000e+00 -1.000000e+00
   outer loop
     vertex  2.700000e+01 -1.844000e+02  1.800000e+01
     vertex  2.700000e+01 -1.900000e+02  1.800000e+01
     vertex  2.000000e+01 -1.900000e+02  1.800000e+01
   endloop
 endfacet
 facet normal -0.000000e+00  0.000000e+00 -1.000000e+00
   outer loop
     vertex  2.560000e+01 -1.830000e+02  1.800000e+01
     vertex  2.000000e+01 -1.900000e+02  1.800000e+01
     vertex  2.000000e+01 -1.830000e+02  1.800000e+01
   endloop
 endfacet
 facet normal  0.000000e+00 -0.000000e+00 -1.000000e+00
   outer loop
     vertex  2.560000e+01 -1.830000e+02  1.800000e+01
     vertex  2.700000e+01 -1.844000e+02  1.800000e+01
     vertex  2.000000e+01 -1.900000e+02  1.800000e+01
   endloop
 endfacet
 facet normal  0.000000e+00  0.000000e+00 -1.000000e+00
   outer loop
     vertex  2.850999e+01 -1.814798e+02  1.800000e+01
     vertex  2.700000e+01 -1.844000e+02  1.800000e+01
     vertex  2.560000e+01 -1.830000e+02  1.800000e+01
   endloop
 endfacet
 facet normal -0.000000e+00  0.000000e+00 -1.000000e+00
   outer loop
     vertex  2.855115e+01 -1.815201e+02  1.800000e+01
     vertex  2.700000e+01 -1.844000e+02  1.800000e+01
     vertex  2.850999e+01 -1.814798e+02  1.800000e+01
   endloop
 endfacet
 facet normal  0.000000e+00 -0.000000e+00 -1.000000e+00
   outer loop
     vertex  2.846995e+01 -1.814384e+02  1.800000e+01
     vertex  2.850999e+01 -1.814798e+02  1.800000e+01
     vertex  2.560000e+01 -1.830000e+02  1.800000e+01
   endloop
 endfacet
 facet normal -0.000000e+00  0.000000e+00 -1.000000e+00
   outer loop
     vertex  2.859340e+01 -1.815593e+02  1.800000e+01
     vertex  2.700000e+01 -1.844000e+02  1.800000e+01
     vertex  2.855115e+01 -1.815201e+02  1.800000e+01
   endloop
 endfacet
 facet normal  0.000000e+00 -0.000000e+00 -1.000000e+00
   outer loop
     vertex  2.843107e+01 -1.813959e+02  1.800000e+01
     vertex  2.846995e+01 -1.814384e+02  1.800000e+01
     vertex  2.560000e+01 -1.830000e+02  1.800000e+01
   endloop
 endfacet
 facet normal -0.000000e+00  0.000000e+00 -1.000000e+00
   outer loop
     vertex  2.863671e+01 -1.815973e+02  1.800000e+01
     vertex  2.700000e+01 -1.844000e+02  1.800000e+01
     vertex  2.859340e+01 -1.815593e+02  1.800000e+01
   endloop
 endfacet
 facet normal  0.000000e+00 -0.000000e+00 -1.000000e+00
   outer loop
     vertex  2.839337e+01 -1.813523e+02  1.800000e+01
     vertex  2.843107e+01 -1.813959e+02  1.800000e+01
     vertex  2.560000e+01 -1.830000e+02  1.800000e+01
   endloop
 endfacet
 facet normal -0.000000e+00  0.000000e+00 -1.000000e+00
   outer loop
     vertex  2.868104e+01 -1.816341e+02  1.800000e+01
     vertex  2.700000e+01 -1.844000e+02  1.800000e+01
     vertex  2.863671e+01 -1.815973e+02  1.800000e+01
   endloop
 endfacet
 facet normal  0.000000e+00 -0.000000e+00 -1.000000e+00
   outer loop
     vertex  2.835687e+01 -1.813077e+02  1.800000e+01
     vertex  2.839337e+01 -1.813523e+02  1.800000e+01
     vertex  2.560000e+01 -1.830000e+02  1.800000e+01
   endloop
 endfacet
 facet normal -0.000000e+00  0.000000e+00 -1.000000e+00
   outer loop
     vertex  2.872637e+01 -1.816697e+02  1.800000e+01
     vertex  2.700000e+01 -1.844000e+02  1.800000e+01
     vertex  2.868104e+01 -1.816341e+02  1.800000e+01
   endloop
 endfacet
 facet normal  0.000000e+00 -0.000000e+00 -1.000000e+00
   outer loop
     vertex  2.832161e+01 -1.812621e+02  1.800000e+01
     vertex  2.835687e+01 -1.813077e+02  1.800000e+01
     vertex  2.560000e+01 -1.830000e+02  1.800000e+01
   endloop
 endfacet
 facet normal -0.000000e+00  0.000000e+00 -1.000000e+00
   outer loop
     vertex  2.877265e+01 -1.817040e+02  1.800000e+01
     vertex  2.700000e+01 -1.844000e+02  1.800000e+01
     vertex  2.872637e+01 -1.816697e+02  1.800000e+01
   endloop
 endfacet
 facet normal  0.000000e+00 -0.000000e+00 -1.000000e+00
   outer loop
     vertex  2.828762e+01 -1.812156e+02  1.800000e+01
     vertex  2.832161e+01 -1.812621e+02  1.800000e+01
     vertex  2.560000e+01 -1.830000e+02  1.800000e+01
   endloop
 endfacet
 facet normal -0.000000e+00  0.000000e+00 -1.000000e+00
   outer loop
     vertex  2.881986e+01 -1.817370e+02  1.800000e+01
     vertex  2.700000e+01 -1.844000e+02  1.800000e+01
     vertex  2.877265e+01 -1.817040e+02  1.800000e+01
   endloop
 endfacet
 facet normal  0.000000e+00 -0.000000e+00 -1.000000e+00
   outer loop
     vertex  2.825491e+01 -1.811682e+02  1.800000e+01
     vertex  2.828762e+01 -1.812156e+02  1.800000e+01
     vertex  2.560000e+01 -1.830000e+02  1.800000e+01
   endloop
 endfacet
 facet normal -0.000000e+00  0.000000e+00 -1.000000e+00
   outer loop
     vertex  2.886796e+01 -1.817688e+02  1.800000e+01
     vertex  2.700000e+01 -1.844000e+02  1.800000e+01
     vertex  2.881986e+01 -1.817370e+02  1.800000e+01
   endloop
 endfacet
 facet normal  0.000000e+00 -0.000000e+00 -1.000000e+00
   outer loop
     vertex  2.822352e+01 -1.811199e+02  1.800000e+01
     vertex  2.825491e+01 -1.811682e+02  1.800000e+01
     vertex  2.560000e+01 -1.830000e+02  1.800000e+01
   endloop
 endfacet
 facet normal -0.000000e+00  0.000000e+00 -1.000000e+00
   outer loop
     vertex  2.891691e+01 -1.817991e+02  1.800000e+01
     vertex  2.700000e+01 -1.844000e+02  1.800000e+01
     vertex  2.886796e+01 -1.817688e+02  1.800000e+01
   endloop
 endfacet
 facet normal  0.000000e+00 -0.000000e+00 -1.000000e+00
   outer loop
     vertex  2.819347e+01 -1.810707e+02  1.800000e+01
     vertex  2.822352e+01 -1.811199e+02  1.800000e+01
     vertex  2.560000e+01 -1.830000e+02  1.800000e+01
   endloop
 endfacet
 facet normal -0.000000e+00  0.000000e+00 -1.000000e+00
   outer loop
     vertex  2.896668e+01 -1.818282e+02  1.800000e+01
     vertex  2.700000e+01 -1.844000e+02  1.800000e+01
     vertex  2.891691e+01 -1.817991e+02  1.800000e+01
   endloop
 endfacet
 facet normal  0.000000e+00 -0.000000e+00 -1.000000e+00
   outer loop
     vertex  2.816477e+01 -1.810208e+02  1.800000e+01
     vertex  2.819347e+01 -1.810707e+02  1.800000e+01
     vertex  2.560000e+01 -1.830000e+02  1.800000e+01
   endloop
 endfacet
 facet normal -0.000000e+00  0.000000e+00 -1.000000e+00
   outer loop
     vertex  2.901722e+01 -1.818558e+02  1.800000e+01
     vertex  2.700000e+01 -1.844000e+02  1.800000e+01
     vertex  2.896668e+01 -1.818282e+02  1.800000e+01
   endloop
 endfacet
 facet normal  0.000000e+00 -0.000000e+00 -1.000000e+00
   outer loop
     vertex  2.813746e+01 -1.809700e+02  1.800000e+01
     vertex  2.816477e+01 -1.810208e+02  1.800000e+01
     vertex  2.560000e+01 -1.830000e+02  1.800000e+01
   endloop
 endfacet
 facet normal -0.000000e+00  0.000000e+00 -1.000000e+00
   outer loop
     vertex  2.906850e+01 -1.818821e+02  1.800000e+01
     vertex  2.700000e+01 -1.844000e+02  1.800000e+01
     vertex  2.901722e+01 -1.818558e+02  1.800000e+01
   endloop
 endfacet
 facet normal  0.000000e+00 -0.000000e+00 -1.000000e+00
   outer loop
     vertex  2.811155e+01 -1.809186e+02  1.800000e+01
     vertex  2.813746e+01 -1.809700e+02  1.800000e+01
     vertex  2.560000e+01 -1.830000e+02  1.800000e+01
   endloop
 endfacet
 facet normal -0.000000e+00  0.000000e+00 -1.000000e+00
   outer loop
     vertex  2.912049e+01 -1.819069e+02  1.800000e+01
     vertex  2.700000e+01 -1.844000e+02  1.800000e+01
     vertex  2.906850e+01 -1.818821e+02  1.800000e+01
   endloop
 endfacet
 facet normal  0.000000e+00 -0.000000e+00 -1.000000e+00
   outer loop
     vertex  2.808706e+01 -1.808664e+02  1.800000e+01
     vertex  2.811155e+01 -1.809186e+02  1.800000e+01
     vertex  2.560000e+01 -1.830000e+02  1.800000e+01
   endloop
 endfacet
 facet normal -0.000000e+00  0.000000e+00 -1.000000e+00
   outer loop
     vertex  2.917313e+01 -1.819304e+02  1.800000e+01
     vertex  2.700000e+01 -1.844000e+02  1.800000e+01
     vertex  2.912049e+01 -1.819069e+02  1.800000e+01
   endloop
 endfacet
 facet normal  0.000000e+00 -0.000000e+00 -1.000000e+00
   outer loop
     vertex  2.806401e+01 -1.808136e+02  1.800000e+01
     vertex  2.808706e+01 -1.808664e+02  1.800000e+01
     vertex  2.560000e+01 -1.830000e+02  1.800000e+01
   endloop
 endfacet
 facet normal -0.000000e+00  0.000000e+00 -1.000000e+00
   outer loop
     vertex  2.922640e+01 -1.819523e+02  1.800000e+01
     vertex  2.700000e+01 -1.844000e+02  1.800000e+01
     vertex  2.917313e+01 -1.819304e+02  1.800000e+01
   endloop
 endfacet
 facet normal  0.000000e+00 -0.000000e+00 -1.000000e+00
   outer loop
     vertex  2.804242e+01 -1.807602e+02  1.800000e+01
     vertex  2.806401e+01 -1.808136e+02  1.800000e+01
     vertex  2.560000e+01 -1.830000e+02  1.800000e+01
   endloop
 endfacet
 facet normal -0.000000e+00  0.000000e+00 -1.000000e+00
   outer loop
     vertex  2.928025e+01 -1.819728e+02  1.800000e+01
     vertex  2.700000e+01 -1.844000e+02  1.800000e+01
     vertex  2.922640e+01 -1.819523e+02  1.800000e+01
   endloop
 endfacet
 facet normal  0.000000e+00 -0.000000e+00 -1.000000e+00
   outer loop
     vertex  2.802230e+01 -1.807062e+02  1.800000e+01
     vertex  2.804242e+01 -1.807602e+02  1.800000e+01
     vertex  2.560000e+01 -1.830000e+02  1.800000e+01
   endloop
 endfacet
 facet normal -0.000000e+00  0.000000e+00 -1.000000e+00
   outer loop
     vertex  2.933465e+01 -1.819918e+02  1.800000e+01
     vertex  2.700000e+01 -1.844000e+02  1.800000e+01
     vertex  2.928025e+01 -1.819728e+02  1.800000e+01
   endloop
 endfacet
 facet normal  0.000000e+00 -0.000000e+00 -1.000000e+00
   outer loop
     vertex  2.800367e+01 -1.806517e+02  1.800000e+01
     vertex  2.802230e+01 -1.807062e+02  1.800000e+01
     vertex  2.560000e+01 -1.830000e+02  1.800000e+01
   endloop
 endfacet
 facet normal -0.000000e+00  0.000000e+00 -1.000000e+00
   outer loop
     vertex  2.938954e+01 -1.820093e+02  1.800000e+01
     vertex  2.700000e+01 -1.844000e+02  1.800000e+01
     vertex  2.933465e+01 -1.819918e+02  1.800000e+01
   endloop
 endfacet
 facet normal  0.000000e+00 -0.000000e+00 -1.000000e+00
   outer loop
     vertex  2.798655e+01 -1.805967e+02  1.800000e+01
     vertex  2.800367e+01 -1.806517e+02  1.800000e+01
     vertex  2.560000e+01 -1.830000e+02  1.800000e+01
   endloop
 endfacet
 facet normal -0.000000e+00  0.000000e+00 -1.000000e+00
   outer loop
     vertex  2.944489e+01 -1.820253e+02  1.800000e+01
     vertex  2.700000e+01 -1.844000e+02  1.800000e+01
     vertex  2.938954e+01 -1.820093e+02  1.800000e+01
   endloop
 endfacet
 facet normal  0.000000e+00 -0.000000e+00 -1.000000e+00
   outer loop
     vertex  2.797094e+01 -1.805412e+02  1.800000e+01
     vertex  2.798655e+01 -1.805967e+02  1.800000e+01
     vertex  2.560000e+01 -1.830000e+02  1.800000e+01
   endloop
 endfacet
 facet normal -0.000000e+00  0.000000e+00 -1.000000e+00
   outer loop
     vertex  2.950067e+01 -1.820398e+02  1.800000e+01
     vertex  2.700000e+01 -1.844000e+02  1.800000e+01
     vertex  2.944489e+01 -1.820253e+02  1.800000e+01
   endloop
 endfacet
 facet normal  0.000000e+00 -0.000000e+00 -1.000000e+00
   outer loop
     vertex  2.795685e+01 -1.804853e+02  1.800000e+01
     vertex  2.797094e+01 -1.805412e+02  1.800000e+01
     vertex  2.560000e+01 -1.830000e+02  1.800000e+01
   endloop
 endfacet
 facet normal -0.000000e+00  0.000000e+00 -1.000000e+00
   outer loop
     vertex  2.955681e+01 -1.820527e+02  1.800000e+01
     vertex  2.700000e+01 -1.844000e+02  1.800000e+01
     vertex  2.950067e+01 -1.820398e+02  1.800000e+01
   endloop
 endfacet
 facet normal  0.000000e+00 -0.000000e+00 -1.000000e+00
   outer loop
     vertex  2.794431e+01 -1.804291e+02  1.800000e+01
     vertex  2.795685e+01 -1.804853e+02  1.800000e+01
     vertex  2.560000e+01 -1.830000e+02  1.800000e+01
   endloop
 endfacet
 facet normal -0.000000e+00  0.000000e+00 -1.000000e+00
   outer loop
     vertex  2.961329e+01 -1.820641e+02  1.800000e+01
     vertex  2.700000e+01 -1.844000e+02  1.800000e+01
     vertex  2.955681e+01 -1.820527e+02  1.800000e+01
   endloop
 endfacet
 facet normal  0.000000e+00 -0.000000e+00 -1.000000e+00
   outer loop
     vertex  2.793331e+01 -1.803725e+02  1.800000e+01
     vertex  2.794431e+01 -1.804291e+02  1.800000e+01
     vertex  2.560000e+01 -1.830000e+02  1.800000e+01
   endloop
 endfacet
 facet normal -0.000000e+00  0.000000e+00 -1.000000e+00
   outer loop
     vertex  2.967006e+01 -1.820739e+02  1.800000e+01
     vertex  2.700000e+01 -1.844000e+02  1.800000e+01
     vertex  2.961329e+01 -1.820641e+02  1.800000e+01
   endloop
 endfacet
 facet normal  0.000000e+00 -0.000000e+00 -1.000000e+00
   outer loop
     vertex  2.792387e+01 -1.803157e+02  1.800000e+01
     vertex  2.793331e+01 -1.803725e+02  1.800000e+01
     vertex  2.560000e+01 -1.830000e+02  1.800000e+01
   endloop
 endfacet
 facet normal -0.000000e+00  0.000000e+00 -1.000000e+00
   outer loop
     vertex  2.972709e+01 -1.820822e+02  1.800000e+01
     vertex  2.700000e+01 -1.844000e+02  1.800000e+01
     vertex  2.967006e+01 -1.820739e+02  1.800000e+01
   endloop
 endfacet
 facet normal  0.000000e+00 -0.000000e+00 -1.000000e+00
   outer loop
     vertex  2.791599e+01 -1.802586e+02  1.800000e+01
     vertex  2.792387e+01 -1.803157e+02  1.800000e+01
     vertex  2.560000e+01 -1.830000e+02  1.800000e+01
   endloop
 endfacet
 facet normal -0.000000e+00  0.000000e+00 -1.000000e+00
   outer loop
     vertex  2.978431e+01 -1.820889e+02  1.800000e+01
     vertex  2.700000e+01 -1.844000e+02  1.800000e+01
     vertex  2.972709e+01 -1.820822e+02  1.800000e+01
   endloop
 endfacet
 facet normal  0.000000e+00 -0.000000e+00 -1.000000e+00
   outer loop
     vertex  2.790968e+01 -1.802014e+02  1.800000e+01
     vertex  2.791599e+01 -1.802586e+02  1.800000e+01
     vertex  2.560000e+01 -1.830000e+02  1.800000e+01
   endloop
 endfacet
 facet normal -0.000000e+00  0.000000e+00 -1.000000e+00
   outer loop
     vertex  2.984170e+01 -1.820940e+02  1.800000e+01
     vertex  2.700000e+01 -1.844000e+02  1.800000e+01
     vertex  2.978431e+01 -1.820889e+02  1.800000e+01
   endloop
 endfacet
 facet normal  0.000000e+00 -0.000000e+00 -1.000000e+00
   outer loop
     vertex  2.790494e+01 -1.801439e+02  1.800000e+01
     vertex  2.790968e+01 -1.802014e+02  1.800000e+01
     vertex  2.560000e+01 -1.830000e+02  1.800000e+01
   endloop
 endfacet
 facet normal -0.000000e+00  0.000000e+00 -1.000000e+00
   outer loop
     vertex  2.989921e+01 -1.820976e+02  1.800000e+01
     vertex  2.700000e+01 -1.844000e+02  1.800000e+01
     vertex  2.984170e+01 -1.820940e+02  1.800000e+01
   endloop
 endfacet
 facet normal  0.000000e+00 -0.000000e+00 -1.000000e+00
   outer loop
     vertex  2.790178e+01 -1.800864e+02  1.800000e+01
     vertex  2.790494e+01 -1.801439e+02  1.800000e+01
     vertex  2.560000e+01 -1.830000e+02  1.800000e+01
   endloop
 endfacet
 facet normal -0.000000e+00  0.000000e+00 -1.000000e+00
   outer loop
     vertex  2.995679e+01 -1.820996e+02  1.800000e+01
     vertex  2.700000e+01 -1.844000e+02  1.800000e+01
     vertex  2.989921e+01 -1.820976e+02  1.800000e+01
   endloop
 endfacet
 facet normal  0.000000e+00 -0.000000e+00 -1.000000e+00
   outer loop
     vertex  2.790020e+01 -1.800288e+02  1.800000e+01
     vertex  2.790178e+01 -1.800864e+02  1.800000e+01
     vertex  2.560000e+01 -1.830000e+02  1.800000e+01
   endloop
 endfacet
 facet normal -0.000000e+00  0.000000e+00 -1.000000e+00
   outer loop
     vertex  3.001440e+01 -1.821000e+02  1.800000e+01
     vertex  2.700000e+01 -1.844000e+02  1.800000e+01
     vertex  2.995679e+01 -1.820996e+02  1.800000e+01
   endloop
 endfacet
 facet normal  0.000000e+00  0.000000e+00 -1.000000e+00
   outer loop
     vertex  3.300000e+01 -1.844000e+02  1.800000e+01
     vertex  2.700000e+01 -1.844000e+02  1.800000e+01
     vertex  3.001440e+01 -1.821000e+02  1.800000e+01
   endloop
 endfacet
 facet normal  0.000000e+00  0.000000e+00 -1.000000e+00
   outer loop
     vertex  3.300000e+01 -1.844000e+02  1.800000e+01
     vertex  3.001440e+01 -1.821000e+02  1.800000e+01
     vertex  3.007201e+01 -1.820988e+02  1.800000e+01
   endloop
 endfacet
 facet normal  0.000000e+00  0.000000e+00 -1.000000e+00
   outer loop
     vertex  3.300000e+01 -1.844000e+02  1.800000e+01
     vertex  3.007201e+01 -1.820988e+02  1.800000e+01
     vertex  3.012956e+01 -1.820960e+02  1.800000e+01
   endloop
 endfacet
 facet normal  0.000000e+00  0.000000e+00 -1.000000e+00
   outer loop
     vertex  3.300000e+01 -1.844000e+02  1.800000e+01
     vertex  3.012956e+01 -1.820960e+02  1.800000e+01
     vertex  3.018701e+01 -1.820917e+02  1.800000e+01
   endloop
 endfacet
 facet normal  0.000000e+00  0.000000e+00 -1.000000e+00
   outer loop
     vertex  3.300000e+01 -1.844000e+02  1.800000e+01
     vertex  3.018701e+01 -1.820917e+02  1.800000e+01
     vertex  3.024433e+01 -1.820857e+02  1.800000e+01
   endloop
 endfacet
 facet normal  0.000000e+00  0.000000e+00 -1.000000e+00
   outer loop
     vertex  3.300000e+01 -1.844000e+02  1.800000e+01
     vertex  3.024433e+01 -1.820857e+02  1.800000e+01
     vertex  3.030145e+01 -1.820783e+02  1.800000e+01
   endloop
 endfacet
 facet normal  0.000000e+00  0.000000e+00 -1.000000e+00
   outer loop
     vertex  3.300000e+01 -1.844000e+02  1.800000e+01
     vertex  3.030145e+01 -1.820783e+02  1.800000e+01
     vertex  3.035835e+01 -1.820692e+02  1.800000e+01
   endloop
 endfacet
 facet normal  0.000000e+00  0.000000e+00 -1.000000e+00
   outer loop
     vertex  3.300000e+01 -1.844000e+02  1.800000e+01
     vertex  3.035835e+01 -1.820692e+02  1.800000e+01
     vertex  3.041499e+01 -1.820586e+02  1.800000e+01
   endloop
 endfacet
 facet normal  0.000000e+00  0.000000e+00 -1.000000e+00
   outer loop
     vertex  3.300000e+01 -1.844000e+02  1.800000e+01
     vertex  3.041499e+01 -1.820586e+02  1.800000e+01
     vertex  3.047131e+01 -1.820464e+02  1.800000e+01
   endloop
 endfacet
 facet normal  0.000000e+00  0.000000e+00 -1.000000e+00
   outer loop
     vertex  3.300000e+01 -1.844000e+02  1.800000e+01
     vertex  3.047131e+01 -1.820464e+02  1.800000e+01
     vertex  3.052727e+01 -1.820327e+02  1.800000e+01
   endloop
 endfacet
 facet normal  0.000000e+00  0.000000e+00 -1.000000e+00
   outer loop
     vertex  3.300000e+01 -1.844000e+02  1.800000e+01
     vertex  3.052727e+01 -1.820327e+02  1.800000e+01
     vertex  3.058284e+01 -1.820175e+02  1.800000e+01
   endloop
 endfacet
 facet normal  0.000000e+00  0.000000e+00 -1.000000e+00
   outer loop
     vertex  2.560000e+01 -1.770000e+02  1.800000e+01
     vertex  2.798655e+01 -1.794033e+02  1.800000e+01
     vertex  2.797094e+01 -1.794588e+02  1.800000e+01
   endloop
 endfacet
 facet normal  0.000000e+00  0.000000e+00 -1.000000e+00
   outer loop
     vertex  2.560000e+01 -1.770000e+02  1.800000e+01
     vertex  2.797094e+01 -1.794588e+02  1.800000e+01
     vertex  2.795685e+01 -1.795147e+02  1.800000e+01
   endloop
 endfacet
 facet normal  0.000000e+00  0.000000e+00 -1.000000e+00
   outer loop
     vertex  2.560000e+01 -1.770000e+02  1.800000e+01
     vertex  2.795685e+01 -1.795147e+02  1.800000e+01
     vertex  2.794431e+01 -1.795709e+02  1.800000e+01
   endloop
 endfacet
 facet normal  0.000000e+00  0.000000e+00 -1.000000e+00
   outer loop
     vertex  2.560000e+01 -1.770000e+02  1.800000e+01
     vertex  2.794431e+01 -1.795709e+02  1.800000e+01
     vertex  2.793331e+01 -1.796275e+02  1.800000e+01
   endloop
 endfacet
 facet normal  0.000000e+00  0.000000e+00 -1.000000e+00
   outer loop
     vertex  2.560000e+01 -1.770000e+02  1.800000e+01
     vertex  2.793331e+01 -1.796275e+02  1.800000e+01
     vertex  2.792387e+01 -1.796843e+02  1.800000e+01
   endloop
 endfacet
 facet normal  0.000000e+00  0.000000e+00 -1.000000e+00
   outer loop
     vertex  2.560000e+01 -1.770000e+02  1.800000e+01
     vertex  2.792387e+01 -1.796843e+02  1.800000e+01
     vertex  2.791599e+01 -1.797414e+02  1.800000e+01
   endloop
 endfacet
 facet normal  0.000000e+00  0.000000e+00 -1.000000e+00
   outer loop
     vertex  2.560000e+01 -1.770000e+02  1.800000e+01
     vertex  2.791599e+01 -1.797414e+02  1.800000e+01
     vertex  2.790968e+01 -1.797986e+02  1.800000e+01
   endloop
 endfacet
 facet normal  0.000000e+00  0.000000e+00 -1.000000e+00
   outer loop
     vertex  2.560000e+01 -1.770000e+02  1.800000e+01
     vertex  2.790968e+01 -1.797986e+02  1.800000e+01
     vertex  2.790494e+01 -1.798561e+02  1.800000e+01
   endloop
 endfacet
 facet normal  0.000000e+00  0.000000e+00 -1.000000e+00
   outer loop
     vertex  2.560000e+01 -1.770000e+02  1.800000e+01
     vertex  2.790494e+01 -1.798561e+02  1.800000e+01
     vertex  2.790178e+01 -1.799136e+02  1.800000e+01
   endloop
 endfacet
 facet normal  0.000000e+00  0.000000e+00 -1.000000e+00
   outer loop
     vertex  2.560000e+01 -1.770000e+02  1.800000e+01
     vertex  2.790178e+01 -1.799136e+02  1.800000e+01
     vertex  2.790020e+01 -1.799712e+02  1.800000e+01
   endloop
 endfacet
 facet normal  0.000000e+00  0.000000e+00 -1.000000e+00
   outer loop
     vertex  2.560000e+01 -1.770000e+02  1.800000e+01
     vertex  2.790020e+01 -1.799712e+02  1.800000e+01
     vertex  2.790020e+01 -1.800288e+02  1.800000e+01
   endloop
 endfacet
 facet normal  0.000000e+00  0.000000e+00 -1.000000e+00
   outer loop
     vertex  2.560000e+01 -1.770000e+02  1.800000e+01
     vertex  2.790020e+01 -1.800288e+02  1.800000e+01
     vertex  2.560000e+01 -1.830000e+02  1.800000e+01
   endloop
 endfacet
 facet normal  0.000000e+00 -0.000000e+00 -1.000000e+00
   outer loop
     vertex  3.063797e+01 -1.820007e+02  1.800000e+01
     vertex  3.300000e+01 -1.844000e+02  1.800000e+01
     vertex  3.058284e+01 -1.820175e+02  1.800000e+01
   endloop
 endfacet
 facet normal -0.000000e+00  0.000000e+00 -1.000000e+00
   outer loop
     vertex  2.800367e+01 -1.793483e+02  1.800000e+01
     vertex  2.798655e+01 -1.794033e+02  1.800000e+01
     vertex  2.560000e+01 -1.770000e+02  1.800000e+01
   endloop
 endfacet
 facet normal  0.000000e+00 -0.000000e+00 -1.000000e+00
   outer loop
     vertex  3.069261e+01 -1.819825e+02  1.800000e+01
     vertex  3.300000e+01 -1.844000e+02  1.800000e+01
     vertex  3.063797e+01 -1.820007e+02  1.800000e+01
   endloop
 endfacet
 facet normal -0.000000e+00  0.000000e+00 -1.000000e+00
   outer loop
     vertex  2.802230e+01 -1.792938e+02  1.800000e+01
     vertex  2.800367e+01 -1.793483e+02  1.800000e+01
     vertex  2.560000e+01 -1.770000e+02  1.800000e+01
   endloop
 endfacet
 facet normal  0.000000e+00 -0.000000e+00 -1.000000e+00
   outer loop
     vertex  3.074674e+01 -1.819627e+02  1.800000e+01
     vertex  3.300000e+01 -1.844000e+02  1.800000e+01
     vertex  3.069261e+01 -1.819825e+02  1.800000e+01
   endloop
 endfacet
 facet normal -0.000000e+00  0.000000e+00 -1.000000e+00
   outer loop
     vertex  2.804242e+01 -1.792398e+02  1.800000e+01
     vertex  2.802230e+01 -1.792938e+02  1.800000e+01
     vertex  2.560000e+01 -1.770000e+02  1.800000e+01
   endloop
 endfacet
 facet normal  0.000000e+00 -0.000000e+00 -1.000000e+00
   outer loop
     vertex  3.080031e+01 -1.819415e+02  1.800000e+01
     vertex  3.300000e+01 -1.844000e+02  1.800000e+01
     vertex  3.074674e+01 -1.819627e+02  1.800000e+01
   endloop
 endfacet
 facet normal -0.000000e+00  0.000000e+00 -1.000000e+00
   outer loop
     vertex  2.806401e+01 -1.791864e+02  1.800000e+01
     vertex  2.804242e+01 -1.792398e+02  1.800000e+01
     vertex  2.560000e+01 -1.770000e+02  1.800000e+01
   endloop
 endfacet
 facet normal  0.000000e+00 -0.000000e+00 -1.000000e+00
   outer loop
     vertex  3.085327e+01 -1.819188e+02  1.800000e+01
     vertex  3.300000e+01 -1.844000e+02  1.800000e+01
     vertex  3.080031e+01 -1.819415e+02  1.800000e+01
   endloop
 endfacet
 facet normal -0.000000e+00  0.000000e+00 -1.000000e+00
   outer loop
     vertex  2.808706e+01 -1.791336e+02  1.800000e+01
     vertex  2.806401e+01 -1.791864e+02  1.800000e+01
     vertex  2.560000e+01 -1.770000e+02  1.800000e+01
   endloop
 endfacet
 facet normal  0.000000e+00 -0.000000e+00 -1.000000e+00
   outer loop
     vertex  3.090559e+01 -1.818947e+02  1.800000e+01
     vertex  3.300000e+01 -1.844000e+02  1.800000e+01
     vertex  3.085327e+01 -1.819188e+02  1.800000e+01
   endloop
 endfacet
 facet normal -0.000000e+00  0.000000e+00 -1.000000e+00
   outer loop
     vertex  2.811155e+01 -1.790814e+02  1.800000e+01
     vertex  2.808706e+01 -1.791336e+02  1.800000e+01
     vertex  2.560000e+01 -1.770000e+02  1.800000e+01
   endloop
 endfacet
 facet normal  0.000000e+00 -0.000000e+00 -1.000000e+00
   outer loop
     vertex  3.095723e+01 -1.818691e+02  1.800000e+01
     vertex  3.300000e+01 -1.844000e+02  1.800000e+01
     vertex  3.090559e+01 -1.818947e+02  1.800000e+01
   endloop
 endfacet
 facet normal -0.000000e+00  0.000000e+00 -1.000000e+00
   outer loop
     vertex  2.813746e+01 -1.790300e+02  1.800000e+01
     vertex  2.811155e+01 -1.790814e+02  1.800000e+01
     vertex  2.560000e+01 -1.770000e+02  1.800000e+01
   endloop
 endfacet
 facet normal  0.000000e+00 -0.000000e+00 -1.000000e+00
   outer loop
     vertex  3.100815e+01 -1.818422e+02  1.800000e+01
     vertex  3.300000e+01 -1.844000e+02  1.800000e+01
     vertex  3.095723e+01 -1.818691e+02  1.800000e+01
   endloop
 endfacet
 facet normal -0.000000e+00  0.000000e+00 -1.000000e+00
   outer loop
     vertex  2.816477e+01 -1.789792e+02  1.800000e+01
     vertex  2.813746e+01 -1.790300e+02  1.800000e+01
     vertex  2.560000e+01 -1.770000e+02  1.800000e+01
   endloop
 endfacet
 facet normal  0.000000e+00 -0.000000e+00 -1.000000e+00
   outer loop
     vertex  3.105831e+01 -1.818138e+02  1.800000e+01
     vertex  3.300000e+01 -1.844000e+02  1.800000e+01
     vertex  3.100815e+01 -1.818422e+02  1.800000e+01
   endloop
 endfacet
 facet normal -0.000000e+00  0.000000e+00 -1.000000e+00
   outer loop
     vertex  2.819347e+01 -1.789293e+02  1.800000e+01
     vertex  2.816477e+01 -1.789792e+02  1.800000e+01
     vertex  2.560000e+01 -1.770000e+02  1.800000e+01
   endloop
 endfacet
 facet normal  0.000000e+00 -0.000000e+00 -1.000000e+00
   outer loop
     vertex  3.110767e+01 -1.817841e+02  1.800000e+01
     vertex  3.300000e+01 -1.844000e+02  1.800000e+01
     vertex  3.105831e+01 -1.818138e+02  1.800000e+01
   endloop
 endfacet
 facet normal -0.000000e+00  0.000000e+00 -1.000000e+00
   outer loop
     vertex  2.822352e+01 -1.788801e+02  1.800000e+01
     vertex  2.819347e+01 -1.789293e+02  1.800000e+01
     vertex  2.560000e+01 -1.770000e+02  1.800000e+01
   endloop
 endfacet
 facet normal  0.000000e+00 -0.000000e+00 -1.000000e+00
   outer loop
     vertex  3.115620e+01 -1.817531e+02  1.800000e+01
     vertex  3.300000e+01 -1.844000e+02  1.800000e+01
     vertex  3.110767e+01 -1.817841e+02  1.800000e+01
   endloop
 endfacet
 facet normal -0.000000e+00  0.000000e+00 -1.000000e+00
   outer loop
     vertex  2.825491e+01 -1.788318e+02  1.800000e+01
     vertex  2.822352e+01 -1.788801e+02  1.800000e+01
     vertex  2.560000e+01 -1.770000e+02  1.800000e+01
   endloop
 endfacet
 facet normal  0.000000e+00 -0.000000e+00 -1.000000e+00
   outer loop
     vertex  3.120385e+01 -1.817207e+02  1.800000e+01
     vertex  3.300000e+01 -1.844000e+02  1.800000e+01
     vertex  3.115620e+01 -1.817531e+02  1.800000e+01
   endloop
 endfacet
 facet normal -0.000000e+00  0.000000e+00 -1.000000e+00
   outer loop
     vertex  2.828762e+01 -1.787844e+02  1.800000e+01
     vertex  2.825491e+01 -1.788318e+02  1.800000e+01
     vertex  2.560000e+01 -1.770000e+02  1.800000e+01
   endloop
 endfacet
 facet normal  0.000000e+00 -0.000000e+00 -1.000000e+00
   outer loop
     vertex  3.125061e+01 -1.816870e+02  1.800000e+01
     vertex  3.300000e+01 -1.844000e+02  1.800000e+01
     vertex  3.120385e+01 -1.817207e+02  1.800000e+01
   endloop
 endfacet
 facet normal -0.000000e+00  0.000000e+00 -1.000000e+00
   outer loop
     vertex  2.832161e+01 -1.787379e+02  1.800000e+01
     vertex  2.828762e+01 -1.787844e+02  1.800000e+01
     vertex  2.560000e+01 -1.770000e+02  1.800000e+01
   endloop
 endfacet
 facet normal  0.000000e+00 -0.000000e+00 -1.000000e+00
   outer loop
     vertex  3.129642e+01 -1.816521e+02  1.800000e+01
     vertex  3.300000e+01 -1.844000e+02  1.800000e+01
     vertex  3.125061e+01 -1.816870e+02  1.800000e+01
   endloop
 endfacet
 facet normal -0.000000e+00  0.000000e+00 -1.000000e+00
   outer loop
     vertex  2.835687e+01 -1.786923e+02  1.800000e+01
     vertex  2.832161e+01 -1.787379e+02  1.800000e+01
     vertex  2.560000e+01 -1.770000e+02  1.800000e+01
   endloop
 endfacet
 facet normal  0.000000e+00 -0.000000e+00 -1.000000e+00
   outer loop
     vertex  3.134125e+01 -1.816159e+02  1.800000e+01
     vertex  3.300000e+01 -1.844000e+02  1.800000e+01
     vertex  3.129642e+01 -1.816521e+02  1.800000e+01
   endloop
 endfacet
 facet normal -0.000000e+00  0.000000e+00 -1.000000e+00
   outer loop
     vertex  2.839337e+01 -1.786477e+02  1.800000e+01
     vertex  2.835687e+01 -1.786923e+02  1.800000e+01
     vertex  2.560000e+01 -1.770000e+02  1.800000e+01
   endloop
 endfacet
 facet normal  0.000000e+00 -0.000000e+00 -1.000000e+00
   outer loop
     vertex  3.138508e+01 -1.815785e+02  1.800000e+01
     vertex  3.300000e+01 -1.844000e+02  1.800000e+01
     vertex  3.134125e+01 -1.816159e+02  1.800000e+01
   endloop
 endfacet
 facet normal -0.000000e+00  0.000000e+00 -1.000000e+00
   outer loop
     vertex  2.843107e+01 -1.786041e+02  1.800000e+01
     vertex  2.839337e+01 -1.786477e+02  1.800000e+01
     vertex  2.560000e+01 -1.770000e+02  1.800000e+01
   endloop
 endfacet
 facet normal  0.000000e+00 -0.000000e+00 -1.000000e+00
   outer loop
     vertex  3.142786e+01 -1.815399e+02  1.800000e+01
     vertex  3.300000e+01 -1.844000e+02  1.800000e+01
     vertex  3.138508e+01 -1.815785e+02  1.800000e+01
   endloop
 endfacet
 facet normal -0.000000e+00  0.000000e+00 -1.000000e+00
   outer loop
     vertex  2.846995e+01 -1.785616e+02  1.800000e+01
     vertex  2.843107e+01 -1.786041e+02  1.800000e+01
     vertex  2.560000e+01 -1.770000e+02  1.800000e+01
   endloop
 endfacet
 facet normal  0.000000e+00 -0.000000e+00 -1.000000e+00
   outer loop
     vertex  3.146957e+01 -1.815001e+02  1.800000e+01
     vertex  3.300000e+01 -1.844000e+02  1.800000e+01
     vertex  3.142786e+01 -1.815399e+02  1.800000e+01
   endloop
 endfacet
 facet normal -0.000000e+00  0.000000e+00 -1.000000e+00
   outer loop
     vertex  2.850999e+01 -1.785202e+02  1.800000e+01
     vertex  2.846995e+01 -1.785616e+02  1.800000e+01
     vertex  2.560000e+01 -1.770000e+02  1.800000e+01
   endloop
 endfacet
 facet normal  0.000000e+00  0.000000e+00 -1.000000e+00
   outer loop
     vertex  2.000000e+01 -1.700000e+02  1.800000e+01
     vertex  2.560000e+01 -1.770000e+02  1.800000e+01
     vertex  2.000000e+01 -1.770000e+02  1.800000e+01
   endloop
 endfacet
 facet normal  0.000000e+00  0.000000e+00 -1.000000e+00
   outer loop
     vertex  4.000000e+01 -1.900000e+02  1.800000e+01
     vertex  3.300000e+01 -1.900000e+02  1.800000e+01
     vertex  3.300000e+01 -1.844000e+02  1.800000e+01
   endloop
 endfacet
 facet normal -0.000000e+00  0.000000e+00 -1.000000e+00
   outer loop
     vertex  2.700000e+01 -1.756000e+02  1.800000e+01
     vertex  2.560000e+01 -1.770000e+02  1.800000e+01
     vertex  2.000000e+01 -1.700000e+02  1.800000e+01
   endloop
 endfacet
 facet normal  0.000000e+00  0.000000e+00 -1.000000e+00
   outer loop
     vertex  2.700000e+01 -1.756000e+02  1.800000e+01
     vertex  2.938954e+01 -1.779907e+02  1.800000e+01
     vertex  2.933465e+01 -1.780082e+02  1.800000e+01
   endloop
 endfacet
 facet normal  0.000000e+00  0.000000e+00 -1.000000e+00
   outer loop
     vertex  2.700000e+01 -1.756000e+02  1.800000e+01
     vertex  2.933465e+01 -1.780082e+02  1.800000e+01
     vertex  2.928025e+01 -1.780272e+02  1.800000e+01
   endloop
 endfacet
 facet normal  0.000000e+00  0.000000e+00 -1.000000e+00
   outer loop
     vertex  2.700000e+01 -1.756000e+02  1.800000e+01
     vertex  2.928025e+01 -1.780272e+02  1.800000e+01
     vertex  2.922640e+01 -1.780477e+02  1.800000e+01
   endloop
 endfacet
 facet normal  0.000000e+00  0.000000e+00 -1.000000e+00
   outer loop
     vertex  2.700000e+01 -1.756000e+02  1.800000e+01
     vertex  2.922640e+01 -1.780477e+02  1.800000e+01
     vertex  2.917313e+01 -1.780696e+02  1.800000e+01
   endloop
 endfacet
 facet normal  0.000000e+00  0.000000e+00 -1.000000e+00
   outer loop
     vertex  2.700000e+01 -1.756000e+02  1.800000e+01
     vertex  2.917313e+01 -1.780696e+02  1.800000e+01
     vertex  2.912049e+01 -1.780931e+02  1.800000e+01
   endloop
 endfacet
 facet normal  0.000000e+00  0.000000e+00 -1.000000e+00
   outer loop
     vertex  2.700000e+01 -1.756000e+02  1.800000e+01
     vertex  2.912049e+01 -1.780931e+02  1.800000e+01
     vertex  2.906850e+01 -1.781179e+02  1.800000e+01
   endloop
 endfacet
 facet normal  0.000000e+00  0.000000e+00 -1.000000e+00
   outer loop
     vertex  2.700000e+01 -1.756000e+02  1.800000e+01
     vertex  2.906850e+01 -1.781179e+02  1.800000e+01
     vertex  2.901722e+01 -1.781442e+02  1.800000e+01
   endloop
 endfacet
 facet normal  0.000000e+00  0.000000e+00 -1.000000e+00
   outer loop
     vertex  2.700000e+01 -1.756000e+02  1.800000e+01
     vertex  2.901722e+01 -1.781442e+02  1.800000e+01
     vertex  2.896668e+01 -1.781718e+02  1.800000e+01
   endloop
 endfacet
 facet normal  0.000000e+00  0.000000e+00 -1.000000e+00
   outer loop
     vertex  2.700000e+01 -1.756000e+02  1.800000e+01
     vertex  2.896668e+01 -1.781718e+02  1.800000e+01
     vertex  2.891691e+01 -1.782009e+02  1.800000e+01
   endloop
 endfacet
 facet normal  0.000000e+00  0.000000e+00 -1.000000e+00
   outer loop
     vertex  2.700000e+01 -1.756000e+02  1.800000e+01
     vertex  2.891691e+01 -1.782009e+02  1.800000e+01
     vertex  2.886796e+01 -1.782312e+02  1.800000e+01
   endloop
 endfacet
 facet normal  0.000000e+00  0.000000e+00 -1.000000e+00
   outer loop
     vertex  2.700000e+01 -1.756000e+02  1.800000e+01
     vertex  2.886796e+01 -1.782312e+02  1.800000e+01
     vertex  2.881986e+01 -1.782630e+02  1.800000e+01
   endloop
 endfacet
 facet normal  0.000000e+00  0.000000e+00 -1.000000e+00
   outer loop
     vertex  2.700000e+01 -1.756000e+02  1.800000e+01
     vertex  2.881986e+01 -1.782630e+02  1.800000e+01
     vertex  2.877265e+01 -1.782960e+02  1.800000e+01
   endloop
 endfacet
 facet normal  0.000000e+00  0.000000e+00 -1.000000e+00
   outer loop
     vertex  2.700000e+01 -1.756000e+02  1.800000e+01
     vertex  2.877265e+01 -1.782960e+02  1.800000e+01
     vertex  2.872637e+01 -1.783303e+02  1.800000e+01
   endloop
 endfacet
 facet normal  0.000000e+00  0.000000e+00 -1.000000e+00
   outer loop
     vertex  2.700000e+01 -1.756000e+02  1.800000e+01
     vertex  2.872637e+01 -1.783303e+02  1.800000e+01
     vertex  2.868104e+01 -1.783659e+02  1.800000e+01
   endloop
 endfacet
 facet normal  0.000000e+00  0.000000e+00 -1.000000e+00
   outer loop
     vertex  2.700000e+01 -1.756000e+02  1.800000e+01
     vertex  2.868104e+01 -1.783659e+02  1.800000e+01
     vertex  2.863671e+01 -1.784027e+02  1.800000e+01
   endloop
 endfacet
 facet normal  0.000000e+00 -0.000000e+00 -1.000000e+00
   outer loop
     vertex  2.700000e+01 -1.756000e+02  1.800000e+01
     vertex  2.850999e+01 -1.785202e+02  1.800000e+01
     vertex  2.560000e+01 -1.770000e+02  1.800000e+01
   endloop
 endfacet
 facet normal  0.000000e+00  0.000000e+00 -1.000000e+00
   outer loop
     vertex  2.700000e+01 -1.756000e+02  1.800000e+01
     vertex  2.863671e+01 -1.784027e+02  1.800000e+01
     vertex  2.859340e+01 -1.784407e+02  1.800000e+01
   endloop
 endfacet
 facet normal  0.000000e+00  0.000000e+00 -1.000000e+00
   outer loop
     vertex  2.700000e+01 -1.756000e+02  1.800000e+01
     vertex  2.859340e+01 -1.784407e+02  1.800000e+01
     vertex  2.855115e+01 -1.784799e+02  1.800000e+01
   endloop
 endfacet
 facet normal  0.000000e+00  0.000000e+00 -1.000000e+00
   outer loop
     vertex  2.700000e+01 -1.756000e+02  1.800000e+01
     vertex  2.855115e+01 -1.784799e+02  1.800000e+01
     vertex  2.850999e+01 -1.785202e+02  1.800000e+01
   endloop
 endfacet
 facet normal  0.000000e+00  0.000000e+00 -1.000000e+00
   outer loop
     vertex  3.440000e+01 -1.830000e+02  1.800000e+01
     vertex  3.151017e+01 -1.814592e+02  1.800000e+01
     vertex  3.154963e+01 -1.814173e+02  1.800000e+01
   endloop
 endfacet
 facet normal  0.000000e+00  0.000000e+00 -1.000000e+00
   outer loop
     vertex  3.440000e+01 -1.830000e+02  1.800000e+01
     vertex  3.154963e+01 -1.814173e+02  1.800000e+01
     vertex  3.158793e+01 -1.813742e+02  1.800000e+01
   endloop
 endfacet
 facet normal  0.000000e+00  0.000000e+00 -1.000000e+00
   outer loop
     vertex  3.440000e+01 -1.830000e+02  1.800000e+01
     vertex  3.158793e+01 -1.813742e+02  1.800000e+01
     vertex  3.162503e+01 -1.813301e+02  1.800000e+01
   endloop
 endfacet
 facet normal  0.000000e+00  0.000000e+00 -1.000000e+00
   outer loop
     vertex  3.440000e+01 -1.830000e+02  1.800000e+01
     vertex  3.162503e+01 -1.813301e+02  1.800000e+01
     vertex  3.166091e+01 -1.812851e+02  1.800000e+01
   endloop
 endfacet
 facet normal  0.000000e+00  0.000000e+00 -1.000000e+00
   outer loop
     vertex  3.440000e+01 -1.830000e+02  1.800000e+01
     vertex  3.166091e+01 -1.812851e+02  1.800000e+01
     vertex  3.169554e+01 -1.812390e+02  1.800000e+01
   endloop
 endfacet
 facet normal  0.000000e+00  0.000000e+00 -1.000000e+00
   outer loop
     vertex  3.440000e+01 -1.830000e+02  1.800000e+01
     vertex  3.169554e+01 -1.812390e+02  1.800000e+01
     vertex  3.172890e+01 -1.811920e+02  1.800000e+01
   endloop
 endfacet
 facet normal  0.000000e+00  0.000000e+00 -1.000000e+00
   outer loop
     vertex  3.440000e+01 -1.830000e+02  1.800000e+01
     vertex  3.172890e+01 -1.811920e+02  1.800000e+01
     vertex  3.176095e+01 -1.811441e+02  1.800000e+01
   endloop
 endfacet
 facet normal  0.000000e+00  0.000000e+00 -1.000000e+00
   outer loop
     vertex  3.440000e+01 -1.830000e+02  1.800000e+01
     vertex  3.176095e+01 -1.811441e+02  1.800000e+01
     vertex  3.179167e+01 -1.810954e+02  1.800000e+01
   endloop
 endfacet
 facet normal  0.000000e+00  0.000000e+00 -1.000000e+00
   outer loop
     vertex  3.440000e+01 -1.830000e+02  1.800000e+01
     vertex  3.179167e+01 -1.810954e+02  1.800000e+01
     vertex  3.182105e+01 -1.810458e+02  1.800000e+01
   endloop
 endfacet
 facet normal  0.000000e+00  0.000000e+00 -1.000000e+00
   outer loop
     vertex  3.440000e+01 -1.830000e+02  1.800000e+01
     vertex  3.182105e+01 -1.810458e+02  1.800000e+01
     vertex  3.184906e+01 -1.809955e+02  1.800000e+01
   endloop
 endfacet
 facet normal  0.000000e+00  0.000000e+00 -1.000000e+00
   outer loop
     vertex  3.440000e+01 -1.830000e+02  1.800000e+01
     vertex  3.184906e+01 -1.809955e+02  1.800000e+01
     vertex  3.187567e+01 -1.809444e+02  1.800000e+01
   endloop
 endfacet
 facet normal  0.000000e+00  0.000000e+00 -1.000000e+00
   outer loop
     vertex  3.440000e+01 -1.830000e+02  1.800000e+01
     vertex  3.187567e+01 -1.809444e+02  1.800000e+01
     vertex  3.190087e+01 -1.808926e+02  1.800000e+01
   endloop
 endfacet
 facet normal  0.000000e+00 -0.000000e+00 -1.000000e+00
   outer loop
     vertex  3.440000e+01 -1.830000e+02  1.800000e+01
     vertex  4.000000e+01 -1.900000e+02  1.800000e+01
     vertex  3.300000e+01 -1.844000e+02  1.800000e+01
   endloop
 endfacet
 facet normal  0.000000e+00  0.000000e+00 -1.000000e+00
   outer loop
     vertex  3.440000e+01 -1.830000e+02  1.800000e+01
     vertex  3.190087e+01 -1.808926e+02  1.800000e+01
     vertex  3.192464e+01 -1.808401e+02  1.800000e+01
   endloop
 endfacet
 facet normal  0.000000e+00  0.000000e+00 -1.000000e+00
   outer loop
     vertex  3.440000e+01 -1.830000e+02  1.800000e+01
     vertex  3.192464e+01 -1.808401e+02  1.800000e+01
     vertex  3.194697e+01 -1.807870e+02  1.800000e+01
   endloop
 endfacet
 facet normal  0.000000e+00  0.000000e+00 -1.000000e+00
   outer loop
     vertex  3.440000e+01 -1.830000e+02  1.800000e+01
     vertex  3.194697e+01 -1.807870e+02  1.800000e+01
     vertex  3.196782e+01 -1.807333e+02  1.800000e+01
   endloop
 endfacet
 facet normal  0.000000e+00  0.000000e+00 -1.000000e+00
   outer loop
     vertex  3.440000e+01 -1.830000e+02  1.800000e+01
     vertex  3.196782e+01 -1.807333e+02  1.800000e+01
     vertex  3.198720e+01 -1.806790e+02  1.800000e+01
   endloop
 endfacet
 facet normal  0.000000e+00  0.000000e+00 -1.000000e+00
   outer loop
     vertex  3.440000e+01 -1.830000e+02  1.800000e+01
     vertex  3.198720e+01 -1.806790e+02  1.800000e+01
     vertex  3.200508e+01 -1.806242e+02  1.800000e+01
   endloop
 endfacet
 facet normal -0.000000e+00  0.000000e+00 -1.000000e+00
   outer loop
     vertex  3.440000e+01 -1.830000e+02  1.800000e+01
     vertex  3.300000e+01 -1.844000e+02  1.800000e+01
     vertex  3.146957e+01 -1.815001e+02  1.800000e+01
   endloop
 endfacet
 facet normal  0.000000e+00  0.000000e+00 -1.000000e+00
   outer loop
     vertex  3.440000e+01 -1.830000e+02  1.800000e+01
     vertex  3.146957e+01 -1.815001e+02  1.800000e+01
     vertex  3.151017e+01 -1.814592e+02  1.800000e+01
   endloop
 endfacet
 facet normal  0.000000e+00 -0.000000e+00 -1.000000e+00
   outer loop
     vertex  3.202145e+01 -1.805690e+02  1.800000e+01
     vertex  3.440000e+01 -1.830000e+02  1.800000e+01
     vertex  3.200508e+01 -1.806242e+02  1.800000e+01
   endloop
 endfacet
 facet normal -0.000000e+00  0.000000e+00 -1.000000e+00
   outer loop
     vertex  2.944489e+01 -1.779747e+02  1.800000e+01
     vertex  2.938954e+01 -1.779907e+02  1.800000e+01
     vertex  2.700000e+01 -1.756000e+02  1.800000e+01
   endloop
 endfacet
 facet normal  0.000000e+00 -0.000000e+00 -1.000000e+00
   outer loop
     vertex  3.203630e+01 -1.805133e+02  1.800000e+01
     vertex  3.440000e+01 -1.830000e+02  1.800000e+01
     vertex  3.202145e+01 -1.805690e+02  1.800000e+01
   endloop
 endfacet
 facet normal -0.000000e+00  0.000000e+00 -1.000000e+00
   outer loop
     vertex  2.950067e+01 -1.779602e+02  1.800000e+01
     vertex  2.944489e+01 -1.779747e+02  1.800000e+01
     vertex  2.700000e+01 -1.756000e+02  1.800000e+01
   endloop
 endfacet
 facet normal  0.000000e+00 -0.000000e+00 -1.000000e+00
   outer loop
     vertex  3.204961e+01 -1.804573e+02  1.800000e+01
     vertex  3.440000e+01 -1.830000e+02  1.800000e+01
     vertex  3.203630e+01 -1.805133e+02  1.800000e+01
   endloop
 endfacet
 facet normal -0.000000e+00  0.000000e+00 -1.000000e+00
   outer loop
     vertex  2.955681e+01 -1.779473e+02  1.800000e+01
     vertex  2.950067e+01 -1.779602e+02  1.800000e+01
     vertex  2.700000e+01 -1.756000e+02  1.800000e+01
   endloop
 endfacet
 facet normal  0.000000e+00 -0.000000e+00 -1.000000e+00
   outer loop
     vertex  3.206139e+01 -1.804009e+02  1.800000e+01
     vertex  3.440000e+01 -1.830000e+02  1.800000e+01
     vertex  3.204961e+01 -1.804573e+02  1.800000e+01
   endloop
 endfacet
 facet normal -0.000000e+00  0.000000e+00 -1.000000e+00
   outer loop
     vertex  2.961329e+01 -1.779359e+02  1.800000e+01
     vertex  2.955681e+01 -1.779473e+02  1.800000e+01
     vertex  2.700000e+01 -1.756000e+02  1.800000e+01
   endloop
 endfacet
 facet normal  0.000000e+00 -0.000000e+00 -1.000000e+00
   outer loop
     vertex  3.207161e+01 -1.803442e+02  1.800000e+01
     vertex  3.440000e+01 -1.830000e+02  1.800000e+01
     vertex  3.206139e+01 -1.804009e+02  1.800000e+01
   endloop
 endfacet
 facet normal -0.000000e+00  0.000000e+00 -1.000000e+00
   outer loop
     vertex  2.967006e+01 -1.779261e+02  1.800000e+01
     vertex  2.961329e+01 -1.779359e+02  1.800000e+01
     vertex  2.700000e+01 -1.756000e+02  1.800000e+01
   endloop
 endfacet
 facet normal  0.000000e+00 -0.000000e+00 -1.000000e+00
   outer loop
     vertex  3.208027e+01 -1.802872e+02  1.800000e+01
     vertex  3.440000e+01 -1.830000e+02  1.800000e+01
     vertex  3.207161e+01 -1.803442e+02  1.800000e+01
   endloop
 endfacet
 facet normal -0.000000e+00  0.000000e+00 -1.000000e+00
   outer loop
     vertex  2.972709e+01 -1.779178e+02  1.800000e+01
     vertex  2.967006e+01 -1.779261e+02  1.800000e+01
     vertex  2.700000e+01 -1.756000e+02  1.800000e+01
   endloop
 endfacet
 facet normal  0.000000e+00 -0.000000e+00 -1.000000e+00
   outer loop
     vertex  3.208737e+01 -1.802300e+02  1.800000e+01
     vertex  3.440000e+01 -1.830000e+02  1.800000e+01
     vertex  3.208027e+01 -1.802872e+02  1.800000e+01
   endloop
 endfacet
 facet normal -0.000000e+00  0.000000e+00 -1.000000e+00
   outer loop
     vertex  2.978431e+01 -1.779111e+02  1.800000e+01
     vertex  2.972709e+01 -1.779178e+02  1.800000e+01
     vertex  2.700000e+01 -1.756000e+02  1.800000e+01
   endloop
 endfacet
 facet normal  0.000000e+00 -0.000000e+00 -1.000000e+00
   outer loop
     vertex  3.209289e+01 -1.801727e+02  1.800000e+01
     vertex  3.440000e+01 -1.830000e+02  1.800000e+01
     vertex  3.208737e+01 -1.802300e+02  1.800000e+01
   endloop
 endfacet
 facet normal -0.000000e+00  0.000000e+00 -1.000000e+00
   outer loop
     vertex  2.984170e+01 -1.779060e+02  1.800000e+01
     vertex  2.978431e+01 -1.779111e+02  1.800000e+01
     vertex  2.700000e+01 -1.756000e+02  1.800000e+01
   endloop
 endfacet
 facet normal  0.000000e+00 -0.000000e+00 -1.000000e+00
   outer loop
     vertex  3.209684e+01 -1.801152e+02  1.800000e+01
     vertex  3.440000e+01 -1.830000e+02  1.800000e+01
     vertex  3.209289e+01 -1.801727e+02  1.800000e+01
   endloop
 endfacet
 facet normal -0.000000e+00  0.000000e+00 -1.000000e+00
   outer loop
     vertex  2.989921e+01 -1.779024e+02  1.800000e+01
     vertex  2.984170e+01 -1.779060e+02  1.800000e+01
     vertex  2.700000e+01 -1.756000e+02  1.800000e+01
   endloop
 endfacet
 facet normal  0.000000e+00 -0.000000e+00 -1.000000e+00
   outer loop
     vertex  3.209921e+01 -1.800576e+02  1.800000e+01
     vertex  3.440000e+01 -1.830000e+02  1.800000e+01
     vertex  3.209684e+01 -1.801152e+02  1.800000e+01
   endloop
 endfacet
 facet normal -0.000000e+00  0.000000e+00 -1.000000e+00
   outer loop
     vertex  2.995679e+01 -1.779004e+02  1.800000e+01
     vertex  2.989921e+01 -1.779024e+02  1.800000e+01
     vertex  2.700000e+01 -1.756000e+02  1.800000e+01
   endloop
 endfacet
 facet normal  0.000000e+00 -0.000000e+00 -1.000000e+00
   outer loop
     vertex  3.210000e+01 -1.800000e+02  1.800000e+01
     vertex  3.440000e+01 -1.830000e+02  1.800000e+01
     vertex  3.209921e+01 -1.800576e+02  1.800000e+01
   endloop
 endfacet
 facet normal -0.000000e+00  0.000000e+00 -1.000000e+00
   outer loop
     vertex  3.001440e+01 -1.779000e+02  1.800000e+01
     vertex  2.995679e+01 -1.779004e+02  1.800000e+01
     vertex  2.700000e+01 -1.756000e+02  1.800000e+01
   endloop
 endfacet
 facet normal -0.000000e+00 -0.000000e+00 -1.000000e+00
   outer loop
     vertex  2.700000e+01 -1.700000e+02  1.800000e+01
     vertex  2.700000e+01 -1.756000e+02  1.800000e+01
     vertex  2.000000e+01 -1.700000e+02  1.800000e+01
   endloop
 endfacet
 facet normal -0.000000e+00 -0.000000e+00 -1.000000e+00
   outer loop
     vertex  4.000000e+01 -1.830000e+02  1.800000e+01
     vertex  4.000000e+01 -1.900000e+02  1.800000e+01
     vertex  3.440000e+01 -1.830000e+02  1.800000e+01
   endloop
 endfacet
 facet normal -0.000000e+00  0.000000e+00 -1.000000e+00
   outer loop
     vertex  3.300000e+01 -1.756000e+02  1.800000e+01
     vertex  3.001440e+01 -1.779000e+02  1.800000e+01
     vertex  2.700000e+01 -1.756000e+02  1.800000e+01
   endloop
 endfacet
 facet normal  0.000000e+00  0.000000e+00 -1.000000e+00
   outer loop
     vertex  3.300000e+01 -1.756000e+02  1.800000e+01
     vertex  3.146957e+01 -1.784999e+02  1.800000e+01
     vertex  3.142786e+01 -1.784601e+02  1.800000e+01
   endloop
 endfacet
 facet normal  0.000000e+00  0.000000e+00 -1.000000e+00
   outer loop
     vertex  3.300000e+01 -1.756000e+02  1.800000e+01
     vertex  3.142786e+01 -1.784601e+02  1.800000e+01
     vertex  3.138508e+01 -1.784215e+02  1.800000e+01
   endloop
 endfacet
 facet normal  0.000000e+00  0.000000e+00 -1.000000e+00
   outer loop
     vertex  3.300000e+01 -1.756000e+02  1.800000e+01
     vertex  3.138508e+01 -1.784215e+02  1.800000e+01
     vertex  3.134125e+01 -1.783841e+02  1.800000e+01
   endloop
 endfacet
 facet normal  0.000000e+00  0.000000e+00 -1.000000e+00
   outer loop
     vertex  3.300000e+01 -1.756000e+02  1.800000e+01
     vertex  3.134125e+01 -1.783841e+02  1.800000e+01
     vertex  3.129642e+01 -1.783479e+02  1.800000e+01
   endloop
 endfacet
 facet normal  0.000000e+00  0.000000e+00 -1.000000e+00
   outer loop
     vertex  3.300000e+01 -1.756000e+02  1.800000e+01
     vertex  3.129642e+01 -1.783479e+02  1.800000e+01
     vertex  3.125061e+01 -1.783130e+02  1.800000e+01
   endloop
 endfacet
 facet normal  0.000000e+00  0.000000e+00 -1.000000e+00
   outer loop
     vertex  3.300000e+01 -1.756000e+02  1.800000e+01
     vertex  3.125061e+01 -1.783130e+02  1.800000e+01
     vertex  3.120385e+01 -1.782793e+02  1.800000e+01
   endloop
 endfacet
 facet normal  0.000000e+00  0.000000e+00 -1.000000e+00
   outer loop
     vertex  3.300000e+01 -1.756000e+02  1.800000e+01
     vertex  3.120385e+01 -1.782793e+02  1.800000e+01
     vertex  3.115620e+01 -1.782469e+02  1.800000e+01
   endloop
 endfacet
 facet normal  0.000000e+00  0.000000e+00 -1.000000e+00
   outer loop
     vertex  3.300000e+01 -1.756000e+02  1.800000e+01
     vertex  3.115620e+01 -1.782469e+02  1.800000e+01
     vertex  3.110767e+01 -1.782159e+02  1.800000e+01
   endloop
 endfacet
 facet normal  0.000000e+00  0.000000e+00 -1.000000e+00
   outer loop
     vertex  3.300000e+01 -1.756000e+02  1.800000e+01
     vertex  3.110767e+01 -1.782159e+02  1.800000e+01
     vertex  3.105831e+01 -1.781862e+02  1.800000e+01
   endloop
 endfacet
 facet normal  0.000000e+00  0.000000e+00 -1.000000e+00
   outer loop
     vertex  3.300000e+01 -1.756000e+02  1.800000e+01
     vertex  3.105831e+01 -1.781862e+02  1.800000e+01
     vertex  3.100815e+01 -1.781578e+02  1.800000e+01
   endloop
 endfacet
 facet normal  0.000000e+00  0.000000e+00 -1.000000e+00
   outer loop
     vertex  3.300000e+01 -1.756000e+02  1.800000e+01
     vertex  3.100815e+01 -1.781578e+02  1.800000e+01
     vertex  3.095723e+01 -1.781309e+02  1.800000e+01
   endloop
 endfacet
 facet normal  0.000000e+00  0.000000e+00 -1.000000e+00
   outer loop
     vertex  3.300000e+01 -1.756000e+02  1.800000e+01
     vertex  3.095723e+01 -1.781309e+02  1.800000e+01
     vertex  3.090559e+01 -1.781053e+02  1.800000e+01
   endloop
 endfacet
 facet normal  0.000000e+00  0.000000e+00 -1.000000e+00
   outer loop
     vertex  3.300000e+01 -1.756000e+02  1.800000e+01
     vertex  3.090559e+01 -1.781053e+02  1.800000e+01
     vertex  3.085327e+01 -1.780812e+02  1.800000e+01
   endloop
 endfacet
 facet normal  0.000000e+00  0.000000e+00 -1.000000e+00
   outer loop
     vertex  3.300000e+01 -1.756000e+02  1.800000e+01
     vertex  3.085327e+01 -1.780812e+02  1.800000e+01
     vertex  3.080031e+01 -1.780585e+02  1.800000e+01
   endloop
 endfacet
 facet normal  0.000000e+00  0.000000e+00 -1.000000e+00
   outer loop
     vertex  3.300000e+01 -1.756000e+02  1.800000e+01
     vertex  3.080031e+01 -1.780585e+02  1.800000e+01
     vertex  3.074674e+01 -1.780373e+02  1.800000e+01
   endloop
 endfacet
 facet normal  0.000000e+00  0.000000e+00 -1.000000e+00
   outer loop
     vertex  3.300000e+01 -1.756000e+02  1.800000e+01
     vertex  3.074674e+01 -1.780373e+02  1.800000e+01
     vertex  3.069261e+01 -1.780175e+02  1.800000e+01
   endloop
 endfacet
 facet normal  0.000000e+00  0.000000e+00 -1.000000e+00
   outer loop
     vertex  3.300000e+01 -1.756000e+02  1.800000e+01
     vertex  3.069261e+01 -1.780175e+02  1.800000e+01
     vertex  3.063797e+01 -1.779993e+02  1.800000e+01
   endloop
 endfacet
 facet normal  0.000000e+00  0.000000e+00 -1.000000e+00
   outer loop
     vertex  3.300000e+01 -1.756000e+02  1.800000e+01
     vertex  3.063797e+01 -1.779993e+02  1.800000e+01
     vertex  3.058284e+01 -1.779825e+02  1.800000e+01
   endloop
 endfacet
 facet normal  0.000000e+00  0.000000e+00 -1.000000e+00
   outer loop
     vertex  3.300000e+01 -1.756000e+02  1.800000e+01
     vertex  3.058284e+01 -1.779825e+02  1.800000e+01
     vertex  3.052727e+01 -1.779673e+02  1.800000e+01
   endloop
 endfacet
 facet normal  0.000000e+00  0.000000e+00 -1.000000e+00
   outer loop
     vertex  3.300000e+01 -1.756000e+02  1.800000e+01
     vertex  3.052727e+01 -1.779673e+02  1.800000e+01
     vertex  3.047131e+01 -1.779536e+02  1.800000e+01
   endloop
 endfacet
 facet normal  0.000000e+00  0.000000e+00 -1.000000e+00
   outer loop
     vertex  3.300000e+01 -1.756000e+02  1.800000e+01
     vertex  3.047131e+01 -1.779536e+02  1.800000e+01
     vertex  3.041499e+01 -1.779414e+02  1.800000e+01
   endloop
 endfacet
 facet normal  0.000000e+00  0.000000e+00 -1.000000e+00
   outer loop
     vertex  3.300000e+01 -1.756000e+02  1.800000e+01
     vertex  3.041499e+01 -1.779414e+02  1.800000e+01
     vertex  3.035835e+01 -1.779308e+02  1.800000e+01
   endloop
 endfacet
 facet normal  0.000000e+00  0.000000e+00 -1.000000e+00
   outer loop
     vertex  3.300000e+01 -1.756000e+02  1.800000e+01
     vertex  3.035835e+01 -1.779308e+02  1.800000e+01
     vertex  3.030145e+01 -1.779217e+02  1.800000e+01
   endloop
 endfacet
 facet normal  0.000000e+00  0.000000e+00 -1.000000e+00
   outer loop
     vertex  3.300000e+01 -1.756000e+02  1.800000e+01
     vertex  3.030145e+01 -1.779217e+02  1.800000e+01
     vertex  3.024433e+01 -1.779143e+02  1.800000e+01
   endloop
 endfacet
 facet normal  0.000000e+00  0.000000e+00 -1.000000e+00
   outer loop
     vertex  3.300000e+01 -1.756000e+02  1.800000e+01
     vertex  3.024433e+01 -1.779143e+02  1.800000e+01
     vertex  3.018701e+01 -1.779083e+02  1.800000e+01
   endloop
 endfacet
 facet normal  0.000000e+00  0.000000e+00 -1.000000e+00
   outer loop
     vertex  3.300000e+01 -1.756000e+02  1.800000e+01
     vertex  3.018701e+01 -1.779083e+02  1.800000e+01
     vertex  3.012956e+01 -1.779040e+02  1.800000e+01
   endloop
 endfacet
 facet normal  0.000000e+00  0.000000e+00 -1.000000e+00
   outer loop
     vertex  3.300000e+01 -1.756000e+02  1.800000e+01
     vertex  3.012956e+01 -1.779040e+02  1.800000e+01
     vertex  3.007201e+01 -1.779012e+02  1.800000e+01
   endloop
 endfacet
 facet normal  0.000000e+00  0.000000e+00 -1.000000e+00
   outer loop
     vertex  3.300000e+01 -1.756000e+02  1.800000e+01
     vertex  3.007201e+01 -1.779012e+02  1.800000e+01
     vertex  3.001440e+01 -1.779000e+02  1.800000e+01
   endloop
 endfacet
 facet normal  0.000000e+00  0.000000e+00 -1.000000e+00
   outer loop
     vertex  3.440000e+01 -1.770000e+02  1.800000e+01
     vertex  3.210000e+01 -1.800000e+02  1.800000e+01
     vertex  3.209921e+01 -1.799424e+02  1.800000e+01
   endloop
 endfacet
 facet normal  0.000000e+00  0.000000e+00 -1.000000e+00
   outer loop
     vertex  3.440000e+01 -1.770000e+02  1.800000e+01
     vertex  3.209921e+01 -1.799424e+02  1.800000e+01
     vertex  3.209684e+01 -1.798848e+02  1.800000e+01
   endloop
 endfacet
 facet normal  0.000000e+00  0.000000e+00 -1.000000e+00
   outer loop
     vertex  3.440000e+01 -1.770000e+02  1.800000e+01
     vertex  3.209684e+01 -1.798848e+02  1.800000e+01
     vertex  3.209289e+01 -1.798273e+02  1.800000e+01
   endloop
 endfacet
 facet normal  0.000000e+00  0.000000e+00 -1.000000e+00
   outer loop
     vertex  3.440000e+01 -1.770000e+02  1.800000e+01
     vertex  3.209289e+01 -1.798273e+02  1.800000e+01
     vertex  3.208737e+01 -1.797700e+02  1.800000e+01
   endloop
 endfacet
 facet normal  0.000000e+00  0.000000e+00 -1.000000e+00
   outer loop
     vertex  3.440000e+01 -1.770000e+02  1.800000e+01
     vertex  3.208737e+01 -1.797700e+02  1.800000e+01
     vertex  3.208027e+01 -1.797128e+02  1.800000e+01
   endloop
 endfacet
 facet normal  0.000000e+00 -0.000000e+00 -1.000000e+00
   outer loop
     vertex  3.440000e+01 -1.770000e+02  1.800000e+01
     vertex  3.440000e+01 -1.830000e+02  1.800000e+01
     vertex  3.210000e+01 -1.800000e+02  1.800000e+01
   endloop
 endfacet
 facet normal  0.000000e+00  0.000000e+00 -1.000000e+00
   outer loop
     vertex  3.440000e+01 -1.770000e+02  1.800000e+01
     vertex  3.208027e+01 -1.797128e+02  1.800000e+01
     vertex  3.207161e+01 -1.796558e+02  1.800000e+01
   endloop
 endfacet
 facet normal  0.000000e+00  0.000000e+00 -1.000000e+00
   outer loop
     vertex  3.440000e+01 -1.770000e+02  1.800000e+01
     vertex  3.207161e+01 -1.796558e+02  1.800000e+01
     vertex  3.206139e+01 -1.795991e+02  1.800000e+01
   endloop
 endfacet
 facet normal  0.000000e+00  0.000000e+00 -1.000000e+00
   outer loop
     vertex  3.440000e+01 -1.770000e+02  1.800000e+01
     vertex  3.206139e+01 -1.795991e+02  1.800000e+01
     vertex  3.204961e+01 -1.795427e+02  1.800000e+01
   endloop
 endfacet
 facet normal  0.000000e+00  0.000000e+00 -1.000000e+00
   outer loop
     vertex  3.440000e+01 -1.770000e+02  1.800000e+01
     vertex  3.204961e+01 -1.795427e+02  1.800000e+01
     vertex  3.203630e+01 -1.794867e+02  1.800000e+01
   endloop
 endfacet
 facet normal  0.000000e+00  0.000000e+00 -1.000000e+00
   outer loop
     vertex  3.440000e+01 -1.770000e+02  1.800000e+01
     vertex  3.203630e+01 -1.794867e+02  1.800000e+01
     vertex  3.202145e+01 -1.794310e+02  1.800000e+01
   endloop
 endfacet
 facet normal  0.000000e+00  0.000000e+00 -1.000000e+00
   outer loop
     vertex  3.440000e+01 -1.770000e+02  1.800000e+01
     vertex  3.202145e+01 -1.794310e+02  1.800000e+01
     vertex  3.200508e+01 -1.793758e+02  1.800000e+01
   endloop
 endfacet
 facet normal  0.000000e+00  0.000000e+00 -1.000000e+00
   outer loop
     vertex  3.440000e+01 -1.770000e+02  1.800000e+01
     vertex  3.200508e+01 -1.793758e+02  1.800000e+01
     vertex  3.198720e+01 -1.793210e+02  1.800000e+01
   endloop
 endfacet
 facet normal  0.000000e+00  0.000000e+00 -1.000000e+00
   outer loop
     vertex  3.440000e+01 -1.770000e+02  1.800000e+01
     vertex  3.198720e+01 -1.793210e+02  1.800000e+01
     vertex  3.196782e+01 -1.792667e+02  1.800000e+01
   endloop
 endfacet
 facet normal  0.000000e+00  0.000000e+00 -1.000000e+00
   outer loop
     vertex  3.440000e+01 -1.770000e+02  1.800000e+01
     vertex  3.196782e+01 -1.792667e+02  1.800000e+01
     vertex  3.194697e+01 -1.792130e+02  1.800000e+01
   endloop
 endfacet
 facet normal  0.000000e+00  0.000000e+00 -1.000000e+00
   outer loop
     vertex  3.440000e+01 -1.770000e+02  1.800000e+01
     vertex  3.194697e+01 -1.792130e+02  1.800000e+01
     vertex  3.192464e+01 -1.791599e+02  1.800000e+01
   endloop
 endfacet
 facet normal  0.000000e+00  0.000000e+00 -1.000000e+00
   outer loop
     vertex  3.440000e+01 -1.770000e+02  1.800000e+01
     vertex  3.192464e+01 -1.791599e+02  1.800000e+01
     vertex  3.190087e+01 -1.791074e+02  1.800000e+01
   endloop
 endfacet
 facet normal  0.000000e+00  0.000000e+00 -1.000000e+00
   outer loop
     vertex  3.440000e+01 -1.770000e+02  1.800000e+01
     vertex  3.190087e+01 -1.791074e+02  1.800000e+01
     vertex  3.187567e+01 -1.790556e+02  1.800000e+01
   endloop
 endfacet
 facet normal  0.000000e+00  0.000000e+00 -1.000000e+00
   outer loop
     vertex  3.440000e+01 -1.770000e+02  1.800000e+01
     vertex  3.187567e+01 -1.790556e+02  1.800000e+01
     vertex  3.184906e+01 -1.790045e+02  1.800000e+01
   endloop
 endfacet
 facet normal  0.000000e+00  0.000000e+00 -1.000000e+00
   outer loop
     vertex  3.440000e+01 -1.770000e+02  1.800000e+01
     vertex  3.184906e+01 -1.790045e+02  1.800000e+01
     vertex  3.182105e+01 -1.789542e+02  1.800000e+01
   endloop
 endfacet
 facet normal  0.000000e+00  0.000000e+00 -1.000000e+00
   outer loop
     vertex  3.440000e+01 -1.770000e+02  1.800000e+01
     vertex  3.182105e+01 -1.789542e+02  1.800000e+01
     vertex  3.179167e+01 -1.789046e+02  1.800000e+01
   endloop
 endfacet
 facet normal  0.000000e+00  0.000000e+00 -1.000000e+00
   outer loop
     vertex  3.440000e+01 -1.770000e+02  1.800000e+01
     vertex  3.179167e+01 -1.789046e+02  1.800000e+01
     vertex  3.176095e+01 -1.788559e+02  1.800000e+01
   endloop
 endfacet
 facet normal  0.000000e+00  0.000000e+00 -1.000000e+00
   outer loop
     vertex  3.440000e+01 -1.770000e+02  1.800000e+01
     vertex  3.176095e+01 -1.788559e+02  1.800000e+01
     vertex  3.172890e+01 -1.788080e+02  1.800000e+01
   endloop
 endfacet
 facet normal  0.000000e+00  0.000000e+00 -1.000000e+00
   outer loop
     vertex  3.440000e+01 -1.770000e+02  1.800000e+01
     vertex  3.172890e+01 -1.788080e+02  1.800000e+01
     vertex  3.169554e+01 -1.787610e+02  1.800000e+01
   endloop
 endfacet
 facet normal  0.000000e+00  0.000000e+00 -1.000000e+00
   outer loop
     vertex  3.440000e+01 -1.770000e+02  1.800000e+01
     vertex  3.169554e+01 -1.787610e+02  1.800000e+01
     vertex  3.166091e+01 -1.787149e+02  1.800000e+01
   endloop
 endfacet
 facet normal  0.000000e+00  0.000000e+00 -1.000000e+00
   outer loop
     vertex  3.440000e+01 -1.770000e+02  1.800000e+01
     vertex  3.166091e+01 -1.787149e+02  1.800000e+01
     vertex  3.162503e+01 -1.786699e+02  1.800000e+01
   endloop
 endfacet
 facet normal  0.000000e+00  0.000000e+00 -1.000000e+00
   outer loop
     vertex  3.440000e+01 -1.770000e+02  1.800000e+01
     vertex  3.162503e+01 -1.786699e+02  1.800000e+01
     vertex  3.158793e+01 -1.786258e+02  1.800000e+01
   endloop
 endfacet
 facet normal  0.000000e+00  0.000000e+00 -1.000000e+00
   outer loop
     vertex  3.440000e+01 -1.770000e+02  1.800000e+01
     vertex  3.158793e+01 -1.786258e+02  1.800000e+01
     vertex  3.154963e+01 -1.785827e+02  1.800000e+01
   endloop
 endfacet
 facet normal  0.000000e+00  0.000000e+00 -1.000000e+00
   outer loop
     vertex  3.440000e+01 -1.770000e+02  1.800000e+01
     vertex  3.154963e+01 -1.785827e+02  1.800000e+01
     vertex  3.151017e+01 -1.785408e+02  1.800000e+01
   endloop
 endfacet
 facet normal  0.000000e+00  0.000000e+00 -1.000000e+00
   outer loop
     vertex  3.440000e+01 -1.770000e+02  1.800000e+01
     vertex  3.151017e+01 -1.785408e+02  1.800000e+01
     vertex  3.146957e+01 -1.784999e+02  1.800000e+01
   endloop
 endfacet
 facet normal -0.000000e+00  0.000000e+00 -1.000000e+00
   outer loop
     vertex  3.440000e+01 -1.770000e+02  1.800000e+01
     vertex  3.146957e+01 -1.784999e+02  1.800000e+01
     vertex  3.300000e+01 -1.756000e+02  1.800000e+01
   endloop
 endfacet
 facet normal  0.000000e+00 -0.000000e+00 -1.000000e+00
   outer loop
     vertex  4.000000e+01 -1.700000e+02  1.800000e+01
     vertex  4.000000e+01 -1.770000e+02  1.800000e+01
     vertex  3.440000e+01 -1.770000e+02  1.800000e+01
   endloop
 endfacet
 facet normal -0.000000e+00  0.000000e+00 -1.000000e+00
   outer loop
     vertex  4.000000e+01 -1.700000e+02  1.800000e+01
     vertex  3.300000e+01 -1.756000e+02  1.800000e+01
     vertex  3.300000e+01 -1.700000e+02  1.800000e+01
   endloop
 endfacet
 facet normal  0.000000e+00  0.000000e+00 -1.000000e+00
   outer loop
     vertex  4.000000e+01 -1.700000e+02  1.800000e+01
     vertex  3.440000e+01 -1.770000e+02  1.800000e+01
     vertex  3.300000e+01 -1.756000e+02  1.800000e+01
   endloop
 endfacet
 facet normal -0.000000e+00  0.000000e+00 -1.000000e+00
   outer loop
     vertex  3.000000e+01 -1.844000e+02  3.980000e+02
     vertex  2.700000e+01 -1.900000e+02  3.980000e+02
     vertex  2.700000e+01 -1.844000e+02  3.980000e+02
   endloop
 endfacet
 facet normal  0.000000e+00 -0.000000e+00 -1.000000e+00
   outer loop
     vertex  3.000000e+01 -1.844000e+02  3.980000e+02
     vertex  3.000000e+01 -1.900000e+02  3.980000e+02
     vertex  2.700000e+01 -1.900000e+02  3.980000e+02
   endloop
 endfacet
 facet normal  1.000000e+00  0.000000e+00  0.000000e+00
   outer loop
     vertex  2.700000e+01 -1.900000e+02  3.980000e+02
     vertex  2.700000e+01 -1.900000e+02  1.800000e+01
     vertex  2.700000e+01 -1.844000e+02  1.800000e+01
   endloop
 endfacet
 facet normal  1.000000e+00 -0.000000e+00  0.000000e+00
   outer loop
     vertex  2.700000e+01 -1.900000e+02  3.980000e+02
     vertex  2.700000e+01 -1.844000e+02  1.800000e+01
     vertex  2.700000e+01 -1.844000e+02  3.980000e+02
   endloop
 endfacet
 facet normal  0.000000e+00  0.000000e+00 -1.000000e+00
   outer loop
     vertex  2.846524e+01 -1.814334e+02  3.980000e+02
     vertex  2.854581e+01 -1.815150e+02  3.980000e+02
     vertex  2.850497e+01 -1.814747e+02  3.980000e+02
   endloop
 endfacet
 facet normal  0.000000e+00  0.000000e+00 -1.000000e+00
   outer loop
     vertex  2.863071e+01 -1.815922e+02  3.980000e+02
     vertex  2.858773e+01 -1.815542e+02  3.980000e+02
     vertex  2.854581e+01 -1.815150e+02  3.980000e+02
   endloop
 endfacet
 facet normal  0.000000e+00  0.000000e+00 -1.000000e+00
   outer loop
     vertex  2.838926e+01 -1.813474e+02  3.980000e+02
     vertex  2.846524e+01 -1.814334e+02  3.980000e+02
     vertex  2.842667e+01 -1.813909e+02  3.980000e+02
   endloop
 endfacet
 facet normal  0.000000e+00  0.000000e+00 -1.000000e+00
   outer loop
     vertex  2.835306e+01 -1.813029e+02  3.980000e+02
     vertex  2.854581e+01 -1.815150e+02  3.980000e+02
     vertex  2.846524e+01 -1.814334e+02  3.980000e+02
   endloop
 endfacet
 facet normal  0.000000e+00  0.000000e+00 -1.000000e+00
   outer loop
     vertex  2.835306e+01 -1.813029e+02  3.980000e+02
     vertex  2.846524e+01 -1.814334e+02  3.980000e+02
     vertex  2.838926e+01 -1.813474e+02  3.980000e+02
   endloop
 endfacet
 facet normal  0.000000e+00  0.000000e+00 -1.000000e+00
   outer loop
     vertex  2.876565e+01 -1.816989e+02  3.980000e+02
     vertex  2.867472e+01 -1.816290e+02  3.980000e+02
     vertex  2.863071e+01 -1.815922e+02  3.980000e+02
   endloop
 endfacet
 facet normal  0.000000e+00  0.000000e+00 -1.000000e+00
   outer loop
     vertex  2.876565e+01 -1.816989e+02  3.980000e+02
     vertex  2.871971e+01 -1.816646e+02  3.980000e+02
     vertex  2.867472e+01 -1.816290e+02  3.980000e+02
   endloop
 endfacet
 facet normal  0.000000e+00  0.000000e+00 -1.000000e+00
   outer loop
     vertex  2.828436e+01 -1.812110e+02  3.980000e+02
     vertex  2.835306e+01 -1.813029e+02  3.980000e+02
     vertex  2.831808e+01 -1.812574e+02  3.980000e+02
   endloop
 endfacet
 facet normal  0.000000e+00  0.000000e+00 -1.000000e+00
   outer loop
     vertex  2.886027e+01 -1.817638e+02  3.980000e+02
     vertex  2.881252e+01 -1.817320e+02  3.980000e+02
     vertex  2.876565e+01 -1.816989e+02  3.980000e+02
   endloop
 endfacet
 facet normal  0.000000e+00  0.000000e+00 -1.000000e+00
   outer loop
     vertex  2.890887e+01 -1.817943e+02  3.980000e+02
     vertex  2.863071e+01 -1.815922e+02  3.980000e+02
     vertex  2.854581e+01 -1.815150e+02  3.980000e+02
   endloop
 endfacet
 facet normal  0.000000e+00  0.000000e+00 -1.000000e+00
   outer loop
     vertex  2.890887e+01 -1.817943e+02  3.980000e+02
     vertex  2.876565e+01 -1.816989e+02  3.980000e+02
     vertex  2.863071e+01 -1.815922e+02  3.980000e+02
   endloop
 endfacet
 facet normal  0.000000e+00  0.000000e+00 -1.000000e+00
   outer loop
     vertex  2.890887e+01 -1.817943e+02  3.980000e+02
     vertex  2.886027e+01 -1.817638e+02  3.980000e+02
     vertex  2.876565e+01 -1.816989e+02  3.980000e+02
   endloop
 endfacet
 facet normal  0.000000e+00  0.000000e+00 -1.000000e+00
   outer loop
     vertex  2.819098e+01 -1.810665e+02  3.980000e+02
     vertex  2.835306e+01 -1.813029e+02  3.980000e+02
     vertex  2.828436e+01 -1.812110e+02  3.980000e+02
   endloop
 endfacet
 facet normal  0.000000e+00  0.000000e+00 -1.000000e+00
   outer loop
     vertex  2.819098e+01 -1.810665e+02  3.980000e+02
     vertex  2.825192e+01 -1.811637e+02  3.980000e+02
     vertex  2.822079e+01 -1.811155e+02  3.980000e+02
   endloop
 endfacet
 facet normal  0.000000e+00  0.000000e+00 -1.000000e+00
   outer loop
     vertex  2.819098e+01 -1.810665e+02  3.980000e+02
     vertex  2.828436e+01 -1.812110e+02  3.980000e+02
     vertex  2.825192e+01 -1.811637e+02  3.980000e+02
   endloop
 endfacet
 facet normal  0.000000e+00  0.000000e+00 -1.000000e+00
   outer loop
     vertex  2.905942e+01 -1.818776e+02  3.980000e+02
     vertex  2.895829e+01 -1.818234e+02  3.980000e+02
     vertex  2.890887e+01 -1.817943e+02  3.980000e+02
   endloop
 endfacet
 facet normal  0.000000e+00  0.000000e+00 -1.000000e+00
   outer loop
     vertex  2.905942e+01 -1.818776e+02  3.980000e+02
     vertex  2.900849e+01 -1.818512e+02  3.980000e+02
     vertex  2.895829e+01 -1.818234e+02  3.980000e+02
   endloop
 endfacet
 facet normal  0.000000e+00  0.000000e+00 -1.000000e+00
   outer loop
     vertex  2.810975e+01 -1.809148e+02  3.980000e+02
     vertex  2.816253e+01 -1.810167e+02  3.980000e+02
     vertex  2.813544e+01 -1.809661e+02  3.980000e+02
   endloop
 endfacet
 facet normal  0.000000e+00  0.000000e+00 -1.000000e+00
   outer loop
     vertex  2.810975e+01 -1.809148e+02  3.980000e+02
     vertex  2.819098e+01 -1.810665e+02  3.980000e+02
     vertex  2.816253e+01 -1.810167e+02  3.980000e+02
   endloop
 endfacet
 facet normal  0.000000e+00  0.000000e+00 -1.000000e+00
   outer loop
     vertex  2.911106e+01 -1.819026e+02  3.980000e+02
     vertex  2.905942e+01 -1.818776e+02  3.980000e+02
     vertex  2.890887e+01 -1.817943e+02  3.980000e+02
   endloop
 endfacet
 facet normal  0.000000e+00  0.000000e+00 -1.000000e+00
   outer loop
     vertex  2.806261e+01 -1.808103e+02  3.980000e+02
     vertex  2.810975e+01 -1.809148e+02  3.980000e+02
     vertex  2.808546e+01 -1.808629e+02  3.980000e+02
   endloop
 endfacet
 facet normal  0.000000e+00  0.000000e+00 -1.000000e+00
   outer loop
     vertex  2.921628e+01 -1.819483e+02  3.980000e+02
     vertex  2.916336e+01 -1.819261e+02  3.980000e+02
     vertex  2.911106e+01 -1.819026e+02  3.980000e+02
   endloop
 endfacet
 facet normal  0.000000e+00  0.000000e+00 -1.000000e+00
   outer loop
     vertex  2.800278e+01 -1.806489e+02  3.980000e+02
     vertex  2.804120e+01 -1.807570e+02  3.980000e+02
     vertex  2.802125e+01 -1.807032e+02  3.980000e+02
   endloop
 endfacet
 facet normal  0.000000e+00  0.000000e+00 -1.000000e+00
   outer loop
     vertex  2.800278e+01 -1.806489e+02  3.980000e+02
     vertex  2.806261e+01 -1.808103e+02  3.980000e+02
     vertex  2.804120e+01 -1.807570e+02  3.980000e+02
   endloop
 endfacet
 facet normal  0.000000e+00  0.000000e+00 -1.000000e+00
   outer loop
     vertex  2.800278e+01 -1.806489e+02  3.980000e+02
     vertex  2.810975e+01 -1.809148e+02  3.980000e+02
     vertex  2.806261e+01 -1.808103e+02  3.980000e+02
   endloop
 endfacet
 facet normal  0.000000e+00  0.000000e+00 -1.000000e+00
   outer loop
     vertex  2.937840e+01 -1.820059e+02  3.980000e+02
     vertex  2.932385e+01 -1.819882e+02  3.980000e+02
     vertex  2.926979e+01 -1.819690e+02  3.980000e+02
   endloop
 endfacet
 facet normal  0.000000e+00  0.000000e+00 -1.000000e+00
   outer loop
     vertex  2.943343e+01 -1.820221e+02  3.980000e+02
     vertex  2.926979e+01 -1.819690e+02  3.980000e+02
     vertex  2.921628e+01 -1.819483e+02  3.980000e+02
   endloop
 endfacet
 facet normal  0.000000e+00  0.000000e+00 -1.000000e+00
   outer loop
     vertex  2.943343e+01 -1.820221e+02  3.980000e+02
     vertex  2.937840e+01 -1.820059e+02  3.980000e+02
     vertex  2.926979e+01 -1.819690e+02  3.980000e+02
   endloop
 endfacet
 facet normal  0.000000e+00  0.000000e+00 -1.000000e+00
   outer loop
     vertex  2.797032e+01 -1.805389e+02  3.980000e+02
     vertex  2.800278e+01 -1.806489e+02  3.980000e+02
     vertex  2.798580e+01 -1.805941e+02  3.980000e+02
   endloop
 endfacet
 facet normal  0.000000e+00  0.000000e+00 -1.000000e+00
   outer loop
     vertex  2.795636e+01 -1.804833e+02  3.980000e+02
     vertex  2.819098e+01 -1.810665e+02  3.980000e+02
     vertex  2.810975e+01 -1.809148e+02  3.980000e+02
   endloop
 endfacet
 facet normal  0.000000e+00  0.000000e+00 -1.000000e+00
   outer loop
     vertex  2.795636e+01 -1.804833e+02  3.980000e+02
     vertex  2.810975e+01 -1.809148e+02  3.980000e+02
     vertex  2.800278e+01 -1.806489e+02  3.980000e+02
   endloop
 endfacet
 facet normal  0.000000e+00  0.000000e+00 -1.000000e+00
   outer loop
     vertex  2.795636e+01 -1.804833e+02  3.980000e+02
     vertex  2.800278e+01 -1.806489e+02  3.980000e+02
     vertex  2.797032e+01 -1.805389e+02  3.980000e+02
   endloop
 endfacet
 facet normal  0.000000e+00  0.000000e+00 -1.000000e+00
   outer loop
     vertex  2.954470e+01 -1.820500e+02  3.980000e+02
     vertex  2.948887e+01 -1.820368e+02  3.980000e+02
     vertex  2.943343e+01 -1.820221e+02  3.980000e+02
   endloop
 endfacet
 facet normal  0.000000e+00  0.000000e+00 -1.000000e+00
   outer loop
     vertex  2.954470e+01 -1.820500e+02  3.980000e+02
     vertex  2.943343e+01 -1.820221e+02  3.980000e+02
     vertex  2.921628e+01 -1.819483e+02  3.980000e+02
   endloop
 endfacet
 facet normal  0.000000e+00  0.000000e+00 -1.000000e+00
   outer loop
     vertex  2.971405e+01 -1.820804e+02  3.980000e+02
     vertex  2.965733e+01 -1.820719e+02  3.980000e+02
     vertex  2.960087e+01 -1.820617e+02  3.980000e+02
   endloop
 endfacet
 facet normal  0.000000e+00  0.000000e+00 -1.000000e+00
   outer loop
     vertex  2.791585e+01 -1.802575e+02  3.980000e+02
     vertex  2.793302e+01 -1.803709e+02  3.980000e+02
     vertex  2.792366e+01 -1.803143e+02  3.980000e+02
   endloop
 endfacet
 facet normal  0.000000e+00  0.000000e+00 -1.000000e+00
   outer loop
     vertex  2.791585e+01 -1.802575e+02  3.980000e+02
     vertex  2.794392e+01 -1.804273e+02  3.980000e+02
     vertex  2.793302e+01 -1.803709e+02  3.980000e+02
   endloop
 endfacet
 facet normal  0.000000e+00  0.000000e+00 -1.000000e+00
   outer loop
     vertex  2.791585e+01 -1.802575e+02  3.980000e+02
     vertex  2.795636e+01 -1.804833e+02  3.980000e+02
     vertex  2.794392e+01 -1.804273e+02  3.980000e+02
   endloop
 endfacet
 facet normal  0.000000e+00  0.000000e+00 -1.000000e+00
   outer loop
     vertex  2.988532e+01 -1.820969e+02  3.980000e+02
     vertex  2.977098e+01 -1.820875e+02  3.980000e+02
     vertex  2.971405e+01 -1.820804e+02  3.980000e+02
   endloop
 endfacet
 facet normal  0.000000e+00  0.000000e+00 -1.000000e+00
   outer loop
     vertex  2.988532e+01 -1.820969e+02  3.980000e+02
     vertex  2.982809e+01 -1.820930e+02  3.980000e+02
     vertex  2.977098e+01 -1.820875e+02  3.980000e+02
   endloop
 endfacet
 facet normal  0.000000e+00  0.000000e+00 -1.000000e+00
   outer loop
     vertex  2.790176e+01 -1.800860e+02  3.980000e+02
     vertex  2.790959e+01 -1.802005e+02  3.980000e+02
     vertex  2.790490e+01 -1.801433e+02  3.980000e+02
   endloop
 endfacet
 facet normal  0.000000e+00  0.000000e+00 -1.000000e+00
   outer loop
     vertex  3.000000e+01 -1.821000e+02  3.980000e+02
     vertex  2.994264e+01 -1.820992e+02  3.980000e+02
     vertex  2.988532e+01 -1.820969e+02  3.980000e+02
   endloop
 endfacet
 facet normal  0.000000e+00  0.000000e+00 -1.000000e+00
   outer loop
     vertex  2.790176e+01 -1.799140e+02  3.980000e+02
     vertex  2.790020e+01 -1.800287e+02  3.980000e+02
     vertex  2.790020e+01 -1.799713e+02  3.980000e+02
   endloop
 endfacet
 facet normal  0.000000e+00 -0.000000e+00 -1.000000e+00
   outer loop
     vertex  2.790176e+01 -1.799140e+02  3.980000e+02
     vertex  2.790176e+01 -1.800860e+02  3.980000e+02
     vertex  2.790020e+01 -1.800287e+02  3.980000e+02
   endloop
 endfacet
 facet normal  0.000000e+00 -0.000000e+00 -1.000000e+00
   outer loop
     vertex  2.790959e+01 -1.797995e+02  3.980000e+02
     vertex  2.790959e+01 -1.802005e+02  3.980000e+02
     vertex  2.790176e+01 -1.800860e+02  3.980000e+02
   endloop
 endfacet
 facet normal  0.000000e+00  0.000000e+00 -1.000000e+00
   outer loop
     vertex  2.790959e+01 -1.797995e+02  3.980000e+02
     vertex  2.790176e+01 -1.800860e+02  3.980000e+02
     vertex  2.790176e+01 -1.799140e+02  3.980000e+02
   endloop
 endfacet
 facet normal  0.000000e+00  0.000000e+00 -1.000000e+00
   outer loop
     vertex  2.790959e+01 -1.797995e+02  3.980000e+02
     vertex  2.795636e+01 -1.804833e+02  3.980000e+02
     vertex  2.791585e+01 -1.802575e+02  3.980000e+02
   endloop
 endfacet
 facet normal  0.000000e+00  0.000000e+00 -1.000000e+00
   outer loop
     vertex  2.790959e+01 -1.797995e+02  3.980000e+02
     vertex  2.790176e+01 -1.799140e+02  3.980000e+02
     vertex  2.790490e+01 -1.798567e+02  3.980000e+02
   endloop
 endfacet
 facet normal  0.000000e+00  0.000000e+00 -1.000000e+00
   outer loop
     vertex  2.790959e+01 -1.797995e+02  3.980000e+02
     vertex  2.791585e+01 -1.802575e+02  3.980000e+02
     vertex  2.790959e+01 -1.802005e+02  3.980000e+02
   endloop
 endfacet
 facet normal  0.000000e+00  0.000000e+00 -1.000000e+00
   outer loop
     vertex  2.792366e+01 -1.796857e+02  3.980000e+02
     vertex  2.790959e+01 -1.797995e+02  3.980000e+02
     vertex  2.791585e+01 -1.797425e+02  3.980000e+02
   endloop
 endfacet
 facet normal  0.000000e+00  0.000000e+00 -1.000000e+00
   outer loop
     vertex  2.794392e+01 -1.795727e+02  3.980000e+02
     vertex  2.792366e+01 -1.796857e+02  3.980000e+02
     vertex  2.793302e+01 -1.796291e+02  3.980000e+02
   endloop
 endfacet
 facet normal  0.000000e+00  0.000000e+00 -1.000000e+00
   outer loop
     vertex  2.795636e+01 -1.795167e+02  3.980000e+02
     vertex  2.792366e+01 -1.796857e+02  3.980000e+02
     vertex  2.794392e+01 -1.795727e+02  3.980000e+02
   endloop
 endfacet
 facet normal  0.000000e+00  0.000000e+00 -1.000000e+00
   outer loop
     vertex  2.795636e+01 -1.795167e+02  3.980000e+02
     vertex  2.790959e+01 -1.797995e+02  3.980000e+02
     vertex  2.792366e+01 -1.796857e+02  3.980000e+02
   endloop
 endfacet
 facet normal  0.000000e+00  0.000000e+00 -1.000000e+00
   outer loop
     vertex  2.797032e+01 -1.794611e+02  3.980000e+02
     vertex  2.790959e+01 -1.797995e+02  3.980000e+02
     vertex  2.795636e+01 -1.795167e+02  3.980000e+02
   endloop
 endfacet
 facet normal  0.000000e+00  0.000000e+00 -1.000000e+00
   outer loop
     vertex  2.800278e+01 -1.793511e+02  3.980000e+02
     vertex  2.797032e+01 -1.794611e+02  3.980000e+02
     vertex  2.798580e+01 -1.794059e+02  3.980000e+02
   endloop
 endfacet
 facet normal  0.000000e+00  0.000000e+00 -1.000000e+00
   outer loop
     vertex  2.802125e+01 -1.792968e+02  3.980000e+02
     vertex  2.797032e+01 -1.794611e+02  3.980000e+02
     vertex  2.800278e+01 -1.793511e+02  3.980000e+02
   endloop
 endfacet
 facet normal  0.000000e+00  0.000000e+00 -1.000000e+00
   outer loop
     vertex  2.802125e+01 -1.792968e+02  3.980000e+02
     vertex  2.790959e+01 -1.797995e+02  3.980000e+02
     vertex  2.797032e+01 -1.794611e+02  3.980000e+02
   endloop
 endfacet
 facet normal  0.000000e+00  0.000000e+00 -1.000000e+00
   outer loop
     vertex  2.806261e+01 -1.791897e+02  3.980000e+02
     vertex  2.802125e+01 -1.792968e+02  3.980000e+02
     vertex  2.804120e+01 -1.792430e+02  3.980000e+02
   endloop
 endfacet
 facet normal  0.000000e+00  0.000000e+00 -1.000000e+00
   outer loop
     vertex  2.813544e+01 -1.790339e+02  3.980000e+02
     vertex  2.808546e+01 -1.791371e+02  3.980000e+02
     vertex  2.810975e+01 -1.790852e+02  3.980000e+02
   endloop
 endfacet
 facet normal  0.000000e+00  0.000000e+00 -1.000000e+00
   outer loop
     vertex  2.816253e+01 -1.789833e+02  3.980000e+02
     vertex  2.806261e+01 -1.791897e+02  3.980000e+02
     vertex  2.808546e+01 -1.791371e+02  3.980000e+02
   endloop
 endfacet
 facet normal  0.000000e+00  0.000000e+00 -1.000000e+00
   outer loop
     vertex  2.816253e+01 -1.789833e+02  3.980000e+02
     vertex  2.802125e+01 -1.792968e+02  3.980000e+02
     vertex  2.806261e+01 -1.791897e+02  3.980000e+02
   endloop
 endfacet
 facet normal  0.000000e+00  0.000000e+00 -1.000000e+00
   outer loop
     vertex  2.816253e+01 -1.789833e+02  3.980000e+02
     vertex  2.808546e+01 -1.791371e+02  3.980000e+02
     vertex  2.813544e+01 -1.790339e+02  3.980000e+02
   endloop
 endfacet
 facet normal  0.000000e+00  0.000000e+00 -1.000000e+00
   outer loop
     vertex  2.822079e+01 -1.788845e+02  3.980000e+02
     vertex  2.816253e+01 -1.789833e+02  3.980000e+02
     vertex  2.819098e+01 -1.789335e+02  3.980000e+02
   endloop
 endfacet
 facet normal  0.000000e+00  0.000000e+00 -1.000000e+00
   outer loop
     vertex  2.825192e+01 -1.788363e+02  3.980000e+02
     vertex  2.802125e+01 -1.792968e+02  3.980000e+02
     vertex  2.816253e+01 -1.789833e+02  3.980000e+02
   endloop
 endfacet
 facet normal  0.000000e+00  0.000000e+00 -1.000000e+00
   outer loop
     vertex  2.825192e+01 -1.788363e+02  3.980000e+02
     vertex  2.816253e+01 -1.789833e+02  3.980000e+02
     vertex  2.822079e+01 -1.788845e+02  3.980000e+02
   endloop
 endfacet
 facet normal  0.000000e+00  0.000000e+00 -1.000000e+00
   outer loop
     vertex  2.825192e+01 -1.788363e+02  3.980000e+02
     vertex  2.790959e+01 -1.797995e+02  3.980000e+02
     vertex  2.802125e+01 -1.792968e+02  3.980000e+02
   endloop
 endfacet
 facet normal  0.000000e+00  0.000000e+00 -1.000000e+00
   outer loop
     vertex  2.835306e+01 -1.786971e+02  3.980000e+02
     vertex  2.828436e+01 -1.787890e+02  3.980000e+02
     vertex  2.831808e+01 -1.787426e+02  3.980000e+02
   endloop
 endfacet
 facet normal  0.000000e+00  0.000000e+00 -1.000000e+00
   outer loop
     vertex  2.835306e+01 -1.786971e+02  3.980000e+02
     vertex  2.825192e+01 -1.788363e+02  3.980000e+02
     vertex  2.828436e+01 -1.787890e+02  3.980000e+02
   endloop
 endfacet
 facet normal  0.000000e+00  0.000000e+00 -1.000000e+00
   outer loop
     vertex  2.842667e+01 -1.786091e+02  3.980000e+02
     vertex  2.825192e+01 -1.788363e+02  3.980000e+02
     vertex  2.835306e+01 -1.786971e+02  3.980000e+02
   endloop
 endfacet
 facet normal  0.000000e+00  0.000000e+00 -1.000000e+00
   outer loop
     vertex  2.842667e+01 -1.786091e+02  3.980000e+02
     vertex  2.835306e+01 -1.786971e+02  3.980000e+02
     vertex  2.838926e+01 -1.786526e+02  3.980000e+02
   endloop
 endfacet
 facet normal  0.000000e+00  0.000000e+00 -1.000000e+00
   outer loop
     vertex  2.842667e+01 -1.786091e+02  3.980000e+02
     vertex  2.835306e+01 -1.813029e+02  3.980000e+02
     vertex  2.819098e+01 -1.810665e+02  3.980000e+02
   endloop
 endfacet
 facet normal  0.000000e+00  0.000000e+00 -1.000000e+00
   outer loop
     vertex  2.842667e+01 -1.786091e+02  3.980000e+02
     vertex  2.790959e+01 -1.797995e+02  3.980000e+02
     vertex  2.825192e+01 -1.788363e+02  3.980000e+02
   endloop
 endfacet
 facet normal  0.000000e+00  0.000000e+00 -1.000000e+00
   outer loop
     vertex  2.842667e+01 -1.786091e+02  3.980000e+02
     vertex  2.819098e+01 -1.810665e+02  3.980000e+02
     vertex  2.795636e+01 -1.804833e+02  3.980000e+02
   endloop
 endfacet
 facet normal  0.000000e+00  0.000000e+00 -1.000000e+00
   outer loop
     vertex  2.842667e+01 -1.786091e+02  3.980000e+02
     vertex  2.795636e+01 -1.804833e+02  3.980000e+02
     vertex  2.790959e+01 -1.797995e+02  3.980000e+02
   endloop
 endfacet
 facet normal  0.000000e+00  0.000000e+00 -1.000000e+00
   outer loop
     vertex  2.850497e+01 -1.785253e+02  3.980000e+02
     vertex  2.842667e+01 -1.786091e+02  3.980000e+02
     vertex  2.846524e+01 -1.785666e+02  3.980000e+02
   endloop
 endfacet
 facet normal  0.000000e+00  0.000000e+00 -1.000000e+00
   outer loop
     vertex  2.858773e+01 -1.784458e+02  3.980000e+02
     vertex  2.850497e+01 -1.785253e+02  3.980000e+02
     vertex  2.854581e+01 -1.784850e+02  3.980000e+02
   endloop
 endfacet
 facet normal  0.000000e+00  0.000000e+00 -1.000000e+00
   outer loop
     vertex  2.867472e+01 -1.783710e+02  3.980000e+02
     vertex  2.858773e+01 -1.784458e+02  3.980000e+02
     vertex  2.863071e+01 -1.784078e+02  3.980000e+02
   endloop
 endfacet
 facet normal  0.000000e+00  0.000000e+00 -1.000000e+00
   outer loop
     vertex  2.867472e+01 -1.783710e+02  3.980000e+02
     vertex  2.854581e+01 -1.815150e+02  3.980000e+02
     vertex  2.835306e+01 -1.813029e+02  3.980000e+02
   endloop
 endfacet
 facet normal  0.000000e+00 -0.000000e+00 -1.000000e+00
   outer loop
     vertex  2.867472e+01 -1.783710e+02  3.980000e+02
     vertex  2.890887e+01 -1.817943e+02  3.980000e+02
     vertex  2.854581e+01 -1.815150e+02  3.980000e+02
   endloop
 endfacet
 facet normal  0.000000e+00  0.000000e+00 -1.000000e+00
   outer loop
     vertex  2.867472e+01 -1.783710e+02  3.980000e+02
     vertex  2.835306e+01 -1.813029e+02  3.980000e+02
     vertex  2.842667e+01 -1.786091e+02  3.980000e+02
   endloop
 endfacet
 facet normal  0.000000e+00  0.000000e+00 -1.000000e+00
   outer loop
     vertex  2.867472e+01 -1.783710e+02  3.980000e+02
     vertex  2.842667e+01 -1.786091e+02  3.980000e+02
     vertex  2.850497e+01 -1.785253e+02  3.980000e+02
   endloop
 endfacet
 facet normal  0.000000e+00  0.000000e+00 -1.000000e+00
   outer loop
     vertex  2.867472e+01 -1.783710e+02  3.980000e+02
     vertex  2.850497e+01 -1.785253e+02  3.980000e+02
     vertex  2.858773e+01 -1.784458e+02  3.980000e+02
   endloop
 endfacet
 facet normal  0.000000e+00  0.000000e+00 -1.000000e+00
   outer loop
     vertex  2.876565e+01 -1.783011e+02  3.980000e+02
     vertex  2.867472e+01 -1.783710e+02  3.980000e+02
     vertex  2.871971e+01 -1.783354e+02  3.980000e+02
   endloop
 endfacet
 facet normal  0.000000e+00  0.000000e+00 -1.000000e+00
   outer loop
     vertex  2.886027e+01 -1.782362e+02  3.980000e+02
     vertex  2.867472e+01 -1.783710e+02  3.980000e+02
     vertex  2.876565e+01 -1.783011e+02  3.980000e+02
   endloop
 endfacet
 facet normal  0.000000e+00  0.000000e+00 -1.000000e+00
   outer loop
     vertex  2.886027e+01 -1.782362e+02  3.980000e+02
     vertex  2.876565e+01 -1.783011e+02  3.980000e+02
     vertex  2.881252e+01 -1.782680e+02  3.980000e+02
   endloop
 endfacet
 facet normal  0.000000e+00  0.000000e+00 -1.000000e+00
   outer loop
     vertex  2.890887e+01 -1.782057e+02  3.980000e+02
     vertex  2.867472e+01 -1.783710e+02  3.980000e+02
     vertex  2.886027e+01 -1.782362e+02  3.980000e+02
   endloop
 endfacet
 facet normal  0.000000e+00  0.000000e+00 -1.000000e+00
   outer loop
     vertex  2.905942e+01 -1.781224e+02  3.980000e+02
     vertex  2.895829e+01 -1.781766e+02  3.980000e+02
     vertex  2.900849e+01 -1.781488e+02  3.980000e+02
   endloop
 endfacet
 facet normal  0.000000e+00  0.000000e+00 -1.000000e+00
   outer loop
     vertex  2.905942e+01 -1.781224e+02  3.980000e+02
     vertex  2.890887e+01 -1.782057e+02  3.980000e+02
     vertex  2.895829e+01 -1.781766e+02  3.980000e+02
   endloop
 endfacet
 facet normal  0.000000e+00  0.000000e+00 -1.000000e+00
   outer loop
     vertex  2.905942e+01 -1.781224e+02  3.980000e+02
     vertex  2.867472e+01 -1.783710e+02  3.980000e+02
     vertex  2.890887e+01 -1.782057e+02  3.980000e+02
   endloop
 endfacet
 facet normal  0.000000e+00 -0.000000e+00 -1.000000e+00
   outer loop
     vertex  2.905942e+01 -1.781224e+02  3.980000e+02
     vertex  2.911106e+01 -1.819026e+02  3.980000e+02
     vertex  2.890887e+01 -1.817943e+02  3.980000e+02
   endloop
 endfacet
 facet normal  0.000000e+00  0.000000e+00 -1.000000e+00
   outer loop
     vertex  2.905942e+01 -1.781224e+02  3.980000e+02
     vertex  2.890887e+01 -1.817943e+02  3.980000e+02
     vertex  2.867472e+01 -1.783710e+02  3.980000e+02
   endloop
 endfacet
 facet normal  0.000000e+00  0.000000e+00 -1.000000e+00
   outer loop
     vertex  2.916336e+01 -1.780739e+02  3.980000e+02
     vertex  2.905942e+01 -1.781224e+02  3.980000e+02
     vertex  2.911106e+01 -1.780974e+02  3.980000e+02
   endloop
 endfacet
 facet normal  0.000000e+00  0.000000e+00 -1.000000e+00
   outer loop
     vertex  2.926979e+01 -1.780310e+02  3.980000e+02
     vertex  2.916336e+01 -1.780739e+02  3.980000e+02
     vertex  2.921628e+01 -1.780517e+02  3.980000e+02
   endloop
 endfacet
 facet normal  0.000000e+00  0.000000e+00 -1.000000e+00
   outer loop
     vertex  2.926979e+01 -1.780310e+02  3.980000e+02
     vertex  2.905942e+01 -1.781224e+02  3.980000e+02
     vertex  2.916336e+01 -1.780739e+02  3.980000e+02
   endloop
 endfacet
 facet normal  0.000000e+00 -0.000000e+00 -1.000000e+00
   outer loop
     vertex  2.943343e+01 -1.779779e+02  3.980000e+02
     vertex  2.954470e+01 -1.820500e+02  3.980000e+02
     vertex  2.921628e+01 -1.819483e+02  3.980000e+02
   endloop
 endfacet
 facet normal  0.000000e+00  0.000000e+00 -1.000000e+00
   outer loop
     vertex  2.943343e+01 -1.779779e+02  3.980000e+02
     vertex  2.905942e+01 -1.781224e+02  3.980000e+02
     vertex  2.926979e+01 -1.780310e+02  3.980000e+02
   endloop
 endfacet
 facet normal  0.000000e+00  0.000000e+00 -1.000000e+00
   outer loop
     vertex  2.943343e+01 -1.779779e+02  3.980000e+02
     vertex  2.960087e+01 -1.820617e+02  3.980000e+02
     vertex  2.954470e+01 -1.820500e+02  3.980000e+02
   endloop
 endfacet
 facet normal  0.000000e+00  0.000000e+00 -1.000000e+00
   outer loop
     vertex  2.943343e+01 -1.779779e+02  3.980000e+02
     vertex  2.932385e+01 -1.780118e+02  3.980000e+02
     vertex  2.937840e+01 -1.779941e+02  3.980000e+02
   endloop
 endfacet
 facet normal  0.000000e+00  0.000000e+00 -1.000000e+00
   outer loop
     vertex  2.943343e+01 -1.779779e+02  3.980000e+02
     vertex  2.926979e+01 -1.780310e+02  3.980000e+02
     vertex  2.932385e+01 -1.780118e+02  3.980000e+02
   endloop
 endfacet
 facet normal  0.000000e+00  0.000000e+00 -1.000000e+00
   outer loop
     vertex  2.943343e+01 -1.779779e+02  3.980000e+02
     vertex  2.911106e+01 -1.819026e+02  3.980000e+02
     vertex  2.905942e+01 -1.781224e+02  3.980000e+02
   endloop
 endfacet
 facet normal  0.000000e+00  0.000000e+00 -1.000000e+00
   outer loop
     vertex  2.943343e+01 -1.779779e+02  3.980000e+02
     vertex  2.921628e+01 -1.819483e+02  3.980000e+02
     vertex  2.911106e+01 -1.819026e+02  3.980000e+02
   endloop
 endfacet
 facet normal  0.000000e+00  0.000000e+00 -1.000000e+00
   outer loop
     vertex  2.960087e+01 -1.779383e+02  3.980000e+02
     vertex  2.948887e+01 -1.779632e+02  3.980000e+02
     vertex  2.954470e+01 -1.779500e+02  3.980000e+02
   endloop
 endfacet
 facet normal  0.000000e+00  0.000000e+00 -1.000000e+00
   outer loop
     vertex  2.960087e+01 -1.779383e+02  3.980000e+02
     vertex  2.943343e+01 -1.779779e+02  3.980000e+02
     vertex  2.948887e+01 -1.779632e+02  3.980000e+02
   endloop
 endfacet
 facet normal  0.000000e+00  0.000000e+00 -1.000000e+00
   outer loop
     vertex  2.977098e+01 -1.779125e+02  3.980000e+02
     vertex  2.965733e+01 -1.779281e+02  3.980000e+02
     vertex  2.971405e+01 -1.779196e+02  3.980000e+02
   endloop
 endfacet
 facet normal  0.000000e+00  0.000000e+00 -1.000000e+00
   outer loop
     vertex  2.994264e+01 -1.779008e+02  3.980000e+02
     vertex  2.982809e+01 -1.779070e+02  3.980000e+02
     vertex  2.988532e+01 -1.779031e+02  3.980000e+02
   endloop
 endfacet
 facet normal  0.000000e+00  0.000000e+00 -1.000000e+00
   outer loop
     vertex  2.994264e+01 -1.779008e+02  3.980000e+02
     vertex  2.977098e+01 -1.779125e+02  3.980000e+02
     vertex  2.982809e+01 -1.779070e+02  3.980000e+02
   endloop
 endfacet
 facet normal  0.000000e+00  0.000000e+00 -1.000000e+00
   outer loop
     vertex  2.994264e+01 -1.779008e+02  3.980000e+02
     vertex  2.960087e+01 -1.779383e+02  3.980000e+02
     vertex  2.965733e+01 -1.779281e+02  3.980000e+02
   endloop
 endfacet
 facet normal  0.000000e+00  0.000000e+00 -1.000000e+00
   outer loop
     vertex  2.994264e+01 -1.779008e+02  3.980000e+02
     vertex  2.943343e+01 -1.779779e+02  3.980000e+02
     vertex  2.960087e+01 -1.779383e+02  3.980000e+02
   endloop
 endfacet
 facet normal  0.000000e+00  0.000000e+00 -1.000000e+00
   outer loop
     vertex  2.994264e+01 -1.779008e+02  3.980000e+02
     vertex  2.965733e+01 -1.779281e+02  3.980000e+02
     vertex  2.977098e+01 -1.779125e+02  3.980000e+02
   endloop
 endfacet
 facet normal  0.000000e+00  0.000000e+00 -1.000000e+00
   outer loop
     vertex  3.000000e+01 -1.779000e+02  3.980000e+02
     vertex  2.971405e+01 -1.820804e+02  3.980000e+02
     vertex  2.960087e+01 -1.820617e+02  3.980000e+02
   endloop
 endfacet
 facet normal  0.000000e+00  0.000000e+00 -1.000000e+00
   outer loop
     vertex  3.000000e+01 -1.779000e+02  3.980000e+02
     vertex  2.960087e+01 -1.820617e+02  3.980000e+02
     vertex  2.943343e+01 -1.779779e+02  3.980000e+02
   endloop
 endfacet
 facet normal  0.000000e+00  0.000000e+00 -1.000000e+00
   outer loop
     vertex  3.000000e+01 -1.779000e+02  3.980000e+02
     vertex  2.988532e+01 -1.820969e+02  3.980000e+02
     vertex  2.971405e+01 -1.820804e+02  3.980000e+02
   endloop
 endfacet
 facet normal  0.000000e+00 -0.000000e+00 -1.000000e+00
   outer loop
     vertex  3.000000e+01 -1.779000e+02  3.980000e+02
     vertex  3.000000e+01 -1.821000e+02  3.980000e+02
     vertex  2.988532e+01 -1.820969e+02  3.980000e+02
   endloop
 endfacet
 facet normal  0.000000e+00  0.000000e+00 -1.000000e+00
   outer loop
     vertex  3.000000e+01 -1.779000e+02  3.980000e+02
     vertex  2.943343e+01 -1.779779e+02  3.980000e+02
     vertex  2.994264e+01 -1.779008e+02  3.980000e+02
   endloop
 endfacet
 facet normal  0.000000e+00  0.000000e+00 -1.000000e+00
   outer loop
     vertex  2.700000e+01 -1.700000e+02  3.980000e+02
     vertex  3.000000e+01 -1.756000e+02  3.980000e+02
     vertex  2.700000e+01 -1.756000e+02  3.980000e+02
   endloop
 endfacet
 facet normal -0.000000e+00 -0.000000e+00 -1.000000e+00
   outer loop
     vertex  3.000000e+01 -1.700000e+02  3.980000e+02
     vertex  3.000000e+01 -1.756000e+02  3.980000e+02
     vertex  2.700000e+01 -1.700000e+02  3.980000e+02
   endloop
 endfacet
 facet normal  1.000000e+00  0.000000e+00  0.000000e+00
   outer loop
     vertex  2.700000e+01 -1.756000e+02  3.980000e+02
     vertex  2.700000e+01 -1.756000e+02  1.800000e+01
     vertex  2.700000e+01 -1.700000e+02  1.800000e+01
   endloop
 endfacet
 facet normal  1.000000e+00 -0.000000e+00  0.000000e+00
   outer loop
     vertex  2.700000e+01 -1.756000e+02  3.980000e+02
     vertex  2.700000e+01 -1.700000e+02  1.800000e+01
     vertex  2.700000e+01 -1.700000e+02  3.980000e+02
   endloop
 endfacet
 facet normal -1.000000e+00  0.000000e+00  0.000000e+00
   outer loop
     vertex  2.000000e+01 -1.900000e+02  3.980000e+02
     vertex  2.000000e+01 -1.830000e+02  1.800000e+01
     vertex  2.000000e+01 -1.900000e+02  1.800000e+01
   endloop
 endfacet
 facet normal -1.000000e+00  0.000000e+00  0.000000e+00
   outer loop
     vertex  2.000000e+01 -1.900000e+02  3.980000e+02
     vertex  2.000000e+01 -1.830000e+02  3.980000e+02
     vertex  2.000000e+01 -1.830000e+02  1.800000e+01
   endloop
 endfacet
 facet normal -0.000000e+00  0.000000e+00 -1.000000e+00
   outer loop
     vertex -2.000000e+01 -1.770000e+02  3.980000e+02
     vertex -2.560000e+01 -1.830000e+02  3.980000e+02
     vertex -2.560000e+01 -1.770000e+02  3.980000e+02
   endloop
 endfacet
 facet normal  0.000000e+00 -0.000000e+00 -1.000000e+00
   outer loop
     vertex -2.000000e+01 -1.770000e+02  3.980000e+02
     vertex -2.000000e+01 -1.830000e+02  3.980000e+02
     vertex -2.560000e+01 -1.830000e+02  3.980000e+02
   endloop
 endfacet
 facet normal -0.000000e+00  0.000000e+00 -1.000000e+00
   outer loop
     vertex  2.000000e+01 -1.830000e+02  3.980000e+02
     vertex -2.000000e+01 -1.900000e+02  3.980000e+02
     vertex -2.000000e+01 -1.830000e+02  3.980000e+02
   endloop
 endfacet
 facet normal  0.000000e+00 -0.000000e+00 -1.000000e+00
   outer loop
     vertex  2.000000e+01 -1.830000e+02  3.980000e+02
     vertex  2.000000e+01 -1.900000e+02  3.980000e+02
     vertex -2.000000e+01 -1.900000e+02  3.980000e+02
   endloop
 endfacet
 facet normal -0.000000e+00  0.000000e+00 -1.000000e+00
   outer loop
     vertex  2.000000e+01 -1.770000e+02  3.980000e+02
     vertex -2.000000e+01 -1.830000e+02  3.980000e+02
     vertex -2.000000e+01 -1.770000e+02  3.980000e+02
   endloop
 endfacet
 facet normal  0.000000e+00 -0.000000e+00 -1.000000e+00
   outer loop
     vertex  2.000000e+01 -1.770000e+02  3.980000e+02
     vertex  2.000000e+01 -1.830000e+02  3.980000e+02
     vertex -2.000000e+01 -1.830000e+02  3.980000e+02
   endloop
 endfacet
 facet normal  0.000000e+00 -0.000000e+00 -1.000000e+00
   outer loop
     vertex  2.560000e+01 -1.770000e+02  3.980000e+02
     vertex  2.560000e+01 -1.830000e+02  3.980000e+02
     vertex  2.000000e+01 -1.830000e+02  3.980000e+02
   endloop
 endfacet
 facet normal -0.000000e+00  0.000000e+00 -1.000000e+00
   outer loop
     vertex  2.560000e+01 -1.770000e+02  3.980000e+02
     vertex  2.000000e+01 -1.830000e+02  3.980000e+02
     vertex  2.000000e+01 -1.770000e+02  3.980000e+02
   endloop
 endfacet
 facet normal -0.000000e+00  0.000000e+00 -1.000000e+00
   outer loop
     vertex  2.000000e+01 -1.700000e+02  3.980000e+02
     vertex -2.000000e+01 -1.770000e+02  3.980000e+02
     vertex -2.000000e+01 -1.700000e+02  3.980000e+02
   endloop
 endfacet
 facet normal  0.000000e+00 -0.000000e+00 -1.000000e+00
   outer loop
     vertex  2.000000e+01 -1.700000e+02  3.980000e+02
     vertex  2.000000e+01 -1.770000e+02  3.980000e+02
     vertex -2.000000e+01 -1.770000e+02  3.980000e+02
   endloop
 endfacet
 facet normal  0.000000e+00 -1.000000e+00  0.000000e+00
   outer loop
     vertex -2.700000e+01 -1.900000e+02  4.180000e+02
     vertex -2.700000e+01 -1.900000e+02  3.980000e+02
     vertex -2.000000e+01 -1.900000e+02  3.980000e+02
   endloop
 endfacet
 facet normal -0.000000e+00 -1.000000e+00 -0.000000e+00
   outer loop
     vertex -2.000000e+01 -1.900000e+02  4.180000e+02
     vertex -2.700000e+01 -1.900000e+02  4.180000e+02
     vertex -2.000000e+01 -1.900000e+02  3.980000e+02
   endloop
 endfacet
 facet normal  0.000000e+00  0.000000e+00  1.000000e+00
   outer loop
     vertex -2.700000e+01 -1.844000e+02  4.180000e+02
     vertex -3.000000e+01 -1.844000e+02  4.180000e+02
     vertex -3.000000e+01 -1.900000e+02  4.180000e+02
   endloop
 endfacet
 facet normal  0.000000e+00  0.000000e+00  1.000000e+00
   outer loop
     vertex -2.700000e+01 -1.844000e+02  4.180000e+02
     vertex -3.000000e+01 -1.900000e+02  4.180000e+02
     vertex -2.700000e+01 -1.900000e+02  4.180000e+02
   endloop
 endfacet
 facet normal  0.000000e+00  0.000000e+00  1.000000e+00
   outer loop
     vertex -3.300000e+01 -1.844000e+02  4.180000e+02
     vertex -4.000000e+01 -1.900000e+02  4.180000e+02
     vertex -3.300000e+01 -1.900000e+02  4.180000e+02
   endloop
 endfacet
 facet normal  0.000000e+00  0.000000e+00  1.000000e+00
   outer loop
     vertex -3.440000e+01 -1.830000e+02  4.180000e+02
     vertex -4.000000e+01 -1.830000e+02  4.180000e+02
     vertex -4.000000e+01 -1.900000e+02  4.180000e+02
   endloop
 endfacet
 facet normal  0.000000e+00  0.000000e+00  1.000000e+00
   outer loop
     vertex -3.440000e+01 -1.830000e+02  4.180000e+02
     vertex -4.000000e+01 -1.900000e+02  4.180000e+02
     vertex -3.300000e+01 -1.844000e+02  4.180000e+02
   endloop
 endfacet
 facet normal  0.000000e+00  0.000000e+00  1.000000e+00
   outer loop
     vertex -3.149503e+01 -1.814747e+02  4.180000e+02
     vertex -3.440000e+01 -1.830000e+02  4.180000e+02
     vertex -3.300000e+01 -1.844000e+02  4.180000e+02
   endloop
 endfacet
 facet normal  0.000000e+00  0.000000e+00  1.000000e+00
   outer loop
     vertex -3.145419e+01 -1.815150e+02  4.180000e+02
     vertex -3.149503e+01 -1.814747e+02  4.180000e+02
     vertex -3.300000e+01 -1.844000e+02  4.180000e+02
   endloop
 endfacet
 facet normal  0.000000e+00  0.000000e+00  1.000000e+00
   outer loop
     vertex -3.153476e+01 -1.814334e+02  4.180000e+02
     vertex -3.440000e+01 -1.830000e+02  4.180000e+02
     vertex -3.149503e+01 -1.814747e+02  4.180000e+02
   endloop
 endfacet
 facet normal  0.000000e+00  0.000000e+00  1.000000e+00
   outer loop
     vertex -3.141227e+01 -1.815542e+02  4.180000e+02
     vertex -3.145419e+01 -1.815150e+02  4.180000e+02
     vertex -3.300000e+01 -1.844000e+02  4.180000e+02
   endloop
 endfacet
 facet normal  0.000000e+00  0.000000e+00  1.000000e+00
   outer loop
     vertex -3.157333e+01 -1.813909e+02  4.180000e+02
     vertex -3.440000e+01 -1.830000e+02  4.180000e+02
     vertex -3.153476e+01 -1.814334e+02  4.180000e+02
   endloop
 endfacet
 facet normal  0.000000e+00  0.000000e+00  1.000000e+00
   outer loop
     vertex -3.136929e+01 -1.815922e+02  4.180000e+02
     vertex -3.141227e+01 -1.815542e+02  4.180000e+02
     vertex -3.300000e+01 -1.844000e+02  4.180000e+02
   endloop
 endfacet
 facet normal  0.000000e+00  0.000000e+00  1.000000e+00
   outer loop
     vertex -3.161074e+01 -1.813474e+02  4.180000e+02
     vertex -3.440000e+01 -1.830000e+02  4.180000e+02
     vertex -3.157333e+01 -1.813909e+02  4.180000e+02
   endloop
 endfacet
 facet normal  0.000000e+00  0.000000e+00  1.000000e+00
   outer loop
     vertex -3.132528e+01 -1.816290e+02  4.180000e+02
     vertex -3.136929e+01 -1.815922e+02  4.180000e+02
     vertex -3.300000e+01 -1.844000e+02  4.180000e+02
   endloop
 endfacet
 facet normal  0.000000e+00  0.000000e+00  1.000000e+00
   outer loop
     vertex -3.164694e+01 -1.813029e+02  4.180000e+02
     vertex -3.440000e+01 -1.830000e+02  4.180000e+02
     vertex -3.161074e+01 -1.813474e+02  4.180000e+02
   endloop
 endfacet
 facet normal  0.000000e+00  0.000000e+00  1.000000e+00
   outer loop
     vertex -3.128029e+01 -1.816646e+02  4.180000e+02
     vertex -3.132528e+01 -1.816290e+02  4.180000e+02
     vertex -3.300000e+01 -1.844000e+02  4.180000e+02
   endloop
 endfacet
 facet normal  0.000000e+00  0.000000e+00  1.000000e+00
   outer loop
     vertex -3.168192e+01 -1.812574e+02  4.180000e+02
     vertex -3.440000e+01 -1.830000e+02  4.180000e+02
     vertex -3.164694e+01 -1.813029e+02  4.180000e+02
   endloop
 endfacet
 facet normal  0.000000e+00  0.000000e+00  1.000000e+00
   outer loop
     vertex -3.123435e+01 -1.816989e+02  4.180000e+02
     vertex -3.128029e+01 -1.816646e+02  4.180000e+02
     vertex -3.300000e+01 -1.844000e+02  4.180000e+02
   endloop
 endfacet
 facet normal  0.000000e+00  0.000000e+00  1.000000e+00
   outer loop
     vertex -3.171564e+01 -1.812110e+02  4.180000e+02
     vertex -3.440000e+01 -1.830000e+02  4.180000e+02
     vertex -3.168192e+01 -1.812574e+02  4.180000e+02
   endloop
 endfacet
 facet normal  0.000000e+00  0.000000e+00  1.000000e+00
   outer loop
     vertex -3.118748e+01 -1.817320e+02  4.180000e+02
     vertex -3.123435e+01 -1.816989e+02  4.180000e+02
     vertex -3.300000e+01 -1.844000e+02  4.180000e+02
   endloop
 endfacet
 facet normal  0.000000e+00  0.000000e+00  1.000000e+00
   outer loop
     vertex -3.174808e+01 -1.811637e+02  4.180000e+02
     vertex -3.440000e+01 -1.830000e+02  4.180000e+02
     vertex -3.171564e+01 -1.812110e+02  4.180000e+02
   endloop
 endfacet
 facet normal  0.000000e+00  0.000000e+00  1.000000e+00
   outer loop
     vertex -3.113973e+01 -1.817638e+02  4.180000e+02
     vertex -3.118748e+01 -1.817320e+02  4.180000e+02
     vertex -3.300000e+01 -1.844000e+02  4.180000e+02
   endloop
 endfacet
 facet normal  0.000000e+00  0.000000e+00  1.000000e+00
   outer loop
     vertex -3.177921e+01 -1.811155e+02  4.180000e+02
     vertex -3.440000e+01 -1.830000e+02  4.180000e+02
     vertex -3.174808e+01 -1.811637e+02  4.180000e+02
   endloop
 endfacet
 facet normal  0.000000e+00  0.000000e+00  1.000000e+00
   outer loop
     vertex -3.109113e+01 -1.817943e+02  4.180000e+02
     vertex -3.113973e+01 -1.817638e+02  4.180000e+02
     vertex -3.300000e+01 -1.844000e+02  4.180000e+02
   endloop
 endfacet
 facet normal  0.000000e+00  0.000000e+00  1.000000e+00
   outer loop
     vertex -3.180902e+01 -1.810665e+02  4.180000e+02
     vertex -3.440000e+01 -1.830000e+02  4.180000e+02
     vertex -3.177921e+01 -1.811155e+02  4.180000e+02
   endloop
 endfacet
 facet normal  0.000000e+00  0.000000e+00  1.000000e+00
   outer loop
     vertex -3.104171e+01 -1.818234e+02  4.180000e+02
     vertex -3.109113e+01 -1.817943e+02  4.180000e+02
     vertex -3.300000e+01 -1.844000e+02  4.180000e+02
   endloop
 endfacet
 facet normal  0.000000e+00  0.000000e+00  1.000000e+00
   outer loop
     vertex -3.183747e+01 -1.810167e+02  4.180000e+02
     vertex -3.440000e+01 -1.830000e+02  4.180000e+02
     vertex -3.180902e+01 -1.810665e+02  4.180000e+02
   endloop
 endfacet
 facet normal  0.000000e+00  0.000000e+00  1.000000e+00
   outer loop
     vertex -3.099151e+01 -1.818512e+02  4.180000e+02
     vertex -3.104171e+01 -1.818234e+02  4.180000e+02
     vertex -3.300000e+01 -1.844000e+02  4.180000e+02
   endloop
 endfacet
 facet normal  0.000000e+00  0.000000e+00  1.000000e+00
   outer loop
     vertex -3.186456e+01 -1.809661e+02  4.180000e+02
     vertex -3.440000e+01 -1.830000e+02  4.180000e+02
     vertex -3.183747e+01 -1.810167e+02  4.180000e+02
   endloop
 endfacet
 facet normal  0.000000e+00  0.000000e+00  1.000000e+00
   outer loop
     vertex -3.094058e+01 -1.818776e+02  4.180000e+02
     vertex -3.099151e+01 -1.818512e+02  4.180000e+02
     vertex -3.300000e+01 -1.844000e+02  4.180000e+02
   endloop
 endfacet
 facet normal  0.000000e+00  0.000000e+00  1.000000e+00
   outer loop
     vertex -3.189025e+01 -1.809148e+02  4.180000e+02
     vertex -3.440000e+01 -1.830000e+02  4.180000e+02
     vertex -3.186456e+01 -1.809661e+02  4.180000e+02
   endloop
 endfacet
 facet normal  0.000000e+00  0.000000e+00  1.000000e+00
   outer loop
     vertex -3.088894e+01 -1.819026e+02  4.180000e+02
     vertex -3.094058e+01 -1.818776e+02  4.180000e+02
     vertex -3.300000e+01 -1.844000e+02  4.180000e+02
   endloop
 endfacet
 facet normal  0.000000e+00  0.000000e+00  1.000000e+00
   outer loop
     vertex -3.191454e+01 -1.808629e+02  4.180000e+02
     vertex -3.440000e+01 -1.830000e+02  4.180000e+02
     vertex -3.189025e+01 -1.809148e+02  4.180000e+02
   endloop
 endfacet
 facet normal  0.000000e+00  0.000000e+00  1.000000e+00
   outer loop
     vertex -3.083664e+01 -1.819261e+02  4.180000e+02
     vertex -3.300000e+01 -1.844000e+02  4.180000e+02
     vertex -3.000000e+01 -1.844000e+02  4.180000e+02
   endloop
 endfacet
 facet normal  0.000000e+00  0.000000e+00  1.000000e+00
   outer loop
     vertex -3.083664e+01 -1.819261e+02  4.180000e+02
     vertex -3.088894e+01 -1.819026e+02  4.180000e+02
     vertex -3.300000e+01 -1.844000e+02  4.180000e+02
   endloop
 endfacet
 facet normal  0.000000e+00  0.000000e+00  1.000000e+00
   outer loop
     vertex -3.193739e+01 -1.808103e+02  4.180000e+02
     vertex -3.440000e+01 -1.830000e+02  4.180000e+02
     vertex -3.191454e+01 -1.808629e+02  4.180000e+02
   endloop
 endfacet
 facet normal  0.000000e+00  0.000000e+00  1.000000e+00
   outer loop
     vertex -3.078372e+01 -1.819483e+02  4.180000e+02
     vertex -3.083664e+01 -1.819261e+02  4.180000e+02
     vertex -3.000000e+01 -1.844000e+02  4.180000e+02
   endloop
 endfacet
 facet normal  0.000000e+00  0.000000e+00  1.000000e+00
   outer loop
     vertex -3.195880e+01 -1.807570e+02  4.180000e+02
     vertex -3.440000e+01 -1.830000e+02  4.180000e+02
     vertex -3.193739e+01 -1.808103e+02  4.180000e+02
   endloop
 endfacet
 facet normal  0.000000e+00  0.000000e+00  1.000000e+00
   outer loop
     vertex -3.073021e+01 -1.819690e+02  4.180000e+02
     vertex -3.078372e+01 -1.819483e+02  4.180000e+02
     vertex -3.000000e+01 -1.844000e+02  4.180000e+02
   endloop
 endfacet
 facet normal  0.000000e+00  0.000000e+00  1.000000e+00
   outer loop
     vertex -3.197875e+01 -1.807032e+02  4.180000e+02
     vertex -3.440000e+01 -1.830000e+02  4.180000e+02
     vertex -3.195880e+01 -1.807570e+02  4.180000e+02
   endloop
 endfacet
 facet normal  0.000000e+00  0.000000e+00  1.000000e+00
   outer loop
     vertex -3.067615e+01 -1.819882e+02  4.180000e+02
     vertex -3.073021e+01 -1.819690e+02  4.180000e+02
     vertex -3.000000e+01 -1.844000e+02  4.180000e+02
   endloop
 endfacet
 facet normal  0.000000e+00  0.000000e+00  1.000000e+00
   outer loop
     vertex -3.199722e+01 -1.806489e+02  4.180000e+02
     vertex -3.440000e+01 -1.830000e+02  4.180000e+02
     vertex -3.197875e+01 -1.807032e+02  4.180000e+02
   endloop
 endfacet
 facet normal  0.000000e+00  0.000000e+00  1.000000e+00
   outer loop
     vertex -3.062160e+01 -1.820059e+02  4.180000e+02
     vertex -3.067615e+01 -1.819882e+02  4.180000e+02
     vertex -3.000000e+01 -1.844000e+02  4.180000e+02
   endloop
 endfacet
 facet normal  0.000000e+00  0.000000e+00  1.000000e+00
   outer loop
     vertex -3.201420e+01 -1.805941e+02  4.180000e+02
     vertex -3.440000e+01 -1.830000e+02  4.180000e+02
     vertex -3.199722e+01 -1.806489e+02  4.180000e+02
   endloop
 endfacet
 facet normal  0.000000e+00  0.000000e+00  1.000000e+00
   outer loop
     vertex -3.056657e+01 -1.820221e+02  4.180000e+02
     vertex -3.062160e+01 -1.820059e+02  4.180000e+02
     vertex -3.000000e+01 -1.844000e+02  4.180000e+02
   endloop
 endfacet
 facet normal  0.000000e+00  0.000000e+00  1.000000e+00
   outer loop
     vertex -3.202968e+01 -1.805389e+02  4.180000e+02
     vertex -3.440000e+01 -1.830000e+02  4.180000e+02
     vertex -3.201420e+01 -1.805941e+02  4.180000e+02
   endloop
 endfacet
 facet normal  0.000000e+00  0.000000e+00  1.000000e+00
   outer loop
     vertex -3.051113e+01 -1.820368e+02  4.180000e+02
     vertex -3.056657e+01 -1.820221e+02  4.180000e+02
     vertex -3.000000e+01 -1.844000e+02  4.180000e+02
   endloop
 endfacet
 facet normal  0.000000e+00  0.000000e+00  1.000000e+00
   outer loop
     vertex -3.204364e+01 -1.804833e+02  4.180000e+02
     vertex -3.440000e+01 -1.830000e+02  4.180000e+02
     vertex -3.202968e+01 -1.805389e+02  4.180000e+02
   endloop
 endfacet
 facet normal  0.000000e+00  0.000000e+00  1.000000e+00
   outer loop
     vertex -3.045530e+01 -1.820500e+02  4.180000e+02
     vertex -3.051113e+01 -1.820368e+02  4.180000e+02
     vertex -3.000000e+01 -1.844000e+02  4.180000e+02
   endloop
 endfacet
 facet normal  0.000000e+00  0.000000e+00  1.000000e+00
   outer loop
     vertex -3.205608e+01 -1.804273e+02  4.180000e+02
     vertex -3.440000e+01 -1.830000e+02  4.180000e+02
     vertex -3.204364e+01 -1.804833e+02  4.180000e+02
   endloop
 endfacet
 facet normal  0.000000e+00  0.000000e+00  1.000000e+00
   outer loop
     vertex -3.039913e+01 -1.820617e+02  4.180000e+02
     vertex -3.045530e+01 -1.820500e+02  4.180000e+02
     vertex -3.000000e+01 -1.844000e+02  4.180000e+02
   endloop
 endfacet
 facet normal  0.000000e+00  0.000000e+00  1.000000e+00
   outer loop
     vertex -3.206698e+01 -1.803709e+02  4.180000e+02
     vertex -3.440000e+01 -1.830000e+02  4.180000e+02
     vertex -3.205608e+01 -1.804273e+02  4.180000e+02
   endloop
 endfacet
 facet normal  0.000000e+00  0.000000e+00  1.000000e+00
   outer loop
     vertex -3.034267e+01 -1.820719e+02  4.180000e+02
     vertex -3.039913e+01 -1.820617e+02  4.180000e+02
     vertex -3.000000e+01 -1.844000e+02  4.180000e+02
   endloop
 endfacet
 facet normal  0.000000e+00  0.000000e+00  1.000000e+00
   outer loop
     vertex -3.207634e+01 -1.803143e+02  4.180000e+02
     vertex -3.440000e+01 -1.830000e+02  4.180000e+02
     vertex -3.206698e+01 -1.803709e+02  4.180000e+02
   endloop
 endfacet
 facet normal  0.000000e+00  0.000000e+00  1.000000e+00
   outer loop
     vertex -3.028595e+01 -1.820804e+02  4.180000e+02
     vertex -3.034267e+01 -1.820719e+02  4.180000e+02
     vertex -3.000000e+01 -1.844000e+02  4.180000e+02
   endloop
 endfacet
 facet normal  0.000000e+00  0.000000e+00  1.000000e+00
   outer loop
     vertex -3.208415e+01 -1.802575e+02  4.180000e+02
     vertex -3.440000e+01 -1.830000e+02  4.180000e+02
     vertex -3.207634e+01 -1.803143e+02  4.180000e+02
   endloop
 endfacet
 facet normal  0.000000e+00  0.000000e+00  1.000000e+00
   outer loop
     vertex -3.022902e+01 -1.820875e+02  4.180000e+02
     vertex -3.028595e+01 -1.820804e+02  4.180000e+02
     vertex -3.000000e+01 -1.844000e+02  4.180000e+02
   endloop
 endfacet
 facet normal  0.000000e+00  0.000000e+00  1.000000e+00
   outer loop
     vertex -3.209041e+01 -1.802005e+02  4.180000e+02
     vertex -3.440000e+01 -1.830000e+02  4.180000e+02
     vertex -3.208415e+01 -1.802575e+02  4.180000e+02
   endloop
 endfacet
 facet normal  0.000000e+00  0.000000e+00  1.000000e+00
   outer loop
     vertex -3.017191e+01 -1.820930e+02  4.180000e+02
     vertex -3.022902e+01 -1.820875e+02  4.180000e+02
     vertex -3.000000e+01 -1.844000e+02  4.180000e+02
   endloop
 endfacet
 facet normal  0.000000e+00  0.000000e+00  1.000000e+00
   outer loop
     vertex -3.209510e+01 -1.801433e+02  4.180000e+02
     vertex -3.440000e+01 -1.830000e+02  4.180000e+02
     vertex -3.209041e+01 -1.802005e+02  4.180000e+02
   endloop
 endfacet
 facet normal  0.000000e+00  0.000000e+00  1.000000e+00
   outer loop
     vertex -3.011468e+01 -1.820969e+02  4.180000e+02
     vertex -3.017191e+01 -1.820930e+02  4.180000e+02
     vertex -3.000000e+01 -1.844000e+02  4.180000e+02
   endloop
 endfacet
 facet normal  0.000000e+00  0.000000e+00  1.000000e+00
   outer loop
     vertex -3.209824e+01 -1.800860e+02  4.180000e+02
     vertex -3.440000e+01 -1.830000e+02  4.180000e+02
     vertex -3.209510e+01 -1.801433e+02  4.180000e+02
   endloop
 endfacet
 facet normal  0.000000e+00  0.000000e+00  1.000000e+00
   outer loop
     vertex -3.005736e+01 -1.820992e+02  4.180000e+02
     vertex -3.011468e+01 -1.820969e+02  4.180000e+02
     vertex -3.000000e+01 -1.844000e+02  4.180000e+02
   endloop
 endfacet
 facet normal  0.000000e+00  0.000000e+00  1.000000e+00
   outer loop
     vertex -3.209980e+01 -1.800287e+02  4.180000e+02
     vertex -3.440000e+01 -1.830000e+02  4.180000e+02
     vertex -3.209824e+01 -1.800860e+02  4.180000e+02
   endloop
 endfacet
 facet normal  0.000000e+00  0.000000e+00  1.000000e+00
   outer loop
     vertex -3.000000e+01 -1.821000e+02  4.180000e+02
     vertex -3.005736e+01 -1.820992e+02  4.180000e+02
     vertex -3.000000e+01 -1.844000e+02  4.180000e+02
   endloop
 endfacet
 facet normal  0.000000e+00  0.000000e+00  1.000000e+00
   outer loop
     vertex -3.209980e+01 -1.799713e+02  4.180000e+02
     vertex -3.440000e+01 -1.830000e+02  4.180000e+02
     vertex -3.209980e+01 -1.800287e+02  4.180000e+02
   endloop
 endfacet
 facet normal  0.000000e+00  0.000000e+00  1.000000e+00
   outer loop
     vertex -3.440000e+01 -1.770000e+02  4.180000e+02
     vertex -3.440000e+01 -1.830000e+02  4.180000e+02
     vertex -3.209980e+01 -1.799713e+02  4.180000e+02
   endloop
 endfacet
 facet normal  0.000000e+00  0.000000e+00  1.000000e+00
   outer loop
     vertex -3.440000e+01 -1.770000e+02  4.180000e+02
     vertex -3.202968e+01 -1.794611e+02  4.180000e+02
     vertex -3.201420e+01 -1.794059e+02  4.180000e+02
   endloop
 endfacet
 facet normal  0.000000e+00  0.000000e+00  1.000000e+00
   outer loop
     vertex -3.440000e+01 -1.770000e+02  4.180000e+02
     vertex -3.204364e+01 -1.795167e+02  4.180000e+02
     vertex -3.202968e+01 -1.794611e+02  4.180000e+02
   endloop
 endfacet
 facet normal  0.000000e+00  0.000000e+00  1.000000e+00
   outer loop
     vertex -3.440000e+01 -1.770000e+02  4.180000e+02
     vertex -3.205608e+01 -1.795727e+02  4.180000e+02
     vertex -3.204364e+01 -1.795167e+02  4.180000e+02
   endloop
 endfacet
 facet normal  0.000000e+00  0.000000e+00  1.000000e+00
   outer loop
     vertex -3.440000e+01 -1.770000e+02  4.180000e+02
     vertex -3.206698e+01 -1.796291e+02  4.180000e+02
     vertex -3.205608e+01 -1.795727e+02  4.180000e+02
   endloop
 endfacet
 facet normal  0.000000e+00  0.000000e+00  1.000000e+00
   outer loop
     vertex -3.440000e+01 -1.770000e+02  4.180000e+02
     vertex -3.207634e+01 -1.796857e+02  4.180000e+02
     vertex -3.206698e+01 -1.796291e+02  4.180000e+02
   endloop
 endfacet
 facet normal  0.000000e+00  0.000000e+00  1.000000e+00
   outer loop
     vertex -3.440000e+01 -1.770000e+02  4.180000e+02
     vertex -3.208415e+01 -1.797425e+02  4.180000e+02
     vertex -3.207634e+01 -1.796857e+02  4.180000e+02
   endloop
 endfacet
 facet normal  0.000000e+00  0.000000e+00  1.000000e+00
   outer loop
     vertex -3.440000e+01 -1.770000e+02  4.180000e+02
     vertex -3.209041e+01 -1.797995e+02  4.180000e+02
     vertex -3.208415e+01 -1.797425e+02  4.180000e+02
   endloop
 endfacet
 facet normal  0.000000e+00  0.000000e+00  1.000000e+00
   outer loop
     vertex -3.440000e+01 -1.770000e+02  4.180000e+02
     vertex -3.209510e+01 -1.798567e+02  4.180000e+02
     vertex -3.209041e+01 -1.797995e+02  4.180000e+02
   endloop
 endfacet
 facet normal  0.000000e+00  0.000000e+00  1.000000e+00
   outer loop
     vertex -3.440000e+01 -1.770000e+02  4.180000e+02
     vertex -3.209824e+01 -1.799140e+02  4.180000e+02
     vertex -3.209510e+01 -1.798567e+02  4.180000e+02
   endloop
 endfacet
 facet normal  0.000000e+00  0.000000e+00  1.000000e+00
   outer loop
     vertex -3.440000e+01 -1.770000e+02  4.180000e+02
     vertex -3.209980e+01 -1.799713e+02  4.180000e+02
     vertex -3.209824e+01 -1.799140e+02  4.180000e+02
   endloop
 endfacet
 facet normal  0.000000e+00  0.000000e+00  1.000000e+00
   outer loop
     vertex -3.199722e+01 -1.793511e+02  4.180000e+02
     vertex -3.440000e+01 -1.770000e+02  4.180000e+02
     vertex -3.201420e+01 -1.794059e+02  4.180000e+02
   endloop
 endfacet
 facet normal  0.000000e+00  0.000000e+00  1.000000e+00
   outer loop
     vertex -3.197875e+01 -1.792968e+02  4.180000e+02
     vertex -3.440000e+01 -1.770000e+02  4.180000e+02
     vertex -3.199722e+01 -1.793511e+02  4.180000e+02
   endloop
 endfacet
 facet normal  0.000000e+00  0.000000e+00  1.000000e+00
   outer loop
     vertex -3.195880e+01 -1.792430e+02  4.180000e+02
     vertex -3.440000e+01 -1.770000e+02  4.180000e+02
     vertex -3.197875e+01 -1.792968e+02  4.180000e+02
   endloop
 endfacet
 facet normal  0.000000e+00  0.000000e+00  1.000000e+00
   outer loop
     vertex -3.193739e+01 -1.791897e+02  4.180000e+02
     vertex -3.440000e+01 -1.770000e+02  4.180000e+02
     vertex -3.195880e+01 -1.792430e+02  4.180000e+02
   endloop
 endfacet
 facet normal  0.000000e+00  0.000000e+00  1.000000e+00
   outer loop
     vertex -3.191454e+01 -1.791371e+02  4.180000e+02
     vertex -3.440000e+01 -1.770000e+02  4.180000e+02
     vertex -3.193739e+01 -1.791897e+02  4.180000e+02
   endloop
 endfacet
 facet normal  0.000000e+00  0.000000e+00  1.000000e+00
   outer loop
     vertex -3.189025e+01 -1.790852e+02  4.180000e+02
     vertex -3.440000e+01 -1.770000e+02  4.180000e+02
     vertex -3.191454e+01 -1.791371e+02  4.180000e+02
   endloop
 endfacet
 facet normal  0.000000e+00  0.000000e+00  1.000000e+00
   outer loop
     vertex -3.186456e+01 -1.790339e+02  4.180000e+02
     vertex -3.440000e+01 -1.770000e+02  4.180000e+02
     vertex -3.189025e+01 -1.790852e+02  4.180000e+02
   endloop
 endfacet
 facet normal  0.000000e+00  0.000000e+00  1.000000e+00
   outer loop
     vertex -3.183747e+01 -1.789833e+02  4.180000e+02
     vertex -3.440000e+01 -1.770000e+02  4.180000e+02
     vertex -3.186456e+01 -1.790339e+02  4.180000e+02
   endloop
 endfacet
 facet normal  0.000000e+00  0.000000e+00  1.000000e+00
   outer loop
     vertex -3.180902e+01 -1.789335e+02  4.180000e+02
     vertex -3.440000e+01 -1.770000e+02  4.180000e+02
     vertex -3.183747e+01 -1.789833e+02  4.180000e+02
   endloop
 endfacet
 facet normal  0.000000e+00  0.000000e+00  1.000000e+00
   outer loop
     vertex -3.177921e+01 -1.788845e+02  4.180000e+02
     vertex -3.440000e+01 -1.770000e+02  4.180000e+02
     vertex -3.180902e+01 -1.789335e+02  4.180000e+02
   endloop
 endfacet
 facet normal  0.000000e+00  0.000000e+00  1.000000e+00
   outer loop
     vertex -3.174808e+01 -1.788363e+02  4.180000e+02
     vertex -3.440000e+01 -1.770000e+02  4.180000e+02
     vertex -3.177921e+01 -1.788845e+02  4.180000e+02
   endloop
 endfacet
 facet normal  0.000000e+00  0.000000e+00  1.000000e+00
   outer loop
     vertex -3.171564e+01 -1.787890e+02  4.180000e+02
     vertex -3.440000e+01 -1.770000e+02  4.180000e+02
     vertex -3.174808e+01 -1.788363e+02  4.180000e+02
   endloop
 endfacet
 facet normal  0.000000e+00  0.000000e+00  1.000000e+00
   outer loop
     vertex -3.168192e+01 -1.787426e+02  4.180000e+02
     vertex -3.440000e+01 -1.770000e+02  4.180000e+02
     vertex -3.171564e+01 -1.787890e+02  4.180000e+02
   endloop
 endfacet
 facet normal  0.000000e+00  0.000000e+00  1.000000e+00
   outer loop
     vertex -3.164694e+01 -1.786971e+02  4.180000e+02
     vertex -3.440000e+01 -1.770000e+02  4.180000e+02
     vertex -3.168192e+01 -1.787426e+02  4.180000e+02
   endloop
 endfacet
 facet normal  0.000000e+00  0.000000e+00  1.000000e+00
   outer loop
     vertex -3.161074e+01 -1.786526e+02  4.180000e+02
     vertex -3.440000e+01 -1.770000e+02  4.180000e+02
     vertex -3.164694e+01 -1.786971e+02  4.180000e+02
   endloop
 endfacet
 facet normal  0.000000e+00  0.000000e+00  1.000000e+00
   outer loop
     vertex -3.157333e+01 -1.786091e+02  4.180000e+02
     vertex -3.440000e+01 -1.770000e+02  4.180000e+02
     vertex -3.161074e+01 -1.786526e+02  4.180000e+02
   endloop
 endfacet
 facet normal  0.000000e+00  0.000000e+00  1.000000e+00
   outer loop
     vertex -3.153476e+01 -1.785666e+02  4.180000e+02
     vertex -3.440000e+01 -1.770000e+02  4.180000e+02
     vertex -3.157333e+01 -1.786091e+02  4.180000e+02
   endloop
 endfacet
 facet normal  0.000000e+00  0.000000e+00  1.000000e+00
   outer loop
     vertex -3.149503e+01 -1.785253e+02  4.180000e+02
     vertex -3.440000e+01 -1.770000e+02  4.180000e+02
     vertex -3.153476e+01 -1.785666e+02  4.180000e+02
   endloop
 endfacet
 facet normal  0.000000e+00  0.000000e+00  1.000000e+00
   outer loop
     vertex -4.000000e+01 -1.700000e+02  4.180000e+02
     vertex -4.000000e+01 -1.770000e+02  4.180000e+02
     vertex -3.440000e+01 -1.770000e+02  4.180000e+02
   endloop
 endfacet
 facet normal  0.000000e+00  0.000000e+00  1.000000e+00
   outer loop
     vertex -3.300000e+01 -1.756000e+02  4.180000e+02
     vertex -3.440000e+01 -1.770000e+02  4.180000e+02
     vertex -3.149503e+01 -1.785253e+02  4.180000e+02
   endloop
 endfacet
 facet normal  0.000000e+00  0.000000e+00  1.000000e+00
   outer loop
     vertex -3.300000e+01 -1.756000e+02  4.180000e+02
     vertex -3.088894e+01 -1.780974e+02  4.180000e+02
     vertex -3.083664e+01 -1.780739e+02  4.180000e+02
   endloop
 endfacet
 facet normal  0.000000e+00  0.000000e+00  1.000000e+00
   outer loop
     vertex -3.300000e+01 -1.756000e+02  4.180000e+02
     vertex -3.094058e+01 -1.781224e+02  4.180000e+02
     vertex -3.088894e+01 -1.780974e+02  4.180000e+02
   endloop
 endfacet
 facet normal  0.000000e+00  0.000000e+00  1.000000e+00
   outer loop
     vertex -3.300000e+01 -1.756000e+02  4.180000e+02
     vertex -3.099151e+01 -1.781488e+02  4.180000e+02
     vertex -3.094058e+01 -1.781224e+02  4.180000e+02
   endloop
 endfacet
 facet normal  0.000000e+00  0.000000e+00  1.000000e+00
   outer loop
     vertex -3.300000e+01 -1.756000e+02  4.180000e+02
     vertex -3.104171e+01 -1.781766e+02  4.180000e+02
     vertex -3.099151e+01 -1.781488e+02  4.180000e+02
   endloop
 endfacet
 facet normal  0.000000e+00  0.000000e+00  1.000000e+00
   outer loop
     vertex -3.300000e+01 -1.756000e+02  4.180000e+02
     vertex -3.109113e+01 -1.782057e+02  4.180000e+02
     vertex -3.104171e+01 -1.781766e+02  4.180000e+02
   endloop
 endfacet
 facet normal  0.000000e+00  0.000000e+00  1.000000e+00
   outer loop
     vertex -3.300000e+01 -1.756000e+02  4.180000e+02
     vertex -3.113973e+01 -1.782362e+02  4.180000e+02
     vertex -3.109113e+01 -1.782057e+02  4.180000e+02
   endloop
 endfacet
 facet normal  0.000000e+00  0.000000e+00  1.000000e+00
   outer loop
     vertex -3.300000e+01 -1.756000e+02  4.180000e+02
     vertex -3.118748e+01 -1.782680e+02  4.180000e+02
     vertex -3.113973e+01 -1.782362e+02  4.180000e+02
   endloop
 endfacet
 facet normal  0.000000e+00  0.000000e+00  1.000000e+00
   outer loop
     vertex -3.300000e+01 -1.756000e+02  4.180000e+02
     vertex -3.123435e+01 -1.783011e+02  4.180000e+02
     vertex -3.118748e+01 -1.782680e+02  4.180000e+02
   endloop
 endfacet
 facet normal  0.000000e+00  0.000000e+00  1.000000e+00
   outer loop
     vertex -3.300000e+01 -1.756000e+02  4.180000e+02
     vertex -3.128029e+01 -1.783354e+02  4.180000e+02
     vertex -3.123435e+01 -1.783011e+02  4.180000e+02
   endloop
 endfacet
 facet normal  0.000000e+00  0.000000e+00  1.000000e+00
   outer loop
     vertex -3.300000e+01 -1.756000e+02  4.180000e+02
     vertex -3.132528e+01 -1.783710e+02  4.180000e+02
     vertex -3.128029e+01 -1.783354e+02  4.180000e+02
   endloop
 endfacet
 facet normal  0.000000e+00  0.000000e+00  1.000000e+00
   outer loop
     vertex -3.300000e+01 -1.756000e+02  4.180000e+02
     vertex -3.136929e+01 -1.784078e+02  4.180000e+02
     vertex -3.132528e+01 -1.783710e+02  4.180000e+02
   endloop
 endfacet
 facet normal  0.000000e+00  0.000000e+00  1.000000e+00
   outer loop
     vertex -3.300000e+01 -1.756000e+02  4.180000e+02
     vertex -3.141227e+01 -1.784458e+02  4.180000e+02
     vertex -3.136929e+01 -1.784078e+02  4.180000e+02
   endloop
 endfacet
 facet normal  0.000000e+00  0.000000e+00  1.000000e+00
   outer loop
     vertex -3.300000e+01 -1.756000e+02  4.180000e+02
     vertex -3.145419e+01 -1.784850e+02  4.180000e+02
     vertex -3.141227e+01 -1.784458e+02  4.180000e+02
   endloop
 endfacet
 facet normal  0.000000e+00  0.000000e+00  1.000000e+00
   outer loop
     vertex -3.300000e+01 -1.756000e+02  4.180000e+02
     vertex -3.149503e+01 -1.785253e+02  4.180000e+02
     vertex -3.145419e+01 -1.784850e+02  4.180000e+02
   endloop
 endfacet
 facet normal  0.000000e+00  0.000000e+00  1.000000e+00
   outer loop
     vertex -3.300000e+01 -1.756000e+02  4.180000e+02
     vertex -4.000000e+01 -1.700000e+02  4.180000e+02
     vertex -3.440000e+01 -1.770000e+02  4.180000e+02
   endloop
 endfacet
 facet normal  0.000000e+00  0.000000e+00  1.000000e+00
   outer loop
     vertex -3.000000e+01 -1.756000e+02  4.180000e+02
     vertex -3.005736e+01 -1.779008e+02  4.180000e+02
     vertex -3.000000e+01 -1.779000e+02  4.180000e+02
   endloop
 endfacet
 facet normal  0.000000e+00  0.000000e+00  1.000000e+00
   outer loop
     vertex -3.000000e+01 -1.756000e+02  4.180000e+02
     vertex -3.011468e+01 -1.779031e+02  4.180000e+02
     vertex -3.005736e+01 -1.779008e+02  4.180000e+02
   endloop
 endfacet
 facet normal  0.000000e+00  0.000000e+00  1.000000e+00
   outer loop
     vertex -3.000000e+01 -1.756000e+02  4.180000e+02
     vertex -3.017191e+01 -1.779070e+02  4.180000e+02
     vertex -3.011468e+01 -1.779031e+02  4.180000e+02
   endloop
 endfacet
 facet normal  0.000000e+00  0.000000e+00  1.000000e+00
   outer loop
     vertex -3.000000e+01 -1.756000e+02  4.180000e+02
     vertex -3.022902e+01 -1.779125e+02  4.180000e+02
     vertex -3.017191e+01 -1.779070e+02  4.180000e+02
   endloop
 endfacet
 facet normal  0.000000e+00  0.000000e+00  1.000000e+00
   outer loop
     vertex -3.000000e+01 -1.756000e+02  4.180000e+02
     vertex -3.028595e+01 -1.779196e+02  4.180000e+02
     vertex -3.022902e+01 -1.779125e+02  4.180000e+02
   endloop
 endfacet
 facet normal  0.000000e+00  0.000000e+00  1.000000e+00
   outer loop
     vertex -3.000000e+01 -1.756000e+02  4.180000e+02
     vertex -3.034267e+01 -1.779281e+02  4.180000e+02
     vertex -3.028595e+01 -1.779196e+02  4.180000e+02
   endloop
 endfacet
 facet normal  0.000000e+00  0.000000e+00  1.000000e+00
   outer loop
     vertex -3.000000e+01 -1.756000e+02  4.180000e+02
     vertex -3.039913e+01 -1.779383e+02  4.180000e+02
     vertex -3.034267e+01 -1.779281e+02  4.180000e+02
   endloop
 endfacet
 facet normal  0.000000e+00  0.000000e+00  1.000000e+00
   outer loop
     vertex -3.000000e+01 -1.756000e+02  4.180000e+02
     vertex -3.045530e+01 -1.779500e+02  4.180000e+02
     vertex -3.039913e+01 -1.779383e+02  4.180000e+02
   endloop
 endfacet
 facet normal  0.000000e+00  0.000000e+00  1.000000e+00
   outer loop
     vertex -3.000000e+01 -1.756000e+02  4.180000e+02
     vertex -3.051113e+01 -1.779632e+02  4.180000e+02
     vertex -3.045530e+01 -1.779500e+02  4.180000e+02
   endloop
 endfacet
 facet normal  0.000000e+00  0.000000e+00  1.000000e+00
   outer loop
     vertex -3.000000e+01 -1.756000e+02  4.180000e+02
     vertex -3.056657e+01 -1.779779e+02  4.180000e+02
     vertex -3.051113e+01 -1.779632e+02  4.180000e+02
   endloop
 endfacet
 facet normal  0.000000e+00  0.000000e+00  1.000000e+00
   outer loop
     vertex -3.000000e+01 -1.756000e+02  4.180000e+02
     vertex -3.062160e+01 -1.779941e+02  4.180000e+02
     vertex -3.056657e+01 -1.779779e+02  4.180000e+02
   endloop
 endfacet
 facet normal  0.000000e+00  0.000000e+00  1.000000e+00
   outer loop
     vertex -3.000000e+01 -1.756000e+02  4.180000e+02
     vertex -3.067615e+01 -1.780118e+02  4.180000e+02
     vertex -3.062160e+01 -1.779941e+02  4.180000e+02
   endloop
 endfacet
 facet normal  0.000000e+00  0.000000e+00  1.000000e+00
   outer loop
     vertex -3.000000e+01 -1.756000e+02  4.180000e+02
     vertex -3.073021e+01 -1.780310e+02  4.180000e+02
     vertex -3.067615e+01 -1.780118e+02  4.180000e+02
   endloop
 endfacet
 facet normal  0.000000e+00  0.000000e+00  1.000000e+00
   outer loop
     vertex -3.000000e+01 -1.756000e+02  4.180000e+02
     vertex -3.078372e+01 -1.780517e+02  4.180000e+02
     vertex -3.073021e+01 -1.780310e+02  4.180000e+02
   endloop
 endfacet
 facet normal  0.000000e+00  0.000000e+00  1.000000e+00
   outer loop
     vertex -3.000000e+01 -1.756000e+02  4.180000e+02
     vertex -3.083664e+01 -1.780739e+02  4.180000e+02
     vertex -3.078372e+01 -1.780517e+02  4.180000e+02
   endloop
 endfacet
 facet normal  0.000000e+00  0.000000e+00  1.000000e+00
   outer loop
     vertex -3.000000e+01 -1.756000e+02  4.180000e+02
     vertex -3.300000e+01 -1.756000e+02  4.180000e+02
     vertex -3.083664e+01 -1.780739e+02  4.180000e+02
   endloop
 endfacet
 facet normal  0.000000e+00  0.000000e+00  1.000000e+00
   outer loop
     vertex -3.300000e+01 -1.700000e+02  4.180000e+02
     vertex -4.000000e+01 -1.700000e+02  4.180000e+02
     vertex -3.300000e+01 -1.756000e+02  4.180000e+02
   endloop
 endfacet
 facet normal  0.000000e+00  0.000000e+00  1.000000e+00
   outer loop
     vertex -2.982957e+01 -1.820931e+02  4.180000e+02
     vertex -2.994313e+01 -1.820992e+02  4.180000e+02
     vertex -2.988631e+01 -1.820969e+02  4.180000e+02
   endloop
 endfacet
 facet normal  0.000000e+00  0.000000e+00  1.000000e+00
   outer loop
     vertex -2.971650e+01 -1.820808e+02  4.180000e+02
     vertex -2.982957e+01 -1.820931e+02  4.180000e+02
     vertex -2.977295e+01 -1.820877e+02  4.180000e+02
   endloop
 endfacet
 facet normal  0.000000e+00  0.000000e+00  1.000000e+00
   outer loop
     vertex -2.954856e+01 -1.820509e+02  4.180000e+02
     vertex -2.966026e+01 -1.820723e+02  4.180000e+02
     vertex -2.960426e+01 -1.820624e+02  4.180000e+02
   endloop
 endfacet
 facet normal  0.000000e+00  0.000000e+00  1.000000e+00
   outer loop
     vertex -2.932947e+01 -1.819901e+02  4.180000e+02
     vertex -2.971650e+01 -1.820808e+02  4.180000e+02
     vertex -2.966026e+01 -1.820723e+02  4.180000e+02
   endloop
 endfacet
 facet normal  0.000000e+00  0.000000e+00  1.000000e+00
   outer loop
     vertex -2.932947e+01 -1.819901e+02  4.180000e+02
     vertex -2.954856e+01 -1.820509e+02  4.180000e+02
     vertex -2.949319e+01 -1.820379e+02  4.180000e+02
   endloop
 endfacet
 facet normal  0.000000e+00  0.000000e+00  1.000000e+00
   outer loop
     vertex -2.932947e+01 -1.819901e+02  4.180000e+02
     vertex -2.949319e+01 -1.820379e+02  4.180000e+02
     vertex -2.943819e+01 -1.820235e+02  4.180000e+02
   endloop
 endfacet
 facet normal  0.000000e+00  0.000000e+00  1.000000e+00
   outer loop
     vertex -2.932947e+01 -1.819901e+02  4.180000e+02
     vertex -2.943819e+01 -1.820235e+02  4.180000e+02
     vertex -2.938360e+01 -1.820075e+02  4.180000e+02
   endloop
 endfacet
 facet normal  0.000000e+00  0.000000e+00  1.000000e+00
   outer loop
     vertex -2.932947e+01 -1.819901e+02  4.180000e+02
     vertex -2.966026e+01 -1.820723e+02  4.180000e+02
     vertex -2.954856e+01 -1.820509e+02  4.180000e+02
   endloop
 endfacet
 facet normal  0.000000e+00  0.000000e+00  1.000000e+00
   outer loop
     vertex -2.917017e+01 -1.819291e+02  4.180000e+02
     vertex -2.932947e+01 -1.819901e+02  4.180000e+02
     vertex -2.927582e+01 -1.819712e+02  4.180000e+02
   endloop
 endfacet
 facet normal  0.000000e+00  0.000000e+00  1.000000e+00
   outer loop
     vertex -2.917017e+01 -1.819291e+02  4.180000e+02
     vertex -2.927582e+01 -1.819712e+02  4.180000e+02
     vertex -2.922271e+01 -1.819509e+02  4.180000e+02
   endloop
 endfacet
 facet normal  0.000000e+00  0.000000e+00  1.000000e+00
   outer loop
     vertex -2.901634e+01 -1.818554e+02  4.180000e+02
     vertex -2.911823e+01 -1.819059e+02  4.180000e+02
     vertex -2.906695e+01 -1.818813e+02  4.180000e+02
   endloop
 endfacet
 facet normal  0.000000e+00  0.000000e+00  1.000000e+00
   outer loop
     vertex -2.896646e+01 -1.818281e+02  4.180000e+02
     vertex -2.917017e+01 -1.819291e+02  4.180000e+02
     vertex -2.911823e+01 -1.819059e+02  4.180000e+02
   endloop
 endfacet
 facet normal  0.000000e+00  0.000000e+00  1.000000e+00
   outer loop
     vertex -2.896646e+01 -1.818281e+02  4.180000e+02
     vertex -2.911823e+01 -1.819059e+02  4.180000e+02
     vertex -2.901634e+01 -1.818554e+02  4.180000e+02
   endloop
 endfacet
 facet normal  0.000000e+00  0.000000e+00  1.000000e+00
   outer loop
     vertex -2.882151e+01 -1.817381e+02  4.180000e+02
     vertex -2.896646e+01 -1.818281e+02  4.180000e+02
     vertex -2.891734e+01 -1.817994e+02  4.180000e+02
   endloop
 endfacet
 facet normal  0.000000e+00  0.000000e+00  1.000000e+00
   outer loop
     vertex -2.882151e+01 -1.817381e+02  4.180000e+02
     vertex -2.891734e+01 -1.817994e+02  4.180000e+02
     vertex -2.886901e+01 -1.817694e+02  4.180000e+02
   endloop
 endfacet
 facet normal  0.000000e+00  0.000000e+00  1.000000e+00
   outer loop
     vertex -2.882151e+01 -1.817381e+02  4.180000e+02
     vertex -2.994313e+01 -1.820992e+02  4.180000e+02
     vertex -2.982957e+01 -1.820931e+02  4.180000e+02
   endloop
 endfacet
 facet normal  0.000000e+00  0.000000e+00  1.000000e+00
   outer loop
     vertex -2.882151e+01 -1.817381e+02  4.180000e+02
     vertex -2.982957e+01 -1.820931e+02  4.180000e+02
     vertex -2.971650e+01 -1.820808e+02  4.180000e+02
   endloop
 endfacet
 facet normal  0.000000e+00  0.000000e+00  1.000000e+00
   outer loop
     vertex -2.882151e+01 -1.817381e+02  4.180000e+02
     vertex -2.971650e+01 -1.820808e+02  4.180000e+02
     vertex -2.932947e+01 -1.819901e+02  4.180000e+02
   endloop
 endfacet
 facet normal  0.000000e+00  0.000000e+00  1.000000e+00
   outer loop
     vertex -2.882151e+01 -1.817381e+02  4.180000e+02
     vertex -2.932947e+01 -1.819901e+02  4.180000e+02
     vertex -2.917017e+01 -1.819291e+02  4.180000e+02
   endloop
 endfacet
 facet normal  0.000000e+00  0.000000e+00  1.000000e+00
   outer loop
     vertex -2.882151e+01 -1.817381e+02  4.180000e+02
     vertex -2.917017e+01 -1.819291e+02  4.180000e+02
     vertex -2.896646e+01 -1.818281e+02  4.180000e+02
   endloop
 endfacet
 facet normal  0.000000e+00  0.000000e+00  1.000000e+00
   outer loop
     vertex -2.872913e+01 -1.816718e+02  4.180000e+02
     vertex -2.882151e+01 -1.817381e+02  4.180000e+02
     vertex -2.877487e+01 -1.817056e+02  4.180000e+02
   endloop
 endfacet
 facet normal  0.000000e+00  0.000000e+00  1.000000e+00
   outer loop
     vertex -2.859765e+01 -1.815631e+02  4.180000e+02
     vertex -2.872913e+01 -1.816718e+02  4.180000e+02
     vertex -2.868433e+01 -1.816368e+02  4.180000e+02
   endloop
 endfacet
 facet normal  0.000000e+00  0.000000e+00  1.000000e+00
   outer loop
     vertex -2.859765e+01 -1.815631e+02  4.180000e+02
     vertex -2.868433e+01 -1.816368e+02  4.180000e+02
     vertex -2.864049e+01 -1.816005e+02  4.180000e+02
   endloop
 endfacet
 facet normal  0.000000e+00  0.000000e+00  1.000000e+00
   outer loop
     vertex -2.859765e+01 -1.815631e+02  4.180000e+02
     vertex -2.882151e+01 -1.817381e+02  4.180000e+02
     vertex -2.872913e+01 -1.816718e+02  4.180000e+02
   endloop
 endfacet
 facet normal  0.000000e+00  0.000000e+00  1.000000e+00
   outer loop
     vertex -2.851508e+01 -1.814849e+02  4.180000e+02
     vertex -2.859765e+01 -1.815631e+02  4.180000e+02
     vertex -2.855583e+01 -1.815246e+02  4.180000e+02
   endloop
 endfacet
 facet normal  0.000000e+00  0.000000e+00  1.000000e+00
   outer loop
     vertex -2.847541e+01 -1.814442e+02  4.180000e+02
     vertex -2.882151e+01 -1.817381e+02  4.180000e+02
     vertex -2.859765e+01 -1.815631e+02  4.180000e+02
   endloop
 endfacet
 facet normal  0.000000e+00  0.000000e+00  1.000000e+00
   outer loop
     vertex -2.847541e+01 -1.814442e+02  4.180000e+02
     vertex -2.859765e+01 -1.815631e+02  4.180000e+02
     vertex -2.851508e+01 -1.814849e+02  4.180000e+02
   endloop
 endfacet
 facet normal  0.000000e+00  0.000000e+00  1.000000e+00
   outer loop
     vertex -2.839946e+01 -1.813595e+02  4.180000e+02
     vertex -2.847541e+01 -1.814442e+02  4.180000e+02
     vertex -2.843686e+01 -1.814024e+02  4.180000e+02
   endloop
 endfacet
 facet normal  0.000000e+00  0.000000e+00  1.000000e+00
   outer loop
     vertex -2.832820e+01 -1.812709e+02  4.180000e+02
     vertex -2.839946e+01 -1.813595e+02  4.180000e+02
     vertex -2.836323e+01 -1.813157e+02  4.180000e+02
   endloop
 endfacet
 facet normal  0.000000e+00  0.000000e+00  1.000000e+00
   outer loop
     vertex -2.832820e+01 -1.812709e+02  4.180000e+02
     vertex -2.882151e+01 -1.817381e+02  4.180000e+02
     vertex -2.847541e+01 -1.814442e+02  4.180000e+02
   endloop
 endfacet
 facet normal  0.000000e+00  0.000000e+00  1.000000e+00
   outer loop
     vertex -2.832820e+01 -1.812709e+02  4.180000e+02
     vertex -2.847541e+01 -1.814442e+02  4.180000e+02
     vertex -2.839946e+01 -1.813595e+02  4.180000e+02
   endloop
 endfacet
 facet normal  0.000000e+00  0.000000e+00  1.000000e+00
   outer loop
     vertex -2.823058e+01 -1.811310e+02  4.180000e+02
     vertex -2.829440e+01 -1.812251e+02  4.180000e+02
     vertex -2.826185e+01 -1.811785e+02  4.180000e+02
   endloop
 endfacet
 facet normal  0.000000e+00  0.000000e+00  1.000000e+00
   outer loop
     vertex -2.820060e+01 -1.810827e+02  4.180000e+02
     vertex -2.832820e+01 -1.812709e+02  4.180000e+02
     vertex -2.829440e+01 -1.812251e+02  4.180000e+02
   endloop
 endfacet
 facet normal  0.000000e+00  0.000000e+00  1.000000e+00
   outer loop
     vertex -2.820060e+01 -1.810827e+02  4.180000e+02
     vertex -2.829440e+01 -1.812251e+02  4.180000e+02
     vertex -2.823058e+01 -1.811310e+02  4.180000e+02
   endloop
 endfacet
 facet normal  0.000000e+00  0.000000e+00  1.000000e+00
   outer loop
     vertex -2.817194e+01 -1.810335e+02  4.180000e+02
     vertex -2.832820e+01 -1.812709e+02  4.180000e+02
     vertex -2.820060e+01 -1.810827e+02  4.180000e+02
   endloop
 endfacet
 facet normal  0.000000e+00  0.000000e+00  1.000000e+00
   outer loop
     vertex -2.811867e+01 -1.809331e+02  4.180000e+02
     vertex -2.817194e+01 -1.810335e+02  4.180000e+02
     vertex -2.814462e+01 -1.809837e+02  4.180000e+02
   endloop
 endfacet
 facet normal  0.000000e+00  0.000000e+00  1.000000e+00
   outer loop
     vertex -2.807091e+01 -1.808298e+02  4.180000e+02
     vertex -2.811867e+01 -1.809331e+02  4.180000e+02
     vertex -2.809409e+01 -1.808818e+02  4.180000e+02
   endloop
 endfacet
 facet normal  0.000000e+00  0.000000e+00  1.000000e+00
   outer loop
     vertex -2.804915e+01 -1.807773e+02  4.180000e+02
     vertex -2.811867e+01 -1.809331e+02  4.180000e+02
     vertex -2.807091e+01 -1.808298e+02  4.180000e+02
   endloop
 endfacet
 facet normal  0.000000e+00  0.000000e+00  1.000000e+00
   outer loop
     vertex -2.799250e+01 -1.806164e+02  4.180000e+02
     vertex -2.817194e+01 -1.810335e+02  4.180000e+02
     vertex -2.811867e+01 -1.809331e+02  4.180000e+02
   endloop
 endfacet
 facet normal  0.000000e+00  0.000000e+00  1.000000e+00
   outer loop
     vertex -2.799250e+01 -1.806164e+02  4.180000e+02
     vertex -2.804915e+01 -1.807773e+02  4.180000e+02
     vertex -2.802882e+01 -1.807242e+02  4.180000e+02
   endloop
 endfacet
 facet normal  0.000000e+00  0.000000e+00  1.000000e+00
   outer loop
     vertex -2.799250e+01 -1.806164e+02  4.180000e+02
     vertex -2.802882e+01 -1.807242e+02  4.180000e+02
     vertex -2.800993e+01 -1.806705e+02  4.180000e+02
   endloop
 endfacet
 facet normal  0.000000e+00  0.000000e+00  1.000000e+00
   outer loop
     vertex -2.799250e+01 -1.806164e+02  4.180000e+02
     vertex -2.811867e+01 -1.809331e+02  4.180000e+02
     vertex -2.804915e+01 -1.807773e+02  4.180000e+02
   endloop
 endfacet
 facet normal  0.000000e+00  0.000000e+00  1.000000e+00
   outer loop
     vertex -2.793762e+01 -1.803957e+02  4.180000e+02
     vertex -2.796207e+01 -1.805068e+02  4.180000e+02
     vertex -2.794910e+01 -1.804514e+02  4.180000e+02
   endloop
 endfacet
 facet normal  0.000000e+00  0.000000e+00  1.000000e+00
   outer loop
     vertex -2.792766e+01 -1.803397e+02  4.180000e+02
     vertex -2.796207e+01 -1.805068e+02  4.180000e+02
     vertex -2.793762e+01 -1.803957e+02  4.180000e+02
   endloop
 endfacet
 facet normal  0.000000e+00  0.000000e+00  1.000000e+00
   outer loop
     vertex -2.792766e+01 -1.803397e+02  4.180000e+02
     vertex -2.799250e+01 -1.806164e+02  4.180000e+02
     vertex -2.797655e+01 -1.805618e+02  4.180000e+02
   endloop
 endfacet
 facet normal  0.000000e+00  0.000000e+00  1.000000e+00
   outer loop
     vertex -2.792766e+01 -1.803397e+02  4.180000e+02
     vertex -2.797655e+01 -1.805618e+02  4.180000e+02
     vertex -2.796207e+01 -1.805068e+02  4.180000e+02
   endloop
 endfacet
 facet normal  0.000000e+00  0.000000e+00  1.000000e+00
   outer loop
     vertex -2.791231e+01 -1.802270e+02  4.180000e+02
     vertex -2.799250e+01 -1.806164e+02  4.180000e+02
     vertex -2.792766e+01 -1.803397e+02  4.180000e+02
   endloop
 endfacet
 facet normal  0.000000e+00  0.000000e+00  1.000000e+00
   outer loop
     vertex -2.791231e+01 -1.802270e+02  4.180000e+02
     vertex -2.792766e+01 -1.803397e+02  4.180000e+02
     vertex -2.791922e+01 -1.802835e+02  4.180000e+02
   endloop
 endfacet
 facet normal  0.000000e+00  0.000000e+00  1.000000e+00
   outer loop
     vertex -2.790308e+01 -1.801137e+02  4.180000e+02
     vertex -2.791231e+01 -1.802270e+02  4.180000e+02
     vertex -2.790693e+01 -1.801704e+02  4.180000e+02
   endloop
 endfacet
 facet normal  0.000000e+00  0.000000e+00  1.000000e+00
   outer loop
     vertex -2.790077e+01 -1.800569e+02  4.180000e+02
     vertex -2.799250e+01 -1.806164e+02  4.180000e+02
     vertex -2.791231e+01 -1.802270e+02  4.180000e+02
   endloop
 endfacet
 facet normal  0.000000e+00  0.000000e+00  1.000000e+00
   outer loop
     vertex -2.790077e+01 -1.800569e+02  4.180000e+02
     vertex -2.791231e+01 -1.802270e+02  4.180000e+02
     vertex -2.790308e+01 -1.801137e+02  4.180000e+02
   endloop
 endfacet
 facet normal  0.000000e+00  0.000000e+00  1.000000e+00
   outer loop
     vertex -2.790077e+01 -1.799431e+02  4.180000e+02
     vertex -2.799250e+01 -1.806164e+02  4.180000e+02
     vertex -2.790077e+01 -1.800569e+02  4.180000e+02
   endloop
 endfacet
 facet normal  0.000000e+00  0.000000e+00  1.000000e+00
   outer loop
     vertex -2.790077e+01 -1.799431e+02  4.180000e+02
     vertex -2.790077e+01 -1.800569e+02  4.180000e+02
     vertex -2.790000e+01 -1.800000e+02  4.180000e+02
   endloop
 endfacet
 facet normal  0.000000e+00  0.000000e+00  1.000000e+00
   outer loop
     vertex -2.994313e+01 -1.779008e+02  4.180000e+02
     vertex -3.000000e+01 -1.779000e+02  4.180000e+02
     vertex -3.000000e+01 -1.821000e+02  4.180000e+02
   endloop
 endfacet
 facet normal  0.000000e+00  0.000000e+00  1.000000e+00
   outer loop
     vertex -2.994313e+01 -1.779008e+02  4.180000e+02
     vertex -3.000000e+01 -1.821000e+02  4.180000e+02
     vertex -2.994313e+01 -1.820992e+02  4.180000e+02
   endloop
 endfacet
 facet normal  0.000000e+00  0.000000e+00  1.000000e+00
   outer loop
     vertex -2.982957e+01 -1.779069e+02  4.180000e+02
     vertex -2.988631e+01 -1.779031e+02  4.180000e+02
     vertex -2.994313e+01 -1.779008e+02  4.180000e+02
   endloop
 endfacet
 facet normal  0.000000e+00  0.000000e+00  1.000000e+00
   outer loop
     vertex -2.982957e+01 -1.779069e+02  4.180000e+02
     vertex -2.994313e+01 -1.779008e+02  4.180000e+02
     vertex -2.994313e+01 -1.820992e+02  4.180000e+02
   endloop
 endfacet
 facet normal  0.000000e+00  0.000000e+00  1.000000e+00
   outer loop
     vertex -2.791231e+01 -1.797730e+02  4.180000e+02
     vertex -2.790308e+01 -1.798863e+02  4.180000e+02
     vertex -2.790693e+01 -1.798296e+02  4.180000e+02
   endloop
 endfacet
 facet normal  0.000000e+00  0.000000e+00  1.000000e+00
   outer loop
     vertex -2.791922e+01 -1.797165e+02  4.180000e+02
     vertex -2.799250e+01 -1.806164e+02  4.180000e+02
     vertex -2.790077e+01 -1.799431e+02  4.180000e+02
   endloop
 endfacet
 facet normal  0.000000e+00  0.000000e+00  1.000000e+00
   outer loop
     vertex -2.791922e+01 -1.797165e+02  4.180000e+02
     vertex -2.790308e+01 -1.798863e+02  4.180000e+02
     vertex -2.791231e+01 -1.797730e+02  4.180000e+02
   endloop
 endfacet
 facet normal  0.000000e+00  0.000000e+00  1.000000e+00
   outer loop
     vertex -2.791922e+01 -1.797165e+02  4.180000e+02
     vertex -2.790077e+01 -1.799431e+02  4.180000e+02
     vertex -2.790308e+01 -1.798863e+02  4.180000e+02
   endloop
 endfacet
 facet normal  0.000000e+00  0.000000e+00  1.000000e+00
   outer loop
     vertex -2.966026e+01 -1.779277e+02  4.180000e+02
     vertex -2.971650e+01 -1.779192e+02  4.180000e+02
     vertex -2.977295e+01 -1.779123e+02  4.180000e+02
   endloop
 endfacet
 facet normal  0.000000e+00  0.000000e+00  1.000000e+00
   outer loop
     vertex -2.966026e+01 -1.779277e+02  4.180000e+02
     vertex -2.977295e+01 -1.779123e+02  4.180000e+02
     vertex -2.982957e+01 -1.779069e+02  4.180000e+02
   endloop
 endfacet
 facet normal  0.000000e+00  0.000000e+00  1.000000e+00
   outer loop
     vertex -2.793762e+01 -1.796043e+02  4.180000e+02
     vertex -2.791922e+01 -1.797165e+02  4.180000e+02
     vertex -2.792766e+01 -1.796603e+02  4.180000e+02
   endloop
 endfacet
 facet normal  0.000000e+00  0.000000e+00  1.000000e+00
   outer loop
     vertex -2.796207e+01 -1.794932e+02  4.180000e+02
     vertex -2.791922e+01 -1.797165e+02  4.180000e+02
     vertex -2.793762e+01 -1.796043e+02  4.180000e+02
   endloop
 endfacet
 facet normal  0.000000e+00  0.000000e+00  1.000000e+00
   outer loop
     vertex -2.796207e+01 -1.794932e+02  4.180000e+02
     vertex -2.793762e+01 -1.796043e+02  4.180000e+02
     vertex -2.794910e+01 -1.795486e+02  4.180000e+02
   endloop
 endfacet
 facet normal  0.000000e+00  0.000000e+00  1.000000e+00
   outer loop
     vertex -2.943819e+01 -1.779765e+02  4.180000e+02
     vertex -2.949319e+01 -1.779621e+02  4.180000e+02
     vertex -2.954856e+01 -1.779491e+02  4.180000e+02
   endloop
 endfacet
 facet normal  0.000000e+00  0.000000e+00  1.000000e+00
   outer loop
     vertex -2.943819e+01 -1.779765e+02  4.180000e+02
     vertex -2.954856e+01 -1.779491e+02  4.180000e+02
     vertex -2.960426e+01 -1.779376e+02  4.180000e+02
   endloop
 endfacet
 facet normal  0.000000e+00  0.000000e+00  1.000000e+00
   outer loop
     vertex -2.799250e+01 -1.793836e+02  4.180000e+02
     vertex -2.791922e+01 -1.797165e+02  4.180000e+02
     vertex -2.796207e+01 -1.794932e+02  4.180000e+02
   endloop
 endfacet
 facet normal  0.000000e+00  0.000000e+00  1.000000e+00
   outer loop
     vertex -2.799250e+01 -1.793836e+02  4.180000e+02
     vertex -2.796207e+01 -1.794932e+02  4.180000e+02
     vertex -2.797655e+01 -1.794382e+02  4.180000e+02
   endloop
 endfacet
 facet normal  0.000000e+00  0.000000e+00  1.000000e+00
   outer loop
     vertex -2.932947e+01 -1.780099e+02  4.180000e+02
     vertex -2.938360e+01 -1.779925e+02  4.180000e+02
     vertex -2.943819e+01 -1.779765e+02  4.180000e+02
   endloop
 endfacet
 facet normal  0.000000e+00  0.000000e+00  1.000000e+00
   outer loop
     vertex -2.932947e+01 -1.780099e+02  4.180000e+02
     vertex -2.960426e+01 -1.779376e+02  4.180000e+02
     vertex -2.966026e+01 -1.779277e+02  4.180000e+02
   endloop
 endfacet
 facet normal  0.000000e+00  0.000000e+00  1.000000e+00
   outer loop
     vertex -2.932947e+01 -1.780099e+02  4.180000e+02
     vertex -2.943819e+01 -1.779765e+02  4.180000e+02
     vertex -2.960426e+01 -1.779376e+02  4.180000e+02
   endloop
 endfacet
 facet normal  0.000000e+00  0.000000e+00  1.000000e+00
   outer loop
     vertex -2.802882e+01 -1.792758e+02  4.180000e+02
     vertex -2.791922e+01 -1.797165e+02  4.180000e+02
     vertex -2.799250e+01 -1.793836e+02  4.180000e+02
   endloop
 endfacet
 facet normal  0.000000e+00  0.000000e+00  1.000000e+00
   outer loop
     vertex -2.802882e+01 -1.792758e+02  4.180000e+02
     vertex -2.799250e+01 -1.793836e+02  4.180000e+02
     vertex -2.800993e+01 -1.793295e+02  4.180000e+02
   endloop
 endfacet
 facet normal  0.000000e+00  0.000000e+00  1.000000e+00
   outer loop
     vertex -2.927582e+01 -1.780288e+02  4.180000e+02
     vertex -2.932947e+01 -1.780099e+02  4.180000e+02
     vertex -2.966026e+01 -1.779277e+02  4.180000e+02
   endloop
 endfacet
 facet normal  0.000000e+00  0.000000e+00  1.000000e+00
   outer loop
     vertex -2.804915e+01 -1.792227e+02  4.180000e+02
     vertex -2.791922e+01 -1.797165e+02  4.180000e+02
     vertex -2.802882e+01 -1.792758e+02  4.180000e+02
   endloop
 endfacet
 facet normal  0.000000e+00  0.000000e+00  1.000000e+00
   outer loop
     vertex -2.809409e+01 -1.791182e+02  4.180000e+02
     vertex -2.804915e+01 -1.792227e+02  4.180000e+02
     vertex -2.807091e+01 -1.791702e+02  4.180000e+02
   endloop
 endfacet
 facet normal  0.000000e+00  0.000000e+00  1.000000e+00
   outer loop
     vertex -2.911823e+01 -1.780941e+02  4.180000e+02
     vertex -2.917017e+01 -1.780709e+02  4.180000e+02
     vertex -2.922271e+01 -1.780491e+02  4.180000e+02
   endloop
 endfacet
 facet normal  0.000000e+00  0.000000e+00  1.000000e+00
   outer loop
     vertex -2.911823e+01 -1.780941e+02  4.180000e+02
     vertex -2.922271e+01 -1.780491e+02  4.180000e+02
     vertex -2.927582e+01 -1.780288e+02  4.180000e+02
   endloop
 endfacet
 facet normal  0.000000e+00  0.000000e+00  1.000000e+00
   outer loop
     vertex -2.814462e+01 -1.790163e+02  4.180000e+02
     vertex -2.809409e+01 -1.791182e+02  4.180000e+02
     vertex -2.811867e+01 -1.790669e+02  4.180000e+02
   endloop
 endfacet
 facet normal  0.000000e+00  0.000000e+00  1.000000e+00
   outer loop
     vertex -2.814462e+01 -1.790163e+02  4.180000e+02
     vertex -2.791922e+01 -1.797165e+02  4.180000e+02
     vertex -2.804915e+01 -1.792227e+02  4.180000e+02
   endloop
 endfacet
 facet normal  0.000000e+00  0.000000e+00  1.000000e+00
   outer loop
     vertex -2.814462e+01 -1.790163e+02  4.180000e+02
     vertex -2.804915e+01 -1.792227e+02  4.180000e+02
     vertex -2.809409e+01 -1.791182e+02  4.180000e+02
   endloop
 endfacet
 facet normal  0.000000e+00  0.000000e+00  1.000000e+00
   outer loop
     vertex -2.896646e+01 -1.781719e+02  4.180000e+02
     vertex -2.906695e+01 -1.781187e+02  4.180000e+02
     vertex -2.911823e+01 -1.780941e+02  4.180000e+02
   endloop
 endfacet
 facet normal  0.000000e+00  0.000000e+00  1.000000e+00
   outer loop
     vertex -2.896646e+01 -1.781719e+02  4.180000e+02
     vertex -2.927582e+01 -1.780288e+02  4.180000e+02
     vertex -2.966026e+01 -1.779277e+02  4.180000e+02
   endloop
 endfacet
 facet normal  0.000000e+00  0.000000e+00  1.000000e+00
   outer loop
     vertex -2.896646e+01 -1.781719e+02  4.180000e+02
     vertex -2.911823e+01 -1.780941e+02  4.180000e+02
     vertex -2.927582e+01 -1.780288e+02  4.180000e+02
   endloop
 endfacet
 facet normal  0.000000e+00  0.000000e+00  1.000000e+00
   outer loop
     vertex -2.896646e+01 -1.781719e+02  4.180000e+02
     vertex -2.901634e+01 -1.781446e+02  4.180000e+02
     vertex -2.906695e+01 -1.781187e+02  4.180000e+02
   endloop
 endfacet
 facet normal  0.000000e+00  0.000000e+00  1.000000e+00
   outer loop
     vertex -2.820060e+01 -1.789173e+02  4.180000e+02
     vertex -2.814462e+01 -1.790163e+02  4.180000e+02
     vertex -2.817194e+01 -1.789665e+02  4.180000e+02
   endloop
 endfacet
 facet normal  0.000000e+00  0.000000e+00  1.000000e+00
   outer loop
     vertex -2.891734e+01 -1.782006e+02  4.180000e+02
     vertex -2.896646e+01 -1.781719e+02  4.180000e+02
     vertex -2.966026e+01 -1.779277e+02  4.180000e+02
   endloop
 endfacet
 facet normal  0.000000e+00  0.000000e+00  1.000000e+00
   outer loop
     vertex -2.891734e+01 -1.782006e+02  4.180000e+02
     vertex -2.966026e+01 -1.779277e+02  4.180000e+02
     vertex -2.982957e+01 -1.779069e+02  4.180000e+02
   endloop
 endfacet
 facet normal  0.000000e+00  0.000000e+00  1.000000e+00
   outer loop
     vertex -2.823058e+01 -1.788690e+02  4.180000e+02
     vertex -2.814462e+01 -1.790163e+02  4.180000e+02
     vertex -2.820060e+01 -1.789173e+02  4.180000e+02
   endloop
 endfacet
 facet normal  0.000000e+00  0.000000e+00  1.000000e+00
   outer loop
     vertex -2.882151e+01 -1.782619e+02  4.180000e+02
     vertex -2.886901e+01 -1.782306e+02  4.180000e+02
     vertex -2.891734e+01 -1.782006e+02  4.180000e+02
   endloop
 endfacet
 facet normal  0.000000e+00  0.000000e+00  1.000000e+00
   outer loop
     vertex -2.829440e+01 -1.787749e+02  4.180000e+02
     vertex -2.823058e+01 -1.788690e+02  4.180000e+02
     vertex -2.826185e+01 -1.788215e+02  4.180000e+02
   endloop
 endfacet
 facet normal  0.000000e+00  0.000000e+00  1.000000e+00
   outer loop
     vertex -2.832820e+01 -1.787291e+02  4.180000e+02
     vertex -2.814462e+01 -1.790163e+02  4.180000e+02
     vertex -2.823058e+01 -1.788690e+02  4.180000e+02
   endloop
 endfacet
 facet normal  0.000000e+00  0.000000e+00  1.000000e+00
   outer loop
     vertex -2.832820e+01 -1.787291e+02  4.180000e+02
     vertex -2.823058e+01 -1.788690e+02  4.180000e+02
     vertex -2.829440e+01 -1.787749e+02  4.180000e+02
   endloop
 endfacet
 facet normal  0.000000e+00  0.000000e+00  1.000000e+00
   outer loop
     vertex -2.872913e+01 -1.783282e+02  4.180000e+02
     vertex -2.877487e+01 -1.782944e+02  4.180000e+02
     vertex -2.882151e+01 -1.782619e+02  4.180000e+02
   endloop
 endfacet
 facet normal  0.000000e+00  0.000000e+00  1.000000e+00
   outer loop
     vertex -2.868433e+01 -1.783632e+02  4.180000e+02
     vertex -2.882151e+01 -1.782619e+02  4.180000e+02
     vertex -2.891734e+01 -1.782006e+02  4.180000e+02
   endloop
 endfacet
 facet normal  0.000000e+00  0.000000e+00  1.000000e+00
   outer loop
     vertex -2.868433e+01 -1.783632e+02  4.180000e+02
     vertex -2.872913e+01 -1.783282e+02  4.180000e+02
     vertex -2.882151e+01 -1.782619e+02  4.180000e+02
   endloop
 endfacet
 facet normal  0.000000e+00  0.000000e+00  1.000000e+00
   outer loop
     vertex -2.839946e+01 -1.786405e+02  4.180000e+02
     vertex -2.814462e+01 -1.790163e+02  4.180000e+02
     vertex -2.832820e+01 -1.787291e+02  4.180000e+02
   endloop
 endfacet
 facet normal  0.000000e+00  0.000000e+00  1.000000e+00
   outer loop
     vertex -2.839946e+01 -1.786405e+02  4.180000e+02
     vertex -2.832820e+01 -1.787291e+02  4.180000e+02
     vertex -2.836323e+01 -1.786843e+02  4.180000e+02
   endloop
 endfacet
 facet normal  0.000000e+00  0.000000e+00  1.000000e+00
   outer loop
     vertex -2.843686e+01 -1.785976e+02  4.180000e+02
     vertex -2.814462e+01 -1.790163e+02  4.180000e+02
     vertex -2.839946e+01 -1.786405e+02  4.180000e+02
   endloop
 endfacet
 facet normal  0.000000e+00  0.000000e+00  1.000000e+00
   outer loop
     vertex -2.859765e+01 -1.784369e+02  4.180000e+02
     vertex -2.868433e+01 -1.783632e+02  4.180000e+02
     vertex -2.891734e+01 -1.782006e+02  4.180000e+02
   endloop
 endfacet
 facet normal  0.000000e+00  0.000000e+00  1.000000e+00
   outer loop
     vertex -2.859765e+01 -1.784369e+02  4.180000e+02
     vertex -2.864049e+01 -1.783995e+02  4.180000e+02
     vertex -2.868433e+01 -1.783632e+02  4.180000e+02
   endloop
 endfacet
 facet normal  0.000000e+00  0.000000e+00  1.000000e+00
   outer loop
     vertex -2.851508e+01 -1.785151e+02  4.180000e+02
     vertex -2.817194e+01 -1.810335e+02  4.180000e+02
     vertex -2.799250e+01 -1.806164e+02  4.180000e+02
   endloop
 endfacet
 facet normal  0.000000e+00  0.000000e+00  1.000000e+00
   outer loop
     vertex -2.851508e+01 -1.785151e+02  4.180000e+02
     vertex -2.891734e+01 -1.782006e+02  4.180000e+02
     vertex -2.982957e+01 -1.779069e+02  4.180000e+02
   endloop
 endfacet
 facet normal  0.000000e+00  0.000000e+00  1.000000e+00
   outer loop
     vertex -2.851508e+01 -1.785151e+02  4.180000e+02
     vertex -2.814462e+01 -1.790163e+02  4.180000e+02
     vertex -2.843686e+01 -1.785976e+02  4.180000e+02
   endloop
 endfacet
 facet normal  0.000000e+00  0.000000e+00  1.000000e+00
   outer loop
     vertex -2.851508e+01 -1.785151e+02  4.180000e+02
     vertex -2.859765e+01 -1.784369e+02  4.180000e+02
     vertex -2.891734e+01 -1.782006e+02  4.180000e+02
   endloop
 endfacet
 facet normal  0.000000e+00  0.000000e+00  1.000000e+00
   outer loop
     vertex -2.851508e+01 -1.785151e+02  4.180000e+02
     vertex -2.982957e+01 -1.779069e+02  4.180000e+02
     vertex -2.994313e+01 -1.820992e+02  4.180000e+02
   endloop
 endfacet
 facet normal  0.000000e+00  0.000000e+00  1.000000e+00
   outer loop
     vertex -2.851508e+01 -1.785151e+02  4.180000e+02
     vertex -2.799250e+01 -1.806164e+02  4.180000e+02
     vertex -2.791922e+01 -1.797165e+02  4.180000e+02
   endloop
 endfacet
 facet normal  0.000000e+00  0.000000e+00  1.000000e+00
   outer loop
     vertex -2.851508e+01 -1.785151e+02  4.180000e+02
     vertex -2.994313e+01 -1.820992e+02  4.180000e+02
     vertex -2.882151e+01 -1.817381e+02  4.180000e+02
   endloop
 endfacet
 facet normal  0.000000e+00  0.000000e+00  1.000000e+00
   outer loop
     vertex -2.851508e+01 -1.785151e+02  4.180000e+02
     vertex -2.843686e+01 -1.785976e+02  4.180000e+02
     vertex -2.847541e+01 -1.785558e+02  4.180000e+02
   endloop
 endfacet
 facet normal  0.000000e+00  0.000000e+00  1.000000e+00
   outer loop
     vertex -2.851508e+01 -1.785151e+02  4.180000e+02
     vertex -2.882151e+01 -1.817381e+02  4.180000e+02
     vertex -2.832820e+01 -1.812709e+02  4.180000e+02
   endloop
 endfacet
 facet normal  0.000000e+00  0.000000e+00  1.000000e+00
   outer loop
     vertex -2.851508e+01 -1.785151e+02  4.180000e+02
     vertex -2.791922e+01 -1.797165e+02  4.180000e+02
     vertex -2.814462e+01 -1.790163e+02  4.180000e+02
   endloop
 endfacet
 facet normal  0.000000e+00  0.000000e+00  1.000000e+00
   outer loop
     vertex -2.851508e+01 -1.785151e+02  4.180000e+02
     vertex -2.855583e+01 -1.784754e+02  4.180000e+02
     vertex -2.859765e+01 -1.784369e+02  4.180000e+02
   endloop
 endfacet
 facet normal  0.000000e+00  0.000000e+00  1.000000e+00
   outer loop
     vertex -2.851508e+01 -1.785151e+02  4.180000e+02
     vertex -2.832820e+01 -1.812709e+02  4.180000e+02
     vertex -2.817194e+01 -1.810335e+02  4.180000e+02
   endloop
 endfacet
 facet normal  0.000000e+00  0.000000e+00  1.000000e+00
   outer loop
     vertex -2.700000e+01 -1.700000e+02  4.180000e+02
     vertex -3.000000e+01 -1.700000e+02  4.180000e+02
     vertex -3.000000e+01 -1.756000e+02  4.180000e+02
   endloop
 endfacet
 facet normal  0.000000e+00  0.000000e+00  1.000000e+00
   outer loop
     vertex -2.700000e+01 -1.700000e+02  4.180000e+02
     vertex -3.000000e+01 -1.756000e+02  4.180000e+02
     vertex -2.700000e+01 -1.756000e+02  4.180000e+02
   endloop
 endfacet
 facet normal  0.000000e+00  1.000000e+00  0.000000e+00
   outer loop
     vertex -2.700000e+01 -1.700000e+02  4.180000e+02
     vertex -2.000000e+01 -1.700000e+02  3.980000e+02
     vertex -2.700000e+01 -1.700000e+02  3.980000e+02
   endloop
 endfacet
 facet normal  0.000000e+00  1.000000e+00  0.000000e+00
   outer loop
     vertex -2.000000e+01 -1.700000e+02  4.180000e+02
     vertex -2.000000e+01 -1.700000e+02  3.980000e+02
     vertex -2.700000e+01 -1.700000e+02  4.180000e+02
   endloop
 endfacet
 facet normal -1.000000e+00  0.000000e+00  0.000000e+00
   outer loop
     vertex  2.000000e+01 -1.770000e+02  3.980000e+02
     vertex  2.000000e+01 -1.700000e+02  1.800000e+01
     vertex  2.000000e+01 -1.770000e+02  1.800000e+01
   endloop
 endfacet
 facet normal -1.000000e+00  0.000000e+00  0.000000e+00
   outer loop
     vertex  2.000000e+01 -1.770000e+02  3.980000e+02
     vertex  2.000000e+01 -1.700000e+02  3.980000e+02
     vertex  2.000000e+01 -1.700000e+02  1.800000e+01
   endloop
 endfacet
 facet normal  0.000000e+00  1.000000e+00  0.000000e+00
   outer loop
     vertex  2.560000e+01 -1.830000e+02  3.980000e+02
     vertex  2.560000e+01 -1.830000e+02  1.800000e+01
     vertex  2.000000e+01 -1.830000e+02  1.800000e+01
   endloop
 endfacet
 facet normal  0.000000e+00  1.000000e+00  0.000000e+00
   outer loop
     vertex  2.560000e+01 -1.830000e+02  3.980000e+02
     vertex  2.000000e+01 -1.830000e+02  1.800000e+01
     vertex  2.000000e+01 -1.830000e+02  3.980000e+02
   endloop
 endfacet
 facet normal -1.000000e+00  0.000000e+00 -0.000000e+00
   outer loop
     vertex  2.560000e+01 -1.770000e+02  3.980000e+02
     vertex  2.560000e+01 -1.770000e+02  1.800000e+01
     vertex  2.560000e+01 -1.830000e+02  1.800000e+01
   endloop
 endfacet
 facet normal -1.000000e+00  0.000000e+00  0.000000e+00
   outer loop
     vertex  2.560000e+01 -1.830000e+02  3.980000e+02
     vertex  2.560000e+01 -1.770000e+02  3.980000e+02
     vertex  2.560000e+01 -1.830000e+02  1.800000e+01
   endloop
 endfacet
 facet normal  0.000000e+00 -1.000000e+00 -0.000000e+00
   outer loop
     vertex  2.560000e+01 -1.770000e+02  3.980000e+02
     vertex  2.000000e+01 -1.770000e+02  1.800000e+01
     vertex  2.560000e+01 -1.770000e+02  1.800000e+01
   endloop
 endfacet
 facet normal -0.000000e+00 -1.000000e+00  0.000000e+00
   outer loop
     vertex  2.560000e+01 -1.770000e+02  3.980000e+02
     vertex  2.000000e+01 -1.770000e+02  3.980000e+02
     vertex  2.000000e+01 -1.770000e+02  1.800000e+01
   endloop
 endfacet
 facet normal  1.000000e+00  0.000000e+00  0.000000e+00
   outer loop
     vertex -2.000000e+01 -1.900000e+02  3.980000e+02
     vertex -2.000000e+01 -1.900000e+02  1.800000e+01
     vertex -2.000000e+01 -1.830000e+02  1.800000e+01
   endloop
 endfacet
 facet normal  1.000000e+00 -0.000000e+00  0.000000e+00
   outer loop
     vertex -2.000000e+01 -1.900000e+02  3.980000e+02
     vertex -2.000000e+01 -1.830000e+02  1.800000e+01
     vertex -2.000000e+01 -1.830000e+02  3.980000e+02
   endloop
 endfacet
 facet normal  0.000000e+00  1.000000e+00  0.000000e+00
   outer loop
     vertex -2.000000e+01 -1.830000e+02  3.980000e+02
     vertex -2.000000e+01 -1.830000e+02  1.800000e+01
     vertex -2.560000e+01 -1.830000e+02  1.800000e+01
   endloop
 endfacet
 facet normal  0.000000e+00  1.000000e+00  0.000000e+00
   outer loop
     vertex -2.000000e+01 -1.830000e+02  3.980000e+02
     vertex -2.560000e+01 -1.830000e+02  1.800000e+01
     vertex -2.560000e+01 -1.830000e+02  3.980000e+02
   endloop
 endfacet
 facet normal  1.000000e+00  0.000000e+00  0.000000e+00
   outer loop
     vertex -2.560000e+01 -1.770000e+02  3.980000e+02
     vertex -2.560000e+01 -1.830000e+02  1.800000e+01
     vertex -2.560000e+01 -1.770000e+02  1.800000e+01
   endloop
 endfacet
 facet normal  1.000000e+00 -0.000000e+00  0.000000e+00
   outer loop
     vertex -2.560000e+01 -1.830000e+02  3.980000e+02
     vertex -2.560000e+01 -1.830000e+02  1.800000e+01
     vertex -2.560000e+01 -1.770000e+02  3.980000e+02
   endloop
 endfacet
 facet normal  0.000000e+00 -1.000000e+00 -0.000000e+00
   outer loop
     vertex -2.000000e+01 -1.770000e+02  3.980000e+02
     vertex -2.560000e+01 -1.770000e+02  1.800000e+01
     vertex -2.000000e+01 -1.770000e+02  1.800000e+01
   endloop
 endfacet
 facet normal -0.000000e+00 -1.000000e+00  0.000000e+00
   outer loop
     vertex -2.000000e+01 -1.770000e+02  3.980000e+02
     vertex -2.560000e+01 -1.770000e+02  3.980000e+02
     vertex -2.560000e+01 -1.770000e+02  1.800000e+01
   endloop
 endfacet
 facet normal  1.000000e+00  0.000000e+00  0.000000e+00
   outer loop
     vertex -2.000000e+01 -1.770000e+02  3.980000e+02
     vertex -2.000000e+01 -1.770000e+02  1.800000e+01
     vertex -2.000000e+01 -1.700000e+02  1.800000e+01
   endloop
 endfacet
 facet normal  1.000000e+00 -0.000000e+00  0.000000e+00
   outer loop
     vertex -2.000000e+01 -1.770000e+02  3.980000e+02
     vertex -2.000000e+01 -1.700000e+02  1.800000e+01
     vertex -2.000000e+01 -1.700000e+02  3.980000e+02
   endloop
 endfacet
 facet normal  0.000000e+00 -1.000000e+00 -0.000000e+00
   outer loop
     vertex -2.000000e+01 -1.900000e+02  3.980000e+02
     vertex -2.700000e+01 -1.900000e+02  1.800000e+01
     vertex -2.000000e+01 -1.900000e+02  1.800000e+01
   endloop
 endfacet
 facet normal -0.000000e+00 -1.000000e+00  0.000000e+00
   outer loop
     vertex -2.000000e+01 -1.900000e+02  3.980000e+02
     vertex -2.700000e+01 -1.900000e+02  3.980000e+02
     vertex -2.700000e+01 -1.900000e+02  1.800000e+01
   endloop
 endfacet
 facet normal  0.000000e+00 -1.000000e+00 -0.000000e+00
   outer loop
     vertex -2.700000e+01 -1.900000e+02  4.180000e+02
     vertex -3.000000e+01 -1.900000e+02  3.980000e+02
     vertex -2.700000e+01 -1.900000e+02  3.980000e+02
   endloop
 endfacet
 facet normal -0.000000e+00 -1.000000e+00  0.000000e+00
   outer loop
     vertex -2.700000e+01 -1.900000e+02  4.180000e+02
     vertex -3.000000e+01 -1.900000e+02  4.180000e+02
     vertex -3.000000e+01 -1.900000e+02  3.980000e+02
   endloop
 endfacet
 facet normal -1.000000e+00  0.000000e+00  0.000000e+00
   outer loop
     vertex -3.000000e+01 -1.900000e+02  4.180000e+02
     vertex -3.000000e+01 -1.844000e+02  3.980000e+02
     vertex -3.000000e+01 -1.900000e+02  3.980000e+02
   endloop
 endfacet
 facet normal -1.000000e+00  0.000000e+00  0.000000e+00
   outer loop
     vertex -3.000000e+01 -1.900000e+02  4.180000e+02
     vertex -3.000000e+01 -1.844000e+02  4.180000e+02
     vertex -3.000000e+01 -1.844000e+02  3.980000e+02
   endloop
 endfacet
 facet normal -9.999083e-01 -1.354093e-02  0.000000e+00
   outer loop
     vertex -2.790077e+01 -1.799431e+02  3.980000e+02
     vertex -2.790000e+01 -1.800000e+02  1.800000e+01
     vertex -2.790000e+01 -1.800000e+02  3.980000e+02
   endloop
 endfacet
 facet normal -9.999059e-01 -1.371831e-02  2.654984e-08
   outer loop
     vertex -2.790077e+01 -1.799431e+02  3.980000e+02
     vertex -2.790079e+01 -1.799424e+02  1.800000e+01
     vertex -2.790000e+01 -1.800000e+02  1.800000e+01
   endloop
 endfacet
 facet normal -9.991750e-01 -4.061287e-02 -2.620205e-08
   outer loop
     vertex -2.790308e+01 -1.798863e+02  3.980000e+02
     vertex -2.790079e+01 -1.799424e+02  1.800000e+01
     vertex -2.790077e+01 -1.799431e+02  3.980000e+02
   endloop
 endfacet
 facet normal -9.991532e-01 -4.114462e-02  5.240410e-08
   outer loop
     vertex -2.790308e+01 -1.798863e+02  3.980000e+02
     vertex -2.790316e+01 -1.798848e+02  1.800000e+01
     vertex -2.790079e+01 -1.799424e+02  1.800000e+01
   endloop
 endfacet
 facet normal -9.976484e-01 -6.853995e-02  7.756276e-08
   outer loop
     vertex -2.790693e+01 -1.798296e+02  3.980000e+02
     vertex -2.790711e+01 -1.798273e+02  1.800000e+01
     vertex -2.790316e+01 -1.798848e+02  1.800000e+01
   endloop
 endfacet
 facet normal -9.977088e-01 -6.765502e-02 -5.170851e-08
   outer loop
     vertex -2.790693e+01 -1.798296e+02  3.980000e+02
     vertex -2.790316e+01 -1.798848e+02  1.800000e+01
     vertex -2.790308e+01 -1.798863e+02  3.980000e+02
   endloop
 endfacet
 facet normal -9.953925e-01 -9.588368e-02  1.020258e-07
   outer loop
     vertex -2.791231e+01 -1.797730e+02  3.980000e+02
     vertex -2.791263e+01 -1.797700e+02  1.800000e+01
     vertex -2.790711e+01 -1.798273e+02  1.800000e+01
   endloop
 endfacet
 facet normal -9.955108e-01 -9.464755e-02 -7.651938e-08
   outer loop
     vertex -2.791231e+01 -1.797730e+02  3.980000e+02
     vertex -2.790711e+01 -1.798273e+02  1.800000e+01
     vertex -2.790693e+01 -1.798296e+02  3.980000e+02
   endloop
 endfacet
 facet normal -9.923874e-01 -1.231552e-01  1.257933e-07
   outer loop
     vertex -2.791922e+01 -1.797165e+02  3.980000e+02
     vertex -2.791973e+01 -1.797128e+02  1.800000e+01
     vertex -2.791263e+01 -1.797700e+02  1.800000e+01
   endloop
 endfacet
 facet normal -9.925828e-01 -1.215707e-01 -1.006346e-07
   outer loop
     vertex -2.791922e+01 -1.797165e+02  3.980000e+02
     vertex -2.791263e+01 -1.797700e+02  1.800000e+01
     vertex -2.791231e+01 -1.797730e+02  3.980000e+02
   endloop
 endfacet
 facet normal -9.886353e-01 -1.503341e-01  1.488652e-07
   outer loop
     vertex -2.792766e+01 -1.796603e+02  3.980000e+02
     vertex -2.792839e+01 -1.796558e+02  1.800000e+01
     vertex -2.791973e+01 -1.797128e+02  1.800000e+01
   endloop
 endfacet
 facet normal -9.889267e-01 -1.484046e-01 -1.240543e-07
   outer loop
     vertex -2.792766e+01 -1.796603e+02  3.980000e+02
     vertex -2.791973e+01 -1.797128e+02  1.800000e+01
     vertex -2.791922e+01 -1.797165e+02  3.980000e+02
   endloop
 endfacet
 facet normal -9.841389e-01 -1.773998e-01  1.712414e-07
   outer loop
     vertex -2.793762e+01 -1.796043e+02  3.980000e+02
     vertex -2.793861e+01 -1.795991e+02  1.800000e+01
     vertex -2.792839e+01 -1.796558e+02  1.800000e+01
   endloop
 endfacet
 facet normal -9.845454e-01 -1.751297e-01 -1.467784e-07
   outer loop
     vertex -2.793762e+01 -1.796043e+02  3.980000e+02
     vertex -2.792839e+01 -1.796558e+02  1.800000e+01
     vertex -2.792766e+01 -1.796603e+02  3.980000e+02
   endloop
 endfacet
 facet normal -9.789017e-01 -2.043319e-01  1.929221e-07
   outer loop
     vertex -2.794910e+01 -1.795486e+02  3.980000e+02
     vertex -2.795039e+01 -1.795427e+02  1.800000e+01
     vertex -2.793861e+01 -1.795991e+02  1.800000e+01
   endloop
 endfacet
 facet normal -9.794419e-01 -2.017264e-01 -1.688069e-07
   outer loop
     vertex -2.794910e+01 -1.795486e+02  3.980000e+02
     vertex -2.793861e+01 -1.795991e+02  1.800000e+01
     vertex -2.793762e+01 -1.796043e+02  3.980000e+02
   endloop
 endfacet
 facet normal -9.729276e-01 -2.311102e-01  2.139072e-07
   outer loop
     vertex -2.796207e+01 -1.794932e+02  3.980000e+02
     vertex -2.796370e+01 -1.794867e+02  1.800000e+01
     vertex -2.795039e+01 -1.795427e+02  1.800000e+01
   endloop
 endfacet
 facet normal -9.736201e-01 -2.281751e-01 -1.901397e-07
   outer loop
     vertex -2.796207e+01 -1.794932e+02  3.980000e+02
     vertex -2.795039e+01 -1.795427e+02  1.800000e+01
     vertex -2.794910e+01 -1.795486e+02  3.980000e+02
   endloop
 endfacet
 facet normal -9.670842e-01 -2.544564e-01 -2.107770e-07
   outer loop
     vertex -2.797655e+01 -1.794382e+02  3.980000e+02
     vertex -2.796370e+01 -1.794867e+02  1.800000e+01
     vertex -2.796207e+01 -1.794932e+02  3.980000e+02
   endloop
 endfacet
 facet normal -9.662211e-01 -2.577146e-01  2.341966e-07
   outer loop
     vertex -2.797655e+01 -1.794382e+02  3.980000e+02
     vertex -2.797855e+01 -1.794310e+02  1.800000e+01
     vertex -2.796370e+01 -1.794867e+02  1.800000e+01
   endloop
 endfacet
 facet normal -9.598391e-01 -2.805512e-01 -2.307186e-07
   outer loop
     vertex -2.799250e+01 -1.793836e+02  3.980000e+02
     vertex -2.797855e+01 -1.794310e+02  1.800000e+01
     vertex -2.797655e+01 -1.794382e+02  3.980000e+02
   endloop
 endfacet
 facet normal -9.587873e-01 -2.841250e-01  2.537904e-07
   outer loop
     vertex -2.799250e+01 -1.793836e+02  3.980000e+02
     vertex -2.799492e+01 -1.793758e+02  1.800000e+01
     vertex -2.797855e+01 -1.794310e+02  1.800000e+01
   endloop
 endfacet
 facet normal -9.518899e-01 -3.064401e-01 -2.499646e-07
   outer loop
     vertex -2.800993e+01 -1.793295e+02  3.980000e+02
     vertex -2.799492e+01 -1.793758e+02  1.800000e+01
     vertex -2.799250e+01 -1.793836e+02  3.980000e+02
   endloop
 endfacet
 facet normal -9.506317e-01 -3.103214e-01  2.726886e-07
   outer loop
     vertex -2.800993e+01 -1.793295e+02  3.980000e+02
     vertex -2.801280e+01 -1.793210e+02  1.800000e+01
     vertex -2.799492e+01 -1.793758e+02  1.800000e+01
   endloop
 endfacet
 facet normal -9.432426e-01 -3.321044e-01 -2.685150e-07
   outer loop
     vertex -2.802882e+01 -1.792758e+02  3.980000e+02
     vertex -2.801280e+01 -1.793210e+02  1.800000e+01
     vertex -2.800993e+01 -1.793295e+02  3.980000e+02
   endloop
 endfacet
 facet normal -9.417605e-01 -3.362843e-01  2.908912e-07
   outer loop
     vertex -2.802882e+01 -1.792758e+02  3.980000e+02
     vertex -2.803218e+01 -1.792667e+02  1.800000e+01
     vertex -2.801280e+01 -1.793210e+02  1.800000e+01
   endloop
 endfacet
 facet normal -9.339036e-01 -3.575250e-01 -2.863698e-07
   outer loop
     vertex -2.804915e+01 -1.792227e+02  3.980000e+02
     vertex -2.803218e+01 -1.792667e+02  1.800000e+01
     vertex -2.802882e+01 -1.792758e+02  3.980000e+02
   endloop
 endfacet
 facet normal -9.321804e-01 -3.619940e-01  3.083982e-07
   outer loop
     vertex -2.804915e+01 -1.792227e+02  3.980000e+02
     vertex -2.805303e+01 -1.792130e+02  1.800000e+01
     vertex -2.803218e+01 -1.792667e+02  1.800000e+01
   endloop
 endfacet
 facet normal -9.238795e-01 -3.826834e-01 -3.035289e-07
   outer loop
     vertex -2.807091e+01 -1.791702e+02  3.980000e+02
     vertex -2.805303e+01 -1.792130e+02  1.800000e+01
     vertex -2.804915e+01 -1.792227e+02  3.980000e+02
   endloop
 endfacet
 facet normal -9.218986e-01 -3.874313e-01  3.252095e-07
   outer loop
     vertex -2.807091e+01 -1.791702e+02  3.980000e+02
     vertex -2.807536e+01 -1.791599e+02  1.800000e+01
     vertex -2.805303e+01 -1.792130e+02  1.800000e+01
   endloop
 endfacet
 facet normal -9.131779e-01 -4.075612e-01 -3.199925e-07
   outer loop
     vertex -2.809409e+01 -1.791182e+02  3.980000e+02
     vertex -2.807536e+01 -1.791599e+02  1.800000e+01
     vertex -2.807091e+01 -1.791702e+02  3.980000e+02
   endloop
 endfacet
 facet normal -9.109228e-01 -4.125769e-01  3.413252e-07
   outer loop
     vertex -2.809409e+01 -1.791182e+02  3.980000e+02
     vertex -2.809913e+01 -1.791074e+02  1.800000e+01
     vertex -2.807536e+01 -1.791599e+02  1.800000e+01
   endloop
 endfacet
 facet normal -9.018065e-01 -4.321400e-01 -3.357604e-07
   outer loop
     vertex -2.811867e+01 -1.790669e+02  3.980000e+02
     vertex -2.809913e+01 -1.791074e+02  1.800000e+01
     vertex -2.809409e+01 -1.791182e+02  3.980000e+02
   endloop
 endfacet
 facet normal -8.992613e-01 -4.374119e-01  3.567453e-07
   outer loop
     vertex -2.811867e+01 -1.790669e+02  3.980000e+02
     vertex -2.812433e+01 -1.790556e+02  1.800000e+01
     vertex -2.809913e+01 -1.791074e+02  1.800000e+01
   endloop
 endfacet
 facet normal -8.897737e-01 -4.564019e-01 -3.508327e-07
   outer loop
     vertex -2.814462e+01 -1.790163e+02  3.980000e+02
     vertex -2.812433e+01 -1.790556e+02  1.800000e+01
     vertex -2.811867e+01 -1.790669e+02  3.980000e+02
   endloop
 endfacet
 facet normal -8.869228e-01 -4.619176e-01  3.714698e-07
   outer loop
     vertex -2.814462e+01 -1.790163e+02  3.980000e+02
     vertex -2.815094e+01 -1.790045e+02  1.800000e+01
     vertex -2.812433e+01 -1.790556e+02  1.800000e+01
   endloop
 endfacet
 facet normal -8.770884e-01 -4.803291e-01 -3.652093e-07
   outer loop
     vertex -2.817194e+01 -1.789665e+02  3.980000e+02
     vertex -2.815094e+01 -1.790045e+02  1.800000e+01
     vertex -2.814462e+01 -1.790163e+02  3.980000e+02
   endloop
 endfacet
 facet normal -8.739167e-01 -4.860756e-01  3.854986e-07
   outer loop
     vertex -2.817194e+01 -1.789665e+02  3.980000e+02
     vertex -2.817895e+01 -1.789542e+02  1.800000e+01
     vertex -2.815094e+01 -1.790045e+02  1.800000e+01
   endloop
 endfacet
 facet normal -8.637597e-01 -5.039039e-01 -3.788903e-07
   outer loop
     vertex -2.820060e+01 -1.789173e+02  3.980000e+02
     vertex -2.817895e+01 -1.789542e+02  1.800000e+01
     vertex -2.817194e+01 -1.789665e+02  3.980000e+02
   endloop
 endfacet
 facet normal -8.602528e-01 -5.098678e-01  3.988318e-07
   outer loop
     vertex -2.820060e+01 -1.789173e+02  3.980000e+02
     vertex -2.820833e+01 -1.789046e+02  1.800000e+01
     vertex -2.817895e+01 -1.789542e+02  1.800000e+01
   endloop
 endfacet
 facet normal -8.497975e-01 -5.271092e-01 -3.918757e-07
   outer loop
     vertex -2.823058e+01 -1.788690e+02  3.980000e+02
     vertex -2.820833e+01 -1.789046e+02  1.800000e+01
     vertex -2.820060e+01 -1.789173e+02  3.980000e+02
   endloop
 endfacet
 facet normal -8.459413e-01 -5.332761e-01  4.114694e-07
   outer loop
     vertex -2.823058e+01 -1.788690e+02  3.980000e+02
     vertex -2.823905e+01 -1.788559e+02  1.800000e+01
     vertex -2.820833e+01 -1.789046e+02  1.800000e+01
   endloop
 endfacet
 facet normal -8.352121e-01 -5.499279e-01 -4.041654e-07
   outer loop
     vertex -2.826185e+01 -1.788215e+02  3.980000e+02
     vertex -2.823905e+01 -1.788559e+02  1.800000e+01
     vertex -2.823058e+01 -1.788690e+02  3.980000e+02
   endloop
 endfacet
 facet normal -8.309929e-01 -5.562829e-01  4.234113e-07
   outer loop
     vertex -2.826185e+01 -1.788215e+02  3.980000e+02
     vertex -2.827110e+01 -1.788080e+02  1.800000e+01
     vertex -2.823905e+01 -1.788559e+02  1.800000e+01
   endloop
 endfacet
 facet normal -8.200141e-01 -5.723433e-01 -4.157595e-07
   outer loop
     vertex -2.829440e+01 -1.787749e+02  3.980000e+02
     vertex -2.827110e+01 -1.788080e+02  1.800000e+01
     vertex -2.826185e+01 -1.788215e+02  3.980000e+02
   endloop
 endfacet
 facet normal -8.154191e-01 -5.788711e-01  4.346576e-07
   outer loop
     vertex -2.829440e+01 -1.787749e+02  3.980000e+02
     vertex -2.830446e+01 -1.787610e+02  1.800000e+01
     vertex -2.827110e+01 -1.788080e+02  1.800000e+01
   endloop
 endfacet
 facet normal -8.042147e-01 -5.943389e-01 -4.266580e-07
   outer loop
     vertex -2.832820e+01 -1.787291e+02  3.980000e+02
     vertex -2.830446e+01 -1.787610e+02  1.800000e+01
     vertex -2.829440e+01 -1.787749e+02  3.980000e+02
   endloop
 endfacet
 facet normal -7.992314e-01 -6.010234e-01  4.452082e-07
   outer loop
     vertex -2.832820e+01 -1.787291e+02  3.980000e+02
     vertex -2.833909e+01 -1.787149e+02  1.800000e+01
     vertex -2.830446e+01 -1.787610e+02  1.800000e+01
   endloop
 endfacet
 facet normal -7.878255e-01 -6.158986e-01 -4.368608e-07
   outer loop
     vertex -2.836323e+01 -1.786843e+02  3.980000e+02
     vertex -2.833909e+01 -1.787149e+02  1.800000e+01
     vertex -2.832820e+01 -1.787291e+02  3.980000e+02
   endloop
 endfacet
 facet normal -7.824421e-01 -6.227234e-01  4.550632e-07
   outer loop
     vertex -2.836323e+01 -1.786843e+02  3.980000e+02
     vertex -2.837497e+01 -1.786699e+02  1.800000e+01
     vertex -2.833909e+01 -1.787149e+02  1.800000e+01
   endloop
 endfacet
 facet normal -7.708584e-01 -6.370065e-01 -4.463680e-07
   outer loop
     vertex -2.839946e+01 -1.786405e+02  3.980000e+02
     vertex -2.837497e+01 -1.786699e+02  1.800000e+01
     vertex -2.836323e+01 -1.786843e+02  3.980000e+02
   endloop
 endfacet
 facet normal -7.650637e-01 -6.439545e-01  4.642226e-07
   outer loop
     vertex -2.839946e+01 -1.786405e+02  3.980000e+02
     vertex -2.841207e+01 -1.786258e+02  1.800000e+01
     vertex -2.837497e+01 -1.786699e+02  1.800000e+01
   endloop
 endfacet
 facet normal -7.471095e-01 -6.647010e-01  4.726863e-07
   outer loop
     vertex -2.843686e+01 -1.785976e+02  3.980000e+02
     vertex -2.845037e+01 -1.785827e+02  1.800000e+01
     vertex -2.841207e+01 -1.786258e+02  1.800000e+01
   endloop
 endfacet
 facet normal -7.533260e-01 -6.576473e-01 -4.551796e-07
   outer loop
     vertex -2.843686e+01 -1.785976e+02  3.980000e+02
     vertex -2.841207e+01 -1.786258e+02  1.800000e+01
     vertex -2.839946e+01 -1.786405e+02  3.980000e+02
   endloop
 endfacet
 facet normal -7.285929e-01 -6.849470e-01  4.804544e-07
   outer loop
     vertex -2.847541e+01 -1.785558e+02  3.980000e+02
     vertex -2.848983e+01 -1.785408e+02  1.800000e+01
     vertex -2.845037e+01 -1.785827e+02  1.800000e+01
   endloop
 endfacet
 facet normal -7.352410e-01 -6.778058e-01 -4.632954e-07
   outer loop
     vertex -2.847541e+01 -1.785558e+02  3.980000e+02
     vertex -2.845037e+01 -1.785827e+02  1.800000e+01
     vertex -2.843686e+01 -1.785976e+02  3.980000e+02
   endloop
 endfacet
 facet normal -7.095278e-01 -7.046775e-01  4.875268e-07
   outer loop
     vertex -2.851508e+01 -1.785151e+02  3.980000e+02
     vertex -2.853043e+01 -1.784999e+02  1.800000e+01
     vertex -2.848983e+01 -1.785408e+02  1.800000e+01
   endloop
 endfacet
 facet normal -7.166168e-01 -6.974671e-01 -4.707157e-07
   outer loop
     vertex -2.851508e+01 -1.785151e+02  3.980000e+02
     vertex -2.848983e+01 -1.785408e+02  1.800000e+01
     vertex -2.847541e+01 -1.785558e+02  3.980000e+02
   endloop
 endfacet
 facet normal -6.899286e-01 -7.238775e-01  4.939036e-07
   outer loop
     vertex -2.855583e+01 -1.784754e+02  3.980000e+02
     vertex -2.857214e+01 -1.784601e+02  1.800000e+01
     vertex -2.853043e+01 -1.784999e+02  1.800000e+01
   endloop
 endfacet
 facet normal -6.974671e-01 -7.166168e-01 -4.774403e-07
   outer loop
     vertex -2.855583e+01 -1.784754e+02  3.980000e+02
     vertex -2.853043e+01 -1.784999e+02  1.800000e+01
     vertex -2.851508e+01 -1.785151e+02  3.980000e+02
   endloop
 endfacet
 facet normal -6.698100e-01 -7.425325e-01  4.995848e-07
   outer loop
     vertex -2.859765e+01 -1.784369e+02  3.980000e+02
     vertex -2.861492e+01 -1.784215e+02  1.800000e+01
     vertex -2.857214e+01 -1.784601e+02  1.800000e+01
   endloop
 endfacet
 facet normal -6.778058e-01 -7.352410e-01 -4.834693e-07
   outer loop
     vertex -2.859765e+01 -1.784369e+02  3.980000e+02
     vertex -2.857214e+01 -1.784601e+02  1.800000e+01
     vertex -2.855583e+01 -1.784754e+02  3.980000e+02
   endloop
 endfacet
 facet normal -6.491872e-01 -7.606287e-01  5.045702e-07
   outer loop
     vertex -2.864049e+01 -1.783995e+02  3.980000e+02
     vertex -2.865875e+01 -1.783841e+02  1.800000e+01
     vertex -2.861492e+01 -1.784215e+02  1.800000e+01
   endloop
 endfacet
 facet normal -6.576473e-01 -7.533260e-01 -4.888026e-07
   outer loop
     vertex -2.864049e+01 -1.783995e+02  3.980000e+02
     vertex -2.861492e+01 -1.784215e+02  1.800000e+01
     vertex -2.859765e+01 -1.784369e+02  3.980000e+02
   endloop
 endfacet
 facet normal -6.280757e-01 -7.781522e-01  5.088601e-07
   outer loop
     vertex -2.868433e+01 -1.783632e+02  3.980000e+02
     vertex -2.870358e+01 -1.783479e+02  1.800000e+01
     vertex -2.865875e+01 -1.783841e+02  1.800000e+01
   endloop
 endfacet
 facet normal -6.370065e-01 -7.708584e-01 -4.934402e-07
   outer loop
     vertex -2.868433e+01 -1.783632e+02  3.980000e+02
     vertex -2.865875e+01 -1.783841e+02  1.800000e+01
     vertex -2.864049e+01 -1.783995e+02  3.980000e+02
   endloop
 endfacet
 facet normal -6.064915e-01 -7.950900e-01  5.124543e-07
   outer loop
     vertex -2.872913e+01 -1.783282e+02  3.980000e+02
     vertex -2.874939e+01 -1.783130e+02  1.800000e+01
     vertex -2.870358e+01 -1.783479e+02  1.800000e+01
   endloop
 endfacet
 facet normal -6.158986e-01 -7.878255e-01 -4.973823e-07
   outer loop
     vertex -2.872913e+01 -1.783282e+02  3.980000e+02
     vertex -2.870358e+01 -1.783479e+02  1.800000e+01
     vertex -2.868433e+01 -1.783632e+02  3.980000e+02
   endloop
 endfacet
 facet normal -5.943389e-01 -8.042147e-01 -5.006286e-07
   outer loop
     vertex -2.877487e+01 -1.782944e+02  3.980000e+02
     vertex -2.874939e+01 -1.783130e+02  1.800000e+01
     vertex -2.872913e+01 -1.783282e+02  3.980000e+02
   endloop
 endfacet
 facet normal -5.844507e-01 -8.114292e-01  5.153528e-07
   outer loop
     vertex -2.877487e+01 -1.782944e+02  3.980000e+02
     vertex -2.879615e+01 -1.782793e+02  1.800000e+01
     vertex -2.874939e+01 -1.783130e+02  1.800000e+01
   endloop
 endfacet
 facet normal -5.723433e-01 -8.200141e-01 -5.031793e-07
   outer loop
     vertex -2.882151e+01 -1.782619e+02  3.980000e+02
     vertex -2.879615e+01 -1.782793e+02  1.800000e+01
     vertex -2.877487e+01 -1.782944e+02  3.980000e+02
   endloop
 endfacet
 facet normal -5.619699e-01 -8.271577e-01  5.175557e-07
   outer loop
     vertex -2.882151e+01 -1.782619e+02  3.980000e+02
     vertex -2.884380e+01 -1.782469e+02  1.800000e+01
     vertex -2.879615e+01 -1.782793e+02  1.800000e+01
   endloop
 endfacet
 facet normal -5.390661e-01 -8.422635e-01  5.190629e-07
   outer loop
     vertex -2.886901e+01 -1.782306e+02  3.980000e+02
     vertex -2.889233e+01 -1.782159e+02  1.800000e+01
     vertex -2.884380e+01 -1.782469e+02  1.800000e+01
   endloop
 endfacet
 facet normal -5.499279e-01 -8.352121e-01 -5.050344e-07
   outer loop
     vertex -2.886901e+01 -1.782306e+02  3.980000e+02
     vertex -2.884380e+01 -1.782469e+02  1.800000e+01
     vertex -2.882151e+01 -1.782619e+02  3.980000e+02
   endloop
 endfacet
 facet normal -5.157565e-01 -8.567352e-01  5.198745e-07
   outer loop
     vertex -2.891734e+01 -1.782006e+02  3.980000e+02
     vertex -2.894169e+01 -1.781862e+02  1.800000e+01
     vertex -2.889233e+01 -1.782159e+02  1.800000e+01
   endloop
 endfacet
 facet normal -5.271092e-01 -8.497975e-01 -5.061938e-07
   outer loop
     vertex -2.891734e+01 -1.782006e+02  3.980000e+02
     vertex -2.889233e+01 -1.782159e+02  1.800000e+01
     vertex -2.886901e+01 -1.782306e+02  3.980000e+02
   endloop
 endfacet
 facet normal -4.920587e-01 -8.705620e-01  5.199905e-07
   outer loop
     vertex -2.896646e+01 -1.781719e+02  3.980000e+02
     vertex -2.899185e+01 -1.781578e+02  1.800000e+01
     vertex -2.894169e+01 -1.781862e+02  1.800000e+01
   endloop
 endfacet
 facet normal -5.039039e-01 -8.637597e-01 -5.066576e-07
   outer loop
     vertex -2.896646e+01 -1.781719e+02  3.980000e+02
     vertex -2.894169e+01 -1.781862e+02  1.800000e+01
     vertex -2.891734e+01 -1.782006e+02  3.980000e+02
   endloop
 endfacet
 facet normal -4.679904e-01 -8.837335e-01  5.194108e-07
   outer loop
     vertex -2.901634e+01 -1.781446e+02  3.980000e+02
     vertex -2.904277e+01 -1.781309e+02  1.800000e+01
     vertex -2.899185e+01 -1.781578e+02  1.800000e+01
   endloop
 endfacet
 facet normal -4.803291e-01 -8.770884e-01 -5.064257e-07
   outer loop
     vertex -2.901634e+01 -1.781446e+02  3.980000e+02
     vertex -2.899185e+01 -1.781578e+02  1.800000e+01
     vertex -2.896646e+01 -1.781719e+02  3.980000e+02
   endloop
 endfacet
 facet normal -4.435699e-01 -8.962398e-01  5.181354e-07
   outer loop
     vertex -2.906695e+01 -1.781187e+02  3.980000e+02
     vertex -2.909441e+01 -1.781053e+02  1.800000e+01
     vertex -2.904277e+01 -1.781309e+02  1.800000e+01
   endloop
 endfacet
 facet normal -4.564019e-01 -8.897737e-01 -5.054982e-07
   outer loop
     vertex -2.906695e+01 -1.781187e+02  3.980000e+02
     vertex -2.904277e+01 -1.781309e+02  1.800000e+01
     vertex -2.901634e+01 -1.781446e+02  3.980000e+02
   endloop
 endfacet
 facet normal -4.188155e-01 -9.080714e-01  5.161644e-07
   outer loop
     vertex -2.911823e+01 -1.780941e+02  3.980000e+02
     vertex -2.914673e+01 -1.780812e+02  1.800000e+01
     vertex -2.909441e+01 -1.781053e+02  1.800000e+01
   endloop
 endfacet
 facet normal -4.321400e-01 -9.018065e-01 -5.038750e-07
   outer loop
     vertex -2.911823e+01 -1.780941e+02  3.980000e+02
     vertex -2.909441e+01 -1.781053e+02  1.800000e+01
     vertex -2.906695e+01 -1.781187e+02  3.980000e+02
   endloop
 endfacet
 facet normal -3.937458e-01 -9.192194e-01  5.134977e-07
   outer loop
     vertex -2.917017e+01 -1.780709e+02  3.980000e+02
     vertex -2.919969e+01 -1.780585e+02  1.800000e+01
     vertex -2.914673e+01 -1.780812e+02  1.800000e+01
   endloop
 endfacet
 facet normal -4.075612e-01 -9.131779e-01 -5.015562e-07
   outer loop
     vertex -2.917017e+01 -1.780709e+02  3.980000e+02
     vertex -2.914673e+01 -1.780812e+02  1.800000e+01
     vertex -2.911823e+01 -1.780941e+02  3.980000e+02
   endloop
 endfacet
 facet normal -3.683796e-01 -9.296754e-01  5.101354e-07
   outer loop
     vertex -2.922271e+01 -1.780491e+02  3.980000e+02
     vertex -2.925326e+01 -1.780373e+02  1.800000e+01
     vertex -2.919969e+01 -1.780585e+02  1.800000e+01
   endloop
 endfacet
 facet normal -3.826834e-01 -9.238795e-01 -4.985417e-07
   outer loop
     vertex -2.922271e+01 -1.780491e+02  3.980000e+02
     vertex -2.919969e+01 -1.780585e+02  1.800000e+01
     vertex -2.917017e+01 -1.780709e+02  3.980000e+02
   endloop
 endfacet
 facet normal -3.427362e-01 -9.394317e-01  5.060775e-07
   outer loop
     vertex -2.927582e+01 -1.780288e+02  3.980000e+02
     vertex -2.930739e+01 -1.780175e+02  1.800000e+01
     vertex -2.925326e+01 -1.780373e+02  1.800000e+01
   endloop
 endfacet
 facet normal -3.575250e-01 -9.339036e-01 -4.948315e-07
   outer loop
     vertex -2.927582e+01 -1.780288e+02  3.980000e+02
     vertex -2.925326e+01 -1.780373e+02  1.800000e+01
     vertex -2.922271e+01 -1.780491e+02  3.980000e+02
   endloop
 endfacet
 facet normal -3.168348e-01 -9.484807e-01  5.013239e-07
   outer loop
     vertex -2.932947e+01 -1.780099e+02  3.980000e+02
     vertex -2.936203e+01 -1.779993e+02  1.800000e+01
     vertex -2.930739e+01 -1.780175e+02  1.800000e+01
   endloop
 endfacet
 facet normal -3.321044e-01 -9.432426e-01 -4.904258e-07
   outer loop
     vertex -2.932947e+01 -1.780099e+02  3.980000e+02
     vertex -2.930739e+01 -1.780175e+02  1.800000e+01
     vertex -2.927582e+01 -1.780288e+02  3.980000e+02
   endloop
 endfacet
 facet normal -2.906949e-01 -9.568158e-01  4.958746e-07
   outer loop
     vertex -2.938360e+01 -1.779925e+02  3.980000e+02
     vertex -2.941716e+01 -1.779825e+02  1.800000e+01
     vertex -2.936203e+01 -1.779993e+02  1.800000e+01
   endloop
 endfacet
 facet normal -3.064401e-01 -9.518899e-01 -4.853243e-07
   outer loop
     vertex -2.938360e+01 -1.779925e+02  3.980000e+02
     vertex -2.936203e+01 -1.779993e+02  1.800000e+01
     vertex -2.932947e+01 -1.780099e+02  3.980000e+02
   endloop
 endfacet
 facet normal -2.643362e-01 -9.644306e-01  4.897297e-07
   outer loop
     vertex -2.943819e+01 -1.779765e+02  3.980000e+02
     vertex -2.947273e+01 -1.779673e+02  1.800000e+01
     vertex -2.941716e+01 -1.779825e+02  1.800000e+01
   endloop
 endfacet
 facet normal -2.805512e-01 -9.598391e-01 -4.795273e-07
   outer loop
     vertex -2.943819e+01 -1.779765e+02  3.980000e+02
     vertex -2.941716e+01 -1.779825e+02  1.800000e+01
     vertex -2.938360e+01 -1.779925e+02  3.980000e+02
   endloop
 endfacet
 facet normal -2.377784e-01 -9.713194e-01  4.828892e-07
   outer loop
     vertex -2.949319e+01 -1.779621e+02  3.980000e+02
     vertex -2.952869e+01 -1.779536e+02  1.800000e+01
     vertex -2.947273e+01 -1.779673e+02  1.800000e+01
   endloop
 endfacet
 facet normal -2.544564e-01 -9.670842e-01 -4.730345e-07
   outer loop
     vertex -2.949319e+01 -1.779621e+02  3.980000e+02
     vertex -2.947273e+01 -1.779673e+02  1.800000e+01
     vertex -2.943819e+01 -1.779765e+02  3.980000e+02
   endloop
 endfacet
 facet normal -2.110417e-01 -9.774771e-01  4.753530e-07
   outer loop
     vertex -2.954856e+01 -1.779491e+02  3.980000e+02
     vertex -2.958501e+01 -1.779414e+02  1.800000e+01
     vertex -2.952869e+01 -1.779536e+02  1.800000e+01
   endloop
 endfacet
 facet normal -2.281751e-01 -9.736201e-01 -4.658462e-07
   outer loop
     vertex -2.954856e+01 -1.779491e+02  3.980000e+02
     vertex -2.952869e+01 -1.779536e+02  1.800000e+01
     vertex -2.949319e+01 -1.779621e+02  3.980000e+02
   endloop
 endfacet
 facet normal -1.841461e-01 -9.828989e-01  4.671211e-07
   outer loop
     vertex -2.960426e+01 -1.779376e+02  3.980000e+02
     vertex -2.964165e+01 -1.779308e+02  1.800000e+01
     vertex -2.958501e+01 -1.779414e+02  1.800000e+01
   endloop
 endfacet
 facet normal -2.017264e-01 -9.794419e-01 -4.579621e-07
   outer loop
     vertex -2.960426e+01 -1.779376e+02  3.980000e+02
     vertex -2.958501e+01 -1.779414e+02  1.800000e+01
     vertex -2.954856e+01 -1.779491e+02  3.980000e+02
   endloop
 endfacet
 facet normal -1.571119e-01 -9.875808e-01  4.581937e-07
   outer loop
     vertex -2.966026e+01 -1.779277e+02  3.980000e+02
     vertex -2.969855e+01 -1.779217e+02  1.800000e+01
     vertex -2.964165e+01 -1.779308e+02  1.800000e+01
   endloop
 endfacet
 facet normal -1.751297e-01 -9.845454e-01 -4.493825e-07
   outer loop
     vertex -2.966026e+01 -1.779277e+02  3.980000e+02
     vertex -2.964165e+01 -1.779308e+02  1.800000e+01
     vertex -2.960426e+01 -1.779376e+02  3.980000e+02
   endloop
 endfacet
 facet normal -1.299594e-01 -9.915193e-01  4.485705e-07
   outer loop
     vertex -2.971650e+01 -1.779192e+02  3.980000e+02
     vertex -2.975567e+01 -1.779143e+02  1.800000e+01
     vertex -2.969855e+01 -1.779217e+02  1.800000e+01
   endloop
 endfacet
 facet normal -1.484046e-01 -9.889267e-01 -4.401072e-07
   outer loop
     vertex -2.971650e+01 -1.779192e+02  3.980000e+02
     vertex -2.969855e+01 -1.779217e+02  1.800000e+01
     vertex -2.966026e+01 -1.779277e+02  3.980000e+02
   endloop
 endfacet
 facet normal -1.027091e-01 -9.947114e-01  4.382518e-07
   outer loop
     vertex -2.977295e+01 -1.779123e+02  3.980000e+02
     vertex -2.981299e+01 -1.779083e+02  1.800000e+01
     vertex -2.975567e+01 -1.779143e+02  1.800000e+01
   endloop
 endfacet
 facet normal -1.215707e-01 -9.925828e-01 -4.301362e-07
   outer loop
     vertex -2.977295e+01 -1.779123e+02  3.980000e+02
     vertex -2.975567e+01 -1.779143e+02  1.800000e+01
     vertex -2.971650e+01 -1.779192e+02  3.980000e+02
   endloop
 endfacet
 facet normal -7.538152e-02 -9.971548e-01  4.272374e-07
   outer loop
     vertex -2.982957e+01 -1.779069e+02  3.980000e+02
     vertex -2.987044e+01 -1.779040e+02  1.800000e+01
     vertex -2.981299e+01 -1.779083e+02  1.800000e+01
   endloop
 endfacet
 facet normal -9.464755e-02 -9.955108e-01 -4.194696e-07
   outer loop
     vertex -2.982957e+01 -1.779069e+02  3.980000e+02
     vertex -2.981299e+01 -1.779083e+02  1.800000e+01
     vertex -2.977295e+01 -1.779123e+02  3.980000e+02
   endloop
 endfacet
 facet normal -4.799716e-02 -9.988475e-01  4.155273e-07
   outer loop
     vertex -2.988631e+01 -1.779031e+02  3.980000e+02
     vertex -2.992799e+01 -1.779012e+02  1.800000e+01
     vertex -2.987044e+01 -1.779040e+02  1.800000e+01
   endloop
 endfacet
 facet normal -6.765502e-02 -9.977088e-01 -4.081074e-07
   outer loop
     vertex -2.988631e+01 -1.779031e+02  3.980000e+02
     vertex -2.987044e+01 -1.779040e+02  1.800000e+01
     vertex -2.982957e+01 -1.779069e+02  3.980000e+02
   endloop
 endfacet
 facet normal -2.057667e-02 -9.997883e-01  4.031216e-07
   outer loop
     vertex -2.994313e+01 -1.779008e+02  3.980000e+02
     vertex -2.998560e+01 -1.779000e+02  1.800000e+01
     vertex -2.992799e+01 -1.779012e+02  1.800000e+01
   endloop
 endfacet
 facet normal -4.061287e-02 -9.991750e-01 -3.960496e-07
   outer loop
     vertex -2.994313e+01 -1.779008e+02  3.980000e+02
     vertex -2.992799e+01 -1.779012e+02  1.800000e+01
     vertex -2.988631e+01 -1.779031e+02  3.980000e+02
   endloop
 endfacet
 facet normal  6.859319e-03 -9.999765e-01  3.900203e-07
   outer loop
     vertex -3.000000e+01 -1.779000e+02  3.980000e+02
     vertex -3.004321e+01 -1.779004e+02  1.800000e+01
     vertex -2.998560e+01 -1.779000e+02  1.800000e+01
   endloop
 endfacet
 facet normal -1.354093e-02 -9.999083e-01 -3.832961e-07
   outer loop
     vertex -3.000000e+01 -1.779000e+02  3.980000e+02
     vertex -2.998560e+01 -1.779000e+02  1.800000e+01
     vertex -2.994313e+01 -1.779008e+02  3.980000e+02
   endloop
 endfacet
 facet normal  1.365867e-02 -9.999067e-01 -4.126101e-14
   outer loop
     vertex -3.005736e+01 -1.779008e+02  4.180000e+02
     vertex -3.000000e+01 -1.779000e+02  3.980000e+02
     vertex -3.000000e+01 -1.779000e+02  4.180000e+02
   endloop
 endfacet
 facet normal  3.429014e-02 -9.994119e-01  3.661860e-07
   outer loop
     vertex -3.005736e+01 -1.779008e+02  4.180000e+02
     vertex -3.010079e+01 -1.779024e+02  1.800000e+01
     vertex -3.004321e+01 -1.779004e+02  1.800000e+01
   endloop
 endfacet
 facet normal  1.353017e-02 -9.999085e-01 -3.686228e-07
   outer loop
     vertex -3.005736e+01 -1.779008e+02  4.180000e+02
     vertex -3.004321e+01 -1.779004e+02  1.800000e+01
     vertex -3.000000e+01 -1.779000e+02  3.980000e+02
   endloop
 endfacet
 facet normal  4.096583e-02 -9.991605e-01 -3.597049e-07
   outer loop
     vertex -3.011468e+01 -1.779031e+02  4.180000e+02
     vertex -3.010079e+01 -1.779024e+02  1.800000e+01
     vertex -3.005736e+01 -1.779008e+02  4.180000e+02
   endloop
 endfacet
 facet normal  6.169515e-02 -9.980950e-01  3.617780e-07
   outer loop
     vertex -3.011468e+01 -1.779031e+02  4.180000e+02
     vertex -3.015830e+01 -1.779060e+02  1.800000e+01
     vertex -3.010079e+01 -1.779024e+02  1.800000e+01
   endloop
 endfacet
 facet normal  6.824241e-02 -9.976688e-01 -3.552595e-07
   outer loop
     vertex -3.017191e+01 -1.779070e+02  4.180000e+02
     vertex -3.015830e+01 -1.779060e+02  1.800000e+01
     vertex -3.011468e+01 -1.779031e+02  4.180000e+02
   endloop
 endfacet
 facet normal  8.905371e-02 -9.960268e-01  3.572953e-07
   outer loop
     vertex -3.017191e+01 -1.779070e+02  4.180000e+02
     vertex -3.021569e+01 -1.779111e+02  1.800000e+01
     vertex -3.015830e+01 -1.779060e+02  1.800000e+01
   endloop
 endfacet
 facet normal  9.546807e-02 -9.954325e-01 -3.507395e-07
   outer loop
     vertex -3.022902e+01 -1.779125e+02  4.180000e+02
     vertex -3.021569e+01 -1.779111e+02  1.800000e+01
     vertex -3.017191e+01 -1.779070e+02  4.180000e+02
   endloop
 endfacet
 facet normal  1.163452e-01 -9.932088e-01  3.527379e-07
   outer loop
     vertex -3.022902e+01 -1.779125e+02  4.180000e+02
     vertex -3.027291e+01 -1.779178e+02  1.800000e+01
     vertex -3.021569e+01 -1.779111e+02  1.800000e+01
   endloop
 endfacet
 facet normal  1.226225e-01 -9.924534e-01 -3.461447e-07
   outer loop
     vertex -3.028595e+01 -1.779196e+02  4.180000e+02
     vertex -3.027291e+01 -1.779178e+02  1.800000e+01
     vertex -3.022902e+01 -1.779125e+02  4.180000e+02
   endloop
 endfacet
 facet normal  1.435492e-01 -9.896432e-01  3.481058e-07
   outer loop
     vertex -3.028595e+01 -1.779196e+02  4.180000e+02
     vertex -3.032994e+01 -1.779261e+02  1.800000e+01
     vertex -3.027291e+01 -1.779178e+02  1.800000e+01
   endloop
 endfacet
 facet normal  1.496854e-01 -9.887337e-01 -3.414752e-07
   outer loop
     vertex -3.034267e+01 -1.779281e+02  4.180000e+02
     vertex -3.032994e+01 -1.779261e+02  1.800000e+01
     vertex -3.028595e+01 -1.779196e+02  4.180000e+02
   endloop
 endfacet
 facet normal  1.706451e-01 -9.853326e-01  3.433990e-07
   outer loop
     vertex -3.034267e+01 -1.779281e+02  4.180000e+02
     vertex -3.038671e+01 -1.779359e+02  1.800000e+01
     vertex -3.032994e+01 -1.779261e+02  1.800000e+01
   endloop
 endfacet
 facet normal  1.766366e-01 -9.842761e-01 -3.367310e-07
   outer loop
     vertex -3.039913e+01 -1.779383e+02  4.180000e+02
     vertex -3.038671e+01 -1.779359e+02  1.800000e+01
     vertex -3.034267e+01 -1.779281e+02  4.180000e+02
   endloop
 endfacet
 facet normal  1.976125e-01 -9.802802e-01  3.386174e-07
   outer loop
     vertex -3.039913e+01 -1.779383e+02  4.180000e+02
     vertex -3.044319e+01 -1.779473e+02  1.800000e+01
     vertex -3.038671e+01 -1.779359e+02  1.800000e+01
   endloop
 endfacet
 facet normal  2.034560e-01 -9.790841e-01 -3.319121e-07
   outer loop
     vertex -3.045530e+01 -1.779500e+02  4.180000e+02
     vertex -3.044319e+01 -1.779473e+02  1.800000e+01
     vertex -3.039913e+01 -1.779383e+02  4.180000e+02
   endloop
 endfacet
 facet normal  2.244312e-01 -9.744899e-01  3.337612e-07
   outer loop
     vertex -3.045530e+01 -1.779500e+02  4.180000e+02
     vertex -3.049933e+01 -1.779602e+02  1.800000e+01
     vertex -3.044319e+01 -1.779473e+02  1.800000e+01
   endloop
 endfacet
 facet normal  2.301236e-01 -9.731614e-01 -3.270185e-07
   outer loop
     vertex -3.051113e+01 -1.779632e+02  4.180000e+02
     vertex -3.049933e+01 -1.779602e+02  1.800000e+01
     vertex -3.045530e+01 -1.779500e+02  4.180000e+02
   endloop
 endfacet
 facet normal  2.510809e-01 -9.679661e-01  3.288302e-07
   outer loop
     vertex -3.051113e+01 -1.779632e+02  4.180000e+02
     vertex -3.055511e+01 -1.779747e+02  1.800000e+01
     vertex -3.049933e+01 -1.779602e+02  1.800000e+01
   endloop
 endfacet
 facet normal  2.566194e-01 -9.665125e-01 -3.220502e-07
   outer loop
     vertex -3.056657e+01 -1.779779e+02  4.180000e+02
     vertex -3.055511e+01 -1.779747e+02  1.800000e+01
     vertex -3.051113e+01 -1.779632e+02  4.180000e+02
   endloop
 endfacet
 facet normal  2.775416e-01 -9.607136e-01  3.238245e-07
   outer loop
     vertex -3.056657e+01 -1.779779e+02  4.180000e+02
     vertex -3.061046e+01 -1.779907e+02  1.800000e+01
     vertex -3.055511e+01 -1.779747e+02  1.800000e+01
   endloop
 endfacet
 facet normal  2.829238e-01 -9.591424e-01 -3.170072e-07
   outer loop
     vertex -3.062160e+01 -1.779941e+02  4.180000e+02
     vertex -3.061046e+01 -1.779907e+02  1.800000e+01
     vertex -3.056657e+01 -1.779779e+02  4.180000e+02
   endloop
 endfacet
 facet normal  3.037934e-01 -9.527379e-01  3.187441e-07
   outer loop
     vertex -3.062160e+01 -1.779941e+02  4.180000e+02
     vertex -3.066535e+01 -1.780082e+02  1.800000e+01
     vertex -3.061046e+01 -1.779907e+02  1.800000e+01
   endloop
 endfacet
 facet normal  3.298166e-01 -9.440450e-01  3.135890e-07
   outer loop
     vertex -3.067615e+01 -1.780118e+02  4.180000e+02
     vertex -3.071975e+01 -1.780272e+02  1.800000e+01
     vertex -3.066535e+01 -1.780082e+02  1.800000e+01
   endloop
 endfacet
 facet normal  3.090170e-01 -9.510565e-01 -3.118894e-07
   outer loop
     vertex -3.067615e+01 -1.780118e+02  4.180000e+02
     vertex -3.066535e+01 -1.780082e+02  1.800000e+01
     vertex -3.062160e+01 -1.779941e+02  4.180000e+02
   endloop
 endfacet
 facet normal  3.555914e-01 -9.346415e-01  3.083592e-07
   outer loop
     vertex -3.073021e+01 -1.780310e+02  4.180000e+02
     vertex -3.077360e+01 -1.780477e+02  1.800000e+01
     vertex -3.071975e+01 -1.780272e+02  1.800000e+01
   endloop
 endfacet
 facet normal  3.348796e-01 -9.422609e-01 -3.066970e-07
   outer loop
     vertex -3.073021e+01 -1.780310e+02  4.180000e+02
     vertex -3.071975e+01 -1.780272e+02  1.800000e+01
     vertex -3.067615e+01 -1.780118e+02  4.180000e+02
   endloop
 endfacet
 facet normal  3.810986e-01 -9.245344e-01  3.030547e-07
   outer loop
     vertex -3.078372e+01 -1.780517e+02  4.180000e+02
     vertex -3.082687e+01 -1.780696e+02  1.800000e+01
     vertex -3.077360e+01 -1.780477e+02  1.800000e+01
   endloop
 endfacet
 facet normal  3.604923e-01 -9.327622e-01 -3.014298e-07
   outer loop
     vertex -3.078372e+01 -1.780517e+02  4.180000e+02
     vertex -3.077360e+01 -1.780477e+02  1.800000e+01
     vertex -3.073021e+01 -1.780310e+02  4.180000e+02
   endloop
 endfacet
 facet normal  4.063188e-01 -9.137314e-01  2.976755e-07
   outer loop
     vertex -3.083664e+01 -1.780739e+02  4.180000e+02
     vertex -3.087951e+01 -1.780931e+02  1.800000e+01
     vertex -3.082687e+01 -1.780696e+02  1.800000e+01
   endloop
 endfacet
 facet normal  3.858360e-01 -9.225674e-01 -2.960880e-07
   outer loop
     vertex -3.083664e+01 -1.780739e+02  4.180000e+02
     vertex -3.082687e+01 -1.780696e+02  1.800000e+01
     vertex -3.078372e+01 -1.780517e+02  4.180000e+02
   endloop
 endfacet
 facet normal  4.312333e-01 -9.022405e-01  2.922216e-07
   outer loop
     vertex -3.088894e+01 -1.780974e+02  4.180000e+02
     vertex -3.093150e+01 -1.781179e+02  1.800000e+01
     vertex -3.087951e+01 -1.780931e+02  1.800000e+01
   endloop
 endfacet
 facet normal  4.108918e-01 -9.116841e-01 -2.906714e-07
   outer loop
     vertex -3.088894e+01 -1.780974e+02  4.180000e+02
     vertex -3.087951e+01 -1.780931e+02  1.800000e+01
     vertex -3.083664e+01 -1.780739e+02  4.180000e+02
   endloop
 endfacet
 facet normal  4.558231e-01 -8.900704e-01  2.866929e-07
   outer loop
     vertex -3.094058e+01 -1.781224e+02  4.180000e+02
     vertex -3.098278e+01 -1.781442e+02  1.800000e+01
     vertex -3.093150e+01 -1.781179e+02  1.800000e+01
   endloop
 endfacet
 facet normal  4.356410e-01 -9.001205e-01 -2.851801e-07
   outer loop
     vertex -3.094058e+01 -1.781224e+02  4.180000e+02
     vertex -3.093150e+01 -1.781179e+02  1.800000e+01
     vertex -3.088894e+01 -1.780974e+02  4.180000e+02
   endloop
 endfacet
 facet normal  4.800697e-01 -8.772303e-01  2.810896e-07
   outer loop
     vertex -3.099151e+01 -1.781488e+02  4.180000e+02
     vertex -3.103332e+01 -1.781718e+02  1.800000e+01
     vertex -3.098278e+01 -1.781442e+02  1.800000e+01
   endloop
 endfacet
 facet normal  4.600650e-01 -8.878852e-01 -2.796141e-07
   outer loop
     vertex -3.099151e+01 -1.781488e+02  4.180000e+02
     vertex -3.098278e+01 -1.781442e+02  1.800000e+01
     vertex -3.094058e+01 -1.781224e+02  4.180000e+02
   endloop
 endfacet
 facet normal  5.039550e-01 -8.637299e-01  2.754115e-07
   outer loop
     vertex -3.104171e+01 -1.781766e+02  4.180000e+02
     vertex -3.108309e+01 -1.782009e+02  1.800000e+01
     vertex -3.103332e+01 -1.781718e+02  1.800000e+01
   endloop
 endfacet
 facet normal  4.841458e-01 -8.749873e-01 -2.739734e-07
   outer loop
     vertex -3.104171e+01 -1.781766e+02  4.180000e+02
     vertex -3.103332e+01 -1.781718e+02  1.800000e+01
     vertex -3.099151e+01 -1.781488e+02  4.180000e+02
   endloop
 endfacet
 facet normal  5.274609e-01 -8.495793e-01  2.696587e-07
   outer loop
     vertex -3.109113e+01 -1.782057e+02  4.180000e+02
     vertex -3.113204e+01 -1.782312e+02  1.800000e+01
     vertex -3.108309e+01 -1.782009e+02  1.800000e+01
   endloop
 endfacet
 facet normal  5.078652e-01 -8.614365e-01 -2.682580e-07
   outer loop
     vertex -3.109113e+01 -1.782057e+02  4.180000e+02
     vertex -3.108309e+01 -1.782009e+02  1.800000e+01
     vertex -3.104171e+01 -1.781766e+02  4.180000e+02
   endloop
 endfacet
 facet normal  5.505698e-01 -8.347891e-01  2.638313e-07
   outer loop
     vertex -3.113973e+01 -1.782362e+02  4.180000e+02
     vertex -3.118014e+01 -1.782630e+02  1.800000e+01
     vertex -3.113204e+01 -1.782312e+02  1.800000e+01
   endloop
 endfacet
 facet normal  5.312057e-01 -8.472429e-01 -2.624679e-07
   outer loop
     vertex -3.113973e+01 -1.782362e+02  4.180000e+02
     vertex -3.113204e+01 -1.782312e+02  1.800000e+01
     vertex -3.109113e+01 -1.782057e+02  4.180000e+02
   endloop
 endfacet
 facet normal  5.732642e-01 -8.193706e-01  2.579291e-07
   outer loop
     vertex -3.118748e+01 -1.782680e+02  4.180000e+02
     vertex -3.122735e+01 -1.782960e+02  1.800000e+01
     vertex -3.118014e+01 -1.782630e+02  1.800000e+01
   endloop
 endfacet
 facet normal  5.541498e-01 -8.324170e-01 -2.566030e-07
   outer loop
     vertex -3.118748e+01 -1.782680e+02  4.180000e+02
     vertex -3.118014e+01 -1.782630e+02  1.800000e+01
     vertex -3.113973e+01 -1.782362e+02  4.180000e+02
   endloop
 endfacet
 facet normal  5.955271e-01 -8.033352e-01  2.519522e-07
   outer loop
     vertex -3.123435e+01 -1.783011e+02  4.180000e+02
     vertex -3.127363e+01 -1.783303e+02  1.800000e+01
     vertex -3.122735e+01 -1.782960e+02  1.800000e+01
   endloop
 endfacet
 facet normal  5.766803e-01 -8.169699e-01 -2.506635e-07
   outer loop
     vertex -3.123435e+01 -1.783011e+02  4.180000e+02
     vertex -3.122735e+01 -1.782960e+02  1.800000e+01
     vertex -3.118748e+01 -1.782680e+02  4.180000e+02
   endloop
 endfacet
 facet normal  6.173417e-01 -7.866951e-01  2.459006e-07
   outer loop
     vertex -3.128029e+01 -1.783354e+02  4.180000e+02
     vertex -3.131896e+01 -1.783659e+02  1.800000e+01
     vertex -3.127363e+01 -1.783303e+02  1.800000e+01
   endloop
 endfacet
 facet normal  5.987805e-01 -8.009132e-01 -2.446492e-07
   outer loop
     vertex -3.128029e+01 -1.783354e+02  4.180000e+02
     vertex -3.127363e+01 -1.783303e+02  1.800000e+01
     vertex -3.123435e+01 -1.783011e+02  4.180000e+02
   endloop
 endfacet
 facet normal  6.386916e-01 -7.694628e-01  2.397743e-07
   outer loop
     vertex -3.132528e+01 -1.783710e+02  4.180000e+02
     vertex -3.136329e+01 -1.784027e+02  1.800000e+01
     vertex -3.131896e+01 -1.783659e+02  1.800000e+01
   endloop
 endfacet
 facet normal  6.204339e-01 -7.842588e-01 -2.385603e-07
   outer loop
     vertex -3.132528e+01 -1.783710e+02  4.180000e+02
     vertex -3.131896e+01 -1.783659e+02  1.800000e+01
     vertex -3.128029e+01 -1.783354e+02  4.180000e+02
   endloop
 endfacet
 facet normal  6.595607e-01 -7.516513e-01  2.335732e-07
   outer loop
     vertex -3.136929e+01 -1.784078e+02  4.180000e+02
     vertex -3.140660e+01 -1.784407e+02  1.800000e+01
     vertex -3.136329e+01 -1.784027e+02  1.800000e+01
   endloop
 endfacet
 facet normal  6.416243e-01 -7.670191e-01 -2.323966e-07
   outer loop
     vertex -3.136929e+01 -1.784078e+02  4.180000e+02
     vertex -3.136329e+01 -1.784027e+02  1.800000e+01
     vertex -3.132528e+01 -1.783710e+02  4.180000e+02
   endloop
 endfacet
 facet normal  6.623358e-01 -7.492071e-01 -2.261582e-07
   outer loop
     vertex -3.141227e+01 -1.784458e+02  4.180000e+02
     vertex -3.140660e+01 -1.784407e+02  1.800000e+01
     vertex -3.136929e+01 -1.784078e+02  4.180000e+02
   endloop
 endfacet
 facet normal  6.799333e-01 -7.332740e-01  2.272975e-07
   outer loop
     vertex -3.141227e+01 -1.784458e+02  4.180000e+02
     vertex -3.144885e+01 -1.784799e+02  1.800000e+01
     vertex -3.140660e+01 -1.784407e+02  1.800000e+01
   endloop
 endfacet
 facet normal  6.825531e-01 -7.308360e-01 -2.198451e-07
   outer loop
     vertex -3.145419e+01 -1.784850e+02  4.180000e+02
     vertex -3.144885e+01 -1.784799e+02  1.800000e+01
     vertex -3.141227e+01 -1.784458e+02  4.180000e+02
   endloop
 endfacet
 facet normal  6.997940e-01 -7.143447e-01  2.209471e-07
   outer loop
     vertex -3.145419e+01 -1.784850e+02  4.180000e+02
     vertex -3.149001e+01 -1.785202e+02  1.800000e+01
     vertex -3.144885e+01 -1.784799e+02  1.800000e+01
   endloop
 endfacet
 facet normal  7.022611e-01 -7.119195e-01 -2.134573e-07
   outer loop
     vertex -3.149503e+01 -1.785253e+02  4.180000e+02
     vertex -3.149001e+01 -1.785202e+02  1.800000e+01
     vertex -3.145419e+01 -1.784850e+02  4.180000e+02
   endloop
 endfacet
 facet normal  7.191280e-01 -6.948776e-01  2.145219e-07
   outer loop
     vertex -3.149503e+01 -1.785253e+02  4.180000e+02
     vertex -3.153005e+01 -1.785616e+02  1.800000e+01
     vertex -3.149001e+01 -1.785202e+02  1.800000e+01
   endloop
 endfacet
 facet normal  7.214450e-01 -6.924717e-01 -2.069948e-07
   outer loop
     vertex -3.153476e+01 -1.785666e+02  4.180000e+02
     vertex -3.153005e+01 -1.785616e+02  1.800000e+01
     vertex -3.149503e+01 -1.785253e+02  4.180000e+02
   endloop
 endfacet
 facet normal  7.379206e-01 -6.748875e-01  2.080221e-07
   outer loop
     vertex -3.153476e+01 -1.785666e+02  4.180000e+02
     vertex -3.156893e+01 -1.786041e+02  1.800000e+01
     vertex -3.153005e+01 -1.785616e+02  1.800000e+01
   endloop
 endfacet
 facet normal  7.400906e-01 -6.725072e-01 -2.004576e-07
   outer loop
     vertex -3.157333e+01 -1.786091e+02  4.180000e+02
     vertex -3.156893e+01 -1.786041e+02  1.800000e+01
     vertex -3.153476e+01 -1.785666e+02  4.180000e+02
   endloop
 endfacet
 facet normal  7.561578e-01 -6.543893e-01  2.014475e-07
   outer loop
     vertex -3.157333e+01 -1.786091e+02  4.180000e+02
     vertex -3.160663e+01 -1.786477e+02  1.800000e+01
     vertex -3.156893e+01 -1.786041e+02  1.800000e+01
   endloop
 endfacet
 facet normal  7.581838e-01 -6.520409e-01 -1.938457e-07
   outer loop
     vertex -3.161074e+01 -1.786526e+02  4.180000e+02
     vertex -3.160663e+01 -1.786477e+02  1.800000e+01
     vertex -3.157333e+01 -1.786091e+02  4.180000e+02
   endloop
 endfacet
 facet normal  7.738257e-01 -6.333986e-01  1.947982e-07
   outer loop
     vertex -3.161074e+01 -1.786526e+02  4.180000e+02
     vertex -3.164313e+01 -1.786923e+02  1.800000e+01
     vertex -3.160663e+01 -1.786477e+02  1.800000e+01
   endloop
 endfacet
 facet normal  7.757113e-01 -6.310879e-01 -1.871591e-07
   outer loop
     vertex -3.164694e+01 -1.786971e+02  4.180000e+02
     vertex -3.164313e+01 -1.786923e+02  1.800000e+01
     vertex -3.161074e+01 -1.786526e+02  4.180000e+02
   endloop
 endfacet
 facet normal  7.909112e-01 -6.119310e-01  1.880742e-07
   outer loop
     vertex -3.164694e+01 -1.786971e+02  4.180000e+02
     vertex -3.167839e+01 -1.787379e+02  1.800000e+01
     vertex -3.164313e+01 -1.786923e+02  1.800000e+01
   endloop
 endfacet
 facet normal  7.926599e-01 -6.096641e-01 -1.803977e-07
   outer loop
     vertex -3.168192e+01 -1.787426e+02  4.180000e+02
     vertex -3.167839e+01 -1.787379e+02  1.800000e+01
     vertex -3.164694e+01 -1.786971e+02  4.180000e+02
   endloop
 endfacet
 facet normal  8.074012e-01 -5.900028e-01  1.812755e-07
   outer loop
     vertex -3.168192e+01 -1.787426e+02  4.180000e+02
     vertex -3.171238e+01 -1.787844e+02  1.800000e+01
     vertex -3.167839e+01 -1.787379e+02  1.800000e+01
   endloop
 endfacet
 facet normal  8.090170e-01 -5.877853e-01 -1.735617e-07
   outer loop
     vertex -3.171564e+01 -1.787890e+02  4.180000e+02
     vertex -3.171238e+01 -1.787844e+02  1.800000e+01
     vertex -3.168192e+01 -1.787426e+02  4.180000e+02
   endloop
 endfacet
 facet normal  8.232835e-01 -5.676304e-01  1.744021e-07
   outer loop
     vertex -3.171564e+01 -1.787890e+02  4.180000e+02
     vertex -3.174509e+01 -1.788318e+02  1.800000e+01
     vertex -3.171238e+01 -1.787844e+02  1.800000e+01
   endloop
 endfacet
 facet normal  8.247704e-01 -5.654678e-01 -1.666509e-07
   outer loop
     vertex -3.174808e+01 -1.788363e+02  4.180000e+02
     vertex -3.174509e+01 -1.788318e+02  1.800000e+01
     vertex -3.171564e+01 -1.787890e+02  4.180000e+02
   endloop
 endfacet
 facet normal  8.385460e-01 -5.448308e-01  1.674540e-07
   outer loop
     vertex -3.174808e+01 -1.788363e+02  4.180000e+02
     vertex -3.177648e+01 -1.788801e+02  1.800000e+01
     vertex -3.174509e+01 -1.788318e+02  1.800000e+01
   endloop
 endfacet
 facet normal  8.399083e-01 -5.427284e-01 -1.596655e-07
   outer loop
     vertex -3.177921e+01 -1.788845e+02  4.180000e+02
     vertex -3.177648e+01 -1.788801e+02  1.800000e+01
     vertex -3.174808e+01 -1.788363e+02  4.180000e+02
   endloop
 endfacet
 facet normal  8.531773e-01 -5.216210e-01  1.604312e-07
   outer loop
     vertex -3.177921e+01 -1.788845e+02  4.180000e+02
     vertex -3.180653e+01 -1.789293e+02  1.800000e+01
     vertex -3.177648e+01 -1.788801e+02  1.800000e+01
   endloop
 endfacet
 facet normal  8.544194e-01 -5.195840e-01 -1.526053e-07
   outer loop
     vertex -3.180902e+01 -1.789335e+02  4.180000e+02
     vertex -3.180653e+01 -1.789293e+02  1.800000e+01
     vertex -3.177921e+01 -1.788845e+02  4.180000e+02
   endloop
 endfacet
 facet normal  8.671664e-01 -4.980186e-01  1.533337e-07
   outer loop
     vertex -3.180902e+01 -1.789335e+02  4.180000e+02
     vertex -3.183523e+01 -1.789792e+02  1.800000e+01
     vertex -3.180653e+01 -1.789293e+02  1.800000e+01
   endloop
 endfacet
 facet normal  8.682929e-01 -4.960518e-01 -1.454704e-07
   outer loop
     vertex -3.183747e+01 -1.789833e+02  4.180000e+02
     vertex -3.183523e+01 -1.789792e+02  1.800000e+01
     vertex -3.180902e+01 -1.789335e+02  4.180000e+02
   endloop
 endfacet
 facet normal  8.805026e-01 -4.740412e-01  1.461615e-07
   outer loop
     vertex -3.183747e+01 -1.789833e+02  4.180000e+02
     vertex -3.186254e+01 -1.790300e+02  1.800000e+01
     vertex -3.183523e+01 -1.789792e+02  1.800000e+01
   endloop
 endfacet
 facet normal  8.815185e-01 -4.721495e-01 -1.382609e-07
   outer loop
     vertex -3.186456e+01 -1.790339e+02  4.180000e+02
     vertex -3.186254e+01 -1.790300e+02  1.800000e+01
     vertex -3.183747e+01 -1.789833e+02  4.180000e+02
   endloop
 endfacet
 facet normal  8.931761e-01 -4.497071e-01  1.389145e-07
   outer loop
     vertex -3.186456e+01 -1.790339e+02  4.180000e+02
     vertex -3.188845e+01 -1.790814e+02  1.800000e+01
     vertex -3.186254e+01 -1.790300e+02  1.800000e+01
   endloop
 endfacet
 facet normal  8.940863e-01 -4.478948e-01 -1.309766e-07
   outer loop
     vertex -3.189025e+01 -1.790852e+02  4.180000e+02
     vertex -3.188845e+01 -1.790814e+02  1.800000e+01
     vertex -3.186456e+01 -1.790339e+02  4.180000e+02
   endloop
 endfacet
 facet normal  9.051772e-01 -4.250344e-01  1.315929e-07
   outer loop
     vertex -3.189025e+01 -1.790852e+02  4.180000e+02
     vertex -3.191294e+01 -1.791336e+02  1.800000e+01
     vertex -3.188845e+01 -1.790814e+02  1.800000e+01
   endloop
 endfacet
 facet normal  9.059868e-01 -4.233059e-01 -1.236176e-07
   outer loop
     vertex -3.191454e+01 -1.791371e+02  4.180000e+02
     vertex -3.191294e+01 -1.791336e+02  1.800000e+01
     vertex -3.189025e+01 -1.790852e+02  4.180000e+02
   endloop
 endfacet
 facet normal  9.164969e-01 -4.000417e-01  1.241965e-07
   outer loop
     vertex -3.191454e+01 -1.791371e+02  4.180000e+02
     vertex -3.193599e+01 -1.791864e+02  1.800000e+01
     vertex -3.191294e+01 -1.791336e+02  1.800000e+01
   endloop
 endfacet
 facet normal  9.172113e-01 -3.984011e-01 -1.161839e-07
   outer loop
     vertex -3.193739e+01 -1.791897e+02  4.180000e+02
     vertex -3.193599e+01 -1.791864e+02  1.800000e+01
     vertex -3.191454e+01 -1.791371e+02  4.180000e+02
   endloop
 endfacet
 facet normal  9.271267e-01 -3.747479e-01  1.167255e-07
   outer loop
     vertex -3.193739e+01 -1.791897e+02  4.180000e+02
     vertex -3.195758e+01 -1.792398e+02  1.800000e+01
     vertex -3.193599e+01 -1.791864e+02  1.800000e+01
   endloop
 endfacet
 facet normal  9.277513e-01 -3.731990e-01 -1.086754e-07
   outer loop
     vertex -3.195880e+01 -1.792430e+02  4.180000e+02
     vertex -3.195758e+01 -1.792398e+02  1.800000e+01
     vertex -3.193739e+01 -1.791897e+02  4.180000e+02
   endloop
 endfacet
 facet normal  9.370586e-01 -3.491720e-01  1.091797e-07
   outer loop
     vertex -3.195880e+01 -1.792430e+02  4.180000e+02
     vertex -3.197770e+01 -1.792938e+02  1.800000e+01
     vertex -3.195758e+01 -1.792398e+02  1.800000e+01
   endloop
 endfacet
 facet normal  9.462851e-01 -3.233333e-01  1.015592e-07
   outer loop
     vertex -3.197875e+01 -1.792968e+02  4.180000e+02
     vertex -3.199633e+01 -1.793483e+02  1.800000e+01
     vertex -3.197770e+01 -1.792938e+02  1.800000e+01
   endloop
 endfacet
 facet normal  9.375990e-01 -3.477184e-01 -1.010923e-07
   outer loop
     vertex -3.197875e+01 -1.792968e+02  4.180000e+02
     vertex -3.197770e+01 -1.792938e+02  1.800000e+01
     vertex -3.195880e+01 -1.792430e+02  4.180000e+02
   endloop
 endfacet
 facet normal  9.547993e-01 -2.972512e-01  9.386407e-08
   outer loop
     vertex -3.199722e+01 -1.793511e+02  4.180000e+02
     vertex -3.201345e+01 -1.794033e+02  1.800000e+01
     vertex -3.199633e+01 -1.793483e+02  1.800000e+01
   endloop
 endfacet
 facet normal  9.467470e-01 -3.219783e-01 -9.343451e-08
   outer loop
     vertex -3.199722e+01 -1.793511e+02  4.180000e+02
     vertex -3.199633e+01 -1.793483e+02  1.800000e+01
     vertex -3.197875e+01 -1.792968e+02  4.180000e+02
   endloop
 endfacet
 facet normal  9.625948e-01 -2.709453e-01  8.609418e-08
   outer loop
     vertex -3.201420e+01 -1.794059e+02  4.180000e+02
     vertex -3.202906e+01 -1.794588e+02  1.800000e+01
     vertex -3.201345e+01 -1.794033e+02  1.800000e+01
   endloop
 endfacet
 facet normal  9.551886e-01 -2.959980e-01 -8.570197e-08
   outer loop
     vertex -3.201420e+01 -1.794059e+02  4.180000e+02
     vertex -3.201345e+01 -1.794033e+02  1.800000e+01
     vertex -3.199722e+01 -1.793511e+02  4.180000e+02
   endloop
 endfacet
 facet normal  9.696656e-01 -2.444354e-01  7.824959e-08
   outer loop
     vertex -3.202968e+01 -1.794611e+02  4.180000e+02
     vertex -3.204315e+01 -1.795147e+02  1.800000e+01
     vertex -3.202906e+01 -1.794588e+02  1.800000e+01
   endloop
 endfacet
 facet normal  9.629173e-01 -2.697968e-01 -7.789474e-08
   outer loop
     vertex -3.202968e+01 -1.794611e+02  4.180000e+02
     vertex -3.202906e+01 -1.794588e+02  1.800000e+01
     vertex -3.201420e+01 -1.794059e+02  4.180000e+02
   endloop
 endfacet
 facet normal  9.760065e-01 -2.177416e-01  7.033029e-08
   outer loop
     vertex -3.204364e+01 -1.795167e+02  4.180000e+02
     vertex -3.205569e+01 -1.795709e+02  1.800000e+01
     vertex -3.204315e+01 -1.795147e+02  1.800000e+01
   endloop
 endfacet
 facet normal  9.699274e-01 -2.433942e-01 -7.001279e-08
   outer loop
     vertex -3.204364e+01 -1.795167e+02  4.180000e+02
     vertex -3.204315e+01 -1.795147e+02  1.800000e+01
     vertex -3.202968e+01 -1.794611e+02  4.180000e+02
   endloop
 endfacet
 facet normal  9.816126e-01 -1.908838e-01  6.233629e-08
   outer loop
     vertex -3.205608e+01 -1.795727e+02  4.180000e+02
     vertex -3.206669e+01 -1.796275e+02  1.800000e+01
     vertex -3.205569e+01 -1.795709e+02  1.800000e+01
   endloop
 endfacet
 facet normal  9.762138e-01 -2.168100e-01 -6.205614e-08
   outer loop
     vertex -3.205608e+01 -1.795727e+02  4.180000e+02
     vertex -3.205569e+01 -1.795709e+02  1.800000e+01
     vertex -3.204364e+01 -1.795167e+02  4.180000e+02
   endloop
 endfacet
 facet normal  9.864799e-01 -1.638824e-01  5.426758e-08
   outer loop
     vertex -3.206698e+01 -1.796291e+02  4.180000e+02
     vertex -3.207613e+01 -1.796843e+02  1.800000e+01
     vertex -3.206669e+01 -1.796275e+02  1.800000e+01
   endloop
 endfacet
 facet normal  9.817717e-01 -1.900640e-01 -5.402478e-08
   outer loop
     vertex -3.206698e+01 -1.796291e+02  4.180000e+02
     vertex -3.206669e+01 -1.796275e+02  1.800000e+01
     vertex -3.205608e+01 -1.795727e+02  4.180000e+02
   endloop
 endfacet
 facet normal  9.865969e-01 -1.631762e-01 -4.591872e-08
   outer loop
     vertex -3.207634e+01 -1.796857e+02  4.180000e+02
     vertex -3.207613e+01 -1.796843e+02  1.800000e+01
     vertex -3.206698e+01 -1.796291e+02  4.180000e+02
   endloop
 endfacet
 facet normal  9.906046e-01 -1.367575e-01  4.612416e-08
   outer loop
     vertex -3.207634e+01 -1.796857e+02  4.180000e+02
     vertex -3.208401e+01 -1.797414e+02  1.800000e+01
     vertex -3.207613e+01 -1.796843e+02  1.800000e+01
   endloop
 endfacet
 facet normal  9.906859e-01 -1.361666e-01 -3.773795e-08
   outer loop
     vertex -3.208415e+01 -1.797425e+02  4.180000e+02
     vertex -3.208401e+01 -1.797414e+02  1.800000e+01
     vertex -3.207634e+01 -1.796857e+02  4.180000e+02
   endloop
 endfacet
 facet normal  9.939835e-01 -1.095298e-01  3.790604e-08
   outer loop
     vertex -3.208415e+01 -1.797425e+02  4.180000e+02
     vertex -3.209032e+01 -1.797986e+02  1.800000e+01
     vertex -3.208401e+01 -1.797414e+02  1.800000e+01
   endloop
 endfacet
 facet normal  9.940357e-01 -1.090555e-01 -2.948247e-08
   outer loop
     vertex -3.209041e+01 -1.797995e+02  4.180000e+02
     vertex -3.209032e+01 -1.797986e+02  1.800000e+01
     vertex -3.208415e+01 -1.797425e+02  4.180000e+02
   endloop
 endfacet
 facet normal  9.966142e-01 -8.221955e-02  2.961321e-08
   outer loop
     vertex -3.209041e+01 -1.797995e+02  4.180000e+02
     vertex -3.209506e+01 -1.798561e+02  1.800000e+01
     vertex -3.209032e+01 -1.797986e+02  1.800000e+01
   endloop
 endfacet
 facet normal  9.966436e-01 -8.186288e-02 -2.115229e-08
   outer loop
     vertex -3.209510e+01 -1.798567e+02  4.180000e+02
     vertex -3.209506e+01 -1.798561e+02  1.800000e+01
     vertex -3.209041e+01 -1.797995e+02  4.180000e+02
   endloop
 endfacet
 facet normal  9.984947e-01 -5.484744e-02  2.124567e-08
   outer loop
     vertex -3.209510e+01 -1.798567e+02  4.180000e+02
     vertex -3.209822e+01 -1.799136e+02  1.800000e+01
     vertex -3.209506e+01 -1.798561e+02  1.800000e+01
   endloop
 endfacet
 facet normal  9.985078e-01 -5.460922e-02 -1.274740e-08
   outer loop
     vertex -3.209824e+01 -1.799140e+02  4.180000e+02
     vertex -3.209822e+01 -1.799136e+02  1.800000e+01
     vertex -3.209510e+01 -1.798567e+02  4.180000e+02
   endloop
 endfacet
 facet normal  9.996236e-01 -2.743405e-02  1.280343e-08
   outer loop
     vertex -3.209824e+01 -1.799140e+02  4.180000e+02
     vertex -3.209980e+01 -1.799712e+02  1.800000e+01
     vertex -3.209822e+01 -1.799136e+02  1.800000e+01
   endloop
 endfacet
 facet normal  9.996269e-01 -2.731480e-02 -4.267811e-09
   outer loop
     vertex -3.209980e+01 -1.799713e+02  4.180000e+02
     vertex -3.209980e+01 -1.799712e+02  1.800000e+01
     vertex -3.209824e+01 -1.799140e+02  4.180000e+02
   endloop
 endfacet
 facet normal  1.000000e+00  0.000000e+00  4.286487e-09
   outer loop
     vertex -3.209980e+01 -1.799713e+02  4.180000e+02
     vertex -3.209980e+01 -1.800288e+02  1.800000e+01
     vertex -3.209980e+01 -1.799712e+02  1.800000e+01
   endloop
 endfacet
 facet normal  1.000000e+00 -0.000000e+00  4.286487e-09
   outer loop
     vertex -3.209980e+01 -1.800287e+02  4.180000e+02
     vertex -3.209980e+01 -1.800288e+02  1.800000e+01
     vertex -3.209980e+01 -1.799713e+02  4.180000e+02
   endloop
 endfacet
 facet normal  9.996269e-01  2.731480e-02 -4.267811e-09
   outer loop
     vertex -3.209824e+01 -1.800860e+02  4.180000e+02
     vertex -3.209980e+01 -1.800288e+02  1.800000e+01
     vertex -3.209980e+01 -1.800287e+02  4.180000e+02
   endloop
 endfacet
 facet normal  9.996236e-01  2.743405e-02  1.280343e-08
   outer loop
     vertex -3.209824e+01 -1.800860e+02  4.180000e+02
     vertex -3.209822e+01 -1.800864e+02  1.800000e+01
     vertex -3.209980e+01 -1.800288e+02  1.800000e+01
   endloop
 endfacet
 facet normal  9.985078e-01  5.460922e-02 -1.274740e-08
   outer loop
     vertex -3.209510e+01 -1.801433e+02  4.180000e+02
     vertex -3.209822e+01 -1.800864e+02  1.800000e+01
     vertex -3.209824e+01 -1.800860e+02  4.180000e+02
   endloop
 endfacet
 facet normal  9.984947e-01  5.484744e-02  2.124567e-08
   outer loop
     vertex -3.209510e+01 -1.801433e+02  4.180000e+02
     vertex -3.209506e+01 -1.801439e+02  1.800000e+01
     vertex -3.209822e+01 -1.800864e+02  1.800000e+01
   endloop
 endfacet
 facet normal  9.966436e-01  8.186288e-02 -2.115229e-08
   outer loop
     vertex -3.209041e+01 -1.802005e+02  4.180000e+02
     vertex -3.209506e+01 -1.801439e+02  1.800000e+01
     vertex -3.209510e+01 -1.801433e+02  4.180000e+02
   endloop
 endfacet
 facet normal  9.966142e-01  8.221955e-02  2.961321e-08
   outer loop
     vertex -3.209041e+01 -1.802005e+02  4.180000e+02
     vertex -3.209032e+01 -1.802014e+02  1.800000e+01
     vertex -3.209506e+01 -1.801439e+02  1.800000e+01
   endloop
 endfacet
 facet normal  9.940357e-01  1.090555e-01 -2.948247e-08
   outer loop
     vertex -3.208415e+01 -1.802575e+02  4.180000e+02
     vertex -3.209032e+01 -1.802014e+02  1.800000e+01
     vertex -3.209041e+01 -1.802005e+02  4.180000e+02
   endloop
 endfacet
 facet normal  9.939835e-01  1.095298e-01  3.790604e-08
   outer loop
     vertex -3.208415e+01 -1.802575e+02  4.180000e+02
     vertex -3.208401e+01 -1.802586e+02  1.800000e+01
     vertex -3.209032e+01 -1.802014e+02  1.800000e+01
   endloop
 endfacet
 facet normal  9.906859e-01  1.361666e-01 -3.773795e-08
   outer loop
     vertex -3.207634e+01 -1.803143e+02  4.180000e+02
     vertex -3.208401e+01 -1.802586e+02  1.800000e+01
     vertex -3.208415e+01 -1.802575e+02  4.180000e+02
   endloop
 endfacet
 facet normal  9.906046e-01  1.367575e-01  4.612416e-08
   outer loop
     vertex -3.207634e+01 -1.803143e+02  4.180000e+02
     vertex -3.207613e+01 -1.803157e+02  1.800000e+01
     vertex -3.208401e+01 -1.802586e+02  1.800000e+01
   endloop
 endfacet
 facet normal  9.865969e-01  1.631762e-01 -4.591872e-08
   outer loop
     vertex -3.206698e+01 -1.803709e+02  4.180000e+02
     vertex -3.207613e+01 -1.803157e+02  1.800000e+01
     vertex -3.207634e+01 -1.803143e+02  4.180000e+02
   endloop
 endfacet
 facet normal  9.864799e-01  1.638824e-01  5.426758e-08
   outer loop
     vertex -3.206698e+01 -1.803709e+02  4.180000e+02
     vertex -3.206669e+01 -1.803725e+02  1.800000e+01
     vertex -3.207613e+01 -1.803157e+02  1.800000e+01
   endloop
 endfacet
 facet normal  9.817717e-01  1.900640e-01 -5.402478e-08
   outer loop
     vertex -3.205608e+01 -1.804273e+02  4.180000e+02
     vertex -3.206669e+01 -1.803725e+02  1.800000e+01
     vertex -3.206698e+01 -1.803709e+02  4.180000e+02
   endloop
 endfacet
 facet normal  9.816126e-01  1.908838e-01  6.233629e-08
   outer loop
     vertex -3.205608e+01 -1.804273e+02  4.180000e+02
     vertex -3.205569e+01 -1.804291e+02  1.800000e+01
     vertex -3.206669e+01 -1.803725e+02  1.800000e+01
   endloop
 endfacet
 facet normal  9.762138e-01  2.168100e-01 -6.205614e-08
   outer loop
     vertex -3.204364e+01 -1.804833e+02  4.180000e+02
     vertex -3.205569e+01 -1.804291e+02  1.800000e+01
     vertex -3.205608e+01 -1.804273e+02  4.180000e+02
   endloop
 endfacet
 facet normal  9.760065e-01  2.177416e-01  7.033029e-08
   outer loop
     vertex -3.204364e+01 -1.804833e+02  4.180000e+02
     vertex -3.204315e+01 -1.804853e+02  1.800000e+01
     vertex -3.205569e+01 -1.804291e+02  1.800000e+01
   endloop
 endfacet
 facet normal  9.699274e-01  2.433942e-01 -7.001279e-08
   outer loop
     vertex -3.202968e+01 -1.805389e+02  4.180000e+02
     vertex -3.204315e+01 -1.804853e+02  1.800000e+01
     vertex -3.204364e+01 -1.804833e+02  4.180000e+02
   endloop
 endfacet
 facet normal  9.696656e-01  2.444354e-01  7.824959e-08
   outer loop
     vertex -3.202968e+01 -1.805389e+02  4.180000e+02
     vertex -3.202906e+01 -1.805412e+02  1.800000e+01
     vertex -3.204315e+01 -1.804853e+02  1.800000e+01
   endloop
 endfacet
 facet normal  9.629173e-01  2.697968e-01 -7.789474e-08
   outer loop
     vertex -3.201420e+01 -1.805941e+02  4.180000e+02
     vertex -3.202906e+01 -1.805412e+02  1.800000e+01
     vertex -3.202968e+01 -1.805389e+02  4.180000e+02
   endloop
 endfacet
 facet normal  9.625948e-01  2.709453e-01  8.609418e-08
   outer loop
     vertex -3.201420e+01 -1.805941e+02  4.180000e+02
     vertex -3.201345e+01 -1.805967e+02  1.800000e+01
     vertex -3.202906e+01 -1.805412e+02  1.800000e+01
   endloop
 endfacet
 facet normal  9.551886e-01  2.959980e-01 -8.570197e-08
   outer loop
     vertex -3.199722e+01 -1.806489e+02  4.180000e+02
     vertex -3.201345e+01 -1.805967e+02  1.800000e+01
     vertex -3.201420e+01 -1.805941e+02  4.180000e+02
   endloop
 endfacet
 facet normal  9.547993e-01  2.972512e-01  9.386407e-08
   outer loop
     vertex -3.199722e+01 -1.806489e+02  4.180000e+02
     vertex -3.199633e+01 -1.806517e+02  1.800000e+01
     vertex -3.201345e+01 -1.805967e+02  1.800000e+01
   endloop
 endfacet
 facet normal  9.467470e-01  3.219783e-01 -9.343451e-08
   outer loop
     vertex -3.197875e+01 -1.807032e+02  4.180000e+02
     vertex -3.199633e+01 -1.806517e+02  1.800000e+01
     vertex -3.199722e+01 -1.806489e+02  4.180000e+02
   endloop
 endfacet
 facet normal  9.462851e-01  3.233333e-01  1.015592e-07
   outer loop
     vertex -3.197875e+01 -1.807032e+02  4.180000e+02
     vertex -3.197770e+01 -1.807062e+02  1.800000e+01
     vertex -3.199633e+01 -1.806517e+02  1.800000e+01
   endloop
 endfacet
 facet normal  9.370586e-01  3.491720e-01  1.091797e-07
   outer loop
     vertex -3.195880e+01 -1.807570e+02  4.180000e+02
     vertex -3.195758e+01 -1.807602e+02  1.800000e+01
     vertex -3.197770e+01 -1.807062e+02  1.800000e+01
   endloop
 endfacet
 facet normal  9.375990e-01  3.477184e-01 -1.010923e-07
   outer loop
     vertex -3.195880e+01 -1.807570e+02  4.180000e+02
     vertex -3.197770e+01 -1.807062e+02  1.800000e+01
     vertex -3.197875e+01 -1.807032e+02  4.180000e+02
   endloop
 endfacet
 facet normal  9.271267e-01  3.747479e-01  1.167255e-07
   outer loop
     vertex -3.193739e+01 -1.808103e+02  4.180000e+02
     vertex -3.193599e+01 -1.808136e+02  1.800000e+01
     vertex -3.195758e+01 -1.807602e+02  1.800000e+01
   endloop
 endfacet
 facet normal  9.277513e-01  3.731990e-01 -1.086754e-07
   outer loop
     vertex -3.193739e+01 -1.808103e+02  4.180000e+02
     vertex -3.195758e+01 -1.807602e+02  1.800000e+01
     vertex -3.195880e+01 -1.807570e+02  4.180000e+02
   endloop
 endfacet
 facet normal  9.164969e-01  4.000417e-01  1.241965e-07
   outer loop
     vertex -3.191454e+01 -1.808629e+02  4.180000e+02
     vertex -3.191294e+01 -1.808664e+02  1.800000e+01
     vertex -3.193599e+01 -1.808136e+02  1.800000e+01
   endloop
 endfacet
 facet normal  9.172113e-01  3.984011e-01 -1.161839e-07
   outer loop
     vertex -3.191454e+01 -1.808629e+02  4.180000e+02
     vertex -3.193599e+01 -1.808136e+02  1.800000e+01
     vertex -3.193739e+01 -1.808103e+02  4.180000e+02
   endloop
 endfacet
 facet normal  9.051772e-01  4.250344e-01  1.315929e-07
   outer loop
     vertex -3.189025e+01 -1.809148e+02  4.180000e+02
     vertex -3.188845e+01 -1.809186e+02  1.800000e+01
     vertex -3.191294e+01 -1.808664e+02  1.800000e+01
   endloop
 endfacet
 facet normal  9.059868e-01  4.233059e-01 -1.236176e-07
   outer loop
     vertex -3.189025e+01 -1.809148e+02  4.180000e+02
     vertex -3.191294e+01 -1.808664e+02  1.800000e+01
     vertex -3.191454e+01 -1.808629e+02  4.180000e+02
   endloop
 endfacet
 facet normal  8.931761e-01  4.497071e-01  1.389145e-07
   outer loop
     vertex -3.186456e+01 -1.809661e+02  4.180000e+02
     vertex -3.186254e+01 -1.809700e+02  1.800000e+01
     vertex -3.188845e+01 -1.809186e+02  1.800000e+01
   endloop
 endfacet
 facet normal  8.940863e-01  4.478948e-01 -1.309766e-07
   outer loop
     vertex -3.186456e+01 -1.809661e+02  4.180000e+02
     vertex -3.188845e+01 -1.809186e+02  1.800000e+01
     vertex -3.189025e+01 -1.809148e+02  4.180000e+02
   endloop
 endfacet
 facet normal  8.805026e-01  4.740412e-01  1.461615e-07
   outer loop
     vertex -3.183747e+01 -1.810167e+02  4.180000e+02
     vertex -3.183523e+01 -1.810208e+02  1.800000e+01
     vertex -3.186254e+01 -1.809700e+02  1.800000e+01
   endloop
 endfacet
 facet normal  8.815185e-01  4.721495e-01 -1.382609e-07
   outer loop
     vertex -3.183747e+01 -1.810167e+02  4.180000e+02
     vertex -3.186254e+01 -1.809700e+02  1.800000e+01
     vertex -3.186456e+01 -1.809661e+02  4.180000e+02
   endloop
 endfacet
 facet normal  8.671664e-01  4.980186e-01  1.533337e-07
   outer loop
     vertex -3.180902e+01 -1.810665e+02  4.180000e+02
     vertex -3.180653e+01 -1.810707e+02  1.800000e+01
     vertex -3.183523e+01 -1.810208e+02  1.800000e+01
   endloop
 endfacet
 facet normal  8.682929e-01  4.960518e-01 -1.454704e-07
   outer loop
     vertex -3.180902e+01 -1.810665e+02  4.180000e+02
     vertex -3.183523e+01 -1.810208e+02  1.800000e+01
     vertex -3.183747e+01 -1.810167e+02  4.180000e+02
   endloop
 endfacet
 facet normal  8.544194e-01  5.195840e-01 -1.526053e-07
   outer loop
     vertex -3.177921e+01 -1.811155e+02  4.180000e+02
     vertex -3.180653e+01 -1.810707e+02  1.800000e+01
     vertex -3.180902e+01 -1.810665e+02  4.180000e+02
   endloop
 endfacet
 facet normal  8.531773e-01  5.216210e-01  1.604312e-07
   outer loop
     vertex -3.177921e+01 -1.811155e+02  4.180000e+02
     vertex -3.177648e+01 -1.811199e+02  1.800000e+01
     vertex -3.180653e+01 -1.810707e+02  1.800000e+01
   endloop
 endfacet
 facet normal  8.385460e-01  5.448308e-01  1.674540e-07
   outer loop
     vertex -3.174808e+01 -1.811637e+02  4.180000e+02
     vertex -3.174509e+01 -1.811682e+02  1.800000e+01
     vertex -3.177648e+01 -1.811199e+02  1.800000e+01
   endloop
 endfacet
 facet normal  8.399083e-01  5.427284e-01 -1.596655e-07
   outer loop
     vertex -3.174808e+01 -1.811637e+02  4.180000e+02
     vertex -3.177648e+01 -1.811199e+02  1.800000e+01
     vertex -3.177921e+01 -1.811155e+02  4.180000e+02
   endloop
 endfacet
 facet normal  8.232835e-01  5.676304e-01  1.744021e-07
   outer loop
     vertex -3.171564e+01 -1.812110e+02  4.180000e+02
     vertex -3.171238e+01 -1.812156e+02  1.800000e+01
     vertex -3.174509e+01 -1.811682e+02  1.800000e+01
   endloop
 endfacet
 facet normal  8.247704e-01  5.654678e-01 -1.666509e-07
   outer loop
     vertex -3.171564e+01 -1.812110e+02  4.180000e+02
     vertex -3.174509e+01 -1.811682e+02  1.800000e+01
     vertex -3.174808e+01 -1.811637e+02  4.180000e+02
   endloop
 endfacet
 facet normal  8.074012e-01  5.900028e-01  1.812755e-07
   outer loop
     vertex -3.168192e+01 -1.812574e+02  4.180000e+02
     vertex -3.167839e+01 -1.812621e+02  1.800000e+01
     vertex -3.171238e+01 -1.812156e+02  1.800000e+01
   endloop
 endfacet
 facet normal  8.090170e-01  5.877853e-01 -1.735617e-07
   outer loop
     vertex -3.168192e+01 -1.812574e+02  4.180000e+02
     vertex -3.171238e+01 -1.812156e+02  1.800000e+01
     vertex -3.171564e+01 -1.812110e+02  4.180000e+02
   endloop
 endfacet
 facet normal  7.909112e-01  6.119310e-01  1.880742e-07
   outer loop
     vertex -3.164694e+01 -1.813029e+02  4.180000e+02
     vertex -3.164313e+01 -1.813077e+02  1.800000e+01
     vertex -3.167839e+01 -1.812621e+02  1.800000e+01
   endloop
 endfacet
 facet normal  7.926599e-01  6.096641e-01 -1.803977e-07
   outer loop
     vertex -3.164694e+01 -1.813029e+02  4.180000e+02
     vertex -3.167839e+01 -1.812621e+02  1.800000e+01
     vertex -3.168192e+01 -1.812574e+02  4.180000e+02
   endloop
 endfacet
 facet normal  7.738257e-01  6.333986e-01  1.947982e-07
   outer loop
     vertex -3.161074e+01 -1.813474e+02  4.180000e+02
     vertex -3.160663e+01 -1.813523e+02  1.800000e+01
     vertex -3.164313e+01 -1.813077e+02  1.800000e+01
   endloop
 endfacet
 facet normal  7.757113e-01  6.310879e-01 -1.871591e-07
   outer loop
     vertex -3.161074e+01 -1.813474e+02  4.180000e+02
     vertex -3.164313e+01 -1.813077e+02  1.800000e+01
     vertex -3.164694e+01 -1.813029e+02  4.180000e+02
   endloop
 endfacet
 facet normal  7.561578e-01  6.543893e-01  2.014475e-07
   outer loop
     vertex -3.157333e+01 -1.813909e+02  4.180000e+02
     vertex -3.156893e+01 -1.813959e+02  1.800000e+01
     vertex -3.160663e+01 -1.813523e+02  1.800000e+01
   endloop
 endfacet
 facet normal  7.581838e-01  6.520409e-01 -1.938457e-07
   outer loop
     vertex -3.157333e+01 -1.813909e+02  4.180000e+02
     vertex -3.160663e+01 -1.813523e+02  1.800000e+01
     vertex -3.161074e+01 -1.813474e+02  4.180000e+02
   endloop
 endfacet
 facet normal  7.379206e-01  6.748875e-01  2.080221e-07
   outer loop
     vertex -3.153476e+01 -1.814334e+02  4.180000e+02
     vertex -3.153005e+01 -1.814384e+02  1.800000e+01
     vertex -3.156893e+01 -1.813959e+02  1.800000e+01
   endloop
 endfacet
 facet normal  7.400906e-01  6.725072e-01 -2.004576e-07
   outer loop
     vertex -3.153476e+01 -1.814334e+02  4.180000e+02
     vertex -3.156893e+01 -1.813959e+02  1.800000e+01
     vertex -3.157333e+01 -1.813909e+02  4.180000e+02
   endloop
 endfacet
 facet normal  7.191280e-01  6.948776e-01  2.145219e-07
   outer loop
     vertex -3.149503e+01 -1.814747e+02  4.180000e+02
     vertex -3.149001e+01 -1.814798e+02  1.800000e+01
     vertex -3.153005e+01 -1.814384e+02  1.800000e+01
   endloop
 endfacet
 facet normal  7.214450e-01  6.924717e-01 -2.069948e-07
   outer loop
     vertex -3.149503e+01 -1.814747e+02  4.180000e+02
     vertex -3.153005e+01 -1.814384e+02  1.800000e+01
     vertex -3.153476e+01 -1.814334e+02  4.180000e+02
   endloop
 endfacet
 facet normal  6.997940e-01  7.143447e-01  2.209471e-07
   outer loop
     vertex -3.145419e+01 -1.815150e+02  4.180000e+02
     vertex -3.144885e+01 -1.815201e+02  1.800000e+01
     vertex -3.149001e+01 -1.814798e+02  1.800000e+01
   endloop
 endfacet
 facet normal  7.022611e-01  7.119195e-01 -2.134573e-07
   outer loop
     vertex -3.145419e+01 -1.815150e+02  4.180000e+02
     vertex -3.149001e+01 -1.814798e+02  1.800000e+01
     vertex -3.149503e+01 -1.814747e+02  4.180000e+02
   endloop
 endfacet
 facet normal  6.799333e-01  7.332740e-01  2.272975e-07
   outer loop
     vertex -3.141227e+01 -1.815542e+02  4.180000e+02
     vertex -3.140660e+01 -1.815593e+02  1.800000e+01
     vertex -3.144885e+01 -1.815201e+02  1.800000e+01
   endloop
 endfacet
 facet normal  6.825531e-01  7.308360e-01 -2.198451e-07
   outer loop
     vertex -3.141227e+01 -1.815542e+02  4.180000e+02
     vertex -3.144885e+01 -1.815201e+02  1.800000e+01
     vertex -3.145419e+01 -1.815150e+02  4.180000e+02
   endloop
 endfacet
 facet normal  6.595607e-01  7.516513e-01  2.335732e-07
   outer loop
     vertex -3.136929e+01 -1.815922e+02  4.180000e+02
     vertex -3.136329e+01 -1.815973e+02  1.800000e+01
     vertex -3.140660e+01 -1.815593e+02  1.800000e+01
   endloop
 endfacet
 facet normal  6.623358e-01  7.492071e-01 -2.261582e-07
   outer loop
     vertex -3.136929e+01 -1.815922e+02  4.180000e+02
     vertex -3.140660e+01 -1.815593e+02  1.800000e+01
     vertex -3.141227e+01 -1.815542e+02  4.180000e+02
   endloop
 endfacet
 facet normal  6.386916e-01  7.694628e-01  2.397743e-07
   outer loop
     vertex -3.132528e+01 -1.816290e+02  4.180000e+02
     vertex -3.131896e+01 -1.816341e+02  1.800000e+01
     vertex -3.136329e+01 -1.815973e+02  1.800000e+01
   endloop
 endfacet
 facet normal  6.416243e-01  7.670191e-01 -2.323966e-07
   outer loop
     vertex -3.132528e+01 -1.816290e+02  4.180000e+02
     vertex -3.136329e+01 -1.815973e+02  1.800000e+01
     vertex -3.136929e+01 -1.815922e+02  4.180000e+02
   endloop
 endfacet
 facet normal  6.173417e-01  7.866951e-01  2.459006e-07
   outer loop
     vertex -3.128029e+01 -1.816646e+02  4.180000e+02
     vertex -3.127363e+01 -1.816697e+02  1.800000e+01
     vertex -3.131896e+01 -1.816341e+02  1.800000e+01
   endloop
 endfacet
 facet normal  6.204339e-01  7.842588e-01 -2.385603e-07
   outer loop
     vertex -3.128029e+01 -1.816646e+02  4.180000e+02
     vertex -3.131896e+01 -1.816341e+02  1.800000e+01
     vertex -3.132528e+01 -1.816290e+02  4.180000e+02
   endloop
 endfacet
 facet normal  5.955271e-01  8.033352e-01  2.519522e-07
   outer loop
     vertex -3.123435e+01 -1.816989e+02  4.180000e+02
     vertex -3.122735e+01 -1.817040e+02  1.800000e+01
     vertex -3.127363e+01 -1.816697e+02  1.800000e+01
   endloop
 endfacet
 facet normal  5.987805e-01  8.009132e-01 -2.446492e-07
   outer loop
     vertex -3.123435e+01 -1.816989e+02  4.180000e+02
     vertex -3.127363e+01 -1.816697e+02  1.800000e+01
     vertex -3.128029e+01 -1.816646e+02  4.180000e+02
   endloop
 endfacet
 facet normal  5.732642e-01  8.193706e-01  2.579291e-07
   outer loop
     vertex -3.118748e+01 -1.817320e+02  4.180000e+02
     vertex -3.118014e+01 -1.817370e+02  1.800000e+01
     vertex -3.122735e+01 -1.817040e+02  1.800000e+01
   endloop
 endfacet
 facet normal  5.766803e-01  8.169699e-01 -2.506635e-07
   outer loop
     vertex -3.118748e+01 -1.817320e+02  4.180000e+02
     vertex -3.122735e+01 -1.817040e+02  1.800000e+01
     vertex -3.123435e+01 -1.816989e+02  4.180000e+02
   endloop
 endfacet
 facet normal  5.505698e-01  8.347891e-01  2.638313e-07
   outer loop
     vertex -3.113973e+01 -1.817638e+02  4.180000e+02
     vertex -3.113204e+01 -1.817688e+02  1.800000e+01
     vertex -3.118014e+01 -1.817370e+02  1.800000e+01
   endloop
 endfacet
 facet normal  5.541498e-01  8.324170e-01 -2.566030e-07
   outer loop
     vertex -3.113973e+01 -1.817638e+02  4.180000e+02
     vertex -3.118014e+01 -1.817370e+02  1.800000e+01
     vertex -3.118748e+01 -1.817320e+02  4.180000e+02
   endloop
 endfacet
 facet normal  5.274609e-01  8.495793e-01  2.696587e-07
   outer loop
     vertex -3.109113e+01 -1.817943e+02  4.180000e+02
     vertex -3.108309e+01 -1.817991e+02  1.800000e+01
     vertex -3.113204e+01 -1.817688e+02  1.800000e+01
   endloop
 endfacet
 facet normal  5.312057e-01  8.472429e-01 -2.624679e-07
   outer loop
     vertex -3.109113e+01 -1.817943e+02  4.180000e+02
     vertex -3.113204e+01 -1.817688e+02  1.800000e+01
     vertex -3.113973e+01 -1.817638e+02  4.180000e+02
   endloop
 endfacet
 facet normal  5.039550e-01  8.637299e-01  2.754115e-07
   outer loop
     vertex -3.104171e+01 -1.818234e+02  4.180000e+02
     vertex -3.103332e+01 -1.818282e+02  1.800000e+01
     vertex -3.108309e+01 -1.817991e+02  1.800000e+01
   endloop
 endfacet
 facet normal  5.078652e-01  8.614365e-01 -2.682580e-07
   outer loop
     vertex -3.104171e+01 -1.818234e+02  4.180000e+02
     vertex -3.108309e+01 -1.817991e+02  1.800000e+01
     vertex -3.109113e+01 -1.817943e+02  4.180000e+02
   endloop
 endfacet
 facet normal  4.800697e-01  8.772303e-01  2.810896e-07
   outer loop
     vertex -3.099151e+01 -1.818512e+02  4.180000e+02
     vertex -3.098278e+01 -1.818558e+02  1.800000e+01
     vertex -3.103332e+01 -1.818282e+02  1.800000e+01
   endloop
 endfacet
 facet normal  4.841458e-01  8.749873e-01 -2.739734e-07
   outer loop
     vertex -3.099151e+01 -1.818512e+02  4.180000e+02
     vertex -3.103332e+01 -1.818282e+02  1.800000e+01
     vertex -3.104171e+01 -1.818234e+02  4.180000e+02
   endloop
 endfacet
 facet normal  4.558231e-01  8.900704e-01  2.866929e-07
   outer loop
     vertex -3.094058e+01 -1.818776e+02  4.180000e+02
     vertex -3.093150e+01 -1.818821e+02  1.800000e+01
     vertex -3.098278e+01 -1.818558e+02  1.800000e+01
   endloop
 endfacet
 facet normal  4.600650e-01  8.878852e-01 -2.796141e-07
   outer loop
     vertex -3.094058e+01 -1.818776e+02  4.180000e+02
     vertex -3.098278e+01 -1.818558e+02  1.800000e+01
     vertex -3.099151e+01 -1.818512e+02  4.180000e+02
   endloop
 endfacet
 facet normal  4.312333e-01  9.022405e-01  2.922216e-07
   outer loop
     vertex -3.088894e+01 -1.819026e+02  4.180000e+02
     vertex -3.087951e+01 -1.819069e+02  1.800000e+01
     vertex -3.093150e+01 -1.818821e+02  1.800000e+01
   endloop
 endfacet
 facet normal  4.356410e-01  9.001205e-01 -2.851801e-07
   outer loop
     vertex -3.088894e+01 -1.819026e+02  4.180000e+02
     vertex -3.093150e+01 -1.818821e+02  1.800000e+01
     vertex -3.094058e+01 -1.818776e+02  4.180000e+02
   endloop
 endfacet
 facet normal  4.063188e-01  9.137314e-01  2.976755e-07
   outer loop
     vertex -3.083664e+01 -1.819261e+02  4.180000e+02
     vertex -3.082687e+01 -1.819304e+02  1.800000e+01
     vertex -3.087951e+01 -1.819069e+02  1.800000e+01
   endloop
 endfacet
 facet normal  4.108918e-01  9.116841e-01 -2.906714e-07
   outer loop
     vertex -3.083664e+01 -1.819261e+02  4.180000e+02
     vertex -3.087951e+01 -1.819069e+02  1.800000e+01
     vertex -3.088894e+01 -1.819026e+02  4.180000e+02
   endloop
 endfacet
 facet normal  3.810986e-01  9.245344e-01  3.030547e-07
   outer loop
     vertex -3.078372e+01 -1.819483e+02  4.180000e+02
     vertex -3.077360e+01 -1.819523e+02  1.800000e+01
     vertex -3.082687e+01 -1.819304e+02  1.800000e+01
   endloop
 endfacet
 facet normal  3.858360e-01  9.225674e-01 -2.960880e-07
   outer loop
     vertex -3.078372e+01 -1.819483e+02  4.180000e+02
     vertex -3.082687e+01 -1.819304e+02  1.800000e+01
     vertex -3.083664e+01 -1.819261e+02  4.180000e+02
   endloop
 endfacet
 facet normal  3.555914e-01  9.346415e-01  3.083592e-07
   outer loop
     vertex -3.073021e+01 -1.819690e+02  4.180000e+02
     vertex -3.071975e+01 -1.819728e+02  1.800000e+01
     vertex -3.077360e+01 -1.819523e+02  1.800000e+01
   endloop
 endfacet
 facet normal  3.604923e-01  9.327622e-01 -3.014298e-07
   outer loop
     vertex -3.073021e+01 -1.819690e+02  4.180000e+02
     vertex -3.077360e+01 -1.819523e+02  1.800000e+01
     vertex -3.078372e+01 -1.819483e+02  4.180000e+02
   endloop
 endfacet
 facet normal  3.348796e-01  9.422609e-01 -3.066970e-07
   outer loop
     vertex -3.067615e+01 -1.819882e+02  4.180000e+02
     vertex -3.071975e+01 -1.819728e+02  1.800000e+01
     vertex -3.073021e+01 -1.819690e+02  4.180000e+02
   endloop
 endfacet
 facet normal  3.298166e-01  9.440450e-01  3.135890e-07
   outer loop
     vertex -3.067615e+01 -1.819882e+02  4.180000e+02
     vertex -3.066535e+01 -1.819918e+02  1.800000e+01
     vertex -3.071975e+01 -1.819728e+02  1.800000e+01
   endloop
 endfacet
 facet normal  3.090170e-01  9.510565e-01 -3.118894e-07
   outer loop
     vertex -3.062160e+01 -1.820059e+02  4.180000e+02
     vertex -3.066535e+01 -1.819918e+02  1.800000e+01
     vertex -3.067615e+01 -1.819882e+02  4.180000e+02
   endloop
 endfacet
 facet normal  3.037934e-01  9.527379e-01  3.187441e-07
   outer loop
     vertex -3.062160e+01 -1.820059e+02  4.180000e+02
     vertex -3.061046e+01 -1.820093e+02  1.800000e+01
     vertex -3.066535e+01 -1.819918e+02  1.800000e+01
   endloop
 endfacet
 facet normal  2.829238e-01  9.591424e-01 -3.170072e-07
   outer loop
     vertex -3.056657e+01 -1.820221e+02  4.180000e+02
     vertex -3.061046e+01 -1.820093e+02  1.800000e+01
     vertex -3.062160e+01 -1.820059e+02  4.180000e+02
   endloop
 endfacet
 facet normal  2.775416e-01  9.607136e-01  3.238245e-07
   outer loop
     vertex -3.056657e+01 -1.820221e+02  4.180000e+02
     vertex -3.055511e+01 -1.820253e+02  1.800000e+01
     vertex -3.061046e+01 -1.820093e+02  1.800000e+01
   endloop
 endfacet
 facet normal  2.566194e-01  9.665125e-01 -3.220502e-07
   outer loop
     vertex -3.051113e+01 -1.820368e+02  4.180000e+02
     vertex -3.055511e+01 -1.820253e+02  1.800000e+01
     vertex -3.056657e+01 -1.820221e+02  4.180000e+02
   endloop
 endfacet
 facet normal  2.510809e-01  9.679661e-01  3.288302e-07
   outer loop
     vertex -3.051113e+01 -1.820368e+02  4.180000e+02
     vertex -3.049933e+01 -1.820398e+02  1.800000e+01
     vertex -3.055511e+01 -1.820253e+02  1.800000e+01
   endloop
 endfacet
 facet normal  2.301236e-01  9.731614e-01 -3.270185e-07
   outer loop
     vertex -3.045530e+01 -1.820500e+02  4.180000e+02
     vertex -3.049933e+01 -1.820398e+02  1.800000e+01
     vertex -3.051113e+01 -1.820368e+02  4.180000e+02
   endloop
 endfacet
 facet normal  2.244312e-01  9.744899e-01  3.337612e-07
   outer loop
     vertex -3.045530e+01 -1.820500e+02  4.180000e+02
     vertex -3.044319e+01 -1.820527e+02  1.800000e+01
     vertex -3.049933e+01 -1.820398e+02  1.800000e+01
   endloop
 endfacet
 facet normal  2.034560e-01  9.790841e-01 -3.319121e-07
   outer loop
     vertex -3.039913e+01 -1.820617e+02  4.180000e+02
     vertex -3.044319e+01 -1.820527e+02  1.800000e+01
     vertex -3.045530e+01 -1.820500e+02  4.180000e+02
   endloop
 endfacet
 facet normal  1.976125e-01  9.802802e-01  3.386174e-07
   outer loop
     vertex -3.039913e+01 -1.820617e+02  4.180000e+02
     vertex -3.038671e+01 -1.820641e+02  1.800000e+01
     vertex -3.044319e+01 -1.820527e+02  1.800000e+01
   endloop
 endfacet
 facet normal  1.766366e-01  9.842761e-01 -3.367310e-07
   outer loop
     vertex -3.034267e+01 -1.820719e+02  4.180000e+02
     vertex -3.038671e+01 -1.820641e+02  1.800000e+01
     vertex -3.039913e+01 -1.820617e+02  4.180000e+02
   endloop
 endfacet
 facet normal  1.706451e-01  9.853326e-01  3.433990e-07
   outer loop
     vertex -3.034267e+01 -1.820719e+02  4.180000e+02
     vertex -3.032994e+01 -1.820739e+02  1.800000e+01
     vertex -3.038671e+01 -1.820641e+02  1.800000e+01
   endloop
 endfacet
 facet normal  1.496854e-01  9.887337e-01 -3.414752e-07
   outer loop
     vertex -3.028595e+01 -1.820804e+02  4.180000e+02
     vertex -3.032994e+01 -1.820739e+02  1.800000e+01
     vertex -3.034267e+01 -1.820719e+02  4.180000e+02
   endloop
 endfacet
 facet normal  1.435492e-01  9.896432e-01  3.481058e-07
   outer loop
     vertex -3.028595e+01 -1.820804e+02  4.180000e+02
     vertex -3.027291e+01 -1.820822e+02  1.800000e+01
     vertex -3.032994e+01 -1.820739e+02  1.800000e+01
   endloop
 endfacet
 facet normal  1.226225e-01  9.924534e-01 -3.461447e-07
   outer loop
     vertex -3.022902e+01 -1.820875e+02  4.180000e+02
     vertex -3.027291e+01 -1.820822e+02  1.800000e+01
     vertex -3.028595e+01 -1.820804e+02  4.180000e+02
   endloop
 endfacet
 facet normal  1.163452e-01  9.932088e-01  3.527379e-07
   outer loop
     vertex -3.022902e+01 -1.820875e+02  4.180000e+02
     vertex -3.021569e+01 -1.820889e+02  1.800000e+01
     vertex -3.027291e+01 -1.820822e+02  1.800000e+01
   endloop
 endfacet
 facet normal  9.546807e-02  9.954325e-01 -3.507395e-07
   outer loop
     vertex -3.017191e+01 -1.820930e+02  4.180000e+02
     vertex -3.021569e+01 -1.820889e+02  1.800000e+01
     vertex -3.022902e+01 -1.820875e+02  4.180000e+02
   endloop
 endfacet
 facet normal  8.905371e-02  9.960268e-01  3.572953e-07
   outer loop
     vertex -3.017191e+01 -1.820930e+02  4.180000e+02
     vertex -3.015830e+01 -1.820940e+02  1.800000e+01
     vertex -3.021569e+01 -1.820889e+02  1.800000e+01
   endloop
 endfacet
 facet normal  6.824241e-02  9.976688e-01 -3.552595e-07
   outer loop
     vertex -3.011468e+01 -1.820969e+02  4.180000e+02
     vertex -3.015830e+01 -1.820940e+02  1.800000e+01
     vertex -3.017191e+01 -1.820930e+02  4.180000e+02
   endloop
 endfacet
 facet normal  6.169515e-02  9.980950e-01  3.617780e-07
   outer loop
     vertex -3.011468e+01 -1.820969e+02  4.180000e+02
     vertex -3.010079e+01 -1.820976e+02  1.800000e+01
     vertex -3.015830e+01 -1.820940e+02  1.800000e+01
   endloop
 endfacet
 facet normal  4.096583e-02  9.991605e-01 -3.597049e-07
   outer loop
     vertex -3.005736e+01 -1.820992e+02  4.180000e+02
     vertex -3.010079e+01 -1.820976e+02  1.800000e+01
     vertex -3.011468e+01 -1.820969e+02  4.180000e+02
   endloop
 endfacet
 facet normal  3.429014e-02  9.994119e-01  3.661860e-07
   outer loop
     vertex -3.005736e+01 -1.820992e+02  4.180000e+02
     vertex -3.004321e+01 -1.820996e+02  1.800000e+01
     vertex -3.010079e+01 -1.820976e+02  1.800000e+01
   endloop
 endfacet
 facet normal  6.859319e-03  9.999765e-01  3.900203e-07
   outer loop
     vertex -3.000000e+01 -1.821000e+02  3.980000e+02
     vertex -2.998560e+01 -1.821000e+02  1.800000e+01
     vertex -3.004321e+01 -1.820996e+02  1.800000e+01
   endloop
 endfacet
 facet normal  1.353017e-02  9.999085e-01 -3.686228e-07
   outer loop
     vertex -3.000000e+01 -1.821000e+02  3.980000e+02
     vertex -3.004321e+01 -1.820996e+02  1.800000e+01
     vertex -3.005736e+01 -1.820992e+02  4.180000e+02
   endloop
 endfacet
 facet normal  1.365867e-02  9.999067e-01 -4.126101e-14
   outer loop
     vertex -3.000000e+01 -1.821000e+02  4.180000e+02
     vertex -3.000000e+01 -1.821000e+02  3.980000e+02
     vertex -3.005736e+01 -1.820992e+02  4.180000e+02
   endloop
 endfacet
 facet normal -2.057667e-02  9.997883e-01  4.031216e-07
   outer loop
     vertex -2.994313e+01 -1.820992e+02  3.980000e+02
     vertex -2.992799e+01 -1.820988e+02  1.800000e+01
     vertex -2.998560e+01 -1.821000e+02  1.800000e+01
   endloop
 endfacet
 facet normal -1.354093e-02  9.999083e-01 -3.832961e-07
   outer loop
     vertex -2.994313e+01 -1.820992e+02  3.980000e+02
     vertex -2.998560e+01 -1.821000e+02  1.800000e+01
     vertex -3.000000e+01 -1.821000e+02  3.980000e+02
   endloop
 endfacet
 facet normal -4.799716e-02  9.988475e-01  4.155273e-07
   outer loop
     vertex -2.988631e+01 -1.820969e+02  3.980000e+02
     vertex -2.987044e+01 -1.820960e+02  1.800000e+01
     vertex -2.992799e+01 -1.820988e+02  1.800000e+01
   endloop
 endfacet
 facet normal -4.061287e-02  9.991750e-01 -3.960496e-07
   outer loop
     vertex -2.988631e+01 -1.820969e+02  3.980000e+02
     vertex -2.992799e+01 -1.820988e+02  1.800000e+01
     vertex -2.994313e+01 -1.820992e+02  3.980000e+02
   endloop
 endfacet
 facet normal -7.538152e-02  9.971548e-01  4.272374e-07
   outer loop
     vertex -2.982957e+01 -1.820931e+02  3.980000e+02
     vertex -2.981299e+01 -1.820917e+02  1.800000e+01
     vertex -2.987044e+01 -1.820960e+02  1.800000e+01
   endloop
 endfacet
 facet normal -6.765502e-02  9.977088e-01 -4.081074e-07
   outer loop
     vertex -2.982957e+01 -1.820931e+02  3.980000e+02
     vertex -2.987044e+01 -1.820960e+02  1.800000e+01
     vertex -2.988631e+01 -1.820969e+02  3.980000e+02
   endloop
 endfacet
 facet normal -1.027091e-01  9.947114e-01  4.382518e-07
   outer loop
     vertex -2.977295e+01 -1.820877e+02  3.980000e+02
     vertex -2.975567e+01 -1.820857e+02  1.800000e+01
     vertex -2.981299e+01 -1.820917e+02  1.800000e+01
   endloop
 endfacet
 facet normal -9.464755e-02  9.955108e-01 -4.194696e-07
   outer loop
     vertex -2.977295e+01 -1.820877e+02  3.980000e+02
     vertex -2.981299e+01 -1.820917e+02  1.800000e+01
     vertex -2.982957e+01 -1.820931e+02  3.980000e+02
   endloop
 endfacet
 facet normal -1.299594e-01  9.915193e-01  4.485705e-07
   outer loop
     vertex -2.971650e+01 -1.820808e+02  3.980000e+02
     vertex -2.969855e+01 -1.820783e+02  1.800000e+01
     vertex -2.975567e+01 -1.820857e+02  1.800000e+01
   endloop
 endfacet
 facet normal -1.215707e-01  9.925828e-01 -4.301362e-07
   outer loop
     vertex -2.971650e+01 -1.820808e+02  3.980000e+02
     vertex -2.975567e+01 -1.820857e+02  1.800000e+01
     vertex -2.977295e+01 -1.820877e+02  3.980000e+02
   endloop
 endfacet
 facet normal -1.571119e-01  9.875808e-01  4.581937e-07
   outer loop
     vertex -2.966026e+01 -1.820723e+02  3.980000e+02
     vertex -2.964165e+01 -1.820692e+02  1.800000e+01
     vertex -2.969855e+01 -1.820783e+02  1.800000e+01
   endloop
 endfacet
 facet normal -1.484046e-01  9.889267e-01 -4.401072e-07
   outer loop
     vertex -2.966026e+01 -1.820723e+02  3.980000e+02
     vertex -2.969855e+01 -1.820783e+02  1.800000e+01
     vertex -2.971650e+01 -1.820808e+02  3.980000e+02
   endloop
 endfacet
 facet normal -1.841461e-01  9.828989e-01  4.671211e-07
   outer loop
     vertex -2.960426e+01 -1.820624e+02  3.980000e+02
     vertex -2.958501e+01 -1.820586e+02  1.800000e+01
     vertex -2.964165e+01 -1.820692e+02  1.800000e+01
   endloop
 endfacet
 facet normal -1.751297e-01  9.845454e-01 -4.493825e-07
   outer loop
     vertex -2.960426e+01 -1.820624e+02  3.980000e+02
     vertex -2.964165e+01 -1.820692e+02  1.800000e+01
     vertex -2.966026e+01 -1.820723e+02  3.980000e+02
   endloop
 endfacet
 facet normal -2.110417e-01  9.774771e-01  4.753530e-07
   outer loop
     vertex -2.954856e+01 -1.820509e+02  3.980000e+02
     vertex -2.952869e+01 -1.820464e+02  1.800000e+01
     vertex -2.958501e+01 -1.820586e+02  1.800000e+01
   endloop
 endfacet
 facet normal -2.017264e-01  9.794419e-01 -4.579621e-07
   outer loop
     vertex -2.954856e+01 -1.820509e+02  3.980000e+02
     vertex -2.958501e+01 -1.820586e+02  1.800000e+01
     vertex -2.960426e+01 -1.820624e+02  3.980000e+02
   endloop
 endfacet
 facet normal -2.377784e-01  9.713194e-01  4.828892e-07
   outer loop
     vertex -2.949319e+01 -1.820379e+02  3.980000e+02
     vertex -2.947273e+01 -1.820327e+02  1.800000e+01
     vertex -2.952869e+01 -1.820464e+02  1.800000e+01
   endloop
 endfacet
 facet normal -2.281751e-01  9.736201e-01 -4.658462e-07
   outer loop
     vertex -2.949319e+01 -1.820379e+02  3.980000e+02
     vertex -2.952869e+01 -1.820464e+02  1.800000e+01
     vertex -2.954856e+01 -1.820509e+02  3.980000e+02
   endloop
 endfacet
 facet normal -2.643362e-01  9.644306e-01  4.897297e-07
   outer loop
     vertex -2.943819e+01 -1.820235e+02  3.980000e+02
     vertex -2.941716e+01 -1.820175e+02  1.800000e+01
     vertex -2.947273e+01 -1.820327e+02  1.800000e+01
   endloop
 endfacet
 facet normal -2.544564e-01  9.670842e-01 -4.730345e-07
   outer loop
     vertex -2.943819e+01 -1.820235e+02  3.980000e+02
     vertex -2.947273e+01 -1.820327e+02  1.800000e+01
     vertex -2.949319e+01 -1.820379e+02  3.980000e+02
   endloop
 endfacet
 facet normal -2.906949e-01  9.568158e-01  4.958746e-07
   outer loop
     vertex -2.938360e+01 -1.820075e+02  3.980000e+02
     vertex -2.936203e+01 -1.820007e+02  1.800000e+01
     vertex -2.941716e+01 -1.820175e+02  1.800000e+01
   endloop
 endfacet
 facet normal -2.805512e-01  9.598391e-01 -4.795273e-07
   outer loop
     vertex -2.938360e+01 -1.820075e+02  3.980000e+02
     vertex -2.941716e+01 -1.820175e+02  1.800000e+01
     vertex -2.943819e+01 -1.820235e+02  3.980000e+02
   endloop
 endfacet
 facet normal -3.168348e-01  9.484807e-01  5.013239e-07
   outer loop
     vertex -2.932947e+01 -1.819901e+02  3.980000e+02
     vertex -2.930739e+01 -1.819825e+02  1.800000e+01
     vertex -2.936203e+01 -1.820007e+02  1.800000e+01
   endloop
 endfacet
 facet normal -3.064401e-01  9.518899e-01 -4.853243e-07
   outer loop
     vertex -2.932947e+01 -1.819901e+02  3.980000e+02
     vertex -2.936203e+01 -1.820007e+02  1.800000e+01
     vertex -2.938360e+01 -1.820075e+02  3.980000e+02
   endloop
 endfacet
 facet normal -3.321044e-01  9.432426e-01 -4.904258e-07
   outer loop
     vertex -2.927582e+01 -1.819712e+02  3.980000e+02
     vertex -2.930739e+01 -1.819825e+02  1.800000e+01
     vertex -2.932947e+01 -1.819901e+02  3.980000e+02
   endloop
 endfacet
 facet normal -3.427362e-01  9.394317e-01  5.060775e-07
   outer loop
     vertex -2.927582e+01 -1.819712e+02  3.980000e+02
     vertex -2.925326e+01 -1.819627e+02  1.800000e+01
     vertex -2.930739e+01 -1.819825e+02  1.800000e+01
   endloop
 endfacet
 facet normal -3.575250e-01  9.339036e-01 -4.948315e-07
   outer loop
     vertex -2.922271e+01 -1.819509e+02  3.980000e+02
     vertex -2.925326e+01 -1.819627e+02  1.800000e+01
     vertex -2.927582e+01 -1.819712e+02  3.980000e+02
   endloop
 endfacet
 facet normal -3.683796e-01  9.296754e-01  5.101354e-07
   outer loop
     vertex -2.922271e+01 -1.819509e+02  3.980000e+02
     vertex -2.919969e+01 -1.819415e+02  1.800000e+01
     vertex -2.925326e+01 -1.819627e+02  1.800000e+01
   endloop
 endfacet
 facet normal -3.826834e-01  9.238795e-01 -4.985417e-07
   outer loop
     vertex -2.917017e+01 -1.819291e+02  3.980000e+02
     vertex -2.919969e+01 -1.819415e+02  1.800000e+01
     vertex -2.922271e+01 -1.819509e+02  3.980000e+02
   endloop
 endfacet
 facet normal -3.937458e-01  9.192194e-01  5.134977e-07
   outer loop
     vertex -2.917017e+01 -1.819291e+02  3.980000e+02
     vertex -2.914673e+01 -1.819188e+02  1.800000e+01
     vertex -2.919969e+01 -1.819415e+02  1.800000e+01
   endloop
 endfacet
 facet normal -4.075612e-01  9.131779e-01 -5.015562e-07
   outer loop
     vertex -2.911823e+01 -1.819059e+02  3.980000e+02
     vertex -2.914673e+01 -1.819188e+02  1.800000e+01
     vertex -2.917017e+01 -1.819291e+02  3.980000e+02
   endloop
 endfacet
 facet normal -4.188155e-01  9.080714e-01  5.161644e-07
   outer loop
     vertex -2.911823e+01 -1.819059e+02  3.980000e+02
     vertex -2.909441e+01 -1.818947e+02  1.800000e+01
     vertex -2.914673e+01 -1.819188e+02  1.800000e+01
   endloop
 endfacet
 facet normal -4.321400e-01  9.018065e-01 -5.038750e-07
   outer loop
     vertex -2.906695e+01 -1.818813e+02  3.980000e+02
     vertex -2.909441e+01 -1.818947e+02  1.800000e+01
     vertex -2.911823e+01 -1.819059e+02  3.980000e+02
   endloop
 endfacet
 facet normal -4.435699e-01  8.962398e-01  5.181354e-07
   outer loop
     vertex -2.906695e+01 -1.818813e+02  3.980000e+02
     vertex -2.904277e+01 -1.818691e+02  1.800000e+01
     vertex -2.909441e+01 -1.818947e+02  1.800000e+01
   endloop
 endfacet
 facet normal -4.564019e-01  8.897737e-01 -5.054982e-07
   outer loop
     vertex -2.901634e+01 -1.818554e+02  3.980000e+02
     vertex -2.904277e+01 -1.818691e+02  1.800000e+01
     vertex -2.906695e+01 -1.818813e+02  3.980000e+02
   endloop
 endfacet
 facet normal -4.679904e-01  8.837335e-01  5.194108e-07
   outer loop
     vertex -2.901634e+01 -1.818554e+02  3.980000e+02
     vertex -2.899185e+01 -1.818422e+02  1.800000e+01
     vertex -2.904277e+01 -1.818691e+02  1.800000e+01
   endloop
 endfacet
 facet normal -4.803291e-01  8.770884e-01 -5.064257e-07
   outer loop
     vertex -2.896646e+01 -1.818281e+02  3.980000e+02
     vertex -2.899185e+01 -1.818422e+02  1.800000e+01
     vertex -2.901634e+01 -1.818554e+02  3.980000e+02
   endloop
 endfacet
 facet normal -4.920587e-01  8.705620e-01  5.199905e-07
   outer loop
     vertex -2.896646e+01 -1.818281e+02  3.980000e+02
     vertex -2.894169e+01 -1.818138e+02  1.800000e+01
     vertex -2.899185e+01 -1.818422e+02  1.800000e+01
   endloop
 endfacet
 facet normal -5.039039e-01  8.637597e-01 -5.066576e-07
   outer loop
     vertex -2.891734e+01 -1.817994e+02  3.980000e+02
     vertex -2.894169e+01 -1.818138e+02  1.800000e+01
     vertex -2.896646e+01 -1.818281e+02  3.980000e+02
   endloop
 endfacet
 facet normal -5.157565e-01  8.567352e-01  5.198745e-07
   outer loop
     vertex -2.891734e+01 -1.817994e+02  3.980000e+02
     vertex -2.889233e+01 -1.817841e+02  1.800000e+01
     vertex -2.894169e+01 -1.818138e+02  1.800000e+01
   endloop
 endfacet
 facet normal -5.271092e-01  8.497975e-01 -5.061938e-07
   outer loop
     vertex -2.886901e+01 -1.817694e+02  3.980000e+02
     vertex -2.889233e+01 -1.817841e+02  1.800000e+01
     vertex -2.891734e+01 -1.817994e+02  3.980000e+02
   endloop
 endfacet
 facet normal -5.390661e-01  8.422635e-01  5.190629e-07
   outer loop
     vertex -2.886901e+01 -1.817694e+02  3.980000e+02
     vertex -2.884380e+01 -1.817531e+02  1.800000e+01
     vertex -2.889233e+01 -1.817841e+02  1.800000e+01
   endloop
 endfacet
 facet normal -5.499279e-01  8.352121e-01 -5.050344e-07
   outer loop
     vertex -2.882151e+01 -1.817381e+02  3.980000e+02
     vertex -2.884380e+01 -1.817531e+02  1.800000e+01
     vertex -2.886901e+01 -1.817694e+02  3.980000e+02
   endloop
 endfacet
 facet normal -5.619699e-01  8.271577e-01  5.175557e-07
   outer loop
     vertex -2.882151e+01 -1.817381e+02  3.980000e+02
     vertex -2.879615e+01 -1.817207e+02  1.800000e+01
     vertex -2.884380e+01 -1.817531e+02  1.800000e+01
   endloop
 endfacet
 facet normal -5.723433e-01  8.200141e-01 -5.031793e-07
   outer loop
     vertex -2.877487e+01 -1.817056e+02  3.980000e+02
     vertex -2.879615e+01 -1.817207e+02  1.800000e+01
     vertex -2.882151e+01 -1.817381e+02  3.980000e+02
   endloop
 endfacet
 facet normal -5.844507e-01  8.114292e-01  5.153528e-07
   outer loop
     vertex -2.877487e+01 -1.817056e+02  3.980000e+02
     vertex -2.874939e+01 -1.816870e+02  1.800000e+01
     vertex -2.879615e+01 -1.817207e+02  1.800000e+01
   endloop
 endfacet
 facet normal -5.943389e-01  8.042147e-01 -5.006286e-07
   outer loop
     vertex -2.872913e+01 -1.816718e+02  3.980000e+02
     vertex -2.874939e+01 -1.816870e+02  1.800000e+01
     vertex -2.877487e+01 -1.817056e+02  3.980000e+02
   endloop
 endfacet
 facet normal -6.064915e-01  7.950900e-01  5.124543e-07
   outer loop
     vertex -2.872913e+01 -1.816718e+02  3.980000e+02
     vertex -2.870358e+01 -1.816521e+02  1.800000e+01
     vertex -2.874939e+01 -1.816870e+02  1.800000e+01
   endloop
 endfacet
 facet normal -6.158986e-01  7.878255e-01 -4.973823e-07
   outer loop
     vertex -2.868433e+01 -1.816368e+02  3.980000e+02
     vertex -2.870358e+01 -1.816521e+02  1.800000e+01
     vertex -2.872913e+01 -1.816718e+02  3.980000e+02
   endloop
 endfacet
 facet normal -6.280757e-01  7.781522e-01  5.088601e-07
   outer loop
     vertex -2.868433e+01 -1.816368e+02  3.980000e+02
     vertex -2.865875e+01 -1.816159e+02  1.800000e+01
     vertex -2.870358e+01 -1.816521e+02  1.800000e+01
   endloop
 endfacet
 facet normal -6.370065e-01  7.708584e-01 -4.934402e-07
   outer loop
     vertex -2.864049e+01 -1.816005e+02  3.980000e+02
     vertex -2.865875e+01 -1.816159e+02  1.800000e+01
     vertex -2.868433e+01 -1.816368e+02  3.980000e+02
   endloop
 endfacet
 facet normal -6.491872e-01  7.606287e-01  5.045702e-07
   outer loop
     vertex -2.864049e+01 -1.816005e+02  3.980000e+02
     vertex -2.861492e+01 -1.815785e+02  1.800000e+01
     vertex -2.865875e+01 -1.816159e+02  1.800000e+01
   endloop
 endfacet
 facet normal -6.576473e-01  7.533260e-01 -4.888026e-07
   outer loop
     vertex -2.859765e+01 -1.815631e+02  3.980000e+02
     vertex -2.861492e+01 -1.815785e+02  1.800000e+01
     vertex -2.864049e+01 -1.816005e+02  3.980000e+02
   endloop
 endfacet
 facet normal -6.698100e-01  7.425325e-01  4.995848e-07
   outer loop
     vertex -2.859765e+01 -1.815631e+02  3.980000e+02
     vertex -2.857214e+01 -1.815399e+02  1.800000e+01
     vertex -2.861492e+01 -1.815785e+02  1.800000e+01
   endloop
 endfacet
 facet normal -6.778058e-01  7.352410e-01 -4.834693e-07
   outer loop
     vertex -2.855583e+01 -1.815246e+02  3.980000e+02
     vertex -2.857214e+01 -1.815399e+02  1.800000e+01
     vertex -2.859765e+01 -1.815631e+02  3.980000e+02
   endloop
 endfacet
 facet normal -6.899286e-01  7.238775e-01  4.939036e-07
   outer loop
     vertex -2.855583e+01 -1.815246e+02  3.980000e+02
     vertex -2.853043e+01 -1.815001e+02  1.800000e+01
     vertex -2.857214e+01 -1.815399e+02  1.800000e+01
   endloop
 endfacet
 facet normal -6.974671e-01  7.166168e-01 -4.774403e-07
   outer loop
     vertex -2.851508e+01 -1.814849e+02  3.980000e+02
     vertex -2.853043e+01 -1.815001e+02  1.800000e+01
     vertex -2.855583e+01 -1.815246e+02  3.980000e+02
   endloop
 endfacet
 facet normal -7.095278e-01  7.046775e-01  4.875268e-07
   outer loop
     vertex -2.851508e+01 -1.814849e+02  3.980000e+02
     vertex -2.848983e+01 -1.814592e+02  1.800000e+01
     vertex -2.853043e+01 -1.815001e+02  1.800000e+01
   endloop
 endfacet
 facet normal -7.166168e-01  6.974671e-01 -4.707157e-07
   outer loop
     vertex -2.847541e+01 -1.814442e+02  3.980000e+02
     vertex -2.848983e+01 -1.814592e+02  1.800000e+01
     vertex -2.851508e+01 -1.814849e+02  3.980000e+02
   endloop
 endfacet
 facet normal -7.285929e-01  6.849470e-01  4.804544e-07
   outer loop
     vertex -2.847541e+01 -1.814442e+02  3.980000e+02
     vertex -2.845037e+01 -1.814173e+02  1.800000e+01
     vertex -2.848983e+01 -1.814592e+02  1.800000e+01
   endloop
 endfacet
 facet normal -7.471095e-01  6.647010e-01  4.726863e-07
   outer loop
     vertex -2.843686e+01 -1.814024e+02  3.980000e+02
     vertex -2.841207e+01 -1.813742e+02  1.800000e+01
     vertex -2.845037e+01 -1.814173e+02  1.800000e+01
   endloop
 endfacet
 facet normal -7.352410e-01  6.778058e-01 -4.632954e-07
   outer loop
     vertex -2.843686e+01 -1.814024e+02  3.980000e+02
     vertex -2.845037e+01 -1.814173e+02  1.800000e+01
     vertex -2.847541e+01 -1.814442e+02  3.980000e+02
   endloop
 endfacet
 facet normal -7.650637e-01  6.439545e-01  4.642226e-07
   outer loop
     vertex -2.839946e+01 -1.813595e+02  3.980000e+02
     vertex -2.837497e+01 -1.813301e+02  1.800000e+01
     vertex -2.841207e+01 -1.813742e+02  1.800000e+01
   endloop
 endfacet
 facet normal -7.533260e-01  6.576473e-01 -4.551796e-07
   outer loop
     vertex -2.839946e+01 -1.813595e+02  3.980000e+02
     vertex -2.841207e+01 -1.813742e+02  1.800000e+01
     vertex -2.843686e+01 -1.814024e+02  3.980000e+02
   endloop
 endfacet
 facet normal -7.824421e-01  6.227234e-01  4.550632e-07
   outer loop
     vertex -2.836323e+01 -1.813157e+02  3.980000e+02
     vertex -2.833909e+01 -1.812851e+02  1.800000e+01
     vertex -2.837497e+01 -1.813301e+02  1.800000e+01
   endloop
 endfacet
 facet normal -7.708584e-01  6.370065e-01 -4.463680e-07
   outer loop
     vertex -2.836323e+01 -1.813157e+02  3.980000e+02
     vertex -2.837497e+01 -1.813301e+02  1.800000e+01
     vertex -2.839946e+01 -1.813595e+02  3.980000e+02
   endloop
 endfacet
 facet normal -7.992314e-01  6.010234e-01  4.452082e-07
   outer loop
     vertex -2.832820e+01 -1.812709e+02  3.980000e+02
     vertex -2.830446e+01 -1.812390e+02  1.800000e+01
     vertex -2.833909e+01 -1.812851e+02  1.800000e+01
   endloop
 endfacet
 facet normal -7.878255e-01  6.158986e-01 -4.368608e-07
   outer loop
     vertex -2.832820e+01 -1.812709e+02  3.980000e+02
     vertex -2.833909e+01 -1.812851e+02  1.800000e+01
     vertex -2.836323e+01 -1.813157e+02  3.980000e+02
   endloop
 endfacet
 facet normal -8.154191e-01  5.788711e-01  4.346576e-07
   outer loop
     vertex -2.829440e+01 -1.812251e+02  3.980000e+02
     vertex -2.827110e+01 -1.811920e+02  1.800000e+01
     vertex -2.830446e+01 -1.812390e+02  1.800000e+01
   endloop
 endfacet
 facet normal -8.042147e-01  5.943389e-01 -4.266580e-07
   outer loop
     vertex -2.829440e+01 -1.812251e+02  3.980000e+02
     vertex -2.830446e+01 -1.812390e+02  1.800000e+01
     vertex -2.832820e+01 -1.812709e+02  3.980000e+02
   endloop
 endfacet
 facet normal -8.309929e-01  5.562829e-01  4.234113e-07
   outer loop
     vertex -2.826185e+01 -1.811785e+02  3.980000e+02
     vertex -2.823905e+01 -1.811441e+02  1.800000e+01
     vertex -2.827110e+01 -1.811920e+02  1.800000e+01
   endloop
 endfacet
 facet normal -8.200141e-01  5.723433e-01 -4.157595e-07
   outer loop
     vertex -2.826185e+01 -1.811785e+02  3.980000e+02
     vertex -2.827110e+01 -1.811920e+02  1.800000e+01
     vertex -2.829440e+01 -1.812251e+02  3.980000e+02
   endloop
 endfacet
 facet normal -8.459413e-01  5.332761e-01  4.114694e-07
   outer loop
     vertex -2.823058e+01 -1.811310e+02  3.980000e+02
     vertex -2.820833e+01 -1.810954e+02  1.800000e+01
     vertex -2.823905e+01 -1.811441e+02  1.800000e+01
   endloop
 endfacet
 facet normal -8.352121e-01  5.499279e-01 -4.041654e-07
   outer loop
     vertex -2.823058e+01 -1.811310e+02  3.980000e+02
     vertex -2.823905e+01 -1.811441e+02  1.800000e+01
     vertex -2.826185e+01 -1.811785e+02  3.980000e+02
   endloop
 endfacet
 facet normal -8.497975e-01  5.271092e-01 -3.918757e-07
   outer loop
     vertex -2.820060e+01 -1.810827e+02  3.980000e+02
     vertex -2.820833e+01 -1.810954e+02  1.800000e+01
     vertex -2.823058e+01 -1.811310e+02  3.980000e+02
   endloop
 endfacet
 facet normal -8.602528e-01  5.098678e-01  3.988318e-07
   outer loop
     vertex -2.820060e+01 -1.810827e+02  3.980000e+02
     vertex -2.817895e+01 -1.810458e+02  1.800000e+01
     vertex -2.820833e+01 -1.810954e+02  1.800000e+01
   endloop
 endfacet
 facet normal -8.637597e-01  5.039039e-01 -3.788903e-07
   outer loop
     vertex -2.817194e+01 -1.810335e+02  3.980000e+02
     vertex -2.817895e+01 -1.810458e+02  1.800000e+01
     vertex -2.820060e+01 -1.810827e+02  3.980000e+02
   endloop
 endfacet
 facet normal -8.739167e-01  4.860756e-01  3.854986e-07
   outer loop
     vertex -2.817194e+01 -1.810335e+02  3.980000e+02
     vertex -2.815094e+01 -1.809955e+02  1.800000e+01
     vertex -2.817895e+01 -1.810458e+02  1.800000e+01
   endloop
 endfacet
 facet normal -8.770884e-01  4.803291e-01 -3.652093e-07
   outer loop
     vertex -2.814462e+01 -1.809837e+02  3.980000e+02
     vertex -2.815094e+01 -1.809955e+02  1.800000e+01
     vertex -2.817194e+01 -1.810335e+02  3.980000e+02
   endloop
 endfacet
 facet normal -8.869228e-01  4.619176e-01  3.714698e-07
   outer loop
     vertex -2.814462e+01 -1.809837e+02  3.980000e+02
     vertex -2.812433e+01 -1.809444e+02  1.800000e+01
     vertex -2.815094e+01 -1.809955e+02  1.800000e+01
   endloop
 endfacet
 facet normal -8.897737e-01  4.564019e-01 -3.508327e-07
   outer loop
     vertex -2.811867e+01 -1.809331e+02  3.980000e+02
     vertex -2.812433e+01 -1.809444e+02  1.800000e+01
     vertex -2.814462e+01 -1.809837e+02  3.980000e+02
   endloop
 endfacet
 facet normal -8.992613e-01  4.374119e-01  3.567453e-07
   outer loop
     vertex -2.811867e+01 -1.809331e+02  3.980000e+02
     vertex -2.809913e+01 -1.808926e+02  1.800000e+01
     vertex -2.812433e+01 -1.809444e+02  1.800000e+01
   endloop
 endfacet
 facet normal -9.018065e-01  4.321400e-01 -3.357604e-07
   outer loop
     vertex -2.809409e+01 -1.808818e+02  3.980000e+02
     vertex -2.809913e+01 -1.808926e+02  1.800000e+01
     vertex -2.811867e+01 -1.809331e+02  3.980000e+02
   endloop
 endfacet
 facet normal -9.109228e-01  4.125769e-01  3.413252e-07
   outer loop
     vertex -2.809409e+01 -1.808818e+02  3.980000e+02
     vertex -2.807536e+01 -1.808401e+02  1.800000e+01
     vertex -2.809913e+01 -1.808926e+02  1.800000e+01
   endloop
 endfacet
 facet normal -9.131779e-01  4.075612e-01 -3.199925e-07
   outer loop
     vertex -2.807091e+01 -1.808298e+02  3.980000e+02
     vertex -2.807536e+01 -1.808401e+02  1.800000e+01
     vertex -2.809409e+01 -1.808818e+02  3.980000e+02
   endloop
 endfacet
 facet normal -9.218986e-01  3.874313e-01  3.252095e-07
   outer loop
     vertex -2.807091e+01 -1.808298e+02  3.980000e+02
     vertex -2.805303e+01 -1.807870e+02  1.800000e+01
     vertex -2.807536e+01 -1.808401e+02  1.800000e+01
   endloop
 endfacet
 facet normal -9.238795e-01  3.826834e-01 -3.035289e-07
   outer loop
     vertex -2.804915e+01 -1.807773e+02  3.980000e+02
     vertex -2.805303e+01 -1.807870e+02  1.800000e+01
     vertex -2.807091e+01 -1.808298e+02  3.980000e+02
   endloop
 endfacet
 facet normal -9.321804e-01  3.619940e-01  3.083982e-07
   outer loop
     vertex -2.804915e+01 -1.807773e+02  3.980000e+02
     vertex -2.803218e+01 -1.807333e+02  1.800000e+01
     vertex -2.805303e+01 -1.807870e+02  1.800000e+01
   endloop
 endfacet
 facet normal -9.339036e-01  3.575250e-01 -2.863698e-07
   outer loop
     vertex -2.802882e+01 -1.807242e+02  3.980000e+02
     vertex -2.803218e+01 -1.807333e+02  1.800000e+01
     vertex -2.804915e+01 -1.807773e+02  3.980000e+02
   endloop
 endfacet
 facet normal -9.417605e-01  3.362843e-01  2.908912e-07
   outer loop
     vertex -2.802882e+01 -1.807242e+02  3.980000e+02
     vertex -2.801280e+01 -1.806790e+02  1.800000e+01
     vertex -2.803218e+01 -1.807333e+02  1.800000e+01
   endloop
 endfacet
 facet normal -9.432426e-01  3.321044e-01 -2.685150e-07
   outer loop
     vertex -2.800993e+01 -1.806705e+02  3.980000e+02
     vertex -2.801280e+01 -1.806790e+02  1.800000e+01
     vertex -2.802882e+01 -1.807242e+02  3.980000e+02
   endloop
 endfacet
 facet normal -9.506317e-01  3.103214e-01  2.726886e-07
   outer loop
     vertex -2.800993e+01 -1.806705e+02  3.980000e+02
     vertex -2.799492e+01 -1.806242e+02  1.800000e+01
     vertex -2.801280e+01 -1.806790e+02  1.800000e+01
   endloop
 endfacet
 facet normal -9.518899e-01  3.064401e-01 -2.499646e-07
   outer loop
     vertex -2.799250e+01 -1.806164e+02  3.980000e+02
     vertex -2.799492e+01 -1.806242e+02  1.800000e+01
     vertex -2.800993e+01 -1.806705e+02  3.980000e+02
   endloop
 endfacet
 facet normal -9.587873e-01  2.841250e-01  2.537904e-07
   outer loop
     vertex -2.799250e+01 -1.806164e+02  3.980000e+02
     vertex -2.797855e+01 -1.805690e+02  1.800000e+01
     vertex -2.799492e+01 -1.806242e+02  1.800000e+01
   endloop
 endfacet
 facet normal -9.598391e-01  2.805512e-01 -2.307186e-07
   outer loop
     vertex -2.797655e+01 -1.805618e+02  3.980000e+02
     vertex -2.797855e+01 -1.805690e+02  1.800000e+01
     vertex -2.799250e+01 -1.806164e+02  3.980000e+02
   endloop
 endfacet
 facet normal -9.662211e-01  2.577146e-01  2.341966e-07
   outer loop
     vertex -2.797655e+01 -1.805618e+02  3.980000e+02
     vertex -2.796370e+01 -1.805133e+02  1.800000e+01
     vertex -2.797855e+01 -1.805690e+02  1.800000e+01
   endloop
 endfacet
 facet normal -9.670842e-01  2.544564e-01 -2.107770e-07
   outer loop
     vertex -2.796207e+01 -1.805068e+02  3.980000e+02
     vertex -2.796370e+01 -1.805133e+02  1.800000e+01
     vertex -2.797655e+01 -1.805618e+02  3.980000e+02
   endloop
 endfacet
 facet normal -9.729276e-01  2.311102e-01  2.139072e-07
   outer loop
     vertex -2.796207e+01 -1.805068e+02  3.980000e+02
     vertex -2.795039e+01 -1.804573e+02  1.800000e+01
     vertex -2.796370e+01 -1.805133e+02  1.800000e+01
   endloop
 endfacet
 facet normal -9.736201e-01  2.281751e-01 -1.901397e-07
   outer loop
     vertex -2.794910e+01 -1.804514e+02  3.980000e+02
     vertex -2.795039e+01 -1.804573e+02  1.800000e+01
     vertex -2.796207e+01 -1.805068e+02  3.980000e+02
   endloop
 endfacet
 facet normal -9.789017e-01  2.043319e-01  1.929221e-07
   outer loop
     vertex -2.794910e+01 -1.804514e+02  3.980000e+02
     vertex -2.793861e+01 -1.804009e+02  1.800000e+01
     vertex -2.795039e+01 -1.804573e+02  1.800000e+01
   endloop
 endfacet
 facet normal -9.794419e-01  2.017264e-01 -1.688069e-07
   outer loop
     vertex -2.793762e+01 -1.803957e+02  3.980000e+02
     vertex -2.793861e+01 -1.804009e+02  1.800000e+01
     vertex -2.794910e+01 -1.804514e+02  3.980000e+02
   endloop
 endfacet
 facet normal -9.841389e-01  1.773998e-01  1.712414e-07
   outer loop
     vertex -2.793762e+01 -1.803957e+02  3.980000e+02
     vertex -2.792839e+01 -1.803442e+02  1.800000e+01
     vertex -2.793861e+01 -1.804009e+02  1.800000e+01
   endloop
 endfacet
 facet normal -9.845454e-01  1.751297e-01 -1.467784e-07
   outer loop
     vertex -2.792766e+01 -1.803397e+02  3.980000e+02
     vertex -2.792839e+01 -1.803442e+02  1.800000e+01
     vertex -2.793762e+01 -1.803957e+02  3.980000e+02
   endloop
 endfacet
 facet normal -9.886353e-01  1.503341e-01  1.488652e-07
   outer loop
     vertex -2.792766e+01 -1.803397e+02  3.980000e+02
     vertex -2.791973e+01 -1.802872e+02  1.800000e+01
     vertex -2.792839e+01 -1.803442e+02  1.800000e+01
   endloop
 endfacet
 facet normal -9.889267e-01  1.484046e-01 -1.240543e-07
   outer loop
     vertex -2.791922e+01 -1.802835e+02  3.980000e+02
     vertex -2.791973e+01 -1.802872e+02  1.800000e+01
     vertex -2.792766e+01 -1.803397e+02  3.980000e+02
   endloop
 endfacet
 facet normal -9.923874e-01  1.231552e-01  1.257933e-07
   outer loop
     vertex -2.791922e+01 -1.802835e+02  3.980000e+02
     vertex -2.791263e+01 -1.802300e+02  1.800000e+01
     vertex -2.791973e+01 -1.802872e+02  1.800000e+01
   endloop
 endfacet
 facet normal -9.925828e-01  1.215707e-01 -1.006346e-07
   outer loop
     vertex -2.791231e+01 -1.802270e+02  3.980000e+02
     vertex -2.791263e+01 -1.802300e+02  1.800000e+01
     vertex -2.791922e+01 -1.802835e+02  3.980000e+02
   endloop
 endfacet
 facet normal -9.953925e-01  9.588368e-02  1.020258e-07
   outer loop
     vertex -2.791231e+01 -1.802270e+02  3.980000e+02
     vertex -2.790711e+01 -1.801727e+02  1.800000e+01
     vertex -2.791263e+01 -1.802300e+02  1.800000e+01
   endloop
 endfacet
 facet normal -9.955108e-01  9.464755e-02 -7.651938e-08
   outer loop
     vertex -2.790693e+01 -1.801704e+02  3.980000e+02
     vertex -2.790711e+01 -1.801727e+02  1.800000e+01
     vertex -2.791231e+01 -1.802270e+02  3.980000e+02
   endloop
 endfacet
 facet normal -9.976484e-01  6.853995e-02  7.756276e-08
   outer loop
     vertex -2.790693e+01 -1.801704e+02  3.980000e+02
     vertex -2.790316e+01 -1.801152e+02  1.800000e+01
     vertex -2.790711e+01 -1.801727e+02  1.800000e+01
   endloop
 endfacet
 facet normal -9.977088e-01  6.765502e-02 -5.170851e-08
   outer loop
     vertex -2.790308e+01 -1.801137e+02  3.980000e+02
     vertex -2.790316e+01 -1.801152e+02  1.800000e+01
     vertex -2.790693e+01 -1.801704e+02  3.980000e+02
   endloop
 endfacet
 facet normal -9.991532e-01  4.114462e-02  5.240410e-08
   outer loop
     vertex -2.790308e+01 -1.801137e+02  3.980000e+02
     vertex -2.790079e+01 -1.800576e+02  1.800000e+01
     vertex -2.790316e+01 -1.801152e+02  1.800000e+01
   endloop
 endfacet
 facet normal -9.999059e-01  1.371831e-02  2.654984e-08
   outer loop
     vertex -2.790077e+01 -1.800569e+02  3.980000e+02
     vertex -2.790000e+01 -1.800000e+02  1.800000e+01
     vertex -2.790079e+01 -1.800576e+02  1.800000e+01
   endloop
 endfacet
 facet normal -9.991750e-01  4.061287e-02 -2.620205e-08
   outer loop
     vertex -2.790077e+01 -1.800569e+02  3.980000e+02
     vertex -2.790079e+01 -1.800576e+02  1.800000e+01
     vertex -2.790308e+01 -1.801137e+02  3.980000e+02
   endloop
 endfacet
 facet normal -9.999083e-01  1.354093e-02  0.000000e+00
   outer loop
     vertex -2.790000e+01 -1.800000e+02  3.980000e+02
     vertex -2.790000e+01 -1.800000e+02  1.800000e+01
     vertex -2.790077e+01 -1.800569e+02  3.980000e+02
   endloop
 endfacet
 facet normal  0.000000e+00 -1.000000e+00 -0.000000e+00
   outer loop
     vertex -3.000000e+01 -1.844000e+02  3.980000e+02
     vertex -3.300000e+01 -1.844000e+02  1.800000e+01
     vertex -2.700000e+01 -1.844000e+02  1.800000e+01
   endloop
 endfacet
 facet normal -0.000000e+00 -1.000000e+00 -0.000000e+00
   outer loop
     vertex -2.700000e+01 -1.844000e+02  3.980000e+02
     vertex -3.000000e+01 -1.844000e+02  3.980000e+02
     vertex -2.700000e+01 -1.844000e+02  1.800000e+01
   endloop
 endfacet
 facet normal  0.000000e+00 -1.000000e+00  0.000000e+00
   outer loop
     vertex -3.300000e+01 -1.844000e+02  4.180000e+02
     vertex -3.300000e+01 -1.844000e+02  1.800000e+01
     vertex -3.000000e+01 -1.844000e+02  3.980000e+02
   endloop
 endfacet
 facet normal -0.000000e+00 -1.000000e+00 -0.000000e+00
   outer loop
     vertex -3.000000e+01 -1.844000e+02  4.180000e+02
     vertex -3.300000e+01 -1.844000e+02  4.180000e+02
     vertex -3.000000e+01 -1.844000e+02  3.980000e+02
   endloop
 endfacet
 facet normal  1.000000e+00  0.000000e+00  0.000000e+00
   outer loop
     vertex -3.300000e+01 -1.900000e+02  4.180000e+02
     vertex -3.300000e+01 -1.900000e+02  1.800000e+01
     vertex -3.300000e+01 -1.844000e+02  1.800000e+01
   endloop
 endfacet
 facet normal  1.000000e+00 -0.000000e+00  0.000000e+00
   outer loop
     vertex -3.300000e+01 -1.900000e+02  4.180000e+02
     vertex -3.300000e+01 -1.844000e+02  1.800000e+01
     vertex -3.300000e+01 -1.844000e+02  4.180000e+02
   endloop
 endfacet
 facet normal  0.000000e+00 -1.000000e+00 -0.000000e+00
   outer loop
     vertex -3.300000e+01 -1.900000e+02  4.180000e+02
     vertex -4.000000e+01 -1.900000e+02  1.800000e+01
     vertex -3.300000e+01 -1.900000e+02  1.800000e+01
   endloop
 endfacet
 facet normal -0.000000e+00 -1.000000e+00  0.000000e+00
   outer loop
     vertex -3.300000e+01 -1.900000e+02  4.180000e+02
     vertex -4.000000e+01 -1.900000e+02  4.180000e+02
     vertex -4.000000e+01 -1.900000e+02  1.800000e+01
   endloop
 endfacet
 facet normal -1.000000e+00  0.000000e+00  0.000000e+00
   outer loop
     vertex -4.000000e+01 -1.900000e+02  4.180000e+02
     vertex -4.000000e+01 -1.830000e+02  1.800000e+01
     vertex -4.000000e+01 -1.900000e+02  1.800000e+01
   endloop
 endfacet
 facet normal -1.000000e+00  0.000000e+00  0.000000e+00
   outer loop
     vertex -4.000000e+01 -1.900000e+02  4.180000e+02
     vertex -4.000000e+01 -1.830000e+02  4.180000e+02
     vertex -4.000000e+01 -1.830000e+02  1.800000e+01
   endloop
 endfacet
 facet normal  0.000000e+00  1.000000e+00  0.000000e+00
   outer loop
     vertex -3.440000e+01 -1.830000e+02  4.180000e+02
     vertex -3.440000e+01 -1.830000e+02  1.800000e+01
     vertex -4.000000e+01 -1.830000e+02  1.800000e+01
   endloop
 endfacet
 facet normal  0.000000e+00  1.000000e+00  0.000000e+00
   outer loop
     vertex -3.440000e+01 -1.830000e+02  4.180000e+02
     vertex -4.000000e+01 -1.830000e+02  1.800000e+01
     vertex -4.000000e+01 -1.830000e+02  4.180000e+02
   endloop
 endfacet
 facet normal -1.000000e+00  0.000000e+00  0.000000e+00
   outer loop
     vertex -3.440000e+01 -1.830000e+02  4.180000e+02
     vertex -3.440000e+01 -1.770000e+02  1.800000e+01
     vertex -3.440000e+01 -1.830000e+02  1.800000e+01
   endloop
 endfacet
 facet normal -1.000000e+00  0.000000e+00  0.000000e+00
   outer loop
     vertex -3.440000e+01 -1.830000e+02  4.180000e+02
     vertex -3.440000e+01 -1.770000e+02  4.180000e+02
     vertex -3.440000e+01 -1.770000e+02  1.800000e+01
   endloop
 endfacet
 facet normal  0.000000e+00 -1.000000e+00 -0.000000e+00
   outer loop
     vertex -3.440000e+01 -1.770000e+02  4.180000e+02
     vertex -4.000000e+01 -1.770000e+02  1.800000e+01
     vertex -3.440000e+01 -1.770000e+02  1.800000e+01
   endloop
 endfacet
 facet normal -0.000000e+00 -1.000000e+00  0.000000e+00
   outer loop
     vertex -3.440000e+01 -1.770000e+02  4.180000e+02
     vertex -4.000000e+01 -1.770000e+02  4.180000e+02
     vertex -4.000000e+01 -1.770000e+02  1.800000e+01
   endloop
 endfacet
 facet normal -1.000000e+00  0.000000e+00  0.000000e+00
   outer loop
     vertex -4.000000e+01 -1.770000e+02  4.180000e+02
     vertex -4.000000e+01 -1.700000e+02  1.800000e+01
     vertex -4.000000e+01 -1.770000e+02  1.800000e+01
   endloop
 endfacet
 facet normal -1.000000e+00  0.000000e+00  0.000000e+00
   outer loop
     vertex -4.000000e+01 -1.770000e+02  4.180000e+02
     vertex -4.000000e+01 -1.700000e+02  4.180000e+02
     vertex -4.000000e+01 -1.700000e+02  1.800000e+01
   endloop
 endfacet
 facet normal  0.000000e+00  1.000000e+00  0.000000e+00
   outer loop
     vertex -3.300000e+01 -1.700000e+02  4.180000e+02
     vertex -3.300000e+01 -1.700000e+02  1.800000e+01
     vertex -4.000000e+01 -1.700000e+02  1.800000e+01
   endloop
 endfacet
 facet normal  0.000000e+00  1.000000e+00  0.000000e+00
   outer loop
     vertex -3.300000e+01 -1.700000e+02  4.180000e+02
     vertex -4.000000e+01 -1.700000e+02  1.800000e+01
     vertex -4.000000e+01 -1.700000e+02  4.180000e+02
   endloop
 endfacet
 facet normal  1.000000e+00  0.000000e+00  0.000000e+00
   outer loop
     vertex -3.300000e+01 -1.756000e+02  4.180000e+02
     vertex -3.300000e+01 -1.756000e+02  1.800000e+01
     vertex -3.300000e+01 -1.700000e+02  1.800000e+01
   endloop
 endfacet
 facet normal  1.000000e+00 -0.000000e+00  0.000000e+00
   outer loop
     vertex -3.300000e+01 -1.756000e+02  4.180000e+02
     vertex -3.300000e+01 -1.700000e+02  1.800000e+01
     vertex -3.300000e+01 -1.700000e+02  4.180000e+02
   endloop
 endfacet
 facet normal  0.000000e+00  1.000000e+00  0.000000e+00
   outer loop
     vertex -3.000000e+01 -1.756000e+02  3.980000e+02
     vertex -2.700000e+01 -1.756000e+02  1.800000e+01
     vertex -3.300000e+01 -1.756000e+02  1.800000e+01
   endloop
 endfacet
 facet normal  0.000000e+00  1.000000e+00  0.000000e+00
   outer loop
     vertex -2.700000e+01 -1.756000e+02  3.980000e+02
     vertex -2.700000e+01 -1.756000e+02  1.800000e+01
     vertex -3.000000e+01 -1.756000e+02  3.980000e+02
   endloop
 endfacet
 facet normal  0.000000e+00  1.000000e+00  0.000000e+00
   outer loop
     vertex -3.300000e+01 -1.756000e+02  4.180000e+02
     vertex -3.000000e+01 -1.756000e+02  3.980000e+02
     vertex -3.300000e+01 -1.756000e+02  1.800000e+01
   endloop
 endfacet
 facet normal  0.000000e+00  1.000000e+00  0.000000e+00
   outer loop
     vertex -3.000000e+01 -1.756000e+02  4.180000e+02
     vertex -3.000000e+01 -1.756000e+02  3.980000e+02
     vertex -3.300000e+01 -1.756000e+02  4.180000e+02
   endloop
 endfacet
 facet normal -1.000000e+00  0.000000e+00  3.907985e-15
   outer loop
     vertex -3.000000e+01 -1.821000e+02  4.180000e+02
     vertex -3.000000e+01 -1.779000e+02  3.980000e+02
     vertex -3.000000e+01 -1.821000e+02  3.980000e+02
   endloop
 endfacet
 facet normal -1.000000e+00  0.000000e+00  3.907985e-15
   outer loop
     vertex -3.000000e+01 -1.821000e+02  4.180000e+02
     vertex -3.000000e+01 -1.779000e+02  4.180000e+02
     vertex -3.000000e+01 -1.779000e+02  3.980000e+02
   endloop
 endfacet
 facet normal -1.000000e+00  0.000000e+00  0.000000e+00
   outer loop
     vertex -3.000000e+01 -1.756000e+02  4.180000e+02
     vertex -3.000000e+01 -1.700000e+02  3.980000e+02
     vertex -3.000000e+01 -1.756000e+02  3.980000e+02
   endloop
 endfacet
 facet normal -1.000000e+00  0.000000e+00  0.000000e+00
   outer loop
     vertex -3.000000e+01 -1.756000e+02  4.180000e+02
     vertex -3.000000e+01 -1.700000e+02  4.180000e+02
     vertex -3.000000e+01 -1.700000e+02  3.980000e+02
   endloop
 endfacet
 facet normal  0.000000e+00  1.000000e+00  0.000000e+00
   outer loop
     vertex -2.700000e+01 -1.700000e+02  4.180000e+02
     vertex -2.700000e+01 -1.700000e+02  3.980000e+02
     vertex -3.000000e+01 -1.700000e+02  3.980000e+02
   endloop
 endfacet
 facet normal  0.000000e+00  1.000000e+00  0.000000e+00
   outer loop
     vertex -2.700000e+01 -1.700000e+02  4.180000e+02
     vertex -3.000000e+01 -1.700000e+02  3.980000e+02
     vertex -3.000000e+01 -1.700000e+02  4.180000e+02
   endloop
 endfacet
 facet normal  0.000000e+00  1.000000e+00  0.000000e+00
   outer loop
     vertex -2.000000e+01 -1.700000e+02  3.980000e+02
     vertex -2.000000e+01 -1.700000e+02  1.800000e+01
     vertex -2.700000e+01 -1.700000e+02  1.800000e+01
   endloop
 endfacet
 facet normal  0.000000e+00  1.000000e+00  0.000000e+00
   outer loop
     vertex -2.000000e+01 -1.700000e+02  3.980000e+02
     vertex -2.700000e+01 -1.700000e+02  1.800000e+01
     vertex -2.700000e+01 -1.700000e+02  3.980000e+02
   endloop
 endfacet
 facet normal  0.000000e+00 -0.000000e+00 -1.000000e+00
   outer loop
     vertex -3.300000e+01 -1.844000e+02  1.800000e+01
     vertex -3.300000e+01 -1.900000e+02  1.800000e+01
     vertex -4.000000e+01 -1.900000e+02  1.800000e+01
   endloop
 endfacet
 facet normal -0.000000e+00  0.000000e+00 -1.000000e+00
   outer loop
     vertex -3.440000e+01 -1.830000e+02  1.800000e+01
     vertex -4.000000e+01 -1.900000e+02  1.800000e+01
     vertex -4.000000e+01 -1.830000e+02  1.800000e+01
   endloop
 endfacet
 facet normal  0.000000e+00 -0.000000e+00 -1.000000e+00
   outer loop
     vertex -3.440000e+01 -1.830000e+02  1.800000e+01
     vertex -3.300000e+01 -1.844000e+02  1.800000e+01
     vertex -4.000000e+01 -1.900000e+02  1.800000e+01
   endloop
 endfacet
 facet normal  0.000000e+00  0.000000e+00 -1.000000e+00
   outer loop
     vertex -3.149001e+01 -1.814798e+02  1.800000e+01
     vertex -3.300000e+01 -1.844000e+02  1.800000e+01
     vertex -3.440000e+01 -1.830000e+02  1.800000e+01
   endloop
 endfacet
 facet normal -0.000000e+00  0.000000e+00 -1.000000e+00
   outer loop
     vertex -3.144885e+01 -1.815201e+02  1.800000e+01
     vertex -3.300000e+01 -1.844000e+02  1.800000e+01
     vertex -3.149001e+01 -1.814798e+02  1.800000e+01
   endloop
 endfacet
 facet normal  0.000000e+00 -0.000000e+00 -1.000000e+00
   outer loop
     vertex -3.153005e+01 -1.814384e+02  1.800000e+01
     vertex -3.149001e+01 -1.814798e+02  1.800000e+01
     vertex -3.440000e+01 -1.830000e+02  1.800000e+01
   endloop
 endfacet
 facet normal -0.000000e+00  0.000000e+00 -1.000000e+00
   outer loop
     vertex -3.140660e+01 -1.815593e+02  1.800000e+01
     vertex -3.300000e+01 -1.844000e+02  1.800000e+01
     vertex -3.144885e+01 -1.815201e+02  1.800000e+01
   endloop
 endfacet
 facet normal  0.000000e+00 -0.000000e+00 -1.000000e+00
   outer loop
     vertex -3.156893e+01 -1.813959e+02  1.800000e+01
     vertex -3.153005e+01 -1.814384e+02  1.800000e+01
     vertex -3.440000e+01 -1.830000e+02  1.800000e+01
   endloop
 endfacet
 facet normal -0.000000e+00  0.000000e+00 -1.000000e+00
   outer loop
     vertex -3.136329e+01 -1.815973e+02  1.800000e+01
     vertex -3.300000e+01 -1.844000e+02  1.800000e+01
     vertex -3.140660e+01 -1.815593e+02  1.800000e+01
   endloop
 endfacet
 facet normal  0.000000e+00 -0.000000e+00 -1.000000e+00
   outer loop
     vertex -3.160663e+01 -1.813523e+02  1.800000e+01
     vertex -3.156893e+01 -1.813959e+02  1.800000e+01
     vertex -3.440000e+01 -1.830000e+02  1.800000e+01
   endloop
 endfacet
 facet normal -0.000000e+00  0.000000e+00 -1.000000e+00
   outer loop
     vertex -3.131896e+01 -1.816341e+02  1.800000e+01
     vertex -3.300000e+01 -1.844000e+02  1.800000e+01
     vertex -3.136329e+01 -1.815973e+02  1.800000e+01
   endloop
 endfacet
 facet normal  0.000000e+00 -0.000000e+00 -1.000000e+00
   outer loop
     vertex -3.164313e+01 -1.813077e+02  1.800000e+01
     vertex -3.160663e+01 -1.813523e+02  1.800000e+01
     vertex -3.440000e+01 -1.830000e+02  1.800000e+01
   endloop
 endfacet
 facet normal -0.000000e+00  0.000000e+00 -1.000000e+00
   outer loop
     vertex -3.127363e+01 -1.816697e+02  1.800000e+01
     vertex -3.300000e+01 -1.844000e+02  1.800000e+01
     vertex -3.131896e+01 -1.816341e+02  1.800000e+01
   endloop
 endfacet
 facet normal  0.000000e+00 -0.000000e+00 -1.000000e+00
   outer loop
     vertex -3.167839e+01 -1.812621e+02  1.800000e+01
     vertex -3.164313e+01 -1.813077e+02  1.800000e+01
     vertex -3.440000e+01 -1.830000e+02  1.800000e+01
   endloop
 endfacet
 facet normal -0.000000e+00  0.000000e+00 -1.000000e+00
   outer loop
     vertex -3.122735e+01 -1.817040e+02  1.800000e+01
     vertex -3.300000e+01 -1.844000e+02  1.800000e+01
     vertex -3.127363e+01 -1.816697e+02  1.800000e+01
   endloop
 endfacet
 facet normal  0.000000e+00 -0.000000e+00 -1.000000e+00
   outer loop
     vertex -3.171238e+01 -1.812156e+02  1.800000e+01
     vertex -3.167839e+01 -1.812621e+02  1.800000e+01
     vertex -3.440000e+01 -1.830000e+02  1.800000e+01
   endloop
 endfacet
 facet normal -0.000000e+00  0.000000e+00 -1.000000e+00
   outer loop
     vertex -3.118014e+01 -1.817370e+02  1.800000e+01
     vertex -3.300000e+01 -1.844000e+02  1.800000e+01
     vertex -3.122735e+01 -1.817040e+02  1.800000e+01
   endloop
 endfacet
 facet normal  0.000000e+00 -0.000000e+00 -1.000000e+00
   outer loop
     vertex -3.174509e+01 -1.811682e+02  1.800000e+01
     vertex -3.171238e+01 -1.812156e+02  1.800000e+01
     vertex -3.440000e+01 -1.830000e+02  1.800000e+01
   endloop
 endfacet
 facet normal -0.000000e+00  0.000000e+00 -1.000000e+00
   outer loop
     vertex -3.113204e+01 -1.817688e+02  1.800000e+01
     vertex -3.300000e+01 -1.844000e+02  1.800000e+01
     vertex -3.118014e+01 -1.817370e+02  1.800000e+01
   endloop
 endfacet
 facet normal  0.000000e+00 -0.000000e+00 -1.000000e+00
   outer loop
     vertex -3.177648e+01 -1.811199e+02  1.800000e+01
     vertex -3.174509e+01 -1.811682e+02  1.800000e+01
     vertex -3.440000e+01 -1.830000e+02  1.800000e+01
   endloop
 endfacet
 facet normal -0.000000e+00  0.000000e+00 -1.000000e+00
   outer loop
     vertex -3.108309e+01 -1.817991e+02  1.800000e+01
     vertex -3.300000e+01 -1.844000e+02  1.800000e+01
     vertex -3.113204e+01 -1.817688e+02  1.800000e+01
   endloop
 endfacet
 facet normal  0.000000e+00 -0.000000e+00 -1.000000e+00
   outer loop
     vertex -3.180653e+01 -1.810707e+02  1.800000e+01
     vertex -3.177648e+01 -1.811199e+02  1.800000e+01
     vertex -3.440000e+01 -1.830000e+02  1.800000e+01
   endloop
 endfacet
 facet normal -0.000000e+00  0.000000e+00 -1.000000e+00
   outer loop
     vertex -3.103332e+01 -1.818282e+02  1.800000e+01
     vertex -3.300000e+01 -1.844000e+02  1.800000e+01
     vertex -3.108309e+01 -1.817991e+02  1.800000e+01
   endloop
 endfacet
 facet normal  0.000000e+00 -0.000000e+00 -1.000000e+00
   outer loop
     vertex -3.183523e+01 -1.810208e+02  1.800000e+01
     vertex -3.180653e+01 -1.810707e+02  1.800000e+01
     vertex -3.440000e+01 -1.830000e+02  1.800000e+01
   endloop
 endfacet
 facet normal -0.000000e+00  0.000000e+00 -1.000000e+00
   outer loop
     vertex -3.098278e+01 -1.818558e+02  1.800000e+01
     vertex -3.300000e+01 -1.844000e+02  1.800000e+01
     vertex -3.103332e+01 -1.818282e+02  1.800000e+01
   endloop
 endfacet
 facet normal  0.000000e+00 -0.000000e+00 -1.000000e+00
   outer loop
     vertex -3.186254e+01 -1.809700e+02  1.800000e+01
     vertex -3.183523e+01 -1.810208e+02  1.800000e+01
     vertex -3.440000e+01 -1.830000e+02  1.800000e+01
   endloop
 endfacet
 facet normal -0.000000e+00  0.000000e+00 -1.000000e+00
   outer loop
     vertex -3.093150e+01 -1.818821e+02  1.800000e+01
     vertex -3.300000e+01 -1.844000e+02  1.800000e+01
     vertex -3.098278e+01 -1.818558e+02  1.800000e+01
   endloop
 endfacet
 facet normal  0.000000e+00 -0.000000e+00 -1.000000e+00
   outer loop
     vertex -3.188845e+01 -1.809186e+02  1.800000e+01
     vertex -3.186254e+01 -1.809700e+02  1.800000e+01
     vertex -3.440000e+01 -1.830000e+02  1.800000e+01
   endloop
 endfacet
 facet normal -0.000000e+00  0.000000e+00 -1.000000e+00
   outer loop
     vertex -3.087951e+01 -1.819069e+02  1.800000e+01
     vertex -3.300000e+01 -1.844000e+02  1.800000e+01
     vertex -3.093150e+01 -1.818821e+02  1.800000e+01
   endloop
 endfacet
 facet normal  0.000000e+00 -0.000000e+00 -1.000000e+00
   outer loop
     vertex -3.191294e+01 -1.808664e+02  1.800000e+01
     vertex -3.188845e+01 -1.809186e+02  1.800000e+01
     vertex -3.440000e+01 -1.830000e+02  1.800000e+01
   endloop
 endfacet
 facet normal -0.000000e+00  0.000000e+00 -1.000000e+00
   outer loop
     vertex -3.082687e+01 -1.819304e+02  1.800000e+01
     vertex -3.300000e+01 -1.844000e+02  1.800000e+01
     vertex -3.087951e+01 -1.819069e+02  1.800000e+01
   endloop
 endfacet
 facet normal  0.000000e+00 -0.000000e+00 -1.000000e+00
   outer loop
     vertex -3.193599e+01 -1.808136e+02  1.800000e+01
     vertex -3.191294e+01 -1.808664e+02  1.800000e+01
     vertex -3.440000e+01 -1.830000e+02  1.800000e+01
   endloop
 endfacet
 facet normal -0.000000e+00  0.000000e+00 -1.000000e+00
   outer loop
     vertex -3.077360e+01 -1.819523e+02  1.800000e+01
     vertex -3.300000e+01 -1.844000e+02  1.800000e+01
     vertex -3.082687e+01 -1.819304e+02  1.800000e+01
   endloop
 endfacet
 facet normal  0.000000e+00 -0.000000e+00 -1.000000e+00
   outer loop
     vertex -3.195758e+01 -1.807602e+02  1.800000e+01
     vertex -3.193599e+01 -1.808136e+02  1.800000e+01
     vertex -3.440000e+01 -1.830000e+02  1.800000e+01
   endloop
 endfacet
 facet normal -0.000000e+00  0.000000e+00 -1.000000e+00
   outer loop
     vertex -3.071975e+01 -1.819728e+02  1.800000e+01
     vertex -3.300000e+01 -1.844000e+02  1.800000e+01
     vertex -3.077360e+01 -1.819523e+02  1.800000e+01
   endloop
 endfacet
 facet normal  0.000000e+00 -0.000000e+00 -1.000000e+00
   outer loop
     vertex -3.197770e+01 -1.807062e+02  1.800000e+01
     vertex -3.195758e+01 -1.807602e+02  1.800000e+01
     vertex -3.440000e+01 -1.830000e+02  1.800000e+01
   endloop
 endfacet
 facet normal -0.000000e+00  0.000000e+00 -1.000000e+00
   outer loop
     vertex -3.066535e+01 -1.819918e+02  1.800000e+01
     vertex -3.300000e+01 -1.844000e+02  1.800000e+01
     vertex -3.071975e+01 -1.819728e+02  1.800000e+01
   endloop
 endfacet
 facet normal  0.000000e+00 -0.000000e+00 -1.000000e+00
   outer loop
     vertex -3.199633e+01 -1.806517e+02  1.800000e+01
     vertex -3.197770e+01 -1.807062e+02  1.800000e+01
     vertex -3.440000e+01 -1.830000e+02  1.800000e+01
   endloop
 endfacet
 facet normal -0.000000e+00  0.000000e+00 -1.000000e+00
   outer loop
     vertex -3.061046e+01 -1.820093e+02  1.800000e+01
     vertex -3.300000e+01 -1.844000e+02  1.800000e+01
     vertex -3.066535e+01 -1.819918e+02  1.800000e+01
   endloop
 endfacet
 facet normal  0.000000e+00 -0.000000e+00 -1.000000e+00
   outer loop
     vertex -3.201345e+01 -1.805967e+02  1.800000e+01
     vertex -3.199633e+01 -1.806517e+02  1.800000e+01
     vertex -3.440000e+01 -1.830000e+02  1.800000e+01
   endloop
 endfacet
 facet normal -0.000000e+00  0.000000e+00 -1.000000e+00
   outer loop
     vertex -3.055511e+01 -1.820253e+02  1.800000e+01
     vertex -3.300000e+01 -1.844000e+02  1.800000e+01
     vertex -3.061046e+01 -1.820093e+02  1.800000e+01
   endloop
 endfacet
 facet normal  0.000000e+00 -0.000000e+00 -1.000000e+00
   outer loop
     vertex -3.202906e+01 -1.805412e+02  1.800000e+01
     vertex -3.201345e+01 -1.805967e+02  1.800000e+01
     vertex -3.440000e+01 -1.830000e+02  1.800000e+01
   endloop
 endfacet
 facet normal -0.000000e+00  0.000000e+00 -1.000000e+00
   outer loop
     vertex -3.049933e+01 -1.820398e+02  1.800000e+01
     vertex -3.300000e+01 -1.844000e+02  1.800000e+01
     vertex -3.055511e+01 -1.820253e+02  1.800000e+01
   endloop
 endfacet
 facet normal  0.000000e+00 -0.000000e+00 -1.000000e+00
   outer loop
     vertex -3.204315e+01 -1.804853e+02  1.800000e+01
     vertex -3.202906e+01 -1.805412e+02  1.800000e+01
     vertex -3.440000e+01 -1.830000e+02  1.800000e+01
   endloop
 endfacet
 facet normal -0.000000e+00  0.000000e+00 -1.000000e+00
   outer loop
     vertex -3.044319e+01 -1.820527e+02  1.800000e+01
     vertex -3.300000e+01 -1.844000e+02  1.800000e+01
     vertex -3.049933e+01 -1.820398e+02  1.800000e+01
   endloop
 endfacet
 facet normal  0.000000e+00 -0.000000e+00 -1.000000e+00
   outer loop
     vertex -3.205569e+01 -1.804291e+02  1.800000e+01
     vertex -3.204315e+01 -1.804853e+02  1.800000e+01
     vertex -3.440000e+01 -1.830000e+02  1.800000e+01
   endloop
 endfacet
 facet normal -0.000000e+00  0.000000e+00 -1.000000e+00
   outer loop
     vertex -3.038671e+01 -1.820641e+02  1.800000e+01
     vertex -3.300000e+01 -1.844000e+02  1.800000e+01
     vertex -3.044319e+01 -1.820527e+02  1.800000e+01
   endloop
 endfacet
 facet normal  0.000000e+00 -0.000000e+00 -1.000000e+00
   outer loop
     vertex -3.206669e+01 -1.803725e+02  1.800000e+01
     vertex -3.205569e+01 -1.804291e+02  1.800000e+01
     vertex -3.440000e+01 -1.830000e+02  1.800000e+01
   endloop
 endfacet
 facet normal -0.000000e+00  0.000000e+00 -1.000000e+00
   outer loop
     vertex -3.032994e+01 -1.820739e+02  1.800000e+01
     vertex -3.300000e+01 -1.844000e+02  1.800000e+01
     vertex -3.038671e+01 -1.820641e+02  1.800000e+01
   endloop
 endfacet
 facet normal  0.000000e+00 -0.000000e+00 -1.000000e+00
   outer loop
     vertex -3.207613e+01 -1.803157e+02  1.800000e+01
     vertex -3.206669e+01 -1.803725e+02  1.800000e+01
     vertex -3.440000e+01 -1.830000e+02  1.800000e+01
   endloop
 endfacet
 facet normal -0.000000e+00  0.000000e+00 -1.000000e+00
   outer loop
     vertex -3.027291e+01 -1.820822e+02  1.800000e+01
     vertex -3.300000e+01 -1.844000e+02  1.800000e+01
     vertex -3.032994e+01 -1.820739e+02  1.800000e+01
   endloop
 endfacet
 facet normal  0.000000e+00 -0.000000e+00 -1.000000e+00
   outer loop
     vertex -3.208401e+01 -1.802586e+02  1.800000e+01
     vertex -3.207613e+01 -1.803157e+02  1.800000e+01
     vertex -3.440000e+01 -1.830000e+02  1.800000e+01
   endloop
 endfacet
 facet normal -0.000000e+00  0.000000e+00 -1.000000e+00
   outer loop
     vertex -3.021569e+01 -1.820889e+02  1.800000e+01
     vertex -3.300000e+01 -1.844000e+02  1.800000e+01
     vertex -3.027291e+01 -1.820822e+02  1.800000e+01
   endloop
 endfacet
 facet normal  0.000000e+00 -0.000000e+00 -1.000000e+00
   outer loop
     vertex -3.209032e+01 -1.802014e+02  1.800000e+01
     vertex -3.208401e+01 -1.802586e+02  1.800000e+01
     vertex -3.440000e+01 -1.830000e+02  1.800000e+01
   endloop
 endfacet
 facet normal -0.000000e+00  0.000000e+00 -1.000000e+00
   outer loop
     vertex -3.015830e+01 -1.820940e+02  1.800000e+01
     vertex -3.300000e+01 -1.844000e+02  1.800000e+01
     vertex -3.021569e+01 -1.820889e+02  1.800000e+01
   endloop
 endfacet
 facet normal  0.000000e+00 -0.000000e+00 -1.000000e+00
   outer loop
     vertex -3.209506e+01 -1.801439e+02  1.800000e+01
     vertex -3.209032e+01 -1.802014e+02  1.800000e+01
     vertex -3.440000e+01 -1.830000e+02  1.800000e+01
   endloop
 endfacet
 facet normal -0.000000e+00  0.000000e+00 -1.000000e+00
   outer loop
     vertex -3.010079e+01 -1.820976e+02  1.800000e+01
     vertex -3.300000e+01 -1.844000e+02  1.800000e+01
     vertex -3.015830e+01 -1.820940e+02  1.800000e+01
   endloop
 endfacet
 facet normal  0.000000e+00 -0.000000e+00 -1.000000e+00
   outer loop
     vertex -3.209822e+01 -1.800864e+02  1.800000e+01
     vertex -3.209506e+01 -1.801439e+02  1.800000e+01
     vertex -3.440000e+01 -1.830000e+02  1.800000e+01
   endloop
 endfacet
 facet normal -0.000000e+00  0.000000e+00 -1.000000e+00
   outer loop
     vertex -3.004321e+01 -1.820996e+02  1.800000e+01
     vertex -3.300000e+01 -1.844000e+02  1.800000e+01
     vertex -3.010079e+01 -1.820976e+02  1.800000e+01
   endloop
 endfacet
 facet normal  0.000000e+00 -0.000000e+00 -1.000000e+00
   outer loop
     vertex -3.209980e+01 -1.800288e+02  1.800000e+01
     vertex -3.209822e+01 -1.800864e+02  1.800000e+01
     vertex -3.440000e+01 -1.830000e+02  1.800000e+01
   endloop
 endfacet
 facet normal -0.000000e+00  0.000000e+00 -1.000000e+00
   outer loop
     vertex -2.998560e+01 -1.821000e+02  1.800000e+01
     vertex -3.300000e+01 -1.844000e+02  1.800000e+01
     vertex -3.004321e+01 -1.820996e+02  1.800000e+01
   endloop
 endfacet
 facet normal  0.000000e+00  0.000000e+00 -1.000000e+00
   outer loop
     vertex -2.700000e+01 -1.844000e+02  1.800000e+01
     vertex -3.300000e+01 -1.844000e+02  1.800000e+01
     vertex -2.998560e+01 -1.821000e+02  1.800000e+01
   endloop
 endfacet
 facet normal  0.000000e+00  0.000000e+00 -1.000000e+00
   outer loop
     vertex -2.700000e+01 -1.844000e+02  1.800000e+01
     vertex -2.998560e+01 -1.821000e+02  1.800000e+01
     vertex -2.992799e+01 -1.820988e+02  1.800000e+01
   endloop
 endfacet
 facet normal  0.000000e+00  0.000000e+00 -1.000000e+00
   outer loop
     vertex -2.700000e+01 -1.844000e+02  1.800000e+01
     vertex -2.992799e+01 -1.820988e+02  1.800000e+01
     vertex -2.987044e+01 -1.820960e+02  1.800000e+01
   endloop
 endfacet
 facet normal  0.000000e+00  0.000000e+00 -1.000000e+00
   outer loop
     vertex -2.700000e+01 -1.844000e+02  1.800000e+01
     vertex -2.987044e+01 -1.820960e+02  1.800000e+01
     vertex -2.981299e+01 -1.820917e+02  1.800000e+01
   endloop
 endfacet
 facet normal  0.000000e+00  0.000000e+00 -1.000000e+00
   outer loop
     vertex -2.700000e+01 -1.844000e+02  1.800000e+01
     vertex -2.981299e+01 -1.820917e+02  1.800000e+01
     vertex -2.975567e+01 -1.820857e+02  1.800000e+01
   endloop
 endfacet
 facet normal  0.000000e+00  0.000000e+00 -1.000000e+00
   outer loop
     vertex -2.700000e+01 -1.844000e+02  1.800000e+01
     vertex -2.975567e+01 -1.820857e+02  1.800000e+01
     vertex -2.969855e+01 -1.820783e+02  1.800000e+01
   endloop
 endfacet
 facet normal  0.000000e+00  0.000000e+00 -1.000000e+00
   outer loop
     vertex -2.700000e+01 -1.844000e+02  1.800000e+01
     vertex -2.969855e+01 -1.820783e+02  1.800000e+01
     vertex -2.964165e+01 -1.820692e+02  1.800000e+01
   endloop
 endfacet
 facet normal  0.000000e+00  0.000000e+00 -1.000000e+00
   outer loop
     vertex -2.700000e+01 -1.844000e+02  1.800000e+01
     vertex -2.964165e+01 -1.820692e+02  1.800000e+01
     vertex -2.958501e+01 -1.820586e+02  1.800000e+01
   endloop
 endfacet
 facet normal  0.000000e+00  0.000000e+00 -1.000000e+00
   outer loop
     vertex -2.700000e+01 -1.844000e+02  1.800000e+01
     vertex -2.958501e+01 -1.820586e+02  1.800000e+01
     vertex -2.952869e+01 -1.820464e+02  1.800000e+01
   endloop
 endfacet
 facet normal  0.000000e+00  0.000000e+00 -1.000000e+00
   outer loop
     vertex -2.700000e+01 -1.844000e+02  1.800000e+01
     vertex -2.952869e+01 -1.820464e+02  1.800000e+01
     vertex -2.947273e+01 -1.820327e+02  1.800000e+01
   endloop
 endfacet
 facet normal  0.000000e+00  0.000000e+00 -1.000000e+00
   outer loop
     vertex -2.700000e+01 -1.844000e+02  1.800000e+01
     vertex -2.947273e+01 -1.820327e+02  1.800000e+01
     vertex -2.941716e+01 -1.820175e+02  1.800000e+01
   endloop
 endfacet
 facet normal  0.000000e+00  0.000000e+00 -1.000000e+00
   outer loop
     vertex -3.440000e+01 -1.770000e+02  1.800000e+01
     vertex -3.201345e+01 -1.794033e+02  1.800000e+01
     vertex -3.202906e+01 -1.794588e+02  1.800000e+01
   endloop
 endfacet
 facet normal  0.000000e+00  0.000000e+00 -1.000000e+00
   outer loop
     vertex -3.440000e+01 -1.770000e+02  1.800000e+01
     vertex -3.202906e+01 -1.794588e+02  1.800000e+01
     vertex -3.204315e+01 -1.795147e+02  1.800000e+01
   endloop
 endfacet
 facet normal  0.000000e+00  0.000000e+00 -1.000000e+00
   outer loop
     vertex -3.440000e+01 -1.770000e+02  1.800000e+01
     vertex -3.204315e+01 -1.795147e+02  1.800000e+01
     vertex -3.205569e+01 -1.795709e+02  1.800000e+01
   endloop
 endfacet
 facet normal  0.000000e+00  0.000000e+00 -1.000000e+00
   outer loop
     vertex -3.440000e+01 -1.770000e+02  1.800000e+01
     vertex -3.205569e+01 -1.795709e+02  1.800000e+01
     vertex -3.206669e+01 -1.796275e+02  1.800000e+01
   endloop
 endfacet
 facet normal  0.000000e+00  0.000000e+00 -1.000000e+00
   outer loop
     vertex -3.440000e+01 -1.770000e+02  1.800000e+01
     vertex -3.206669e+01 -1.796275e+02  1.800000e+01
     vertex -3.207613e+01 -1.796843e+02  1.800000e+01
   endloop
 endfacet
 facet normal  0.000000e+00  0.000000e+00 -1.000000e+00
   outer loop
     vertex -3.440000e+01 -1.770000e+02  1.800000e+01
     vertex -3.207613e+01 -1.796843e+02  1.800000e+01
     vertex -3.208401e+01 -1.797414e+02  1.800000e+01
   endloop
 endfacet
 facet normal  0.000000e+00  0.000000e+00 -1.000000e+00
   outer loop
     vertex -3.440000e+01 -1.770000e+02  1.800000e+01
     vertex -3.208401e+01 -1.797414e+02  1.800000e+01
     vertex -3.209032e+01 -1.797986e+02  1.800000e+01
   endloop
 endfacet
 facet normal  0.000000e+00  0.000000e+00 -1.000000e+00
   outer loop
     vertex -3.440000e+01 -1.770000e+02  1.800000e+01
     vertex -3.209032e+01 -1.797986e+02  1.800000e+01
     vertex -3.209506e+01 -1.798561e+02  1.800000e+01
   endloop
 endfacet
 facet normal  0.000000e+00  0.000000e+00 -1.000000e+00
   outer loop
     vertex -3.440000e+01 -1.770000e+02  1.800000e+01
     vertex -3.209506e+01 -1.798561e+02  1.800000e+01
     vertex -3.209822e+01 -1.799136e+02  1.800000e+01
   endloop
 endfacet
 facet normal  0.000000e+00  0.000000e+00 -1.000000e+00
   outer loop
     vertex -3.440000e+01 -1.770000e+02  1.800000e+01
     vertex -3.209822e+01 -1.799136e+02  1.800000e+01
     vertex -3.209980e+01 -1.799712e+02  1.800000e+01
   endloop
 endfacet
 facet normal  0.000000e+00  0.000000e+00 -1.000000e+00
   outer loop
     vertex -3.440000e+01 -1.770000e+02  1.800000e+01
     vertex -3.209980e+01 -1.799712e+02  1.800000e+01
     vertex -3.209980e+01 -1.800288e+02  1.800000e+01
   endloop
 endfacet
 facet normal  0.000000e+00  0.000000e+00 -1.000000e+00
   outer loop
     vertex -3.440000e+01 -1.770000e+02  1.800000e+01
     vertex -3.209980e+01 -1.800288e+02  1.800000e+01
     vertex -3.440000e+01 -1.830000e+02  1.800000e+01
   endloop
 endfacet
 facet normal  0.000000e+00 -0.000000e+00 -1.000000e+00
   outer loop
     vertex -2.936203e+01 -1.820007e+02  1.800000e+01
     vertex -2.700000e+01 -1.844000e+02  1.800000e+01
     vertex -2.941716e+01 -1.820175e+02  1.800000e+01
   endloop
 endfacet
 facet normal -0.000000e+00  0.000000e+00 -1.000000e+00
   outer loop
     vertex -3.199633e+01 -1.793483e+02  1.800000e+01
     vertex -3.201345e+01 -1.794033e+02  1.800000e+01
     vertex -3.440000e+01 -1.770000e+02  1.800000e+01
   endloop
 endfacet
 facet normal  0.000000e+00 -0.000000e+00 -1.000000e+00
   outer loop
     vertex -2.930739e+01 -1.819825e+02  1.800000e+01
     vertex -2.700000e+01 -1.844000e+02  1.800000e+01
     vertex -2.936203e+01 -1.820007e+02  1.800000e+01
   endloop
 endfacet
 facet normal -0.000000e+00  0.000000e+00 -1.000000e+00
   outer loop
     vertex -3.197770e+01 -1.792938e+02  1.800000e+01
     vertex -3.199633e+01 -1.793483e+02  1.800000e+01
     vertex -3.440000e+01 -1.770000e+02  1.800000e+01
   endloop
 endfacet
 facet normal  0.000000e+00 -0.000000e+00 -1.000000e+00
   outer loop
     vertex -2.925326e+01 -1.819627e+02  1.800000e+01
     vertex -2.700000e+01 -1.844000e+02  1.800000e+01
     vertex -2.930739e+01 -1.819825e+02  1.800000e+01
   endloop
 endfacet
 facet normal -0.000000e+00  0.000000e+00 -1.000000e+00
   outer loop
     vertex -3.195758e+01 -1.792398e+02  1.800000e+01
     vertex -3.197770e+01 -1.792938e+02  1.800000e+01
     vertex -3.440000e+01 -1.770000e+02  1.800000e+01
   endloop
 endfacet
 facet normal  0.000000e+00 -0.000000e+00 -1.000000e+00
   outer loop
     vertex -2.919969e+01 -1.819415e+02  1.800000e+01
     vertex -2.700000e+01 -1.844000e+02  1.800000e+01
     vertex -2.925326e+01 -1.819627e+02  1.800000e+01
   endloop
 endfacet
 facet normal -0.000000e+00  0.000000e+00 -1.000000e+00
   outer loop
     vertex -3.193599e+01 -1.791864e+02  1.800000e+01
     vertex -3.195758e+01 -1.792398e+02  1.800000e+01
     vertex -3.440000e+01 -1.770000e+02  1.800000e+01
   endloop
 endfacet
 facet normal  0.000000e+00 -0.000000e+00 -1.000000e+00
   outer loop
     vertex -2.914673e+01 -1.819188e+02  1.800000e+01
     vertex -2.700000e+01 -1.844000e+02  1.800000e+01
     vertex -2.919969e+01 -1.819415e+02  1.800000e+01
   endloop
 endfacet
 facet normal -0.000000e+00  0.000000e+00 -1.000000e+00
   outer loop
     vertex -3.191294e+01 -1.791336e+02  1.800000e+01
     vertex -3.193599e+01 -1.791864e+02  1.800000e+01
     vertex -3.440000e+01 -1.770000e+02  1.800000e+01
   endloop
 endfacet
 facet normal  0.000000e+00 -0.000000e+00 -1.000000e+00
   outer loop
     vertex -2.909441e+01 -1.818947e+02  1.800000e+01
     vertex -2.700000e+01 -1.844000e+02  1.800000e+01
     vertex -2.914673e+01 -1.819188e+02  1.800000e+01
   endloop
 endfacet
 facet normal -0.000000e+00  0.000000e+00 -1.000000e+00
   outer loop
     vertex -3.188845e+01 -1.790814e+02  1.800000e+01
     vertex -3.191294e+01 -1.791336e+02  1.800000e+01
     vertex -3.440000e+01 -1.770000e+02  1.800000e+01
   endloop
 endfacet
 facet normal  0.000000e+00 -0.000000e+00 -1.000000e+00
   outer loop
     vertex -2.904277e+01 -1.818691e+02  1.800000e+01
     vertex -2.700000e+01 -1.844000e+02  1.800000e+01
     vertex -2.909441e+01 -1.818947e+02  1.800000e+01
   endloop
 endfacet
 facet normal -0.000000e+00  0.000000e+00 -1.000000e+00
   outer loop
     vertex -3.186254e+01 -1.790300e+02  1.800000e+01
     vertex -3.188845e+01 -1.790814e+02  1.800000e+01
     vertex -3.440000e+01 -1.770000e+02  1.800000e+01
   endloop
 endfacet
 facet normal  0.000000e+00 -0.000000e+00 -1.000000e+00
   outer loop
     vertex -2.899185e+01 -1.818422e+02  1.800000e+01
     vertex -2.700000e+01 -1.844000e+02  1.800000e+01
     vertex -2.904277e+01 -1.818691e+02  1.800000e+01
   endloop
 endfacet
 facet normal -0.000000e+00  0.000000e+00 -1.000000e+00
   outer loop
     vertex -3.183523e+01 -1.789792e+02  1.800000e+01
     vertex -3.186254e+01 -1.790300e+02  1.800000e+01
     vertex -3.440000e+01 -1.770000e+02  1.800000e+01
   endloop
 endfacet
 facet normal  0.000000e+00 -0.000000e+00 -1.000000e+00
   outer loop
     vertex -2.894169e+01 -1.818138e+02  1.800000e+01
     vertex -2.700000e+01 -1.844000e+02  1.800000e+01
     vertex -2.899185e+01 -1.818422e+02  1.800000e+01
   endloop
 endfacet
 facet normal -0.000000e+00  0.000000e+00 -1.000000e+00
   outer loop
     vertex -3.180653e+01 -1.789293e+02  1.800000e+01
     vertex -3.183523e+01 -1.789792e+02  1.800000e+01
     vertex -3.440000e+01 -1.770000e+02  1.800000e+01
   endloop
 endfacet
 facet normal  0.000000e+00 -0.000000e+00 -1.000000e+00
   outer loop
     vertex -2.889233e+01 -1.817841e+02  1.800000e+01
     vertex -2.700000e+01 -1.844000e+02  1.800000e+01
     vertex -2.894169e+01 -1.818138e+02  1.800000e+01
   endloop
 endfacet
 facet normal -0.000000e+00  0.000000e+00 -1.000000e+00
   outer loop
     vertex -3.177648e+01 -1.788801e+02  1.800000e+01
     vertex -3.180653e+01 -1.789293e+02  1.800000e+01
     vertex -3.440000e+01 -1.770000e+02  1.800000e+01
   endloop
 endfacet
 facet normal  0.000000e+00 -0.000000e+00 -1.000000e+00
   outer loop
     vertex -2.884380e+01 -1.817531e+02  1.800000e+01
     vertex -2.700000e+01 -1.844000e+02  1.800000e+01
     vertex -2.889233e+01 -1.817841e+02  1.800000e+01
   endloop
 endfacet
 facet normal -0.000000e+00  0.000000e+00 -1.000000e+00
   outer loop
     vertex -3.174509e+01 -1.788318e+02  1.800000e+01
     vertex -3.177648e+01 -1.788801e+02  1.800000e+01
     vertex -3.440000e+01 -1.770000e+02  1.800000e+01
   endloop
 endfacet
 facet normal  0.000000e+00 -0.000000e+00 -1.000000e+00
   outer loop
     vertex -2.879615e+01 -1.817207e+02  1.800000e+01
     vertex -2.700000e+01 -1.844000e+02  1.800000e+01
     vertex -2.884380e+01 -1.817531e+02  1.800000e+01
   endloop
 endfacet
 facet normal -0.000000e+00  0.000000e+00 -1.000000e+00
   outer loop
     vertex -3.171238e+01 -1.787844e+02  1.800000e+01
     vertex -3.174509e+01 -1.788318e+02  1.800000e+01
     vertex -3.440000e+01 -1.770000e+02  1.800000e+01
   endloop
 endfacet
 facet normal  0.000000e+00 -0.000000e+00 -1.000000e+00
   outer loop
     vertex -2.874939e+01 -1.816870e+02  1.800000e+01
     vertex -2.700000e+01 -1.844000e+02  1.800000e+01
     vertex -2.879615e+01 -1.817207e+02  1.800000e+01
   endloop
 endfacet
 facet normal -0.000000e+00  0.000000e+00 -1.000000e+00
   outer loop
     vertex -3.167839e+01 -1.787379e+02  1.800000e+01
     vertex -3.171238e+01 -1.787844e+02  1.800000e+01
     vertex -3.440000e+01 -1.770000e+02  1.800000e+01
   endloop
 endfacet
 facet normal  0.000000e+00 -0.000000e+00 -1.000000e+00
   outer loop
     vertex -2.870358e+01 -1.816521e+02  1.800000e+01
     vertex -2.700000e+01 -1.844000e+02  1.800000e+01
     vertex -2.874939e+01 -1.816870e+02  1.800000e+01
   endloop
 endfacet
 facet normal -0.000000e+00  0.000000e+00 -1.000000e+00
   outer loop
     vertex -3.164313e+01 -1.786923e+02  1.800000e+01
     vertex -3.167839e+01 -1.787379e+02  1.800000e+01
     vertex -3.440000e+01 -1.770000e+02  1.800000e+01
   endloop
 endfacet
 facet normal  0.000000e+00 -0.000000e+00 -1.000000e+00
   outer loop
     vertex -2.865875e+01 -1.816159e+02  1.800000e+01
     vertex -2.700000e+01 -1.844000e+02  1.800000e+01
     vertex -2.870358e+01 -1.816521e+02  1.800000e+01
   endloop
 endfacet
 facet normal -0.000000e+00  0.000000e+00 -1.000000e+00
   outer loop
     vertex -3.160663e+01 -1.786477e+02  1.800000e+01
     vertex -3.164313e+01 -1.786923e+02  1.800000e+01
     vertex -3.440000e+01 -1.770000e+02  1.800000e+01
   endloop
 endfacet
 facet normal  0.000000e+00 -0.000000e+00 -1.000000e+00
   outer loop
     vertex -2.861492e+01 -1.815785e+02  1.800000e+01
     vertex -2.700000e+01 -1.844000e+02  1.800000e+01
     vertex -2.865875e+01 -1.816159e+02  1.800000e+01
   endloop
 endfacet
 facet normal -0.000000e+00  0.000000e+00 -1.000000e+00
   outer loop
     vertex -3.156893e+01 -1.786041e+02  1.800000e+01
     vertex -3.160663e+01 -1.786477e+02  1.800000e+01
     vertex -3.440000e+01 -1.770000e+02  1.800000e+01
   endloop
 endfacet
 facet normal  0.000000e+00 -0.000000e+00 -1.000000e+00
   outer loop
     vertex -2.857214e+01 -1.815399e+02  1.800000e+01
     vertex -2.700000e+01 -1.844000e+02  1.800000e+01
     vertex -2.861492e+01 -1.815785e+02  1.800000e+01
   endloop
 endfacet
 facet normal -0.000000e+00  0.000000e+00 -1.000000e+00
   outer loop
     vertex -3.153005e+01 -1.785616e+02  1.800000e+01
     vertex -3.156893e+01 -1.786041e+02  1.800000e+01
     vertex -3.440000e+01 -1.770000e+02  1.800000e+01
   endloop
 endfacet
 facet normal  0.000000e+00 -0.000000e+00 -1.000000e+00
   outer loop
     vertex -2.853043e+01 -1.815001e+02  1.800000e+01
     vertex -2.700000e+01 -1.844000e+02  1.800000e+01
     vertex -2.857214e+01 -1.815399e+02  1.800000e+01
   endloop
 endfacet
 facet normal -0.000000e+00  0.000000e+00 -1.000000e+00
   outer loop
     vertex -3.149001e+01 -1.785202e+02  1.800000e+01
     vertex -3.153005e+01 -1.785616e+02  1.800000e+01
     vertex -3.440000e+01 -1.770000e+02  1.800000e+01
   endloop
 endfacet
 facet normal  0.000000e+00  0.000000e+00 -1.000000e+00
   outer loop
     vertex -4.000000e+01 -1.700000e+02  1.800000e+01
     vertex -3.440000e+01 -1.770000e+02  1.800000e+01
     vertex -4.000000e+01 -1.770000e+02  1.800000e+01
   endloop
 endfacet
 facet normal  0.000000e+00  0.000000e+00 -1.000000e+00
   outer loop
     vertex -2.000000e+01 -1.900000e+02  1.800000e+01
     vertex -2.700000e+01 -1.900000e+02  1.800000e+01
     vertex -2.700000e+01 -1.844000e+02  1.800000e+01
   endloop
 endfacet
 facet normal -0.000000e+00  0.000000e+00 -1.000000e+00
   outer loop
     vertex -3.300000e+01 -1.756000e+02  1.800000e+01
     vertex -3.440000e+01 -1.770000e+02  1.800000e+01
     vertex -4.000000e+01 -1.700000e+02  1.800000e+01
   endloop
 endfacet
 facet normal  0.000000e+00  0.000000e+00 -1.000000e+00
   outer loop
     vertex -3.300000e+01 -1.756000e+02  1.800000e+01
     vertex -3.061046e+01 -1.779907e+02  1.800000e+01
     vertex -3.066535e+01 -1.780082e+02  1.800000e+01
   endloop
 endfacet
 facet normal  0.000000e+00  0.000000e+00 -1.000000e+00
   outer loop
     vertex -3.300000e+01 -1.756000e+02  1.800000e+01
     vertex -3.066535e+01 -1.780082e+02  1.800000e+01
     vertex -3.071975e+01 -1.780272e+02  1.800000e+01
   endloop
 endfacet
 facet normal  0.000000e+00  0.000000e+00 -1.000000e+00
   outer loop
     vertex -3.300000e+01 -1.756000e+02  1.800000e+01
     vertex -3.071975e+01 -1.780272e+02  1.800000e+01
     vertex -3.077360e+01 -1.780477e+02  1.800000e+01
   endloop
 endfacet
 facet normal  0.000000e+00  0.000000e+00 -1.000000e+00
   outer loop
     vertex -3.300000e+01 -1.756000e+02  1.800000e+01
     vertex -3.077360e+01 -1.780477e+02  1.800000e+01
     vertex -3.082687e+01 -1.780696e+02  1.800000e+01
   endloop
 endfacet
 facet normal  0.000000e+00  0.000000e+00 -1.000000e+00
   outer loop
     vertex -3.300000e+01 -1.756000e+02  1.800000e+01
     vertex -3.082687e+01 -1.780696e+02  1.800000e+01
     vertex -3.087951e+01 -1.780931e+02  1.800000e+01
   endloop
 endfacet
 facet normal  0.000000e+00  0.000000e+00 -1.000000e+00
   outer loop
     vertex -3.300000e+01 -1.756000e+02  1.800000e+01
     vertex -3.087951e+01 -1.780931e+02  1.800000e+01
     vertex -3.093150e+01 -1.781179e+02  1.800000e+01
   endloop
 endfacet
 facet normal  0.000000e+00  0.000000e+00 -1.000000e+00
   outer loop
     vertex -3.300000e+01 -1.756000e+02  1.800000e+01
     vertex -3.093150e+01 -1.781179e+02  1.800000e+01
     vertex -3.098278e+01 -1.781442e+02  1.800000e+01
   endloop
 endfacet
 facet normal  0.000000e+00  0.000000e+00 -1.000000e+00
   outer loop
     vertex -3.300000e+01 -1.756000e+02  1.800000e+01
     vertex -3.098278e+01 -1.781442e+02  1.800000e+01
     vertex -3.103332e+01 -1.781718e+02  1.800000e+01
   endloop
 endfacet
 facet normal  0.000000e+00  0.000000e+00 -1.000000e+00
   outer loop
     vertex -3.300000e+01 -1.756000e+02  1.800000e+01
     vertex -3.103332e+01 -1.781718e+02  1.800000e+01
     vertex -3.108309e+01 -1.782009e+02  1.800000e+01
   endloop
 endfacet
 facet normal  0.000000e+00  0.000000e+00 -1.000000e+00
   outer loop
     vertex -3.300000e+01 -1.756000e+02  1.800000e+01
     vertex -3.108309e+01 -1.782009e+02  1.800000e+01
     vertex -3.113204e+01 -1.782312e+02  1.800000e+01
   endloop
 endfacet
 facet normal  0.000000e+00  0.000000e+00 -1.000000e+00
   outer loop
     vertex -3.300000e+01 -1.756000e+02  1.800000e+01
     vertex -3.113204e+01 -1.782312e+02  1.800000e+01
     vertex -3.118014e+01 -1.782630e+02  1.800000e+01
   endloop
 endfacet
 facet normal  0.000000e+00  0.000000e+00 -1.000000e+00
   outer loop
     vertex -3.300000e+01 -1.756000e+02  1.800000e+01
     vertex -3.118014e+01 -1.782630e+02  1.800000e+01
     vertex -3.122735e+01 -1.782960e+02  1.800000e+01
   endloop
 endfacet
 facet normal  0.000000e+00  0.000000e+00 -1.000000e+00
   outer loop
     vertex -3.300000e+01 -1.756000e+02  1.800000e+01
     vertex -3.122735e+01 -1.782960e+02  1.800000e+01
     vertex -3.127363e+01 -1.783303e+02  1.800000e+01
   endloop
 endfacet
 facet normal  0.000000e+00  0.000000e+00 -1.000000e+00
   outer loop
     vertex -3.300000e+01 -1.756000e+02  1.800000e+01
     vertex -3.127363e+01 -1.783303e+02  1.800000e+01
     vertex -3.131896e+01 -1.783659e+02  1.800000e+01
   endloop
 endfacet
 facet normal  0.000000e+00  0.000000e+00 -1.000000e+00
   outer loop
     vertex -3.300000e+01 -1.756000e+02  1.800000e+01
     vertex -3.131896e+01 -1.783659e+02  1.800000e+01
     vertex -3.136329e+01 -1.784027e+02  1.800000e+01
   endloop
 endfacet
 facet normal  0.000000e+00 -0.000000e+00 -1.000000e+00
   outer loop
     vertex -3.300000e+01 -1.756000e+02  1.800000e+01
     vertex -3.149001e+01 -1.785202e+02  1.800000e+01
     vertex -3.440000e+01 -1.770000e+02  1.800000e+01
   endloop
 endfacet
 facet normal  0.000000e+00  0.000000e+00 -1.000000e+00
   outer loop
     vertex -3.300000e+01 -1.756000e+02  1.800000e+01
     vertex -3.136329e+01 -1.784027e+02  1.800000e+01
     vertex -3.140660e+01 -1.784407e+02  1.800000e+01
   endloop
 endfacet
 facet normal  0.000000e+00  0.000000e+00 -1.000000e+00
   outer loop
     vertex -3.300000e+01 -1.756000e+02  1.800000e+01
     vertex -3.140660e+01 -1.784407e+02  1.800000e+01
     vertex -3.144885e+01 -1.784799e+02  1.800000e+01
   endloop
 endfacet
 facet normal  0.000000e+00  0.000000e+00 -1.000000e+00
   outer loop
     vertex -3.300000e+01 -1.756000e+02  1.800000e+01
     vertex -3.144885e+01 -1.784799e+02  1.800000e+01
     vertex -3.149001e+01 -1.785202e+02  1.800000e+01
   endloop
 endfacet
 facet normal  0.000000e+00  0.000000e+00 -1.000000e+00
   outer loop
     vertex -2.560000e+01 -1.830000e+02  1.800000e+01
     vertex -2.848983e+01 -1.814592e+02  1.800000e+01
     vertex -2.845037e+01 -1.814173e+02  1.800000e+01
   endloop
 endfacet
 facet normal  0.000000e+00  0.000000e+00 -1.000000e+00
   outer loop
     vertex -2.560000e+01 -1.830000e+02  1.800000e+01
     vertex -2.845037e+01 -1.814173e+02  1.800000e+01
     vertex -2.841207e+01 -1.813742e+02  1.800000e+01
   endloop
 endfacet
 facet normal  0.000000e+00  0.000000e+00 -1.000000e+00
   outer loop
     vertex -2.560000e+01 -1.830000e+02  1.800000e+01
     vertex -2.841207e+01 -1.813742e+02  1.800000e+01
     vertex -2.837497e+01 -1.813301e+02  1.800000e+01
   endloop
 endfacet
 facet normal  0.000000e+00  0.000000e+00 -1.000000e+00
   outer loop
     vertex -2.560000e+01 -1.830000e+02  1.800000e+01
     vertex -2.837497e+01 -1.813301e+02  1.800000e+01
     vertex -2.833909e+01 -1.812851e+02  1.800000e+01
   endloop
 endfacet
 facet normal  0.000000e+00  0.000000e+00 -1.000000e+00
   outer loop
     vertex -2.560000e+01 -1.830000e+02  1.800000e+01
     vertex -2.833909e+01 -1.812851e+02  1.800000e+01
     vertex -2.830446e+01 -1.812390e+02  1.800000e+01
   endloop
 endfacet
 facet normal  0.000000e+00  0.000000e+00 -1.000000e+00
   outer loop
     vertex -2.560000e+01 -1.830000e+02  1.800000e+01
     vertex -2.830446e+01 -1.812390e+02  1.800000e+01
     vertex -2.827110e+01 -1.811920e+02  1.800000e+01
   endloop
 endfacet
 facet normal  0.000000e+00  0.000000e+00 -1.000000e+00
   outer loop
     vertex -2.560000e+01 -1.830000e+02  1.800000e+01
     vertex -2.827110e+01 -1.811920e+02  1.800000e+01
     vertex -2.823905e+01 -1.811441e+02  1.800000e+01
   endloop
 endfacet
 facet normal  0.000000e+00  0.000000e+00 -1.000000e+00
   outer loop
     vertex -2.560000e+01 -1.830000e+02  1.800000e+01
     vertex -2.823905e+01 -1.811441e+02  1.800000e+01
     vertex -2.820833e+01 -1.810954e+02  1.800000e+01
   endloop
 endfacet
 facet normal  0.000000e+00  0.000000e+00 -1.000000e+00
   outer loop
     vertex -2.560000e+01 -1.830000e+02  1.800000e+01
     vertex -2.820833e+01 -1.810954e+02  1.800000e+01
     vertex -2.817895e+01 -1.810458e+02  1.800000e+01
   endloop
 endfacet
 facet normal  0.000000e+00  0.000000e+00 -1.000000e+00
   outer loop
     vertex -2.560000e+01 -1.830000e+02  1.800000e+01
     vertex -2.817895e+01 -1.810458e+02  1.800000e+01
     vertex -2.815094e+01 -1.809955e+02  1.800000e+01
   endloop
 endfacet
 facet normal  0.000000e+00  0.000000e+00 -1.000000e+00
   outer loop
     vertex -2.560000e+01 -1.830000e+02  1.800000e+01
     vertex -2.815094e+01 -1.809955e+02  1.800000e+01
     vertex -2.812433e+01 -1.809444e+02  1.800000e+01
   endloop
 endfacet
 facet normal  0.000000e+00  0.000000e+00 -1.000000e+00
   outer loop
     vertex -2.560000e+01 -1.830000e+02  1.800000e+01
     vertex -2.812433e+01 -1.809444e+02  1.800000e+01
     vertex -2.809913e+01 -1.808926e+02  1.800000e+01
   endloop
 endfacet
 facet normal  0.000000e+00 -0.000000e+00 -1.000000e+00
   outer loop
     vertex -2.560000e+01 -1.830000e+02  1.800000e+01
     vertex -2.000000e+01 -1.900000e+02  1.800000e+01
     vertex -2.700000e+01 -1.844000e+02  1.800000e+01
   endloop
 endfacet
 facet normal  0.000000e+00  0.000000e+00 -1.000000e+00
   outer loop
     vertex -2.560000e+01 -1.830000e+02  1.800000e+01
     vertex -2.809913e+01 -1.808926e+02  1.800000e+01
     vertex -2.807536e+01 -1.808401e+02  1.800000e+01
   endloop
 endfacet
 facet normal  0.000000e+00  0.000000e+00 -1.000000e+00
   outer loop
     vertex -2.560000e+01 -1.830000e+02  1.800000e+01
     vertex -2.807536e+01 -1.808401e+02  1.800000e+01
     vertex -2.805303e+01 -1.807870e+02  1.800000e+01
   endloop
 endfacet
 facet normal  0.000000e+00  0.000000e+00 -1.000000e+00
   outer loop
     vertex -2.560000e+01 -1.830000e+02  1.800000e+01
     vertex -2.805303e+01 -1.807870e+02  1.800000e+01
     vertex -2.803218e+01 -1.807333e+02  1.800000e+01
   endloop
 endfacet
 facet normal  0.000000e+00  0.000000e+00 -1.000000e+00
   outer loop
     vertex -2.560000e+01 -1.830000e+02  1.800000e+01
     vertex -2.803218e+01 -1.807333e+02  1.800000e+01
     vertex -2.801280e+01 -1.806790e+02  1.800000e+01
   endloop
 endfacet
 facet normal  0.000000e+00  0.000000e+00 -1.000000e+00
   outer loop
     vertex -2.560000e+01 -1.830000e+02  1.800000e+01
     vertex -2.801280e+01 -1.806790e+02  1.800000e+01
     vertex -2.799492e+01 -1.806242e+02  1.800000e+01
   endloop
 endfacet
 facet normal -0.000000e+00  0.000000e+00 -1.000000e+00
   outer loop
     vertex -2.560000e+01 -1.830000e+02  1.800000e+01
     vertex -2.700000e+01 -1.844000e+02  1.800000e+01
     vertex -2.853043e+01 -1.815001e+02  1.800000e+01
   endloop
 endfacet
 facet normal  0.000000e+00  0.000000e+00 -1.000000e+00
   outer loop
     vertex -2.560000e+01 -1.830000e+02  1.800000e+01
     vertex -2.853043e+01 -1.815001e+02  1.800000e+01
     vertex -2.848983e+01 -1.814592e+02  1.800000e+01
   endloop
 endfacet
 facet normal  0.000000e+00 -0.000000e+00 -1.000000e+00
   outer loop
     vertex -2.797855e+01 -1.805690e+02  1.800000e+01
     vertex -2.560000e+01 -1.830000e+02  1.800000e+01
     vertex -2.799492e+01 -1.806242e+02  1.800000e+01
   endloop
 endfacet
 facet normal -0.000000e+00  0.000000e+00 -1.000000e+00
   outer loop
     vertex -3.055511e+01 -1.779747e+02  1.800000e+01
     vertex -3.061046e+01 -1.779907e+02  1.800000e+01
     vertex -3.300000e+01 -1.756000e+02  1.800000e+01
   endloop
 endfacet
 facet normal  0.000000e+00 -0.000000e+00 -1.000000e+00
   outer loop
     vertex -2.796370e+01 -1.805133e+02  1.800000e+01
     vertex -2.560000e+01 -1.830000e+02  1.800000e+01
     vertex -2.797855e+01 -1.805690e+02  1.800000e+01
   endloop
 endfacet
 facet normal -0.000000e+00  0.000000e+00 -1.000000e+00
   outer loop
     vertex -3.049933e+01 -1.779602e+02  1.800000e+01
     vertex -3.055511e+01 -1.779747e+02  1.800000e+01
     vertex -3.300000e+01 -1.756000e+02  1.800000e+01
   endloop
 endfacet
 facet normal  0.000000e+00 -0.000000e+00 -1.000000e+00
   outer loop
     vertex -2.795039e+01 -1.804573e+02  1.800000e+01
     vertex -2.560000e+01 -1.830000e+02  1.800000e+01
     vertex -2.796370e+01 -1.805133e+02  1.800000e+01
   endloop
 endfacet
 facet normal -0.000000e+00  0.000000e+00 -1.000000e+00
   outer loop
     vertex -3.044319e+01 -1.779473e+02  1.800000e+01
     vertex -3.049933e+01 -1.779602e+02  1.800000e+01
     vertex -3.300000e+01 -1.756000e+02  1.800000e+01
   endloop
 endfacet
 facet normal  0.000000e+00 -0.000000e+00 -1.000000e+00
   outer loop
     vertex -2.793861e+01 -1.804009e+02  1.800000e+01
     vertex -2.560000e+01 -1.830000e+02  1.800000e+01
     vertex -2.795039e+01 -1.804573e+02  1.800000e+01
   endloop
 endfacet
 facet normal -0.000000e+00  0.000000e+00 -1.000000e+00
   outer loop
     vertex -3.038671e+01 -1.779359e+02  1.800000e+01
     vertex -3.044319e+01 -1.779473e+02  1.800000e+01
     vertex -3.300000e+01 -1.756000e+02  1.800000e+01
   endloop
 endfacet
 facet normal  0.000000e+00 -0.000000e+00 -1.000000e+00
   outer loop
     vertex -2.792839e+01 -1.803442e+02  1.800000e+01
     vertex -2.560000e+01 -1.830000e+02  1.800000e+01
     vertex -2.793861e+01 -1.804009e+02  1.800000e+01
   endloop
 endfacet
 facet normal -0.000000e+00  0.000000e+00 -1.000000e+00
   outer loop
     vertex -3.032994e+01 -1.779261e+02  1.800000e+01
     vertex -3.038671e+01 -1.779359e+02  1.800000e+01
     vertex -3.300000e+01 -1.756000e+02  1.800000e+01
   endloop
 endfacet
 facet normal  0.000000e+00 -0.000000e+00 -1.000000e+00
   outer loop
     vertex -2.791973e+01 -1.802872e+02  1.800000e+01
     vertex -2.560000e+01 -1.830000e+02  1.800000e+01
     vertex -2.792839e+01 -1.803442e+02  1.800000e+01
   endloop
 endfacet
 facet normal -0.000000e+00  0.000000e+00 -1.000000e+00
   outer loop
     vertex -3.027291e+01 -1.779178e+02  1.800000e+01
     vertex -3.032994e+01 -1.779261e+02  1.800000e+01
     vertex -3.300000e+01 -1.756000e+02  1.800000e+01
   endloop
 endfacet
 facet normal  0.000000e+00 -0.000000e+00 -1.000000e+00
   outer loop
     vertex -2.791263e+01 -1.802300e+02  1.800000e+01
     vertex -2.560000e+01 -1.830000e+02  1.800000e+01
     vertex -2.791973e+01 -1.802872e+02  1.800000e+01
   endloop
 endfacet
 facet normal -0.000000e+00  0.000000e+00 -1.000000e+00
   outer loop
     vertex -3.021569e+01 -1.779111e+02  1.800000e+01
     vertex -3.027291e+01 -1.779178e+02  1.800000e+01
     vertex -3.300000e+01 -1.756000e+02  1.800000e+01
   endloop
 endfacet
 facet normal  0.000000e+00 -0.000000e+00 -1.000000e+00
   outer loop
     vertex -2.790711e+01 -1.801727e+02  1.800000e+01
     vertex -2.560000e+01 -1.830000e+02  1.800000e+01
     vertex -2.791263e+01 -1.802300e+02  1.800000e+01
   endloop
 endfacet
 facet normal -0.000000e+00  0.000000e+00 -1.000000e+00
   outer loop
     vertex -3.015830e+01 -1.779060e+02  1.800000e+01
     vertex -3.021569e+01 -1.779111e+02  1.800000e+01
     vertex -3.300000e+01 -1.756000e+02  1.800000e+01
   endloop
 endfacet
 facet normal  0.000000e+00 -0.000000e+00 -1.000000e+00
   outer loop
     vertex -2.790316e+01 -1.801152e+02  1.800000e+01
     vertex -2.560000e+01 -1.830000e+02  1.800000e+01
     vertex -2.790711e+01 -1.801727e+02  1.800000e+01
   endloop
 endfacet
 facet normal -0.000000e+00  0.000000e+00 -1.000000e+00
   outer loop
     vertex -3.010079e+01 -1.779024e+02  1.800000e+01
     vertex -3.015830e+01 -1.779060e+02  1.800000e+01
     vertex -3.300000e+01 -1.756000e+02  1.800000e+01
   endloop
 endfacet
 facet normal  0.000000e+00 -0.000000e+00 -1.000000e+00
   outer loop
     vertex -2.790079e+01 -1.800576e+02  1.800000e+01
     vertex -2.560000e+01 -1.830000e+02  1.800000e+01
     vertex -2.790316e+01 -1.801152e+02  1.800000e+01
   endloop
 endfacet
 facet normal -0.000000e+00  0.000000e+00 -1.000000e+00
   outer loop
     vertex -3.004321e+01 -1.779004e+02  1.800000e+01
     vertex -3.010079e+01 -1.779024e+02  1.800000e+01
     vertex -3.300000e+01 -1.756000e+02  1.800000e+01
   endloop
 endfacet
 facet normal  0.000000e+00 -0.000000e+00 -1.000000e+00
   outer loop
     vertex -2.790000e+01 -1.800000e+02  1.800000e+01
     vertex -2.560000e+01 -1.830000e+02  1.800000e+01
     vertex -2.790079e+01 -1.800576e+02  1.800000e+01
   endloop
 endfacet
 facet normal -0.000000e+00  0.000000e+00 -1.000000e+00
   outer loop
     vertex -2.998560e+01 -1.779000e+02  1.800000e+01
     vertex -3.004321e+01 -1.779004e+02  1.800000e+01
     vertex -3.300000e+01 -1.756000e+02  1.800000e+01
   endloop
 endfacet
 facet normal -0.000000e+00 -0.000000e+00 -1.000000e+00
   outer loop
     vertex -3.300000e+01 -1.700000e+02  1.800000e+01
     vertex -3.300000e+01 -1.756000e+02  1.800000e+01
     vertex -4.000000e+01 -1.700000e+02  1.800000e+01
   endloop
 endfacet
 facet normal -0.000000e+00 -0.000000e+00 -1.000000e+00
   outer loop
     vertex -2.000000e+01 -1.830000e+02  1.800000e+01
     vertex -2.000000e+01 -1.900000e+02  1.800000e+01
     vertex -2.560000e+01 -1.830000e+02  1.800000e+01
   endloop
 endfacet
 facet normal -0.000000e+00  0.000000e+00 -1.000000e+00
   outer loop
     vertex -2.700000e+01 -1.756000e+02  1.800000e+01
     vertex -2.998560e+01 -1.779000e+02  1.800000e+01
     vertex -3.300000e+01 -1.756000e+02  1.800000e+01
   endloop
 endfacet
 facet normal  0.000000e+00  0.000000e+00 -1.000000e+00
   outer loop
     vertex -2.700000e+01 -1.756000e+02  1.800000e+01
     vertex -2.853043e+01 -1.784999e+02  1.800000e+01
     vertex -2.857214e+01 -1.784601e+02  1.800000e+01
   endloop
 endfacet
 facet normal  0.000000e+00  0.000000e+00 -1.000000e+00
   outer loop
     vertex -2.700000e+01 -1.756000e+02  1.800000e+01
     vertex -2.857214e+01 -1.784601e+02  1.800000e+01
     vertex -2.861492e+01 -1.784215e+02  1.800000e+01
   endloop
 endfacet
 facet normal  0.000000e+00  0.000000e+00 -1.000000e+00
   outer loop
     vertex -2.700000e+01 -1.756000e+02  1.800000e+01
     vertex -2.861492e+01 -1.784215e+02  1.800000e+01
     vertex -2.865875e+01 -1.783841e+02  1.800000e+01
   endloop
 endfacet
 facet normal  0.000000e+00  0.000000e+00 -1.000000e+00
   outer loop
     vertex -2.700000e+01 -1.756000e+02  1.800000e+01
     vertex -2.865875e+01 -1.783841e+02  1.800000e+01
     vertex -2.870358e+01 -1.783479e+02  1.800000e+01
   endloop
 endfacet
 facet normal  0.000000e+00  0.000000e+00 -1.000000e+00
   outer loop
     vertex -2.700000e+01 -1.756000e+02  1.800000e+01
     vertex -2.870358e+01 -1.783479e+02  1.800000e+01
     vertex -2.874939e+01 -1.783130e+02  1.800000e+01
   endloop
 endfacet
 facet normal  0.000000e+00  0.000000e+00 -1.000000e+00
   outer loop
     vertex -2.700000e+01 -1.756000e+02  1.800000e+01
     vertex -2.874939e+01 -1.783130e+02  1.800000e+01
     vertex -2.879615e+01 -1.782793e+02  1.800000e+01
   endloop
 endfacet
 facet normal  0.000000e+00  0.000000e+00 -1.000000e+00
   outer loop
     vertex -2.700000e+01 -1.756000e+02  1.800000e+01
     vertex -2.879615e+01 -1.782793e+02  1.800000e+01
     vertex -2.884380e+01 -1.782469e+02  1.800000e+01
   endloop
 endfacet
 facet normal  0.000000e+00  0.000000e+00 -1.000000e+00
   outer loop
     vertex -2.700000e+01 -1.756000e+02  1.800000e+01
     vertex -2.884380e+01 -1.782469e+02  1.800000e+01
     vertex -2.889233e+01 -1.782159e+02  1.800000e+01
   endloop
 endfacet
 facet normal  0.000000e+00  0.000000e+00 -1.000000e+00
   outer loop
     vertex -2.700000e+01 -1.756000e+02  1.800000e+01
     vertex -2.889233e+01 -1.782159e+02  1.800000e+01
     vertex -2.894169e+01 -1.781862e+02  1.800000e+01
   endloop
 endfacet
 facet normal  0.000000e+00  0.000000e+00 -1.000000e+00
   outer loop
     vertex -2.700000e+01 -1.756000e+02  1.800000e+01
     vertex -2.894169e+01 -1.781862e+02  1.800000e+01
     vertex -2.899185e+01 -1.781578e+02  1.800000e+01
   endloop
 endfacet
 facet normal  0.000000e+00  0.000000e+00 -1.000000e+00
   outer loop
     vertex -2.700000e+01 -1.756000e+02  1.800000e+01
     vertex -2.899185e+01 -1.781578e+02  1.800000e+01
     vertex -2.904277e+01 -1.781309e+02  1.800000e+01
   endloop
 endfacet
 facet normal  0.000000e+00  0.000000e+00 -1.000000e+00
   outer loop
     vertex -2.700000e+01 -1.756000e+02  1.800000e+01
     vertex -2.904277e+01 -1.781309e+02  1.800000e+01
     vertex -2.909441e+01 -1.781053e+02  1.800000e+01
   endloop
 endfacet
 facet normal  0.000000e+00  0.000000e+00 -1.000000e+00
   outer loop
     vertex -2.700000e+01 -1.756000e+02  1.800000e+01
     vertex -2.909441e+01 -1.781053e+02  1.800000e+01
     vertex -2.914673e+01 -1.780812e+02  1.800000e+01
   endloop
 endfacet
 facet normal  0.000000e+00  0.000000e+00 -1.000000e+00
   outer loop
     vertex -2.700000e+01 -1.756000e+02  1.800000e+01
     vertex -2.914673e+01 -1.780812e+02  1.800000e+01
     vertex -2.919969e+01 -1.780585e+02  1.800000e+01
   endloop
 endfacet
 facet normal  0.000000e+00  0.000000e+00 -1.000000e+00
   outer loop
     vertex -2.700000e+01 -1.756000e+02  1.800000e+01
     vertex -2.919969e+01 -1.780585e+02  1.800000e+01
     vertex -2.925326e+01 -1.780373e+02  1.800000e+01
   endloop
 endfacet
 facet normal  0.000000e+00  0.000000e+00 -1.000000e+00
   outer loop
     vertex -2.700000e+01 -1.756000e+02  1.800000e+01
     vertex -2.925326e+01 -1.780373e+02  1.800000e+01
     vertex -2.930739e+01 -1.780175e+02  1.800000e+01
   endloop
 endfacet
 facet normal  0.000000e+00  0.000000e+00 -1.000000e+00
   outer loop
     vertex -2.700000e+01 -1.756000e+02  1.800000e+01
     vertex -2.930739e+01 -1.780175e+02  1.800000e+01
     vertex -2.936203e+01 -1.779993e+02  1.800000e+01
   endloop
 endfacet
 facet normal  0.000000e+00  0.000000e+00 -1.000000e+00
   outer loop
     vertex -2.700000e+01 -1.756000e+02  1.800000e+01
     vertex -2.936203e+01 -1.779993e+02  1.800000e+01
     vertex -2.941716e+01 -1.779825e+02  1.800000e+01
   endloop
 endfacet
 facet normal  0.000000e+00  0.000000e+00 -1.000000e+00
   outer loop
     vertex -2.700000e+01 -1.756000e+02  1.800000e+01
     vertex -2.941716e+01 -1.779825e+02  1.800000e+01
     vertex -2.947273e+01 -1.779673e+02  1.800000e+01
   endloop
 endfacet
 facet normal  0.000000e+00  0.000000e+00 -1.000000e+00
   outer loop
     vertex -2.700000e+01 -1.756000e+02  1.800000e+01
     vertex -2.947273e+01 -1.779673e+02  1.800000e+01
     vertex -2.952869e+01 -1.779536e+02  1.800000e+01
   endloop
 endfacet
 facet normal  0.000000e+00  0.000000e+00 -1.000000e+00
   outer loop
     vertex -2.700000e+01 -1.756000e+02  1.800000e+01
     vertex -2.952869e+01 -1.779536e+02  1.800000e+01
     vertex -2.958501e+01 -1.779414e+02  1.800000e+01
   endloop
 endfacet
 facet normal  0.000000e+00  0.000000e+00 -1.000000e+00
   outer loop
     vertex -2.700000e+01 -1.756000e+02  1.800000e+01
     vertex -2.958501e+01 -1.779414e+02  1.800000e+01
     vertex -2.964165e+01 -1.779308e+02  1.800000e+01
   endloop
 endfacet
 facet normal  0.000000e+00  0.000000e+00 -1.000000e+00
   outer loop
     vertex -2.700000e+01 -1.756000e+02  1.800000e+01
     vertex -2.964165e+01 -1.779308e+02  1.800000e+01
     vertex -2.969855e+01 -1.779217e+02  1.800000e+01
   endloop
 endfacet
 facet normal  0.000000e+00  0.000000e+00 -1.000000e+00
   outer loop
     vertex -2.700000e+01 -1.756000e+02  1.800000e+01
     vertex -2.969855e+01 -1.779217e+02  1.800000e+01
     vertex -2.975567e+01 -1.779143e+02  1.800000e+01
   endloop
 endfacet
 facet normal  0.000000e+00  0.000000e+00 -1.000000e+00
   outer loop
     vertex -2.700000e+01 -1.756000e+02  1.800000e+01
     vertex -2.975567e+01 -1.779143e+02  1.800000e+01
     vertex -2.981299e+01 -1.779083e+02  1.800000e+01
   endloop
 endfacet
 facet normal  0.000000e+00  0.000000e+00 -1.000000e+00
   outer loop
     vertex -2.700000e+01 -1.756000e+02  1.800000e+01
     vertex -2.981299e+01 -1.779083e+02  1.800000e+01
     vertex -2.987044e+01 -1.779040e+02  1.800000e+01
   endloop
 endfacet
 facet normal  0.000000e+00  0.000000e+00 -1.000000e+00
   outer loop
     vertex -2.700000e+01 -1.756000e+02  1.800000e+01
     vertex -2.987044e+01 -1.779040e+02  1.800000e+01
     vertex -2.992799e+01 -1.779012e+02  1.800000e+01
   endloop
 endfacet
 facet normal  0.000000e+00  0.000000e+00 -1.000000e+00
   outer loop
     vertex -2.700000e+01 -1.756000e+02  1.800000e+01
     vertex -2.992799e+01 -1.779012e+02  1.800000e+01
     vertex -2.998560e+01 -1.779000e+02  1.800000e+01
   endloop
 endfacet
 facet normal  0.000000e+00  0.000000e+00 -1.000000e+00
   outer loop
     vertex -2.560000e+01 -1.770000e+02  1.800000e+01
     vertex -2.790000e+01 -1.800000e+02  1.800000e+01
     vertex -2.790079e+01 -1.799424e+02  1.800000e+01
   endloop
 endfacet
 facet normal  0.000000e+00  0.000000e+00 -1.000000e+00
   outer loop
     vertex -2.560000e+01 -1.770000e+02  1.800000e+01
     vertex -2.790079e+01 -1.799424e+02  1.800000e+01
     vertex -2.790316e+01 -1.798848e+02  1.800000e+01
   endloop
 endfacet
 facet normal  0.000000e+00  0.000000e+00 -1.000000e+00
   outer loop
     vertex -2.560000e+01 -1.770000e+02  1.800000e+01
     vertex -2.790316e+01 -1.798848e+02  1.800000e+01
     vertex -2.790711e+01 -1.798273e+02  1.800000e+01
   endloop
 endfacet
 facet normal  0.000000e+00  0.000000e+00 -1.000000e+00
   outer loop
     vertex -2.560000e+01 -1.770000e+02  1.800000e+01
     vertex -2.790711e+01 -1.798273e+02  1.800000e+01
     vertex -2.791263e+01 -1.797700e+02  1.800000e+01
   endloop
 endfacet
 facet normal  0.000000e+00  0.000000e+00 -1.000000e+00
   outer loop
     vertex -2.560000e+01 -1.770000e+02  1.800000e+01
     vertex -2.791263e+01 -1.797700e+02  1.800000e+01
     vertex -2.791973e+01 -1.797128e+02  1.800000e+01
   endloop
 endfacet
 facet normal  0.000000e+00 -0.000000e+00 -1.000000e+00
   outer loop
     vertex -2.560000e+01 -1.770000e+02  1.800000e+01
     vertex -2.560000e+01 -1.830000e+02  1.800000e+01
     vertex -2.790000e+01 -1.800000e+02  1.800000e+01
   endloop
 endfacet
 facet normal  0.000000e+00  0.000000e+00 -1.000000e+00
   outer loop
     vertex -2.560000e+01 -1.770000e+02  1.800000e+01
     vertex -2.791973e+01 -1.797128e+02  1.800000e+01
     vertex -2.792839e+01 -1.796558e+02  1.800000e+01
   endloop
 endfacet
 facet normal  0.000000e+00  0.000000e+00 -1.000000e+00
   outer loop
     vertex -2.560000e+01 -1.770000e+02  1.800000e+01
     vertex -2.792839e+01 -1.796558e+02  1.800000e+01
     vertex -2.793861e+01 -1.795991e+02  1.800000e+01
   endloop
 endfacet
 facet normal  0.000000e+00  0.000000e+00 -1.000000e+00
   outer loop
     vertex -2.560000e+01 -1.770000e+02  1.800000e+01
     vertex -2.793861e+01 -1.795991e+02  1.800000e+01
     vertex -2.795039e+01 -1.795427e+02  1.800000e+01
   endloop
 endfacet
 facet normal  0.000000e+00  0.000000e+00 -1.000000e+00
   outer loop
     vertex -2.560000e+01 -1.770000e+02  1.800000e+01
     vertex -2.795039e+01 -1.795427e+02  1.800000e+01
     vertex -2.796370e+01 -1.794867e+02  1.800000e+01
   endloop
 endfacet
 facet normal  0.000000e+00  0.000000e+00 -1.000000e+00
   outer loop
     vertex -2.560000e+01 -1.770000e+02  1.800000e+01
     vertex -2.796370e+01 -1.794867e+02  1.800000e+01
     vertex -2.797855e+01 -1.794310e+02  1.800000e+01
   endloop
 endfacet
 facet normal  0.000000e+00  0.000000e+00 -1.000000e+00
   outer loop
     vertex -2.560000e+01 -1.770000e+02  1.800000e+01
     vertex -2.797855e+01 -1.794310e+02  1.800000e+01
     vertex -2.799492e+01 -1.793758e+02  1.800000e+01
   endloop
 endfacet
 facet normal  0.000000e+00  0.000000e+00 -1.000000e+00
   outer loop
     vertex -2.560000e+01 -1.770000e+02  1.800000e+01
     vertex -2.799492e+01 -1.793758e+02  1.800000e+01
     vertex -2.801280e+01 -1.793210e+02  1.800000e+01
   endloop
 endfacet
 facet normal  0.000000e+00  0.000000e+00 -1.000000e+00
   outer loop
     vertex -2.560000e+01 -1.770000e+02  1.800000e+01
     vertex -2.801280e+01 -1.793210e+02  1.800000e+01
     vertex -2.803218e+01 -1.792667e+02  1.800000e+01
   endloop
 endfacet
 facet normal  0.000000e+00  0.000000e+00 -1.000000e+00
   outer loop
     vertex -2.560000e+01 -1.770000e+02  1.800000e+01
     vertex -2.803218e+01 -1.792667e+02  1.800000e+01
     vertex -2.805303e+01 -1.792130e+02  1.800000e+01
   endloop
 endfacet
 facet normal  0.000000e+00  0.000000e+00 -1.000000e+00
   outer loop
     vertex -2.560000e+01 -1.770000e+02  1.800000e+01
     vertex -2.805303e+01 -1.792130e+02  1.800000e+01
     vertex -2.807536e+01 -1.791599e+02  1.800000e+01
   endloop
 endfacet
 facet normal  0.000000e+00  0.000000e+00 -1.000000e+00
   outer loop
     vertex -2.560000e+01 -1.770000e+02  1.800000e+01
     vertex -2.807536e+01 -1.791599e+02  1.800000e+01
     vertex -2.809913e+01 -1.791074e+02  1.800000e+01
   endloop
 endfacet
 facet normal  0.000000e+00  0.000000e+00 -1.000000e+00
   outer loop
     vertex -2.560000e+01 -1.770000e+02  1.800000e+01
     vertex -2.809913e+01 -1.791074e+02  1.800000e+01
     vertex -2.812433e+01 -1.790556e+02  1.800000e+01
   endloop
 endfacet
 facet normal  0.000000e+00  0.000000e+00 -1.000000e+00
   outer loop
     vertex -2.560000e+01 -1.770000e+02  1.800000e+01
     vertex -2.812433e+01 -1.790556e+02  1.800000e+01
     vertex -2.815094e+01 -1.790045e+02  1.800000e+01
   endloop
 endfacet
 facet normal  0.000000e+00  0.000000e+00 -1.000000e+00
   outer loop
     vertex -2.560000e+01 -1.770000e+02  1.800000e+01
     vertex -2.815094e+01 -1.790045e+02  1.800000e+01
     vertex -2.817895e+01 -1.789542e+02  1.800000e+01
   endloop
 endfacet
 facet normal  0.000000e+00  0.000000e+00 -1.000000e+00
   outer loop
     vertex -2.560000e+01 -1.770000e+02  1.800000e+01
     vertex -2.817895e+01 -1.789542e+02  1.800000e+01
     vertex -2.820833e+01 -1.789046e+02  1.800000e+01
   endloop
 endfacet
 facet normal  0.000000e+00  0.000000e+00 -1.000000e+00
   outer loop
     vertex -2.560000e+01 -1.770000e+02  1.800000e+01
     vertex -2.820833e+01 -1.789046e+02  1.800000e+01
     vertex -2.823905e+01 -1.788559e+02  1.800000e+01
   endloop
 endfacet
 facet normal  0.000000e+00  0.000000e+00 -1.000000e+00
   outer loop
     vertex -2.560000e+01 -1.770000e+02  1.800000e+01
     vertex -2.823905e+01 -1.788559e+02  1.800000e+01
     vertex -2.827110e+01 -1.788080e+02  1.800000e+01
   endloop
 endfacet
 facet normal  0.000000e+00  0.000000e+00 -1.000000e+00
   outer loop
     vertex -2.560000e+01 -1.770000e+02  1.800000e+01
     vertex -2.827110e+01 -1.788080e+02  1.800000e+01
     vertex -2.830446e+01 -1.787610e+02  1.800000e+01
   endloop
 endfacet
 facet normal  0.000000e+00  0.000000e+00 -1.000000e+00
   outer loop
     vertex -2.560000e+01 -1.770000e+02  1.800000e+01
     vertex -2.830446e+01 -1.787610e+02  1.800000e+01
     vertex -2.833909e+01 -1.787149e+02  1.800000e+01
   endloop
 endfacet
 facet normal  0.000000e+00  0.000000e+00 -1.000000e+00
   outer loop
     vertex -2.560000e+01 -1.770000e+02  1.800000e+01
     vertex -2.833909e+01 -1.787149e+02  1.800000e+01
     vertex -2.837497e+01 -1.786699e+02  1.800000e+01
   endloop
 endfacet
 facet normal  0.000000e+00  0.000000e+00 -1.000000e+00
   outer loop
     vertex -2.560000e+01 -1.770000e+02  1.800000e+01
     vertex -2.837497e+01 -1.786699e+02  1.800000e+01
     vertex -2.841207e+01 -1.786258e+02  1.800000e+01
   endloop
 endfacet
 facet normal  0.000000e+00  0.000000e+00 -1.000000e+00
   outer loop
     vertex -2.560000e+01 -1.770000e+02  1.800000e+01
     vertex -2.841207e+01 -1.786258e+02  1.800000e+01
     vertex -2.845037e+01 -1.785827e+02  1.800000e+01
   endloop
 endfacet
 facet normal  0.000000e+00  0.000000e+00 -1.000000e+00
   outer loop
     vertex -2.560000e+01 -1.770000e+02  1.800000e+01
     vertex -2.845037e+01 -1.785827e+02  1.800000e+01
     vertex -2.848983e+01 -1.785408e+02  1.800000e+01
   endloop
 endfacet
 facet normal  0.000000e+00  0.000000e+00 -1.000000e+00
   outer loop
     vertex -2.560000e+01 -1.770000e+02  1.800000e+01
     vertex -2.848983e+01 -1.785408e+02  1.800000e+01
     vertex -2.853043e+01 -1.784999e+02  1.800000e+01
   endloop
 endfacet
 facet normal -0.000000e+00  0.000000e+00 -1.000000e+00
   outer loop
     vertex -2.560000e+01 -1.770000e+02  1.800000e+01
     vertex -2.853043e+01 -1.784999e+02  1.800000e+01
     vertex -2.700000e+01 -1.756000e+02  1.800000e+01
   endloop
 endfacet
 facet normal  0.000000e+00 -0.000000e+00 -1.000000e+00
   outer loop
     vertex -2.000000e+01 -1.700000e+02  1.800000e+01
     vertex -2.000000e+01 -1.770000e+02  1.800000e+01
     vertex -2.560000e+01 -1.770000e+02  1.800000e+01
   endloop
 endfacet
 facet normal -0.000000e+00  0.000000e+00 -1.000000e+00
   outer loop
     vertex -2.000000e+01 -1.700000e+02  1.800000e+01
     vertex -2.700000e+01 -1.756000e+02  1.800000e+01
     vertex -2.700000e+01 -1.700000e+02  1.800000e+01
   endloop
 endfacet
 facet normal  0.000000e+00  0.000000e+00 -1.000000e+00
   outer loop
     vertex -2.000000e+01 -1.700000e+02  1.800000e+01
     vertex -2.560000e+01 -1.770000e+02  1.800000e+01
     vertex -2.700000e+01 -1.756000e+02  1.800000e+01
   endloop
 endfacet
 facet normal -1.000000e+00  0.000000e+00  0.000000e+00
   outer loop
     vertex -2.700000e+01 -1.900000e+02  3.980000e+02
     vertex -2.700000e+01 -1.844000e+02  1.800000e+01
     vertex -2.700000e+01 -1.900000e+02  1.800000e+01
   endloop
 endfacet
 facet normal -1.000000e+00  0.000000e+00  0.000000e+00
   outer loop
     vertex -2.700000e+01 -1.900000e+02  3.980000e+02
     vertex -2.700000e+01 -1.844000e+02  3.980000e+02
     vertex -2.700000e+01 -1.844000e+02  1.800000e+01
   endloop
 endfacet
 facet normal -0.000000e+00  0.000000e+00 -1.000000e+00
   outer loop
     vertex -2.700000e+01 -1.844000e+02  3.980000e+02
     vertex -3.000000e+01 -1.900000e+02  3.980000e+02
     vertex -3.000000e+01 -1.844000e+02  3.980000e+02
   endloop
 endfacet
 facet normal  0.000000e+00 -0.000000e+00 -1.000000e+00
   outer loop
     vertex -2.700000e+01 -1.844000e+02  3.980000e+02
     vertex -2.700000e+01 -1.900000e+02  3.980000e+02
     vertex -3.000000e+01 -1.900000e+02  3.980000e+02
   endloop
 endfacet
 facet normal  0.000000e+00  0.000000e+00 -1.000000e+00
   outer loop
     vertex -2.988631e+01 -1.820969e+02  3.980000e+02
     vertex -2.994313e+01 -1.820992e+02  3.980000e+02
     vertex -3.000000e+01 -1.821000e+02  3.980000e+02
   endloop
 endfacet
 facet normal  0.000000e+00  0.000000e+00 -1.000000e+00
   outer loop
     vertex -2.977295e+01 -1.820877e+02  3.980000e+02
     vertex -2.982957e+01 -1.820931e+02  3.980000e+02
     vertex -2.988631e+01 -1.820969e+02  3.980000e+02
   endloop
 endfacet
 facet normal  0.000000e+00  0.000000e+00 -1.000000e+00
   outer loop
     vertex -2.966026e+01 -1.820723e+02  3.980000e+02
     vertex -2.971650e+01 -1.820808e+02  3.980000e+02
     vertex -2.977295e+01 -1.820877e+02  3.980000e+02
   endloop
 endfacet
 facet normal  0.000000e+00  0.000000e+00 -1.000000e+00
   outer loop
     vertex -2.943819e+01 -1.820235e+02  3.980000e+02
     vertex -2.954856e+01 -1.820509e+02  3.980000e+02
     vertex -2.960426e+01 -1.820624e+02  3.980000e+02
   endloop
 endfacet
 facet normal  0.000000e+00  0.000000e+00 -1.000000e+00
   outer loop
     vertex -2.943819e+01 -1.820235e+02  3.980000e+02
     vertex -2.949319e+01 -1.820379e+02  3.980000e+02
     vertex -2.954856e+01 -1.820509e+02  3.980000e+02
   endloop
 endfacet
 facet normal  0.000000e+00  0.000000e+00 -1.000000e+00
   outer loop
     vertex -2.938360e+01 -1.820075e+02  3.980000e+02
     vertex -2.960426e+01 -1.820624e+02  3.980000e+02
     vertex -2.966026e+01 -1.820723e+02  3.980000e+02
   endloop
 endfacet
 facet normal  0.000000e+00  0.000000e+00 -1.000000e+00
   outer loop
     vertex -2.938360e+01 -1.820075e+02  3.980000e+02
     vertex -2.988631e+01 -1.820969e+02  3.980000e+02
     vertex -3.000000e+01 -1.821000e+02  3.980000e+02
   endloop
 endfacet
 facet normal  0.000000e+00  0.000000e+00 -1.000000e+00
   outer loop
     vertex -2.938360e+01 -1.820075e+02  3.980000e+02
     vertex -2.977295e+01 -1.820877e+02  3.980000e+02
     vertex -2.988631e+01 -1.820969e+02  3.980000e+02
   endloop
 endfacet
 facet normal  0.000000e+00  0.000000e+00 -1.000000e+00
   outer loop
     vertex -2.938360e+01 -1.820075e+02  3.980000e+02
     vertex -2.966026e+01 -1.820723e+02  3.980000e+02
     vertex -2.977295e+01 -1.820877e+02  3.980000e+02
   endloop
 endfacet
 facet normal  0.000000e+00  0.000000e+00 -1.000000e+00
   outer loop
     vertex -2.938360e+01 -1.820075e+02  3.980000e+02
     vertex -2.943819e+01 -1.820235e+02  3.980000e+02
     vertex -2.960426e+01 -1.820624e+02  3.980000e+02
   endloop
 endfacet
 facet normal  0.000000e+00  0.000000e+00 -1.000000e+00
   outer loop
     vertex -2.927582e+01 -1.819712e+02  3.980000e+02
     vertex -2.932947e+01 -1.819901e+02  3.980000e+02
     vertex -2.938360e+01 -1.820075e+02  3.980000e+02
   endloop
 endfacet
 facet normal  0.000000e+00  0.000000e+00 -1.000000e+00
   outer loop
     vertex -2.911823e+01 -1.819059e+02  3.980000e+02
     vertex -2.922271e+01 -1.819509e+02  3.980000e+02
     vertex -2.927582e+01 -1.819712e+02  3.980000e+02
   endloop
 endfacet
 facet normal  0.000000e+00  0.000000e+00 -1.000000e+00
   outer loop
     vertex -2.911823e+01 -1.819059e+02  3.980000e+02
     vertex -2.917017e+01 -1.819291e+02  3.980000e+02
     vertex -2.922271e+01 -1.819509e+02  3.980000e+02
   endloop
 endfacet
 facet normal  0.000000e+00  0.000000e+00 -1.000000e+00
   outer loop
     vertex -2.911823e+01 -1.819059e+02  3.980000e+02
     vertex -2.927582e+01 -1.819712e+02  3.980000e+02
     vertex -2.938360e+01 -1.820075e+02  3.980000e+02
   endloop
 endfacet
 facet normal  0.000000e+00  0.000000e+00 -1.000000e+00
   outer loop
     vertex -2.896646e+01 -1.818281e+02  3.980000e+02
     vertex -2.906695e+01 -1.818813e+02  3.980000e+02
     vertex -2.911823e+01 -1.819059e+02  3.980000e+02
   endloop
 endfacet
 facet normal  0.000000e+00  0.000000e+00 -1.000000e+00
   outer loop
     vertex -2.896646e+01 -1.818281e+02  3.980000e+02
     vertex -2.901634e+01 -1.818554e+02  3.980000e+02
     vertex -2.906695e+01 -1.818813e+02  3.980000e+02
   endloop
 endfacet
 facet normal  0.000000e+00  0.000000e+00 -1.000000e+00
   outer loop
     vertex -2.891734e+01 -1.817994e+02  3.980000e+02
     vertex -2.896646e+01 -1.818281e+02  3.980000e+02
     vertex -2.911823e+01 -1.819059e+02  3.980000e+02
   endloop
 endfacet
 facet normal  0.000000e+00  0.000000e+00 -1.000000e+00
   outer loop
     vertex -2.882151e+01 -1.817381e+02  3.980000e+02
     vertex -2.886901e+01 -1.817694e+02  3.980000e+02
     vertex -2.891734e+01 -1.817994e+02  3.980000e+02
   endloop
 endfacet
 facet normal  0.000000e+00  0.000000e+00 -1.000000e+00
   outer loop
     vertex -2.877487e+01 -1.817056e+02  3.980000e+02
     vertex -2.938360e+01 -1.820075e+02  3.980000e+02
     vertex -3.000000e+01 -1.821000e+02  3.980000e+02
   endloop
 endfacet
 facet normal  0.000000e+00  0.000000e+00 -1.000000e+00
   outer loop
     vertex -2.877487e+01 -1.817056e+02  3.980000e+02
     vertex -2.911823e+01 -1.819059e+02  3.980000e+02
     vertex -2.938360e+01 -1.820075e+02  3.980000e+02
   endloop
 endfacet
 facet normal  0.000000e+00  0.000000e+00 -1.000000e+00
   outer loop
     vertex -2.877487e+01 -1.817056e+02  3.980000e+02
     vertex -2.891734e+01 -1.817994e+02  3.980000e+02
     vertex -2.911823e+01 -1.819059e+02  3.980000e+02
   endloop
 endfacet
 facet normal  0.000000e+00  0.000000e+00 -1.000000e+00
   outer loop
     vertex -2.877487e+01 -1.817056e+02  3.980000e+02
     vertex -2.882151e+01 -1.817381e+02  3.980000e+02
     vertex -2.891734e+01 -1.817994e+02  3.980000e+02
   endloop
 endfacet
 facet normal  0.000000e+00  0.000000e+00 -1.000000e+00
   outer loop
     vertex -2.864049e+01 -1.816005e+02  3.980000e+02
     vertex -2.872913e+01 -1.816718e+02  3.980000e+02
     vertex -2.877487e+01 -1.817056e+02  3.980000e+02
   endloop
 endfacet
 facet normal  0.000000e+00  0.000000e+00 -1.000000e+00
   outer loop
     vertex -2.864049e+01 -1.816005e+02  3.980000e+02
     vertex -2.868433e+01 -1.816368e+02  3.980000e+02
     vertex -2.872913e+01 -1.816718e+02  3.980000e+02
   endloop
 endfacet
 facet normal  0.000000e+00  0.000000e+00 -1.000000e+00
   outer loop
     vertex -2.859765e+01 -1.815631e+02  3.980000e+02
     vertex -2.864049e+01 -1.816005e+02  3.980000e+02
     vertex -2.877487e+01 -1.817056e+02  3.980000e+02
   endloop
 endfacet
 facet normal  0.000000e+00  0.000000e+00 -1.000000e+00
   outer loop
     vertex -2.843686e+01 -1.814024e+02  3.980000e+02
     vertex -2.855583e+01 -1.815246e+02  3.980000e+02
     vertex -2.859765e+01 -1.815631e+02  3.980000e+02
   endloop
 endfacet
 facet normal  0.000000e+00  0.000000e+00 -1.000000e+00
   outer loop
     vertex -2.843686e+01 -1.814024e+02  3.980000e+02
     vertex -2.851508e+01 -1.814849e+02  3.980000e+02
     vertex -2.855583e+01 -1.815246e+02  3.980000e+02
   endloop
 endfacet
 facet normal  0.000000e+00  0.000000e+00 -1.000000e+00
   outer loop
     vertex -2.843686e+01 -1.814024e+02  3.980000e+02
     vertex -2.847541e+01 -1.814442e+02  3.980000e+02
     vertex -2.851508e+01 -1.814849e+02  3.980000e+02
   endloop
 endfacet
 facet normal  0.000000e+00  0.000000e+00 -1.000000e+00
   outer loop
     vertex -2.836323e+01 -1.813157e+02  3.980000e+02
     vertex -2.839946e+01 -1.813595e+02  3.980000e+02
     vertex -2.843686e+01 -1.814024e+02  3.980000e+02
   endloop
 endfacet
 facet normal  0.000000e+00  0.000000e+00 -1.000000e+00
   outer loop
     vertex -2.836323e+01 -1.813157e+02  3.980000e+02
     vertex -2.843686e+01 -1.814024e+02  3.980000e+02
     vertex -2.859765e+01 -1.815631e+02  3.980000e+02
   endloop
 endfacet
 facet normal  0.000000e+00  0.000000e+00 -1.000000e+00
   outer loop
     vertex -2.826185e+01 -1.811785e+02  3.980000e+02
     vertex -2.829440e+01 -1.812251e+02  3.980000e+02
     vertex -2.832820e+01 -1.812709e+02  3.980000e+02
   endloop
 endfacet
 facet normal  0.000000e+00  0.000000e+00 -1.000000e+00
   outer loop
     vertex -2.823058e+01 -1.811310e+02  3.980000e+02
     vertex -2.832820e+01 -1.812709e+02  3.980000e+02
     vertex -2.836323e+01 -1.813157e+02  3.980000e+02
   endloop
 endfacet
 facet normal  0.000000e+00  0.000000e+00 -1.000000e+00
   outer loop
     vertex -2.823058e+01 -1.811310e+02  3.980000e+02
     vertex -2.826185e+01 -1.811785e+02  3.980000e+02
     vertex -2.832820e+01 -1.812709e+02  3.980000e+02
   endloop
 endfacet
 facet normal  0.000000e+00  0.000000e+00 -1.000000e+00
   outer loop
     vertex -2.817194e+01 -1.810335e+02  3.980000e+02
     vertex -2.820060e+01 -1.810827e+02  3.980000e+02
     vertex -2.823058e+01 -1.811310e+02  3.980000e+02
   endloop
 endfacet
 facet normal  0.000000e+00  0.000000e+00 -1.000000e+00
   outer loop
     vertex -2.817194e+01 -1.810335e+02  3.980000e+02
     vertex -2.859765e+01 -1.815631e+02  3.980000e+02
     vertex -2.877487e+01 -1.817056e+02  3.980000e+02
   endloop
 endfacet
 facet normal  0.000000e+00  0.000000e+00 -1.000000e+00
   outer loop
     vertex -2.817194e+01 -1.810335e+02  3.980000e+02
     vertex -2.836323e+01 -1.813157e+02  3.980000e+02
     vertex -2.859765e+01 -1.815631e+02  3.980000e+02
   endloop
 endfacet
 facet normal  0.000000e+00  0.000000e+00 -1.000000e+00
   outer loop
     vertex -2.817194e+01 -1.810335e+02  3.980000e+02
     vertex -2.823058e+01 -1.811310e+02  3.980000e+02
     vertex -2.836323e+01 -1.813157e+02  3.980000e+02
   endloop
 endfacet
 facet normal  0.000000e+00  0.000000e+00 -1.000000e+00
   outer loop
     vertex -2.809409e+01 -1.808818e+02  3.980000e+02
     vertex -2.814462e+01 -1.809837e+02  3.980000e+02
     vertex -2.817194e+01 -1.810335e+02  3.980000e+02
   endloop
 endfacet
 facet normal  0.000000e+00  0.000000e+00 -1.000000e+00
   outer loop
     vertex -2.809409e+01 -1.808818e+02  3.980000e+02
     vertex -2.811867e+01 -1.809331e+02  3.980000e+02
     vertex -2.814462e+01 -1.809837e+02  3.980000e+02
   endloop
 endfacet
 facet normal  0.000000e+00  0.000000e+00 -1.000000e+00
   outer loop
     vertex -2.802882e+01 -1.807242e+02  3.980000e+02
     vertex -2.807091e+01 -1.808298e+02  3.980000e+02
     vertex -2.809409e+01 -1.808818e+02  3.980000e+02
   endloop
 endfacet
 facet normal  0.000000e+00  0.000000e+00 -1.000000e+00
   outer loop
     vertex -2.802882e+01 -1.807242e+02  3.980000e+02
     vertex -2.804915e+01 -1.807773e+02  3.980000e+02
     vertex -2.807091e+01 -1.808298e+02  3.980000e+02
   endloop
 endfacet
 facet normal  0.000000e+00  0.000000e+00 -1.000000e+00
   outer loop
     vertex -2.800993e+01 -1.806705e+02  3.980000e+02
     vertex -2.809409e+01 -1.808818e+02  3.980000e+02
     vertex -2.817194e+01 -1.810335e+02  3.980000e+02
   endloop
 endfacet
 facet normal  0.000000e+00  0.000000e+00 -1.000000e+00
   outer loop
     vertex -2.800993e+01 -1.806705e+02  3.980000e+02
     vertex -2.802882e+01 -1.807242e+02  3.980000e+02
     vertex -2.809409e+01 -1.808818e+02  3.980000e+02
   endloop
 endfacet
 facet normal  0.000000e+00  0.000000e+00 -1.000000e+00
   outer loop
     vertex -2.800993e+01 -1.806705e+02  3.980000e+02
     vertex -2.877487e+01 -1.817056e+02  3.980000e+02
     vertex -3.000000e+01 -1.821000e+02  3.980000e+02
   endloop
 endfacet
 facet normal  0.000000e+00  0.000000e+00 -1.000000e+00
   outer loop
     vertex -2.800993e+01 -1.806705e+02  3.980000e+02
     vertex -2.817194e+01 -1.810335e+02  3.980000e+02
     vertex -2.877487e+01 -1.817056e+02  3.980000e+02
   endloop
 endfacet
 facet normal  0.000000e+00  0.000000e+00 -1.000000e+00
   outer loop
     vertex -2.796207e+01 -1.805068e+02  3.980000e+02
     vertex -2.799250e+01 -1.806164e+02  3.980000e+02
     vertex -2.800993e+01 -1.806705e+02  3.980000e+02
   endloop
 endfacet
 facet normal  0.000000e+00  0.000000e+00 -1.000000e+00
   outer loop
     vertex -2.796207e+01 -1.805068e+02  3.980000e+02
     vertex -2.797655e+01 -1.805618e+02  3.980000e+02
     vertex -2.799250e+01 -1.806164e+02  3.980000e+02
   endloop
 endfacet
 facet normal  0.000000e+00  0.000000e+00 -1.000000e+00
   outer loop
     vertex -2.792766e+01 -1.803397e+02  3.980000e+02
     vertex -2.794910e+01 -1.804514e+02  3.980000e+02
     vertex -2.796207e+01 -1.805068e+02  3.980000e+02
   endloop
 endfacet
 facet normal  0.000000e+00  0.000000e+00 -1.000000e+00
   outer loop
     vertex -2.792766e+01 -1.803397e+02  3.980000e+02
     vertex -2.793762e+01 -1.803957e+02  3.980000e+02
     vertex -2.794910e+01 -1.804514e+02  3.980000e+02
   endloop
 endfacet
 facet normal  0.000000e+00  0.000000e+00 -1.000000e+00
   outer loop
     vertex -2.791922e+01 -1.802835e+02  3.980000e+02
     vertex -2.792766e+01 -1.803397e+02  3.980000e+02
     vertex -2.796207e+01 -1.805068e+02  3.980000e+02
   endloop
 endfacet
 facet normal  0.000000e+00  0.000000e+00 -1.000000e+00
   outer loop
     vertex -2.791231e+01 -1.802270e+02  3.980000e+02
     vertex -2.796207e+01 -1.805068e+02  3.980000e+02
     vertex -2.800993e+01 -1.806705e+02  3.980000e+02
   endloop
 endfacet
 facet normal  0.000000e+00  0.000000e+00 -1.000000e+00
   outer loop
     vertex -2.791231e+01 -1.802270e+02  3.980000e+02
     vertex -2.791922e+01 -1.802835e+02  3.980000e+02
     vertex -2.796207e+01 -1.805068e+02  3.980000e+02
   endloop
 endfacet
 facet normal  0.000000e+00  0.000000e+00 -1.000000e+00
   outer loop
     vertex -2.790000e+01 -1.800000e+02  3.980000e+02
     vertex -2.790077e+01 -1.800569e+02  3.980000e+02
     vertex -2.790308e+01 -1.801137e+02  3.980000e+02
   endloop
 endfacet
 facet normal  0.000000e+00 -0.000000e+00 -1.000000e+00
   outer loop
     vertex -2.790077e+01 -1.799431e+02  3.980000e+02
     vertex -2.790000e+01 -1.800000e+02  3.980000e+02
     vertex -2.790308e+01 -1.801137e+02  3.980000e+02
   endloop
 endfacet
 facet normal -0.000000e+00  0.000000e+00 -1.000000e+00
   outer loop
     vertex -2.994313e+01 -1.779008e+02  3.980000e+02
     vertex -3.000000e+01 -1.821000e+02  3.980000e+02
     vertex -3.000000e+01 -1.779000e+02  3.980000e+02
   endloop
 endfacet
 facet normal  0.000000e+00  0.000000e+00 -1.000000e+00
   outer loop
     vertex -2.790308e+01 -1.798863e+02  3.980000e+02
     vertex -2.791231e+01 -1.802270e+02  3.980000e+02
     vertex -2.800993e+01 -1.806705e+02  3.980000e+02
   endloop
 endfacet
 facet normal  0.000000e+00  0.000000e+00 -1.000000e+00
   outer loop
     vertex -2.790308e+01 -1.798863e+02  3.980000e+02
     vertex -2.790077e+01 -1.799431e+02  3.980000e+02
     vertex -2.790308e+01 -1.801137e+02  3.980000e+02
   endloop
 endfacet
 facet normal  0.000000e+00  0.000000e+00 -1.000000e+00
   outer loop
     vertex -2.790308e+01 -1.798863e+02  3.980000e+02
     vertex -2.790693e+01 -1.801704e+02  3.980000e+02
     vertex -2.791231e+01 -1.802270e+02  3.980000e+02
   endloop
 endfacet
 facet normal  0.000000e+00 -0.000000e+00 -1.000000e+00
   outer loop
     vertex -2.790308e+01 -1.798863e+02  3.980000e+02
     vertex -2.790308e+01 -1.801137e+02  3.980000e+02
     vertex -2.790693e+01 -1.801704e+02  3.980000e+02
   endloop
 endfacet
 facet normal  0.000000e+00  0.000000e+00 -1.000000e+00
   outer loop
     vertex -2.982957e+01 -1.779069e+02  3.980000e+02
     vertex -2.994313e+01 -1.779008e+02  3.980000e+02
     vertex -2.988631e+01 -1.779031e+02  3.980000e+02
   endloop
 endfacet
 facet normal  0.000000e+00  0.000000e+00 -1.000000e+00
   outer loop
     vertex -2.791231e+01 -1.797730e+02  3.980000e+02
     vertex -2.790693e+01 -1.798296e+02  3.980000e+02
     vertex -2.790308e+01 -1.798863e+02  3.980000e+02
   endloop
 endfacet
 facet normal  0.000000e+00  0.000000e+00 -1.000000e+00
   outer loop
     vertex -2.971650e+01 -1.779192e+02  3.980000e+02
     vertex -2.982957e+01 -1.779069e+02  3.980000e+02
     vertex -2.977295e+01 -1.779123e+02  3.980000e+02
   endloop
 endfacet
 facet normal  0.000000e+00  0.000000e+00 -1.000000e+00
   outer loop
     vertex -2.793762e+01 -1.796043e+02  3.980000e+02
     vertex -2.791231e+01 -1.797730e+02  3.980000e+02
     vertex -2.790308e+01 -1.798863e+02  3.980000e+02
   endloop
 endfacet
 facet normal  0.000000e+00  0.000000e+00 -1.000000e+00
   outer loop
     vertex -2.793762e+01 -1.796043e+02  3.980000e+02
     vertex -2.791922e+01 -1.797165e+02  3.980000e+02
     vertex -2.791231e+01 -1.797730e+02  3.980000e+02
   endloop
 endfacet
 facet normal  0.000000e+00  0.000000e+00 -1.000000e+00
   outer loop
     vertex -2.793762e+01 -1.796043e+02  3.980000e+02
     vertex -2.792766e+01 -1.796603e+02  3.980000e+02
     vertex -2.791922e+01 -1.797165e+02  3.980000e+02
   endloop
 endfacet
 facet normal  0.000000e+00 -0.000000e+00 -1.000000e+00
   outer loop
     vertex -2.794910e+01 -1.795486e+02  3.980000e+02
     vertex -2.790308e+01 -1.798863e+02  3.980000e+02
     vertex -2.800993e+01 -1.806705e+02  3.980000e+02
   endloop
 endfacet
 facet normal  0.000000e+00  0.000000e+00 -1.000000e+00
   outer loop
     vertex -2.794910e+01 -1.795486e+02  3.980000e+02
     vertex -2.793762e+01 -1.796043e+02  3.980000e+02
     vertex -2.790308e+01 -1.798863e+02  3.980000e+02
   endloop
 endfacet
 facet normal  0.000000e+00  0.000000e+00 -1.000000e+00
   outer loop
     vertex -2.954856e+01 -1.779491e+02  3.980000e+02
     vertex -2.966026e+01 -1.779277e+02  3.980000e+02
     vertex -2.960426e+01 -1.779376e+02  3.980000e+02
   endloop
 endfacet
 facet normal  0.000000e+00  0.000000e+00 -1.000000e+00
   outer loop
     vertex -2.954856e+01 -1.779491e+02  3.980000e+02
     vertex -2.971650e+01 -1.779192e+02  3.980000e+02
     vertex -2.966026e+01 -1.779277e+02  3.980000e+02
   endloop
 endfacet
 facet normal  0.000000e+00  0.000000e+00 -1.000000e+00
   outer loop
     vertex -2.954856e+01 -1.779491e+02  3.980000e+02
     vertex -2.982957e+01 -1.779069e+02  3.980000e+02
     vertex -2.971650e+01 -1.779192e+02  3.980000e+02
   endloop
 endfacet
 facet normal  0.000000e+00 -0.000000e+00 -1.000000e+00
   outer loop
     vertex -2.796207e+01 -1.794932e+02  3.980000e+02
     vertex -2.794910e+01 -1.795486e+02  3.980000e+02
     vertex -2.800993e+01 -1.806705e+02  3.980000e+02
   endloop
 endfacet
 facet normal  0.000000e+00  0.000000e+00 -1.000000e+00
   outer loop
     vertex -2.949319e+01 -1.779621e+02  3.980000e+02
     vertex -2.982957e+01 -1.779069e+02  3.980000e+02
     vertex -2.954856e+01 -1.779491e+02  3.980000e+02
   endloop
 endfacet
 facet normal  0.000000e+00 -0.000000e+00 -1.000000e+00
   outer loop
     vertex -2.797655e+01 -1.794382e+02  3.980000e+02
     vertex -2.796207e+01 -1.794932e+02  3.980000e+02
     vertex -2.800993e+01 -1.806705e+02  3.980000e+02
   endloop
 endfacet
 facet normal  0.000000e+00 -0.000000e+00 -1.000000e+00
   outer loop
     vertex -2.799250e+01 -1.793836e+02  3.980000e+02
     vertex -2.797655e+01 -1.794382e+02  3.980000e+02
     vertex -2.800993e+01 -1.806705e+02  3.980000e+02
   endloop
 endfacet
 facet normal  0.000000e+00  0.000000e+00 -1.000000e+00
   outer loop
     vertex -2.932947e+01 -1.780099e+02  3.980000e+02
     vertex -2.943819e+01 -1.779765e+02  3.980000e+02
     vertex -2.938360e+01 -1.779925e+02  3.980000e+02
   endloop
 endfacet
 facet normal  0.000000e+00  0.000000e+00 -1.000000e+00
   outer loop
     vertex -2.807091e+01 -1.791702e+02  3.980000e+02
     vertex -2.802882e+01 -1.792758e+02  3.980000e+02
     vertex -2.800993e+01 -1.793295e+02  3.980000e+02
   endloop
 endfacet
 facet normal  0.000000e+00  0.000000e+00 -1.000000e+00
   outer loop
     vertex -2.807091e+01 -1.791702e+02  3.980000e+02
     vertex -2.804915e+01 -1.792227e+02  3.980000e+02
     vertex -2.802882e+01 -1.792758e+02  3.980000e+02
   endloop
 endfacet
 facet normal  0.000000e+00  0.000000e+00 -1.000000e+00
   outer loop
     vertex -2.917017e+01 -1.780709e+02  3.980000e+02
     vertex -2.927582e+01 -1.780288e+02  3.980000e+02
     vertex -2.922271e+01 -1.780491e+02  3.980000e+02
   endloop
 endfacet
 facet normal  0.000000e+00  0.000000e+00 -1.000000e+00
   outer loop
     vertex -2.917017e+01 -1.780709e+02  3.980000e+02
     vertex -2.932947e+01 -1.780099e+02  3.980000e+02
     vertex -2.927582e+01 -1.780288e+02  3.980000e+02
   endloop
 endfacet
 facet normal  0.000000e+00  0.000000e+00 -1.000000e+00
   outer loop
     vertex -2.809409e+01 -1.791182e+02  3.980000e+02
     vertex -2.800993e+01 -1.793295e+02  3.980000e+02
     vertex -2.799250e+01 -1.793836e+02  3.980000e+02
   endloop
 endfacet
 facet normal  0.000000e+00  0.000000e+00 -1.000000e+00
   outer loop
     vertex -2.809409e+01 -1.791182e+02  3.980000e+02
     vertex -2.807091e+01 -1.791702e+02  3.980000e+02
     vertex -2.800993e+01 -1.793295e+02  3.980000e+02
   endloop
 endfacet
 facet normal  0.000000e+00  0.000000e+00 -1.000000e+00
   outer loop
     vertex -2.906695e+01 -1.781187e+02  3.980000e+02
     vertex -2.917017e+01 -1.780709e+02  3.980000e+02
     vertex -2.911823e+01 -1.780941e+02  3.980000e+02
   endloop
 endfacet
 facet normal  0.000000e+00  0.000000e+00 -1.000000e+00
   outer loop
     vertex -2.906695e+01 -1.781187e+02  3.980000e+02
     vertex -2.949319e+01 -1.779621e+02  3.980000e+02
     vertex -2.943819e+01 -1.779765e+02  3.980000e+02
   endloop
 endfacet
 facet normal  0.000000e+00  0.000000e+00 -1.000000e+00
   outer loop
     vertex -2.906695e+01 -1.781187e+02  3.980000e+02
     vertex -2.982957e+01 -1.779069e+02  3.980000e+02
     vertex -2.949319e+01 -1.779621e+02  3.980000e+02
   endloop
 endfacet
 facet normal  0.000000e+00  0.000000e+00 -1.000000e+00
   outer loop
     vertex -2.906695e+01 -1.781187e+02  3.980000e+02
     vertex -2.943819e+01 -1.779765e+02  3.980000e+02
     vertex -2.932947e+01 -1.780099e+02  3.980000e+02
   endloop
 endfacet
 facet normal  0.000000e+00  0.000000e+00 -1.000000e+00
   outer loop
     vertex -2.906695e+01 -1.781187e+02  3.980000e+02
     vertex -2.932947e+01 -1.780099e+02  3.980000e+02
     vertex -2.917017e+01 -1.780709e+02  3.980000e+02
   endloop
 endfacet
 facet normal  0.000000e+00  0.000000e+00 -1.000000e+00
   outer loop
     vertex -2.814462e+01 -1.790163e+02  3.980000e+02
     vertex -2.811867e+01 -1.790669e+02  3.980000e+02
     vertex -2.809409e+01 -1.791182e+02  3.980000e+02
   endloop
 endfacet
 facet normal  0.000000e+00  0.000000e+00 -1.000000e+00
   outer loop
     vertex -2.814462e+01 -1.790163e+02  3.980000e+02
     vertex -2.809409e+01 -1.791182e+02  3.980000e+02
     vertex -2.799250e+01 -1.793836e+02  3.980000e+02
   endloop
 endfacet
 facet normal  0.000000e+00  0.000000e+00 -1.000000e+00
   outer loop
     vertex -2.901634e+01 -1.781446e+02  3.980000e+02
     vertex -2.982957e+01 -1.779069e+02  3.980000e+02
     vertex -2.906695e+01 -1.781187e+02  3.980000e+02
   endloop
 endfacet
 facet normal  0.000000e+00  0.000000e+00 -1.000000e+00
   outer loop
     vertex -2.817194e+01 -1.789665e+02  3.980000e+02
     vertex -2.814462e+01 -1.790163e+02  3.980000e+02
     vertex -2.799250e+01 -1.793836e+02  3.980000e+02
   endloop
 endfacet
 facet normal  0.000000e+00  0.000000e+00 -1.000000e+00
   outer loop
     vertex -2.891734e+01 -1.782006e+02  3.980000e+02
     vertex -2.901634e+01 -1.781446e+02  3.980000e+02
     vertex -2.896646e+01 -1.781719e+02  3.980000e+02
   endloop
 endfacet
 facet normal  0.000000e+00  0.000000e+00 -1.000000e+00
   outer loop
     vertex -2.823058e+01 -1.788690e+02  3.980000e+02
     vertex -2.820060e+01 -1.789173e+02  3.980000e+02
     vertex -2.817194e+01 -1.789665e+02  3.980000e+02
   endloop
 endfacet
 facet normal  0.000000e+00  0.000000e+00 -1.000000e+00
   outer loop
     vertex -2.886901e+01 -1.782306e+02  3.980000e+02
     vertex -2.901634e+01 -1.781446e+02  3.980000e+02
     vertex -2.891734e+01 -1.782006e+02  3.980000e+02
   endloop
 endfacet
 facet normal  0.000000e+00  0.000000e+00 -1.000000e+00
   outer loop
     vertex -2.826185e+01 -1.788215e+02  3.980000e+02
     vertex -2.823058e+01 -1.788690e+02  3.980000e+02
     vertex -2.817194e+01 -1.789665e+02  3.980000e+02
   endloop
 endfacet
 facet normal  0.000000e+00  0.000000e+00 -1.000000e+00
   outer loop
     vertex -2.877487e+01 -1.782944e+02  3.980000e+02
     vertex -2.901634e+01 -1.781446e+02  3.980000e+02
     vertex -2.886901e+01 -1.782306e+02  3.980000e+02
   endloop
 endfacet
 facet normal  0.000000e+00  0.000000e+00 -1.000000e+00
   outer loop
     vertex -2.877487e+01 -1.782944e+02  3.980000e+02
     vertex -2.886901e+01 -1.782306e+02  3.980000e+02
     vertex -2.882151e+01 -1.782619e+02  3.980000e+02
   endloop
 endfacet
 facet normal  0.000000e+00  0.000000e+00 -1.000000e+00
   outer loop
     vertex -2.832820e+01 -1.787291e+02  3.980000e+02
     vertex -2.829440e+01 -1.787749e+02  3.980000e+02
     vertex -2.826185e+01 -1.788215e+02  3.980000e+02
   endloop
 endfacet
 facet normal  0.000000e+00  0.000000e+00 -1.000000e+00
   outer loop
     vertex -2.832820e+01 -1.787291e+02  3.980000e+02
     vertex -2.826185e+01 -1.788215e+02  3.980000e+02
     vertex -2.817194e+01 -1.789665e+02  3.980000e+02
   endloop
 endfacet
 facet normal  0.000000e+00  0.000000e+00 -1.000000e+00
   outer loop
     vertex -2.836323e+01 -1.786843e+02  3.980000e+02
     vertex -2.817194e+01 -1.789665e+02  3.980000e+02
     vertex -2.799250e+01 -1.793836e+02  3.980000e+02
   endloop
 endfacet
 facet normal  0.000000e+00 -0.000000e+00 -1.000000e+00
   outer loop
     vertex -2.836323e+01 -1.786843e+02  3.980000e+02
     vertex -2.800993e+01 -1.806705e+02  3.980000e+02
     vertex -3.000000e+01 -1.821000e+02  3.980000e+02
   endloop
 endfacet
 facet normal  0.000000e+00  0.000000e+00 -1.000000e+00
   outer loop
     vertex -2.836323e+01 -1.786843e+02  3.980000e+02
     vertex -2.832820e+01 -1.787291e+02  3.980000e+02
     vertex -2.817194e+01 -1.789665e+02  3.980000e+02
   endloop
 endfacet
 facet normal  0.000000e+00  0.000000e+00 -1.000000e+00
   outer loop
     vertex -2.836323e+01 -1.786843e+02  3.980000e+02
     vertex -2.799250e+01 -1.793836e+02  3.980000e+02
     vertex -2.800993e+01 -1.806705e+02  3.980000e+02
   endloop
 endfacet
 facet normal  0.000000e+00  0.000000e+00 -1.000000e+00
   outer loop
     vertex -2.868433e+01 -1.783632e+02  3.980000e+02
     vertex -2.877487e+01 -1.782944e+02  3.980000e+02
     vertex -2.872913e+01 -1.783282e+02  3.980000e+02
   endloop
 endfacet
 facet normal  0.000000e+00  0.000000e+00 -1.000000e+00
   outer loop
     vertex -2.864049e+01 -1.783995e+02  3.980000e+02
     vertex -2.877487e+01 -1.782944e+02  3.980000e+02
     vertex -2.868433e+01 -1.783632e+02  3.980000e+02
   endloop
 endfacet
 facet normal  0.000000e+00  0.000000e+00 -1.000000e+00
   outer loop
     vertex -2.859765e+01 -1.784369e+02  3.980000e+02
     vertex -2.877487e+01 -1.782944e+02  3.980000e+02
     vertex -2.864049e+01 -1.783995e+02  3.980000e+02
   endloop
 endfacet
 facet normal  0.000000e+00  0.000000e+00 -1.000000e+00
   outer loop
     vertex -2.847541e+01 -1.785558e+02  3.980000e+02
     vertex -2.839946e+01 -1.786405e+02  3.980000e+02
     vertex -2.836323e+01 -1.786843e+02  3.980000e+02
   endloop
 endfacet
 facet normal  0.000000e+00  0.000000e+00 -1.000000e+00
   outer loop
     vertex -2.847541e+01 -1.785558e+02  3.980000e+02
     vertex -2.843686e+01 -1.785976e+02  3.980000e+02
     vertex -2.839946e+01 -1.786405e+02  3.980000e+02
   endloop
 endfacet
 facet normal  0.000000e+00  0.000000e+00 -1.000000e+00
   outer loop
     vertex -2.851508e+01 -1.785151e+02  3.980000e+02
     vertex -2.982957e+01 -1.779069e+02  3.980000e+02
     vertex -2.901634e+01 -1.781446e+02  3.980000e+02
   endloop
 endfacet
 facet normal  0.000000e+00  0.000000e+00 -1.000000e+00
   outer loop
     vertex -2.851508e+01 -1.785151e+02  3.980000e+02
     vertex -2.901634e+01 -1.781446e+02  3.980000e+02
     vertex -2.877487e+01 -1.782944e+02  3.980000e+02
   endloop
 endfacet
 facet normal -0.000000e+00  0.000000e+00 -1.000000e+00
   outer loop
     vertex -2.851508e+01 -1.785151e+02  3.980000e+02
     vertex -3.000000e+01 -1.821000e+02  3.980000e+02
     vertex -2.994313e+01 -1.779008e+02  3.980000e+02
   endloop
 endfacet
 facet normal  0.000000e+00 -0.000000e+00 -1.000000e+00
   outer loop
     vertex -2.851508e+01 -1.785151e+02  3.980000e+02
     vertex -2.836323e+01 -1.786843e+02  3.980000e+02
     vertex -3.000000e+01 -1.821000e+02  3.980000e+02
   endloop
 endfacet
 facet normal  0.000000e+00  0.000000e+00 -1.000000e+00
   outer loop
     vertex -2.851508e+01 -1.785151e+02  3.980000e+02
     vertex -2.847541e+01 -1.785558e+02  3.980000e+02
     vertex -2.836323e+01 -1.786843e+02  3.980000e+02
   endloop
 endfacet
 facet normal  0.000000e+00  0.000000e+00 -1.000000e+00
   outer loop
     vertex -2.851508e+01 -1.785151e+02  3.980000e+02
     vertex -2.877487e+01 -1.782944e+02  3.980000e+02
     vertex -2.859765e+01 -1.784369e+02  3.980000e+02
   endloop
 endfacet
 facet normal  0.000000e+00  0.000000e+00 -1.000000e+00
   outer loop
     vertex -2.851508e+01 -1.785151e+02  3.980000e+02
     vertex -2.994313e+01 -1.779008e+02  3.980000e+02
     vertex -2.982957e+01 -1.779069e+02  3.980000e+02
   endloop
 endfacet
 facet normal  0.000000e+00  0.000000e+00 -1.000000e+00
   outer loop
     vertex -2.851508e+01 -1.785151e+02  3.980000e+02
     vertex -2.859765e+01 -1.784369e+02  3.980000e+02
     vertex -2.855583e+01 -1.784754e+02  3.980000e+02
   endloop
 endfacet
 facet normal -1.000000e+00  0.000000e+00  0.000000e+00
   outer loop
     vertex -2.700000e+01 -1.756000e+02  3.980000e+02
     vertex -2.700000e+01 -1.700000e+02  1.800000e+01
     vertex -2.700000e+01 -1.756000e+02  1.800000e+01
   endloop
 endfacet
 facet normal -1.000000e+00  0.000000e+00  0.000000e+00
   outer loop
     vertex -2.700000e+01 -1.756000e+02  3.980000e+02
     vertex -2.700000e+01 -1.700000e+02  3.980000e+02
     vertex -2.700000e+01 -1.700000e+02  1.800000e+01
   endloop
 endfacet
 facet normal -0.000000e+00  0.000000e+00 -1.000000e+00
   outer loop
     vertex -2.700000e+01 -1.700000e+02  3.980000e+02
     vertex -3.000000e+01 -1.756000e+02  3.980000e+02
     vertex -3.000000e+01 -1.700000e+02  3.980000e+02
   endloop
 endfacet
 facet normal  0.000000e+00 -0.000000e+00 -1.000000e+00
   outer loop
     vertex -2.700000e+01 -1.700000e+02  3.980000e+02
     vertex -2.700000e+01 -1.756000e+02  3.980000e+02
     vertex -3.000000e+01 -1.756000e+02  3.980000e+02
   endloop
 endfacet
endsolid
