solid 
 facet normal -1.000000e+00  0.000000e+00  0.000000e+00
   outer loop
     vertex -4.750000e+01 -3.500000e+01  6.900000e+01
     vertex -4.750000e+01 -2.725000e+01  6.300000e+01
     vertex -4.750000e+01 -3.500000e+01  6.300000e+01
   endloop
 endfacet
 facet normal -1.000000e+00  0.000000e+00  0.000000e+00
   outer loop
     vertex -4.750000e+01 -3.500000e+01  6.900000e+01
     vertex -4.750000e+01 -2.725000e+01  6.900000e+01
     vertex -4.750000e+01 -2.725000e+01  6.300000e+01
   endloop
 endfacet
 facet normal  0.000000e+00  0.000000e+00  1.000000e+00
   outer loop
     vertex -4.743907e+01 -2.724917e+01  6.900000e+01
     vertex -4.750000e+01 -2.725000e+01  6.900000e+01
     vertex -4.750000e+01 -3.500000e+01  6.900000e+01
   endloop
 endfacet
 facet normal  0.000000e+00  0.000000e+00  1.000000e+00
   outer loop
     vertex -4.737819e+01 -2.724670e+01  6.900000e+01
     vertex -4.743907e+01 -2.724917e+01  6.900000e+01
     vertex -4.750000e+01 -3.500000e+01  6.900000e+01
   endloop
 endfacet
 facet normal  0.000000e+00  0.000000e+00  1.000000e+00
   outer loop
     vertex -4.731739e+01 -2.724258e+01  6.900000e+01
     vertex -4.737819e+01 -2.724670e+01  6.900000e+01
     vertex -4.750000e+01 -3.500000e+01  6.900000e+01
   endloop
 endfacet
 facet normal  0.000000e+00  0.000000e+00  1.000000e+00
   outer loop
     vertex -4.725673e+01 -2.723681e+01  6.900000e+01
     vertex -4.731739e+01 -2.724258e+01  6.900000e+01
     vertex -4.750000e+01 -3.500000e+01  6.900000e+01
   endloop
 endfacet
 facet normal  0.000000e+00  0.000000e+00  1.000000e+00
   outer loop
     vertex -4.719625e+01 -2.722940e+01  6.900000e+01
     vertex -4.725673e+01 -2.723681e+01  6.900000e+01
     vertex -4.750000e+01 -3.500000e+01  6.900000e+01
   endloop
 endfacet
 facet normal  0.000000e+00  0.000000e+00  1.000000e+00
   outer loop
     vertex -4.713599e+01 -2.722036e+01  6.900000e+01
     vertex -4.719625e+01 -2.722940e+01  6.900000e+01
     vertex -4.750000e+01 -3.500000e+01  6.900000e+01
   endloop
 endfacet
 facet normal  0.000000e+00  0.000000e+00  1.000000e+00
   outer loop
     vertex -4.707600e+01 -2.720969e+01  6.900000e+01
     vertex -4.713599e+01 -2.722036e+01  6.900000e+01
     vertex -4.750000e+01 -3.500000e+01  6.900000e+01
   endloop
 endfacet
 facet normal  0.000000e+00  0.000000e+00  1.000000e+00
   outer loop
     vertex -4.701632e+01 -2.719740e+01  6.900000e+01
     vertex -4.707600e+01 -2.720969e+01  6.900000e+01
     vertex -4.750000e+01 -3.500000e+01  6.900000e+01
   endloop
 endfacet
 facet normal  0.000000e+00  0.000000e+00  1.000000e+00
   outer loop
     vertex -4.695699e+01 -2.718349e+01  6.900000e+01
     vertex -4.701632e+01 -2.719740e+01  6.900000e+01
     vertex -4.750000e+01 -3.500000e+01  6.900000e+01
   endloop
 endfacet
 facet normal  0.000000e+00  0.000000e+00  1.000000e+00
   outer loop
     vertex -4.689806e+01 -2.716799e+01  6.900000e+01
     vertex -4.695699e+01 -2.718349e+01  6.900000e+01
     vertex -4.750000e+01 -3.500000e+01  6.900000e+01
   endloop
 endfacet
 facet normal  0.000000e+00  0.000000e+00  1.000000e+00
   outer loop
     vertex -4.683957e+01 -2.715089e+01  6.900000e+01
     vertex -4.689806e+01 -2.716799e+01  6.900000e+01
     vertex -4.750000e+01 -3.500000e+01  6.900000e+01
   endloop
 endfacet
 facet normal  0.000000e+00  0.000000e+00  1.000000e+00
   outer loop
     vertex -4.678157e+01 -2.713222e+01  6.900000e+01
     vertex -4.683957e+01 -2.715089e+01  6.900000e+01
     vertex -4.750000e+01 -3.500000e+01  6.900000e+01
   endloop
 endfacet
 facet normal  0.000000e+00  0.000000e+00  1.000000e+00
   outer loop
     vertex -4.672410e+01 -2.711198e+01  6.900000e+01
     vertex -4.678157e+01 -2.713222e+01  6.900000e+01
     vertex -4.750000e+01 -3.500000e+01  6.900000e+01
   endloop
 endfacet
 facet normal  0.000000e+00  0.000000e+00  1.000000e+00
   outer loop
     vertex -4.666719e+01 -2.709020e+01  6.900000e+01
     vertex -4.672410e+01 -2.711198e+01  6.900000e+01
     vertex -4.750000e+01 -3.500000e+01  6.900000e+01
   endloop
 endfacet
 facet normal  0.000000e+00  0.000000e+00  1.000000e+00
   outer loop
     vertex -4.661089e+01 -2.706688e+01  6.900000e+01
     vertex -4.666719e+01 -2.709020e+01  6.900000e+01
     vertex -4.750000e+01 -3.500000e+01  6.900000e+01
   endloop
 endfacet
 facet normal  0.000000e+00  0.000000e+00  1.000000e+00
   outer loop
     vertex -4.655525e+01 -2.704204e+01  6.900000e+01
     vertex -4.661089e+01 -2.706688e+01  6.900000e+01
     vertex -4.750000e+01 -3.500000e+01  6.900000e+01
   endloop
 endfacet
 facet normal  0.000000e+00  0.000000e+00  1.000000e+00
   outer loop
     vertex -4.650030e+01 -2.701571e+01  6.900000e+01
     vertex -4.655525e+01 -2.704204e+01  6.900000e+01
     vertex -4.750000e+01 -3.500000e+01  6.900000e+01
   endloop
 endfacet
 facet normal  0.000000e+00  0.000000e+00  1.000000e+00
   outer loop
     vertex -4.644608e+01 -2.698790e+01  6.900000e+01
     vertex -4.650030e+01 -2.701571e+01  6.900000e+01
     vertex -4.750000e+01 -3.500000e+01  6.900000e+01
   endloop
 endfacet
 facet normal  0.000000e+00  0.000000e+00  1.000000e+00
   outer loop
     vertex -4.639264e+01 -2.695863e+01  6.900000e+01
     vertex -4.644608e+01 -2.698790e+01  6.900000e+01
     vertex -4.750000e+01 -3.500000e+01  6.900000e+01
   endloop
 endfacet
 facet normal  0.000000e+00  0.000000e+00  1.000000e+00
   outer loop
     vertex -4.634000e+01 -2.692793e+01  6.900000e+01
     vertex -4.639264e+01 -2.695863e+01  6.900000e+01
     vertex -4.750000e+01 -3.500000e+01  6.900000e+01
   endloop
 endfacet
 facet normal  0.000000e+00  0.000000e+00  1.000000e+00
   outer loop
     vertex -4.628822e+01 -2.689581e+01  6.900000e+01
     vertex -4.634000e+01 -2.692793e+01  6.900000e+01
     vertex -4.750000e+01 -3.500000e+01  6.900000e+01
   endloop
 endfacet
 facet normal  0.000000e+00  0.000000e+00  1.000000e+00
   outer loop
     vertex -4.623733e+01 -2.686230e+01  6.900000e+01
     vertex -4.628822e+01 -2.689581e+01  6.900000e+01
     vertex -4.750000e+01 -3.500000e+01  6.900000e+01
   endloop
 endfacet
 facet normal  0.000000e+00  0.000000e+00  1.000000e+00
   outer loop
     vertex -4.618736e+01 -2.682742e+01  6.900000e+01
     vertex -4.623733e+01 -2.686230e+01  6.900000e+01
     vertex -4.750000e+01 -3.500000e+01  6.900000e+01
   endloop
 endfacet
 facet normal  0.000000e+00  0.000000e+00  1.000000e+00
   outer loop
     vertex -4.613836e+01 -2.679121e+01  6.900000e+01
     vertex -4.618736e+01 -2.682742e+01  6.900000e+01
     vertex -4.750000e+01 -3.500000e+01  6.900000e+01
   endloop
 endfacet
 facet normal  0.000000e+00  0.000000e+00  1.000000e+00
   outer loop
     vertex -4.609035e+01 -2.675368e+01  6.900000e+01
     vertex -4.613836e+01 -2.679121e+01  6.900000e+01
     vertex -4.750000e+01 -3.500000e+01  6.900000e+01
   endloop
 endfacet
 facet normal  0.000000e+00  0.000000e+00  1.000000e+00
   outer loop
     vertex -4.604338e+01 -2.671486e+01  6.900000e+01
     vertex -4.609035e+01 -2.675368e+01  6.900000e+01
     vertex -4.750000e+01 -3.500000e+01  6.900000e+01
   endloop
 endfacet
 facet normal  0.000000e+00  0.000000e+00  1.000000e+00
   outer loop
     vertex -4.599748e+01 -2.667479e+01  6.900000e+01
     vertex -4.604338e+01 -2.671486e+01  6.900000e+01
     vertex -4.750000e+01 -3.500000e+01  6.900000e+01
   endloop
 endfacet
 facet normal  0.000000e+00  0.000000e+00  1.000000e+00
   outer loop
     vertex -4.595268e+01 -2.663349e+01  6.900000e+01
     vertex -4.599748e+01 -2.667479e+01  6.900000e+01
     vertex -4.750000e+01 -3.500000e+01  6.900000e+01
   endloop
 endfacet
 facet normal  0.000000e+00  0.000000e+00  1.000000e+00
   outer loop
     vertex -4.590901e+01 -2.659099e+01  6.900000e+01
     vertex -4.595268e+01 -2.663349e+01  6.900000e+01
     vertex -4.750000e+01 -3.500000e+01  6.900000e+01
   endloop
 endfacet
 facet normal  0.000000e+00  0.000000e+00  1.000000e+00
   outer loop
     vertex -4.586651e+01 -2.654732e+01  6.900000e+01
     vertex -4.590901e+01 -2.659099e+01  6.900000e+01
     vertex -4.750000e+01 -3.500000e+01  6.900000e+01
   endloop
 endfacet
 facet normal  0.000000e+00  0.000000e+00  1.000000e+00
   outer loop
     vertex -4.582521e+01 -2.650252e+01  6.900000e+01
     vertex -4.586651e+01 -2.654732e+01  6.900000e+01
     vertex -4.750000e+01 -3.500000e+01  6.900000e+01
   endloop
 endfacet
 facet normal  0.000000e+00  0.000000e+00  1.000000e+00
   outer loop
     vertex -4.578514e+01 -2.645662e+01  6.900000e+01
     vertex -4.582521e+01 -2.650252e+01  6.900000e+01
     vertex -4.750000e+01 -3.500000e+01  6.900000e+01
   endloop
 endfacet
 facet normal  0.000000e+00  0.000000e+00  1.000000e+00
   outer loop
     vertex -4.574632e+01 -2.640965e+01  6.900000e+01
     vertex -4.578514e+01 -2.645662e+01  6.900000e+01
     vertex -4.750000e+01 -3.500000e+01  6.900000e+01
   endloop
 endfacet
 facet normal  0.000000e+00  0.000000e+00  1.000000e+00
   outer loop
     vertex -4.570879e+01 -2.636164e+01  6.900000e+01
     vertex -4.574632e+01 -2.640965e+01  6.900000e+01
     vertex -4.750000e+01 -3.500000e+01  6.900000e+01
   endloop
 endfacet
 facet normal  0.000000e+00  0.000000e+00  1.000000e+00
   outer loop
     vertex -4.567258e+01 -2.631264e+01  6.900000e+01
     vertex -4.570879e+01 -2.636164e+01  6.900000e+01
     vertex -4.750000e+01 -3.500000e+01  6.900000e+01
   endloop
 endfacet
 facet normal  0.000000e+00  0.000000e+00  1.000000e+00
   outer loop
     vertex -4.200000e+01 -2.300000e+01  6.900000e+01
     vertex -4.563770e+01 -2.626267e+01  6.900000e+01
     vertex -4.567258e+01 -2.631264e+01  6.900000e+01
   endloop
 endfacet
 facet normal  0.000000e+00  0.000000e+00  1.000000e+00
   outer loop
     vertex -4.200000e+01 -2.300000e+01  6.900000e+01
     vertex -4.560419e+01 -2.621178e+01  6.900000e+01
     vertex -4.563770e+01 -2.626267e+01  6.900000e+01
   endloop
 endfacet
 facet normal  0.000000e+00  0.000000e+00  1.000000e+00
   outer loop
     vertex -4.200000e+01 -2.300000e+01  6.900000e+01
     vertex -4.557207e+01 -2.616000e+01  6.900000e+01
     vertex -4.560419e+01 -2.621178e+01  6.900000e+01
   endloop
 endfacet
 facet normal  0.000000e+00  0.000000e+00  1.000000e+00
   outer loop
     vertex -4.200000e+01 -2.300000e+01  6.900000e+01
     vertex -4.554137e+01 -2.610736e+01  6.900000e+01
     vertex -4.557207e+01 -2.616000e+01  6.900000e+01
   endloop
 endfacet
 facet normal  0.000000e+00  0.000000e+00  1.000000e+00
   outer loop
     vertex -4.200000e+01 -2.300000e+01  6.900000e+01
     vertex -4.551210e+01 -2.605392e+01  6.900000e+01
     vertex -4.554137e+01 -2.610736e+01  6.900000e+01
   endloop
 endfacet
 facet normal  0.000000e+00  0.000000e+00  1.000000e+00
   outer loop
     vertex -4.200000e+01 -2.300000e+01  6.900000e+01
     vertex -4.548429e+01 -2.599970e+01  6.900000e+01
     vertex -4.551210e+01 -2.605392e+01  6.900000e+01
   endloop
 endfacet
 facet normal  0.000000e+00  0.000000e+00  1.000000e+00
   outer loop
     vertex -4.200000e+01 -2.300000e+01  6.900000e+01
     vertex -4.545796e+01 -2.594475e+01  6.900000e+01
     vertex -4.548429e+01 -2.599970e+01  6.900000e+01
   endloop
 endfacet
 facet normal  0.000000e+00  0.000000e+00  1.000000e+00
   outer loop
     vertex -4.200000e+01 -2.300000e+01  6.900000e+01
     vertex -4.543312e+01 -2.588911e+01  6.900000e+01
     vertex -4.545796e+01 -2.594475e+01  6.900000e+01
   endloop
 endfacet
 facet normal  0.000000e+00  0.000000e+00  1.000000e+00
   outer loop
     vertex -4.200000e+01 -2.300000e+01  6.900000e+01
     vertex -4.540980e+01 -2.583281e+01  6.900000e+01
     vertex -4.543312e+01 -2.588911e+01  6.900000e+01
   endloop
 endfacet
 facet normal  0.000000e+00  0.000000e+00  1.000000e+00
   outer loop
     vertex -4.200000e+01 -2.300000e+01  6.900000e+01
     vertex -4.525083e+01 -2.493907e+01  6.900000e+01
     vertex -4.525000e+01 -2.500000e+01  6.900000e+01
   endloop
 endfacet
 facet normal  0.000000e+00  0.000000e+00  1.000000e+00
   outer loop
     vertex -4.200000e+01 -2.300000e+01  6.900000e+01
     vertex -4.538802e+01 -2.577590e+01  6.900000e+01
     vertex -4.540980e+01 -2.583281e+01  6.900000e+01
   endloop
 endfacet
 facet normal  0.000000e+00  0.000000e+00  1.000000e+00
   outer loop
     vertex -4.200000e+01 -2.300000e+01  6.900000e+01
     vertex -4.525330e+01 -2.487819e+01  6.900000e+01
     vertex -4.525083e+01 -2.493907e+01  6.900000e+01
   endloop
 endfacet
 facet normal  0.000000e+00  0.000000e+00  1.000000e+00
   outer loop
     vertex -4.200000e+01 -2.300000e+01  6.900000e+01
     vertex -4.536778e+01 -2.571843e+01  6.900000e+01
     vertex -4.538802e+01 -2.577590e+01  6.900000e+01
   endloop
 endfacet
 facet normal  0.000000e+00  0.000000e+00  1.000000e+00
   outer loop
     vertex -4.200000e+01 -2.300000e+01  6.900000e+01
     vertex -4.525742e+01 -2.481739e+01  6.900000e+01
     vertex -4.525330e+01 -2.487819e+01  6.900000e+01
   endloop
 endfacet
 facet normal  0.000000e+00  0.000000e+00  1.000000e+00
   outer loop
     vertex -4.200000e+01 -2.300000e+01  6.900000e+01
     vertex -4.534911e+01 -2.566043e+01  6.900000e+01
     vertex -4.536778e+01 -2.571843e+01  6.900000e+01
   endloop
 endfacet
 facet normal  0.000000e+00  0.000000e+00  1.000000e+00
   outer loop
     vertex -4.200000e+01 -2.300000e+01  6.900000e+01
     vertex -4.526319e+01 -2.475673e+01  6.900000e+01
     vertex -4.525742e+01 -2.481739e+01  6.900000e+01
   endloop
 endfacet
 facet normal  0.000000e+00  0.000000e+00  1.000000e+00
   outer loop
     vertex -4.200000e+01 -2.300000e+01  6.900000e+01
     vertex -4.533201e+01 -2.560194e+01  6.900000e+01
     vertex -4.534911e+01 -2.566043e+01  6.900000e+01
   endloop
 endfacet
 facet normal  0.000000e+00  0.000000e+00  1.000000e+00
   outer loop
     vertex -4.200000e+01 -2.300000e+01  6.900000e+01
     vertex -4.527060e+01 -2.469625e+01  6.900000e+01
     vertex -4.526319e+01 -2.475673e+01  6.900000e+01
   endloop
 endfacet
 facet normal  0.000000e+00  0.000000e+00  1.000000e+00
   outer loop
     vertex -4.200000e+01 -2.300000e+01  6.900000e+01
     vertex -4.531651e+01 -2.554301e+01  6.900000e+01
     vertex -4.533201e+01 -2.560194e+01  6.900000e+01
   endloop
 endfacet
 facet normal  0.000000e+00  0.000000e+00  1.000000e+00
   outer loop
     vertex -4.200000e+01 -2.300000e+01  6.900000e+01
     vertex -4.527964e+01 -2.463599e+01  6.900000e+01
     vertex -4.527060e+01 -2.469625e+01  6.900000e+01
   endloop
 endfacet
 facet normal  0.000000e+00  0.000000e+00  1.000000e+00
   outer loop
     vertex -4.200000e+01 -2.300000e+01  6.900000e+01
     vertex -4.530260e+01 -2.548368e+01  6.900000e+01
     vertex -4.531651e+01 -2.554301e+01  6.900000e+01
   endloop
 endfacet
 facet normal  0.000000e+00  0.000000e+00  1.000000e+00
   outer loop
     vertex -4.200000e+01 -2.300000e+01  6.900000e+01
     vertex -4.529031e+01 -2.457600e+01  6.900000e+01
     vertex -4.527964e+01 -2.463599e+01  6.900000e+01
   endloop
 endfacet
 facet normal  0.000000e+00  0.000000e+00  1.000000e+00
   outer loop
     vertex -4.200000e+01 -2.300000e+01  6.900000e+01
     vertex -4.529031e+01 -2.542400e+01  6.900000e+01
     vertex -4.530260e+01 -2.548368e+01  6.900000e+01
   endloop
 endfacet
 facet normal  0.000000e+00  0.000000e+00  1.000000e+00
   outer loop
     vertex -4.200000e+01 -2.300000e+01  6.900000e+01
     vertex -4.530260e+01 -2.451632e+01  6.900000e+01
     vertex -4.529031e+01 -2.457600e+01  6.900000e+01
   endloop
 endfacet
 facet normal  0.000000e+00  0.000000e+00  1.000000e+00
   outer loop
     vertex -4.200000e+01 -2.300000e+01  6.900000e+01
     vertex -4.527964e+01 -2.536401e+01  6.900000e+01
     vertex -4.529031e+01 -2.542400e+01  6.900000e+01
   endloop
 endfacet
 facet normal  0.000000e+00  0.000000e+00  1.000000e+00
   outer loop
     vertex -4.200000e+01 -2.300000e+01  6.900000e+01
     vertex -4.531651e+01 -2.445699e+01  6.900000e+01
     vertex -4.530260e+01 -2.451632e+01  6.900000e+01
   endloop
 endfacet
 facet normal  0.000000e+00  0.000000e+00  1.000000e+00
   outer loop
     vertex -4.200000e+01 -2.300000e+01  6.900000e+01
     vertex -4.527060e+01 -2.530375e+01  6.900000e+01
     vertex -4.527964e+01 -2.536401e+01  6.900000e+01
   endloop
 endfacet
 facet normal  0.000000e+00  0.000000e+00  1.000000e+00
   outer loop
     vertex -4.200000e+01 -2.300000e+01  6.900000e+01
     vertex -4.533201e+01 -2.439806e+01  6.900000e+01
     vertex -4.531651e+01 -2.445699e+01  6.900000e+01
   endloop
 endfacet
 facet normal  0.000000e+00  0.000000e+00  1.000000e+00
   outer loop
     vertex -4.200000e+01 -2.300000e+01  6.900000e+01
     vertex -4.526319e+01 -2.524327e+01  6.900000e+01
     vertex -4.527060e+01 -2.530375e+01  6.900000e+01
   endloop
 endfacet
 facet normal  0.000000e+00  0.000000e+00  1.000000e+00
   outer loop
     vertex -4.200000e+01 -2.300000e+01  6.900000e+01
     vertex -4.534911e+01 -2.433957e+01  6.900000e+01
     vertex -4.533201e+01 -2.439806e+01  6.900000e+01
   endloop
 endfacet
 facet normal  0.000000e+00  0.000000e+00  1.000000e+00
   outer loop
     vertex -4.200000e+01 -2.300000e+01  6.900000e+01
     vertex -4.525742e+01 -2.518261e+01  6.900000e+01
     vertex -4.526319e+01 -2.524327e+01  6.900000e+01
   endloop
 endfacet
 facet normal  0.000000e+00  0.000000e+00  1.000000e+00
   outer loop
     vertex -4.200000e+01 -2.300000e+01  6.900000e+01
     vertex -4.536778e+01 -2.428157e+01  6.900000e+01
     vertex -4.534911e+01 -2.433957e+01  6.900000e+01
   endloop
 endfacet
 facet normal  0.000000e+00  0.000000e+00  1.000000e+00
   outer loop
     vertex -4.200000e+01 -2.300000e+01  6.900000e+01
     vertex -4.525330e+01 -2.512181e+01  6.900000e+01
     vertex -4.525742e+01 -2.518261e+01  6.900000e+01
   endloop
 endfacet
 facet normal  0.000000e+00  0.000000e+00  1.000000e+00
   outer loop
     vertex -4.200000e+01 -2.300000e+01  6.900000e+01
     vertex -4.538802e+01 -2.422410e+01  6.900000e+01
     vertex -4.536778e+01 -2.428157e+01  6.900000e+01
   endloop
 endfacet
 facet normal  0.000000e+00  0.000000e+00  1.000000e+00
   outer loop
     vertex -4.200000e+01 -2.300000e+01  6.900000e+01
     vertex -4.525083e+01 -2.506093e+01  6.900000e+01
     vertex -4.525330e+01 -2.512181e+01  6.900000e+01
   endloop
 endfacet
 facet normal  0.000000e+00  0.000000e+00  1.000000e+00
   outer loop
     vertex -4.200000e+01 -2.300000e+01  6.900000e+01
     vertex -4.540980e+01 -2.416719e+01  6.900000e+01
     vertex -4.538802e+01 -2.422410e+01  6.900000e+01
   endloop
 endfacet
 facet normal  0.000000e+00  0.000000e+00  1.000000e+00
   outer loop
     vertex -4.200000e+01 -2.300000e+01  6.900000e+01
     vertex -4.525000e+01 -2.500000e+01  6.900000e+01
     vertex -4.525083e+01 -2.506093e+01  6.900000e+01
   endloop
 endfacet
 facet normal  0.000000e+00  0.000000e+00  1.000000e+00
   outer loop
     vertex -4.200000e+01 -2.300000e+01  6.900000e+01
     vertex -4.543312e+01 -2.411089e+01  6.900000e+01
     vertex -4.540980e+01 -2.416719e+01  6.900000e+01
   endloop
 endfacet
 facet normal  0.000000e+00  0.000000e+00  1.000000e+00
   outer loop
     vertex -4.200000e+01 -2.300000e+01  6.900000e+01
     vertex -4.545796e+01 -2.405525e+01  6.900000e+01
     vertex -4.543312e+01 -2.411089e+01  6.900000e+01
   endloop
 endfacet
 facet normal  0.000000e+00  0.000000e+00  1.000000e+00
   outer loop
     vertex -4.200000e+01 -2.300000e+01  6.900000e+01
     vertex -4.548429e+01 -2.400030e+01  6.900000e+01
     vertex -4.545796e+01 -2.405525e+01  6.900000e+01
   endloop
 endfacet
 facet normal  0.000000e+00  0.000000e+00  1.000000e+00
   outer loop
     vertex -4.200000e+01 -2.300000e+01  6.900000e+01
     vertex -4.567258e+01 -2.631264e+01  6.900000e+01
     vertex -4.750000e+01 -3.500000e+01  6.900000e+01
   endloop
 endfacet
 facet normal  0.000000e+00  0.000000e+00  1.000000e+00
   outer loop
     vertex -4.200000e+01 -2.300000e+01  6.900000e+01
     vertex -4.551210e+01 -2.394608e+01  6.900000e+01
     vertex -4.548429e+01 -2.400030e+01  6.900000e+01
   endloop
 endfacet
 facet normal  0.000000e+00  0.000000e+00  1.000000e+00
   outer loop
     vertex -4.200000e+01 -2.300000e+01  6.900000e+01
     vertex -4.554137e+01 -2.389264e+01  6.900000e+01
     vertex -4.551210e+01 -2.394608e+01  6.900000e+01
   endloop
 endfacet
 facet normal  0.000000e+00  0.000000e+00  1.000000e+00
   outer loop
     vertex -4.200000e+01 -2.300000e+01  6.900000e+01
     vertex -4.557207e+01 -2.384000e+01  6.900000e+01
     vertex -4.554137e+01 -2.389264e+01  6.900000e+01
   endloop
 endfacet
 facet normal  0.000000e+00  0.000000e+00  1.000000e+00
   outer loop
     vertex -4.200000e+01 -2.300000e+01  6.900000e+01
     vertex -4.560419e+01 -2.378822e+01  6.900000e+01
     vertex -4.557207e+01 -2.384000e+01  6.900000e+01
   endloop
 endfacet
 facet normal  0.000000e+00  0.000000e+00  1.000000e+00
   outer loop
     vertex -4.200000e+01 -2.300000e+01  6.900000e+01
     vertex -4.563770e+01 -2.373733e+01  6.900000e+01
     vertex -4.560419e+01 -2.378822e+01  6.900000e+01
   endloop
 endfacet
 facet normal  0.000000e+00  0.000000e+00  1.000000e+00
   outer loop
     vertex -4.200000e+01 -2.300000e+01  6.900000e+01
     vertex -4.567258e+01 -2.368736e+01  6.900000e+01
     vertex -4.563770e+01 -2.373733e+01  6.900000e+01
   endloop
 endfacet
 facet normal  0.000000e+00  0.000000e+00  1.000000e+00
   outer loop
     vertex -4.200000e+01 -2.300000e+01  6.900000e+01
     vertex -4.570879e+01 -2.363836e+01  6.900000e+01
     vertex -4.567258e+01 -2.368736e+01  6.900000e+01
   endloop
 endfacet
 facet normal  0.000000e+00  0.000000e+00  1.000000e+00
   outer loop
     vertex -4.200000e+01 -2.300000e+01  6.900000e+01
     vertex -4.574632e+01 -2.359035e+01  6.900000e+01
     vertex -4.570879e+01 -2.363836e+01  6.900000e+01
   endloop
 endfacet
 facet normal  0.000000e+00  0.000000e+00  1.000000e+00
   outer loop
     vertex -4.200000e+01 -2.300000e+01  6.900000e+01
     vertex -4.578514e+01 -2.354338e+01  6.900000e+01
     vertex -4.574632e+01 -2.359035e+01  6.900000e+01
   endloop
 endfacet
 facet normal  0.000000e+00  0.000000e+00  1.000000e+00
   outer loop
     vertex -4.200000e+01 -2.300000e+01  6.900000e+01
     vertex -4.582521e+01 -2.349748e+01  6.900000e+01
     vertex -4.578514e+01 -2.354338e+01  6.900000e+01
   endloop
 endfacet
 facet normal  0.000000e+00  0.000000e+00  1.000000e+00
   outer loop
     vertex -4.200000e+01 -2.300000e+01  6.900000e+01
     vertex -4.586651e+01 -2.345268e+01  6.900000e+01
     vertex -4.582521e+01 -2.349748e+01  6.900000e+01
   endloop
 endfacet
 facet normal  0.000000e+00  0.000000e+00  1.000000e+00
   outer loop
     vertex -4.200000e+01 -2.300000e+01  6.900000e+01
     vertex -4.590901e+01 -2.340901e+01  6.900000e+01
     vertex -4.586651e+01 -2.345268e+01  6.900000e+01
   endloop
 endfacet
 facet normal  0.000000e+00  0.000000e+00  1.000000e+00
   outer loop
     vertex -4.200000e+01 -2.300000e+01  6.900000e+01
     vertex -4.595268e+01 -2.336651e+01  6.900000e+01
     vertex -4.590901e+01 -2.340901e+01  6.900000e+01
   endloop
 endfacet
 facet normal  0.000000e+00  0.000000e+00  1.000000e+00
   outer loop
     vertex -4.200000e+01 -2.300000e+01  6.900000e+01
     vertex -4.599748e+01 -2.332521e+01  6.900000e+01
     vertex -4.595268e+01 -2.336651e+01  6.900000e+01
   endloop
 endfacet
 facet normal  0.000000e+00  0.000000e+00  1.000000e+00
   outer loop
     vertex -4.200000e+01 -2.300000e+01  6.900000e+01
     vertex -4.604338e+01 -2.328514e+01  6.900000e+01
     vertex -4.599748e+01 -2.332521e+01  6.900000e+01
   endloop
 endfacet
 facet normal  0.000000e+00  0.000000e+00  1.000000e+00
   outer loop
     vertex -4.200000e+01 -2.300000e+01  6.900000e+01
     vertex -4.609035e+01 -2.324632e+01  6.900000e+01
     vertex -4.604338e+01 -2.328514e+01  6.900000e+01
   endloop
 endfacet
 facet normal  0.000000e+00  0.000000e+00  1.000000e+00
   outer loop
     vertex -4.200000e+01 -2.300000e+01  6.900000e+01
     vertex -4.613836e+01 -2.320879e+01  6.900000e+01
     vertex -4.609035e+01 -2.324632e+01  6.900000e+01
   endloop
 endfacet
 facet normal  0.000000e+00  0.000000e+00  1.000000e+00
   outer loop
     vertex -4.200000e+01 -2.300000e+01  6.900000e+01
     vertex -4.618736e+01 -2.317258e+01  6.900000e+01
     vertex -4.613836e+01 -2.320879e+01  6.900000e+01
   endloop
 endfacet
 facet normal  0.000000e+00  0.000000e+00  1.000000e+00
   outer loop
     vertex -4.200000e+01 -2.300000e+01  6.900000e+01
     vertex -4.623733e+01 -2.313770e+01  6.900000e+01
     vertex -4.618736e+01 -2.317258e+01  6.900000e+01
   endloop
 endfacet
 facet normal  0.000000e+00  0.000000e+00  1.000000e+00
   outer loop
     vertex -4.200000e+01 -2.300000e+01  6.900000e+01
     vertex -4.628822e+01 -2.310419e+01  6.900000e+01
     vertex -4.623733e+01 -2.313770e+01  6.900000e+01
   endloop
 endfacet
 facet normal  0.000000e+00  0.000000e+00  1.000000e+00
   outer loop
     vertex -4.200000e+01 -2.300000e+01  6.900000e+01
     vertex -4.634000e+01 -2.307207e+01  6.900000e+01
     vertex -4.628822e+01 -2.310419e+01  6.900000e+01
   endloop
 endfacet
 facet normal  0.000000e+00  0.000000e+00  1.000000e+00
   outer loop
     vertex -4.200000e+01 -2.300000e+01  6.900000e+01
     vertex -4.639264e+01 -2.304137e+01  6.900000e+01
     vertex -4.634000e+01 -2.307207e+01  6.900000e+01
   endloop
 endfacet
 facet normal  0.000000e+00  0.000000e+00  1.000000e+00
   outer loop
     vertex -4.200000e+01 -2.300000e+01  6.900000e+01
     vertex -4.644608e+01 -2.301210e+01  6.900000e+01
     vertex -4.639264e+01 -2.304137e+01  6.900000e+01
   endloop
 endfacet
 facet normal  0.000000e+00  0.000000e+00  1.000000e+00
   outer loop
     vertex -4.200000e+01 -2.300000e+01  6.900000e+01
     vertex -4.650030e+01 -2.298429e+01  6.900000e+01
     vertex -4.644608e+01 -2.301210e+01  6.900000e+01
   endloop
 endfacet
 facet normal  0.000000e+00  0.000000e+00  1.000000e+00
   outer loop
     vertex -4.200000e+01 -2.300000e+01  6.900000e+01
     vertex -4.655525e+01 -2.295796e+01  6.900000e+01
     vertex -4.650030e+01 -2.298429e+01  6.900000e+01
   endloop
 endfacet
 facet normal  0.000000e+00  0.000000e+00  1.000000e+00
   outer loop
     vertex -4.200000e+01 -2.300000e+01  6.900000e+01
     vertex -4.661089e+01 -2.293312e+01  6.900000e+01
     vertex -4.655525e+01 -2.295796e+01  6.900000e+01
   endloop
 endfacet
 facet normal  0.000000e+00  0.000000e+00  1.000000e+00
   outer loop
     vertex -4.200000e+01 -2.300000e+01  6.900000e+01
     vertex -4.666719e+01 -2.290980e+01  6.900000e+01
     vertex -4.661089e+01 -2.293312e+01  6.900000e+01
   endloop
 endfacet
 facet normal  0.000000e+00  0.000000e+00  1.000000e+00
   outer loop
     vertex -4.200000e+01 -2.300000e+01  6.900000e+01
     vertex -4.672410e+01 -2.288802e+01  6.900000e+01
     vertex -4.666719e+01 -2.290980e+01  6.900000e+01
   endloop
 endfacet
 facet normal  0.000000e+00  0.000000e+00  1.000000e+00
   outer loop
     vertex -4.200000e+01 -2.300000e+01  6.900000e+01
     vertex -4.678157e+01 -2.286778e+01  6.900000e+01
     vertex -4.672410e+01 -2.288802e+01  6.900000e+01
   endloop
 endfacet
 facet normal  0.000000e+00  0.000000e+00  1.000000e+00
   outer loop
     vertex -4.200000e+01 -2.300000e+01  6.900000e+01
     vertex -4.683957e+01 -2.284911e+01  6.900000e+01
     vertex -4.678157e+01 -2.286778e+01  6.900000e+01
   endloop
 endfacet
 facet normal  0.000000e+00  0.000000e+00  1.000000e+00
   outer loop
     vertex -4.200000e+01 -2.300000e+01  6.900000e+01
     vertex -4.689806e+01 -2.283201e+01  6.900000e+01
     vertex -4.683957e+01 -2.284911e+01  6.900000e+01
   endloop
 endfacet
 facet normal  0.000000e+00  0.000000e+00  1.000000e+00
   outer loop
     vertex -4.200000e+01 -2.300000e+01  6.900000e+01
     vertex -4.695699e+01 -2.281651e+01  6.900000e+01
     vertex -4.689806e+01 -2.283201e+01  6.900000e+01
   endloop
 endfacet
 facet normal  0.000000e+00  0.000000e+00  1.000000e+00
   outer loop
     vertex -4.200000e+01 -2.300000e+01  6.900000e+01
     vertex -4.701632e+01 -2.280260e+01  6.900000e+01
     vertex -4.695699e+01 -2.281651e+01  6.900000e+01
   endloop
 endfacet
 facet normal  0.000000e+00  0.000000e+00  1.000000e+00
   outer loop
     vertex -4.200000e+01 -2.300000e+01  6.900000e+01
     vertex -4.707600e+01 -2.279031e+01  6.900000e+01
     vertex -4.701632e+01 -2.280260e+01  6.900000e+01
   endloop
 endfacet
 facet normal  0.000000e+00  0.000000e+00  1.000000e+00
   outer loop
     vertex -8.000000e+00 -2.300000e+01  6.900000e+01
     vertex -4.200000e+01 -2.300000e+01  6.900000e+01
     vertex -4.750000e+01 -3.500000e+01  6.900000e+01
   endloop
 endfacet
 facet normal  0.000000e+00  0.000000e+00  1.000000e+00
   outer loop
     vertex -4.200000e+01  1.500000e+01  6.900000e+01
     vertex -4.707600e+01 -2.279031e+01  6.900000e+01
     vertex -4.200000e+01 -2.300000e+01  6.900000e+01
   endloop
 endfacet
 facet normal  0.000000e+00  0.000000e+00  1.000000e+00
   outer loop
     vertex -4.200000e+01  1.500000e+01  6.900000e+01
     vertex -4.713599e+01 -2.277964e+01  6.900000e+01
     vertex -4.707600e+01 -2.279031e+01  6.900000e+01
   endloop
 endfacet
 facet normal  0.000000e+00  0.000000e+00  1.000000e+00
   outer loop
     vertex -4.200000e+01  1.500000e+01  6.900000e+01
     vertex -4.719625e+01 -2.277060e+01  6.900000e+01
     vertex -4.713599e+01 -2.277964e+01  6.900000e+01
   endloop
 endfacet
 facet normal  0.000000e+00  0.000000e+00  1.000000e+00
   outer loop
     vertex -4.200000e+01  1.500000e+01  6.900000e+01
     vertex -4.725673e+01 -2.276319e+01  6.900000e+01
     vertex -4.719625e+01 -2.277060e+01  6.900000e+01
   endloop
 endfacet
 facet normal  0.000000e+00  0.000000e+00  1.000000e+00
   outer loop
     vertex -4.200000e+01  1.500000e+01  6.900000e+01
     vertex -4.731739e+01 -2.275742e+01  6.900000e+01
     vertex -4.725673e+01 -2.276319e+01  6.900000e+01
   endloop
 endfacet
 facet normal  0.000000e+00  0.000000e+00  1.000000e+00
   outer loop
     vertex -4.200000e+01  1.500000e+01  6.900000e+01
     vertex -4.737819e+01 -2.275330e+01  6.900000e+01
     vertex -4.731739e+01 -2.275742e+01  6.900000e+01
   endloop
 endfacet
 facet normal  0.000000e+00  0.000000e+00  1.000000e+00
   outer loop
     vertex -4.200000e+01  1.500000e+01  6.900000e+01
     vertex -4.743907e+01 -2.275083e+01  6.900000e+01
     vertex -4.737819e+01 -2.275330e+01  6.900000e+01
   endloop
 endfacet
 facet normal  0.000000e+00  0.000000e+00  1.000000e+00
   outer loop
     vertex -4.200000e+01  1.500000e+01  6.900000e+01
     vertex -4.750000e+01 -2.275000e+01  6.900000e+01
     vertex -4.743907e+01 -2.275083e+01  6.900000e+01
   endloop
 endfacet
 facet normal  0.000000e+00  0.000000e+00  1.000000e+00
   outer loop
     vertex -4.750000e+01  3.500000e+01  6.900000e+01
     vertex -4.750000e+01 -2.275000e+01  6.900000e+01
     vertex -4.200000e+01  1.500000e+01  6.900000e+01
   endloop
 endfacet
 facet normal  0.000000e+00  0.000000e+00  1.000000e+00
   outer loop
     vertex -5.174464e+00  1.457092e+01  6.900000e+01
     vertex -5.321458e+00  1.471492e+01  6.900000e+01
     vertex -8.000000e+00  1.500000e+01  6.900000e+01
   endloop
 endfacet
 facet normal  0.000000e+00  0.000000e+00  1.000000e+00
   outer loop
     vertex -5.464447e+00  1.486290e+01  6.900000e+01
     vertex -8.000000e+00  1.500000e+01  6.900000e+01
     vertex -5.321458e+00  1.471492e+01  6.900000e+01
   endloop
 endfacet
 facet normal  0.000000e+00  0.000000e+00  1.000000e+00
   outer loop
     vertex -5.023575e+00  1.443101e+01  6.900000e+01
     vertex -5.174464e+00  1.457092e+01  6.900000e+01
     vertex -8.000000e+00  1.500000e+01  6.900000e+01
   endloop
 endfacet
 facet normal  0.000000e+00  0.000000e+00  1.000000e+00
   outer loop
     vertex -5.603321e+00  1.501474e+01  6.900000e+01
     vertex -8.000000e+00  1.500000e+01  6.900000e+01
     vertex -5.464447e+00  1.486290e+01  6.900000e+01
   endloop
 endfacet
 facet normal  0.000000e+00  0.000000e+00  1.000000e+00
   outer loop
     vertex -4.868904e+00  1.429529e+01  6.900000e+01
     vertex -5.023575e+00  1.443101e+01  6.900000e+01
     vertex -8.000000e+00  1.500000e+01  6.900000e+01
   endloop
 endfacet
 facet normal  0.000000e+00  0.000000e+00  1.000000e+00
   outer loop
     vertex -5.737978e+00  1.517034e+01  6.900000e+01
     vertex -8.000000e+00  1.500000e+01  6.900000e+01
     vertex -5.603321e+00  1.501474e+01  6.900000e+01
   endloop
 endfacet
 facet normal  0.000000e+00  0.000000e+00  1.000000e+00
   outer loop
     vertex -4.710568e+00  1.416386e+01  6.900000e+01
     vertex -4.868904e+00  1.429529e+01  6.900000e+01
     vertex -8.000000e+00  1.500000e+01  6.900000e+01
   endloop
 endfacet
 facet normal  0.000000e+00  0.000000e+00  1.000000e+00
   outer loop
     vertex -5.868316e+00  1.532957e+01  6.900000e+01
     vertex -8.000000e+00  1.500000e+01  6.900000e+01
     vertex -5.737978e+00  1.517034e+01  6.900000e+01
   endloop
 endfacet
 facet normal  0.000000e+00  0.000000e+00  1.000000e+00
   outer loop
     vertex -4.548686e+00  1.403683e+01  6.900000e+01
     vertex -4.710568e+00  1.416386e+01  6.900000e+01
     vertex -8.000000e+00  1.500000e+01  6.900000e+01
   endloop
 endfacet
 facet normal  0.000000e+00  0.000000e+00  1.000000e+00
   outer loop
     vertex -5.994235e+00  1.549232e+01  6.900000e+01
     vertex -8.000000e+00  1.500000e+01  6.900000e+01
     vertex -5.868316e+00  1.532957e+01  6.900000e+01
   endloop
 endfacet
 facet normal  0.000000e+00  0.000000e+00  1.000000e+00
   outer loop
     vertex -4.383380e+00  1.391428e+01  6.900000e+01
     vertex -4.548686e+00  1.403683e+01  6.900000e+01
     vertex -8.000000e+00  1.500000e+01  6.900000e+01
   endloop
 endfacet
 facet normal  0.000000e+00  0.000000e+00  1.000000e+00
   outer loop
     vertex -6.115643e+00  1.565847e+01  6.900000e+01
     vertex -8.000000e+00  1.500000e+01  6.900000e+01
     vertex -5.994235e+00  1.549232e+01  6.900000e+01
   endloop
 endfacet
 facet normal  0.000000e+00  0.000000e+00  1.000000e+00
   outer loop
     vertex -4.214774e+00  1.379632e+01  6.900000e+01
     vertex -4.383380e+00  1.391428e+01  6.900000e+01
     vertex -8.000000e+00  1.500000e+01  6.900000e+01
   endloop
 endfacet
 facet normal  0.000000e+00  0.000000e+00  1.000000e+00
   outer loop
     vertex -6.232447e+00  1.582788e+01  6.900000e+01
     vertex -8.000000e+00  1.500000e+01  6.900000e+01
     vertex -6.115643e+00  1.565847e+01  6.900000e+01
   endloop
 endfacet
 facet normal  0.000000e+00  0.000000e+00  1.000000e+00
   outer loop
     vertex -4.042996e+00  1.368302e+01  6.900000e+01
     vertex -4.214774e+00  1.379632e+01  6.900000e+01
     vertex -8.000000e+00  1.500000e+01  6.900000e+01
   endloop
 endfacet
 facet normal  0.000000e+00  0.000000e+00  1.000000e+00
   outer loop
     vertex -6.344560e+00  1.600043e+01  6.900000e+01
     vertex -8.000000e+00  1.500000e+01  6.900000e+01
     vertex -6.232447e+00  1.582788e+01  6.900000e+01
   endloop
 endfacet
 facet normal  0.000000e+00  0.000000e+00  1.000000e+00
   outer loop
     vertex -3.868174e+00  1.357449e+01  6.900000e+01
     vertex -4.042996e+00  1.368302e+01  6.900000e+01
     vertex -8.000000e+00  1.500000e+01  6.900000e+01
   endloop
 endfacet
 facet normal  0.000000e+00  0.000000e+00  1.000000e+00
   outer loop
     vertex -6.451896e+00  1.617599e+01  6.900000e+01
     vertex -8.000000e+00  1.500000e+01  6.900000e+01
     vertex -6.344560e+00  1.600043e+01  6.900000e+01
   endloop
 endfacet
 facet normal  0.000000e+00  0.000000e+00  1.000000e+00
   outer loop
     vertex -3.690440e+00  1.347078e+01  6.900000e+01
     vertex -3.868174e+00  1.357449e+01  6.900000e+01
     vertex -8.000000e+00  1.500000e+01  6.900000e+01
   endloop
 endfacet
 facet normal  0.000000e+00  0.000000e+00  1.000000e+00
   outer loop
     vertex -6.554376e+00  1.635443e+01  6.900000e+01
     vertex -8.000000e+00  1.500000e+01  6.900000e+01
     vertex -6.451896e+00  1.617599e+01  6.900000e+01
   endloop
 endfacet
 facet normal  0.000000e+00  0.000000e+00  1.000000e+00
   outer loop
     vertex -3.509928e+00  1.337200e+01  6.900000e+01
     vertex -8.000000e+00  1.500000e+01  6.900000e+01
     vertex -8.000000e+00 -2.300000e+01  6.900000e+01
   endloop
 endfacet
 facet normal  0.000000e+00  0.000000e+00  1.000000e+00
   outer loop
     vertex -3.509928e+00  1.337200e+01  6.900000e+01
     vertex -3.690440e+00  1.347078e+01  6.900000e+01
     vertex -8.000000e+00  1.500000e+01  6.900000e+01
   endloop
 endfacet
 facet normal  0.000000e+00  0.000000e+00  1.000000e+00
   outer loop
     vertex -6.651921e+00  1.653562e+01  6.900000e+01
     vertex -8.000000e+00  1.500000e+01  6.900000e+01
     vertex -6.554376e+00  1.635443e+01  6.900000e+01
   endloop
 endfacet
 facet normal  0.000000e+00  0.000000e+00  1.000000e+00
   outer loop
     vertex -3.326774e+00  1.327820e+01  6.900000e+01
     vertex -3.509928e+00  1.337200e+01  6.900000e+01
     vertex -8.000000e+00 -2.300000e+01  6.900000e+01
   endloop
 endfacet
 facet normal  0.000000e+00  0.000000e+00  1.000000e+00
   outer loop
     vertex -6.744460e+00  1.671941e+01  6.900000e+01
     vertex -8.000000e+00  1.500000e+01  6.900000e+01
     vertex -6.651921e+00  1.653562e+01  6.900000e+01
   endloop
 endfacet
 facet normal  0.000000e+00  0.000000e+00  1.000000e+00
   outer loop
     vertex -3.141116e+00  1.318946e+01  6.900000e+01
     vertex -3.326774e+00  1.327820e+01  6.900000e+01
     vertex -8.000000e+00 -2.300000e+01  6.900000e+01
   endloop
 endfacet
 facet normal  0.000000e+00  0.000000e+00  1.000000e+00
   outer loop
     vertex -6.831921e+00  1.690567e+01  6.900000e+01
     vertex -8.000000e+00  1.500000e+01  6.900000e+01
     vertex -6.744460e+00  1.671941e+01  6.900000e+01
   endloop
 endfacet
 facet normal  0.000000e+00  0.000000e+00  1.000000e+00
   outer loop
     vertex -2.953093e+00  1.310585e+01  6.900000e+01
     vertex -3.141116e+00  1.318946e+01  6.900000e+01
     vertex -8.000000e+00 -2.300000e+01  6.900000e+01
   endloop
 endfacet
 facet normal  0.000000e+00  0.000000e+00  1.000000e+00
   outer loop
     vertex -6.914239e+00  1.709427e+01  6.900000e+01
     vertex -8.000000e+00  1.500000e+01  6.900000e+01
     vertex -6.831921e+00  1.690567e+01  6.900000e+01
   endloop
 endfacet
 facet normal  0.000000e+00  0.000000e+00  1.000000e+00
   outer loop
     vertex -2.762847e+00  1.302743e+01  6.900000e+01
     vertex -2.953093e+00  1.310585e+01  6.900000e+01
     vertex -8.000000e+00 -2.300000e+01  6.900000e+01
   endloop
 endfacet
 facet normal  0.000000e+00  0.000000e+00  1.000000e+00
   outer loop
     vertex -6.991353e+00  1.728504e+01  6.900000e+01
     vertex -8.000000e+00  1.500000e+01  6.900000e+01
     vertex -6.914239e+00  1.709427e+01  6.900000e+01
   endloop
 endfacet
 facet normal  0.000000e+00  0.000000e+00  1.000000e+00
   outer loop
     vertex -2.570522e+00  1.295426e+01  6.900000e+01
     vertex -2.762847e+00  1.302743e+01  6.900000e+01
     vertex -8.000000e+00 -2.300000e+01  6.900000e+01
   endloop
 endfacet
 facet normal  0.000000e+00  0.000000e+00  1.000000e+00
   outer loop
     vertex -7.063204e+00  1.747787e+01  6.900000e+01
     vertex -8.000000e+00  1.500000e+01  6.900000e+01
     vertex -6.991353e+00  1.728504e+01  6.900000e+01
   endloop
 endfacet
 facet normal  0.000000e+00  0.000000e+00  1.000000e+00
   outer loop
     vertex -2.376261e+00  1.288639e+01  6.900000e+01
     vertex -2.570522e+00  1.295426e+01  6.900000e+01
     vertex -8.000000e+00 -2.300000e+01  6.900000e+01
   endloop
 endfacet
 facet normal  0.000000e+00  0.000000e+00  1.000000e+00
   outer loop
     vertex -7.129738e+00  1.767259e+01  6.900000e+01
     vertex -8.000000e+00  1.500000e+01  6.900000e+01
     vertex -7.063204e+00  1.747787e+01  6.900000e+01
   endloop
 endfacet
 facet normal  0.000000e+00  0.000000e+00  1.000000e+00
   outer loop
     vertex -2.180212e+00  1.282388e+01  6.900000e+01
     vertex -2.376261e+00  1.288639e+01  6.900000e+01
     vertex -8.000000e+00 -2.300000e+01  6.900000e+01
   endloop
 endfacet
 facet normal  0.000000e+00  0.000000e+00  1.000000e+00
   outer loop
     vertex -7.190904e+00  1.786906e+01  6.900000e+01
     vertex -8.000000e+00  1.500000e+01  6.900000e+01
     vertex -7.129738e+00  1.767259e+01  6.900000e+01
   endloop
 endfacet
 facet normal  0.000000e+00  0.000000e+00  1.000000e+00
   outer loop
     vertex -1.982521e+00  1.276677e+01  6.900000e+01
     vertex -2.180212e+00  1.282388e+01  6.900000e+01
     vertex -8.000000e+00 -2.300000e+01  6.900000e+01
   endloop
 endfacet
 facet normal  0.000000e+00  0.000000e+00  1.000000e+00
   outer loop
     vertex -7.246658e+00  1.806714e+01  6.900000e+01
     vertex -8.000000e+00  1.500000e+01  6.900000e+01
     vertex -7.190904e+00  1.786906e+01  6.900000e+01
   endloop
 endfacet
 facet normal  0.000000e+00  0.000000e+00  1.000000e+00
   outer loop
     vertex -1.783338e+00  1.271510e+01  6.900000e+01
     vertex -1.982521e+00  1.276677e+01  6.900000e+01
     vertex -8.000000e+00 -2.300000e+01  6.900000e+01
   endloop
 endfacet
 facet normal  0.000000e+00  0.000000e+00  1.000000e+00
   outer loop
     vertex -7.296957e+00  1.826667e+01  6.900000e+01
     vertex -8.000000e+00  1.500000e+01  6.900000e+01
     vertex -7.246658e+00  1.806714e+01  6.900000e+01
   endloop
 endfacet
 facet normal  0.000000e+00  0.000000e+00  1.000000e+00
   outer loop
     vertex -1.582813e+00  1.266892e+01  6.900000e+01
     vertex -1.783338e+00  1.271510e+01  6.900000e+01
     vertex -8.000000e+00 -2.300000e+01  6.900000e+01
   endloop
 endfacet
 facet normal  0.000000e+00  0.000000e+00  1.000000e+00
   outer loop
     vertex -7.341762e+00  1.846751e+01  6.900000e+01
     vertex -8.000000e+00  1.500000e+01  6.900000e+01
     vertex -7.296957e+00  1.826667e+01  6.900000e+01
   endloop
 endfacet
 facet normal  0.000000e+00  0.000000e+00  1.000000e+00
   outer loop
     vertex -1.381096e+00  1.262826e+01  6.900000e+01
     vertex -1.582813e+00  1.266892e+01  6.900000e+01
     vertex -8.000000e+00 -2.300000e+01  6.900000e+01
   endloop
 endfacet
 facet normal  0.000000e+00  0.000000e+00  1.000000e+00
   outer loop
     vertex -7.381042e+00  1.866950e+01  6.900000e+01
     vertex -8.000000e+00  1.500000e+01  6.900000e+01
     vertex -7.341762e+00  1.846751e+01  6.900000e+01
   endloop
 endfacet
 facet normal  0.000000e+00  0.000000e+00  1.000000e+00
   outer loop
     vertex -1.178339e+00  1.259314e+01  6.900000e+01
     vertex -1.381096e+00  1.262826e+01  6.900000e+01
     vertex -8.000000e+00 -2.300000e+01  6.900000e+01
   endloop
 endfacet
 facet normal  0.000000e+00  0.000000e+00  1.000000e+00
   outer loop
     vertex -7.414764e+00  1.887249e+01  6.900000e+01
     vertex -8.000000e+00  1.500000e+01  6.900000e+01
     vertex -7.381042e+00  1.866950e+01  6.900000e+01
   endloop
 endfacet
 facet normal  0.000000e+00  0.000000e+00  1.000000e+00
   outer loop
     vertex -9.746959e-01  1.256361e+01  6.900000e+01
     vertex -1.178339e+00  1.259314e+01  6.900000e+01
     vertex -8.000000e+00 -2.300000e+01  6.900000e+01
   endloop
 endfacet
 facet normal  0.000000e+00  0.000000e+00  1.000000e+00
   outer loop
     vertex -7.442906e+00  1.907634e+01  6.900000e+01
     vertex -8.000000e+00  1.500000e+01  6.900000e+01
     vertex -7.414764e+00  1.887249e+01  6.900000e+01
   endloop
 endfacet
 facet normal  0.000000e+00  0.000000e+00  1.000000e+00
   outer loop
     vertex -7.703186e-01  1.253966e+01  6.900000e+01
     vertex -9.746959e-01  1.256361e+01  6.900000e+01
     vertex -8.000000e+00 -2.300000e+01  6.900000e+01
   endloop
 endfacet
 facet normal  0.000000e+00  0.000000e+00  1.000000e+00
   outer loop
     vertex -7.465444e+00  1.928087e+01  6.900000e+01
     vertex -8.000000e+00  1.500000e+01  6.900000e+01
     vertex -7.442906e+00  1.907634e+01  6.900000e+01
   endloop
 endfacet
 facet normal  0.000000e+00  0.000000e+00  1.000000e+00
   outer loop
     vertex -5.653614e-01  1.252134e+01  6.900000e+01
     vertex -7.703186e-01  1.253966e+01  6.900000e+01
     vertex -8.000000e+00 -2.300000e+01  6.900000e+01
   endloop
 endfacet
 facet normal  0.000000e+00  0.000000e+00  1.000000e+00
   outer loop
     vertex -7.482363e+00  1.948595e+01  6.900000e+01
     vertex -8.000000e+00  1.500000e+01  6.900000e+01
     vertex -7.465444e+00  1.928087e+01  6.900000e+01
   endloop
 endfacet
 facet normal  0.000000e+00  0.000000e+00  1.000000e+00
   outer loop
     vertex -3.599787e-01  1.250864e+01  6.900000e+01
     vertex -5.653614e-01  1.252134e+01  6.900000e+01
     vertex -8.000000e+00 -2.300000e+01  6.900000e+01
   endloop
 endfacet
 facet normal  0.000000e+00  0.000000e+00  1.000000e+00
   outer loop
     vertex -7.493649e+00  1.969142e+01  6.900000e+01
     vertex -8.000000e+00  1.500000e+01  6.900000e+01
     vertex -7.482363e+00  1.948595e+01  6.900000e+01
   endloop
 endfacet
 facet normal  0.000000e+00  0.000000e+00  1.000000e+00
   outer loop
     vertex -7.493649e+00  1.969142e+01  6.900000e+01
     vertex -4.200000e+01  1.500000e+01  6.900000e+01
     vertex -8.000000e+00  1.500000e+01  6.900000e+01
   endloop
 endfacet
 facet normal  0.000000e+00  0.000000e+00  1.000000e+00
   outer loop
     vertex -1.543250e-01  1.250159e+01  6.900000e+01
     vertex -3.599787e-01  1.250864e+01  6.900000e+01
     vertex -8.000000e+00 -2.300000e+01  6.900000e+01
   endloop
 endfacet
 facet normal  0.000000e+00  0.000000e+00  1.000000e+00
   outer loop
     vertex -7.499294e+00  1.989711e+01  6.900000e+01
     vertex -4.200000e+01  1.500000e+01  6.900000e+01
     vertex -7.493649e+00  1.969142e+01  6.900000e+01
   endloop
 endfacet
 facet normal  0.000000e+00  0.000000e+00  1.000000e+00
   outer loop
     vertex  4.750000e+01 -3.500000e+01  6.900000e+01
     vertex -8.000000e+00 -2.300000e+01  6.900000e+01
     vertex -4.750000e+01 -3.500000e+01  6.900000e+01
   endloop
 endfacet
 facet normal  0.000000e+00  0.000000e+00  1.000000e+00
   outer loop
     vertex  5.144489e-02  1.250018e+01  6.900000e+01
     vertex -1.543250e-01  1.250159e+01  6.900000e+01
     vertex -8.000000e+00 -2.300000e+01  6.900000e+01
   endloop
 endfacet
 facet normal  0.000000e+00  0.000000e+00  1.000000e+00
   outer loop
     vertex -7.499294e+00  2.010289e+01  6.900000e+01
     vertex -4.200000e+01  1.500000e+01  6.900000e+01
     vertex -7.499294e+00  1.989711e+01  6.900000e+01
   endloop
 endfacet
 facet normal  0.000000e+00  0.000000e+00  1.000000e+00
   outer loop
     vertex  2.571760e-01  1.250441e+01  6.900000e+01
     vertex  5.144489e-02  1.250018e+01  6.900000e+01
     vertex -8.000000e+00 -2.300000e+01  6.900000e+01
   endloop
 endfacet
 facet normal  0.000000e+00  0.000000e+00  1.000000e+00
   outer loop
     vertex -7.493649e+00  2.030858e+01  6.900000e+01
     vertex -4.200000e+01  1.500000e+01  6.900000e+01
     vertex -7.499294e+00  2.010289e+01  6.900000e+01
   endloop
 endfacet
 facet normal  0.000000e+00  0.000000e+00  1.000000e+00
   outer loop
     vertex  4.627136e-01  1.251429e+01  6.900000e+01
     vertex  2.571760e-01  1.250441e+01  6.900000e+01
     vertex -8.000000e+00 -2.300000e+01  6.900000e+01
   endloop
 endfacet
 facet normal  0.000000e+00  0.000000e+00  1.000000e+00
   outer loop
     vertex -7.482363e+00  2.051405e+01  6.900000e+01
     vertex -4.200000e+01  1.500000e+01  6.900000e+01
     vertex -7.493649e+00  2.030858e+01  6.900000e+01
   endloop
 endfacet
 facet normal  0.000000e+00  0.000000e+00  1.000000e+00
   outer loop
     vertex  6.679029e-01  1.252980e+01  6.900000e+01
     vertex  4.627136e-01  1.251429e+01  6.900000e+01
     vertex -8.000000e+00 -2.300000e+01  6.900000e+01
   endloop
 endfacet
 facet normal  0.000000e+00  0.000000e+00  1.000000e+00
   outer loop
     vertex -7.465444e+00  2.071913e+01  6.900000e+01
     vertex -4.200000e+01  1.500000e+01  6.900000e+01
     vertex -7.482363e+00  2.051405e+01  6.900000e+01
   endloop
 endfacet
 facet normal  0.000000e+00  0.000000e+00  1.000000e+00
   outer loop
     vertex  8.725893e-01  1.255093e+01  6.900000e+01
     vertex  6.679029e-01  1.252980e+01  6.900000e+01
     vertex -8.000000e+00 -2.300000e+01  6.900000e+01
   endloop
 endfacet
 facet normal  0.000000e+00  0.000000e+00  1.000000e+00
   outer loop
     vertex -7.442906e+00  2.092366e+01  6.900000e+01
     vertex -4.200000e+01  1.500000e+01  6.900000e+01
     vertex -7.465444e+00  2.071913e+01  6.900000e+01
   endloop
 endfacet
 facet normal  0.000000e+00  0.000000e+00  1.000000e+00
   outer loop
     vertex  1.076619e+00  1.257768e+01  6.900000e+01
     vertex  8.725893e-01  1.255093e+01  6.900000e+01
     vertex -8.000000e+00 -2.300000e+01  6.900000e+01
   endloop
 endfacet
 facet normal  0.000000e+00  0.000000e+00  1.000000e+00
   outer loop
     vertex -7.414764e+00  2.112751e+01  6.900000e+01
     vertex -4.200000e+01  1.500000e+01  6.900000e+01
     vertex -7.442906e+00  2.092366e+01  6.900000e+01
   endloop
 endfacet
 facet normal  0.000000e+00  0.000000e+00  1.000000e+00
   outer loop
     vertex  1.279838e+00  1.261001e+01  6.900000e+01
     vertex  1.076619e+00  1.257768e+01  6.900000e+01
     vertex -8.000000e+00 -2.300000e+01  6.900000e+01
   endloop
 endfacet
 facet normal  0.000000e+00  0.000000e+00  1.000000e+00
   outer loop
     vertex -7.381042e+00  2.133050e+01  6.900000e+01
     vertex -4.200000e+01  1.500000e+01  6.900000e+01
     vertex -7.414764e+00  2.112751e+01  6.900000e+01
   endloop
 endfacet
 facet normal  0.000000e+00  0.000000e+00  1.000000e+00
   outer loop
     vertex  1.482094e+00  1.264790e+01  6.900000e+01
     vertex  1.279838e+00  1.261001e+01  6.900000e+01
     vertex -8.000000e+00 -2.300000e+01  6.900000e+01
   endloop
 endfacet
 facet normal  0.000000e+00  0.000000e+00  1.000000e+00
   outer loop
     vertex -7.341762e+00  2.153249e+01  6.900000e+01
     vertex -4.200000e+01  1.500000e+01  6.900000e+01
     vertex -7.381042e+00  2.133050e+01  6.900000e+01
   endloop
 endfacet
 facet normal  0.000000e+00  0.000000e+00  1.000000e+00
   outer loop
     vertex  1.683234e+00  1.269133e+01  6.900000e+01
     vertex  1.482094e+00  1.264790e+01  6.900000e+01
     vertex -8.000000e+00 -2.300000e+01  6.900000e+01
   endloop
 endfacet
 facet normal  0.000000e+00  0.000000e+00  1.000000e+00
   outer loop
     vertex -7.296957e+00  2.173333e+01  6.900000e+01
     vertex -4.200000e+01  1.500000e+01  6.900000e+01
     vertex -7.341762e+00  2.153249e+01  6.900000e+01
   endloop
 endfacet
 facet normal  0.000000e+00  0.000000e+00  1.000000e+00
   outer loop
     vertex  1.883107e+00  1.274025e+01  6.900000e+01
     vertex  1.683234e+00  1.269133e+01  6.900000e+01
     vertex -8.000000e+00 -2.300000e+01  6.900000e+01
   endloop
 endfacet
 facet normal  0.000000e+00  0.000000e+00  1.000000e+00
   outer loop
     vertex -7.246658e+00  2.193286e+01  6.900000e+01
     vertex -4.200000e+01  1.500000e+01  6.900000e+01
     vertex -7.296957e+00  2.173333e+01  6.900000e+01
   endloop
 endfacet
 facet normal  0.000000e+00  0.000000e+00  1.000000e+00
   outer loop
     vertex  2.081562e+00  1.279465e+01  6.900000e+01
     vertex  1.883107e+00  1.274025e+01  6.900000e+01
     vertex -8.000000e+00 -2.300000e+01  6.900000e+01
   endloop
 endfacet
 facet normal  0.000000e+00  0.000000e+00  1.000000e+00
   outer loop
     vertex -7.190904e+00  2.213094e+01  6.900000e+01
     vertex -4.200000e+01  1.500000e+01  6.900000e+01
     vertex -7.246658e+00  2.193286e+01  6.900000e+01
   endloop
 endfacet
 facet normal  0.000000e+00  0.000000e+00  1.000000e+00
   outer loop
     vertex  2.278451e+00  1.285447e+01  6.900000e+01
     vertex  2.081562e+00  1.279465e+01  6.900000e+01
     vertex -8.000000e+00 -2.300000e+01  6.900000e+01
   endloop
 endfacet
 facet normal  0.000000e+00  0.000000e+00  1.000000e+00
   outer loop
     vertex -7.129738e+00  2.232741e+01  6.900000e+01
     vertex -4.200000e+01  1.500000e+01  6.900000e+01
     vertex -7.190904e+00  2.213094e+01  6.900000e+01
   endloop
 endfacet
 facet normal  0.000000e+00  0.000000e+00  1.000000e+00
   outer loop
     vertex  2.473624e+00  1.291966e+01  6.900000e+01
     vertex  2.278451e+00  1.285447e+01  6.900000e+01
     vertex -8.000000e+00 -2.300000e+01  6.900000e+01
   endloop
 endfacet
 facet normal  0.000000e+00  0.000000e+00  1.000000e+00
   outer loop
     vertex -7.063204e+00  2.252213e+01  6.900000e+01
     vertex -4.750000e+01  3.500000e+01  6.900000e+01
     vertex -4.200000e+01  1.500000e+01  6.900000e+01
   endloop
 endfacet
 facet normal  0.000000e+00  0.000000e+00  1.000000e+00
   outer loop
     vertex -7.063204e+00  2.252213e+01  6.900000e+01
     vertex -4.200000e+01  1.500000e+01  6.900000e+01
     vertex -7.129738e+00  2.232741e+01  6.900000e+01
   endloop
 endfacet
 facet normal  0.000000e+00  0.000000e+00  1.000000e+00
   outer loop
     vertex  2.666936e+00  1.299019e+01  6.900000e+01
     vertex  2.473624e+00  1.291966e+01  6.900000e+01
     vertex -8.000000e+00 -2.300000e+01  6.900000e+01
   endloop
 endfacet
 facet normal  0.000000e+00  0.000000e+00  1.000000e+00
   outer loop
     vertex -6.991353e+00  2.271496e+01  6.900000e+01
     vertex -4.750000e+01  3.500000e+01  6.900000e+01
     vertex -7.063204e+00  2.252213e+01  6.900000e+01
   endloop
 endfacet
 facet normal  0.000000e+00  0.000000e+00  1.000000e+00
   outer loop
     vertex  2.858239e+00  1.306599e+01  6.900000e+01
     vertex  2.666936e+00  1.299019e+01  6.900000e+01
     vertex -8.000000e+00 -2.300000e+01  6.900000e+01
   endloop
 endfacet
 facet normal  0.000000e+00  0.000000e+00  1.000000e+00
   outer loop
     vertex -6.914239e+00  2.290573e+01  6.900000e+01
     vertex -4.750000e+01  3.500000e+01  6.900000e+01
     vertex -6.991353e+00  2.271496e+01  6.900000e+01
   endloop
 endfacet
 facet normal  0.000000e+00  0.000000e+00  1.000000e+00
   outer loop
     vertex  3.047391e+00  1.314701e+01  6.900000e+01
     vertex  2.858239e+00  1.306599e+01  6.900000e+01
     vertex -8.000000e+00 -2.300000e+01  6.900000e+01
   endloop
 endfacet
 facet normal  0.000000e+00  0.000000e+00  1.000000e+00
   outer loop
     vertex -6.831921e+00  2.309433e+01  6.900000e+01
     vertex -4.750000e+01  3.500000e+01  6.900000e+01
     vertex -6.914239e+00  2.290573e+01  6.900000e+01
   endloop
 endfacet
 facet normal  0.000000e+00  0.000000e+00  1.000000e+00
   outer loop
     vertex  3.234249e+00  1.323320e+01  6.900000e+01
     vertex  3.047391e+00  1.314701e+01  6.900000e+01
     vertex -8.000000e+00 -2.300000e+01  6.900000e+01
   endloop
 endfacet
 facet normal  0.000000e+00  0.000000e+00  1.000000e+00
   outer loop
     vertex -6.744460e+00  2.328059e+01  6.900000e+01
     vertex -4.750000e+01  3.500000e+01  6.900000e+01
     vertex -6.831921e+00  2.309433e+01  6.900000e+01
   endloop
 endfacet
 facet normal  0.000000e+00  0.000000e+00  1.000000e+00
   outer loop
     vertex  3.418673e+00  1.332447e+01  6.900000e+01
     vertex  3.234249e+00  1.323320e+01  6.900000e+01
     vertex -8.000000e+00 -2.300000e+01  6.900000e+01
   endloop
 endfacet
 facet normal  0.000000e+00  0.000000e+00  1.000000e+00
   outer loop
     vertex -6.651921e+00  2.346438e+01  6.900000e+01
     vertex -4.750000e+01  3.500000e+01  6.900000e+01
     vertex -6.744460e+00  2.328059e+01  6.900000e+01
   endloop
 endfacet
 facet normal  0.000000e+00  0.000000e+00  1.000000e+00
   outer loop
     vertex  3.600523e+00  1.342077e+01  6.900000e+01
     vertex  3.418673e+00  1.332447e+01  6.900000e+01
     vertex -8.000000e+00 -2.300000e+01  6.900000e+01
   endloop
 endfacet
 facet normal  0.000000e+00  0.000000e+00  1.000000e+00
   outer loop
     vertex -6.554376e+00  2.364557e+01  6.900000e+01
     vertex -4.750000e+01  3.500000e+01  6.900000e+01
     vertex -6.651921e+00  2.346438e+01  6.900000e+01
   endloop
 endfacet
 facet normal  0.000000e+00  0.000000e+00  1.000000e+00
   outer loop
     vertex  3.779663e+00  1.352203e+01  6.900000e+01
     vertex  3.600523e+00  1.342077e+01  6.900000e+01
     vertex -8.000000e+00 -2.300000e+01  6.900000e+01
   endloop
 endfacet
 facet normal  0.000000e+00  0.000000e+00  1.000000e+00
   outer loop
     vertex -6.451896e+00  2.382401e+01  6.900000e+01
     vertex -4.750000e+01  3.500000e+01  6.900000e+01
     vertex -6.554376e+00  2.364557e+01  6.900000e+01
   endloop
 endfacet
 facet normal  0.000000e+00  0.000000e+00  1.000000e+00
   outer loop
     vertex -6.344560e+00  2.399957e+01  6.900000e+01
     vertex -4.750000e+01  3.500000e+01  6.900000e+01
     vertex -6.451896e+00  2.382401e+01  6.900000e+01
   endloop
 endfacet
 facet normal  0.000000e+00  0.000000e+00  1.000000e+00
   outer loop
     vertex -6.232447e+00  2.417212e+01  6.900000e+01
     vertex -4.750000e+01  3.500000e+01  6.900000e+01
     vertex -6.344560e+00  2.399957e+01  6.900000e+01
   endloop
 endfacet
 facet normal  0.000000e+00  0.000000e+00  1.000000e+00
   outer loop
     vertex -6.115643e+00  2.434153e+01  6.900000e+01
     vertex -4.750000e+01  3.500000e+01  6.900000e+01
     vertex -6.232447e+00  2.417212e+01  6.900000e+01
   endloop
 endfacet
 facet normal  0.000000e+00  0.000000e+00  1.000000e+00
   outer loop
     vertex -5.994235e+00  2.450768e+01  6.900000e+01
     vertex -4.750000e+01  3.500000e+01  6.900000e+01
     vertex -6.115643e+00  2.434153e+01  6.900000e+01
   endloop
 endfacet
 facet normal  0.000000e+00  0.000000e+00  1.000000e+00
   outer loop
     vertex -5.868316e+00  2.467043e+01  6.900000e+01
     vertex -4.750000e+01  3.500000e+01  6.900000e+01
     vertex -5.994235e+00  2.450768e+01  6.900000e+01
   endloop
 endfacet
 facet normal  0.000000e+00  0.000000e+00  1.000000e+00
   outer loop
     vertex -5.737978e+00  2.482966e+01  6.900000e+01
     vertex -4.750000e+01  3.500000e+01  6.900000e+01
     vertex -5.868316e+00  2.467043e+01  6.900000e+01
   endloop
 endfacet
 facet normal  0.000000e+00  0.000000e+00  1.000000e+00
   outer loop
     vertex  4.594194e+01 -2.662325e+01  6.900000e+01
     vertex  4.589818e+01 -2.658009e+01  6.900000e+01
     vertex  4.750000e+01 -3.500000e+01  6.900000e+01
   endloop
 endfacet
 facet normal  0.000000e+00  0.000000e+00  1.000000e+00
   outer loop
     vertex  4.585562e+01 -2.653574e+01  6.900000e+01
     vertex  4.750000e+01 -3.500000e+01  6.900000e+01
     vertex  4.589818e+01 -2.658009e+01  6.900000e+01
   endloop
 endfacet
 facet normal  0.000000e+00  0.000000e+00  1.000000e+00
   outer loop
     vertex  4.598686e+01 -2.666520e+01  6.900000e+01
     vertex  4.594194e+01 -2.662325e+01  6.900000e+01
     vertex  4.750000e+01 -3.500000e+01  6.900000e+01
   endloop
 endfacet
 facet normal  0.000000e+00  0.000000e+00  1.000000e+00
   outer loop
     vertex  4.581428e+01 -2.649026e+01  6.900000e+01
     vertex  4.750000e+01 -3.500000e+01  6.900000e+01
     vertex  4.585562e+01 -2.653574e+01  6.900000e+01
   endloop
 endfacet
 facet normal  0.000000e+00  0.000000e+00  1.000000e+00
   outer loop
     vertex  4.603291e+01 -2.670591e+01  6.900000e+01
     vertex  4.598686e+01 -2.666520e+01  6.900000e+01
     vertex  4.750000e+01 -3.500000e+01  6.900000e+01
   endloop
 endfacet
 facet normal  0.000000e+00  0.000000e+00  1.000000e+00
   outer loop
     vertex  4.577421e+01 -2.644365e+01  6.900000e+01
     vertex  4.750000e+01 -3.500000e+01  6.900000e+01
     vertex  4.581428e+01 -2.649026e+01  6.900000e+01
   endloop
 endfacet
 facet normal  0.000000e+00  0.000000e+00  1.000000e+00
   outer loop
     vertex  4.608005e+01 -2.674535e+01  6.900000e+01
     vertex  4.603291e+01 -2.670591e+01  6.900000e+01
     vertex  4.750000e+01 -3.500000e+01  6.900000e+01
   endloop
 endfacet
 facet normal  0.000000e+00  0.000000e+00  1.000000e+00
   outer loop
     vertex  4.573542e+01 -2.639598e+01  6.900000e+01
     vertex  4.750000e+01 -3.500000e+01  6.900000e+01
     vertex  4.577421e+01 -2.644365e+01  6.900000e+01
   endloop
 endfacet
 facet normal  0.000000e+00  0.000000e+00  1.000000e+00
   outer loop
     vertex  4.612826e+01 -2.678348e+01  6.900000e+01
     vertex  4.608005e+01 -2.674535e+01  6.900000e+01
     vertex  4.750000e+01 -3.500000e+01  6.900000e+01
   endloop
 endfacet
 facet normal  0.000000e+00  0.000000e+00  1.000000e+00
   outer loop
     vertex  4.569795e+01 -2.634726e+01  6.900000e+01
     vertex  4.750000e+01 -3.500000e+01  6.900000e+01
     vertex  4.573542e+01 -2.639598e+01  6.900000e+01
   endloop
 endfacet
 facet normal  0.000000e+00  0.000000e+00  1.000000e+00
   outer loop
     vertex  4.617748e+01 -2.682029e+01  6.900000e+01
     vertex  4.612826e+01 -2.678348e+01  6.900000e+01
     vertex  4.750000e+01 -3.500000e+01  6.900000e+01
   endloop
 endfacet
 facet normal  0.000000e+00  0.000000e+00  1.000000e+00
   outer loop
     vertex  4.566182e+01 -2.629753e+01  6.900000e+01
     vertex  4.750000e+01 -3.500000e+01  6.900000e+01
     vertex  4.569795e+01 -2.634726e+01  6.900000e+01
   endloop
 endfacet
 facet normal  0.000000e+00  0.000000e+00  1.000000e+00
   outer loop
     vertex  4.622770e+01 -2.685573e+01  6.900000e+01
     vertex  4.617748e+01 -2.682029e+01  6.900000e+01
     vertex  4.750000e+01 -3.500000e+01  6.900000e+01
   endloop
 endfacet
 facet normal  0.000000e+00  0.000000e+00  1.000000e+00
   outer loop
     vertex  4.562706e+01 -2.624684e+01  6.900000e+01
     vertex  4.750000e+01 -3.500000e+01  6.900000e+01
     vertex  4.566182e+01 -2.629753e+01  6.900000e+01
   endloop
 endfacet
 facet normal  0.000000e+00  0.000000e+00  1.000000e+00
   outer loop
     vertex -5.603321e+00  2.498526e+01  6.900000e+01
     vertex -4.750000e+01  3.500000e+01  6.900000e+01
     vertex -5.737978e+00  2.482966e+01  6.900000e+01
   endloop
 endfacet
 facet normal  0.000000e+00  0.000000e+00  1.000000e+00
   outer loop
     vertex  4.627886e+01 -2.688979e+01  6.900000e+01
     vertex  4.622770e+01 -2.685573e+01  6.900000e+01
     vertex  4.750000e+01 -3.500000e+01  6.900000e+01
   endloop
 endfacet
 facet normal  0.000000e+00  0.000000e+00  1.000000e+00
   outer loop
     vertex  4.559370e+01 -2.619521e+01  6.900000e+01
     vertex  4.750000e+01 -3.500000e+01  6.900000e+01
     vertex  4.562706e+01 -2.624684e+01  6.900000e+01
   endloop
 endfacet
 facet normal  0.000000e+00  0.000000e+00  1.000000e+00
   outer loop
     vertex  4.633094e+01 -2.692244e+01  6.900000e+01
     vertex  4.627886e+01 -2.688979e+01  6.900000e+01
     vertex  4.750000e+01 -3.500000e+01  6.900000e+01
   endloop
 endfacet
 facet normal  0.000000e+00  0.000000e+00  1.000000e+00
   outer loop
     vertex  4.556177e+01 -2.614270e+01  6.900000e+01
     vertex  4.750000e+01 -3.500000e+01  6.900000e+01
     vertex  4.559370e+01 -2.619521e+01  6.900000e+01
   endloop
 endfacet
 facet normal  0.000000e+00  0.000000e+00  1.000000e+00
   outer loop
     vertex  4.638388e+01 -2.695366e+01  6.900000e+01
     vertex  4.633094e+01 -2.692244e+01  6.900000e+01
     vertex  4.750000e+01 -3.500000e+01  6.900000e+01
   endloop
 endfacet
 facet normal  0.000000e+00  0.000000e+00  1.000000e+00
   outer loop
     vertex  4.553128e+01 -2.608933e+01  6.900000e+01
     vertex  4.750000e+01 -3.500000e+01  6.900000e+01
     vertex  4.556177e+01 -2.614270e+01  6.900000e+01
   endloop
 endfacet
 facet normal  0.000000e+00  0.000000e+00  1.000000e+00
   outer loop
     vertex  4.643766e+01 -2.698342e+01  6.900000e+01
     vertex  4.638388e+01 -2.695366e+01  6.900000e+01
     vertex  4.750000e+01 -3.500000e+01  6.900000e+01
   endloop
 endfacet
 facet normal  0.000000e+00  0.000000e+00  1.000000e+00
   outer loop
     vertex  4.550226e+01 -2.603515e+01  6.900000e+01
     vertex  4.750000e+01 -3.500000e+01  6.900000e+01
     vertex  4.553128e+01 -2.608933e+01  6.900000e+01
   endloop
 endfacet
 facet normal  0.000000e+00  0.000000e+00  1.000000e+00
   outer loop
     vertex  4.649224e+01 -2.701169e+01  6.900000e+01
     vertex  4.643766e+01 -2.698342e+01  6.900000e+01
     vertex  4.750000e+01 -3.500000e+01  6.900000e+01
   endloop
 endfacet
 facet normal  0.000000e+00  0.000000e+00  1.000000e+00
   outer loop
     vertex  4.547473e+01 -2.598019e+01  6.900000e+01
     vertex  4.750000e+01 -3.500000e+01  6.900000e+01
     vertex  4.550226e+01 -2.603515e+01  6.900000e+01
   endloop
 endfacet
 facet normal  0.000000e+00  0.000000e+00  1.000000e+00
   outer loop
     vertex  4.654756e+01 -2.703847e+01  6.900000e+01
     vertex  4.649224e+01 -2.701169e+01  6.900000e+01
     vertex  4.750000e+01 -3.500000e+01  6.900000e+01
   endloop
 endfacet
 facet normal  0.000000e+00  0.000000e+00  1.000000e+00
   outer loop
     vertex  4.544871e+01 -2.592451e+01  6.900000e+01
     vertex  4.750000e+01 -3.500000e+01  6.900000e+01
     vertex  4.547473e+01 -2.598019e+01  6.900000e+01
   endloop
 endfacet
 facet normal  0.000000e+00  0.000000e+00  1.000000e+00
   outer loop
     vertex  4.660360e+01 -2.706373e+01  6.900000e+01
     vertex  4.654756e+01 -2.703847e+01  6.900000e+01
     vertex  4.750000e+01 -3.500000e+01  6.900000e+01
   endloop
 endfacet
 facet normal  0.000000e+00  0.000000e+00  1.000000e+00
   outer loop
     vertex  4.542422e+01 -2.586813e+01  6.900000e+01
     vertex -8.000000e+00 -2.300000e+01  6.900000e+01
     vertex  4.750000e+01 -3.500000e+01  6.900000e+01
   endloop
 endfacet
 facet normal  0.000000e+00  0.000000e+00  1.000000e+00
   outer loop
     vertex  4.542422e+01 -2.586813e+01  6.900000e+01
     vertex  4.750000e+01 -3.500000e+01  6.900000e+01
     vertex  4.544871e+01 -2.592451e+01  6.900000e+01
   endloop
 endfacet
 facet normal  0.000000e+00  0.000000e+00  1.000000e+00
   outer loop
     vertex  4.666030e+01 -2.708744e+01  6.900000e+01
     vertex  4.660360e+01 -2.706373e+01  6.900000e+01
     vertex  4.750000e+01 -3.500000e+01  6.900000e+01
   endloop
 endfacet
 facet normal  0.000000e+00  0.000000e+00  1.000000e+00
   outer loop
     vertex  4.540129e+01 -2.581111e+01  6.900000e+01
     vertex -8.000000e+00 -2.300000e+01  6.900000e+01
     vertex  4.542422e+01 -2.586813e+01  6.900000e+01
   endloop
 endfacet
 facet normal  0.000000e+00  0.000000e+00  1.000000e+00
   outer loop
     vertex  4.671763e+01 -2.710960e+01  6.900000e+01
     vertex  4.666030e+01 -2.708744e+01  6.900000e+01
     vertex  4.750000e+01 -3.500000e+01  6.900000e+01
   endloop
 endfacet
 facet normal  0.000000e+00  0.000000e+00  1.000000e+00
   outer loop
     vertex  4.537991e+01 -2.575348e+01  6.900000e+01
     vertex -8.000000e+00 -2.300000e+01  6.900000e+01
     vertex  4.540129e+01 -2.581111e+01  6.900000e+01
   endloop
 endfacet
 facet normal  0.000000e+00  0.000000e+00  1.000000e+00
   outer loop
     vertex  4.677555e+01 -2.713018e+01  6.900000e+01
     vertex  4.671763e+01 -2.710960e+01  6.900000e+01
     vertex  4.750000e+01 -3.500000e+01  6.900000e+01
   endloop
 endfacet
 facet normal  0.000000e+00  0.000000e+00  1.000000e+00
   outer loop
     vertex  4.536012e+01 -2.569529e+01  6.900000e+01
     vertex -8.000000e+00 -2.300000e+01  6.900000e+01
     vertex  4.537991e+01 -2.575348e+01  6.900000e+01
   endloop
 endfacet
 facet normal  0.000000e+00  0.000000e+00  1.000000e+00
   outer loop
     vertex -5.464447e+00  2.513710e+01  6.900000e+01
     vertex -4.750000e+01  3.500000e+01  6.900000e+01
     vertex -5.603321e+00  2.498526e+01  6.900000e+01
   endloop
 endfacet
 facet normal  0.000000e+00  0.000000e+00  1.000000e+00
   outer loop
     vertex  4.683400e+01 -2.714917e+01  6.900000e+01
     vertex  4.677555e+01 -2.713018e+01  6.900000e+01
     vertex  4.750000e+01 -3.500000e+01  6.900000e+01
   endloop
 endfacet
 facet normal  0.000000e+00  0.000000e+00  1.000000e+00
   outer loop
     vertex  4.534193e+01 -2.563658e+01  6.900000e+01
     vertex -8.000000e+00 -2.300000e+01  6.900000e+01
     vertex  4.536012e+01 -2.569529e+01  6.900000e+01
   endloop
 endfacet
 facet normal  0.000000e+00  0.000000e+00  1.000000e+00
   outer loop
     vertex  4.689296e+01 -2.716656e+01  6.900000e+01
     vertex  4.683400e+01 -2.714917e+01  6.900000e+01
     vertex  4.750000e+01 -3.500000e+01  6.900000e+01
   endloop
 endfacet
 facet normal  0.000000e+00  0.000000e+00  1.000000e+00
   outer loop
     vertex  4.532535e+01 -2.557739e+01  6.900000e+01
     vertex -8.000000e+00 -2.300000e+01  6.900000e+01
     vertex  4.534193e+01 -2.563658e+01  6.900000e+01
   endloop
 endfacet
 facet normal  0.000000e+00  0.000000e+00  1.000000e+00
   outer loop
     vertex  4.695236e+01 -2.718234e+01  6.900000e+01
     vertex  4.689296e+01 -2.716656e+01  6.900000e+01
     vertex  4.750000e+01 -3.500000e+01  6.900000e+01
   endloop
 endfacet
 facet normal  0.000000e+00  0.000000e+00  1.000000e+00
   outer loop
     vertex  4.531039e+01 -2.551778e+01  6.900000e+01
     vertex -8.000000e+00 -2.300000e+01  6.900000e+01
     vertex  4.532535e+01 -2.557739e+01  6.900000e+01
   endloop
 endfacet
 facet normal  0.000000e+00  0.000000e+00  1.000000e+00
   outer loop
     vertex  4.701218e+01 -2.719648e+01  6.900000e+01
     vertex  4.695236e+01 -2.718234e+01  6.900000e+01
     vertex  4.750000e+01 -3.500000e+01  6.900000e+01
   endloop
 endfacet
 facet normal  0.000000e+00  0.000000e+00  1.000000e+00
   outer loop
     vertex  4.529706e+01 -2.545778e+01  6.900000e+01
     vertex -8.000000e+00 -2.300000e+01  6.900000e+01
     vertex  4.531039e+01 -2.551778e+01  6.900000e+01
   endloop
 endfacet
 facet normal  0.000000e+00  0.000000e+00  1.000000e+00
   outer loop
     vertex  4.707236e+01 -2.720899e+01  6.900000e+01
     vertex  4.701218e+01 -2.719648e+01  6.900000e+01
     vertex  4.750000e+01 -3.500000e+01  6.900000e+01
   endloop
 endfacet
 facet normal  0.000000e+00  0.000000e+00  1.000000e+00
   outer loop
     vertex  4.528538e+01 -2.539743e+01  6.900000e+01
     vertex -8.000000e+00 -2.300000e+01  6.900000e+01
     vertex  4.529706e+01 -2.545778e+01  6.900000e+01
   endloop
 endfacet
 facet normal  0.000000e+00  0.000000e+00  1.000000e+00
   outer loop
     vertex  4.713285e+01 -2.721984e+01  6.900000e+01
     vertex  4.707236e+01 -2.720899e+01  6.900000e+01
     vertex  4.750000e+01 -3.500000e+01  6.900000e+01
   endloop
 endfacet
 facet normal  0.000000e+00  0.000000e+00  1.000000e+00
   outer loop
     vertex  4.527535e+01 -2.533679e+01  6.900000e+01
     vertex -8.000000e+00 -2.300000e+01  6.900000e+01
     vertex  4.528538e+01 -2.539743e+01  6.900000e+01
   endloop
 endfacet
 facet normal  0.000000e+00  0.000000e+00  1.000000e+00
   outer loop
     vertex -5.321458e+00  2.528508e+01  6.900000e+01
     vertex -4.750000e+01  3.500000e+01  6.900000e+01
     vertex -5.464447e+00  2.513710e+01  6.900000e+01
   endloop
 endfacet
 facet normal  0.000000e+00  0.000000e+00  1.000000e+00
   outer loop
     vertex  4.719363e+01 -2.722904e+01  6.900000e+01
     vertex  4.713285e+01 -2.721984e+01  6.900000e+01
     vertex  4.750000e+01 -3.500000e+01  6.900000e+01
   endloop
 endfacet
 facet normal  0.000000e+00  0.000000e+00  1.000000e+00
   outer loop
     vertex  4.526698e+01 -2.527590e+01  6.900000e+01
     vertex -8.000000e+00 -2.300000e+01  6.900000e+01
     vertex  4.527535e+01 -2.533679e+01  6.900000e+01
   endloop
 endfacet
 facet normal  0.000000e+00  0.000000e+00  1.000000e+00
   outer loop
     vertex  4.725463e+01 -2.723658e+01  6.900000e+01
     vertex  4.719363e+01 -2.722904e+01  6.900000e+01
     vertex  4.750000e+01 -3.500000e+01  6.900000e+01
   endloop
 endfacet
 facet normal  0.000000e+00  0.000000e+00  1.000000e+00
   outer loop
     vertex  4.526028e+01 -2.521480e+01  6.900000e+01
     vertex -8.000000e+00 -2.300000e+01  6.900000e+01
     vertex  4.526698e+01 -2.527590e+01  6.900000e+01
   endloop
 endfacet
 facet normal  0.000000e+00  0.000000e+00  1.000000e+00
   outer loop
     vertex  4.731581e+01 -2.724245e+01  6.900000e+01
     vertex  4.725463e+01 -2.723658e+01  6.900000e+01
     vertex  4.750000e+01 -3.500000e+01  6.900000e+01
   endloop
 endfacet
 facet normal  0.000000e+00  0.000000e+00  1.000000e+00
   outer loop
     vertex  4.525525e+01 -2.515355e+01  6.900000e+01
     vertex -8.000000e+00 -2.300000e+01  6.900000e+01
     vertex  4.526028e+01 -2.521480e+01  6.900000e+01
   endloop
 endfacet
 facet normal  0.000000e+00  0.000000e+00  1.000000e+00
   outer loop
     vertex  4.737713e+01 -2.724664e+01  6.900000e+01
     vertex  4.731581e+01 -2.724245e+01  6.900000e+01
     vertex  4.750000e+01 -3.500000e+01  6.900000e+01
   endloop
 endfacet
 facet normal  0.000000e+00  0.000000e+00  1.000000e+00
   outer loop
     vertex  4.525189e+01 -2.509217e+01  6.900000e+01
     vertex -8.000000e+00 -2.300000e+01  6.900000e+01
     vertex  4.525525e+01 -2.515355e+01  6.900000e+01
   endloop
 endfacet
 facet normal  0.000000e+00  0.000000e+00  1.000000e+00
   outer loop
     vertex  4.743854e+01 -2.724916e+01  6.900000e+01
     vertex  4.737713e+01 -2.724664e+01  6.900000e+01
     vertex  4.750000e+01 -3.500000e+01  6.900000e+01
   endloop
 endfacet
 facet normal  0.000000e+00  0.000000e+00  1.000000e+00
   outer loop
     vertex  4.525021e+01 -2.503073e+01  6.900000e+01
     vertex -8.000000e+00 -2.300000e+01  6.900000e+01
     vertex  4.525189e+01 -2.509217e+01  6.900000e+01
   endloop
 endfacet
 facet normal  0.000000e+00  0.000000e+00  1.000000e+00
   outer loop
     vertex  4.750000e+01 -2.725000e+01  6.900000e+01
     vertex  4.743854e+01 -2.724916e+01  6.900000e+01
     vertex  4.750000e+01 -3.500000e+01  6.900000e+01
   endloop
 endfacet
 facet normal  0.000000e+00  0.000000e+00  1.000000e+00
   outer loop
     vertex -5.174464e+00  2.542908e+01  6.900000e+01
     vertex -4.750000e+01  3.500000e+01  6.900000e+01
     vertex -5.321458e+00  2.528508e+01  6.900000e+01
   endloop
 endfacet
 facet normal  0.000000e+00  0.000000e+00  1.000000e+00
   outer loop
     vertex  4.525021e+01 -2.496927e+01  6.900000e+01
     vertex -8.000000e+00 -2.300000e+01  6.900000e+01
     vertex  4.525021e+01 -2.503073e+01  6.900000e+01
   endloop
 endfacet
 facet normal  0.000000e+00  0.000000e+00  1.000000e+00
   outer loop
     vertex  4.525189e+01 -2.490783e+01  6.900000e+01
     vertex -8.000000e+00 -2.300000e+01  6.900000e+01
     vertex  4.525021e+01 -2.496927e+01  6.900000e+01
   endloop
 endfacet
 facet normal  0.000000e+00  0.000000e+00  1.000000e+00
   outer loop
     vertex  4.525525e+01 -2.484645e+01  6.900000e+01
     vertex -8.000000e+00 -2.300000e+01  6.900000e+01
     vertex  4.525189e+01 -2.490783e+01  6.900000e+01
   endloop
 endfacet
 facet normal  0.000000e+00  0.000000e+00  1.000000e+00
   outer loop
     vertex  4.526028e+01 -2.478520e+01  6.900000e+01
     vertex -8.000000e+00 -2.300000e+01  6.900000e+01
     vertex  4.525525e+01 -2.484645e+01  6.900000e+01
   endloop
 endfacet
 facet normal  0.000000e+00  0.000000e+00  1.000000e+00
   outer loop
     vertex  4.526698e+01 -2.472410e+01  6.900000e+01
     vertex -8.000000e+00 -2.300000e+01  6.900000e+01
     vertex  4.526028e+01 -2.478520e+01  6.900000e+01
   endloop
 endfacet
 facet normal  0.000000e+00  0.000000e+00  1.000000e+00
   outer loop
     vertex -5.023575e+00  2.556899e+01  6.900000e+01
     vertex -4.750000e+01  3.500000e+01  6.900000e+01
     vertex -5.174464e+00  2.542908e+01  6.900000e+01
   endloop
 endfacet
 facet normal  0.000000e+00  0.000000e+00  1.000000e+00
   outer loop
     vertex  4.527535e+01 -2.466321e+01  6.900000e+01
     vertex -8.000000e+00 -2.300000e+01  6.900000e+01
     vertex  4.526698e+01 -2.472410e+01  6.900000e+01
   endloop
 endfacet
 facet normal  0.000000e+00  0.000000e+00  1.000000e+00
   outer loop
     vertex  4.528538e+01 -2.460257e+01  6.900000e+01
     vertex -8.000000e+00 -2.300000e+01  6.900000e+01
     vertex  4.527535e+01 -2.466321e+01  6.900000e+01
   endloop
 endfacet
 facet normal  0.000000e+00  0.000000e+00  1.000000e+00
   outer loop
     vertex  4.529706e+01 -2.454222e+01  6.900000e+01
     vertex -8.000000e+00 -2.300000e+01  6.900000e+01
     vertex  4.528538e+01 -2.460257e+01  6.900000e+01
   endloop
 endfacet
 facet normal  0.000000e+00  0.000000e+00  1.000000e+00
   outer loop
     vertex  4.531039e+01 -2.448222e+01  6.900000e+01
     vertex -8.000000e+00 -2.300000e+01  6.900000e+01
     vertex  4.529706e+01 -2.454222e+01  6.900000e+01
   endloop
 endfacet
 facet normal  0.000000e+00  0.000000e+00  1.000000e+00
   outer loop
     vertex -4.868904e+00  2.570471e+01  6.900000e+01
     vertex -4.750000e+01  3.500000e+01  6.900000e+01
     vertex -5.023575e+00  2.556899e+01  6.900000e+01
   endloop
 endfacet
 facet normal  0.000000e+00  0.000000e+00  1.000000e+00
   outer loop
     vertex  4.532535e+01 -2.442261e+01  6.900000e+01
     vertex -8.000000e+00 -2.300000e+01  6.900000e+01
     vertex  4.531039e+01 -2.448222e+01  6.900000e+01
   endloop
 endfacet
 facet normal  0.000000e+00  0.000000e+00  1.000000e+00
   outer loop
     vertex  4.534193e+01 -2.436342e+01  6.900000e+01
     vertex -8.000000e+00 -2.300000e+01  6.900000e+01
     vertex  4.532535e+01 -2.442261e+01  6.900000e+01
   endloop
 endfacet
 facet normal  0.000000e+00  0.000000e+00  1.000000e+00
   outer loop
     vertex  4.536012e+01 -2.430471e+01  6.900000e+01
     vertex -8.000000e+00 -2.300000e+01  6.900000e+01
     vertex  4.534193e+01 -2.436342e+01  6.900000e+01
   endloop
 endfacet
 facet normal  0.000000e+00  0.000000e+00  1.000000e+00
   outer loop
     vertex -4.710568e+00  2.583614e+01  6.900000e+01
     vertex -4.750000e+01  3.500000e+01  6.900000e+01
     vertex -4.868904e+00  2.570471e+01  6.900000e+01
   endloop
 endfacet
 facet normal  0.000000e+00  0.000000e+00  1.000000e+00
   outer loop
     vertex  4.537991e+01 -2.424652e+01  6.900000e+01
     vertex -8.000000e+00 -2.300000e+01  6.900000e+01
     vertex  4.536012e+01 -2.430471e+01  6.900000e+01
   endloop
 endfacet
 facet normal  0.000000e+00  0.000000e+00  1.000000e+00
   outer loop
     vertex  4.540129e+01 -2.418889e+01  6.900000e+01
     vertex -8.000000e+00 -2.300000e+01  6.900000e+01
     vertex  4.537991e+01 -2.424652e+01  6.900000e+01
   endloop
 endfacet
 facet normal  0.000000e+00  0.000000e+00  1.000000e+00
   outer loop
     vertex  4.542422e+01 -2.413187e+01  6.900000e+01
     vertex -8.000000e+00 -2.300000e+01  6.900000e+01
     vertex  4.540129e+01 -2.418889e+01  6.900000e+01
   endloop
 endfacet
 facet normal  0.000000e+00  0.000000e+00  1.000000e+00
   outer loop
     vertex  4.544871e+01 -2.407549e+01  6.900000e+01
     vertex -8.000000e+00 -2.300000e+01  6.900000e+01
     vertex  4.542422e+01 -2.413187e+01  6.900000e+01
   endloop
 endfacet
 facet normal  0.000000e+00  0.000000e+00  1.000000e+00
   outer loop
     vertex -4.548686e+00  2.596317e+01  6.900000e+01
     vertex -4.750000e+01  3.500000e+01  6.900000e+01
     vertex -4.710568e+00  2.583614e+01  6.900000e+01
   endloop
 endfacet
 facet normal  0.000000e+00  0.000000e+00  1.000000e+00
   outer loop
     vertex  4.547473e+01 -2.401981e+01  6.900000e+01
     vertex -8.000000e+00 -2.300000e+01  6.900000e+01
     vertex  4.544871e+01 -2.407549e+01  6.900000e+01
   endloop
 endfacet
 facet normal  0.000000e+00  0.000000e+00  1.000000e+00
   outer loop
     vertex  4.547473e+01 -2.401981e+01  6.900000e+01
     vertex  3.955957e+00  1.362816e+01  6.900000e+01
     vertex  3.779663e+00  1.352203e+01  6.900000e+01
   endloop
 endfacet
 facet normal  0.000000e+00  0.000000e+00  1.000000e+00
   outer loop
     vertex  4.547473e+01 -2.401981e+01  6.900000e+01
     vertex  3.779663e+00  1.352203e+01  6.900000e+01
     vertex -8.000000e+00 -2.300000e+01  6.900000e+01
   endloop
 endfacet
 facet normal  0.000000e+00  0.000000e+00  1.000000e+00
   outer loop
     vertex  4.550226e+01 -2.396485e+01  6.900000e+01
     vertex  3.955957e+00  1.362816e+01  6.900000e+01
     vertex  4.547473e+01 -2.401981e+01  6.900000e+01
   endloop
 endfacet
 facet normal  0.000000e+00  0.000000e+00  1.000000e+00
   outer loop
     vertex  4.550226e+01 -2.396485e+01  6.900000e+01
     vertex  4.129274e+00  1.373908e+01  6.900000e+01
     vertex  3.955957e+00  1.362816e+01  6.900000e+01
   endloop
 endfacet
 facet normal  0.000000e+00  0.000000e+00  1.000000e+00
   outer loop
     vertex  4.553128e+01 -2.391067e+01  6.900000e+01
     vertex  4.129274e+00  1.373908e+01  6.900000e+01
     vertex  4.550226e+01 -2.396485e+01  6.900000e+01
   endloop
 endfacet
 facet normal  0.000000e+00  0.000000e+00  1.000000e+00
   outer loop
     vertex  4.553128e+01 -2.391067e+01  6.900000e+01
     vertex  4.299482e+00  1.385472e+01  6.900000e+01
     vertex  4.129274e+00  1.373908e+01  6.900000e+01
   endloop
 endfacet
 facet normal  0.000000e+00  0.000000e+00  1.000000e+00
   outer loop
     vertex -4.383380e+00  2.608572e+01  6.900000e+01
     vertex -4.750000e+01  3.500000e+01  6.900000e+01
     vertex -4.548686e+00  2.596317e+01  6.900000e+01
   endloop
 endfacet
 facet normal  0.000000e+00  0.000000e+00  1.000000e+00
   outer loop
     vertex  4.556177e+01 -2.385730e+01  6.900000e+01
     vertex  4.299482e+00  1.385472e+01  6.900000e+01
     vertex  4.553128e+01 -2.391067e+01  6.900000e+01
   endloop
 endfacet
 facet normal  0.000000e+00  0.000000e+00  1.000000e+00
   outer loop
     vertex  4.556177e+01 -2.385730e+01  6.900000e+01
     vertex  4.466453e+00  1.397499e+01  6.900000e+01
     vertex  4.299482e+00  1.385472e+01  6.900000e+01
   endloop
 endfacet
 facet normal  0.000000e+00  0.000000e+00  1.000000e+00
   outer loop
     vertex  4.559370e+01 -2.380479e+01  6.900000e+01
     vertex  4.630063e+00  1.409979e+01  6.900000e+01
     vertex  4.466453e+00  1.397499e+01  6.900000e+01
   endloop
 endfacet
 facet normal  0.000000e+00  0.000000e+00  1.000000e+00
   outer loop
     vertex  4.559370e+01 -2.380479e+01  6.900000e+01
     vertex  4.466453e+00  1.397499e+01  6.900000e+01
     vertex  4.556177e+01 -2.385730e+01  6.900000e+01
   endloop
 endfacet
 facet normal  0.000000e+00  0.000000e+00  1.000000e+00
   outer loop
     vertex  4.562706e+01 -2.375316e+01  6.900000e+01
     vertex  4.630063e+00  1.409979e+01  6.900000e+01
     vertex  4.559370e+01 -2.380479e+01  6.900000e+01
   endloop
 endfacet
 facet normal  0.000000e+00  0.000000e+00  1.000000e+00
   outer loop
     vertex  4.566182e+01 -2.370247e+01  6.900000e+01
     vertex  4.630063e+00  1.409979e+01  6.900000e+01
     vertex  4.562706e+01 -2.375316e+01  6.900000e+01
   endloop
 endfacet
 facet normal  0.000000e+00  0.000000e+00  1.000000e+00
   outer loop
     vertex  4.566182e+01 -2.370247e+01  6.900000e+01
     vertex  4.790187e+00  1.422903e+01  6.900000e+01
     vertex  4.630063e+00  1.409979e+01  6.900000e+01
   endloop
 endfacet
 facet normal  0.000000e+00  0.000000e+00  1.000000e+00
   outer loop
     vertex -4.214774e+00  2.620368e+01  6.900000e+01
     vertex -4.750000e+01  3.500000e+01  6.900000e+01
     vertex -4.383380e+00  2.608572e+01  6.900000e+01
   endloop
 endfacet
 facet normal  0.000000e+00  0.000000e+00  1.000000e+00
   outer loop
     vertex  4.569795e+01 -2.365274e+01  6.900000e+01
     vertex  4.790187e+00  1.422903e+01  6.900000e+01
     vertex  4.566182e+01 -2.370247e+01  6.900000e+01
   endloop
 endfacet
 facet normal  0.000000e+00  0.000000e+00  1.000000e+00
   outer loop
     vertex  4.569795e+01 -2.365274e+01  6.900000e+01
     vertex  4.946705e+00  1.436262e+01  6.900000e+01
     vertex  4.790187e+00  1.422903e+01  6.900000e+01
   endloop
 endfacet
 facet normal  0.000000e+00  0.000000e+00  1.000000e+00
   outer loop
     vertex  4.573542e+01 -2.360402e+01  6.900000e+01
     vertex  4.946705e+00  1.436262e+01  6.900000e+01
     vertex  4.569795e+01 -2.365274e+01  6.900000e+01
   endloop
 endfacet
 facet normal  0.000000e+00  0.000000e+00  1.000000e+00
   outer loop
     vertex  4.573542e+01 -2.360402e+01  6.900000e+01
     vertex  5.099499e+00  1.450044e+01  6.900000e+01
     vertex  4.946705e+00  1.436262e+01  6.900000e+01
   endloop
 endfacet
 facet normal  0.000000e+00  0.000000e+00  1.000000e+00
   outer loop
     vertex  4.577421e+01 -2.355635e+01  6.900000e+01
     vertex  5.248455e+00  1.464241e+01  6.900000e+01
     vertex  5.099499e+00  1.450044e+01  6.900000e+01
   endloop
 endfacet
 facet normal  0.000000e+00  0.000000e+00  1.000000e+00
   outer loop
     vertex  4.577421e+01 -2.355635e+01  6.900000e+01
     vertex  5.099499e+00  1.450044e+01  6.900000e+01
     vertex  4.573542e+01 -2.360402e+01  6.900000e+01
   endloop
 endfacet
 facet normal  0.000000e+00  0.000000e+00  1.000000e+00
   outer loop
     vertex -4.042996e+00  2.631698e+01  6.900000e+01
     vertex -4.750000e+01  3.500000e+01  6.900000e+01
     vertex -4.214774e+00  2.620368e+01  6.900000e+01
   endloop
 endfacet
 facet normal  0.000000e+00  0.000000e+00  1.000000e+00
   outer loop
     vertex  4.581428e+01 -2.350974e+01  6.900000e+01
     vertex  5.248455e+00  1.464241e+01  6.900000e+01
     vertex  4.577421e+01 -2.355635e+01  6.900000e+01
   endloop
 endfacet
 facet normal  0.000000e+00  0.000000e+00  1.000000e+00
   outer loop
     vertex  4.581428e+01 -2.350974e+01  6.900000e+01
     vertex  5.393460e+00  1.478842e+01  6.900000e+01
     vertex  5.248455e+00  1.464241e+01  6.900000e+01
   endloop
 endfacet
 facet normal  0.000000e+00  0.000000e+00  1.000000e+00
   outer loop
     vertex  4.585562e+01 -2.346426e+01  6.900000e+01
     vertex  5.393460e+00  1.478842e+01  6.900000e+01
     vertex  4.581428e+01 -2.350974e+01  6.900000e+01
   endloop
 endfacet
 facet normal  0.000000e+00  0.000000e+00  1.000000e+00
   outer loop
     vertex  4.585562e+01 -2.346426e+01  6.900000e+01
     vertex  5.534405e+00  1.493834e+01  6.900000e+01
     vertex  5.393460e+00  1.478842e+01  6.900000e+01
   endloop
 endfacet
 facet normal  0.000000e+00  0.000000e+00  1.000000e+00
   outer loop
     vertex  4.589818e+01 -2.341991e+01  6.900000e+01
     vertex  5.534405e+00  1.493834e+01  6.900000e+01
     vertex  4.585562e+01 -2.346426e+01  6.900000e+01
   endloop
 endfacet
 facet normal  0.000000e+00  0.000000e+00  1.000000e+00
   outer loop
     vertex -3.868174e+00  2.642551e+01  6.900000e+01
     vertex -4.750000e+01  3.500000e+01  6.900000e+01
     vertex -4.042996e+00  2.631698e+01  6.900000e+01
   endloop
 endfacet
 facet normal  0.000000e+00  0.000000e+00  1.000000e+00
   outer loop
     vertex  4.594194e+01 -2.337675e+01  6.900000e+01
     vertex  5.671183e+00  1.509208e+01  6.900000e+01
     vertex  5.534405e+00  1.493834e+01  6.900000e+01
   endloop
 endfacet
 facet normal  0.000000e+00  0.000000e+00  1.000000e+00
   outer loop
     vertex  4.594194e+01 -2.337675e+01  6.900000e+01
     vertex  5.534405e+00  1.493834e+01  6.900000e+01
     vertex  4.589818e+01 -2.341991e+01  6.900000e+01
   endloop
 endfacet
 facet normal  0.000000e+00  0.000000e+00  1.000000e+00
   outer loop
     vertex  4.598686e+01 -2.333480e+01  6.900000e+01
     vertex  5.803693e+00  1.524951e+01  6.900000e+01
     vertex  5.671183e+00  1.509208e+01  6.900000e+01
   endloop
 endfacet
 facet normal  0.000000e+00  0.000000e+00  1.000000e+00
   outer loop
     vertex  4.598686e+01 -2.333480e+01  6.900000e+01
     vertex  5.671183e+00  1.509208e+01  6.900000e+01
     vertex  4.594194e+01 -2.337675e+01  6.900000e+01
   endloop
 endfacet
 facet normal  0.000000e+00  0.000000e+00  1.000000e+00
   outer loop
     vertex  4.603291e+01 -2.329409e+01  6.900000e+01
     vertex  5.931834e+00  1.541052e+01  6.900000e+01
     vertex  5.803693e+00  1.524951e+01  6.900000e+01
   endloop
 endfacet
 facet normal  0.000000e+00  0.000000e+00  1.000000e+00
   outer loop
     vertex  4.603291e+01 -2.329409e+01  6.900000e+01
     vertex  5.803693e+00  1.524951e+01  6.900000e+01
     vertex  4.598686e+01 -2.333480e+01  6.900000e+01
   endloop
 endfacet
 facet normal  0.000000e+00  0.000000e+00  1.000000e+00
   outer loop
     vertex  4.608005e+01 -2.325465e+01  6.900000e+01
     vertex  5.931834e+00  1.541052e+01  6.900000e+01
     vertex  4.603291e+01 -2.329409e+01  6.900000e+01
   endloop
 endfacet
 facet normal  0.000000e+00  0.000000e+00  1.000000e+00
   outer loop
     vertex  4.608005e+01 -2.325465e+01  6.900000e+01
     vertex  6.055509e+00  1.557498e+01  6.900000e+01
     vertex  5.931834e+00  1.541052e+01  6.900000e+01
   endloop
 endfacet
 facet normal  0.000000e+00  0.000000e+00  1.000000e+00
   outer loop
     vertex -3.690440e+00  2.652922e+01  6.900000e+01
     vertex -4.750000e+01  3.500000e+01  6.900000e+01
     vertex -3.868174e+00  2.642551e+01  6.900000e+01
   endloop
 endfacet
 facet normal  0.000000e+00  0.000000e+00  1.000000e+00
   outer loop
     vertex  4.612826e+01 -2.321652e+01  6.900000e+01
     vertex  6.174626e+00  1.574277e+01  6.900000e+01
     vertex  6.055509e+00  1.557498e+01  6.900000e+01
   endloop
 endfacet
 facet normal  0.000000e+00  0.000000e+00  1.000000e+00
   outer loop
     vertex  4.612826e+01 -2.321652e+01  6.900000e+01
     vertex  6.055509e+00  1.557498e+01  6.900000e+01
     vertex  4.608005e+01 -2.325465e+01  6.900000e+01
   endloop
 endfacet
 facet normal  0.000000e+00  0.000000e+00  1.000000e+00
   outer loop
     vertex  4.617748e+01 -2.317971e+01  6.900000e+01
     vertex  6.174626e+00  1.574277e+01  6.900000e+01
     vertex  4.612826e+01 -2.321652e+01  6.900000e+01
   endloop
 endfacet
 facet normal  0.000000e+00  0.000000e+00  1.000000e+00
   outer loop
     vertex  4.617748e+01 -2.317971e+01  6.900000e+01
     vertex  6.289095e+00  1.591377e+01  6.900000e+01
     vertex  6.174626e+00  1.574277e+01  6.900000e+01
   endloop
 endfacet
 facet normal  0.000000e+00  0.000000e+00  1.000000e+00
   outer loop
     vertex  4.622770e+01 -2.314427e+01  6.900000e+01
     vertex  6.289095e+00  1.591377e+01  6.900000e+01
     vertex  4.617748e+01 -2.317971e+01  6.900000e+01
   endloop
 endfacet
 facet normal  0.000000e+00  0.000000e+00  1.000000e+00
   outer loop
     vertex -3.509928e+00  2.662800e+01  6.900000e+01
     vertex -4.750000e+01  3.500000e+01  6.900000e+01
     vertex -3.690440e+00  2.652922e+01  6.900000e+01
   endloop
 endfacet
 facet normal  0.000000e+00  0.000000e+00  1.000000e+00
   outer loop
     vertex  4.627886e+01 -2.311021e+01  6.900000e+01
     vertex  6.398830e+00  1.608784e+01  6.900000e+01
     vertex  6.289095e+00  1.591377e+01  6.900000e+01
   endloop
 endfacet
 facet normal  0.000000e+00  0.000000e+00  1.000000e+00
   outer loop
     vertex  4.627886e+01 -2.311021e+01  6.900000e+01
     vertex  6.289095e+00  1.591377e+01  6.900000e+01
     vertex  4.622770e+01 -2.314427e+01  6.900000e+01
   endloop
 endfacet
 facet normal  0.000000e+00  0.000000e+00  1.000000e+00
   outer loop
     vertex  4.633094e+01 -2.307756e+01  6.900000e+01
     vertex  6.503748e+00  1.626486e+01  6.900000e+01
     vertex  6.398830e+00  1.608784e+01  6.900000e+01
   endloop
 endfacet
 facet normal  0.000000e+00  0.000000e+00  1.000000e+00
   outer loop
     vertex  4.633094e+01 -2.307756e+01  6.900000e+01
     vertex  6.398830e+00  1.608784e+01  6.900000e+01
     vertex  4.627886e+01 -2.311021e+01  6.900000e+01
   endloop
 endfacet
 facet normal  0.000000e+00  0.000000e+00  1.000000e+00
   outer loop
     vertex  4.638388e+01 -2.304634e+01  6.900000e+01
     vertex  6.603770e+00  1.644469e+01  6.900000e+01
     vertex  6.503748e+00  1.626486e+01  6.900000e+01
   endloop
 endfacet
 facet normal  0.000000e+00  0.000000e+00  1.000000e+00
   outer loop
     vertex  4.638388e+01 -2.304634e+01  6.900000e+01
     vertex  6.503748e+00  1.626486e+01  6.900000e+01
     vertex  4.633094e+01 -2.307756e+01  6.900000e+01
   endloop
 endfacet
 facet normal  0.000000e+00  0.000000e+00  1.000000e+00
   outer loop
     vertex -3.326774e+00  2.672180e+01  6.900000e+01
     vertex -4.750000e+01  3.500000e+01  6.900000e+01
     vertex -3.509928e+00  2.662800e+01  6.900000e+01
   endloop
 endfacet
 facet normal  0.000000e+00  0.000000e+00  1.000000e+00
   outer loop
     vertex  4.643766e+01 -2.301658e+01  6.900000e+01
     vertex  6.698821e+00  1.662720e+01  6.900000e+01
     vertex  6.603770e+00  1.644469e+01  6.900000e+01
   endloop
 endfacet
 facet normal  0.000000e+00  0.000000e+00  1.000000e+00
   outer loop
     vertex  4.643766e+01 -2.301658e+01  6.900000e+01
     vertex  6.603770e+00  1.644469e+01  6.900000e+01
     vertex  4.638388e+01 -2.304634e+01  6.900000e+01
   endloop
 endfacet
 facet normal  0.000000e+00  0.000000e+00  1.000000e+00
   outer loop
     vertex  4.649224e+01 -2.298831e+01  6.900000e+01
     vertex  6.698821e+00  1.662720e+01  6.900000e+01
     vertex  4.643766e+01 -2.301658e+01  6.900000e+01
   endloop
 endfacet
 facet normal  0.000000e+00  0.000000e+00  1.000000e+00
   outer loop
     vertex  6.788829e+00  1.681224e+01  6.900000e+01
     vertex  4.649224e+01 -2.298831e+01  6.900000e+01
     vertex  4.654756e+01 -2.296153e+01  6.900000e+01
   endloop
 endfacet
 facet normal  0.000000e+00  0.000000e+00  1.000000e+00
   outer loop
     vertex  6.788829e+00  1.681224e+01  6.900000e+01
     vertex  6.698821e+00  1.662720e+01  6.900000e+01
     vertex  4.649224e+01 -2.298831e+01  6.900000e+01
   endloop
 endfacet
 facet normal  0.000000e+00  0.000000e+00  1.000000e+00
   outer loop
     vertex  4.660360e+01 -2.293627e+01  6.900000e+01
     vertex  6.788829e+00  1.681224e+01  6.900000e+01
     vertex  4.654756e+01 -2.296153e+01  6.900000e+01
   endloop
 endfacet
 facet normal  0.000000e+00  0.000000e+00  1.000000e+00
   outer loop
     vertex -3.141116e+00  2.681054e+01  6.900000e+01
     vertex -4.750000e+01  3.500000e+01  6.900000e+01
     vertex -3.326774e+00  2.672180e+01  6.900000e+01
   endloop
 endfacet
 facet normal  0.000000e+00  0.000000e+00  1.000000e+00
   outer loop
     vertex  6.873727e+00  1.699969e+01  6.900000e+01
     vertex  4.660360e+01 -2.293627e+01  6.900000e+01
     vertex  4.666030e+01 -2.291256e+01  6.900000e+01
   endloop
 endfacet
 facet normal  0.000000e+00  0.000000e+00  1.000000e+00
   outer loop
     vertex  6.873727e+00  1.699969e+01  6.900000e+01
     vertex  6.788829e+00  1.681224e+01  6.900000e+01
     vertex  4.660360e+01 -2.293627e+01  6.900000e+01
   endloop
 endfacet
 facet normal  0.000000e+00  0.000000e+00  1.000000e+00
   outer loop
     vertex -2.953093e+00  2.689415e+01  6.900000e+01
     vertex -4.750000e+01  3.500000e+01  6.900000e+01
     vertex -3.141116e+00  2.681054e+01  6.900000e+01
   endloop
 endfacet
 facet normal  0.000000e+00  0.000000e+00  1.000000e+00
   outer loop
     vertex  6.953451e+00  1.718939e+01  6.900000e+01
     vertex  4.666030e+01 -2.291256e+01  6.900000e+01
     vertex  4.671763e+01 -2.289040e+01  6.900000e+01
   endloop
 endfacet
 facet normal  0.000000e+00  0.000000e+00  1.000000e+00
   outer loop
     vertex  6.953451e+00  1.718939e+01  6.900000e+01
     vertex  6.873727e+00  1.699969e+01  6.900000e+01
     vertex  4.666030e+01 -2.291256e+01  6.900000e+01
   endloop
 endfacet
 facet normal  0.000000e+00  0.000000e+00  1.000000e+00
   outer loop
     vertex -2.762847e+00  2.697257e+01  6.900000e+01
     vertex -4.750000e+01  3.500000e+01  6.900000e+01
     vertex -2.953093e+00  2.689415e+01  6.900000e+01
   endloop
 endfacet
 facet normal  0.000000e+00  0.000000e+00  1.000000e+00
   outer loop
     vertex  7.027940e+00  1.738121e+01  6.900000e+01
     vertex  6.953451e+00  1.718939e+01  6.900000e+01
     vertex  4.671763e+01 -2.289040e+01  6.900000e+01
   endloop
 endfacet
 facet normal  0.000000e+00  0.000000e+00  1.000000e+00
   outer loop
     vertex -2.570522e+00  2.704574e+01  6.900000e+01
     vertex -4.750000e+01  3.500000e+01  6.900000e+01
     vertex -2.762847e+00  2.697257e+01  6.900000e+01
   endloop
 endfacet
 facet normal  0.000000e+00  0.000000e+00  1.000000e+00
   outer loop
     vertex -2.376261e+00  2.711361e+01  6.900000e+01
     vertex -4.750000e+01  3.500000e+01  6.900000e+01
     vertex -2.570522e+00  2.704574e+01  6.900000e+01
   endloop
 endfacet
 facet normal  0.000000e+00  0.000000e+00  1.000000e+00
   outer loop
     vertex -2.180212e+00  2.717612e+01  6.900000e+01
     vertex -4.750000e+01  3.500000e+01  6.900000e+01
     vertex -2.376261e+00  2.711361e+01  6.900000e+01
   endloop
 endfacet
 facet normal  0.000000e+00  0.000000e+00  1.000000e+00
   outer loop
     vertex -1.982521e+00  2.723323e+01  6.900000e+01
     vertex -4.750000e+01  3.500000e+01  6.900000e+01
     vertex -2.180212e+00  2.717612e+01  6.900000e+01
   endloop
 endfacet
 facet normal  0.000000e+00  0.000000e+00  1.000000e+00
   outer loop
     vertex  4.750000e+01  3.500000e+01  6.900000e+01
     vertex  4.743854e+01 -2.275084e+01  6.900000e+01
     vertex  4.750000e+01 -2.275000e+01  6.900000e+01
   endloop
 endfacet
 facet normal  0.000000e+00  0.000000e+00  1.000000e+00
   outer loop
     vertex  4.750000e+01  3.500000e+01  6.900000e+01
     vertex  4.737713e+01 -2.275336e+01  6.900000e+01
     vertex  4.743854e+01 -2.275084e+01  6.900000e+01
   endloop
 endfacet
 facet normal  0.000000e+00  0.000000e+00  1.000000e+00
   outer loop
     vertex  4.750000e+01  3.500000e+01  6.900000e+01
     vertex  4.731581e+01 -2.275755e+01  6.900000e+01
     vertex  4.737713e+01 -2.275336e+01  6.900000e+01
   endloop
 endfacet
 facet normal  0.000000e+00  0.000000e+00  1.000000e+00
   outer loop
     vertex  4.750000e+01  3.500000e+01  6.900000e+01
     vertex  4.725463e+01 -2.276342e+01  6.900000e+01
     vertex  4.731581e+01 -2.275755e+01  6.900000e+01
   endloop
 endfacet
 facet normal  0.000000e+00  0.000000e+00  1.000000e+00
   outer loop
     vertex  4.750000e+01  3.500000e+01  6.900000e+01
     vertex  4.719363e+01 -2.277096e+01  6.900000e+01
     vertex  4.725463e+01 -2.276342e+01  6.900000e+01
   endloop
 endfacet
 facet normal  0.000000e+00  0.000000e+00  1.000000e+00
   outer loop
     vertex  4.750000e+01  3.500000e+01  6.900000e+01
     vertex  4.713285e+01 -2.278016e+01  6.900000e+01
     vertex  4.719363e+01 -2.277096e+01  6.900000e+01
   endloop
 endfacet
 facet normal  0.000000e+00  0.000000e+00  1.000000e+00
   outer loop
     vertex  4.750000e+01  3.500000e+01  6.900000e+01
     vertex  4.707236e+01 -2.279101e+01  6.900000e+01
     vertex  4.713285e+01 -2.278016e+01  6.900000e+01
   endloop
 endfacet
 facet normal  0.000000e+00  0.000000e+00  1.000000e+00
   outer loop
     vertex  4.750000e+01  3.500000e+01  6.900000e+01
     vertex  4.701218e+01 -2.280352e+01  6.900000e+01
     vertex  4.707236e+01 -2.279101e+01  6.900000e+01
   endloop
 endfacet
 facet normal  0.000000e+00  0.000000e+00  1.000000e+00
   outer loop
     vertex  4.750000e+01  3.500000e+01  6.900000e+01
     vertex  7.027940e+00  1.738121e+01  6.900000e+01
     vertex  4.671763e+01 -2.289040e+01  6.900000e+01
   endloop
 endfacet
 facet normal  0.000000e+00  0.000000e+00  1.000000e+00
   outer loop
     vertex  4.750000e+01  3.500000e+01  6.900000e+01
     vertex  4.695236e+01 -2.281766e+01  6.900000e+01
     vertex  4.701218e+01 -2.280352e+01  6.900000e+01
   endloop
 endfacet
 facet normal  0.000000e+00  0.000000e+00  1.000000e+00
   outer loop
     vertex  4.750000e+01  3.500000e+01  6.900000e+01
     vertex  4.689296e+01 -2.283344e+01  6.900000e+01
     vertex  4.695236e+01 -2.281766e+01  6.900000e+01
   endloop
 endfacet
 facet normal  0.000000e+00  0.000000e+00  1.000000e+00
   outer loop
     vertex  4.750000e+01  3.500000e+01  6.900000e+01
     vertex  4.683400e+01 -2.285083e+01  6.900000e+01
     vertex  4.689296e+01 -2.283344e+01  6.900000e+01
   endloop
 endfacet
 facet normal  0.000000e+00  0.000000e+00  1.000000e+00
   outer loop
     vertex  4.750000e+01  3.500000e+01  6.900000e+01
     vertex  4.677555e+01 -2.286982e+01  6.900000e+01
     vertex  4.683400e+01 -2.285083e+01  6.900000e+01
   endloop
 endfacet
 facet normal  0.000000e+00  0.000000e+00  1.000000e+00
   outer loop
     vertex  4.750000e+01  3.500000e+01  6.900000e+01
     vertex  4.671763e+01 -2.289040e+01  6.900000e+01
     vertex  4.677555e+01 -2.286982e+01  6.900000e+01
   endloop
 endfacet
 facet normal  0.000000e+00  0.000000e+00  1.000000e+00
   outer loop
     vertex  4.750000e+01  3.500000e+01  6.900000e+01
     vertex  7.497177e+00  2.020576e+01  6.900000e+01
     vertex  7.500000e+00  2.000000e+01  6.900000e+01
   endloop
 endfacet
 facet normal  0.000000e+00  0.000000e+00  1.000000e+00
   outer loop
     vertex  4.750000e+01  3.500000e+01  6.900000e+01
     vertex  7.488711e+00  2.041136e+01  6.900000e+01
     vertex  7.497177e+00  2.020576e+01  6.900000e+01
   endloop
 endfacet
 facet normal  0.000000e+00  0.000000e+00  1.000000e+00
   outer loop
     vertex  4.750000e+01  3.500000e+01  6.900000e+01
     vertex  7.474607e+00  2.061665e+01  6.900000e+01
     vertex  7.488711e+00  2.041136e+01  6.900000e+01
   endloop
 endfacet
 facet normal  0.000000e+00  0.000000e+00  1.000000e+00
   outer loop
     vertex  4.750000e+01  3.500000e+01  6.900000e+01
     vertex  7.454876e+00  2.082147e+01  6.900000e+01
     vertex  7.474607e+00  2.061665e+01  6.900000e+01
   endloop
 endfacet
 facet normal  0.000000e+00  0.000000e+00  1.000000e+00
   outer loop
     vertex  4.750000e+01  3.500000e+01  6.900000e+01
     vertex  7.429534e+00  2.102568e+01  6.900000e+01
     vertex  7.454876e+00  2.082147e+01  6.900000e+01
   endloop
 endfacet
 facet normal  0.000000e+00  0.000000e+00  1.000000e+00
   outer loop
     vertex  4.750000e+01  3.500000e+01  6.900000e+01
     vertex  7.398599e+00  2.122912e+01  6.900000e+01
     vertex  7.429534e+00  2.102568e+01  6.900000e+01
   endloop
 endfacet
 facet normal  0.000000e+00  0.000000e+00  1.000000e+00
   outer loop
     vertex  4.750000e+01  3.500000e+01  6.900000e+01
     vertex  7.362095e+00  2.143163e+01  6.900000e+01
     vertex  7.398599e+00  2.122912e+01  6.900000e+01
   endloop
 endfacet
 facet normal  0.000000e+00  0.000000e+00  1.000000e+00
   outer loop
     vertex  4.750000e+01  3.500000e+01  6.900000e+01
     vertex  7.320048e+00  2.163306e+01  6.900000e+01
     vertex  7.362095e+00  2.143163e+01  6.900000e+01
   endloop
 endfacet
 facet normal  0.000000e+00  0.000000e+00  1.000000e+00
   outer loop
     vertex  4.750000e+01  3.500000e+01  6.900000e+01
     vertex  7.272492e+00  2.183327e+01  6.900000e+01
     vertex  7.320048e+00  2.163306e+01  6.900000e+01
   endloop
 endfacet
 facet normal  0.000000e+00  0.000000e+00  1.000000e+00
   outer loop
     vertex  4.750000e+01  3.500000e+01  6.900000e+01
     vertex  7.219461e+00  2.203209e+01  6.900000e+01
     vertex  7.272492e+00  2.183327e+01  6.900000e+01
   endloop
 endfacet
 facet normal  0.000000e+00  0.000000e+00  1.000000e+00
   outer loop
     vertex  4.750000e+01  3.500000e+01  6.900000e+01
     vertex  7.160995e+00  2.222938e+01  6.900000e+01
     vertex  7.219461e+00  2.203209e+01  6.900000e+01
   endloop
 endfacet
 facet normal  0.000000e+00  0.000000e+00  1.000000e+00
   outer loop
     vertex  4.750000e+01  3.500000e+01  6.900000e+01
     vertex  7.097139e+00  2.242500e+01  6.900000e+01
     vertex  7.160995e+00  2.222938e+01  6.900000e+01
   endloop
 endfacet
 facet normal  0.000000e+00  0.000000e+00  1.000000e+00
   outer loop
     vertex  4.750000e+01  3.500000e+01  6.900000e+01
     vertex  7.027940e+00  2.261879e+01  6.900000e+01
     vertex  7.097139e+00  2.242500e+01  6.900000e+01
   endloop
 endfacet
 facet normal  0.000000e+00  0.000000e+00  1.000000e+00
   outer loop
     vertex  4.750000e+01  3.500000e+01  6.900000e+01
     vertex  6.953451e+00  2.281061e+01  6.900000e+01
     vertex  7.027940e+00  2.261879e+01  6.900000e+01
   endloop
 endfacet
 facet normal  0.000000e+00  0.000000e+00  1.000000e+00
   outer loop
     vertex  4.750000e+01  3.500000e+01  6.900000e+01
     vertex  7.097139e+00  1.757500e+01  6.900000e+01
     vertex  7.027940e+00  1.738121e+01  6.900000e+01
   endloop
 endfacet
 facet normal  0.000000e+00  0.000000e+00  1.000000e+00
   outer loop
     vertex  4.750000e+01  3.500000e+01  6.900000e+01
     vertex  6.873727e+00  2.300031e+01  6.900000e+01
     vertex  6.953451e+00  2.281061e+01  6.900000e+01
   endloop
 endfacet
 facet normal  0.000000e+00  0.000000e+00  1.000000e+00
   outer loop
     vertex  4.750000e+01  3.500000e+01  6.900000e+01
     vertex  7.160995e+00  1.777062e+01  6.900000e+01
     vertex  7.097139e+00  1.757500e+01  6.900000e+01
   endloop
 endfacet
 facet normal  0.000000e+00  0.000000e+00  1.000000e+00
   outer loop
     vertex  4.750000e+01  3.500000e+01  6.900000e+01
     vertex  6.788829e+00  2.318776e+01  6.900000e+01
     vertex  6.873727e+00  2.300031e+01  6.900000e+01
   endloop
 endfacet
 facet normal  0.000000e+00  0.000000e+00  1.000000e+00
   outer loop
     vertex  4.750000e+01  3.500000e+01  6.900000e+01
     vertex  7.219461e+00  1.796791e+01  6.900000e+01
     vertex  7.160995e+00  1.777062e+01  6.900000e+01
   endloop
 endfacet
 facet normal  0.000000e+00  0.000000e+00  1.000000e+00
   outer loop
     vertex  4.750000e+01  3.500000e+01  6.900000e+01
     vertex  6.698821e+00  2.337280e+01  6.900000e+01
     vertex  6.788829e+00  2.318776e+01  6.900000e+01
   endloop
 endfacet
 facet normal  0.000000e+00  0.000000e+00  1.000000e+00
   outer loop
     vertex  4.750000e+01  3.500000e+01  6.900000e+01
     vertex  7.272492e+00  1.816673e+01  6.900000e+01
     vertex  7.219461e+00  1.796791e+01  6.900000e+01
   endloop
 endfacet
 facet normal  0.000000e+00  0.000000e+00  1.000000e+00
   outer loop
     vertex  4.750000e+01  3.500000e+01  6.900000e+01
     vertex  6.603770e+00  2.355531e+01  6.900000e+01
     vertex  6.698821e+00  2.337280e+01  6.900000e+01
   endloop
 endfacet
 facet normal  0.000000e+00  0.000000e+00  1.000000e+00
   outer loop
     vertex  4.750000e+01  3.500000e+01  6.900000e+01
     vertex  7.320048e+00  1.836694e+01  6.900000e+01
     vertex  7.272492e+00  1.816673e+01  6.900000e+01
   endloop
 endfacet
 facet normal  0.000000e+00  0.000000e+00  1.000000e+00
   outer loop
     vertex  4.750000e+01  3.500000e+01  6.900000e+01
     vertex  6.503748e+00  2.373514e+01  6.900000e+01
     vertex  6.603770e+00  2.355531e+01  6.900000e+01
   endloop
 endfacet
 facet normal  0.000000e+00  0.000000e+00  1.000000e+00
   outer loop
     vertex  4.750000e+01  3.500000e+01  6.900000e+01
     vertex  7.362095e+00  1.856837e+01  6.900000e+01
     vertex  7.320048e+00  1.836694e+01  6.900000e+01
   endloop
 endfacet
 facet normal  0.000000e+00  0.000000e+00  1.000000e+00
   outer loop
     vertex  4.750000e+01  3.500000e+01  6.900000e+01
     vertex  6.398830e+00  2.391216e+01  6.900000e+01
     vertex  6.503748e+00  2.373514e+01  6.900000e+01
   endloop
 endfacet
 facet normal  0.000000e+00  0.000000e+00  1.000000e+00
   outer loop
     vertex  4.750000e+01  3.500000e+01  6.900000e+01
     vertex  7.398599e+00  1.877088e+01  6.900000e+01
     vertex  7.362095e+00  1.856837e+01  6.900000e+01
   endloop
 endfacet
 facet normal  0.000000e+00  0.000000e+00  1.000000e+00
   outer loop
     vertex  4.750000e+01  3.500000e+01  6.900000e+01
     vertex  6.289095e+00  2.408623e+01  6.900000e+01
     vertex  6.398830e+00  2.391216e+01  6.900000e+01
   endloop
 endfacet
 facet normal  0.000000e+00  0.000000e+00  1.000000e+00
   outer loop
     vertex  4.750000e+01  3.500000e+01  6.900000e+01
     vertex  7.429534e+00  1.897432e+01  6.900000e+01
     vertex  7.398599e+00  1.877088e+01  6.900000e+01
   endloop
 endfacet
 facet normal  0.000000e+00  0.000000e+00  1.000000e+00
   outer loop
     vertex  4.750000e+01  3.500000e+01  6.900000e+01
     vertex  6.174626e+00  2.425723e+01  6.900000e+01
     vertex  6.289095e+00  2.408623e+01  6.900000e+01
   endloop
 endfacet
 facet normal  0.000000e+00  0.000000e+00  1.000000e+00
   outer loop
     vertex  4.750000e+01  3.500000e+01  6.900000e+01
     vertex  7.454876e+00  1.917853e+01  6.900000e+01
     vertex  7.429534e+00  1.897432e+01  6.900000e+01
   endloop
 endfacet
 facet normal  0.000000e+00  0.000000e+00  1.000000e+00
   outer loop
     vertex  4.750000e+01  3.500000e+01  6.900000e+01
     vertex  6.055509e+00  2.442502e+01  6.900000e+01
     vertex  6.174626e+00  2.425723e+01  6.900000e+01
   endloop
 endfacet
 facet normal  0.000000e+00  0.000000e+00  1.000000e+00
   outer loop
     vertex  4.750000e+01  3.500000e+01  6.900000e+01
     vertex  7.474607e+00  1.938335e+01  6.900000e+01
     vertex  7.454876e+00  1.917853e+01  6.900000e+01
   endloop
 endfacet
 facet normal  0.000000e+00  0.000000e+00  1.000000e+00
   outer loop
     vertex  4.750000e+01  3.500000e+01  6.900000e+01
     vertex  5.931834e+00  2.458948e+01  6.900000e+01
     vertex  6.055509e+00  2.442502e+01  6.900000e+01
   endloop
 endfacet
 facet normal  0.000000e+00  0.000000e+00  1.000000e+00
   outer loop
     vertex  4.750000e+01  3.500000e+01  6.900000e+01
     vertex  7.488711e+00  1.958864e+01  6.900000e+01
     vertex  7.474607e+00  1.938335e+01  6.900000e+01
   endloop
 endfacet
 facet normal  0.000000e+00  0.000000e+00  1.000000e+00
   outer loop
     vertex  4.750000e+01  3.500000e+01  6.900000e+01
     vertex  5.803693e+00  2.475049e+01  6.900000e+01
     vertex  5.931834e+00  2.458948e+01  6.900000e+01
   endloop
 endfacet
 facet normal  0.000000e+00  0.000000e+00  1.000000e+00
   outer loop
     vertex  4.750000e+01  3.500000e+01  6.900000e+01
     vertex  7.497177e+00  1.979424e+01  6.900000e+01
     vertex  7.488711e+00  1.958864e+01  6.900000e+01
   endloop
 endfacet
 facet normal  0.000000e+00  0.000000e+00  1.000000e+00
   outer loop
     vertex  4.750000e+01  3.500000e+01  6.900000e+01
     vertex  5.671183e+00  2.490792e+01  6.900000e+01
     vertex  5.803693e+00  2.475049e+01  6.900000e+01
   endloop
 endfacet
 facet normal  0.000000e+00  0.000000e+00  1.000000e+00
   outer loop
     vertex  4.750000e+01  3.500000e+01  6.900000e+01
     vertex  7.500000e+00  2.000000e+01  6.900000e+01
     vertex  7.497177e+00  1.979424e+01  6.900000e+01
   endloop
 endfacet
 facet normal  0.000000e+00  0.000000e+00  1.000000e+00
   outer loop
     vertex  4.750000e+01  3.500000e+01  6.900000e+01
     vertex  5.534405e+00  2.506166e+01  6.900000e+01
     vertex  5.671183e+00  2.490792e+01  6.900000e+01
   endloop
 endfacet
 facet normal  0.000000e+00  0.000000e+00  1.000000e+00
   outer loop
     vertex  4.750000e+01  3.500000e+01  6.900000e+01
     vertex  5.393460e+00  2.521158e+01  6.900000e+01
     vertex  5.534405e+00  2.506166e+01  6.900000e+01
   endloop
 endfacet
 facet normal  0.000000e+00  0.000000e+00  1.000000e+00
   outer loop
     vertex  4.750000e+01  3.500000e+01  6.900000e+01
     vertex  5.248455e+00  2.535759e+01  6.900000e+01
     vertex  5.393460e+00  2.521158e+01  6.900000e+01
   endloop
 endfacet
 facet normal  0.000000e+00  0.000000e+00  1.000000e+00
   outer loop
     vertex  4.750000e+01  3.500000e+01  6.900000e+01
     vertex  5.099499e+00  2.549956e+01  6.900000e+01
     vertex  5.248455e+00  2.535759e+01  6.900000e+01
   endloop
 endfacet
 facet normal  0.000000e+00  0.000000e+00  1.000000e+00
   outer loop
     vertex  4.750000e+01  3.500000e+01  6.900000e+01
     vertex  4.946705e+00  2.563738e+01  6.900000e+01
     vertex  5.099499e+00  2.549956e+01  6.900000e+01
   endloop
 endfacet
 facet normal  0.000000e+00  0.000000e+00  1.000000e+00
   outer loop
     vertex  4.750000e+01  3.500000e+01  6.900000e+01
     vertex  4.790187e+00  2.577097e+01  6.900000e+01
     vertex  4.946705e+00  2.563738e+01  6.900000e+01
   endloop
 endfacet
 facet normal  0.000000e+00  0.000000e+00  1.000000e+00
   outer loop
     vertex  4.750000e+01  3.500000e+01  6.900000e+01
     vertex  4.630063e+00  2.590021e+01  6.900000e+01
     vertex  4.790187e+00  2.577097e+01  6.900000e+01
   endloop
 endfacet
 facet normal  0.000000e+00  0.000000e+00  1.000000e+00
   outer loop
     vertex  4.750000e+01  3.500000e+01  6.900000e+01
     vertex  4.466453e+00  2.602501e+01  6.900000e+01
     vertex  4.630063e+00  2.590021e+01  6.900000e+01
   endloop
 endfacet
 facet normal  0.000000e+00  0.000000e+00  1.000000e+00
   outer loop
     vertex  4.750000e+01  3.500000e+01  6.900000e+01
     vertex  4.299482e+00  2.614528e+01  6.900000e+01
     vertex  4.466453e+00  2.602501e+01  6.900000e+01
   endloop
 endfacet
 facet normal  0.000000e+00  0.000000e+00  1.000000e+00
   outer loop
     vertex  4.750000e+01  3.500000e+01  6.900000e+01
     vertex  4.129274e+00  2.626092e+01  6.900000e+01
     vertex  4.299482e+00  2.614528e+01  6.900000e+01
   endloop
 endfacet
 facet normal  0.000000e+00  0.000000e+00  1.000000e+00
   outer loop
     vertex  4.750000e+01  3.500000e+01  6.900000e+01
     vertex  3.955957e+00  2.637184e+01  6.900000e+01
     vertex  4.129274e+00  2.626092e+01  6.900000e+01
   endloop
 endfacet
 facet normal  0.000000e+00  0.000000e+00  1.000000e+00
   outer loop
     vertex  4.750000e+01  3.500000e+01  6.900000e+01
     vertex  3.779663e+00  2.647797e+01  6.900000e+01
     vertex  3.955957e+00  2.637184e+01  6.900000e+01
   endloop
 endfacet
 facet normal  0.000000e+00  0.000000e+00  1.000000e+00
   outer loop
     vertex  4.750000e+01  3.500000e+01  6.900000e+01
     vertex  3.600523e+00  2.657923e+01  6.900000e+01
     vertex  3.779663e+00  2.647797e+01  6.900000e+01
   endloop
 endfacet
 facet normal  0.000000e+00  0.000000e+00  1.000000e+00
   outer loop
     vertex  4.750000e+01  3.500000e+01  6.900000e+01
     vertex  3.418673e+00  2.667553e+01  6.900000e+01
     vertex  3.600523e+00  2.657923e+01  6.900000e+01
   endloop
 endfacet
 facet normal  0.000000e+00  0.000000e+00  1.000000e+00
   outer loop
     vertex  4.750000e+01  3.500000e+01  6.900000e+01
     vertex  3.234249e+00  2.676680e+01  6.900000e+01
     vertex  3.418673e+00  2.667553e+01  6.900000e+01
   endloop
 endfacet
 facet normal  0.000000e+00  0.000000e+00  1.000000e+00
   outer loop
     vertex  4.750000e+01  3.500000e+01  6.900000e+01
     vertex  3.047391e+00  2.685299e+01  6.900000e+01
     vertex  3.234249e+00  2.676680e+01  6.900000e+01
   endloop
 endfacet
 facet normal  0.000000e+00  0.000000e+00  1.000000e+00
   outer loop
     vertex  4.750000e+01  3.500000e+01  6.900000e+01
     vertex  2.858239e+00  2.693401e+01  6.900000e+01
     vertex  3.047391e+00  2.685299e+01  6.900000e+01
   endloop
 endfacet
 facet normal  0.000000e+00  0.000000e+00  1.000000e+00
   outer loop
     vertex  4.750000e+01  3.500000e+01  6.900000e+01
     vertex  2.666936e+00  2.700981e+01  6.900000e+01
     vertex  2.858239e+00  2.693401e+01  6.900000e+01
   endloop
 endfacet
 facet normal  0.000000e+00  0.000000e+00  1.000000e+00
   outer loop
     vertex  4.750000e+01  3.500000e+01  6.900000e+01
     vertex  2.473624e+00  2.708034e+01  6.900000e+01
     vertex  2.666936e+00  2.700981e+01  6.900000e+01
   endloop
 endfacet
 facet normal  0.000000e+00  0.000000e+00  1.000000e+00
   outer loop
     vertex  4.750000e+01  3.500000e+01  6.900000e+01
     vertex  2.278451e+00  2.714553e+01  6.900000e+01
     vertex  2.473624e+00  2.708034e+01  6.900000e+01
   endloop
 endfacet
 facet normal  0.000000e+00  0.000000e+00  1.000000e+00
   outer loop
     vertex  4.750000e+01  3.500000e+01  6.900000e+01
     vertex  2.081562e+00  2.720535e+01  6.900000e+01
     vertex  2.278451e+00  2.714553e+01  6.900000e+01
   endloop
 endfacet
 facet normal  0.000000e+00  0.000000e+00  1.000000e+00
   outer loop
     vertex  4.750000e+01  3.500000e+01  6.900000e+01
     vertex -4.750000e+01  3.500000e+01  6.900000e+01
     vertex  5.144489e-02  2.749982e+01  6.900000e+01
   endloop
 endfacet
 facet normal  0.000000e+00  0.000000e+00  1.000000e+00
   outer loop
     vertex  5.144489e-02  2.749982e+01  6.900000e+01
     vertex -4.750000e+01  3.500000e+01  6.900000e+01
     vertex -1.543250e-01  2.749841e+01  6.900000e+01
   endloop
 endfacet
 facet normal  0.000000e+00  0.000000e+00  1.000000e+00
   outer loop
     vertex -1.543250e-01  2.749841e+01  6.900000e+01
     vertex -4.750000e+01  3.500000e+01  6.900000e+01
     vertex -3.599787e-01  2.749136e+01  6.900000e+01
   endloop
 endfacet
 facet normal  0.000000e+00  0.000000e+00  1.000000e+00
   outer loop
     vertex -3.599787e-01  2.749136e+01  6.900000e+01
     vertex -4.750000e+01  3.500000e+01  6.900000e+01
     vertex -5.653614e-01  2.747866e+01  6.900000e+01
   endloop
 endfacet
 facet normal  0.000000e+00  0.000000e+00  1.000000e+00
   outer loop
     vertex -5.653614e-01  2.747866e+01  6.900000e+01
     vertex -4.750000e+01  3.500000e+01  6.900000e+01
     vertex -7.703186e-01  2.746034e+01  6.900000e+01
   endloop
 endfacet
 facet normal  0.000000e+00  0.000000e+00  1.000000e+00
   outer loop
     vertex -7.703186e-01  2.746034e+01  6.900000e+01
     vertex -4.750000e+01  3.500000e+01  6.900000e+01
     vertex -9.746959e-01  2.743639e+01  6.900000e+01
   endloop
 endfacet
 facet normal  0.000000e+00  0.000000e+00  1.000000e+00
   outer loop
     vertex -9.746959e-01  2.743639e+01  6.900000e+01
     vertex -4.750000e+01  3.500000e+01  6.900000e+01
     vertex -1.178339e+00  2.740686e+01  6.900000e+01
   endloop
 endfacet
 facet normal  0.000000e+00  0.000000e+00  1.000000e+00
   outer loop
     vertex -1.178339e+00  2.740686e+01  6.900000e+01
     vertex -4.750000e+01  3.500000e+01  6.900000e+01
     vertex -1.381096e+00  2.737174e+01  6.900000e+01
   endloop
 endfacet
 facet normal  0.000000e+00  0.000000e+00  1.000000e+00
   outer loop
     vertex -1.381096e+00  2.737174e+01  6.900000e+01
     vertex -4.750000e+01  3.500000e+01  6.900000e+01
     vertex -1.582813e+00  2.733108e+01  6.900000e+01
   endloop
 endfacet
 facet normal  0.000000e+00  0.000000e+00  1.000000e+00
   outer loop
     vertex -1.582813e+00  2.733108e+01  6.900000e+01
     vertex -4.750000e+01  3.500000e+01  6.900000e+01
     vertex -1.783338e+00  2.728490e+01  6.900000e+01
   endloop
 endfacet
 facet normal  0.000000e+00  0.000000e+00  1.000000e+00
   outer loop
     vertex -1.783338e+00  2.728490e+01  6.900000e+01
     vertex -4.750000e+01  3.500000e+01  6.900000e+01
     vertex -1.982521e+00  2.723323e+01  6.900000e+01
   endloop
 endfacet
 facet normal  0.000000e+00  0.000000e+00  1.000000e+00
   outer loop
     vertex  4.750000e+01  3.500000e+01  6.900000e+01
     vertex  5.144489e-02  2.749982e+01  6.900000e+01
     vertex  2.571760e-01  2.749559e+01  6.900000e+01
   endloop
 endfacet
 facet normal  0.000000e+00  0.000000e+00  1.000000e+00
   outer loop
     vertex  4.750000e+01  3.500000e+01  6.900000e+01
     vertex  2.571760e-01  2.749559e+01  6.900000e+01
     vertex  4.627136e-01  2.748571e+01  6.900000e+01
   endloop
 endfacet
 facet normal  0.000000e+00  0.000000e+00  1.000000e+00
   outer loop
     vertex  4.750000e+01  3.500000e+01  6.900000e+01
     vertex  4.627136e-01  2.748571e+01  6.900000e+01
     vertex  6.679029e-01  2.747020e+01  6.900000e+01
   endloop
 endfacet
 facet normal  0.000000e+00  0.000000e+00  1.000000e+00
   outer loop
     vertex  4.750000e+01  3.500000e+01  6.900000e+01
     vertex  6.679029e-01  2.747020e+01  6.900000e+01
     vertex  8.725893e-01  2.744907e+01  6.900000e+01
   endloop
 endfacet
 facet normal  0.000000e+00  0.000000e+00  1.000000e+00
   outer loop
     vertex  4.750000e+01  3.500000e+01  6.900000e+01
     vertex  8.725893e-01  2.744907e+01  6.900000e+01
     vertex  1.076619e+00  2.742232e+01  6.900000e+01
   endloop
 endfacet
 facet normal  0.000000e+00  0.000000e+00  1.000000e+00
   outer loop
     vertex  4.750000e+01  3.500000e+01  6.900000e+01
     vertex  1.076619e+00  2.742232e+01  6.900000e+01
     vertex  1.279838e+00  2.738999e+01  6.900000e+01
   endloop
 endfacet
 facet normal  0.000000e+00  0.000000e+00  1.000000e+00
   outer loop
     vertex  4.750000e+01  3.500000e+01  6.900000e+01
     vertex  1.279838e+00  2.738999e+01  6.900000e+01
     vertex  1.482094e+00  2.735210e+01  6.900000e+01
   endloop
 endfacet
 facet normal  0.000000e+00  0.000000e+00  1.000000e+00
   outer loop
     vertex  4.750000e+01  3.500000e+01  6.900000e+01
     vertex  1.482094e+00  2.735210e+01  6.900000e+01
     vertex  1.683234e+00  2.730867e+01  6.900000e+01
   endloop
 endfacet
 facet normal  0.000000e+00  0.000000e+00  1.000000e+00
   outer loop
     vertex  4.750000e+01  3.500000e+01  6.900000e+01
     vertex  1.683234e+00  2.730867e+01  6.900000e+01
     vertex  1.883107e+00  2.725975e+01  6.900000e+01
   endloop
 endfacet
 facet normal  0.000000e+00  0.000000e+00  1.000000e+00
   outer loop
     vertex  4.750000e+01  3.500000e+01  6.900000e+01
     vertex  1.883107e+00  2.725975e+01  6.900000e+01
     vertex  2.081562e+00  2.720535e+01  6.900000e+01
   endloop
 endfacet
 facet normal -1.354093e-02  9.999083e-01  0.000000e+00
   outer loop
     vertex -4.743907e+01 -2.724917e+01  6.900000e+01
     vertex -4.750000e+01 -2.725000e+01  6.300000e+01
     vertex -4.750000e+01 -2.725000e+01  6.900000e+01
   endloop
 endfacet
 facet normal -1.354093e-02  9.999083e-01  0.000000e+00
   outer loop
     vertex -4.743907e+01 -2.724917e+01  6.900000e+01
     vertex -4.743907e+01 -2.724917e+01  6.300000e+01
     vertex -4.750000e+01 -2.725000e+01  6.300000e+01
   endloop
 endfacet
 facet normal -4.061287e-02  9.991750e-01  0.000000e+00
   outer loop
     vertex -4.737819e+01 -2.724670e+01  6.900000e+01
     vertex -4.743907e+01 -2.724917e+01  6.300000e+01
     vertex -4.743907e+01 -2.724917e+01  6.900000e+01
   endloop
 endfacet
 facet normal -4.061287e-02  9.991750e-01  0.000000e+00
   outer loop
     vertex -4.737819e+01 -2.724670e+01  6.900000e+01
     vertex -4.737819e+01 -2.724670e+01  6.300000e+01
     vertex -4.743907e+01 -2.724917e+01  6.300000e+01
   endloop
 endfacet
 facet normal -6.765502e-02  9.977088e-01  0.000000e+00
   outer loop
     vertex -4.731739e+01 -2.724258e+01  6.900000e+01
     vertex -4.737819e+01 -2.724670e+01  6.300000e+01
     vertex -4.737819e+01 -2.724670e+01  6.900000e+01
   endloop
 endfacet
 facet normal -6.765502e-02  9.977088e-01  0.000000e+00
   outer loop
     vertex -4.731739e+01 -2.724258e+01  6.900000e+01
     vertex -4.731739e+01 -2.724258e+01  6.300000e+01
     vertex -4.737819e+01 -2.724670e+01  6.300000e+01
   endloop
 endfacet
 facet normal -9.464755e-02  9.955108e-01  0.000000e+00
   outer loop
     vertex -4.725673e+01 -2.723681e+01  6.900000e+01
     vertex -4.731739e+01 -2.724258e+01  6.300000e+01
     vertex -4.731739e+01 -2.724258e+01  6.900000e+01
   endloop
 endfacet
 facet normal -9.464755e-02  9.955108e-01  0.000000e+00
   outer loop
     vertex -4.725673e+01 -2.723681e+01  6.900000e+01
     vertex -4.725673e+01 -2.723681e+01  6.300000e+01
     vertex -4.731739e+01 -2.724258e+01  6.300000e+01
   endloop
 endfacet
 facet normal -1.215707e-01  9.925828e-01  0.000000e+00
   outer loop
     vertex -4.725673e+01 -2.723681e+01  6.900000e+01
     vertex -4.719625e+01 -2.722940e+01  6.300000e+01
     vertex -4.725673e+01 -2.723681e+01  6.300000e+01
   endloop
 endfacet
 facet normal -1.215707e-01  9.925828e-01  0.000000e+00
   outer loop
     vertex -4.719625e+01 -2.722940e+01  6.900000e+01
     vertex -4.719625e+01 -2.722940e+01  6.300000e+01
     vertex -4.725673e+01 -2.723681e+01  6.900000e+01
   endloop
 endfacet
 facet normal -1.484046e-01  9.889267e-01  0.000000e+00
   outer loop
     vertex -4.713599e+01 -2.722036e+01  6.900000e+01
     vertex -4.719625e+01 -2.722940e+01  6.300000e+01
     vertex -4.719625e+01 -2.722940e+01  6.900000e+01
   endloop
 endfacet
 facet normal -1.484046e-01  9.889267e-01  0.000000e+00
   outer loop
     vertex -4.713599e+01 -2.722036e+01  6.900000e+01
     vertex -4.713599e+01 -2.722036e+01  6.300000e+01
     vertex -4.719625e+01 -2.722940e+01  6.300000e+01
   endloop
 endfacet
 facet normal -1.751297e-01  9.845454e-01  0.000000e+00
   outer loop
     vertex -4.707600e+01 -2.720969e+01  6.900000e+01
     vertex -4.713599e+01 -2.722036e+01  6.300000e+01
     vertex -4.713599e+01 -2.722036e+01  6.900000e+01
   endloop
 endfacet
 facet normal -1.751297e-01  9.845454e-01  0.000000e+00
   outer loop
     vertex -4.707600e+01 -2.720969e+01  6.900000e+01
     vertex -4.707600e+01 -2.720969e+01  6.300000e+01
     vertex -4.713599e+01 -2.722036e+01  6.300000e+01
   endloop
 endfacet
 facet normal -2.017264e-01  9.794419e-01  0.000000e+00
   outer loop
     vertex -4.701632e+01 -2.719740e+01  6.900000e+01
     vertex -4.707600e+01 -2.720969e+01  6.300000e+01
     vertex -4.707600e+01 -2.720969e+01  6.900000e+01
   endloop
 endfacet
 facet normal -2.017264e-01  9.794419e-01  0.000000e+00
   outer loop
     vertex -4.701632e+01 -2.719740e+01  6.900000e+01
     vertex -4.701632e+01 -2.719740e+01  6.300000e+01
     vertex -4.707600e+01 -2.720969e+01  6.300000e+01
   endloop
 endfacet
 facet normal -2.281751e-01  9.736201e-01  0.000000e+00
   outer loop
     vertex -4.695699e+01 -2.718349e+01  6.900000e+01
     vertex -4.701632e+01 -2.719740e+01  6.300000e+01
     vertex -4.701632e+01 -2.719740e+01  6.900000e+01
   endloop
 endfacet
 facet normal -2.281751e-01  9.736201e-01  0.000000e+00
   outer loop
     vertex -4.695699e+01 -2.718349e+01  6.900000e+01
     vertex -4.695699e+01 -2.718349e+01  6.300000e+01
     vertex -4.701632e+01 -2.719740e+01  6.300000e+01
   endloop
 endfacet
 facet normal -2.544564e-01  9.670842e-01  0.000000e+00
   outer loop
     vertex -4.695699e+01 -2.718349e+01  6.900000e+01
     vertex -4.689806e+01 -2.716799e+01  6.300000e+01
     vertex -4.695699e+01 -2.718349e+01  6.300000e+01
   endloop
 endfacet
 facet normal -2.544564e-01  9.670842e-01  0.000000e+00
   outer loop
     vertex -4.689806e+01 -2.716799e+01  6.900000e+01
     vertex -4.689806e+01 -2.716799e+01  6.300000e+01
     vertex -4.695699e+01 -2.718349e+01  6.900000e+01
   endloop
 endfacet
 facet normal -2.805512e-01  9.598391e-01  0.000000e+00
   outer loop
     vertex -4.683957e+01 -2.715089e+01  6.900000e+01
     vertex -4.689806e+01 -2.716799e+01  6.300000e+01
     vertex -4.689806e+01 -2.716799e+01  6.900000e+01
   endloop
 endfacet
 facet normal -2.805512e-01  9.598391e-01  0.000000e+00
   outer loop
     vertex -4.683957e+01 -2.715089e+01  6.900000e+01
     vertex -4.683957e+01 -2.715089e+01  6.300000e+01
     vertex -4.689806e+01 -2.716799e+01  6.300000e+01
   endloop
 endfacet
 facet normal -3.064401e-01  9.518899e-01  0.000000e+00
   outer loop
     vertex -4.678157e+01 -2.713222e+01  6.900000e+01
     vertex -4.678157e+01 -2.713222e+01  6.300000e+01
     vertex -4.683957e+01 -2.715089e+01  6.300000e+01
   endloop
 endfacet
 facet normal -3.064401e-01  9.518899e-01  0.000000e+00
   outer loop
     vertex -4.678157e+01 -2.713222e+01  6.900000e+01
     vertex -4.683957e+01 -2.715089e+01  6.300000e+01
     vertex -4.683957e+01 -2.715089e+01  6.900000e+01
   endloop
 endfacet
 facet normal -3.321044e-01  9.432426e-01  0.000000e+00
   outer loop
     vertex -4.672410e+01 -2.711198e+01  6.900000e+01
     vertex -4.672410e+01 -2.711198e+01  6.300000e+01
     vertex -4.678157e+01 -2.713222e+01  6.300000e+01
   endloop
 endfacet
 facet normal -3.321044e-01  9.432426e-01  0.000000e+00
   outer loop
     vertex -4.672410e+01 -2.711198e+01  6.900000e+01
     vertex -4.678157e+01 -2.713222e+01  6.300000e+01
     vertex -4.678157e+01 -2.713222e+01  6.900000e+01
   endloop
 endfacet
 facet normal -3.575250e-01  9.339036e-01  0.000000e+00
   outer loop
     vertex -4.666719e+01 -2.709020e+01  6.900000e+01
     vertex -4.666719e+01 -2.709020e+01  6.300000e+01
     vertex -4.672410e+01 -2.711198e+01  6.300000e+01
   endloop
 endfacet
 facet normal -3.575250e-01  9.339036e-01  0.000000e+00
   outer loop
     vertex -4.666719e+01 -2.709020e+01  6.900000e+01
     vertex -4.672410e+01 -2.711198e+01  6.300000e+01
     vertex -4.672410e+01 -2.711198e+01  6.900000e+01
   endloop
 endfacet
 facet normal -3.826834e-01  9.238795e-01  0.000000e+00
   outer loop
     vertex -4.661089e+01 -2.706688e+01  6.900000e+01
     vertex -4.661089e+01 -2.706688e+01  6.300000e+01
     vertex -4.666719e+01 -2.709020e+01  6.300000e+01
   endloop
 endfacet
 facet normal -4.075612e-01  9.131779e-01  0.000000e+00
   outer loop
     vertex -4.661089e+01 -2.706688e+01  6.900000e+01
     vertex -4.655525e+01 -2.704204e+01  6.300000e+01
     vertex -4.661089e+01 -2.706688e+01  6.300000e+01
   endloop
 endfacet
 facet normal -3.826834e-01  9.238795e-01  0.000000e+00
   outer loop
     vertex -4.661089e+01 -2.706688e+01  6.900000e+01
     vertex -4.666719e+01 -2.709020e+01  6.300000e+01
     vertex -4.666719e+01 -2.709020e+01  6.900000e+01
   endloop
 endfacet
 facet normal -4.075612e-01  9.131779e-01  0.000000e+00
   outer loop
     vertex -4.655525e+01 -2.704204e+01  6.900000e+01
     vertex -4.655525e+01 -2.704204e+01  6.300000e+01
     vertex -4.661089e+01 -2.706688e+01  6.900000e+01
   endloop
 endfacet
 facet normal -4.321400e-01  9.018065e-01  0.000000e+00
   outer loop
     vertex -4.650030e+01 -2.701571e+01  6.900000e+01
     vertex -4.650030e+01 -2.701571e+01  6.300000e+01
     vertex -4.655525e+01 -2.704204e+01  6.300000e+01
   endloop
 endfacet
 facet normal -4.564019e-01  8.897737e-01  0.000000e+00
   outer loop
     vertex -4.650030e+01 -2.701571e+01  6.900000e+01
     vertex -4.644608e+01 -2.698790e+01  6.300000e+01
     vertex -4.650030e+01 -2.701571e+01  6.300000e+01
   endloop
 endfacet
 facet normal -4.321400e-01  9.018065e-01  0.000000e+00
   outer loop
     vertex -4.650030e+01 -2.701571e+01  6.900000e+01
     vertex -4.655525e+01 -2.704204e+01  6.300000e+01
     vertex -4.655525e+01 -2.704204e+01  6.900000e+01
   endloop
 endfacet
 facet normal -4.564019e-01  8.897737e-01  0.000000e+00
   outer loop
     vertex -4.644608e+01 -2.698790e+01  6.900000e+01
     vertex -4.644608e+01 -2.698790e+01  6.300000e+01
     vertex -4.650030e+01 -2.701571e+01  6.900000e+01
   endloop
 endfacet
 facet normal -4.803291e-01  8.770884e-01  0.000000e+00
   outer loop
     vertex -4.639264e+01 -2.695863e+01  6.900000e+01
     vertex -4.639264e+01 -2.695863e+01  6.300000e+01
     vertex -4.644608e+01 -2.698790e+01  6.300000e+01
   endloop
 endfacet
 facet normal -4.803291e-01  8.770884e-01  0.000000e+00
   outer loop
     vertex -4.639264e+01 -2.695863e+01  6.900000e+01
     vertex -4.644608e+01 -2.698790e+01  6.300000e+01
     vertex -4.644608e+01 -2.698790e+01  6.900000e+01
   endloop
 endfacet
 facet normal -5.039039e-01  8.637597e-01  0.000000e+00
   outer loop
     vertex -4.634000e+01 -2.692793e+01  6.900000e+01
     vertex -4.634000e+01 -2.692793e+01  6.300000e+01
     vertex -4.639264e+01 -2.695863e+01  6.300000e+01
   endloop
 endfacet
 facet normal -5.039039e-01  8.637597e-01  0.000000e+00
   outer loop
     vertex -4.634000e+01 -2.692793e+01  6.900000e+01
     vertex -4.639264e+01 -2.695863e+01  6.300000e+01
     vertex -4.639264e+01 -2.695863e+01  6.900000e+01
   endloop
 endfacet
 facet normal -5.271092e-01  8.497975e-01  0.000000e+00
   outer loop
     vertex -4.628822e+01 -2.689581e+01  6.900000e+01
     vertex -4.634000e+01 -2.692793e+01  6.300000e+01
     vertex -4.634000e+01 -2.692793e+01  6.900000e+01
   endloop
 endfacet
 facet normal -5.271092e-01  8.497975e-01  0.000000e+00
   outer loop
     vertex -4.628822e+01 -2.689581e+01  6.900000e+01
     vertex -4.628822e+01 -2.689581e+01  6.300000e+01
     vertex -4.634000e+01 -2.692793e+01  6.300000e+01
   endloop
 endfacet
 facet normal -5.499279e-01  8.352121e-01  0.000000e+00
   outer loop
     vertex -4.628822e+01 -2.689581e+01  6.900000e+01
     vertex -4.623733e+01 -2.686230e+01  6.300000e+01
     vertex -4.628822e+01 -2.689581e+01  6.300000e+01
   endloop
 endfacet
 facet normal -5.499279e-01  8.352121e-01  0.000000e+00
   outer loop
     vertex -4.623733e+01 -2.686230e+01  6.900000e+01
     vertex -4.623733e+01 -2.686230e+01  6.300000e+01
     vertex -4.628822e+01 -2.689581e+01  6.900000e+01
   endloop
 endfacet
 facet normal -5.723433e-01  8.200141e-01  0.000000e+00
   outer loop
     vertex -4.623733e+01 -2.686230e+01  6.900000e+01
     vertex -4.618736e+01 -2.682742e+01  6.300000e+01
     vertex -4.623733e+01 -2.686230e+01  6.300000e+01
   endloop
 endfacet
 facet normal -5.723433e-01  8.200141e-01  0.000000e+00
   outer loop
     vertex -4.618736e+01 -2.682742e+01  6.900000e+01
     vertex -4.618736e+01 -2.682742e+01  6.300000e+01
     vertex -4.623733e+01 -2.686230e+01  6.900000e+01
   endloop
 endfacet
 facet normal -5.943389e-01  8.042147e-01  0.000000e+00
   outer loop
     vertex -4.618736e+01 -2.682742e+01  6.900000e+01
     vertex -4.613836e+01 -2.679121e+01  6.300000e+01
     vertex -4.618736e+01 -2.682742e+01  6.300000e+01
   endloop
 endfacet
 facet normal -5.943389e-01  8.042147e-01  0.000000e+00
   outer loop
     vertex -4.613836e+01 -2.679121e+01  6.900000e+01
     vertex -4.613836e+01 -2.679121e+01  6.300000e+01
     vertex -4.618736e+01 -2.682742e+01  6.900000e+01
   endloop
 endfacet
 facet normal -6.158986e-01  7.878255e-01  0.000000e+00
   outer loop
     vertex -4.609035e+01 -2.675368e+01  6.900000e+01
     vertex -4.613836e+01 -2.679121e+01  6.300000e+01
     vertex -4.613836e+01 -2.679121e+01  6.900000e+01
   endloop
 endfacet
 facet normal -6.158986e-01  7.878255e-01  0.000000e+00
   outer loop
     vertex -4.609035e+01 -2.675368e+01  6.900000e+01
     vertex -4.609035e+01 -2.675368e+01  6.300000e+01
     vertex -4.613836e+01 -2.679121e+01  6.300000e+01
   endloop
 endfacet
 facet normal -6.370065e-01  7.708584e-01  0.000000e+00
   outer loop
     vertex -4.609035e+01 -2.675368e+01  6.900000e+01
     vertex -4.604338e+01 -2.671486e+01  6.300000e+01
     vertex -4.609035e+01 -2.675368e+01  6.300000e+01
   endloop
 endfacet
 facet normal -6.370065e-01  7.708584e-01  0.000000e+00
   outer loop
     vertex -4.604338e+01 -2.671486e+01  6.900000e+01
     vertex -4.604338e+01 -2.671486e+01  6.300000e+01
     vertex -4.609035e+01 -2.675368e+01  6.900000e+01
   endloop
 endfacet
 facet normal -6.576473e-01  7.533260e-01  0.000000e+00
   outer loop
     vertex -4.604338e+01 -2.671486e+01  6.900000e+01
     vertex -4.599748e+01 -2.667479e+01  6.300000e+01
     vertex -4.604338e+01 -2.671486e+01  6.300000e+01
   endloop
 endfacet
 facet normal -6.576473e-01  7.533260e-01  0.000000e+00
   outer loop
     vertex -4.599748e+01 -2.667479e+01  6.900000e+01
     vertex -4.599748e+01 -2.667479e+01  6.300000e+01
     vertex -4.604338e+01 -2.671486e+01  6.900000e+01
   endloop
 endfacet
 facet normal -6.778058e-01  7.352410e-01  0.000000e+00
   outer loop
     vertex -4.595268e+01 -2.663349e+01  6.900000e+01
     vertex -4.599748e+01 -2.667479e+01  6.300000e+01
     vertex -4.599748e+01 -2.667479e+01  6.900000e+01
   endloop
 endfacet
 facet normal -6.778058e-01  7.352410e-01  0.000000e+00
   outer loop
     vertex -4.595268e+01 -2.663349e+01  6.900000e+01
     vertex -4.595268e+01 -2.663349e+01  6.300000e+01
     vertex -4.599748e+01 -2.667479e+01  6.300000e+01
   endloop
 endfacet
 facet normal -6.974671e-01  7.166168e-01  0.000000e+00
   outer loop
     vertex -4.595268e+01 -2.663349e+01  6.900000e+01
     vertex -4.590901e+01 -2.659099e+01  6.300000e+01
     vertex -4.595268e+01 -2.663349e+01  6.300000e+01
   endloop
 endfacet
 facet normal -6.974671e-01  7.166168e-01  0.000000e+00
   outer loop
     vertex -4.590901e+01 -2.659099e+01  6.900000e+01
     vertex -4.590901e+01 -2.659099e+01  6.300000e+01
     vertex -4.595268e+01 -2.663349e+01  6.900000e+01
   endloop
 endfacet
 facet normal -7.166168e-01  6.974671e-01  0.000000e+00
   outer loop
     vertex -4.586651e+01 -2.654732e+01  6.900000e+01
     vertex -4.590901e+01 -2.659099e+01  6.300000e+01
     vertex -4.590901e+01 -2.659099e+01  6.900000e+01
   endloop
 endfacet
 facet normal -7.166168e-01  6.974671e-01  0.000000e+00
   outer loop
     vertex -4.586651e+01 -2.654732e+01  6.900000e+01
     vertex -4.586651e+01 -2.654732e+01  6.300000e+01
     vertex -4.590901e+01 -2.659099e+01  6.300000e+01
   endloop
 endfacet
 facet normal -7.352410e-01  6.778058e-01  0.000000e+00
   outer loop
     vertex -4.582521e+01 -2.650252e+01  6.900000e+01
     vertex -4.586651e+01 -2.654732e+01  6.300000e+01
     vertex -4.586651e+01 -2.654732e+01  6.900000e+01
   endloop
 endfacet
 facet normal -7.352410e-01  6.778058e-01  0.000000e+00
   outer loop
     vertex -4.582521e+01 -2.650252e+01  6.900000e+01
     vertex -4.582521e+01 -2.650252e+01  6.300000e+01
     vertex -4.586651e+01 -2.654732e+01  6.300000e+01
   endloop
 endfacet
 facet normal -7.533260e-01  6.576473e-01  0.000000e+00
   outer loop
     vertex -4.578514e+01 -2.645662e+01  6.900000e+01
     vertex -4.582521e+01 -2.650252e+01  6.300000e+01
     vertex -4.582521e+01 -2.650252e+01  6.900000e+01
   endloop
 endfacet
 facet normal -7.533260e-01  6.576473e-01  0.000000e+00
   outer loop
     vertex -4.578514e+01 -2.645662e+01  6.900000e+01
     vertex -4.578514e+01 -2.645662e+01  6.300000e+01
     vertex -4.582521e+01 -2.650252e+01  6.300000e+01
   endloop
 endfacet
 facet normal -7.708584e-01  6.370065e-01  0.000000e+00
   outer loop
     vertex -4.574632e+01 -2.640965e+01  6.900000e+01
     vertex -4.578514e+01 -2.645662e+01  6.300000e+01
     vertex -4.578514e+01 -2.645662e+01  6.900000e+01
   endloop
 endfacet
 facet normal -7.708584e-01  6.370065e-01  0.000000e+00
   outer loop
     vertex -4.574632e+01 -2.640965e+01  6.900000e+01
     vertex -4.574632e+01 -2.640965e+01  6.300000e+01
     vertex -4.578514e+01 -2.645662e+01  6.300000e+01
   endloop
 endfacet
 facet normal -7.878255e-01  6.158986e-01  0.000000e+00
   outer loop
     vertex -4.570879e+01 -2.636164e+01  6.900000e+01
     vertex -4.574632e+01 -2.640965e+01  6.300000e+01
     vertex -4.574632e+01 -2.640965e+01  6.900000e+01
   endloop
 endfacet
 facet normal -7.878255e-01  6.158986e-01  0.000000e+00
   outer loop
     vertex -4.570879e+01 -2.636164e+01  6.900000e+01
     vertex -4.570879e+01 -2.636164e+01  6.300000e+01
     vertex -4.574632e+01 -2.640965e+01  6.300000e+01
   endloop
 endfacet
 facet normal -8.042147e-01  5.943389e-01  0.000000e+00
   outer loop
     vertex -4.570879e+01 -2.636164e+01  6.900000e+01
     vertex -4.567258e+01 -2.631264e+01  6.300000e+01
     vertex -4.570879e+01 -2.636164e+01  6.300000e+01
   endloop
 endfacet
 facet normal -8.042147e-01  5.943389e-01  0.000000e+00
   outer loop
     vertex -4.567258e+01 -2.631264e+01  6.900000e+01
     vertex -4.567258e+01 -2.631264e+01  6.300000e+01
     vertex -4.570879e+01 -2.636164e+01  6.900000e+01
   endloop
 endfacet
 facet normal -8.200141e-01  5.723433e-01  0.000000e+00
   outer loop
     vertex -4.563770e+01 -2.626267e+01  6.900000e+01
     vertex -4.567258e+01 -2.631264e+01  6.300000e+01
     vertex -4.567258e+01 -2.631264e+01  6.900000e+01
   endloop
 endfacet
 facet normal -8.200141e-01  5.723433e-01  0.000000e+00
   outer loop
     vertex -4.563770e+01 -2.626267e+01  6.900000e+01
     vertex -4.563770e+01 -2.626267e+01  6.300000e+01
     vertex -4.567258e+01 -2.631264e+01  6.300000e+01
   endloop
 endfacet
 facet normal -8.352121e-01  5.499279e-01  0.000000e+00
   outer loop
     vertex -4.560419e+01 -2.621178e+01  6.900000e+01
     vertex -4.563770e+01 -2.626267e+01  6.300000e+01
     vertex -4.563770e+01 -2.626267e+01  6.900000e+01
   endloop
 endfacet
 facet normal -8.352121e-01  5.499279e-01  0.000000e+00
   outer loop
     vertex -4.560419e+01 -2.621178e+01  6.900000e+01
     vertex -4.560419e+01 -2.621178e+01  6.300000e+01
     vertex -4.563770e+01 -2.626267e+01  6.300000e+01
   endloop
 endfacet
 facet normal -8.497975e-01  5.271092e-01  0.000000e+00
   outer loop
     vertex -4.557207e+01 -2.616000e+01  6.900000e+01
     vertex -4.560419e+01 -2.621178e+01  6.300000e+01
     vertex -4.560419e+01 -2.621178e+01  6.900000e+01
   endloop
 endfacet
 facet normal -8.497975e-01  5.271092e-01  0.000000e+00
   outer loop
     vertex -4.557207e+01 -2.616000e+01  6.900000e+01
     vertex -4.557207e+01 -2.616000e+01  6.300000e+01
     vertex -4.560419e+01 -2.621178e+01  6.300000e+01
   endloop
 endfacet
 facet normal -8.637597e-01  5.039039e-01  0.000000e+00
   outer loop
     vertex -4.554137e+01 -2.610736e+01  6.900000e+01
     vertex -4.557207e+01 -2.616000e+01  6.300000e+01
     vertex -4.557207e+01 -2.616000e+01  6.900000e+01
   endloop
 endfacet
 facet normal -8.637597e-01  5.039039e-01  0.000000e+00
   outer loop
     vertex -4.554137e+01 -2.610736e+01  6.900000e+01
     vertex -4.554137e+01 -2.610736e+01  6.300000e+01
     vertex -4.557207e+01 -2.616000e+01  6.300000e+01
   endloop
 endfacet
 facet normal -8.770884e-01  4.803291e-01  0.000000e+00
   outer loop
     vertex -4.551210e+01 -2.605392e+01  6.900000e+01
     vertex -4.554137e+01 -2.610736e+01  6.300000e+01
     vertex -4.554137e+01 -2.610736e+01  6.900000e+01
   endloop
 endfacet
 facet normal -8.770884e-01  4.803291e-01  0.000000e+00
   outer loop
     vertex -4.551210e+01 -2.605392e+01  6.900000e+01
     vertex -4.551210e+01 -2.605392e+01  6.300000e+01
     vertex -4.554137e+01 -2.610736e+01  6.300000e+01
   endloop
 endfacet
 facet normal -8.897737e-01  4.564019e-01  0.000000e+00
   outer loop
     vertex -4.548429e+01 -2.599970e+01  6.900000e+01
     vertex -4.548429e+01 -2.599970e+01  6.300000e+01
     vertex -4.551210e+01 -2.605392e+01  6.300000e+01
   endloop
 endfacet
 facet normal -8.897737e-01  4.564019e-01  0.000000e+00
   outer loop
     vertex -4.548429e+01 -2.599970e+01  6.900000e+01
     vertex -4.551210e+01 -2.605392e+01  6.300000e+01
     vertex -4.551210e+01 -2.605392e+01  6.900000e+01
   endloop
 endfacet
 facet normal -9.018065e-01  4.321400e-01  0.000000e+00
   outer loop
     vertex -4.545796e+01 -2.594475e+01  6.900000e+01
     vertex -4.545796e+01 -2.594475e+01  6.300000e+01
     vertex -4.548429e+01 -2.599970e+01  6.300000e+01
   endloop
 endfacet
 facet normal -9.131779e-01  4.075612e-01  0.000000e+00
   outer loop
     vertex -4.545796e+01 -2.594475e+01  6.900000e+01
     vertex -4.543312e+01 -2.588911e+01  6.300000e+01
     vertex -4.545796e+01 -2.594475e+01  6.300000e+01
   endloop
 endfacet
 facet normal -9.018065e-01  4.321400e-01  0.000000e+00
   outer loop
     vertex -4.545796e+01 -2.594475e+01  6.900000e+01
     vertex -4.548429e+01 -2.599970e+01  6.300000e+01
     vertex -4.548429e+01 -2.599970e+01  6.900000e+01
   endloop
 endfacet
 facet normal -9.131779e-01  4.075612e-01  0.000000e+00
   outer loop
     vertex -4.543312e+01 -2.588911e+01  6.900000e+01
     vertex -4.543312e+01 -2.588911e+01  6.300000e+01
     vertex -4.545796e+01 -2.594475e+01  6.900000e+01
   endloop
 endfacet
 facet normal -9.238795e-01  3.826834e-01  0.000000e+00
   outer loop
     vertex -4.540980e+01 -2.583281e+01  6.900000e+01
     vertex -4.540980e+01 -2.583281e+01  6.300000e+01
     vertex -4.543312e+01 -2.588911e+01  6.300000e+01
   endloop
 endfacet
 facet normal -9.339036e-01  3.575250e-01  0.000000e+00
   outer loop
     vertex -4.540980e+01 -2.583281e+01  6.900000e+01
     vertex -4.538802e+01 -2.577590e+01  6.300000e+01
     vertex -4.540980e+01 -2.583281e+01  6.300000e+01
   endloop
 endfacet
 facet normal -9.238795e-01  3.826834e-01  0.000000e+00
   outer loop
     vertex -4.540980e+01 -2.583281e+01  6.900000e+01
     vertex -4.543312e+01 -2.588911e+01  6.300000e+01
     vertex -4.543312e+01 -2.588911e+01  6.900000e+01
   endloop
 endfacet
 facet normal -9.339036e-01  3.575250e-01  0.000000e+00
   outer loop
     vertex -4.538802e+01 -2.577590e+01  6.900000e+01
     vertex -4.538802e+01 -2.577590e+01  6.300000e+01
     vertex -4.540980e+01 -2.583281e+01  6.900000e+01
   endloop
 endfacet
 facet normal -9.432426e-01  3.321044e-01  0.000000e+00
   outer loop
     vertex -4.536778e+01 -2.571843e+01  6.900000e+01
     vertex -4.538802e+01 -2.577590e+01  6.300000e+01
     vertex -4.538802e+01 -2.577590e+01  6.900000e+01
   endloop
 endfacet
 facet normal -9.432426e-01  3.321044e-01  0.000000e+00
   outer loop
     vertex -4.536778e+01 -2.571843e+01  6.900000e+01
     vertex -4.536778e+01 -2.571843e+01  6.300000e+01
     vertex -4.538802e+01 -2.577590e+01  6.300000e+01
   endloop
 endfacet
 facet normal -9.518899e-01  3.064401e-01  0.000000e+00
   outer loop
     vertex -4.534911e+01 -2.566043e+01  6.900000e+01
     vertex -4.534911e+01 -2.566043e+01  6.300000e+01
     vertex -4.536778e+01 -2.571843e+01  6.300000e+01
   endloop
 endfacet
 facet normal -9.518899e-01  3.064401e-01  0.000000e+00
   outer loop
     vertex -4.534911e+01 -2.566043e+01  6.900000e+01
     vertex -4.536778e+01 -2.571843e+01  6.300000e+01
     vertex -4.536778e+01 -2.571843e+01  6.900000e+01
   endloop
 endfacet
 facet normal -9.598391e-01  2.805512e-01  0.000000e+00
   outer loop
     vertex -4.533201e+01 -2.560194e+01  6.900000e+01
     vertex -4.533201e+01 -2.560194e+01  6.300000e+01
     vertex -4.534911e+01 -2.566043e+01  6.300000e+01
   endloop
 endfacet
 facet normal -9.598391e-01  2.805512e-01  0.000000e+00
   outer loop
     vertex -4.533201e+01 -2.560194e+01  6.900000e+01
     vertex -4.534911e+01 -2.566043e+01  6.300000e+01
     vertex -4.534911e+01 -2.566043e+01  6.900000e+01
   endloop
 endfacet
 facet normal -9.670842e-01  2.544564e-01  0.000000e+00
   outer loop
     vertex -4.531651e+01 -2.554301e+01  6.900000e+01
     vertex -4.531651e+01 -2.554301e+01  6.300000e+01
     vertex -4.533201e+01 -2.560194e+01  6.300000e+01
   endloop
 endfacet
 facet normal -9.670842e-01  2.544564e-01  0.000000e+00
   outer loop
     vertex -4.531651e+01 -2.554301e+01  6.900000e+01
     vertex -4.533201e+01 -2.560194e+01  6.300000e+01
     vertex -4.533201e+01 -2.560194e+01  6.900000e+01
   endloop
 endfacet
 facet normal -9.736201e-01  2.281751e-01  0.000000e+00
   outer loop
     vertex -4.530260e+01 -2.548368e+01  6.900000e+01
     vertex -4.530260e+01 -2.548368e+01  6.300000e+01
     vertex -4.531651e+01 -2.554301e+01  6.300000e+01
   endloop
 endfacet
 facet normal -9.794419e-01  2.017264e-01  0.000000e+00
   outer loop
     vertex -4.530260e+01 -2.548368e+01  6.900000e+01
     vertex -4.529031e+01 -2.542400e+01  6.300000e+01
     vertex -4.530260e+01 -2.548368e+01  6.300000e+01
   endloop
 endfacet
 facet normal -9.736201e-01  2.281751e-01  0.000000e+00
   outer loop
     vertex -4.530260e+01 -2.548368e+01  6.900000e+01
     vertex -4.531651e+01 -2.554301e+01  6.300000e+01
     vertex -4.531651e+01 -2.554301e+01  6.900000e+01
   endloop
 endfacet
 facet normal -9.794419e-01  2.017264e-01  0.000000e+00
   outer loop
     vertex -4.529031e+01 -2.542400e+01  6.900000e+01
     vertex -4.529031e+01 -2.542400e+01  6.300000e+01
     vertex -4.530260e+01 -2.548368e+01  6.900000e+01
   endloop
 endfacet
 facet normal -9.845454e-01  1.751297e-01  0.000000e+00
   outer loop
     vertex -4.527964e+01 -2.536401e+01  6.900000e+01
     vertex -4.527964e+01 -2.536401e+01  6.300000e+01
     vertex -4.529031e+01 -2.542400e+01  6.300000e+01
   endloop
 endfacet
 facet normal -9.889267e-01  1.484046e-01  0.000000e+00
   outer loop
     vertex -4.527964e+01 -2.536401e+01  6.900000e+01
     vertex -4.527060e+01 -2.530375e+01  6.300000e+01
     vertex -4.527964e+01 -2.536401e+01  6.300000e+01
   endloop
 endfacet
 facet normal -9.845454e-01  1.751297e-01  0.000000e+00
   outer loop
     vertex -4.527964e+01 -2.536401e+01  6.900000e+01
     vertex -4.529031e+01 -2.542400e+01  6.300000e+01
     vertex -4.529031e+01 -2.542400e+01  6.900000e+01
   endloop
 endfacet
 facet normal -9.889267e-01  1.484046e-01  0.000000e+00
   outer loop
     vertex -4.527060e+01 -2.530375e+01  6.900000e+01
     vertex -4.527060e+01 -2.530375e+01  6.300000e+01
     vertex -4.527964e+01 -2.536401e+01  6.900000e+01
   endloop
 endfacet
 facet normal -9.925828e-01  1.215707e-01  0.000000e+00
   outer loop
     vertex -4.527060e+01 -2.530375e+01  6.900000e+01
     vertex -4.526319e+01 -2.524327e+01  6.300000e+01
     vertex -4.527060e+01 -2.530375e+01  6.300000e+01
   endloop
 endfacet
 facet normal -9.925828e-01  1.215707e-01  0.000000e+00
   outer loop
     vertex -4.526319e+01 -2.524327e+01  6.900000e+01
     vertex -4.526319e+01 -2.524327e+01  6.300000e+01
     vertex -4.527060e+01 -2.530375e+01  6.900000e+01
   endloop
 endfacet
 facet normal -9.955108e-01  9.464755e-02  0.000000e+00
   outer loop
     vertex -4.525742e+01 -2.518261e+01  6.900000e+01
     vertex -4.525742e+01 -2.518261e+01  6.300000e+01
     vertex -4.526319e+01 -2.524327e+01  6.300000e+01
   endloop
 endfacet
 facet normal -9.955108e-01  9.464755e-02  0.000000e+00
   outer loop
     vertex -4.525742e+01 -2.518261e+01  6.900000e+01
     vertex -4.526319e+01 -2.524327e+01  6.300000e+01
     vertex -4.526319e+01 -2.524327e+01  6.900000e+01
   endloop
 endfacet
 facet normal -9.977088e-01  6.765502e-02  0.000000e+00
   outer loop
     vertex -4.525330e+01 -2.512181e+01  6.900000e+01
     vertex -4.525330e+01 -2.512181e+01  6.300000e+01
     vertex -4.525742e+01 -2.518261e+01  6.300000e+01
   endloop
 endfacet
 facet normal -9.977088e-01  6.765502e-02  0.000000e+00
   outer loop
     vertex -4.525330e+01 -2.512181e+01  6.900000e+01
     vertex -4.525742e+01 -2.518261e+01  6.300000e+01
     vertex -4.525742e+01 -2.518261e+01  6.900000e+01
   endloop
 endfacet
 facet normal -9.991750e-01  4.061287e-02  0.000000e+00
   outer loop
     vertex -4.525083e+01 -2.506093e+01  6.900000e+01
     vertex -4.525083e+01 -2.506093e+01  6.300000e+01
     vertex -4.525330e+01 -2.512181e+01  6.300000e+01
   endloop
 endfacet
 facet normal -9.991750e-01  4.061287e-02  0.000000e+00
   outer loop
     vertex -4.525083e+01 -2.506093e+01  6.900000e+01
     vertex -4.525330e+01 -2.512181e+01  6.300000e+01
     vertex -4.525330e+01 -2.512181e+01  6.900000e+01
   endloop
 endfacet
 facet normal -9.999083e-01  1.354093e-02  0.000000e+00
   outer loop
     vertex -4.525000e+01 -2.500000e+01  6.900000e+01
     vertex -4.525000e+01 -2.500000e+01  6.300000e+01
     vertex -4.525083e+01 -2.506093e+01  6.300000e+01
   endloop
 endfacet
 facet normal -9.999083e-01  1.354093e-02  0.000000e+00
   outer loop
     vertex -4.525000e+01 -2.500000e+01  6.900000e+01
     vertex -4.525083e+01 -2.506093e+01  6.300000e+01
     vertex -4.525083e+01 -2.506093e+01  6.900000e+01
   endloop
 endfacet
 facet normal  0.000000e+00  0.000000e+00 -1.000000e+00
   outer loop
     vertex -4.743907e+01 -2.724917e+01  6.300000e+01
     vertex -4.750000e+01 -3.500000e+01  6.300000e+01
     vertex -4.750000e+01 -2.725000e+01  6.300000e+01
   endloop
 endfacet
 facet normal  0.000000e+00  0.000000e+00 -1.000000e+00
   outer loop
     vertex -4.737819e+01 -2.724670e+01  6.300000e+01
     vertex -4.750000e+01 -3.500000e+01  6.300000e+01
     vertex -4.743907e+01 -2.724917e+01  6.300000e+01
   endloop
 endfacet
 facet normal  0.000000e+00  0.000000e+00 -1.000000e+00
   outer loop
     vertex -4.731739e+01 -2.724258e+01  6.300000e+01
     vertex -4.750000e+01 -3.500000e+01  6.300000e+01
     vertex -4.737819e+01 -2.724670e+01  6.300000e+01
   endloop
 endfacet
 facet normal  0.000000e+00  0.000000e+00 -1.000000e+00
   outer loop
     vertex -4.725673e+01 -2.723681e+01  6.300000e+01
     vertex -4.750000e+01 -3.500000e+01  6.300000e+01
     vertex -4.731739e+01 -2.724258e+01  6.300000e+01
   endloop
 endfacet
 facet normal  0.000000e+00  0.000000e+00 -1.000000e+00
   outer loop
     vertex -4.719625e+01 -2.722940e+01  6.300000e+01
     vertex -4.750000e+01 -3.500000e+01  6.300000e+01
     vertex -4.725673e+01 -2.723681e+01  6.300000e+01
   endloop
 endfacet
 facet normal  0.000000e+00  0.000000e+00 -1.000000e+00
   outer loop
     vertex -4.713599e+01 -2.722036e+01  6.300000e+01
     vertex -4.750000e+01 -3.500000e+01  6.300000e+01
     vertex -4.719625e+01 -2.722940e+01  6.300000e+01
   endloop
 endfacet
 facet normal  0.000000e+00  0.000000e+00 -1.000000e+00
   outer loop
     vertex -4.707600e+01 -2.720969e+01  6.300000e+01
     vertex -4.750000e+01 -3.500000e+01  6.300000e+01
     vertex -4.713599e+01 -2.722036e+01  6.300000e+01
   endloop
 endfacet
 facet normal  0.000000e+00  0.000000e+00 -1.000000e+00
   outer loop
     vertex -4.701632e+01 -2.719740e+01  6.300000e+01
     vertex -4.750000e+01 -3.500000e+01  6.300000e+01
     vertex -4.707600e+01 -2.720969e+01  6.300000e+01
   endloop
 endfacet
 facet normal  0.000000e+00  0.000000e+00 -1.000000e+00
   outer loop
     vertex -4.695699e+01 -2.718349e+01  6.300000e+01
     vertex -4.750000e+01 -3.500000e+01  6.300000e+01
     vertex -4.701632e+01 -2.719740e+01  6.300000e+01
   endloop
 endfacet
 facet normal  0.000000e+00  0.000000e+00 -1.000000e+00
   outer loop
     vertex -4.689806e+01 -2.716799e+01  6.300000e+01
     vertex -4.750000e+01 -3.500000e+01  6.300000e+01
     vertex -4.695699e+01 -2.718349e+01  6.300000e+01
   endloop
 endfacet
 facet normal  0.000000e+00  0.000000e+00 -1.000000e+00
   outer loop
     vertex -4.683957e+01 -2.715089e+01  6.300000e+01
     vertex -4.750000e+01 -3.500000e+01  6.300000e+01
     vertex -4.689806e+01 -2.716799e+01  6.300000e+01
   endloop
 endfacet
 facet normal  0.000000e+00  0.000000e+00 -1.000000e+00
   outer loop
     vertex -4.678157e+01 -2.713222e+01  6.300000e+01
     vertex -4.750000e+01 -3.500000e+01  6.300000e+01
     vertex -4.683957e+01 -2.715089e+01  6.300000e+01
   endloop
 endfacet
 facet normal  0.000000e+00  0.000000e+00 -1.000000e+00
   outer loop
     vertex -4.672410e+01 -2.711198e+01  6.300000e+01
     vertex -4.750000e+01 -3.500000e+01  6.300000e+01
     vertex -4.678157e+01 -2.713222e+01  6.300000e+01
   endloop
 endfacet
 facet normal  0.000000e+00  0.000000e+00 -1.000000e+00
   outer loop
     vertex -4.666719e+01 -2.709020e+01  6.300000e+01
     vertex -4.750000e+01 -3.500000e+01  6.300000e+01
     vertex -4.672410e+01 -2.711198e+01  6.300000e+01
   endloop
 endfacet
 facet normal  0.000000e+00  0.000000e+00 -1.000000e+00
   outer loop
     vertex -4.661089e+01 -2.706688e+01  6.300000e+01
     vertex -4.750000e+01 -3.500000e+01  6.300000e+01
     vertex -4.666719e+01 -2.709020e+01  6.300000e+01
   endloop
 endfacet
 facet normal  0.000000e+00  0.000000e+00 -1.000000e+00
   outer loop
     vertex -4.655525e+01 -2.704204e+01  6.300000e+01
     vertex -4.750000e+01 -3.500000e+01  6.300000e+01
     vertex -4.661089e+01 -2.706688e+01  6.300000e+01
   endloop
 endfacet
 facet normal  0.000000e+00  0.000000e+00 -1.000000e+00
   outer loop
     vertex -4.650030e+01 -2.701571e+01  6.300000e+01
     vertex -4.750000e+01 -3.500000e+01  6.300000e+01
     vertex -4.655525e+01 -2.704204e+01  6.300000e+01
   endloop
 endfacet
 facet normal  0.000000e+00  0.000000e+00 -1.000000e+00
   outer loop
     vertex -4.644608e+01 -2.698790e+01  6.300000e+01
     vertex -4.750000e+01 -3.500000e+01  6.300000e+01
     vertex -4.650030e+01 -2.701571e+01  6.300000e+01
   endloop
 endfacet
 facet normal  0.000000e+00  0.000000e+00 -1.000000e+00
   outer loop
     vertex -4.639264e+01 -2.695863e+01  6.300000e+01
     vertex -4.750000e+01 -3.500000e+01  6.300000e+01
     vertex -4.644608e+01 -2.698790e+01  6.300000e+01
   endloop
 endfacet
 facet normal  0.000000e+00  0.000000e+00 -1.000000e+00
   outer loop
     vertex -4.634000e+01 -2.692793e+01  6.300000e+01
     vertex -4.750000e+01 -3.500000e+01  6.300000e+01
     vertex -4.639264e+01 -2.695863e+01  6.300000e+01
   endloop
 endfacet
 facet normal  0.000000e+00  0.000000e+00 -1.000000e+00
   outer loop
     vertex -4.628822e+01 -2.689581e+01  6.300000e+01
     vertex -4.750000e+01 -3.500000e+01  6.300000e+01
     vertex -4.634000e+01 -2.692793e+01  6.300000e+01
   endloop
 endfacet
 facet normal  0.000000e+00  0.000000e+00 -1.000000e+00
   outer loop
     vertex -4.623733e+01 -2.686230e+01  6.300000e+01
     vertex -4.750000e+01 -3.500000e+01  6.300000e+01
     vertex -4.628822e+01 -2.689581e+01  6.300000e+01
   endloop
 endfacet
 facet normal  0.000000e+00  0.000000e+00 -1.000000e+00
   outer loop
     vertex -4.618736e+01 -2.682742e+01  6.300000e+01
     vertex -4.750000e+01 -3.500000e+01  6.300000e+01
     vertex -4.623733e+01 -2.686230e+01  6.300000e+01
   endloop
 endfacet
 facet normal  0.000000e+00  0.000000e+00 -1.000000e+00
   outer loop
     vertex -4.613836e+01 -2.679121e+01  6.300000e+01
     vertex -4.750000e+01 -3.500000e+01  6.300000e+01
     vertex -4.618736e+01 -2.682742e+01  6.300000e+01
   endloop
 endfacet
 facet normal  0.000000e+00  0.000000e+00 -1.000000e+00
   outer loop
     vertex -4.609035e+01 -2.675368e+01  6.300000e+01
     vertex -4.750000e+01 -3.500000e+01  6.300000e+01
     vertex -4.613836e+01 -2.679121e+01  6.300000e+01
   endloop
 endfacet
 facet normal  0.000000e+00  0.000000e+00 -1.000000e+00
   outer loop
     vertex -4.604338e+01 -2.671486e+01  6.300000e+01
     vertex -4.750000e+01 -3.500000e+01  6.300000e+01
     vertex -4.609035e+01 -2.675368e+01  6.300000e+01
   endloop
 endfacet
 facet normal  0.000000e+00  0.000000e+00 -1.000000e+00
   outer loop
     vertex -4.599748e+01 -2.667479e+01  6.300000e+01
     vertex -4.750000e+01 -3.500000e+01  6.300000e+01
     vertex -4.604338e+01 -2.671486e+01  6.300000e+01
   endloop
 endfacet
 facet normal  0.000000e+00  0.000000e+00 -1.000000e+00
   outer loop
     vertex -4.595268e+01 -2.663349e+01  6.300000e+01
     vertex -4.750000e+01 -3.500000e+01  6.300000e+01
     vertex -4.599748e+01 -2.667479e+01  6.300000e+01
   endloop
 endfacet
 facet normal  0.000000e+00  0.000000e+00 -1.000000e+00
   outer loop
     vertex -4.590901e+01 -2.659099e+01  6.300000e+01
     vertex -4.750000e+01 -3.500000e+01  6.300000e+01
     vertex -4.595268e+01 -2.663349e+01  6.300000e+01
   endloop
 endfacet
 facet normal  0.000000e+00  0.000000e+00 -1.000000e+00
   outer loop
     vertex -4.586651e+01 -2.654732e+01  6.300000e+01
     vertex -4.750000e+01 -3.500000e+01  6.300000e+01
     vertex -4.590901e+01 -2.659099e+01  6.300000e+01
   endloop
 endfacet
 facet normal  0.000000e+00  0.000000e+00 -1.000000e+00
   outer loop
     vertex -4.582521e+01 -2.650252e+01  6.300000e+01
     vertex -4.750000e+01 -3.500000e+01  6.300000e+01
     vertex -4.586651e+01 -2.654732e+01  6.300000e+01
   endloop
 endfacet
 facet normal  0.000000e+00  0.000000e+00 -1.000000e+00
   outer loop
     vertex -4.578514e+01 -2.645662e+01  6.300000e+01
     vertex -4.750000e+01 -3.500000e+01  6.300000e+01
     vertex -4.582521e+01 -2.650252e+01  6.300000e+01
   endloop
 endfacet
 facet normal  0.000000e+00  0.000000e+00 -1.000000e+00
   outer loop
     vertex -4.574632e+01 -2.640965e+01  6.300000e+01
     vertex -4.750000e+01 -3.500000e+01  6.300000e+01
     vertex -4.578514e+01 -2.645662e+01  6.300000e+01
   endloop
 endfacet
 facet normal  0.000000e+00  0.000000e+00 -1.000000e+00
   outer loop
     vertex -4.570879e+01 -2.636164e+01  6.300000e+01
     vertex -4.750000e+01 -3.500000e+01  6.300000e+01
     vertex -4.574632e+01 -2.640965e+01  6.300000e+01
   endloop
 endfacet
 facet normal  0.000000e+00  0.000000e+00 -1.000000e+00
   outer loop
     vertex -4.567258e+01 -2.631264e+01  6.300000e+01
     vertex -4.750000e+01 -3.500000e+01  6.300000e+01
     vertex -4.570879e+01 -2.636164e+01  6.300000e+01
   endloop
 endfacet
 facet normal  0.000000e+00  0.000000e+00 -1.000000e+00
   outer loop
     vertex -4.563770e+01 -2.626267e+01  6.300000e+01
     vertex -4.750000e+01 -3.500000e+01  6.300000e+01
     vertex -4.567258e+01 -2.631264e+01  6.300000e+01
   endloop
 endfacet
 facet normal  0.000000e+00  0.000000e+00 -1.000000e+00
   outer loop
     vertex -4.560419e+01 -2.621178e+01  6.300000e+01
     vertex -4.750000e+01 -3.500000e+01  6.300000e+01
     vertex -4.563770e+01 -2.626267e+01  6.300000e+01
   endloop
 endfacet
 facet normal  0.000000e+00  0.000000e+00 -1.000000e+00
   outer loop
     vertex -4.557207e+01 -2.616000e+01  6.300000e+01
     vertex -4.750000e+01 -3.500000e+01  6.300000e+01
     vertex -4.560419e+01 -2.621178e+01  6.300000e+01
   endloop
 endfacet
 facet normal  0.000000e+00  0.000000e+00 -1.000000e+00
   outer loop
     vertex -4.554137e+01 -2.610736e+01  6.300000e+01
     vertex -4.750000e+01 -3.500000e+01  6.300000e+01
     vertex -4.557207e+01 -2.616000e+01  6.300000e+01
   endloop
 endfacet
 facet normal  0.000000e+00  0.000000e+00 -1.000000e+00
   outer loop
     vertex -4.551210e+01 -2.605392e+01  6.300000e+01
     vertex -4.750000e+01 -3.500000e+01  6.300000e+01
     vertex -4.554137e+01 -2.610736e+01  6.300000e+01
   endloop
 endfacet
 facet normal  0.000000e+00  0.000000e+00 -1.000000e+00
   outer loop
     vertex -4.548429e+01 -2.599970e+01  6.300000e+01
     vertex -4.750000e+01 -3.500000e+01  6.300000e+01
     vertex -4.551210e+01 -2.605392e+01  6.300000e+01
   endloop
 endfacet
 facet normal  0.000000e+00  0.000000e+00 -1.000000e+00
   outer loop
     vertex -4.545796e+01 -2.594475e+01  6.300000e+01
     vertex -4.750000e+01 -3.500000e+01  6.300000e+01
     vertex -4.548429e+01 -2.599970e+01  6.300000e+01
   endloop
 endfacet
 facet normal  0.000000e+00  0.000000e+00 -1.000000e+00
   outer loop
     vertex -4.543312e+01 -2.588911e+01  6.300000e+01
     vertex -4.750000e+01 -3.500000e+01  6.300000e+01
     vertex -4.545796e+01 -2.594475e+01  6.300000e+01
   endloop
 endfacet
 facet normal  0.000000e+00  0.000000e+00 -1.000000e+00
   outer loop
     vertex -4.540980e+01 -2.583281e+01  6.300000e+01
     vertex -4.750000e+01 -3.500000e+01  6.300000e+01
     vertex -4.543312e+01 -2.588911e+01  6.300000e+01
   endloop
 endfacet
 facet normal  0.000000e+00  0.000000e+00 -1.000000e+00
   outer loop
     vertex -4.538802e+01 -2.577590e+01  6.300000e+01
     vertex -4.750000e+01 -3.500000e+01  6.300000e+01
     vertex -4.540980e+01 -2.583281e+01  6.300000e+01
   endloop
 endfacet
 facet normal  0.000000e+00  0.000000e+00 -1.000000e+00
   outer loop
     vertex -4.536778e+01 -2.571843e+01  6.300000e+01
     vertex -4.750000e+01 -3.500000e+01  6.300000e+01
     vertex -4.538802e+01 -2.577590e+01  6.300000e+01
   endloop
 endfacet
 facet normal  0.000000e+00  0.000000e+00 -1.000000e+00
   outer loop
     vertex -4.750000e+01  3.500000e+01  6.300000e+01
     vertex -4.563770e+01 -2.373733e+01  6.300000e+01
     vertex -4.567258e+01 -2.368736e+01  6.300000e+01
   endloop
 endfacet
 facet normal  0.000000e+00  0.000000e+00 -1.000000e+00
   outer loop
     vertex -4.750000e+01  3.500000e+01  6.300000e+01
     vertex -4.567258e+01 -2.368736e+01  6.300000e+01
     vertex -4.570879e+01 -2.363836e+01  6.300000e+01
   endloop
 endfacet
 facet normal  0.000000e+00  0.000000e+00 -1.000000e+00
   outer loop
     vertex -4.750000e+01  3.500000e+01  6.300000e+01
     vertex -4.570879e+01 -2.363836e+01  6.300000e+01
     vertex -4.574632e+01 -2.359035e+01  6.300000e+01
   endloop
 endfacet
 facet normal  0.000000e+00  0.000000e+00 -1.000000e+00
   outer loop
     vertex -4.750000e+01  3.500000e+01  6.300000e+01
     vertex -4.574632e+01 -2.359035e+01  6.300000e+01
     vertex -4.578514e+01 -2.354338e+01  6.300000e+01
   endloop
 endfacet
 facet normal  0.000000e+00  0.000000e+00 -1.000000e+00
   outer loop
     vertex -4.750000e+01  3.500000e+01  6.300000e+01
     vertex -4.578514e+01 -2.354338e+01  6.300000e+01
     vertex -4.582521e+01 -2.349748e+01  6.300000e+01
   endloop
 endfacet
 facet normal  0.000000e+00  0.000000e+00 -1.000000e+00
   outer loop
     vertex -4.750000e+01  3.500000e+01  6.300000e+01
     vertex -4.582521e+01 -2.349748e+01  6.300000e+01
     vertex -4.586651e+01 -2.345268e+01  6.300000e+01
   endloop
 endfacet
 facet normal  0.000000e+00  0.000000e+00 -1.000000e+00
   outer loop
     vertex -4.750000e+01  3.500000e+01  6.300000e+01
     vertex -4.586651e+01 -2.345268e+01  6.300000e+01
     vertex -4.590901e+01 -2.340901e+01  6.300000e+01
   endloop
 endfacet
 facet normal  0.000000e+00  0.000000e+00 -1.000000e+00
   outer loop
     vertex -4.750000e+01  3.500000e+01  6.300000e+01
     vertex -4.590901e+01 -2.340901e+01  6.300000e+01
     vertex -4.595268e+01 -2.336651e+01  6.300000e+01
   endloop
 endfacet
 facet normal  0.000000e+00  0.000000e+00 -1.000000e+00
   outer loop
     vertex -4.750000e+01  3.500000e+01  6.300000e+01
     vertex -4.595268e+01 -2.336651e+01  6.300000e+01
     vertex -4.599748e+01 -2.332521e+01  6.300000e+01
   endloop
 endfacet
 facet normal  0.000000e+00  0.000000e+00 -1.000000e+00
   outer loop
     vertex -4.750000e+01  3.500000e+01  6.300000e+01
     vertex -4.599748e+01 -2.332521e+01  6.300000e+01
     vertex -4.604338e+01 -2.328514e+01  6.300000e+01
   endloop
 endfacet
 facet normal  0.000000e+00  0.000000e+00 -1.000000e+00
   outer loop
     vertex -4.750000e+01  3.500000e+01  6.300000e+01
     vertex -4.604338e+01 -2.328514e+01  6.300000e+01
     vertex -4.609035e+01 -2.324632e+01  6.300000e+01
   endloop
 endfacet
 facet normal  0.000000e+00  0.000000e+00 -1.000000e+00
   outer loop
     vertex -4.750000e+01  3.500000e+01  6.300000e+01
     vertex -4.609035e+01 -2.324632e+01  6.300000e+01
     vertex -4.613836e+01 -2.320879e+01  6.300000e+01
   endloop
 endfacet
 facet normal  0.000000e+00  0.000000e+00 -1.000000e+00
   outer loop
     vertex -4.750000e+01  3.500000e+01  6.300000e+01
     vertex -4.613836e+01 -2.320879e+01  6.300000e+01
     vertex -4.618736e+01 -2.317258e+01  6.300000e+01
   endloop
 endfacet
 facet normal  0.000000e+00  0.000000e+00 -1.000000e+00
   outer loop
     vertex -4.750000e+01  3.500000e+01  6.300000e+01
     vertex -4.618736e+01 -2.317258e+01  6.300000e+01
     vertex -4.623733e+01 -2.313770e+01  6.300000e+01
   endloop
 endfacet
 facet normal  0.000000e+00  0.000000e+00 -1.000000e+00
   outer loop
     vertex -4.750000e+01  3.500000e+01  6.300000e+01
     vertex -4.623733e+01 -2.313770e+01  6.300000e+01
     vertex -4.628822e+01 -2.310419e+01  6.300000e+01
   endloop
 endfacet
 facet normal  0.000000e+00  0.000000e+00 -1.000000e+00
   outer loop
     vertex -4.750000e+01  3.500000e+01  6.300000e+01
     vertex -4.628822e+01 -2.310419e+01  6.300000e+01
     vertex -4.634000e+01 -2.307207e+01  6.300000e+01
   endloop
 endfacet
 facet normal  0.000000e+00  0.000000e+00 -1.000000e+00
   outer loop
     vertex -4.750000e+01  3.500000e+01  6.300000e+01
     vertex -4.634000e+01 -2.307207e+01  6.300000e+01
     vertex -4.639264e+01 -2.304137e+01  6.300000e+01
   endloop
 endfacet
 facet normal  0.000000e+00  0.000000e+00 -1.000000e+00
   outer loop
     vertex -4.750000e+01  3.500000e+01  6.300000e+01
     vertex -4.639264e+01 -2.304137e+01  6.300000e+01
     vertex -4.644608e+01 -2.301210e+01  6.300000e+01
   endloop
 endfacet
 facet normal  0.000000e+00  0.000000e+00 -1.000000e+00
   outer loop
     vertex -4.750000e+01  3.500000e+01  6.300000e+01
     vertex -4.644608e+01 -2.301210e+01  6.300000e+01
     vertex -4.650030e+01 -2.298429e+01  6.300000e+01
   endloop
 endfacet
 facet normal  0.000000e+00  0.000000e+00 -1.000000e+00
   outer loop
     vertex -4.750000e+01  3.500000e+01  6.300000e+01
     vertex -4.650030e+01 -2.298429e+01  6.300000e+01
     vertex -4.655525e+01 -2.295796e+01  6.300000e+01
   endloop
 endfacet
 facet normal  0.000000e+00  0.000000e+00 -1.000000e+00
   outer loop
     vertex -4.750000e+01  3.500000e+01  6.300000e+01
     vertex -4.655525e+01 -2.295796e+01  6.300000e+01
     vertex -4.661089e+01 -2.293312e+01  6.300000e+01
   endloop
 endfacet
 facet normal  0.000000e+00  0.000000e+00 -1.000000e+00
   outer loop
     vertex -4.750000e+01  3.500000e+01  6.300000e+01
     vertex -4.661089e+01 -2.293312e+01  6.300000e+01
     vertex -4.666719e+01 -2.290980e+01  6.300000e+01
   endloop
 endfacet
 facet normal  0.000000e+00  0.000000e+00 -1.000000e+00
   outer loop
     vertex -4.750000e+01  3.500000e+01  6.300000e+01
     vertex -4.666719e+01 -2.290980e+01  6.300000e+01
     vertex -4.672410e+01 -2.288802e+01  6.300000e+01
   endloop
 endfacet
 facet normal  0.000000e+00  0.000000e+00 -1.000000e+00
   outer loop
     vertex -4.750000e+01  3.500000e+01  6.300000e+01
     vertex -4.672410e+01 -2.288802e+01  6.300000e+01
     vertex -4.678157e+01 -2.286778e+01  6.300000e+01
   endloop
 endfacet
 facet normal  0.000000e+00  0.000000e+00 -1.000000e+00
   outer loop
     vertex -4.750000e+01  3.500000e+01  6.300000e+01
     vertex -4.678157e+01 -2.286778e+01  6.300000e+01
     vertex -4.683957e+01 -2.284911e+01  6.300000e+01
   endloop
 endfacet
 facet normal  0.000000e+00  0.000000e+00 -1.000000e+00
   outer loop
     vertex -4.750000e+01  3.500000e+01  6.300000e+01
     vertex -4.683957e+01 -2.284911e+01  6.300000e+01
     vertex -4.689806e+01 -2.283201e+01  6.300000e+01
   endloop
 endfacet
 facet normal  0.000000e+00  0.000000e+00 -1.000000e+00
   outer loop
     vertex -4.750000e+01  3.500000e+01  6.300000e+01
     vertex -4.689806e+01 -2.283201e+01  6.300000e+01
     vertex -4.695699e+01 -2.281651e+01  6.300000e+01
   endloop
 endfacet
 facet normal  0.000000e+00  0.000000e+00 -1.000000e+00
   outer loop
     vertex -4.750000e+01  3.500000e+01  6.300000e+01
     vertex -4.695699e+01 -2.281651e+01  6.300000e+01
     vertex -4.701632e+01 -2.280260e+01  6.300000e+01
   endloop
 endfacet
 facet normal  0.000000e+00  0.000000e+00 -1.000000e+00
   outer loop
     vertex -4.750000e+01  3.500000e+01  6.300000e+01
     vertex -4.701632e+01 -2.280260e+01  6.300000e+01
     vertex -4.707600e+01 -2.279031e+01  6.300000e+01
   endloop
 endfacet
 facet normal  0.000000e+00  0.000000e+00 -1.000000e+00
   outer loop
     vertex -4.750000e+01  3.500000e+01  6.300000e+01
     vertex -4.707600e+01 -2.279031e+01  6.300000e+01
     vertex -4.713599e+01 -2.277964e+01  6.300000e+01
   endloop
 endfacet
 facet normal  0.000000e+00  0.000000e+00 -1.000000e+00
   outer loop
     vertex -4.750000e+01  3.500000e+01  6.300000e+01
     vertex -4.713599e+01 -2.277964e+01  6.300000e+01
     vertex -4.719625e+01 -2.277060e+01  6.300000e+01
   endloop
 endfacet
 facet normal  0.000000e+00  0.000000e+00 -1.000000e+00
   outer loop
     vertex -4.750000e+01  3.500000e+01  6.300000e+01
     vertex -4.719625e+01 -2.277060e+01  6.300000e+01
     vertex -4.725673e+01 -2.276319e+01  6.300000e+01
   endloop
 endfacet
 facet normal  0.000000e+00  0.000000e+00 -1.000000e+00
   outer loop
     vertex -4.750000e+01  3.500000e+01  6.300000e+01
     vertex -4.725673e+01 -2.276319e+01  6.300000e+01
     vertex -4.731739e+01 -2.275742e+01  6.300000e+01
   endloop
 endfacet
 facet normal  0.000000e+00  0.000000e+00 -1.000000e+00
   outer loop
     vertex -4.750000e+01  3.500000e+01  6.300000e+01
     vertex -4.731739e+01 -2.275742e+01  6.300000e+01
     vertex -4.737819e+01 -2.275330e+01  6.300000e+01
   endloop
 endfacet
 facet normal  0.000000e+00  0.000000e+00 -1.000000e+00
   outer loop
     vertex -4.750000e+01  3.500000e+01  6.300000e+01
     vertex -4.737819e+01 -2.275330e+01  6.300000e+01
     vertex -4.743907e+01 -2.275083e+01  6.300000e+01
   endloop
 endfacet
 facet normal  0.000000e+00  0.000000e+00 -1.000000e+00
   outer loop
     vertex -4.750000e+01  3.500000e+01  6.300000e+01
     vertex -4.743907e+01 -2.275083e+01  6.300000e+01
     vertex -4.750000e+01 -2.275000e+01  6.300000e+01
   endloop
 endfacet
 facet normal  0.000000e+00  0.000000e+00 -1.000000e+00
   outer loop
     vertex  4.750000e+01 -3.500000e+01  6.300000e+01
     vertex -4.750000e+01 -3.500000e+01  6.300000e+01
     vertex -4.536778e+01 -2.571843e+01  6.300000e+01
   endloop
 endfacet
 facet normal -0.000000e+00 -0.000000e+00 -1.000000e+00
   outer loop
     vertex  4.594194e+01 -2.662325e+01  6.300000e+01
     vertex  4.750000e+01 -3.500000e+01  6.300000e+01
     vertex  4.589818e+01 -2.658009e+01  6.300000e+01
   endloop
 endfacet
 facet normal  0.000000e+00  0.000000e+00 -1.000000e+00
   outer loop
     vertex  4.585562e+01 -2.653574e+01  6.300000e+01
     vertex  4.589818e+01 -2.658009e+01  6.300000e+01
     vertex  4.750000e+01 -3.500000e+01  6.300000e+01
   endloop
 endfacet
 facet normal -0.000000e+00 -0.000000e+00 -1.000000e+00
   outer loop
     vertex  4.598686e+01 -2.666520e+01  6.300000e+01
     vertex  4.750000e+01 -3.500000e+01  6.300000e+01
     vertex  4.594194e+01 -2.662325e+01  6.300000e+01
   endloop
 endfacet
 facet normal  0.000000e+00  0.000000e+00 -1.000000e+00
   outer loop
     vertex  4.581428e+01 -2.649026e+01  6.300000e+01
     vertex  4.585562e+01 -2.653574e+01  6.300000e+01
     vertex  4.750000e+01 -3.500000e+01  6.300000e+01
   endloop
 endfacet
 facet normal -0.000000e+00 -0.000000e+00 -1.000000e+00
   outer loop
     vertex  4.603291e+01 -2.670591e+01  6.300000e+01
     vertex  4.750000e+01 -3.500000e+01  6.300000e+01
     vertex  4.598686e+01 -2.666520e+01  6.300000e+01
   endloop
 endfacet
 facet normal  0.000000e+00  0.000000e+00 -1.000000e+00
   outer loop
     vertex  4.577421e+01 -2.644365e+01  6.300000e+01
     vertex  4.581428e+01 -2.649026e+01  6.300000e+01
     vertex  4.750000e+01 -3.500000e+01  6.300000e+01
   endloop
 endfacet
 facet normal -0.000000e+00 -0.000000e+00 -1.000000e+00
   outer loop
     vertex  4.608005e+01 -2.674535e+01  6.300000e+01
     vertex  4.750000e+01 -3.500000e+01  6.300000e+01
     vertex  4.603291e+01 -2.670591e+01  6.300000e+01
   endloop
 endfacet
 facet normal  0.000000e+00  0.000000e+00 -1.000000e+00
   outer loop
     vertex  4.573542e+01 -2.639598e+01  6.300000e+01
     vertex  4.577421e+01 -2.644365e+01  6.300000e+01
     vertex  4.750000e+01 -3.500000e+01  6.300000e+01
   endloop
 endfacet
 facet normal -0.000000e+00 -0.000000e+00 -1.000000e+00
   outer loop
     vertex  4.612826e+01 -2.678348e+01  6.300000e+01
     vertex  4.750000e+01 -3.500000e+01  6.300000e+01
     vertex  4.608005e+01 -2.674535e+01  6.300000e+01
   endloop
 endfacet
 facet normal  0.000000e+00  0.000000e+00 -1.000000e+00
   outer loop
     vertex  4.569795e+01 -2.634726e+01  6.300000e+01
     vertex  4.573542e+01 -2.639598e+01  6.300000e+01
     vertex  4.750000e+01 -3.500000e+01  6.300000e+01
   endloop
 endfacet
 facet normal -0.000000e+00 -0.000000e+00 -1.000000e+00
   outer loop
     vertex  4.617748e+01 -2.682029e+01  6.300000e+01
     vertex  4.750000e+01 -3.500000e+01  6.300000e+01
     vertex  4.612826e+01 -2.678348e+01  6.300000e+01
   endloop
 endfacet
 facet normal  0.000000e+00  0.000000e+00 -1.000000e+00
   outer loop
     vertex  4.566182e+01 -2.629753e+01  6.300000e+01
     vertex  4.569795e+01 -2.634726e+01  6.300000e+01
     vertex  4.750000e+01 -3.500000e+01  6.300000e+01
   endloop
 endfacet
 facet normal -0.000000e+00 -0.000000e+00 -1.000000e+00
   outer loop
     vertex  4.622770e+01 -2.685573e+01  6.300000e+01
     vertex  4.750000e+01 -3.500000e+01  6.300000e+01
     vertex  4.617748e+01 -2.682029e+01  6.300000e+01
   endloop
 endfacet
 facet normal  0.000000e+00  0.000000e+00 -1.000000e+00
   outer loop
     vertex  4.562706e+01 -2.624684e+01  6.300000e+01
     vertex  4.566182e+01 -2.629753e+01  6.300000e+01
     vertex  4.750000e+01 -3.500000e+01  6.300000e+01
   endloop
 endfacet
 facet normal -0.000000e+00 -0.000000e+00 -1.000000e+00
   outer loop
     vertex  4.627886e+01 -2.688979e+01  6.300000e+01
     vertex  4.750000e+01 -3.500000e+01  6.300000e+01
     vertex  4.622770e+01 -2.685573e+01  6.300000e+01
   endloop
 endfacet
 facet normal  0.000000e+00  0.000000e+00 -1.000000e+00
   outer loop
     vertex  4.559370e+01 -2.619521e+01  6.300000e+01
     vertex  4.562706e+01 -2.624684e+01  6.300000e+01
     vertex  4.750000e+01 -3.500000e+01  6.300000e+01
   endloop
 endfacet
 facet normal -0.000000e+00 -0.000000e+00 -1.000000e+00
   outer loop
     vertex  4.633094e+01 -2.692244e+01  6.300000e+01
     vertex  4.750000e+01 -3.500000e+01  6.300000e+01
     vertex  4.627886e+01 -2.688979e+01  6.300000e+01
   endloop
 endfacet
 facet normal  0.000000e+00  0.000000e+00 -1.000000e+00
   outer loop
     vertex  4.556177e+01 -2.614270e+01  6.300000e+01
     vertex  4.559370e+01 -2.619521e+01  6.300000e+01
     vertex  4.750000e+01 -3.500000e+01  6.300000e+01
   endloop
 endfacet
 facet normal -0.000000e+00 -0.000000e+00 -1.000000e+00
   outer loop
     vertex  4.638388e+01 -2.695366e+01  6.300000e+01
     vertex  4.750000e+01 -3.500000e+01  6.300000e+01
     vertex  4.633094e+01 -2.692244e+01  6.300000e+01
   endloop
 endfacet
 facet normal  0.000000e+00  0.000000e+00 -1.000000e+00
   outer loop
     vertex  4.553128e+01 -2.608933e+01  6.300000e+01
     vertex  4.556177e+01 -2.614270e+01  6.300000e+01
     vertex  4.750000e+01 -3.500000e+01  6.300000e+01
   endloop
 endfacet
 facet normal -0.000000e+00 -0.000000e+00 -1.000000e+00
   outer loop
     vertex  4.643766e+01 -2.698342e+01  6.300000e+01
     vertex  4.750000e+01 -3.500000e+01  6.300000e+01
     vertex  4.638388e+01 -2.695366e+01  6.300000e+01
   endloop
 endfacet
 facet normal  0.000000e+00  0.000000e+00 -1.000000e+00
   outer loop
     vertex  4.550226e+01 -2.603515e+01  6.300000e+01
     vertex  4.553128e+01 -2.608933e+01  6.300000e+01
     vertex  4.750000e+01 -3.500000e+01  6.300000e+01
   endloop
 endfacet
 facet normal -0.000000e+00 -0.000000e+00 -1.000000e+00
   outer loop
     vertex  4.649224e+01 -2.701169e+01  6.300000e+01
     vertex  4.750000e+01 -3.500000e+01  6.300000e+01
     vertex  4.643766e+01 -2.698342e+01  6.300000e+01
   endloop
 endfacet
 facet normal  0.000000e+00  0.000000e+00 -1.000000e+00
   outer loop
     vertex  4.547473e+01 -2.598019e+01  6.300000e+01
     vertex  4.550226e+01 -2.603515e+01  6.300000e+01
     vertex  4.750000e+01 -3.500000e+01  6.300000e+01
   endloop
 endfacet
 facet normal -0.000000e+00 -0.000000e+00 -1.000000e+00
   outer loop
     vertex  4.654756e+01 -2.703847e+01  6.300000e+01
     vertex  4.750000e+01 -3.500000e+01  6.300000e+01
     vertex  4.649224e+01 -2.701169e+01  6.300000e+01
   endloop
 endfacet
 facet normal  0.000000e+00  0.000000e+00 -1.000000e+00
   outer loop
     vertex  4.544871e+01 -2.592451e+01  6.300000e+01
     vertex  4.547473e+01 -2.598019e+01  6.300000e+01
     vertex  4.750000e+01 -3.500000e+01  6.300000e+01
   endloop
 endfacet
 facet normal -0.000000e+00 -0.000000e+00 -1.000000e+00
   outer loop
     vertex  4.660360e+01 -2.706373e+01  6.300000e+01
     vertex  4.750000e+01 -3.500000e+01  6.300000e+01
     vertex  4.654756e+01 -2.703847e+01  6.300000e+01
   endloop
 endfacet
 facet normal  0.000000e+00  0.000000e+00 -1.000000e+00
   outer loop
     vertex  4.542422e+01 -2.586813e+01  6.300000e+01
     vertex  4.544871e+01 -2.592451e+01  6.300000e+01
     vertex  4.750000e+01 -3.500000e+01  6.300000e+01
   endloop
 endfacet
 facet normal -0.000000e+00 -0.000000e+00 -1.000000e+00
   outer loop
     vertex  4.666030e+01 -2.708744e+01  6.300000e+01
     vertex  4.750000e+01 -3.500000e+01  6.300000e+01
     vertex  4.660360e+01 -2.706373e+01  6.300000e+01
   endloop
 endfacet
 facet normal  0.000000e+00  0.000000e+00 -1.000000e+00
   outer loop
     vertex  4.540129e+01 -2.581111e+01  6.300000e+01
     vertex  4.542422e+01 -2.586813e+01  6.300000e+01
     vertex  4.750000e+01 -3.500000e+01  6.300000e+01
   endloop
 endfacet
 facet normal -0.000000e+00 -0.000000e+00 -1.000000e+00
   outer loop
     vertex  4.671763e+01 -2.710960e+01  6.300000e+01
     vertex  4.750000e+01 -3.500000e+01  6.300000e+01
     vertex  4.666030e+01 -2.708744e+01  6.300000e+01
   endloop
 endfacet
 facet normal  0.000000e+00  0.000000e+00 -1.000000e+00
   outer loop
     vertex  4.537991e+01 -2.575348e+01  6.300000e+01
     vertex  4.540129e+01 -2.581111e+01  6.300000e+01
     vertex  4.750000e+01 -3.500000e+01  6.300000e+01
   endloop
 endfacet
 facet normal -0.000000e+00 -0.000000e+00 -1.000000e+00
   outer loop
     vertex  4.677555e+01 -2.713018e+01  6.300000e+01
     vertex  4.750000e+01 -3.500000e+01  6.300000e+01
     vertex  4.671763e+01 -2.710960e+01  6.300000e+01
   endloop
 endfacet
 facet normal -0.000000e+00  0.000000e+00 -1.000000e+00
   outer loop
     vertex  4.536012e+01 -2.569529e+01  6.300000e+01
     vertex -4.536778e+01 -2.571843e+01  6.300000e+01
     vertex -4.534911e+01 -2.566043e+01  6.300000e+01
   endloop
 endfacet
 facet normal  0.000000e+00  0.000000e+00 -1.000000e+00
   outer loop
     vertex  4.536012e+01 -2.569529e+01  6.300000e+01
     vertex  4.537991e+01 -2.575348e+01  6.300000e+01
     vertex  4.750000e+01 -3.500000e+01  6.300000e+01
   endloop
 endfacet
 facet normal  0.000000e+00 -0.000000e+00 -1.000000e+00
   outer loop
     vertex  4.536012e+01 -2.569529e+01  6.300000e+01
     vertex  4.750000e+01 -3.500000e+01  6.300000e+01
     vertex -4.536778e+01 -2.571843e+01  6.300000e+01
   endloop
 endfacet
 facet normal -0.000000e+00 -0.000000e+00 -1.000000e+00
   outer loop
     vertex  4.683400e+01 -2.714917e+01  6.300000e+01
     vertex  4.750000e+01 -3.500000e+01  6.300000e+01
     vertex  4.677555e+01 -2.713018e+01  6.300000e+01
   endloop
 endfacet
 facet normal -0.000000e+00  0.000000e+00 -1.000000e+00
   outer loop
     vertex  4.534193e+01 -2.563658e+01  6.300000e+01
     vertex -4.534911e+01 -2.566043e+01  6.300000e+01
     vertex -4.533201e+01 -2.560194e+01  6.300000e+01
   endloop
 endfacet
 facet normal  0.000000e+00 -0.000000e+00 -1.000000e+00
   outer loop
     vertex  4.534193e+01 -2.563658e+01  6.300000e+01
     vertex  4.536012e+01 -2.569529e+01  6.300000e+01
     vertex -4.534911e+01 -2.566043e+01  6.300000e+01
   endloop
 endfacet
 facet normal -0.000000e+00 -0.000000e+00 -1.000000e+00
   outer loop
     vertex  4.689296e+01 -2.716656e+01  6.300000e+01
     vertex  4.750000e+01 -3.500000e+01  6.300000e+01
     vertex  4.683400e+01 -2.714917e+01  6.300000e+01
   endloop
 endfacet
 facet normal -0.000000e+00  0.000000e+00 -1.000000e+00
   outer loop
     vertex  4.532535e+01 -2.557739e+01  6.300000e+01
     vertex -4.533201e+01 -2.560194e+01  6.300000e+01
     vertex -4.531651e+01 -2.554301e+01  6.300000e+01
   endloop
 endfacet
 facet normal  0.000000e+00 -0.000000e+00 -1.000000e+00
   outer loop
     vertex  4.532535e+01 -2.557739e+01  6.300000e+01
     vertex  4.534193e+01 -2.563658e+01  6.300000e+01
     vertex -4.533201e+01 -2.560194e+01  6.300000e+01
   endloop
 endfacet
 facet normal -0.000000e+00 -0.000000e+00 -1.000000e+00
   outer loop
     vertex  4.695236e+01 -2.718234e+01  6.300000e+01
     vertex  4.750000e+01 -3.500000e+01  6.300000e+01
     vertex  4.689296e+01 -2.716656e+01  6.300000e+01
   endloop
 endfacet
 facet normal -0.000000e+00  0.000000e+00 -1.000000e+00
   outer loop
     vertex  4.531039e+01 -2.551778e+01  6.300000e+01
     vertex -4.531651e+01 -2.554301e+01  6.300000e+01
     vertex -4.530260e+01 -2.548368e+01  6.300000e+01
   endloop
 endfacet
 facet normal  0.000000e+00 -0.000000e+00 -1.000000e+00
   outer loop
     vertex  4.531039e+01 -2.551778e+01  6.300000e+01
     vertex  4.532535e+01 -2.557739e+01  6.300000e+01
     vertex -4.531651e+01 -2.554301e+01  6.300000e+01
   endloop
 endfacet
 facet normal -0.000000e+00 -0.000000e+00 -1.000000e+00
   outer loop
     vertex  4.701218e+01 -2.719648e+01  6.300000e+01
     vertex  4.750000e+01 -3.500000e+01  6.300000e+01
     vertex  4.695236e+01 -2.718234e+01  6.300000e+01
   endloop
 endfacet
 facet normal  0.000000e+00 -0.000000e+00 -1.000000e+00
   outer loop
     vertex  4.529706e+01 -2.545778e+01  6.300000e+01
     vertex  4.531039e+01 -2.551778e+01  6.300000e+01
     vertex -4.530260e+01 -2.548368e+01  6.300000e+01
   endloop
 endfacet
 facet normal -0.000000e+00  0.000000e+00 -1.000000e+00
   outer loop
     vertex  4.529706e+01 -2.545778e+01  6.300000e+01
     vertex -4.530260e+01 -2.548368e+01  6.300000e+01
     vertex -4.529031e+01 -2.542400e+01  6.300000e+01
   endloop
 endfacet
 facet normal -0.000000e+00 -0.000000e+00 -1.000000e+00
   outer loop
     vertex  4.707236e+01 -2.720899e+01  6.300000e+01
     vertex  4.750000e+01 -3.500000e+01  6.300000e+01
     vertex  4.701218e+01 -2.719648e+01  6.300000e+01
   endloop
 endfacet
 facet normal  0.000000e+00 -0.000000e+00 -1.000000e+00
   outer loop
     vertex  4.528538e+01 -2.539743e+01  6.300000e+01
     vertex  4.529706e+01 -2.545778e+01  6.300000e+01
     vertex -4.529031e+01 -2.542400e+01  6.300000e+01
   endloop
 endfacet
 facet normal -0.000000e+00  0.000000e+00 -1.000000e+00
   outer loop
     vertex  4.528538e+01 -2.539743e+01  6.300000e+01
     vertex -4.529031e+01 -2.542400e+01  6.300000e+01
     vertex -4.527964e+01 -2.536401e+01  6.300000e+01
   endloop
 endfacet
 facet normal -0.000000e+00 -0.000000e+00 -1.000000e+00
   outer loop
     vertex  4.713285e+01 -2.721984e+01  6.300000e+01
     vertex  4.750000e+01 -3.500000e+01  6.300000e+01
     vertex  4.707236e+01 -2.720899e+01  6.300000e+01
   endloop
 endfacet
 facet normal -0.000000e+00  0.000000e+00 -1.000000e+00
   outer loop
     vertex  4.527535e+01 -2.533679e+01  6.300000e+01
     vertex -4.527964e+01 -2.536401e+01  6.300000e+01
     vertex -4.527060e+01 -2.530375e+01  6.300000e+01
   endloop
 endfacet
 facet normal  0.000000e+00 -0.000000e+00 -1.000000e+00
   outer loop
     vertex  4.527535e+01 -2.533679e+01  6.300000e+01
     vertex  4.528538e+01 -2.539743e+01  6.300000e+01
     vertex -4.527964e+01 -2.536401e+01  6.300000e+01
   endloop
 endfacet
 facet normal -0.000000e+00 -0.000000e+00 -1.000000e+00
   outer loop
     vertex  4.719363e+01 -2.722904e+01  6.300000e+01
     vertex  4.750000e+01 -3.500000e+01  6.300000e+01
     vertex  4.713285e+01 -2.721984e+01  6.300000e+01
   endloop
 endfacet
 facet normal  0.000000e+00 -0.000000e+00 -1.000000e+00
   outer loop
     vertex  4.526698e+01 -2.527590e+01  6.300000e+01
     vertex  4.527535e+01 -2.533679e+01  6.300000e+01
     vertex -4.527060e+01 -2.530375e+01  6.300000e+01
   endloop
 endfacet
 facet normal -0.000000e+00  0.000000e+00 -1.000000e+00
   outer loop
     vertex  4.526698e+01 -2.527590e+01  6.300000e+01
     vertex -4.527060e+01 -2.530375e+01  6.300000e+01
     vertex -4.526319e+01 -2.524327e+01  6.300000e+01
   endloop
 endfacet
 facet normal -0.000000e+00 -0.000000e+00 -1.000000e+00
   outer loop
     vertex  4.725463e+01 -2.723658e+01  6.300000e+01
     vertex  4.750000e+01 -3.500000e+01  6.300000e+01
     vertex  4.719363e+01 -2.722904e+01  6.300000e+01
   endloop
 endfacet
 facet normal -0.000000e+00  0.000000e+00 -1.000000e+00
   outer loop
     vertex  4.526028e+01 -2.521480e+01  6.300000e+01
     vertex -4.526319e+01 -2.524327e+01  6.300000e+01
     vertex -4.525742e+01 -2.518261e+01  6.300000e+01
   endloop
 endfacet
 facet normal  0.000000e+00 -0.000000e+00 -1.000000e+00
   outer loop
     vertex  4.526028e+01 -2.521480e+01  6.300000e+01
     vertex  4.526698e+01 -2.527590e+01  6.300000e+01
     vertex -4.526319e+01 -2.524327e+01  6.300000e+01
   endloop
 endfacet
 facet normal -0.000000e+00 -0.000000e+00 -1.000000e+00
   outer loop
     vertex  4.731581e+01 -2.724245e+01  6.300000e+01
     vertex  4.750000e+01 -3.500000e+01  6.300000e+01
     vertex  4.725463e+01 -2.723658e+01  6.300000e+01
   endloop
 endfacet
 facet normal  0.000000e+00 -0.000000e+00 -1.000000e+00
   outer loop
     vertex  4.525525e+01 -2.515355e+01  6.300000e+01
     vertex  4.526028e+01 -2.521480e+01  6.300000e+01
     vertex -4.525742e+01 -2.518261e+01  6.300000e+01
   endloop
 endfacet
 facet normal -0.000000e+00  0.000000e+00 -1.000000e+00
   outer loop
     vertex  4.525525e+01 -2.515355e+01  6.300000e+01
     vertex -4.525742e+01 -2.518261e+01  6.300000e+01
     vertex -4.525330e+01 -2.512181e+01  6.300000e+01
   endloop
 endfacet
 facet normal -0.000000e+00 -0.000000e+00 -1.000000e+00
   outer loop
     vertex  4.737713e+01 -2.724664e+01  6.300000e+01
     vertex  4.750000e+01 -3.500000e+01  6.300000e+01
     vertex  4.731581e+01 -2.724245e+01  6.300000e+01
   endloop
 endfacet
 facet normal -0.000000e+00  0.000000e+00 -1.000000e+00
   outer loop
     vertex  4.525189e+01 -2.509217e+01  6.300000e+01
     vertex -4.525330e+01 -2.512181e+01  6.300000e+01
     vertex -4.525083e+01 -2.506093e+01  6.300000e+01
   endloop
 endfacet
 facet normal  0.000000e+00 -0.000000e+00 -1.000000e+00
   outer loop
     vertex  4.525189e+01 -2.509217e+01  6.300000e+01
     vertex  4.525525e+01 -2.515355e+01  6.300000e+01
     vertex -4.525330e+01 -2.512181e+01  6.300000e+01
   endloop
 endfacet
 facet normal -0.000000e+00 -0.000000e+00 -1.000000e+00
   outer loop
     vertex  4.743854e+01 -2.724916e+01  6.300000e+01
     vertex  4.750000e+01 -3.500000e+01  6.300000e+01
     vertex  4.737713e+01 -2.724664e+01  6.300000e+01
   endloop
 endfacet
 facet normal -0.000000e+00  0.000000e+00 -1.000000e+00
   outer loop
     vertex  4.525021e+01 -2.503073e+01  6.300000e+01
     vertex -4.525083e+01 -2.506093e+01  6.300000e+01
     vertex -4.525000e+01 -2.500000e+01  6.300000e+01
   endloop
 endfacet
 facet normal  0.000000e+00 -0.000000e+00 -1.000000e+00
   outer loop
     vertex  4.525021e+01 -2.503073e+01  6.300000e+01
     vertex  4.525189e+01 -2.509217e+01  6.300000e+01
     vertex -4.525083e+01 -2.506093e+01  6.300000e+01
   endloop
 endfacet
 facet normal -0.000000e+00 -0.000000e+00 -1.000000e+00
   outer loop
     vertex  4.750000e+01 -2.725000e+01  6.300000e+01
     vertex  4.750000e+01 -3.500000e+01  6.300000e+01
     vertex  4.743854e+01 -2.724916e+01  6.300000e+01
   endloop
 endfacet
 facet normal -0.000000e+00  0.000000e+00 -1.000000e+00
   outer loop
     vertex  4.525021e+01 -2.496927e+01  6.300000e+01
     vertex -4.525000e+01 -2.500000e+01  6.300000e+01
     vertex -4.525083e+01 -2.493907e+01  6.300000e+01
   endloop
 endfacet
 facet normal  0.000000e+00 -0.000000e+00 -1.000000e+00
   outer loop
     vertex  4.525021e+01 -2.496927e+01  6.300000e+01
     vertex  4.525021e+01 -2.503073e+01  6.300000e+01
     vertex -4.525000e+01 -2.500000e+01  6.300000e+01
   endloop
 endfacet
 facet normal -0.000000e+00  0.000000e+00 -1.000000e+00
   outer loop
     vertex  4.525189e+01 -2.490783e+01  6.300000e+01
     vertex -4.525083e+01 -2.493907e+01  6.300000e+01
     vertex -4.525330e+01 -2.487819e+01  6.300000e+01
   endloop
 endfacet
 facet normal  0.000000e+00  0.000000e+00 -1.000000e+00
   outer loop
     vertex  4.525189e+01 -2.490783e+01  6.300000e+01
     vertex  4.525021e+01 -2.496927e+01  6.300000e+01
     vertex -4.525083e+01 -2.493907e+01  6.300000e+01
   endloop
 endfacet
 facet normal -0.000000e+00  0.000000e+00 -1.000000e+00
   outer loop
     vertex  4.525525e+01 -2.484645e+01  6.300000e+01
     vertex -4.525330e+01 -2.487819e+01  6.300000e+01
     vertex -4.525742e+01 -2.481739e+01  6.300000e+01
   endloop
 endfacet
 facet normal  0.000000e+00  0.000000e+00 -1.000000e+00
   outer loop
     vertex  4.525525e+01 -2.484645e+01  6.300000e+01
     vertex  4.525189e+01 -2.490783e+01  6.300000e+01
     vertex -4.525330e+01 -2.487819e+01  6.300000e+01
   endloop
 endfacet
 facet normal -0.000000e+00  0.000000e+00 -1.000000e+00
   outer loop
     vertex  4.526028e+01 -2.478520e+01  6.300000e+01
     vertex -4.525742e+01 -2.481739e+01  6.300000e+01
     vertex -4.526319e+01 -2.475673e+01  6.300000e+01
   endloop
 endfacet
 facet normal  0.000000e+00  0.000000e+00 -1.000000e+00
   outer loop
     vertex  4.526028e+01 -2.478520e+01  6.300000e+01
     vertex  4.525525e+01 -2.484645e+01  6.300000e+01
     vertex -4.525742e+01 -2.481739e+01  6.300000e+01
   endloop
 endfacet
 facet normal -0.000000e+00  0.000000e+00 -1.000000e+00
   outer loop
     vertex  4.526698e+01 -2.472410e+01  6.300000e+01
     vertex -4.526319e+01 -2.475673e+01  6.300000e+01
     vertex -4.527060e+01 -2.469625e+01  6.300000e+01
   endloop
 endfacet
 facet normal  0.000000e+00  0.000000e+00 -1.000000e+00
   outer loop
     vertex  4.526698e+01 -2.472410e+01  6.300000e+01
     vertex  4.526028e+01 -2.478520e+01  6.300000e+01
     vertex -4.526319e+01 -2.475673e+01  6.300000e+01
   endloop
 endfacet
 facet normal -0.000000e+00  0.000000e+00 -1.000000e+00
   outer loop
     vertex  4.527535e+01 -2.466321e+01  6.300000e+01
     vertex -4.527060e+01 -2.469625e+01  6.300000e+01
     vertex -4.527964e+01 -2.463599e+01  6.300000e+01
   endloop
 endfacet
 facet normal  0.000000e+00  0.000000e+00 -1.000000e+00
   outer loop
     vertex  4.527535e+01 -2.466321e+01  6.300000e+01
     vertex  4.526698e+01 -2.472410e+01  6.300000e+01
     vertex -4.527060e+01 -2.469625e+01  6.300000e+01
   endloop
 endfacet
 facet normal -0.000000e+00  0.000000e+00 -1.000000e+00
   outer loop
     vertex  4.528538e+01 -2.460257e+01  6.300000e+01
     vertex -4.527964e+01 -2.463599e+01  6.300000e+01
     vertex -4.529031e+01 -2.457600e+01  6.300000e+01
   endloop
 endfacet
 facet normal  0.000000e+00  0.000000e+00 -1.000000e+00
   outer loop
     vertex  4.528538e+01 -2.460257e+01  6.300000e+01
     vertex  4.527535e+01 -2.466321e+01  6.300000e+01
     vertex -4.527964e+01 -2.463599e+01  6.300000e+01
   endloop
 endfacet
 facet normal -0.000000e+00  0.000000e+00 -1.000000e+00
   outer loop
     vertex  4.529706e+01 -2.454222e+01  6.300000e+01
     vertex -4.529031e+01 -2.457600e+01  6.300000e+01
     vertex -4.530260e+01 -2.451632e+01  6.300000e+01
   endloop
 endfacet
 facet normal  0.000000e+00  0.000000e+00 -1.000000e+00
   outer loop
     vertex  4.529706e+01 -2.454222e+01  6.300000e+01
     vertex  4.528538e+01 -2.460257e+01  6.300000e+01
     vertex -4.529031e+01 -2.457600e+01  6.300000e+01
   endloop
 endfacet
 facet normal  0.000000e+00  0.000000e+00 -1.000000e+00
   outer loop
     vertex  4.531039e+01 -2.448222e+01  6.300000e+01
     vertex  4.529706e+01 -2.454222e+01  6.300000e+01
     vertex -4.530260e+01 -2.451632e+01  6.300000e+01
   endloop
 endfacet
 facet normal -0.000000e+00  0.000000e+00 -1.000000e+00
   outer loop
     vertex  4.531039e+01 -2.448222e+01  6.300000e+01
     vertex -4.530260e+01 -2.451632e+01  6.300000e+01
     vertex -4.531651e+01 -2.445699e+01  6.300000e+01
   endloop
 endfacet
 facet normal -0.000000e+00  0.000000e+00 -1.000000e+00
   outer loop
     vertex  4.532535e+01 -2.442261e+01  6.300000e+01
     vertex -4.531651e+01 -2.445699e+01  6.300000e+01
     vertex -4.533201e+01 -2.439806e+01  6.300000e+01
   endloop
 endfacet
 facet normal  0.000000e+00  0.000000e+00 -1.000000e+00
   outer loop
     vertex  4.532535e+01 -2.442261e+01  6.300000e+01
     vertex  4.531039e+01 -2.448222e+01  6.300000e+01
     vertex -4.531651e+01 -2.445699e+01  6.300000e+01
   endloop
 endfacet
 facet normal  0.000000e+00  0.000000e+00 -1.000000e+00
   outer loop
     vertex  4.534193e+01 -2.436342e+01  6.300000e+01
     vertex  4.532535e+01 -2.442261e+01  6.300000e+01
     vertex -4.533201e+01 -2.439806e+01  6.300000e+01
   endloop
 endfacet
 facet normal -0.000000e+00  0.000000e+00 -1.000000e+00
   outer loop
     vertex  4.534193e+01 -2.436342e+01  6.300000e+01
     vertex -4.533201e+01 -2.439806e+01  6.300000e+01
     vertex -4.534911e+01 -2.433957e+01  6.300000e+01
   endloop
 endfacet
 facet normal  0.000000e+00  0.000000e+00 -1.000000e+00
   outer loop
     vertex  4.536012e+01 -2.430471e+01  6.300000e+01
     vertex  4.534193e+01 -2.436342e+01  6.300000e+01
     vertex -4.534911e+01 -2.433957e+01  6.300000e+01
   endloop
 endfacet
 facet normal -0.000000e+00  0.000000e+00 -1.000000e+00
   outer loop
     vertex  4.536012e+01 -2.430471e+01  6.300000e+01
     vertex -4.534911e+01 -2.433957e+01  6.300000e+01
     vertex -4.536778e+01 -2.428157e+01  6.300000e+01
   endloop
 endfacet
 facet normal  0.000000e+00  0.000000e+00 -1.000000e+00
   outer loop
     vertex  4.537991e+01 -2.424652e+01  6.300000e+01
     vertex  4.536012e+01 -2.430471e+01  6.300000e+01
     vertex -4.536778e+01 -2.428157e+01  6.300000e+01
   endloop
 endfacet
 facet normal -0.000000e+00  0.000000e+00 -1.000000e+00
   outer loop
     vertex  4.537991e+01 -2.424652e+01  6.300000e+01
     vertex -4.536778e+01 -2.428157e+01  6.300000e+01
     vertex -4.538802e+01 -2.422410e+01  6.300000e+01
   endloop
 endfacet
 facet normal  0.000000e+00  0.000000e+00 -1.000000e+00
   outer loop
     vertex  4.540129e+01 -2.418889e+01  6.300000e+01
     vertex  4.537991e+01 -2.424652e+01  6.300000e+01
     vertex -4.538802e+01 -2.422410e+01  6.300000e+01
   endloop
 endfacet
 facet normal -0.000000e+00  0.000000e+00 -1.000000e+00
   outer loop
     vertex  4.540129e+01 -2.418889e+01  6.300000e+01
     vertex -4.538802e+01 -2.422410e+01  6.300000e+01
     vertex -4.540980e+01 -2.416719e+01  6.300000e+01
   endloop
 endfacet
 facet normal  0.000000e+00  0.000000e+00 -1.000000e+00
   outer loop
     vertex  4.542422e+01 -2.413187e+01  6.300000e+01
     vertex  4.540129e+01 -2.418889e+01  6.300000e+01
     vertex -4.540980e+01 -2.416719e+01  6.300000e+01
   endloop
 endfacet
 facet normal -0.000000e+00  0.000000e+00 -1.000000e+00
   outer loop
     vertex  4.542422e+01 -2.413187e+01  6.300000e+01
     vertex -4.540980e+01 -2.416719e+01  6.300000e+01
     vertex -4.543312e+01 -2.411089e+01  6.300000e+01
   endloop
 endfacet
 facet normal -0.000000e+00  0.000000e+00 -1.000000e+00
   outer loop
     vertex  4.544871e+01 -2.407549e+01  6.300000e+01
     vertex -4.543312e+01 -2.411089e+01  6.300000e+01
     vertex -4.545796e+01 -2.405525e+01  6.300000e+01
   endloop
 endfacet
 facet normal  0.000000e+00  0.000000e+00 -1.000000e+00
   outer loop
     vertex  4.544871e+01 -2.407549e+01  6.300000e+01
     vertex  4.542422e+01 -2.413187e+01  6.300000e+01
     vertex -4.543312e+01 -2.411089e+01  6.300000e+01
   endloop
 endfacet
 facet normal  0.000000e+00  0.000000e+00 -1.000000e+00
   outer loop
     vertex  4.547473e+01 -2.401981e+01  6.300000e+01
     vertex  4.544871e+01 -2.407549e+01  6.300000e+01
     vertex -4.545796e+01 -2.405525e+01  6.300000e+01
   endloop
 endfacet
 facet normal -0.000000e+00  0.000000e+00 -1.000000e+00
   outer loop
     vertex  4.547473e+01 -2.401981e+01  6.300000e+01
     vertex -4.545796e+01 -2.405525e+01  6.300000e+01
     vertex -4.548429e+01 -2.400030e+01  6.300000e+01
   endloop
 endfacet
 facet normal  0.000000e+00  0.000000e+00 -1.000000e+00
   outer loop
     vertex  4.550226e+01 -2.396485e+01  6.300000e+01
     vertex  4.547473e+01 -2.401981e+01  6.300000e+01
     vertex -4.548429e+01 -2.400030e+01  6.300000e+01
   endloop
 endfacet
 facet normal -0.000000e+00  0.000000e+00 -1.000000e+00
   outer loop
     vertex  4.550226e+01 -2.396485e+01  6.300000e+01
     vertex -4.548429e+01 -2.400030e+01  6.300000e+01
     vertex -4.551210e+01 -2.394608e+01  6.300000e+01
   endloop
 endfacet
 facet normal  0.000000e+00  0.000000e+00 -1.000000e+00
   outer loop
     vertex  4.553128e+01 -2.391067e+01  6.300000e+01
     vertex  4.550226e+01 -2.396485e+01  6.300000e+01
     vertex -4.551210e+01 -2.394608e+01  6.300000e+01
   endloop
 endfacet
 facet normal -0.000000e+00  0.000000e+00 -1.000000e+00
   outer loop
     vertex  4.553128e+01 -2.391067e+01  6.300000e+01
     vertex -4.551210e+01 -2.394608e+01  6.300000e+01
     vertex -4.554137e+01 -2.389264e+01  6.300000e+01
   endloop
 endfacet
 facet normal -0.000000e+00  0.000000e+00 -1.000000e+00
   outer loop
     vertex  4.556177e+01 -2.385730e+01  6.300000e+01
     vertex -4.554137e+01 -2.389264e+01  6.300000e+01
     vertex -4.557207e+01 -2.384000e+01  6.300000e+01
   endloop
 endfacet
 facet normal  0.000000e+00  0.000000e+00 -1.000000e+00
   outer loop
     vertex  4.556177e+01 -2.385730e+01  6.300000e+01
     vertex  4.553128e+01 -2.391067e+01  6.300000e+01
     vertex -4.554137e+01 -2.389264e+01  6.300000e+01
   endloop
 endfacet
 facet normal  0.000000e+00  0.000000e+00 -1.000000e+00
   outer loop
     vertex  4.559370e+01 -2.380479e+01  6.300000e+01
     vertex  4.556177e+01 -2.385730e+01  6.300000e+01
     vertex -4.557207e+01 -2.384000e+01  6.300000e+01
   endloop
 endfacet
 facet normal -0.000000e+00  0.000000e+00 -1.000000e+00
   outer loop
     vertex  4.559370e+01 -2.380479e+01  6.300000e+01
     vertex -4.557207e+01 -2.384000e+01  6.300000e+01
     vertex -4.560419e+01 -2.378822e+01  6.300000e+01
   endloop
 endfacet
 facet normal  0.000000e+00  0.000000e+00 -1.000000e+00
   outer loop
     vertex  4.562706e+01 -2.375316e+01  6.300000e+01
     vertex  4.559370e+01 -2.380479e+01  6.300000e+01
     vertex -4.560419e+01 -2.378822e+01  6.300000e+01
   endloop
 endfacet
 facet normal -0.000000e+00  0.000000e+00 -1.000000e+00
   outer loop
     vertex  4.562706e+01 -2.375316e+01  6.300000e+01
     vertex -4.560419e+01 -2.378822e+01  6.300000e+01
     vertex -4.563770e+01 -2.373733e+01  6.300000e+01
   endloop
 endfacet
 facet normal  0.000000e+00 -0.000000e+00 -1.000000e+00
   outer loop
     vertex  4.750000e+01  3.500000e+01  6.300000e+01
     vertex  4.750000e+01 -2.275000e+01  6.300000e+01
     vertex  4.743854e+01 -2.275084e+01  6.300000e+01
   endloop
 endfacet
 facet normal  0.000000e+00  0.000000e+00 -1.000000e+00
   outer loop
     vertex  4.750000e+01  3.500000e+01  6.300000e+01
     vertex  4.743854e+01 -2.275084e+01  6.300000e+01
     vertex  4.737713e+01 -2.275336e+01  6.300000e+01
   endloop
 endfacet
 facet normal  0.000000e+00  0.000000e+00 -1.000000e+00
   outer loop
     vertex  4.750000e+01  3.500000e+01  6.300000e+01
     vertex  4.737713e+01 -2.275336e+01  6.300000e+01
     vertex  4.731581e+01 -2.275755e+01  6.300000e+01
   endloop
 endfacet
 facet normal  0.000000e+00  0.000000e+00 -1.000000e+00
   outer loop
     vertex  4.750000e+01  3.500000e+01  6.300000e+01
     vertex  4.731581e+01 -2.275755e+01  6.300000e+01
     vertex  4.725463e+01 -2.276342e+01  6.300000e+01
   endloop
 endfacet
 facet normal  0.000000e+00  0.000000e+00 -1.000000e+00
   outer loop
     vertex  4.750000e+01  3.500000e+01  6.300000e+01
     vertex  4.725463e+01 -2.276342e+01  6.300000e+01
     vertex  4.719363e+01 -2.277096e+01  6.300000e+01
   endloop
 endfacet
 facet normal  0.000000e+00  0.000000e+00 -1.000000e+00
   outer loop
     vertex  4.750000e+01  3.500000e+01  6.300000e+01
     vertex  4.719363e+01 -2.277096e+01  6.300000e+01
     vertex  4.713285e+01 -2.278016e+01  6.300000e+01
   endloop
 endfacet
 facet normal  0.000000e+00  0.000000e+00 -1.000000e+00
   outer loop
     vertex  4.750000e+01  3.500000e+01  6.300000e+01
     vertex  4.713285e+01 -2.278016e+01  6.300000e+01
     vertex  4.707236e+01 -2.279101e+01  6.300000e+01
   endloop
 endfacet
 facet normal  0.000000e+00  0.000000e+00 -1.000000e+00
   outer loop
     vertex  4.750000e+01  3.500000e+01  6.300000e+01
     vertex  4.707236e+01 -2.279101e+01  6.300000e+01
     vertex  4.701218e+01 -2.280352e+01  6.300000e+01
   endloop
 endfacet
 facet normal  0.000000e+00  0.000000e+00 -1.000000e+00
   outer loop
     vertex  4.750000e+01  3.500000e+01  6.300000e+01
     vertex  4.701218e+01 -2.280352e+01  6.300000e+01
     vertex  4.695236e+01 -2.281766e+01  6.300000e+01
   endloop
 endfacet
 facet normal  0.000000e+00  0.000000e+00 -1.000000e+00
   outer loop
     vertex  4.750000e+01  3.500000e+01  6.300000e+01
     vertex  4.695236e+01 -2.281766e+01  6.300000e+01
     vertex  4.689296e+01 -2.283344e+01  6.300000e+01
   endloop
 endfacet
 facet normal  0.000000e+00  0.000000e+00 -1.000000e+00
   outer loop
     vertex  4.750000e+01  3.500000e+01  6.300000e+01
     vertex  4.689296e+01 -2.283344e+01  6.300000e+01
     vertex  4.683400e+01 -2.285083e+01  6.300000e+01
   endloop
 endfacet
 facet normal  0.000000e+00  0.000000e+00 -1.000000e+00
   outer loop
     vertex  4.750000e+01  3.500000e+01  6.300000e+01
     vertex  4.683400e+01 -2.285083e+01  6.300000e+01
     vertex  4.677555e+01 -2.286982e+01  6.300000e+01
   endloop
 endfacet
 facet normal  0.000000e+00  0.000000e+00 -1.000000e+00
   outer loop
     vertex  4.750000e+01  3.500000e+01  6.300000e+01
     vertex  4.677555e+01 -2.286982e+01  6.300000e+01
     vertex  4.671763e+01 -2.289040e+01  6.300000e+01
   endloop
 endfacet
 facet normal  0.000000e+00  0.000000e+00 -1.000000e+00
   outer loop
     vertex  4.750000e+01  3.500000e+01  6.300000e+01
     vertex  4.671763e+01 -2.289040e+01  6.300000e+01
     vertex  4.666030e+01 -2.291256e+01  6.300000e+01
   endloop
 endfacet
 facet normal  0.000000e+00  0.000000e+00 -1.000000e+00
   outer loop
     vertex  4.750000e+01  3.500000e+01  6.300000e+01
     vertex  4.666030e+01 -2.291256e+01  6.300000e+01
     vertex  4.660360e+01 -2.293627e+01  6.300000e+01
   endloop
 endfacet
 facet normal  0.000000e+00  0.000000e+00 -1.000000e+00
   outer loop
     vertex  4.750000e+01  3.500000e+01  6.300000e+01
     vertex  4.660360e+01 -2.293627e+01  6.300000e+01
     vertex  4.654756e+01 -2.296153e+01  6.300000e+01
   endloop
 endfacet
 facet normal  0.000000e+00  0.000000e+00 -1.000000e+00
   outer loop
     vertex  4.750000e+01  3.500000e+01  6.300000e+01
     vertex  4.654756e+01 -2.296153e+01  6.300000e+01
     vertex  4.649224e+01 -2.298831e+01  6.300000e+01
   endloop
 endfacet
 facet normal  0.000000e+00  0.000000e+00 -1.000000e+00
   outer loop
     vertex  4.750000e+01  3.500000e+01  6.300000e+01
     vertex  4.649224e+01 -2.298831e+01  6.300000e+01
     vertex  4.643766e+01 -2.301658e+01  6.300000e+01
   endloop
 endfacet
 facet normal  0.000000e+00  0.000000e+00 -1.000000e+00
   outer loop
     vertex  4.750000e+01  3.500000e+01  6.300000e+01
     vertex  4.643766e+01 -2.301658e+01  6.300000e+01
     vertex  4.638388e+01 -2.304634e+01  6.300000e+01
   endloop
 endfacet
 facet normal  0.000000e+00  0.000000e+00 -1.000000e+00
   outer loop
     vertex  4.750000e+01  3.500000e+01  6.300000e+01
     vertex  4.638388e+01 -2.304634e+01  6.300000e+01
     vertex  4.633094e+01 -2.307756e+01  6.300000e+01
   endloop
 endfacet
 facet normal  0.000000e+00  0.000000e+00 -1.000000e+00
   outer loop
     vertex  4.750000e+01  3.500000e+01  6.300000e+01
     vertex  4.633094e+01 -2.307756e+01  6.300000e+01
     vertex  4.627886e+01 -2.311021e+01  6.300000e+01
   endloop
 endfacet
 facet normal -0.000000e+00  0.000000e+00 -1.000000e+00
   outer loop
     vertex  4.750000e+01  3.500000e+01  6.300000e+01
     vertex -4.563770e+01 -2.373733e+01  6.300000e+01
     vertex -4.750000e+01  3.500000e+01  6.300000e+01
   endloop
 endfacet
 facet normal  0.000000e+00  0.000000e+00 -1.000000e+00
   outer loop
     vertex  4.750000e+01  3.500000e+01  6.300000e+01
     vertex  4.627886e+01 -2.311021e+01  6.300000e+01
     vertex  4.622770e+01 -2.314427e+01  6.300000e+01
   endloop
 endfacet
 facet normal  0.000000e+00  0.000000e+00 -1.000000e+00
   outer loop
     vertex  4.750000e+01  3.500000e+01  6.300000e+01
     vertex  4.622770e+01 -2.314427e+01  6.300000e+01
     vertex  4.617748e+01 -2.317971e+01  6.300000e+01
   endloop
 endfacet
 facet normal  0.000000e+00  0.000000e+00 -1.000000e+00
   outer loop
     vertex  4.750000e+01  3.500000e+01  6.300000e+01
     vertex  4.617748e+01 -2.317971e+01  6.300000e+01
     vertex  4.612826e+01 -2.321652e+01  6.300000e+01
   endloop
 endfacet
 facet normal  0.000000e+00  0.000000e+00 -1.000000e+00
   outer loop
     vertex  4.750000e+01  3.500000e+01  6.300000e+01
     vertex  4.612826e+01 -2.321652e+01  6.300000e+01
     vertex  4.608005e+01 -2.325465e+01  6.300000e+01
   endloop
 endfacet
 facet normal  0.000000e+00  0.000000e+00 -1.000000e+00
   outer loop
     vertex  4.750000e+01  3.500000e+01  6.300000e+01
     vertex  4.608005e+01 -2.325465e+01  6.300000e+01
     vertex  4.603291e+01 -2.329409e+01  6.300000e+01
   endloop
 endfacet
 facet normal  0.000000e+00  0.000000e+00 -1.000000e+00
   outer loop
     vertex  4.750000e+01  3.500000e+01  6.300000e+01
     vertex  4.603291e+01 -2.329409e+01  6.300000e+01
     vertex  4.598686e+01 -2.333480e+01  6.300000e+01
   endloop
 endfacet
 facet normal  0.000000e+00  0.000000e+00 -1.000000e+00
   outer loop
     vertex  4.750000e+01  3.500000e+01  6.300000e+01
     vertex  4.562706e+01 -2.375316e+01  6.300000e+01
     vertex -4.563770e+01 -2.373733e+01  6.300000e+01
   endloop
 endfacet
 facet normal  0.000000e+00  0.000000e+00 -1.000000e+00
   outer loop
     vertex  4.750000e+01  3.500000e+01  6.300000e+01
     vertex  4.598686e+01 -2.333480e+01  6.300000e+01
     vertex  4.594194e+01 -2.337675e+01  6.300000e+01
   endloop
 endfacet
 facet normal  0.000000e+00  0.000000e+00 -1.000000e+00
   outer loop
     vertex  4.750000e+01  3.500000e+01  6.300000e+01
     vertex  4.594194e+01 -2.337675e+01  6.300000e+01
     vertex  4.589818e+01 -2.341991e+01  6.300000e+01
   endloop
 endfacet
 facet normal  0.000000e+00  0.000000e+00 -1.000000e+00
   outer loop
     vertex  4.750000e+01  3.500000e+01  6.300000e+01
     vertex  4.589818e+01 -2.341991e+01  6.300000e+01
     vertex  4.585562e+01 -2.346426e+01  6.300000e+01
   endloop
 endfacet
 facet normal  0.000000e+00  0.000000e+00 -1.000000e+00
   outer loop
     vertex  4.750000e+01  3.500000e+01  6.300000e+01
     vertex  4.585562e+01 -2.346426e+01  6.300000e+01
     vertex  4.581428e+01 -2.350974e+01  6.300000e+01
   endloop
 endfacet
 facet normal  0.000000e+00  0.000000e+00 -1.000000e+00
   outer loop
     vertex  4.750000e+01  3.500000e+01  6.300000e+01
     vertex  4.581428e+01 -2.350974e+01  6.300000e+01
     vertex  4.577421e+01 -2.355635e+01  6.300000e+01
   endloop
 endfacet
 facet normal  0.000000e+00  0.000000e+00 -1.000000e+00
   outer loop
     vertex  4.750000e+01  3.500000e+01  6.300000e+01
     vertex  4.577421e+01 -2.355635e+01  6.300000e+01
     vertex  4.573542e+01 -2.360402e+01  6.300000e+01
   endloop
 endfacet
 facet normal  0.000000e+00  0.000000e+00 -1.000000e+00
   outer loop
     vertex  4.750000e+01  3.500000e+01  6.300000e+01
     vertex  4.573542e+01 -2.360402e+01  6.300000e+01
     vertex  4.569795e+01 -2.365274e+01  6.300000e+01
   endloop
 endfacet
 facet normal  0.000000e+00  0.000000e+00 -1.000000e+00
   outer loop
     vertex  4.750000e+01  3.500000e+01  6.300000e+01
     vertex  4.569795e+01 -2.365274e+01  6.300000e+01
     vertex  4.566182e+01 -2.370247e+01  6.300000e+01
   endloop
 endfacet
 facet normal  0.000000e+00  0.000000e+00 -1.000000e+00
   outer loop
     vertex  4.750000e+01  3.500000e+01  6.300000e+01
     vertex  4.566182e+01 -2.370247e+01  6.300000e+01
     vertex  4.562706e+01 -2.375316e+01  6.300000e+01
   endloop
 endfacet
 facet normal  0.000000e+00 -1.000000e+00  0.000000e+00
   outer loop
     vertex  4.750000e+01 -3.500000e+01  6.300000e+01
     vertex -4.750000e+01 -3.500000e+01  6.900000e+01
     vertex -4.750000e+01 -3.500000e+01  6.300000e+01
   endloop
 endfacet
 facet normal -0.000000e+00 -1.000000e+00 -0.000000e+00
   outer loop
     vertex  4.750000e+01 -3.500000e+01  6.900000e+01
     vertex -4.750000e+01 -3.500000e+01  6.900000e+01
     vertex  4.750000e+01 -3.500000e+01  6.300000e+01
   endloop
 endfacet
 facet normal  1.000000e+00  0.000000e+00  0.000000e+00
   outer loop
     vertex  4.750000e+01 -3.500000e+01  6.900000e+01
     vertex  4.750000e+01 -3.500000e+01  6.300000e+01
     vertex  4.750000e+01 -2.725000e+01  6.300000e+01
   endloop
 endfacet
 facet normal  1.000000e+00 -0.000000e+00  0.000000e+00
   outer loop
     vertex  4.750000e+01 -3.500000e+01  6.900000e+01
     vertex  4.750000e+01 -2.725000e+01  6.300000e+01
     vertex  4.750000e+01 -2.725000e+01  6.900000e+01
   endloop
 endfacet
 facet normal -9.999083e-01 -1.354093e-02  0.000000e+00
   outer loop
     vertex -4.525083e+01 -2.493907e+01  6.900000e+01
     vertex -4.525000e+01 -2.500000e+01  6.300000e+01
     vertex -4.525000e+01 -2.500000e+01  6.900000e+01
   endloop
 endfacet
 facet normal -9.999083e-01 -1.354093e-02 -0.000000e+00
   outer loop
     vertex -4.525083e+01 -2.493907e+01  6.900000e+01
     vertex -4.525083e+01 -2.493907e+01  6.300000e+01
     vertex -4.525000e+01 -2.500000e+01  6.300000e+01
   endloop
 endfacet
 facet normal -9.991750e-01 -4.061287e-02  0.000000e+00
   outer loop
     vertex -4.525330e+01 -2.487819e+01  6.900000e+01
     vertex -4.525083e+01 -2.493907e+01  6.300000e+01
     vertex -4.525083e+01 -2.493907e+01  6.900000e+01
   endloop
 endfacet
 facet normal -9.991750e-01 -4.061287e-02 -0.000000e+00
   outer loop
     vertex -4.525330e+01 -2.487819e+01  6.900000e+01
     vertex -4.525330e+01 -2.487819e+01  6.300000e+01
     vertex -4.525083e+01 -2.493907e+01  6.300000e+01
   endloop
 endfacet
 facet normal -9.977088e-01 -6.765502e-02  0.000000e+00
   outer loop
     vertex -4.525742e+01 -2.481739e+01  6.900000e+01
     vertex -4.525330e+01 -2.487819e+01  6.300000e+01
     vertex -4.525330e+01 -2.487819e+01  6.900000e+01
   endloop
 endfacet
 facet normal -9.977088e-01 -6.765502e-02 -0.000000e+00
   outer loop
     vertex -4.525742e+01 -2.481739e+01  6.900000e+01
     vertex -4.525742e+01 -2.481739e+01  6.300000e+01
     vertex -4.525330e+01 -2.487819e+01  6.300000e+01
   endloop
 endfacet
 facet normal -9.955108e-01 -9.464755e-02 -0.000000e+00
   outer loop
     vertex -4.525742e+01 -2.481739e+01  6.900000e+01
     vertex -4.526319e+01 -2.475673e+01  6.300000e+01
     vertex -4.525742e+01 -2.481739e+01  6.300000e+01
   endloop
 endfacet
 facet normal -9.955108e-01 -9.464755e-02 -0.000000e+00
   outer loop
     vertex -4.526319e+01 -2.475673e+01  6.900000e+01
     vertex -4.526319e+01 -2.475673e+01  6.300000e+01
     vertex -4.525742e+01 -2.481739e+01  6.900000e+01
   endloop
 endfacet
 facet normal -9.925828e-01 -1.215707e-01  0.000000e+00
   outer loop
     vertex -4.527060e+01 -2.469625e+01  6.900000e+01
     vertex -4.526319e+01 -2.475673e+01  6.300000e+01
     vertex -4.526319e+01 -2.475673e+01  6.900000e+01
   endloop
 endfacet
 facet normal -9.925828e-01 -1.215707e-01 -0.000000e+00
   outer loop
     vertex -4.527060e+01 -2.469625e+01  6.900000e+01
     vertex -4.527060e+01 -2.469625e+01  6.300000e+01
     vertex -4.526319e+01 -2.475673e+01  6.300000e+01
   endloop
 endfacet
 facet normal -9.889267e-01 -1.484046e-01  0.000000e+00
   outer loop
     vertex -4.527964e+01 -2.463599e+01  6.900000e+01
     vertex -4.527060e+01 -2.469625e+01  6.300000e+01
     vertex -4.527060e+01 -2.469625e+01  6.900000e+01
   endloop
 endfacet
 facet normal -9.889267e-01 -1.484046e-01 -0.000000e+00
   outer loop
     vertex -4.527964e+01 -2.463599e+01  6.900000e+01
     vertex -4.527964e+01 -2.463599e+01  6.300000e+01
     vertex -4.527060e+01 -2.469625e+01  6.300000e+01
   endloop
 endfacet
 facet normal -9.845454e-01 -1.751297e-01  0.000000e+00
   outer loop
     vertex -4.529031e+01 -2.457600e+01  6.900000e+01
     vertex -4.527964e+01 -2.463599e+01  6.300000e+01
     vertex -4.527964e+01 -2.463599e+01  6.900000e+01
   endloop
 endfacet
 facet normal -9.845454e-01 -1.751297e-01 -0.000000e+00
   outer loop
     vertex -4.529031e+01 -2.457600e+01  6.900000e+01
     vertex -4.529031e+01 -2.457600e+01  6.300000e+01
     vertex -4.527964e+01 -2.463599e+01  6.300000e+01
   endloop
 endfacet
 facet normal -9.794419e-01 -2.017264e-01  0.000000e+00
   outer loop
     vertex -4.530260e+01 -2.451632e+01  6.900000e+01
     vertex -4.529031e+01 -2.457600e+01  6.300000e+01
     vertex -4.529031e+01 -2.457600e+01  6.900000e+01
   endloop
 endfacet
 facet normal -9.794419e-01 -2.017264e-01 -0.000000e+00
   outer loop
     vertex -4.530260e+01 -2.451632e+01  6.900000e+01
     vertex -4.530260e+01 -2.451632e+01  6.300000e+01
     vertex -4.529031e+01 -2.457600e+01  6.300000e+01
   endloop
 endfacet
 facet normal -9.736201e-01 -2.281751e-01  0.000000e+00
   outer loop
     vertex -4.531651e+01 -2.445699e+01  6.900000e+01
     vertex -4.530260e+01 -2.451632e+01  6.300000e+01
     vertex -4.530260e+01 -2.451632e+01  6.900000e+01
   endloop
 endfacet
 facet normal -9.736201e-01 -2.281751e-01 -0.000000e+00
   outer loop
     vertex -4.531651e+01 -2.445699e+01  6.900000e+01
     vertex -4.531651e+01 -2.445699e+01  6.300000e+01
     vertex -4.530260e+01 -2.451632e+01  6.300000e+01
   endloop
 endfacet
 facet normal -9.670842e-01 -2.544564e-01  0.000000e+00
   outer loop
     vertex -4.533201e+01 -2.439806e+01  6.900000e+01
     vertex -4.531651e+01 -2.445699e+01  6.300000e+01
     vertex -4.531651e+01 -2.445699e+01  6.900000e+01
   endloop
 endfacet
 facet normal -9.670842e-01 -2.544564e-01 -0.000000e+00
   outer loop
     vertex -4.533201e+01 -2.439806e+01  6.900000e+01
     vertex -4.533201e+01 -2.439806e+01  6.300000e+01
     vertex -4.531651e+01 -2.445699e+01  6.300000e+01
   endloop
 endfacet
 facet normal -9.598391e-01 -2.805512e-01  0.000000e+00
   outer loop
     vertex -4.534911e+01 -2.433957e+01  6.900000e+01
     vertex -4.533201e+01 -2.439806e+01  6.300000e+01
     vertex -4.533201e+01 -2.439806e+01  6.900000e+01
   endloop
 endfacet
 facet normal -9.598391e-01 -2.805512e-01 -0.000000e+00
   outer loop
     vertex -4.534911e+01 -2.433957e+01  6.900000e+01
     vertex -4.534911e+01 -2.433957e+01  6.300000e+01
     vertex -4.533201e+01 -2.439806e+01  6.300000e+01
   endloop
 endfacet
 facet normal -9.518899e-01 -3.064401e-01  0.000000e+00
   outer loop
     vertex -4.536778e+01 -2.428157e+01  6.900000e+01
     vertex -4.534911e+01 -2.433957e+01  6.300000e+01
     vertex -4.534911e+01 -2.433957e+01  6.900000e+01
   endloop
 endfacet
 facet normal -9.518899e-01 -3.064401e-01 -0.000000e+00
   outer loop
     vertex -4.536778e+01 -2.428157e+01  6.900000e+01
     vertex -4.536778e+01 -2.428157e+01  6.300000e+01
     vertex -4.534911e+01 -2.433957e+01  6.300000e+01
   endloop
 endfacet
 facet normal -9.432426e-01 -3.321044e-01 -0.000000e+00
   outer loop
     vertex -4.536778e+01 -2.428157e+01  6.900000e+01
     vertex -4.538802e+01 -2.422410e+01  6.300000e+01
     vertex -4.536778e+01 -2.428157e+01  6.300000e+01
   endloop
 endfacet
 facet normal -9.432426e-01 -3.321044e-01 -0.000000e+00
   outer loop
     vertex -4.538802e+01 -2.422410e+01  6.900000e+01
     vertex -4.538802e+01 -2.422410e+01  6.300000e+01
     vertex -4.536778e+01 -2.428157e+01  6.900000e+01
   endloop
 endfacet
 facet normal -9.339036e-01 -3.575250e-01 -0.000000e+00
   outer loop
     vertex -4.540980e+01 -2.416719e+01  6.900000e+01
     vertex -4.540980e+01 -2.416719e+01  6.300000e+01
     vertex -4.538802e+01 -2.422410e+01  6.300000e+01
   endloop
 endfacet
 facet normal -9.339036e-01 -3.575250e-01  0.000000e+00
   outer loop
     vertex -4.540980e+01 -2.416719e+01  6.900000e+01
     vertex -4.538802e+01 -2.422410e+01  6.300000e+01
     vertex -4.538802e+01 -2.422410e+01  6.900000e+01
   endloop
 endfacet
 facet normal -9.238795e-01 -3.826834e-01 -0.000000e+00
   outer loop
     vertex -4.543312e+01 -2.411089e+01  6.900000e+01
     vertex -4.543312e+01 -2.411089e+01  6.300000e+01
     vertex -4.540980e+01 -2.416719e+01  6.300000e+01
   endloop
 endfacet
 facet normal -9.238795e-01 -3.826834e-01  0.000000e+00
   outer loop
     vertex -4.543312e+01 -2.411089e+01  6.900000e+01
     vertex -4.540980e+01 -2.416719e+01  6.300000e+01
     vertex -4.540980e+01 -2.416719e+01  6.900000e+01
   endloop
 endfacet
 facet normal -9.131779e-01 -4.075612e-01 -0.000000e+00
   outer loop
     vertex -4.545796e+01 -2.405525e+01  6.900000e+01
     vertex -4.545796e+01 -2.405525e+01  6.300000e+01
     vertex -4.543312e+01 -2.411089e+01  6.300000e+01
   endloop
 endfacet
 facet normal -9.018065e-01 -4.321400e-01 -0.000000e+00
   outer loop
     vertex -4.545796e+01 -2.405525e+01  6.900000e+01
     vertex -4.548429e+01 -2.400030e+01  6.300000e+01
     vertex -4.545796e+01 -2.405525e+01  6.300000e+01
   endloop
 endfacet
 facet normal -9.131779e-01 -4.075612e-01  0.000000e+00
   outer loop
     vertex -4.545796e+01 -2.405525e+01  6.900000e+01
     vertex -4.543312e+01 -2.411089e+01  6.300000e+01
     vertex -4.543312e+01 -2.411089e+01  6.900000e+01
   endloop
 endfacet
 facet normal -9.018065e-01 -4.321400e-01 -0.000000e+00
   outer loop
     vertex -4.548429e+01 -2.400030e+01  6.900000e+01
     vertex -4.548429e+01 -2.400030e+01  6.300000e+01
     vertex -4.545796e+01 -2.405525e+01  6.900000e+01
   endloop
 endfacet
 facet normal -8.897737e-01 -4.564019e-01 -0.000000e+00
   outer loop
     vertex -4.551210e+01 -2.394608e+01  6.900000e+01
     vertex -4.551210e+01 -2.394608e+01  6.300000e+01
     vertex -4.548429e+01 -2.400030e+01  6.300000e+01
   endloop
 endfacet
 facet normal -8.770884e-01 -4.803291e-01 -0.000000e+00
   outer loop
     vertex -4.551210e+01 -2.394608e+01  6.900000e+01
     vertex -4.554137e+01 -2.389264e+01  6.300000e+01
     vertex -4.551210e+01 -2.394608e+01  6.300000e+01
   endloop
 endfacet
 facet normal -8.897737e-01 -4.564019e-01  0.000000e+00
   outer loop
     vertex -4.551210e+01 -2.394608e+01  6.900000e+01
     vertex -4.548429e+01 -2.400030e+01  6.300000e+01
     vertex -4.548429e+01 -2.400030e+01  6.900000e+01
   endloop
 endfacet
 facet normal -8.770884e-01 -4.803291e-01 -0.000000e+00
   outer loop
     vertex -4.554137e+01 -2.389264e+01  6.900000e+01
     vertex -4.554137e+01 -2.389264e+01  6.300000e+01
     vertex -4.551210e+01 -2.394608e+01  6.900000e+01
   endloop
 endfacet
 facet normal -8.637597e-01 -5.039039e-01 -0.000000e+00
   outer loop
     vertex -4.557207e+01 -2.384000e+01  6.900000e+01
     vertex -4.557207e+01 -2.384000e+01  6.300000e+01
     vertex -4.554137e+01 -2.389264e+01  6.300000e+01
   endloop
 endfacet
 facet normal -8.497975e-01 -5.271092e-01 -0.000000e+00
   outer loop
     vertex -4.557207e+01 -2.384000e+01  6.900000e+01
     vertex -4.560419e+01 -2.378822e+01  6.300000e+01
     vertex -4.557207e+01 -2.384000e+01  6.300000e+01
   endloop
 endfacet
 facet normal -8.637597e-01 -5.039039e-01  0.000000e+00
   outer loop
     vertex -4.557207e+01 -2.384000e+01  6.900000e+01
     vertex -4.554137e+01 -2.389264e+01  6.300000e+01
     vertex -4.554137e+01 -2.389264e+01  6.900000e+01
   endloop
 endfacet
 facet normal -8.497975e-01 -5.271092e-01 -0.000000e+00
   outer loop
     vertex -4.560419e+01 -2.378822e+01  6.900000e+01
     vertex -4.560419e+01 -2.378822e+01  6.300000e+01
     vertex -4.557207e+01 -2.384000e+01  6.900000e+01
   endloop
 endfacet
 facet normal -8.352121e-01 -5.499279e-01  0.000000e+00
   outer loop
     vertex -4.563770e+01 -2.373733e+01  6.900000e+01
     vertex -4.560419e+01 -2.378822e+01  6.300000e+01
     vertex -4.560419e+01 -2.378822e+01  6.900000e+01
   endloop
 endfacet
 facet normal -8.352121e-01 -5.499279e-01 -0.000000e+00
   outer loop
     vertex -4.563770e+01 -2.373733e+01  6.900000e+01
     vertex -4.563770e+01 -2.373733e+01  6.300000e+01
     vertex -4.560419e+01 -2.378822e+01  6.300000e+01
   endloop
 endfacet
 facet normal -8.200141e-01 -5.723433e-01  0.000000e+00
   outer loop
     vertex -4.567258e+01 -2.368736e+01  6.900000e+01
     vertex -4.563770e+01 -2.373733e+01  6.300000e+01
     vertex -4.563770e+01 -2.373733e+01  6.900000e+01
   endloop
 endfacet
 facet normal -8.200141e-01 -5.723433e-01 -0.000000e+00
   outer loop
     vertex -4.567258e+01 -2.368736e+01  6.900000e+01
     vertex -4.567258e+01 -2.368736e+01  6.300000e+01
     vertex -4.563770e+01 -2.373733e+01  6.300000e+01
   endloop
 endfacet
 facet normal -8.042147e-01 -5.943389e-01  0.000000e+00
   outer loop
     vertex -4.570879e+01 -2.363836e+01  6.900000e+01
     vertex -4.567258e+01 -2.368736e+01  6.300000e+01
     vertex -4.567258e+01 -2.368736e+01  6.900000e+01
   endloop
 endfacet
 facet normal -8.042147e-01 -5.943389e-01 -0.000000e+00
   outer loop
     vertex -4.570879e+01 -2.363836e+01  6.900000e+01
     vertex -4.570879e+01 -2.363836e+01  6.300000e+01
     vertex -4.567258e+01 -2.368736e+01  6.300000e+01
   endloop
 endfacet
 facet normal -7.878255e-01 -6.158986e-01  0.000000e+00
   outer loop
     vertex -4.574632e+01 -2.359035e+01  6.900000e+01
     vertex -4.570879e+01 -2.363836e+01  6.300000e+01
     vertex -4.570879e+01 -2.363836e+01  6.900000e+01
   endloop
 endfacet
 facet normal -7.878255e-01 -6.158986e-01 -0.000000e+00
   outer loop
     vertex -4.574632e+01 -2.359035e+01  6.900000e+01
     vertex -4.574632e+01 -2.359035e+01  6.300000e+01
     vertex -4.570879e+01 -2.363836e+01  6.300000e+01
   endloop
 endfacet
 facet normal -7.708584e-01 -6.370065e-01  0.000000e+00
   outer loop
     vertex -4.578514e+01 -2.354338e+01  6.900000e+01
     vertex -4.574632e+01 -2.359035e+01  6.300000e+01
     vertex -4.574632e+01 -2.359035e+01  6.900000e+01
   endloop
 endfacet
 facet normal -7.708584e-01 -6.370065e-01 -0.000000e+00
   outer loop
     vertex -4.578514e+01 -2.354338e+01  6.900000e+01
     vertex -4.578514e+01 -2.354338e+01  6.300000e+01
     vertex -4.574632e+01 -2.359035e+01  6.300000e+01
   endloop
 endfacet
 facet normal -7.533260e-01 -6.576473e-01  0.000000e+00
   outer loop
     vertex -4.582521e+01 -2.349748e+01  6.900000e+01
     vertex -4.578514e+01 -2.354338e+01  6.300000e+01
     vertex -4.578514e+01 -2.354338e+01  6.900000e+01
   endloop
 endfacet
 facet normal -7.533260e-01 -6.576473e-01 -0.000000e+00
   outer loop
     vertex -4.582521e+01 -2.349748e+01  6.900000e+01
     vertex -4.582521e+01 -2.349748e+01  6.300000e+01
     vertex -4.578514e+01 -2.354338e+01  6.300000e+01
   endloop
 endfacet
 facet normal -7.352410e-01 -6.778058e-01  0.000000e+00
   outer loop
     vertex -4.586651e+01 -2.345268e+01  6.900000e+01
     vertex -4.582521e+01 -2.349748e+01  6.300000e+01
     vertex -4.582521e+01 -2.349748e+01  6.900000e+01
   endloop
 endfacet
 facet normal -7.352410e-01 -6.778058e-01 -0.000000e+00
   outer loop
     vertex -4.586651e+01 -2.345268e+01  6.900000e+01
     vertex -4.586651e+01 -2.345268e+01  6.300000e+01
     vertex -4.582521e+01 -2.349748e+01  6.300000e+01
   endloop
 endfacet
 facet normal -7.166168e-01 -6.974671e-01  0.000000e+00
   outer loop
     vertex -4.590901e+01 -2.340901e+01  6.900000e+01
     vertex -4.586651e+01 -2.345268e+01  6.300000e+01
     vertex -4.586651e+01 -2.345268e+01  6.900000e+01
   endloop
 endfacet
 facet normal -7.166168e-01 -6.974671e-01 -0.000000e+00
   outer loop
     vertex -4.590901e+01 -2.340901e+01  6.900000e+01
     vertex -4.590901e+01 -2.340901e+01  6.300000e+01
     vertex -4.586651e+01 -2.345268e+01  6.300000e+01
   endloop
 endfacet
 facet normal -6.974671e-01 -7.166168e-01 -0.000000e+00
   outer loop
     vertex -4.590901e+01 -2.340901e+01  6.900000e+01
     vertex -4.595268e+01 -2.336651e+01  6.300000e+01
     vertex -4.590901e+01 -2.340901e+01  6.300000e+01
   endloop
 endfacet
 facet normal -6.974671e-01 -7.166168e-01 -0.000000e+00
   outer loop
     vertex -4.595268e+01 -2.336651e+01  6.900000e+01
     vertex -4.595268e+01 -2.336651e+01  6.300000e+01
     vertex -4.590901e+01 -2.340901e+01  6.900000e+01
   endloop
 endfacet
 facet normal -6.778058e-01 -7.352410e-01  0.000000e+00
   outer loop
     vertex -4.599748e+01 -2.332521e+01  6.900000e+01
     vertex -4.595268e+01 -2.336651e+01  6.300000e+01
     vertex -4.595268e+01 -2.336651e+01  6.900000e+01
   endloop
 endfacet
 facet normal -6.778058e-01 -7.352410e-01 -0.000000e+00
   outer loop
     vertex -4.599748e+01 -2.332521e+01  6.900000e+01
     vertex -4.599748e+01 -2.332521e+01  6.300000e+01
     vertex -4.595268e+01 -2.336651e+01  6.300000e+01
   endloop
 endfacet
 facet normal -6.576473e-01 -7.533260e-01 -0.000000e+00
   outer loop
     vertex -4.599748e+01 -2.332521e+01  6.900000e+01
     vertex -4.604338e+01 -2.328514e+01  6.300000e+01
     vertex -4.599748e+01 -2.332521e+01  6.300000e+01
   endloop
 endfacet
 facet normal -6.576473e-01 -7.533260e-01 -0.000000e+00
   outer loop
     vertex -4.604338e+01 -2.328514e+01  6.900000e+01
     vertex -4.604338e+01 -2.328514e+01  6.300000e+01
     vertex -4.599748e+01 -2.332521e+01  6.900000e+01
   endloop
 endfacet
 facet normal -6.370065e-01 -7.708584e-01  0.000000e+00
   outer loop
     vertex -4.609035e+01 -2.324632e+01  6.900000e+01
     vertex -4.604338e+01 -2.328514e+01  6.300000e+01
     vertex -4.604338e+01 -2.328514e+01  6.900000e+01
   endloop
 endfacet
 facet normal -6.370065e-01 -7.708584e-01 -0.000000e+00
   outer loop
     vertex -4.609035e+01 -2.324632e+01  6.900000e+01
     vertex -4.609035e+01 -2.324632e+01  6.300000e+01
     vertex -4.604338e+01 -2.328514e+01  6.300000e+01
   endloop
 endfacet
 facet normal -6.158986e-01 -7.878255e-01 -0.000000e+00
   outer loop
     vertex -4.609035e+01 -2.324632e+01  6.900000e+01
     vertex -4.613836e+01 -2.320879e+01  6.300000e+01
     vertex -4.609035e+01 -2.324632e+01  6.300000e+01
   endloop
 endfacet
 facet normal -6.158986e-01 -7.878255e-01 -0.000000e+00
   outer loop
     vertex -4.613836e+01 -2.320879e+01  6.900000e+01
     vertex -4.613836e+01 -2.320879e+01  6.300000e+01
     vertex -4.609035e+01 -2.324632e+01  6.900000e+01
   endloop
 endfacet
 facet normal -5.943389e-01 -8.042147e-01  0.000000e+00
   outer loop
     vertex -4.618736e+01 -2.317258e+01  6.900000e+01
     vertex -4.613836e+01 -2.320879e+01  6.300000e+01
     vertex -4.613836e+01 -2.320879e+01  6.900000e+01
   endloop
 endfacet
 facet normal -5.943389e-01 -8.042147e-01 -0.000000e+00
   outer loop
     vertex -4.618736e+01 -2.317258e+01  6.900000e+01
     vertex -4.618736e+01 -2.317258e+01  6.300000e+01
     vertex -4.613836e+01 -2.320879e+01  6.300000e+01
   endloop
 endfacet
 facet normal -5.723433e-01 -8.200141e-01 -0.000000e+00
   outer loop
     vertex -4.618736e+01 -2.317258e+01  6.900000e+01
     vertex -4.623733e+01 -2.313770e+01  6.300000e+01
     vertex -4.618736e+01 -2.317258e+01  6.300000e+01
   endloop
 endfacet
 facet normal -5.723433e-01 -8.200141e-01 -0.000000e+00
   outer loop
     vertex -4.623733e+01 -2.313770e+01  6.900000e+01
     vertex -4.623733e+01 -2.313770e+01  6.300000e+01
     vertex -4.618736e+01 -2.317258e+01  6.900000e+01
   endloop
 endfacet
 facet normal -5.499279e-01 -8.352121e-01  0.000000e+00
   outer loop
     vertex -4.628822e+01 -2.310419e+01  6.900000e+01
     vertex -4.623733e+01 -2.313770e+01  6.300000e+01
     vertex -4.623733e+01 -2.313770e+01  6.900000e+01
   endloop
 endfacet
 facet normal -5.499279e-01 -8.352121e-01 -0.000000e+00
   outer loop
     vertex -4.628822e+01 -2.310419e+01  6.900000e+01
     vertex -4.628822e+01 -2.310419e+01  6.300000e+01
     vertex -4.623733e+01 -2.313770e+01  6.300000e+01
   endloop
 endfacet
 facet normal -5.271092e-01 -8.497975e-01  0.000000e+00
   outer loop
     vertex -4.634000e+01 -2.307207e+01  6.900000e+01
     vertex -4.628822e+01 -2.310419e+01  6.300000e+01
     vertex -4.628822e+01 -2.310419e+01  6.900000e+01
   endloop
 endfacet
 facet normal -5.271092e-01 -8.497975e-01 -0.000000e+00
   outer loop
     vertex -4.634000e+01 -2.307207e+01  6.900000e+01
     vertex -4.634000e+01 -2.307207e+01  6.300000e+01
     vertex -4.628822e+01 -2.310419e+01  6.300000e+01
   endloop
 endfacet
 facet normal -5.039039e-01 -8.637597e-01  0.000000e+00
   outer loop
     vertex -4.639264e+01 -2.304137e+01  6.900000e+01
     vertex -4.634000e+01 -2.307207e+01  6.300000e+01
     vertex -4.634000e+01 -2.307207e+01  6.900000e+01
   endloop
 endfacet
 facet normal -5.039039e-01 -8.637597e-01 -0.000000e+00
   outer loop
     vertex -4.639264e+01 -2.304137e+01  6.900000e+01
     vertex -4.639264e+01 -2.304137e+01  6.300000e+01
     vertex -4.634000e+01 -2.307207e+01  6.300000e+01
   endloop
 endfacet
 facet normal -4.803291e-01 -8.770884e-01 -0.000000e+00
   outer loop
     vertex -4.639264e+01 -2.304137e+01  6.900000e+01
     vertex -4.644608e+01 -2.301210e+01  6.300000e+01
     vertex -4.639264e+01 -2.304137e+01  6.300000e+01
   endloop
 endfacet
 facet normal -4.803291e-01 -8.770884e-01 -0.000000e+00
   outer loop
     vertex -4.644608e+01 -2.301210e+01  6.900000e+01
     vertex -4.644608e+01 -2.301210e+01  6.300000e+01
     vertex -4.639264e+01 -2.304137e+01  6.900000e+01
   endloop
 endfacet
 facet normal -4.564019e-01 -8.897737e-01  0.000000e+00
   outer loop
     vertex -4.650030e+01 -2.298429e+01  6.900000e+01
     vertex -4.644608e+01 -2.301210e+01  6.300000e+01
     vertex -4.644608e+01 -2.301210e+01  6.900000e+01
   endloop
 endfacet
 facet normal -4.564019e-01 -8.897737e-01 -0.000000e+00
   outer loop
     vertex -4.650030e+01 -2.298429e+01  6.900000e+01
     vertex -4.650030e+01 -2.298429e+01  6.300000e+01
     vertex -4.644608e+01 -2.301210e+01  6.300000e+01
   endloop
 endfacet
 facet normal -4.321400e-01 -9.018065e-01 -0.000000e+00
   outer loop
     vertex -4.655525e+01 -2.295796e+01  6.900000e+01
     vertex -4.655525e+01 -2.295796e+01  6.300000e+01
     vertex -4.650030e+01 -2.298429e+01  6.300000e+01
   endloop
 endfacet
 facet normal -4.321400e-01 -9.018065e-01  0.000000e+00
   outer loop
     vertex -4.655525e+01 -2.295796e+01  6.900000e+01
     vertex -4.650030e+01 -2.298429e+01  6.300000e+01
     vertex -4.650030e+01 -2.298429e+01  6.900000e+01
   endloop
 endfacet
 facet normal -4.075612e-01 -9.131779e-01 -0.000000e+00
   outer loop
     vertex -4.661089e+01 -2.293312e+01  6.900000e+01
     vertex -4.661089e+01 -2.293312e+01  6.300000e+01
     vertex -4.655525e+01 -2.295796e+01  6.300000e+01
   endloop
 endfacet
 facet normal -3.826834e-01 -9.238795e-01 -0.000000e+00
   outer loop
     vertex -4.661089e+01 -2.293312e+01  6.900000e+01
     vertex -4.666719e+01 -2.290980e+01  6.300000e+01
     vertex -4.661089e+01 -2.293312e+01  6.300000e+01
   endloop
 endfacet
 facet normal -4.075612e-01 -9.131779e-01  0.000000e+00
   outer loop
     vertex -4.661089e+01 -2.293312e+01  6.900000e+01
     vertex -4.655525e+01 -2.295796e+01  6.300000e+01
     vertex -4.655525e+01 -2.295796e+01  6.900000e+01
   endloop
 endfacet
 facet normal -3.826834e-01 -9.238795e-01 -0.000000e+00
   outer loop
     vertex -4.666719e+01 -2.290980e+01  6.900000e+01
     vertex -4.666719e+01 -2.290980e+01  6.300000e+01
     vertex -4.661089e+01 -2.293312e+01  6.900000e+01
   endloop
 endfacet
 facet normal -3.575250e-01 -9.339036e-01  0.000000e+00
   outer loop
     vertex -4.672410e+01 -2.288802e+01  6.900000e+01
     vertex -4.666719e+01 -2.290980e+01  6.300000e+01
     vertex -4.666719e+01 -2.290980e+01  6.900000e+01
   endloop
 endfacet
 facet normal -3.575250e-01 -9.339036e-01 -0.000000e+00
   outer loop
     vertex -4.672410e+01 -2.288802e+01  6.900000e+01
     vertex -4.672410e+01 -2.288802e+01  6.300000e+01
     vertex -4.666719e+01 -2.290980e+01  6.300000e+01
   endloop
 endfacet
 facet normal -3.321044e-01 -9.432426e-01 -0.000000e+00
   outer loop
     vertex -4.672410e+01 -2.288802e+01  6.900000e+01
     vertex -4.678157e+01 -2.286778e+01  6.300000e+01
     vertex -4.672410e+01 -2.288802e+01  6.300000e+01
   endloop
 endfacet
 facet normal -3.321044e-01 -9.432426e-01 -0.000000e+00
   outer loop
     vertex -4.678157e+01 -2.286778e+01  6.900000e+01
     vertex -4.678157e+01 -2.286778e+01  6.300000e+01
     vertex -4.672410e+01 -2.288802e+01  6.900000e+01
   endloop
 endfacet
 facet normal -3.064401e-01 -9.518899e-01 -0.000000e+00
   outer loop
     vertex -4.678157e+01 -2.286778e+01  6.900000e+01
     vertex -4.683957e+01 -2.284911e+01  6.300000e+01
     vertex -4.678157e+01 -2.286778e+01  6.300000e+01
   endloop
 endfacet
 facet normal -3.064401e-01 -9.518899e-01 -0.000000e+00
   outer loop
     vertex -4.683957e+01 -2.284911e+01  6.900000e+01
     vertex -4.683957e+01 -2.284911e+01  6.300000e+01
     vertex -4.678157e+01 -2.286778e+01  6.900000e+01
   endloop
 endfacet
 facet normal -2.805512e-01 -9.598391e-01 -0.000000e+00
   outer loop
     vertex -4.689806e+01 -2.283201e+01  6.900000e+01
     vertex -4.689806e+01 -2.283201e+01  6.300000e+01
     vertex -4.683957e+01 -2.284911e+01  6.300000e+01
   endloop
 endfacet
 facet normal -2.805512e-01 -9.598391e-01  0.000000e+00
   outer loop
     vertex -4.689806e+01 -2.283201e+01  6.900000e+01
     vertex -4.683957e+01 -2.284911e+01  6.300000e+01
     vertex -4.683957e+01 -2.284911e+01  6.900000e+01
   endloop
 endfacet
 facet normal -2.544564e-01 -9.670842e-01 -0.000000e+00
   outer loop
     vertex -4.695699e+01 -2.281651e+01  6.900000e+01
     vertex -4.695699e+01 -2.281651e+01  6.300000e+01
     vertex -4.689806e+01 -2.283201e+01  6.300000e+01
   endloop
 endfacet
 facet normal -2.544564e-01 -9.670842e-01  0.000000e+00
   outer loop
     vertex -4.695699e+01 -2.281651e+01  6.900000e+01
     vertex -4.689806e+01 -2.283201e+01  6.300000e+01
     vertex -4.689806e+01 -2.283201e+01  6.900000e+01
   endloop
 endfacet
 facet normal -2.281751e-01 -9.736201e-01 -0.000000e+00
   outer loop
     vertex -4.701632e+01 -2.280260e+01  6.900000e+01
     vertex -4.701632e+01 -2.280260e+01  6.300000e+01
     vertex -4.695699e+01 -2.281651e+01  6.300000e+01
   endloop
 endfacet
 facet normal -2.281751e-01 -9.736201e-01  0.000000e+00
   outer loop
     vertex -4.701632e+01 -2.280260e+01  6.900000e+01
     vertex -4.695699e+01 -2.281651e+01  6.300000e+01
     vertex -4.695699e+01 -2.281651e+01  6.900000e+01
   endloop
 endfacet
 facet normal -2.017264e-01 -9.794419e-01 -0.000000e+00
   outer loop
     vertex -4.707600e+01 -2.279031e+01  6.900000e+01
     vertex -4.707600e+01 -2.279031e+01  6.300000e+01
     vertex -4.701632e+01 -2.280260e+01  6.300000e+01
   endloop
 endfacet
 facet normal -2.017264e-01 -9.794419e-01  0.000000e+00
   outer loop
     vertex -4.707600e+01 -2.279031e+01  6.900000e+01
     vertex -4.701632e+01 -2.280260e+01  6.300000e+01
     vertex -4.701632e+01 -2.280260e+01  6.900000e+01
   endloop
 endfacet
 facet normal -1.751297e-01 -9.845454e-01 -0.000000e+00
   outer loop
     vertex -4.713599e+01 -2.277964e+01  6.900000e+01
     vertex -4.713599e+01 -2.277964e+01  6.300000e+01
     vertex -4.707600e+01 -2.279031e+01  6.300000e+01
   endloop
 endfacet
 facet normal -1.751297e-01 -9.845454e-01  0.000000e+00
   outer loop
     vertex -4.713599e+01 -2.277964e+01  6.900000e+01
     vertex -4.707600e+01 -2.279031e+01  6.300000e+01
     vertex -4.707600e+01 -2.279031e+01  6.900000e+01
   endloop
 endfacet
 facet normal -1.484046e-01 -9.889267e-01 -0.000000e+00
   outer loop
     vertex -4.719625e+01 -2.277060e+01  6.900000e+01
     vertex -4.719625e+01 -2.277060e+01  6.300000e+01
     vertex -4.713599e+01 -2.277964e+01  6.300000e+01
   endloop
 endfacet
 facet normal -1.484046e-01 -9.889267e-01  0.000000e+00
   outer loop
     vertex -4.719625e+01 -2.277060e+01  6.900000e+01
     vertex -4.713599e+01 -2.277964e+01  6.300000e+01
     vertex -4.713599e+01 -2.277964e+01  6.900000e+01
   endloop
 endfacet
 facet normal -1.215707e-01 -9.925828e-01 -0.000000e+00
   outer loop
     vertex -4.725673e+01 -2.276319e+01  6.900000e+01
     vertex -4.725673e+01 -2.276319e+01  6.300000e+01
     vertex -4.719625e+01 -2.277060e+01  6.300000e+01
   endloop
 endfacet
 facet normal -1.215707e-01 -9.925828e-01  0.000000e+00
   outer loop
     vertex -4.725673e+01 -2.276319e+01  6.900000e+01
     vertex -4.719625e+01 -2.277060e+01  6.300000e+01
     vertex -4.719625e+01 -2.277060e+01  6.900000e+01
   endloop
 endfacet
 facet normal -9.464755e-02 -9.955108e-01 -0.000000e+00
   outer loop
     vertex -4.731739e+01 -2.275742e+01  6.900000e+01
     vertex -4.731739e+01 -2.275742e+01  6.300000e+01
     vertex -4.725673e+01 -2.276319e+01  6.300000e+01
   endloop
 endfacet
 facet normal -9.464755e-02 -9.955108e-01  0.000000e+00
   outer loop
     vertex -4.731739e+01 -2.275742e+01  6.900000e+01
     vertex -4.725673e+01 -2.276319e+01  6.300000e+01
     vertex -4.725673e+01 -2.276319e+01  6.900000e+01
   endloop
 endfacet
 facet normal -6.765502e-02 -9.977088e-01 -0.000000e+00
   outer loop
     vertex -4.737819e+01 -2.275330e+01  6.900000e+01
     vertex -4.737819e+01 -2.275330e+01  6.300000e+01
     vertex -4.731739e+01 -2.275742e+01  6.300000e+01
   endloop
 endfacet
 facet normal -6.765502e-02 -9.977088e-01  0.000000e+00
   outer loop
     vertex -4.737819e+01 -2.275330e+01  6.900000e+01
     vertex -4.731739e+01 -2.275742e+01  6.300000e+01
     vertex -4.731739e+01 -2.275742e+01  6.900000e+01
   endloop
 endfacet
 facet normal -4.061287e-02 -9.991750e-01 -0.000000e+00
   outer loop
     vertex -4.743907e+01 -2.275083e+01  6.900000e+01
     vertex -4.743907e+01 -2.275083e+01  6.300000e+01
     vertex -4.737819e+01 -2.275330e+01  6.300000e+01
   endloop
 endfacet
 facet normal -4.061287e-02 -9.991750e-01  0.000000e+00
   outer loop
     vertex -4.743907e+01 -2.275083e+01  6.900000e+01
     vertex -4.737819e+01 -2.275330e+01  6.300000e+01
     vertex -4.737819e+01 -2.275330e+01  6.900000e+01
   endloop
 endfacet
 facet normal -1.354093e-02 -9.999083e-01  0.000000e+00
   outer loop
     vertex -4.750000e+01 -2.275000e+01  6.900000e+01
     vertex -4.743907e+01 -2.275083e+01  6.300000e+01
     vertex -4.743907e+01 -2.275083e+01  6.900000e+01
   endloop
 endfacet
 facet normal -1.354093e-02 -9.999083e-01 -0.000000e+00
   outer loop
     vertex -4.750000e+01 -2.275000e+01  6.900000e+01
     vertex -4.750000e+01 -2.275000e+01  6.300000e+01
     vertex -4.743907e+01 -2.275083e+01  6.300000e+01
   endloop
 endfacet
 facet normal  1.365867e-02 -9.999067e-01  0.000000e+00
   outer loop
     vertex  4.743854e+01 -2.275084e+01  6.900000e+01
     vertex  4.750000e+01 -2.275000e+01  6.300000e+01
     vertex  4.750000e+01 -2.275000e+01  6.900000e+01
   endloop
 endfacet
 facet normal  1.365867e-02 -9.999067e-01  0.000000e+00
   outer loop
     vertex  4.743854e+01 -2.275084e+01  6.900000e+01
     vertex  4.743854e+01 -2.275084e+01  6.300000e+01
     vertex  4.750000e+01 -2.275000e+01  6.300000e+01
   endloop
 endfacet
 facet normal  4.096583e-02 -9.991605e-01  0.000000e+00
   outer loop
     vertex  4.737713e+01 -2.275336e+01  6.900000e+01
     vertex  4.737713e+01 -2.275336e+01  6.300000e+01
     vertex  4.743854e+01 -2.275084e+01  6.300000e+01
   endloop
 endfacet
 facet normal  6.824241e-02 -9.976688e-01  0.000000e+00
   outer loop
     vertex  4.737713e+01 -2.275336e+01  6.900000e+01
     vertex  4.731581e+01 -2.275755e+01  6.300000e+01
     vertex  4.737713e+01 -2.275336e+01  6.300000e+01
   endloop
 endfacet
 facet normal  4.096583e-02 -9.991605e-01  0.000000e+00
   outer loop
     vertex  4.737713e+01 -2.275336e+01  6.900000e+01
     vertex  4.743854e+01 -2.275084e+01  6.300000e+01
     vertex  4.743854e+01 -2.275084e+01  6.900000e+01
   endloop
 endfacet
 facet normal  6.824241e-02 -9.976688e-01  0.000000e+00
   outer loop
     vertex  4.731581e+01 -2.275755e+01  6.900000e+01
     vertex  4.731581e+01 -2.275755e+01  6.300000e+01
     vertex  4.737713e+01 -2.275336e+01  6.900000e+01
   endloop
 endfacet
 facet normal  9.546807e-02 -9.954325e-01  0.000000e+00
   outer loop
     vertex  4.725463e+01 -2.276342e+01  6.900000e+01
     vertex  4.725463e+01 -2.276342e+01  6.300000e+01
     vertex  4.731581e+01 -2.275755e+01  6.300000e+01
   endloop
 endfacet
 facet normal  9.546807e-02 -9.954325e-01  0.000000e+00
   outer loop
     vertex  4.725463e+01 -2.276342e+01  6.900000e+01
     vertex  4.731581e+01 -2.275755e+01  6.300000e+01
     vertex  4.731581e+01 -2.275755e+01  6.900000e+01
   endloop
 endfacet
 facet normal  1.226225e-01 -9.924534e-01  0.000000e+00
   outer loop
     vertex  4.719363e+01 -2.277096e+01  6.900000e+01
     vertex  4.719363e+01 -2.277096e+01  6.300000e+01
     vertex  4.725463e+01 -2.276342e+01  6.300000e+01
   endloop
 endfacet
 facet normal  1.226225e-01 -9.924534e-01  0.000000e+00
   outer loop
     vertex  4.719363e+01 -2.277096e+01  6.900000e+01
     vertex  4.725463e+01 -2.276342e+01  6.300000e+01
     vertex  4.725463e+01 -2.276342e+01  6.900000e+01
   endloop
 endfacet
 facet normal  1.496854e-01 -9.887337e-01  0.000000e+00
   outer loop
     vertex  4.713285e+01 -2.278016e+01  6.900000e+01
     vertex  4.713285e+01 -2.278016e+01  6.300000e+01
     vertex  4.719363e+01 -2.277096e+01  6.300000e+01
   endloop
 endfacet
 facet normal  1.496854e-01 -9.887337e-01  0.000000e+00
   outer loop
     vertex  4.713285e+01 -2.278016e+01  6.900000e+01
     vertex  4.719363e+01 -2.277096e+01  6.300000e+01
     vertex  4.719363e+01 -2.277096e+01  6.900000e+01
   endloop
 endfacet
 facet normal  1.766366e-01 -9.842761e-01  0.000000e+00
   outer loop
     vertex  4.707236e+01 -2.279101e+01  6.900000e+01
     vertex  4.707236e+01 -2.279101e+01  6.300000e+01
     vertex  4.713285e+01 -2.278016e+01  6.300000e+01
   endloop
 endfacet
 facet normal  1.766366e-01 -9.842761e-01  0.000000e+00
   outer loop
     vertex  4.707236e+01 -2.279101e+01  6.900000e+01
     vertex  4.713285e+01 -2.278016e+01  6.300000e+01
     vertex  4.713285e+01 -2.278016e+01  6.900000e+01
   endloop
 endfacet
 facet normal  2.034560e-01 -9.790841e-01  0.000000e+00
   outer loop
     vertex  4.701218e+01 -2.280352e+01  6.900000e+01
     vertex  4.701218e+01 -2.280352e+01  6.300000e+01
     vertex  4.707236e+01 -2.279101e+01  6.300000e+01
   endloop
 endfacet
 facet normal  2.301236e-01 -9.731614e-01  0.000000e+00
   outer loop
     vertex  4.701218e+01 -2.280352e+01  6.900000e+01
     vertex  4.695236e+01 -2.281766e+01  6.300000e+01
     vertex  4.701218e+01 -2.280352e+01  6.300000e+01
   endloop
 endfacet
 facet normal  2.034560e-01 -9.790841e-01  0.000000e+00
   outer loop
     vertex  4.701218e+01 -2.280352e+01  6.900000e+01
     vertex  4.707236e+01 -2.279101e+01  6.300000e+01
     vertex  4.707236e+01 -2.279101e+01  6.900000e+01
   endloop
 endfacet
 facet normal  2.301236e-01 -9.731614e-01  0.000000e+00
   outer loop
     vertex  4.695236e+01 -2.281766e+01  6.900000e+01
     vertex  4.695236e+01 -2.281766e+01  6.300000e+01
     vertex  4.701218e+01 -2.280352e+01  6.900000e+01
   endloop
 endfacet
 facet normal  2.566194e-01 -9.665125e-01  0.000000e+00
   outer loop
     vertex  4.689296e+01 -2.283344e+01  6.900000e+01
     vertex  4.689296e+01 -2.283344e+01  6.300000e+01
     vertex  4.695236e+01 -2.281766e+01  6.300000e+01
   endloop
 endfacet
 facet normal  2.566194e-01 -9.665125e-01  0.000000e+00
   outer loop
     vertex  4.689296e+01 -2.283344e+01  6.900000e+01
     vertex  4.695236e+01 -2.281766e+01  6.300000e+01
     vertex  4.695236e+01 -2.281766e+01  6.900000e+01
   endloop
 endfacet
 facet normal  2.829238e-01 -9.591424e-01  0.000000e+00
   outer loop
     vertex  4.683400e+01 -2.285083e+01  6.900000e+01
     vertex  4.683400e+01 -2.285083e+01  6.300000e+01
     vertex  4.689296e+01 -2.283344e+01  6.300000e+01
   endloop
 endfacet
 facet normal  2.829238e-01 -9.591424e-01  0.000000e+00
   outer loop
     vertex  4.683400e+01 -2.285083e+01  6.900000e+01
     vertex  4.689296e+01 -2.283344e+01  6.300000e+01
     vertex  4.689296e+01 -2.283344e+01  6.900000e+01
   endloop
 endfacet
 facet normal  3.090170e-01 -9.510565e-01  0.000000e+00
   outer loop
     vertex  4.677555e+01 -2.286982e+01  6.900000e+01
     vertex  4.677555e+01 -2.286982e+01  6.300000e+01
     vertex  4.683400e+01 -2.285083e+01  6.300000e+01
   endloop
 endfacet
 facet normal  3.090170e-01 -9.510565e-01  0.000000e+00
   outer loop
     vertex  4.677555e+01 -2.286982e+01  6.900000e+01
     vertex  4.683400e+01 -2.285083e+01  6.300000e+01
     vertex  4.683400e+01 -2.285083e+01  6.900000e+01
   endloop
 endfacet
 facet normal  3.348796e-01 -9.422609e-01  0.000000e+00
   outer loop
     vertex  4.671763e+01 -2.289040e+01  6.900000e+01
     vertex  4.671763e+01 -2.289040e+01  6.300000e+01
     vertex  4.677555e+01 -2.286982e+01  6.300000e+01
   endloop
 endfacet
 facet normal  3.348796e-01 -9.422609e-01  0.000000e+00
   outer loop
     vertex  4.671763e+01 -2.289040e+01  6.900000e+01
     vertex  4.677555e+01 -2.286982e+01  6.300000e+01
     vertex  4.677555e+01 -2.286982e+01  6.900000e+01
   endloop
 endfacet
 facet normal  3.604923e-01 -9.327622e-01  0.000000e+00
   outer loop
     vertex  4.666030e+01 -2.291256e+01  6.900000e+01
     vertex  4.666030e+01 -2.291256e+01  6.300000e+01
     vertex  4.671763e+01 -2.289040e+01  6.300000e+01
   endloop
 endfacet
 facet normal  3.604923e-01 -9.327622e-01  0.000000e+00
   outer loop
     vertex  4.666030e+01 -2.291256e+01  6.900000e+01
     vertex  4.671763e+01 -2.289040e+01  6.300000e+01
     vertex  4.671763e+01 -2.289040e+01  6.900000e+01
   endloop
 endfacet
 facet normal  3.858360e-01 -9.225674e-01  0.000000e+00
   outer loop
     vertex  4.660360e+01 -2.293627e+01  6.900000e+01
     vertex  4.660360e+01 -2.293627e+01  6.300000e+01
     vertex  4.666030e+01 -2.291256e+01  6.300000e+01
   endloop
 endfacet
 facet normal  3.858360e-01 -9.225674e-01  0.000000e+00
   outer loop
     vertex  4.660360e+01 -2.293627e+01  6.900000e+01
     vertex  4.666030e+01 -2.291256e+01  6.300000e+01
     vertex  4.666030e+01 -2.291256e+01  6.900000e+01
   endloop
 endfacet
 facet normal  4.108918e-01 -9.116841e-01  0.000000e+00
   outer loop
     vertex  4.654756e+01 -2.296153e+01  6.900000e+01
     vertex  4.654756e+01 -2.296153e+01  6.300000e+01
     vertex  4.660360e+01 -2.293627e+01  6.300000e+01
   endloop
 endfacet
 facet normal  4.356410e-01 -9.001205e-01  0.000000e+00
   outer loop
     vertex  4.654756e+01 -2.296153e+01  6.900000e+01
     vertex  4.649224e+01 -2.298831e+01  6.300000e+01
     vertex  4.654756e+01 -2.296153e+01  6.300000e+01
   endloop
 endfacet
 facet normal  4.108918e-01 -9.116841e-01  0.000000e+00
   outer loop
     vertex  4.654756e+01 -2.296153e+01  6.900000e+01
     vertex  4.660360e+01 -2.293627e+01  6.300000e+01
     vertex  4.660360e+01 -2.293627e+01  6.900000e+01
   endloop
 endfacet
 facet normal  4.356410e-01 -9.001205e-01  0.000000e+00
   outer loop
     vertex  4.649224e+01 -2.298831e+01  6.900000e+01
     vertex  4.649224e+01 -2.298831e+01  6.300000e+01
     vertex  4.654756e+01 -2.296153e+01  6.900000e+01
   endloop
 endfacet
 facet normal  4.600650e-01 -8.878852e-01  0.000000e+00
   outer loop
     vertex  4.643766e+01 -2.301658e+01  6.900000e+01
     vertex  4.649224e+01 -2.298831e+01  6.300000e+01
     vertex  4.649224e+01 -2.298831e+01  6.900000e+01
   endloop
 endfacet
 facet normal  4.600650e-01 -8.878852e-01  0.000000e+00
   outer loop
     vertex  4.643766e+01 -2.301658e+01  6.900000e+01
     vertex  4.643766e+01 -2.301658e+01  6.300000e+01
     vertex  4.649224e+01 -2.298831e+01  6.300000e+01
   endloop
 endfacet
 facet normal  4.841458e-01 -8.749873e-01  0.000000e+00
   outer loop
     vertex  4.638388e+01 -2.304634e+01  6.900000e+01
     vertex  4.643766e+01 -2.301658e+01  6.300000e+01
     vertex  4.643766e+01 -2.301658e+01  6.900000e+01
   endloop
 endfacet
 facet normal  4.841458e-01 -8.749873e-01  0.000000e+00
   outer loop
     vertex  4.638388e+01 -2.304634e+01  6.900000e+01
     vertex  4.638388e+01 -2.304634e+01  6.300000e+01
     vertex  4.643766e+01 -2.301658e+01  6.300000e+01
   endloop
 endfacet
 facet normal  5.078652e-01 -8.614365e-01  0.000000e+00
   outer loop
     vertex  4.633094e+01 -2.307756e+01  6.900000e+01
     vertex  4.638388e+01 -2.304634e+01  6.300000e+01
     vertex  4.638388e+01 -2.304634e+01  6.900000e+01
   endloop
 endfacet
 facet normal  5.078652e-01 -8.614365e-01  0.000000e+00
   outer loop
     vertex  4.633094e+01 -2.307756e+01  6.900000e+01
     vertex  4.633094e+01 -2.307756e+01  6.300000e+01
     vertex  4.638388e+01 -2.304634e+01  6.300000e+01
   endloop
 endfacet
 facet normal  5.312057e-01 -8.472429e-01  0.000000e+00
   outer loop
     vertex  4.627886e+01 -2.311021e+01  6.900000e+01
     vertex  4.633094e+01 -2.307756e+01  6.300000e+01
     vertex  4.633094e+01 -2.307756e+01  6.900000e+01
   endloop
 endfacet
 facet normal  5.312057e-01 -8.472429e-01  0.000000e+00
   outer loop
     vertex  4.627886e+01 -2.311021e+01  6.900000e+01
     vertex  4.627886e+01 -2.311021e+01  6.300000e+01
     vertex  4.633094e+01 -2.307756e+01  6.300000e+01
   endloop
 endfacet
 facet normal  5.541498e-01 -8.324170e-01  0.000000e+00
   outer loop
     vertex  4.622770e+01 -2.314427e+01  6.900000e+01
     vertex  4.627886e+01 -2.311021e+01  6.300000e+01
     vertex  4.627886e+01 -2.311021e+01  6.900000e+01
   endloop
 endfacet
 facet normal  5.541498e-01 -8.324170e-01  0.000000e+00
   outer loop
     vertex  4.622770e+01 -2.314427e+01  6.900000e+01
     vertex  4.622770e+01 -2.314427e+01  6.300000e+01
     vertex  4.627886e+01 -2.311021e+01  6.300000e+01
   endloop
 endfacet
 facet normal  5.766803e-01 -8.169699e-01  0.000000e+00
   outer loop
     vertex  4.622770e+01 -2.314427e+01  6.900000e+01
     vertex  4.617748e+01 -2.317971e+01  6.300000e+01
     vertex  4.622770e+01 -2.314427e+01  6.300000e+01
   endloop
 endfacet
 facet normal  5.766803e-01 -8.169699e-01  0.000000e+00
   outer loop
     vertex  4.617748e+01 -2.317971e+01  6.900000e+01
     vertex  4.617748e+01 -2.317971e+01  6.300000e+01
     vertex  4.622770e+01 -2.314427e+01  6.900000e+01
   endloop
 endfacet
 facet normal  5.987805e-01 -8.009132e-01  0.000000e+00
   outer loop
     vertex  4.617748e+01 -2.317971e+01  6.900000e+01
     vertex  4.612826e+01 -2.321652e+01  6.300000e+01
     vertex  4.617748e+01 -2.317971e+01  6.300000e+01
   endloop
 endfacet
 facet normal  5.987805e-01 -8.009132e-01  0.000000e+00
   outer loop
     vertex  4.612826e+01 -2.321652e+01  6.900000e+01
     vertex  4.612826e+01 -2.321652e+01  6.300000e+01
     vertex  4.617748e+01 -2.317971e+01  6.900000e+01
   endloop
 endfacet
 facet normal  6.204339e-01 -7.842588e-01  0.000000e+00
   outer loop
     vertex  4.608005e+01 -2.325465e+01  6.900000e+01
     vertex  4.612826e+01 -2.321652e+01  6.300000e+01
     vertex  4.612826e+01 -2.321652e+01  6.900000e+01
   endloop
 endfacet
 facet normal  6.204339e-01 -7.842588e-01  0.000000e+00
   outer loop
     vertex  4.608005e+01 -2.325465e+01  6.900000e+01
     vertex  4.608005e+01 -2.325465e+01  6.300000e+01
     vertex  4.612826e+01 -2.321652e+01  6.300000e+01
   endloop
 endfacet
 facet normal  6.416243e-01 -7.670191e-01  0.000000e+00
   outer loop
     vertex  4.603291e+01 -2.329409e+01  6.900000e+01
     vertex  4.608005e+01 -2.325465e+01  6.300000e+01
     vertex  4.608005e+01 -2.325465e+01  6.900000e+01
   endloop
 endfacet
 facet normal  6.416243e-01 -7.670191e-01  0.000000e+00
   outer loop
     vertex  4.603291e+01 -2.329409e+01  6.900000e+01
     vertex  4.603291e+01 -2.329409e+01  6.300000e+01
     vertex  4.608005e+01 -2.325465e+01  6.300000e+01
   endloop
 endfacet
 facet normal  6.623358e-01 -7.492071e-01  0.000000e+00
   outer loop
     vertex  4.598686e+01 -2.333480e+01  6.900000e+01
     vertex  4.598686e+01 -2.333480e+01  6.300000e+01
     vertex  4.603291e+01 -2.329409e+01  6.300000e+01
   endloop
 endfacet
 facet normal  6.623358e-01 -7.492071e-01  0.000000e+00
   outer loop
     vertex  4.598686e+01 -2.333480e+01  6.900000e+01
     vertex  4.603291e+01 -2.329409e+01  6.300000e+01
     vertex  4.603291e+01 -2.329409e+01  6.900000e+01
   endloop
 endfacet
 facet normal  6.825531e-01 -7.308360e-01  0.000000e+00
   outer loop
     vertex  4.594194e+01 -2.337675e+01  6.900000e+01
     vertex  4.594194e+01 -2.337675e+01  6.300000e+01
     vertex  4.598686e+01 -2.333480e+01  6.300000e+01
   endloop
 endfacet
 facet normal  7.022611e-01 -7.119195e-01  0.000000e+00
   outer loop
     vertex  4.594194e+01 -2.337675e+01  6.900000e+01
     vertex  4.589818e+01 -2.341991e+01  6.300000e+01
     vertex  4.594194e+01 -2.337675e+01  6.300000e+01
   endloop
 endfacet
 facet normal  6.825531e-01 -7.308360e-01  0.000000e+00
   outer loop
     vertex  4.594194e+01 -2.337675e+01  6.900000e+01
     vertex  4.598686e+01 -2.333480e+01  6.300000e+01
     vertex  4.598686e+01 -2.333480e+01  6.900000e+01
   endloop
 endfacet
 facet normal  7.022611e-01 -7.119195e-01  0.000000e+00
   outer loop
     vertex  4.589818e+01 -2.341991e+01  6.900000e+01
     vertex  4.589818e+01 -2.341991e+01  6.300000e+01
     vertex  4.594194e+01 -2.337675e+01  6.900000e+01
   endloop
 endfacet
 facet normal  7.214450e-01 -6.924717e-01  0.000000e+00
   outer loop
     vertex  4.585562e+01 -2.346426e+01  6.900000e+01
     vertex  4.585562e+01 -2.346426e+01  6.300000e+01
     vertex  4.589818e+01 -2.341991e+01  6.300000e+01
   endloop
 endfacet
 facet normal  7.400906e-01 -6.725072e-01  0.000000e+00
   outer loop
     vertex  4.585562e+01 -2.346426e+01  6.900000e+01
     vertex  4.581428e+01 -2.350974e+01  6.300000e+01
     vertex  4.585562e+01 -2.346426e+01  6.300000e+01
   endloop
 endfacet
 facet normal  7.214450e-01 -6.924717e-01  0.000000e+00
   outer loop
     vertex  4.585562e+01 -2.346426e+01  6.900000e+01
     vertex  4.589818e+01 -2.341991e+01  6.300000e+01
     vertex  4.589818e+01 -2.341991e+01  6.900000e+01
   endloop
 endfacet
 facet normal  7.400906e-01 -6.725072e-01  0.000000e+00
   outer loop
     vertex  4.581428e+01 -2.350974e+01  6.900000e+01
     vertex  4.581428e+01 -2.350974e+01  6.300000e+01
     vertex  4.585562e+01 -2.346426e+01  6.900000e+01
   endloop
 endfacet
 facet normal  7.581838e-01 -6.520409e-01  0.000000e+00
   outer loop
     vertex  4.577421e+01 -2.355635e+01  6.900000e+01
     vertex  4.577421e+01 -2.355635e+01  6.300000e+01
     vertex  4.581428e+01 -2.350974e+01  6.300000e+01
   endloop
 endfacet
 facet normal  7.757113e-01 -6.310879e-01  0.000000e+00
   outer loop
     vertex  4.577421e+01 -2.355635e+01  6.900000e+01
     vertex  4.573542e+01 -2.360402e+01  6.300000e+01
     vertex  4.577421e+01 -2.355635e+01  6.300000e+01
   endloop
 endfacet
 facet normal  7.581838e-01 -6.520409e-01  0.000000e+00
   outer loop
     vertex  4.577421e+01 -2.355635e+01  6.900000e+01
     vertex  4.581428e+01 -2.350974e+01  6.300000e+01
     vertex  4.581428e+01 -2.350974e+01  6.900000e+01
   endloop
 endfacet
 facet normal  7.757113e-01 -6.310879e-01  0.000000e+00
   outer loop
     vertex  4.573542e+01 -2.360402e+01  6.900000e+01
     vertex  4.573542e+01 -2.360402e+01  6.300000e+01
     vertex  4.577421e+01 -2.355635e+01  6.900000e+01
   endloop
 endfacet
 facet normal  7.926599e-01 -6.096641e-01  0.000000e+00
   outer loop
     vertex  4.569795e+01 -2.365274e+01  6.900000e+01
     vertex  4.569795e+01 -2.365274e+01  6.300000e+01
     vertex  4.573542e+01 -2.360402e+01  6.300000e+01
   endloop
 endfacet
 facet normal  7.926599e-01 -6.096641e-01  0.000000e+00
   outer loop
     vertex  4.569795e+01 -2.365274e+01  6.900000e+01
     vertex  4.573542e+01 -2.360402e+01  6.300000e+01
     vertex  4.573542e+01 -2.360402e+01  6.900000e+01
   endloop
 endfacet
 facet normal  8.090170e-01 -5.877853e-01  0.000000e+00
   outer loop
     vertex  4.566182e+01 -2.370247e+01  6.900000e+01
     vertex  4.566182e+01 -2.370247e+01  6.300000e+01
     vertex  4.569795e+01 -2.365274e+01  6.300000e+01
   endloop
 endfacet
 facet normal  8.090170e-01 -5.877853e-01  0.000000e+00
   outer loop
     vertex  4.566182e+01 -2.370247e+01  6.900000e+01
     vertex  4.569795e+01 -2.365274e+01  6.300000e+01
     vertex  4.569795e+01 -2.365274e+01  6.900000e+01
   endloop
 endfacet
 facet normal  8.247704e-01 -5.654678e-01  0.000000e+00
   outer loop
     vertex  4.562706e+01 -2.375316e+01  6.900000e+01
     vertex  4.562706e+01 -2.375316e+01  6.300000e+01
     vertex  4.566182e+01 -2.370247e+01  6.300000e+01
   endloop
 endfacet
 facet normal  8.247704e-01 -5.654678e-01  0.000000e+00
   outer loop
     vertex  4.562706e+01 -2.375316e+01  6.900000e+01
     vertex  4.566182e+01 -2.370247e+01  6.300000e+01
     vertex  4.566182e+01 -2.370247e+01  6.900000e+01
   endloop
 endfacet
 facet normal  8.399083e-01 -5.427284e-01  0.000000e+00
   outer loop
     vertex  4.559370e+01 -2.380479e+01  6.900000e+01
     vertex  4.559370e+01 -2.380479e+01  6.300000e+01
     vertex  4.562706e+01 -2.375316e+01  6.300000e+01
   endloop
 endfacet
 facet normal  8.399083e-01 -5.427284e-01  0.000000e+00
   outer loop
     vertex  4.559370e+01 -2.380479e+01  6.900000e+01
     vertex  4.562706e+01 -2.375316e+01  6.300000e+01
     vertex  4.562706e+01 -2.375316e+01  6.900000e+01
   endloop
 endfacet
 facet normal  8.544194e-01 -5.195840e-01  0.000000e+00
   outer loop
     vertex  4.556177e+01 -2.385730e+01  6.900000e+01
     vertex  4.556177e+01 -2.385730e+01  6.300000e+01
     vertex  4.559370e+01 -2.380479e+01  6.300000e+01
   endloop
 endfacet
 facet normal  8.544194e-01 -5.195840e-01  0.000000e+00
   outer loop
     vertex  4.556177e+01 -2.385730e+01  6.900000e+01
     vertex  4.559370e+01 -2.380479e+01  6.300000e+01
     vertex  4.559370e+01 -2.380479e+01  6.900000e+01
   endloop
 endfacet
 facet normal  8.682929e-01 -4.960518e-01  0.000000e+00
   outer loop
     vertex  4.553128e+01 -2.391067e+01  6.900000e+01
     vertex  4.553128e+01 -2.391067e+01  6.300000e+01
     vertex  4.556177e+01 -2.385730e+01  6.300000e+01
   endloop
 endfacet
 facet normal  8.682929e-01 -4.960518e-01  0.000000e+00
   outer loop
     vertex  4.553128e+01 -2.391067e+01  6.900000e+01
     vertex  4.556177e+01 -2.385730e+01  6.300000e+01
     vertex  4.556177e+01 -2.385730e+01  6.900000e+01
   endloop
 endfacet
 facet normal  8.815185e-01 -4.721495e-01  0.000000e+00
   outer loop
     vertex  4.550226e+01 -2.396485e+01  6.900000e+01
     vertex  4.550226e+01 -2.396485e+01  6.300000e+01
     vertex  4.553128e+01 -2.391067e+01  6.300000e+01
   endloop
 endfacet
 facet normal  8.940863e-01 -4.478948e-01  0.000000e+00
   outer loop
     vertex  4.550226e+01 -2.396485e+01  6.900000e+01
     vertex  4.547473e+01 -2.401981e+01  6.300000e+01
     vertex  4.550226e+01 -2.396485e+01  6.300000e+01
   endloop
 endfacet
 facet normal  8.815185e-01 -4.721495e-01  0.000000e+00
   outer loop
     vertex  4.550226e+01 -2.396485e+01  6.900000e+01
     vertex  4.553128e+01 -2.391067e+01  6.300000e+01
     vertex  4.553128e+01 -2.391067e+01  6.900000e+01
   endloop
 endfacet
 facet normal  8.940863e-01 -4.478948e-01  0.000000e+00
   outer loop
     vertex  4.547473e+01 -2.401981e+01  6.900000e+01
     vertex  4.547473e+01 -2.401981e+01  6.300000e+01
     vertex  4.550226e+01 -2.396485e+01  6.900000e+01
   endloop
 endfacet
 facet normal  9.059868e-01 -4.233059e-01  0.000000e+00
   outer loop
     vertex  4.544871e+01 -2.407549e+01  6.900000e+01
     vertex  4.544871e+01 -2.407549e+01  6.300000e+01
     vertex  4.547473e+01 -2.401981e+01  6.300000e+01
   endloop
 endfacet
 facet normal  9.059868e-01 -4.233059e-01  0.000000e+00
   outer loop
     vertex  4.544871e+01 -2.407549e+01  6.900000e+01
     vertex  4.547473e+01 -2.401981e+01  6.300000e+01
     vertex  4.547473e+01 -2.401981e+01  6.900000e+01
   endloop
 endfacet
 facet normal  9.172113e-01 -3.984011e-01  0.000000e+00
   outer loop
     vertex  4.542422e+01 -2.413187e+01  6.900000e+01
     vertex  4.544871e+01 -2.407549e+01  6.300000e+01
     vertex  4.544871e+01 -2.407549e+01  6.900000e+01
   endloop
 endfacet
 facet normal  9.172113e-01 -3.984011e-01  0.000000e+00
   outer loop
     vertex  4.542422e+01 -2.413187e+01  6.900000e+01
     vertex  4.542422e+01 -2.413187e+01  6.300000e+01
     vertex  4.544871e+01 -2.407549e+01  6.300000e+01
   endloop
 endfacet
 facet normal  9.277513e-01 -3.731990e-01  0.000000e+00
   outer loop
     vertex  4.540129e+01 -2.418889e+01  6.900000e+01
     vertex  4.542422e+01 -2.413187e+01  6.300000e+01
     vertex  4.542422e+01 -2.413187e+01  6.900000e+01
   endloop
 endfacet
 facet normal  9.277513e-01 -3.731990e-01  0.000000e+00
   outer loop
     vertex  4.540129e+01 -2.418889e+01  6.900000e+01
     vertex  4.540129e+01 -2.418889e+01  6.300000e+01
     vertex  4.542422e+01 -2.413187e+01  6.300000e+01
   endloop
 endfacet
 facet normal  9.375990e-01 -3.477184e-01  0.000000e+00
   outer loop
     vertex  4.540129e+01 -2.418889e+01  6.900000e+01
     vertex  4.537991e+01 -2.424652e+01  6.300000e+01
     vertex  4.540129e+01 -2.418889e+01  6.300000e+01
   endloop
 endfacet
 facet normal  9.375990e-01 -3.477184e-01  0.000000e+00
   outer loop
     vertex  4.537991e+01 -2.424652e+01  6.900000e+01
     vertex  4.537991e+01 -2.424652e+01  6.300000e+01
     vertex  4.540129e+01 -2.418889e+01  6.900000e+01
   endloop
 endfacet
 facet normal  9.467470e-01 -3.219783e-01  0.000000e+00
   outer loop
     vertex  4.536012e+01 -2.430471e+01  6.900000e+01
     vertex  4.537991e+01 -2.424652e+01  6.300000e+01
     vertex  4.537991e+01 -2.424652e+01  6.900000e+01
   endloop
 endfacet
 facet normal  9.467470e-01 -3.219783e-01  0.000000e+00
   outer loop
     vertex  4.536012e+01 -2.430471e+01  6.900000e+01
     vertex  4.536012e+01 -2.430471e+01  6.300000e+01
     vertex  4.537991e+01 -2.424652e+01  6.300000e+01
   endloop
 endfacet
 facet normal  9.551886e-01 -2.959980e-01  0.000000e+00
   outer loop
     vertex  4.534193e+01 -2.436342e+01  6.900000e+01
     vertex  4.536012e+01 -2.430471e+01  6.300000e+01
     vertex  4.536012e+01 -2.430471e+01  6.900000e+01
   endloop
 endfacet
 facet normal  9.551886e-01 -2.959980e-01  0.000000e+00
   outer loop
     vertex  4.534193e+01 -2.436342e+01  6.900000e+01
     vertex  4.534193e+01 -2.436342e+01  6.300000e+01
     vertex  4.536012e+01 -2.430471e+01  6.300000e+01
   endloop
 endfacet
 facet normal  9.629173e-01 -2.697968e-01  0.000000e+00
   outer loop
     vertex  4.532535e+01 -2.442261e+01  6.900000e+01
     vertex  4.534193e+01 -2.436342e+01  6.300000e+01
     vertex  4.534193e+01 -2.436342e+01  6.900000e+01
   endloop
 endfacet
 facet normal  9.629173e-01 -2.697968e-01  0.000000e+00
   outer loop
     vertex  4.532535e+01 -2.442261e+01  6.900000e+01
     vertex  4.532535e+01 -2.442261e+01  6.300000e+01
     vertex  4.534193e+01 -2.436342e+01  6.300000e+01
   endloop
 endfacet
 facet normal  9.699274e-01 -2.433942e-01  0.000000e+00
   outer loop
     vertex  4.531039e+01 -2.448222e+01  6.900000e+01
     vertex  4.532535e+01 -2.442261e+01  6.300000e+01
     vertex  4.532535e+01 -2.442261e+01  6.900000e+01
   endloop
 endfacet
 facet normal  9.699274e-01 -2.433942e-01  0.000000e+00
   outer loop
     vertex  4.531039e+01 -2.448222e+01  6.900000e+01
     vertex  4.531039e+01 -2.448222e+01  6.300000e+01
     vertex  4.532535e+01 -2.442261e+01  6.300000e+01
   endloop
 endfacet
 facet normal  9.762138e-01 -2.168100e-01  0.000000e+00
   outer loop
     vertex  4.529706e+01 -2.454222e+01  6.900000e+01
     vertex  4.531039e+01 -2.448222e+01  6.300000e+01
     vertex  4.531039e+01 -2.448222e+01  6.900000e+01
   endloop
 endfacet
 facet normal  9.762138e-01 -2.168100e-01  0.000000e+00
   outer loop
     vertex  4.529706e+01 -2.454222e+01  6.900000e+01
     vertex  4.529706e+01 -2.454222e+01  6.300000e+01
     vertex  4.531039e+01 -2.448222e+01  6.300000e+01
   endloop
 endfacet
 facet normal  9.817717e-01 -1.900640e-01  0.000000e+00
   outer loop
     vertex  4.528538e+01 -2.460257e+01  6.900000e+01
     vertex  4.529706e+01 -2.454222e+01  6.300000e+01
     vertex  4.529706e+01 -2.454222e+01  6.900000e+01
   endloop
 endfacet
 facet normal  9.817717e-01 -1.900640e-01  0.000000e+00
   outer loop
     vertex  4.528538e+01 -2.460257e+01  6.900000e+01
     vertex  4.528538e+01 -2.460257e+01  6.300000e+01
     vertex  4.529706e+01 -2.454222e+01  6.300000e+01
   endloop
 endfacet
 facet normal  9.865969e-01 -1.631762e-01  0.000000e+00
   outer loop
     vertex  4.527535e+01 -2.466321e+01  6.900000e+01
     vertex  4.528538e+01 -2.460257e+01  6.300000e+01
     vertex  4.528538e+01 -2.460257e+01  6.900000e+01
   endloop
 endfacet
 facet normal  9.865969e-01 -1.631762e-01  0.000000e+00
   outer loop
     vertex  4.527535e+01 -2.466321e+01  6.900000e+01
     vertex  4.527535e+01 -2.466321e+01  6.300000e+01
     vertex  4.528538e+01 -2.460257e+01  6.300000e+01
   endloop
 endfacet
 facet normal  9.906859e-01 -1.361666e-01  0.000000e+00
   outer loop
     vertex  4.526698e+01 -2.472410e+01  6.900000e+01
     vertex  4.527535e+01 -2.466321e+01  6.300000e+01
     vertex  4.527535e+01 -2.466321e+01  6.900000e+01
   endloop
 endfacet
 facet normal  9.906859e-01 -1.361666e-01  0.000000e+00
   outer loop
     vertex  4.526698e+01 -2.472410e+01  6.900000e+01
     vertex  4.526698e+01 -2.472410e+01  6.300000e+01
     vertex  4.527535e+01 -2.466321e+01  6.300000e+01
   endloop
 endfacet
 facet normal  9.940357e-01 -1.090555e-01  0.000000e+00
   outer loop
     vertex  4.526028e+01 -2.478520e+01  6.900000e+01
     vertex  4.526698e+01 -2.472410e+01  6.300000e+01
     vertex  4.526698e+01 -2.472410e+01  6.900000e+01
   endloop
 endfacet
 facet normal  9.940357e-01 -1.090555e-01  0.000000e+00
   outer loop
     vertex  4.526028e+01 -2.478520e+01  6.900000e+01
     vertex  4.526028e+01 -2.478520e+01  6.300000e+01
     vertex  4.526698e+01 -2.472410e+01  6.300000e+01
   endloop
 endfacet
 facet normal  9.966436e-01 -8.186288e-02  0.000000e+00
   outer loop
     vertex  4.525525e+01 -2.484645e+01  6.900000e+01
     vertex  4.526028e+01 -2.478520e+01  6.300000e+01
     vertex  4.526028e+01 -2.478520e+01  6.900000e+01
   endloop
 endfacet
 facet normal  9.966436e-01 -8.186288e-02  0.000000e+00
   outer loop
     vertex  4.525525e+01 -2.484645e+01  6.900000e+01
     vertex  4.525525e+01 -2.484645e+01  6.300000e+01
     vertex  4.526028e+01 -2.478520e+01  6.300000e+01
   endloop
 endfacet
 facet normal  9.985078e-01 -5.460922e-02  0.000000e+00
   outer loop
     vertex  4.525189e+01 -2.490783e+01  6.900000e+01
     vertex  4.525525e+01 -2.484645e+01  6.300000e+01
     vertex  4.525525e+01 -2.484645e+01  6.900000e+01
   endloop
 endfacet
 facet normal  9.985078e-01 -5.460922e-02  0.000000e+00
   outer loop
     vertex  4.525189e+01 -2.490783e+01  6.900000e+01
     vertex  4.525189e+01 -2.490783e+01  6.300000e+01
     vertex  4.525525e+01 -2.484645e+01  6.300000e+01
   endloop
 endfacet
 facet normal  9.996269e-01 -2.731480e-02  0.000000e+00
   outer loop
     vertex  4.525021e+01 -2.496927e+01  6.900000e+01
     vertex  4.525189e+01 -2.490783e+01  6.300000e+01
     vertex  4.525189e+01 -2.490783e+01  6.900000e+01
   endloop
 endfacet
 facet normal  9.996269e-01 -2.731480e-02  0.000000e+00
   outer loop
     vertex  4.525021e+01 -2.496927e+01  6.900000e+01
     vertex  4.525021e+01 -2.496927e+01  6.300000e+01
     vertex  4.525189e+01 -2.490783e+01  6.300000e+01
   endloop
 endfacet
 facet normal  1.000000e+00 -0.000000e+00  0.000000e+00
   outer loop
     vertex  4.525021e+01 -2.503073e+01  6.900000e+01
     vertex  4.525021e+01 -2.496927e+01  6.300000e+01
     vertex  4.525021e+01 -2.496927e+01  6.900000e+01
   endloop
 endfacet
 facet normal  1.000000e+00  0.000000e+00  0.000000e+00
   outer loop
     vertex  4.525021e+01 -2.503073e+01  6.900000e+01
     vertex  4.525021e+01 -2.503073e+01  6.300000e+01
     vertex  4.525021e+01 -2.496927e+01  6.300000e+01
   endloop
 endfacet
 facet normal  9.996269e-01  2.731480e-02  0.000000e+00
   outer loop
     vertex  4.525189e+01 -2.509217e+01  6.900000e+01
     vertex  4.525021e+01 -2.503073e+01  6.300000e+01
     vertex  4.525021e+01 -2.503073e+01  6.900000e+01
   endloop
 endfacet
 facet normal  9.996269e-01  2.731480e-02  0.000000e+00
   outer loop
     vertex  4.525189e+01 -2.509217e+01  6.900000e+01
     vertex  4.525189e+01 -2.509217e+01  6.300000e+01
     vertex  4.525021e+01 -2.503073e+01  6.300000e+01
   endloop
 endfacet
 facet normal  9.985078e-01  5.460922e-02  0.000000e+00
   outer loop
     vertex  4.525189e+01 -2.509217e+01  6.900000e+01
     vertex  4.525525e+01 -2.515355e+01  6.300000e+01
     vertex  4.525189e+01 -2.509217e+01  6.300000e+01
   endloop
 endfacet
 facet normal  9.966436e-01  8.186288e-02  0.000000e+00
   outer loop
     vertex  4.525525e+01 -2.515355e+01  6.900000e+01
     vertex  4.526028e+01 -2.521480e+01  6.300000e+01
     vertex  4.525525e+01 -2.515355e+01  6.300000e+01
   endloop
 endfacet
 facet normal  9.985078e-01  5.460922e-02  0.000000e+00
   outer loop
     vertex  4.525525e+01 -2.515355e+01  6.900000e+01
     vertex  4.525525e+01 -2.515355e+01  6.300000e+01
     vertex  4.525189e+01 -2.509217e+01  6.900000e+01
   endloop
 endfacet
 facet normal  9.966436e-01  8.186288e-02  0.000000e+00
   outer loop
     vertex  4.526028e+01 -2.521480e+01  6.900000e+01
     vertex  4.526028e+01 -2.521480e+01  6.300000e+01
     vertex  4.525525e+01 -2.515355e+01  6.900000e+01
   endloop
 endfacet
 facet normal  9.940357e-01  1.090555e-01  0.000000e+00
   outer loop
     vertex  4.526698e+01 -2.527590e+01  6.900000e+01
     vertex  4.526698e+01 -2.527590e+01  6.300000e+01
     vertex  4.526028e+01 -2.521480e+01  6.300000e+01
   endloop
 endfacet
 facet normal  9.940357e-01  1.090555e-01  0.000000e+00
   outer loop
     vertex  4.526698e+01 -2.527590e+01  6.900000e+01
     vertex  4.526028e+01 -2.521480e+01  6.300000e+01
     vertex  4.526028e+01 -2.521480e+01  6.900000e+01
   endloop
 endfacet
 facet normal  9.906859e-01  1.361666e-01  0.000000e+00
   outer loop
     vertex  4.527535e+01 -2.533679e+01  6.900000e+01
     vertex  4.527535e+01 -2.533679e+01  6.300000e+01
     vertex  4.526698e+01 -2.527590e+01  6.300000e+01
   endloop
 endfacet
 facet normal  9.906859e-01  1.361666e-01  0.000000e+00
   outer loop
     vertex  4.527535e+01 -2.533679e+01  6.900000e+01
     vertex  4.526698e+01 -2.527590e+01  6.300000e+01
     vertex  4.526698e+01 -2.527590e+01  6.900000e+01
   endloop
 endfacet
 facet normal  9.865969e-01  1.631762e-01  0.000000e+00
   outer loop
     vertex  4.528538e+01 -2.539743e+01  6.900000e+01
     vertex  4.528538e+01 -2.539743e+01  6.300000e+01
     vertex  4.527535e+01 -2.533679e+01  6.300000e+01
   endloop
 endfacet
 facet normal  9.817717e-01  1.900640e-01  0.000000e+00
   outer loop
     vertex  4.528538e+01 -2.539743e+01  6.900000e+01
     vertex  4.529706e+01 -2.545778e+01  6.300000e+01
     vertex  4.528538e+01 -2.539743e+01  6.300000e+01
   endloop
 endfacet
 facet normal  9.865969e-01  1.631762e-01  0.000000e+00
   outer loop
     vertex  4.528538e+01 -2.539743e+01  6.900000e+01
     vertex  4.527535e+01 -2.533679e+01  6.300000e+01
     vertex  4.527535e+01 -2.533679e+01  6.900000e+01
   endloop
 endfacet
 facet normal  9.817717e-01  1.900640e-01  0.000000e+00
   outer loop
     vertex  4.529706e+01 -2.545778e+01  6.900000e+01
     vertex  4.529706e+01 -2.545778e+01  6.300000e+01
     vertex  4.528538e+01 -2.539743e+01  6.900000e+01
   endloop
 endfacet
 facet normal  9.762138e-01  2.168100e-01  0.000000e+00
   outer loop
     vertex  4.531039e+01 -2.551778e+01  6.900000e+01
     vertex  4.531039e+01 -2.551778e+01  6.300000e+01
     vertex  4.529706e+01 -2.545778e+01  6.300000e+01
   endloop
 endfacet
 facet normal  9.762138e-01  2.168100e-01  0.000000e+00
   outer loop
     vertex  4.531039e+01 -2.551778e+01  6.900000e+01
     vertex  4.529706e+01 -2.545778e+01  6.300000e+01
     vertex  4.529706e+01 -2.545778e+01  6.900000e+01
   endloop
 endfacet
 facet normal  9.699274e-01  2.433942e-01  0.000000e+00
   outer loop
     vertex  4.532535e+01 -2.557739e+01  6.900000e+01
     vertex  4.531039e+01 -2.551778e+01  6.300000e+01
     vertex  4.531039e+01 -2.551778e+01  6.900000e+01
   endloop
 endfacet
 facet normal  9.699274e-01  2.433942e-01  0.000000e+00
   outer loop
     vertex  4.532535e+01 -2.557739e+01  6.900000e+01
     vertex  4.532535e+01 -2.557739e+01  6.300000e+01
     vertex  4.531039e+01 -2.551778e+01  6.300000e+01
   endloop
 endfacet
 facet normal  9.629173e-01  2.697968e-01  0.000000e+00
   outer loop
     vertex  4.534193e+01 -2.563658e+01  6.900000e+01
     vertex  4.532535e+01 -2.557739e+01  6.300000e+01
     vertex  4.532535e+01 -2.557739e+01  6.900000e+01
   endloop
 endfacet
 facet normal  9.629173e-01  2.697968e-01  0.000000e+00
   outer loop
     vertex  4.534193e+01 -2.563658e+01  6.900000e+01
     vertex  4.534193e+01 -2.563658e+01  6.300000e+01
     vertex  4.532535e+01 -2.557739e+01  6.300000e+01
   endloop
 endfacet
 facet normal  9.551886e-01  2.959980e-01  0.000000e+00
   outer loop
     vertex  4.534193e+01 -2.563658e+01  6.900000e+01
     vertex  4.536012e+01 -2.569529e+01  6.300000e+01
     vertex  4.534193e+01 -2.563658e+01  6.300000e+01
   endloop
 endfacet
 facet normal  9.551886e-01  2.959980e-01  0.000000e+00
   outer loop
     vertex  4.536012e+01 -2.569529e+01  6.900000e+01
     vertex  4.536012e+01 -2.569529e+01  6.300000e+01
     vertex  4.534193e+01 -2.563658e+01  6.900000e+01
   endloop
 endfacet
 facet normal  9.467470e-01  3.219783e-01  0.000000e+00
   outer loop
     vertex  4.537991e+01 -2.575348e+01  6.900000e+01
     vertex  4.536012e+01 -2.569529e+01  6.300000e+01
     vertex  4.536012e+01 -2.569529e+01  6.900000e+01
   endloop
 endfacet
 facet normal  9.467470e-01  3.219783e-01  0.000000e+00
   outer loop
     vertex  4.537991e+01 -2.575348e+01  6.900000e+01
     vertex  4.537991e+01 -2.575348e+01  6.300000e+01
     vertex  4.536012e+01 -2.569529e+01  6.300000e+01
   endloop
 endfacet
 facet normal  9.375990e-01  3.477184e-01  0.000000e+00
   outer loop
     vertex  4.537991e+01 -2.575348e+01  6.900000e+01
     vertex  4.540129e+01 -2.581111e+01  6.300000e+01
     vertex  4.537991e+01 -2.575348e+01  6.300000e+01
   endloop
 endfacet
 facet normal  9.375990e-01  3.477184e-01  0.000000e+00
   outer loop
     vertex  4.540129e+01 -2.581111e+01  6.900000e+01
     vertex  4.540129e+01 -2.581111e+01  6.300000e+01
     vertex  4.537991e+01 -2.575348e+01  6.900000e+01
   endloop
 endfacet
 facet normal  9.277513e-01  3.731990e-01  0.000000e+00
   outer loop
     vertex  4.542422e+01 -2.586813e+01  6.900000e+01
     vertex  4.540129e+01 -2.581111e+01  6.300000e+01
     vertex  4.540129e+01 -2.581111e+01  6.900000e+01
   endloop
 endfacet
 facet normal  9.277513e-01  3.731990e-01  0.000000e+00
   outer loop
     vertex  4.542422e+01 -2.586813e+01  6.900000e+01
     vertex  4.542422e+01 -2.586813e+01  6.300000e+01
     vertex  4.540129e+01 -2.581111e+01  6.300000e+01
   endloop
 endfacet
 facet normal  9.172113e-01  3.984011e-01  0.000000e+00
   outer loop
     vertex  4.542422e+01 -2.586813e+01  6.900000e+01
     vertex  4.544871e+01 -2.592451e+01  6.300000e+01
     vertex  4.542422e+01 -2.586813e+01  6.300000e+01
   endloop
 endfacet
 facet normal  9.172113e-01  3.984011e-01  0.000000e+00
   outer loop
     vertex  4.544871e+01 -2.592451e+01  6.900000e+01
     vertex  4.544871e+01 -2.592451e+01  6.300000e+01
     vertex  4.542422e+01 -2.586813e+01  6.900000e+01
   endloop
 endfacet
 facet normal  9.059868e-01  4.233059e-01  0.000000e+00
   outer loop
     vertex  4.547473e+01 -2.598019e+01  6.900000e+01
     vertex  4.544871e+01 -2.592451e+01  6.300000e+01
     vertex  4.544871e+01 -2.592451e+01  6.900000e+01
   endloop
 endfacet
 facet normal  9.059868e-01  4.233059e-01  0.000000e+00
   outer loop
     vertex  4.547473e+01 -2.598019e+01  6.900000e+01
     vertex  4.547473e+01 -2.598019e+01  6.300000e+01
     vertex  4.544871e+01 -2.592451e+01  6.300000e+01
   endloop
 endfacet
 facet normal  8.940863e-01  4.478948e-01  0.000000e+00
   outer loop
     vertex  4.550226e+01 -2.603515e+01  6.900000e+01
     vertex  4.547473e+01 -2.598019e+01  6.300000e+01
     vertex  4.547473e+01 -2.598019e+01  6.900000e+01
   endloop
 endfacet
 facet normal  8.940863e-01  4.478948e-01  0.000000e+00
   outer loop
     vertex  4.550226e+01 -2.603515e+01  6.900000e+01
     vertex  4.550226e+01 -2.603515e+01  6.300000e+01
     vertex  4.547473e+01 -2.598019e+01  6.300000e+01
   endloop
 endfacet
 facet normal  8.815185e-01  4.721495e-01  0.000000e+00
   outer loop
     vertex  4.550226e+01 -2.603515e+01  6.900000e+01
     vertex  4.553128e+01 -2.608933e+01  6.300000e+01
     vertex  4.550226e+01 -2.603515e+01  6.300000e+01
   endloop
 endfacet
 facet normal  8.815185e-01  4.721495e-01  0.000000e+00
   outer loop
     vertex  4.553128e+01 -2.608933e+01  6.900000e+01
     vertex  4.553128e+01 -2.608933e+01  6.300000e+01
     vertex  4.550226e+01 -2.603515e+01  6.900000e+01
   endloop
 endfacet
 facet normal  8.682929e-01  4.960518e-01  0.000000e+00
   outer loop
     vertex  4.556177e+01 -2.614270e+01  6.900000e+01
     vertex  4.553128e+01 -2.608933e+01  6.300000e+01
     vertex  4.553128e+01 -2.608933e+01  6.900000e+01
   endloop
 endfacet
 facet normal  8.682929e-01  4.960518e-01  0.000000e+00
   outer loop
     vertex  4.556177e+01 -2.614270e+01  6.900000e+01
     vertex  4.556177e+01 -2.614270e+01  6.300000e+01
     vertex  4.553128e+01 -2.608933e+01  6.300000e+01
   endloop
 endfacet
 facet normal  8.544194e-01  5.195840e-01  0.000000e+00
   outer loop
     vertex  4.559370e+01 -2.619521e+01  6.900000e+01
     vertex  4.556177e+01 -2.614270e+01  6.300000e+01
     vertex  4.556177e+01 -2.614270e+01  6.900000e+01
   endloop
 endfacet
 facet normal  8.544194e-01  5.195840e-01  0.000000e+00
   outer loop
     vertex  4.559370e+01 -2.619521e+01  6.900000e+01
     vertex  4.559370e+01 -2.619521e+01  6.300000e+01
     vertex  4.556177e+01 -2.614270e+01  6.300000e+01
   endloop
 endfacet
 facet normal  8.399083e-01  5.427284e-01  0.000000e+00
   outer loop
     vertex  4.562706e+01 -2.624684e+01  6.900000e+01
     vertex  4.559370e+01 -2.619521e+01  6.300000e+01
     vertex  4.559370e+01 -2.619521e+01  6.900000e+01
   endloop
 endfacet
 facet normal  8.399083e-01  5.427284e-01  0.000000e+00
   outer loop
     vertex  4.562706e+01 -2.624684e+01  6.900000e+01
     vertex  4.562706e+01 -2.624684e+01  6.300000e+01
     vertex  4.559370e+01 -2.619521e+01  6.300000e+01
   endloop
 endfacet
 facet normal  8.247704e-01  5.654678e-01  0.000000e+00
   outer loop
     vertex  4.562706e+01 -2.624684e+01  6.900000e+01
     vertex  4.566182e+01 -2.629753e+01  6.300000e+01
     vertex  4.562706e+01 -2.624684e+01  6.300000e+01
   endloop
 endfacet
 facet normal  8.247704e-01  5.654678e-01  0.000000e+00
   outer loop
     vertex  4.566182e+01 -2.629753e+01  6.900000e+01
     vertex  4.566182e+01 -2.629753e+01  6.300000e+01
     vertex  4.562706e+01 -2.624684e+01  6.900000e+01
   endloop
 endfacet
 facet normal  8.090170e-01  5.877853e-01  0.000000e+00
   outer loop
     vertex  4.566182e+01 -2.629753e+01  6.900000e+01
     vertex  4.569795e+01 -2.634726e+01  6.300000e+01
     vertex  4.566182e+01 -2.629753e+01  6.300000e+01
   endloop
 endfacet
 facet normal  8.090170e-01  5.877853e-01  0.000000e+00
   outer loop
     vertex  4.569795e+01 -2.634726e+01  6.900000e+01
     vertex  4.569795e+01 -2.634726e+01  6.300000e+01
     vertex  4.566182e+01 -2.629753e+01  6.900000e+01
   endloop
 endfacet
 facet normal  7.926599e-01  6.096641e-01  0.000000e+00
   outer loop
     vertex  4.569795e+01 -2.634726e+01  6.900000e+01
     vertex  4.573542e+01 -2.639598e+01  6.300000e+01
     vertex  4.569795e+01 -2.634726e+01  6.300000e+01
   endloop
 endfacet
 facet normal  7.926599e-01  6.096641e-01  0.000000e+00
   outer loop
     vertex  4.573542e+01 -2.639598e+01  6.900000e+01
     vertex  4.573542e+01 -2.639598e+01  6.300000e+01
     vertex  4.569795e+01 -2.634726e+01  6.900000e+01
   endloop
 endfacet
 facet normal  7.757113e-01  6.310879e-01  0.000000e+00
   outer loop
     vertex  4.577421e+01 -2.644365e+01  6.900000e+01
     vertex  4.573542e+01 -2.639598e+01  6.300000e+01
     vertex  4.573542e+01 -2.639598e+01  6.900000e+01
   endloop
 endfacet
 facet normal  7.757113e-01  6.310879e-01  0.000000e+00
   outer loop
     vertex  4.577421e+01 -2.644365e+01  6.900000e+01
     vertex  4.577421e+01 -2.644365e+01  6.300000e+01
     vertex  4.573542e+01 -2.639598e+01  6.300000e+01
   endloop
 endfacet
 facet normal  7.581838e-01  6.520409e-01  0.000000e+00
   outer loop
     vertex  4.581428e+01 -2.649026e+01  6.900000e+01
     vertex  4.577421e+01 -2.644365e+01  6.300000e+01
     vertex  4.577421e+01 -2.644365e+01  6.900000e+01
   endloop
 endfacet
 facet normal  7.581838e-01  6.520409e-01  0.000000e+00
   outer loop
     vertex  4.581428e+01 -2.649026e+01  6.900000e+01
     vertex  4.581428e+01 -2.649026e+01  6.300000e+01
     vertex  4.577421e+01 -2.644365e+01  6.300000e+01
   endloop
 endfacet
 facet normal  7.214450e-01  6.924717e-01  0.000000e+00
   outer loop
     vertex  4.585562e+01 -2.653574e+01  6.900000e+01
     vertex  4.589818e+01 -2.658009e+01  6.300000e+01
     vertex  4.585562e+01 -2.653574e+01  6.300000e+01
   endloop
 endfacet
 facet normal  7.400906e-01  6.725072e-01  0.000000e+00
   outer loop
     vertex  4.585562e+01 -2.653574e+01  6.900000e+01
     vertex  4.581428e+01 -2.649026e+01  6.300000e+01
     vertex  4.581428e+01 -2.649026e+01  6.900000e+01
   endloop
 endfacet
 facet normal  7.400906e-01  6.725072e-01  0.000000e+00
   outer loop
     vertex  4.585562e+01 -2.653574e+01  6.900000e+01
     vertex  4.585562e+01 -2.653574e+01  6.300000e+01
     vertex  4.581428e+01 -2.649026e+01  6.300000e+01
   endloop
 endfacet
 facet normal  7.214450e-01  6.924717e-01  0.000000e+00
   outer loop
     vertex  4.589818e+01 -2.658009e+01  6.900000e+01
     vertex  4.589818e+01 -2.658009e+01  6.300000e+01
     vertex  4.585562e+01 -2.653574e+01  6.900000e+01
   endloop
 endfacet
 facet normal  7.022611e-01  7.119195e-01  0.000000e+00
   outer loop
     vertex  4.594194e+01 -2.662325e+01  6.900000e+01
     vertex  4.594194e+01 -2.662325e+01  6.300000e+01
     vertex  4.589818e+01 -2.658009e+01  6.300000e+01
   endloop
 endfacet
 facet normal  7.022611e-01  7.119195e-01  0.000000e+00
   outer loop
     vertex  4.594194e+01 -2.662325e+01  6.900000e+01
     vertex  4.589818e+01 -2.658009e+01  6.300000e+01
     vertex  4.589818e+01 -2.658009e+01  6.900000e+01
   endloop
 endfacet
 facet normal  6.825531e-01  7.308360e-01  0.000000e+00
   outer loop
     vertex  4.598686e+01 -2.666520e+01  6.900000e+01
     vertex  4.598686e+01 -2.666520e+01  6.300000e+01
     vertex  4.594194e+01 -2.662325e+01  6.300000e+01
   endloop
 endfacet
 facet normal  6.825531e-01  7.308360e-01  0.000000e+00
   outer loop
     vertex  4.598686e+01 -2.666520e+01  6.900000e+01
     vertex  4.594194e+01 -2.662325e+01  6.300000e+01
     vertex  4.594194e+01 -2.662325e+01  6.900000e+01
   endloop
 endfacet
 facet normal  6.623358e-01  7.492071e-01  0.000000e+00
   outer loop
     vertex  4.603291e+01 -2.670591e+01  6.900000e+01
     vertex  4.603291e+01 -2.670591e+01  6.300000e+01
     vertex  4.598686e+01 -2.666520e+01  6.300000e+01
   endloop
 endfacet
 facet normal  6.623358e-01  7.492071e-01  0.000000e+00
   outer loop
     vertex  4.603291e+01 -2.670591e+01  6.900000e+01
     vertex  4.598686e+01 -2.666520e+01  6.300000e+01
     vertex  4.598686e+01 -2.666520e+01  6.900000e+01
   endloop
 endfacet
 facet normal  6.416243e-01  7.670191e-01  0.000000e+00
   outer loop
     vertex  4.608005e+01 -2.674535e+01  6.900000e+01
     vertex  4.608005e+01 -2.674535e+01  6.300000e+01
     vertex  4.603291e+01 -2.670591e+01  6.300000e+01
   endloop
 endfacet
 facet normal  6.204339e-01  7.842588e-01  0.000000e+00
   outer loop
     vertex  4.608005e+01 -2.674535e+01  6.900000e+01
     vertex  4.612826e+01 -2.678348e+01  6.300000e+01
     vertex  4.608005e+01 -2.674535e+01  6.300000e+01
   endloop
 endfacet
 facet normal  6.416243e-01  7.670191e-01  0.000000e+00
   outer loop
     vertex  4.608005e+01 -2.674535e+01  6.900000e+01
     vertex  4.603291e+01 -2.670591e+01  6.300000e+01
     vertex  4.603291e+01 -2.670591e+01  6.900000e+01
   endloop
 endfacet
 facet normal  5.987805e-01  8.009132e-01  0.000000e+00
   outer loop
     vertex  4.612826e+01 -2.678348e+01  6.900000e+01
     vertex  4.617748e+01 -2.682029e+01  6.300000e+01
     vertex  4.612826e+01 -2.678348e+01  6.300000e+01
   endloop
 endfacet
 facet normal  6.204339e-01  7.842588e-01  0.000000e+00
   outer loop
     vertex  4.612826e+01 -2.678348e+01  6.900000e+01
     vertex  4.612826e+01 -2.678348e+01  6.300000e+01
     vertex  4.608005e+01 -2.674535e+01  6.900000e+01
   endloop
 endfacet
 facet normal  5.987805e-01  8.009132e-01  0.000000e+00
   outer loop
     vertex  4.617748e+01 -2.682029e+01  6.900000e+01
     vertex  4.617748e+01 -2.682029e+01  6.300000e+01
     vertex  4.612826e+01 -2.678348e+01  6.900000e+01
   endloop
 endfacet
 facet normal  5.766803e-01  8.169699e-01  0.000000e+00
   outer loop
     vertex  4.622770e+01 -2.685573e+01  6.900000e+01
     vertex  4.617748e+01 -2.682029e+01  6.300000e+01
     vertex  4.617748e+01 -2.682029e+01  6.900000e+01
   endloop
 endfacet
 facet normal  5.766803e-01  8.169699e-01  0.000000e+00
   outer loop
     vertex  4.622770e+01 -2.685573e+01  6.900000e+01
     vertex  4.622770e+01 -2.685573e+01  6.300000e+01
     vertex  4.617748e+01 -2.682029e+01  6.300000e+01
   endloop
 endfacet
 facet normal  5.541498e-01  8.324170e-01  0.000000e+00
   outer loop
     vertex  4.627886e+01 -2.688979e+01  6.900000e+01
     vertex  4.622770e+01 -2.685573e+01  6.300000e+01
     vertex  4.622770e+01 -2.685573e+01  6.900000e+01
   endloop
 endfacet
 facet normal  5.541498e-01  8.324170e-01  0.000000e+00
   outer loop
     vertex  4.627886e+01 -2.688979e+01  6.900000e+01
     vertex  4.627886e+01 -2.688979e+01  6.300000e+01
     vertex  4.622770e+01 -2.685573e+01  6.300000e+01
   endloop
 endfacet
 facet normal  5.312057e-01  8.472429e-01  0.000000e+00
   outer loop
     vertex  4.633094e+01 -2.692244e+01  6.900000e+01
     vertex  4.633094e+01 -2.692244e+01  6.300000e+01
     vertex  4.627886e+01 -2.688979e+01  6.300000e+01
   endloop
 endfacet
 facet normal  5.312057e-01  8.472429e-01  0.000000e+00
   outer loop
     vertex  4.633094e+01 -2.692244e+01  6.900000e+01
     vertex  4.627886e+01 -2.688979e+01  6.300000e+01
     vertex  4.627886e+01 -2.688979e+01  6.900000e+01
   endloop
 endfacet
 facet normal  5.078652e-01  8.614365e-01  0.000000e+00
   outer loop
     vertex  4.638388e+01 -2.695366e+01  6.900000e+01
     vertex  4.638388e+01 -2.695366e+01  6.300000e+01
     vertex  4.633094e+01 -2.692244e+01  6.300000e+01
   endloop
 endfacet
 facet normal  4.841458e-01  8.749873e-01  0.000000e+00
   outer loop
     vertex  4.638388e+01 -2.695366e+01  6.900000e+01
     vertex  4.643766e+01 -2.698342e+01  6.300000e+01
     vertex  4.638388e+01 -2.695366e+01  6.300000e+01
   endloop
 endfacet
 facet normal  5.078652e-01  8.614365e-01  0.000000e+00
   outer loop
     vertex  4.638388e+01 -2.695366e+01  6.900000e+01
     vertex  4.633094e+01 -2.692244e+01  6.300000e+01
     vertex  4.633094e+01 -2.692244e+01  6.900000e+01
   endloop
 endfacet
 facet normal  4.841458e-01  8.749873e-01  0.000000e+00
   outer loop
     vertex  4.643766e+01 -2.698342e+01  6.900000e+01
     vertex  4.643766e+01 -2.698342e+01  6.300000e+01
     vertex  4.638388e+01 -2.695366e+01  6.900000e+01
   endloop
 endfacet
 facet normal  4.600650e-01  8.878852e-01  0.000000e+00
   outer loop
     vertex  4.649224e+01 -2.701169e+01  6.900000e+01
     vertex  4.649224e+01 -2.701169e+01  6.300000e+01
     vertex  4.643766e+01 -2.698342e+01  6.300000e+01
   endloop
 endfacet
 facet normal  4.356410e-01  9.001205e-01  0.000000e+00
   outer loop
     vertex  4.649224e+01 -2.701169e+01  6.900000e+01
     vertex  4.654756e+01 -2.703847e+01  6.300000e+01
     vertex  4.649224e+01 -2.701169e+01  6.300000e+01
   endloop
 endfacet
 facet normal  4.600650e-01  8.878852e-01  0.000000e+00
   outer loop
     vertex  4.649224e+01 -2.701169e+01  6.900000e+01
     vertex  4.643766e+01 -2.698342e+01  6.300000e+01
     vertex  4.643766e+01 -2.698342e+01  6.900000e+01
   endloop
 endfacet
 facet normal  4.356410e-01  9.001205e-01  0.000000e+00
   outer loop
     vertex  4.654756e+01 -2.703847e+01  6.900000e+01
     vertex  4.654756e+01 -2.703847e+01  6.300000e+01
     vertex  4.649224e+01 -2.701169e+01  6.900000e+01
   endloop
 endfacet
 facet normal  4.108918e-01  9.116841e-01  0.000000e+00
   outer loop
     vertex  4.660360e+01 -2.706373e+01  6.900000e+01
     vertex  4.660360e+01 -2.706373e+01  6.300000e+01
     vertex  4.654756e+01 -2.703847e+01  6.300000e+01
   endloop
 endfacet
 facet normal  4.108918e-01  9.116841e-01  0.000000e+00
   outer loop
     vertex  4.660360e+01 -2.706373e+01  6.900000e+01
     vertex  4.654756e+01 -2.703847e+01  6.300000e+01
     vertex  4.654756e+01 -2.703847e+01  6.900000e+01
   endloop
 endfacet
 facet normal  3.858360e-01  9.225674e-01  0.000000e+00
   outer loop
     vertex  4.666030e+01 -2.708744e+01  6.900000e+01
     vertex  4.666030e+01 -2.708744e+01  6.300000e+01
     vertex  4.660360e+01 -2.706373e+01  6.300000e+01
   endloop
 endfacet
 facet normal  3.858360e-01  9.225674e-01  0.000000e+00
   outer loop
     vertex  4.666030e+01 -2.708744e+01  6.900000e+01
     vertex  4.660360e+01 -2.706373e+01  6.300000e+01
     vertex  4.660360e+01 -2.706373e+01  6.900000e+01
   endloop
 endfacet
 facet normal  3.604923e-01  9.327622e-01  0.000000e+00
   outer loop
     vertex  4.671763e+01 -2.710960e+01  6.900000e+01
     vertex  4.671763e+01 -2.710960e+01  6.300000e+01
     vertex  4.666030e+01 -2.708744e+01  6.300000e+01
   endloop
 endfacet
 facet normal  3.604923e-01  9.327622e-01  0.000000e+00
   outer loop
     vertex  4.671763e+01 -2.710960e+01  6.900000e+01
     vertex  4.666030e+01 -2.708744e+01  6.300000e+01
     vertex  4.666030e+01 -2.708744e+01  6.900000e+01
   endloop
 endfacet
 facet normal  3.348796e-01  9.422609e-01  0.000000e+00
   outer loop
     vertex  4.677555e+01 -2.713018e+01  6.900000e+01
     vertex  4.677555e+01 -2.713018e+01  6.300000e+01
     vertex  4.671763e+01 -2.710960e+01  6.300000e+01
   endloop
 endfacet
 facet normal  3.348796e-01  9.422609e-01  0.000000e+00
   outer loop
     vertex  4.677555e+01 -2.713018e+01  6.900000e+01
     vertex  4.671763e+01 -2.710960e+01  6.300000e+01
     vertex  4.671763e+01 -2.710960e+01  6.900000e+01
   endloop
 endfacet
 facet normal  3.090170e-01  9.510565e-01  0.000000e+00
   outer loop
     vertex  4.683400e+01 -2.714917e+01  6.900000e+01
     vertex  4.683400e+01 -2.714917e+01  6.300000e+01
     vertex  4.677555e+01 -2.713018e+01  6.300000e+01
   endloop
 endfacet
 facet normal  3.090170e-01  9.510565e-01  0.000000e+00
   outer loop
     vertex  4.683400e+01 -2.714917e+01  6.900000e+01
     vertex  4.677555e+01 -2.713018e+01  6.300000e+01
     vertex  4.677555e+01 -2.713018e+01  6.900000e+01
   endloop
 endfacet
 facet normal  2.829238e-01  9.591424e-01  0.000000e+00
   outer loop
     vertex  4.689296e+01 -2.716656e+01  6.900000e+01
     vertex  4.689296e+01 -2.716656e+01  6.300000e+01
     vertex  4.683400e+01 -2.714917e+01  6.300000e+01
   endloop
 endfacet
 facet normal  2.829238e-01  9.591424e-01  0.000000e+00
   outer loop
     vertex  4.689296e+01 -2.716656e+01  6.900000e+01
     vertex  4.683400e+01 -2.714917e+01  6.300000e+01
     vertex  4.683400e+01 -2.714917e+01  6.900000e+01
   endloop
 endfacet
 facet normal  2.566194e-01  9.665125e-01  0.000000e+00
   outer loop
     vertex  4.695236e+01 -2.718234e+01  6.900000e+01
     vertex  4.695236e+01 -2.718234e+01  6.300000e+01
     vertex  4.689296e+01 -2.716656e+01  6.300000e+01
   endloop
 endfacet
 facet normal  2.566194e-01  9.665125e-01  0.000000e+00
   outer loop
     vertex  4.695236e+01 -2.718234e+01  6.900000e+01
     vertex  4.689296e+01 -2.716656e+01  6.300000e+01
     vertex  4.689296e+01 -2.716656e+01  6.900000e+01
   endloop
 endfacet
 facet normal  2.301236e-01  9.731614e-01  0.000000e+00
   outer loop
     vertex  4.701218e+01 -2.719648e+01  6.900000e+01
     vertex  4.701218e+01 -2.719648e+01  6.300000e+01
     vertex  4.695236e+01 -2.718234e+01  6.300000e+01
   endloop
 endfacet
 facet normal  2.034560e-01  9.790841e-01  0.000000e+00
   outer loop
     vertex  4.701218e+01 -2.719648e+01  6.900000e+01
     vertex  4.707236e+01 -2.720899e+01  6.300000e+01
     vertex  4.701218e+01 -2.719648e+01  6.300000e+01
   endloop
 endfacet
 facet normal  2.301236e-01  9.731614e-01  0.000000e+00
   outer loop
     vertex  4.701218e+01 -2.719648e+01  6.900000e+01
     vertex  4.695236e+01 -2.718234e+01  6.300000e+01
     vertex  4.695236e+01 -2.718234e+01  6.900000e+01
   endloop
 endfacet
 facet normal  2.034560e-01  9.790841e-01  0.000000e+00
   outer loop
     vertex  4.707236e+01 -2.720899e+01  6.900000e+01
     vertex  4.707236e+01 -2.720899e+01  6.300000e+01
     vertex  4.701218e+01 -2.719648e+01  6.900000e+01
   endloop
 endfacet
 facet normal  1.766366e-01  9.842761e-01  0.000000e+00
   outer loop
     vertex  4.713285e+01 -2.721984e+01  6.900000e+01
     vertex  4.713285e+01 -2.721984e+01  6.300000e+01
     vertex  4.707236e+01 -2.720899e+01  6.300000e+01
   endloop
 endfacet
 facet normal  1.766366e-01  9.842761e-01  0.000000e+00
   outer loop
     vertex  4.713285e+01 -2.721984e+01  6.900000e+01
     vertex  4.707236e+01 -2.720899e+01  6.300000e+01
     vertex  4.707236e+01 -2.720899e+01  6.900000e+01
   endloop
 endfacet
 facet normal  1.496854e-01  9.887337e-01  0.000000e+00
   outer loop
     vertex  4.719363e+01 -2.722904e+01  6.900000e+01
     vertex  4.719363e+01 -2.722904e+01  6.300000e+01
     vertex  4.713285e+01 -2.721984e+01  6.300000e+01
   endloop
 endfacet
 facet normal  1.496854e-01  9.887337e-01  0.000000e+00
   outer loop
     vertex  4.719363e+01 -2.722904e+01  6.900000e+01
     vertex  4.713285e+01 -2.721984e+01  6.300000e+01
     vertex  4.713285e+01 -2.721984e+01  6.900000e+01
   endloop
 endfacet
 facet normal  1.226225e-01  9.924534e-01  0.000000e+00
   outer loop
     vertex  4.725463e+01 -2.723658e+01  6.900000e+01
     vertex  4.725463e+01 -2.723658e+01  6.300000e+01
     vertex  4.719363e+01 -2.722904e+01  6.300000e+01
   endloop
 endfacet
 facet normal  1.226225e-01  9.924534e-01  0.000000e+00
   outer loop
     vertex  4.725463e+01 -2.723658e+01  6.900000e+01
     vertex  4.719363e+01 -2.722904e+01  6.300000e+01
     vertex  4.719363e+01 -2.722904e+01  6.900000e+01
   endloop
 endfacet
 facet normal  9.546807e-02  9.954325e-01  0.000000e+00
   outer loop
     vertex  4.731581e+01 -2.724245e+01  6.900000e+01
     vertex  4.731581e+01 -2.724245e+01  6.300000e+01
     vertex  4.725463e+01 -2.723658e+01  6.300000e+01
   endloop
 endfacet
 facet normal  9.546807e-02  9.954325e-01  0.000000e+00
   outer loop
     vertex  4.731581e+01 -2.724245e+01  6.900000e+01
     vertex  4.725463e+01 -2.723658e+01  6.300000e+01
     vertex  4.725463e+01 -2.723658e+01  6.900000e+01
   endloop
 endfacet
 facet normal  6.824241e-02  9.976688e-01  0.000000e+00
   outer loop
     vertex  4.737713e+01 -2.724664e+01  6.900000e+01
     vertex  4.737713e+01 -2.724664e+01  6.300000e+01
     vertex  4.731581e+01 -2.724245e+01  6.300000e+01
   endloop
 endfacet
 facet normal  4.096583e-02  9.991605e-01  0.000000e+00
   outer loop
     vertex  4.737713e+01 -2.724664e+01  6.900000e+01
     vertex  4.743854e+01 -2.724916e+01  6.300000e+01
     vertex  4.737713e+01 -2.724664e+01  6.300000e+01
   endloop
 endfacet
 facet normal  6.824241e-02  9.976688e-01  0.000000e+00
   outer loop
     vertex  4.737713e+01 -2.724664e+01  6.900000e+01
     vertex  4.731581e+01 -2.724245e+01  6.300000e+01
     vertex  4.731581e+01 -2.724245e+01  6.900000e+01
   endloop
 endfacet
 facet normal  4.096583e-02  9.991605e-01  0.000000e+00
   outer loop
     vertex  4.743854e+01 -2.724916e+01  6.900000e+01
     vertex  4.743854e+01 -2.724916e+01  6.300000e+01
     vertex  4.737713e+01 -2.724664e+01  6.900000e+01
   endloop
 endfacet
 facet normal  1.365867e-02  9.999067e-01  0.000000e+00
   outer loop
     vertex  4.750000e+01 -2.725000e+01  6.900000e+01
     vertex  4.750000e+01 -2.725000e+01  6.300000e+01
     vertex  4.743854e+01 -2.724916e+01  6.300000e+01
   endloop
 endfacet
 facet normal  1.365867e-02  9.999067e-01  0.000000e+00
   outer loop
     vertex  4.750000e+01 -2.725000e+01  6.900000e+01
     vertex  4.743854e+01 -2.724916e+01  6.300000e+01
     vertex  4.743854e+01 -2.724916e+01  6.900000e+01
   endloop
 endfacet
 facet normal -1.000000e+00  0.000000e+00  0.000000e+00
   outer loop
     vertex -4.750000e+01 -2.275000e+01  6.900000e+01
     vertex -4.750000e+01  3.500000e+01  6.300000e+01
     vertex -4.750000e+01 -2.275000e+01  6.300000e+01
   endloop
 endfacet
 facet normal -1.000000e+00  0.000000e+00  0.000000e+00
   outer loop
     vertex -4.750000e+01 -2.275000e+01  6.900000e+01
     vertex -4.750000e+01  3.500000e+01  6.900000e+01
     vertex -4.750000e+01  3.500000e+01  6.300000e+01
   endloop
 endfacet
 facet normal  1.000000e+00  0.000000e+00  0.000000e+00
   outer loop
     vertex  4.750000e+01 -2.275000e+01  6.900000e+01
     vertex  4.750000e+01 -2.275000e+01  6.300000e+01
     vertex  4.750000e+01  3.500000e+01  6.300000e+01
   endloop
 endfacet
 facet normal  1.000000e+00 -0.000000e+00  0.000000e+00
   outer loop
     vertex  4.750000e+01 -2.275000e+01  6.900000e+01
     vertex  4.750000e+01  3.500000e+01  6.300000e+01
     vertex  4.750000e+01  3.500000e+01  6.900000e+01
   endloop
 endfacet
 facet normal  0.000000e+00  1.000000e+00  0.000000e+00
   outer loop
     vertex  4.750000e+01  3.500000e+01  6.300000e+01
     vertex -4.750000e+01  3.500000e+01  6.300000e+01
     vertex -4.750000e+01  3.500000e+01  6.900000e+01
   endloop
 endfacet
 facet normal  0.000000e+00  1.000000e+00  0.000000e+00
   outer loop
     vertex  4.750000e+01  3.500000e+01  6.900000e+01
     vertex  4.750000e+01  3.500000e+01  6.300000e+01
     vertex -4.750000e+01  3.500000e+01  6.900000e+01
   endloop
 endfacet
 facet normal  0.000000e+00 -1.000000e+00 -0.000000e+00
   outer loop
     vertex -8.000000e+00 -2.300000e+01  1.050000e+02
     vertex -4.200000e+01 -2.300000e+01  6.900000e+01
     vertex -8.000000e+00 -2.300000e+01  6.900000e+01
   endloop
 endfacet
 facet normal -0.000000e+00 -1.000000e+00  0.000000e+00
   outer loop
     vertex -8.000000e+00 -2.300000e+01  1.050000e+02
     vertex -4.200000e+01 -2.300000e+01  1.050000e+02
     vertex -4.200000e+01 -2.300000e+01  6.900000e+01
   endloop
 endfacet
 facet normal  1.000000e+00  0.000000e+00  0.000000e+00
   outer loop
     vertex -8.000000e+00 -2.300000e+01  1.050000e+02
     vertex -8.000000e+00 -2.300000e+01  6.900000e+01
     vertex -8.000000e+00  1.500000e+01  6.900000e+01
   endloop
 endfacet
 facet normal  1.000000e+00 -0.000000e+00  0.000000e+00
   outer loop
     vertex -8.000000e+00 -2.300000e+01  1.050000e+02
     vertex -8.000000e+00  1.500000e+01  6.900000e+01
     vertex -8.000000e+00  1.500000e+01  1.050000e+02
   endloop
 endfacet
 facet normal  0.000000e+00  1.000000e+00  0.000000e+00
   outer loop
     vertex -8.000000e+00  1.500000e+01  1.050000e+02
     vertex -8.000000e+00  1.500000e+01  6.900000e+01
     vertex -4.200000e+01  1.500000e+01  6.900000e+01
   endloop
 endfacet
 facet normal  0.000000e+00  1.000000e+00  0.000000e+00
   outer loop
     vertex -8.000000e+00  1.500000e+01  1.050000e+02
     vertex -4.200000e+01  1.500000e+01  6.900000e+01
     vertex -4.200000e+01  1.500000e+01  1.050000e+02
   endloop
 endfacet
 facet normal -1.000000e+00  0.000000e+00  0.000000e+00
   outer loop
     vertex -4.200000e+01 -2.300000e+01  1.050000e+02
     vertex -4.200000e+01  1.500000e+01  6.900000e+01
     vertex -4.200000e+01 -2.300000e+01  6.900000e+01
   endloop
 endfacet
 facet normal -1.000000e+00  0.000000e+00  0.000000e+00
   outer loop
     vertex -4.200000e+01 -2.300000e+01  1.050000e+02
     vertex -4.200000e+01  1.500000e+01  1.050000e+02
     vertex -4.200000e+01  1.500000e+01  6.900000e+01
   endloop
 endfacet
 facet normal  9.999059e-01  1.371831e-02  0.000000e+00
   outer loop
     vertex  7.497177e+00  2.020576e+01  1.990000e+02
     vertex  7.500000e+00  2.000000e+01  1.990000e+02
     vertex  7.500000e+00  2.000000e+01  6.900000e+01
   endloop
 endfacet
 facet normal  9.999059e-01  1.371831e-02  0.000000e+00
   outer loop
     vertex  7.497177e+00  2.020576e+01  1.990000e+02
     vertex  7.500000e+00  2.000000e+01  6.900000e+01
     vertex  7.497177e+00  2.020576e+01  6.900000e+01
   endloop
 endfacet
 facet normal  9.991532e-01  4.114462e-02  0.000000e+00
   outer loop
     vertex  7.488711e+00  2.041136e+01  1.990000e+02
     vertex  7.497177e+00  2.020576e+01  6.900000e+01
     vertex  7.488711e+00  2.041136e+01  6.900000e+01
   endloop
 endfacet
 facet normal  9.976484e-01  6.853995e-02  0.000000e+00
   outer loop
     vertex  7.488711e+00  2.041136e+01  1.990000e+02
     vertex  7.488711e+00  2.041136e+01  6.900000e+01
     vertex  7.474607e+00  2.061665e+01  6.900000e+01
   endloop
 endfacet
 facet normal  9.991532e-01  4.114462e-02  0.000000e+00
   outer loop
     vertex  7.488711e+00  2.041136e+01  1.990000e+02
     vertex  7.497177e+00  2.020576e+01  1.990000e+02
     vertex  7.497177e+00  2.020576e+01  6.900000e+01
   endloop
 endfacet
 facet normal  9.976484e-01  6.853995e-02  0.000000e+00
   outer loop
     vertex  7.474607e+00  2.061665e+01  1.990000e+02
     vertex  7.488711e+00  2.041136e+01  1.990000e+02
     vertex  7.474607e+00  2.061665e+01  6.900000e+01
   endloop
 endfacet
 facet normal  9.953925e-01  9.588368e-02  0.000000e+00
   outer loop
     vertex  7.454876e+00  2.082147e+01  1.990000e+02
     vertex  7.474607e+00  2.061665e+01  6.900000e+01
     vertex  7.454876e+00  2.082147e+01  6.900000e+01
   endloop
 endfacet
 facet normal  9.923874e-01  1.231552e-01  0.000000e+00
   outer loop
     vertex  7.454876e+00  2.082147e+01  1.990000e+02
     vertex  7.454876e+00  2.082147e+01  6.900000e+01
     vertex  7.429534e+00  2.102568e+01  6.900000e+01
   endloop
 endfacet
 facet normal  9.953925e-01  9.588368e-02  0.000000e+00
   outer loop
     vertex  7.454876e+00  2.082147e+01  1.990000e+02
     vertex  7.474607e+00  2.061665e+01  1.990000e+02
     vertex  7.474607e+00  2.061665e+01  6.900000e+01
   endloop
 endfacet
 facet normal  9.923874e-01  1.231552e-01  0.000000e+00
   outer loop
     vertex  7.429534e+00  2.102568e+01  1.990000e+02
     vertex  7.454876e+00  2.082147e+01  1.990000e+02
     vertex  7.429534e+00  2.102568e+01  6.900000e+01
   endloop
 endfacet
 facet normal  9.886353e-01  1.503341e-01  0.000000e+00
   outer loop
     vertex  7.398599e+00  2.122912e+01  1.990000e+02
     vertex  7.429534e+00  2.102568e+01  6.900000e+01
     vertex  7.398599e+00  2.122912e+01  6.900000e+01
   endloop
 endfacet
 facet normal  9.886353e-01  1.503341e-01  0.000000e+00
   outer loop
     vertex  7.398599e+00  2.122912e+01  1.990000e+02
     vertex  7.429534e+00  2.102568e+01  1.990000e+02
     vertex  7.429534e+00  2.102568e+01  6.900000e+01
   endloop
 endfacet
 facet normal  9.841389e-01  1.773998e-01  0.000000e+00
   outer loop
     vertex  7.362095e+00  2.143163e+01  1.990000e+02
     vertex  7.398599e+00  2.122912e+01  6.900000e+01
     vertex  7.362095e+00  2.143163e+01  6.900000e+01
   endloop
 endfacet
 facet normal  9.841389e-01  1.773998e-01  0.000000e+00
   outer loop
     vertex  7.362095e+00  2.143163e+01  1.990000e+02
     vertex  7.398599e+00  2.122912e+01  1.990000e+02
     vertex  7.398599e+00  2.122912e+01  6.900000e+01
   endloop
 endfacet
 facet normal  9.789017e-01  2.043319e-01  0.000000e+00
   outer loop
     vertex  7.320048e+00  2.163306e+01  1.990000e+02
     vertex  7.362095e+00  2.143163e+01  6.900000e+01
     vertex  7.320048e+00  2.163306e+01  6.900000e+01
   endloop
 endfacet
 facet normal  9.729276e-01  2.311102e-01  0.000000e+00
   outer loop
     vertex  7.320048e+00  2.163306e+01  1.990000e+02
     vertex  7.320048e+00  2.163306e+01  6.900000e+01
     vertex  7.272492e+00  2.183327e+01  6.900000e+01
   endloop
 endfacet
 facet normal  9.789017e-01  2.043319e-01  0.000000e+00
   outer loop
     vertex  7.320048e+00  2.163306e+01  1.990000e+02
     vertex  7.362095e+00  2.143163e+01  1.990000e+02
     vertex  7.362095e+00  2.143163e+01  6.900000e+01
   endloop
 endfacet
 facet normal  9.729276e-01  2.311102e-01  0.000000e+00
   outer loop
     vertex  7.272492e+00  2.183327e+01  1.990000e+02
     vertex  7.320048e+00  2.163306e+01  1.990000e+02
     vertex  7.272492e+00  2.183327e+01  6.900000e+01
   endloop
 endfacet
 facet normal  9.662211e-01  2.577146e-01  0.000000e+00
   outer loop
     vertex  7.219461e+00  2.203209e+01  1.990000e+02
     vertex  7.272492e+00  2.183327e+01  1.990000e+02
     vertex  7.272492e+00  2.183327e+01  6.900000e+01
   endloop
 endfacet
 facet normal  9.662211e-01  2.577146e-01  0.000000e+00
   outer loop
     vertex  7.219461e+00  2.203209e+01  1.990000e+02
     vertex  7.272492e+00  2.183327e+01  6.900000e+01
     vertex  7.219461e+00  2.203209e+01  6.900000e+01
   endloop
 endfacet
 facet normal  9.587873e-01  2.841250e-01  0.000000e+00
   outer loop
     vertex  7.160995e+00  2.222938e+01  1.990000e+02
     vertex  7.219461e+00  2.203209e+01  1.990000e+02
     vertex  7.219461e+00  2.203209e+01  6.900000e+01
   endloop
 endfacet
 facet normal  9.587873e-01  2.841250e-01  0.000000e+00
   outer loop
     vertex  7.160995e+00  2.222938e+01  1.990000e+02
     vertex  7.219461e+00  2.203209e+01  6.900000e+01
     vertex  7.160995e+00  2.222938e+01  6.900000e+01
   endloop
 endfacet
 facet normal  9.506317e-01  3.103214e-01  0.000000e+00
   outer loop
     vertex  7.160995e+00  2.222938e+01  1.990000e+02
     vertex  7.160995e+00  2.222938e+01  6.900000e+01
     vertex  7.097139e+00  2.242500e+01  6.900000e+01
   endloop
 endfacet
 facet normal  9.506317e-01  3.103214e-01  0.000000e+00
   outer loop
     vertex  7.097139e+00  2.242500e+01  1.990000e+02
     vertex  7.160995e+00  2.222938e+01  1.990000e+02
     vertex  7.097139e+00  2.242500e+01  6.900000e+01
   endloop
 endfacet
 facet normal  9.417605e-01  3.362843e-01  0.000000e+00
   outer loop
     vertex  7.027940e+00  2.261879e+01  1.990000e+02
     vertex  7.097139e+00  2.242500e+01  1.990000e+02
     vertex  7.097139e+00  2.242500e+01  6.900000e+01
   endloop
 endfacet
 facet normal  9.417605e-01  3.362843e-01  0.000000e+00
   outer loop
     vertex  7.027940e+00  2.261879e+01  1.990000e+02
     vertex  7.097139e+00  2.242500e+01  6.900000e+01
     vertex  7.027940e+00  2.261879e+01  6.900000e+01
   endloop
 endfacet
 facet normal  9.321804e-01  3.619940e-01  0.000000e+00
   outer loop
     vertex  7.027940e+00  2.261879e+01  1.990000e+02
     vertex  7.027940e+00  2.261879e+01  6.900000e+01
     vertex  6.953451e+00  2.281061e+01  6.900000e+01
   endloop
 endfacet
 facet normal  9.321804e-01  3.619940e-01  0.000000e+00
   outer loop
     vertex  6.953451e+00  2.281061e+01  1.990000e+02
     vertex  7.027940e+00  2.261879e+01  1.990000e+02
     vertex  6.953451e+00  2.281061e+01  6.900000e+01
   endloop
 endfacet
 facet normal  9.218986e-01  3.874313e-01  0.000000e+00
   outer loop
     vertex  6.873727e+00  2.300031e+01  1.990000e+02
     vertex  6.953451e+00  2.281061e+01  1.990000e+02
     vertex  6.953451e+00  2.281061e+01  6.900000e+01
   endloop
 endfacet
 facet normal  9.218986e-01  3.874313e-01  0.000000e+00
   outer loop
     vertex  6.873727e+00  2.300031e+01  1.990000e+02
     vertex  6.953451e+00  2.281061e+01  6.900000e+01
     vertex  6.873727e+00  2.300031e+01  6.900000e+01
   endloop
 endfacet
 facet normal  9.109228e-01  4.125769e-01  0.000000e+00
   outer loop
     vertex  6.788829e+00  2.318776e+01  1.990000e+02
     vertex  6.873727e+00  2.300031e+01  1.990000e+02
     vertex  6.873727e+00  2.300031e+01  6.900000e+01
   endloop
 endfacet
 facet normal  9.109228e-01  4.125769e-01  0.000000e+00
   outer loop
     vertex  6.788829e+00  2.318776e+01  1.990000e+02
     vertex  6.873727e+00  2.300031e+01  6.900000e+01
     vertex  6.788829e+00  2.318776e+01  6.900000e+01
   endloop
 endfacet
 facet normal  8.992613e-01  4.374119e-01  0.000000e+00
   outer loop
     vertex  6.788829e+00  2.318776e+01  1.990000e+02
     vertex  6.788829e+00  2.318776e+01  6.900000e+01
     vertex  6.698821e+00  2.337280e+01  6.900000e+01
   endloop
 endfacet
 facet normal  8.992613e-01  4.374119e-01  0.000000e+00
   outer loop
     vertex  6.698821e+00  2.337280e+01  1.990000e+02
     vertex  6.788829e+00  2.318776e+01  1.990000e+02
     vertex  6.698821e+00  2.337280e+01  6.900000e+01
   endloop
 endfacet
 facet normal  8.869228e-01  4.619176e-01  0.000000e+00
   outer loop
     vertex  6.698821e+00  2.337280e+01  1.990000e+02
     vertex  6.698821e+00  2.337280e+01  6.900000e+01
     vertex  6.603770e+00  2.355531e+01  6.900000e+01
   endloop
 endfacet
 facet normal  8.869228e-01  4.619176e-01  0.000000e+00
   outer loop
     vertex  6.603770e+00  2.355531e+01  1.990000e+02
     vertex  6.698821e+00  2.337280e+01  1.990000e+02
     vertex  6.603770e+00  2.355531e+01  6.900000e+01
   endloop
 endfacet
 facet normal  8.739167e-01  4.860756e-01  0.000000e+00
   outer loop
     vertex  6.503748e+00  2.373514e+01  1.990000e+02
     vertex  6.603770e+00  2.355531e+01  1.990000e+02
     vertex  6.603770e+00  2.355531e+01  6.900000e+01
   endloop
 endfacet
 facet normal  8.739167e-01  4.860756e-01  0.000000e+00
   outer loop
     vertex  6.503748e+00  2.373514e+01  1.990000e+02
     vertex  6.603770e+00  2.355531e+01  6.900000e+01
     vertex  6.503748e+00  2.373514e+01  6.900000e+01
   endloop
 endfacet
 facet normal  8.602528e-01  5.098678e-01  0.000000e+00
   outer loop
     vertex  6.503748e+00  2.373514e+01  1.990000e+02
     vertex  6.503748e+00  2.373514e+01  6.900000e+01
     vertex  6.398830e+00  2.391216e+01  6.900000e+01
   endloop
 endfacet
 facet normal  8.602528e-01  5.098678e-01  0.000000e+00
   outer loop
     vertex  6.398830e+00  2.391216e+01  1.990000e+02
     vertex  6.503748e+00  2.373514e+01  1.990000e+02
     vertex  6.398830e+00  2.391216e+01  6.900000e+01
   endloop
 endfacet
 facet normal  8.459413e-01  5.332761e-01  0.000000e+00
   outer loop
     vertex  6.398830e+00  2.391216e+01  1.990000e+02
     vertex  6.398830e+00  2.391216e+01  6.900000e+01
     vertex  6.289095e+00  2.408623e+01  6.900000e+01
   endloop
 endfacet
 facet normal  8.459413e-01  5.332761e-01  0.000000e+00
   outer loop
     vertex  6.289095e+00  2.408623e+01  1.990000e+02
     vertex  6.398830e+00  2.391216e+01  1.990000e+02
     vertex  6.289095e+00  2.408623e+01  6.900000e+01
   endloop
 endfacet
 facet normal  8.309929e-01  5.562829e-01  0.000000e+00
   outer loop
     vertex  6.174626e+00  2.425723e+01  1.990000e+02
     vertex  6.289095e+00  2.408623e+01  6.900000e+01
     vertex  6.174626e+00  2.425723e+01  6.900000e+01
   endloop
 endfacet
 facet normal  8.309929e-01  5.562829e-01  0.000000e+00
   outer loop
     vertex  6.174626e+00  2.425723e+01  1.990000e+02
     vertex  6.289095e+00  2.408623e+01  1.990000e+02
     vertex  6.289095e+00  2.408623e+01  6.900000e+01
   endloop
 endfacet
 facet normal  8.154191e-01  5.788711e-01  0.000000e+00
   outer loop
     vertex  6.174626e+00  2.425723e+01  1.990000e+02
     vertex  6.174626e+00  2.425723e+01  6.900000e+01
     vertex  6.055509e+00  2.442502e+01  6.900000e+01
   endloop
 endfacet
 facet normal  8.154191e-01  5.788711e-01  0.000000e+00
   outer loop
     vertex  6.055509e+00  2.442502e+01  1.990000e+02
     vertex  6.174626e+00  2.425723e+01  1.990000e+02
     vertex  6.055509e+00  2.442502e+01  6.900000e+01
   endloop
 endfacet
 facet normal  7.992314e-01  6.010234e-01  0.000000e+00
   outer loop
     vertex  5.931834e+00  2.458948e+01  1.990000e+02
     vertex  6.055509e+00  2.442502e+01  1.990000e+02
     vertex  6.055509e+00  2.442502e+01  6.900000e+01
   endloop
 endfacet
 facet normal  7.992314e-01  6.010234e-01  0.000000e+00
   outer loop
     vertex  5.931834e+00  2.458948e+01  1.990000e+02
     vertex  6.055509e+00  2.442502e+01  6.900000e+01
     vertex  5.931834e+00  2.458948e+01  6.900000e+01
   endloop
 endfacet
 facet normal  7.824421e-01  6.227234e-01  0.000000e+00
   outer loop
     vertex  5.931834e+00  2.458948e+01  1.990000e+02
     vertex  5.931834e+00  2.458948e+01  6.900000e+01
     vertex  5.803693e+00  2.475049e+01  6.900000e+01
   endloop
 endfacet
 facet normal  7.824421e-01  6.227234e-01  0.000000e+00
   outer loop
     vertex  5.803693e+00  2.475049e+01  1.990000e+02
     vertex  5.931834e+00  2.458948e+01  1.990000e+02
     vertex  5.803693e+00  2.475049e+01  6.900000e+01
   endloop
 endfacet
 facet normal  7.650637e-01  6.439545e-01  0.000000e+00
   outer loop
     vertex  5.671183e+00  2.490792e+01  1.990000e+02
     vertex  5.803693e+00  2.475049e+01  6.900000e+01
     vertex  5.671183e+00  2.490792e+01  6.900000e+01
   endloop
 endfacet
 facet normal  7.650637e-01  6.439545e-01  0.000000e+00
   outer loop
     vertex  5.671183e+00  2.490792e+01  1.990000e+02
     vertex  5.803693e+00  2.475049e+01  1.990000e+02
     vertex  5.803693e+00  2.475049e+01  6.900000e+01
   endloop
 endfacet
 facet normal  7.471095e-01  6.647010e-01  0.000000e+00
   outer loop
     vertex  5.534405e+00  2.506166e+01  1.990000e+02
     vertex  5.671183e+00  2.490792e+01  6.900000e+01
     vertex  5.534405e+00  2.506166e+01  6.900000e+01
   endloop
 endfacet
 facet normal  7.285929e-01  6.849470e-01  0.000000e+00
   outer loop
     vertex  5.534405e+00  2.506166e+01  1.990000e+02
     vertex  5.534405e+00  2.506166e+01  6.900000e+01
     vertex  5.393460e+00  2.521158e+01  6.900000e+01
   endloop
 endfacet
 facet normal  7.471095e-01  6.647010e-01  0.000000e+00
   outer loop
     vertex  5.534405e+00  2.506166e+01  1.990000e+02
     vertex  5.671183e+00  2.490792e+01  1.990000e+02
     vertex  5.671183e+00  2.490792e+01  6.900000e+01
   endloop
 endfacet
 facet normal  7.285929e-01  6.849470e-01  0.000000e+00
   outer loop
     vertex  5.393460e+00  2.521158e+01  1.990000e+02
     vertex  5.534405e+00  2.506166e+01  1.990000e+02
     vertex  5.393460e+00  2.521158e+01  6.900000e+01
   endloop
 endfacet
 facet normal  7.095278e-01  7.046775e-01  0.000000e+00
   outer loop
     vertex  5.248455e+00  2.535759e+01  1.990000e+02
     vertex  5.393460e+00  2.521158e+01  6.900000e+01
     vertex  5.248455e+00  2.535759e+01  6.900000e+01
   endloop
 endfacet
 facet normal  6.899286e-01  7.238775e-01  0.000000e+00
   outer loop
     vertex  5.248455e+00  2.535759e+01  1.990000e+02
     vertex  5.248455e+00  2.535759e+01  6.900000e+01
     vertex  5.099499e+00  2.549956e+01  6.900000e+01
   endloop
 endfacet
 facet normal  7.095278e-01  7.046775e-01  0.000000e+00
   outer loop
     vertex  5.248455e+00  2.535759e+01  1.990000e+02
     vertex  5.393460e+00  2.521158e+01  1.990000e+02
     vertex  5.393460e+00  2.521158e+01  6.900000e+01
   endloop
 endfacet
 facet normal  6.698100e-01  7.425325e-01  0.000000e+00
   outer loop
     vertex  5.099499e+00  2.549956e+01  1.990000e+02
     vertex  5.099499e+00  2.549956e+01  6.900000e+01
     vertex  4.946705e+00  2.563738e+01  6.900000e+01
   endloop
 endfacet
 facet normal  6.899286e-01  7.238775e-01  0.000000e+00
   outer loop
     vertex  5.099499e+00  2.549956e+01  1.990000e+02
     vertex  5.248455e+00  2.535759e+01  1.990000e+02
     vertex  5.099499e+00  2.549956e+01  6.900000e+01
   endloop
 endfacet
 facet normal  6.698100e-01  7.425325e-01  0.000000e+00
   outer loop
     vertex  4.946705e+00  2.563738e+01  1.990000e+02
     vertex  5.099499e+00  2.549956e+01  1.990000e+02
     vertex  4.946705e+00  2.563738e+01  6.900000e+01
   endloop
 endfacet
 facet normal  6.491872e-01  7.606287e-01  0.000000e+00
   outer loop
     vertex  4.790187e+00  2.577097e+01  1.990000e+02
     vertex  4.946705e+00  2.563738e+01  6.900000e+01
     vertex  4.790187e+00  2.577097e+01  6.900000e+01
   endloop
 endfacet
 facet normal  6.491872e-01  7.606287e-01  0.000000e+00
   outer loop
     vertex  4.790187e+00  2.577097e+01  1.990000e+02
     vertex  4.946705e+00  2.563738e+01  1.990000e+02
     vertex  4.946705e+00  2.563738e+01  6.900000e+01
   endloop
 endfacet
 facet normal  6.280757e-01  7.781522e-01  0.000000e+00
   outer loop
     vertex  4.630063e+00  2.590021e+01  1.990000e+02
     vertex  4.790187e+00  2.577097e+01  6.900000e+01
     vertex  4.630063e+00  2.590021e+01  6.900000e+01
   endloop
 endfacet
 facet normal  6.280757e-01  7.781522e-01  0.000000e+00
   outer loop
     vertex  4.630063e+00  2.590021e+01  1.990000e+02
     vertex  4.790187e+00  2.577097e+01  1.990000e+02
     vertex  4.790187e+00  2.577097e+01  6.900000e+01
   endloop
 endfacet
 facet normal  6.064915e-01  7.950900e-01  0.000000e+00
   outer loop
     vertex  4.466453e+00  2.602501e+01  1.990000e+02
     vertex  4.630063e+00  2.590021e+01  6.900000e+01
     vertex  4.466453e+00  2.602501e+01  6.900000e+01
   endloop
 endfacet
 facet normal  6.064915e-01  7.950900e-01  0.000000e+00
   outer loop
     vertex  4.466453e+00  2.602501e+01  1.990000e+02
     vertex  4.630063e+00  2.590021e+01  1.990000e+02
     vertex  4.630063e+00  2.590021e+01  6.900000e+01
   endloop
 endfacet
 facet normal  5.844507e-01  8.114292e-01  0.000000e+00
   outer loop
     vertex  4.299482e+00  2.614528e+01  1.990000e+02
     vertex  4.466453e+00  2.602501e+01  6.900000e+01
     vertex  4.299482e+00  2.614528e+01  6.900000e+01
   endloop
 endfacet
 facet normal  5.619699e-01  8.271577e-01  0.000000e+00
   outer loop
     vertex  4.299482e+00  2.614528e+01  1.990000e+02
     vertex  4.299482e+00  2.614528e+01  6.900000e+01
     vertex  4.129274e+00  2.626092e+01  6.900000e+01
   endloop
 endfacet
 facet normal  5.844507e-01  8.114292e-01  0.000000e+00
   outer loop
     vertex  4.299482e+00  2.614528e+01  1.990000e+02
     vertex  4.466453e+00  2.602501e+01  1.990000e+02
     vertex  4.466453e+00  2.602501e+01  6.900000e+01
   endloop
 endfacet
 facet normal  5.619699e-01  8.271577e-01  0.000000e+00
   outer loop
     vertex  4.129274e+00  2.626092e+01  1.990000e+02
     vertex  4.299482e+00  2.614528e+01  1.990000e+02
     vertex  4.129274e+00  2.626092e+01  6.900000e+01
   endloop
 endfacet
 facet normal  5.390661e-01  8.422635e-01  0.000000e+00
   outer loop
     vertex  3.955957e+00  2.637184e+01  1.990000e+02
     vertex  4.129274e+00  2.626092e+01  1.990000e+02
     vertex  4.129274e+00  2.626092e+01  6.900000e+01
   endloop
 endfacet
 facet normal  5.390661e-01  8.422635e-01  0.000000e+00
   outer loop
     vertex  3.955957e+00  2.637184e+01  1.990000e+02
     vertex  4.129274e+00  2.626092e+01  6.900000e+01
     vertex  3.955957e+00  2.637184e+01  6.900000e+01
   endloop
 endfacet
 facet normal  5.157565e-01  8.567352e-01  0.000000e+00
   outer loop
     vertex  3.779663e+00  2.647797e+01  1.990000e+02
     vertex  3.955957e+00  2.637184e+01  1.990000e+02
     vertex  3.955957e+00  2.637184e+01  6.900000e+01
   endloop
 endfacet
 facet normal  5.157565e-01  8.567352e-01  0.000000e+00
   outer loop
     vertex  3.779663e+00  2.647797e+01  1.990000e+02
     vertex  3.955957e+00  2.637184e+01  6.900000e+01
     vertex  3.779663e+00  2.647797e+01  6.900000e+01
   endloop
 endfacet
 facet normal  4.920587e-01  8.705620e-01  0.000000e+00
   outer loop
     vertex  3.600523e+00  2.657923e+01  1.990000e+02
     vertex  3.779663e+00  2.647797e+01  1.990000e+02
     vertex  3.779663e+00  2.647797e+01  6.900000e+01
   endloop
 endfacet
 facet normal  4.920587e-01  8.705620e-01  0.000000e+00
   outer loop
     vertex  3.600523e+00  2.657923e+01  1.990000e+02
     vertex  3.779663e+00  2.647797e+01  6.900000e+01
     vertex  3.600523e+00  2.657923e+01  6.900000e+01
   endloop
 endfacet
 facet normal  4.679904e-01  8.837335e-01  0.000000e+00
   outer loop
     vertex  3.418673e+00  2.667553e+01  1.990000e+02
     vertex  3.600523e+00  2.657923e+01  1.990000e+02
     vertex  3.600523e+00  2.657923e+01  6.900000e+01
   endloop
 endfacet
 facet normal  4.679904e-01  8.837335e-01  0.000000e+00
   outer loop
     vertex  3.418673e+00  2.667553e+01  1.990000e+02
     vertex  3.600523e+00  2.657923e+01  6.900000e+01
     vertex  3.418673e+00  2.667553e+01  6.900000e+01
   endloop
 endfacet
 facet normal  4.435699e-01  8.962398e-01  0.000000e+00
   outer loop
     vertex  3.234249e+00  2.676680e+01  1.990000e+02
     vertex  3.418673e+00  2.667553e+01  1.990000e+02
     vertex  3.418673e+00  2.667553e+01  6.900000e+01
   endloop
 endfacet
 facet normal  4.435699e-01  8.962398e-01  0.000000e+00
   outer loop
     vertex  3.234249e+00  2.676680e+01  1.990000e+02
     vertex  3.418673e+00  2.667553e+01  6.900000e+01
     vertex  3.234249e+00  2.676680e+01  6.900000e+01
   endloop
 endfacet
 facet normal  4.188155e-01  9.080714e-01  0.000000e+00
   outer loop
     vertex  3.047391e+00  2.685299e+01  1.990000e+02
     vertex  3.234249e+00  2.676680e+01  1.990000e+02
     vertex  3.234249e+00  2.676680e+01  6.900000e+01
   endloop
 endfacet
 facet normal  4.188155e-01  9.080714e-01  0.000000e+00
   outer loop
     vertex  3.047391e+00  2.685299e+01  1.990000e+02
     vertex  3.234249e+00  2.676680e+01  6.900000e+01
     vertex  3.047391e+00  2.685299e+01  6.900000e+01
   endloop
 endfacet
 facet normal  3.937458e-01  9.192194e-01  0.000000e+00
   outer loop
     vertex  2.858239e+00  2.693401e+01  1.990000e+02
     vertex  3.047391e+00  2.685299e+01  1.990000e+02
     vertex  3.047391e+00  2.685299e+01  6.900000e+01
   endloop
 endfacet
 facet normal  3.937458e-01  9.192194e-01  0.000000e+00
   outer loop
     vertex  2.858239e+00  2.693401e+01  1.990000e+02
     vertex  3.047391e+00  2.685299e+01  6.900000e+01
     vertex  2.858239e+00  2.693401e+01  6.900000e+01
   endloop
 endfacet
 facet normal  3.683796e-01  9.296754e-01  0.000000e+00
   outer loop
     vertex  2.666936e+00  2.700981e+01  1.990000e+02
     vertex  2.858239e+00  2.693401e+01  1.990000e+02
     vertex  2.858239e+00  2.693401e+01  6.900000e+01
   endloop
 endfacet
 facet normal  3.683796e-01  9.296754e-01  0.000000e+00
   outer loop
     vertex  2.666936e+00  2.700981e+01  1.990000e+02
     vertex  2.858239e+00  2.693401e+01  6.900000e+01
     vertex  2.666936e+00  2.700981e+01  6.900000e+01
   endloop
 endfacet
 facet normal  3.427362e-01  9.394317e-01  0.000000e+00
   outer loop
     vertex  2.473624e+00  2.708034e+01  1.990000e+02
     vertex  2.666936e+00  2.700981e+01  1.990000e+02
     vertex  2.666936e+00  2.700981e+01  6.900000e+01
   endloop
 endfacet
 facet normal  3.427362e-01  9.394317e-01  0.000000e+00
   outer loop
     vertex  2.473624e+00  2.708034e+01  1.990000e+02
     vertex  2.666936e+00  2.700981e+01  6.900000e+01
     vertex  2.473624e+00  2.708034e+01  6.900000e+01
   endloop
 endfacet
 facet normal  3.168348e-01  9.484807e-01  0.000000e+00
   outer loop
     vertex  2.278451e+00  2.714553e+01  1.990000e+02
     vertex  2.473624e+00  2.708034e+01  1.990000e+02
     vertex  2.473624e+00  2.708034e+01  6.900000e+01
   endloop
 endfacet
 facet normal  3.168348e-01  9.484807e-01  0.000000e+00
   outer loop
     vertex  2.278451e+00  2.714553e+01  1.990000e+02
     vertex  2.473624e+00  2.708034e+01  6.900000e+01
     vertex  2.278451e+00  2.714553e+01  6.900000e+01
   endloop
 endfacet
 facet normal  2.906949e-01  9.568158e-01  0.000000e+00
   outer loop
     vertex  2.081562e+00  2.720535e+01  1.990000e+02
     vertex  2.278451e+00  2.714553e+01  1.990000e+02
     vertex  2.278451e+00  2.714553e+01  6.900000e+01
   endloop
 endfacet
 facet normal  2.906949e-01  9.568158e-01  0.000000e+00
   outer loop
     vertex  2.081562e+00  2.720535e+01  1.990000e+02
     vertex  2.278451e+00  2.714553e+01  6.900000e+01
     vertex  2.081562e+00  2.720535e+01  6.900000e+01
   endloop
 endfacet
 facet normal  2.643362e-01  9.644306e-01  0.000000e+00
   outer loop
     vertex  1.883107e+00  2.725975e+01  1.990000e+02
     vertex  2.081562e+00  2.720535e+01  1.990000e+02
     vertex  2.081562e+00  2.720535e+01  6.900000e+01
   endloop
 endfacet
 facet normal  2.643362e-01  9.644306e-01  0.000000e+00
   outer loop
     vertex  1.883107e+00  2.725975e+01  1.990000e+02
     vertex  2.081562e+00  2.720535e+01  6.900000e+01
     vertex  1.883107e+00  2.725975e+01  6.900000e+01
   endloop
 endfacet
 facet normal  2.377784e-01  9.713194e-01  0.000000e+00
   outer loop
     vertex  1.683234e+00  2.730867e+01  1.990000e+02
     vertex  1.883107e+00  2.725975e+01  1.990000e+02
     vertex  1.883107e+00  2.725975e+01  6.900000e+01
   endloop
 endfacet
 facet normal  2.377784e-01  9.713194e-01  0.000000e+00
   outer loop
     vertex  1.683234e+00  2.730867e+01  1.990000e+02
     vertex  1.883107e+00  2.725975e+01  6.900000e+01
     vertex  1.683234e+00  2.730867e+01  6.900000e+01
   endloop
 endfacet
 facet normal  2.110417e-01  9.774771e-01  0.000000e+00
   outer loop
     vertex  1.482094e+00  2.735210e+01  1.990000e+02
     vertex  1.683234e+00  2.730867e+01  1.990000e+02
     vertex  1.683234e+00  2.730867e+01  6.900000e+01
   endloop
 endfacet
 facet normal  2.110417e-01  9.774771e-01  0.000000e+00
   outer loop
     vertex  1.482094e+00  2.735210e+01  1.990000e+02
     vertex  1.683234e+00  2.730867e+01  6.900000e+01
     vertex  1.482094e+00  2.735210e+01  6.900000e+01
   endloop
 endfacet
 facet normal  1.841461e-01  9.828989e-01  0.000000e+00
   outer loop
     vertex  1.279838e+00  2.738999e+01  1.990000e+02
     vertex  1.482094e+00  2.735210e+01  1.990000e+02
     vertex  1.482094e+00  2.735210e+01  6.900000e+01
   endloop
 endfacet
 facet normal  1.841461e-01  9.828989e-01  0.000000e+00
   outer loop
     vertex  1.279838e+00  2.738999e+01  1.990000e+02
     vertex  1.482094e+00  2.735210e+01  6.900000e+01
     vertex  1.279838e+00  2.738999e+01  6.900000e+01
   endloop
 endfacet
 facet normal  1.571119e-01  9.875808e-01  0.000000e+00
   outer loop
     vertex  1.076619e+00  2.742232e+01  1.990000e+02
     vertex  1.279838e+00  2.738999e+01  1.990000e+02
     vertex  1.279838e+00  2.738999e+01  6.900000e+01
   endloop
 endfacet
 facet normal  1.571119e-01  9.875808e-01  0.000000e+00
   outer loop
     vertex  1.076619e+00  2.742232e+01  1.990000e+02
     vertex  1.279838e+00  2.738999e+01  6.900000e+01
     vertex  1.076619e+00  2.742232e+01  6.900000e+01
   endloop
 endfacet
 facet normal  1.299594e-01  9.915193e-01  0.000000e+00
   outer loop
     vertex  1.076619e+00  2.742232e+01  1.990000e+02
     vertex  1.076619e+00  2.742232e+01  6.900000e+01
     vertex  8.725893e-01  2.744907e+01  6.900000e+01
   endloop
 endfacet
 facet normal  1.299594e-01  9.915193e-01  0.000000e+00
   outer loop
     vertex  8.725893e-01  2.744907e+01  1.990000e+02
     vertex  1.076619e+00  2.742232e+01  1.990000e+02
     vertex  8.725893e-01  2.744907e+01  6.900000e+01
   endloop
 endfacet
 facet normal  1.027091e-01  9.947114e-01  0.000000e+00
   outer loop
     vertex  6.679029e-01  2.747020e+01  1.990000e+02
     vertex  8.725893e-01  2.744907e+01  1.990000e+02
     vertex  8.725893e-01  2.744907e+01  6.900000e+01
   endloop
 endfacet
 facet normal  1.027091e-01  9.947114e-01  0.000000e+00
   outer loop
     vertex  6.679029e-01  2.747020e+01  1.990000e+02
     vertex  8.725893e-01  2.744907e+01  6.900000e+01
     vertex  6.679029e-01  2.747020e+01  6.900000e+01
   endloop
 endfacet
 facet normal  7.538152e-02  9.971548e-01  0.000000e+00
   outer loop
     vertex  4.627136e-01  2.748571e+01  1.990000e+02
     vertex  6.679029e-01  2.747020e+01  1.990000e+02
     vertex  6.679029e-01  2.747020e+01  6.900000e+01
   endloop
 endfacet
 facet normal  7.538152e-02  9.971548e-01  0.000000e+00
   outer loop
     vertex  4.627136e-01  2.748571e+01  1.990000e+02
     vertex  6.679029e-01  2.747020e+01  6.900000e+01
     vertex  4.627136e-01  2.748571e+01  6.900000e+01
   endloop
 endfacet
 facet normal  4.799716e-02  9.988475e-01  0.000000e+00
   outer loop
     vertex  2.571760e-01  2.749559e+01  1.990000e+02
     vertex  4.627136e-01  2.748571e+01  1.990000e+02
     vertex  4.627136e-01  2.748571e+01  6.900000e+01
   endloop
 endfacet
 facet normal  4.799716e-02  9.988475e-01  0.000000e+00
   outer loop
     vertex  2.571760e-01  2.749559e+01  1.990000e+02
     vertex  4.627136e-01  2.748571e+01  6.900000e+01
     vertex  2.571760e-01  2.749559e+01  6.900000e+01
   endloop
 endfacet
 facet normal  2.057667e-02  9.997883e-01  0.000000e+00
   outer loop
     vertex  5.144489e-02  2.749982e+01  1.990000e+02
     vertex  2.571760e-01  2.749559e+01  6.900000e+01
     vertex  5.144489e-02  2.749982e+01  6.900000e+01
   endloop
 endfacet
 facet normal  2.057667e-02  9.997883e-01  0.000000e+00
   outer loop
     vertex  5.144489e-02  2.749982e+01  1.990000e+02
     vertex  2.571760e-01  2.749559e+01  1.990000e+02
     vertex  2.571760e-01  2.749559e+01  6.900000e+01
   endloop
 endfacet
 facet normal -6.859319e-03  9.999765e-01  0.000000e+00
   outer loop
     vertex  5.144489e-02  2.749982e+01  1.990000e+02
     vertex  5.144489e-02  2.749982e+01  6.900000e+01
     vertex -1.543250e-01  2.749841e+01  6.900000e+01
   endloop
 endfacet
 facet normal -6.859319e-03  9.999765e-01  0.000000e+00
   outer loop
     vertex -1.543250e-01  2.749841e+01  1.990000e+02
     vertex  5.144489e-02  2.749982e+01  1.990000e+02
     vertex -1.543250e-01  2.749841e+01  6.900000e+01
   endloop
 endfacet
 facet normal -3.429014e-02  9.994119e-01  0.000000e+00
   outer loop
     vertex -3.599787e-01  2.749136e+01  1.990000e+02
     vertex -1.543250e-01  2.749841e+01  6.900000e+01
     vertex -3.599787e-01  2.749136e+01  6.900000e+01
   endloop
 endfacet
 facet normal -3.429014e-02  9.994119e-01  0.000000e+00
   outer loop
     vertex -3.599787e-01  2.749136e+01  1.990000e+02
     vertex -1.543250e-01  2.749841e+01  1.990000e+02
     vertex -1.543250e-01  2.749841e+01  6.900000e+01
   endloop
 endfacet
 facet normal -6.169515e-02  9.980950e-01  0.000000e+00
   outer loop
     vertex -5.653614e-01  2.747866e+01  1.990000e+02
     vertex -3.599787e-01  2.749136e+01  6.900000e+01
     vertex -5.653614e-01  2.747866e+01  6.900000e+01
   endloop
 endfacet
 facet normal -6.169515e-02  9.980950e-01  0.000000e+00
   outer loop
     vertex -5.653614e-01  2.747866e+01  1.990000e+02
     vertex -3.599787e-01  2.749136e+01  1.990000e+02
     vertex -3.599787e-01  2.749136e+01  6.900000e+01
   endloop
 endfacet
 facet normal -8.905371e-02  9.960268e-01  0.000000e+00
   outer loop
     vertex -7.703186e-01  2.746034e+01  1.990000e+02
     vertex -5.653614e-01  2.747866e+01  1.990000e+02
     vertex -5.653614e-01  2.747866e+01  6.900000e+01
   endloop
 endfacet
 facet normal -8.905371e-02  9.960268e-01  0.000000e+00
   outer loop
     vertex -7.703186e-01  2.746034e+01  1.990000e+02
     vertex -5.653614e-01  2.747866e+01  6.900000e+01
     vertex -7.703186e-01  2.746034e+01  6.900000e+01
   endloop
 endfacet
 facet normal -1.163452e-01  9.932088e-01  0.000000e+00
   outer loop
     vertex -9.746959e-01  2.743639e+01  1.990000e+02
     vertex -7.703186e-01  2.746034e+01  1.990000e+02
     vertex -7.703186e-01  2.746034e+01  6.900000e+01
   endloop
 endfacet
 facet normal -1.163452e-01  9.932088e-01  0.000000e+00
   outer loop
     vertex -9.746959e-01  2.743639e+01  1.990000e+02
     vertex -7.703186e-01  2.746034e+01  6.900000e+01
     vertex -9.746959e-01  2.743639e+01  6.900000e+01
   endloop
 endfacet
 facet normal -1.435492e-01  9.896432e-01  0.000000e+00
   outer loop
     vertex -9.746959e-01  2.743639e+01  1.990000e+02
     vertex -9.746959e-01  2.743639e+01  6.900000e+01
     vertex -1.178339e+00  2.740686e+01  6.900000e+01
   endloop
 endfacet
 facet normal -1.435492e-01  9.896432e-01  0.000000e+00
   outer loop
     vertex -1.178339e+00  2.740686e+01  1.990000e+02
     vertex -9.746959e-01  2.743639e+01  1.990000e+02
     vertex -1.178339e+00  2.740686e+01  6.900000e+01
   endloop
 endfacet
 facet normal -1.706451e-01  9.853326e-01  0.000000e+00
   outer loop
     vertex -1.381096e+00  2.737174e+01  1.990000e+02
     vertex -1.178339e+00  2.740686e+01  1.990000e+02
     vertex -1.178339e+00  2.740686e+01  6.900000e+01
   endloop
 endfacet
 facet normal -1.706451e-01  9.853326e-01  0.000000e+00
   outer loop
     vertex -1.381096e+00  2.737174e+01  1.990000e+02
     vertex -1.178339e+00  2.740686e+01  6.900000e+01
     vertex -1.381096e+00  2.737174e+01  6.900000e+01
   endloop
 endfacet
 facet normal -1.976125e-01  9.802802e-01  0.000000e+00
   outer loop
     vertex -1.582813e+00  2.733108e+01  1.990000e+02
     vertex -1.381096e+00  2.737174e+01  1.990000e+02
     vertex -1.381096e+00  2.737174e+01  6.900000e+01
   endloop
 endfacet
 facet normal -1.976125e-01  9.802802e-01  0.000000e+00
   outer loop
     vertex -1.582813e+00  2.733108e+01  1.990000e+02
     vertex -1.381096e+00  2.737174e+01  6.900000e+01
     vertex -1.582813e+00  2.733108e+01  6.900000e+01
   endloop
 endfacet
 facet normal -2.244312e-01  9.744899e-01  0.000000e+00
   outer loop
     vertex -1.783338e+00  2.728490e+01  1.990000e+02
     vertex -1.582813e+00  2.733108e+01  1.990000e+02
     vertex -1.582813e+00  2.733108e+01  6.900000e+01
   endloop
 endfacet
 facet normal -2.244312e-01  9.744899e-01  0.000000e+00
   outer loop
     vertex -1.783338e+00  2.728490e+01  1.990000e+02
     vertex -1.582813e+00  2.733108e+01  6.900000e+01
     vertex -1.783338e+00  2.728490e+01  6.900000e+01
   endloop
 endfacet
 facet normal -2.510809e-01  9.679661e-01  0.000000e+00
   outer loop
     vertex -1.982521e+00  2.723323e+01  1.990000e+02
     vertex -1.783338e+00  2.728490e+01  1.990000e+02
     vertex -1.783338e+00  2.728490e+01  6.900000e+01
   endloop
 endfacet
 facet normal -2.510809e-01  9.679661e-01  0.000000e+00
   outer loop
     vertex -1.982521e+00  2.723323e+01  1.990000e+02
     vertex -1.783338e+00  2.728490e+01  6.900000e+01
     vertex -1.982521e+00  2.723323e+01  6.900000e+01
   endloop
 endfacet
 facet normal -2.775416e-01  9.607136e-01  0.000000e+00
   outer loop
     vertex -2.180212e+00  2.717612e+01  1.990000e+02
     vertex -1.982521e+00  2.723323e+01  1.990000e+02
     vertex -1.982521e+00  2.723323e+01  6.900000e+01
   endloop
 endfacet
 facet normal -2.775416e-01  9.607136e-01  0.000000e+00
   outer loop
     vertex -2.180212e+00  2.717612e+01  1.990000e+02
     vertex -1.982521e+00  2.723323e+01  6.900000e+01
     vertex -2.180212e+00  2.717612e+01  6.900000e+01
   endloop
 endfacet
 facet normal -3.037934e-01  9.527379e-01  0.000000e+00
   outer loop
     vertex -2.376261e+00  2.711361e+01  1.990000e+02
     vertex -2.180212e+00  2.717612e+01  1.990000e+02
     vertex -2.180212e+00  2.717612e+01  6.900000e+01
   endloop
 endfacet
 facet normal -3.037934e-01  9.527379e-01  0.000000e+00
   outer loop
     vertex -2.376261e+00  2.711361e+01  1.990000e+02
     vertex -2.180212e+00  2.717612e+01  6.900000e+01
     vertex -2.376261e+00  2.711361e+01  6.900000e+01
   endloop
 endfacet
 facet normal -3.298166e-01  9.440450e-01  0.000000e+00
   outer loop
     vertex -2.570522e+00  2.704574e+01  1.990000e+02
     vertex -2.376261e+00  2.711361e+01  1.990000e+02
     vertex -2.376261e+00  2.711361e+01  6.900000e+01
   endloop
 endfacet
 facet normal -3.298166e-01  9.440450e-01  0.000000e+00
   outer loop
     vertex -2.570522e+00  2.704574e+01  1.990000e+02
     vertex -2.376261e+00  2.711361e+01  6.900000e+01
     vertex -2.570522e+00  2.704574e+01  6.900000e+01
   endloop
 endfacet
 facet normal -3.555914e-01  9.346415e-01  0.000000e+00
   outer loop
     vertex -2.570522e+00  2.704574e+01  1.990000e+02
     vertex -2.570522e+00  2.704574e+01  6.900000e+01
     vertex -2.762847e+00  2.697257e+01  6.900000e+01
   endloop
 endfacet
 facet normal -3.555914e-01  9.346415e-01  0.000000e+00
   outer loop
     vertex -2.762847e+00  2.697257e+01  1.990000e+02
     vertex -2.570522e+00  2.704574e+01  1.990000e+02
     vertex -2.762847e+00  2.697257e+01  6.900000e+01
   endloop
 endfacet
 facet normal -3.810986e-01  9.245344e-01  0.000000e+00
   outer loop
     vertex -2.953093e+00  2.689415e+01  1.990000e+02
     vertex -2.762847e+00  2.697257e+01  1.990000e+02
     vertex -2.762847e+00  2.697257e+01  6.900000e+01
   endloop
 endfacet
 facet normal -3.810986e-01  9.245344e-01  0.000000e+00
   outer loop
     vertex -2.953093e+00  2.689415e+01  1.990000e+02
     vertex -2.762847e+00  2.697257e+01  6.900000e+01
     vertex -2.953093e+00  2.689415e+01  6.900000e+01
   endloop
 endfacet
 facet normal -4.063188e-01  9.137314e-01  0.000000e+00
   outer loop
     vertex -3.141116e+00  2.681054e+01  1.990000e+02
     vertex -2.953093e+00  2.689415e+01  6.900000e+01
     vertex -3.141116e+00  2.681054e+01  6.900000e+01
   endloop
 endfacet
 facet normal -4.063188e-01  9.137314e-01  0.000000e+00
   outer loop
     vertex -3.141116e+00  2.681054e+01  1.990000e+02
     vertex -2.953093e+00  2.689415e+01  1.990000e+02
     vertex -2.953093e+00  2.689415e+01  6.900000e+01
   endloop
 endfacet
 facet normal -4.312333e-01  9.022405e-01  0.000000e+00
   outer loop
     vertex -3.326774e+00  2.672180e+01  1.990000e+02
     vertex -3.141116e+00  2.681054e+01  6.900000e+01
     vertex -3.326774e+00  2.672180e+01  6.900000e+01
   endloop
 endfacet
 facet normal -4.312333e-01  9.022405e-01  0.000000e+00
   outer loop
     vertex -3.326774e+00  2.672180e+01  1.990000e+02
     vertex -3.141116e+00  2.681054e+01  1.990000e+02
     vertex -3.141116e+00  2.681054e+01  6.900000e+01
   endloop
 endfacet
 facet normal -4.558231e-01  8.900704e-01  0.000000e+00
   outer loop
     vertex -3.509928e+00  2.662800e+01  1.990000e+02
     vertex -3.326774e+00  2.672180e+01  6.900000e+01
     vertex -3.509928e+00  2.662800e+01  6.900000e+01
   endloop
 endfacet
 facet normal -4.558231e-01  8.900704e-01  0.000000e+00
   outer loop
     vertex -3.509928e+00  2.662800e+01  1.990000e+02
     vertex -3.326774e+00  2.672180e+01  1.990000e+02
     vertex -3.326774e+00  2.672180e+01  6.900000e+01
   endloop
 endfacet
 facet normal -4.800697e-01  8.772303e-01  0.000000e+00
   outer loop
     vertex -3.690440e+00  2.652922e+01  1.990000e+02
     vertex -3.509928e+00  2.662800e+01  6.900000e+01
     vertex -3.690440e+00  2.652922e+01  6.900000e+01
   endloop
 endfacet
 facet normal -5.039550e-01  8.637299e-01  0.000000e+00
   outer loop
     vertex -3.690440e+00  2.652922e+01  1.990000e+02
     vertex -3.690440e+00  2.652922e+01  6.900000e+01
     vertex -3.868174e+00  2.642551e+01  6.900000e+01
   endloop
 endfacet
 facet normal -4.800697e-01  8.772303e-01  0.000000e+00
   outer loop
     vertex -3.690440e+00  2.652922e+01  1.990000e+02
     vertex -3.509928e+00  2.662800e+01  1.990000e+02
     vertex -3.509928e+00  2.662800e+01  6.900000e+01
   endloop
 endfacet
 facet normal -5.039550e-01  8.637299e-01  0.000000e+00
   outer loop
     vertex -3.868174e+00  2.642551e+01  1.990000e+02
     vertex -3.690440e+00  2.652922e+01  1.990000e+02
     vertex -3.868174e+00  2.642551e+01  6.900000e+01
   endloop
 endfacet
 facet normal -5.274609e-01  8.495793e-01  0.000000e+00
   outer loop
     vertex -4.042996e+00  2.631698e+01  1.990000e+02
     vertex -3.868174e+00  2.642551e+01  6.900000e+01
     vertex -4.042996e+00  2.631698e+01  6.900000e+01
   endloop
 endfacet
 facet normal -5.274609e-01  8.495793e-01  0.000000e+00
   outer loop
     vertex -4.042996e+00  2.631698e+01  1.990000e+02
     vertex -3.868174e+00  2.642551e+01  1.990000e+02
     vertex -3.868174e+00  2.642551e+01  6.900000e+01
   endloop
 endfacet
 facet normal -5.505698e-01  8.347891e-01  0.000000e+00
   outer loop
     vertex -4.214774e+00  2.620368e+01  1.990000e+02
     vertex -4.042996e+00  2.631698e+01  6.900000e+01
     vertex -4.214774e+00  2.620368e+01  6.900000e+01
   endloop
 endfacet
 facet normal -5.505698e-01  8.347891e-01  0.000000e+00
   outer loop
     vertex -4.214774e+00  2.620368e+01  1.990000e+02
     vertex -4.042996e+00  2.631698e+01  1.990000e+02
     vertex -4.042996e+00  2.631698e+01  6.900000e+01
   endloop
 endfacet
 facet normal -5.732642e-01  8.193706e-01  0.000000e+00
   outer loop
     vertex -4.383380e+00  2.608572e+01  1.990000e+02
     vertex -4.214774e+00  2.620368e+01  6.900000e+01
     vertex -4.383380e+00  2.608572e+01  6.900000e+01
   endloop
 endfacet
 facet normal -5.732642e-01  8.193706e-01  0.000000e+00
   outer loop
     vertex -4.383380e+00  2.608572e+01  1.990000e+02
     vertex -4.214774e+00  2.620368e+01  1.990000e+02
     vertex -4.214774e+00  2.620368e+01  6.900000e+01
   endloop
 endfacet
 facet normal -5.955271e-01  8.033352e-01  0.000000e+00
   outer loop
     vertex -4.548686e+00  2.596317e+01  1.990000e+02
     vertex -4.383380e+00  2.608572e+01  6.900000e+01
     vertex -4.548686e+00  2.596317e+01  6.900000e+01
   endloop
 endfacet
 facet normal -5.955271e-01  8.033352e-01  0.000000e+00
   outer loop
     vertex -4.548686e+00  2.596317e+01  1.990000e+02
     vertex -4.383380e+00  2.608572e+01  1.990000e+02
     vertex -4.383380e+00  2.608572e+01  6.900000e+01
   endloop
 endfacet
 facet normal -6.173417e-01  7.866951e-01  0.000000e+00
   outer loop
     vertex -4.710568e+00  2.583614e+01  1.990000e+02
     vertex -4.548686e+00  2.596317e+01  6.900000e+01
     vertex -4.710568e+00  2.583614e+01  6.900000e+01
   endloop
 endfacet
 facet normal -6.173417e-01  7.866951e-01  0.000000e+00
   outer loop
     vertex -4.710568e+00  2.583614e+01  1.990000e+02
     vertex -4.548686e+00  2.596317e+01  1.990000e+02
     vertex -4.548686e+00  2.596317e+01  6.900000e+01
   endloop
 endfacet
 facet normal -6.386916e-01  7.694628e-01  0.000000e+00
   outer loop
     vertex -4.868904e+00  2.570471e+01  1.990000e+02
     vertex -4.710568e+00  2.583614e+01  6.900000e+01
     vertex -4.868904e+00  2.570471e+01  6.900000e+01
   endloop
 endfacet
 facet normal -6.386916e-01  7.694628e-01  0.000000e+00
   outer loop
     vertex -4.868904e+00  2.570471e+01  1.990000e+02
     vertex -4.710568e+00  2.583614e+01  1.990000e+02
     vertex -4.710568e+00  2.583614e+01  6.900000e+01
   endloop
 endfacet
 facet normal -6.595607e-01  7.516513e-01  0.000000e+00
   outer loop
     vertex -5.023575e+00  2.556899e+01  1.990000e+02
     vertex -4.868904e+00  2.570471e+01  6.900000e+01
     vertex -5.023575e+00  2.556899e+01  6.900000e+01
   endloop
 endfacet
 facet normal -6.595607e-01  7.516513e-01  0.000000e+00
   outer loop
     vertex -5.023575e+00  2.556899e+01  1.990000e+02
     vertex -4.868904e+00  2.570471e+01  1.990000e+02
     vertex -4.868904e+00  2.570471e+01  6.900000e+01
   endloop
 endfacet
 facet normal -6.799333e-01  7.332740e-01  0.000000e+00
   outer loop
     vertex -5.174464e+00  2.542908e+01  1.990000e+02
     vertex -5.023575e+00  2.556899e+01  6.900000e+01
     vertex -5.174464e+00  2.542908e+01  6.900000e+01
   endloop
 endfacet
 facet normal -6.997940e-01  7.143447e-01  0.000000e+00
   outer loop
     vertex -5.174464e+00  2.542908e+01  1.990000e+02
     vertex -5.174464e+00  2.542908e+01  6.900000e+01
     vertex -5.321458e+00  2.528508e+01  6.900000e+01
   endloop
 endfacet
 facet normal -6.799333e-01  7.332740e-01  0.000000e+00
   outer loop
     vertex -5.174464e+00  2.542908e+01  1.990000e+02
     vertex -5.023575e+00  2.556899e+01  1.990000e+02
     vertex -5.023575e+00  2.556899e+01  6.900000e+01
   endloop
 endfacet
 facet normal -6.997940e-01  7.143447e-01  0.000000e+00
   outer loop
     vertex -5.321458e+00  2.528508e+01  1.990000e+02
     vertex -5.174464e+00  2.542908e+01  1.990000e+02
     vertex -5.321458e+00  2.528508e+01  6.900000e+01
   endloop
 endfacet
 facet normal -7.191280e-01  6.948776e-01  0.000000e+00
   outer loop
     vertex -5.464447e+00  2.513710e+01  1.990000e+02
     vertex -5.321458e+00  2.528508e+01  1.990000e+02
     vertex -5.321458e+00  2.528508e+01  6.900000e+01
   endloop
 endfacet
 facet normal -7.191280e-01  6.948776e-01  0.000000e+00
   outer loop
     vertex -5.464447e+00  2.513710e+01  1.990000e+02
     vertex -5.321458e+00  2.528508e+01  6.900000e+01
     vertex -5.464447e+00  2.513710e+01  6.900000e+01
   endloop
 endfacet
 facet normal -7.379206e-01  6.748875e-01  0.000000e+00
   outer loop
     vertex -5.603321e+00  2.498526e+01  1.990000e+02
     vertex -5.464447e+00  2.513710e+01  1.990000e+02
     vertex -5.464447e+00  2.513710e+01  6.900000e+01
   endloop
 endfacet
 facet normal -7.379206e-01  6.748875e-01  0.000000e+00
   outer loop
     vertex -5.603321e+00  2.498526e+01  1.990000e+02
     vertex -5.464447e+00  2.513710e+01  6.900000e+01
     vertex -5.603321e+00  2.498526e+01  6.900000e+01
   endloop
 endfacet
 facet normal -7.561578e-01  6.543893e-01  0.000000e+00
   outer loop
     vertex -5.737978e+00  2.482966e+01  1.990000e+02
     vertex -5.603321e+00  2.498526e+01  1.990000e+02
     vertex -5.603321e+00  2.498526e+01  6.900000e+01
   endloop
 endfacet
 facet normal -7.561578e-01  6.543893e-01  0.000000e+00
   outer loop
     vertex -5.737978e+00  2.482966e+01  1.990000e+02
     vertex -5.603321e+00  2.498526e+01  6.900000e+01
     vertex -5.737978e+00  2.482966e+01  6.900000e+01
   endloop
 endfacet
 facet normal -7.738257e-01  6.333986e-01  0.000000e+00
   outer loop
     vertex -5.868316e+00  2.467043e+01  1.990000e+02
     vertex -5.737978e+00  2.482966e+01  6.900000e+01
     vertex -5.868316e+00  2.467043e+01  6.900000e+01
   endloop
 endfacet
 facet normal -7.738257e-01  6.333986e-01  0.000000e+00
   outer loop
     vertex -5.868316e+00  2.467043e+01  1.990000e+02
     vertex -5.737978e+00  2.482966e+01  1.990000e+02
     vertex -5.737978e+00  2.482966e+01  6.900000e+01
   endloop
 endfacet
 facet normal -7.909112e-01  6.119310e-01  0.000000e+00
   outer loop
     vertex -5.994235e+00  2.450768e+01  1.990000e+02
     vertex -5.868316e+00  2.467043e+01  6.900000e+01
     vertex -5.994235e+00  2.450768e+01  6.900000e+01
   endloop
 endfacet
 facet normal -7.909112e-01  6.119310e-01  0.000000e+00
   outer loop
     vertex -5.994235e+00  2.450768e+01  1.990000e+02
     vertex -5.868316e+00  2.467043e+01  1.990000e+02
     vertex -5.868316e+00  2.467043e+01  6.900000e+01
   endloop
 endfacet
 facet normal -8.074012e-01  5.900028e-01  0.000000e+00
   outer loop
     vertex -6.115643e+00  2.434153e+01  1.990000e+02
     vertex -5.994235e+00  2.450768e+01  6.900000e+01
     vertex -6.115643e+00  2.434153e+01  6.900000e+01
   endloop
 endfacet
 facet normal -8.074012e-01  5.900028e-01  0.000000e+00
   outer loop
     vertex -6.115643e+00  2.434153e+01  1.990000e+02
     vertex -5.994235e+00  2.450768e+01  1.990000e+02
     vertex -5.994235e+00  2.450768e+01  6.900000e+01
   endloop
 endfacet
 facet normal -8.232835e-01  5.676304e-01  0.000000e+00
   outer loop
     vertex -6.232447e+00  2.417212e+01  1.990000e+02
     vertex -6.115643e+00  2.434153e+01  6.900000e+01
     vertex -6.232447e+00  2.417212e+01  6.900000e+01
   endloop
 endfacet
 facet normal -8.232835e-01  5.676304e-01  0.000000e+00
   outer loop
     vertex -6.232447e+00  2.417212e+01  1.990000e+02
     vertex -6.115643e+00  2.434153e+01  1.990000e+02
     vertex -6.115643e+00  2.434153e+01  6.900000e+01
   endloop
 endfacet
 facet normal -8.385460e-01  5.448308e-01  0.000000e+00
   outer loop
     vertex -6.344560e+00  2.399957e+01  1.990000e+02
     vertex -6.232447e+00  2.417212e+01  6.900000e+01
     vertex -6.344560e+00  2.399957e+01  6.900000e+01
   endloop
 endfacet
 facet normal -8.385460e-01  5.448308e-01  0.000000e+00
   outer loop
     vertex -6.344560e+00  2.399957e+01  1.990000e+02
     vertex -6.232447e+00  2.417212e+01  1.990000e+02
     vertex -6.232447e+00  2.417212e+01  6.900000e+01
   endloop
 endfacet
 facet normal -8.531773e-01  5.216210e-01  0.000000e+00
   outer loop
     vertex -6.451896e+00  2.382401e+01  1.990000e+02
     vertex -6.344560e+00  2.399957e+01  6.900000e+01
     vertex -6.451896e+00  2.382401e+01  6.900000e+01
   endloop
 endfacet
 facet normal -8.531773e-01  5.216210e-01  0.000000e+00
   outer loop
     vertex -6.451896e+00  2.382401e+01  1.990000e+02
     vertex -6.344560e+00  2.399957e+01  1.990000e+02
     vertex -6.344560e+00  2.399957e+01  6.900000e+01
   endloop
 endfacet
 facet normal -8.671664e-01  4.980186e-01  0.000000e+00
   outer loop
     vertex -6.554376e+00  2.364557e+01  1.990000e+02
     vertex -6.451896e+00  2.382401e+01  6.900000e+01
     vertex -6.554376e+00  2.364557e+01  6.900000e+01
   endloop
 endfacet
 facet normal -8.671664e-01  4.980186e-01  0.000000e+00
   outer loop
     vertex -6.554376e+00  2.364557e+01  1.990000e+02
     vertex -6.451896e+00  2.382401e+01  1.990000e+02
     vertex -6.451896e+00  2.382401e+01  6.900000e+01
   endloop
 endfacet
 facet normal -8.805026e-01  4.740412e-01  0.000000e+00
   outer loop
     vertex -6.651921e+00  2.346438e+01  1.990000e+02
     vertex -6.554376e+00  2.364557e+01  6.900000e+01
     vertex -6.651921e+00  2.346438e+01  6.900000e+01
   endloop
 endfacet
 facet normal -8.805026e-01  4.740412e-01  0.000000e+00
   outer loop
     vertex -6.651921e+00  2.346438e+01  1.990000e+02
     vertex -6.554376e+00  2.364557e+01  1.990000e+02
     vertex -6.554376e+00  2.364557e+01  6.900000e+01
   endloop
 endfacet
 facet normal -8.931761e-01  4.497071e-01  0.000000e+00
   outer loop
     vertex -6.744460e+00  2.328059e+01  1.990000e+02
     vertex -6.651921e+00  2.346438e+01  6.900000e+01
     vertex -6.744460e+00  2.328059e+01  6.900000e+01
   endloop
 endfacet
 facet normal -8.931761e-01  4.497071e-01  0.000000e+00
   outer loop
     vertex -6.744460e+00  2.328059e+01  1.990000e+02
     vertex -6.651921e+00  2.346438e+01  1.990000e+02
     vertex -6.651921e+00  2.346438e+01  6.900000e+01
   endloop
 endfacet
 facet normal -9.051772e-01  4.250344e-01  0.000000e+00
   outer loop
     vertex -6.831921e+00  2.309433e+01  1.990000e+02
     vertex -6.744460e+00  2.328059e+01  6.900000e+01
     vertex -6.831921e+00  2.309433e+01  6.900000e+01
   endloop
 endfacet
 facet normal -9.051772e-01  4.250344e-01  0.000000e+00
   outer loop
     vertex -6.831921e+00  2.309433e+01  1.990000e+02
     vertex -6.744460e+00  2.328059e+01  1.990000e+02
     vertex -6.744460e+00  2.328059e+01  6.900000e+01
   endloop
 endfacet
 facet normal -9.164969e-01  4.000417e-01  0.000000e+00
   outer loop
     vertex -6.914239e+00  2.290573e+01  1.990000e+02
     vertex -6.831921e+00  2.309433e+01  6.900000e+01
     vertex -6.914239e+00  2.290573e+01  6.900000e+01
   endloop
 endfacet
 facet normal -9.164969e-01  4.000417e-01  0.000000e+00
   outer loop
     vertex -6.914239e+00  2.290573e+01  1.990000e+02
     vertex -6.831921e+00  2.309433e+01  1.990000e+02
     vertex -6.831921e+00  2.309433e+01  6.900000e+01
   endloop
 endfacet
 facet normal -9.271267e-01  3.747479e-01  0.000000e+00
   outer loop
     vertex -6.991353e+00  2.271496e+01  1.990000e+02
     vertex -6.914239e+00  2.290573e+01  6.900000e+01
     vertex -6.991353e+00  2.271496e+01  6.900000e+01
   endloop
 endfacet
 facet normal -9.271267e-01  3.747479e-01  0.000000e+00
   outer loop
     vertex -6.991353e+00  2.271496e+01  1.990000e+02
     vertex -6.914239e+00  2.290573e+01  1.990000e+02
     vertex -6.914239e+00  2.290573e+01  6.900000e+01
   endloop
 endfacet
 facet normal -9.370586e-01  3.491720e-01  0.000000e+00
   outer loop
     vertex -7.063204e+00  2.252213e+01  1.990000e+02
     vertex -6.991353e+00  2.271496e+01  6.900000e+01
     vertex -7.063204e+00  2.252213e+01  6.900000e+01
   endloop
 endfacet
 facet normal -9.370586e-01  3.491720e-01  0.000000e+00
   outer loop
     vertex -7.063204e+00  2.252213e+01  1.990000e+02
     vertex -6.991353e+00  2.271496e+01  1.990000e+02
     vertex -6.991353e+00  2.271496e+01  6.900000e+01
   endloop
 endfacet
 facet normal -9.462851e-01  3.233333e-01  0.000000e+00
   outer loop
     vertex -7.129738e+00  2.232741e+01  1.990000e+02
     vertex -7.063204e+00  2.252213e+01  6.900000e+01
     vertex -7.129738e+00  2.232741e+01  6.900000e+01
   endloop
 endfacet
 facet normal -9.462851e-01  3.233333e-01  0.000000e+00
   outer loop
     vertex -7.129738e+00  2.232741e+01  1.990000e+02
     vertex -7.063204e+00  2.252213e+01  1.990000e+02
     vertex -7.063204e+00  2.252213e+01  6.900000e+01
   endloop
 endfacet
 facet normal -9.547993e-01  2.972512e-01  0.000000e+00
   outer loop
     vertex -7.190904e+00  2.213094e+01  1.990000e+02
     vertex -7.129738e+00  2.232741e+01  6.900000e+01
     vertex -7.190904e+00  2.213094e+01  6.900000e+01
   endloop
 endfacet
 facet normal -9.547993e-01  2.972512e-01  0.000000e+00
   outer loop
     vertex -7.190904e+00  2.213094e+01  1.990000e+02
     vertex -7.129738e+00  2.232741e+01  1.990000e+02
     vertex -7.129738e+00  2.232741e+01  6.900000e+01
   endloop
 endfacet
 facet normal -9.625948e-01  2.709453e-01  0.000000e+00
   outer loop
     vertex -7.246658e+00  2.193286e+01  1.990000e+02
     vertex -7.190904e+00  2.213094e+01  6.900000e+01
     vertex -7.246658e+00  2.193286e+01  6.900000e+01
   endloop
 endfacet
 facet normal -9.625948e-01  2.709453e-01  0.000000e+00
   outer loop
     vertex -7.246658e+00  2.193286e+01  1.990000e+02
     vertex -7.190904e+00  2.213094e+01  1.990000e+02
     vertex -7.190904e+00  2.213094e+01  6.900000e+01
   endloop
 endfacet
 facet normal -9.696656e-01  2.444354e-01  0.000000e+00
   outer loop
     vertex -7.296957e+00  2.173333e+01  1.990000e+02
     vertex -7.246658e+00  2.193286e+01  6.900000e+01
     vertex -7.296957e+00  2.173333e+01  6.900000e+01
   endloop
 endfacet
 facet normal -9.696656e-01  2.444354e-01  0.000000e+00
   outer loop
     vertex -7.296957e+00  2.173333e+01  1.990000e+02
     vertex -7.246658e+00  2.193286e+01  1.990000e+02
     vertex -7.246658e+00  2.193286e+01  6.900000e+01
   endloop
 endfacet
 facet normal -9.760065e-01  2.177416e-01  0.000000e+00
   outer loop
     vertex -7.341762e+00  2.153249e+01  1.990000e+02
     vertex -7.296957e+00  2.173333e+01  6.900000e+01
     vertex -7.341762e+00  2.153249e+01  6.900000e+01
   endloop
 endfacet
 facet normal -9.760065e-01  2.177416e-01  0.000000e+00
   outer loop
     vertex -7.341762e+00  2.153249e+01  1.990000e+02
     vertex -7.296957e+00  2.173333e+01  1.990000e+02
     vertex -7.296957e+00  2.173333e+01  6.900000e+01
   endloop
 endfacet
 facet normal -9.816126e-01  1.908838e-01  0.000000e+00
   outer loop
     vertex -7.381042e+00  2.133050e+01  1.990000e+02
     vertex -7.341762e+00  2.153249e+01  6.900000e+01
     vertex -7.381042e+00  2.133050e+01  6.900000e+01
   endloop
 endfacet
 facet normal -9.816126e-01  1.908838e-01  0.000000e+00
   outer loop
     vertex -7.381042e+00  2.133050e+01  1.990000e+02
     vertex -7.341762e+00  2.153249e+01  1.990000e+02
     vertex -7.341762e+00  2.153249e+01  6.900000e+01
   endloop
 endfacet
 facet normal -9.864799e-01  1.638824e-01  0.000000e+00
   outer loop
     vertex -7.414764e+00  2.112751e+01  1.990000e+02
     vertex -7.381042e+00  2.133050e+01  6.900000e+01
     vertex -7.414764e+00  2.112751e+01  6.900000e+01
   endloop
 endfacet
 facet normal -9.864799e-01  1.638824e-01  0.000000e+00
   outer loop
     vertex -7.414764e+00  2.112751e+01  1.990000e+02
     vertex -7.381042e+00  2.133050e+01  1.990000e+02
     vertex -7.381042e+00  2.133050e+01  6.900000e+01
   endloop
 endfacet
 facet normal -9.906046e-01  1.367575e-01  0.000000e+00
   outer loop
     vertex -7.442906e+00  2.092366e+01  1.990000e+02
     vertex -7.414764e+00  2.112751e+01  6.900000e+01
     vertex -7.442906e+00  2.092366e+01  6.900000e+01
   endloop
 endfacet
 facet normal -9.906046e-01  1.367575e-01  0.000000e+00
   outer loop
     vertex -7.442906e+00  2.092366e+01  1.990000e+02
     vertex -7.414764e+00  2.112751e+01  1.990000e+02
     vertex -7.414764e+00  2.112751e+01  6.900000e+01
   endloop
 endfacet
 facet normal -9.939835e-01  1.095298e-01  0.000000e+00
   outer loop
     vertex -7.465444e+00  2.071913e+01  1.990000e+02
     vertex -7.442906e+00  2.092366e+01  1.990000e+02
     vertex -7.442906e+00  2.092366e+01  6.900000e+01
   endloop
 endfacet
 facet normal -9.939835e-01  1.095298e-01  0.000000e+00
   outer loop
     vertex -7.465444e+00  2.071913e+01  1.990000e+02
     vertex -7.442906e+00  2.092366e+01  6.900000e+01
     vertex -7.465444e+00  2.071913e+01  6.900000e+01
   endloop
 endfacet
 facet normal -9.966142e-01  8.221955e-02  0.000000e+00
   outer loop
     vertex -7.482363e+00  2.051405e+01  1.990000e+02
     vertex -7.465444e+00  2.071913e+01  1.990000e+02
     vertex -7.465444e+00  2.071913e+01  6.900000e+01
   endloop
 endfacet
 facet normal -9.966142e-01  8.221955e-02  0.000000e+00
   outer loop
     vertex -7.482363e+00  2.051405e+01  1.990000e+02
     vertex -7.465444e+00  2.071913e+01  6.900000e+01
     vertex -7.482363e+00  2.051405e+01  6.900000e+01
   endloop
 endfacet
 facet normal -9.984947e-01  5.484744e-02  0.000000e+00
   outer loop
     vertex -7.493649e+00  2.030858e+01  1.990000e+02
     vertex -7.482363e+00  2.051405e+01  1.990000e+02
     vertex -7.482363e+00  2.051405e+01  6.900000e+01
   endloop
 endfacet
 facet normal -9.984947e-01  5.484744e-02  0.000000e+00
   outer loop
     vertex -7.493649e+00  2.030858e+01  1.990000e+02
     vertex -7.482363e+00  2.051405e+01  6.900000e+01
     vertex -7.493649e+00  2.030858e+01  6.900000e+01
   endloop
 endfacet
 facet normal -9.996236e-01  2.743405e-02  0.000000e+00
   outer loop
     vertex -7.499294e+00  2.010289e+01  1.990000e+02
     vertex -7.493649e+00  2.030858e+01  1.990000e+02
     vertex -7.493649e+00  2.030858e+01  6.900000e+01
   endloop
 endfacet
 facet normal -9.996236e-01  2.743405e-02  0.000000e+00
   outer loop
     vertex -7.499294e+00  2.010289e+01  1.990000e+02
     vertex -7.493649e+00  2.030858e+01  6.900000e+01
     vertex -7.499294e+00  2.010289e+01  6.900000e+01
   endloop
 endfacet
 facet normal -1.000000e+00 -4.316266e-15  0.000000e+00
   outer loop
     vertex -7.499294e+00  1.989711e+01  1.990000e+02
     vertex -7.499294e+00  2.010289e+01  1.990000e+02
     vertex -7.499294e+00  2.010289e+01  6.900000e+01
   endloop
 endfacet
 facet normal -1.000000e+00 -4.316266e-15 -0.000000e+00
   outer loop
     vertex -7.499294e+00  1.989711e+01  1.990000e+02
     vertex -7.499294e+00  2.010289e+01  6.900000e+01
     vertex -7.499294e+00  1.989711e+01  6.900000e+01
   endloop
 endfacet
 facet normal -9.996236e-01 -2.743405e-02  0.000000e+00
   outer loop
     vertex -7.493649e+00  1.969142e+01  1.990000e+02
     vertex -7.499294e+00  1.989711e+01  1.990000e+02
     vertex -7.499294e+00  1.989711e+01  6.900000e+01
   endloop
 endfacet
 facet normal -9.996236e-01 -2.743405e-02 -0.000000e+00
   outer loop
     vertex -7.493649e+00  1.969142e+01  1.990000e+02
     vertex -7.499294e+00  1.989711e+01  6.900000e+01
     vertex -7.493649e+00  1.969142e+01  6.900000e+01
   endloop
 endfacet
 facet normal -9.984947e-01 -5.484744e-02  0.000000e+00
   outer loop
     vertex -7.482363e+00  1.948595e+01  1.990000e+02
     vertex -7.493649e+00  1.969142e+01  1.990000e+02
     vertex -7.493649e+00  1.969142e+01  6.900000e+01
   endloop
 endfacet
 facet normal -9.984947e-01 -5.484744e-02 -0.000000e+00
   outer loop
     vertex -7.482363e+00  1.948595e+01  1.990000e+02
     vertex -7.493649e+00  1.969142e+01  6.900000e+01
     vertex -7.482363e+00  1.948595e+01  6.900000e+01
   endloop
 endfacet
 facet normal -9.966142e-01 -8.221955e-02  0.000000e+00
   outer loop
     vertex -7.465444e+00  1.928087e+01  1.990000e+02
     vertex -7.482363e+00  1.948595e+01  1.990000e+02
     vertex -7.482363e+00  1.948595e+01  6.900000e+01
   endloop
 endfacet
 facet normal -9.966142e-01 -8.221955e-02 -0.000000e+00
   outer loop
     vertex -7.465444e+00  1.928087e+01  1.990000e+02
     vertex -7.482363e+00  1.948595e+01  6.900000e+01
     vertex -7.465444e+00  1.928087e+01  6.900000e+01
   endloop
 endfacet
 facet normal -9.939835e-01 -1.095298e-01  0.000000e+00
   outer loop
     vertex -7.442906e+00  1.907634e+01  1.990000e+02
     vertex -7.465444e+00  1.928087e+01  1.990000e+02
     vertex -7.465444e+00  1.928087e+01  6.900000e+01
   endloop
 endfacet
 facet normal -9.939835e-01 -1.095298e-01 -0.000000e+00
   outer loop
     vertex -7.442906e+00  1.907634e+01  1.990000e+02
     vertex -7.465444e+00  1.928087e+01  6.900000e+01
     vertex -7.442906e+00  1.907634e+01  6.900000e+01
   endloop
 endfacet
 facet normal -9.906046e-01 -1.367575e-01  0.000000e+00
   outer loop
     vertex -7.414764e+00  1.887249e+01  1.990000e+02
     vertex -7.442906e+00  1.907634e+01  1.990000e+02
     vertex -7.442906e+00  1.907634e+01  6.900000e+01
   endloop
 endfacet
 facet normal -9.906046e-01 -1.367575e-01 -0.000000e+00
   outer loop
     vertex -7.414764e+00  1.887249e+01  1.990000e+02
     vertex -7.442906e+00  1.907634e+01  6.900000e+01
     vertex -7.414764e+00  1.887249e+01  6.900000e+01
   endloop
 endfacet
 facet normal -9.864799e-01 -1.638824e-01  0.000000e+00
   outer loop
     vertex -7.381042e+00  1.866950e+01  1.990000e+02
     vertex -7.414764e+00  1.887249e+01  1.990000e+02
     vertex -7.414764e+00  1.887249e+01  6.900000e+01
   endloop
 endfacet
 facet normal -9.864799e-01 -1.638824e-01 -0.000000e+00
   outer loop
     vertex -7.381042e+00  1.866950e+01  1.990000e+02
     vertex -7.414764e+00  1.887249e+01  6.900000e+01
     vertex -7.381042e+00  1.866950e+01  6.900000e+01
   endloop
 endfacet
 facet normal -9.816126e-01 -1.908838e-01  0.000000e+00
   outer loop
     vertex -7.341762e+00  1.846751e+01  1.990000e+02
     vertex -7.381042e+00  1.866950e+01  1.990000e+02
     vertex -7.381042e+00  1.866950e+01  6.900000e+01
   endloop
 endfacet
 facet normal -9.816126e-01 -1.908838e-01 -0.000000e+00
   outer loop
     vertex -7.341762e+00  1.846751e+01  1.990000e+02
     vertex -7.381042e+00  1.866950e+01  6.900000e+01
     vertex -7.341762e+00  1.846751e+01  6.900000e+01
   endloop
 endfacet
 facet normal -9.760065e-01 -2.177416e-01 -0.000000e+00
   outer loop
     vertex -7.296957e+00  1.826667e+01  1.990000e+02
     vertex -7.341762e+00  1.846751e+01  6.900000e+01
     vertex -7.296957e+00  1.826667e+01  6.900000e+01
   endloop
 endfacet
 facet normal -9.760065e-01 -2.177416e-01  0.000000e+00
   outer loop
     vertex -7.296957e+00  1.826667e+01  1.990000e+02
     vertex -7.341762e+00  1.846751e+01  1.990000e+02
     vertex -7.341762e+00  1.846751e+01  6.900000e+01
   endloop
 endfacet
 facet normal -9.696656e-01 -2.444354e-01 -0.000000e+00
   outer loop
     vertex -7.246658e+00  1.806714e+01  1.990000e+02
     vertex -7.296957e+00  1.826667e+01  6.900000e+01
     vertex -7.246658e+00  1.806714e+01  6.900000e+01
   endloop
 endfacet
 facet normal -9.625948e-01 -2.709453e-01 -0.000000e+00
   outer loop
     vertex -7.246658e+00  1.806714e+01  1.990000e+02
     vertex -7.246658e+00  1.806714e+01  6.900000e+01
     vertex -7.190904e+00  1.786906e+01  6.900000e+01
   endloop
 endfacet
 facet normal -9.696656e-01 -2.444354e-01  0.000000e+00
   outer loop
     vertex -7.246658e+00  1.806714e+01  1.990000e+02
     vertex -7.296957e+00  1.826667e+01  1.990000e+02
     vertex -7.296957e+00  1.826667e+01  6.900000e+01
   endloop
 endfacet
 facet normal -9.625948e-01 -2.709453e-01 -0.000000e+00
   outer loop
     vertex -7.190904e+00  1.786906e+01  1.990000e+02
     vertex -7.246658e+00  1.806714e+01  1.990000e+02
     vertex -7.190904e+00  1.786906e+01  6.900000e+01
   endloop
 endfacet
 facet normal -9.547993e-01 -2.972512e-01 -0.000000e+00
   outer loop
     vertex -7.129738e+00  1.767259e+01  1.990000e+02
     vertex -7.190904e+00  1.786906e+01  6.900000e+01
     vertex -7.129738e+00  1.767259e+01  6.900000e+01
   endloop
 endfacet
 facet normal -9.547993e-01 -2.972512e-01  0.000000e+00
   outer loop
     vertex -7.129738e+00  1.767259e+01  1.990000e+02
     vertex -7.190904e+00  1.786906e+01  1.990000e+02
     vertex -7.190904e+00  1.786906e+01  6.900000e+01
   endloop
 endfacet
 facet normal -9.462851e-01 -3.233333e-01 -0.000000e+00
   outer loop
     vertex -7.063204e+00  1.747787e+01  1.990000e+02
     vertex -7.129738e+00  1.767259e+01  6.900000e+01
     vertex -7.063204e+00  1.747787e+01  6.900000e+01
   endloop
 endfacet
 facet normal -9.462851e-01 -3.233333e-01  0.000000e+00
   outer loop
     vertex -7.063204e+00  1.747787e+01  1.990000e+02
     vertex -7.129738e+00  1.767259e+01  1.990000e+02
     vertex -7.129738e+00  1.767259e+01  6.900000e+01
   endloop
 endfacet
 facet normal -9.370586e-01 -3.491720e-01 -0.000000e+00
   outer loop
     vertex -6.991353e+00  1.728504e+01  1.990000e+02
     vertex -7.063204e+00  1.747787e+01  6.900000e+01
     vertex -6.991353e+00  1.728504e+01  6.900000e+01
   endloop
 endfacet
 facet normal -9.370586e-01 -3.491720e-01  0.000000e+00
   outer loop
     vertex -6.991353e+00  1.728504e+01  1.990000e+02
     vertex -7.063204e+00  1.747787e+01  1.990000e+02
     vertex -7.063204e+00  1.747787e+01  6.900000e+01
   endloop
 endfacet
 facet normal -9.271267e-01 -3.747479e-01 -0.000000e+00
   outer loop
     vertex -6.914239e+00  1.709427e+01  1.990000e+02
     vertex -6.991353e+00  1.728504e+01  6.900000e+01
     vertex -6.914239e+00  1.709427e+01  6.900000e+01
   endloop
 endfacet
 facet normal -9.164969e-01 -4.000417e-01 -0.000000e+00
   outer loop
     vertex -6.914239e+00  1.709427e+01  1.990000e+02
     vertex -6.914239e+00  1.709427e+01  6.900000e+01
     vertex -6.831921e+00  1.690567e+01  6.900000e+01
   endloop
 endfacet
 facet normal -9.271267e-01 -3.747479e-01  0.000000e+00
   outer loop
     vertex -6.914239e+00  1.709427e+01  1.990000e+02
     vertex -6.991353e+00  1.728504e+01  1.990000e+02
     vertex -6.991353e+00  1.728504e+01  6.900000e+01
   endloop
 endfacet
 facet normal -9.051772e-01 -4.250344e-01 -0.000000e+00
   outer loop
     vertex -6.831921e+00  1.690567e+01  1.990000e+02
     vertex -6.831921e+00  1.690567e+01  6.900000e+01
     vertex -6.744460e+00  1.671941e+01  6.900000e+01
   endloop
 endfacet
 facet normal -9.164969e-01 -4.000417e-01 -0.000000e+00
   outer loop
     vertex -6.831921e+00  1.690567e+01  1.990000e+02
     vertex -6.914239e+00  1.709427e+01  1.990000e+02
     vertex -6.831921e+00  1.690567e+01  6.900000e+01
   endloop
 endfacet
 facet normal -9.051772e-01 -4.250344e-01 -0.000000e+00
   outer loop
     vertex -6.744460e+00  1.671941e+01  1.990000e+02
     vertex -6.831921e+00  1.690567e+01  1.990000e+02
     vertex -6.744460e+00  1.671941e+01  6.900000e+01
   endloop
 endfacet
 facet normal -8.931761e-01 -4.497071e-01 -0.000000e+00
   outer loop
     vertex -6.651921e+00  1.653562e+01  1.990000e+02
     vertex -6.744460e+00  1.671941e+01  6.900000e+01
     vertex -6.651921e+00  1.653562e+01  6.900000e+01
   endloop
 endfacet
 facet normal -8.931761e-01 -4.497071e-01  0.000000e+00
   outer loop
     vertex -6.651921e+00  1.653562e+01  1.990000e+02
     vertex -6.744460e+00  1.671941e+01  1.990000e+02
     vertex -6.744460e+00  1.671941e+01  6.900000e+01
   endloop
 endfacet
 facet normal -8.805026e-01 -4.740412e-01 -0.000000e+00
   outer loop
     vertex -6.554376e+00  1.635443e+01  1.990000e+02
     vertex -6.651921e+00  1.653562e+01  6.900000e+01
     vertex -6.554376e+00  1.635443e+01  6.900000e+01
   endloop
 endfacet
 facet normal -8.805026e-01 -4.740412e-01  0.000000e+00
   outer loop
     vertex -6.554376e+00  1.635443e+01  1.990000e+02
     vertex -6.651921e+00  1.653562e+01  1.990000e+02
     vertex -6.651921e+00  1.653562e+01  6.900000e+01
   endloop
 endfacet
 facet normal -8.671664e-01 -4.980186e-01 -0.000000e+00
   outer loop
     vertex -6.451896e+00  1.617599e+01  1.990000e+02
     vertex -6.554376e+00  1.635443e+01  6.900000e+01
     vertex -6.451896e+00  1.617599e+01  6.900000e+01
   endloop
 endfacet
 facet normal -8.531773e-01 -5.216210e-01 -0.000000e+00
   outer loop
     vertex -6.451896e+00  1.617599e+01  1.990000e+02
     vertex -6.451896e+00  1.617599e+01  6.900000e+01
     vertex -6.344560e+00  1.600043e+01  6.900000e+01
   endloop
 endfacet
 facet normal -8.671664e-01 -4.980186e-01  0.000000e+00
   outer loop
     vertex -6.451896e+00  1.617599e+01  1.990000e+02
     vertex -6.554376e+00  1.635443e+01  1.990000e+02
     vertex -6.554376e+00  1.635443e+01  6.900000e+01
   endloop
 endfacet
 facet normal -8.531773e-01 -5.216210e-01 -0.000000e+00
   outer loop
     vertex -6.344560e+00  1.600043e+01  1.990000e+02
     vertex -6.451896e+00  1.617599e+01  1.990000e+02
     vertex -6.344560e+00  1.600043e+01  6.900000e+01
   endloop
 endfacet
 facet normal -8.385460e-01 -5.448308e-01  0.000000e+00
   outer loop
     vertex -6.232447e+00  1.582788e+01  1.990000e+02
     vertex -6.344560e+00  1.600043e+01  1.990000e+02
     vertex -6.344560e+00  1.600043e+01  6.900000e+01
   endloop
 endfacet
 facet normal -8.385460e-01 -5.448308e-01 -0.000000e+00
   outer loop
     vertex -6.232447e+00  1.582788e+01  1.990000e+02
     vertex -6.344560e+00  1.600043e+01  6.900000e+01
     vertex -6.232447e+00  1.582788e+01  6.900000e+01
   endloop
 endfacet
 facet normal -8.232835e-01 -5.676304e-01  0.000000e+00
   outer loop
     vertex -6.115643e+00  1.565847e+01  1.990000e+02
     vertex -6.232447e+00  1.582788e+01  1.990000e+02
     vertex -6.232447e+00  1.582788e+01  6.900000e+01
   endloop
 endfacet
 facet normal -8.232835e-01 -5.676304e-01 -0.000000e+00
   outer loop
     vertex -6.115643e+00  1.565847e+01  1.990000e+02
     vertex -6.232447e+00  1.582788e+01  6.900000e+01
     vertex -6.115643e+00  1.565847e+01  6.900000e+01
   endloop
 endfacet
 facet normal -8.074012e-01 -5.900028e-01  0.000000e+00
   outer loop
     vertex -5.994235e+00  1.549232e+01  1.990000e+02
     vertex -6.115643e+00  1.565847e+01  1.990000e+02
     vertex -6.115643e+00  1.565847e+01  6.900000e+01
   endloop
 endfacet
 facet normal -8.074012e-01 -5.900028e-01 -0.000000e+00
   outer loop
     vertex -5.994235e+00  1.549232e+01  1.990000e+02
     vertex -6.115643e+00  1.565847e+01  6.900000e+01
     vertex -5.994235e+00  1.549232e+01  6.900000e+01
   endloop
 endfacet
 facet normal -7.909112e-01 -6.119310e-01 -0.000000e+00
   outer loop
     vertex -5.994235e+00  1.549232e+01  1.990000e+02
     vertex -5.994235e+00  1.549232e+01  6.900000e+01
     vertex -5.868316e+00  1.532957e+01  6.900000e+01
   endloop
 endfacet
 facet normal -7.909112e-01 -6.119310e-01 -0.000000e+00
   outer loop
     vertex -5.868316e+00  1.532957e+01  1.990000e+02
     vertex -5.994235e+00  1.549232e+01  1.990000e+02
     vertex -5.868316e+00  1.532957e+01  6.900000e+01
   endloop
 endfacet
 facet normal -7.738257e-01 -6.333986e-01  0.000000e+00
   outer loop
     vertex -5.737978e+00  1.517034e+01  1.990000e+02
     vertex -5.868316e+00  1.532957e+01  1.990000e+02
     vertex -5.868316e+00  1.532957e+01  6.900000e+01
   endloop
 endfacet
 facet normal -7.738257e-01 -6.333986e-01 -0.000000e+00
   outer loop
     vertex -5.737978e+00  1.517034e+01  1.990000e+02
     vertex -5.868316e+00  1.532957e+01  6.900000e+01
     vertex -5.737978e+00  1.517034e+01  6.900000e+01
   endloop
 endfacet
 facet normal -7.561578e-01 -6.543893e-01  0.000000e+00
   outer loop
     vertex -5.603321e+00  1.501474e+01  1.990000e+02
     vertex -5.737978e+00  1.517034e+01  1.990000e+02
     vertex -5.737978e+00  1.517034e+01  6.900000e+01
   endloop
 endfacet
 facet normal -7.561578e-01 -6.543893e-01 -0.000000e+00
   outer loop
     vertex -5.603321e+00  1.501474e+01  1.990000e+02
     vertex -5.737978e+00  1.517034e+01  6.900000e+01
     vertex -5.603321e+00  1.501474e+01  6.900000e+01
   endloop
 endfacet
 facet normal -7.379206e-01 -6.748875e-01 -0.000000e+00
   outer loop
     vertex -5.603321e+00  1.501474e+01  1.990000e+02
     vertex -5.603321e+00  1.501474e+01  6.900000e+01
     vertex -5.464447e+00  1.486290e+01  6.900000e+01
   endloop
 endfacet
 facet normal -7.379206e-01 -6.748875e-01 -0.000000e+00
   outer loop
     vertex -5.464447e+00  1.486290e+01  1.990000e+02
     vertex -5.603321e+00  1.501474e+01  1.990000e+02
     vertex -5.464447e+00  1.486290e+01  6.900000e+01
   endloop
 endfacet
 facet normal -7.191280e-01 -6.948776e-01  0.000000e+00
   outer loop
     vertex -5.321458e+00  1.471492e+01  1.990000e+02
     vertex -5.464447e+00  1.486290e+01  1.990000e+02
     vertex -5.464447e+00  1.486290e+01  6.900000e+01
   endloop
 endfacet
 facet normal -7.191280e-01 -6.948776e-01 -0.000000e+00
   outer loop
     vertex -5.321458e+00  1.471492e+01  1.990000e+02
     vertex -5.464447e+00  1.486290e+01  6.900000e+01
     vertex -5.321458e+00  1.471492e+01  6.900000e+01
   endloop
 endfacet
 facet normal -6.997940e-01 -7.143447e-01 -0.000000e+00
   outer loop
     vertex -5.321458e+00  1.471492e+01  1.990000e+02
     vertex -5.321458e+00  1.471492e+01  6.900000e+01
     vertex -5.174464e+00  1.457092e+01  6.900000e+01
   endloop
 endfacet
 facet normal -6.997940e-01 -7.143447e-01 -0.000000e+00
   outer loop
     vertex -5.174464e+00  1.457092e+01  1.990000e+02
     vertex -5.321458e+00  1.471492e+01  1.990000e+02
     vertex -5.174464e+00  1.457092e+01  6.900000e+01
   endloop
 endfacet
 facet normal -6.799333e-01 -7.332740e-01  0.000000e+00
   outer loop
     vertex -5.023575e+00  1.443101e+01  1.990000e+02
     vertex -5.174464e+00  1.457092e+01  1.990000e+02
     vertex -5.174464e+00  1.457092e+01  6.900000e+01
   endloop
 endfacet
 facet normal -6.799333e-01 -7.332740e-01 -0.000000e+00
   outer loop
     vertex -5.023575e+00  1.443101e+01  1.990000e+02
     vertex -5.174464e+00  1.457092e+01  6.900000e+01
     vertex -5.023575e+00  1.443101e+01  6.900000e+01
   endloop
 endfacet
 facet normal -6.595607e-01 -7.516513e-01  0.000000e+00
   outer loop
     vertex -4.868904e+00  1.429529e+01  1.990000e+02
     vertex -5.023575e+00  1.443101e+01  1.990000e+02
     vertex -5.023575e+00  1.443101e+01  6.900000e+01
   endloop
 endfacet
 facet normal -6.595607e-01 -7.516513e-01 -0.000000e+00
   outer loop
     vertex -4.868904e+00  1.429529e+01  1.990000e+02
     vertex -5.023575e+00  1.443101e+01  6.900000e+01
     vertex -4.868904e+00  1.429529e+01  6.900000e+01
   endloop
 endfacet
 facet normal -6.386916e-01 -7.694628e-01  0.000000e+00
   outer loop
     vertex -4.710568e+00  1.416386e+01  1.990000e+02
     vertex -4.868904e+00  1.429529e+01  1.990000e+02
     vertex -4.868904e+00  1.429529e+01  6.900000e+01
   endloop
 endfacet
 facet normal -6.386916e-01 -7.694628e-01 -0.000000e+00
   outer loop
     vertex -4.710568e+00  1.416386e+01  1.990000e+02
     vertex -4.868904e+00  1.429529e+01  6.900000e+01
     vertex -4.710568e+00  1.416386e+01  6.900000e+01
   endloop
 endfacet
 facet normal -6.173417e-01 -7.866951e-01  0.000000e+00
   outer loop
     vertex -4.548686e+00  1.403683e+01  1.990000e+02
     vertex -4.710568e+00  1.416386e+01  1.990000e+02
     vertex -4.710568e+00  1.416386e+01  6.900000e+01
   endloop
 endfacet
 facet normal -6.173417e-01 -7.866951e-01 -0.000000e+00
   outer loop
     vertex -4.548686e+00  1.403683e+01  1.990000e+02
     vertex -4.710568e+00  1.416386e+01  6.900000e+01
     vertex -4.548686e+00  1.403683e+01  6.900000e+01
   endloop
 endfacet
 facet normal -5.955271e-01 -8.033352e-01  0.000000e+00
   outer loop
     vertex -4.383380e+00  1.391428e+01  1.990000e+02
     vertex -4.548686e+00  1.403683e+01  1.990000e+02
     vertex -4.548686e+00  1.403683e+01  6.900000e+01
   endloop
 endfacet
 facet normal -5.955271e-01 -8.033352e-01 -0.000000e+00
   outer loop
     vertex -4.383380e+00  1.391428e+01  1.990000e+02
     vertex -4.548686e+00  1.403683e+01  6.900000e+01
     vertex -4.383380e+00  1.391428e+01  6.900000e+01
   endloop
 endfacet
 facet normal -5.732642e-01 -8.193706e-01 -0.000000e+00
   outer loop
     vertex -4.383380e+00  1.391428e+01  1.990000e+02
     vertex -4.383380e+00  1.391428e+01  6.900000e+01
     vertex -4.214774e+00  1.379632e+01  6.900000e+01
   endloop
 endfacet
 facet normal -5.732642e-01 -8.193706e-01 -0.000000e+00
   outer loop
     vertex -4.214774e+00  1.379632e+01  1.990000e+02
     vertex -4.383380e+00  1.391428e+01  1.990000e+02
     vertex -4.214774e+00  1.379632e+01  6.900000e+01
   endloop
 endfacet
 facet normal -5.505698e-01 -8.347891e-01  0.000000e+00
   outer loop
     vertex -4.042996e+00  1.368302e+01  1.990000e+02
     vertex -4.214774e+00  1.379632e+01  1.990000e+02
     vertex -4.214774e+00  1.379632e+01  6.900000e+01
   endloop
 endfacet
 facet normal -5.505698e-01 -8.347891e-01 -0.000000e+00
   outer loop
     vertex -4.042996e+00  1.368302e+01  1.990000e+02
     vertex -4.214774e+00  1.379632e+01  6.900000e+01
     vertex -4.042996e+00  1.368302e+01  6.900000e+01
   endloop
 endfacet
 facet normal -5.274609e-01 -8.495793e-01  0.000000e+00
   outer loop
     vertex -3.868174e+00  1.357449e+01  1.990000e+02
     vertex -4.042996e+00  1.368302e+01  1.990000e+02
     vertex -4.042996e+00  1.368302e+01  6.900000e+01
   endloop
 endfacet
 facet normal -5.274609e-01 -8.495793e-01 -0.000000e+00
   outer loop
     vertex -3.868174e+00  1.357449e+01  1.990000e+02
     vertex -4.042996e+00  1.368302e+01  6.900000e+01
     vertex -3.868174e+00  1.357449e+01  6.900000e+01
   endloop
 endfacet
 facet normal -5.039550e-01 -8.637299e-01 -0.000000e+00
   outer loop
     vertex -3.868174e+00  1.357449e+01  1.990000e+02
     vertex -3.868174e+00  1.357449e+01  6.900000e+01
     vertex -3.690440e+00  1.347078e+01  6.900000e+01
   endloop
 endfacet
 facet normal -5.039550e-01 -8.637299e-01 -0.000000e+00
   outer loop
     vertex -3.690440e+00  1.347078e+01  1.990000e+02
     vertex -3.868174e+00  1.357449e+01  1.990000e+02
     vertex -3.690440e+00  1.347078e+01  6.900000e+01
   endloop
 endfacet
 facet normal -4.800697e-01 -8.772303e-01  0.000000e+00
   outer loop
     vertex -3.509928e+00  1.337200e+01  1.990000e+02
     vertex -3.690440e+00  1.347078e+01  1.990000e+02
     vertex -3.690440e+00  1.347078e+01  6.900000e+01
   endloop
 endfacet
 facet normal -4.800697e-01 -8.772303e-01 -0.000000e+00
   outer loop
     vertex -3.509928e+00  1.337200e+01  1.990000e+02
     vertex -3.690440e+00  1.347078e+01  6.900000e+01
     vertex -3.509928e+00  1.337200e+01  6.900000e+01
   endloop
 endfacet
 facet normal -4.558231e-01 -8.900704e-01  0.000000e+00
   outer loop
     vertex -3.326774e+00  1.327820e+01  1.990000e+02
     vertex -3.509928e+00  1.337200e+01  1.990000e+02
     vertex -3.509928e+00  1.337200e+01  6.900000e+01
   endloop
 endfacet
 facet normal -4.558231e-01 -8.900704e-01 -0.000000e+00
   outer loop
     vertex -3.326774e+00  1.327820e+01  1.990000e+02
     vertex -3.509928e+00  1.337200e+01  6.900000e+01
     vertex -3.326774e+00  1.327820e+01  6.900000e+01
   endloop
 endfacet
 facet normal -4.312333e-01 -9.022405e-01  0.000000e+00
   outer loop
     vertex -3.141116e+00  1.318946e+01  1.990000e+02
     vertex -3.326774e+00  1.327820e+01  1.990000e+02
     vertex -3.326774e+00  1.327820e+01  6.900000e+01
   endloop
 endfacet
 facet normal -4.312333e-01 -9.022405e-01 -0.000000e+00
   outer loop
     vertex -3.141116e+00  1.318946e+01  1.990000e+02
     vertex -3.326774e+00  1.327820e+01  6.900000e+01
     vertex -3.141116e+00  1.318946e+01  6.900000e+01
   endloop
 endfacet
 facet normal -4.063188e-01 -9.137314e-01  0.000000e+00
   outer loop
     vertex -2.953093e+00  1.310585e+01  1.990000e+02
     vertex -3.141116e+00  1.318946e+01  1.990000e+02
     vertex -3.141116e+00  1.318946e+01  6.900000e+01
   endloop
 endfacet
 facet normal -4.063188e-01 -9.137314e-01 -0.000000e+00
   outer loop
     vertex -2.953093e+00  1.310585e+01  1.990000e+02
     vertex -3.141116e+00  1.318946e+01  6.900000e+01
     vertex -2.953093e+00  1.310585e+01  6.900000e+01
   endloop
 endfacet
 facet normal -3.810986e-01 -9.245344e-01 -0.000000e+00
   outer loop
     vertex -2.762847e+00  1.302743e+01  1.990000e+02
     vertex -2.953093e+00  1.310585e+01  6.900000e+01
     vertex -2.762847e+00  1.302743e+01  6.900000e+01
   endloop
 endfacet
 facet normal -3.810986e-01 -9.245344e-01  0.000000e+00
   outer loop
     vertex -2.762847e+00  1.302743e+01  1.990000e+02
     vertex -2.953093e+00  1.310585e+01  1.990000e+02
     vertex -2.953093e+00  1.310585e+01  6.900000e+01
   endloop
 endfacet
 facet normal -3.555914e-01 -9.346415e-01 -0.000000e+00
   outer loop
     vertex -2.570522e+00  1.295426e+01  1.990000e+02
     vertex -2.762847e+00  1.302743e+01  6.900000e+01
     vertex -2.570522e+00  1.295426e+01  6.900000e+01
   endloop
 endfacet
 facet normal -3.555914e-01 -9.346415e-01  0.000000e+00
   outer loop
     vertex -2.570522e+00  1.295426e+01  1.990000e+02
     vertex -2.762847e+00  1.302743e+01  1.990000e+02
     vertex -2.762847e+00  1.302743e+01  6.900000e+01
   endloop
 endfacet
 facet normal -3.298166e-01 -9.440450e-01 -0.000000e+00
   outer loop
     vertex -2.376261e+00  1.288639e+01  1.990000e+02
     vertex -2.570522e+00  1.295426e+01  6.900000e+01
     vertex -2.376261e+00  1.288639e+01  6.900000e+01
   endloop
 endfacet
 facet normal -3.037934e-01 -9.527379e-01 -0.000000e+00
   outer loop
     vertex -2.376261e+00  1.288639e+01  1.990000e+02
     vertex -2.376261e+00  1.288639e+01  6.900000e+01
     vertex -2.180212e+00  1.282388e+01  6.900000e+01
   endloop
 endfacet
 facet normal -3.298166e-01 -9.440450e-01  0.000000e+00
   outer loop
     vertex -2.376261e+00  1.288639e+01  1.990000e+02
     vertex -2.570522e+00  1.295426e+01  1.990000e+02
     vertex -2.570522e+00  1.295426e+01  6.900000e+01
   endloop
 endfacet
 facet normal -3.037934e-01 -9.527379e-01 -0.000000e+00
   outer loop
     vertex -2.180212e+00  1.282388e+01  1.990000e+02
     vertex -2.376261e+00  1.288639e+01  1.990000e+02
     vertex -2.180212e+00  1.282388e+01  6.900000e+01
   endloop
 endfacet
 facet normal -2.775416e-01 -9.607136e-01  0.000000e+00
   outer loop
     vertex -1.982521e+00  1.276677e+01  1.990000e+02
     vertex -2.180212e+00  1.282388e+01  1.990000e+02
     vertex -2.180212e+00  1.282388e+01  6.900000e+01
   endloop
 endfacet
 facet normal -2.775416e-01 -9.607136e-01 -0.000000e+00
   outer loop
     vertex -1.982521e+00  1.276677e+01  1.990000e+02
     vertex -2.180212e+00  1.282388e+01  6.900000e+01
     vertex -1.982521e+00  1.276677e+01  6.900000e+01
   endloop
 endfacet
 facet normal -2.510809e-01 -9.679661e-01  0.000000e+00
   outer loop
     vertex -1.783338e+00  1.271510e+01  1.990000e+02
     vertex -1.982521e+00  1.276677e+01  1.990000e+02
     vertex -1.982521e+00  1.276677e+01  6.900000e+01
   endloop
 endfacet
 facet normal -2.510809e-01 -9.679661e-01 -0.000000e+00
   outer loop
     vertex -1.783338e+00  1.271510e+01  1.990000e+02
     vertex -1.982521e+00  1.276677e+01  6.900000e+01
     vertex -1.783338e+00  1.271510e+01  6.900000e+01
   endloop
 endfacet
 facet normal -2.244312e-01 -9.744899e-01  0.000000e+00
   outer loop
     vertex -1.582813e+00  1.266892e+01  1.990000e+02
     vertex -1.783338e+00  1.271510e+01  1.990000e+02
     vertex -1.783338e+00  1.271510e+01  6.900000e+01
   endloop
 endfacet
 facet normal -2.244312e-01 -9.744899e-01 -0.000000e+00
   outer loop
     vertex -1.582813e+00  1.266892e+01  1.990000e+02
     vertex -1.783338e+00  1.271510e+01  6.900000e+01
     vertex -1.582813e+00  1.266892e+01  6.900000e+01
   endloop
 endfacet
 facet normal -1.976125e-01 -9.802802e-01  0.000000e+00
   outer loop
     vertex -1.381096e+00  1.262826e+01  1.990000e+02
     vertex -1.582813e+00  1.266892e+01  1.990000e+02
     vertex -1.582813e+00  1.266892e+01  6.900000e+01
   endloop
 endfacet
 facet normal -1.976125e-01 -9.802802e-01 -0.000000e+00
   outer loop
     vertex -1.381096e+00  1.262826e+01  1.990000e+02
     vertex -1.582813e+00  1.266892e+01  6.900000e+01
     vertex -1.381096e+00  1.262826e+01  6.900000e+01
   endloop
 endfacet
 facet normal -1.706451e-01 -9.853326e-01  0.000000e+00
   outer loop
     vertex -1.178339e+00  1.259314e+01  1.990000e+02
     vertex -1.381096e+00  1.262826e+01  1.990000e+02
     vertex -1.381096e+00  1.262826e+01  6.900000e+01
   endloop
 endfacet
 facet normal -1.706451e-01 -9.853326e-01 -0.000000e+00
   outer loop
     vertex -1.178339e+00  1.259314e+01  1.990000e+02
     vertex -1.381096e+00  1.262826e+01  6.900000e+01
     vertex -1.178339e+00  1.259314e+01  6.900000e+01
   endloop
 endfacet
 facet normal -1.435492e-01 -9.896432e-01 -0.000000e+00
   outer loop
     vertex -1.178339e+00  1.259314e+01  1.990000e+02
     vertex -1.178339e+00  1.259314e+01  6.900000e+01
     vertex -9.746959e-01  1.256361e+01  6.900000e+01
   endloop
 endfacet
 facet normal -1.435492e-01 -9.896432e-01 -0.000000e+00
   outer loop
     vertex -9.746959e-01  1.256361e+01  1.990000e+02
     vertex -1.178339e+00  1.259314e+01  1.990000e+02
     vertex -9.746959e-01  1.256361e+01  6.900000e+01
   endloop
 endfacet
 facet normal -1.163452e-01 -9.932088e-01  0.000000e+00
   outer loop
     vertex -7.703186e-01  1.253966e+01  1.990000e+02
     vertex -9.746959e-01  1.256361e+01  1.990000e+02
     vertex -9.746959e-01  1.256361e+01  6.900000e+01
   endloop
 endfacet
 facet normal -1.163452e-01 -9.932088e-01 -0.000000e+00
   outer loop
     vertex -7.703186e-01  1.253966e+01  1.990000e+02
     vertex -9.746959e-01  1.256361e+01  6.900000e+01
     vertex -7.703186e-01  1.253966e+01  6.900000e+01
   endloop
 endfacet
 facet normal -8.905371e-02 -9.960268e-01  0.000000e+00
   outer loop
     vertex -5.653614e-01  1.252134e+01  1.990000e+02
     vertex -7.703186e-01  1.253966e+01  1.990000e+02
     vertex -7.703186e-01  1.253966e+01  6.900000e+01
   endloop
 endfacet
 facet normal -8.905371e-02 -9.960268e-01 -0.000000e+00
   outer loop
     vertex -5.653614e-01  1.252134e+01  1.990000e+02
     vertex -7.703186e-01  1.253966e+01  6.900000e+01
     vertex -5.653614e-01  1.252134e+01  6.900000e+01
   endloop
 endfacet
 facet normal -6.169515e-02 -9.980950e-01  0.000000e+00
   outer loop
     vertex -3.599787e-01  1.250864e+01  1.990000e+02
     vertex -5.653614e-01  1.252134e+01  1.990000e+02
     vertex -5.653614e-01  1.252134e+01  6.900000e+01
   endloop
 endfacet
 facet normal -6.169515e-02 -9.980950e-01 -0.000000e+00
   outer loop
     vertex -3.599787e-01  1.250864e+01  1.990000e+02
     vertex -5.653614e-01  1.252134e+01  6.900000e+01
     vertex -3.599787e-01  1.250864e+01  6.900000e+01
   endloop
 endfacet
 facet normal -3.429014e-02 -9.994119e-01  0.000000e+00
   outer loop
     vertex -1.543250e-01  1.250159e+01  1.990000e+02
     vertex -3.599787e-01  1.250864e+01  1.990000e+02
     vertex -3.599787e-01  1.250864e+01  6.900000e+01
   endloop
 endfacet
 facet normal -3.429014e-02 -9.994119e-01 -0.000000e+00
   outer loop
     vertex -1.543250e-01  1.250159e+01  1.990000e+02
     vertex -3.599787e-01  1.250864e+01  6.900000e+01
     vertex -1.543250e-01  1.250159e+01  6.900000e+01
   endloop
 endfacet
 facet normal -6.859319e-03 -9.999765e-01 -0.000000e+00
   outer loop
     vertex -1.543250e-01  1.250159e+01  1.990000e+02
     vertex -1.543250e-01  1.250159e+01  6.900000e+01
     vertex  5.144489e-02  1.250018e+01  6.900000e+01
   endloop
 endfacet
 facet normal -6.859319e-03 -9.999765e-01 -0.000000e+00
   outer loop
     vertex  5.144489e-02  1.250018e+01  1.990000e+02
     vertex -1.543250e-01  1.250159e+01  1.990000e+02
     vertex  5.144489e-02  1.250018e+01  6.900000e+01
   endloop
 endfacet
 facet normal  2.057667e-02 -9.997883e-01  0.000000e+00
   outer loop
     vertex  2.571760e-01  1.250441e+01  1.990000e+02
     vertex  5.144489e-02  1.250018e+01  1.990000e+02
     vertex  5.144489e-02  1.250018e+01  6.900000e+01
   endloop
 endfacet
 facet normal  2.057667e-02 -9.997883e-01  0.000000e+00
   outer loop
     vertex  2.571760e-01  1.250441e+01  1.990000e+02
     vertex  5.144489e-02  1.250018e+01  6.900000e+01
     vertex  2.571760e-01  1.250441e+01  6.900000e+01
   endloop
 endfacet
 facet normal  4.799716e-02 -9.988475e-01  0.000000e+00
   outer loop
     vertex  4.627136e-01  1.251429e+01  1.990000e+02
     vertex  2.571760e-01  1.250441e+01  6.900000e+01
     vertex  4.627136e-01  1.251429e+01  6.900000e+01
   endloop
 endfacet
 facet normal  4.799716e-02 -9.988475e-01  0.000000e+00
   outer loop
     vertex  4.627136e-01  1.251429e+01  1.990000e+02
     vertex  2.571760e-01  1.250441e+01  1.990000e+02
     vertex  2.571760e-01  1.250441e+01  6.900000e+01
   endloop
 endfacet
 facet normal  7.538152e-02 -9.971548e-01  0.000000e+00
   outer loop
     vertex  6.679029e-01  1.252980e+01  1.990000e+02
     vertex  4.627136e-01  1.251429e+01  6.900000e+01
     vertex  6.679029e-01  1.252980e+01  6.900000e+01
   endloop
 endfacet
 facet normal  1.027091e-01 -9.947114e-01  0.000000e+00
   outer loop
     vertex  6.679029e-01  1.252980e+01  1.990000e+02
     vertex  6.679029e-01  1.252980e+01  6.900000e+01
     vertex  8.725893e-01  1.255093e+01  6.900000e+01
   endloop
 endfacet
 facet normal  7.538152e-02 -9.971548e-01  0.000000e+00
   outer loop
     vertex  6.679029e-01  1.252980e+01  1.990000e+02
     vertex  4.627136e-01  1.251429e+01  1.990000e+02
     vertex  4.627136e-01  1.251429e+01  6.900000e+01
   endloop
 endfacet
 facet normal  1.299594e-01 -9.915193e-01  0.000000e+00
   outer loop
     vertex  8.725893e-01  1.255093e+01  1.990000e+02
     vertex  8.725893e-01  1.255093e+01  6.900000e+01
     vertex  1.076619e+00  1.257768e+01  6.900000e+01
   endloop
 endfacet
 facet normal  1.027091e-01 -9.947114e-01  0.000000e+00
   outer loop
     vertex  8.725893e-01  1.255093e+01  1.990000e+02
     vertex  6.679029e-01  1.252980e+01  1.990000e+02
     vertex  8.725893e-01  1.255093e+01  6.900000e+01
   endloop
 endfacet
 facet normal  1.299594e-01 -9.915193e-01  0.000000e+00
   outer loop
     vertex  1.076619e+00  1.257768e+01  1.990000e+02
     vertex  8.725893e-01  1.255093e+01  1.990000e+02
     vertex  1.076619e+00  1.257768e+01  6.900000e+01
   endloop
 endfacet
 facet normal  1.571119e-01 -9.875808e-01  0.000000e+00
   outer loop
     vertex  1.279838e+00  1.261001e+01  1.990000e+02
     vertex  1.076619e+00  1.257768e+01  6.900000e+01
     vertex  1.279838e+00  1.261001e+01  6.900000e+01
   endloop
 endfacet
 facet normal  1.571119e-01 -9.875808e-01  0.000000e+00
   outer loop
     vertex  1.279838e+00  1.261001e+01  1.990000e+02
     vertex  1.076619e+00  1.257768e+01  1.990000e+02
     vertex  1.076619e+00  1.257768e+01  6.900000e+01
   endloop
 endfacet
 facet normal  1.841461e-01 -9.828989e-01  0.000000e+00
   outer loop
     vertex  1.482094e+00  1.264790e+01  1.990000e+02
     vertex  1.279838e+00  1.261001e+01  6.900000e+01
     vertex  1.482094e+00  1.264790e+01  6.900000e+01
   endloop
 endfacet
 facet normal  2.110417e-01 -9.774771e-01  0.000000e+00
   outer loop
     vertex  1.482094e+00  1.264790e+01  1.990000e+02
     vertex  1.482094e+00  1.264790e+01  6.900000e+01
     vertex  1.683234e+00  1.269133e+01  6.900000e+01
   endloop
 endfacet
 facet normal  1.841461e-01 -9.828989e-01  0.000000e+00
   outer loop
     vertex  1.482094e+00  1.264790e+01  1.990000e+02
     vertex  1.279838e+00  1.261001e+01  1.990000e+02
     vertex  1.279838e+00  1.261001e+01  6.900000e+01
   endloop
 endfacet
 facet normal  2.110417e-01 -9.774771e-01  0.000000e+00
   outer loop
     vertex  1.683234e+00  1.269133e+01  1.990000e+02
     vertex  1.482094e+00  1.264790e+01  1.990000e+02
     vertex  1.683234e+00  1.269133e+01  6.900000e+01
   endloop
 endfacet
 facet normal  2.377784e-01 -9.713194e-01  0.000000e+00
   outer loop
     vertex  1.883107e+00  1.274025e+01  1.990000e+02
     vertex  1.683234e+00  1.269133e+01  6.900000e+01
     vertex  1.883107e+00  1.274025e+01  6.900000e+01
   endloop
 endfacet
 facet normal  2.377784e-01 -9.713194e-01  0.000000e+00
   outer loop
     vertex  1.883107e+00  1.274025e+01  1.990000e+02
     vertex  1.683234e+00  1.269133e+01  1.990000e+02
     vertex  1.683234e+00  1.269133e+01  6.900000e+01
   endloop
 endfacet
 facet normal  2.643362e-01 -9.644306e-01  0.000000e+00
   outer loop
     vertex  2.081562e+00  1.279465e+01  1.990000e+02
     vertex  1.883107e+00  1.274025e+01  6.900000e+01
     vertex  2.081562e+00  1.279465e+01  6.900000e+01
   endloop
 endfacet
 facet normal  2.643362e-01 -9.644306e-01  0.000000e+00
   outer loop
     vertex  2.081562e+00  1.279465e+01  1.990000e+02
     vertex  1.883107e+00  1.274025e+01  1.990000e+02
     vertex  1.883107e+00  1.274025e+01  6.900000e+01
   endloop
 endfacet
 facet normal  2.906949e-01 -9.568158e-01  0.000000e+00
   outer loop
     vertex  2.278451e+00  1.285447e+01  1.990000e+02
     vertex  2.081562e+00  1.279465e+01  6.900000e+01
     vertex  2.278451e+00  1.285447e+01  6.900000e+01
   endloop
 endfacet
 facet normal  2.906949e-01 -9.568158e-01  0.000000e+00
   outer loop
     vertex  2.278451e+00  1.285447e+01  1.990000e+02
     vertex  2.081562e+00  1.279465e+01  1.990000e+02
     vertex  2.081562e+00  1.279465e+01  6.900000e+01
   endloop
 endfacet
 facet normal  3.168348e-01 -9.484807e-01  0.000000e+00
   outer loop
     vertex  2.473624e+00  1.291966e+01  1.990000e+02
     vertex  2.278451e+00  1.285447e+01  6.900000e+01
     vertex  2.473624e+00  1.291966e+01  6.900000e+01
   endloop
 endfacet
 facet normal  3.168348e-01 -9.484807e-01  0.000000e+00
   outer loop
     vertex  2.473624e+00  1.291966e+01  1.990000e+02
     vertex  2.278451e+00  1.285447e+01  1.990000e+02
     vertex  2.278451e+00  1.285447e+01  6.900000e+01
   endloop
 endfacet
 facet normal  3.427362e-01 -9.394317e-01  0.000000e+00
   outer loop
     vertex  2.666936e+00  1.299019e+01  1.990000e+02
     vertex  2.473624e+00  1.291966e+01  6.900000e+01
     vertex  2.666936e+00  1.299019e+01  6.900000e+01
   endloop
 endfacet
 facet normal  3.427362e-01 -9.394317e-01  0.000000e+00
   outer loop
     vertex  2.666936e+00  1.299019e+01  1.990000e+02
     vertex  2.473624e+00  1.291966e+01  1.990000e+02
     vertex  2.473624e+00  1.291966e+01  6.900000e+01
   endloop
 endfacet
 facet normal  3.683796e-01 -9.296754e-01  0.000000e+00
   outer loop
     vertex  2.858239e+00  1.306599e+01  1.990000e+02
     vertex  2.666936e+00  1.299019e+01  6.900000e+01
     vertex  2.858239e+00  1.306599e+01  6.900000e+01
   endloop
 endfacet
 facet normal  3.937458e-01 -9.192194e-01  0.000000e+00
   outer loop
     vertex  2.858239e+00  1.306599e+01  1.990000e+02
     vertex  2.858239e+00  1.306599e+01  6.900000e+01
     vertex  3.047391e+00  1.314701e+01  6.900000e+01
   endloop
 endfacet
 facet normal  3.683796e-01 -9.296754e-01  0.000000e+00
   outer loop
     vertex  2.858239e+00  1.306599e+01  1.990000e+02
     vertex  2.666936e+00  1.299019e+01  1.990000e+02
     vertex  2.666936e+00  1.299019e+01  6.900000e+01
   endloop
 endfacet
 facet normal  3.937458e-01 -9.192194e-01  0.000000e+00
   outer loop
     vertex  3.047391e+00  1.314701e+01  1.990000e+02
     vertex  2.858239e+00  1.306599e+01  1.990000e+02
     vertex  3.047391e+00  1.314701e+01  6.900000e+01
   endloop
 endfacet
 facet normal  4.188155e-01 -9.080714e-01  0.000000e+00
   outer loop
     vertex  3.234249e+00  1.323320e+01  1.990000e+02
     vertex  3.047391e+00  1.314701e+01  6.900000e+01
     vertex  3.234249e+00  1.323320e+01  6.900000e+01
   endloop
 endfacet
 facet normal  4.188155e-01 -9.080714e-01  0.000000e+00
   outer loop
     vertex  3.234249e+00  1.323320e+01  1.990000e+02
     vertex  3.047391e+00  1.314701e+01  1.990000e+02
     vertex  3.047391e+00  1.314701e+01  6.900000e+01
   endloop
 endfacet
 facet normal  4.435699e-01 -8.962398e-01  0.000000e+00
   outer loop
     vertex  3.418673e+00  1.332447e+01  1.990000e+02
     vertex  3.234249e+00  1.323320e+01  1.990000e+02
     vertex  3.234249e+00  1.323320e+01  6.900000e+01
   endloop
 endfacet
 facet normal  4.435699e-01 -8.962398e-01  0.000000e+00
   outer loop
     vertex  3.418673e+00  1.332447e+01  1.990000e+02
     vertex  3.234249e+00  1.323320e+01  6.900000e+01
     vertex  3.418673e+00  1.332447e+01  6.900000e+01
   endloop
 endfacet
 facet normal  4.679904e-01 -8.837335e-01  0.000000e+00
   outer loop
     vertex  3.418673e+00  1.332447e+01  1.990000e+02
     vertex  3.418673e+00  1.332447e+01  6.900000e+01
     vertex  3.600523e+00  1.342077e+01  6.900000e+01
   endloop
 endfacet
 facet normal  4.679904e-01 -8.837335e-01  0.000000e+00
   outer loop
     vertex  3.600523e+00  1.342077e+01  1.990000e+02
     vertex  3.418673e+00  1.332447e+01  1.990000e+02
     vertex  3.600523e+00  1.342077e+01  6.900000e+01
   endloop
 endfacet
 facet normal  4.920587e-01 -8.705620e-01  0.000000e+00
   outer loop
     vertex  3.779663e+00  1.352203e+01  1.990000e+02
     vertex  3.600523e+00  1.342077e+01  1.990000e+02
     vertex  3.600523e+00  1.342077e+01  6.900000e+01
   endloop
 endfacet
 facet normal  4.920587e-01 -8.705620e-01  0.000000e+00
   outer loop
     vertex  3.779663e+00  1.352203e+01  1.990000e+02
     vertex  3.600523e+00  1.342077e+01  6.900000e+01
     vertex  3.779663e+00  1.352203e+01  6.900000e+01
   endloop
 endfacet
 facet normal  5.157565e-01 -8.567352e-01  0.000000e+00
   outer loop
     vertex  3.955957e+00  1.362816e+01  1.990000e+02
     vertex  3.779663e+00  1.352203e+01  6.900000e+01
     vertex  3.955957e+00  1.362816e+01  6.900000e+01
   endloop
 endfacet
 facet normal  5.157565e-01 -8.567352e-01  0.000000e+00
   outer loop
     vertex  3.955957e+00  1.362816e+01  1.990000e+02
     vertex  3.779663e+00  1.352203e+01  1.990000e+02
     vertex  3.779663e+00  1.352203e+01  6.900000e+01
   endloop
 endfacet
 facet normal  5.390661e-01 -8.422635e-01  0.000000e+00
   outer loop
     vertex  4.129274e+00  1.373908e+01  1.990000e+02
     vertex  3.955957e+00  1.362816e+01  6.900000e+01
     vertex  4.129274e+00  1.373908e+01  6.900000e+01
   endloop
 endfacet
 facet normal  5.390661e-01 -8.422635e-01  0.000000e+00
   outer loop
     vertex  4.129274e+00  1.373908e+01  1.990000e+02
     vertex  3.955957e+00  1.362816e+01  1.990000e+02
     vertex  3.955957e+00  1.362816e+01  6.900000e+01
   endloop
 endfacet
 facet normal  5.619699e-01 -8.271577e-01  0.000000e+00
   outer loop
     vertex  4.299482e+00  1.385472e+01  1.990000e+02
     vertex  4.129274e+00  1.373908e+01  6.900000e+01
     vertex  4.299482e+00  1.385472e+01  6.900000e+01
   endloop
 endfacet
 facet normal  5.619699e-01 -8.271577e-01  0.000000e+00
   outer loop
     vertex  4.299482e+00  1.385472e+01  1.990000e+02
     vertex  4.129274e+00  1.373908e+01  1.990000e+02
     vertex  4.129274e+00  1.373908e+01  6.900000e+01
   endloop
 endfacet
 facet normal  5.844507e-01 -8.114292e-01  0.000000e+00
   outer loop
     vertex  4.466453e+00  1.397499e+01  1.990000e+02
     vertex  4.299482e+00  1.385472e+01  6.900000e+01
     vertex  4.466453e+00  1.397499e+01  6.900000e+01
   endloop
 endfacet
 facet normal  5.844507e-01 -8.114292e-01  0.000000e+00
   outer loop
     vertex  4.466453e+00  1.397499e+01  1.990000e+02
     vertex  4.299482e+00  1.385472e+01  1.990000e+02
     vertex  4.299482e+00  1.385472e+01  6.900000e+01
   endloop
 endfacet
 facet normal  6.064915e-01 -7.950900e-01  0.000000e+00
   outer loop
     vertex  4.630063e+00  1.409979e+01  1.990000e+02
     vertex  4.466453e+00  1.397499e+01  6.900000e+01
     vertex  4.630063e+00  1.409979e+01  6.900000e+01
   endloop
 endfacet
 facet normal  6.064915e-01 -7.950900e-01  0.000000e+00
   outer loop
     vertex  4.630063e+00  1.409979e+01  1.990000e+02
     vertex  4.466453e+00  1.397499e+01  1.990000e+02
     vertex  4.466453e+00  1.397499e+01  6.900000e+01
   endloop
 endfacet
 facet normal  6.280757e-01 -7.781522e-01  0.000000e+00
   outer loop
     vertex  4.790187e+00  1.422903e+01  1.990000e+02
     vertex  4.630063e+00  1.409979e+01  6.900000e+01
     vertex  4.790187e+00  1.422903e+01  6.900000e+01
   endloop
 endfacet
 facet normal  6.280757e-01 -7.781522e-01  0.000000e+00
   outer loop
     vertex  4.790187e+00  1.422903e+01  1.990000e+02
     vertex  4.630063e+00  1.409979e+01  1.990000e+02
     vertex  4.630063e+00  1.409979e+01  6.900000e+01
   endloop
 endfacet
 facet normal  6.491872e-01 -7.606287e-01  0.000000e+00
   outer loop
     vertex  4.946705e+00  1.436262e+01  1.990000e+02
     vertex  4.790187e+00  1.422903e+01  6.900000e+01
     vertex  4.946705e+00  1.436262e+01  6.900000e+01
   endloop
 endfacet
 facet normal  6.491872e-01 -7.606287e-01  0.000000e+00
   outer loop
     vertex  4.946705e+00  1.436262e+01  1.990000e+02
     vertex  4.790187e+00  1.422903e+01  1.990000e+02
     vertex  4.790187e+00  1.422903e+01  6.900000e+01
   endloop
 endfacet
 facet normal  6.698100e-01 -7.425325e-01  0.000000e+00
   outer loop
     vertex  5.099499e+00  1.450044e+01  1.990000e+02
     vertex  4.946705e+00  1.436262e+01  6.900000e+01
     vertex  5.099499e+00  1.450044e+01  6.900000e+01
   endloop
 endfacet
 facet normal  6.698100e-01 -7.425325e-01  0.000000e+00
   outer loop
     vertex  5.099499e+00  1.450044e+01  1.990000e+02
     vertex  4.946705e+00  1.436262e+01  1.990000e+02
     vertex  4.946705e+00  1.436262e+01  6.900000e+01
   endloop
 endfacet
 facet normal  6.899286e-01 -7.238775e-01  0.000000e+00
   outer loop
     vertex  5.248455e+00  1.464241e+01  1.990000e+02
     vertex  5.099499e+00  1.450044e+01  6.900000e+01
     vertex  5.248455e+00  1.464241e+01  6.900000e+01
   endloop
 endfacet
 facet normal  7.095278e-01 -7.046775e-01  0.000000e+00
   outer loop
     vertex  5.248455e+00  1.464241e+01  1.990000e+02
     vertex  5.248455e+00  1.464241e+01  6.900000e+01
     vertex  5.393460e+00  1.478842e+01  6.900000e+01
   endloop
 endfacet
 facet normal  6.899286e-01 -7.238775e-01  0.000000e+00
   outer loop
     vertex  5.248455e+00  1.464241e+01  1.990000e+02
     vertex  5.099499e+00  1.450044e+01  1.990000e+02
     vertex  5.099499e+00  1.450044e+01  6.900000e+01
   endloop
 endfacet
 facet normal  7.095278e-01 -7.046775e-01  0.000000e+00
   outer loop
     vertex  5.393460e+00  1.478842e+01  1.990000e+02
     vertex  5.248455e+00  1.464241e+01  1.990000e+02
     vertex  5.393460e+00  1.478842e+01  6.900000e+01
   endloop
 endfacet
 facet normal  7.285929e-01 -6.849470e-01  0.000000e+00
   outer loop
     vertex  5.534405e+00  1.493834e+01  1.990000e+02
     vertex  5.393460e+00  1.478842e+01  6.900000e+01
     vertex  5.534405e+00  1.493834e+01  6.900000e+01
   endloop
 endfacet
 facet normal  7.285929e-01 -6.849470e-01  0.000000e+00
   outer loop
     vertex  5.534405e+00  1.493834e+01  1.990000e+02
     vertex  5.393460e+00  1.478842e+01  1.990000e+02
     vertex  5.393460e+00  1.478842e+01  6.900000e+01
   endloop
 endfacet
 facet normal  7.471095e-01 -6.647010e-01  0.000000e+00
   outer loop
     vertex  5.671183e+00  1.509208e+01  1.990000e+02
     vertex  5.534405e+00  1.493834e+01  6.900000e+01
     vertex  5.671183e+00  1.509208e+01  6.900000e+01
   endloop
 endfacet
 facet normal  7.471095e-01 -6.647010e-01  0.000000e+00
   outer loop
     vertex  5.671183e+00  1.509208e+01  1.990000e+02
     vertex  5.534405e+00  1.493834e+01  1.990000e+02
     vertex  5.534405e+00  1.493834e+01  6.900000e+01
   endloop
 endfacet
 facet normal  7.650637e-01 -6.439545e-01  0.000000e+00
   outer loop
     vertex  5.803693e+00  1.524951e+01  1.990000e+02
     vertex  5.671183e+00  1.509208e+01  6.900000e+01
     vertex  5.803693e+00  1.524951e+01  6.900000e+01
   endloop
 endfacet
 facet normal  7.650637e-01 -6.439545e-01  0.000000e+00
   outer loop
     vertex  5.803693e+00  1.524951e+01  1.990000e+02
     vertex  5.671183e+00  1.509208e+01  1.990000e+02
     vertex  5.671183e+00  1.509208e+01  6.900000e+01
   endloop
 endfacet
 facet normal  7.824421e-01 -6.227234e-01  0.000000e+00
   outer loop
     vertex  5.931834e+00  1.541052e+01  1.990000e+02
     vertex  5.803693e+00  1.524951e+01  6.900000e+01
     vertex  5.931834e+00  1.541052e+01  6.900000e+01
   endloop
 endfacet
 facet normal  7.824421e-01 -6.227234e-01  0.000000e+00
   outer loop
     vertex  5.931834e+00  1.541052e+01  1.990000e+02
     vertex  5.803693e+00  1.524951e+01  1.990000e+02
     vertex  5.803693e+00  1.524951e+01  6.900000e+01
   endloop
 endfacet
 facet normal  7.992314e-01 -6.010234e-01  0.000000e+00
   outer loop
     vertex  6.055509e+00  1.557498e+01  1.990000e+02
     vertex  5.931834e+00  1.541052e+01  6.900000e+01
     vertex  6.055509e+00  1.557498e+01  6.900000e+01
   endloop
 endfacet
 facet normal  7.992314e-01 -6.010234e-01  0.000000e+00
   outer loop
     vertex  6.055509e+00  1.557498e+01  1.990000e+02
     vertex  5.931834e+00  1.541052e+01  1.990000e+02
     vertex  5.931834e+00  1.541052e+01  6.900000e+01
   endloop
 endfacet
 facet normal  8.154191e-01 -5.788711e-01  0.000000e+00
   outer loop
     vertex  6.174626e+00  1.574277e+01  1.990000e+02
     vertex  6.055509e+00  1.557498e+01  6.900000e+01
     vertex  6.174626e+00  1.574277e+01  6.900000e+01
   endloop
 endfacet
 facet normal  8.154191e-01 -5.788711e-01  0.000000e+00
   outer loop
     vertex  6.174626e+00  1.574277e+01  1.990000e+02
     vertex  6.055509e+00  1.557498e+01  1.990000e+02
     vertex  6.055509e+00  1.557498e+01  6.900000e+01
   endloop
 endfacet
 facet normal  8.309929e-01 -5.562829e-01  0.000000e+00
   outer loop
     vertex  6.289095e+00  1.591377e+01  1.990000e+02
     vertex  6.174626e+00  1.574277e+01  6.900000e+01
     vertex  6.289095e+00  1.591377e+01  6.900000e+01
   endloop
 endfacet
 facet normal  8.309929e-01 -5.562829e-01  0.000000e+00
   outer loop
     vertex  6.289095e+00  1.591377e+01  1.990000e+02
     vertex  6.174626e+00  1.574277e+01  1.990000e+02
     vertex  6.174626e+00  1.574277e+01  6.900000e+01
   endloop
 endfacet
 facet normal  8.459413e-01 -5.332761e-01  0.000000e+00
   outer loop
     vertex  6.398830e+00  1.608784e+01  1.990000e+02
     vertex  6.289095e+00  1.591377e+01  6.900000e+01
     vertex  6.398830e+00  1.608784e+01  6.900000e+01
   endloop
 endfacet
 facet normal  8.459413e-01 -5.332761e-01  0.000000e+00
   outer loop
     vertex  6.398830e+00  1.608784e+01  1.990000e+02
     vertex  6.289095e+00  1.591377e+01  1.990000e+02
     vertex  6.289095e+00  1.591377e+01  6.900000e+01
   endloop
 endfacet
 facet normal  8.602528e-01 -5.098678e-01  0.000000e+00
   outer loop
     vertex  6.503748e+00  1.626486e+01  1.990000e+02
     vertex  6.398830e+00  1.608784e+01  6.900000e+01
     vertex  6.503748e+00  1.626486e+01  6.900000e+01
   endloop
 endfacet
 facet normal  8.602528e-01 -5.098678e-01  0.000000e+00
   outer loop
     vertex  6.503748e+00  1.626486e+01  1.990000e+02
     vertex  6.398830e+00  1.608784e+01  1.990000e+02
     vertex  6.398830e+00  1.608784e+01  6.900000e+01
   endloop
 endfacet
 facet normal  8.739167e-01 -4.860756e-01  0.000000e+00
   outer loop
     vertex  6.603770e+00  1.644469e+01  1.990000e+02
     vertex  6.503748e+00  1.626486e+01  6.900000e+01
     vertex  6.603770e+00  1.644469e+01  6.900000e+01
   endloop
 endfacet
 facet normal  8.739167e-01 -4.860756e-01  0.000000e+00
   outer loop
     vertex  6.603770e+00  1.644469e+01  1.990000e+02
     vertex  6.503748e+00  1.626486e+01  1.990000e+02
     vertex  6.503748e+00  1.626486e+01  6.900000e+01
   endloop
 endfacet
 facet normal  8.869228e-01 -4.619176e-01  0.000000e+00
   outer loop
     vertex  6.698821e+00  1.662720e+01  1.990000e+02
     vertex  6.603770e+00  1.644469e+01  1.990000e+02
     vertex  6.603770e+00  1.644469e+01  6.900000e+01
   endloop
 endfacet
 facet normal  8.869228e-01 -4.619176e-01  0.000000e+00
   outer loop
     vertex  6.698821e+00  1.662720e+01  1.990000e+02
     vertex  6.603770e+00  1.644469e+01  6.900000e+01
     vertex  6.698821e+00  1.662720e+01  6.900000e+01
   endloop
 endfacet
 facet normal  8.992613e-01 -4.374119e-01  0.000000e+00
   outer loop
     vertex  6.788829e+00  1.681224e+01  1.990000e+02
     vertex  6.698821e+00  1.662720e+01  1.990000e+02
     vertex  6.698821e+00  1.662720e+01  6.900000e+01
   endloop
 endfacet
 facet normal  8.992613e-01 -4.374119e-01  0.000000e+00
   outer loop
     vertex  6.788829e+00  1.681224e+01  1.990000e+02
     vertex  6.698821e+00  1.662720e+01  6.900000e+01
     vertex  6.788829e+00  1.681224e+01  6.900000e+01
   endloop
 endfacet
 facet normal  9.109228e-01 -4.125769e-01  0.000000e+00
   outer loop
     vertex  6.873727e+00  1.699969e+01  1.990000e+02
     vertex  6.788829e+00  1.681224e+01  1.990000e+02
     vertex  6.788829e+00  1.681224e+01  6.900000e+01
   endloop
 endfacet
 facet normal  9.109228e-01 -4.125769e-01  0.000000e+00
   outer loop
     vertex  6.873727e+00  1.699969e+01  1.990000e+02
     vertex  6.788829e+00  1.681224e+01  6.900000e+01
     vertex  6.873727e+00  1.699969e+01  6.900000e+01
   endloop
 endfacet
 facet normal  9.218986e-01 -3.874313e-01  0.000000e+00
   outer loop
     vertex  6.953451e+00  1.718939e+01  1.990000e+02
     vertex  6.873727e+00  1.699969e+01  1.990000e+02
     vertex  6.873727e+00  1.699969e+01  6.900000e+01
   endloop
 endfacet
 facet normal  9.218986e-01 -3.874313e-01  0.000000e+00
   outer loop
     vertex  6.953451e+00  1.718939e+01  1.990000e+02
     vertex  6.873727e+00  1.699969e+01  6.900000e+01
     vertex  6.953451e+00  1.718939e+01  6.900000e+01
   endloop
 endfacet
 facet normal  9.321804e-01 -3.619940e-01  0.000000e+00
   outer loop
     vertex  7.027940e+00  1.738121e+01  1.990000e+02
     vertex  6.953451e+00  1.718939e+01  1.990000e+02
     vertex  6.953451e+00  1.718939e+01  6.900000e+01
   endloop
 endfacet
 facet normal  9.321804e-01 -3.619940e-01  0.000000e+00
   outer loop
     vertex  7.027940e+00  1.738121e+01  1.990000e+02
     vertex  6.953451e+00  1.718939e+01  6.900000e+01
     vertex  7.027940e+00  1.738121e+01  6.900000e+01
   endloop
 endfacet
 facet normal  9.417605e-01 -3.362843e-01  0.000000e+00
   outer loop
     vertex  7.097139e+00  1.757500e+01  1.990000e+02
     vertex  7.027940e+00  1.738121e+01  1.990000e+02
     vertex  7.027940e+00  1.738121e+01  6.900000e+01
   endloop
 endfacet
 facet normal  9.417605e-01 -3.362843e-01  0.000000e+00
   outer loop
     vertex  7.097139e+00  1.757500e+01  1.990000e+02
     vertex  7.027940e+00  1.738121e+01  6.900000e+01
     vertex  7.097139e+00  1.757500e+01  6.900000e+01
   endloop
 endfacet
 facet normal  9.506317e-01 -3.103214e-01  0.000000e+00
   outer loop
     vertex  7.160995e+00  1.777062e+01  1.990000e+02
     vertex  7.097139e+00  1.757500e+01  1.990000e+02
     vertex  7.097139e+00  1.757500e+01  6.900000e+01
   endloop
 endfacet
 facet normal  9.506317e-01 -3.103214e-01  0.000000e+00
   outer loop
     vertex  7.160995e+00  1.777062e+01  1.990000e+02
     vertex  7.097139e+00  1.757500e+01  6.900000e+01
     vertex  7.160995e+00  1.777062e+01  6.900000e+01
   endloop
 endfacet
 facet normal  9.587873e-01 -2.841250e-01  0.000000e+00
   outer loop
     vertex  7.219461e+00  1.796791e+01  1.990000e+02
     vertex  7.160995e+00  1.777062e+01  1.990000e+02
     vertex  7.160995e+00  1.777062e+01  6.900000e+01
   endloop
 endfacet
 facet normal  9.587873e-01 -2.841250e-01  0.000000e+00
   outer loop
     vertex  7.219461e+00  1.796791e+01  1.990000e+02
     vertex  7.160995e+00  1.777062e+01  6.900000e+01
     vertex  7.219461e+00  1.796791e+01  6.900000e+01
   endloop
 endfacet
 facet normal  9.662211e-01 -2.577146e-01  0.000000e+00
   outer loop
     vertex  7.272492e+00  1.816673e+01  1.990000e+02
     vertex  7.219461e+00  1.796791e+01  1.990000e+02
     vertex  7.219461e+00  1.796791e+01  6.900000e+01
   endloop
 endfacet
 facet normal  9.662211e-01 -2.577146e-01  0.000000e+00
   outer loop
     vertex  7.272492e+00  1.816673e+01  1.990000e+02
     vertex  7.219461e+00  1.796791e+01  6.900000e+01
     vertex  7.272492e+00  1.816673e+01  6.900000e+01
   endloop
 endfacet
 facet normal  9.729276e-01 -2.311102e-01  0.000000e+00
   outer loop
     vertex  7.320048e+00  1.836694e+01  1.990000e+02
     vertex  7.272492e+00  1.816673e+01  1.990000e+02
     vertex  7.272492e+00  1.816673e+01  6.900000e+01
   endloop
 endfacet
 facet normal  9.729276e-01 -2.311102e-01  0.000000e+00
   outer loop
     vertex  7.320048e+00  1.836694e+01  1.990000e+02
     vertex  7.272492e+00  1.816673e+01  6.900000e+01
     vertex  7.320048e+00  1.836694e+01  6.900000e+01
   endloop
 endfacet
 facet normal  9.789017e-01 -2.043319e-01  0.000000e+00
   outer loop
     vertex  7.362095e+00  1.856837e+01  1.990000e+02
     vertex  7.320048e+00  1.836694e+01  1.990000e+02
     vertex  7.320048e+00  1.836694e+01  6.900000e+01
   endloop
 endfacet
 facet normal  9.789017e-01 -2.043319e-01  0.000000e+00
   outer loop
     vertex  7.362095e+00  1.856837e+01  1.990000e+02
     vertex  7.320048e+00  1.836694e+01  6.900000e+01
     vertex  7.362095e+00  1.856837e+01  6.900000e+01
   endloop
 endfacet
 facet normal  9.841389e-01 -1.773998e-01  0.000000e+00
   outer loop
     vertex  7.362095e+00  1.856837e+01  1.990000e+02
     vertex  7.362095e+00  1.856837e+01  6.900000e+01
     vertex  7.398599e+00  1.877088e+01  6.900000e+01
   endloop
 endfacet
 facet normal  9.841389e-01 -1.773998e-01  0.000000e+00
   outer loop
     vertex  7.398599e+00  1.877088e+01  1.990000e+02
     vertex  7.362095e+00  1.856837e+01  1.990000e+02
     vertex  7.398599e+00  1.877088e+01  6.900000e+01
   endloop
 endfacet
 facet normal  9.886353e-01 -1.503341e-01  0.000000e+00
   outer loop
     vertex  7.429534e+00  1.897432e+01  1.990000e+02
     vertex  7.398599e+00  1.877088e+01  1.990000e+02
     vertex  7.398599e+00  1.877088e+01  6.900000e+01
   endloop
 endfacet
 facet normal  9.886353e-01 -1.503341e-01  0.000000e+00
   outer loop
     vertex  7.429534e+00  1.897432e+01  1.990000e+02
     vertex  7.398599e+00  1.877088e+01  6.900000e+01
     vertex  7.429534e+00  1.897432e+01  6.900000e+01
   endloop
 endfacet
 facet normal  9.923874e-01 -1.231552e-01  0.000000e+00
   outer loop
     vertex  7.454876e+00  1.917853e+01  1.990000e+02
     vertex  7.429534e+00  1.897432e+01  1.990000e+02
     vertex  7.429534e+00  1.897432e+01  6.900000e+01
   endloop
 endfacet
 facet normal  9.923874e-01 -1.231552e-01  0.000000e+00
   outer loop
     vertex  7.454876e+00  1.917853e+01  1.990000e+02
     vertex  7.429534e+00  1.897432e+01  6.900000e+01
     vertex  7.454876e+00  1.917853e+01  6.900000e+01
   endloop
 endfacet
 facet normal  9.953925e-01 -9.588368e-02  0.000000e+00
   outer loop
     vertex  7.454876e+00  1.917853e+01  1.990000e+02
     vertex  7.454876e+00  1.917853e+01  6.900000e+01
     vertex  7.474607e+00  1.938335e+01  6.900000e+01
   endloop
 endfacet
 facet normal  9.953925e-01 -9.588368e-02  0.000000e+00
   outer loop
     vertex  7.474607e+00  1.938335e+01  1.990000e+02
     vertex  7.454876e+00  1.917853e+01  1.990000e+02
     vertex  7.474607e+00  1.938335e+01  6.900000e+01
   endloop
 endfacet
 facet normal  9.976484e-01 -6.853995e-02  0.000000e+00
   outer loop
     vertex  7.488711e+00  1.958864e+01  1.990000e+02
     vertex  7.474607e+00  1.938335e+01  6.900000e+01
     vertex  7.488711e+00  1.958864e+01  6.900000e+01
   endloop
 endfacet
 facet normal  9.976484e-01 -6.853995e-02  0.000000e+00
   outer loop
     vertex  7.488711e+00  1.958864e+01  1.990000e+02
     vertex  7.474607e+00  1.938335e+01  1.990000e+02
     vertex  7.474607e+00  1.938335e+01  6.900000e+01
   endloop
 endfacet
 facet normal  9.991532e-01 -4.114462e-02  0.000000e+00
   outer loop
     vertex  7.497177e+00  1.979424e+01  1.990000e+02
     vertex  7.488711e+00  1.958864e+01  6.900000e+01
     vertex  7.497177e+00  1.979424e+01  6.900000e+01
   endloop
 endfacet
 facet normal  9.999059e-01 -1.371831e-02  0.000000e+00
   outer loop
     vertex  7.497177e+00  1.979424e+01  1.990000e+02
     vertex  7.497177e+00  1.979424e+01  6.900000e+01
     vertex  7.500000e+00  2.000000e+01  6.900000e+01
   endloop
 endfacet
 facet normal  9.991532e-01 -4.114462e-02  0.000000e+00
   outer loop
     vertex  7.497177e+00  1.979424e+01  1.990000e+02
     vertex  7.488711e+00  1.958864e+01  1.990000e+02
     vertex  7.488711e+00  1.958864e+01  6.900000e+01
   endloop
 endfacet
 facet normal  9.999059e-01 -1.371831e-02  0.000000e+00
   outer loop
     vertex  7.500000e+00  2.000000e+01  1.990000e+02
     vertex  7.497177e+00  1.979424e+01  1.990000e+02
     vertex  7.500000e+00  2.000000e+01  6.900000e+01
   endloop
 endfacet
 facet normal  0.000000e+00  0.000000e+00  1.000000e+00
   outer loop
     vertex -1.100000e+01 -2.000000e+01  1.050000e+02
     vertex -3.900000e+01 -2.000000e+01  1.050000e+02
     vertex -4.200000e+01 -2.300000e+01  1.050000e+02
   endloop
 endfacet
 facet normal  0.000000e+00  0.000000e+00  1.000000e+00
   outer loop
     vertex -8.000000e+00 -2.300000e+01  1.050000e+02
     vertex -1.100000e+01 -2.000000e+01  1.050000e+02
     vertex -4.200000e+01 -2.300000e+01  1.050000e+02
   endloop
 endfacet
 facet normal  0.000000e+00  0.000000e+00  1.000000e+00
   outer loop
     vertex -4.200000e+01  1.500000e+01  1.050000e+02
     vertex -4.200000e+01 -2.300000e+01  1.050000e+02
     vertex -3.900000e+01 -2.000000e+01  1.050000e+02
   endloop
 endfacet
 facet normal  0.000000e+00  0.000000e+00  1.000000e+00
   outer loop
     vertex -3.900000e+01  1.200000e+01  1.050000e+02
     vertex -4.200000e+01  1.500000e+01  1.050000e+02
     vertex -3.900000e+01 -2.000000e+01  1.050000e+02
   endloop
 endfacet
 facet normal  0.000000e+00  0.000000e+00  1.000000e+00
   outer loop
     vertex -8.000000e+00  1.500000e+01  1.050000e+02
     vertex -3.900000e+01  1.200000e+01  1.050000e+02
     vertex -1.100000e+01  1.200000e+01  1.050000e+02
   endloop
 endfacet
 facet normal  0.000000e+00  0.000000e+00  1.000000e+00
   outer loop
     vertex -8.000000e+00  1.500000e+01  1.050000e+02
     vertex -1.100000e+01  1.200000e+01  1.050000e+02
     vertex -1.100000e+01 -2.000000e+01  1.050000e+02
   endloop
 endfacet
 facet normal  0.000000e+00  0.000000e+00  1.000000e+00
   outer loop
     vertex -8.000000e+00  1.500000e+01  1.050000e+02
     vertex -1.100000e+01 -2.000000e+01  1.050000e+02
     vertex -8.000000e+00 -2.300000e+01  1.050000e+02
   endloop
 endfacet
 facet normal  0.000000e+00  0.000000e+00  1.000000e+00
   outer loop
     vertex -8.000000e+00  1.500000e+01  1.050000e+02
     vertex -4.200000e+01  1.500000e+01  1.050000e+02
     vertex -3.900000e+01  1.200000e+01  1.050000e+02
   endloop
 endfacet
 facet normal  0.000000e+00  0.000000e+00  1.000000e+00
   outer loop
     vertex -5.737978e+00  1.517034e+01  1.990000e+02
     vertex -5.603321e+00  1.501474e+01  1.990000e+02
     vertex -5.464447e+00  1.486290e+01  1.990000e+02
   endloop
 endfacet
 facet normal  0.000000e+00  0.000000e+00  1.000000e+00
   outer loop
     vertex -5.868316e+00  1.532957e+01  1.990000e+02
     vertex -5.737978e+00  1.517034e+01  1.990000e+02
     vertex -5.464447e+00  1.486290e+01  1.990000e+02
   endloop
 endfacet
 facet normal  0.000000e+00  0.000000e+00  1.000000e+00
   outer loop
     vertex -4.383380e+00  1.391428e+01  1.990000e+02
     vertex -4.868904e+00  1.429529e+01  1.990000e+02
     vertex -4.710568e+00  1.416386e+01  1.990000e+02
   endloop
 endfacet
 facet normal  0.000000e+00  0.000000e+00  1.000000e+00
   outer loop
     vertex -4.383380e+00  1.391428e+01  1.990000e+02
     vertex -4.710568e+00  1.416386e+01  1.990000e+02
     vertex -4.548686e+00  1.403683e+01  1.990000e+02
   endloop
 endfacet
 facet normal  0.000000e+00  0.000000e+00  1.000000e+00
   outer loop
     vertex -6.115643e+00  1.565847e+01  1.990000e+02
     vertex -5.994235e+00  1.549232e+01  1.990000e+02
     vertex -5.868316e+00  1.532957e+01  1.990000e+02
   endloop
 endfacet
 facet normal  0.000000e+00  0.000000e+00  1.000000e+00
   outer loop
     vertex -6.115643e+00  1.565847e+01  1.990000e+02
     vertex -5.464447e+00  1.486290e+01  1.990000e+02
     vertex -5.321458e+00  1.471492e+01  1.990000e+02
   endloop
 endfacet
 facet normal  0.000000e+00  0.000000e+00  1.000000e+00
   outer loop
     vertex -6.115643e+00  1.565847e+01  1.990000e+02
     vertex -5.321458e+00  1.471492e+01  1.990000e+02
     vertex -5.174464e+00  1.457092e+01  1.990000e+02
   endloop
 endfacet
 facet normal  0.000000e+00  0.000000e+00  1.000000e+00
   outer loop
     vertex -6.115643e+00  1.565847e+01  1.990000e+02
     vertex -5.174464e+00  1.457092e+01  1.990000e+02
     vertex -5.023575e+00  1.443101e+01  1.990000e+02
   endloop
 endfacet
 facet normal  0.000000e+00  0.000000e+00  1.000000e+00
   outer loop
     vertex -6.115643e+00  1.565847e+01  1.990000e+02
     vertex -5.868316e+00  1.532957e+01  1.990000e+02
     vertex -5.464447e+00  1.486290e+01  1.990000e+02
   endloop
 endfacet
 facet normal  0.000000e+00  0.000000e+00  1.000000e+00
   outer loop
     vertex -4.042996e+00  1.368302e+01  1.990000e+02
     vertex -5.023575e+00  1.443101e+01  1.990000e+02
     vertex -4.868904e+00  1.429529e+01  1.990000e+02
   endloop
 endfacet
 facet normal  0.000000e+00  0.000000e+00  1.000000e+00
   outer loop
     vertex -4.042996e+00  1.368302e+01  1.990000e+02
     vertex -4.383380e+00  1.391428e+01  1.990000e+02
     vertex -4.214774e+00  1.379632e+01  1.990000e+02
   endloop
 endfacet
 facet normal  0.000000e+00  0.000000e+00  1.000000e+00
   outer loop
     vertex -4.042996e+00  1.368302e+01  1.990000e+02
     vertex -4.868904e+00  1.429529e+01  1.990000e+02
     vertex -4.383380e+00  1.391428e+01  1.990000e+02
   endloop
 endfacet
 facet normal  0.000000e+00  0.000000e+00  1.000000e+00
   outer loop
     vertex -6.344560e+00  1.600043e+01  1.990000e+02
     vertex -6.232447e+00  1.582788e+01  1.990000e+02
     vertex -6.115643e+00  1.565847e+01  1.990000e+02
   endloop
 endfacet
 facet normal  0.000000e+00  0.000000e+00  1.000000e+00
   outer loop
     vertex -6.451896e+00  1.617599e+01  1.990000e+02
     vertex -6.344560e+00  1.600043e+01  1.990000e+02
     vertex -6.115643e+00  1.565847e+01  1.990000e+02
   endloop
 endfacet
 facet normal  0.000000e+00  0.000000e+00  1.000000e+00
   outer loop
     vertex -3.509928e+00  1.337200e+01  1.990000e+02
     vertex -3.868174e+00  1.357449e+01  1.990000e+02
     vertex -3.690440e+00  1.347078e+01  1.990000e+02
   endloop
 endfacet
 facet normal  0.000000e+00  0.000000e+00  1.000000e+00
   outer loop
     vertex -3.326774e+00  1.327820e+01  1.990000e+02
     vertex -4.042996e+00  1.368302e+01  1.990000e+02
     vertex -3.868174e+00  1.357449e+01  1.990000e+02
   endloop
 endfacet
 facet normal  0.000000e+00  0.000000e+00  1.000000e+00
   outer loop
     vertex -3.326774e+00  1.327820e+01  1.990000e+02
     vertex -3.868174e+00  1.357449e+01  1.990000e+02
     vertex -3.509928e+00  1.337200e+01  1.990000e+02
   endloop
 endfacet
 facet normal  0.000000e+00  0.000000e+00  1.000000e+00
   outer loop
     vertex -3.141116e+00  1.318946e+01  1.990000e+02
     vertex -4.042996e+00  1.368302e+01  1.990000e+02
     vertex -3.326774e+00  1.327820e+01  1.990000e+02
   endloop
 endfacet
 facet normal  0.000000e+00  0.000000e+00  1.000000e+00
   outer loop
     vertex -6.914239e+00  1.709427e+01  1.990000e+02
     vertex -6.831921e+00  1.690567e+01  1.990000e+02
     vertex -6.744460e+00  1.671941e+01  1.990000e+02
   endloop
 endfacet
 facet normal  0.000000e+00  0.000000e+00  1.000000e+00
   outer loop
     vertex -6.914239e+00  1.709427e+01  1.990000e+02
     vertex -6.744460e+00  1.671941e+01  1.990000e+02
     vertex -6.651921e+00  1.653562e+01  1.990000e+02
   endloop
 endfacet
 facet normal  0.000000e+00  0.000000e+00  1.000000e+00
   outer loop
     vertex -6.914239e+00  1.709427e+01  1.990000e+02
     vertex -6.651921e+00  1.653562e+01  1.990000e+02
     vertex -6.554376e+00  1.635443e+01  1.990000e+02
   endloop
 endfacet
 facet normal  0.000000e+00  0.000000e+00  1.000000e+00
   outer loop
     vertex -2.762847e+00  1.302743e+01  1.990000e+02
     vertex -3.141116e+00  1.318946e+01  1.990000e+02
     vertex -2.953093e+00  1.310585e+01  1.990000e+02
   endloop
 endfacet
 facet normal  0.000000e+00  0.000000e+00  1.000000e+00
   outer loop
     vertex -2.762847e+00  1.302743e+01  1.990000e+02
     vertex -4.042996e+00  1.368302e+01  1.990000e+02
     vertex -3.141116e+00  1.318946e+01  1.990000e+02
   endloop
 endfacet
 facet normal  0.000000e+00  0.000000e+00  1.000000e+00
   outer loop
     vertex -6.991353e+00  1.728504e+01  1.990000e+02
     vertex -6.554376e+00  1.635443e+01  1.990000e+02
     vertex -6.451896e+00  1.617599e+01  1.990000e+02
   endloop
 endfacet
 facet normal  0.000000e+00  0.000000e+00  1.000000e+00
   outer loop
     vertex -6.991353e+00  1.728504e+01  1.990000e+02
     vertex -6.914239e+00  1.709427e+01  1.990000e+02
     vertex -6.554376e+00  1.635443e+01  1.990000e+02
   endloop
 endfacet
 facet normal  0.000000e+00  0.000000e+00  1.000000e+00
   outer loop
     vertex -2.570522e+00  1.295426e+01  1.990000e+02
     vertex -4.042996e+00  1.368302e+01  1.990000e+02
     vertex -2.762847e+00  1.302743e+01  1.990000e+02
   endloop
 endfacet
 facet normal  0.000000e+00  0.000000e+00  1.000000e+00
   outer loop
     vertex -7.129738e+00  1.767259e+01  1.990000e+02
     vertex -7.063204e+00  1.747787e+01  1.990000e+02
     vertex -6.991353e+00  1.728504e+01  1.990000e+02
   endloop
 endfacet
 facet normal  0.000000e+00  0.000000e+00  1.000000e+00
   outer loop
     vertex -7.129738e+00  1.767259e+01  1.990000e+02
     vertex -6.451896e+00  1.617599e+01  1.990000e+02
     vertex -6.115643e+00  1.565847e+01  1.990000e+02
   endloop
 endfacet
 facet normal  0.000000e+00  0.000000e+00  1.000000e+00
   outer loop
     vertex -7.129738e+00  1.767259e+01  1.990000e+02
     vertex -6.991353e+00  1.728504e+01  1.990000e+02
     vertex -6.451896e+00  1.617599e+01  1.990000e+02
   endloop
 endfacet
 facet normal  0.000000e+00  0.000000e+00  1.000000e+00
   outer loop
     vertex -7.246658e+00  1.806714e+01  1.990000e+02
     vertex -7.190904e+00  1.786906e+01  1.990000e+02
     vertex -7.129738e+00  1.767259e+01  1.990000e+02
   endloop
 endfacet
 facet normal  0.000000e+00  0.000000e+00  1.000000e+00
   outer loop
     vertex -7.296957e+00  1.826667e+01  1.990000e+02
     vertex -7.246658e+00  1.806714e+01  1.990000e+02
     vertex -7.129738e+00  1.767259e+01  1.990000e+02
   endloop
 endfacet
 facet normal  0.000000e+00  0.000000e+00  1.000000e+00
   outer loop
     vertex -1.582813e+00  1.266892e+01  1.990000e+02
     vertex -2.376261e+00  1.288639e+01  1.990000e+02
     vertex -2.180212e+00  1.282388e+01  1.990000e+02
   endloop
 endfacet
 facet normal  0.000000e+00  0.000000e+00  1.000000e+00
   outer loop
     vertex -1.582813e+00  1.266892e+01  1.990000e+02
     vertex -2.180212e+00  1.282388e+01  1.990000e+02
     vertex -1.982521e+00  1.276677e+01  1.990000e+02
   endloop
 endfacet
 facet normal  0.000000e+00  0.000000e+00  1.000000e+00
   outer loop
     vertex -1.582813e+00  1.266892e+01  1.990000e+02
     vertex -1.982521e+00  1.276677e+01  1.990000e+02
     vertex -1.783338e+00  1.271510e+01  1.990000e+02
   endloop
 endfacet
 facet normal  0.000000e+00  0.000000e+00  1.000000e+00
   outer loop
     vertex -7.465444e+00  1.928087e+01  1.990000e+02
     vertex -7.442906e+00  1.907634e+01  1.990000e+02
     vertex -7.414764e+00  1.887249e+01  1.990000e+02
   endloop
 endfacet
 facet normal  0.000000e+00  0.000000e+00  1.000000e+00
   outer loop
     vertex -7.465444e+00  1.928087e+01  1.990000e+02
     vertex -7.414764e+00  1.887249e+01  1.990000e+02
     vertex -7.381042e+00  1.866950e+01  1.990000e+02
   endloop
 endfacet
 facet normal  0.000000e+00  0.000000e+00  1.000000e+00
   outer loop
     vertex -7.465444e+00  1.928087e+01  1.990000e+02
     vertex -7.381042e+00  1.866950e+01  1.990000e+02
     vertex -7.341762e+00  1.846751e+01  1.990000e+02
   endloop
 endfacet
 facet normal  0.000000e+00  0.000000e+00  1.000000e+00
   outer loop
     vertex -7.465444e+00  1.928087e+01  1.990000e+02
     vertex -7.341762e+00  1.846751e+01  1.990000e+02
     vertex -7.296957e+00  1.826667e+01  1.990000e+02
   endloop
 endfacet
 facet normal  0.000000e+00  0.000000e+00  1.000000e+00
   outer loop
     vertex -5.653614e-01  1.252134e+01  1.990000e+02
     vertex -2.376261e+00  1.288639e+01  1.990000e+02
     vertex -1.582813e+00  1.266892e+01  1.990000e+02
   endloop
 endfacet
 facet normal  0.000000e+00  0.000000e+00  1.000000e+00
   outer loop
     vertex -5.653614e-01  1.252134e+01  1.990000e+02
     vertex -2.570522e+00  1.295426e+01  1.990000e+02
     vertex -2.376261e+00  1.288639e+01  1.990000e+02
   endloop
 endfacet
 facet normal  0.000000e+00  0.000000e+00  1.000000e+00
   outer loop
     vertex -5.653614e-01  1.252134e+01  1.990000e+02
     vertex -1.582813e+00  1.266892e+01  1.990000e+02
     vertex -1.381096e+00  1.262826e+01  1.990000e+02
   endloop
 endfacet
 facet normal  0.000000e+00  0.000000e+00  1.000000e+00
   outer loop
     vertex -5.653614e-01  1.252134e+01  1.990000e+02
     vertex -1.381096e+00  1.262826e+01  1.990000e+02
     vertex -1.178339e+00  1.259314e+01  1.990000e+02
   endloop
 endfacet
 facet normal  0.000000e+00  0.000000e+00  1.000000e+00
   outer loop
     vertex -5.653614e-01  1.252134e+01  1.990000e+02
     vertex -1.178339e+00  1.259314e+01  1.990000e+02
     vertex -9.746959e-01  1.256361e+01  1.990000e+02
   endloop
 endfacet
 facet normal  0.000000e+00  0.000000e+00  1.000000e+00
   outer loop
     vertex -5.653614e-01  1.252134e+01  1.990000e+02
     vertex -9.746959e-01  1.256361e+01  1.990000e+02
     vertex -7.703186e-01  1.253966e+01  1.990000e+02
   endloop
 endfacet
 facet normal  0.000000e+00  0.000000e+00  1.000000e+00
   outer loop
     vertex -7.482363e+00  1.948595e+01  1.990000e+02
     vertex -7.465444e+00  1.928087e+01  1.990000e+02
     vertex -7.296957e+00  1.826667e+01  1.990000e+02
   endloop
 endfacet
 facet normal  0.000000e+00  0.000000e+00  1.000000e+00
   outer loop
     vertex -7.482363e+00  1.948595e+01  1.990000e+02
     vertex -7.296957e+00  1.826667e+01  1.990000e+02
     vertex -7.129738e+00  1.767259e+01  1.990000e+02
   endloop
 endfacet
 facet normal  0.000000e+00  0.000000e+00  1.000000e+00
   outer loop
     vertex -7.482363e+00  1.948595e+01  1.990000e+02
     vertex -7.129738e+00  1.767259e+01  1.990000e+02
     vertex -6.115643e+00  1.565847e+01  1.990000e+02
   endloop
 endfacet
 facet normal  0.000000e+00  0.000000e+00  1.000000e+00
   outer loop
     vertex -1.543250e-01  1.250159e+01  1.990000e+02
     vertex -5.653614e-01  1.252134e+01  1.990000e+02
     vertex -3.599787e-01  1.250864e+01  1.990000e+02
   endloop
 endfacet
 facet normal  0.000000e+00  0.000000e+00  1.000000e+00
   outer loop
     vertex  2.571760e-01  1.250441e+01  1.990000e+02
     vertex -1.543250e-01  1.250159e+01  1.990000e+02
     vertex  5.144489e-02  1.250018e+01  1.990000e+02
   endloop
 endfacet
 facet normal  0.000000e+00  0.000000e+00  1.000000e+00
   outer loop
     vertex -7.493649e+00  2.030858e+01  1.990000e+02
     vertex -7.499294e+00  2.010289e+01  1.990000e+02
     vertex -7.499294e+00  1.989711e+01  1.990000e+02
   endloop
 endfacet
 facet normal  0.000000e+00  0.000000e+00  1.000000e+00
   outer loop
     vertex -7.493649e+00  2.030858e+01  1.990000e+02
     vertex -7.499294e+00  1.989711e+01  1.990000e+02
     vertex -7.493649e+00  1.969142e+01  1.990000e+02
   endloop
 endfacet
 facet normal  0.000000e+00  0.000000e+00  1.000000e+00
   outer loop
     vertex -7.493649e+00  2.030858e+01  1.990000e+02
     vertex -7.493649e+00  1.969142e+01  1.990000e+02
     vertex -7.482363e+00  1.948595e+01  1.990000e+02
   endloop
 endfacet
 facet normal  0.000000e+00  0.000000e+00  1.000000e+00
   outer loop
     vertex  8.725893e-01  1.255093e+01  1.990000e+02
     vertex -5.653614e-01  1.252134e+01  1.990000e+02
     vertex -1.543250e-01  1.250159e+01  1.990000e+02
   endloop
 endfacet
 facet normal  0.000000e+00  0.000000e+00  1.000000e+00
   outer loop
     vertex  8.725893e-01  1.255093e+01  1.990000e+02
     vertex -1.543250e-01  1.250159e+01  1.990000e+02
     vertex  2.571760e-01  1.250441e+01  1.990000e+02
   endloop
 endfacet
 facet normal  0.000000e+00  0.000000e+00  1.000000e+00
   outer loop
     vertex  8.725893e-01  1.255093e+01  1.990000e+02
     vertex  2.571760e-01  1.250441e+01  1.990000e+02
     vertex  4.627136e-01  1.251429e+01  1.990000e+02
   endloop
 endfacet
 facet normal  0.000000e+00  0.000000e+00  1.000000e+00
   outer loop
     vertex  8.725893e-01  1.255093e+01  1.990000e+02
     vertex  4.627136e-01  1.251429e+01  1.990000e+02
     vertex  6.679029e-01  1.252980e+01  1.990000e+02
   endloop
 endfacet
 facet normal  0.000000e+00  0.000000e+00  1.000000e+00
   outer loop
     vertex -7.414764e+00  2.112751e+01  1.990000e+02
     vertex -7.442906e+00  2.092366e+01  1.990000e+02
     vertex -7.465444e+00  2.071913e+01  1.990000e+02
   endloop
 endfacet
 facet normal  0.000000e+00  0.000000e+00  1.000000e+00
   outer loop
     vertex -7.414764e+00  2.112751e+01  1.990000e+02
     vertex -7.465444e+00  2.071913e+01  1.990000e+02
     vertex -7.482363e+00  2.051405e+01  1.990000e+02
   endloop
 endfacet
 facet normal  0.000000e+00  0.000000e+00  1.000000e+00
   outer loop
     vertex -7.414764e+00  2.112751e+01  1.990000e+02
     vertex -7.482363e+00  2.051405e+01  1.990000e+02
     vertex -7.493649e+00  2.030858e+01  1.990000e+02
   endloop
 endfacet
 facet normal  0.000000e+00  0.000000e+00  1.000000e+00
   outer loop
     vertex  1.279838e+00  1.261001e+01  1.990000e+02
     vertex  8.725893e-01  1.255093e+01  1.990000e+02
     vertex  1.076619e+00  1.257768e+01  1.990000e+02
   endloop
 endfacet
 facet normal  0.000000e+00  0.000000e+00  1.000000e+00
   outer loop
     vertex -7.341762e+00  2.153249e+01  1.990000e+02
     vertex -7.381042e+00  2.133050e+01  1.990000e+02
     vertex -7.414764e+00  2.112751e+01  1.990000e+02
   endloop
 endfacet
 facet normal  0.000000e+00  0.000000e+00  1.000000e+00
   outer loop
     vertex -7.246658e+00  2.193286e+01  1.990000e+02
     vertex -7.296957e+00  2.173333e+01  1.990000e+02
     vertex -7.341762e+00  2.153249e+01  1.990000e+02
   endloop
 endfacet
 facet normal  0.000000e+00  0.000000e+00  1.000000e+00
   outer loop
     vertex  2.081562e+00  1.279465e+01  1.990000e+02
     vertex  1.683234e+00  1.269133e+01  1.990000e+02
     vertex  1.883107e+00  1.274025e+01  1.990000e+02
   endloop
 endfacet
 facet normal  0.000000e+00  0.000000e+00  1.000000e+00
   outer loop
     vertex  2.278451e+00  1.285447e+01  1.990000e+02
     vertex  1.482094e+00  1.264790e+01  1.990000e+02
     vertex  1.683234e+00  1.269133e+01  1.990000e+02
   endloop
 endfacet
 facet normal  0.000000e+00  0.000000e+00  1.000000e+00
   outer loop
     vertex  2.278451e+00  1.285447e+01  1.990000e+02
     vertex  1.683234e+00  1.269133e+01  1.990000e+02
     vertex  2.081562e+00  1.279465e+01  1.990000e+02
   endloop
 endfacet
 facet normal  0.000000e+00  0.000000e+00  1.000000e+00
   outer loop
     vertex -7.129738e+00  2.232741e+01  1.990000e+02
     vertex -7.190904e+00  2.213094e+01  1.990000e+02
     vertex -7.246658e+00  2.193286e+01  1.990000e+02
   endloop
 endfacet
 facet normal  0.000000e+00  0.000000e+00  1.000000e+00
   outer loop
     vertex  2.473624e+00  1.291966e+01  1.990000e+02
     vertex -2.570522e+00  1.295426e+01  1.990000e+02
     vertex -5.653614e-01  1.252134e+01  1.990000e+02
   endloop
 endfacet
 facet normal  0.000000e+00  0.000000e+00  1.000000e+00
   outer loop
     vertex  2.473624e+00  1.291966e+01  1.990000e+02
     vertex -5.653614e-01  1.252134e+01  1.990000e+02
     vertex  8.725893e-01  1.255093e+01  1.990000e+02
   endloop
 endfacet
 facet normal  0.000000e+00  0.000000e+00  1.000000e+00
   outer loop
     vertex  2.473624e+00  1.291966e+01  1.990000e+02
     vertex  1.482094e+00  1.264790e+01  1.990000e+02
     vertex  2.278451e+00  1.285447e+01  1.990000e+02
   endloop
 endfacet
 facet normal  0.000000e+00  0.000000e+00  1.000000e+00
   outer loop
     vertex  2.473624e+00  1.291966e+01  1.990000e+02
     vertex  8.725893e-01  1.255093e+01  1.990000e+02
     vertex  1.279838e+00  1.261001e+01  1.990000e+02
   endloop
 endfacet
 facet normal  0.000000e+00  0.000000e+00  1.000000e+00
   outer loop
     vertex  2.473624e+00  1.291966e+01  1.990000e+02
     vertex  1.279838e+00  1.261001e+01  1.990000e+02
     vertex  1.482094e+00  1.264790e+01  1.990000e+02
   endloop
 endfacet
 facet normal  0.000000e+00  0.000000e+00  1.000000e+00
   outer loop
     vertex -7.063204e+00  2.252213e+01  1.990000e+02
     vertex -7.246658e+00  2.193286e+01  1.990000e+02
     vertex -7.341762e+00  2.153249e+01  1.990000e+02
   endloop
 endfacet
 facet normal  0.000000e+00  0.000000e+00  1.000000e+00
   outer loop
     vertex -7.063204e+00  2.252213e+01  1.990000e+02
     vertex -7.129738e+00  2.232741e+01  1.990000e+02
     vertex -7.246658e+00  2.193286e+01  1.990000e+02
   endloop
 endfacet
 facet normal  0.000000e+00  0.000000e+00  1.000000e+00
   outer loop
     vertex -6.914239e+00  2.290573e+01  1.990000e+02
     vertex -6.991353e+00  2.271496e+01  1.990000e+02
     vertex -7.063204e+00  2.252213e+01  1.990000e+02
   endloop
 endfacet
 facet normal  0.000000e+00  0.000000e+00  1.000000e+00
   outer loop
     vertex -6.914239e+00  2.290573e+01  1.990000e+02
     vertex -7.341762e+00  2.153249e+01  1.990000e+02
     vertex -7.414764e+00  2.112751e+01  1.990000e+02
   endloop
 endfacet
 facet normal  0.000000e+00  0.000000e+00  1.000000e+00
   outer loop
     vertex -6.914239e+00  2.290573e+01  1.990000e+02
     vertex -7.063204e+00  2.252213e+01  1.990000e+02
     vertex -7.341762e+00  2.153249e+01  1.990000e+02
   endloop
 endfacet
 facet normal  0.000000e+00  0.000000e+00  1.000000e+00
   outer loop
     vertex  3.047391e+00  1.314701e+01  1.990000e+02
     vertex  2.473624e+00  1.291966e+01  1.990000e+02
     vertex  2.666936e+00  1.299019e+01  1.990000e+02
   endloop
 endfacet
 facet normal  0.000000e+00  0.000000e+00  1.000000e+00
   outer loop
     vertex  3.047391e+00  1.314701e+01  1.990000e+02
     vertex  2.666936e+00  1.299019e+01  1.990000e+02
     vertex  2.858239e+00  1.306599e+01  1.990000e+02
   endloop
 endfacet
 facet normal  0.000000e+00  0.000000e+00  1.000000e+00
   outer loop
     vertex -6.831921e+00  2.309433e+01  1.990000e+02
     vertex -6.914239e+00  2.290573e+01  1.990000e+02
     vertex -7.414764e+00  2.112751e+01  1.990000e+02
   endloop
 endfacet
 facet normal  0.000000e+00  0.000000e+00  1.000000e+00
   outer loop
     vertex -6.831921e+00  2.309433e+01  1.990000e+02
     vertex -7.493649e+00  2.030858e+01  1.990000e+02
     vertex -7.482363e+00  1.948595e+01  1.990000e+02
   endloop
 endfacet
 facet normal  0.000000e+00  0.000000e+00  1.000000e+00
   outer loop
     vertex -6.831921e+00  2.309433e+01  1.990000e+02
     vertex -7.414764e+00  2.112751e+01  1.990000e+02
     vertex -7.493649e+00  2.030858e+01  1.990000e+02
   endloop
 endfacet
 facet normal  0.000000e+00  0.000000e+00  1.000000e+00
   outer loop
     vertex  3.418673e+00  1.332447e+01  1.990000e+02
     vertex  3.047391e+00  1.314701e+01  1.990000e+02
     vertex  3.234249e+00  1.323320e+01  1.990000e+02
   endloop
 endfacet
 facet normal  0.000000e+00  0.000000e+00  1.000000e+00
   outer loop
     vertex -6.554376e+00  2.364557e+01  1.990000e+02
     vertex -6.651921e+00  2.346438e+01  1.990000e+02
     vertex -6.744460e+00  2.328059e+01  1.990000e+02
   endloop
 endfacet
 facet normal  0.000000e+00  0.000000e+00  1.000000e+00
   outer loop
     vertex  3.779663e+00  1.352203e+01  1.990000e+02
     vertex  3.418673e+00  1.332447e+01  1.990000e+02
     vertex  3.600523e+00  1.342077e+01  1.990000e+02
   endloop
 endfacet
 facet normal  0.000000e+00  0.000000e+00  1.000000e+00
   outer loop
     vertex  3.955957e+00  1.362816e+01  1.990000e+02
     vertex  3.418673e+00  1.332447e+01  1.990000e+02
     vertex  3.779663e+00  1.352203e+01  1.990000e+02
   endloop
 endfacet
 facet normal  0.000000e+00  0.000000e+00  1.000000e+00
   outer loop
     vertex  3.955957e+00  1.362816e+01  1.990000e+02
     vertex  3.047391e+00  1.314701e+01  1.990000e+02
     vertex  3.418673e+00  1.332447e+01  1.990000e+02
   endloop
 endfacet
 facet normal  0.000000e+00  0.000000e+00  1.000000e+00
   outer loop
     vertex -6.344560e+00  2.399957e+01  1.990000e+02
     vertex -6.554376e+00  2.364557e+01  1.990000e+02
     vertex -6.744460e+00  2.328059e+01  1.990000e+02
   endloop
 endfacet
 facet normal  0.000000e+00  0.000000e+00  1.000000e+00
   outer loop
     vertex -6.344560e+00  2.399957e+01  1.990000e+02
     vertex -6.451896e+00  2.382401e+01  1.990000e+02
     vertex -6.554376e+00  2.364557e+01  1.990000e+02
   endloop
 endfacet
 facet normal  0.000000e+00  0.000000e+00  1.000000e+00
   outer loop
     vertex -6.344560e+00  2.399957e+01  1.990000e+02
     vertex -6.744460e+00  2.328059e+01  1.990000e+02
     vertex -6.831921e+00  2.309433e+01  1.990000e+02
   endloop
 endfacet
 facet normal  0.000000e+00  0.000000e+00  1.000000e+00
   outer loop
     vertex  4.129274e+00  1.373908e+01  1.990000e+02
     vertex  2.473624e+00  1.291966e+01  1.990000e+02
     vertex  3.047391e+00  1.314701e+01  1.990000e+02
   endloop
 endfacet
 facet normal  0.000000e+00  0.000000e+00  1.000000e+00
   outer loop
     vertex  4.129274e+00  1.373908e+01  1.990000e+02
     vertex  3.047391e+00  1.314701e+01  1.990000e+02
     vertex  3.955957e+00  1.362816e+01  1.990000e+02
   endloop
 endfacet
 facet normal  0.000000e+00  0.000000e+00  1.000000e+00
   outer loop
     vertex  4.129274e+00  1.373908e+01  1.990000e+02
     vertex -2.570522e+00  1.295426e+01  1.990000e+02
     vertex  2.473624e+00  1.291966e+01  1.990000e+02
   endloop
 endfacet
 facet normal  0.000000e+00  0.000000e+00  1.000000e+00
   outer loop
     vertex  4.129274e+00  1.373908e+01  1.990000e+02
     vertex -5.023575e+00  1.443101e+01  1.990000e+02
     vertex -4.042996e+00  1.368302e+01  1.990000e+02
   endloop
 endfacet
 facet normal  0.000000e+00  0.000000e+00  1.000000e+00
   outer loop
     vertex  4.129274e+00  1.373908e+01  1.990000e+02
     vertex -4.042996e+00  1.368302e+01  1.990000e+02
     vertex -2.570522e+00  1.295426e+01  1.990000e+02
   endloop
 endfacet
 facet normal  0.000000e+00  0.000000e+00  1.000000e+00
   outer loop
     vertex  4.466453e+00  1.397499e+01  1.990000e+02
     vertex -5.023575e+00  1.443101e+01  1.990000e+02
     vertex  4.129274e+00  1.373908e+01  1.990000e+02
   endloop
 endfacet
 facet normal  0.000000e+00  0.000000e+00  1.000000e+00
   outer loop
     vertex  4.466453e+00  1.397499e+01  1.990000e+02
     vertex  4.129274e+00  1.373908e+01  1.990000e+02
     vertex  4.299482e+00  1.385472e+01  1.990000e+02
   endloop
 endfacet
 facet normal  0.000000e+00  0.000000e+00  1.000000e+00
   outer loop
     vertex -5.868316e+00  2.467043e+01  1.990000e+02
     vertex -5.994235e+00  2.450768e+01  1.990000e+02
     vertex -6.115643e+00  2.434153e+01  1.990000e+02
   endloop
 endfacet
 facet normal  0.000000e+00  0.000000e+00  1.000000e+00
   outer loop
     vertex -5.868316e+00  2.467043e+01  1.990000e+02
     vertex -6.115643e+00  2.434153e+01  1.990000e+02
     vertex -6.232447e+00  2.417212e+01  1.990000e+02
   endloop
 endfacet
 facet normal  0.000000e+00  0.000000e+00  1.000000e+00
   outer loop
     vertex  4.790187e+00  1.422903e+01  1.990000e+02
     vertex  4.466453e+00  1.397499e+01  1.990000e+02
     vertex  4.630063e+00  1.409979e+01  1.990000e+02
   endloop
 endfacet
 facet normal  0.000000e+00  0.000000e+00  1.000000e+00
   outer loop
     vertex  4.946705e+00  1.436262e+01  1.990000e+02
     vertex  4.466453e+00  1.397499e+01  1.990000e+02
     vertex  4.790187e+00  1.422903e+01  1.990000e+02
   endloop
 endfacet
 facet normal  0.000000e+00  0.000000e+00  1.000000e+00
   outer loop
     vertex  5.248455e+00  1.464241e+01  1.990000e+02
     vertex  4.466453e+00  1.397499e+01  1.990000e+02
     vertex  4.946705e+00  1.436262e+01  1.990000e+02
   endloop
 endfacet
 facet normal  0.000000e+00  0.000000e+00  1.000000e+00
   outer loop
     vertex  5.248455e+00  1.464241e+01  1.990000e+02
     vertex  4.946705e+00  1.436262e+01  1.990000e+02
     vertex  5.099499e+00  1.450044e+01  1.990000e+02
   endloop
 endfacet
 facet normal  0.000000e+00  0.000000e+00  1.000000e+00
   outer loop
     vertex -5.321458e+00  2.528508e+01  1.990000e+02
     vertex -5.464447e+00  2.513710e+01  1.990000e+02
     vertex -5.603321e+00  2.498526e+01  1.990000e+02
   endloop
 endfacet
 facet normal  0.000000e+00  0.000000e+00  1.000000e+00
   outer loop
     vertex -5.321458e+00  2.528508e+01  1.990000e+02
     vertex -5.603321e+00  2.498526e+01  1.990000e+02
     vertex -5.737978e+00  2.482966e+01  1.990000e+02
   endloop
 endfacet
 facet normal  0.000000e+00  0.000000e+00  1.000000e+00
   outer loop
     vertex  5.393460e+00  1.478842e+01  1.990000e+02
     vertex  4.466453e+00  1.397499e+01  1.990000e+02
     vertex  5.248455e+00  1.464241e+01  1.990000e+02
   endloop
 endfacet
 facet normal  0.000000e+00  0.000000e+00  1.000000e+00
   outer loop
     vertex -5.174464e+00  2.542908e+01  1.990000e+02
     vertex -5.868316e+00  2.467043e+01  1.990000e+02
     vertex -6.232447e+00  2.417212e+01  1.990000e+02
   endloop
 endfacet
 facet normal  0.000000e+00  0.000000e+00  1.000000e+00
   outer loop
     vertex -5.174464e+00  2.542908e+01  1.990000e+02
     vertex -5.321458e+00  2.528508e+01  1.990000e+02
     vertex -5.737978e+00  2.482966e+01  1.990000e+02
   endloop
 endfacet
 facet normal  0.000000e+00  0.000000e+00  1.000000e+00
   outer loop
     vertex -5.174464e+00  2.542908e+01  1.990000e+02
     vertex -5.737978e+00  2.482966e+01  1.990000e+02
     vertex -5.868316e+00  2.467043e+01  1.990000e+02
   endloop
 endfacet
 facet normal  0.000000e+00  0.000000e+00  1.000000e+00
   outer loop
     vertex -4.868904e+00  2.570471e+01  1.990000e+02
     vertex -5.023575e+00  2.556899e+01  1.990000e+02
     vertex -5.174464e+00  2.542908e+01  1.990000e+02
   endloop
 endfacet
 facet normal  0.000000e+00  0.000000e+00  1.000000e+00
   outer loop
     vertex  5.931834e+00  1.541052e+01  1.990000e+02
     vertex  5.393460e+00  1.478842e+01  1.990000e+02
     vertex  5.534405e+00  1.493834e+01  1.990000e+02
   endloop
 endfacet
 facet normal  0.000000e+00  0.000000e+00  1.000000e+00
   outer loop
     vertex  5.931834e+00  1.541052e+01  1.990000e+02
     vertex  5.534405e+00  1.493834e+01  1.990000e+02
     vertex  5.671183e+00  1.509208e+01  1.990000e+02
   endloop
 endfacet
 facet normal  0.000000e+00  0.000000e+00  1.000000e+00
   outer loop
     vertex  5.931834e+00  1.541052e+01  1.990000e+02
     vertex  5.671183e+00  1.509208e+01  1.990000e+02
     vertex  5.803693e+00  1.524951e+01  1.990000e+02
   endloop
 endfacet
 facet normal  0.000000e+00  0.000000e+00  1.000000e+00
   outer loop
     vertex -4.548686e+00  2.596317e+01  1.990000e+02
     vertex -5.174464e+00  2.542908e+01  1.990000e+02
     vertex -6.232447e+00  2.417212e+01  1.990000e+02
   endloop
 endfacet
 facet normal  0.000000e+00  0.000000e+00  1.000000e+00
   outer loop
     vertex -4.548686e+00  2.596317e+01  1.990000e+02
     vertex -4.868904e+00  2.570471e+01  1.990000e+02
     vertex -5.174464e+00  2.542908e+01  1.990000e+02
   endloop
 endfacet
 facet normal  0.000000e+00  0.000000e+00  1.000000e+00
   outer loop
     vertex -4.548686e+00  2.596317e+01  1.990000e+02
     vertex -4.710568e+00  2.583614e+01  1.990000e+02
     vertex -4.868904e+00  2.570471e+01  1.990000e+02
   endloop
 endfacet
 facet normal  0.000000e+00  0.000000e+00  1.000000e+00
   outer loop
     vertex  6.055509e+00  1.557498e+01  1.990000e+02
     vertex  4.466453e+00  1.397499e+01  1.990000e+02
     vertex  5.393460e+00  1.478842e+01  1.990000e+02
   endloop
 endfacet
 facet normal  0.000000e+00  0.000000e+00  1.000000e+00
   outer loop
     vertex  6.055509e+00  1.557498e+01  1.990000e+02
     vertex  5.393460e+00  1.478842e+01  1.990000e+02
     vertex  5.931834e+00  1.541052e+01  1.990000e+02
   endloop
 endfacet
 facet normal  0.000000e+00  0.000000e+00  1.000000e+00
   outer loop
     vertex  6.174626e+00  1.574277e+01  1.990000e+02
     vertex  4.466453e+00  1.397499e+01  1.990000e+02
     vertex  6.055509e+00  1.557498e+01  1.990000e+02
   endloop
 endfacet
 facet normal  0.000000e+00  0.000000e+00  1.000000e+00
   outer loop
     vertex -4.042996e+00  2.631698e+01  1.990000e+02
     vertex -4.214774e+00  2.620368e+01  1.990000e+02
     vertex -4.383380e+00  2.608572e+01  1.990000e+02
   endloop
 endfacet
 facet normal  0.000000e+00  0.000000e+00  1.000000e+00
   outer loop
     vertex -4.042996e+00  2.631698e+01  1.990000e+02
     vertex -4.383380e+00  2.608572e+01  1.990000e+02
     vertex -4.548686e+00  2.596317e+01  1.990000e+02
   endloop
 endfacet
 facet normal  0.000000e+00  0.000000e+00  1.000000e+00
   outer loop
     vertex -4.042996e+00  2.631698e+01  1.990000e+02
     vertex -6.232447e+00  2.417212e+01  1.990000e+02
     vertex -6.344560e+00  2.399957e+01  1.990000e+02
   endloop
 endfacet
 facet normal  0.000000e+00  0.000000e+00  1.000000e+00
   outer loop
     vertex -4.042996e+00  2.631698e+01  1.990000e+02
     vertex -4.548686e+00  2.596317e+01  1.990000e+02
     vertex -6.232447e+00  2.417212e+01  1.990000e+02
   endloop
 endfacet
 facet normal  0.000000e+00  0.000000e+00  1.000000e+00
   outer loop
     vertex  6.503748e+00  1.626486e+01  1.990000e+02
     vertex  6.174626e+00  1.574277e+01  1.990000e+02
     vertex  6.289095e+00  1.591377e+01  1.990000e+02
   endloop
 endfacet
 facet normal  0.000000e+00  0.000000e+00  1.000000e+00
   outer loop
     vertex  6.503748e+00  1.626486e+01  1.990000e+02
     vertex  6.289095e+00  1.591377e+01  1.990000e+02
     vertex  6.398830e+00  1.608784e+01  1.990000e+02
   endloop
 endfacet
 facet normal  0.000000e+00  0.000000e+00  1.000000e+00
   outer loop
     vertex  6.503748e+00  1.626486e+01  1.990000e+02
     vertex  4.466453e+00  1.397499e+01  1.990000e+02
     vertex  6.174626e+00  1.574277e+01  1.990000e+02
   endloop
 endfacet
 facet normal  0.000000e+00  0.000000e+00  1.000000e+00
   outer loop
     vertex -3.690440e+00  2.652922e+01  1.990000e+02
     vertex -3.868174e+00  2.642551e+01  1.990000e+02
     vertex -4.042996e+00  2.631698e+01  1.990000e+02
   endloop
 endfacet
 facet normal  0.000000e+00  0.000000e+00  1.000000e+00
   outer loop
     vertex  6.603770e+00  1.644469e+01  1.990000e+02
     vertex  4.466453e+00  1.397499e+01  1.990000e+02
     vertex  6.503748e+00  1.626486e+01  1.990000e+02
   endloop
 endfacet
 facet normal  0.000000e+00  0.000000e+00  1.000000e+00
   outer loop
     vertex  6.698821e+00  1.662720e+01  1.990000e+02
     vertex  4.466453e+00  1.397499e+01  1.990000e+02
     vertex  6.603770e+00  1.644469e+01  1.990000e+02
   endloop
 endfacet
 facet normal  0.000000e+00  0.000000e+00  1.000000e+00
   outer loop
     vertex -3.141116e+00  2.681054e+01  1.990000e+02
     vertex -3.326774e+00  2.672180e+01  1.990000e+02
     vertex -3.509928e+00  2.662800e+01  1.990000e+02
   endloop
 endfacet
 facet normal  0.000000e+00  0.000000e+00  1.000000e+00
   outer loop
     vertex -3.141116e+00  2.681054e+01  1.990000e+02
     vertex -3.509928e+00  2.662800e+01  1.990000e+02
     vertex -3.690440e+00  2.652922e+01  1.990000e+02
   endloop
 endfacet
 facet normal  0.000000e+00  0.000000e+00  1.000000e+00
   outer loop
     vertex -3.141116e+00  2.681054e+01  1.990000e+02
     vertex -3.690440e+00  2.652922e+01  1.990000e+02
     vertex -4.042996e+00  2.631698e+01  1.990000e+02
   endloop
 endfacet
 facet normal  0.000000e+00  0.000000e+00  1.000000e+00
   outer loop
     vertex  6.873727e+00  1.699969e+01  1.990000e+02
     vertex  4.466453e+00  1.397499e+01  1.990000e+02
     vertex  6.698821e+00  1.662720e+01  1.990000e+02
   endloop
 endfacet
 facet normal  0.000000e+00  0.000000e+00  1.000000e+00
   outer loop
     vertex  6.873727e+00  1.699969e+01  1.990000e+02
     vertex -5.023575e+00  1.443101e+01  1.990000e+02
     vertex  4.466453e+00  1.397499e+01  1.990000e+02
   endloop
 endfacet
 facet normal  0.000000e+00  0.000000e+00  1.000000e+00
   outer loop
     vertex  6.873727e+00  1.699969e+01  1.990000e+02
     vertex -6.831921e+00  2.309433e+01  1.990000e+02
     vertex -7.482363e+00  1.948595e+01  1.990000e+02
   endloop
 endfacet
 facet normal  0.000000e+00  0.000000e+00  1.000000e+00
   outer loop
     vertex  6.873727e+00  1.699969e+01  1.990000e+02
     vertex  6.698821e+00  1.662720e+01  1.990000e+02
     vertex  6.788829e+00  1.681224e+01  1.990000e+02
   endloop
 endfacet
 facet normal  0.000000e+00  0.000000e+00  1.000000e+00
   outer loop
     vertex  6.873727e+00  1.699969e+01  1.990000e+02
     vertex -7.482363e+00  1.948595e+01  1.990000e+02
     vertex -6.115643e+00  1.565847e+01  1.990000e+02
   endloop
 endfacet
 facet normal  0.000000e+00  0.000000e+00  1.000000e+00
   outer loop
     vertex  6.873727e+00  1.699969e+01  1.990000e+02
     vertex -6.115643e+00  1.565847e+01  1.990000e+02
     vertex -5.023575e+00  1.443101e+01  1.990000e+02
   endloop
 endfacet
 facet normal  0.000000e+00  0.000000e+00  1.000000e+00
   outer loop
     vertex -2.953093e+00  2.689415e+01  1.990000e+02
     vertex -3.141116e+00  2.681054e+01  1.990000e+02
     vertex -4.042996e+00  2.631698e+01  1.990000e+02
   endloop
 endfacet
 facet normal  0.000000e+00  0.000000e+00  1.000000e+00
   outer loop
     vertex  7.027940e+00  1.738121e+01  1.990000e+02
     vertex -6.831921e+00  2.309433e+01  1.990000e+02
     vertex  6.873727e+00  1.699969e+01  1.990000e+02
   endloop
 endfacet
 facet normal  0.000000e+00  0.000000e+00  1.000000e+00
   outer loop
     vertex  7.027940e+00  1.738121e+01  1.990000e+02
     vertex  6.873727e+00  1.699969e+01  1.990000e+02
     vertex  6.953451e+00  1.718939e+01  1.990000e+02
   endloop
 endfacet
 facet normal  0.000000e+00  0.000000e+00  1.000000e+00
   outer loop
     vertex  7.027940e+00  1.738121e+01  1.990000e+02
     vertex -6.344560e+00  2.399957e+01  1.990000e+02
     vertex -6.831921e+00  2.309433e+01  1.990000e+02
   endloop
 endfacet
 facet normal  0.000000e+00  0.000000e+00  1.000000e+00
   outer loop
     vertex -2.570522e+00  2.704574e+01  1.990000e+02
     vertex -2.953093e+00  2.689415e+01  1.990000e+02
     vertex -4.042996e+00  2.631698e+01  1.990000e+02
   endloop
 endfacet
 facet normal  0.000000e+00  0.000000e+00  1.000000e+00
   outer loop
     vertex -2.570522e+00  2.704574e+01  1.990000e+02
     vertex -2.762847e+00  2.697257e+01  1.990000e+02
     vertex -2.953093e+00  2.689415e+01  1.990000e+02
   endloop
 endfacet
 facet normal  0.000000e+00  0.000000e+00  1.000000e+00
   outer loop
     vertex  7.160995e+00  1.777062e+01  1.990000e+02
     vertex  7.027940e+00  1.738121e+01  1.990000e+02
     vertex  7.097139e+00  1.757500e+01  1.990000e+02
   endloop
 endfacet
 facet normal  0.000000e+00  0.000000e+00  1.000000e+00
   outer loop
     vertex  7.160995e+00  1.777062e+01  1.990000e+02
     vertex -6.344560e+00  2.399957e+01  1.990000e+02
     vertex  7.027940e+00  1.738121e+01  1.990000e+02
   endloop
 endfacet
 facet normal  0.000000e+00  0.000000e+00  1.000000e+00
   outer loop
     vertex -2.180212e+00  2.717612e+01  1.990000e+02
     vertex -2.570522e+00  2.704574e+01  1.990000e+02
     vertex -4.042996e+00  2.631698e+01  1.990000e+02
   endloop
 endfacet
 facet normal  0.000000e+00  0.000000e+00  1.000000e+00
   outer loop
     vertex -2.180212e+00  2.717612e+01  1.990000e+02
     vertex -2.376261e+00  2.711361e+01  1.990000e+02
     vertex -2.570522e+00  2.704574e+01  1.990000e+02
   endloop
 endfacet
 facet normal  0.000000e+00  0.000000e+00  1.000000e+00
   outer loop
     vertex -2.180212e+00  2.717612e+01  1.990000e+02
     vertex -4.042996e+00  2.631698e+01  1.990000e+02
     vertex -6.344560e+00  2.399957e+01  1.990000e+02
   endloop
 endfacet
 facet normal  0.000000e+00  0.000000e+00  1.000000e+00
   outer loop
     vertex  7.272492e+00  1.816673e+01  1.990000e+02
     vertex  7.160995e+00  1.777062e+01  1.990000e+02
     vertex  7.219461e+00  1.796791e+01  1.990000e+02
   endloop
 endfacet
 facet normal  0.000000e+00  0.000000e+00  1.000000e+00
   outer loop
     vertex  7.362095e+00  1.856837e+01  1.990000e+02
     vertex  7.272492e+00  1.816673e+01  1.990000e+02
     vertex  7.320048e+00  1.836694e+01  1.990000e+02
   endloop
 endfacet
 facet normal  0.000000e+00  0.000000e+00  1.000000e+00
   outer loop
     vertex -1.178339e+00  2.740686e+01  1.990000e+02
     vertex -1.381096e+00  2.737174e+01  1.990000e+02
     vertex -1.582813e+00  2.733108e+01  1.990000e+02
   endloop
 endfacet
 facet normal  0.000000e+00  0.000000e+00  1.000000e+00
   outer loop
     vertex  7.429534e+00  1.897432e+01  1.990000e+02
     vertex  7.160995e+00  1.777062e+01  1.990000e+02
     vertex  7.272492e+00  1.816673e+01  1.990000e+02
   endloop
 endfacet
 facet normal  0.000000e+00  0.000000e+00  1.000000e+00
   outer loop
     vertex  7.429534e+00  1.897432e+01  1.990000e+02
     vertex  7.362095e+00  1.856837e+01  1.990000e+02
     vertex  7.398599e+00  1.877088e+01  1.990000e+02
   endloop
 endfacet
 facet normal  0.000000e+00  0.000000e+00  1.000000e+00
   outer loop
     vertex  7.429534e+00  1.897432e+01  1.990000e+02
     vertex  7.272492e+00  1.816673e+01  1.990000e+02
     vertex  7.362095e+00  1.856837e+01  1.990000e+02
   endloop
 endfacet
 facet normal  0.000000e+00  0.000000e+00  1.000000e+00
   outer loop
     vertex -9.746959e-01  2.743639e+01  1.990000e+02
     vertex -1.178339e+00  2.740686e+01  1.990000e+02
     vertex -1.582813e+00  2.733108e+01  1.990000e+02
   endloop
 endfacet
 facet normal  0.000000e+00  0.000000e+00  1.000000e+00
   outer loop
     vertex -9.746959e-01  2.743639e+01  1.990000e+02
     vertex -1.582813e+00  2.733108e+01  1.990000e+02
     vertex -1.783338e+00  2.728490e+01  1.990000e+02
   endloop
 endfacet
 facet normal  0.000000e+00  0.000000e+00  1.000000e+00
   outer loop
     vertex -7.703186e-01  2.746034e+01  1.990000e+02
     vertex -9.746959e-01  2.743639e+01  1.990000e+02
     vertex -1.783338e+00  2.728490e+01  1.990000e+02
   endloop
 endfacet
 facet normal  0.000000e+00  0.000000e+00  1.000000e+00
   outer loop
     vertex -7.703186e-01  2.746034e+01  1.990000e+02
     vertex -1.783338e+00  2.728490e+01  1.990000e+02
     vertex -1.982521e+00  2.723323e+01  1.990000e+02
   endloop
 endfacet
 facet normal  0.000000e+00  0.000000e+00  1.000000e+00
   outer loop
     vertex  7.488711e+00  1.958864e+01  1.990000e+02
     vertex  7.454876e+00  1.917853e+01  1.990000e+02
     vertex  7.474607e+00  1.938335e+01  1.990000e+02
   endloop
 endfacet
 facet normal  0.000000e+00  0.000000e+00  1.000000e+00
   outer loop
     vertex -3.599787e-01  2.749136e+01  1.990000e+02
     vertex -5.653614e-01  2.747866e+01  1.990000e+02
     vertex -7.703186e-01  2.746034e+01  1.990000e+02
   endloop
 endfacet
 facet normal  0.000000e+00  0.000000e+00  1.000000e+00
   outer loop
     vertex  7.497177e+00  1.979424e+01  1.990000e+02
     vertex  7.429534e+00  1.897432e+01  1.990000e+02
     vertex  7.454876e+00  1.917853e+01  1.990000e+02
   endloop
 endfacet
 facet normal  0.000000e+00  0.000000e+00  1.000000e+00
   outer loop
     vertex  7.497177e+00  1.979424e+01  1.990000e+02
     vertex -6.344560e+00  2.399957e+01  1.990000e+02
     vertex  7.160995e+00  1.777062e+01  1.990000e+02
   endloop
 endfacet
 facet normal  0.000000e+00  0.000000e+00  1.000000e+00
   outer loop
     vertex  7.497177e+00  1.979424e+01  1.990000e+02
     vertex  7.160995e+00  1.777062e+01  1.990000e+02
     vertex  7.429534e+00  1.897432e+01  1.990000e+02
   endloop
 endfacet
 facet normal  0.000000e+00  0.000000e+00  1.000000e+00
   outer loop
     vertex  7.497177e+00  1.979424e+01  1.990000e+02
     vertex  7.454876e+00  1.917853e+01  1.990000e+02
     vertex  7.488711e+00  1.958864e+01  1.990000e+02
   endloop
 endfacet
 facet normal  0.000000e+00  0.000000e+00  1.000000e+00
   outer loop
     vertex -1.543250e-01  2.749841e+01  1.990000e+02
     vertex -7.703186e-01  2.746034e+01  1.990000e+02
     vertex -1.982521e+00  2.723323e+01  1.990000e+02
   endloop
 endfacet
 facet normal  0.000000e+00  0.000000e+00  1.000000e+00
   outer loop
     vertex -1.543250e-01  2.749841e+01  1.990000e+02
     vertex -3.599787e-01  2.749136e+01  1.990000e+02
     vertex -7.703186e-01  2.746034e+01  1.990000e+02
   endloop
 endfacet
 facet normal  0.000000e+00  0.000000e+00  1.000000e+00
   outer loop
     vertex -1.543250e-01  2.749841e+01  1.990000e+02
     vertex -1.982521e+00  2.723323e+01  1.990000e+02
     vertex -2.180212e+00  2.717612e+01  1.990000e+02
   endloop
 endfacet
 facet normal  0.000000e+00  0.000000e+00  1.000000e+00
   outer loop
     vertex  2.571760e-01  2.749559e+01  1.990000e+02
     vertex  5.144489e-02  2.749982e+01  1.990000e+02
     vertex -1.543250e-01  2.749841e+01  1.990000e+02
   endloop
 endfacet
 facet normal  0.000000e+00  0.000000e+00  1.000000e+00
   outer loop
     vertex  2.571760e-01  2.749559e+01  1.990000e+02
     vertex -1.543250e-01  2.749841e+01  1.990000e+02
     vertex -2.180212e+00  2.717612e+01  1.990000e+02
   endloop
 endfacet
 facet normal  0.000000e+00  0.000000e+00  1.000000e+00
   outer loop
     vertex  7.488711e+00  2.041136e+01  1.990000e+02
     vertex  7.500000e+00  2.000000e+01  1.990000e+02
     vertex  7.497177e+00  2.020576e+01  1.990000e+02
   endloop
 endfacet
 facet normal  0.000000e+00  0.000000e+00  1.000000e+00
   outer loop
     vertex  7.488711e+00  2.041136e+01  1.990000e+02
     vertex  7.497177e+00  1.979424e+01  1.990000e+02
     vertex  7.500000e+00  2.000000e+01  1.990000e+02
   endloop
 endfacet
 facet normal  0.000000e+00  0.000000e+00  1.000000e+00
   outer loop
     vertex  6.679029e-01  2.747020e+01  1.990000e+02
     vertex  4.627136e-01  2.748571e+01  1.990000e+02
     vertex  2.571760e-01  2.749559e+01  1.990000e+02
   endloop
 endfacet
 facet normal  0.000000e+00  0.000000e+00  1.000000e+00
   outer loop
     vertex  1.076619e+00  2.742232e+01  1.990000e+02
     vertex  8.725893e-01  2.744907e+01  1.990000e+02
     vertex  6.679029e-01  2.747020e+01  1.990000e+02
   endloop
 endfacet
 facet normal  0.000000e+00  0.000000e+00  1.000000e+00
   outer loop
     vertex  7.398599e+00  2.122912e+01  1.990000e+02
     vertex  7.488711e+00  2.041136e+01  1.990000e+02
     vertex  7.474607e+00  2.061665e+01  1.990000e+02
   endloop
 endfacet
 facet normal  0.000000e+00  0.000000e+00  1.000000e+00
   outer loop
     vertex  7.398599e+00  2.122912e+01  1.990000e+02
     vertex  7.474607e+00  2.061665e+01  1.990000e+02
     vertex  7.454876e+00  2.082147e+01  1.990000e+02
   endloop
 endfacet
 facet normal  0.000000e+00  0.000000e+00  1.000000e+00
   outer loop
     vertex  7.398599e+00  2.122912e+01  1.990000e+02
     vertex  7.454876e+00  2.082147e+01  1.990000e+02
     vertex  7.429534e+00  2.102568e+01  1.990000e+02
   endloop
 endfacet
 facet normal  0.000000e+00  0.000000e+00  1.000000e+00
   outer loop
     vertex  7.398599e+00  2.122912e+01  1.990000e+02
     vertex  7.497177e+00  1.979424e+01  1.990000e+02
     vertex  7.488711e+00  2.041136e+01  1.990000e+02
   endloop
 endfacet
 facet normal  0.000000e+00  0.000000e+00  1.000000e+00
   outer loop
     vertex  1.279838e+00  2.738999e+01  1.990000e+02
     vertex  2.571760e-01  2.749559e+01  1.990000e+02
     vertex -2.180212e+00  2.717612e+01  1.990000e+02
   endloop
 endfacet
 facet normal  0.000000e+00  0.000000e+00  1.000000e+00
   outer loop
     vertex  1.279838e+00  2.738999e+01  1.990000e+02
     vertex  6.679029e-01  2.747020e+01  1.990000e+02
     vertex  2.571760e-01  2.749559e+01  1.990000e+02
   endloop
 endfacet
 facet normal  0.000000e+00  0.000000e+00  1.000000e+00
   outer loop
     vertex  1.279838e+00  2.738999e+01  1.990000e+02
     vertex  1.076619e+00  2.742232e+01  1.990000e+02
     vertex  6.679029e-01  2.747020e+01  1.990000e+02
   endloop
 endfacet
 facet normal  0.000000e+00  0.000000e+00  1.000000e+00
   outer loop
     vertex  1.683234e+00  2.730867e+01  1.990000e+02
     vertex  1.482094e+00  2.735210e+01  1.990000e+02
     vertex  1.279838e+00  2.738999e+01  1.990000e+02
   endloop
 endfacet
 facet normal  0.000000e+00  0.000000e+00  1.000000e+00
   outer loop
     vertex  7.272492e+00  2.183327e+01  1.990000e+02
     vertex  7.362095e+00  2.143163e+01  1.990000e+02
     vertex  7.320048e+00  2.163306e+01  1.990000e+02
   endloop
 endfacet
 facet normal  0.000000e+00  0.000000e+00  1.000000e+00
   outer loop
     vertex  2.081562e+00  2.720535e+01  1.990000e+02
     vertex  1.683234e+00  2.730867e+01  1.990000e+02
     vertex  1.279838e+00  2.738999e+01  1.990000e+02
   endloop
 endfacet
 facet normal  0.000000e+00  0.000000e+00  1.000000e+00
   outer loop
     vertex  2.081562e+00  2.720535e+01  1.990000e+02
     vertex  1.883107e+00  2.725975e+01  1.990000e+02
     vertex  1.683234e+00  2.730867e+01  1.990000e+02
   endloop
 endfacet
 facet normal  0.000000e+00  0.000000e+00  1.000000e+00
   outer loop
     vertex  7.160995e+00  2.222938e+01  1.990000e+02
     vertex  7.362095e+00  2.143163e+01  1.990000e+02
     vertex  7.272492e+00  2.183327e+01  1.990000e+02
   endloop
 endfacet
 facet normal  0.000000e+00  0.000000e+00  1.000000e+00
   outer loop
     vertex  7.160995e+00  2.222938e+01  1.990000e+02
     vertex  7.398599e+00  2.122912e+01  1.990000e+02
     vertex  7.362095e+00  2.143163e+01  1.990000e+02
   endloop
 endfacet
 facet normal  0.000000e+00  0.000000e+00  1.000000e+00
   outer loop
     vertex  7.160995e+00  2.222938e+01  1.990000e+02
     vertex  7.272492e+00  2.183327e+01  1.990000e+02
     vertex  7.219461e+00  2.203209e+01  1.990000e+02
   endloop
 endfacet
 facet normal  0.000000e+00  0.000000e+00  1.000000e+00
   outer loop
     vertex  7.097139e+00  2.242500e+01  1.990000e+02
     vertex  7.398599e+00  2.122912e+01  1.990000e+02
     vertex  7.160995e+00  2.222938e+01  1.990000e+02
   endloop
 endfacet
 facet normal  0.000000e+00  0.000000e+00  1.000000e+00
   outer loop
     vertex  7.097139e+00  2.242500e+01  1.990000e+02
     vertex  7.497177e+00  1.979424e+01  1.990000e+02
     vertex  7.398599e+00  2.122912e+01  1.990000e+02
   endloop
 endfacet
 facet normal  0.000000e+00  0.000000e+00  1.000000e+00
   outer loop
     vertex  2.473624e+00  2.708034e+01  1.990000e+02
     vertex  2.081562e+00  2.720535e+01  1.990000e+02
     vertex  1.279838e+00  2.738999e+01  1.990000e+02
   endloop
 endfacet
 facet normal  0.000000e+00  0.000000e+00  1.000000e+00
   outer loop
     vertex  2.473624e+00  2.708034e+01  1.990000e+02
     vertex  2.278451e+00  2.714553e+01  1.990000e+02
     vertex  2.081562e+00  2.720535e+01  1.990000e+02
   endloop
 endfacet
 facet normal  0.000000e+00  0.000000e+00  1.000000e+00
   outer loop
     vertex  2.666936e+00  2.700981e+01  1.990000e+02
     vertex  2.473624e+00  2.708034e+01  1.990000e+02
     vertex  1.279838e+00  2.738999e+01  1.990000e+02
   endloop
 endfacet
 facet normal  0.000000e+00  0.000000e+00  1.000000e+00
   outer loop
     vertex  6.953451e+00  2.281061e+01  1.990000e+02
     vertex  7.097139e+00  2.242500e+01  1.990000e+02
     vertex  7.027940e+00  2.261879e+01  1.990000e+02
   endloop
 endfacet
 facet normal  0.000000e+00  0.000000e+00  1.000000e+00
   outer loop
     vertex  2.858239e+00  2.693401e+01  1.990000e+02
     vertex  2.666936e+00  2.700981e+01  1.990000e+02
     vertex  1.279838e+00  2.738999e+01  1.990000e+02
   endloop
 endfacet
 facet normal  0.000000e+00  0.000000e+00  1.000000e+00
   outer loop
     vertex  6.873727e+00  2.300031e+01  1.990000e+02
     vertex  7.097139e+00  2.242500e+01  1.990000e+02
     vertex  6.953451e+00  2.281061e+01  1.990000e+02
   endloop
 endfacet
 facet normal  0.000000e+00  0.000000e+00  1.000000e+00
   outer loop
     vertex  3.234249e+00  2.676680e+01  1.990000e+02
     vertex  2.858239e+00  2.693401e+01  1.990000e+02
     vertex  1.279838e+00  2.738999e+01  1.990000e+02
   endloop
 endfacet
 facet normal  0.000000e+00  0.000000e+00  1.000000e+00
   outer loop
     vertex  3.234249e+00  2.676680e+01  1.990000e+02
     vertex  3.047391e+00  2.685299e+01  1.990000e+02
     vertex  2.858239e+00  2.693401e+01  1.990000e+02
   endloop
 endfacet
 facet normal  0.000000e+00  0.000000e+00  1.000000e+00
   outer loop
     vertex  3.234249e+00  2.676680e+01  1.990000e+02
     vertex  1.279838e+00  2.738999e+01  1.990000e+02
     vertex -2.180212e+00  2.717612e+01  1.990000e+02
   endloop
 endfacet
 facet normal  0.000000e+00  0.000000e+00  1.000000e+00
   outer loop
     vertex  6.698821e+00  2.337280e+01  1.990000e+02
     vertex  7.097139e+00  2.242500e+01  1.990000e+02
     vertex  6.873727e+00  2.300031e+01  1.990000e+02
   endloop
 endfacet
 facet normal  0.000000e+00  0.000000e+00  1.000000e+00
   outer loop
     vertex  6.698821e+00  2.337280e+01  1.990000e+02
     vertex  6.873727e+00  2.300031e+01  1.990000e+02
     vertex  6.788829e+00  2.318776e+01  1.990000e+02
   endloop
 endfacet
 facet normal  0.000000e+00  0.000000e+00  1.000000e+00
   outer loop
     vertex  6.603770e+00  2.355531e+01  1.990000e+02
     vertex  7.497177e+00  1.979424e+01  1.990000e+02
     vertex  7.097139e+00  2.242500e+01  1.990000e+02
   endloop
 endfacet
 facet normal  0.000000e+00  0.000000e+00  1.000000e+00
   outer loop
     vertex  6.603770e+00  2.355531e+01  1.990000e+02
     vertex  7.097139e+00  2.242500e+01  1.990000e+02
     vertex  6.698821e+00  2.337280e+01  1.990000e+02
   endloop
 endfacet
 facet normal  0.000000e+00  0.000000e+00  1.000000e+00
   outer loop
     vertex  6.603770e+00  2.355531e+01  1.990000e+02
     vertex -2.180212e+00  2.717612e+01  1.990000e+02
     vertex -6.344560e+00  2.399957e+01  1.990000e+02
   endloop
 endfacet
 facet normal  0.000000e+00  0.000000e+00  1.000000e+00
   outer loop
     vertex  6.603770e+00  2.355531e+01  1.990000e+02
     vertex -6.344560e+00  2.399957e+01  1.990000e+02
     vertex  7.497177e+00  1.979424e+01  1.990000e+02
   endloop
 endfacet
 facet normal  0.000000e+00  0.000000e+00  1.000000e+00
   outer loop
     vertex  3.600523e+00  2.657923e+01  1.990000e+02
     vertex  3.418673e+00  2.667553e+01  1.990000e+02
     vertex  3.234249e+00  2.676680e+01  1.990000e+02
   endloop
 endfacet
 facet normal  0.000000e+00  0.000000e+00  1.000000e+00
   outer loop
     vertex  3.779663e+00  2.647797e+01  1.990000e+02
     vertex  3.600523e+00  2.657923e+01  1.990000e+02
     vertex  3.234249e+00  2.676680e+01  1.990000e+02
   endloop
 endfacet
 facet normal  0.000000e+00  0.000000e+00  1.000000e+00
   outer loop
     vertex  6.289095e+00  2.408623e+01  1.990000e+02
     vertex  6.503748e+00  2.373514e+01  1.990000e+02
     vertex  6.398830e+00  2.391216e+01  1.990000e+02
   endloop
 endfacet
 facet normal  0.000000e+00  0.000000e+00  1.000000e+00
   outer loop
     vertex  4.129274e+00  2.626092e+01  1.990000e+02
     vertex  3.955957e+00  2.637184e+01  1.990000e+02
     vertex  3.779663e+00  2.647797e+01  1.990000e+02
   endloop
 endfacet
 facet normal  0.000000e+00  0.000000e+00  1.000000e+00
   outer loop
     vertex  4.129274e+00  2.626092e+01  1.990000e+02
     vertex  3.779663e+00  2.647797e+01  1.990000e+02
     vertex  3.234249e+00  2.676680e+01  1.990000e+02
   endloop
 endfacet
 facet normal  0.000000e+00  0.000000e+00  1.000000e+00
   outer loop
     vertex  6.174626e+00  2.425723e+01  1.990000e+02
     vertex  6.503748e+00  2.373514e+01  1.990000e+02
     vertex  6.289095e+00  2.408623e+01  1.990000e+02
   endloop
 endfacet
 facet normal  0.000000e+00  0.000000e+00  1.000000e+00
   outer loop
     vertex  4.299482e+00  2.614528e+01  1.990000e+02
     vertex  4.129274e+00  2.626092e+01  1.990000e+02
     vertex  3.234249e+00  2.676680e+01  1.990000e+02
   endloop
 endfacet
 facet normal  0.000000e+00  0.000000e+00  1.000000e+00
   outer loop
     vertex  6.055509e+00  2.442502e+01  1.990000e+02
     vertex  6.503748e+00  2.373514e+01  1.990000e+02
     vertex  6.174626e+00  2.425723e+01  1.990000e+02
   endloop
 endfacet
 facet normal  0.000000e+00  0.000000e+00  1.000000e+00
   outer loop
     vertex  4.630063e+00  2.590021e+01  1.990000e+02
     vertex  4.466453e+00  2.602501e+01  1.990000e+02
     vertex  4.299482e+00  2.614528e+01  1.990000e+02
   endloop
 endfacet
 facet normal  0.000000e+00  0.000000e+00  1.000000e+00
   outer loop
     vertex  4.630063e+00  2.590021e+01  1.990000e+02
     vertex  4.299482e+00  2.614528e+01  1.990000e+02
     vertex  3.234249e+00  2.676680e+01  1.990000e+02
   endloop
 endfacet
 facet normal  0.000000e+00  0.000000e+00  1.000000e+00
   outer loop
     vertex  5.803693e+00  2.475049e+01  1.990000e+02
     vertex  6.603770e+00  2.355531e+01  1.990000e+02
     vertex  6.503748e+00  2.373514e+01  1.990000e+02
   endloop
 endfacet
 facet normal  0.000000e+00  0.000000e+00  1.000000e+00
   outer loop
     vertex  5.803693e+00  2.475049e+01  1.990000e+02
     vertex  6.055509e+00  2.442502e+01  1.990000e+02
     vertex  5.931834e+00  2.458948e+01  1.990000e+02
   endloop
 endfacet
 facet normal  0.000000e+00  0.000000e+00  1.000000e+00
   outer loop
     vertex  5.803693e+00  2.475049e+01  1.990000e+02
     vertex  6.503748e+00  2.373514e+01  1.990000e+02
     vertex  6.055509e+00  2.442502e+01  1.990000e+02
   endloop
 endfacet
 facet normal  0.000000e+00  0.000000e+00  1.000000e+00
   outer loop
     vertex  4.946705e+00  2.563738e+01  1.990000e+02
     vertex  4.790187e+00  2.577097e+01  1.990000e+02
     vertex  4.630063e+00  2.590021e+01  1.990000e+02
   endloop
 endfacet
 facet normal  0.000000e+00  0.000000e+00  1.000000e+00
   outer loop
     vertex  4.946705e+00  2.563738e+01  1.990000e+02
     vertex  4.630063e+00  2.590021e+01  1.990000e+02
     vertex  3.234249e+00  2.676680e+01  1.990000e+02
   endloop
 endfacet
 facet normal  0.000000e+00  0.000000e+00  1.000000e+00
   outer loop
     vertex  5.099499e+00  2.549956e+01  1.990000e+02
     vertex  4.946705e+00  2.563738e+01  1.990000e+02
     vertex  3.234249e+00  2.676680e+01  1.990000e+02
   endloop
 endfacet
 facet normal  0.000000e+00  0.000000e+00  1.000000e+00
   outer loop
     vertex  5.393460e+00  2.521158e+01  1.990000e+02
     vertex  5.803693e+00  2.475049e+01  1.990000e+02
     vertex  5.671183e+00  2.490792e+01  1.990000e+02
   endloop
 endfacet
 facet normal  0.000000e+00  0.000000e+00  1.000000e+00
   outer loop
     vertex  5.393460e+00  2.521158e+01  1.990000e+02
     vertex  5.671183e+00  2.490792e+01  1.990000e+02
     vertex  5.534405e+00  2.506166e+01  1.990000e+02
   endloop
 endfacet
 facet normal  0.000000e+00  0.000000e+00  1.000000e+00
   outer loop
     vertex  5.393460e+00  2.521158e+01  1.990000e+02
     vertex  3.234249e+00  2.676680e+01  1.990000e+02
     vertex -2.180212e+00  2.717612e+01  1.990000e+02
   endloop
 endfacet
 facet normal  0.000000e+00  0.000000e+00  1.000000e+00
   outer loop
     vertex  5.393460e+00  2.521158e+01  1.990000e+02
     vertex -2.180212e+00  2.717612e+01  1.990000e+02
     vertex  6.603770e+00  2.355531e+01  1.990000e+02
   endloop
 endfacet
 facet normal  0.000000e+00  0.000000e+00  1.000000e+00
   outer loop
     vertex  5.393460e+00  2.521158e+01  1.990000e+02
     vertex  6.603770e+00  2.355531e+01  1.990000e+02
     vertex  5.803693e+00  2.475049e+01  1.990000e+02
   endloop
 endfacet
 facet normal  0.000000e+00  0.000000e+00  1.000000e+00
   outer loop
     vertex  5.248455e+00  2.535759e+01  1.990000e+02
     vertex  3.234249e+00  2.676680e+01  1.990000e+02
     vertex  5.393460e+00  2.521158e+01  1.990000e+02
   endloop
 endfacet
 facet normal  0.000000e+00  0.000000e+00  1.000000e+00
   outer loop
     vertex  5.248455e+00  2.535759e+01  1.990000e+02
     vertex  5.099499e+00  2.549956e+01  1.990000e+02
     vertex  3.234249e+00  2.676680e+01  1.990000e+02
   endloop
 endfacet
 facet normal  0.000000e+00  1.000000e+00  0.000000e+00
   outer loop
     vertex -1.100000e+01 -2.000000e+01  1.050000e+02
     vertex -1.100000e+01 -2.000000e+01  7.200000e+01
     vertex -3.900000e+01 -2.000000e+01  7.200000e+01
   endloop
 endfacet
 facet normal  0.000000e+00  1.000000e+00  0.000000e+00
   outer loop
     vertex -1.100000e+01 -2.000000e+01  1.050000e+02
     vertex -3.900000e+01 -2.000000e+01  7.200000e+01
     vertex -3.900000e+01 -2.000000e+01  1.050000e+02
   endloop
 endfacet
 facet normal -1.000000e+00  0.000000e+00  0.000000e+00
   outer loop
     vertex -1.100000e+01 -2.000000e+01  1.050000e+02
     vertex -1.100000e+01  1.200000e+01  7.200000e+01
     vertex -1.100000e+01 -2.000000e+01  7.200000e+01
   endloop
 endfacet
 facet normal -1.000000e+00  0.000000e+00  0.000000e+00
   outer loop
     vertex -1.100000e+01 -2.000000e+01  1.050000e+02
     vertex -1.100000e+01  1.200000e+01  1.050000e+02
     vertex -1.100000e+01  1.200000e+01  7.200000e+01
   endloop
 endfacet
 facet normal  0.000000e+00 -1.000000e+00 -0.000000e+00
   outer loop
     vertex -1.100000e+01  1.200000e+01  1.050000e+02
     vertex -3.900000e+01  1.200000e+01  7.200000e+01
     vertex -1.100000e+01  1.200000e+01  7.200000e+01
   endloop
 endfacet
 facet normal -0.000000e+00 -1.000000e+00  0.000000e+00
   outer loop
     vertex -1.100000e+01  1.200000e+01  1.050000e+02
     vertex -3.900000e+01  1.200000e+01  1.050000e+02
     vertex -3.900000e+01  1.200000e+01  7.200000e+01
   endloop
 endfacet
 facet normal  1.000000e+00  0.000000e+00  0.000000e+00
   outer loop
     vertex -3.900000e+01 -2.000000e+01  1.050000e+02
     vertex -3.900000e+01 -2.000000e+01  7.200000e+01
     vertex -3.900000e+01  1.200000e+01  7.200000e+01
   endloop
 endfacet
 facet normal  1.000000e+00 -0.000000e+00  0.000000e+00
   outer loop
     vertex -3.900000e+01 -2.000000e+01  1.050000e+02
     vertex -3.900000e+01  1.200000e+01  7.200000e+01
     vertex -3.900000e+01  1.200000e+01  1.050000e+02
   endloop
 endfacet
 facet normal  0.000000e+00  0.000000e+00  1.000000e+00
   outer loop
     vertex -1.100000e+01  1.200000e+01  7.200000e+01
     vertex -3.900000e+01  1.200000e+01  7.200000e+01
     vertex -3.900000e+01 -2.000000e+01  7.200000e+01
   endloop
 endfacet
 facet normal  0.000000e+00  0.000000e+00  1.000000e+00
   outer loop
     vertex -1.100000e+01  1.200000e+01  7.200000e+01
     vertex -3.900000e+01 -2.000000e+01  7.200000e+01
     vertex -1.100000e+01 -2.000000e+01  7.200000e+01
   endloop
 endfacet
 facet normal  1.371831e-02  0.000000e+00 -9.999059e-01
   outer loop
     vertex -4.898587e-16 -6.000000e+01  8.800000e+01
     vertex -4.898587e-16 -4.000000e+01  8.800000e+01
     vertex  5.486810e-02 -4.000000e+01  8.800075e+01
   endloop
 endfacet
 facet normal  4.114462e-02  0.000000e+00 -9.991532e-01
   outer loop
     vertex  5.486810e-02 -6.000000e+01  8.800075e+01
     vertex  5.486810e-02 -4.000000e+01  8.800075e+01
     vertex  1.096949e-01 -4.000000e+01  8.800301e+01
   endloop
 endfacet
 facet normal  1.371831e-02  0.000000e+00 -9.999059e-01
   outer loop
     vertex  5.486810e-02 -6.000000e+01  8.800075e+01
     vertex -4.898587e-16 -6.000000e+01  8.800000e+01
     vertex  5.486810e-02 -4.000000e+01  8.800075e+01
   endloop
 endfacet
 facet normal  6.853995e-02  0.000000e+00 -9.976484e-01
   outer loop
     vertex  1.096949e-01 -6.000000e+01  8.800301e+01
     vertex  1.096949e-01 -4.000000e+01  8.800301e+01
     vertex  1.644391e-01 -4.000000e+01  8.800677e+01
   endloop
 endfacet
 facet normal  4.114462e-02  0.000000e+00 -9.991532e-01
   outer loop
     vertex  1.096949e-01 -6.000000e+01  8.800301e+01
     vertex  5.486810e-02 -6.000000e+01  8.800075e+01
     vertex  1.096949e-01 -4.000000e+01  8.800301e+01
   endloop
 endfacet
 facet normal  6.853995e-02  0.000000e+00 -9.976484e-01
   outer loop
     vertex  1.644391e-01 -6.000000e+01  8.800677e+01
     vertex  1.096949e-01 -6.000000e+01  8.800301e+01
     vertex  1.644391e-01 -4.000000e+01  8.800677e+01
   endloop
 endfacet
 facet normal  9.588368e-02  0.000000e+00 -9.953925e-01
   outer loop
     vertex  2.190595e-01 -6.000000e+01  8.801203e+01
     vertex  1.644391e-01 -4.000000e+01  8.800677e+01
     vertex  2.190595e-01 -4.000000e+01  8.801203e+01
   endloop
 endfacet
 facet normal  9.588368e-02  0.000000e+00 -9.953925e-01
   outer loop
     vertex  2.190595e-01 -6.000000e+01  8.801203e+01
     vertex  1.644391e-01 -6.000000e+01  8.800677e+01
     vertex  1.644391e-01 -4.000000e+01  8.800677e+01
   endloop
 endfacet
 facet normal  1.231552e-01  0.000000e+00 -9.923874e-01
   outer loop
     vertex  2.735151e-01 -6.000000e+01  8.801879e+01
     vertex  2.190595e-01 -4.000000e+01  8.801203e+01
     vertex  2.735151e-01 -4.000000e+01  8.801879e+01
   endloop
 endfacet
 facet normal  1.503341e-01  0.000000e+00 -9.886353e-01
   outer loop
     vertex  2.735151e-01 -6.000000e+01  8.801879e+01
     vertex  2.735151e-01 -4.000000e+01  8.801879e+01
     vertex  3.277647e-01 -4.000000e+01  8.802704e+01
   endloop
 endfacet
 facet normal  1.231552e-01  0.000000e+00 -9.923874e-01
   outer loop
     vertex  2.735151e-01 -6.000000e+01  8.801879e+01
     vertex  2.190595e-01 -6.000000e+01  8.801203e+01
     vertex  2.190595e-01 -4.000000e+01  8.801203e+01
   endloop
 endfacet
 facet normal  1.503341e-01  0.000000e+00 -9.886353e-01
   outer loop
     vertex  3.277647e-01 -6.000000e+01  8.802704e+01
     vertex  2.735151e-01 -6.000000e+01  8.801879e+01
     vertex  3.277647e-01 -4.000000e+01  8.802704e+01
   endloop
 endfacet
 facet normal  1.773998e-01  0.000000e+00 -9.841389e-01
   outer loop
     vertex  3.817676e-01 -6.000000e+01  8.803677e+01
     vertex  3.277647e-01 -4.000000e+01  8.802704e+01
     vertex  3.817676e-01 -4.000000e+01  8.803677e+01
   endloop
 endfacet
 facet normal  1.773998e-01  0.000000e+00 -9.841389e-01
   outer loop
     vertex  3.817676e-01 -6.000000e+01  8.803677e+01
     vertex  3.277647e-01 -6.000000e+01  8.802704e+01
     vertex  3.277647e-01 -4.000000e+01  8.802704e+01
   endloop
 endfacet
 facet normal  2.043319e-01  0.000000e+00 -9.789017e-01
   outer loop
     vertex  4.354831e-01 -6.000000e+01  8.804799e+01
     vertex  3.817676e-01 -4.000000e+01  8.803677e+01
     vertex  4.354831e-01 -4.000000e+01  8.804799e+01
   endloop
 endfacet
 facet normal  2.043319e-01  0.000000e+00 -9.789017e-01
   outer loop
     vertex  4.354831e-01 -6.000000e+01  8.804799e+01
     vertex  3.817676e-01 -6.000000e+01  8.803677e+01
     vertex  3.817676e-01 -4.000000e+01  8.803677e+01
   endloop
 endfacet
 facet normal  2.311102e-01  0.000000e+00 -9.729276e-01
   outer loop
     vertex  4.888709e-01 -6.000000e+01  8.806067e+01
     vertex  4.354831e-01 -4.000000e+01  8.804799e+01
     vertex  4.888709e-01 -4.000000e+01  8.806067e+01
   endloop
 endfacet
 facet normal  2.311102e-01  0.000000e+00 -9.729276e-01
   outer loop
     vertex  4.888709e-01 -6.000000e+01  8.806067e+01
     vertex  4.354831e-01 -6.000000e+01  8.804799e+01
     vertex  4.354831e-01 -4.000000e+01  8.804799e+01
   endloop
 endfacet
 facet normal  2.577146e-01  0.000000e+00 -9.662211e-01
   outer loop
     vertex  5.418906e-01 -6.000000e+01  8.807481e+01
     vertex  4.888709e-01 -6.000000e+01  8.806067e+01
     vertex  4.888709e-01 -4.000000e+01  8.806067e+01
   endloop
 endfacet
 facet normal  2.577146e-01  0.000000e+00 -9.662211e-01
   outer loop
     vertex  5.418906e-01 -6.000000e+01  8.807481e+01
     vertex  4.888709e-01 -4.000000e+01  8.806067e+01
     vertex  5.418906e-01 -4.000000e+01  8.807481e+01
   endloop
 endfacet
 facet normal  2.841250e-01  0.000000e+00 -9.587873e-01
   outer loop
     vertex  5.418906e-01 -6.000000e+01  8.807481e+01
     vertex  5.418906e-01 -4.000000e+01  8.807481e+01
     vertex  5.945023e-01 -4.000000e+01  8.809040e+01
   endloop
 endfacet
 facet normal  2.841250e-01  0.000000e+00 -9.587873e-01
   outer loop
     vertex  5.945023e-01 -6.000000e+01  8.809040e+01
     vertex  5.418906e-01 -6.000000e+01  8.807481e+01
     vertex  5.945023e-01 -4.000000e+01  8.809040e+01
   endloop
 endfacet
 facet normal  3.103214e-01  0.000000e+00 -9.506317e-01
   outer loop
     vertex  5.945023e-01 -6.000000e+01  8.809040e+01
     vertex  5.945023e-01 -4.000000e+01  8.809040e+01
     vertex  6.466666e-01 -4.000000e+01  8.810743e+01
   endloop
 endfacet
 facet normal  3.103214e-01  0.000000e+00 -9.506317e-01
   outer loop
     vertex  6.466666e-01 -6.000000e+01  8.810743e+01
     vertex  5.945023e-01 -6.000000e+01  8.809040e+01
     vertex  6.466666e-01 -4.000000e+01  8.810743e+01
   endloop
 endfacet
 facet normal  3.362843e-01  0.000000e+00 -9.417605e-01
   outer loop
     vertex  6.983441e-01 -6.000000e+01  8.812588e+01
     vertex  6.466666e-01 -6.000000e+01  8.810743e+01
     vertex  6.466666e-01 -4.000000e+01  8.810743e+01
   endloop
 endfacet
 facet normal  3.362843e-01  0.000000e+00 -9.417605e-01
   outer loop
     vertex  6.983441e-01 -6.000000e+01  8.812588e+01
     vertex  6.466666e-01 -4.000000e+01  8.810743e+01
     vertex  6.983441e-01 -4.000000e+01  8.812588e+01
   endloop
 endfacet
 facet normal  3.619940e-01  0.000000e+00 -9.321804e-01
   outer loop
     vertex  6.983441e-01 -6.000000e+01  8.812588e+01
     vertex  6.983441e-01 -4.000000e+01  8.812588e+01
     vertex  7.494958e-01 -4.000000e+01  8.814575e+01
   endloop
 endfacet
 facet normal  3.619940e-01  0.000000e+00 -9.321804e-01
   outer loop
     vertex  7.494958e-01 -6.000000e+01  8.814575e+01
     vertex  6.983441e-01 -6.000000e+01  8.812588e+01
     vertex  7.494958e-01 -4.000000e+01  8.814575e+01
   endloop
 endfacet
 facet normal  3.874313e-01  0.000000e+00 -9.218986e-01
   outer loop
     vertex  8.000834e-01 -6.000000e+01  8.816701e+01
     vertex  7.494958e-01 -6.000000e+01  8.814575e+01
     vertex  7.494958e-01 -4.000000e+01  8.814575e+01
   endloop
 endfacet
 facet normal  3.874313e-01  0.000000e+00 -9.218986e-01
   outer loop
     vertex  8.000834e-01 -6.000000e+01  8.816701e+01
     vertex  7.494958e-01 -4.000000e+01  8.814575e+01
     vertex  8.000834e-01 -4.000000e+01  8.816701e+01
   endloop
 endfacet
 facet normal  4.125769e-01  0.000000e+00 -9.109228e-01
   outer loop
     vertex  8.500687e-01 -6.000000e+01  8.818965e+01
     vertex  8.000834e-01 -6.000000e+01  8.816701e+01
     vertex  8.000834e-01 -4.000000e+01  8.816701e+01
   endloop
 endfacet
 facet normal  4.125769e-01  0.000000e+00 -9.109228e-01
   outer loop
     vertex  8.500687e-01 -6.000000e+01  8.818965e+01
     vertex  8.000834e-01 -4.000000e+01  8.816701e+01
     vertex  8.500687e-01 -4.000000e+01  8.818965e+01
   endloop
 endfacet
 facet normal  4.374119e-01  0.000000e+00 -8.992613e-01
   outer loop
     vertex  8.994141e-01 -6.000000e+01  8.821365e+01
     vertex  8.500687e-01 -6.000000e+01  8.818965e+01
     vertex  8.500687e-01 -4.000000e+01  8.818965e+01
   endloop
 endfacet
 facet normal  4.374119e-01  0.000000e+00 -8.992613e-01
   outer loop
     vertex  8.994141e-01 -6.000000e+01  8.821365e+01
     vertex  8.500687e-01 -4.000000e+01  8.818965e+01
     vertex  8.994141e-01 -4.000000e+01  8.821365e+01
   endloop
 endfacet
 facet normal  4.619176e-01  0.000000e+00 -8.869228e-01
   outer loop
     vertex  9.480825e-01 -6.000000e+01  8.823899e+01
     vertex  8.994141e-01 -6.000000e+01  8.821365e+01
     vertex  8.994141e-01 -4.000000e+01  8.821365e+01
   endloop
 endfacet
 facet normal  4.619176e-01  0.000000e+00 -8.869228e-01
   outer loop
     vertex  9.480825e-01 -6.000000e+01  8.823899e+01
     vertex  8.994141e-01 -4.000000e+01  8.821365e+01
     vertex  9.480825e-01 -4.000000e+01  8.823899e+01
   endloop
 endfacet
 facet normal  4.860756e-01  0.000000e+00 -8.739167e-01
   outer loop
     vertex  9.960371e-01 -6.000000e+01  8.826567e+01
     vertex  9.480825e-01 -6.000000e+01  8.823899e+01
     vertex  9.480825e-01 -4.000000e+01  8.823899e+01
   endloop
 endfacet
 facet normal  4.860756e-01  0.000000e+00 -8.739167e-01
   outer loop
     vertex  9.960371e-01 -6.000000e+01  8.826567e+01
     vertex  9.480825e-01 -4.000000e+01  8.823899e+01
     vertex  9.960371e-01 -4.000000e+01  8.826567e+01
   endloop
 endfacet
 facet normal  5.098678e-01  0.000000e+00 -8.602528e-01
   outer loop
     vertex  1.043242e+00 -6.000000e+01  8.829365e+01
     vertex  9.960371e-01 -6.000000e+01  8.826567e+01
     vertex  9.960371e-01 -4.000000e+01  8.826567e+01
   endloop
 endfacet
 facet normal  5.098678e-01  0.000000e+00 -8.602528e-01
   outer loop
     vertex  1.043242e+00 -6.000000e+01  8.829365e+01
     vertex  9.960371e-01 -4.000000e+01  8.826567e+01
     vertex  1.043242e+00 -4.000000e+01  8.829365e+01
   endloop
 endfacet
 facet normal  5.332761e-01  0.000000e+00 -8.459413e-01
   outer loop
     vertex  1.089662e+00 -6.000000e+01  8.832291e+01
     vertex  1.043242e+00 -6.000000e+01  8.829365e+01
     vertex  1.043242e+00 -4.000000e+01  8.829365e+01
   endloop
 endfacet
 facet normal  5.332761e-01  0.000000e+00 -8.459413e-01
   outer loop
     vertex  1.089662e+00 -6.000000e+01  8.832291e+01
     vertex  1.043242e+00 -4.000000e+01  8.829365e+01
     vertex  1.089662e+00 -4.000000e+01  8.832291e+01
   endloop
 endfacet
 facet normal  5.562829e-01  0.000000e+00 -8.309929e-01
   outer loop
     vertex  1.135261e+00 -6.000000e+01  8.835343e+01
     vertex  1.089662e+00 -4.000000e+01  8.832291e+01
     vertex  1.135261e+00 -4.000000e+01  8.835343e+01
   endloop
 endfacet
 facet normal  5.562829e-01  0.000000e+00 -8.309929e-01
   outer loop
     vertex  1.135261e+00 -6.000000e+01  8.835343e+01
     vertex  1.089662e+00 -6.000000e+01  8.832291e+01
     vertex  1.089662e+00 -4.000000e+01  8.832291e+01
   endloop
 endfacet
 facet normal  5.788711e-01  0.000000e+00 -8.154191e-01
   outer loop
     vertex  1.180006e+00 -6.000000e+01  8.838520e+01
     vertex  1.135261e+00 -4.000000e+01  8.835343e+01
     vertex  1.180006e+00 -4.000000e+01  8.838520e+01
   endloop
 endfacet
 facet normal  5.788711e-01  0.000000e+00 -8.154191e-01
   outer loop
     vertex  1.180006e+00 -6.000000e+01  8.838520e+01
     vertex  1.135261e+00 -6.000000e+01  8.835343e+01
     vertex  1.135261e+00 -4.000000e+01  8.835343e+01
   endloop
 endfacet
 facet normal  6.010234e-01  0.000000e+00 -7.992314e-01
   outer loop
     vertex  1.223862e+00 -6.000000e+01  8.841818e+01
     vertex  1.180006e+00 -4.000000e+01  8.838520e+01
     vertex  1.223862e+00 -4.000000e+01  8.841818e+01
   endloop
 endfacet
 facet normal  6.010234e-01  0.000000e+00 -7.992314e-01
   outer loop
     vertex  1.223862e+00 -6.000000e+01  8.841818e+01
     vertex  1.180006e+00 -6.000000e+01  8.838520e+01
     vertex  1.180006e+00 -4.000000e+01  8.838520e+01
   endloop
 endfacet
 facet normal  6.227234e-01  0.000000e+00 -7.824421e-01
   outer loop
     vertex  1.266797e+00 -6.000000e+01  8.845235e+01
     vertex  1.223862e+00 -4.000000e+01  8.841818e+01
     vertex  1.266797e+00 -4.000000e+01  8.845235e+01
   endloop
 endfacet
 facet normal  6.439545e-01  0.000000e+00 -7.650637e-01
   outer loop
     vertex  1.266797e+00 -6.000000e+01  8.845235e+01
     vertex  1.266797e+00 -4.000000e+01  8.845235e+01
     vertex  1.308779e+00 -4.000000e+01  8.848768e+01
   endloop
 endfacet
 facet normal  6.227234e-01  0.000000e+00 -7.824421e-01
   outer loop
     vertex  1.266797e+00 -6.000000e+01  8.845235e+01
     vertex  1.223862e+00 -6.000000e+01  8.841818e+01
     vertex  1.223862e+00 -4.000000e+01  8.841818e+01
   endloop
 endfacet
 facet normal  6.439545e-01  0.000000e+00 -7.650637e-01
   outer loop
     vertex  1.308779e+00 -6.000000e+01  8.848768e+01
     vertex  1.266797e+00 -6.000000e+01  8.845235e+01
     vertex  1.308779e+00 -4.000000e+01  8.848768e+01
   endloop
 endfacet
 facet normal  6.647010e-01  0.000000e+00 -7.471095e-01
   outer loop
     vertex  1.349775e+00 -6.000000e+01  8.852416e+01
     vertex  1.308779e+00 -4.000000e+01  8.848768e+01
     vertex  1.349775e+00 -4.000000e+01  8.852416e+01
   endloop
 endfacet
 facet normal  6.647010e-01  0.000000e+00 -7.471095e-01
   outer loop
     vertex  1.349775e+00 -6.000000e+01  8.852416e+01
     vertex  1.308779e+00 -6.000000e+01  8.848768e+01
     vertex  1.308779e+00 -4.000000e+01  8.848768e+01
   endloop
 endfacet
 facet normal  6.849470e-01  0.000000e+00 -7.285929e-01
   outer loop
     vertex  1.389755e+00 -6.000000e+01  8.856174e+01
     vertex  1.349775e+00 -4.000000e+01  8.852416e+01
     vertex  1.389755e+00 -4.000000e+01  8.856174e+01
   endloop
 endfacet
 facet normal  6.849470e-01  0.000000e+00 -7.285929e-01
   outer loop
     vertex  1.389755e+00 -6.000000e+01  8.856174e+01
     vertex  1.349775e+00 -6.000000e+01  8.852416e+01
     vertex  1.349775e+00 -4.000000e+01  8.852416e+01
   endloop
 endfacet
 facet normal  7.046775e-01  0.000000e+00 -7.095278e-01
   outer loop
     vertex  1.428689e+00 -6.000000e+01  8.860041e+01
     vertex  1.389755e+00 -4.000000e+01  8.856174e+01
     vertex  1.428689e+00 -4.000000e+01  8.860041e+01
   endloop
 endfacet
 facet normal  7.046775e-01  0.000000e+00 -7.095278e-01
   outer loop
     vertex  1.428689e+00 -6.000000e+01  8.860041e+01
     vertex  1.389755e+00 -6.000000e+01  8.856174e+01
     vertex  1.389755e+00 -4.000000e+01  8.856174e+01
   endloop
 endfacet
 facet normal  7.238775e-01  0.000000e+00 -6.899286e-01
   outer loop
     vertex  1.466548e+00 -6.000000e+01  8.864013e+01
     vertex  1.428689e+00 -4.000000e+01  8.860041e+01
     vertex  1.466548e+00 -4.000000e+01  8.864013e+01
   endloop
 endfacet
 facet normal  7.238775e-01  0.000000e+00 -6.899286e-01
   outer loop
     vertex  1.466548e+00 -6.000000e+01  8.864013e+01
     vertex  1.428689e+00 -6.000000e+01  8.860041e+01
     vertex  1.428689e+00 -4.000000e+01  8.860041e+01
   endloop
 endfacet
 facet normal  7.425325e-01  0.000000e+00 -6.698100e-01
   outer loop
     vertex  1.503303e+00 -6.000000e+01  8.868088e+01
     vertex  1.466548e+00 -4.000000e+01  8.864013e+01
     vertex  1.503303e+00 -4.000000e+01  8.868088e+01
   endloop
 endfacet
 facet normal  7.425325e-01  0.000000e+00 -6.698100e-01
   outer loop
     vertex  1.503303e+00 -6.000000e+01  8.868088e+01
     vertex  1.466548e+00 -6.000000e+01  8.864013e+01
     vertex  1.466548e+00 -4.000000e+01  8.864013e+01
   endloop
 endfacet
 facet normal  7.606287e-01  0.000000e+00 -6.491872e-01
   outer loop
     vertex  1.538926e+00 -6.000000e+01  8.872262e+01
     vertex  1.503303e+00 -4.000000e+01  8.868088e+01
     vertex  1.538926e+00 -4.000000e+01  8.872262e+01
   endloop
 endfacet
 facet normal  7.606287e-01  0.000000e+00 -6.491872e-01
   outer loop
     vertex  1.538926e+00 -6.000000e+01  8.872262e+01
     vertex  1.503303e+00 -6.000000e+01  8.868088e+01
     vertex  1.503303e+00 -4.000000e+01  8.868088e+01
   endloop
 endfacet
 facet normal  7.781522e-01  0.000000e+00 -6.280757e-01
   outer loop
     vertex  1.573390e+00 -6.000000e+01  8.876532e+01
     vertex  1.538926e+00 -4.000000e+01  8.872262e+01
     vertex  1.573390e+00 -4.000000e+01  8.876532e+01
   endloop
 endfacet
 facet normal  7.781522e-01  0.000000e+00 -6.280757e-01
   outer loop
     vertex  1.573390e+00 -6.000000e+01  8.876532e+01
     vertex  1.538926e+00 -6.000000e+01  8.872262e+01
     vertex  1.538926e+00 -4.000000e+01  8.872262e+01
   endloop
 endfacet
 facet normal  7.950900e-01  0.000000e+00 -6.064915e-01
   outer loop
     vertex  1.606670e+00 -6.000000e+01  8.880895e+01
     vertex  1.573390e+00 -4.000000e+01  8.876532e+01
     vertex  1.606670e+00 -4.000000e+01  8.880895e+01
   endloop
 endfacet
 facet normal  7.950900e-01  0.000000e+00 -6.064915e-01
   outer loop
     vertex  1.606670e+00 -6.000000e+01  8.880895e+01
     vertex  1.573390e+00 -6.000000e+01  8.876532e+01
     vertex  1.573390e+00 -4.000000e+01  8.876532e+01
   endloop
 endfacet
 facet normal  8.114292e-01  0.000000e+00 -5.844507e-01
   outer loop
     vertex  1.638741e+00 -6.000000e+01  8.885347e+01
     vertex  1.606670e+00 -4.000000e+01  8.880895e+01
     vertex  1.638741e+00 -4.000000e+01  8.885347e+01
   endloop
 endfacet
 facet normal  8.114292e-01  0.000000e+00 -5.844507e-01
   outer loop
     vertex  1.638741e+00 -6.000000e+01  8.885347e+01
     vertex  1.606670e+00 -6.000000e+01  8.880895e+01
     vertex  1.606670e+00 -4.000000e+01  8.880895e+01
   endloop
 endfacet
 facet normal  8.271577e-01  0.000000e+00 -5.619699e-01
   outer loop
     vertex  1.669578e+00 -6.000000e+01  8.889886e+01
     vertex  1.638741e+00 -6.000000e+01  8.885347e+01
     vertex  1.638741e+00 -4.000000e+01  8.885347e+01
   endloop
 endfacet
 facet normal  8.271577e-01  0.000000e+00 -5.619699e-01
   outer loop
     vertex  1.669578e+00 -6.000000e+01  8.889886e+01
     vertex  1.638741e+00 -4.000000e+01  8.885347e+01
     vertex  1.669578e+00 -4.000000e+01  8.889886e+01
   endloop
 endfacet
 facet normal  8.422635e-01  0.000000e+00 -5.390661e-01
   outer loop
     vertex  1.669578e+00 -6.000000e+01  8.889886e+01
     vertex  1.669578e+00 -4.000000e+01  8.889886e+01
     vertex  1.699159e+00 -4.000000e+01  8.894508e+01
   endloop
 endfacet
 facet normal  8.422635e-01  0.000000e+00 -5.390661e-01
   outer loop
     vertex  1.699159e+00 -6.000000e+01  8.894508e+01
     vertex  1.669578e+00 -6.000000e+01  8.889886e+01
     vertex  1.699159e+00 -4.000000e+01  8.894508e+01
   endloop
 endfacet
 facet normal  8.567352e-01  0.000000e+00 -5.157565e-01
   outer loop
     vertex  1.699159e+00 -6.000000e+01  8.894508e+01
     vertex  1.699159e+00 -4.000000e+01  8.894508e+01
     vertex  1.727460e+00 -4.000000e+01  8.899209e+01
   endloop
 endfacet
 facet normal  8.567352e-01  0.000000e+00 -5.157565e-01
   outer loop
     vertex  1.727460e+00 -6.000000e+01  8.899209e+01
     vertex  1.699159e+00 -6.000000e+01  8.894508e+01
     vertex  1.727460e+00 -4.000000e+01  8.899209e+01
   endloop
 endfacet
 facet normal  8.705620e-01  0.000000e+00 -4.920587e-01
   outer loop
     vertex  1.754461e+00 -6.000000e+01  8.903986e+01
     vertex  1.727460e+00 -6.000000e+01  8.899209e+01
     vertex  1.727460e+00 -4.000000e+01  8.899209e+01
   endloop
 endfacet
 facet normal  8.705620e-01  0.000000e+00 -4.920587e-01
   outer loop
     vertex  1.754461e+00 -6.000000e+01  8.903986e+01
     vertex  1.727460e+00 -4.000000e+01  8.899209e+01
     vertex  1.754461e+00 -4.000000e+01  8.903986e+01
   endloop
 endfacet
 facet normal  8.837335e-01  0.000000e+00 -4.679904e-01
   outer loop
     vertex  1.780141e+00 -6.000000e+01  8.908835e+01
     vertex  1.754461e+00 -6.000000e+01  8.903986e+01
     vertex  1.754461e+00 -4.000000e+01  8.903986e+01
   endloop
 endfacet
 facet normal  8.837335e-01  0.000000e+00 -4.679904e-01
   outer loop
     vertex  1.780141e+00 -6.000000e+01  8.908835e+01
     vertex  1.754461e+00 -4.000000e+01  8.903986e+01
     vertex  1.780141e+00 -4.000000e+01  8.908835e+01
   endloop
 endfacet
 facet normal  8.962398e-01  0.000000e+00 -4.435699e-01
   outer loop
     vertex  1.804481e+00 -6.000000e+01  8.913753e+01
     vertex  1.780141e+00 -6.000000e+01  8.908835e+01
     vertex  1.780141e+00 -4.000000e+01  8.908835e+01
   endloop
 endfacet
 facet normal  8.962398e-01  0.000000e+00 -4.435699e-01
   outer loop
     vertex  1.804481e+00 -6.000000e+01  8.913753e+01
     vertex  1.780141e+00 -4.000000e+01  8.908835e+01
     vertex  1.804481e+00 -4.000000e+01  8.913753e+01
   endloop
 endfacet
 facet normal  9.080714e-01  0.000000e+00 -4.188155e-01
   outer loop
     vertex  1.827463e+00 -6.000000e+01  8.918736e+01
     vertex  1.804481e+00 -6.000000e+01  8.913753e+01
     vertex  1.804481e+00 -4.000000e+01  8.913753e+01
   endloop
 endfacet
 facet normal  9.080714e-01  0.000000e+00 -4.188155e-01
   outer loop
     vertex  1.827463e+00 -6.000000e+01  8.918736e+01
     vertex  1.804481e+00 -4.000000e+01  8.913753e+01
     vertex  1.827463e+00 -4.000000e+01  8.918736e+01
   endloop
 endfacet
 facet normal  9.192194e-01  0.000000e+00 -3.937458e-01
   outer loop
     vertex  1.849069e+00 -6.000000e+01  8.923780e+01
     vertex  1.827463e+00 -6.000000e+01  8.918736e+01
     vertex  1.827463e+00 -4.000000e+01  8.918736e+01
   endloop
 endfacet
 facet normal  9.192194e-01  0.000000e+00 -3.937458e-01
   outer loop
     vertex  1.849069e+00 -6.000000e+01  8.923780e+01
     vertex  1.827463e+00 -4.000000e+01  8.918736e+01
     vertex  1.849069e+00 -4.000000e+01  8.923780e+01
   endloop
 endfacet
 facet normal  9.296754e-01  0.000000e+00 -3.683796e-01
   outer loop
     vertex  1.869283e+00 -6.000000e+01  8.928882e+01
     vertex  1.849069e+00 -6.000000e+01  8.923780e+01
     vertex  1.849069e+00 -4.000000e+01  8.923780e+01
   endloop
 endfacet
 facet normal  9.296754e-01  0.000000e+00 -3.683796e-01
   outer loop
     vertex  1.869283e+00 -6.000000e+01  8.928882e+01
     vertex  1.849069e+00 -4.000000e+01  8.923780e+01
     vertex  1.869283e+00 -4.000000e+01  8.928882e+01
   endloop
 endfacet
 facet normal  9.394317e-01  0.000000e+00 -3.427362e-01
   outer loop
     vertex  1.888090e+00 -6.000000e+01  8.934037e+01
     vertex  1.869283e+00 -6.000000e+01  8.928882e+01
     vertex  1.869283e+00 -4.000000e+01  8.928882e+01
   endloop
 endfacet
 facet normal  9.394317e-01  0.000000e+00 -3.427362e-01
   outer loop
     vertex  1.888090e+00 -6.000000e+01  8.934037e+01
     vertex  1.869283e+00 -4.000000e+01  8.928882e+01
     vertex  1.888090e+00 -4.000000e+01  8.934037e+01
   endloop
 endfacet
 facet normal  9.484807e-01  0.000000e+00 -3.168348e-01
   outer loop
     vertex  1.905476e+00 -6.000000e+01  8.939241e+01
     vertex  1.888090e+00 -6.000000e+01  8.934037e+01
     vertex  1.888090e+00 -4.000000e+01  8.934037e+01
   endloop
 endfacet
 facet normal  9.484807e-01  0.000000e+00 -3.168348e-01
   outer loop
     vertex  1.905476e+00 -6.000000e+01  8.939241e+01
     vertex  1.888090e+00 -4.000000e+01  8.934037e+01
     vertex  1.905476e+00 -4.000000e+01  8.939241e+01
   endloop
 endfacet
 facet normal  9.568158e-01  0.000000e+00 -2.906949e-01
   outer loop
     vertex  1.921427e+00 -6.000000e+01  8.944492e+01
     vertex  1.905476e+00 -6.000000e+01  8.939241e+01
     vertex  1.905476e+00 -4.000000e+01  8.939241e+01
   endloop
 endfacet
 facet normal  9.568158e-01  0.000000e+00 -2.906949e-01
   outer loop
     vertex  1.921427e+00 -6.000000e+01  8.944492e+01
     vertex  1.905476e+00 -4.000000e+01  8.939241e+01
     vertex  1.921427e+00 -4.000000e+01  8.944492e+01
   endloop
 endfacet
 facet normal  9.644306e-01  0.000000e+00 -2.643362e-01
   outer loop
     vertex  1.921427e+00 -6.000000e+01  8.944492e+01
     vertex  1.921427e+00 -4.000000e+01  8.944492e+01
     vertex  1.935932e+00 -4.000000e+01  8.949784e+01
   endloop
 endfacet
 facet normal  9.644306e-01  0.000000e+00 -2.643362e-01
   outer loop
     vertex  1.935932e+00 -6.000000e+01  8.949784e+01
     vertex  1.921427e+00 -6.000000e+01  8.944492e+01
     vertex  1.935932e+00 -4.000000e+01  8.949784e+01
   endloop
 endfacet
 facet normal  9.713194e-01  0.000000e+00 -2.377784e-01
   outer loop
     vertex  1.935932e+00 -6.000000e+01  8.949784e+01
     vertex  1.935932e+00 -4.000000e+01  8.949784e+01
     vertex  1.948980e+00 -4.000000e+01  8.955114e+01
   endloop
 endfacet
 facet normal  9.713194e-01  0.000000e+00 -2.377784e-01
   outer loop
     vertex  1.948980e+00 -6.000000e+01  8.955114e+01
     vertex  1.935932e+00 -6.000000e+01  8.949784e+01
     vertex  1.948980e+00 -4.000000e+01  8.955114e+01
   endloop
 endfacet
 facet normal  9.774771e-01  0.000000e+00 -2.110417e-01
   outer loop
     vertex  1.960560e+00 -6.000000e+01  8.960477e+01
     vertex  1.948980e+00 -6.000000e+01  8.955114e+01
     vertex  1.948980e+00 -4.000000e+01  8.955114e+01
   endloop
 endfacet
 facet normal  9.774771e-01  0.000000e+00 -2.110417e-01
   outer loop
     vertex  1.960560e+00 -6.000000e+01  8.960477e+01
     vertex  1.948980e+00 -4.000000e+01  8.955114e+01
     vertex  1.960560e+00 -4.000000e+01  8.960477e+01
   endloop
 endfacet
 facet normal  9.828989e-01  0.000000e+00 -1.841461e-01
   outer loop
     vertex  1.960560e+00 -6.000000e+01  8.960477e+01
     vertex  1.960560e+00 -4.000000e+01  8.960477e+01
     vertex  1.970665e+00 -4.000000e+01  8.965871e+01
   endloop
 endfacet
 facet normal  9.828989e-01  0.000000e+00 -1.841461e-01
   outer loop
     vertex  1.970665e+00 -6.000000e+01  8.965871e+01
     vertex  1.960560e+00 -6.000000e+01  8.960477e+01
     vertex  1.970665e+00 -4.000000e+01  8.965871e+01
   endloop
 endfacet
 facet normal  9.875808e-01  0.000000e+00 -1.571119e-01
   outer loop
     vertex  1.970665e+00 -6.000000e+01  8.965871e+01
     vertex  1.970665e+00 -4.000000e+01  8.965871e+01
     vertex  1.979286e+00 -4.000000e+01  8.971290e+01
   endloop
 endfacet
 facet normal  9.875808e-01  0.000000e+00 -1.571119e-01
   outer loop
     vertex  1.979286e+00 -6.000000e+01  8.971290e+01
     vertex  1.970665e+00 -6.000000e+01  8.965871e+01
     vertex  1.979286e+00 -4.000000e+01  8.971290e+01
   endloop
 endfacet
 facet normal  9.915193e-01  0.000000e+00 -1.299594e-01
   outer loop
     vertex  1.986418e+00 -6.000000e+01  8.976731e+01
     vertex  1.979286e+00 -6.000000e+01  8.971290e+01
     vertex  1.979286e+00 -4.000000e+01  8.971290e+01
   endloop
 endfacet
 facet normal  9.915193e-01  0.000000e+00 -1.299594e-01
   outer loop
     vertex  1.986418e+00 -6.000000e+01  8.976731e+01
     vertex  1.979286e+00 -4.000000e+01  8.971290e+01
     vertex  1.986418e+00 -4.000000e+01  8.976731e+01
   endloop
 endfacet
 facet normal  9.947114e-01  0.000000e+00 -1.027091e-01
   outer loop
     vertex  1.986418e+00 -6.000000e+01  8.976731e+01
     vertex  1.986418e+00 -4.000000e+01  8.976731e+01
     vertex  1.992054e+00 -4.000000e+01  8.982189e+01
   endloop
 endfacet
 facet normal  9.947114e-01  0.000000e+00 -1.027091e-01
   outer loop
     vertex  1.992054e+00 -6.000000e+01  8.982189e+01
     vertex  1.986418e+00 -6.000000e+01  8.976731e+01
     vertex  1.992054e+00 -4.000000e+01  8.982189e+01
   endloop
 endfacet
 facet normal  9.971548e-01  0.000000e+00 -7.538152e-02
   outer loop
     vertex  1.996190e+00 -6.000000e+01  8.987661e+01
     vertex  1.992054e+00 -6.000000e+01  8.982189e+01
     vertex  1.992054e+00 -4.000000e+01  8.982189e+01
   endloop
 endfacet
 facet normal  9.971548e-01  0.000000e+00 -7.538152e-02
   outer loop
     vertex  1.996190e+00 -6.000000e+01  8.987661e+01
     vertex  1.992054e+00 -4.000000e+01  8.982189e+01
     vertex  1.996190e+00 -4.000000e+01  8.987661e+01
   endloop
 endfacet
 facet normal  9.988475e-01  0.000000e+00 -4.799716e-02
   outer loop
     vertex  1.996190e+00 -6.000000e+01  8.987661e+01
     vertex  1.996190e+00 -4.000000e+01  8.987661e+01
     vertex  1.998824e+00 -4.000000e+01  8.993142e+01
   endloop
 endfacet
 facet normal  9.997883e-01  0.000000e+00 -2.057667e-02
   outer loop
     vertex  1.998824e+00 -6.000000e+01  8.993142e+01
     vertex  1.998824e+00 -4.000000e+01  8.993142e+01
     vertex  1.999953e+00 -4.000000e+01  8.998628e+01
   endloop
 endfacet
 facet normal  9.988475e-01  0.000000e+00 -4.799716e-02
   outer loop
     vertex  1.998824e+00 -6.000000e+01  8.993142e+01
     vertex  1.996190e+00 -6.000000e+01  8.987661e+01
     vertex  1.998824e+00 -4.000000e+01  8.993142e+01
   endloop
 endfacet
 facet normal  9.997883e-01  0.000000e+00 -2.057667e-02
   outer loop
     vertex  1.999953e+00 -6.000000e+01  8.998628e+01
     vertex  1.998824e+00 -6.000000e+01  8.993142e+01
     vertex  1.999953e+00 -4.000000e+01  8.998628e+01
   endloop
 endfacet
 facet normal  9.999765e-01 -0.000000e+00  6.859319e-03
   outer loop
     vertex  1.999577e+00 -6.000000e+01  9.004115e+01
     vertex  1.999953e+00 -4.000000e+01  8.998628e+01
     vertex  1.999577e+00 -4.000000e+01  9.004115e+01
   endloop
 endfacet
 facet normal  9.999765e-01  0.000000e+00  6.859319e-03
   outer loop
     vertex  1.999577e+00 -6.000000e+01  9.004115e+01
     vertex  1.999953e+00 -6.000000e+01  8.998628e+01
     vertex  1.999953e+00 -4.000000e+01  8.998628e+01
   endloop
 endfacet
 facet normal  9.994119e-01 -0.000000e+00  3.429014e-02
   outer loop
     vertex  1.997695e+00 -6.000000e+01  9.009599e+01
     vertex  1.999577e+00 -4.000000e+01  9.004115e+01
     vertex  1.997695e+00 -4.000000e+01  9.009599e+01
   endloop
 endfacet
 facet normal  9.994119e-01  0.000000e+00  3.429014e-02
   outer loop
     vertex  1.997695e+00 -6.000000e+01  9.009599e+01
     vertex  1.999577e+00 -6.000000e+01  9.004115e+01
     vertex  1.999577e+00 -4.000000e+01  9.004115e+01
   endloop
 endfacet
 facet normal  9.980950e-01 -0.000000e+00  6.169515e-02
   outer loop
     vertex  1.994310e+00 -6.000000e+01  9.015076e+01
     vertex  1.997695e+00 -4.000000e+01  9.009599e+01
     vertex  1.994310e+00 -4.000000e+01  9.015076e+01
   endloop
 endfacet
 facet normal  9.980950e-01  0.000000e+00  6.169515e-02
   outer loop
     vertex  1.994310e+00 -6.000000e+01  9.015076e+01
     vertex  1.997695e+00 -6.000000e+01  9.009599e+01
     vertex  1.997695e+00 -4.000000e+01  9.009599e+01
   endloop
 endfacet
 facet normal  9.960268e-01  0.000000e+00  8.905371e-02
   outer loop
     vertex  1.989423e+00 -6.000000e+01  9.020542e+01
     vertex  1.994310e+00 -6.000000e+01  9.015076e+01
     vertex  1.994310e+00 -4.000000e+01  9.015076e+01
   endloop
 endfacet
 facet normal  9.960268e-01 -0.000000e+00  8.905371e-02
   outer loop
     vertex  1.989423e+00 -6.000000e+01  9.020542e+01
     vertex  1.994310e+00 -4.000000e+01  9.015076e+01
     vertex  1.989423e+00 -4.000000e+01  9.020542e+01
   endloop
 endfacet
 facet normal  9.932088e-01  0.000000e+00  1.163452e-01
   outer loop
     vertex  1.983039e+00 -6.000000e+01  9.025992e+01
     vertex  1.989423e+00 -6.000000e+01  9.020542e+01
     vertex  1.989423e+00 -4.000000e+01  9.020542e+01
   endloop
 endfacet
 facet normal  9.932088e-01 -0.000000e+00  1.163452e-01
   outer loop
     vertex  1.983039e+00 -6.000000e+01  9.025992e+01
     vertex  1.989423e+00 -4.000000e+01  9.020542e+01
     vertex  1.983039e+00 -4.000000e+01  9.025992e+01
   endloop
 endfacet
 facet normal  9.896432e-01 -0.000000e+00  1.435492e-01
   outer loop
     vertex  1.983039e+00 -6.000000e+01  9.025992e+01
     vertex  1.983039e+00 -4.000000e+01  9.025992e+01
     vertex  1.975162e+00 -4.000000e+01  9.031422e+01
   endloop
 endfacet
 facet normal  9.896432e-01 -0.000000e+00  1.435492e-01
   outer loop
     vertex  1.975162e+00 -6.000000e+01  9.031422e+01
     vertex  1.983039e+00 -6.000000e+01  9.025992e+01
     vertex  1.975162e+00 -4.000000e+01  9.031422e+01
   endloop
 endfacet
 facet normal  9.853326e-01  0.000000e+00  1.706451e-01
   outer loop
     vertex  1.965798e+00 -6.000000e+01  9.036829e+01
     vertex  1.975162e+00 -6.000000e+01  9.031422e+01
     vertex  1.975162e+00 -4.000000e+01  9.031422e+01
   endloop
 endfacet
 facet normal  9.853326e-01 -0.000000e+00  1.706451e-01
   outer loop
     vertex  1.965798e+00 -6.000000e+01  9.036829e+01
     vertex  1.975162e+00 -4.000000e+01  9.031422e+01
     vertex  1.965798e+00 -4.000000e+01  9.036829e+01
   endloop
 endfacet
 facet normal  9.802802e-01  0.000000e+00  1.976125e-01
   outer loop
     vertex  1.954954e+00 -6.000000e+01  9.042208e+01
     vertex  1.965798e+00 -6.000000e+01  9.036829e+01
     vertex  1.965798e+00 -4.000000e+01  9.036829e+01
   endloop
 endfacet
 facet normal  9.802802e-01 -0.000000e+00  1.976125e-01
   outer loop
     vertex  1.954954e+00 -6.000000e+01  9.042208e+01
     vertex  1.965798e+00 -4.000000e+01  9.036829e+01
     vertex  1.954954e+00 -4.000000e+01  9.042208e+01
   endloop
 endfacet
 facet normal  9.744899e-01 -0.000000e+00  2.244312e-01
   outer loop
     vertex  1.954954e+00 -6.000000e+01  9.042208e+01
     vertex  1.954954e+00 -4.000000e+01  9.042208e+01
     vertex  1.942639e+00 -4.000000e+01  9.047556e+01
   endloop
 endfacet
 facet normal  9.744899e-01 -0.000000e+00  2.244312e-01
   outer loop
     vertex  1.942639e+00 -6.000000e+01  9.047556e+01
     vertex  1.954954e+00 -6.000000e+01  9.042208e+01
     vertex  1.942639e+00 -4.000000e+01  9.047556e+01
   endloop
 endfacet
 facet normal  9.679661e-01  0.000000e+00  2.510809e-01
   outer loop
     vertex  1.928861e+00 -6.000000e+01  9.052867e+01
     vertex  1.942639e+00 -6.000000e+01  9.047556e+01
     vertex  1.942639e+00 -4.000000e+01  9.047556e+01
   endloop
 endfacet
 facet normal  9.679661e-01 -0.000000e+00  2.510809e-01
   outer loop
     vertex  1.928861e+00 -6.000000e+01  9.052867e+01
     vertex  1.942639e+00 -4.000000e+01  9.047556e+01
     vertex  1.928861e+00 -4.000000e+01  9.052867e+01
   endloop
 endfacet
 facet normal  9.607136e-01 -0.000000e+00  2.775416e-01
   outer loop
     vertex  1.928861e+00 -6.000000e+01  9.052867e+01
     vertex  1.928861e+00 -4.000000e+01  9.052867e+01
     vertex  1.913632e+00 -4.000000e+01  9.058139e+01
   endloop
 endfacet
 facet normal  9.607136e-01 -0.000000e+00  2.775416e-01
   outer loop
     vertex  1.913632e+00 -6.000000e+01  9.058139e+01
     vertex  1.928861e+00 -6.000000e+01  9.052867e+01
     vertex  1.913632e+00 -4.000000e+01  9.058139e+01
   endloop
 endfacet
 facet normal  9.527379e-01  0.000000e+00  3.037934e-01
   outer loop
     vertex  1.896961e+00 -6.000000e+01  9.063367e+01
     vertex  1.913632e+00 -6.000000e+01  9.058139e+01
     vertex  1.913632e+00 -4.000000e+01  9.058139e+01
   endloop
 endfacet
 facet normal  9.527379e-01 -0.000000e+00  3.037934e-01
   outer loop
     vertex  1.896961e+00 -6.000000e+01  9.063367e+01
     vertex  1.913632e+00 -4.000000e+01  9.058139e+01
     vertex  1.896961e+00 -4.000000e+01  9.063367e+01
   endloop
 endfacet
 facet normal  9.440450e-01 -0.000000e+00  3.298166e-01
   outer loop
     vertex  1.896961e+00 -6.000000e+01  9.063367e+01
     vertex  1.896961e+00 -4.000000e+01  9.063367e+01
     vertex  1.878863e+00 -4.000000e+01  9.068547e+01
   endloop
 endfacet
 facet normal  9.440450e-01 -0.000000e+00  3.298166e-01
   outer loop
     vertex  1.878863e+00 -6.000000e+01  9.068547e+01
     vertex  1.896961e+00 -6.000000e+01  9.063367e+01
     vertex  1.878863e+00 -4.000000e+01  9.068547e+01
   endloop
 endfacet
 facet normal  9.346415e-01  0.000000e+00  3.555914e-01
   outer loop
     vertex  1.859351e+00 -6.000000e+01  9.073676e+01
     vertex  1.878863e+00 -6.000000e+01  9.068547e+01
     vertex  1.878863e+00 -4.000000e+01  9.068547e+01
   endloop
 endfacet
 facet normal  9.346415e-01 -0.000000e+00  3.555914e-01
   outer loop
     vertex  1.859351e+00 -6.000000e+01  9.073676e+01
     vertex  1.878863e+00 -4.000000e+01  9.068547e+01
     vertex  1.859351e+00 -4.000000e+01  9.073676e+01
   endloop
 endfacet
 facet normal  9.245344e-01  0.000000e+00  3.810986e-01
   outer loop
     vertex  1.838439e+00 -6.000000e+01  9.078749e+01
     vertex  1.859351e+00 -6.000000e+01  9.073676e+01
     vertex  1.859351e+00 -4.000000e+01  9.073676e+01
   endloop
 endfacet
 facet normal  9.245344e-01 -0.000000e+00  3.810986e-01
   outer loop
     vertex  1.838439e+00 -6.000000e+01  9.078749e+01
     vertex  1.859351e+00 -4.000000e+01  9.073676e+01
     vertex  1.838439e+00 -4.000000e+01  9.078749e+01
   endloop
 endfacet
 facet normal  9.137314e-01 -0.000000e+00  4.063188e-01
   outer loop
     vertex  1.816143e+00 -6.000000e+01  9.083763e+01
     vertex  1.838439e+00 -4.000000e+01  9.078749e+01
     vertex  1.816143e+00 -4.000000e+01  9.083763e+01
   endloop
 endfacet
 facet normal  9.022405e-01 -0.000000e+00  4.312333e-01
   outer loop
     vertex  1.816143e+00 -6.000000e+01  9.083763e+01
     vertex  1.816143e+00 -4.000000e+01  9.083763e+01
     vertex  1.792480e+00 -4.000000e+01  9.088714e+01
   endloop
 endfacet
 facet normal  9.137314e-01  0.000000e+00  4.063188e-01
   outer loop
     vertex  1.816143e+00 -6.000000e+01  9.083763e+01
     vertex  1.838439e+00 -6.000000e+01  9.078749e+01
     vertex  1.838439e+00 -4.000000e+01  9.078749e+01
   endloop
 endfacet
 facet normal  9.022405e-01 -0.000000e+00  4.312333e-01
   outer loop
     vertex  1.792480e+00 -6.000000e+01  9.088714e+01
     vertex  1.816143e+00 -6.000000e+01  9.083763e+01
     vertex  1.792480e+00 -4.000000e+01  9.088714e+01
   endloop
 endfacet
 facet normal  8.900704e-01 -0.000000e+00  4.558231e-01
   outer loop
     vertex  1.767467e+00 -6.000000e+01  9.093598e+01
     vertex  1.792480e+00 -4.000000e+01  9.088714e+01
     vertex  1.767467e+00 -4.000000e+01  9.093598e+01
   endloop
 endfacet
 facet normal  8.772303e-01 -0.000000e+00  4.800697e-01
   outer loop
     vertex  1.767467e+00 -6.000000e+01  9.093598e+01
     vertex  1.767467e+00 -4.000000e+01  9.093598e+01
     vertex  1.741124e+00 -4.000000e+01  9.098412e+01
   endloop
 endfacet
 facet normal  8.900704e-01  0.000000e+00  4.558231e-01
   outer loop
     vertex  1.767467e+00 -6.000000e+01  9.093598e+01
     vertex  1.792480e+00 -6.000000e+01  9.088714e+01
     vertex  1.792480e+00 -4.000000e+01  9.088714e+01
   endloop
 endfacet
 facet normal  8.772303e-01 -0.000000e+00  4.800697e-01
   outer loop
     vertex  1.741124e+00 -6.000000e+01  9.098412e+01
     vertex  1.767467e+00 -6.000000e+01  9.093598e+01
     vertex  1.741124e+00 -4.000000e+01  9.098412e+01
   endloop
 endfacet
 facet normal  8.637299e-01 -0.000000e+00  5.039550e-01
   outer loop
     vertex  1.713470e+00 -6.000000e+01  9.103151e+01
     vertex  1.741124e+00 -4.000000e+01  9.098412e+01
     vertex  1.713470e+00 -4.000000e+01  9.103151e+01
   endloop
 endfacet
 facet normal  8.637299e-01  0.000000e+00  5.039550e-01
   outer loop
     vertex  1.713470e+00 -6.000000e+01  9.103151e+01
     vertex  1.741124e+00 -6.000000e+01  9.098412e+01
     vertex  1.741124e+00 -4.000000e+01  9.098412e+01
   endloop
 endfacet
 facet normal  8.495793e-01 -0.000000e+00  5.274609e-01
   outer loop
     vertex  1.684527e+00 -6.000000e+01  9.107813e+01
     vertex  1.713470e+00 -4.000000e+01  9.103151e+01
     vertex  1.684527e+00 -4.000000e+01  9.107813e+01
   endloop
 endfacet
 facet normal  8.347891e-01 -0.000000e+00  5.505698e-01
   outer loop
     vertex  1.684527e+00 -6.000000e+01  9.107813e+01
     vertex  1.684527e+00 -4.000000e+01  9.107813e+01
     vertex  1.654315e+00 -4.000000e+01  9.112394e+01
   endloop
 endfacet
 facet normal  8.495793e-01  0.000000e+00  5.274609e-01
   outer loop
     vertex  1.684527e+00 -6.000000e+01  9.107813e+01
     vertex  1.713470e+00 -6.000000e+01  9.103151e+01
     vertex  1.713470e+00 -4.000000e+01  9.103151e+01
   endloop
 endfacet
 facet normal  8.347891e-01 -0.000000e+00  5.505698e-01
   outer loop
     vertex  1.654315e+00 -6.000000e+01  9.112394e+01
     vertex  1.684527e+00 -6.000000e+01  9.107813e+01
     vertex  1.654315e+00 -4.000000e+01  9.112394e+01
   endloop
 endfacet
 facet normal  8.193706e-01 -0.000000e+00  5.732642e-01
   outer loop
     vertex  1.622858e+00 -6.000000e+01  9.116890e+01
     vertex  1.654315e+00 -4.000000e+01  9.112394e+01
     vertex  1.622858e+00 -4.000000e+01  9.116890e+01
   endloop
 endfacet
 facet normal  8.193706e-01  0.000000e+00  5.732642e-01
   outer loop
     vertex  1.622858e+00 -6.000000e+01  9.116890e+01
     vertex  1.654315e+00 -6.000000e+01  9.112394e+01
     vertex  1.654315e+00 -4.000000e+01  9.112394e+01
   endloop
 endfacet
 facet normal  8.033352e-01 -0.000000e+00  5.955271e-01
   outer loop
     vertex  1.590180e+00 -6.000000e+01  9.121298e+01
     vertex  1.622858e+00 -4.000000e+01  9.116890e+01
     vertex  1.590180e+00 -4.000000e+01  9.121298e+01
   endloop
 endfacet
 facet normal  7.866951e-01 -0.000000e+00  6.173417e-01
   outer loop
     vertex  1.590180e+00 -6.000000e+01  9.121298e+01
     vertex  1.590180e+00 -4.000000e+01  9.121298e+01
     vertex  1.556304e+00 -4.000000e+01  9.125615e+01
   endloop
 endfacet
 facet normal  8.033352e-01  0.000000e+00  5.955271e-01
   outer loop
     vertex  1.590180e+00 -6.000000e+01  9.121298e+01
     vertex  1.622858e+00 -6.000000e+01  9.116890e+01
     vertex  1.622858e+00 -4.000000e+01  9.116890e+01
   endloop
 endfacet
 facet normal  7.866951e-01 -0.000000e+00  6.173417e-01
   outer loop
     vertex  1.556304e+00 -6.000000e+01  9.125615e+01
     vertex  1.590180e+00 -6.000000e+01  9.121298e+01
     vertex  1.556304e+00 -4.000000e+01  9.125615e+01
   endloop
 endfacet
 facet normal  7.694628e-01 -0.000000e+00  6.386916e-01
   outer loop
     vertex  1.521257e+00 -6.000000e+01  9.129837e+01
     vertex  1.556304e+00 -4.000000e+01  9.125615e+01
     vertex  1.521257e+00 -4.000000e+01  9.129837e+01
   endloop
 endfacet
 facet normal  7.694628e-01  0.000000e+00  6.386916e-01
   outer loop
     vertex  1.521257e+00 -6.000000e+01  9.129837e+01
     vertex  1.556304e+00 -6.000000e+01  9.125615e+01
     vertex  1.556304e+00 -4.000000e+01  9.125615e+01
   endloop
 endfacet
 facet normal  7.516513e-01 -0.000000e+00  6.595607e-01
   outer loop
     vertex  1.485065e+00 -6.000000e+01  9.133962e+01
     vertex  1.521257e+00 -4.000000e+01  9.129837e+01
     vertex  1.485065e+00 -4.000000e+01  9.133962e+01
   endloop
 endfacet
 facet normal  7.516513e-01  0.000000e+00  6.595607e-01
   outer loop
     vertex  1.485065e+00 -6.000000e+01  9.133962e+01
     vertex  1.521257e+00 -6.000000e+01  9.129837e+01
     vertex  1.521257e+00 -4.000000e+01  9.129837e+01
   endloop
 endfacet
 facet normal  7.332740e-01 -0.000000e+00  6.799333e-01
   outer loop
     vertex  1.447755e+00 -6.000000e+01  9.137986e+01
     vertex  1.485065e+00 -4.000000e+01  9.133962e+01
     vertex  1.447755e+00 -4.000000e+01  9.137986e+01
   endloop
 endfacet
 facet normal  7.143447e-01 -0.000000e+00  6.997940e-01
   outer loop
     vertex  1.447755e+00 -6.000000e+01  9.137986e+01
     vertex  1.447755e+00 -4.000000e+01  9.137986e+01
     vertex  1.409355e+00 -4.000000e+01  9.141906e+01
   endloop
 endfacet
 facet normal  7.332740e-01  0.000000e+00  6.799333e-01
   outer loop
     vertex  1.447755e+00 -6.000000e+01  9.137986e+01
     vertex  1.485065e+00 -6.000000e+01  9.133962e+01
     vertex  1.485065e+00 -4.000000e+01  9.133962e+01
   endloop
 endfacet
 facet normal  7.143447e-01 -0.000000e+00  6.997940e-01
   outer loop
     vertex  1.409355e+00 -6.000000e+01  9.141906e+01
     vertex  1.447755e+00 -6.000000e+01  9.137986e+01
     vertex  1.409355e+00 -4.000000e+01  9.141906e+01
   endloop
 endfacet
 facet normal  6.948776e-01  0.000000e+00  7.191280e-01
   outer loop
     vertex  1.369894e+00 -6.000000e+01  9.145719e+01
     vertex  1.409355e+00 -6.000000e+01  9.141906e+01
     vertex  1.409355e+00 -4.000000e+01  9.141906e+01
   endloop
 endfacet
 facet normal  6.948776e-01 -0.000000e+00  7.191280e-01
   outer loop
     vertex  1.369894e+00 -6.000000e+01  9.145719e+01
     vertex  1.409355e+00 -4.000000e+01  9.141906e+01
     vertex  1.369894e+00 -4.000000e+01  9.145719e+01
   endloop
 endfacet
 facet normal  6.748875e-01  0.000000e+00  7.379206e-01
   outer loop
     vertex  1.329402e+00 -6.000000e+01  9.149422e+01
     vertex  1.369894e+00 -6.000000e+01  9.145719e+01
     vertex  1.369894e+00 -4.000000e+01  9.145719e+01
   endloop
 endfacet
 facet normal  6.748875e-01 -0.000000e+00  7.379206e-01
   outer loop
     vertex  1.329402e+00 -6.000000e+01  9.149422e+01
     vertex  1.369894e+00 -4.000000e+01  9.145719e+01
     vertex  1.329402e+00 -4.000000e+01  9.149422e+01
   endloop
 endfacet
 facet normal  6.543893e-01 -0.000000e+00  7.561578e-01
   outer loop
     vertex  1.329402e+00 -6.000000e+01  9.149422e+01
     vertex  1.329402e+00 -4.000000e+01  9.149422e+01
     vertex  1.287909e+00 -4.000000e+01  9.153013e+01
   endloop
 endfacet
 facet normal  6.543893e-01 -0.000000e+00  7.561578e-01
   outer loop
     vertex  1.287909e+00 -6.000000e+01  9.153013e+01
     vertex  1.329402e+00 -6.000000e+01  9.149422e+01
     vertex  1.287909e+00 -4.000000e+01  9.153013e+01
   endloop
 endfacet
 facet normal  6.333986e-01 -0.000000e+00  7.738257e-01
   outer loop
     vertex  1.287909e+00 -6.000000e+01  9.153013e+01
     vertex  1.287909e+00 -4.000000e+01  9.153013e+01
     vertex  1.245447e+00 -4.000000e+01  9.156488e+01
   endloop
 endfacet
 facet normal  6.333986e-01 -0.000000e+00  7.738257e-01
   outer loop
     vertex  1.245447e+00 -6.000000e+01  9.156488e+01
     vertex  1.287909e+00 -6.000000e+01  9.153013e+01
     vertex  1.245447e+00 -4.000000e+01  9.156488e+01
   endloop
 endfacet
 facet normal  6.119310e-01  0.000000e+00  7.909112e-01
   outer loop
     vertex  1.202047e+00 -6.000000e+01  9.159846e+01
     vertex  1.245447e+00 -6.000000e+01  9.156488e+01
     vertex  1.245447e+00 -4.000000e+01  9.156488e+01
   endloop
 endfacet
 facet normal  6.119310e-01 -0.000000e+00  7.909112e-01
   outer loop
     vertex  1.202047e+00 -6.000000e+01  9.159846e+01
     vertex  1.245447e+00 -4.000000e+01  9.156488e+01
     vertex  1.202047e+00 -4.000000e+01  9.159846e+01
   endloop
 endfacet
 facet normal  5.900028e-01 -0.000000e+00  8.074012e-01
   outer loop
     vertex  1.157742e+00 -6.000000e+01  9.163084e+01
     vertex  1.202047e+00 -4.000000e+01  9.159846e+01
     vertex  1.157742e+00 -4.000000e+01  9.163084e+01
   endloop
 endfacet
 facet normal  5.676304e-01 -0.000000e+00  8.232835e-01
   outer loop
     vertex  1.157742e+00 -6.000000e+01  9.163084e+01
     vertex  1.157742e+00 -4.000000e+01  9.163084e+01
     vertex  1.112566e+00 -4.000000e+01  9.166199e+01
   endloop
 endfacet
 facet normal  5.900028e-01  0.000000e+00  8.074012e-01
   outer loop
     vertex  1.157742e+00 -6.000000e+01  9.163084e+01
     vertex  1.202047e+00 -6.000000e+01  9.159846e+01
     vertex  1.202047e+00 -4.000000e+01  9.159846e+01
   endloop
 endfacet
 facet normal  5.676304e-01 -0.000000e+00  8.232835e-01
   outer loop
     vertex  1.112566e+00 -6.000000e+01  9.166199e+01
     vertex  1.157742e+00 -6.000000e+01  9.163084e+01
     vertex  1.112566e+00 -4.000000e+01  9.166199e+01
   endloop
 endfacet
 facet normal  5.448308e-01  0.000000e+00  8.385460e-01
   outer loop
     vertex  1.066552e+00 -6.000000e+01  9.169188e+01
     vertex  1.112566e+00 -6.000000e+01  9.166199e+01
     vertex  1.112566e+00 -4.000000e+01  9.166199e+01
   endloop
 endfacet
 facet normal  5.448308e-01 -0.000000e+00  8.385460e-01
   outer loop
     vertex  1.066552e+00 -6.000000e+01  9.169188e+01
     vertex  1.112566e+00 -4.000000e+01  9.166199e+01
     vertex  1.066552e+00 -4.000000e+01  9.169188e+01
   endloop
 endfacet
 facet normal  5.216210e-01 -0.000000e+00  8.531773e-01
   outer loop
     vertex  1.066552e+00 -6.000000e+01  9.169188e+01
     vertex  1.066552e+00 -4.000000e+01  9.169188e+01
     vertex  1.019736e+00 -4.000000e+01  9.172051e+01
   endloop
 endfacet
 facet normal  5.216210e-01 -0.000000e+00  8.531773e-01
   outer loop
     vertex  1.019736e+00 -6.000000e+01  9.172051e+01
     vertex  1.066552e+00 -6.000000e+01  9.169188e+01
     vertex  1.019736e+00 -4.000000e+01  9.172051e+01
   endloop
 endfacet
 facet normal  4.980186e-01 -0.000000e+00  8.671664e-01
   outer loop
     vertex  9.721513e-01 -6.000000e+01  9.174783e+01
     vertex  1.019736e+00 -4.000000e+01  9.172051e+01
     vertex  9.721513e-01 -4.000000e+01  9.174783e+01
   endloop
 endfacet
 facet normal  4.980186e-01  0.000000e+00  8.671664e-01
   outer loop
     vertex  9.721513e-01 -6.000000e+01  9.174783e+01
     vertex  1.019736e+00 -6.000000e+01  9.172051e+01
     vertex  1.019736e+00 -4.000000e+01  9.172051e+01
   endloop
 endfacet
 facet normal  4.740412e-01 -0.000000e+00  8.805026e-01
   outer loop
     vertex  9.238352e-01 -6.000000e+01  9.177385e+01
     vertex  9.721513e-01 -4.000000e+01  9.174783e+01
     vertex  9.238352e-01 -4.000000e+01  9.177385e+01
   endloop
 endfacet
 facet normal  4.740412e-01  0.000000e+00  8.805026e-01
   outer loop
     vertex  9.238352e-01 -6.000000e+01  9.177385e+01
     vertex  9.721513e-01 -6.000000e+01  9.174783e+01
     vertex  9.721513e-01 -4.000000e+01  9.174783e+01
   endloop
 endfacet
 facet normal  4.497071e-01 -0.000000e+00  8.931761e-01
   outer loop
     vertex  8.748237e-01 -6.000000e+01  9.179852e+01
     vertex  9.238352e-01 -4.000000e+01  9.177385e+01
     vertex  8.748237e-01 -4.000000e+01  9.179852e+01
   endloop
 endfacet
 facet normal  4.497071e-01  0.000000e+00  8.931761e-01
   outer loop
     vertex  8.748237e-01 -6.000000e+01  9.179852e+01
     vertex  9.238352e-01 -6.000000e+01  9.177385e+01
     vertex  9.238352e-01 -4.000000e+01  9.177385e+01
   endloop
 endfacet
 facet normal  4.250344e-01 -0.000000e+00  9.051772e-01
   outer loop
     vertex  8.251537e-01 -6.000000e+01  9.182185e+01
     vertex  8.748237e-01 -4.000000e+01  9.179852e+01
     vertex  8.251537e-01 -4.000000e+01  9.182185e+01
   endloop
 endfacet
 facet normal  4.000417e-01 -0.000000e+00  9.164969e-01
   outer loop
     vertex  8.251537e-01 -6.000000e+01  9.182185e+01
     vertex  8.251537e-01 -4.000000e+01  9.182185e+01
     vertex  7.748625e-01 -4.000000e+01  9.184380e+01
   endloop
 endfacet
 facet normal  4.250344e-01  0.000000e+00  9.051772e-01
   outer loop
     vertex  8.251537e-01 -6.000000e+01  9.182185e+01
     vertex  8.748237e-01 -6.000000e+01  9.179852e+01
     vertex  8.748237e-01 -4.000000e+01  9.179852e+01
   endloop
 endfacet
 facet normal  4.000417e-01 -0.000000e+00  9.164969e-01
   outer loop
     vertex  7.748625e-01 -6.000000e+01  9.184380e+01
     vertex  8.251537e-01 -6.000000e+01  9.182185e+01
     vertex  7.748625e-01 -4.000000e+01  9.184380e+01
   endloop
 endfacet
 facet normal  3.747479e-01 -0.000000e+00  9.271267e-01
   outer loop
     vertex  7.239881e-01 -6.000000e+01  9.186436e+01
     vertex  7.748625e-01 -4.000000e+01  9.184380e+01
     vertex  7.239881e-01 -4.000000e+01  9.186436e+01
   endloop
 endfacet
 facet normal  3.491720e-01 -0.000000e+00  9.370586e-01
   outer loop
     vertex  7.239881e-01 -6.000000e+01  9.186436e+01
     vertex  7.239881e-01 -4.000000e+01  9.186436e+01
     vertex  6.725686e-01 -4.000000e+01  9.188352e+01
   endloop
 endfacet
 facet normal  3.747479e-01  0.000000e+00  9.271267e-01
   outer loop
     vertex  7.239881e-01 -6.000000e+01  9.186436e+01
     vertex  7.748625e-01 -6.000000e+01  9.184380e+01
     vertex  7.748625e-01 -4.000000e+01  9.184380e+01
   endloop
 endfacet
 facet normal  3.233333e-01 -0.000000e+00  9.462851e-01
   outer loop
     vertex  6.725686e-01 -6.000000e+01  9.188352e+01
     vertex  6.725686e-01 -4.000000e+01  9.188352e+01
     vertex  6.206429e-01 -4.000000e+01  9.190126e+01
   endloop
 endfacet
 facet normal  3.491720e-01 -0.000000e+00  9.370586e-01
   outer loop
     vertex  6.725686e-01 -6.000000e+01  9.188352e+01
     vertex  7.239881e-01 -6.000000e+01  9.186436e+01
     vertex  6.725686e-01 -4.000000e+01  9.188352e+01
   endloop
 endfacet
 facet normal  2.972512e-01 -0.000000e+00  9.547993e-01
   outer loop
     vertex  6.206429e-01 -6.000000e+01  9.190126e+01
     vertex  6.206429e-01 -4.000000e+01  9.190126e+01
     vertex  5.682499e-01 -4.000000e+01  9.191757e+01
   endloop
 endfacet
 facet normal  3.233333e-01 -0.000000e+00  9.462851e-01
   outer loop
     vertex  6.206429e-01 -6.000000e+01  9.190126e+01
     vertex  6.725686e-01 -6.000000e+01  9.188352e+01
     vertex  6.206429e-01 -4.000000e+01  9.190126e+01
   endloop
 endfacet
 facet normal  2.972512e-01 -0.000000e+00  9.547993e-01
   outer loop
     vertex  5.682499e-01 -6.000000e+01  9.191757e+01
     vertex  6.206429e-01 -6.000000e+01  9.190126e+01
     vertex  5.682499e-01 -4.000000e+01  9.191757e+01
   endloop
 endfacet
 facet normal  2.709453e-01 -0.000000e+00  9.625948e-01
   outer loop
     vertex  5.154292e-01 -6.000000e+01  9.193244e+01
     vertex  5.682499e-01 -4.000000e+01  9.191757e+01
     vertex  5.154292e-01 -4.000000e+01  9.193244e+01
   endloop
 endfacet
 facet normal  2.444354e-01 -0.000000e+00  9.696656e-01
   outer loop
     vertex  5.154292e-01 -6.000000e+01  9.193244e+01
     vertex  5.154292e-01 -4.000000e+01  9.193244e+01
     vertex  4.622205e-01 -4.000000e+01  9.194586e+01
   endloop
 endfacet
 facet normal  2.709453e-01  0.000000e+00  9.625948e-01
   outer loop
     vertex  5.154292e-01 -6.000000e+01  9.193244e+01
     vertex  5.682499e-01 -6.000000e+01  9.191757e+01
     vertex  5.682499e-01 -4.000000e+01  9.191757e+01
   endloop
 endfacet
 facet normal  2.444354e-01 -0.000000e+00  9.696656e-01
   outer loop
     vertex  4.622205e-01 -6.000000e+01  9.194586e+01
     vertex  5.154292e-01 -6.000000e+01  9.193244e+01
     vertex  4.622205e-01 -4.000000e+01  9.194586e+01
   endloop
 endfacet
 facet normal  2.177416e-01 -0.000000e+00  9.760065e-01
   outer loop
     vertex  4.086638e-01 -6.000000e+01  9.195780e+01
     vertex  4.622205e-01 -4.000000e+01  9.194586e+01
     vertex  4.086638e-01 -4.000000e+01  9.195780e+01
   endloop
 endfacet
 facet normal  1.908838e-01 -0.000000e+00  9.816126e-01
   outer loop
     vertex  4.086638e-01 -6.000000e+01  9.195780e+01
     vertex  4.086638e-01 -4.000000e+01  9.195780e+01
     vertex  3.547996e-01 -4.000000e+01  9.196828e+01
   endloop
 endfacet
 facet normal  2.177416e-01  0.000000e+00  9.760065e-01
   outer loop
     vertex  4.086638e-01 -6.000000e+01  9.195780e+01
     vertex  4.622205e-01 -6.000000e+01  9.194586e+01
     vertex  4.622205e-01 -4.000000e+01  9.194586e+01
   endloop
 endfacet
 facet normal  1.638824e-01 -0.000000e+00  9.864799e-01
   outer loop
     vertex  3.547996e-01 -6.000000e+01  9.196828e+01
     vertex  3.547996e-01 -4.000000e+01  9.196828e+01
     vertex  3.006682e-01 -4.000000e+01  9.197727e+01
   endloop
 endfacet
 facet normal  1.908838e-01 -0.000000e+00  9.816126e-01
   outer loop
     vertex  3.547996e-01 -6.000000e+01  9.196828e+01
     vertex  4.086638e-01 -6.000000e+01  9.195780e+01
     vertex  3.547996e-01 -4.000000e+01  9.196828e+01
   endloop
 endfacet
 facet normal  1.638824e-01 -0.000000e+00  9.864799e-01
   outer loop
     vertex  3.006682e-01 -6.000000e+01  9.197727e+01
     vertex  3.547996e-01 -6.000000e+01  9.196828e+01
     vertex  3.006682e-01 -4.000000e+01  9.197727e+01
   endloop
 endfacet
 facet normal  1.367575e-01 -0.000000e+00  9.906046e-01
   outer loop
     vertex  2.463105e-01 -6.000000e+01  9.198477e+01
     vertex  3.006682e-01 -4.000000e+01  9.197727e+01
     vertex  2.463105e-01 -4.000000e+01  9.198477e+01
   endloop
 endfacet
 facet normal  1.095298e-01 -0.000000e+00  9.939835e-01
   outer loop
     vertex  2.463105e-01 -6.000000e+01  9.198477e+01
     vertex  2.463105e-01 -4.000000e+01  9.198477e+01
     vertex  1.917674e-01 -4.000000e+01  9.199079e+01
   endloop
 endfacet
 facet normal  1.367575e-01  0.000000e+00  9.906046e-01
   outer loop
     vertex  2.463105e-01 -6.000000e+01  9.198477e+01
     vertex  3.006682e-01 -6.000000e+01  9.197727e+01
     vertex  3.006682e-01 -4.000000e+01  9.197727e+01
   endloop
 endfacet
 facet normal  1.095298e-01 -0.000000e+00  9.939835e-01
   outer loop
     vertex  1.917674e-01 -6.000000e+01  9.199079e+01
     vertex  2.463105e-01 -6.000000e+01  9.198477e+01
     vertex  1.917674e-01 -4.000000e+01  9.199079e+01
   endloop
 endfacet
 facet normal  8.221955e-02  0.000000e+00  9.966142e-01
   outer loop
     vertex  1.370799e-01 -6.000000e+01  9.199530e+01
     vertex  1.917674e-01 -6.000000e+01  9.199079e+01
     vertex  1.917674e-01 -4.000000e+01  9.199079e+01
   endloop
 endfacet
 facet normal  8.221955e-02 -0.000000e+00  9.966142e-01
   outer loop
     vertex  1.370799e-01 -6.000000e+01  9.199530e+01
     vertex  1.917674e-01 -4.000000e+01  9.199079e+01
     vertex  1.370799e-01 -4.000000e+01  9.199530e+01
   endloop
 endfacet
 facet normal  5.484744e-02 -0.000000e+00  9.984947e-01
   outer loop
     vertex  1.370799e-01 -6.000000e+01  9.199530e+01
     vertex  1.370799e-01 -4.000000e+01  9.199530e+01
     vertex  8.228924e-02 -4.000000e+01  9.199831e+01
   endloop
 endfacet
 facet normal  5.484744e-02 -0.000000e+00  9.984947e-01
   outer loop
     vertex  8.228924e-02 -6.000000e+01  9.199831e+01
     vertex  1.370799e-01 -6.000000e+01  9.199530e+01
     vertex  8.228924e-02 -4.000000e+01  9.199831e+01
   endloop
 endfacet
 facet normal  2.743405e-02  0.000000e+00  9.996236e-01
   outer loop
     vertex  2.743663e-02 -6.000000e+01  9.199981e+01
     vertex  8.228924e-02 -6.000000e+01  9.199831e+01
     vertex  8.228924e-02 -4.000000e+01  9.199831e+01
   endloop
 endfacet
 facet normal  2.743405e-02 -0.000000e+00  9.996236e-01
   outer loop
     vertex  2.743663e-02 -6.000000e+01  9.199981e+01
     vertex  8.228924e-02 -4.000000e+01  9.199831e+01
     vertex  2.743663e-02 -4.000000e+01  9.199981e+01
   endloop
 endfacet
 facet normal  0.000000e+00  0.000000e+00  1.000000e+00
   outer loop
     vertex -2.743663e-02 -6.000000e+01  9.199981e+01
     vertex  2.743663e-02 -6.000000e+01  9.199981e+01
     vertex  2.743663e-02 -4.000000e+01  9.199981e+01
   endloop
 endfacet
 facet normal  0.000000e+00  0.000000e+00  1.000000e+00
   outer loop
     vertex -2.743663e-02 -6.000000e+01  9.199981e+01
     vertex  2.743663e-02 -4.000000e+01  9.199981e+01
     vertex -2.743663e-02 -4.000000e+01  9.199981e+01
   endloop
 endfacet
 facet normal -2.743405e-02  0.000000e+00  9.996236e-01
   outer loop
     vertex -2.743663e-02 -6.000000e+01  9.199981e+01
     vertex -2.743663e-02 -4.000000e+01  9.199981e+01
     vertex -8.228924e-02 -4.000000e+01  9.199831e+01
   endloop
 endfacet
 facet normal -2.743405e-02  0.000000e+00  9.996236e-01
   outer loop
     vertex -8.228924e-02 -6.000000e+01  9.199831e+01
     vertex -2.743663e-02 -6.000000e+01  9.199981e+01
     vertex -8.228924e-02 -4.000000e+01  9.199831e+01
   endloop
 endfacet
 facet normal -5.484744e-02  0.000000e+00  9.984947e-01
   outer loop
     vertex -8.228924e-02 -6.000000e+01  9.199831e+01
     vertex -8.228924e-02 -4.000000e+01  9.199831e+01
     vertex -1.370799e-01 -4.000000e+01  9.199530e+01
   endloop
 endfacet
 facet normal -5.484744e-02  0.000000e+00  9.984947e-01
   outer loop
     vertex -1.370799e-01 -6.000000e+01  9.199530e+01
     vertex -8.228924e-02 -6.000000e+01  9.199831e+01
     vertex -1.370799e-01 -4.000000e+01  9.199530e+01
   endloop
 endfacet
 facet normal -8.221955e-02  0.000000e+00  9.966142e-01
   outer loop
     vertex -1.917674e-01 -6.000000e+01  9.199079e+01
     vertex -1.370799e-01 -6.000000e+01  9.199530e+01
     vertex -1.370799e-01 -4.000000e+01  9.199530e+01
   endloop
 endfacet
 facet normal -8.221955e-02  0.000000e+00  9.966142e-01
   outer loop
     vertex -1.917674e-01 -6.000000e+01  9.199079e+01
     vertex -1.370799e-01 -4.000000e+01  9.199530e+01
     vertex -1.917674e-01 -4.000000e+01  9.199079e+01
   endloop
 endfacet
 facet normal -1.095298e-01  0.000000e+00  9.939835e-01
   outer loop
     vertex -2.463105e-01 -6.000000e+01  9.198477e+01
     vertex -1.917674e-01 -6.000000e+01  9.199079e+01
     vertex -1.917674e-01 -4.000000e+01  9.199079e+01
   endloop
 endfacet
 facet normal -1.095298e-01  0.000000e+00  9.939835e-01
   outer loop
     vertex -2.463105e-01 -6.000000e+01  9.198477e+01
     vertex -1.917674e-01 -4.000000e+01  9.199079e+01
     vertex -2.463105e-01 -4.000000e+01  9.198477e+01
   endloop
 endfacet
 facet normal -1.367575e-01  0.000000e+00  9.906046e-01
   outer loop
     vertex -2.463105e-01 -6.000000e+01  9.198477e+01
     vertex -2.463105e-01 -4.000000e+01  9.198477e+01
     vertex -3.006682e-01 -4.000000e+01  9.197727e+01
   endloop
 endfacet
 facet normal -1.367575e-01  0.000000e+00  9.906046e-01
   outer loop
     vertex -3.006682e-01 -6.000000e+01  9.197727e+01
     vertex -2.463105e-01 -6.000000e+01  9.198477e+01
     vertex -3.006682e-01 -4.000000e+01  9.197727e+01
   endloop
 endfacet
 facet normal -1.638824e-01  0.000000e+00  9.864799e-01
   outer loop
     vertex -3.547996e-01 -6.000000e+01  9.196828e+01
     vertex -3.006682e-01 -6.000000e+01  9.197727e+01
     vertex -3.006682e-01 -4.000000e+01  9.197727e+01
   endloop
 endfacet
 facet normal -1.638824e-01  0.000000e+00  9.864799e-01
   outer loop
     vertex -3.547996e-01 -6.000000e+01  9.196828e+01
     vertex -3.006682e-01 -4.000000e+01  9.197727e+01
     vertex -3.547996e-01 -4.000000e+01  9.196828e+01
   endloop
 endfacet
 facet normal -1.908838e-01  0.000000e+00  9.816126e-01
   outer loop
     vertex -4.086638e-01 -6.000000e+01  9.195780e+01
     vertex -3.547996e-01 -6.000000e+01  9.196828e+01
     vertex -3.547996e-01 -4.000000e+01  9.196828e+01
   endloop
 endfacet
 facet normal -1.908838e-01  0.000000e+00  9.816126e-01
   outer loop
     vertex -4.086638e-01 -6.000000e+01  9.195780e+01
     vertex -3.547996e-01 -4.000000e+01  9.196828e+01
     vertex -4.086638e-01 -4.000000e+01  9.195780e+01
   endloop
 endfacet
 facet normal -2.177416e-01  0.000000e+00  9.760065e-01
   outer loop
     vertex -4.086638e-01 -6.000000e+01  9.195780e+01
     vertex -4.086638e-01 -4.000000e+01  9.195780e+01
     vertex -4.622205e-01 -4.000000e+01  9.194586e+01
   endloop
 endfacet
 facet normal -2.177416e-01  0.000000e+00  9.760065e-01
   outer loop
     vertex -4.622205e-01 -6.000000e+01  9.194586e+01
     vertex -4.086638e-01 -6.000000e+01  9.195780e+01
     vertex -4.622205e-01 -4.000000e+01  9.194586e+01
   endloop
 endfacet
 facet normal -2.444354e-01  0.000000e+00  9.696656e-01
   outer loop
     vertex -5.154292e-01 -6.000000e+01  9.193244e+01
     vertex -4.622205e-01 -4.000000e+01  9.194586e+01
     vertex -5.154292e-01 -4.000000e+01  9.193244e+01
   endloop
 endfacet
 facet normal -2.709453e-01  0.000000e+00  9.625948e-01
   outer loop
     vertex -5.154292e-01 -6.000000e+01  9.193244e+01
     vertex -5.154292e-01 -4.000000e+01  9.193244e+01
     vertex -5.682499e-01 -4.000000e+01  9.191757e+01
   endloop
 endfacet
 facet normal -2.444354e-01  0.000000e+00  9.696656e-01
   outer loop
     vertex -5.154292e-01 -6.000000e+01  9.193244e+01
     vertex -4.622205e-01 -6.000000e+01  9.194586e+01
     vertex -4.622205e-01 -4.000000e+01  9.194586e+01
   endloop
 endfacet
 facet normal -2.709453e-01  0.000000e+00  9.625948e-01
   outer loop
     vertex -5.682499e-01 -6.000000e+01  9.191757e+01
     vertex -5.154292e-01 -6.000000e+01  9.193244e+01
     vertex -5.682499e-01 -4.000000e+01  9.191757e+01
   endloop
 endfacet
 facet normal -2.972512e-01  0.000000e+00  9.547993e-01
   outer loop
     vertex -6.206429e-01 -6.000000e+01  9.190126e+01
     vertex -5.682499e-01 -4.000000e+01  9.191757e+01
     vertex -6.206429e-01 -4.000000e+01  9.190126e+01
   endloop
 endfacet
 facet normal -3.233333e-01  0.000000e+00  9.462851e-01
   outer loop
     vertex -6.206429e-01 -6.000000e+01  9.190126e+01
     vertex -6.206429e-01 -4.000000e+01  9.190126e+01
     vertex -6.725686e-01 -4.000000e+01  9.188352e+01
   endloop
 endfacet
 facet normal -2.972512e-01  0.000000e+00  9.547993e-01
   outer loop
     vertex -6.206429e-01 -6.000000e+01  9.190126e+01
     vertex -5.682499e-01 -6.000000e+01  9.191757e+01
     vertex -5.682499e-01 -4.000000e+01  9.191757e+01
   endloop
 endfacet
 facet normal -3.233333e-01  0.000000e+00  9.462851e-01
   outer loop
     vertex -6.725686e-01 -6.000000e+01  9.188352e+01
     vertex -6.206429e-01 -6.000000e+01  9.190126e+01
     vertex -6.725686e-01 -4.000000e+01  9.188352e+01
   endloop
 endfacet
 facet normal -3.491720e-01  0.000000e+00  9.370586e-01
   outer loop
     vertex -7.239881e-01 -6.000000e+01  9.186436e+01
     vertex -6.725686e-01 -4.000000e+01  9.188352e+01
     vertex -7.239881e-01 -4.000000e+01  9.186436e+01
   endloop
 endfacet
 facet normal -3.747479e-01  0.000000e+00  9.271267e-01
   outer loop
     vertex -7.239881e-01 -6.000000e+01  9.186436e+01
     vertex -7.239881e-01 -4.000000e+01  9.186436e+01
     vertex -7.748625e-01 -4.000000e+01  9.184380e+01
   endloop
 endfacet
 facet normal -3.491720e-01  0.000000e+00  9.370586e-01
   outer loop
     vertex -7.239881e-01 -6.000000e+01  9.186436e+01
     vertex -6.725686e-01 -6.000000e+01  9.188352e+01
     vertex -6.725686e-01 -4.000000e+01  9.188352e+01
   endloop
 endfacet
 facet normal -3.747479e-01  0.000000e+00  9.271267e-01
   outer loop
     vertex -7.748625e-01 -6.000000e+01  9.184380e+01
     vertex -7.239881e-01 -6.000000e+01  9.186436e+01
     vertex -7.748625e-01 -4.000000e+01  9.184380e+01
   endloop
 endfacet
 facet normal -4.000417e-01  0.000000e+00  9.164969e-01
   outer loop
     vertex -8.251537e-01 -6.000000e+01  9.182185e+01
     vertex -7.748625e-01 -4.000000e+01  9.184380e+01
     vertex -8.251537e-01 -4.000000e+01  9.182185e+01
   endloop
 endfacet
 facet normal -4.000417e-01  0.000000e+00  9.164969e-01
   outer loop
     vertex -8.251537e-01 -6.000000e+01  9.182185e+01
     vertex -7.748625e-01 -6.000000e+01  9.184380e+01
     vertex -7.748625e-01 -4.000000e+01  9.184380e+01
   endloop
 endfacet
 facet normal -4.250344e-01  0.000000e+00  9.051772e-01
   outer loop
     vertex -8.748237e-01 -6.000000e+01  9.179852e+01
     vertex -8.251537e-01 -4.000000e+01  9.182185e+01
     vertex -8.748237e-01 -4.000000e+01  9.179852e+01
   endloop
 endfacet
 facet normal -4.250344e-01  0.000000e+00  9.051772e-01
   outer loop
     vertex -8.748237e-01 -6.000000e+01  9.179852e+01
     vertex -8.251537e-01 -6.000000e+01  9.182185e+01
     vertex -8.251537e-01 -4.000000e+01  9.182185e+01
   endloop
 endfacet
 facet normal -4.497071e-01  0.000000e+00  8.931761e-01
   outer loop
     vertex -9.238352e-01 -6.000000e+01  9.177385e+01
     vertex -8.748237e-01 -4.000000e+01  9.179852e+01
     vertex -9.238352e-01 -4.000000e+01  9.177385e+01
   endloop
 endfacet
 facet normal -4.497071e-01  0.000000e+00  8.931761e-01
   outer loop
     vertex -9.238352e-01 -6.000000e+01  9.177385e+01
     vertex -8.748237e-01 -6.000000e+01  9.179852e+01
     vertex -8.748237e-01 -4.000000e+01  9.179852e+01
   endloop
 endfacet
 facet normal -4.740412e-01  0.000000e+00  8.805026e-01
   outer loop
     vertex -9.721513e-01 -6.000000e+01  9.174783e+01
     vertex -9.238352e-01 -4.000000e+01  9.177385e+01
     vertex -9.721513e-01 -4.000000e+01  9.174783e+01
   endloop
 endfacet
 facet normal -4.980186e-01  0.000000e+00  8.671664e-01
   outer loop
     vertex -9.721513e-01 -6.000000e+01  9.174783e+01
     vertex -9.721513e-01 -4.000000e+01  9.174783e+01
     vertex -1.019736e+00 -4.000000e+01  9.172051e+01
   endloop
 endfacet
 facet normal -4.740412e-01  0.000000e+00  8.805026e-01
   outer loop
     vertex -9.721513e-01 -6.000000e+01  9.174783e+01
     vertex -9.238352e-01 -6.000000e+01  9.177385e+01
     vertex -9.238352e-01 -4.000000e+01  9.177385e+01
   endloop
 endfacet
 facet normal -5.216210e-01  0.000000e+00  8.531773e-01
   outer loop
     vertex -1.019736e+00 -6.000000e+01  9.172051e+01
     vertex -1.019736e+00 -4.000000e+01  9.172051e+01
     vertex -1.066552e+00 -4.000000e+01  9.169188e+01
   endloop
 endfacet
 facet normal -4.980186e-01  0.000000e+00  8.671664e-01
   outer loop
     vertex -1.019736e+00 -6.000000e+01  9.172051e+01
     vertex -9.721513e-01 -6.000000e+01  9.174783e+01
     vertex -1.019736e+00 -4.000000e+01  9.172051e+01
   endloop
 endfacet
 facet normal -5.216210e-01  0.000000e+00  8.531773e-01
   outer loop
     vertex -1.066552e+00 -6.000000e+01  9.169188e+01
     vertex -1.019736e+00 -6.000000e+01  9.172051e+01
     vertex -1.066552e+00 -4.000000e+01  9.169188e+01
   endloop
 endfacet
 facet normal -5.448308e-01  0.000000e+00  8.385460e-01
   outer loop
     vertex -1.112566e+00 -6.000000e+01  9.166199e+01
     vertex -1.066552e+00 -6.000000e+01  9.169188e+01
     vertex -1.066552e+00 -4.000000e+01  9.169188e+01
   endloop
 endfacet
 facet normal -5.448308e-01  0.000000e+00  8.385460e-01
   outer loop
     vertex -1.112566e+00 -6.000000e+01  9.166199e+01
     vertex -1.066552e+00 -4.000000e+01  9.169188e+01
     vertex -1.112566e+00 -4.000000e+01  9.166199e+01
   endloop
 endfacet
 facet normal -5.676304e-01  0.000000e+00  8.232835e-01
   outer loop
     vertex -1.112566e+00 -6.000000e+01  9.166199e+01
     vertex -1.112566e+00 -4.000000e+01  9.166199e+01
     vertex -1.157742e+00 -4.000000e+01  9.163084e+01
   endloop
 endfacet
 facet normal -5.676304e-01  0.000000e+00  8.232835e-01
   outer loop
     vertex -1.157742e+00 -6.000000e+01  9.163084e+01
     vertex -1.112566e+00 -6.000000e+01  9.166199e+01
     vertex -1.157742e+00 -4.000000e+01  9.163084e+01
   endloop
 endfacet
 facet normal -5.900028e-01  0.000000e+00  8.074012e-01
   outer loop
     vertex -1.202047e+00 -6.000000e+01  9.159846e+01
     vertex -1.157742e+00 -6.000000e+01  9.163084e+01
     vertex -1.157742e+00 -4.000000e+01  9.163084e+01
   endloop
 endfacet
 facet normal -5.900028e-01  0.000000e+00  8.074012e-01
   outer loop
     vertex -1.202047e+00 -6.000000e+01  9.159846e+01
     vertex -1.157742e+00 -4.000000e+01  9.163084e+01
     vertex -1.202047e+00 -4.000000e+01  9.159846e+01
   endloop
 endfacet
 facet normal -6.119310e-01  0.000000e+00  7.909112e-01
   outer loop
     vertex -1.245447e+00 -6.000000e+01  9.156488e+01
     vertex -1.202047e+00 -6.000000e+01  9.159846e+01
     vertex -1.202047e+00 -4.000000e+01  9.159846e+01
   endloop
 endfacet
 facet normal -6.119310e-01  0.000000e+00  7.909112e-01
   outer loop
     vertex -1.245447e+00 -6.000000e+01  9.156488e+01
     vertex -1.202047e+00 -4.000000e+01  9.159846e+01
     vertex -1.245447e+00 -4.000000e+01  9.156488e+01
   endloop
 endfacet
 facet normal -6.333986e-01  0.000000e+00  7.738257e-01
   outer loop
     vertex -1.287909e+00 -6.000000e+01  9.153013e+01
     vertex -1.245447e+00 -6.000000e+01  9.156488e+01
     vertex -1.245447e+00 -4.000000e+01  9.156488e+01
   endloop
 endfacet
 facet normal -6.333986e-01  0.000000e+00  7.738257e-01
   outer loop
     vertex -1.287909e+00 -6.000000e+01  9.153013e+01
     vertex -1.245447e+00 -4.000000e+01  9.156488e+01
     vertex -1.287909e+00 -4.000000e+01  9.153013e+01
   endloop
 endfacet
 facet normal -6.543893e-01  0.000000e+00  7.561578e-01
   outer loop
     vertex -1.329402e+00 -6.000000e+01  9.149422e+01
     vertex -1.287909e+00 -6.000000e+01  9.153013e+01
     vertex -1.287909e+00 -4.000000e+01  9.153013e+01
   endloop
 endfacet
 facet normal -6.543893e-01  0.000000e+00  7.561578e-01
   outer loop
     vertex -1.329402e+00 -6.000000e+01  9.149422e+01
     vertex -1.287909e+00 -4.000000e+01  9.153013e+01
     vertex -1.329402e+00 -4.000000e+01  9.149422e+01
   endloop
 endfacet
 facet normal -6.748875e-01  0.000000e+00  7.379206e-01
   outer loop
     vertex -1.329402e+00 -6.000000e+01  9.149422e+01
     vertex -1.329402e+00 -4.000000e+01  9.149422e+01
     vertex -1.369894e+00 -4.000000e+01  9.145719e+01
   endloop
 endfacet
 facet normal -6.748875e-01  0.000000e+00  7.379206e-01
   outer loop
     vertex -1.369894e+00 -6.000000e+01  9.145719e+01
     vertex -1.329402e+00 -6.000000e+01  9.149422e+01
     vertex -1.369894e+00 -4.000000e+01  9.145719e+01
   endloop
 endfacet
 facet normal -6.948776e-01  0.000000e+00  7.191280e-01
   outer loop
     vertex -1.409355e+00 -6.000000e+01  9.141906e+01
     vertex -1.369894e+00 -6.000000e+01  9.145719e+01
     vertex -1.369894e+00 -4.000000e+01  9.145719e+01
   endloop
 endfacet
 facet normal -6.948776e-01  0.000000e+00  7.191280e-01
   outer loop
     vertex -1.409355e+00 -6.000000e+01  9.141906e+01
     vertex -1.369894e+00 -4.000000e+01  9.145719e+01
     vertex -1.409355e+00 -4.000000e+01  9.141906e+01
   endloop
 endfacet
 facet normal -7.143447e-01  0.000000e+00  6.997940e-01
   outer loop
     vertex -1.447755e+00 -6.000000e+01  9.137986e+01
     vertex -1.409355e+00 -6.000000e+01  9.141906e+01
     vertex -1.409355e+00 -4.000000e+01  9.141906e+01
   endloop
 endfacet
 facet normal -7.143447e-01  0.000000e+00  6.997940e-01
   outer loop
     vertex -1.447755e+00 -6.000000e+01  9.137986e+01
     vertex -1.409355e+00 -4.000000e+01  9.141906e+01
     vertex -1.447755e+00 -4.000000e+01  9.137986e+01
   endloop
 endfacet
 facet normal -7.332740e-01  0.000000e+00  6.799333e-01
   outer loop
     vertex -1.447755e+00 -6.000000e+01  9.137986e+01
     vertex -1.447755e+00 -4.000000e+01  9.137986e+01
     vertex -1.485065e+00 -4.000000e+01  9.133962e+01
   endloop
 endfacet
 facet normal -7.332740e-01  0.000000e+00  6.799333e-01
   outer loop
     vertex -1.485065e+00 -6.000000e+01  9.133962e+01
     vertex -1.447755e+00 -6.000000e+01  9.137986e+01
     vertex -1.485065e+00 -4.000000e+01  9.133962e+01
   endloop
 endfacet
 facet normal -7.516513e-01  0.000000e+00  6.595607e-01
   outer loop
     vertex -1.485065e+00 -6.000000e+01  9.133962e+01
     vertex -1.485065e+00 -4.000000e+01  9.133962e+01
     vertex -1.521257e+00 -4.000000e+01  9.129837e+01
   endloop
 endfacet
 facet normal -7.516513e-01  0.000000e+00  6.595607e-01
   outer loop
     vertex -1.521257e+00 -6.000000e+01  9.129837e+01
     vertex -1.485065e+00 -6.000000e+01  9.133962e+01
     vertex -1.521257e+00 -4.000000e+01  9.129837e+01
   endloop
 endfacet
 facet normal -7.694628e-01  0.000000e+00  6.386916e-01
   outer loop
     vertex -1.556304e+00 -6.000000e+01  9.125615e+01
     vertex -1.521257e+00 -6.000000e+01  9.129837e+01
     vertex -1.521257e+00 -4.000000e+01  9.129837e+01
   endloop
 endfacet
 facet normal -7.694628e-01  0.000000e+00  6.386916e-01
   outer loop
     vertex -1.556304e+00 -6.000000e+01  9.125615e+01
     vertex -1.521257e+00 -4.000000e+01  9.129837e+01
     vertex -1.556304e+00 -4.000000e+01  9.125615e+01
   endloop
 endfacet
 facet normal -7.866951e-01  0.000000e+00  6.173417e-01
   outer loop
     vertex -1.590180e+00 -6.000000e+01  9.121298e+01
     vertex -1.556304e+00 -6.000000e+01  9.125615e+01
     vertex -1.556304e+00 -4.000000e+01  9.125615e+01
   endloop
 endfacet
 facet normal -7.866951e-01  0.000000e+00  6.173417e-01
   outer loop
     vertex -1.590180e+00 -6.000000e+01  9.121298e+01
     vertex -1.556304e+00 -4.000000e+01  9.125615e+01
     vertex -1.590180e+00 -4.000000e+01  9.121298e+01
   endloop
 endfacet
 facet normal -8.033352e-01  0.000000e+00  5.955271e-01
   outer loop
     vertex -1.622858e+00 -6.000000e+01  9.116890e+01
     vertex -1.590180e+00 -6.000000e+01  9.121298e+01
     vertex -1.590180e+00 -4.000000e+01  9.121298e+01
   endloop
 endfacet
 facet normal -8.033352e-01  0.000000e+00  5.955271e-01
   outer loop
     vertex -1.622858e+00 -6.000000e+01  9.116890e+01
     vertex -1.590180e+00 -4.000000e+01  9.121298e+01
     vertex -1.622858e+00 -4.000000e+01  9.116890e+01
   endloop
 endfacet
 facet normal -8.193706e-01  0.000000e+00  5.732642e-01
   outer loop
     vertex -1.654315e+00 -6.000000e+01  9.112394e+01
     vertex -1.622858e+00 -6.000000e+01  9.116890e+01
     vertex -1.622858e+00 -4.000000e+01  9.116890e+01
   endloop
 endfacet
 facet normal -8.193706e-01  0.000000e+00  5.732642e-01
   outer loop
     vertex -1.654315e+00 -6.000000e+01  9.112394e+01
     vertex -1.622858e+00 -4.000000e+01  9.116890e+01
     vertex -1.654315e+00 -4.000000e+01  9.112394e+01
   endloop
 endfacet
 facet normal -8.347891e-01  0.000000e+00  5.505698e-01
   outer loop
     vertex -1.684527e+00 -6.000000e+01  9.107813e+01
     vertex -1.654315e+00 -6.000000e+01  9.112394e+01
     vertex -1.654315e+00 -4.000000e+01  9.112394e+01
   endloop
 endfacet
 facet normal -8.347891e-01  0.000000e+00  5.505698e-01
   outer loop
     vertex -1.684527e+00 -6.000000e+01  9.107813e+01
     vertex -1.654315e+00 -4.000000e+01  9.112394e+01
     vertex -1.684527e+00 -4.000000e+01  9.107813e+01
   endloop
 endfacet
 facet normal -8.495793e-01  0.000000e+00  5.274609e-01
   outer loop
     vertex -1.713470e+00 -6.000000e+01  9.103151e+01
     vertex -1.684527e+00 -6.000000e+01  9.107813e+01
     vertex -1.684527e+00 -4.000000e+01  9.107813e+01
   endloop
 endfacet
 facet normal -8.495793e-01  0.000000e+00  5.274609e-01
   outer loop
     vertex -1.713470e+00 -6.000000e+01  9.103151e+01
     vertex -1.684527e+00 -4.000000e+01  9.107813e+01
     vertex -1.713470e+00 -4.000000e+01  9.103151e+01
   endloop
 endfacet
 facet normal -8.637299e-01  0.000000e+00  5.039550e-01
   outer loop
     vertex -1.713470e+00 -6.000000e+01  9.103151e+01
     vertex -1.713470e+00 -4.000000e+01  9.103151e+01
     vertex -1.741124e+00 -4.000000e+01  9.098412e+01
   endloop
 endfacet
 facet normal -8.637299e-01  0.000000e+00  5.039550e-01
   outer loop
     vertex -1.741124e+00 -6.000000e+01  9.098412e+01
     vertex -1.713470e+00 -6.000000e+01  9.103151e+01
     vertex -1.741124e+00 -4.000000e+01  9.098412e+01
   endloop
 endfacet
 facet normal -8.772303e-01  0.000000e+00  4.800697e-01
   outer loop
     vertex -1.767467e+00 -6.000000e+01  9.093598e+01
     vertex -1.741124e+00 -6.000000e+01  9.098412e+01
     vertex -1.741124e+00 -4.000000e+01  9.098412e+01
   endloop
 endfacet
 facet normal -8.772303e-01  0.000000e+00  4.800697e-01
   outer loop
     vertex -1.767467e+00 -6.000000e+01  9.093598e+01
     vertex -1.741124e+00 -4.000000e+01  9.098412e+01
     vertex -1.767467e+00 -4.000000e+01  9.093598e+01
   endloop
 endfacet
 facet normal -8.900704e-01  0.000000e+00  4.558231e-01
   outer loop
     vertex -1.792480e+00 -6.000000e+01  9.088714e+01
     vertex -1.767467e+00 -6.000000e+01  9.093598e+01
     vertex -1.767467e+00 -4.000000e+01  9.093598e+01
   endloop
 endfacet
 facet normal -8.900704e-01  0.000000e+00  4.558231e-01
   outer loop
     vertex -1.792480e+00 -6.000000e+01  9.088714e+01
     vertex -1.767467e+00 -4.000000e+01  9.093598e+01
     vertex -1.792480e+00 -4.000000e+01  9.088714e+01
   endloop
 endfacet
 facet normal -9.022405e-01  0.000000e+00  4.312333e-01
   outer loop
     vertex -1.792480e+00 -6.000000e+01  9.088714e+01
     vertex -1.792480e+00 -4.000000e+01  9.088714e+01
     vertex -1.816143e+00 -4.000000e+01  9.083763e+01
   endloop
 endfacet
 facet normal -9.022405e-01  0.000000e+00  4.312333e-01
   outer loop
     vertex -1.816143e+00 -6.000000e+01  9.083763e+01
     vertex -1.792480e+00 -6.000000e+01  9.088714e+01
     vertex -1.816143e+00 -4.000000e+01  9.083763e+01
   endloop
 endfacet
 facet normal -9.137314e-01  0.000000e+00  4.063188e-01
   outer loop
     vertex -1.838439e+00 -6.000000e+01  9.078749e+01
     vertex -1.816143e+00 -6.000000e+01  9.083763e+01
     vertex -1.816143e+00 -4.000000e+01  9.083763e+01
   endloop
 endfacet
 facet normal -9.137314e-01  0.000000e+00  4.063188e-01
   outer loop
     vertex -1.838439e+00 -6.000000e+01  9.078749e+01
     vertex -1.816143e+00 -4.000000e+01  9.083763e+01
     vertex -1.838439e+00 -4.000000e+01  9.078749e+01
   endloop
 endfacet
 facet normal -9.245344e-01  0.000000e+00  3.810986e-01
   outer loop
     vertex -1.859351e+00 -6.000000e+01  9.073676e+01
     vertex -1.838439e+00 -4.000000e+01  9.078749e+01
     vertex -1.859351e+00 -4.000000e+01  9.073676e+01
   endloop
 endfacet
 facet normal -9.245344e-01  0.000000e+00  3.810986e-01
   outer loop
     vertex -1.859351e+00 -6.000000e+01  9.073676e+01
     vertex -1.838439e+00 -6.000000e+01  9.078749e+01
     vertex -1.838439e+00 -4.000000e+01  9.078749e+01
   endloop
 endfacet
 facet normal -9.346415e-01  0.000000e+00  3.555914e-01
   outer loop
     vertex -1.878863e+00 -6.000000e+01  9.068547e+01
     vertex -1.859351e+00 -4.000000e+01  9.073676e+01
     vertex -1.878863e+00 -4.000000e+01  9.068547e+01
   endloop
 endfacet
 facet normal -9.346415e-01  0.000000e+00  3.555914e-01
   outer loop
     vertex -1.878863e+00 -6.000000e+01  9.068547e+01
     vertex -1.859351e+00 -6.000000e+01  9.073676e+01
     vertex -1.859351e+00 -4.000000e+01  9.073676e+01
   endloop
 endfacet
 facet normal -9.440450e-01  0.000000e+00  3.298166e-01
   outer loop
     vertex -1.896961e+00 -6.000000e+01  9.063367e+01
     vertex -1.878863e+00 -4.000000e+01  9.068547e+01
     vertex -1.896961e+00 -4.000000e+01  9.063367e+01
   endloop
 endfacet
 facet normal -9.440450e-01  0.000000e+00  3.298166e-01
   outer loop
     vertex -1.896961e+00 -6.000000e+01  9.063367e+01
     vertex -1.878863e+00 -6.000000e+01  9.068547e+01
     vertex -1.878863e+00 -4.000000e+01  9.068547e+01
   endloop
 endfacet
 facet normal -9.527379e-01  0.000000e+00  3.037934e-01
   outer loop
     vertex -1.913632e+00 -6.000000e+01  9.058139e+01
     vertex -1.896961e+00 -4.000000e+01  9.063367e+01
     vertex -1.913632e+00 -4.000000e+01  9.058139e+01
   endloop
 endfacet
 facet normal -9.527379e-01  0.000000e+00  3.037934e-01
   outer loop
     vertex -1.913632e+00 -6.000000e+01  9.058139e+01
     vertex -1.896961e+00 -6.000000e+01  9.063367e+01
     vertex -1.896961e+00 -4.000000e+01  9.063367e+01
   endloop
 endfacet
 facet normal -9.607136e-01  0.000000e+00  2.775416e-01
   outer loop
     vertex -1.928861e+00 -6.000000e+01  9.052867e+01
     vertex -1.913632e+00 -6.000000e+01  9.058139e+01
     vertex -1.913632e+00 -4.000000e+01  9.058139e+01
   endloop
 endfacet
 facet normal -9.607136e-01  0.000000e+00  2.775416e-01
   outer loop
     vertex -1.928861e+00 -6.000000e+01  9.052867e+01
     vertex -1.913632e+00 -4.000000e+01  9.058139e+01
     vertex -1.928861e+00 -4.000000e+01  9.052867e+01
   endloop
 endfacet
 facet normal -9.679661e-01  0.000000e+00  2.510809e-01
   outer loop
     vertex -1.942639e+00 -6.000000e+01  9.047556e+01
     vertex -1.928861e+00 -6.000000e+01  9.052867e+01
     vertex -1.928861e+00 -4.000000e+01  9.052867e+01
   endloop
 endfacet
 facet normal -9.679661e-01  0.000000e+00  2.510809e-01
   outer loop
     vertex -1.942639e+00 -6.000000e+01  9.047556e+01
     vertex -1.928861e+00 -4.000000e+01  9.052867e+01
     vertex -1.942639e+00 -4.000000e+01  9.047556e+01
   endloop
 endfacet
 facet normal -9.744899e-01  0.000000e+00  2.244312e-01
   outer loop
     vertex -1.954954e+00 -6.000000e+01  9.042208e+01
     vertex -1.942639e+00 -6.000000e+01  9.047556e+01
     vertex -1.942639e+00 -4.000000e+01  9.047556e+01
   endloop
 endfacet
 facet normal -9.744899e-01  0.000000e+00  2.244312e-01
   outer loop
     vertex -1.954954e+00 -6.000000e+01  9.042208e+01
     vertex -1.942639e+00 -4.000000e+01  9.047556e+01
     vertex -1.954954e+00 -4.000000e+01  9.042208e+01
   endloop
 endfacet
 facet normal -9.802802e-01  0.000000e+00  1.976125e-01
   outer loop
     vertex -1.965798e+00 -6.000000e+01  9.036829e+01
     vertex -1.954954e+00 -6.000000e+01  9.042208e+01
     vertex -1.954954e+00 -4.000000e+01  9.042208e+01
   endloop
 endfacet
 facet normal -9.802802e-01  0.000000e+00  1.976125e-01
   outer loop
     vertex -1.965798e+00 -6.000000e+01  9.036829e+01
     vertex -1.954954e+00 -4.000000e+01  9.042208e+01
     vertex -1.965798e+00 -4.000000e+01  9.036829e+01
   endloop
 endfacet
 facet normal -9.853326e-01  0.000000e+00  1.706451e-01
   outer loop
     vertex -1.975162e+00 -6.000000e+01  9.031422e+01
     vertex -1.965798e+00 -6.000000e+01  9.036829e+01
     vertex -1.965798e+00 -4.000000e+01  9.036829e+01
   endloop
 endfacet
 facet normal -9.853326e-01  0.000000e+00  1.706451e-01
   outer loop
     vertex -1.975162e+00 -6.000000e+01  9.031422e+01
     vertex -1.965798e+00 -4.000000e+01  9.036829e+01
     vertex -1.975162e+00 -4.000000e+01  9.031422e+01
   endloop
 endfacet
 facet normal -9.896432e-01  0.000000e+00  1.435492e-01
   outer loop
     vertex -1.983039e+00 -6.000000e+01  9.025992e+01
     vertex -1.975162e+00 -6.000000e+01  9.031422e+01
     vertex -1.975162e+00 -4.000000e+01  9.031422e+01
   endloop
 endfacet
 facet normal -9.896432e-01  0.000000e+00  1.435492e-01
   outer loop
     vertex -1.983039e+00 -6.000000e+01  9.025992e+01
     vertex -1.975162e+00 -4.000000e+01  9.031422e+01
     vertex -1.983039e+00 -4.000000e+01  9.025992e+01
   endloop
 endfacet
 facet normal -9.932088e-01  0.000000e+00  1.163452e-01
   outer loop
     vertex -1.989423e+00 -6.000000e+01  9.020542e+01
     vertex -1.983039e+00 -6.000000e+01  9.025992e+01
     vertex -1.983039e+00 -4.000000e+01  9.025992e+01
   endloop
 endfacet
 facet normal -9.932088e-01  0.000000e+00  1.163452e-01
   outer loop
     vertex -1.989423e+00 -6.000000e+01  9.020542e+01
     vertex -1.983039e+00 -4.000000e+01  9.025992e+01
     vertex -1.989423e+00 -4.000000e+01  9.020542e+01
   endloop
 endfacet
 facet normal -9.960268e-01  0.000000e+00  8.905371e-02
   outer loop
     vertex -1.994310e+00 -6.000000e+01  9.015076e+01
     vertex -1.989423e+00 -6.000000e+01  9.020542e+01
     vertex -1.989423e+00 -4.000000e+01  9.020542e+01
   endloop
 endfacet
 facet normal -9.960268e-01  0.000000e+00  8.905371e-02
   outer loop
     vertex -1.994310e+00 -6.000000e+01  9.015076e+01
     vertex -1.989423e+00 -4.000000e+01  9.020542e+01
     vertex -1.994310e+00 -4.000000e+01  9.015076e+01
   endloop
 endfacet
 facet normal -9.980950e-01  0.000000e+00  6.169515e-02
   outer loop
     vertex -1.997695e+00 -6.000000e+01  9.009599e+01
     vertex -1.994310e+00 -6.000000e+01  9.015076e+01
     vertex -1.994310e+00 -4.000000e+01  9.015076e+01
   endloop
 endfacet
 facet normal -9.980950e-01  0.000000e+00  6.169515e-02
   outer loop
     vertex -1.997695e+00 -6.000000e+01  9.009599e+01
     vertex -1.994310e+00 -4.000000e+01  9.015076e+01
     vertex -1.997695e+00 -4.000000e+01  9.009599e+01
   endloop
 endfacet
 facet normal -9.994119e-01  0.000000e+00  3.429014e-02
   outer loop
     vertex -1.999577e+00 -6.000000e+01  9.004115e+01
     vertex -1.997695e+00 -6.000000e+01  9.009599e+01
     vertex -1.997695e+00 -4.000000e+01  9.009599e+01
   endloop
 endfacet
 facet normal -9.994119e-01  0.000000e+00  3.429014e-02
   outer loop
     vertex -1.999577e+00 -6.000000e+01  9.004115e+01
     vertex -1.997695e+00 -4.000000e+01  9.009599e+01
     vertex -1.999577e+00 -4.000000e+01  9.004115e+01
   endloop
 endfacet
 facet normal -9.999765e-01  0.000000e+00  6.859319e-03
   outer loop
     vertex -1.999577e+00 -6.000000e+01  9.004115e+01
     vertex -1.999577e+00 -4.000000e+01  9.004115e+01
     vertex -1.999953e+00 -4.000000e+01  8.998628e+01
   endloop
 endfacet
 facet normal -9.999765e-01  0.000000e+00  6.859319e-03
   outer loop
     vertex -1.999953e+00 -6.000000e+01  8.998628e+01
     vertex -1.999577e+00 -6.000000e+01  9.004115e+01
     vertex -1.999953e+00 -4.000000e+01  8.998628e+01
   endloop
 endfacet
 facet normal -9.997883e-01  0.000000e+00 -2.057667e-02
   outer loop
     vertex -1.999953e+00 -6.000000e+01  8.998628e+01
     vertex -1.999953e+00 -4.000000e+01  8.998628e+01
     vertex -1.998824e+00 -4.000000e+01  8.993142e+01
   endloop
 endfacet
 facet normal -9.997883e-01  0.000000e+00 -2.057667e-02
   outer loop
     vertex -1.998824e+00 -6.000000e+01  8.993142e+01
     vertex -1.999953e+00 -6.000000e+01  8.998628e+01
     vertex -1.998824e+00 -4.000000e+01  8.993142e+01
   endloop
 endfacet
 facet normal -9.988475e-01  0.000000e+00 -4.799716e-02
   outer loop
     vertex -1.996190e+00 -6.000000e+01  8.987661e+01
     vertex -1.998824e+00 -4.000000e+01  8.993142e+01
     vertex -1.996190e+00 -4.000000e+01  8.987661e+01
   endloop
 endfacet
 facet normal -9.988475e-01  0.000000e+00 -4.799716e-02
   outer loop
     vertex -1.996190e+00 -6.000000e+01  8.987661e+01
     vertex -1.998824e+00 -6.000000e+01  8.993142e+01
     vertex -1.998824e+00 -4.000000e+01  8.993142e+01
   endloop
 endfacet
 facet normal -9.971548e-01  0.000000e+00 -7.538152e-02
   outer loop
     vertex -1.992054e+00 -6.000000e+01  8.982189e+01
     vertex -1.996190e+00 -4.000000e+01  8.987661e+01
     vertex -1.992054e+00 -4.000000e+01  8.982189e+01
   endloop
 endfacet
 facet normal -9.971548e-01  0.000000e+00 -7.538152e-02
   outer loop
     vertex -1.992054e+00 -6.000000e+01  8.982189e+01
     vertex -1.996190e+00 -6.000000e+01  8.987661e+01
     vertex -1.996190e+00 -4.000000e+01  8.987661e+01
   endloop
 endfacet
 facet normal -9.947114e-01  0.000000e+00 -1.027091e-01
   outer loop
     vertex -1.986418e+00 -6.000000e+01  8.976731e+01
     vertex -1.992054e+00 -4.000000e+01  8.982189e+01
     vertex -1.986418e+00 -4.000000e+01  8.976731e+01
   endloop
 endfacet
 facet normal -9.947114e-01  0.000000e+00 -1.027091e-01
   outer loop
     vertex -1.986418e+00 -6.000000e+01  8.976731e+01
     vertex -1.992054e+00 -6.000000e+01  8.982189e+01
     vertex -1.992054e+00 -4.000000e+01  8.982189e+01
   endloop
 endfacet
 facet normal -9.915193e-01  0.000000e+00 -1.299594e-01
   outer loop
     vertex -1.979286e+00 -6.000000e+01  8.971290e+01
     vertex -1.986418e+00 -4.000000e+01  8.976731e+01
     vertex -1.979286e+00 -4.000000e+01  8.971290e+01
   endloop
 endfacet
 facet normal -9.915193e-01  0.000000e+00 -1.299594e-01
   outer loop
     vertex -1.979286e+00 -6.000000e+01  8.971290e+01
     vertex -1.986418e+00 -6.000000e+01  8.976731e+01
     vertex -1.986418e+00 -4.000000e+01  8.976731e+01
   endloop
 endfacet
 facet normal -9.875808e-01  0.000000e+00 -1.571119e-01
   outer loop
     vertex -1.970665e+00 -6.000000e+01  8.965871e+01
     vertex -1.979286e+00 -4.000000e+01  8.971290e+01
     vertex -1.970665e+00 -4.000000e+01  8.965871e+01
   endloop
 endfacet
 facet normal -9.875808e-01  0.000000e+00 -1.571119e-01
   outer loop
     vertex -1.970665e+00 -6.000000e+01  8.965871e+01
     vertex -1.979286e+00 -6.000000e+01  8.971290e+01
     vertex -1.979286e+00 -4.000000e+01  8.971290e+01
   endloop
 endfacet
 facet normal -9.828989e-01  0.000000e+00 -1.841461e-01
   outer loop
     vertex -1.960560e+00 -6.000000e+01  8.960477e+01
     vertex -1.970665e+00 -4.000000e+01  8.965871e+01
     vertex -1.960560e+00 -4.000000e+01  8.960477e+01
   endloop
 endfacet
 facet normal -9.828989e-01  0.000000e+00 -1.841461e-01
   outer loop
     vertex -1.960560e+00 -6.000000e+01  8.960477e+01
     vertex -1.970665e+00 -6.000000e+01  8.965871e+01
     vertex -1.970665e+00 -4.000000e+01  8.965871e+01
   endloop
 endfacet
 facet normal -9.774771e-01  0.000000e+00 -2.110417e-01
   outer loop
     vertex -1.948980e+00 -6.000000e+01  8.955114e+01
     vertex -1.960560e+00 -4.000000e+01  8.960477e+01
     vertex -1.948980e+00 -4.000000e+01  8.955114e+01
   endloop
 endfacet
 facet normal -9.774771e-01  0.000000e+00 -2.110417e-01
   outer loop
     vertex -1.948980e+00 -6.000000e+01  8.955114e+01
     vertex -1.960560e+00 -6.000000e+01  8.960477e+01
     vertex -1.960560e+00 -4.000000e+01  8.960477e+01
   endloop
 endfacet
 facet normal -9.713194e-01  0.000000e+00 -2.377784e-01
   outer loop
     vertex -1.935932e+00 -6.000000e+01  8.949784e+01
     vertex -1.948980e+00 -4.000000e+01  8.955114e+01
     vertex -1.935932e+00 -4.000000e+01  8.949784e+01
   endloop
 endfacet
 facet normal -9.713194e-01  0.000000e+00 -2.377784e-01
   outer loop
     vertex -1.935932e+00 -6.000000e+01  8.949784e+01
     vertex -1.948980e+00 -6.000000e+01  8.955114e+01
     vertex -1.948980e+00 -4.000000e+01  8.955114e+01
   endloop
 endfacet
 facet normal -9.644306e-01  0.000000e+00 -2.643362e-01
   outer loop
     vertex -1.921427e+00 -6.000000e+01  8.944492e+01
     vertex -1.935932e+00 -4.000000e+01  8.949784e+01
     vertex -1.921427e+00 -4.000000e+01  8.944492e+01
   endloop
 endfacet
 facet normal -9.644306e-01  0.000000e+00 -2.643362e-01
   outer loop
     vertex -1.921427e+00 -6.000000e+01  8.944492e+01
     vertex -1.935932e+00 -6.000000e+01  8.949784e+01
     vertex -1.935932e+00 -4.000000e+01  8.949784e+01
   endloop
 endfacet
 facet normal -9.568158e-01  0.000000e+00 -2.906949e-01
   outer loop
     vertex -1.905476e+00 -6.000000e+01  8.939241e+01
     vertex -1.921427e+00 -4.000000e+01  8.944492e+01
     vertex -1.905476e+00 -4.000000e+01  8.939241e+01
   endloop
 endfacet
 facet normal -9.568158e-01  0.000000e+00 -2.906949e-01
   outer loop
     vertex -1.905476e+00 -6.000000e+01  8.939241e+01
     vertex -1.921427e+00 -6.000000e+01  8.944492e+01
     vertex -1.921427e+00 -4.000000e+01  8.944492e+01
   endloop
 endfacet
 facet normal -9.484807e-01  0.000000e+00 -3.168348e-01
   outer loop
     vertex -1.888090e+00 -6.000000e+01  8.934037e+01
     vertex -1.905476e+00 -4.000000e+01  8.939241e+01
     vertex -1.888090e+00 -4.000000e+01  8.934037e+01
   endloop
 endfacet
 facet normal -9.394317e-01  0.000000e+00 -3.427362e-01
   outer loop
     vertex -1.888090e+00 -6.000000e+01  8.934037e+01
     vertex -1.888090e+00 -4.000000e+01  8.934037e+01
     vertex -1.869283e+00 -4.000000e+01  8.928882e+01
   endloop
 endfacet
 facet normal -9.484807e-01  0.000000e+00 -3.168348e-01
   outer loop
     vertex -1.888090e+00 -6.000000e+01  8.934037e+01
     vertex -1.905476e+00 -6.000000e+01  8.939241e+01
     vertex -1.905476e+00 -4.000000e+01  8.939241e+01
   endloop
 endfacet
 facet normal -9.296754e-01  0.000000e+00 -3.683796e-01
   outer loop
     vertex -1.869283e+00 -6.000000e+01  8.928882e+01
     vertex -1.869283e+00 -4.000000e+01  8.928882e+01
     vertex -1.849069e+00 -4.000000e+01  8.923780e+01
   endloop
 endfacet
 facet normal -9.394317e-01  0.000000e+00 -3.427362e-01
   outer loop
     vertex -1.869283e+00 -6.000000e+01  8.928882e+01
     vertex -1.888090e+00 -6.000000e+01  8.934037e+01
     vertex -1.869283e+00 -4.000000e+01  8.928882e+01
   endloop
 endfacet
 facet normal -9.296754e-01  0.000000e+00 -3.683796e-01
   outer loop
     vertex -1.849069e+00 -6.000000e+01  8.923780e+01
     vertex -1.869283e+00 -6.000000e+01  8.928882e+01
     vertex -1.849069e+00 -4.000000e+01  8.923780e+01
   endloop
 endfacet
 facet normal -9.192194e-01  0.000000e+00 -3.937458e-01
   outer loop
     vertex -1.827463e+00 -6.000000e+01  8.918736e+01
     vertex -1.849069e+00 -6.000000e+01  8.923780e+01
     vertex -1.849069e+00 -4.000000e+01  8.923780e+01
   endloop
 endfacet
 facet normal -9.192194e-01  0.000000e+00 -3.937458e-01
   outer loop
     vertex -1.827463e+00 -6.000000e+01  8.918736e+01
     vertex -1.849069e+00 -4.000000e+01  8.923780e+01
     vertex -1.827463e+00 -4.000000e+01  8.918736e+01
   endloop
 endfacet
 facet normal -9.080714e-01  0.000000e+00 -4.188155e-01
   outer loop
     vertex -1.827463e+00 -6.000000e+01  8.918736e+01
     vertex -1.827463e+00 -4.000000e+01  8.918736e+01
     vertex -1.804481e+00 -4.000000e+01  8.913753e+01
   endloop
 endfacet
 facet normal -9.080714e-01  0.000000e+00 -4.188155e-01
   outer loop
     vertex -1.804481e+00 -6.000000e+01  8.913753e+01
     vertex -1.827463e+00 -6.000000e+01  8.918736e+01
     vertex -1.804481e+00 -4.000000e+01  8.913753e+01
   endloop
 endfacet
 facet normal -8.962398e-01  0.000000e+00 -4.435699e-01
   outer loop
     vertex -1.780141e+00 -6.000000e+01  8.908835e+01
     vertex -1.804481e+00 -4.000000e+01  8.913753e+01
     vertex -1.780141e+00 -4.000000e+01  8.908835e+01
   endloop
 endfacet
 facet normal -8.837335e-01  0.000000e+00 -4.679904e-01
   outer loop
     vertex -1.780141e+00 -6.000000e+01  8.908835e+01
     vertex -1.780141e+00 -4.000000e+01  8.908835e+01
     vertex -1.754461e+00 -4.000000e+01  8.903986e+01
   endloop
 endfacet
 facet normal -8.962398e-01  0.000000e+00 -4.435699e-01
   outer loop
     vertex -1.780141e+00 -6.000000e+01  8.908835e+01
     vertex -1.804481e+00 -6.000000e+01  8.913753e+01
     vertex -1.804481e+00 -4.000000e+01  8.913753e+01
   endloop
 endfacet
 facet normal -8.837335e-01  0.000000e+00 -4.679904e-01
   outer loop
     vertex -1.754461e+00 -6.000000e+01  8.903986e+01
     vertex -1.780141e+00 -6.000000e+01  8.908835e+01
     vertex -1.754461e+00 -4.000000e+01  8.903986e+01
   endloop
 endfacet
 facet normal -8.705620e-01  0.000000e+00 -4.920587e-01
   outer loop
     vertex -1.727460e+00 -6.000000e+01  8.899209e+01
     vertex -1.754461e+00 -4.000000e+01  8.903986e+01
     vertex -1.727460e+00 -4.000000e+01  8.899209e+01
   endloop
 endfacet
 facet normal -8.705620e-01  0.000000e+00 -4.920587e-01
   outer loop
     vertex -1.727460e+00 -6.000000e+01  8.899209e+01
     vertex -1.754461e+00 -6.000000e+01  8.903986e+01
     vertex -1.754461e+00 -4.000000e+01  8.903986e+01
   endloop
 endfacet
 facet normal -8.567352e-01  0.000000e+00 -5.157565e-01
   outer loop
     vertex -1.727460e+00 -6.000000e+01  8.899209e+01
     vertex -1.727460e+00 -4.000000e+01  8.899209e+01
     vertex -1.699159e+00 -4.000000e+01  8.894508e+01
   endloop
 endfacet
 facet normal -8.567352e-01  0.000000e+00 -5.157565e-01
   outer loop
     vertex -1.699159e+00 -6.000000e+01  8.894508e+01
     vertex -1.727460e+00 -6.000000e+01  8.899209e+01
     vertex -1.699159e+00 -4.000000e+01  8.894508e+01
   endloop
 endfacet
 facet normal -8.422635e-01  0.000000e+00 -5.390661e-01
   outer loop
     vertex -1.699159e+00 -6.000000e+01  8.894508e+01
     vertex -1.699159e+00 -4.000000e+01  8.894508e+01
     vertex -1.669578e+00 -4.000000e+01  8.889886e+01
   endloop
 endfacet
 facet normal -8.271577e-01  0.000000e+00 -5.619699e-01
   outer loop
     vertex -1.669578e+00 -6.000000e+01  8.889886e+01
     vertex -1.669578e+00 -4.000000e+01  8.889886e+01
     vertex -1.638741e+00 -4.000000e+01  8.885347e+01
   endloop
 endfacet
 facet normal -8.422635e-01  0.000000e+00 -5.390661e-01
   outer loop
     vertex -1.669578e+00 -6.000000e+01  8.889886e+01
     vertex -1.699159e+00 -6.000000e+01  8.894508e+01
     vertex -1.669578e+00 -4.000000e+01  8.889886e+01
   endloop
 endfacet
 facet normal -8.271577e-01  0.000000e+00 -5.619699e-01
   outer loop
     vertex -1.638741e+00 -6.000000e+01  8.885347e+01
     vertex -1.669578e+00 -6.000000e+01  8.889886e+01
     vertex -1.638741e+00 -4.000000e+01  8.885347e+01
   endloop
 endfacet
 facet normal -8.114292e-01  0.000000e+00 -5.844507e-01
   outer loop
     vertex -1.606670e+00 -6.000000e+01  8.880895e+01
     vertex -1.638741e+00 -4.000000e+01  8.885347e+01
     vertex -1.606670e+00 -4.000000e+01  8.880895e+01
   endloop
 endfacet
 facet normal -7.950900e-01  0.000000e+00 -6.064915e-01
   outer loop
     vertex -1.606670e+00 -6.000000e+01  8.880895e+01
     vertex -1.606670e+00 -4.000000e+01  8.880895e+01
     vertex -1.573390e+00 -4.000000e+01  8.876532e+01
   endloop
 endfacet
 facet normal -8.114292e-01  0.000000e+00 -5.844507e-01
   outer loop
     vertex -1.606670e+00 -6.000000e+01  8.880895e+01
     vertex -1.638741e+00 -6.000000e+01  8.885347e+01
     vertex -1.638741e+00 -4.000000e+01  8.885347e+01
   endloop
 endfacet
 facet normal -7.950900e-01  0.000000e+00 -6.064915e-01
   outer loop
     vertex -1.573390e+00 -6.000000e+01  8.876532e+01
     vertex -1.606670e+00 -6.000000e+01  8.880895e+01
     vertex -1.573390e+00 -4.000000e+01  8.876532e+01
   endloop
 endfacet
 facet normal -7.781522e-01  0.000000e+00 -6.280757e-01
   outer loop
     vertex -1.538926e+00 -6.000000e+01  8.872262e+01
     vertex -1.573390e+00 -4.000000e+01  8.876532e+01
     vertex -1.538926e+00 -4.000000e+01  8.872262e+01
   endloop
 endfacet
 facet normal -7.781522e-01  0.000000e+00 -6.280757e-01
   outer loop
     vertex -1.538926e+00 -6.000000e+01  8.872262e+01
     vertex -1.573390e+00 -6.000000e+01  8.876532e+01
     vertex -1.573390e+00 -4.000000e+01  8.876532e+01
   endloop
 endfacet
 facet normal -7.606287e-01  0.000000e+00 -6.491872e-01
   outer loop
     vertex -1.503303e+00 -6.000000e+01  8.868088e+01
     vertex -1.538926e+00 -4.000000e+01  8.872262e+01
     vertex -1.503303e+00 -4.000000e+01  8.868088e+01
   endloop
 endfacet
 facet normal -7.606287e-01  0.000000e+00 -6.491872e-01
   outer loop
     vertex -1.503303e+00 -6.000000e+01  8.868088e+01
     vertex -1.538926e+00 -6.000000e+01  8.872262e+01
     vertex -1.538926e+00 -4.000000e+01  8.872262e+01
   endloop
 endfacet
 facet normal -7.425325e-01  0.000000e+00 -6.698100e-01
   outer loop
     vertex -1.466548e+00 -6.000000e+01  8.864013e+01
     vertex -1.503303e+00 -4.000000e+01  8.868088e+01
     vertex -1.466548e+00 -4.000000e+01  8.864013e+01
   endloop
 endfacet
 facet normal -7.238775e-01  0.000000e+00 -6.899286e-01
   outer loop
     vertex -1.466548e+00 -6.000000e+01  8.864013e+01
     vertex -1.466548e+00 -4.000000e+01  8.864013e+01
     vertex -1.428689e+00 -4.000000e+01  8.860041e+01
   endloop
 endfacet
 facet normal -7.425325e-01  0.000000e+00 -6.698100e-01
   outer loop
     vertex -1.466548e+00 -6.000000e+01  8.864013e+01
     vertex -1.503303e+00 -6.000000e+01  8.868088e+01
     vertex -1.503303e+00 -4.000000e+01  8.868088e+01
   endloop
 endfacet
 facet normal -7.238775e-01  0.000000e+00 -6.899286e-01
   outer loop
     vertex -1.428689e+00 -6.000000e+01  8.860041e+01
     vertex -1.466548e+00 -6.000000e+01  8.864013e+01
     vertex -1.428689e+00 -4.000000e+01  8.860041e+01
   endloop
 endfacet
 facet normal -7.046775e-01  0.000000e+00 -7.095278e-01
   outer loop
     vertex -1.389755e+00 -6.000000e+01  8.856174e+01
     vertex -1.428689e+00 -4.000000e+01  8.860041e+01
     vertex -1.389755e+00 -4.000000e+01  8.856174e+01
   endloop
 endfacet
 facet normal -7.046775e-01  0.000000e+00 -7.095278e-01
   outer loop
     vertex -1.389755e+00 -6.000000e+01  8.856174e+01
     vertex -1.428689e+00 -6.000000e+01  8.860041e+01
     vertex -1.428689e+00 -4.000000e+01  8.860041e+01
   endloop
 endfacet
 facet normal -6.849470e-01  0.000000e+00 -7.285929e-01
   outer loop
     vertex -1.349775e+00 -6.000000e+01  8.852416e+01
     vertex -1.389755e+00 -4.000000e+01  8.856174e+01
     vertex -1.349775e+00 -4.000000e+01  8.852416e+01
   endloop
 endfacet
 facet normal -6.849470e-01  0.000000e+00 -7.285929e-01
   outer loop
     vertex -1.349775e+00 -6.000000e+01  8.852416e+01
     vertex -1.389755e+00 -6.000000e+01  8.856174e+01
     vertex -1.389755e+00 -4.000000e+01  8.856174e+01
   endloop
 endfacet
 facet normal -6.647010e-01  0.000000e+00 -7.471095e-01
   outer loop
     vertex -1.308779e+00 -6.000000e+01  8.848768e+01
     vertex -1.349775e+00 -4.000000e+01  8.852416e+01
     vertex -1.308779e+00 -4.000000e+01  8.848768e+01
   endloop
 endfacet
 facet normal -6.647010e-01  0.000000e+00 -7.471095e-01
   outer loop
     vertex -1.308779e+00 -6.000000e+01  8.848768e+01
     vertex -1.349775e+00 -6.000000e+01  8.852416e+01
     vertex -1.349775e+00 -4.000000e+01  8.852416e+01
   endloop
 endfacet
 facet normal -6.439545e-01  0.000000e+00 -7.650637e-01
   outer loop
     vertex -1.266797e+00 -6.000000e+01  8.845235e+01
     vertex -1.308779e+00 -4.000000e+01  8.848768e+01
     vertex -1.266797e+00 -4.000000e+01  8.845235e+01
   endloop
 endfacet
 facet normal -6.227234e-01  0.000000e+00 -7.824421e-01
   outer loop
     vertex -1.266797e+00 -6.000000e+01  8.845235e+01
     vertex -1.266797e+00 -4.000000e+01  8.845235e+01
     vertex -1.223862e+00 -4.000000e+01  8.841818e+01
   endloop
 endfacet
 facet normal -6.439545e-01  0.000000e+00 -7.650637e-01
   outer loop
     vertex -1.266797e+00 -6.000000e+01  8.845235e+01
     vertex -1.308779e+00 -6.000000e+01  8.848768e+01
     vertex -1.308779e+00 -4.000000e+01  8.848768e+01
   endloop
 endfacet
 facet normal -6.227234e-01  0.000000e+00 -7.824421e-01
   outer loop
     vertex -1.223862e+00 -6.000000e+01  8.841818e+01
     vertex -1.266797e+00 -6.000000e+01  8.845235e+01
     vertex -1.223862e+00 -4.000000e+01  8.841818e+01
   endloop
 endfacet
 facet normal -6.010234e-01  0.000000e+00 -7.992314e-01
   outer loop
     vertex -1.180006e+00 -6.000000e+01  8.838520e+01
     vertex -1.223862e+00 -4.000000e+01  8.841818e+01
     vertex -1.180006e+00 -4.000000e+01  8.838520e+01
   endloop
 endfacet
 facet normal -6.010234e-01  0.000000e+00 -7.992314e-01
   outer loop
     vertex -1.180006e+00 -6.000000e+01  8.838520e+01
     vertex -1.223862e+00 -6.000000e+01  8.841818e+01
     vertex -1.223862e+00 -4.000000e+01  8.841818e+01
   endloop
 endfacet
 facet normal -5.788711e-01  0.000000e+00 -8.154191e-01
   outer loop
     vertex -1.135261e+00 -6.000000e+01  8.835343e+01
     vertex -1.180006e+00 -4.000000e+01  8.838520e+01
     vertex -1.135261e+00 -4.000000e+01  8.835343e+01
   endloop
 endfacet
 facet normal -5.788711e-01  0.000000e+00 -8.154191e-01
   outer loop
     vertex -1.135261e+00 -6.000000e+01  8.835343e+01
     vertex -1.180006e+00 -6.000000e+01  8.838520e+01
     vertex -1.180006e+00 -4.000000e+01  8.838520e+01
   endloop
 endfacet
 facet normal -5.562829e-01  0.000000e+00 -8.309929e-01
   outer loop
     vertex -1.089662e+00 -6.000000e+01  8.832291e+01
     vertex -1.135261e+00 -4.000000e+01  8.835343e+01
     vertex -1.089662e+00 -4.000000e+01  8.832291e+01
   endloop
 endfacet
 facet normal -5.562829e-01  0.000000e+00 -8.309929e-01
   outer loop
     vertex -1.089662e+00 -6.000000e+01  8.832291e+01
     vertex -1.135261e+00 -6.000000e+01  8.835343e+01
     vertex -1.135261e+00 -4.000000e+01  8.835343e+01
   endloop
 endfacet
 facet normal -5.332761e-01  0.000000e+00 -8.459413e-01
   outer loop
     vertex -1.043242e+00 -6.000000e+01  8.829365e+01
     vertex -1.089662e+00 -4.000000e+01  8.832291e+01
     vertex -1.043242e+00 -4.000000e+01  8.829365e+01
   endloop
 endfacet
 facet normal -5.332761e-01  0.000000e+00 -8.459413e-01
   outer loop
     vertex -1.043242e+00 -6.000000e+01  8.829365e+01
     vertex -1.089662e+00 -6.000000e+01  8.832291e+01
     vertex -1.089662e+00 -4.000000e+01  8.832291e+01
   endloop
 endfacet
 facet normal -5.098678e-01  0.000000e+00 -8.602528e-01
   outer loop
     vertex -9.960371e-01 -6.000000e+01  8.826567e+01
     vertex -1.043242e+00 -4.000000e+01  8.829365e+01
     vertex -9.960371e-01 -4.000000e+01  8.826567e+01
   endloop
 endfacet
 facet normal -4.860756e-01  0.000000e+00 -8.739167e-01
   outer loop
     vertex -9.960371e-01 -6.000000e+01  8.826567e+01
     vertex -9.960371e-01 -4.000000e+01  8.826567e+01
     vertex -9.480825e-01 -4.000000e+01  8.823899e+01
   endloop
 endfacet
 facet normal -5.098678e-01  0.000000e+00 -8.602528e-01
   outer loop
     vertex -9.960371e-01 -6.000000e+01  8.826567e+01
     vertex -1.043242e+00 -6.000000e+01  8.829365e+01
     vertex -1.043242e+00 -4.000000e+01  8.829365e+01
   endloop
 endfacet
 facet normal -4.619176e-01  0.000000e+00 -8.869228e-01
   outer loop
     vertex -9.480825e-01 -6.000000e+01  8.823899e+01
     vertex -9.480825e-01 -4.000000e+01  8.823899e+01
     vertex -8.994141e-01 -4.000000e+01  8.821365e+01
   endloop
 endfacet
 facet normal -4.860756e-01  0.000000e+00 -8.739167e-01
   outer loop
     vertex -9.480825e-01 -6.000000e+01  8.823899e+01
     vertex -9.960371e-01 -6.000000e+01  8.826567e+01
     vertex -9.480825e-01 -4.000000e+01  8.823899e+01
   endloop
 endfacet
 facet normal -4.619176e-01  0.000000e+00 -8.869228e-01
   outer loop
     vertex -8.994141e-01 -6.000000e+01  8.821365e+01
     vertex -9.480825e-01 -6.000000e+01  8.823899e+01
     vertex -8.994141e-01 -4.000000e+01  8.821365e+01
   endloop
 endfacet
 facet normal -4.374119e-01  0.000000e+00 -8.992613e-01
   outer loop
     vertex -8.994141e-01 -6.000000e+01  8.821365e+01
     vertex -8.994141e-01 -4.000000e+01  8.821365e+01
     vertex -8.500687e-01 -4.000000e+01  8.818965e+01
   endloop
 endfacet
 facet normal -4.374119e-01  0.000000e+00 -8.992613e-01
   outer loop
     vertex -8.500687e-01 -6.000000e+01  8.818965e+01
     vertex -8.994141e-01 -6.000000e+01  8.821365e+01
     vertex -8.500687e-01 -4.000000e+01  8.818965e+01
   endloop
 endfacet
 facet normal -4.125769e-01  0.000000e+00 -9.109228e-01
   outer loop
     vertex -8.000834e-01 -6.000000e+01  8.816701e+01
     vertex -8.500687e-01 -6.000000e+01  8.818965e+01
     vertex -8.500687e-01 -4.000000e+01  8.818965e+01
   endloop
 endfacet
 facet normal -4.125769e-01  0.000000e+00 -9.109228e-01
   outer loop
     vertex -8.000834e-01 -6.000000e+01  8.816701e+01
     vertex -8.500687e-01 -4.000000e+01  8.818965e+01
     vertex -8.000834e-01 -4.000000e+01  8.816701e+01
   endloop
 endfacet
 facet normal -3.874313e-01  0.000000e+00 -9.218986e-01
   outer loop
     vertex -7.494958e-01 -6.000000e+01  8.814575e+01
     vertex -8.000834e-01 -6.000000e+01  8.816701e+01
     vertex -8.000834e-01 -4.000000e+01  8.816701e+01
   endloop
 endfacet
 facet normal -3.874313e-01  0.000000e+00 -9.218986e-01
   outer loop
     vertex -7.494958e-01 -6.000000e+01  8.814575e+01
     vertex -8.000834e-01 -4.000000e+01  8.816701e+01
     vertex -7.494958e-01 -4.000000e+01  8.814575e+01
   endloop
 endfacet
 facet normal -3.619940e-01  0.000000e+00 -9.321804e-01
   outer loop
     vertex -6.983441e-01 -6.000000e+01  8.812588e+01
     vertex -7.494958e-01 -6.000000e+01  8.814575e+01
     vertex -7.494958e-01 -4.000000e+01  8.814575e+01
   endloop
 endfacet
 facet normal -3.619940e-01  0.000000e+00 -9.321804e-01
   outer loop
     vertex -6.983441e-01 -6.000000e+01  8.812588e+01
     vertex -7.494958e-01 -4.000000e+01  8.814575e+01
     vertex -6.983441e-01 -4.000000e+01  8.812588e+01
   endloop
 endfacet
 facet normal -3.362843e-01  0.000000e+00 -9.417605e-01
   outer loop
     vertex -6.983441e-01 -6.000000e+01  8.812588e+01
     vertex -6.983441e-01 -4.000000e+01  8.812588e+01
     vertex -6.466666e-01 -4.000000e+01  8.810743e+01
   endloop
 endfacet
 facet normal -3.362843e-01  0.000000e+00 -9.417605e-01
   outer loop
     vertex -6.466666e-01 -6.000000e+01  8.810743e+01
     vertex -6.983441e-01 -6.000000e+01  8.812588e+01
     vertex -6.466666e-01 -4.000000e+01  8.810743e+01
   endloop
 endfacet
 facet normal -3.103214e-01  0.000000e+00 -9.506317e-01
   outer loop
     vertex -5.945023e-01 -6.000000e+01  8.809040e+01
     vertex -6.466666e-01 -6.000000e+01  8.810743e+01
     vertex -6.466666e-01 -4.000000e+01  8.810743e+01
   endloop
 endfacet
 facet normal -3.103214e-01  0.000000e+00 -9.506317e-01
   outer loop
     vertex -5.945023e-01 -6.000000e+01  8.809040e+01
     vertex -6.466666e-01 -4.000000e+01  8.810743e+01
     vertex -5.945023e-01 -4.000000e+01  8.809040e+01
   endloop
 endfacet
 facet normal -2.841250e-01  0.000000e+00 -9.587873e-01
   outer loop
     vertex -5.418906e-01 -6.000000e+01  8.807481e+01
     vertex -5.945023e-01 -6.000000e+01  8.809040e+01
     vertex -5.945023e-01 -4.000000e+01  8.809040e+01
   endloop
 endfacet
 facet normal -2.841250e-01  0.000000e+00 -9.587873e-01
   outer loop
     vertex -5.418906e-01 -6.000000e+01  8.807481e+01
     vertex -5.945023e-01 -4.000000e+01  8.809040e+01
     vertex -5.418906e-01 -4.000000e+01  8.807481e+01
   endloop
 endfacet
 facet normal -2.577146e-01  0.000000e+00 -9.662211e-01
   outer loop
     vertex -5.418906e-01 -6.000000e+01  8.807481e+01
     vertex -5.418906e-01 -4.000000e+01  8.807481e+01
     vertex -4.888709e-01 -4.000000e+01  8.806067e+01
   endloop
 endfacet
 facet normal -2.577146e-01  0.000000e+00 -9.662211e-01
   outer loop
     vertex -4.888709e-01 -6.000000e+01  8.806067e+01
     vertex -5.418906e-01 -6.000000e+01  8.807481e+01
     vertex -4.888709e-01 -4.000000e+01  8.806067e+01
   endloop
 endfacet
 facet normal -2.311102e-01  0.000000e+00 -9.729276e-01
   outer loop
     vertex -4.354831e-01 -6.000000e+01  8.804799e+01
     vertex -4.888709e-01 -6.000000e+01  8.806067e+01
     vertex -4.888709e-01 -4.000000e+01  8.806067e+01
   endloop
 endfacet
 facet normal -2.311102e-01  0.000000e+00 -9.729276e-01
   outer loop
     vertex -4.354831e-01 -6.000000e+01  8.804799e+01
     vertex -4.888709e-01 -4.000000e+01  8.806067e+01
     vertex -4.354831e-01 -4.000000e+01  8.804799e+01
   endloop
 endfacet
 facet normal -2.043319e-01  0.000000e+00 -9.789017e-01
   outer loop
     vertex -3.817676e-01 -6.000000e+01  8.803677e+01
     vertex -4.354831e-01 -6.000000e+01  8.804799e+01
     vertex -4.354831e-01 -4.000000e+01  8.804799e+01
   endloop
 endfacet
 facet normal -2.043319e-01  0.000000e+00 -9.789017e-01
   outer loop
     vertex -3.817676e-01 -6.000000e+01  8.803677e+01
     vertex -4.354831e-01 -4.000000e+01  8.804799e+01
     vertex -3.817676e-01 -4.000000e+01  8.803677e+01
   endloop
 endfacet
 facet normal -1.773998e-01  0.000000e+00 -9.841389e-01
   outer loop
     vertex -3.277647e-01 -6.000000e+01  8.802704e+01
     vertex -3.817676e-01 -6.000000e+01  8.803677e+01
     vertex -3.817676e-01 -4.000000e+01  8.803677e+01
   endloop
 endfacet
 facet normal -1.773998e-01  0.000000e+00 -9.841389e-01
   outer loop
     vertex -3.277647e-01 -6.000000e+01  8.802704e+01
     vertex -3.817676e-01 -4.000000e+01  8.803677e+01
     vertex -3.277647e-01 -4.000000e+01  8.802704e+01
   endloop
 endfacet
 facet normal -1.503341e-01  0.000000e+00 -9.886353e-01
   outer loop
     vertex -3.277647e-01 -6.000000e+01  8.802704e+01
     vertex -3.277647e-01 -4.000000e+01  8.802704e+01
     vertex -2.735151e-01 -4.000000e+01  8.801879e+01
   endloop
 endfacet
 facet normal -1.503341e-01  0.000000e+00 -9.886353e-01
   outer loop
     vertex -2.735151e-01 -6.000000e+01  8.801879e+01
     vertex -3.277647e-01 -6.000000e+01  8.802704e+01
     vertex -2.735151e-01 -4.000000e+01  8.801879e+01
   endloop
 endfacet
 facet normal -1.231552e-01  0.000000e+00 -9.923874e-01
   outer loop
     vertex -2.190595e-01 -6.000000e+01  8.801203e+01
     vertex -2.735151e-01 -4.000000e+01  8.801879e+01
     vertex -2.190595e-01 -4.000000e+01  8.801203e+01
   endloop
 endfacet
 facet normal -1.231552e-01  0.000000e+00 -9.923874e-01
   outer loop
     vertex -2.190595e-01 -6.000000e+01  8.801203e+01
     vertex -2.735151e-01 -6.000000e+01  8.801879e+01
     vertex -2.735151e-01 -4.000000e+01  8.801879e+01
   endloop
 endfacet
 facet normal -9.588368e-02  0.000000e+00 -9.953925e-01
   outer loop
     vertex -1.644391e-01 -6.000000e+01  8.800677e+01
     vertex -2.190595e-01 -4.000000e+01  8.801203e+01
     vertex -1.644391e-01 -4.000000e+01  8.800677e+01
   endloop
 endfacet
 facet normal -9.588368e-02  0.000000e+00 -9.953925e-01
   outer loop
     vertex -1.644391e-01 -6.000000e+01  8.800677e+01
     vertex -2.190595e-01 -6.000000e+01  8.801203e+01
     vertex -2.190595e-01 -4.000000e+01  8.801203e+01
   endloop
 endfacet
 facet normal -6.853995e-02  0.000000e+00 -9.976484e-01
   outer loop
     vertex -1.096949e-01 -6.000000e+01  8.800301e+01
     vertex -1.644391e-01 -4.000000e+01  8.800677e+01
     vertex -1.096949e-01 -4.000000e+01  8.800301e+01
   endloop
 endfacet
 facet normal -6.853995e-02  0.000000e+00 -9.976484e-01
   outer loop
     vertex -1.096949e-01 -6.000000e+01  8.800301e+01
     vertex -1.644391e-01 -6.000000e+01  8.800677e+01
     vertex -1.644391e-01 -4.000000e+01  8.800677e+01
   endloop
 endfacet
 facet normal -4.114462e-02  0.000000e+00 -9.991532e-01
   outer loop
     vertex -5.486810e-02 -6.000000e+01  8.800075e+01
     vertex -1.096949e-01 -4.000000e+01  8.800301e+01
     vertex -5.486810e-02 -4.000000e+01  8.800075e+01
   endloop
 endfacet
 facet normal -1.371831e-02  0.000000e+00 -9.999059e-01
   outer loop
     vertex -5.486810e-02 -6.000000e+01  8.800075e+01
     vertex -5.486810e-02 -4.000000e+01  8.800075e+01
     vertex -4.898587e-16 -4.000000e+01  8.800000e+01
   endloop
 endfacet
 facet normal -4.114462e-02  0.000000e+00 -9.991532e-01
   outer loop
     vertex -5.486810e-02 -6.000000e+01  8.800075e+01
     vertex -1.096949e-01 -6.000000e+01  8.800301e+01
     vertex -1.096949e-01 -4.000000e+01  8.800301e+01
   endloop
 endfacet
 facet normal -1.371831e-02  0.000000e+00 -9.999059e-01
   outer loop
     vertex -4.898587e-16 -6.000000e+01  8.800000e+01
     vertex -5.486810e-02 -6.000000e+01  8.800075e+01
     vertex -4.898587e-16 -4.000000e+01  8.800000e+01
   endloop
 endfacet
 facet normal  0.000000e+00 -1.000000e+00  0.000000e+00
   outer loop
     vertex -1.112566e+00 -6.000000e+01  9.166199e+01
     vertex -1.157742e+00 -6.000000e+01  9.163084e+01
     vertex -1.202047e+00 -6.000000e+01  9.159846e+01
   endloop
 endfacet
 facet normal  0.000000e+00 -1.000000e+00  0.000000e+00
   outer loop
     vertex -1.112566e+00 -6.000000e+01  9.166199e+01
     vertex -1.202047e+00 -6.000000e+01  9.159846e+01
     vertex -1.245447e+00 -6.000000e+01  9.156488e+01
   endloop
 endfacet
 facet normal  0.000000e+00 -1.000000e+00  0.000000e+00
   outer loop
     vertex -1.684527e+00 -6.000000e+01  9.107813e+01
     vertex -1.521257e+00 -6.000000e+01  9.129837e+01
     vertex -1.556304e+00 -6.000000e+01  9.125615e+01
   endloop
 endfacet
 facet normal  0.000000e+00 -1.000000e+00  0.000000e+00
   outer loop
     vertex -1.684527e+00 -6.000000e+01  9.107813e+01
     vertex -1.556304e+00 -6.000000e+01  9.125615e+01
     vertex -1.590180e+00 -6.000000e+01  9.121298e+01
   endloop
 endfacet
 facet normal  0.000000e+00 -1.000000e+00  0.000000e+00
   outer loop
     vertex -1.684527e+00 -6.000000e+01  9.107813e+01
     vertex -1.590180e+00 -6.000000e+01  9.121298e+01
     vertex -1.622858e+00 -6.000000e+01  9.116890e+01
   endloop
 endfacet
 facet normal  0.000000e+00 -1.000000e+00  0.000000e+00
   outer loop
     vertex -1.684527e+00 -6.000000e+01  9.107813e+01
     vertex -1.622858e+00 -6.000000e+01  9.116890e+01
     vertex -1.654315e+00 -6.000000e+01  9.112394e+01
   endloop
 endfacet
 facet normal  0.000000e+00 -1.000000e+00  0.000000e+00
   outer loop
     vertex -1.741124e+00 -6.000000e+01  9.098412e+01
     vertex -1.684527e+00 -6.000000e+01  9.107813e+01
     vertex -1.713470e+00 -6.000000e+01  9.103151e+01
   endloop
 endfacet
 facet normal  0.000000e+00 -1.000000e+00  0.000000e+00
   outer loop
     vertex -1.838439e+00 -6.000000e+01  9.078749e+01
     vertex -1.741124e+00 -6.000000e+01  9.098412e+01
     vertex -1.767467e+00 -6.000000e+01  9.093598e+01
   endloop
 endfacet
 facet normal  0.000000e+00 -1.000000e+00  0.000000e+00
   outer loop
     vertex -1.838439e+00 -6.000000e+01  9.078749e+01
     vertex -1.767467e+00 -6.000000e+01  9.093598e+01
     vertex -1.792480e+00 -6.000000e+01  9.088714e+01
   endloop
 endfacet
 facet normal  0.000000e+00 -1.000000e+00  0.000000e+00
   outer loop
     vertex -1.838439e+00 -6.000000e+01  9.078749e+01
     vertex -1.792480e+00 -6.000000e+01  9.088714e+01
     vertex -1.816143e+00 -6.000000e+01  9.083763e+01
   endloop
 endfacet
 facet normal  0.000000e+00 -1.000000e+00  0.000000e+00
   outer loop
     vertex -6.725686e-01 -6.000000e+01  9.188352e+01
     vertex -7.239881e-01 -6.000000e+01  9.186436e+01
     vertex -7.748625e-01 -6.000000e+01  9.184380e+01
   endloop
 endfacet
 facet normal  0.000000e+00 -1.000000e+00  0.000000e+00
   outer loop
     vertex -6.725686e-01 -6.000000e+01  9.188352e+01
     vertex -7.748625e-01 -6.000000e+01  9.184380e+01
     vertex -8.251537e-01 -6.000000e+01  9.182185e+01
   endloop
 endfacet
 facet normal  0.000000e+00 -1.000000e+00  0.000000e+00
   outer loop
     vertex -6.725686e-01 -6.000000e+01  9.188352e+01
     vertex -8.251537e-01 -6.000000e+01  9.182185e+01
     vertex -8.748237e-01 -6.000000e+01  9.179852e+01
   endloop
 endfacet
 facet normal  0.000000e+00 -1.000000e+00  0.000000e+00
   outer loop
     vertex -6.725686e-01 -6.000000e+01  9.188352e+01
     vertex -8.748237e-01 -6.000000e+01  9.179852e+01
     vertex -9.238352e-01 -6.000000e+01  9.177385e+01
   endloop
 endfacet
 facet normal  0.000000e+00 -1.000000e+00  0.000000e+00
   outer loop
     vertex -6.725686e-01 -6.000000e+01  9.188352e+01
     vertex -9.238352e-01 -6.000000e+01  9.177385e+01
     vertex -9.721513e-01 -6.000000e+01  9.174783e+01
   endloop
 endfacet
 facet normal  0.000000e+00 -1.000000e+00  0.000000e+00
   outer loop
     vertex -6.725686e-01 -6.000000e+01  9.188352e+01
     vertex -9.721513e-01 -6.000000e+01  9.174783e+01
     vertex -1.019736e+00 -6.000000e+01  9.172051e+01
   endloop
 endfacet
 facet normal  0.000000e+00 -1.000000e+00  0.000000e+00
   outer loop
     vertex -6.725686e-01 -6.000000e+01  9.188352e+01
     vertex -1.019736e+00 -6.000000e+01  9.172051e+01
     vertex -1.066552e+00 -6.000000e+01  9.169188e+01
   endloop
 endfacet
 facet normal  0.000000e+00 -1.000000e+00  0.000000e+00
   outer loop
     vertex -1.896961e+00 -6.000000e+01  9.063367e+01
     vertex -1.838439e+00 -6.000000e+01  9.078749e+01
     vertex -1.859351e+00 -6.000000e+01  9.073676e+01
   endloop
 endfacet
 facet normal  0.000000e+00 -1.000000e+00  0.000000e+00
   outer loop
     vertex -1.896961e+00 -6.000000e+01  9.063367e+01
     vertex -1.859351e+00 -6.000000e+01  9.073676e+01
     vertex -1.878863e+00 -6.000000e+01  9.068547e+01
   endloop
 endfacet
 facet normal  0.000000e+00 -1.000000e+00  0.000000e+00
   outer loop
     vertex -6.206429e-01 -6.000000e+01  9.190126e+01
     vertex -1.066552e+00 -6.000000e+01  9.169188e+01
     vertex -1.112566e+00 -6.000000e+01  9.166199e+01
   endloop
 endfacet
 facet normal  0.000000e+00 -1.000000e+00  0.000000e+00
   outer loop
     vertex -6.206429e-01 -6.000000e+01  9.190126e+01
     vertex -1.245447e+00 -6.000000e+01  9.156488e+01
     vertex -1.287909e+00 -6.000000e+01  9.153013e+01
   endloop
 endfacet
 facet normal  0.000000e+00 -1.000000e+00  0.000000e+00
   outer loop
     vertex -6.206429e-01 -6.000000e+01  9.190126e+01
     vertex -1.287909e+00 -6.000000e+01  9.153013e+01
     vertex -1.329402e+00 -6.000000e+01  9.149422e+01
   endloop
 endfacet
 facet normal  0.000000e+00 -1.000000e+00  0.000000e+00
   outer loop
     vertex -6.206429e-01 -6.000000e+01  9.190126e+01
     vertex -1.112566e+00 -6.000000e+01  9.166199e+01
     vertex -1.245447e+00 -6.000000e+01  9.156488e+01
   endloop
 endfacet
 facet normal  0.000000e+00 -1.000000e+00  0.000000e+00
   outer loop
     vertex -6.206429e-01 -6.000000e+01  9.190126e+01
     vertex -6.725686e-01 -6.000000e+01  9.188352e+01
     vertex -1.066552e+00 -6.000000e+01  9.169188e+01
   endloop
 endfacet
 facet normal  0.000000e+00 -1.000000e+00  0.000000e+00
   outer loop
     vertex -1.942639e+00 -6.000000e+01  9.047556e+01
     vertex -1.913632e+00 -6.000000e+01  9.058139e+01
     vertex -1.928861e+00 -6.000000e+01  9.052867e+01
   endloop
 endfacet
 facet normal  0.000000e+00 -1.000000e+00  0.000000e+00
   outer loop
     vertex -4.622205e-01 -6.000000e+01  9.194586e+01
     vertex -5.154292e-01 -6.000000e+01  9.193244e+01
     vertex -5.682499e-01 -6.000000e+01  9.191757e+01
   endloop
 endfacet
 facet normal  0.000000e+00 -1.000000e+00  0.000000e+00
   outer loop
     vertex -1.965798e+00 -6.000000e+01  9.036829e+01
     vertex -1.942639e+00 -6.000000e+01  9.047556e+01
     vertex -1.954954e+00 -6.000000e+01  9.042208e+01
   endloop
 endfacet
 facet normal  0.000000e+00 -1.000000e+00  0.000000e+00
   outer loop
     vertex -1.975162e+00 -6.000000e+01  9.031422e+01
     vertex -1.913632e+00 -6.000000e+01  9.058139e+01
     vertex -1.942639e+00 -6.000000e+01  9.047556e+01
   endloop
 endfacet
 facet normal  0.000000e+00 -1.000000e+00  0.000000e+00
   outer loop
     vertex -1.975162e+00 -6.000000e+01  9.031422e+01
     vertex -1.942639e+00 -6.000000e+01  9.047556e+01
     vertex -1.965798e+00 -6.000000e+01  9.036829e+01
   endloop
 endfacet
 facet normal  0.000000e+00 -1.000000e+00  0.000000e+00
   outer loop
     vertex -1.975162e+00 -6.000000e+01  9.031422e+01
     vertex -1.896961e+00 -6.000000e+01  9.063367e+01
     vertex -1.913632e+00 -6.000000e+01  9.058139e+01
   endloop
 endfacet
 facet normal  0.000000e+00 -1.000000e+00  0.000000e+00
   outer loop
     vertex -2.463105e-01 -6.000000e+01  9.198477e+01
     vertex -3.006682e-01 -6.000000e+01  9.197727e+01
     vertex -3.547996e-01 -6.000000e+01  9.196828e+01
   endloop
 endfacet
 facet normal  0.000000e+00 -1.000000e+00  0.000000e+00
   outer loop
     vertex -1.994310e+00 -6.000000e+01  9.015076e+01
     vertex -1.975162e+00 -6.000000e+01  9.031422e+01
     vertex -1.983039e+00 -6.000000e+01  9.025992e+01
   endloop
 endfacet
 facet normal  0.000000e+00 -1.000000e+00  0.000000e+00
   outer loop
     vertex -1.994310e+00 -6.000000e+01  9.015076e+01
     vertex -1.983039e+00 -6.000000e+01  9.025992e+01
     vertex -1.989423e+00 -6.000000e+01  9.020542e+01
   endloop
 endfacet
 facet normal  0.000000e+00 -1.000000e+00  0.000000e+00
   outer loop
     vertex -1.370799e-01 -6.000000e+01  9.199530e+01
     vertex -1.917674e-01 -6.000000e+01  9.199079e+01
     vertex -2.463105e-01 -6.000000e+01  9.198477e+01
   endloop
 endfacet
 facet normal  0.000000e+00 -1.000000e+00  0.000000e+00
   outer loop
     vertex -1.999577e+00 -6.000000e+01  9.004115e+01
     vertex -1.994310e+00 -6.000000e+01  9.015076e+01
     vertex -1.997695e+00 -6.000000e+01  9.009599e+01
   endloop
 endfacet
 facet normal  0.000000e+00 -1.000000e+00  0.000000e+00
   outer loop
     vertex -1.996190e+00 -6.000000e+01  8.987661e+01
     vertex -1.999953e+00 -6.000000e+01  8.998628e+01
     vertex -1.998824e+00 -6.000000e+01  8.993142e+01
   endloop
 endfacet
 facet normal  0.000000e+00 -1.000000e+00  0.000000e+00
   outer loop
     vertex -1.992054e+00 -6.000000e+01  8.982189e+01
     vertex -1.999953e+00 -6.000000e+01  8.998628e+01
     vertex -1.996190e+00 -6.000000e+01  8.987661e+01
   endloop
 endfacet
 facet normal  0.000000e+00 -1.000000e+00  0.000000e+00
   outer loop
     vertex -1.986418e+00 -6.000000e+01  8.976731e+01
     vertex -1.994310e+00 -6.000000e+01  9.015076e+01
     vertex -1.999577e+00 -6.000000e+01  9.004115e+01
   endloop
 endfacet
 facet normal  0.000000e+00 -1.000000e+00  0.000000e+00
   outer loop
     vertex -1.986418e+00 -6.000000e+01  8.976731e+01
     vertex -1.999953e+00 -6.000000e+01  8.998628e+01
     vertex -1.992054e+00 -6.000000e+01  8.982189e+01
   endloop
 endfacet
 facet normal  0.000000e+00 -1.000000e+00  0.000000e+00
   outer loop
     vertex -1.986418e+00 -6.000000e+01  8.976731e+01
     vertex -1.999577e+00 -6.000000e+01  9.004115e+01
     vertex -1.999953e+00 -6.000000e+01  8.998628e+01
   endloop
 endfacet
 facet normal  0.000000e+00 -1.000000e+00  0.000000e+00
   outer loop
     vertex  2.463105e-01 -6.000000e+01  9.198477e+01
     vertex  1.917674e-01 -6.000000e+01  9.199079e+01
     vertex  1.370799e-01 -6.000000e+01  9.199530e+01
   endloop
 endfacet
 facet normal  0.000000e+00 -1.000000e+00  0.000000e+00
   outer loop
     vertex  3.006682e-01 -6.000000e+01  9.197727e+01
     vertex  1.370799e-01 -6.000000e+01  9.199530e+01
     vertex  8.228924e-02 -6.000000e+01  9.199831e+01
   endloop
 endfacet
 facet normal  0.000000e+00 -1.000000e+00  0.000000e+00
   outer loop
     vertex  3.006682e-01 -6.000000e+01  9.197727e+01
     vertex  8.228924e-02 -6.000000e+01  9.199831e+01
     vertex  2.743663e-02 -6.000000e+01  9.199981e+01
   endloop
 endfacet
 facet normal  0.000000e+00 -1.000000e+00  0.000000e+00
   outer loop
     vertex  3.006682e-01 -6.000000e+01  9.197727e+01
     vertex  2.743663e-02 -6.000000e+01  9.199981e+01
     vertex -2.743663e-02 -6.000000e+01  9.199981e+01
   endloop
 endfacet
 facet normal  0.000000e+00 -1.000000e+00  0.000000e+00
   outer loop
     vertex  3.006682e-01 -6.000000e+01  9.197727e+01
     vertex -2.743663e-02 -6.000000e+01  9.199981e+01
     vertex -8.228924e-02 -6.000000e+01  9.199831e+01
   endloop
 endfacet
 facet normal  0.000000e+00 -1.000000e+00  0.000000e+00
   outer loop
     vertex  3.006682e-01 -6.000000e+01  9.197727e+01
     vertex -8.228924e-02 -6.000000e+01  9.199831e+01
     vertex -1.370799e-01 -6.000000e+01  9.199530e+01
   endloop
 endfacet
 facet normal  0.000000e+00 -1.000000e+00  0.000000e+00
   outer loop
     vertex  3.006682e-01 -6.000000e+01  9.197727e+01
     vertex  2.463105e-01 -6.000000e+01  9.198477e+01
     vertex  1.370799e-01 -6.000000e+01  9.199530e+01
   endloop
 endfacet
 facet normal  0.000000e+00 -1.000000e+00  0.000000e+00
   outer loop
     vertex  4.086638e-01 -6.000000e+01  9.195780e+01
     vertex  3.547996e-01 -6.000000e+01  9.196828e+01
     vertex  3.006682e-01 -6.000000e+01  9.197727e+01
   endloop
 endfacet
 facet normal  0.000000e+00 -1.000000e+00  0.000000e+00
   outer loop
     vertex -1.948980e+00 -6.000000e+01  8.955114e+01
     vertex -1.986418e+00 -6.000000e+01  8.976731e+01
     vertex -1.979286e+00 -6.000000e+01  8.971290e+01
   endloop
 endfacet
 facet normal  0.000000e+00 -1.000000e+00  0.000000e+00
   outer loop
     vertex -1.948980e+00 -6.000000e+01  8.955114e+01
     vertex -1.979286e+00 -6.000000e+01  8.971290e+01
     vertex -1.970665e+00 -6.000000e+01  8.965871e+01
   endloop
 endfacet
 facet normal  0.000000e+00 -1.000000e+00  0.000000e+00
   outer loop
     vertex -1.948980e+00 -6.000000e+01  8.955114e+01
     vertex -1.970665e+00 -6.000000e+01  8.965871e+01
     vertex -1.960560e+00 -6.000000e+01  8.960477e+01
   endloop
 endfacet
 facet normal  0.000000e+00 -1.000000e+00  0.000000e+00
   outer loop
     vertex  4.622205e-01 -6.000000e+01  9.194586e+01
     vertex  4.086638e-01 -6.000000e+01  9.195780e+01
     vertex  3.006682e-01 -6.000000e+01  9.197727e+01
   endloop
 endfacet
 facet normal  0.000000e+00 -1.000000e+00  0.000000e+00
   outer loop
     vertex -1.921427e+00 -6.000000e+01  8.944492e+01
     vertex -1.986418e+00 -6.000000e+01  8.976731e+01
     vertex -1.948980e+00 -6.000000e+01  8.955114e+01
   endloop
 endfacet
 facet normal  0.000000e+00 -1.000000e+00  0.000000e+00
   outer loop
     vertex -1.921427e+00 -6.000000e+01  8.944492e+01
     vertex -1.948980e+00 -6.000000e+01  8.955114e+01
     vertex -1.935932e+00 -6.000000e+01  8.949784e+01
   endloop
 endfacet
 facet normal  0.000000e+00 -1.000000e+00  0.000000e+00
   outer loop
     vertex -1.905476e+00 -6.000000e+01  8.939241e+01
     vertex -1.986418e+00 -6.000000e+01  8.976731e+01
     vertex -1.921427e+00 -6.000000e+01  8.944492e+01
   endloop
 endfacet
 facet normal  0.000000e+00 -1.000000e+00  0.000000e+00
   outer loop
     vertex  6.206429e-01 -6.000000e+01  9.190126e+01
     vertex  5.682499e-01 -6.000000e+01  9.191757e+01
     vertex  5.154292e-01 -6.000000e+01  9.193244e+01
   endloop
 endfacet
 facet normal  0.000000e+00 -1.000000e+00  0.000000e+00
   outer loop
     vertex  6.206429e-01 -6.000000e+01  9.190126e+01
     vertex  5.154292e-01 -6.000000e+01  9.193244e+01
     vertex  4.622205e-01 -6.000000e+01  9.194586e+01
   endloop
 endfacet
 facet normal  0.000000e+00 -1.000000e+00  0.000000e+00
   outer loop
     vertex -1.888090e+00 -6.000000e+01  8.934037e+01
     vertex -1.986418e+00 -6.000000e+01  8.976731e+01
     vertex -1.905476e+00 -6.000000e+01  8.939241e+01
   endloop
 endfacet
 facet normal  0.000000e+00 -1.000000e+00  0.000000e+00
   outer loop
     vertex -1.849069e+00 -6.000000e+01  8.923780e+01
     vertex -1.888090e+00 -6.000000e+01  8.934037e+01
     vertex -1.869283e+00 -6.000000e+01  8.928882e+01
   endloop
 endfacet
 facet normal  0.000000e+00 -1.000000e+00  0.000000e+00
   outer loop
     vertex -1.804481e+00 -6.000000e+01  8.913753e+01
     vertex -1.849069e+00 -6.000000e+01  8.923780e+01
     vertex -1.827463e+00 -6.000000e+01  8.918736e+01
   endloop
 endfacet
 facet normal  0.000000e+00 -1.000000e+00  0.000000e+00
   outer loop
     vertex  8.748237e-01 -6.000000e+01  9.179852e+01
     vertex  7.748625e-01 -6.000000e+01  9.184380e+01
     vertex  7.239881e-01 -6.000000e+01  9.186436e+01
   endloop
 endfacet
 facet normal  0.000000e+00 -1.000000e+00  0.000000e+00
   outer loop
     vertex  8.748237e-01 -6.000000e+01  9.179852e+01
     vertex  7.239881e-01 -6.000000e+01  9.186436e+01
     vertex  6.725686e-01 -6.000000e+01  9.188352e+01
   endloop
 endfacet
 facet normal  0.000000e+00 -1.000000e+00  0.000000e+00
   outer loop
     vertex  8.748237e-01 -6.000000e+01  9.179852e+01
     vertex  6.725686e-01 -6.000000e+01  9.188352e+01
     vertex  6.206429e-01 -6.000000e+01  9.190126e+01
   endloop
 endfacet
 facet normal  0.000000e+00 -1.000000e+00  0.000000e+00
   outer loop
     vertex  8.748237e-01 -6.000000e+01  9.179852e+01
     vertex  8.251537e-01 -6.000000e+01  9.182185e+01
     vertex  7.748625e-01 -6.000000e+01  9.184380e+01
   endloop
 endfacet
 facet normal  0.000000e+00 -1.000000e+00  0.000000e+00
   outer loop
     vertex -1.754461e+00 -6.000000e+01  8.903986e+01
     vertex -1.849069e+00 -6.000000e+01  8.923780e+01
     vertex -1.804481e+00 -6.000000e+01  8.913753e+01
   endloop
 endfacet
 facet normal  0.000000e+00 -1.000000e+00  0.000000e+00
   outer loop
     vertex -1.754461e+00 -6.000000e+01  8.903986e+01
     vertex -1.804481e+00 -6.000000e+01  8.913753e+01
     vertex -1.780141e+00 -6.000000e+01  8.908835e+01
   endloop
 endfacet
 facet normal  0.000000e+00 -1.000000e+00  0.000000e+00
   outer loop
     vertex  9.721513e-01 -6.000000e+01  9.174783e+01
     vertex  9.238352e-01 -6.000000e+01  9.177385e+01
     vertex  8.748237e-01 -6.000000e+01  9.179852e+01
   endloop
 endfacet
 facet normal  0.000000e+00 -1.000000e+00  0.000000e+00
   outer loop
     vertex  1.066552e+00 -6.000000e+01  9.169188e+01
     vertex  9.721513e-01 -6.000000e+01  9.174783e+01
     vertex  8.748237e-01 -6.000000e+01  9.179852e+01
   endloop
 endfacet
 facet normal  0.000000e+00 -1.000000e+00  0.000000e+00
   outer loop
     vertex  1.066552e+00 -6.000000e+01  9.169188e+01
     vertex  1.019736e+00 -6.000000e+01  9.172051e+01
     vertex  9.721513e-01 -6.000000e+01  9.174783e+01
   endloop
 endfacet
 facet normal  0.000000e+00 -1.000000e+00  0.000000e+00
   outer loop
     vertex -1.669578e+00 -6.000000e+01  8.889886e+01
     vertex -1.888090e+00 -6.000000e+01  8.934037e+01
     vertex -1.849069e+00 -6.000000e+01  8.923780e+01
   endloop
 endfacet
 facet normal  0.000000e+00 -1.000000e+00  0.000000e+00
   outer loop
     vertex -1.669578e+00 -6.000000e+01  8.889886e+01
     vertex -1.849069e+00 -6.000000e+01  8.923780e+01
     vertex -1.754461e+00 -6.000000e+01  8.903986e+01
   endloop
 endfacet
 facet normal  0.000000e+00 -1.000000e+00  0.000000e+00
   outer loop
     vertex -1.669578e+00 -6.000000e+01  8.889886e+01
     vertex -1.754461e+00 -6.000000e+01  8.903986e+01
     vertex -1.727460e+00 -6.000000e+01  8.899209e+01
   endloop
 endfacet
 facet normal  0.000000e+00 -1.000000e+00  0.000000e+00
   outer loop
     vertex -1.669578e+00 -6.000000e+01  8.889886e+01
     vertex -1.727460e+00 -6.000000e+01  8.899209e+01
     vertex -1.699159e+00 -6.000000e+01  8.894508e+01
   endloop
 endfacet
 facet normal  0.000000e+00 -1.000000e+00  0.000000e+00
   outer loop
     vertex  1.112566e+00 -6.000000e+01  9.166199e+01
     vertex  1.066552e+00 -6.000000e+01  9.169188e+01
     vertex  8.748237e-01 -6.000000e+01  9.179852e+01
   endloop
 endfacet
 facet normal  0.000000e+00 -1.000000e+00  0.000000e+00
   outer loop
     vertex -1.638741e+00 -6.000000e+01  8.885347e+01
     vertex -1.888090e+00 -6.000000e+01  8.934037e+01
     vertex -1.669578e+00 -6.000000e+01  8.889886e+01
   endloop
 endfacet
 facet normal  0.000000e+00 -1.000000e+00  0.000000e+00
   outer loop
     vertex  1.157742e+00 -6.000000e+01  9.163084e+01
     vertex  1.112566e+00 -6.000000e+01  9.166199e+01
     vertex  8.748237e-01 -6.000000e+01  9.179852e+01
   endloop
 endfacet
 facet normal  0.000000e+00 -1.000000e+00  0.000000e+00
   outer loop
     vertex  1.245447e+00 -6.000000e+01  9.156488e+01
     vertex  1.157742e+00 -6.000000e+01  9.163084e+01
     vertex  8.748237e-01 -6.000000e+01  9.179852e+01
   endloop
 endfacet
 facet normal  0.000000e+00 -1.000000e+00  0.000000e+00
   outer loop
     vertex  1.245447e+00 -6.000000e+01  9.156488e+01
     vertex  8.748237e-01 -6.000000e+01  9.179852e+01
     vertex  6.206429e-01 -6.000000e+01  9.190126e+01
   endloop
 endfacet
 facet normal  0.000000e+00 -1.000000e+00  0.000000e+00
   outer loop
     vertex  1.245447e+00 -6.000000e+01  9.156488e+01
     vertex  6.206429e-01 -6.000000e+01  9.190126e+01
     vertex  4.622205e-01 -6.000000e+01  9.194586e+01
   endloop
 endfacet
 facet normal  0.000000e+00 -1.000000e+00  0.000000e+00
   outer loop
     vertex  1.245447e+00 -6.000000e+01  9.156488e+01
     vertex  1.202047e+00 -6.000000e+01  9.159846e+01
     vertex  1.157742e+00 -6.000000e+01  9.163084e+01
   endloop
 endfacet
 facet normal  0.000000e+00 -1.000000e+00  0.000000e+00
   outer loop
     vertex -1.538926e+00 -6.000000e+01  8.872262e+01
     vertex -1.638741e+00 -6.000000e+01  8.885347e+01
     vertex -1.606670e+00 -6.000000e+01  8.880895e+01
   endloop
 endfacet
 facet normal  0.000000e+00 -1.000000e+00  0.000000e+00
   outer loop
     vertex -1.538926e+00 -6.000000e+01  8.872262e+01
     vertex -1.606670e+00 -6.000000e+01  8.880895e+01
     vertex -1.573390e+00 -6.000000e+01  8.876532e+01
   endloop
 endfacet
 facet normal  0.000000e+00 -1.000000e+00  0.000000e+00
   outer loop
     vertex -1.503303e+00 -6.000000e+01  8.868088e+01
     vertex -1.638741e+00 -6.000000e+01  8.885347e+01
     vertex -1.538926e+00 -6.000000e+01  8.872262e+01
   endloop
 endfacet
 facet normal  0.000000e+00 -1.000000e+00  0.000000e+00
   outer loop
     vertex  1.369894e+00 -6.000000e+01  9.145719e+01
     vertex  1.245447e+00 -6.000000e+01  9.156488e+01
     vertex  4.622205e-01 -6.000000e+01  9.194586e+01
   endloop
 endfacet
 facet normal  0.000000e+00 -1.000000e+00  0.000000e+00
   outer loop
     vertex  1.369894e+00 -6.000000e+01  9.145719e+01
     vertex  1.329402e+00 -6.000000e+01  9.149422e+01
     vertex  1.287909e+00 -6.000000e+01  9.153013e+01
   endloop
 endfacet
 facet normal  0.000000e+00 -1.000000e+00  0.000000e+00
   outer loop
     vertex  1.369894e+00 -6.000000e+01  9.145719e+01
     vertex  1.287909e+00 -6.000000e+01  9.153013e+01
     vertex  1.245447e+00 -6.000000e+01  9.156488e+01
   endloop
 endfacet
 facet normal  0.000000e+00 -1.000000e+00  0.000000e+00
   outer loop
     vertex -1.428689e+00 -6.000000e+01  8.860041e+01
     vertex -1.638741e+00 -6.000000e+01  8.885347e+01
     vertex -1.503303e+00 -6.000000e+01  8.868088e+01
   endloop
 endfacet
 facet normal  0.000000e+00 -1.000000e+00  0.000000e+00
   outer loop
     vertex -1.428689e+00 -6.000000e+01  8.860041e+01
     vertex -1.503303e+00 -6.000000e+01  8.868088e+01
     vertex -1.466548e+00 -6.000000e+01  8.864013e+01
   endloop
 endfacet
 facet normal  0.000000e+00 -1.000000e+00  0.000000e+00
   outer loop
     vertex  1.409355e+00 -6.000000e+01  9.141906e+01
     vertex  1.369894e+00 -6.000000e+01  9.145719e+01
     vertex  4.622205e-01 -6.000000e+01  9.194586e+01
   endloop
 endfacet
 facet normal  0.000000e+00 -1.000000e+00  0.000000e+00
   outer loop
     vertex -1.349775e+00 -6.000000e+01  8.852416e+01
     vertex -1.638741e+00 -6.000000e+01  8.885347e+01
     vertex -1.428689e+00 -6.000000e+01  8.860041e+01
   endloop
 endfacet
 facet normal  0.000000e+00 -1.000000e+00  0.000000e+00
   outer loop
     vertex -1.349775e+00 -6.000000e+01  8.852416e+01
     vertex -1.428689e+00 -6.000000e+01  8.860041e+01
     vertex -1.389755e+00 -6.000000e+01  8.856174e+01
   endloop
 endfacet
 facet normal  0.000000e+00 -1.000000e+00  0.000000e+00
   outer loop
     vertex  1.521257e+00 -6.000000e+01  9.129837e+01
     vertex  1.485065e+00 -6.000000e+01  9.133962e+01
     vertex  1.447755e+00 -6.000000e+01  9.137986e+01
   endloop
 endfacet
 facet normal  0.000000e+00 -1.000000e+00  0.000000e+00
   outer loop
     vertex  1.521257e+00 -6.000000e+01  9.129837e+01
     vertex  1.447755e+00 -6.000000e+01  9.137986e+01
     vertex  1.409355e+00 -6.000000e+01  9.141906e+01
   endloop
 endfacet
 facet normal  0.000000e+00 -1.000000e+00  0.000000e+00
   outer loop
     vertex -1.266797e+00 -6.000000e+01  8.845235e+01
     vertex -1.349775e+00 -6.000000e+01  8.852416e+01
     vertex -1.308779e+00 -6.000000e+01  8.848768e+01
   endloop
 endfacet
 facet normal  0.000000e+00 -1.000000e+00  0.000000e+00
   outer loop
     vertex -1.266797e+00 -6.000000e+01  8.845235e+01
     vertex -1.994310e+00 -6.000000e+01  9.015076e+01
     vertex -1.986418e+00 -6.000000e+01  8.976731e+01
   endloop
 endfacet
 facet normal  0.000000e+00 -1.000000e+00  0.000000e+00
   outer loop
     vertex -1.266797e+00 -6.000000e+01  8.845235e+01
     vertex -1.975162e+00 -6.000000e+01  9.031422e+01
     vertex -1.994310e+00 -6.000000e+01  9.015076e+01
   endloop
 endfacet
 facet normal  0.000000e+00 -1.000000e+00  0.000000e+00
   outer loop
     vertex -1.266797e+00 -6.000000e+01  8.845235e+01
     vertex -1.409355e+00 -6.000000e+01  9.141906e+01
     vertex -1.447755e+00 -6.000000e+01  9.137986e+01
   endloop
 endfacet
 facet normal  0.000000e+00 -1.000000e+00  0.000000e+00
   outer loop
     vertex -1.266797e+00 -6.000000e+01  8.845235e+01
     vertex -1.447755e+00 -6.000000e+01  9.137986e+01
     vertex -1.485065e+00 -6.000000e+01  9.133962e+01
   endloop
 endfacet
 facet normal  0.000000e+00 -1.000000e+00  0.000000e+00
   outer loop
     vertex -1.266797e+00 -6.000000e+01  8.845235e+01
     vertex -1.485065e+00 -6.000000e+01  9.133962e+01
     vertex -1.521257e+00 -6.000000e+01  9.129837e+01
   endloop
 endfacet
 facet normal  0.000000e+00 -1.000000e+00  0.000000e+00
   outer loop
     vertex -1.266797e+00 -6.000000e+01  8.845235e+01
     vertex -1.521257e+00 -6.000000e+01  9.129837e+01
     vertex -1.684527e+00 -6.000000e+01  9.107813e+01
   endloop
 endfacet
 facet normal  0.000000e+00 -1.000000e+00  0.000000e+00
   outer loop
     vertex -1.266797e+00 -6.000000e+01  8.845235e+01
     vertex -1.638741e+00 -6.000000e+01  8.885347e+01
     vertex -1.349775e+00 -6.000000e+01  8.852416e+01
   endloop
 endfacet
 facet normal  0.000000e+00 -1.000000e+00  0.000000e+00
   outer loop
     vertex -1.266797e+00 -6.000000e+01  8.845235e+01
     vertex -1.684527e+00 -6.000000e+01  9.107813e+01
     vertex -1.741124e+00 -6.000000e+01  9.098412e+01
   endloop
 endfacet
 facet normal  0.000000e+00 -1.000000e+00  0.000000e+00
   outer loop
     vertex -1.266797e+00 -6.000000e+01  8.845235e+01
     vertex -1.741124e+00 -6.000000e+01  9.098412e+01
     vertex -1.838439e+00 -6.000000e+01  9.078749e+01
   endloop
 endfacet
 facet normal  0.000000e+00 -1.000000e+00  0.000000e+00
   outer loop
     vertex -1.266797e+00 -6.000000e+01  8.845235e+01
     vertex -1.986418e+00 -6.000000e+01  8.976731e+01
     vertex -1.888090e+00 -6.000000e+01  8.934037e+01
   endloop
 endfacet
 facet normal  0.000000e+00 -1.000000e+00  0.000000e+00
   outer loop
     vertex -1.266797e+00 -6.000000e+01  8.845235e+01
     vertex -1.888090e+00 -6.000000e+01  8.934037e+01
     vertex -1.638741e+00 -6.000000e+01  8.885347e+01
   endloop
 endfacet
 facet normal  0.000000e+00 -1.000000e+00  0.000000e+00
   outer loop
     vertex -1.266797e+00 -6.000000e+01  8.845235e+01
     vertex -1.838439e+00 -6.000000e+01  9.078749e+01
     vertex -1.896961e+00 -6.000000e+01  9.063367e+01
   endloop
 endfacet
 facet normal  0.000000e+00 -1.000000e+00  0.000000e+00
   outer loop
     vertex -1.266797e+00 -6.000000e+01  8.845235e+01
     vertex -1.896961e+00 -6.000000e+01  9.063367e+01
     vertex -1.975162e+00 -6.000000e+01  9.031422e+01
   endloop
 endfacet
 facet normal  0.000000e+00 -1.000000e+00  0.000000e+00
   outer loop
     vertex  1.590180e+00 -6.000000e+01  9.121298e+01
     vertex  1.521257e+00 -6.000000e+01  9.129837e+01
     vertex  1.409355e+00 -6.000000e+01  9.141906e+01
   endloop
 endfacet
 facet normal  0.000000e+00 -1.000000e+00  0.000000e+00
   outer loop
     vertex  1.590180e+00 -6.000000e+01  9.121298e+01
     vertex  1.556304e+00 -6.000000e+01  9.125615e+01
     vertex  1.521257e+00 -6.000000e+01  9.129837e+01
   endloop
 endfacet
 facet normal  0.000000e+00 -1.000000e+00  0.000000e+00
   outer loop
     vertex  1.622858e+00 -6.000000e+01  9.116890e+01
     vertex  1.590180e+00 -6.000000e+01  9.121298e+01
     vertex  1.409355e+00 -6.000000e+01  9.141906e+01
   endloop
 endfacet
 facet normal  0.000000e+00 -1.000000e+00  0.000000e+00
   outer loop
     vertex -1.135261e+00 -6.000000e+01  8.835343e+01
     vertex -1.266797e+00 -6.000000e+01  8.845235e+01
     vertex -1.223862e+00 -6.000000e+01  8.841818e+01
   endloop
 endfacet
 facet normal  0.000000e+00 -1.000000e+00  0.000000e+00
   outer loop
     vertex -1.135261e+00 -6.000000e+01  8.835343e+01
     vertex -1.223862e+00 -6.000000e+01  8.841818e+01
     vertex -1.180006e+00 -6.000000e+01  8.838520e+01
   endloop
 endfacet
 facet normal  0.000000e+00 -1.000000e+00  0.000000e+00
   outer loop
     vertex -1.043242e+00 -6.000000e+01  8.829365e+01
     vertex -1.135261e+00 -6.000000e+01  8.835343e+01
     vertex -1.089662e+00 -6.000000e+01  8.832291e+01
   endloop
 endfacet
 facet normal  0.000000e+00 -1.000000e+00  0.000000e+00
   outer loop
     vertex  1.713470e+00 -6.000000e+01  9.103151e+01
     vertex  1.684527e+00 -6.000000e+01  9.107813e+01
     vertex  1.654315e+00 -6.000000e+01  9.112394e+01
   endloop
 endfacet
 facet normal  0.000000e+00 -1.000000e+00  0.000000e+00
   outer loop
     vertex  1.713470e+00 -6.000000e+01  9.103151e+01
     vertex  1.654315e+00 -6.000000e+01  9.112394e+01
     vertex  1.622858e+00 -6.000000e+01  9.116890e+01
   endloop
 endfacet
 facet normal  0.000000e+00 -1.000000e+00  0.000000e+00
   outer loop
     vertex -9.960371e-01 -6.000000e+01  8.826567e+01
     vertex -1.135261e+00 -6.000000e+01  8.835343e+01
     vertex -1.043242e+00 -6.000000e+01  8.829365e+01
   endloop
 endfacet
 facet normal  0.000000e+00 -1.000000e+00  0.000000e+00
   outer loop
     vertex -9.960371e-01 -6.000000e+01  8.826567e+01
     vertex -1.266797e+00 -6.000000e+01  8.845235e+01
     vertex -1.135261e+00 -6.000000e+01  8.835343e+01
   endloop
 endfacet
 facet normal  0.000000e+00 -1.000000e+00  0.000000e+00
   outer loop
     vertex -8.994141e-01 -6.000000e+01  8.821365e+01
     vertex -9.960371e-01 -6.000000e+01  8.826567e+01
     vertex -9.480825e-01 -6.000000e+01  8.823899e+01
   endloop
 endfacet
 facet normal  0.000000e+00 -1.000000e+00  0.000000e+00
   outer loop
     vertex -8.994141e-01 -6.000000e+01  8.821365e+01
     vertex -1.266797e+00 -6.000000e+01  8.845235e+01
     vertex -9.960371e-01 -6.000000e+01  8.826567e+01
   endloop
 endfacet
 facet normal  0.000000e+00 -1.000000e+00  0.000000e+00
   outer loop
     vertex  1.792480e+00 -6.000000e+01  9.088714e+01
     vertex  1.767467e+00 -6.000000e+01  9.093598e+01
     vertex  1.741124e+00 -6.000000e+01  9.098412e+01
   endloop
 endfacet
 facet normal  0.000000e+00 -1.000000e+00  0.000000e+00
   outer loop
     vertex  1.816143e+00 -6.000000e+01  9.083763e+01
     vertex  1.792480e+00 -6.000000e+01  9.088714e+01
     vertex  1.741124e+00 -6.000000e+01  9.098412e+01
   endloop
 endfacet
 facet normal  0.000000e+00 -1.000000e+00  0.000000e+00
   outer loop
     vertex  1.816143e+00 -6.000000e+01  9.083763e+01
     vertex  1.741124e+00 -6.000000e+01  9.098412e+01
     vertex  1.713470e+00 -6.000000e+01  9.103151e+01
   endloop
 endfacet
 facet normal  0.000000e+00 -1.000000e+00  0.000000e+00
   outer loop
     vertex -8.000834e-01 -6.000000e+01  8.816701e+01
     vertex -8.994141e-01 -6.000000e+01  8.821365e+01
     vertex -8.500687e-01 -6.000000e+01  8.818965e+01
   endloop
 endfacet
 facet normal  0.000000e+00 -1.000000e+00  0.000000e+00
   outer loop
     vertex -8.000834e-01 -6.000000e+01  8.816701e+01
     vertex -1.266797e+00 -6.000000e+01  8.845235e+01
     vertex -8.994141e-01 -6.000000e+01  8.821365e+01
   endloop
 endfacet
 facet normal  0.000000e+00 -1.000000e+00  0.000000e+00
   outer loop
     vertex  1.838439e+00 -6.000000e+01  9.078749e+01
     vertex  1.816143e+00 -6.000000e+01  9.083763e+01
     vertex  1.713470e+00 -6.000000e+01  9.103151e+01
   endloop
 endfacet
 facet normal  0.000000e+00 -1.000000e+00  0.000000e+00
   outer loop
     vertex  1.838439e+00 -6.000000e+01  9.078749e+01
     vertex  1.713470e+00 -6.000000e+01  9.103151e+01
     vertex  1.622858e+00 -6.000000e+01  9.116890e+01
   endloop
 endfacet
 facet normal  0.000000e+00 -1.000000e+00  0.000000e+00
   outer loop
     vertex -7.494958e-01 -6.000000e+01  8.814575e+01
     vertex -1.266797e+00 -6.000000e+01  8.845235e+01
     vertex -8.000834e-01 -6.000000e+01  8.816701e+01
   endloop
 endfacet
 facet normal  0.000000e+00 -1.000000e+00  0.000000e+00
   outer loop
     vertex  1.878863e+00 -6.000000e+01  9.068547e+01
     vertex  1.859351e+00 -6.000000e+01  9.073676e+01
     vertex  1.838439e+00 -6.000000e+01  9.078749e+01
   endloop
 endfacet
 facet normal  0.000000e+00 -1.000000e+00  0.000000e+00
   outer loop
     vertex  1.896961e+00 -6.000000e+01  9.063367e+01
     vertex  1.838439e+00 -6.000000e+01  9.078749e+01
     vertex  1.622858e+00 -6.000000e+01  9.116890e+01
   endloop
 endfacet
 facet normal  0.000000e+00 -1.000000e+00  0.000000e+00
   outer loop
     vertex  1.896961e+00 -6.000000e+01  9.063367e+01
     vertex  1.878863e+00 -6.000000e+01  9.068547e+01
     vertex  1.838439e+00 -6.000000e+01  9.078749e+01
   endloop
 endfacet
 facet normal  0.000000e+00 -1.000000e+00  0.000000e+00
   outer loop
     vertex  1.896961e+00 -6.000000e+01  9.063367e+01
     vertex  1.409355e+00 -6.000000e+01  9.141906e+01
     vertex  4.622205e-01 -6.000000e+01  9.194586e+01
   endloop
 endfacet
 facet normal  0.000000e+00 -1.000000e+00  0.000000e+00
   outer loop
     vertex  1.896961e+00 -6.000000e+01  9.063367e+01
     vertex  4.622205e-01 -6.000000e+01  9.194586e+01
     vertex  3.006682e-01 -6.000000e+01  9.197727e+01
   endloop
 endfacet
 facet normal  0.000000e+00 -1.000000e+00  0.000000e+00
   outer loop
     vertex  1.896961e+00 -6.000000e+01  9.063367e+01
     vertex  1.622858e+00 -6.000000e+01  9.116890e+01
     vertex  1.409355e+00 -6.000000e+01  9.141906e+01
   endloop
 endfacet
 facet normal  0.000000e+00 -1.000000e+00  0.000000e+00
   outer loop
     vertex -5.945023e-01 -6.000000e+01  8.809040e+01
     vertex -7.494958e-01 -6.000000e+01  8.814575e+01
     vertex -6.983441e-01 -6.000000e+01  8.812588e+01
   endloop
 endfacet
 facet normal  0.000000e+00 -1.000000e+00  0.000000e+00
   outer loop
     vertex -5.945023e-01 -6.000000e+01  8.809040e+01
     vertex -6.983441e-01 -6.000000e+01  8.812588e+01
     vertex -6.466666e-01 -6.000000e+01  8.810743e+01
   endloop
 endfacet
 facet normal  0.000000e+00 -1.000000e+00  0.000000e+00
   outer loop
     vertex -4.888709e-01 -6.000000e+01  8.806067e+01
     vertex -5.945023e-01 -6.000000e+01  8.809040e+01
     vertex -5.418906e-01 -6.000000e+01  8.807481e+01
   endloop
 endfacet
 facet normal  0.000000e+00 -1.000000e+00  0.000000e+00
   outer loop
     vertex -4.354831e-01 -6.000000e+01  8.804799e+01
     vertex -1.266797e+00 -6.000000e+01  8.845235e+01
     vertex -7.494958e-01 -6.000000e+01  8.814575e+01
   endloop
 endfacet
 facet normal  0.000000e+00 -1.000000e+00  0.000000e+00
   outer loop
     vertex -4.354831e-01 -6.000000e+01  8.804799e+01
     vertex -7.494958e-01 -6.000000e+01  8.814575e+01
     vertex -5.945023e-01 -6.000000e+01  8.809040e+01
   endloop
 endfacet
 facet normal  0.000000e+00 -1.000000e+00  0.000000e+00
   outer loop
     vertex -4.354831e-01 -6.000000e+01  8.804799e+01
     vertex -5.945023e-01 -6.000000e+01  8.809040e+01
     vertex -4.888709e-01 -6.000000e+01  8.806067e+01
   endloop
 endfacet
 facet normal  0.000000e+00 -1.000000e+00  0.000000e+00
   outer loop
     vertex -3.817676e-01 -6.000000e+01  8.803677e+01
     vertex -1.266797e+00 -6.000000e+01  8.845235e+01
     vertex -4.354831e-01 -6.000000e+01  8.804799e+01
   endloop
 endfacet
 facet normal  0.000000e+00 -1.000000e+00  0.000000e+00
   outer loop
     vertex  1.965798e+00 -6.000000e+01  9.036829e+01
     vertex  1.954954e+00 -6.000000e+01  9.042208e+01
     vertex  1.942639e+00 -6.000000e+01  9.047556e+01
   endloop
 endfacet
 facet normal  0.000000e+00 -1.000000e+00  0.000000e+00
   outer loop
     vertex  1.965798e+00 -6.000000e+01  9.036829e+01
     vertex  1.942639e+00 -6.000000e+01  9.047556e+01
     vertex  1.928861e+00 -6.000000e+01  9.052867e+01
   endloop
 endfacet
 facet normal  0.000000e+00 -1.000000e+00  0.000000e+00
   outer loop
     vertex  1.965798e+00 -6.000000e+01  9.036829e+01
     vertex  1.928861e+00 -6.000000e+01  9.052867e+01
     vertex  1.913632e+00 -6.000000e+01  9.058139e+01
   endloop
 endfacet
 facet normal  0.000000e+00 -1.000000e+00  0.000000e+00
   outer loop
     vertex -3.277647e-01 -6.000000e+01  8.802704e+01
     vertex -1.266797e+00 -6.000000e+01  8.845235e+01
     vertex -3.817676e-01 -6.000000e+01  8.803677e+01
   endloop
 endfacet
 facet normal  0.000000e+00 -1.000000e+00  0.000000e+00
   outer loop
     vertex  1.975162e+00 -6.000000e+01  9.031422e+01
     vertex  1.965798e+00 -6.000000e+01  9.036829e+01
     vertex  1.913632e+00 -6.000000e+01  9.058139e+01
   endloop
 endfacet
 facet normal  0.000000e+00 -1.000000e+00  0.000000e+00
   outer loop
     vertex  1.983039e+00 -6.000000e+01  9.025992e+01
     vertex  1.975162e+00 -6.000000e+01  9.031422e+01
     vertex  1.913632e+00 -6.000000e+01  9.058139e+01
   endloop
 endfacet
 facet normal  0.000000e+00 -1.000000e+00  0.000000e+00
   outer loop
     vertex  1.983039e+00 -6.000000e+01  9.025992e+01
     vertex  1.913632e+00 -6.000000e+01  9.058139e+01
     vertex  1.896961e+00 -6.000000e+01  9.063367e+01
   endloop
 endfacet
 facet normal  0.000000e+00 -1.000000e+00  0.000000e+00
   outer loop
     vertex -2.190595e-01 -6.000000e+01  8.801203e+01
     vertex -1.266797e+00 -6.000000e+01  8.845235e+01
     vertex -3.277647e-01 -6.000000e+01  8.802704e+01
   endloop
 endfacet
 facet normal  0.000000e+00 -1.000000e+00  0.000000e+00
   outer loop
     vertex -2.190595e-01 -6.000000e+01  8.801203e+01
     vertex -3.277647e-01 -6.000000e+01  8.802704e+01
     vertex -2.735151e-01 -6.000000e+01  8.801879e+01
   endloop
 endfacet
 facet normal  0.000000e+00 -1.000000e+00  0.000000e+00
   outer loop
     vertex  1.994310e+00 -6.000000e+01  9.015076e+01
     vertex  1.989423e+00 -6.000000e+01  9.020542e+01
     vertex  1.983039e+00 -6.000000e+01  9.025992e+01
   endloop
 endfacet
 facet normal  0.000000e+00 -1.000000e+00  0.000000e+00
   outer loop
     vertex -1.096949e-01 -6.000000e+01  8.800301e+01
     vertex -2.190595e-01 -6.000000e+01  8.801203e+01
     vertex -1.644391e-01 -6.000000e+01  8.800677e+01
   endloop
 endfacet
 facet normal  0.000000e+00 -1.000000e+00  0.000000e+00
   outer loop
     vertex -1.096949e-01 -6.000000e+01  8.800301e+01
     vertex -1.266797e+00 -6.000000e+01  8.845235e+01
     vertex -2.190595e-01 -6.000000e+01  8.801203e+01
   endloop
 endfacet
 facet normal  0.000000e+00 -1.000000e+00  0.000000e+00
   outer loop
     vertex -5.486810e-02 -6.000000e+01  8.800075e+01
     vertex -1.266797e+00 -6.000000e+01  8.845235e+01
     vertex -1.096949e-01 -6.000000e+01  8.800301e+01
   endloop
 endfacet
 facet normal  0.000000e+00 -1.000000e+00  0.000000e+00
   outer loop
     vertex  1.999577e+00 -6.000000e+01  9.004115e+01
     vertex  1.997695e+00 -6.000000e+01  9.009599e+01
     vertex  1.994310e+00 -6.000000e+01  9.015076e+01
   endloop
 endfacet
 facet normal  0.000000e+00 -1.000000e+00  0.000000e+00
   outer loop
     vertex  1.999953e+00 -6.000000e+01  8.998628e+01
     vertex  1.999577e+00 -6.000000e+01  9.004115e+01
     vertex  1.994310e+00 -6.000000e+01  9.015076e+01
   endloop
 endfacet
 facet normal  0.000000e+00 -1.000000e+00  0.000000e+00
   outer loop
     vertex  1.096949e-01 -6.000000e+01  8.800301e+01
     vertex -4.898587e-16 -6.000000e+01  8.800000e+01
     vertex  5.486810e-02 -6.000000e+01  8.800075e+01
   endloop
 endfacet
 facet normal  0.000000e+00 -1.000000e+00  0.000000e+00
   outer loop
     vertex  1.096949e-01 -6.000000e+01  8.800301e+01
     vertex -5.486810e-02 -6.000000e+01  8.800075e+01
     vertex -4.898587e-16 -6.000000e+01  8.800000e+01
   endloop
 endfacet
 facet normal  0.000000e+00 -1.000000e+00  0.000000e+00
   outer loop
     vertex  1.644391e-01 -6.000000e+01  8.800677e+01
     vertex -5.486810e-02 -6.000000e+01  8.800075e+01
     vertex  1.096949e-01 -6.000000e+01  8.800301e+01
   endloop
 endfacet
 facet normal  0.000000e+00 -1.000000e+00  0.000000e+00
   outer loop
     vertex  1.992054e+00 -6.000000e+01  8.982189e+01
     vertex  1.996190e+00 -6.000000e+01  8.987661e+01
     vertex  1.998824e+00 -6.000000e+01  8.993142e+01
   endloop
 endfacet
 facet normal  0.000000e+00 -1.000000e+00  0.000000e+00
   outer loop
     vertex  1.979286e+00 -6.000000e+01  8.971290e+01
     vertex  1.992054e+00 -6.000000e+01  8.982189e+01
     vertex  1.998824e+00 -6.000000e+01  8.993142e+01
   endloop
 endfacet
 facet normal  0.000000e+00 -1.000000e+00  0.000000e+00
   outer loop
     vertex  1.979286e+00 -6.000000e+01  8.971290e+01
     vertex  1.986418e+00 -6.000000e+01  8.976731e+01
     vertex  1.992054e+00 -6.000000e+01  8.982189e+01
   endloop
 endfacet
 facet normal  0.000000e+00 -1.000000e+00  0.000000e+00
   outer loop
     vertex  1.979286e+00 -6.000000e+01  8.971290e+01
     vertex  1.998824e+00 -6.000000e+01  8.993142e+01
     vertex  1.999953e+00 -6.000000e+01  8.998628e+01
   endloop
 endfacet
 facet normal  0.000000e+00 -1.000000e+00  0.000000e+00
   outer loop
     vertex  1.970665e+00 -6.000000e+01  8.965871e+01
     vertex  1.979286e+00 -6.000000e+01  8.971290e+01
     vertex  1.999953e+00 -6.000000e+01  8.998628e+01
   endloop
 endfacet
 facet normal  0.000000e+00 -1.000000e+00  0.000000e+00
   outer loop
     vertex  4.354831e-01 -6.000000e+01  8.804799e+01
     vertex  1.644391e-01 -6.000000e+01  8.800677e+01
     vertex  2.190595e-01 -6.000000e+01  8.801203e+01
   endloop
 endfacet
 facet normal  0.000000e+00 -1.000000e+00  0.000000e+00
   outer loop
     vertex  4.354831e-01 -6.000000e+01  8.804799e+01
     vertex  2.190595e-01 -6.000000e+01  8.801203e+01
     vertex  2.735151e-01 -6.000000e+01  8.801879e+01
   endloop
 endfacet
 facet normal  0.000000e+00 -1.000000e+00  0.000000e+00
   outer loop
     vertex  4.354831e-01 -6.000000e+01  8.804799e+01
     vertex  2.735151e-01 -6.000000e+01  8.801879e+01
     vertex  3.277647e-01 -6.000000e+01  8.802704e+01
   endloop
 endfacet
 facet normal  0.000000e+00 -1.000000e+00  0.000000e+00
   outer loop
     vertex  4.354831e-01 -6.000000e+01  8.804799e+01
     vertex  3.277647e-01 -6.000000e+01  8.802704e+01
     vertex  3.817676e-01 -6.000000e+01  8.803677e+01
   endloop
 endfacet
 facet normal  0.000000e+00 -1.000000e+00  0.000000e+00
   outer loop
     vertex  4.354831e-01 -6.000000e+01  8.804799e+01
     vertex -1.409355e+00 -6.000000e+01  9.141906e+01
     vertex -1.266797e+00 -6.000000e+01  8.845235e+01
   endloop
 endfacet
 facet normal  0.000000e+00 -1.000000e+00  0.000000e+00
   outer loop
     vertex  4.354831e-01 -6.000000e+01  8.804799e+01
     vertex -3.547996e-01 -6.000000e+01  9.196828e+01
     vertex -4.086638e-01 -6.000000e+01  9.195780e+01
   endloop
 endfacet
 facet normal  0.000000e+00 -1.000000e+00  0.000000e+00
   outer loop
     vertex  4.354831e-01 -6.000000e+01  8.804799e+01
     vertex -4.086638e-01 -6.000000e+01  9.195780e+01
     vertex -4.622205e-01 -6.000000e+01  9.194586e+01
   endloop
 endfacet
 facet normal  0.000000e+00 -1.000000e+00  0.000000e+00
   outer loop
     vertex  4.354831e-01 -6.000000e+01  8.804799e+01
     vertex -5.682499e-01 -6.000000e+01  9.191757e+01
     vertex -6.206429e-01 -6.000000e+01  9.190126e+01
   endloop
 endfacet
 facet normal  0.000000e+00 -1.000000e+00  0.000000e+00
   outer loop
     vertex  4.354831e-01 -6.000000e+01  8.804799e+01
     vertex -1.329402e+00 -6.000000e+01  9.149422e+01
     vertex -1.369894e+00 -6.000000e+01  9.145719e+01
   endloop
 endfacet
 facet normal  0.000000e+00 -1.000000e+00  0.000000e+00
   outer loop
     vertex  4.354831e-01 -6.000000e+01  8.804799e+01
     vertex -1.369894e+00 -6.000000e+01  9.145719e+01
     vertex -1.409355e+00 -6.000000e+01  9.141906e+01
   endloop
 endfacet
 facet normal  0.000000e+00 -1.000000e+00  0.000000e+00
   outer loop
     vertex  4.354831e-01 -6.000000e+01  8.804799e+01
     vertex -2.463105e-01 -6.000000e+01  9.198477e+01
     vertex -3.547996e-01 -6.000000e+01  9.196828e+01
   endloop
 endfacet
 facet normal  0.000000e+00 -1.000000e+00  0.000000e+00
   outer loop
     vertex  4.354831e-01 -6.000000e+01  8.804799e+01
     vertex -6.206429e-01 -6.000000e+01  9.190126e+01
     vertex -1.329402e+00 -6.000000e+01  9.149422e+01
   endloop
 endfacet
 facet normal -0.000000e+00 -1.000000e+00  0.000000e+00
   outer loop
     vertex  4.354831e-01 -6.000000e+01  8.804799e+01
     vertex -1.266797e+00 -6.000000e+01  8.845235e+01
     vertex -5.486810e-02 -6.000000e+01  8.800075e+01
   endloop
 endfacet
 facet normal  0.000000e+00 -1.000000e+00  0.000000e+00
   outer loop
     vertex  4.354831e-01 -6.000000e+01  8.804799e+01
     vertex -5.486810e-02 -6.000000e+01  8.800075e+01
     vertex  1.644391e-01 -6.000000e+01  8.800677e+01
   endloop
 endfacet
 facet normal  0.000000e+00 -1.000000e+00  0.000000e+00
   outer loop
     vertex  4.354831e-01 -6.000000e+01  8.804799e+01
     vertex -4.622205e-01 -6.000000e+01  9.194586e+01
     vertex -5.682499e-01 -6.000000e+01  9.191757e+01
   endloop
 endfacet
 facet normal  0.000000e+00 -1.000000e+00  0.000000e+00
   outer loop
     vertex  5.418906e-01 -6.000000e+01  8.807481e+01
     vertex  4.354831e-01 -6.000000e+01  8.804799e+01
     vertex  4.888709e-01 -6.000000e+01  8.806067e+01
   endloop
 endfacet
 facet normal -0.000000e+00 -1.000000e+00  0.000000e+00
   outer loop
     vertex  5.418906e-01 -6.000000e+01  8.807481e+01
     vertex -2.463105e-01 -6.000000e+01  9.198477e+01
     vertex  4.354831e-01 -6.000000e+01  8.804799e+01
   endloop
 endfacet
 facet normal  0.000000e+00 -1.000000e+00  0.000000e+00
   outer loop
     vertex  6.466666e-01 -6.000000e+01  8.810743e+01
     vertex  5.418906e-01 -6.000000e+01  8.807481e+01
     vertex  5.945023e-01 -6.000000e+01  8.809040e+01
   endloop
 endfacet
 facet normal -0.000000e+00 -1.000000e+00  0.000000e+00
   outer loop
     vertex  6.466666e-01 -6.000000e+01  8.810743e+01
     vertex -2.463105e-01 -6.000000e+01  9.198477e+01
     vertex  5.418906e-01 -6.000000e+01  8.807481e+01
   endloop
 endfacet
 facet normal  0.000000e+00 -1.000000e+00  0.000000e+00
   outer loop
     vertex  1.888090e+00 -6.000000e+01  8.934037e+01
     vertex  1.905476e+00 -6.000000e+01  8.939241e+01
     vertex  1.921427e+00 -6.000000e+01  8.944492e+01
   endloop
 endfacet
 facet normal  0.000000e+00 -1.000000e+00  0.000000e+00
   outer loop
     vertex  1.888090e+00 -6.000000e+01  8.934037e+01
     vertex  1.921427e+00 -6.000000e+01  8.944492e+01
     vertex  1.935932e+00 -6.000000e+01  8.949784e+01
   endloop
 endfacet
 facet normal  0.000000e+00 -1.000000e+00  0.000000e+00
   outer loop
     vertex  1.888090e+00 -6.000000e+01  8.934037e+01
     vertex  1.935932e+00 -6.000000e+01  8.949784e+01
     vertex  1.948980e+00 -6.000000e+01  8.955114e+01
   endloop
 endfacet
 facet normal  0.000000e+00 -1.000000e+00  0.000000e+00
   outer loop
     vertex  1.888090e+00 -6.000000e+01  8.934037e+01
     vertex  1.948980e+00 -6.000000e+01  8.955114e+01
     vertex  1.960560e+00 -6.000000e+01  8.960477e+01
   endloop
 endfacet
 facet normal  0.000000e+00 -1.000000e+00  0.000000e+00
   outer loop
     vertex  1.888090e+00 -6.000000e+01  8.934037e+01
     vertex  1.960560e+00 -6.000000e+01  8.960477e+01
     vertex  1.970665e+00 -6.000000e+01  8.965871e+01
   endloop
 endfacet
 facet normal  0.000000e+00 -1.000000e+00  0.000000e+00
   outer loop
     vertex  1.869283e+00 -6.000000e+01  8.928882e+01
     vertex  1.888090e+00 -6.000000e+01  8.934037e+01
     vertex  1.970665e+00 -6.000000e+01  8.965871e+01
   endloop
 endfacet
 facet normal  0.000000e+00 -1.000000e+00  0.000000e+00
   outer loop
     vertex  1.869283e+00 -6.000000e+01  8.928882e+01
     vertex  1.994310e+00 -6.000000e+01  9.015076e+01
     vertex  1.983039e+00 -6.000000e+01  9.025992e+01
   endloop
 endfacet
 facet normal  0.000000e+00 -1.000000e+00  0.000000e+00
   outer loop
     vertex  1.869283e+00 -6.000000e+01  8.928882e+01
     vertex  1.999953e+00 -6.000000e+01  8.998628e+01
     vertex  1.994310e+00 -6.000000e+01  9.015076e+01
   endloop
 endfacet
 facet normal  0.000000e+00 -1.000000e+00  0.000000e+00
   outer loop
     vertex  1.869283e+00 -6.000000e+01  8.928882e+01
     vertex  1.970665e+00 -6.000000e+01  8.965871e+01
     vertex  1.999953e+00 -6.000000e+01  8.998628e+01
   endloop
 endfacet
 facet normal  0.000000e+00 -1.000000e+00  0.000000e+00
   outer loop
     vertex  7.494958e-01 -6.000000e+01  8.814575e+01
     vertex  6.466666e-01 -6.000000e+01  8.810743e+01
     vertex  6.983441e-01 -6.000000e+01  8.812588e+01
   endloop
 endfacet
 facet normal  0.000000e+00 -1.000000e+00  0.000000e+00
   outer loop
     vertex  1.827463e+00 -6.000000e+01  8.918736e+01
     vertex  1.849069e+00 -6.000000e+01  8.923780e+01
     vertex  1.869283e+00 -6.000000e+01  8.928882e+01
   endloop
 endfacet
 facet normal  0.000000e+00 -1.000000e+00  0.000000e+00
   outer loop
     vertex  8.500687e-01 -6.000000e+01  8.818965e+01
     vertex  6.466666e-01 -6.000000e+01  8.810743e+01
     vertex  7.494958e-01 -6.000000e+01  8.814575e+01
   endloop
 endfacet
 facet normal  0.000000e+00 -1.000000e+00  0.000000e+00
   outer loop
     vertex  8.500687e-01 -6.000000e+01  8.818965e+01
     vertex  7.494958e-01 -6.000000e+01  8.814575e+01
     vertex  8.000834e-01 -6.000000e+01  8.816701e+01
   endloop
 endfacet
 facet normal  0.000000e+00 -1.000000e+00  0.000000e+00
   outer loop
     vertex  1.780141e+00 -6.000000e+01  8.908835e+01
     vertex  1.827463e+00 -6.000000e+01  8.918736e+01
     vertex  1.869283e+00 -6.000000e+01  8.928882e+01
   endloop
 endfacet
 facet normal  0.000000e+00 -1.000000e+00  0.000000e+00
   outer loop
     vertex  1.780141e+00 -6.000000e+01  8.908835e+01
     vertex  1.804481e+00 -6.000000e+01  8.913753e+01
     vertex  1.827463e+00 -6.000000e+01  8.918736e+01
   endloop
 endfacet
 facet normal  0.000000e+00 -1.000000e+00  0.000000e+00
   outer loop
     vertex  9.480825e-01 -6.000000e+01  8.823899e+01
     vertex  8.500687e-01 -6.000000e+01  8.818965e+01
     vertex  8.994141e-01 -6.000000e+01  8.821365e+01
   endloop
 endfacet
 facet normal  0.000000e+00 -1.000000e+00  0.000000e+00
   outer loop
     vertex  9.480825e-01 -6.000000e+01  8.823899e+01
     vertex  6.466666e-01 -6.000000e+01  8.810743e+01
     vertex  8.500687e-01 -6.000000e+01  8.818965e+01
   endloop
 endfacet
 facet normal  0.000000e+00 -1.000000e+00  0.000000e+00
   outer loop
     vertex  1.754461e+00 -6.000000e+01  8.903986e+01
     vertex  1.780141e+00 -6.000000e+01  8.908835e+01
     vertex  1.869283e+00 -6.000000e+01  8.928882e+01
   endloop
 endfacet
 facet normal  0.000000e+00 -1.000000e+00  0.000000e+00
   outer loop
     vertex  9.960371e-01 -6.000000e+01  8.826567e+01
     vertex  6.466666e-01 -6.000000e+01  8.810743e+01
     vertex  9.480825e-01 -6.000000e+01  8.823899e+01
   endloop
 endfacet
 facet normal  0.000000e+00 -1.000000e+00  0.000000e+00
   outer loop
     vertex  1.089662e+00 -6.000000e+01  8.832291e+01
     vertex  9.960371e-01 -6.000000e+01  8.826567e+01
     vertex  1.043242e+00 -6.000000e+01  8.829365e+01
   endloop
 endfacet
 facet normal  0.000000e+00 -1.000000e+00  0.000000e+00
   outer loop
     vertex  1.669578e+00 -6.000000e+01  8.889886e+01
     vertex  1.699159e+00 -6.000000e+01  8.894508e+01
     vertex  1.727460e+00 -6.000000e+01  8.899209e+01
   endloop
 endfacet
 facet normal  0.000000e+00 -1.000000e+00  0.000000e+00
   outer loop
     vertex  1.669578e+00 -6.000000e+01  8.889886e+01
     vertex  1.727460e+00 -6.000000e+01  8.899209e+01
     vertex  1.754461e+00 -6.000000e+01  8.903986e+01
   endloop
 endfacet
 facet normal  0.000000e+00 -1.000000e+00  0.000000e+00
   outer loop
     vertex  1.638741e+00 -6.000000e+01  8.885347e+01
     vertex  1.754461e+00 -6.000000e+01  8.903986e+01
     vertex  1.869283e+00 -6.000000e+01  8.928882e+01
   endloop
 endfacet
 facet normal  0.000000e+00 -1.000000e+00  0.000000e+00
   outer loop
     vertex  1.638741e+00 -6.000000e+01  8.885347e+01
     vertex  1.669578e+00 -6.000000e+01  8.889886e+01
     vertex  1.754461e+00 -6.000000e+01  8.903986e+01
   endloop
 endfacet
 facet normal  0.000000e+00 -1.000000e+00  0.000000e+00
   outer loop
     vertex  1.223862e+00 -6.000000e+01  8.841818e+01
     vertex  1.089662e+00 -6.000000e+01  8.832291e+01
     vertex  1.135261e+00 -6.000000e+01  8.835343e+01
   endloop
 endfacet
 facet normal  0.000000e+00 -1.000000e+00  0.000000e+00
   outer loop
     vertex  1.223862e+00 -6.000000e+01  8.841818e+01
     vertex  1.135261e+00 -6.000000e+01  8.835343e+01
     vertex  1.180006e+00 -6.000000e+01  8.838520e+01
   endloop
 endfacet
 facet normal  0.000000e+00 -1.000000e+00  0.000000e+00
   outer loop
     vertex  1.223862e+00 -6.000000e+01  8.841818e+01
     vertex  9.960371e-01 -6.000000e+01  8.826567e+01
     vertex  1.089662e+00 -6.000000e+01  8.832291e+01
   endloop
 endfacet
 facet normal  0.000000e+00 -1.000000e+00  0.000000e+00
   outer loop
     vertex  1.573390e+00 -6.000000e+01  8.876532e+01
     vertex  1.606670e+00 -6.000000e+01  8.880895e+01
     vertex  1.638741e+00 -6.000000e+01  8.885347e+01
   endloop
 endfacet
 facet normal  0.000000e+00 -1.000000e+00  0.000000e+00
   outer loop
     vertex  1.538926e+00 -6.000000e+01  8.872262e+01
     vertex  1.573390e+00 -6.000000e+01  8.876532e+01
     vertex  1.638741e+00 -6.000000e+01  8.885347e+01
   endloop
 endfacet
 facet normal  0.000000e+00 -1.000000e+00  0.000000e+00
   outer loop
     vertex  1.308779e+00 -6.000000e+01  8.848768e+01
     vertex  1.223862e+00 -6.000000e+01  8.841818e+01
     vertex  1.266797e+00 -6.000000e+01  8.845235e+01
   endloop
 endfacet
 facet normal  0.000000e+00 -1.000000e+00  0.000000e+00
   outer loop
     vertex  1.308779e+00 -6.000000e+01  8.848768e+01
     vertex  9.960371e-01 -6.000000e+01  8.826567e+01
     vertex  1.223862e+00 -6.000000e+01  8.841818e+01
   endloop
 endfacet
 facet normal  0.000000e+00 -1.000000e+00  0.000000e+00
   outer loop
     vertex  1.503303e+00 -6.000000e+01  8.868088e+01
     vertex  1.538926e+00 -6.000000e+01  8.872262e+01
     vertex  1.638741e+00 -6.000000e+01  8.885347e+01
   endloop
 endfacet
 facet normal  0.000000e+00 -1.000000e+00  0.000000e+00
   outer loop
     vertex  1.349775e+00 -6.000000e+01  8.852416e+01
     vertex  9.960371e-01 -6.000000e+01  8.826567e+01
     vertex  1.308779e+00 -6.000000e+01  8.848768e+01
   endloop
 endfacet
 facet normal  0.000000e+00 -1.000000e+00  0.000000e+00
   outer loop
     vertex  1.466548e+00 -6.000000e+01  8.864013e+01
     vertex  1.503303e+00 -6.000000e+01  8.868088e+01
     vertex  1.638741e+00 -6.000000e+01  8.885347e+01
   endloop
 endfacet
 facet normal  0.000000e+00 -1.000000e+00  0.000000e+00
   outer loop
     vertex  1.389755e+00 -6.000000e+01  8.856174e+01
     vertex  9.960371e-01 -6.000000e+01  8.826567e+01
     vertex  1.349775e+00 -6.000000e+01  8.852416e+01
   endloop
 endfacet
 facet normal  0.000000e+00 -1.000000e+00  0.000000e+00
   outer loop
     vertex  1.428689e+00 -6.000000e+01  8.860041e+01
     vertex  1.869283e+00 -6.000000e+01  8.928882e+01
     vertex  1.983039e+00 -6.000000e+01  9.025992e+01
   endloop
 endfacet
 facet normal  0.000000e+00 -1.000000e+00  0.000000e+00
   outer loop
     vertex  1.428689e+00 -6.000000e+01  8.860041e+01
     vertex  1.896961e+00 -6.000000e+01  9.063367e+01
     vertex  3.006682e-01 -6.000000e+01  9.197727e+01
   endloop
 endfacet
 facet normal -0.000000e+00 -1.000000e+00  0.000000e+00
   outer loop
     vertex  1.428689e+00 -6.000000e+01  8.860041e+01
     vertex -2.463105e-01 -6.000000e+01  9.198477e+01
     vertex  6.466666e-01 -6.000000e+01  8.810743e+01
   endloop
 endfacet
 facet normal  0.000000e+00 -1.000000e+00  0.000000e+00
   outer loop
     vertex  1.428689e+00 -6.000000e+01  8.860041e+01
     vertex -1.370799e-01 -6.000000e+01  9.199530e+01
     vertex -2.463105e-01 -6.000000e+01  9.198477e+01
   endloop
 endfacet
 facet normal  0.000000e+00 -1.000000e+00  0.000000e+00
   outer loop
     vertex  1.428689e+00 -6.000000e+01  8.860041e+01
     vertex  3.006682e-01 -6.000000e+01  9.197727e+01
     vertex -1.370799e-01 -6.000000e+01  9.199530e+01
   endloop
 endfacet
 facet normal  0.000000e+00 -1.000000e+00  0.000000e+00
   outer loop
     vertex  1.428689e+00 -6.000000e+01  8.860041e+01
     vertex  1.983039e+00 -6.000000e+01  9.025992e+01
     vertex  1.896961e+00 -6.000000e+01  9.063367e+01
   endloop
 endfacet
 facet normal  0.000000e+00 -1.000000e+00  0.000000e+00
   outer loop
     vertex  1.428689e+00 -6.000000e+01  8.860041e+01
     vertex  1.466548e+00 -6.000000e+01  8.864013e+01
     vertex  1.638741e+00 -6.000000e+01  8.885347e+01
   endloop
 endfacet
 facet normal  0.000000e+00 -1.000000e+00  0.000000e+00
   outer loop
     vertex  1.428689e+00 -6.000000e+01  8.860041e+01
     vertex  6.466666e-01 -6.000000e+01  8.810743e+01
     vertex  9.960371e-01 -6.000000e+01  8.826567e+01
   endloop
 endfacet
 facet normal  0.000000e+00 -1.000000e+00  0.000000e+00
   outer loop
     vertex  1.428689e+00 -6.000000e+01  8.860041e+01
     vertex  1.638741e+00 -6.000000e+01  8.885347e+01
     vertex  1.869283e+00 -6.000000e+01  8.928882e+01
   endloop
 endfacet
 facet normal  0.000000e+00 -1.000000e+00  0.000000e+00
   outer loop
     vertex  1.428689e+00 -6.000000e+01  8.860041e+01
     vertex  9.960371e-01 -6.000000e+01  8.826567e+01
     vertex  1.389755e+00 -6.000000e+01  8.856174e+01
   endloop
 endfacet
 facet normal  0.000000e+00  1.000000e+00  0.000000e+00
   outer loop
     vertex -1.112566e+00 -4.000000e+01  9.166199e+01
     vertex -1.202047e+00 -4.000000e+01  9.159846e+01
     vertex -1.157742e+00 -4.000000e+01  9.163084e+01
   endloop
 endfacet
 facet normal  0.000000e+00  1.000000e+00  0.000000e+00
   outer loop
     vertex -1.112566e+00 -4.000000e+01  9.166199e+01
     vertex -1.245447e+00 -4.000000e+01  9.156488e+01
     vertex -1.202047e+00 -4.000000e+01  9.159846e+01
   endloop
 endfacet
 facet normal  0.000000e+00  1.000000e+00  0.000000e+00
   outer loop
     vertex -1.684527e+00 -4.000000e+01  9.107813e+01
     vertex -1.556304e+00 -4.000000e+01  9.125615e+01
     vertex -1.521257e+00 -4.000000e+01  9.129837e+01
   endloop
 endfacet
 facet normal  0.000000e+00  1.000000e+00  0.000000e+00
   outer loop
     vertex -1.684527e+00 -4.000000e+01  9.107813e+01
     vertex -1.590180e+00 -4.000000e+01  9.121298e+01
     vertex -1.556304e+00 -4.000000e+01  9.125615e+01
   endloop
 endfacet
 facet normal  0.000000e+00  1.000000e+00  0.000000e+00
   outer loop
     vertex -1.684527e+00 -4.000000e+01  9.107813e+01
     vertex -1.622858e+00 -4.000000e+01  9.116890e+01
     vertex -1.590180e+00 -4.000000e+01  9.121298e+01
   endloop
 endfacet
 facet normal  0.000000e+00  1.000000e+00  0.000000e+00
   outer loop
     vertex -1.684527e+00 -4.000000e+01  9.107813e+01
     vertex -1.654315e+00 -4.000000e+01  9.112394e+01
     vertex -1.622858e+00 -4.000000e+01  9.116890e+01
   endloop
 endfacet
 facet normal  0.000000e+00  1.000000e+00  0.000000e+00
   outer loop
     vertex -1.741124e+00 -4.000000e+01  9.098412e+01
     vertex -1.713470e+00 -4.000000e+01  9.103151e+01
     vertex -1.684527e+00 -4.000000e+01  9.107813e+01
   endloop
 endfacet
 facet normal  0.000000e+00  1.000000e+00  0.000000e+00
   outer loop
     vertex -1.838439e+00 -4.000000e+01  9.078749e+01
     vertex -1.767467e+00 -4.000000e+01  9.093598e+01
     vertex -1.741124e+00 -4.000000e+01  9.098412e+01
   endloop
 endfacet
 facet normal  0.000000e+00  1.000000e+00  0.000000e+00
   outer loop
     vertex -1.838439e+00 -4.000000e+01  9.078749e+01
     vertex -1.792480e+00 -4.000000e+01  9.088714e+01
     vertex -1.767467e+00 -4.000000e+01  9.093598e+01
   endloop
 endfacet
 facet normal  0.000000e+00  1.000000e+00  0.000000e+00
   outer loop
     vertex -1.838439e+00 -4.000000e+01  9.078749e+01
     vertex -1.816143e+00 -4.000000e+01  9.083763e+01
     vertex -1.792480e+00 -4.000000e+01  9.088714e+01
   endloop
 endfacet
 facet normal  0.000000e+00  1.000000e+00  0.000000e+00
   outer loop
     vertex -6.725686e-01 -4.000000e+01  9.188352e+01
     vertex -7.748625e-01 -4.000000e+01  9.184380e+01
     vertex -7.239881e-01 -4.000000e+01  9.186436e+01
   endloop
 endfacet
 facet normal  0.000000e+00  1.000000e+00  0.000000e+00
   outer loop
     vertex -6.725686e-01 -4.000000e+01  9.188352e+01
     vertex -8.251537e-01 -4.000000e+01  9.182185e+01
     vertex -7.748625e-01 -4.000000e+01  9.184380e+01
   endloop
 endfacet
 facet normal  0.000000e+00  1.000000e+00  0.000000e+00
   outer loop
     vertex -6.725686e-01 -4.000000e+01  9.188352e+01
     vertex -8.748237e-01 -4.000000e+01  9.179852e+01
     vertex -8.251537e-01 -4.000000e+01  9.182185e+01
   endloop
 endfacet
 facet normal  0.000000e+00  1.000000e+00  0.000000e+00
   outer loop
     vertex -6.725686e-01 -4.000000e+01  9.188352e+01
     vertex -9.238352e-01 -4.000000e+01  9.177385e+01
     vertex -8.748237e-01 -4.000000e+01  9.179852e+01
   endloop
 endfacet
 facet normal  0.000000e+00  1.000000e+00  0.000000e+00
   outer loop
     vertex -6.725686e-01 -4.000000e+01  9.188352e+01
     vertex -9.721513e-01 -4.000000e+01  9.174783e+01
     vertex -9.238352e-01 -4.000000e+01  9.177385e+01
   endloop
 endfacet
 facet normal  0.000000e+00  1.000000e+00  0.000000e+00
   outer loop
     vertex -6.725686e-01 -4.000000e+01  9.188352e+01
     vertex -1.019736e+00 -4.000000e+01  9.172051e+01
     vertex -9.721513e-01 -4.000000e+01  9.174783e+01
   endloop
 endfacet
 facet normal  0.000000e+00  1.000000e+00  0.000000e+00
   outer loop
     vertex -6.725686e-01 -4.000000e+01  9.188352e+01
     vertex -1.066552e+00 -4.000000e+01  9.169188e+01
     vertex -1.019736e+00 -4.000000e+01  9.172051e+01
   endloop
 endfacet
 facet normal  0.000000e+00  1.000000e+00  0.000000e+00
   outer loop
     vertex -1.896961e+00 -4.000000e+01  9.063367e+01
     vertex -1.859351e+00 -4.000000e+01  9.073676e+01
     vertex -1.838439e+00 -4.000000e+01  9.078749e+01
   endloop
 endfacet
 facet normal  0.000000e+00  1.000000e+00  0.000000e+00
   outer loop
     vertex -1.896961e+00 -4.000000e+01  9.063367e+01
     vertex -1.878863e+00 -4.000000e+01  9.068547e+01
     vertex -1.859351e+00 -4.000000e+01  9.073676e+01
   endloop
 endfacet
 facet normal  0.000000e+00  1.000000e+00  0.000000e+00
   outer loop
     vertex -6.206429e-01 -4.000000e+01  9.190126e+01
     vertex -1.112566e+00 -4.000000e+01  9.166199e+01
     vertex -1.066552e+00 -4.000000e+01  9.169188e+01
   endloop
 endfacet
 facet normal  0.000000e+00  1.000000e+00  0.000000e+00
   outer loop
     vertex -6.206429e-01 -4.000000e+01  9.190126e+01
     vertex -1.287909e+00 -4.000000e+01  9.153013e+01
     vertex -1.245447e+00 -4.000000e+01  9.156488e+01
   endloop
 endfacet
 facet normal  0.000000e+00  1.000000e+00  0.000000e+00
   outer loop
     vertex -6.206429e-01 -4.000000e+01  9.190126e+01
     vertex -1.329402e+00 -4.000000e+01  9.149422e+01
     vertex -1.287909e+00 -4.000000e+01  9.153013e+01
   endloop
 endfacet
 facet normal  0.000000e+00  1.000000e+00  0.000000e+00
   outer loop
     vertex -6.206429e-01 -4.000000e+01  9.190126e+01
     vertex -1.245447e+00 -4.000000e+01  9.156488e+01
     vertex -1.112566e+00 -4.000000e+01  9.166199e+01
   endloop
 endfacet
 facet normal  0.000000e+00  1.000000e+00  0.000000e+00
   outer loop
     vertex -6.206429e-01 -4.000000e+01  9.190126e+01
     vertex -1.066552e+00 -4.000000e+01  9.169188e+01
     vertex -6.725686e-01 -4.000000e+01  9.188352e+01
   endloop
 endfacet
 facet normal  0.000000e+00  1.000000e+00  0.000000e+00
   outer loop
     vertex -1.942639e+00 -4.000000e+01  9.047556e+01
     vertex -1.928861e+00 -4.000000e+01  9.052867e+01
     vertex -1.913632e+00 -4.000000e+01  9.058139e+01
   endloop
 endfacet
 facet normal  0.000000e+00  1.000000e+00  0.000000e+00
   outer loop
     vertex -4.622205e-01 -4.000000e+01  9.194586e+01
     vertex -5.682499e-01 -4.000000e+01  9.191757e+01
     vertex -5.154292e-01 -4.000000e+01  9.193244e+01
   endloop
 endfacet
 facet normal  0.000000e+00  1.000000e+00  0.000000e+00
   outer loop
     vertex -1.965798e+00 -4.000000e+01  9.036829e+01
     vertex -1.954954e+00 -4.000000e+01  9.042208e+01
     vertex -1.942639e+00 -4.000000e+01  9.047556e+01
   endloop
 endfacet
 facet normal  0.000000e+00  1.000000e+00  0.000000e+00
   outer loop
     vertex -1.975162e+00 -4.000000e+01  9.031422e+01
     vertex -1.942639e+00 -4.000000e+01  9.047556e+01
     vertex -1.913632e+00 -4.000000e+01  9.058139e+01
   endloop
 endfacet
 facet normal  0.000000e+00  1.000000e+00  0.000000e+00
   outer loop
     vertex -1.975162e+00 -4.000000e+01  9.031422e+01
     vertex -1.965798e+00 -4.000000e+01  9.036829e+01
     vertex -1.942639e+00 -4.000000e+01  9.047556e+01
   endloop
 endfacet
 facet normal  0.000000e+00  1.000000e+00  0.000000e+00
   outer loop
     vertex -1.975162e+00 -4.000000e+01  9.031422e+01
     vertex -1.913632e+00 -4.000000e+01  9.058139e+01
     vertex -1.896961e+00 -4.000000e+01  9.063367e+01
   endloop
 endfacet
 facet normal  0.000000e+00  1.000000e+00  0.000000e+00
   outer loop
     vertex -2.463105e-01 -4.000000e+01  9.198477e+01
     vertex -3.547996e-01 -4.000000e+01  9.196828e+01
     vertex -3.006682e-01 -4.000000e+01  9.197727e+01
   endloop
 endfacet
 facet normal  0.000000e+00  1.000000e+00  0.000000e+00
   outer loop
     vertex -1.994310e+00 -4.000000e+01  9.015076e+01
     vertex -1.983039e+00 -4.000000e+01  9.025992e+01
     vertex -1.975162e+00 -4.000000e+01  9.031422e+01
   endloop
 endfacet
 facet normal  0.000000e+00  1.000000e+00  0.000000e+00
   outer loop
     vertex -1.994310e+00 -4.000000e+01  9.015076e+01
     vertex -1.989423e+00 -4.000000e+01  9.020542e+01
     vertex -1.983039e+00 -4.000000e+01  9.025992e+01
   endloop
 endfacet
 facet normal  0.000000e+00  1.000000e+00  0.000000e+00
   outer loop
     vertex -1.370799e-01 -4.000000e+01  9.199530e+01
     vertex -2.463105e-01 -4.000000e+01  9.198477e+01
     vertex -1.917674e-01 -4.000000e+01  9.199079e+01
   endloop
 endfacet
 facet normal  0.000000e+00  1.000000e+00  0.000000e+00
   outer loop
     vertex -1.999577e+00 -4.000000e+01  9.004115e+01
     vertex -1.997695e+00 -4.000000e+01  9.009599e+01
     vertex -1.994310e+00 -4.000000e+01  9.015076e+01
   endloop
 endfacet
 facet normal  0.000000e+00  1.000000e+00  0.000000e+00
   outer loop
     vertex -1.996190e+00 -4.000000e+01  8.987661e+01
     vertex -1.998824e+00 -4.000000e+01  8.993142e+01
     vertex -1.999953e+00 -4.000000e+01  8.998628e+01
   endloop
 endfacet
 facet normal  0.000000e+00  1.000000e+00  0.000000e+00
   outer loop
     vertex -1.992054e+00 -4.000000e+01  8.982189e+01
     vertex -1.996190e+00 -4.000000e+01  8.987661e+01
     vertex -1.999953e+00 -4.000000e+01  8.998628e+01
   endloop
 endfacet
 facet normal  0.000000e+00  1.000000e+00  0.000000e+00
   outer loop
     vertex -1.986418e+00 -4.000000e+01  8.976731e+01
     vertex -1.999577e+00 -4.000000e+01  9.004115e+01
     vertex -1.994310e+00 -4.000000e+01  9.015076e+01
   endloop
 endfacet
 facet normal  0.000000e+00  1.000000e+00  0.000000e+00
   outer loop
     vertex -1.986418e+00 -4.000000e+01  8.976731e+01
     vertex -1.992054e+00 -4.000000e+01  8.982189e+01
     vertex -1.999953e+00 -4.000000e+01  8.998628e+01
   endloop
 endfacet
 facet normal  0.000000e+00  1.000000e+00  0.000000e+00
   outer loop
     vertex -1.986418e+00 -4.000000e+01  8.976731e+01
     vertex -1.999953e+00 -4.000000e+01  8.998628e+01
     vertex -1.999577e+00 -4.000000e+01  9.004115e+01
   endloop
 endfacet
 facet normal  0.000000e+00  1.000000e+00  0.000000e+00
   outer loop
     vertex  2.463105e-01 -4.000000e+01  9.198477e+01
     vertex  1.370799e-01 -4.000000e+01  9.199530e+01
     vertex  1.917674e-01 -4.000000e+01  9.199079e+01
   endloop
 endfacet
 facet normal  0.000000e+00  1.000000e+00  0.000000e+00
   outer loop
     vertex  3.006682e-01 -4.000000e+01  9.197727e+01
     vertex  8.228924e-02 -4.000000e+01  9.199831e+01
     vertex  1.370799e-01 -4.000000e+01  9.199530e+01
   endloop
 endfacet
 facet normal  0.000000e+00  1.000000e+00  0.000000e+00
   outer loop
     vertex  3.006682e-01 -4.000000e+01  9.197727e+01
     vertex  2.743663e-02 -4.000000e+01  9.199981e+01
     vertex  8.228924e-02 -4.000000e+01  9.199831e+01
   endloop
 endfacet
 facet normal  0.000000e+00  1.000000e+00  0.000000e+00
   outer loop
     vertex  3.006682e-01 -4.000000e+01  9.197727e+01
     vertex -2.743663e-02 -4.000000e+01  9.199981e+01
     vertex  2.743663e-02 -4.000000e+01  9.199981e+01
   endloop
 endfacet
 facet normal  0.000000e+00  1.000000e+00  0.000000e+00
   outer loop
     vertex  3.006682e-01 -4.000000e+01  9.197727e+01
     vertex -8.228924e-02 -4.000000e+01  9.199831e+01
     vertex -2.743663e-02 -4.000000e+01  9.199981e+01
   endloop
 endfacet
 facet normal  0.000000e+00  1.000000e+00  0.000000e+00
   outer loop
     vertex  3.006682e-01 -4.000000e+01  9.197727e+01
     vertex -1.370799e-01 -4.000000e+01  9.199530e+01
     vertex -8.228924e-02 -4.000000e+01  9.199831e+01
   endloop
 endfacet
 facet normal  0.000000e+00  1.000000e+00  0.000000e+00
   outer loop
     vertex  3.006682e-01 -4.000000e+01  9.197727e+01
     vertex  1.370799e-01 -4.000000e+01  9.199530e+01
     vertex  2.463105e-01 -4.000000e+01  9.198477e+01
   endloop
 endfacet
 facet normal  0.000000e+00  1.000000e+00  0.000000e+00
   outer loop
     vertex  4.086638e-01 -4.000000e+01  9.195780e+01
     vertex  3.006682e-01 -4.000000e+01  9.197727e+01
     vertex  3.547996e-01 -4.000000e+01  9.196828e+01
   endloop
 endfacet
 facet normal  0.000000e+00  1.000000e+00  0.000000e+00
   outer loop
     vertex -1.948980e+00 -4.000000e+01  8.955114e+01
     vertex -1.979286e+00 -4.000000e+01  8.971290e+01
     vertex -1.986418e+00 -4.000000e+01  8.976731e+01
   endloop
 endfacet
 facet normal  0.000000e+00  1.000000e+00  0.000000e+00
   outer loop
     vertex -1.948980e+00 -4.000000e+01  8.955114e+01
     vertex -1.970665e+00 -4.000000e+01  8.965871e+01
     vertex -1.979286e+00 -4.000000e+01  8.971290e+01
   endloop
 endfacet
 facet normal  0.000000e+00  1.000000e+00  0.000000e+00
   outer loop
     vertex -1.948980e+00 -4.000000e+01  8.955114e+01
     vertex -1.960560e+00 -4.000000e+01  8.960477e+01
     vertex -1.970665e+00 -4.000000e+01  8.965871e+01
   endloop
 endfacet
 facet normal  0.000000e+00  1.000000e+00  0.000000e+00
   outer loop
     vertex  4.622205e-01 -4.000000e+01  9.194586e+01
     vertex  3.006682e-01 -4.000000e+01  9.197727e+01
     vertex  4.086638e-01 -4.000000e+01  9.195780e+01
   endloop
 endfacet
 facet normal  0.000000e+00  1.000000e+00  0.000000e+00
   outer loop
     vertex -1.921427e+00 -4.000000e+01  8.944492e+01
     vertex -1.948980e+00 -4.000000e+01  8.955114e+01
     vertex -1.986418e+00 -4.000000e+01  8.976731e+01
   endloop
 endfacet
 facet normal  0.000000e+00  1.000000e+00  0.000000e+00
   outer loop
     vertex -1.921427e+00 -4.000000e+01  8.944492e+01
     vertex -1.935932e+00 -4.000000e+01  8.949784e+01
     vertex -1.948980e+00 -4.000000e+01  8.955114e+01
   endloop
 endfacet
 facet normal  0.000000e+00  1.000000e+00  0.000000e+00
   outer loop
     vertex -1.905476e+00 -4.000000e+01  8.939241e+01
     vertex -1.921427e+00 -4.000000e+01  8.944492e+01
     vertex -1.986418e+00 -4.000000e+01  8.976731e+01
   endloop
 endfacet
 facet normal  0.000000e+00  1.000000e+00  0.000000e+00
   outer loop
     vertex  6.206429e-01 -4.000000e+01  9.190126e+01
     vertex  5.154292e-01 -4.000000e+01  9.193244e+01
     vertex  5.682499e-01 -4.000000e+01  9.191757e+01
   endloop
 endfacet
 facet normal  0.000000e+00  1.000000e+00  0.000000e+00
   outer loop
     vertex  6.206429e-01 -4.000000e+01  9.190126e+01
     vertex  4.622205e-01 -4.000000e+01  9.194586e+01
     vertex  5.154292e-01 -4.000000e+01  9.193244e+01
   endloop
 endfacet
 facet normal  0.000000e+00  1.000000e+00  0.000000e+00
   outer loop
     vertex -1.888090e+00 -4.000000e+01  8.934037e+01
     vertex -1.905476e+00 -4.000000e+01  8.939241e+01
     vertex -1.986418e+00 -4.000000e+01  8.976731e+01
   endloop
 endfacet
 facet normal  0.000000e+00  1.000000e+00  0.000000e+00
   outer loop
     vertex -1.849069e+00 -4.000000e+01  8.923780e+01
     vertex -1.869283e+00 -4.000000e+01  8.928882e+01
     vertex -1.888090e+00 -4.000000e+01  8.934037e+01
   endloop
 endfacet
 facet normal  0.000000e+00  1.000000e+00  0.000000e+00
   outer loop
     vertex -1.804481e+00 -4.000000e+01  8.913753e+01
     vertex -1.827463e+00 -4.000000e+01  8.918736e+01
     vertex -1.849069e+00 -4.000000e+01  8.923780e+01
   endloop
 endfacet
 facet normal  0.000000e+00  1.000000e+00  0.000000e+00
   outer loop
     vertex  8.748237e-01 -4.000000e+01  9.179852e+01
     vertex  7.239881e-01 -4.000000e+01  9.186436e+01
     vertex  7.748625e-01 -4.000000e+01  9.184380e+01
   endloop
 endfacet
 facet normal  0.000000e+00  1.000000e+00  0.000000e+00
   outer loop
     vertex  8.748237e-01 -4.000000e+01  9.179852e+01
     vertex  6.725686e-01 -4.000000e+01  9.188352e+01
     vertex  7.239881e-01 -4.000000e+01  9.186436e+01
   endloop
 endfacet
 facet normal  0.000000e+00  1.000000e+00  0.000000e+00
   outer loop
     vertex  8.748237e-01 -4.000000e+01  9.179852e+01
     vertex  6.206429e-01 -4.000000e+01  9.190126e+01
     vertex  6.725686e-01 -4.000000e+01  9.188352e+01
   endloop
 endfacet
 facet normal  0.000000e+00  1.000000e+00  0.000000e+00
   outer loop
     vertex  8.748237e-01 -4.000000e+01  9.179852e+01
     vertex  7.748625e-01 -4.000000e+01  9.184380e+01
     vertex  8.251537e-01 -4.000000e+01  9.182185e+01
   endloop
 endfacet
 facet normal  0.000000e+00  1.000000e+00  0.000000e+00
   outer loop
     vertex -1.754461e+00 -4.000000e+01  8.903986e+01
     vertex -1.804481e+00 -4.000000e+01  8.913753e+01
     vertex -1.849069e+00 -4.000000e+01  8.923780e+01
   endloop
 endfacet
 facet normal  0.000000e+00  1.000000e+00  0.000000e+00
   outer loop
     vertex -1.754461e+00 -4.000000e+01  8.903986e+01
     vertex -1.780141e+00 -4.000000e+01  8.908835e+01
     vertex -1.804481e+00 -4.000000e+01  8.913753e+01
   endloop
 endfacet
 facet normal  0.000000e+00  1.000000e+00  0.000000e+00
   outer loop
     vertex  9.721513e-01 -4.000000e+01  9.174783e+01
     vertex  8.748237e-01 -4.000000e+01  9.179852e+01
     vertex  9.238352e-01 -4.000000e+01  9.177385e+01
   endloop
 endfacet
 facet normal  0.000000e+00  1.000000e+00  0.000000e+00
   outer loop
     vertex  1.066552e+00 -4.000000e+01  9.169188e+01
     vertex  8.748237e-01 -4.000000e+01  9.179852e+01
     vertex  9.721513e-01 -4.000000e+01  9.174783e+01
   endloop
 endfacet
 facet normal  0.000000e+00  1.000000e+00  0.000000e+00
   outer loop
     vertex  1.066552e+00 -4.000000e+01  9.169188e+01
     vertex  9.721513e-01 -4.000000e+01  9.174783e+01
     vertex  1.019736e+00 -4.000000e+01  9.172051e+01
   endloop
 endfacet
 facet normal  0.000000e+00  1.000000e+00  0.000000e+00
   outer loop
     vertex -1.669578e+00 -4.000000e+01  8.889886e+01
     vertex -1.849069e+00 -4.000000e+01  8.923780e+01
     vertex -1.888090e+00 -4.000000e+01  8.934037e+01
   endloop
 endfacet
 facet normal  0.000000e+00  1.000000e+00  0.000000e+00
   outer loop
     vertex -1.669578e+00 -4.000000e+01  8.889886e+01
     vertex -1.754461e+00 -4.000000e+01  8.903986e+01
     vertex -1.849069e+00 -4.000000e+01  8.923780e+01
   endloop
 endfacet
 facet normal  0.000000e+00  1.000000e+00  0.000000e+00
   outer loop
     vertex -1.669578e+00 -4.000000e+01  8.889886e+01
     vertex -1.727460e+00 -4.000000e+01  8.899209e+01
     vertex -1.754461e+00 -4.000000e+01  8.903986e+01
   endloop
 endfacet
 facet normal  0.000000e+00  1.000000e+00  0.000000e+00
   outer loop
     vertex -1.669578e+00 -4.000000e+01  8.889886e+01
     vertex -1.699159e+00 -4.000000e+01  8.894508e+01
     vertex -1.727460e+00 -4.000000e+01  8.899209e+01
   endloop
 endfacet
 facet normal  0.000000e+00  1.000000e+00  0.000000e+00
   outer loop
     vertex  1.112566e+00 -4.000000e+01  9.166199e+01
     vertex  8.748237e-01 -4.000000e+01  9.179852e+01
     vertex  1.066552e+00 -4.000000e+01  9.169188e+01
   endloop
 endfacet
 facet normal  0.000000e+00  1.000000e+00  0.000000e+00
   outer loop
     vertex -1.638741e+00 -4.000000e+01  8.885347e+01
     vertex -1.669578e+00 -4.000000e+01  8.889886e+01
     vertex -1.888090e+00 -4.000000e+01  8.934037e+01
   endloop
 endfacet
 facet normal  0.000000e+00  1.000000e+00  0.000000e+00
   outer loop
     vertex  1.157742e+00 -4.000000e+01  9.163084e+01
     vertex  8.748237e-01 -4.000000e+01  9.179852e+01
     vertex  1.112566e+00 -4.000000e+01  9.166199e+01
   endloop
 endfacet
 facet normal  0.000000e+00  1.000000e+00  0.000000e+00
   outer loop
     vertex  1.245447e+00 -4.000000e+01  9.156488e+01
     vertex  8.748237e-01 -4.000000e+01  9.179852e+01
     vertex  1.157742e+00 -4.000000e+01  9.163084e+01
   endloop
 endfacet
 facet normal  0.000000e+00  1.000000e+00  0.000000e+00
   outer loop
     vertex  1.245447e+00 -4.000000e+01  9.156488e+01
     vertex  6.206429e-01 -4.000000e+01  9.190126e+01
     vertex  8.748237e-01 -4.000000e+01  9.179852e+01
   endloop
 endfacet
 facet normal  0.000000e+00  1.000000e+00  0.000000e+00
   outer loop
     vertex  1.245447e+00 -4.000000e+01  9.156488e+01
     vertex  4.622205e-01 -4.000000e+01  9.194586e+01
     vertex  6.206429e-01 -4.000000e+01  9.190126e+01
   endloop
 endfacet
 facet normal  0.000000e+00  1.000000e+00  0.000000e+00
   outer loop
     vertex  1.245447e+00 -4.000000e+01  9.156488e+01
     vertex  1.157742e+00 -4.000000e+01  9.163084e+01
     vertex  1.202047e+00 -4.000000e+01  9.159846e+01
   endloop
 endfacet
 facet normal  0.000000e+00  1.000000e+00  0.000000e+00
   outer loop
     vertex -1.538926e+00 -4.000000e+01  8.872262e+01
     vertex -1.606670e+00 -4.000000e+01  8.880895e+01
     vertex -1.638741e+00 -4.000000e+01  8.885347e+01
   endloop
 endfacet
 facet normal  0.000000e+00  1.000000e+00  0.000000e+00
   outer loop
     vertex -1.538926e+00 -4.000000e+01  8.872262e+01
     vertex -1.573390e+00 -4.000000e+01  8.876532e+01
     vertex -1.606670e+00 -4.000000e+01  8.880895e+01
   endloop
 endfacet
 facet normal  0.000000e+00  1.000000e+00  0.000000e+00
   outer loop
     vertex -1.503303e+00 -4.000000e+01  8.868088e+01
     vertex -1.538926e+00 -4.000000e+01  8.872262e+01
     vertex -1.638741e+00 -4.000000e+01  8.885347e+01
   endloop
 endfacet
 facet normal  0.000000e+00  1.000000e+00  0.000000e+00
   outer loop
     vertex  1.369894e+00 -4.000000e+01  9.145719e+01
     vertex  4.622205e-01 -4.000000e+01  9.194586e+01
     vertex  1.245447e+00 -4.000000e+01  9.156488e+01
   endloop
 endfacet
 facet normal  0.000000e+00  1.000000e+00  0.000000e+00
   outer loop
     vertex  1.369894e+00 -4.000000e+01  9.145719e+01
     vertex  1.287909e+00 -4.000000e+01  9.153013e+01
     vertex  1.329402e+00 -4.000000e+01  9.149422e+01
   endloop
 endfacet
 facet normal  0.000000e+00  1.000000e+00  0.000000e+00
   outer loop
     vertex  1.369894e+00 -4.000000e+01  9.145719e+01
     vertex  1.245447e+00 -4.000000e+01  9.156488e+01
     vertex  1.287909e+00 -4.000000e+01  9.153013e+01
   endloop
 endfacet
 facet normal  0.000000e+00  1.000000e+00  0.000000e+00
   outer loop
     vertex -1.428689e+00 -4.000000e+01  8.860041e+01
     vertex -1.503303e+00 -4.000000e+01  8.868088e+01
     vertex -1.638741e+00 -4.000000e+01  8.885347e+01
   endloop
 endfacet
 facet normal  0.000000e+00  1.000000e+00  0.000000e+00
   outer loop
     vertex -1.428689e+00 -4.000000e+01  8.860041e+01
     vertex -1.466548e+00 -4.000000e+01  8.864013e+01
     vertex -1.503303e+00 -4.000000e+01  8.868088e+01
   endloop
 endfacet
 facet normal  0.000000e+00  1.000000e+00  0.000000e+00
   outer loop
     vertex  1.409355e+00 -4.000000e+01  9.141906e+01
     vertex  4.622205e-01 -4.000000e+01  9.194586e+01
     vertex  1.369894e+00 -4.000000e+01  9.145719e+01
   endloop
 endfacet
 facet normal  0.000000e+00  1.000000e+00  0.000000e+00
   outer loop
     vertex -1.349775e+00 -4.000000e+01  8.852416e+01
     vertex -1.428689e+00 -4.000000e+01  8.860041e+01
     vertex -1.638741e+00 -4.000000e+01  8.885347e+01
   endloop
 endfacet
 facet normal  0.000000e+00  1.000000e+00  0.000000e+00
   outer loop
     vertex -1.349775e+00 -4.000000e+01  8.852416e+01
     vertex -1.389755e+00 -4.000000e+01  8.856174e+01
     vertex -1.428689e+00 -4.000000e+01  8.860041e+01
   endloop
 endfacet
 facet normal  0.000000e+00  1.000000e+00  0.000000e+00
   outer loop
     vertex  1.521257e+00 -4.000000e+01  9.129837e+01
     vertex  1.447755e+00 -4.000000e+01  9.137986e+01
     vertex  1.485065e+00 -4.000000e+01  9.133962e+01
   endloop
 endfacet
 facet normal  0.000000e+00  1.000000e+00  0.000000e+00
   outer loop
     vertex  1.521257e+00 -4.000000e+01  9.129837e+01
     vertex  1.409355e+00 -4.000000e+01  9.141906e+01
     vertex  1.447755e+00 -4.000000e+01  9.137986e+01
   endloop
 endfacet
 facet normal  0.000000e+00  1.000000e+00  0.000000e+00
   outer loop
     vertex -1.266797e+00 -4.000000e+01  8.845235e+01
     vertex -1.308779e+00 -4.000000e+01  8.848768e+01
     vertex -1.349775e+00 -4.000000e+01  8.852416e+01
   endloop
 endfacet
 facet normal  0.000000e+00  1.000000e+00  0.000000e+00
   outer loop
     vertex -1.266797e+00 -4.000000e+01  8.845235e+01
     vertex -1.986418e+00 -4.000000e+01  8.976731e+01
     vertex -1.994310e+00 -4.000000e+01  9.015076e+01
   endloop
 endfacet
 facet normal  0.000000e+00  1.000000e+00  0.000000e+00
   outer loop
     vertex -1.266797e+00 -4.000000e+01  8.845235e+01
     vertex -1.994310e+00 -4.000000e+01  9.015076e+01
     vertex -1.975162e+00 -4.000000e+01  9.031422e+01
   endloop
 endfacet
 facet normal  0.000000e+00  1.000000e+00  0.000000e+00
   outer loop
     vertex -1.266797e+00 -4.000000e+01  8.845235e+01
     vertex -1.447755e+00 -4.000000e+01  9.137986e+01
     vertex -1.409355e+00 -4.000000e+01  9.141906e+01
   endloop
 endfacet
 facet normal  0.000000e+00  1.000000e+00  0.000000e+00
   outer loop
     vertex -1.266797e+00 -4.000000e+01  8.845235e+01
     vertex -1.485065e+00 -4.000000e+01  9.133962e+01
     vertex -1.447755e+00 -4.000000e+01  9.137986e+01
   endloop
 endfacet
 facet normal  0.000000e+00  1.000000e+00  0.000000e+00
   outer loop
     vertex -1.266797e+00 -4.000000e+01  8.845235e+01
     vertex -1.521257e+00 -4.000000e+01  9.129837e+01
     vertex -1.485065e+00 -4.000000e+01  9.133962e+01
   endloop
 endfacet
 facet normal  0.000000e+00  1.000000e+00  0.000000e+00
   outer loop
     vertex -1.266797e+00 -4.000000e+01  8.845235e+01
     vertex -1.684527e+00 -4.000000e+01  9.107813e+01
     vertex -1.521257e+00 -4.000000e+01  9.129837e+01
   endloop
 endfacet
 facet normal  0.000000e+00  1.000000e+00  0.000000e+00
   outer loop
     vertex -1.266797e+00 -4.000000e+01  8.845235e+01
     vertex -1.349775e+00 -4.000000e+01  8.852416e+01
     vertex -1.638741e+00 -4.000000e+01  8.885347e+01
   endloop
 endfacet
 facet normal  0.000000e+00  1.000000e+00  0.000000e+00
   outer loop
     vertex -1.266797e+00 -4.000000e+01  8.845235e+01
     vertex -1.741124e+00 -4.000000e+01  9.098412e+01
     vertex -1.684527e+00 -4.000000e+01  9.107813e+01
   endloop
 endfacet
 facet normal  0.000000e+00  1.000000e+00  0.000000e+00
   outer loop
     vertex -1.266797e+00 -4.000000e+01  8.845235e+01
     vertex -1.838439e+00 -4.000000e+01  9.078749e+01
     vertex -1.741124e+00 -4.000000e+01  9.098412e+01
   endloop
 endfacet
 facet normal  0.000000e+00  1.000000e+00  0.000000e+00
   outer loop
     vertex -1.266797e+00 -4.000000e+01  8.845235e+01
     vertex -1.888090e+00 -4.000000e+01  8.934037e+01
     vertex -1.986418e+00 -4.000000e+01  8.976731e+01
   endloop
 endfacet
 facet normal  0.000000e+00  1.000000e+00  0.000000e+00
   outer loop
     vertex -1.266797e+00 -4.000000e+01  8.845235e+01
     vertex -1.638741e+00 -4.000000e+01  8.885347e+01
     vertex -1.888090e+00 -4.000000e+01  8.934037e+01
   endloop
 endfacet
 facet normal  0.000000e+00  1.000000e+00  0.000000e+00
   outer loop
     vertex -1.266797e+00 -4.000000e+01  8.845235e+01
     vertex -1.896961e+00 -4.000000e+01  9.063367e+01
     vertex -1.838439e+00 -4.000000e+01  9.078749e+01
   endloop
 endfacet
 facet normal  0.000000e+00  1.000000e+00  0.000000e+00
   outer loop
     vertex -1.266797e+00 -4.000000e+01  8.845235e+01
     vertex -1.975162e+00 -4.000000e+01  9.031422e+01
     vertex -1.896961e+00 -4.000000e+01  9.063367e+01
   endloop
 endfacet
 facet normal  0.000000e+00  1.000000e+00  0.000000e+00
   outer loop
     vertex  1.590180e+00 -4.000000e+01  9.121298e+01
     vertex  1.409355e+00 -4.000000e+01  9.141906e+01
     vertex  1.521257e+00 -4.000000e+01  9.129837e+01
   endloop
 endfacet
 facet normal  0.000000e+00  1.000000e+00  0.000000e+00
   outer loop
     vertex  1.590180e+00 -4.000000e+01  9.121298e+01
     vertex  1.521257e+00 -4.000000e+01  9.129837e+01
     vertex  1.556304e+00 -4.000000e+01  9.125615e+01
   endloop
 endfacet
 facet normal  0.000000e+00  1.000000e+00  0.000000e+00
   outer loop
     vertex  1.622858e+00 -4.000000e+01  9.116890e+01
     vertex  1.409355e+00 -4.000000e+01  9.141906e+01
     vertex  1.590180e+00 -4.000000e+01  9.121298e+01
   endloop
 endfacet
 facet normal  0.000000e+00  1.000000e+00  0.000000e+00
   outer loop
     vertex -1.135261e+00 -4.000000e+01  8.835343e+01
     vertex -1.223862e+00 -4.000000e+01  8.841818e+01
     vertex -1.266797e+00 -4.000000e+01  8.845235e+01
   endloop
 endfacet
 facet normal  0.000000e+00  1.000000e+00  0.000000e+00
   outer loop
     vertex -1.135261e+00 -4.000000e+01  8.835343e+01
     vertex -1.180006e+00 -4.000000e+01  8.838520e+01
     vertex -1.223862e+00 -4.000000e+01  8.841818e+01
   endloop
 endfacet
 facet normal  0.000000e+00  1.000000e+00  0.000000e+00
   outer loop
     vertex -1.043242e+00 -4.000000e+01  8.829365e+01
     vertex -1.089662e+00 -4.000000e+01  8.832291e+01
     vertex -1.135261e+00 -4.000000e+01  8.835343e+01
   endloop
 endfacet
 facet normal  0.000000e+00  1.000000e+00  0.000000e+00
   outer loop
     vertex  1.713470e+00 -4.000000e+01  9.103151e+01
     vertex  1.654315e+00 -4.000000e+01  9.112394e+01
     vertex  1.684527e+00 -4.000000e+01  9.107813e+01
   endloop
 endfacet
 facet normal  0.000000e+00  1.000000e+00  0.000000e+00
   outer loop
     vertex  1.713470e+00 -4.000000e+01  9.103151e+01
     vertex  1.622858e+00 -4.000000e+01  9.116890e+01
     vertex  1.654315e+00 -4.000000e+01  9.112394e+01
   endloop
 endfacet
 facet normal  0.000000e+00  1.000000e+00  0.000000e+00
   outer loop
     vertex -9.960371e-01 -4.000000e+01  8.826567e+01
     vertex -1.043242e+00 -4.000000e+01  8.829365e+01
     vertex -1.135261e+00 -4.000000e+01  8.835343e+01
   endloop
 endfacet
 facet normal  0.000000e+00  1.000000e+00  0.000000e+00
   outer loop
     vertex -9.960371e-01 -4.000000e+01  8.826567e+01
     vertex -1.135261e+00 -4.000000e+01  8.835343e+01
     vertex -1.266797e+00 -4.000000e+01  8.845235e+01
   endloop
 endfacet
 facet normal  0.000000e+00  1.000000e+00  0.000000e+00
   outer loop
     vertex -8.994141e-01 -4.000000e+01  8.821365e+01
     vertex -9.480825e-01 -4.000000e+01  8.823899e+01
     vertex -9.960371e-01 -4.000000e+01  8.826567e+01
   endloop
 endfacet
 facet normal  0.000000e+00  1.000000e+00  0.000000e+00
   outer loop
     vertex -8.994141e-01 -4.000000e+01  8.821365e+01
     vertex -9.960371e-01 -4.000000e+01  8.826567e+01
     vertex -1.266797e+00 -4.000000e+01  8.845235e+01
   endloop
 endfacet
 facet normal  0.000000e+00  1.000000e+00  0.000000e+00
   outer loop
     vertex  1.792480e+00 -4.000000e+01  9.088714e+01
     vertex  1.741124e+00 -4.000000e+01  9.098412e+01
     vertex  1.767467e+00 -4.000000e+01  9.093598e+01
   endloop
 endfacet
 facet normal  0.000000e+00  1.000000e+00  0.000000e+00
   outer loop
     vertex  1.816143e+00 -4.000000e+01  9.083763e+01
     vertex  1.741124e+00 -4.000000e+01  9.098412e+01
     vertex  1.792480e+00 -4.000000e+01  9.088714e+01
   endloop
 endfacet
 facet normal  0.000000e+00  1.000000e+00  0.000000e+00
   outer loop
     vertex  1.816143e+00 -4.000000e+01  9.083763e+01
     vertex  1.713470e+00 -4.000000e+01  9.103151e+01
     vertex  1.741124e+00 -4.000000e+01  9.098412e+01
   endloop
 endfacet
 facet normal  0.000000e+00  1.000000e+00  0.000000e+00
   outer loop
     vertex -8.000834e-01 -4.000000e+01  8.816701e+01
     vertex -8.500687e-01 -4.000000e+01  8.818965e+01
     vertex -8.994141e-01 -4.000000e+01  8.821365e+01
   endloop
 endfacet
 facet normal  0.000000e+00  1.000000e+00  0.000000e+00
   outer loop
     vertex -8.000834e-01 -4.000000e+01  8.816701e+01
     vertex -8.994141e-01 -4.000000e+01  8.821365e+01
     vertex -1.266797e+00 -4.000000e+01  8.845235e+01
   endloop
 endfacet
 facet normal  0.000000e+00  1.000000e+00  0.000000e+00
   outer loop
     vertex  1.838439e+00 -4.000000e+01  9.078749e+01
     vertex  1.713470e+00 -4.000000e+01  9.103151e+01
     vertex  1.816143e+00 -4.000000e+01  9.083763e+01
   endloop
 endfacet
 facet normal  0.000000e+00  1.000000e+00  0.000000e+00
   outer loop
     vertex  1.838439e+00 -4.000000e+01  9.078749e+01
     vertex  1.622858e+00 -4.000000e+01  9.116890e+01
     vertex  1.713470e+00 -4.000000e+01  9.103151e+01
   endloop
 endfacet
 facet normal  0.000000e+00  1.000000e+00  0.000000e+00
   outer loop
     vertex -7.494958e-01 -4.000000e+01  8.814575e+01
     vertex -8.000834e-01 -4.000000e+01  8.816701e+01
     vertex -1.266797e+00 -4.000000e+01  8.845235e+01
   endloop
 endfacet
 facet normal  0.000000e+00  1.000000e+00  0.000000e+00
   outer loop
     vertex  1.878863e+00 -4.000000e+01  9.068547e+01
     vertex  1.838439e+00 -4.000000e+01  9.078749e+01
     vertex  1.859351e+00 -4.000000e+01  9.073676e+01
   endloop
 endfacet
 facet normal  0.000000e+00  1.000000e+00  0.000000e+00
   outer loop
     vertex  1.896961e+00 -4.000000e+01  9.063367e+01
     vertex  1.622858e+00 -4.000000e+01  9.116890e+01
     vertex  1.838439e+00 -4.000000e+01  9.078749e+01
   endloop
 endfacet
 facet normal  0.000000e+00  1.000000e+00  0.000000e+00
   outer loop
     vertex  1.896961e+00 -4.000000e+01  9.063367e+01
     vertex  1.838439e+00 -4.000000e+01  9.078749e+01
     vertex  1.878863e+00 -4.000000e+01  9.068547e+01
   endloop
 endfacet
 facet normal  0.000000e+00  1.000000e+00  0.000000e+00
   outer loop
     vertex  1.896961e+00 -4.000000e+01  9.063367e+01
     vertex  4.622205e-01 -4.000000e+01  9.194586e+01
     vertex  1.409355e+00 -4.000000e+01  9.141906e+01
   endloop
 endfacet
 facet normal  0.000000e+00  1.000000e+00  0.000000e+00
   outer loop
     vertex  1.896961e+00 -4.000000e+01  9.063367e+01
     vertex  3.006682e-01 -4.000000e+01  9.197727e+01
     vertex  4.622205e-01 -4.000000e+01  9.194586e+01
   endloop
 endfacet
 facet normal  0.000000e+00  1.000000e+00  0.000000e+00
   outer loop
     vertex  1.896961e+00 -4.000000e+01  9.063367e+01
     vertex  1.409355e+00 -4.000000e+01  9.141906e+01
     vertex  1.622858e+00 -4.000000e+01  9.116890e+01
   endloop
 endfacet
 facet normal  0.000000e+00  1.000000e+00  0.000000e+00
   outer loop
     vertex -5.945023e-01 -4.000000e+01  8.809040e+01
     vertex -6.983441e-01 -4.000000e+01  8.812588e+01
     vertex -7.494958e-01 -4.000000e+01  8.814575e+01
   endloop
 endfacet
 facet normal  0.000000e+00  1.000000e+00  0.000000e+00
   outer loop
     vertex -5.945023e-01 -4.000000e+01  8.809040e+01
     vertex -6.466666e-01 -4.000000e+01  8.810743e+01
     vertex -6.983441e-01 -4.000000e+01  8.812588e+01
   endloop
 endfacet
 facet normal  0.000000e+00  1.000000e+00  0.000000e+00
   outer loop
     vertex -4.888709e-01 -4.000000e+01  8.806067e+01
     vertex -5.418906e-01 -4.000000e+01  8.807481e+01
     vertex -5.945023e-01 -4.000000e+01  8.809040e+01
   endloop
 endfacet
 facet normal  0.000000e+00  1.000000e+00  0.000000e+00
   outer loop
     vertex -4.354831e-01 -4.000000e+01  8.804799e+01
     vertex -7.494958e-01 -4.000000e+01  8.814575e+01
     vertex -1.266797e+00 -4.000000e+01  8.845235e+01
   endloop
 endfacet
 facet normal  0.000000e+00  1.000000e+00  0.000000e+00
   outer loop
     vertex -4.354831e-01 -4.000000e+01  8.804799e+01
     vertex -5.945023e-01 -4.000000e+01  8.809040e+01
     vertex -7.494958e-01 -4.000000e+01  8.814575e+01
   endloop
 endfacet
 facet normal  0.000000e+00  1.000000e+00  0.000000e+00
   outer loop
     vertex -4.354831e-01 -4.000000e+01  8.804799e+01
     vertex -4.888709e-01 -4.000000e+01  8.806067e+01
     vertex -5.945023e-01 -4.000000e+01  8.809040e+01
   endloop
 endfacet
 facet normal  0.000000e+00  1.000000e+00  0.000000e+00
   outer loop
     vertex -3.817676e-01 -4.000000e+01  8.803677e+01
     vertex -4.354831e-01 -4.000000e+01  8.804799e+01
     vertex -1.266797e+00 -4.000000e+01  8.845235e+01
   endloop
 endfacet
 facet normal  0.000000e+00  1.000000e+00  0.000000e+00
   outer loop
     vertex  1.965798e+00 -4.000000e+01  9.036829e+01
     vertex  1.942639e+00 -4.000000e+01  9.047556e+01
     vertex  1.954954e+00 -4.000000e+01  9.042208e+01
   endloop
 endfacet
 facet normal  0.000000e+00  1.000000e+00  0.000000e+00
   outer loop
     vertex  1.965798e+00 -4.000000e+01  9.036829e+01
     vertex  1.928861e+00 -4.000000e+01  9.052867e+01
     vertex  1.942639e+00 -4.000000e+01  9.047556e+01
   endloop
 endfacet
 facet normal  0.000000e+00  1.000000e+00  0.000000e+00
   outer loop
     vertex  1.965798e+00 -4.000000e+01  9.036829e+01
     vertex  1.913632e+00 -4.000000e+01  9.058139e+01
     vertex  1.928861e+00 -4.000000e+01  9.052867e+01
   endloop
 endfacet
 facet normal  0.000000e+00  1.000000e+00  0.000000e+00
   outer loop
     vertex -3.277647e-01 -4.000000e+01  8.802704e+01
     vertex -3.817676e-01 -4.000000e+01  8.803677e+01
     vertex -1.266797e+00 -4.000000e+01  8.845235e+01
   endloop
 endfacet
 facet normal  0.000000e+00  1.000000e+00  0.000000e+00
   outer loop
     vertex  1.975162e+00 -4.000000e+01  9.031422e+01
     vertex  1.913632e+00 -4.000000e+01  9.058139e+01
     vertex  1.965798e+00 -4.000000e+01  9.036829e+01
   endloop
 endfacet
 facet normal  0.000000e+00  1.000000e+00  0.000000e+00
   outer loop
     vertex  1.983039e+00 -4.000000e+01  9.025992e+01
     vertex  1.913632e+00 -4.000000e+01  9.058139e+01
     vertex  1.975162e+00 -4.000000e+01  9.031422e+01
   endloop
 endfacet
 facet normal  0.000000e+00  1.000000e+00  0.000000e+00
   outer loop
     vertex  1.983039e+00 -4.000000e+01  9.025992e+01
     vertex  1.896961e+00 -4.000000e+01  9.063367e+01
     vertex  1.913632e+00 -4.000000e+01  9.058139e+01
   endloop
 endfacet
 facet normal  0.000000e+00  1.000000e+00  0.000000e+00
   outer loop
     vertex -2.190595e-01 -4.000000e+01  8.801203e+01
     vertex -3.277647e-01 -4.000000e+01  8.802704e+01
     vertex -1.266797e+00 -4.000000e+01  8.845235e+01
   endloop
 endfacet
 facet normal  0.000000e+00  1.000000e+00  0.000000e+00
   outer loop
     vertex -2.190595e-01 -4.000000e+01  8.801203e+01
     vertex -2.735151e-01 -4.000000e+01  8.801879e+01
     vertex -3.277647e-01 -4.000000e+01  8.802704e+01
   endloop
 endfacet
 facet normal  0.000000e+00  1.000000e+00  0.000000e+00
   outer loop
     vertex  1.994310e+00 -4.000000e+01  9.015076e+01
     vertex  1.983039e+00 -4.000000e+01  9.025992e+01
     vertex  1.989423e+00 -4.000000e+01  9.020542e+01
   endloop
 endfacet
 facet normal  0.000000e+00  1.000000e+00  0.000000e+00
   outer loop
     vertex -1.096949e-01 -4.000000e+01  8.800301e+01
     vertex -1.644391e-01 -4.000000e+01  8.800677e+01
     vertex -2.190595e-01 -4.000000e+01  8.801203e+01
   endloop
 endfacet
 facet normal  0.000000e+00  1.000000e+00  0.000000e+00
   outer loop
     vertex -1.096949e-01 -4.000000e+01  8.800301e+01
     vertex -2.190595e-01 -4.000000e+01  8.801203e+01
     vertex -1.266797e+00 -4.000000e+01  8.845235e+01
   endloop
 endfacet
 facet normal  0.000000e+00  1.000000e+00  0.000000e+00
   outer loop
     vertex -5.486810e-02 -4.000000e+01  8.800075e+01
     vertex -1.096949e-01 -4.000000e+01  8.800301e+01
     vertex -1.266797e+00 -4.000000e+01  8.845235e+01
   endloop
 endfacet
 facet normal  0.000000e+00  1.000000e+00  0.000000e+00
   outer loop
     vertex  1.999577e+00 -4.000000e+01  9.004115e+01
     vertex  1.994310e+00 -4.000000e+01  9.015076e+01
     vertex  1.997695e+00 -4.000000e+01  9.009599e+01
   endloop
 endfacet
 facet normal  0.000000e+00  1.000000e+00  0.000000e+00
   outer loop
     vertex  1.999953e+00 -4.000000e+01  8.998628e+01
     vertex  1.994310e+00 -4.000000e+01  9.015076e+01
     vertex  1.999577e+00 -4.000000e+01  9.004115e+01
   endloop
 endfacet
 facet normal  0.000000e+00  1.000000e+00  0.000000e+00
   outer loop
     vertex  1.096949e-01 -4.000000e+01  8.800301e+01
     vertex  5.486810e-02 -4.000000e+01  8.800075e+01
     vertex -4.898587e-16 -4.000000e+01  8.800000e+01
   endloop
 endfacet
 facet normal  0.000000e+00  1.000000e+00  0.000000e+00
   outer loop
     vertex  1.096949e-01 -4.000000e+01  8.800301e+01
     vertex -4.898587e-16 -4.000000e+01  8.800000e+01
     vertex -5.486810e-02 -4.000000e+01  8.800075e+01
   endloop
 endfacet
 facet normal  0.000000e+00  1.000000e+00  0.000000e+00
   outer loop
     vertex  1.644391e-01 -4.000000e+01  8.800677e+01
     vertex  1.096949e-01 -4.000000e+01  8.800301e+01
     vertex -5.486810e-02 -4.000000e+01  8.800075e+01
   endloop
 endfacet
 facet normal  0.000000e+00  1.000000e+00  0.000000e+00
   outer loop
     vertex  1.992054e+00 -4.000000e+01  8.982189e+01
     vertex  1.998824e+00 -4.000000e+01  8.993142e+01
     vertex  1.996190e+00 -4.000000e+01  8.987661e+01
   endloop
 endfacet
 facet normal  0.000000e+00  1.000000e+00  0.000000e+00
   outer loop
     vertex  1.979286e+00 -4.000000e+01  8.971290e+01
     vertex  1.998824e+00 -4.000000e+01  8.993142e+01
     vertex  1.992054e+00 -4.000000e+01  8.982189e+01
   endloop
 endfacet
 facet normal  0.000000e+00  1.000000e+00  0.000000e+00
   outer loop
     vertex  1.979286e+00 -4.000000e+01  8.971290e+01
     vertex  1.992054e+00 -4.000000e+01  8.982189e+01
     vertex  1.986418e+00 -4.000000e+01  8.976731e+01
   endloop
 endfacet
 facet normal  0.000000e+00  1.000000e+00  0.000000e+00
   outer loop
     vertex  1.979286e+00 -4.000000e+01  8.971290e+01
     vertex  1.999953e+00 -4.000000e+01  8.998628e+01
     vertex  1.998824e+00 -4.000000e+01  8.993142e+01
   endloop
 endfacet
 facet normal  0.000000e+00  1.000000e+00  0.000000e+00
   outer loop
     vertex  1.970665e+00 -4.000000e+01  8.965871e+01
     vertex  1.999953e+00 -4.000000e+01  8.998628e+01
     vertex  1.979286e+00 -4.000000e+01  8.971290e+01
   endloop
 endfacet
 facet normal  0.000000e+00  1.000000e+00  0.000000e+00
   outer loop
     vertex  4.354831e-01 -4.000000e+01  8.804799e+01
     vertex  2.190595e-01 -4.000000e+01  8.801203e+01
     vertex  1.644391e-01 -4.000000e+01  8.800677e+01
   endloop
 endfacet
 facet normal  0.000000e+00  1.000000e+00  0.000000e+00
   outer loop
     vertex  4.354831e-01 -4.000000e+01  8.804799e+01
     vertex  2.735151e-01 -4.000000e+01  8.801879e+01
     vertex  2.190595e-01 -4.000000e+01  8.801203e+01
   endloop
 endfacet
 facet normal  0.000000e+00  1.000000e+00  0.000000e+00
   outer loop
     vertex  4.354831e-01 -4.000000e+01  8.804799e+01
     vertex  3.277647e-01 -4.000000e+01  8.802704e+01
     vertex  2.735151e-01 -4.000000e+01  8.801879e+01
   endloop
 endfacet
 facet normal  0.000000e+00  1.000000e+00  0.000000e+00
   outer loop
     vertex  4.354831e-01 -4.000000e+01  8.804799e+01
     vertex  3.817676e-01 -4.000000e+01  8.803677e+01
     vertex  3.277647e-01 -4.000000e+01  8.802704e+01
   endloop
 endfacet
 facet normal  0.000000e+00  1.000000e+00  0.000000e+00
   outer loop
     vertex  4.354831e-01 -4.000000e+01  8.804799e+01
     vertex -1.266797e+00 -4.000000e+01  8.845235e+01
     vertex -1.409355e+00 -4.000000e+01  9.141906e+01
   endloop
 endfacet
 facet normal  0.000000e+00  1.000000e+00  0.000000e+00
   outer loop
     vertex  4.354831e-01 -4.000000e+01  8.804799e+01
     vertex -4.086638e-01 -4.000000e+01  9.195780e+01
     vertex -3.547996e-01 -4.000000e+01  9.196828e+01
   endloop
 endfacet
 facet normal  0.000000e+00  1.000000e+00  0.000000e+00
   outer loop
     vertex  4.354831e-01 -4.000000e+01  8.804799e+01
     vertex -4.622205e-01 -4.000000e+01  9.194586e+01
     vertex -4.086638e-01 -4.000000e+01  9.195780e+01
   endloop
 endfacet
 facet normal  0.000000e+00  1.000000e+00  0.000000e+00
   outer loop
     vertex  4.354831e-01 -4.000000e+01  8.804799e+01
     vertex -6.206429e-01 -4.000000e+01  9.190126e+01
     vertex -5.682499e-01 -4.000000e+01  9.191757e+01
   endloop
 endfacet
 facet normal  0.000000e+00  1.000000e+00  0.000000e+00
   outer loop
     vertex  4.354831e-01 -4.000000e+01  8.804799e+01
     vertex -1.369894e+00 -4.000000e+01  9.145719e+01
     vertex -1.329402e+00 -4.000000e+01  9.149422e+01
   endloop
 endfacet
 facet normal  0.000000e+00  1.000000e+00  0.000000e+00
   outer loop
     vertex  4.354831e-01 -4.000000e+01  8.804799e+01
     vertex -1.409355e+00 -4.000000e+01  9.141906e+01
     vertex -1.369894e+00 -4.000000e+01  9.145719e+01
   endloop
 endfacet
 facet normal  0.000000e+00  1.000000e+00  0.000000e+00
   outer loop
     vertex  4.354831e-01 -4.000000e+01  8.804799e+01
     vertex -3.547996e-01 -4.000000e+01  9.196828e+01
     vertex -2.463105e-01 -4.000000e+01  9.198477e+01
   endloop
 endfacet
 facet normal  0.000000e+00  1.000000e+00  0.000000e+00
   outer loop
     vertex  4.354831e-01 -4.000000e+01  8.804799e+01
     vertex -1.329402e+00 -4.000000e+01  9.149422e+01
     vertex -6.206429e-01 -4.000000e+01  9.190126e+01
   endloop
 endfacet
 facet normal  0.000000e+00  1.000000e+00  0.000000e+00
   outer loop
     vertex  4.354831e-01 -4.000000e+01  8.804799e+01
     vertex -5.486810e-02 -4.000000e+01  8.800075e+01
     vertex -1.266797e+00 -4.000000e+01  8.845235e+01
   endloop
 endfacet
 facet normal  0.000000e+00  1.000000e+00  0.000000e+00
   outer loop
     vertex  4.354831e-01 -4.000000e+01  8.804799e+01
     vertex  1.644391e-01 -4.000000e+01  8.800677e+01
     vertex -5.486810e-02 -4.000000e+01  8.800075e+01
   endloop
 endfacet
 facet normal  0.000000e+00  1.000000e+00  0.000000e+00
   outer loop
     vertex  4.354831e-01 -4.000000e+01  8.804799e+01
     vertex -5.682499e-01 -4.000000e+01  9.191757e+01
     vertex -4.622205e-01 -4.000000e+01  9.194586e+01
   endloop
 endfacet
 facet normal  0.000000e+00  1.000000e+00  0.000000e+00
   outer loop
     vertex  5.418906e-01 -4.000000e+01  8.807481e+01
     vertex  4.888709e-01 -4.000000e+01  8.806067e+01
     vertex  4.354831e-01 -4.000000e+01  8.804799e+01
   endloop
 endfacet
 facet normal  0.000000e+00  1.000000e+00  0.000000e+00
   outer loop
     vertex  5.418906e-01 -4.000000e+01  8.807481e+01
     vertex  4.354831e-01 -4.000000e+01  8.804799e+01
     vertex -2.463105e-01 -4.000000e+01  9.198477e+01
   endloop
 endfacet
 facet normal  0.000000e+00  1.000000e+00  0.000000e+00
   outer loop
     vertex  6.466666e-01 -4.000000e+01  8.810743e+01
     vertex  5.945023e-01 -4.000000e+01  8.809040e+01
     vertex  5.418906e-01 -4.000000e+01  8.807481e+01
   endloop
 endfacet
 facet normal  0.000000e+00  1.000000e+00  0.000000e+00
   outer loop
     vertex  6.466666e-01 -4.000000e+01  8.810743e+01
     vertex  5.418906e-01 -4.000000e+01  8.807481e+01
     vertex -2.463105e-01 -4.000000e+01  9.198477e+01
   endloop
 endfacet
 facet normal  0.000000e+00  1.000000e+00  0.000000e+00
   outer loop
     vertex  1.888090e+00 -4.000000e+01  8.934037e+01
     vertex  1.921427e+00 -4.000000e+01  8.944492e+01
     vertex  1.905476e+00 -4.000000e+01  8.939241e+01
   endloop
 endfacet
 facet normal  0.000000e+00  1.000000e+00  0.000000e+00
   outer loop
     vertex  1.888090e+00 -4.000000e+01  8.934037e+01
     vertex  1.935932e+00 -4.000000e+01  8.949784e+01
     vertex  1.921427e+00 -4.000000e+01  8.944492e+01
   endloop
 endfacet
 facet normal  0.000000e+00  1.000000e+00  0.000000e+00
   outer loop
     vertex  1.888090e+00 -4.000000e+01  8.934037e+01
     vertex  1.948980e+00 -4.000000e+01  8.955114e+01
     vertex  1.935932e+00 -4.000000e+01  8.949784e+01
   endloop
 endfacet
 facet normal  0.000000e+00  1.000000e+00  0.000000e+00
   outer loop
     vertex  1.888090e+00 -4.000000e+01  8.934037e+01
     vertex  1.960560e+00 -4.000000e+01  8.960477e+01
     vertex  1.948980e+00 -4.000000e+01  8.955114e+01
   endloop
 endfacet
 facet normal  0.000000e+00  1.000000e+00  0.000000e+00
   outer loop
     vertex  1.888090e+00 -4.000000e+01  8.934037e+01
     vertex  1.970665e+00 -4.000000e+01  8.965871e+01
     vertex  1.960560e+00 -4.000000e+01  8.960477e+01
   endloop
 endfacet
 facet normal  0.000000e+00  1.000000e+00  0.000000e+00
   outer loop
     vertex  1.869283e+00 -4.000000e+01  8.928882e+01
     vertex  1.970665e+00 -4.000000e+01  8.965871e+01
     vertex  1.888090e+00 -4.000000e+01  8.934037e+01
   endloop
 endfacet
 facet normal  0.000000e+00  1.000000e+00  0.000000e+00
   outer loop
     vertex  1.869283e+00 -4.000000e+01  8.928882e+01
     vertex  1.983039e+00 -4.000000e+01  9.025992e+01
     vertex  1.994310e+00 -4.000000e+01  9.015076e+01
   endloop
 endfacet
 facet normal  0.000000e+00  1.000000e+00  0.000000e+00
   outer loop
     vertex  1.869283e+00 -4.000000e+01  8.928882e+01
     vertex  1.994310e+00 -4.000000e+01  9.015076e+01
     vertex  1.999953e+00 -4.000000e+01  8.998628e+01
   endloop
 endfacet
 facet normal  0.000000e+00  1.000000e+00  0.000000e+00
   outer loop
     vertex  1.869283e+00 -4.000000e+01  8.928882e+01
     vertex  1.999953e+00 -4.000000e+01  8.998628e+01
     vertex  1.970665e+00 -4.000000e+01  8.965871e+01
   endloop
 endfacet
 facet normal  0.000000e+00  1.000000e+00  0.000000e+00
   outer loop
     vertex  7.494958e-01 -4.000000e+01  8.814575e+01
     vertex  6.983441e-01 -4.000000e+01  8.812588e+01
     vertex  6.466666e-01 -4.000000e+01  8.810743e+01
   endloop
 endfacet
 facet normal  0.000000e+00  1.000000e+00  0.000000e+00
   outer loop
     vertex  1.827463e+00 -4.000000e+01  8.918736e+01
     vertex  1.869283e+00 -4.000000e+01  8.928882e+01
     vertex  1.849069e+00 -4.000000e+01  8.923780e+01
   endloop
 endfacet
 facet normal  0.000000e+00  1.000000e+00  0.000000e+00
   outer loop
     vertex  8.500687e-01 -4.000000e+01  8.818965e+01
     vertex  7.494958e-01 -4.000000e+01  8.814575e+01
     vertex  6.466666e-01 -4.000000e+01  8.810743e+01
   endloop
 endfacet
 facet normal  0.000000e+00  1.000000e+00  0.000000e+00
   outer loop
     vertex  8.500687e-01 -4.000000e+01  8.818965e+01
     vertex  8.000834e-01 -4.000000e+01  8.816701e+01
     vertex  7.494958e-01 -4.000000e+01  8.814575e+01
   endloop
 endfacet
 facet normal  0.000000e+00  1.000000e+00  0.000000e+00
   outer loop
     vertex  1.780141e+00 -4.000000e+01  8.908835e+01
     vertex  1.869283e+00 -4.000000e+01  8.928882e+01
     vertex  1.827463e+00 -4.000000e+01  8.918736e+01
   endloop
 endfacet
 facet normal  0.000000e+00  1.000000e+00  0.000000e+00
   outer loop
     vertex  1.780141e+00 -4.000000e+01  8.908835e+01
     vertex  1.827463e+00 -4.000000e+01  8.918736e+01
     vertex  1.804481e+00 -4.000000e+01  8.913753e+01
   endloop
 endfacet
 facet normal  0.000000e+00  1.000000e+00  0.000000e+00
   outer loop
     vertex  9.480825e-01 -4.000000e+01  8.823899e+01
     vertex  8.994141e-01 -4.000000e+01  8.821365e+01
     vertex  8.500687e-01 -4.000000e+01  8.818965e+01
   endloop
 endfacet
 facet normal  0.000000e+00  1.000000e+00  0.000000e+00
   outer loop
     vertex  9.480825e-01 -4.000000e+01  8.823899e+01
     vertex  8.500687e-01 -4.000000e+01  8.818965e+01
     vertex  6.466666e-01 -4.000000e+01  8.810743e+01
   endloop
 endfacet
 facet normal  0.000000e+00  1.000000e+00  0.000000e+00
   outer loop
     vertex  1.754461e+00 -4.000000e+01  8.903986e+01
     vertex  1.869283e+00 -4.000000e+01  8.928882e+01
     vertex  1.780141e+00 -4.000000e+01  8.908835e+01
   endloop
 endfacet
 facet normal  0.000000e+00  1.000000e+00  0.000000e+00
   outer loop
     vertex  9.960371e-01 -4.000000e+01  8.826567e+01
     vertex  9.480825e-01 -4.000000e+01  8.823899e+01
     vertex  6.466666e-01 -4.000000e+01  8.810743e+01
   endloop
 endfacet
 facet normal  0.000000e+00  1.000000e+00  0.000000e+00
   outer loop
     vertex  1.089662e+00 -4.000000e+01  8.832291e+01
     vertex  1.043242e+00 -4.000000e+01  8.829365e+01
     vertex  9.960371e-01 -4.000000e+01  8.826567e+01
   endloop
 endfacet
 facet normal  0.000000e+00  1.000000e+00  0.000000e+00
   outer loop
     vertex  1.669578e+00 -4.000000e+01  8.889886e+01
     vertex  1.727460e+00 -4.000000e+01  8.899209e+01
     vertex  1.699159e+00 -4.000000e+01  8.894508e+01
   endloop
 endfacet
 facet normal  0.000000e+00  1.000000e+00  0.000000e+00
   outer loop
     vertex  1.669578e+00 -4.000000e+01  8.889886e+01
     vertex  1.754461e+00 -4.000000e+01  8.903986e+01
     vertex  1.727460e+00 -4.000000e+01  8.899209e+01
   endloop
 endfacet
 facet normal  0.000000e+00  1.000000e+00  0.000000e+00
   outer loop
     vertex  1.638741e+00 -4.000000e+01  8.885347e+01
     vertex  1.869283e+00 -4.000000e+01  8.928882e+01
     vertex  1.754461e+00 -4.000000e+01  8.903986e+01
   endloop
 endfacet
 facet normal  0.000000e+00  1.000000e+00  0.000000e+00
   outer loop
     vertex  1.638741e+00 -4.000000e+01  8.885347e+01
     vertex  1.754461e+00 -4.000000e+01  8.903986e+01
     vertex  1.669578e+00 -4.000000e+01  8.889886e+01
   endloop
 endfacet
 facet normal  0.000000e+00  1.000000e+00  0.000000e+00
   outer loop
     vertex  1.223862e+00 -4.000000e+01  8.841818e+01
     vertex  1.135261e+00 -4.000000e+01  8.835343e+01
     vertex  1.089662e+00 -4.000000e+01  8.832291e+01
   endloop
 endfacet
 facet normal  0.000000e+00  1.000000e+00  0.000000e+00
   outer loop
     vertex  1.223862e+00 -4.000000e+01  8.841818e+01
     vertex  1.180006e+00 -4.000000e+01  8.838520e+01
     vertex  1.135261e+00 -4.000000e+01  8.835343e+01
   endloop
 endfacet
 facet normal  0.000000e+00  1.000000e+00  0.000000e+00
   outer loop
     vertex  1.223862e+00 -4.000000e+01  8.841818e+01
     vertex  1.089662e+00 -4.000000e+01  8.832291e+01
     vertex  9.960371e-01 -4.000000e+01  8.826567e+01
   endloop
 endfacet
 facet normal  0.000000e+00  1.000000e+00  0.000000e+00
   outer loop
     vertex  1.573390e+00 -4.000000e+01  8.876532e+01
     vertex  1.638741e+00 -4.000000e+01  8.885347e+01
     vertex  1.606670e+00 -4.000000e+01  8.880895e+01
   endloop
 endfacet
 facet normal  0.000000e+00  1.000000e+00  0.000000e+00
   outer loop
     vertex  1.538926e+00 -4.000000e+01  8.872262e+01
     vertex  1.638741e+00 -4.000000e+01  8.885347e+01
     vertex  1.573390e+00 -4.000000e+01  8.876532e+01
   endloop
 endfacet
 facet normal  0.000000e+00  1.000000e+00  0.000000e+00
   outer loop
     vertex  1.308779e+00 -4.000000e+01  8.848768e+01
     vertex  1.266797e+00 -4.000000e+01  8.845235e+01
     vertex  1.223862e+00 -4.000000e+01  8.841818e+01
   endloop
 endfacet
 facet normal  0.000000e+00  1.000000e+00  0.000000e+00
   outer loop
     vertex  1.308779e+00 -4.000000e+01  8.848768e+01
     vertex  1.223862e+00 -4.000000e+01  8.841818e+01
     vertex  9.960371e-01 -4.000000e+01  8.826567e+01
   endloop
 endfacet
 facet normal  0.000000e+00  1.000000e+00  0.000000e+00
   outer loop
     vertex  1.503303e+00 -4.000000e+01  8.868088e+01
     vertex  1.638741e+00 -4.000000e+01  8.885347e+01
     vertex  1.538926e+00 -4.000000e+01  8.872262e+01
   endloop
 endfacet
 facet normal  0.000000e+00  1.000000e+00  0.000000e+00
   outer loop
     vertex  1.349775e+00 -4.000000e+01  8.852416e+01
     vertex  1.308779e+00 -4.000000e+01  8.848768e+01
     vertex  9.960371e-01 -4.000000e+01  8.826567e+01
   endloop
 endfacet
 facet normal  0.000000e+00  1.000000e+00  0.000000e+00
   outer loop
     vertex  1.466548e+00 -4.000000e+01  8.864013e+01
     vertex  1.638741e+00 -4.000000e+01  8.885347e+01
     vertex  1.503303e+00 -4.000000e+01  8.868088e+01
   endloop
 endfacet
 facet normal  0.000000e+00  1.000000e+00  0.000000e+00
   outer loop
     vertex  1.389755e+00 -4.000000e+01  8.856174e+01
     vertex  1.349775e+00 -4.000000e+01  8.852416e+01
     vertex  9.960371e-01 -4.000000e+01  8.826567e+01
   endloop
 endfacet
 facet normal  0.000000e+00  1.000000e+00  0.000000e+00
   outer loop
     vertex  1.428689e+00 -4.000000e+01  8.860041e+01
     vertex  1.983039e+00 -4.000000e+01  9.025992e+01
     vertex  1.869283e+00 -4.000000e+01  8.928882e+01
   endloop
 endfacet
 facet normal  0.000000e+00  1.000000e+00 -0.000000e+00
   outer loop
     vertex  1.428689e+00 -4.000000e+01  8.860041e+01
     vertex  3.006682e-01 -4.000000e+01  9.197727e+01
     vertex  1.896961e+00 -4.000000e+01  9.063367e+01
   endloop
 endfacet
 facet normal  0.000000e+00  1.000000e+00  0.000000e+00
   outer loop
     vertex  1.428689e+00 -4.000000e+01  8.860041e+01
     vertex  6.466666e-01 -4.000000e+01  8.810743e+01
     vertex -2.463105e-01 -4.000000e+01  9.198477e+01
   endloop
 endfacet
 facet normal  0.000000e+00  1.000000e+00  0.000000e+00
   outer loop
     vertex  1.428689e+00 -4.000000e+01  8.860041e+01
     vertex -2.463105e-01 -4.000000e+01  9.198477e+01
     vertex -1.370799e-01 -4.000000e+01  9.199530e+01
   endloop
 endfacet
 facet normal  0.000000e+00  1.000000e+00  0.000000e+00
   outer loop
     vertex  1.428689e+00 -4.000000e+01  8.860041e+01
     vertex -1.370799e-01 -4.000000e+01  9.199530e+01
     vertex  3.006682e-01 -4.000000e+01  9.197727e+01
   endloop
 endfacet
 facet normal  0.000000e+00  1.000000e+00  0.000000e+00
   outer loop
     vertex  1.428689e+00 -4.000000e+01  8.860041e+01
     vertex  1.896961e+00 -4.000000e+01  9.063367e+01
     vertex  1.983039e+00 -4.000000e+01  9.025992e+01
   endloop
 endfacet
 facet normal  0.000000e+00  1.000000e+00  0.000000e+00
   outer loop
     vertex  1.428689e+00 -4.000000e+01  8.860041e+01
     vertex  1.638741e+00 -4.000000e+01  8.885347e+01
     vertex  1.466548e+00 -4.000000e+01  8.864013e+01
   endloop
 endfacet
 facet normal  0.000000e+00  1.000000e+00  0.000000e+00
   outer loop
     vertex  1.428689e+00 -4.000000e+01  8.860041e+01
     vertex  9.960371e-01 -4.000000e+01  8.826567e+01
     vertex  6.466666e-01 -4.000000e+01  8.810743e+01
   endloop
 endfacet
 facet normal  0.000000e+00  1.000000e+00  0.000000e+00
   outer loop
     vertex  1.428689e+00 -4.000000e+01  8.860041e+01
     vertex  1.869283e+00 -4.000000e+01  8.928882e+01
     vertex  1.638741e+00 -4.000000e+01  8.885347e+01
   endloop
 endfacet
 facet normal  0.000000e+00  1.000000e+00  0.000000e+00
   outer loop
     vertex  1.428689e+00 -4.000000e+01  8.860041e+01
     vertex  1.389755e+00 -4.000000e+01  8.856174e+01
     vertex  9.960371e-01 -4.000000e+01  8.826567e+01
   endloop
 endfacet
endsolid
